single_accuracy,single_f1,num_labels
0.9861938692216673,0.9861885336536218,5
