SrcLoss,SynAck,Loss,sMeanPktSz,Max,AckDat,PCRatio,SrcLoad,DstLoad,TotBytes,TcpOpt_MwsS  T,DstBytes,DstPkts,State_FA_FA,TcpRtt,SrcWin,IdleTime,dTtl,State__SA,DstRetra,StdDev,State_FPA_FPA,State_S_SA,sTtl,Flgs_ e s      ,SrcRate,Cause_Status,SrcPkts,DstLoss,State_A_PA,Rate,DstWin,TotPkts,State_PA_PA,pRetran,pLoss,SrcGap,Dur,DstGap,State__PA,Load,Min,SrcBytes,State_A_A,dMeanPktSz,State__A,Flgs_ e *      ,Sum,Mean,Flgs_ e d      ,Flgs_ e g      ,State_SPA_SPA,DstRate,SrcRetra,label
0.0,0.001097,0.0,107.444443,0.125346,0.060849,-0.0,54888.066406,582005.0,10997.0,0.0,10030.0,11.0,0.0,0.061946,64128.0,1721542400.0,64.0,0.0,0.0,0.0,0.0,0.0,62.0,0.0,63.823334,0.0,9.0,0.0,0.0,151.580414,31872.0,20.0,0.0,0.0,0.0,0.0,0.125346,0.0,0.0,636893.0625,0.125346,967.0,0.0,911.818176,0.0,0.0,0.125346,0.125346,0.0,0.0,0.0,79.779167,0.0,HTTP
0.0,0.000496,0.0,123.0,0.140871,0.060246,-0.0,34925.570312,210291.6875,5058.0,0.0,4320.0,7.0,0.0,0.060742,64128.0,1721542400.0,64.0,0.0,0.0,0.0,0.0,0.0,62.0,0.0,35.493465,0.0,6.0,0.0,0.0,85.184319,31872.0,13.0,0.0,0.0,0.0,0.0,0.140871,0.0,0.0,245217.25,0.140871,738.0,0.0,617.142883,0.0,0.0,0.140871,0.140871,0.0,0.0,0.0,42.592159,0.0,HTTP
0.0,0.000496,0.0,113.714287,0.124402,0.060246,-0.0,43922.121094,286297.65625,5884.0,0.0,5088.0,8.0,0.0,0.060742,64128.0,1721542400.0,64.0,0.0,0.0,0.0,0.0,0.0,62.0,0.0,48.230736,0.0,7.0,0.0,0.0,112.538383,31872.0,15.0,0.0,0.0,0.0,0.0,0.124402,0.0,0.0,330219.78125,0.124402,796.0,0.0,636.0,0.0,0.0,0.124402,0.124402,0.0,0.0,0.0,56.269192,0.0,HTTP
0.0,0.000993,0.0,114.428574,0.140871,0.060265,-0.0,39014.417969,315465.90625,7149.0,0.0,6348.0,8.0,0.0,0.061258,61568.0,1721542400.0,64.0,0.0,0.0,0.0,0.0,0.0,62.0,0.0,42.592159,0.0,7.0,0.0,0.0,99.381699,31872.0,15.0,0.0,0.0,0.0,0.0,0.140871,0.0,0.0,354480.34375,0.140871,801.0,0.0,793.5,0.0,0.0,0.140871,0.140871,0.0,0.0,0.0,49.690849,0.0,HTTP
0.0,0.000497,0.0,103.666664,0.140375,0.060265,-0.0,47301.867188,384911.84375,8531.0,0.0,7598.0,9.0,0.0,0.060762,60672.0,1721542400.0,64.0,0.0,0.0,0.0,0.0,0.0,62.0,0.0,56.990204,0.0,9.0,0.0,0.0,121.104179,31872.0,18.0,0.0,0.0,0.0,0.0,0.140375,0.0,0.0,432213.71875,0.140375,933.0,0.0,844.222229,0.0,0.0,0.140375,0.140375,0.0,0.0,0.0,56.990204,0.0,HTTP
0.0,0.000497,0.0,115.428574,0.140863,0.060752,-0.0,39357.390625,339336.8125,7529.0,0.0,6721.0,9.0,0.0,0.061249,60672.0,1721542400.0,64.0,0.0,0.0,0.0,0.0,0.0,62.0,0.0,42.594578,0.0,7.0,0.0,0.0,106.486443,31872.0,16.0,0.0,0.0,0.0,0.0,0.140863,0.0,0.0,378694.1875,0.140863,808.0,0.0,746.777771,0.0,0.0,0.140863,0.140863,0.0,0.0,0.0,56.79277,0.0,HTTP
0.0,0.001392,0.0,121.833336,0.154499,0.059857,-0.0,31585.966797,207224.65625,5399.0,0.0,4668.0,7.0,0.0,0.061249,63488.0,1721542400.0,64.0,0.0,0.0,0.0,0.0,0.0,62.0,0.0,32.362671,0.0,6.0,0.0,0.0,77.67041,31872.0,13.0,0.0,0.0,0.0,0.0,0.154499,0.0,0.0,238810.609375,0.154499,731.0,0.0,666.857117,0.0,0.0,0.154499,0.154499,0.0,0.0,0.0,38.835205,0.0,HTTP
0.0,0.001472,0.0,114.571426,0.124237,0.059769,-0.0,44302.421875,452876.34375,8714.0,0.0,7912.0,9.0,0.0,0.061241,61568.0,1721542400.0,64.0,0.0,0.0,0.0,0.0,0.0,62.0,0.0,48.294792,0.0,7.0,0.0,0.0,120.736977,31872.0,16.0,0.0,0.0,0.0,0.0,0.124237,0.0,0.0,497178.78125,0.124237,802.0,0.0,879.111084,0.0,0.0,0.124237,0.124237,0.0,0.0,0.0,64.393051,0.0,HTTP
0.0,0.000993,0.0,114.14286,0.123745,0.059085,-0.0,44284.617188,391126.90625,7605.0,0.0,6806.0,9.0,0.0,0.060078,61568.0,1721542400.0,64.0,0.0,0.0,0.0,0.0,0.0,62.0,0.0,48.486805,0.0,7.0,0.0,0.0,121.217018,31872.0,16.0,0.0,0.0,0.0,0.0,0.123745,0.0,0.0,435411.53125,0.123745,799.0,0.0,756.222229,0.0,0.0,0.123745,0.123745,0.0,0.0,0.0,64.649078,0.0,HTTP
0.0,0.000997,0.0,122.833336,0.122241,0.058576,-0.0,40248.363281,258309.40625,5341.0,0.0,4604.0,7.0,0.0,0.059573,62592.0,1721542400.0,64.0,0.0,0.0,0.0,0.0,0.0,62.0,0.0,40.902809,0.0,6.0,0.0,0.0,98.16674,31872.0,13.0,0.0,0.0,0.0,0.0,0.122241,0.0,0.0,298557.78125,0.122241,737.0,0.0,657.714294,0.0,0.0,0.122241,0.122241,0.0,0.0,0.0,49.08337,0.0,HTTP
0.0,0.000999,0.0,114.571426,0.125546,0.061111,-0.0,43840.507812,317206.46875,6491.0,0.0,5689.0,8.0,0.0,0.06211,63488.0,1721542400.0,64.0,0.0,0.0,0.0,0.0,0.0,62.0,0.0,47.791252,0.0,7.0,0.0,0.0,111.512917,31872.0,15.0,0.0,0.0,0.0,0.0,0.125546,0.0,0.0,361046.96875,0.125546,802.0,0.0,711.125,0.0,0.0,0.125546,0.125546,0.0,0.0,0.0,55.756458,0.0,HTTP
0.0,0.000502,0.0,114.428574,0.125049,0.061111,-0.0,43950.773438,317955.375,6480.0,0.0,5679.0,8.0,0.0,0.061613,61568.0,1721542400.0,64.0,0.0,0.0,0.0,0.0,0.0,62.0,0.0,47.981194,0.0,7.0,0.0,0.0,111.956116,31872.0,15.0,0.0,0.0,0.0,0.0,0.125049,0.0,0.0,361906.15625,0.125049,801.0,0.0,709.875,0.0,0.0,0.125049,0.125049,0.0,0.0,0.0,55.978058,0.0,HTTP
0.0,0.000746,0.0,117.285713,0.13786,0.059719,-0.0,40853.039062,237632.375,5598.0,0.0,4777.0,7.0,0.0,0.060465,62592.0,1721542400.0,64.0,0.0,0.0,0.0,0.0,0.0,62.0,0.0,43.522415,0.0,7.0,0.0,0.0,94.298561,31872.0,14.0,0.0,0.0,0.0,0.0,0.13786,0.0,0.0,278485.40625,0.13786,821.0,0.0,682.428589,0.0,0.0,0.13786,0.13786,0.0,0.0,0.0,43.522415,0.0,HTTP
0.0,0.000994,0.0,122.833336,0.123566,0.060179,-0.0,39816.777344,208989.53125,4503.0,0.0,3766.0,7.0,0.0,0.061173,62592.0,1721542400.0,64.0,0.0,0.0,0.0,0.0,0.0,62.0,0.0,40.464207,0.0,6.0,0.0,0.0,97.11409,31872.0,13.0,0.0,0.0,0.0,0.0,0.123566,0.0,0.0,248806.296875,0.123566,737.0,0.0,538.0,0.0,0.0,0.123566,0.123566,0.0,0.0,0.0,48.557045,0.0,HTTP
0.0,0.00149,0.0,108.375,0.124542,0.058989,-0.0,48754.636719,310899.125,6398.0,0.0,5531.0,8.0,0.0,0.060479,64128.0,1721542400.0,64.0,0.0,0.0,0.0,0.0,0.0,62.0,0.0,56.20594,0.0,8.0,0.0,0.0,120.441299,31872.0,16.0,0.0,0.0,0.0,0.0,0.124542,0.0,0.0,359653.78125,0.124542,867.0,0.0,691.375,0.0,0.0,0.124542,0.124542,0.0,0.0,0.0,56.20594,0.0,HTTP
0.0,0.00149,0.0,114.714287,0.124053,0.058989,-0.0,44432.621094,297356.78125,6072.0,0.0,5269.0,8.0,0.0,0.060479,61568.0,1721542400.0,64.0,0.0,0.0,0.0,0.0,0.0,62.0,0.0,48.366425,0.0,7.0,0.0,0.0,112.854988,31872.0,15.0,0.0,0.0,0.0,0.0,0.124053,0.0,0.0,341789.40625,0.124053,803.0,0.0,658.625,0.0,0.0,0.124053,0.124053,0.0,0.0,0.0,56.427494,0.0,HTTP
0.0,0.0,0.0,114.85714,0.123025,0.059425,-0.0,44868.929688,402129.65625,7761.0,0.0,6957.0,9.0,0.0,0.059425,60672.0,1721542400.0,64.0,0.0,0.0,0.0,0.0,0.0,62.0,0.0,48.770576,0.0,7.0,0.0,0.0,121.926437,31872.0,16.0,0.0,0.0,0.0,0.0,0.123025,0.0,0.0,446998.5625,0.123025,804.0,0.0,773.0,0.0,0.0,0.123025,0.123025,0.0,0.0,0.0,65.027435,0.0,HTTP
0.0,0.0,0.0,123.666664,0.123025,0.059425,-0.0,40251.980469,237805.328125,5008.0,0.0,4266.0,7.0,0.0,0.059425,62592.0,1721542400.0,64.0,0.0,0.0,0.0,0.0,0.0,62.0,0.0,40.642147,0.0,6.0,0.0,0.0,97.541153,31872.0,13.0,0.0,0.0,0.0,0.0,0.123025,0.0,0.0,278057.3125,0.123025,742.0,0.0,609.428589,0.0,0.0,0.123025,0.123025,0.0,0.0,0.0,48.770576,0.0,HTTP
0.0,0.001005,0.0,115.14286,0.12408,0.060426,-0.0,44551.902344,431205.65625,8329.0,0.0,7523.0,9.0,0.0,0.061431,60416.0,1721542400.0,64.0,0.0,0.0,0.0,0.0,0.0,62.0,0.0,48.3559,0.0,7.0,0.0,0.0,120.889748,31872.0,16.0,0.0,0.0,0.0,0.0,0.12408,0.0,0.0,475757.5625,0.12408,806.0,0.0,835.888916,0.0,0.0,0.12408,0.12408,0.0,0.0,0.0,64.474533,0.0,HTTP
0.0,0.001005,0.0,122.333336,0.124444,0.059738,-0.0,39342.996094,272315.25,5675.0,0.0,4941.0,7.0,0.0,0.060743,62592.0,1721542400.0,64.0,0.0,0.0,0.0,0.0,0.0,62.0,0.0,40.178715,0.0,6.0,0.0,0.0,96.428917,31872.0,13.0,0.0,0.0,0.0,0.0,0.124444,0.0,0.0,311658.25,0.124444,734.0,0.0,705.857117,0.0,0.0,0.124444,0.124444,0.0,0.0,0.0,48.214458,0.0,HTTP
0.0,0.000992,0.0,122.333336,0.12393,0.058751,-0.0,39506.171875,133301.0625,3212.0,0.0,2478.0,6.0,0.0,0.059743,64128.0,1721542400.0,64.0,0.0,0.0,0.0,0.0,0.0,62.0,0.0,40.345356,0.0,6.0,0.0,0.0,88.759781,31872.0,12.0,0.0,0.0,0.0,0.0,0.12393,0.0,0.0,172807.234375,0.12393,734.0,0.0,413.0,0.0,0.0,0.12393,0.12393,0.0,0.0,0.0,40.345356,0.0,HTTP
0.0,0.000987,0.0,114.85714,0.123427,0.058253,-0.0,44722.789062,345661.8125,6898.0,0.0,6094.0,8.0,0.0,0.05924,64128.0,1721542400.0,64.0,0.0,0.0,0.0,0.0,0.0,62.0,0.0,48.611729,0.0,7.0,0.0,0.0,113.427368,31872.0,15.0,0.0,0.0,0.0,0.0,0.123427,0.0,0.0,390384.59375,0.123427,804.0,0.0,761.75,0.0,0.0,0.123427,0.123427,0.0,0.0,0.0,56.713684,0.0,HTTP
0.0,0.000998,0.0,122.833336,0.124637,0.059329,-0.0,39474.632812,227412.40625,4870.0,0.0,4133.0,7.0,0.0,0.060327,63488.0,1721542400.0,64.0,0.0,0.0,0.0,0.0,0.0,62.0,0.0,40.116497,0.0,6.0,0.0,0.0,96.279594,31872.0,13.0,0.0,0.0,0.0,0.0,0.124637,0.0,0.0,266887.03125,0.124637,737.0,0.0,590.428589,0.0,0.0,0.124637,0.124637,0.0,0.0,0.0,48.139797,0.0,HTTP
0.0,0.000488,0.0,107.875,0.12512,0.059824,-0.0,48337.597656,361381.0625,7322.0,0.0,6459.0,8.0,0.0,0.060312,63488.0,1721542400.0,64.0,0.0,0.0,0.0,0.0,0.0,62.0,0.0,55.946293,0.0,8.0,0.0,0.0,119.884911,31872.0,16.0,0.0,0.0,0.0,0.0,0.12512,0.0,0.0,409718.6875,0.12512,863.0,0.0,807.375,0.0,0.0,0.12512,0.12512,0.0,0.0,0.0,55.946293,0.0,HTTP
0.0,0.000509,0.0,114.428574,0.124461,0.060213,-0.0,44158.410156,295096.4375,6047.0,0.0,5246.0,8.0,0.0,0.060722,64128.0,1721542400.0,64.0,0.0,0.0,0.0,0.0,0.0,62.0,0.0,48.20787,0.0,7.0,0.0,0.0,112.485031,31872.0,15.0,0.0,0.0,0.0,0.0,0.124461,0.0,0.0,339254.875,0.124461,801.0,0.0,655.75,0.0,0.0,0.124461,0.124461,0.0,0.0,0.0,56.242516,0.0,HTTP
0.0,0.001517,0.0,123.5,0.124017,0.060723,-0.0,39865.503906,93987.117188,2562.0,0.0,1821.0,5.0,0.0,0.06224,64128.0,1721542400.0,64.0,0.0,0.0,0.0,0.0,0.0,62.0,0.0,40.317055,0.0,6.0,0.0,0.0,80.634109,31872.0,11.0,0.0,0.0,0.0,0.0,0.124017,0.0,0.0,133852.609375,0.124017,741.0,0.0,364.200012,0.0,0.0,0.124017,0.124017,0.0,0.0,0.0,32.253643,0.0,HTTP
0.0,0.001004,0.0,123.0,0.123368,0.05922,-0.0,39880.679688,203359.046875,4396.0,0.0,3658.0,7.0,0.0,0.060224,62592.0,1721542400.0,64.0,0.0,0.0,0.0,0.0,0.0,62.0,0.0,40.529148,0.0,6.0,0.0,0.0,97.269951,31872.0,13.0,0.0,0.0,0.0,0.0,0.123368,0.0,0.0,243239.734375,0.123368,738.0,0.0,522.571411,0.0,0.0,0.123368,0.123368,0.0,0.0,0.0,48.634975,0.0,HTTP
0.0,0.001004,0.0,122.333336,0.124006,0.059716,-0.0,39481.960938,239601.296875,5067.0,0.0,4333.0,7.0,0.0,0.06072,62592.0,1721542400.0,64.0,0.0,0.0,0.0,0.0,0.0,62.0,0.0,40.320629,0.0,6.0,0.0,0.0,96.769508,31872.0,13.0,0.0,0.0,0.0,0.0,0.124006,0.0,0.0,279083.25,0.124006,734.0,0.0,619.0,0.0,0.0,0.124006,0.124006,0.0,0.0,0.0,48.384754,0.0,HTTP
0.0,0.001013,0.0,115.0,0.125174,0.059694,-0.0,44098.613281,374710.40625,7400.0,0.0,6595.0,9.0,0.0,0.060707,60672.0,1721542400.0,64.0,0.0,0.0,0.0,0.0,0.0,62.0,0.0,47.933277,0.0,7.0,0.0,0.0,119.833191,31872.0,16.0,0.0,0.0,0.0,0.0,0.125174,0.0,0.0,418809.0,0.125174,805.0,0.0,732.777771,0.0,0.0,0.125174,0.125174,0.0,0.0,0.0,63.911034,0.0,HTTP
0.0,0.000496,0.0,121.666664,0.123658,0.059198,-0.0,39398.988281,70128.90625,2085.0,0.0,1355.0,5.0,0.0,0.059694,64128.0,1721542400.0,64.0,0.0,0.0,0.0,0.0,0.0,62.0,0.0,40.434101,0.0,6.0,0.0,0.0,80.868202,31872.0,11.0,0.0,0.0,0.0,0.0,0.123658,0.0,0.0,109527.890625,0.123658,730.0,0.0,271.0,0.0,0.0,0.123658,0.123658,0.0,0.0,0.0,32.347279,0.0,HTTP
0.0,0.000718,0.0,123.666664,0.123968,0.060397,-0.0,39945.792969,94411.460938,2570.0,0.0,1828.0,5.0,0.0,0.061115,64128.0,1721542400.0,64.0,0.0,0.0,0.0,0.0,0.0,62.0,0.0,40.332989,0.0,6.0,0.0,0.0,80.665977,31872.0,11.0,0.0,0.0,0.0,0.0,0.123968,0.0,0.0,134357.25,0.123968,742.0,0.0,365.600006,0.0,0.0,0.123968,0.123968,0.0,0.0,0.0,32.266392,0.0,HTTP
0.0,0.000993,0.0,115.0,0.11151,0.060566,-0.0,49502.285156,268962.4375,5178.0,0.0,4373.0,7.0,0.0,0.061559,62592.0,1721542400.0,64.0,0.0,0.0,0.0,0.0,0.0,62.0,0.0,53.806831,0.0,7.0,0.0,0.0,116.581474,31872.0,14.0,0.0,0.0,0.0,0.0,0.11151,0.0,0.0,318464.71875,0.11151,805.0,0.0,624.714294,0.0,0.0,0.11151,0.11151,0.0,0.0,0.0,53.806831,0.0,HTTP
0.0,0.001503,0.0,114.714287,0.124923,0.060775,-0.0,44123.179688,222280.921875,4852.0,0.0,4049.0,7.0,0.0,0.062278,62592.0,1721542400.0,64.0,0.0,0.0,0.0,0.0,0.0,62.0,0.0,48.029587,0.0,7.0,0.0,0.0,104.064102,31872.0,14.0,0.0,0.0,0.0,0.0,0.124923,0.0,0.0,266404.09375,0.124923,803.0,0.0,578.428589,0.0,0.0,0.124923,0.124923,0.0,0.0,0.0,48.029587,0.0,HTTP
0.0,0.0,0.0,132.199997,0.123319,0.059935,-0.0,34317.5,44567.339844,1519.0,0.0,858.0,5.0,0.0,0.059935,64128.0,1721542400.0,64.0,0.0,0.0,0.0,0.0,0.0,62.0,0.0,32.436203,0.0,5.0,0.0,0.0,72.981453,31872.0,10.0,0.0,0.0,0.0,0.0,0.123319,0.0,0.0,78884.84375,0.123319,661.0,0.0,171.600006,0.0,0.0,0.123319,0.123319,0.0,0.0,0.0,32.436203,0.0,HTTP
0.0,0.000504,0.0,130.333328,0.124231,0.061174,-0.0,41986.296875,144247.40625,3469.0,0.0,2687.0,6.0,0.0,0.061678,64128.0,1721542400.0,64.0,0.0,0.0,0.0,0.0,0.0,62.0,0.0,40.247601,0.0,6.0,0.0,0.0,88.544724,31872.0,12.0,0.0,0.0,0.0,0.0,0.124231,0.0,0.0,186233.703125,0.124231,782.0,0.0,447.833344,0.0,0.0,0.124231,0.124231,0.0,0.0,0.0,40.247601,0.0,HTTP
0.0,0.000506,0.0,86.666664,0.185847,0.06047,-0.0,63450.042969,904658.125,23743.0,0.0,22183.0,19.0,0.0,0.060976,70912.0,1721542400.0,64.0,0.0,0.0,0.0,0.0,0.0,62.0,0.0,91.473091,0.0,18.0,0.0,0.0,193.707733,31872.0,37.0,0.0,0.0,0.0,0.0,0.185847,0.0,0.0,968108.1875,0.185847,1560.0,0.0,1167.526367,0.0,0.0,0.185847,0.185847,0.0,0.0,0.0,96.853867,0.0,HTTP
0.0,0.000488,0.0,110.25,0.125458,0.059982,-0.0,49227.628906,483986.65625,9315.0,0.0,8433.0,10.0,0.0,0.06047,60160.0,1721542400.0,64.0,0.0,0.0,0.0,0.0,0.0,62.0,0.0,55.795563,0.0,8.0,0.0,0.0,135.50351,31872.0,18.0,0.0,0.0,0.0,0.0,0.125458,0.0,0.0,533214.3125,0.125458,882.0,0.0,843.299988,0.0,0.0,0.125458,0.125458,0.0,0.0,0.0,71.737152,0.0,HTTP
0.0,0.000488,0.0,94.333336,0.153707,0.060472,-0.0,54024.867188,717052.5625,15968.0,0.0,14836.0,14.0,0.0,0.06096,56832.0,1721542400.0,64.0,0.0,0.0,0.0,0.0,0.0,62.0,0.0,71.564728,0.0,12.0,0.0,0.0,162.64711,31872.0,26.0,0.0,0.0,0.0,0.0,0.153707,0.0,0.0,771077.4375,0.153707,1132.0,0.0,1059.714233,0.0,0.0,0.153707,0.153707,0.0,0.0,0.0,84.5765,0.0,HTTP
0.0,0.000501,0.0,114.428574,0.142241,0.060927,-0.0,38638.648438,188300.140625,4706.0,0.0,3905.0,7.0,0.0,0.061428,62592.0,1721542400.0,64.0,0.0,0.0,0.0,0.0,0.0,62.0,0.0,42.181931,0.0,7.0,0.0,0.0,91.39418,31872.0,14.0,0.0,0.0,0.0,0.0,0.142241,0.0,0.0,226938.78125,0.142241,801.0,0.0,557.857117,0.0,0.0,0.142241,0.142241,0.0,0.0,0.0,42.181931,0.0,HTTP
0.0,0.000501,0.0,122.666664,0.155953,0.061411,-0.0,31496.667969,54990.925781,2075.0,0.0,1339.0,5.0,0.0,0.061912,64128.0,1721542400.0,64.0,0.0,0.0,0.0,0.0,0.0,62.0,0.0,32.06094,0.0,6.0,0.0,0.0,64.12188,31872.0,11.0,0.0,0.0,0.0,0.0,0.155953,0.0,0.0,86487.59375,0.155953,736.0,0.0,267.799988,0.0,0.0,0.155953,0.155953,0.0,0.0,0.0,25.648752,0.0,HTTP
0.0,0.000501,0.0,100.199997,0.157469,0.061411,-0.0,45824.890625,503972.1875,11914.0,0.0,10912.0,11.0,0.0,0.061912,63488.0,1721542400.0,64.0,0.0,0.0,0.0,0.0,0.0,62.0,0.0,57.154106,0.0,10.0,0.0,0.0,127.009125,31872.0,21.0,0.0,0.0,0.0,0.0,0.157469,0.0,0.0,549797.0625,0.157469,1002.0,0.0,992.0,0.0,0.0,0.157469,0.157469,0.0,0.0,0.0,63.504562,0.0,HTTP
0.0,0.001978,0.0,72.85714,0.278338,0.059883,-0.0,100539.640625,2755010.25,100853.0,0.0,97283.0,68.0,0.0,0.061861,185984.0,1721542400.0,64.0,0.0,0.0,0.0,0.0,0.0,62.0,0.0,172.452209,0.0,49.0,0.0,0.0,416.759491,31872.0,117.0,0.0,0.0,0.0,0.0,0.278338,0.0,0.0,2855550.0,0.278338,3570.0,0.0,1430.632324,0.0,0.0,0.278338,0.278338,0.0,0.0,0.0,240.714539,0.0,HTTP
0.0,0.00088,0.0,97.36364,0.124794,0.060369,-0.0,62438.898438,670993.8125,12489.0,0.0,11418.0,12.0,0.0,0.061249,64128.0,1721542400.0,64.0,0.0,0.0,0.0,0.0,0.0,62.0,0.0,80.132057,0.0,11.0,0.0,0.0,176.290527,31872.0,23.0,0.0,0.0,0.0,0.0,0.124794,0.0,0.0,733432.6875,0.124794,1071.0,0.0,951.5,0.0,0.0,0.124794,0.124794,0.0,0.0,0.0,88.145264,0.0,HTTP
0.0,0.000508,0.0,75.771431,0.248447,0.061657,-0.0,82979.46875,2299854.75,75476.0,0.0,72824.0,52.0,0.0,0.062165,113408.0,1721542400.0,64.0,0.0,0.0,0.0,0.0,0.0,62.0,0.0,136.850113,0.0,35.0,0.0,0.0,346.150299,31872.0,87.0,0.0,0.0,0.0,0.0,0.248447,0.0,0.0,2382834.25,0.248447,2652.0,0.0,1400.461548,0.0,0.0,0.248447,0.248447,0.0,0.0,0.0,205.275162,0.0,HTTP
0.0,0.001015,0.0,64.0,0.061657,0.0,-0.0,8304.003906,0.0,202.0,0.0,74.0,1.0,0.0,0.001015,8222720.0,1721542400.0,64.0,0.0,0.0,0.0,0.0,0.0,62.0,0.0,16.218758,0.0,2.0,0.0,0.0,32.437515,4077568.0,3.0,0.0,0.0,0.0,0.0,0.061657,0.0,0.0,8304.003906,0.061657,128.0,0.0,74.0,0.0,0.0,0.061657,0.061657,0.0,0.0,0.0,0.0,0.0,HTTP
0.0,0.000994,0.0,118.14286,0.124281,0.060017,-0.0,45638.515625,211649.40625,4662.0,0.0,3835.0,7.0,0.0,0.061011,64128.0,1721542400.0,64.0,0.0,0.0,0.0,0.0,0.0,62.0,0.0,48.277695,0.0,7.0,0.0,0.0,104.601669,31872.0,14.0,0.0,0.0,0.0,0.0,0.124281,0.0,0.0,257287.921875,0.124281,827.0,0.0,547.857117,0.0,0.0,0.124281,0.124281,0.0,0.0,0.0,48.277695,0.0,HTTP
0.0,0.000994,0.0,113.14286,0.124281,0.060017,-0.0,43707.40625,87994.148438,2500.0,0.0,1708.0,5.0,0.0,0.061011,64256.0,1721542400.0,64.0,0.0,0.0,0.0,0.0,0.0,62.0,0.0,48.277695,0.0,7.0,0.0,0.0,88.509109,31872.0,12.0,0.0,0.0,0.0,0.0,0.124281,0.0,0.0,131701.546875,0.124281,792.0,0.0,341.600006,0.0,0.0,0.124281,0.124281,0.0,0.0,0.0,32.185131,0.0,HTTP
0.0,0.000497,0.0,127.333336,0.122883,0.060017,-0.0,41470.34375,117965.867188,2938.0,0.0,2174.0,6.0,0.0,0.060514,63488.0,1721542400.0,64.0,0.0,0.0,0.0,0.0,0.0,62.0,0.0,40.68911,0.0,6.0,0.0,0.0,89.516045,31872.0,12.0,0.0,0.0,0.0,0.0,0.122883,0.0,0.0,159436.21875,0.122883,764.0,0.0,362.333344,0.0,0.0,0.122883,0.122883,0.0,0.0,0.0,40.68911,0.0,HTTP
0.0,0.000501,0.0,77.944443,0.263177,0.06046,-0.0,82955.578125,2056927.375,71853.0,0.0,69047.0,50.0,0.0,0.060961,138624.0,1721542400.0,64.0,0.0,0.0,0.0,0.0,0.0,62.0,0.0,132.990341,0.0,36.0,0.0,0.0,322.976532,31872.0,86.0,0.0,0.0,0.0,0.0,0.263177,0.0,0.0,2139883.0,0.263177,2806.0,0.0,1380.939941,0.0,0.0,0.263177,0.263177,0.0,0.0,0.0,186.186478,0.0,HTTP
0.0,0.001032,0.0,76.261902,0.264265,0.060136,-0.0,94662.554688,2148389.0,75562.0,0.0,72359.0,52.0,0.0,0.061168,143744.0,1721542400.0,64.0,0.0,0.0,0.0,0.0,0.0,62.0,0.0,155.147293,0.0,42.0,0.0,0.0,351.919464,31872.0,94.0,0.0,0.0,0.0,0.0,0.264265,0.0,0.0,2243051.5,0.264265,3203.0,0.0,1391.519287,0.0,0.0,0.264265,0.264265,0.0,0.0,0.0,192.988098,0.0,HTTP
0.0,0.000502,0.0,127.0,0.127275,0.059634,-0.0,39913.570312,85924.179688,2470.0,0.0,1708.0,5.0,0.0,0.060136,64128.0,1721542400.0,64.0,0.0,0.0,0.0,0.0,0.0,62.0,0.0,39.285011,0.0,6.0,0.0,0.0,78.570023,31872.0,11.0,0.0,0.0,0.0,0.0,0.127275,0.0,0.0,125837.75,0.127275,762.0,0.0,341.600006,0.0,0.0,0.127275,0.127275,0.0,0.0,0.0,31.428009,0.0,HTTP
0.0,0.0,0.0,76.08889,0.279326,0.059757,-0.0,95887.960938,2481058.0,91472.0,0.0,88048.0,62.0,0.0,0.059757,168960.0,1721542400.0,64.0,0.0,0.0,0.0,0.0,0.0,62.0,0.0,157.522034,0.0,45.0,0.0,0.0,379.484924,31872.0,107.0,0.0,0.0,0.0,0.0,0.279326,0.0,0.0,2576946.0,0.279326,3424.0,0.0,1420.129028,0.0,0.0,0.279326,0.279326,0.0,0.0,0.0,218.382828,0.0,HTTP
0.0,0.000998,0.0,73.4375,0.276279,0.058195,-0.0,99956.929688,2990397.25,108232.0,0.0,104707.0,73.0,0.0,0.059193,178688.0,1721542400.0,64.0,0.0,0.0,0.0,0.0,0.0,62.0,0.0,170.117889,0.0,48.0,0.0,0.0,434.343536,31872.0,121.0,0.0,0.0,0.0,0.0,0.276279,0.0,0.0,3090354.25,0.276279,3525.0,0.0,1434.342407,0.0,0.0,0.276279,0.276279,0.0,0.0,0.0,260.60611,0.0,HTTP
0.0,0.001248,0.0,129.0,0.124603,0.060407,-0.0,41411.523438,176817.5625,4078.0,0.0,3304.0,6.0,0.0,0.061655,64128.0,1721542400.0,64.0,0.0,0.0,0.0,0.0,0.0,62.0,0.0,40.127445,0.0,6.0,0.0,0.0,88.280373,31872.0,12.0,0.0,0.0,0.0,0.0,0.124603,0.0,0.0,218229.09375,0.124603,774.0,0.0,550.666687,0.0,0.0,0.124603,0.124603,0.0,0.0,0.0,40.127445,0.0,HTTP
0.0,0.000825,0.0,117.0,0.124021,0.061191,-0.0,37735.542969,229832.046875,4858.0,0.0,4156.0,7.0,0.0,0.062016,63488.0,1721542400.0,64.0,0.0,0.0,0.0,0.0,0.0,62.0,0.0,40.315754,0.0,6.0,0.0,0.0,96.757805,31872.0,13.0,0.0,0.0,0.0,0.0,0.124021,0.0,0.0,267567.59375,0.124021,702.0,0.0,593.714294,0.0,0.0,0.124021,0.124021,0.0,0.0,0.0,48.378902,0.0,HTTP
0.0,0.000825,0.0,108.85714,0.124021,0.061191,-0.0,42186.402344,197708.453125,4337.0,0.0,3575.0,7.0,0.0,0.062016,62592.0,1721542400.0,64.0,0.0,0.0,0.0,0.0,0.0,62.0,0.0,48.378902,0.0,7.0,0.0,0.0,104.820953,31872.0,14.0,0.0,0.0,0.0,0.0,0.124021,0.0,0.0,239894.859375,0.124021,762.0,0.0,510.714294,0.0,0.0,0.124021,0.124021,0.0,0.0,0.0,48.378902,0.0,HTTP
0.0,0.000825,0.0,116.0,0.140111,0.061191,-0.0,33116.601562,140631.359375,3651.0,0.0,2955.0,6.0,0.0,0.062016,63488.0,1721542400.0,64.0,0.0,0.0,0.0,0.0,0.0,62.0,0.0,35.685993,0.0,6.0,0.0,0.0,78.509186,31872.0,12.0,0.0,0.0,0.0,0.0,0.140111,0.0,0.0,173747.953125,0.140111,696.0,0.0,492.5,0.0,0.0,0.140111,0.140111,0.0,0.0,0.0,35.685993,0.0,HTTP
0.0,0.001676,0.0,116.166664,0.139601,0.061344,-0.0,33294.890625,98853.15625,2767.0,0.0,2070.0,6.0,0.0,0.06302,63488.0,1721542400.0,64.0,0.0,0.0,0.0,0.0,0.0,62.0,0.0,35.81636,0.0,6.0,0.0,0.0,78.79599,31872.0,12.0,0.0,0.0,0.0,0.0,0.139601,0.0,0.0,132148.046875,0.139601,697.0,0.0,345.0,0.0,0.0,0.139601,0.139601,0.0,0.0,0.0,35.81636,0.0,HTTP
0.0,0.001676,0.0,116.666664,0.141093,0.061344,-0.0,33112.910156,146569.984375,3801.0,0.0,3101.0,6.0,0.0,0.06302,64128.0,1721542400.0,64.0,0.0,0.0,0.0,0.0,0.0,62.0,0.0,35.437618,0.0,6.0,0.0,0.0,77.962761,31872.0,12.0,0.0,0.0,0.0,0.0,0.141093,0.0,0.0,179682.890625,0.141093,700.0,0.0,516.833313,0.0,0.0,0.141093,0.141093,0.0,0.0,0.0,35.437618,0.0,HTTP
0.0,0.000851,0.0,116.5,0.139286,0.061344,-0.0,33485.058594,153583.28125,3907.0,0.0,3208.0,6.0,0.0,0.062195,63488.0,1721542400.0,64.0,0.0,0.0,0.0,0.0,0.0,62.0,0.0,35.897362,0.0,6.0,0.0,0.0,78.974197,31872.0,12.0,0.0,0.0,0.0,0.0,0.139286,0.0,0.0,187068.34375,0.139286,699.0,0.0,534.666687,0.0,0.0,0.139286,0.139286,0.0,0.0,0.0,35.897362,0.0,HTTP
0.0,0.00099,0.0,117.0,0.122806,0.05935,-0.0,38108.886719,173672.296875,3901.0,0.0,3199.0,6.0,0.0,0.06034,64128.0,1721542400.0,64.0,0.0,0.0,0.0,0.0,0.0,62.0,0.0,40.714622,0.0,6.0,0.0,0.0,89.572174,31872.0,12.0,0.0,0.0,0.0,0.0,0.122806,0.0,0.0,211781.1875,0.122806,702.0,0.0,533.166687,0.0,0.0,0.122806,0.122806,0.0,0.0,0.0,40.714622,0.0,HTTP
0.0,0.00099,0.0,91.0,0.138875,0.05935,-0.0,57663.371094,653767.8125,13472.0,0.0,12380.0,12.0,0.0,0.06034,63488.0,1721542400.0,64.0,0.0,0.0,0.0,0.0,0.0,62.0,0.0,79.207924,0.0,12.0,0.0,0.0,165.616577,31872.0,24.0,0.0,0.0,0.0,0.0,0.138875,0.0,0.0,711431.1875,0.138875,1092.0,0.0,1031.666626,0.0,0.0,0.138875,0.138875,0.0,0.0,0.0,79.207924,0.0,HTTP
0.0,0.00051,0.0,116.666664,0.123799,0.060565,-0.0,37738.589844,97577.523438,2587.0,0.0,1887.0,5.0,0.0,0.061075,64128.0,1721542400.0,64.0,0.0,0.0,0.0,0.0,0.0,62.0,0.0,40.388046,0.0,6.0,0.0,0.0,80.776093,31872.0,11.0,0.0,0.0,0.0,0.0,0.123799,0.0,0.0,135316.109375,0.123799,700.0,0.0,377.399994,0.0,0.0,0.123799,0.123799,0.0,0.0,0.0,32.310436,0.0,HTTP
0.0,0.000982,0.0,126.199997,0.123289,0.059583,-0.0,32768.535156,44967.515625,1497.0,0.0,866.0,5.0,0.0,0.060565,64128.0,1721542400.0,64.0,0.0,0.0,0.0,0.0,0.0,62.0,0.0,32.444096,0.0,5.0,0.0,0.0,72.999214,31872.0,10.0,0.0,0.0,0.0,0.0,0.123289,0.0,0.0,77736.054688,0.123289,631.0,0.0,173.199997,0.0,0.0,0.123289,0.123289,0.0,0.0,0.0,32.444096,0.0,HTTP
0.0,0.000994,0.0,108.300003,0.125798,0.060303,-0.0,62004.164062,584683.375,11196.0,0.0,10113.0,11.0,0.0,0.061297,58752.0,1721542400.0,64.0,0.0,0.0,0.0,0.0,0.0,62.0,0.0,71.543266,0.0,10.0,0.0,0.0,158.985031,31872.0,21.0,0.0,0.0,0.0,0.0,0.125798,0.0,0.0,646687.5625,0.125798,1083.0,0.0,919.363647,0.0,0.0,0.125798,0.125798,0.0,0.0,0.0,79.492516,0.0,HTTP
0.0,0.000994,52.0,76.622948,0.990153,0.060303,-0.0,112677.53125,7538447.0,948556.0,1.0,934534.0,620.0,0.0,0.061297,385408.0,1721542400.0,64.0,0.0,0.0,0.0,0.0,0.0,62.0,0.0,183.809967,0.0,183.0,52.0,0.0,809.97583,31872.0,803.0,0.0,0.0,6.081871,0.0,0.990153,0.0,0.0,7651124.5,0.990153,14022.0,0.0,1507.312866,0.0,0.0,0.990153,0.990153,1.0,0.0,1.0,625.155884,0.0,HTTP
0.0,0.0,0.0,99.333336,0.123963,0.059676,-0.0,51305.632812,578237.0625,10750.0,0.0,9856.0,11.0,0.0,0.059676,58752.0,1721542400.0,64.0,0.0,0.0,0.0,0.0,0.0,62.0,0.0,64.535385,0.0,9.0,0.0,0.0,153.271545,31872.0,20.0,0.0,0.0,0.0,0.0,0.123963,0.0,0.0,629542.6875,0.123963,894.0,0.0,896.0,0.0,0.0,0.123963,0.123963,0.0,0.0,0.0,80.669235,0.0,HTTP
0.0,0.002298,0.0,115.428574,0.323885,0.136497,-0.0,17117.1875,105370.734375,5784.0,0.0,4976.0,7.0,0.0,0.138795,64128.0,1721542400.0,64.0,0.0,0.0,0.0,0.0,0.0,62.0,0.0,18.525095,0.0,7.0,0.0,0.0,40.137703,31872.0,14.0,0.0,0.0,0.0,0.0,0.323885,0.0,0.0,122487.921875,0.323885,808.0,0.0,710.857117,0.0,0.0,0.323885,0.323885,0.0,0.0,0.0,18.525095,0.0,HTTP
0.0,0.002298,0.0,109.428574,0.324865,0.136997,-0.0,16179.027344,90302.125,5044.0,0.0,4278.0,7.0,0.0,0.139295,63488.0,1721542400.0,64.0,0.0,0.0,0.0,0.0,0.0,62.0,0.0,18.46921,0.0,7.0,0.0,0.0,40.016621,31872.0,14.0,0.0,0.0,0.0,0.0,0.324865,0.0,0.0,106481.148438,0.324865,766.0,0.0,611.142883,0.0,0.0,0.324865,0.324865,0.0,0.0,0.0,18.46921,0.0,HTTP
0.0,0.001006,0.0,124.333336,0.276863,0.135824,-0.0,17972.787109,24820.939453,1819.0,0.0,1073.0,5.0,0.0,0.13683,64128.0,1721542400.0,64.0,0.0,0.0,0.0,0.0,0.0,62.0,0.0,18.059473,0.0,6.0,0.0,0.0,36.118946,31872.0,11.0,0.0,0.0,0.0,0.0,0.276863,0.0,0.0,42793.726562,0.276863,746.0,0.0,214.600006,0.0,0.0,0.276863,0.276863,0.0,0.0,0.0,14.447578,0.0,HTTP
0.0,0.000497,2.0,117.571426,0.30736,0.060794,-0.0,18375.845703,41618.949219,2741.0,1.0,1918.0,6.0,0.0,0.061291,64128.0,1721542400.0,64.0,0.0,0.0,0.0,0.0,0.0,62.0,0.0,19.521084,0.0,7.0,2.0,0.0,39.042168,31872.0,13.0,0.0,0.0,13.333333,0.0,0.30736,0.0,0.0,59994.796875,0.30736,823.0,0.0,319.666656,0.0,0.0,0.30736,0.30736,1.0,0.0,0.0,16.267569,0.0,HTTP
0.0,0.000994,5.0,67.617981,0.999657,0.060303,-0.0,240266.421875,6966790.0,902154.0,1.0,872064.0,576.0,0.0,0.061297,2062208.0,1721542400.0,64.0,0.0,0.0,0.0,0.0,0.0,62.0,0.0,444.152344,1.0,445.0,5.0,1.0,1020.349976,31872.0,1021.0,0.0,0.0,0.487329,0.0,0.999657,0.0,0.0,7207056.0,0.999657,30090.0,0.0,1514.0,0.0,0.0,0.999657,0.999657,1.0,0.0,0.0,575.197327,0.0,HTTP
0.0,0.001314,0.0,81.954544,0.309165,0.11984,-0.0,44558.730469,914644.25,38459.0,0.0,36656.0,28.0,0.0,0.121154,93056.0,1721542400.0,64.0,0.0,0.0,0.0,0.0,0.0,62.0,0.0,67.924896,0.0,22.0,0.0,0.0,158.491425,31872.0,50.0,0.0,0.0,0.0,0.0,0.309165,0.0,0.0,959203.0,0.309165,1803.0,0.0,1309.142822,0.0,0.0,0.309165,0.309165,0.0,0.0,0.0,87.332008,0.0,HTTP
0.0,0.000993,0.0,73.840912,0.322787,0.073394,-0.0,78714.453125,1868551.125,80038.0,0.0,76789.0,55.0,0.0,0.074387,159744.0,1721542400.0,64.0,0.0,0.0,0.0,0.0,0.0,62.0,0.0,133.214783,0.0,44.0,0.0,0.0,303.605804,31872.0,99.0,0.0,0.0,0.0,0.0,0.322787,0.0,0.0,1947265.625,0.322787,3249.0,0.0,1396.163696,0.0,0.0,0.322787,0.322787,0.0,0.0,0.0,167.292984,0.0,HTTP
0.0,0.000994,0.0,60.202248,0.280274,0.060303,-0.0,151223.4375,3632416.75,134114.0,1.0,128756.0,86.0,0.0,0.061297,2293888.0,1721542400.0,64.0,0.0,0.0,0.0,0.0,0.0,62.0,0.0,313.978455,1.0,89.0,0.0,0.0,620.821045,31872.0,175.0,0.0,0.0,0.0,0.0,0.280274,0.0,0.0,3783640.25,0.280274,5358.0,0.0,1497.162842,0.0,0.0,0.280274,0.280274,0.0,0.0,0.0,303.274658,0.0,HTTP
0.0,0.004521,0.0,129.833328,0.169034,0.089394,-0.0,30763.041016,158216.6875,4679.0,0.0,3900.0,7.0,0.0,0.093915,62592.0,1721542400.0,64.0,0.0,0.0,0.0,0.0,0.0,62.0,0.0,29.579847,0.0,6.0,0.0,0.0,70.991631,31872.0,13.0,0.0,0.0,0.0,0.0,0.169034,0.0,0.0,188979.734375,0.169034,779.0,0.0,557.142883,0.0,0.0,0.169034,0.169034,0.0,0.0,0.0,35.495815,0.0,HTTP
0.0,0.001125,0.0,92.692307,0.203788,0.060937,-0.0,43692.464844,819989.4375,23253.0,0.0,22048.0,19.0,0.0,0.062062,64128.0,1721542400.0,64.0,0.0,0.0,0.0,0.0,0.0,62.0,0.0,58.884724,0.0,13.0,0.0,0.0,152.118866,31872.0,32.0,0.0,0.0,0.0,0.0,0.203788,0.0,0.0,863681.875,0.203788,1205.0,0.0,1160.421021,0.0,0.0,0.203788,0.203788,0.0,0.0,0.0,88.327087,0.0,HTTP
0.0,0.001626,0.0,130.399994,0.141177,0.060933,-0.0,29579.888672,33999.871094,1402.0,0.0,750.0,5.0,0.0,0.062559,64128.0,1721542400.0,64.0,0.0,0.0,0.0,0.0,0.0,62.0,0.0,28.333227,0.0,5.0,0.0,0.0,63.74976,31872.0,10.0,0.0,0.0,0.0,0.0,0.141177,0.0,0.0,63579.761719,0.141177,652.0,0.0,150.0,0.0,0.0,0.141177,0.141177,0.0,0.0,0.0,28.333227,0.0,HTTP
0.0,0.001005,0.0,120.5,0.126355,0.060933,-0.0,38178.148438,126184.15625,3114.0,0.0,2391.0,6.0,0.0,0.061938,64128.0,1721542400.0,64.0,0.0,0.0,0.0,0.0,0.0,62.0,0.0,39.571049,0.0,6.0,0.0,0.0,87.056305,31872.0,12.0,0.0,0.0,0.0,0.0,0.126355,0.0,0.0,164362.296875,0.126355,723.0,0.0,398.5,0.0,0.0,0.126355,0.126355,0.0,0.0,0.0,39.571049,0.0,HTTP
0.0,0.001005,0.0,120.5,0.141279,0.060933,-0.0,34145.203125,64326.617188,2143.0,0.0,1420.0,5.0,0.0,0.061938,64128.0,1721542400.0,64.0,0.0,0.0,0.0,0.0,0.0,62.0,0.0,35.390965,0.0,6.0,0.0,0.0,70.781929,31872.0,11.0,0.0,0.0,0.0,0.0,0.141279,0.0,0.0,98471.820312,0.141279,723.0,0.0,284.0,0.0,0.0,0.141279,0.141279,0.0,0.0,0.0,28.312771,0.0,HTTP
0.0,0.001502,0.0,113.285713,0.156308,0.060436,-0.0,34803.082031,204826.375,5461.0,0.0,4668.0,7.0,0.0,0.061938,64128.0,1721542400.0,64.0,0.0,0.0,0.0,0.0,0.0,62.0,0.0,38.385754,0.0,7.0,0.0,0.0,83.169128,31872.0,14.0,0.0,0.0,0.0,0.0,0.156308,0.0,0.0,239629.453125,0.156308,793.0,0.0,666.857117,0.0,0.0,0.156308,0.156308,0.0,0.0,0.0,38.385754,0.0,HTTP
0.0,0.001502,0.0,119.666664,0.170393,0.060436,-0.0,28123.220703,189303.546875,5421.0,0.0,4703.0,7.0,0.0,0.061938,62592.0,1721542400.0,64.0,0.0,0.0,0.0,0.0,0.0,62.0,0.0,29.343927,0.0,6.0,0.0,0.0,70.425423,31872.0,13.0,0.0,0.0,0.0,0.0,0.170393,0.0,0.0,217426.765625,0.170393,718.0,0.0,671.857117,0.0,0.0,0.170393,0.170393,0.0,0.0,0.0,35.212711,0.0,HTTP
0.0,0.001481,0.0,118.166664,0.139696,0.074606,-0.0,33844.917969,149066.546875,3832.0,0.0,3123.0,6.0,0.0,0.076087,64128.0,1721542400.0,64.0,0.0,0.0,0.0,0.0,0.0,62.0,0.0,35.792004,0.0,6.0,0.0,0.0,78.742409,31872.0,12.0,0.0,0.0,0.0,0.0,0.139696,0.0,0.0,182911.46875,0.139696,709.0,0.0,520.5,0.0,0.0,0.139696,0.139696,0.0,0.0,0.0,35.792004,0.0,HTTP
0.0,0.000738,0.0,118.166664,0.12425,0.060911,-0.0,38052.3125,57947.683594,1833.0,0.0,1124.0,5.0,0.0,0.061649,64128.0,1721542400.0,64.0,0.0,0.0,0.0,0.0,0.0,62.0,0.0,40.241447,0.0,6.0,0.0,0.0,80.482895,31872.0,11.0,0.0,0.0,0.0,0.0,0.12425,0.0,0.0,96000.0,0.12425,709.0,0.0,224.800003,0.0,0.0,0.12425,0.12425,0.0,0.0,0.0,32.193157,0.0,HTTP
0.0,0.001461,0.0,121.0,0.140199,0.075145,-0.0,34522.355469,103909.4375,2911.0,0.0,2185.0,6.0,0.0,0.076606,64128.0,1721542400.0,64.0,0.0,0.0,0.0,0.0,0.0,62.0,0.0,35.663589,0.0,6.0,0.0,0.0,78.4599,31872.0,12.0,0.0,0.0,0.0,0.0,0.140199,0.0,0.0,138431.796875,0.140199,726.0,0.0,364.166656,0.0,0.0,0.140199,0.140199,0.0,0.0,0.0,35.663589,0.0,HTTP
0.0,0.000996,0.0,98.099998,0.154809,0.075083,-0.0,45630.421875,394809.09375,9469.0,0.0,8488.0,10.0,0.0,0.076079,63488.0,1721542400.0,64.0,0.0,0.0,0.0,0.0,0.0,62.0,0.0,58.136154,0.0,10.0,0.0,0.0,122.731888,31872.0,20.0,0.0,0.0,0.0,0.0,0.154809,0.0,0.0,440439.5,0.154809,981.0,0.0,848.799988,0.0,0.0,0.154809,0.154809,0.0,0.0,0.0,58.136154,0.0,HTTP
0.0,0.0,0.0,130.0,0.139728,0.060998,-0.0,29772.128906,33321.882812,1377.0,0.0,727.0,5.0,0.0,0.060998,64128.0,1721542400.0,64.0,0.0,0.0,0.0,0.0,0.0,62.0,0.0,28.627048,0.0,5.0,0.0,0.0,64.410858,31872.0,10.0,0.0,0.0,0.0,0.0,0.139728,0.0,0.0,63094.011719,0.139728,650.0,0.0,145.399994,0.0,0.0,0.139728,0.139728,0.0,0.0,0.0,28.627048,0.0,HTTP
0.0,0.001494,0.0,128.166672,0.137824,0.058948,-0.0,37206.871094,74413.742188,2371.0,0.0,1602.0,5.0,0.0,0.060442,64128.0,1721542400.0,64.0,0.0,0.0,0.0,0.0,0.0,62.0,0.0,36.278152,0.0,6.0,0.0,0.0,72.556305,31872.0,11.0,0.0,0.0,0.0,0.0,0.137824,0.0,0.0,111620.617188,0.137824,769.0,0.0,320.399994,0.0,0.0,0.137824,0.137824,0.0,0.0,0.0,29.022522,0.0,HTTP
0.0,0.000997,0.0,89.368423,0.185866,0.060194,-0.0,69254.195312,1172457.625,30176.0,0.0,28478.0,23.0,0.0,0.061191,66688.0,1721542400.0,64.0,0.0,0.0,0.0,0.0,0.0,62.0,0.0,96.843964,0.0,19.0,0.0,0.0,220.589035,31872.0,42.0,0.0,0.0,0.0,0.0,0.185866,0.0,0.0,1241711.75,0.185866,1698.0,0.0,1238.17395,0.0,0.0,0.185866,0.185866,0.0,0.0,0.0,118.364845,0.0,HTTP
0.0,0.0005,0.0,88.050003,0.186728,0.060904,-0.0,71676.445312,1181654.625,30595.0,0.0,28834.0,23.0,0.0,0.061404,63488.0,1721542400.0,64.0,0.0,0.0,0.0,0.0,0.0,62.0,0.0,101.752281,0.0,20.0,0.0,0.0,224.926102,31872.0,43.0,0.0,0.0,0.0,0.0,0.186728,0.0,0.0,1253331.0,0.186728,1761.0,0.0,1253.652222,0.0,0.0,0.186728,0.186728,0.0,0.0,0.0,117.818428,0.0,HTTP
0.0,0.000496,0.0,126.833336,0.122943,0.060294,-0.0,41319.960938,179074.859375,4063.0,0.0,3302.0,6.0,0.0,0.06079,63488.0,1721542400.0,64.0,0.0,0.0,0.0,0.0,0.0,62.0,0.0,40.669254,0.0,6.0,0.0,0.0,89.472359,31872.0,12.0,0.0,0.0,0.0,0.0,0.122943,0.0,0.0,220394.8125,0.122943,761.0,0.0,550.333313,0.0,0.0,0.122943,0.122943,0.0,0.0,0.0,40.669254,0.0,HTTP
0.0,0.0,0.0,124.5,0.137939,0.060294,-0.0,36131.910156,246485.75,5705.0,0.0,4958.0,7.0,0.0,0.060294,63488.0,1721542400.0,64.0,0.0,0.0,0.0,0.0,0.0,62.0,0.0,36.247906,0.0,6.0,0.0,0.0,86.994972,31872.0,13.0,0.0,0.0,0.0,0.0,0.137939,0.0,0.0,282617.65625,0.137939,747.0,0.0,708.285706,0.0,0.0,0.137939,0.137939,0.0,0.0,0.0,43.497486,0.0,HTTP
0.0,0.000992,0.0,98.333336,0.125946,0.060782,-0.0,68727.867188,676226.3125,12793.0,0.0,11613.0,12.0,0.0,0.061774,63488.0,1721542400.0,64.0,0.0,0.0,0.0,0.0,0.0,62.0,0.0,87.33902,0.0,12.0,0.0,0.0,182.61795,31872.0,24.0,0.0,0.0,0.0,0.0,0.125946,0.0,0.0,744954.1875,0.125946,1180.0,0.0,967.75,0.0,0.0,0.125946,0.125946,0.0,0.0,0.0,87.33902,0.0,HTTP
0.0,0.000512,0.0,93.07692,0.185597,0.060767,-0.0,48147.328125,646303.5625,17275.0,0.0,16065.0,15.0,0.0,0.061279,64128.0,1721542400.0,64.0,0.0,0.0,0.0,0.0,0.0,62.0,0.0,64.656219,0.0,13.0,0.0,0.0,145.476486,31872.0,28.0,0.0,0.0,0.0,0.0,0.185597,0.0,0.0,694450.9375,0.185597,1210.0,0.0,1071.0,0.0,0.0,0.185597,0.185597,0.0,0.0,0.0,75.432251,0.0,HTTP
0.0,0.001432,0.0,83.421051,0.186109,0.060343,-0.0,64564.3125,1177632.375,30226.0,0.0,28641.0,23.0,0.0,0.061775,64128.0,1721542400.0,64.0,0.0,0.0,0.0,0.0,0.0,62.0,0.0,96.717514,0.0,19.0,0.0,0.0,220.300995,31872.0,42.0,0.0,0.0,0.0,0.0,0.186109,0.0,0.0,1242196.625,0.186109,1585.0,0.0,1245.260864,0.0,0.0,0.186109,0.186109,0.0,0.0,0.0,118.210289,0.0,HTTP
0.0,0.000497,0.0,130.5,0.124475,0.060592,-0.0,41968.265625,120763.203125,3037.0,0.0,2254.0,6.0,0.0,0.061089,63488.0,1721542400.0,64.0,0.0,0.0,0.0,0.0,0.0,62.0,0.0,40.168709,0.0,6.0,0.0,0.0,88.371155,31872.0,12.0,0.0,0.0,0.0,0.0,0.124475,0.0,0.0,162731.46875,0.124475,783.0,0.0,375.666656,0.0,0.0,0.124475,0.124475,0.0,0.0,0.0,40.168709,0.0,HTTP
0.0,0.001534,0.0,94.375,0.234419,0.060522,-0.0,48323.726562,794406.5625,26013.0,0.0,24503.0,20.0,0.0,0.062056,64768.0,1721542400.0,64.0,0.0,0.0,0.0,0.0,0.0,62.0,0.0,63.987988,0.0,16.0,0.0,0.0,149.305298,31872.0,36.0,0.0,0.0,0.0,0.0,0.234419,0.0,0.0,842730.3125,0.234419,1510.0,0.0,1225.150024,0.0,0.0,0.234419,0.234419,0.0,0.0,0.0,81.051453,0.0,HTTP
0.0,0.002036,0.0,75.804344,0.355645,0.06002,-0.0,76750.695312,2288484.25,106655.0,0.0,103168.0,72.0,0.0,0.062056,168448.0,1721542400.0,64.0,0.0,0.0,0.0,0.0,0.0,62.0,0.0,126.53067,0.0,46.0,0.0,0.0,328.979736,31872.0,118.0,0.0,0.0,0.0,0.0,0.355645,0.0,0.0,2365235.0,0.355645,3487.0,0.0,1432.888916,0.0,0.0,0.355645,0.355645,0.0,0.0,0.0,199.637283,0.0,HTTP
0.0,0.002036,0.0,89.684212,0.267831,0.060517,-0.0,48239.375,921864.9375,33852.0,0.0,32148.0,25.0,0.0,0.062553,64128.0,1721542400.0,64.0,0.0,0.0,0.0,0.0,0.0,62.0,0.0,67.206558,0.0,19.0,0.0,0.0,160.549011,31872.0,44.0,0.0,0.0,0.0,0.0,0.267831,0.0,0.0,970104.3125,0.267831,1704.0,0.0,1285.920044,0.0,0.0,0.267831,0.267831,0.0,0.0,0.0,89.608749,0.0,HTTP
0.0,0.001031,0.0,75.059998,0.402017,0.060517,-0.0,73190.9375,2024511.375,106921.0,0.0,103168.0,72.0,0.0,0.061548,188672.0,1721542400.0,64.0,0.0,0.0,0.0,0.0,0.0,62.0,0.0,121.885391,0.0,50.0,0.0,0.0,300.9823,31872.0,122.0,0.0,0.0,0.0,0.0,0.402017,0.0,0.0,2097702.25,0.402017,3753.0,0.0,1432.888916,0.0,0.0,0.402017,0.402017,0.0,0.0,0.0,176.609451,0.0,HTTP
0.0,0.001527,0.0,75.804344,0.433126,0.060021,-0.0,63020.921875,1879102.125,106655.0,0.0,103168.0,72.0,0.0,0.061548,166016.0,1721542400.0,64.0,0.0,0.0,0.0,0.0,0.0,62.0,0.0,103.895866,0.0,46.0,0.0,0.0,270.129242,31872.0,118.0,0.0,0.0,0.0,0.0,0.433126,0.0,0.0,1942123.125,0.433126,3487.0,0.0,1432.888916,0.0,0.0,0.433126,0.433126,0.0,0.0,0.0,163.924591,0.0,HTTP
0.0,0.001492,0.0,103.583336,0.34196,0.107507,-0.0,26669.785156,368136.625,18102.0,0.0,16859.0,15.0,0.0,0.108999,63488.0,1721542400.0,64.0,0.0,0.0,0.0,0.0,0.0,62.0,0.0,32.167503,0.0,12.0,0.0,0.0,76.03228,31872.0,27.0,0.0,0.0,0.0,0.0,0.34196,0.0,0.0,394806.40625,0.34196,1243.0,0.0,1123.93335,0.0,0.0,0.34196,0.34196,0.0,0.0,0.0,40.94046,0.0,HTTP
0.0,0.001987,0.0,96.133331,0.277298,0.105704,-0.0,38831.871094,578669.875,22679.0,0.0,21237.0,18.0,0.0,0.107691,61568.0,1721542400.0,64.0,0.0,0.0,0.0,0.0,0.0,62.0,0.0,50.487202,0.0,15.0,0.0,0.0,115.399315,31872.0,33.0,0.0,0.0,0.0,0.0,0.277298,0.0,0.0,617501.75,0.277298,1442.0,0.0,1179.833374,0.0,0.0,0.277298,0.277298,0.0,0.0,0.0,61.305885,0.0,HTTP
0.0,0.003523,0.0,122.75,0.199083,0.117969,-0.0,34558.449219,252115.953125,8040.0,0.0,7058.0,9.0,0.0,0.121492,60672.0,1721542400.0,64.0,0.0,0.0,0.0,0.0,0.0,62.0,0.0,35.161213,0.0,8.0,0.0,0.0,80.368492,31872.0,17.0,0.0,0.0,0.0,0.0,0.199083,0.0,0.0,286674.40625,0.199083,982.0,0.0,784.222229,0.0,0.0,0.199083,0.199083,0.0,0.0,0.0,40.184246,0.0,HTTP
0.0,0.000999,0.0,170.0,0.123758,0.06038,-0.0,43956.753906,44409.25,1708.0,0.0,858.0,5.0,0.0,0.061379,64128.0,1721542400.0,64.0,0.0,0.0,0.0,0.0,0.0,62.0,0.0,32.32114,0.0,5.0,0.0,0.0,72.722572,31872.0,10.0,0.0,0.0,0.0,0.0,0.123758,0.0,0.0,88366.0,0.123758,850.0,0.0,171.600006,0.0,0.0,0.123758,0.123758,0.0,0.0,0.0,32.32114,0.0,HTTP
0.0,0.000999,0.0,169.399994,0.124303,0.06038,-0.0,43635.3125,44214.539062,1705.0,0.0,858.0,5.0,0.0,0.061379,64128.0,1721542400.0,64.0,0.0,0.0,0.0,0.0,0.0,62.0,0.0,32.179432,0.0,5.0,0.0,0.0,72.403725,31872.0,10.0,0.0,0.0,0.0,0.0,0.124303,0.0,0.0,87849.851562,0.124303,847.0,0.0,171.600006,0.0,0.0,0.124303,0.124303,0.0,0.0,0.0,32.179432,0.0,HTTP
0.0,0.001494,0.0,105.0,0.186472,0.045926,-0.0,58561.070312,784289.3125,20893.0,0.0,19423.0,17.0,0.0,0.04742,64128.0,1721542400.0,64.0,0.0,0.0,0.0,0.0,0.0,62.0,0.0,69.715561,0.0,14.0,0.0,0.0,160.882065,31872.0,31.0,0.0,0.0,0.0,0.0,0.186472,0.0,0.0,842850.4375,0.186472,1470.0,0.0,1142.529419,0.0,0.0,0.186472,0.186472,0.0,0.0,0.0,85.803764,0.0,HTTP
0.0,0.000993,0.0,76.693878,0.31008,0.059155,-0.0,94994.84375,3059159.0,123777.0,0.0,120019.0,83.0,0.0,0.060148,191232.0,1721542400.0,64.0,0.0,0.0,0.0,0.0,0.0,62.0,0.0,154.798767,0.0,49.0,0.0,0.0,422.471619,31872.0,132.0,0.0,0.0,0.0,0.0,0.31008,0.0,0.0,3154153.75,0.31008,3758.0,0.0,1446.012085,0.0,0.0,0.31008,0.31008,0.0,0.0,0.0,264.447906,0.0,HTTP
0.0,0.000496,0.0,139.714279,0.125783,0.059653,-0.0,53361.742188,289260.09375,6175.0,0.0,5197.0,8.0,0.0,0.060149,62080.0,1721542400.0,64.0,0.0,0.0,0.0,0.0,0.0,62.0,0.0,47.701202,0.0,7.0,0.0,0.0,111.302803,31872.0,15.0,0.0,0.0,0.0,0.0,0.125783,0.0,0.0,342621.8125,0.125783,978.0,0.0,649.625,0.0,0.0,0.125783,0.125783,0.0,0.0,0.0,55.651402,0.0,HTTP
0.0,0.001004,0.0,151.166672,0.126283,0.061686,-0.0,47892.429688,92807.421875,2738.0,0.0,1831.0,5.0,0.0,0.06269,64128.0,1721542400.0,64.0,0.0,0.0,0.0,0.0,0.0,62.0,0.0,39.593609,0.0,6.0,0.0,0.0,79.187218,31872.0,11.0,0.0,0.0,0.0,0.0,0.126283,0.0,0.0,140699.84375,0.126283,907.0,0.0,366.200012,0.0,0.0,0.126283,0.126283,0.0,0.0,0.0,31.674889,0.0,HTTP
0.0,0.001486,0.0,136.571426,0.126375,0.060769,-0.0,51909.0,396407.5,8000.0,0.0,7044.0,9.0,0.0,0.062255,61568.0,1721542400.0,64.0,0.0,0.0,0.0,0.0,0.0,62.0,0.0,47.477741,0.0,7.0,0.0,0.0,118.694359,31872.0,16.0,0.0,0.0,0.0,0.0,0.126375,0.0,0.0,448316.5,0.126375,956.0,0.0,782.666687,0.0,0.0,0.126375,0.126375,0.0,0.0,0.0,63.303658,0.0,HTTP
0.0,0.000994,0.0,95.235291,0.187635,0.061262,-0.0,64977.214844,1044581.1875,27344.0,0.0,25725.0,21.0,0.0,0.062256,68992.0,1721542400.0,64.0,0.0,0.0,0.0,0.0,0.0,62.0,0.0,85.271935,0.0,17.0,0.0,0.0,197.191345,31872.0,38.0,0.0,0.0,0.0,0.0,0.187635,0.0,0.0,1109558.375,0.187635,1619.0,0.0,1225.0,0.0,0.0,0.187635,0.187635,0.0,0.0,0.0,106.58992,0.0,HTTP
0.0,0.00149,0.0,147.0,0.141812,0.060766,-0.0,41463.347656,66284.945312,2350.0,0.0,1468.0,5.0,0.0,0.062256,64128.0,1721542400.0,64.0,0.0,0.0,0.0,0.0,0.0,62.0,0.0,35.25795,0.0,6.0,0.0,0.0,70.5159,31872.0,11.0,0.0,0.0,0.0,0.0,0.141812,0.0,0.0,107748.289062,0.141812,882.0,0.0,293.600006,0.0,0.0,0.141812,0.141812,0.0,0.0,0.0,28.206358,0.0,HTTP
0.0,0.002544,0.0,147.0,0.170285,0.074253,-0.0,34530.347656,109792.40625,3686.0,0.0,2804.0,6.0,0.0,0.076797,63488.0,1721542400.0,64.0,0.0,0.0,0.0,0.0,0.0,62.0,0.0,29.362539,0.0,6.0,0.0,0.0,64.597588,31872.0,12.0,0.0,0.0,0.0,0.0,0.170285,0.0,0.0,144322.75,0.170285,882.0,0.0,467.333344,0.0,0.0,0.170285,0.170285,0.0,0.0,0.0,29.362539,0.0,HTTP
0.0,0.00149,0.0,147.333328,0.139618,0.0593,-0.0,42229.511719,137288.890625,3759.0,0.0,2875.0,6.0,0.0,0.06079,63488.0,1721542400.0,64.0,0.0,0.0,0.0,0.0,0.0,62.0,0.0,35.812004,0.0,6.0,0.0,0.0,78.786407,31872.0,12.0,0.0,0.0,0.0,0.0,0.139618,0.0,0.0,179518.40625,0.139618,884.0,0.0,479.166656,0.0,0.0,0.139618,0.139618,0.0,0.0,0.0,35.812004,0.0,HTTP
0.0,0.001513,0.0,120.444443,0.138756,0.059277,-0.0,55579.574219,424630.25,9267.0,0.0,8183.0,10.0,0.0,0.06079,63488.0,1721542400.0,64.0,0.0,0.0,0.0,0.0,0.0,62.0,0.0,57.655163,0.0,9.0,0.0,0.0,129.724121,31872.0,19.0,0.0,0.0,0.0,0.0,0.138756,0.0,0.0,480209.84375,0.138756,1084.0,0.0,818.299988,0.0,0.0,0.138756,0.138756,0.0,0.0,0.0,64.862061,0.0,HTTP
0.0,0.002492,0.0,146.666672,0.137172,0.057763,-0.0,42807.570312,146385.5625,3892.0,0.0,3012.0,6.0,0.0,0.060255,64128.0,1721542400.0,64.0,0.0,0.0,0.0,0.0,0.0,62.0,0.0,36.450588,0.0,6.0,0.0,0.0,80.191292,31872.0,12.0,0.0,0.0,0.0,0.0,0.137172,0.0,0.0,189193.125,0.137172,880.0,0.0,502.0,0.0,0.0,0.137172,0.137172,0.0,0.0,0.0,36.450588,0.0,HTTP
0.0,0.000964,0.0,114.699997,0.123437,0.05997,-0.0,66949.132812,790168.25,14355.0,0.0,13208.0,13.0,0.0,0.060934,64128.0,1721542400.0,64.0,0.0,0.0,0.0,0.0,0.0,62.0,0.0,72.91169,0.0,10.0,0.0,0.0,178.228561,31872.0,23.0,0.0,0.0,0.0,0.0,0.123437,0.0,0.0,857117.375,0.123437,1147.0,0.0,1016.0,0.0,0.0,0.123437,0.123437,0.0,0.0,0.0,97.215584,0.0,HTTP
0.0,0.000998,0.0,126.125,0.138569,0.058995,-0.0,50978.214844,406440.125,8928.0,0.0,7919.0,9.0,0.0,0.059993,60672.0,1721542400.0,64.0,0.0,0.0,0.0,0.0,0.0,62.0,0.0,50.51635,0.0,8.0,0.0,0.0,115.465942,31872.0,17.0,0.0,0.0,0.0,0.0,0.138569,0.0,0.0,457418.34375,0.138569,1009.0,0.0,879.888916,0.0,0.0,0.138569,0.138569,0.0,0.0,0.0,57.732971,0.0,HTTP
0.0,0.000497,0.0,146.5,0.138068,0.058995,-0.0,42471.824219,129385.515625,3558.0,0.0,2679.0,6.0,0.0,0.059492,63488.0,1721542400.0,64.0,0.0,0.0,0.0,0.0,0.0,62.0,0.0,36.214039,0.0,6.0,0.0,0.0,79.670883,31872.0,12.0,0.0,0.0,0.0,0.0,0.138068,0.0,0.0,171857.34375,0.138068,879.0,0.0,446.5,0.0,0.0,0.138068,0.138068,0.0,0.0,0.0,36.214039,0.0,HTTP
0.0,0.000531,0.0,134.857147,0.138133,0.058793,-0.0,46911.308594,272722.65625,6325.0,0.0,5381.0,8.0,0.0,0.059324,64128.0,1721542400.0,64.0,0.0,0.0,0.0,0.0,0.0,62.0,0.0,43.436398,0.0,7.0,0.0,0.0,101.351593,31872.0,15.0,0.0,0.0,0.0,0.0,0.138133,0.0,0.0,319633.96875,0.138133,944.0,0.0,672.625,0.0,0.0,0.138133,0.138133,0.0,0.0,0.0,50.675797,0.0,HTTP
0.0,0.000993,0.0,155.666672,0.123683,0.060305,-0.0,50386.875,66039.796875,2210.0,0.0,1276.0,5.0,0.0,0.061298,64128.0,1721542400.0,64.0,0.0,0.0,0.0,0.0,0.0,62.0,0.0,40.42593,0.0,6.0,0.0,0.0,80.85186,31872.0,11.0,0.0,0.0,0.0,0.0,0.123683,0.0,0.0,116426.671875,0.123683,934.0,0.0,255.199997,0.0,0.0,0.123683,0.123683,0.0,0.0,0.0,32.340744,0.0,HTTP
0.0,0.000497,0.0,143.142853,0.123939,0.060699,-0.0,55446.632812,210232.453125,4801.0,0.0,3799.0,7.0,0.0,0.061196,64128.0,1721542400.0,64.0,0.0,0.0,0.0,0.0,0.0,62.0,0.0,48.410912,0.0,7.0,0.0,0.0,104.890312,31872.0,14.0,0.0,0.0,0.0,0.0,0.123939,0.0,0.0,265679.09375,0.123939,1002.0,0.0,542.714294,0.0,0.0,0.123939,0.123939,0.0,0.0,0.0,48.410912,0.0,HTTP
0.0,0.000497,0.0,141.0,0.125912,0.061643,-0.0,53751.828125,233623.484375,5276.0,0.0,4289.0,7.0,0.0,0.06214,64128.0,1721542400.0,64.0,0.0,0.0,0.0,0.0,0.0,62.0,0.0,47.652328,0.0,7.0,0.0,0.0,103.246712,31872.0,14.0,0.0,0.0,0.0,0.0,0.125912,0.0,0.0,287375.3125,0.125912,987.0,0.0,612.714294,0.0,0.0,0.125912,0.125912,0.0,0.0,0.0,47.652328,0.0,HTTP
0.0,0.00149,0.0,153.333328,0.123372,0.059904,-0.0,49735.757812,133190.671875,3384.0,0.0,2464.0,6.0,0.0,0.061394,64128.0,1721542400.0,64.0,0.0,0.0,0.0,0.0,0.0,62.0,0.0,40.527832,0.0,6.0,0.0,0.0,89.161232,31872.0,12.0,0.0,0.0,0.0,0.0,0.123372,0.0,0.0,182926.421875,0.123372,920.0,0.0,410.666656,0.0,0.0,0.123372,0.123372,0.0,0.0,0.0,40.527832,0.0,HTTP
0.0,0.0,0.0,96.882355,0.185556,0.05987,-0.0,66869.304688,1246674.875,31820.0,0.0,30173.0,24.0,0.0,0.05987,81536.0,1721542400.0,64.0,0.0,0.0,0.0,0.0,0.0,62.0,0.0,86.227341,0.0,17.0,0.0,0.0,215.568359,31872.0,41.0,0.0,0.0,0.0,0.0,0.185556,0.0,0.0,1313544.25,0.185556,1647.0,0.0,1257.208374,0.0,0.0,0.185556,0.185556,0.0,0.0,0.0,123.951805,0.0,HTTP
0.0,0.000512,0.0,97.117645,0.184181,0.059484,-0.0,67498.820312,1147479.875,29326.0,0.0,27675.0,22.0,0.0,0.059996,69888.0,1721542400.0,64.0,0.0,0.0,0.0,0.0,0.0,62.0,0.0,86.871063,0.0,17.0,0.0,0.0,206.318771,31872.0,39.0,0.0,0.0,0.0,0.0,0.184181,0.0,0.0,1214978.75,0.184181,1651.0,0.0,1257.95459,0.0,0.0,0.184181,0.184181,0.0,0.0,0.0,114.018272,0.0,HTTP
0.0,0.00196,0.0,155.0,0.142041,0.05987,-0.0,43649.371094,76090.710938,2618.0,0.0,1688.0,5.0,0.0,0.06183,64128.0,1721542400.0,64.0,0.0,0.0,0.0,0.0,0.0,62.0,0.0,35.201103,0.0,6.0,0.0,0.0,70.402206,31872.0,11.0,0.0,0.0,0.0,0.0,0.142041,0.0,0.0,119740.078125,0.142041,930.0,0.0,337.600006,0.0,0.0,0.142041,0.142041,0.0,0.0,0.0,28.160883,0.0,HTTP
0.0,0.002457,0.0,155.166672,0.141545,0.071914,-0.0,43858.84375,69462.007812,2467.0,0.0,1536.0,5.0,0.0,0.074371,64128.0,1721542400.0,64.0,0.0,0.0,0.0,0.0,0.0,62.0,0.0,35.324455,0.0,6.0,0.0,0.0,70.648911,31872.0,11.0,0.0,0.0,0.0,0.0,0.141545,0.0,0.0,113320.851562,0.141545,931.0,0.0,307.200012,0.0,0.0,0.141545,0.141545,0.0,0.0,0.0,28.259565,0.0,HTTP
0.0,0.001503,0.0,155.0,0.141583,0.073902,-0.0,43790.570312,59442.167969,2244.0,0.0,1314.0,5.0,0.0,0.075405,64128.0,1721542400.0,64.0,0.0,0.0,0.0,0.0,0.0,62.0,0.0,35.314976,0.0,6.0,0.0,0.0,70.629951,31872.0,11.0,0.0,0.0,0.0,0.0,0.141583,0.0,0.0,103232.734375,0.141583,930.0,0.0,262.799988,0.0,0.0,0.141583,0.141583,0.0,0.0,0.0,28.25198,0.0,HTTP
0.0,0.001502,0.0,154.666672,0.140583,0.073399,-0.0,44045.15625,62425.757812,2299.0,0.0,1371.0,5.0,0.0,0.074901,64128.0,1721542400.0,64.0,0.0,0.0,0.0,0.0,0.0,62.0,0.0,35.566181,0.0,6.0,0.0,0.0,71.132362,31872.0,11.0,0.0,0.0,0.0,0.0,0.140583,0.0,0.0,106470.914062,0.140583,928.0,0.0,274.200012,0.0,0.0,0.140583,0.140583,0.0,0.0,0.0,28.452944,0.0,HTTP
0.0,0.001502,0.0,155.5,0.156876,0.073399,-0.0,39674.648438,104031.210938,3380.0,0.0,2447.0,6.0,0.0,0.074901,64128.0,1721542400.0,64.0,0.0,0.0,0.0,0.0,0.0,62.0,0.0,31.872307,0.0,6.0,0.0,0.0,70.11908,31872.0,12.0,0.0,0.0,0.0,0.0,0.156876,0.0,0.0,143705.859375,0.156876,933.0,0.0,407.833344,0.0,0.0,0.156876,0.156876,0.0,0.0,0.0,31.872307,0.0,HTTP
0.0,0.001005,0.0,155.166672,0.142321,0.062022,-0.0,43619.703125,78695.34375,2681.0,0.0,1750.0,5.0,0.0,0.063027,64128.0,1721542400.0,64.0,0.0,0.0,0.0,0.0,0.0,62.0,0.0,35.131847,0.0,6.0,0.0,0.0,70.263695,31872.0,11.0,0.0,0.0,0.0,0.0,0.142321,0.0,0.0,122315.046875,0.142321,931.0,0.0,350.0,0.0,0.0,0.142321,0.142321,0.0,0.0,0.0,28.105478,0.0,HTTP
0.0,0.000993,0.0,154.666672,0.124663,0.060977,-0.0,49669.910156,63531.277344,2165.0,0.0,1237.0,5.0,0.0,0.06197,64128.0,1721542400.0,64.0,0.0,0.0,0.0,0.0,0.0,62.0,0.0,40.108131,0.0,6.0,0.0,0.0,80.216263,31872.0,11.0,0.0,0.0,0.0,0.0,0.124663,0.0,0.0,113201.1875,0.124663,928.0,0.0,247.399994,0.0,0.0,0.124663,0.124663,0.0,0.0,0.0,32.086506,0.0,HTTP
0.0,0.000994,0.0,155.333328,0.125179,0.060986,-0.0,49656.894531,88704.976562,2666.0,0.0,1734.0,5.0,0.0,0.06198,64128.0,1721542400.0,64.0,0.0,0.0,0.0,0.0,0.0,62.0,0.0,39.942802,0.0,6.0,0.0,0.0,79.885605,31872.0,11.0,0.0,0.0,0.0,0.0,0.125179,0.0,0.0,138361.875,0.125179,932.0,0.0,346.799988,0.0,0.0,0.125179,0.125179,0.0,0.0,0.0,31.954243,0.0,HTTP
0.0,0.000994,0.0,154.666672,0.125179,0.060986,-0.0,49465.167969,73111.3125,2357.0,0.0,1429.0,5.0,0.0,0.06198,64128.0,1721542400.0,64.0,0.0,0.0,0.0,0.0,0.0,62.0,0.0,39.942802,0.0,6.0,0.0,0.0,79.885605,31872.0,11.0,0.0,0.0,0.0,0.0,0.125179,0.0,0.0,122576.476562,0.125179,928.0,0.0,285.799988,0.0,0.0,0.125179,0.125179,0.0,0.0,0.0,31.954243,0.0,HTTP
0.0,0.001732,0.0,155.666672,0.125179,0.060248,-0.0,49784.710938,81163.78125,2521.0,0.0,1587.0,5.0,0.0,0.06198,64128.0,1721542400.0,64.0,0.0,0.0,0.0,0.0,0.0,62.0,0.0,39.942802,0.0,6.0,0.0,0.0,79.885605,31872.0,11.0,0.0,0.0,0.0,0.0,0.125179,0.0,0.0,130948.492188,0.125179,934.0,0.0,317.399994,0.0,0.0,0.125179,0.125179,0.0,0.0,0.0,31.954243,0.0,HTTP
0.0,0.000501,0.0,155.166672,0.136903,0.059751,-0.0,45345.972656,88003.914062,2813.0,0.0,1882.0,5.0,0.0,0.060252,64128.0,1721542400.0,64.0,0.0,0.0,0.0,0.0,0.0,62.0,0.0,36.522209,0.0,6.0,0.0,0.0,73.044418,31872.0,11.0,0.0,0.0,0.0,0.0,0.136903,0.0,0.0,133349.890625,0.136903,931.0,0.0,376.399994,0.0,0.0,0.136903,0.136903,0.0,0.0,0.0,29.217766,0.0,HTTP
0.0,0.001489,0.0,110.333336,0.140708,0.060387,-0.0,69022.375,813031.25,16724.0,0.0,15400.0,14.0,0.0,0.061876,63488.0,1721542400.0,64.0,0.0,0.0,0.0,0.0,0.0,62.0,0.0,78.176079,0.0,12.0,0.0,0.0,177.672913,31872.0,26.0,0.0,0.0,0.0,0.0,0.140708,0.0,0.0,882053.625,0.140708,1324.0,0.0,1100.0,0.0,0.0,0.140708,0.140708,0.0,0.0,0.0,92.389915,0.0,HTTP
0.0,0.000993,0.0,124.666664,0.140212,0.060387,-0.0,56942.34375,583059.9375,12270.0,0.0,11148.0,12.0,0.0,0.06138,64128.0,1721542400.0,64.0,0.0,0.0,0.0,0.0,0.0,62.0,0.0,57.056458,0.0,9.0,0.0,0.0,142.641144,31872.0,21.0,0.0,0.0,0.0,0.0,0.140212,0.0,0.0,640002.3125,0.140212,1122.0,0.0,929.0,0.0,0.0,0.140212,0.140212,0.0,0.0,0.0,78.452629,0.0,HTTP
0.0,0.001506,0.0,125.444443,0.124577,0.060501,-0.0,64474.179688,538012.625,10437.0,0.0,9308.0,10.0,0.0,0.062007,64128.0,1721542400.0,64.0,0.0,0.0,0.0,0.0,0.0,62.0,0.0,64.217308,0.0,9.0,0.0,0.0,144.488953,31872.0,19.0,0.0,0.0,0.0,0.0,0.124577,0.0,0.0,602486.8125,0.124577,1129.0,0.0,930.799988,0.0,0.0,0.124577,0.124577,0.0,0.0,0.0,72.244476,0.0,HTTP
0.0,0.002004,12.0,80.364586,0.987175,0.060636,-0.0,61873.527344,1966508.5,251864.0,1.0,244149.0,164.0,0.0,0.06264,321024.0,1721542400.0,64.0,0.0,0.0,0.0,0.0,0.0,62.0,0.0,96.234207,0.0,96.0,12.0,0.0,262.364838,31872.0,260.0,0.0,0.0,4.411765,0.0,0.987175,0.0,0.0,2028382.0,0.987175,7715.0,0.0,1488.713379,0.0,0.0,0.987175,0.987175,1.0,0.0,1.0,165.11763,0.0,HTTP
0.0,0.002004,0.0,93.105263,0.339373,0.060636,-0.0,39508.152344,738090.5625,34332.0,0.0,32563.0,26.0,0.0,0.06264,82048.0,1721542400.0,64.0,0.0,0.0,0.0,0.0,0.0,62.0,0.0,53.038986,0.0,19.0,0.0,0.0,129.650864,31872.0,45.0,0.0,0.0,0.0,0.0,0.339373,0.0,0.0,777598.6875,0.339373,1769.0,0.0,1252.423096,0.0,0.0,0.339373,0.339373,0.0,0.0,0.0,73.66526,0.0,HTTP
0.0,0.002004,0.0,130.375,0.170925,0.061142,-0.0,42732.191406,391891.15625,10346.0,0.0,9303.0,10.0,0.0,0.063146,64128.0,1721542400.0,64.0,0.0,0.0,0.0,0.0,0.0,62.0,0.0,40.953632,0.0,8.0,0.0,0.0,99.458824,31872.0,18.0,0.0,0.0,0.0,0.0,0.170925,0.0,0.0,434623.34375,0.170925,1043.0,0.0,930.299988,0.0,0.0,0.170925,0.170925,0.0,0.0,0.0,52.654671,0.0,HTTP
0.0,0.002505,0.0,139.142853,0.140699,0.060641,-0.0,47477.238281,320627.71875,7418.0,0.0,6444.0,8.0,0.0,0.063146,64128.0,1721542400.0,64.0,0.0,0.0,0.0,0.0,0.0,62.0,0.0,42.644226,0.0,7.0,0.0,0.0,99.503197,31872.0,15.0,0.0,0.0,0.0,0.0,0.140699,0.0,0.0,368104.96875,0.140699,974.0,0.0,805.5,0.0,0.0,0.140699,0.140699,0.0,0.0,0.0,49.751598,0.0,HTTP
0.0,0.0015,0.0,117.400002,0.15501,0.061125,-0.0,54551.320312,512276.625,12092.0,0.0,10918.0,11.0,0.0,0.062625,62592.0,1721542400.0,64.0,0.0,0.0,0.0,0.0,0.0,62.0,0.0,58.060772,0.0,10.0,0.0,0.0,129.023941,31872.0,21.0,0.0,0.0,0.0,0.0,0.15501,0.0,0.0,566827.9375,0.15501,1174.0,0.0,992.545471,0.0,0.0,0.15501,0.15501,0.0,0.0,0.0,64.511971,0.0,HTTP
0.0,0.0015,0.0,130.625,0.16992,0.061125,-0.0,43079.097656,441290.03125,11355.0,0.0,10310.0,11.0,0.0,0.062625,63488.0,1721542400.0,64.0,0.0,0.0,0.0,0.0,0.0,62.0,0.0,41.195858,0.0,8.0,0.0,0.0,105.932205,31872.0,19.0,0.0,0.0,0.0,0.0,0.16992,0.0,0.0,484369.125,0.16992,1045.0,0.0,937.272705,0.0,0.0,0.16992,0.16992,0.0,0.0,0.0,58.851227,0.0,HTTP
0.0,0.001994,0.0,94.9375,0.462928,0.105221,-0.0,24625.859375,438997.0,28131.0,0.0,26612.0,22.0,0.0,0.107215,75776.0,1721542400.0,64.0,0.0,0.0,0.0,0.0,0.0,62.0,0.0,32.402447,0.0,16.0,0.0,0.0,79.926033,31872.0,38.0,0.0,0.0,0.0,0.0,0.462928,0.0,0.0,463622.84375,0.462928,1519.0,0.0,1209.636353,0.0,0.0,0.462928,0.462928,0.0,0.0,0.0,45.363426,0.0,HTTP
0.0,0.001384,3.0,104.285713,0.646439,0.136976,-0.0,16781.166016,357775.4375,31574.0,1.0,30114.0,25.0,0.0,0.13836,63488.0,1721542400.0,64.0,0.0,0.0,0.0,0.0,0.0,62.0,0.0,20.110172,0.0,14.0,3.0,0.0,58.783581,31872.0,39.0,0.0,0.0,7.142857,0.0,0.646439,0.0,0.0,374556.59375,0.646439,1460.0,0.0,1204.560059,0.0,0.0,0.646439,0.646439,1.0,0.0,0.0,37.126472,0.0,HTTP
0.0,0.001003,2.0,124.199997,0.522553,0.182608,-0.0,17115.966797,153584.40625,12277.0,1.0,11035.0,11.0,0.0,0.183611,61568.0,1721542400.0,64.0,0.0,0.0,0.0,0.0,0.0,62.0,0.0,17.223133,0.0,10.0,2.0,0.0,38.273628,31872.0,21.0,0.0,0.0,8.695652,0.0,0.522553,0.0,0.0,170700.375,0.522553,1242.0,0.0,1003.181824,0.0,0.0,0.522553,0.522553,1.0,0.0,0.0,19.136814,0.0,HTTP
0.0,0.002987,0.0,150.333328,0.32433,0.165346,-0.0,18549.007812,60160.945312,3828.0,0.0,2926.0,6.0,0.0,0.168333,64128.0,1721542400.0,64.0,0.0,0.0,0.0,0.0,0.0,62.0,0.0,15.416397,0.0,6.0,0.0,0.0,33.916073,31872.0,12.0,0.0,0.0,0.0,0.0,0.32433,0.0,0.0,78709.953125,0.32433,902.0,0.0,487.666656,0.0,0.0,0.32433,0.32433,0.0,0.0,0.0,15.416397,0.0,HTTP
0.0,0.000996,0.0,130.75,0.293945,0.152044,-0.0,24929.832031,240425.921875,10763.0,0.0,9717.0,11.0,0.0,0.15304,59648.0,1721542400.0,64.0,0.0,0.0,0.0,0.0,0.0,62.0,0.0,23.813978,0.0,8.0,0.0,0.0,61.235943,31872.0,19.0,0.0,0.0,0.0,0.0,0.293945,0.0,0.0,265355.75,0.293945,1046.0,0.0,883.363647,0.0,0.0,0.293945,0.293945,0.0,0.0,0.0,34.01997,0.0,HTTP
0.0,0.000996,0.0,130.25,0.294939,0.152624,-0.0,24737.318359,169987.6875,8092.0,0.0,7050.0,9.0,0.0,0.15362,62592.0,1721542400.0,64.0,0.0,0.0,0.0,0.0,0.0,62.0,0.0,23.733721,0.0,8.0,0.0,0.0,54.248505,31872.0,17.0,0.0,0.0,0.0,0.0,0.294939,0.0,0.0,194725.0,0.294939,1042.0,0.0,783.333313,0.0,0.0,0.294939,0.294939,0.0,0.0,0.0,27.124252,0.0,HTTP
0.0,0.001001,0.0,85.57692,0.373081,0.123206,-0.0,45888.160156,925825.75,46709.0,0.0,44484.0,34.0,0.0,0.124207,64128.0,1721542400.0,64.0,0.0,0.0,0.0,0.0,0.0,62.0,0.0,67.009575,0.0,26.0,0.0,0.0,158.142609,31872.0,60.0,0.0,0.0,0.0,0.0,0.373081,0.0,0.0,971713.9375,0.373081,2225.0,0.0,1308.352905,0.0,0.0,0.373081,0.373081,0.0,0.0,0.0,88.452644,0.0,HTTP
0.0,0.001986,0.0,149.833328,0.249797,0.12271,-0.0,24019.503906,66357.882812,3385.0,0.0,2486.0,6.0,0.0,0.124696,63488.0,1721542400.0,64.0,0.0,0.0,0.0,0.0,0.0,62.0,0.0,20.016253,0.0,6.0,0.0,0.0,44.035755,31872.0,12.0,0.0,0.0,0.0,0.0,0.249797,0.0,0.0,90377.382812,0.249797,899.0,0.0,414.333344,0.0,0.0,0.249797,0.249797,0.0,0.0,0.0,20.016253,0.0,HTTP
0.0,0.000993,0.0,150.833328,0.248291,0.123224,-0.0,24326.294922,123339.148438,5371.0,0.0,4466.0,7.0,0.0,0.124217,62592.0,1721542400.0,64.0,0.0,0.0,0.0,0.0,0.0,62.0,0.0,20.137661,0.0,6.0,0.0,0.0,48.330387,31872.0,13.0,0.0,0.0,0.0,0.0,0.248291,0.0,0.0,147665.4375,0.248291,905.0,0.0,638.0,0.0,0.0,0.248291,0.248291,0.0,0.0,0.0,24.165194,0.0,HTTP
0.0,0.002004,3.0,69.627907,0.479367,0.060636,-0.0,48814.375,1163467.625,74193.0,1.0,71199.0,48.0,0.0,0.06264,500608.0,1721542400.0,64.0,0.0,0.0,0.0,0.0,0.0,62.0,0.0,87.615547,1.0,43.0,3.0,0.0,187.747604,31872.0,91.0,0.0,0.0,3.191489,0.0,0.479367,0.0,0.0,1212282.0,0.479367,2994.0,0.0,1483.3125,0.0,0.0,0.479367,0.479367,1.0,0.0,0.0,98.045967,0.0,HTTP
0.0,0.001174,0.0,134.375,0.218004,0.107898,-0.0,34531.476562,307260.40625,10378.0,0.0,9303.0,10.0,0.0,0.109072,59648.0,1721542400.0,64.0,0.0,0.0,0.0,0.0,0.0,62.0,0.0,32.109501,0.0,8.0,0.0,0.0,77.980217,31872.0,18.0,0.0,0.0,0.0,0.0,0.218004,0.0,0.0,341791.875,0.218004,1075.0,0.0,930.299988,0.0,0.0,0.218004,0.218004,0.0,0.0,0.0,41.283646,0.0,HTTP
0.0,0.000993,0.0,139.5,0.233401,0.122319,-0.0,33487.429688,160342.078125,6462.0,0.0,5346.0,8.0,0.0,0.123312,63488.0,1721542400.0,64.0,0.0,0.0,0.0,0.0,0.0,62.0,0.0,29.991302,0.0,8.0,0.0,0.0,64.267075,31872.0,16.0,0.0,0.0,0.0,0.0,0.233401,0.0,0.0,193829.5,0.233401,1116.0,0.0,668.25,0.0,0.0,0.233401,0.233401,0.0,0.0,0.0,29.991302,0.0,HTTP
0.0,0.00149,0.0,130.444443,0.218169,0.104954,-0.0,38282.25,366138.15625,12157.0,0.0,10983.0,11.0,0.0,0.106444,62592.0,1721542400.0,64.0,0.0,0.0,0.0,0.0,0.0,62.0,0.0,36.668819,0.0,9.0,0.0,0.0,87.088448,31872.0,20.0,0.0,0.0,0.0,0.0,0.218169,0.0,0.0,404420.40625,0.218169,1174.0,0.0,998.454529,0.0,0.0,0.218169,0.218169,0.0,0.0,0.0,45.836025,0.0,HTTP
0.0,0.000496,0.0,107.785713,0.293235,0.091322,-0.0,38249.183594,550930.125,22890.0,0.0,21381.0,18.0,0.0,0.091818,61568.0,1721542400.0,64.0,0.0,0.0,0.0,0.0,0.0,62.0,0.0,44.333042,0.0,14.0,0.0,0.0,105.717255,31872.0,32.0,0.0,0.0,0.0,0.0,0.293235,0.0,0.0,589179.3125,0.293235,1509.0,0.0,1187.833374,0.0,0.0,0.293235,0.293235,0.0,0.0,0.0,57.97398,0.0,HTTP
0.0,0.000497,0.0,114.5,0.230834,0.090825,-0.0,43667.742188,398554.78125,13919.0,0.0,12545.0,12.0,0.0,0.091322,64128.0,1721542400.0,64.0,0.0,0.0,0.0,0.0,0.0,62.0,0.0,47.65329,0.0,12.0,0.0,0.0,99.638695,31872.0,24.0,0.0,0.0,0.0,0.0,0.230834,0.0,0.0,442222.53125,0.230834,1374.0,0.0,1045.416626,0.0,0.0,0.230834,0.230834,0.0,0.0,0.0,47.65329,0.0,HTTP
0.0,0.000497,10.0,76.683167,0.971277,0.090825,-0.0,63166.328125,3089582.0,384344.0,1.0,376599.0,252.0,0.0,0.091322,306560.0,1721542400.0,64.0,0.0,0.0,0.0,0.0,0.0,62.0,0.0,102.957237,0.0,101.0,10.0,0.0,362.409485,31872.0,353.0,0.0,0.0,2.754821,0.0,0.971277,0.0,0.0,3152748.5,0.971277,7745.0,0.0,1494.44043,0.0,0.0,0.971277,0.971277,1.0,0.0,0.0,258.422668,0.0,HTTP
0.0,0.001003,0.0,66.0,0.000995,0.182608,-0.0,0.0,0.0,132.0,1.0,66.0,1.0,0.0,0.183611,61568.0,1721542400.0,64.0,0.0,0.0,0.0,0.0,0.0,62.0,0.0,0.0,1.0,1.0,0.0,0.0,1005.025146,31872.0,2.0,0.0,0.0,0.0,0.0,0.000995,0.0,0.0,0.0,0.000995,66.0,0.0,66.0,0.0,0.0,0.000995,0.000995,0.0,0.0,0.0,0.0,0.0,HTTP
0.0,0.002497,0.0,138.0,0.201615,0.089114,-0.0,32854.699219,137132.65625,4997.0,0.0,4031.0,7.0,0.0,0.091611,64128.0,1721542400.0,64.0,0.0,0.0,0.0,0.0,0.0,62.0,0.0,29.759689,0.0,7.0,0.0,0.0,64.479324,31872.0,14.0,0.0,0.0,0.0,0.0,0.201615,0.0,0.0,169987.359375,0.201615,966.0,0.0,575.857117,0.0,0.0,0.201615,0.201615,0.0,0.0,0.0,29.759689,0.0,HTTP
0.0,0.001996,0.0,151.333328,0.24639,0.119613,-0.0,24578.919922,77990.179688,3790.0,0.0,2882.0,6.0,0.0,0.121609,63488.0,1721542400.0,64.0,0.0,0.0,0.0,0.0,0.0,62.0,0.0,20.293032,0.0,6.0,0.0,0.0,44.644669,31872.0,12.0,0.0,0.0,0.0,0.0,0.24639,0.0,0.0,102569.101562,0.24639,908.0,0.0,480.333344,0.0,0.0,0.24639,0.24639,0.0,0.0,0.0,20.293032,0.0,HTTP
0.0,0.000497,0.0,149.5,0.216533,0.106827,-0.0,27635.509766,85049.390625,3659.0,0.0,2762.0,6.0,0.0,0.107324,63488.0,1721542400.0,64.0,0.0,0.0,0.0,0.0,0.0,62.0,0.0,23.091167,0.0,6.0,0.0,0.0,50.800571,31872.0,12.0,0.0,0.0,0.0,0.0,0.216533,0.0,0.0,112684.898438,0.216533,897.0,0.0,460.333344,0.0,0.0,0.216533,0.216533,0.0,0.0,0.0,23.091167,0.0,HTTP
0.0,0.000497,0.0,149.5,0.247907,0.10719,-0.0,24138.083984,73705.0625,3637.0,0.0,2740.0,6.0,0.0,0.107687,63488.0,1721542400.0,64.0,0.0,0.0,0.0,0.0,0.0,62.0,0.0,20.168854,0.0,6.0,0.0,0.0,44.371479,31872.0,12.0,0.0,0.0,0.0,0.0,0.247907,0.0,0.0,97843.140625,0.247907,897.0,0.0,456.666656,0.0,0.0,0.247907,0.247907,0.0,0.0,0.0,20.168854,0.0,HTTP
0.0,0.001005,0.0,149.5,0.247781,0.105975,-0.0,24150.359375,62474.527344,3218.0,0.0,2321.0,6.0,0.0,0.10698,64128.0,1721542400.0,64.0,0.0,0.0,0.0,0.0,0.0,62.0,0.0,20.17911,0.0,6.0,0.0,0.0,44.394043,31872.0,12.0,0.0,0.0,0.0,0.0,0.247781,0.0,0.0,86624.882812,0.247781,897.0,0.0,386.833344,0.0,0.0,0.247781,0.247781,0.0,0.0,0.0,20.17911,0.0,HTTP
0.0,0.001005,0.0,137.571426,0.247781,0.105975,-0.0,26668.712891,132342.671875,5745.0,0.0,4782.0,7.0,0.0,0.10698,64128.0,1721542400.0,64.0,0.0,0.0,0.0,0.0,0.0,62.0,0.0,24.214931,0.0,7.0,0.0,0.0,52.465687,31872.0,14.0,0.0,0.0,0.0,0.0,0.247781,0.0,0.0,159011.390625,0.247781,963.0,0.0,683.142883,0.0,0.0,0.247781,0.247781,0.0,0.0,0.0,24.214931,0.0,HTTP
0.0,0.000997,0.0,137.571426,0.341223,0.122703,-0.0,19365.634766,148430.796875,8085.0,0.0,7122.0,9.0,0.0,0.1237,60672.0,1721542400.0,64.0,0.0,0.0,0.0,0.0,0.0,62.0,0.0,17.583809,0.0,7.0,0.0,0.0,43.959522,31872.0,16.0,0.0,0.0,0.0,0.0,0.341223,0.0,0.0,167796.4375,0.341223,963.0,0.0,791.333313,0.0,0.0,0.341223,0.341223,0.0,0.0,0.0,23.445078,0.0,HTTP
0.0,0.00057,0.0,137.571426,0.34095,0.122845,-0.0,19381.140625,73230.679688,4604.0,0.0,3641.0,7.0,0.0,0.123415,63488.0,1721542400.0,64.0,0.0,0.0,0.0,0.0,0.0,62.0,0.0,17.597887,0.0,7.0,0.0,0.0,38.128757,31872.0,14.0,0.0,0.0,0.0,0.0,0.34095,0.0,0.0,92611.820312,0.34095,963.0,0.0,520.142883,0.0,0.0,0.34095,0.34095,0.0,0.0,0.0,17.597887,0.0,HTTP
0.0,0.000899,0.0,149.5,0.432144,0.214882,-0.0,13847.236328,74697.328125,5604.0,0.0,4707.0,7.0,0.0,0.215781,62592.0,1721542400.0,64.0,0.0,0.0,0.0,0.0,0.0,62.0,0.0,11.570218,0.0,6.0,0.0,0.0,27.768522,31872.0,13.0,0.0,0.0,0.0,0.0,0.432144,0.0,0.0,88544.5625,0.432144,897.0,0.0,672.428589,0.0,0.0,0.432144,0.432144,0.0,0.0,0.0,13.884261,0.0,HTTP
0.0,0.0007,0.0,128.625,0.41644,0.198992,-0.0,17308.615234,95898.570312,6734.0,0.0,5705.0,8.0,0.0,0.199692,62592.0,1721542400.0,64.0,0.0,0.0,0.0,0.0,0.0,62.0,0.0,16.809143,0.0,8.0,0.0,0.0,36.019592,31872.0,16.0,0.0,0.0,0.0,0.0,0.41644,0.0,0.0,113207.179688,0.41644,1029.0,0.0,713.125,0.0,0.0,0.41644,0.41644,0.0,0.0,0.0,16.809143,0.0,HTTP
0.0,0.001474,0.0,149.5,0.41644,0.198218,-0.0,14369.416992,37729.324219,3253.0,0.0,2356.0,6.0,0.0,0.199692,63488.0,1721542400.0,64.0,0.0,0.0,0.0,0.0,0.0,62.0,0.0,12.006532,0.0,6.0,0.0,0.0,26.41437,31872.0,12.0,0.0,0.0,0.0,0.0,0.41644,0.0,0.0,52098.742188,0.41644,897.0,0.0,392.666656,0.0,0.0,0.41644,0.41644,0.0,0.0,0.0,12.006532,0.0,HTTP
0.0,0.001625,0.0,137.571426,0.417792,0.212115,-0.0,15816.483398,104607.078125,7206.0,0.0,6243.0,8.0,0.0,0.21374,63360.0,1721542400.0,64.0,0.0,0.0,0.0,0.0,0.0,62.0,0.0,14.361214,0.0,7.0,0.0,0.0,33.509499,31872.0,15.0,0.0,0.0,0.0,0.0,0.417792,0.0,0.0,120423.5625,0.417792,963.0,0.0,780.375,0.0,0.0,0.417792,0.417792,0.0,0.0,0.0,16.754749,0.0,HTTP
0.0,0.001024,0.0,137.571426,0.430743,0.213153,-0.0,15340.933594,98118.828125,7000.0,0.0,6037.0,8.0,0.0,0.214177,62592.0,1721542400.0,64.0,0.0,0.0,0.0,0.0,0.0,62.0,0.0,13.92942,0.0,7.0,0.0,0.0,32.50198,31872.0,15.0,0.0,0.0,0.0,0.0,0.430743,0.0,0.0,113459.765625,0.430743,963.0,0.0,754.625,0.0,0.0,0.430743,0.430743,0.0,0.0,0.0,16.25099,0.0,HTTP
0.0,0.00051,0.0,137.571426,0.355545,0.19954,-0.0,18585.550781,77312.289062,4971.0,0.0,4008.0,7.0,0.0,0.20005,64128.0,1721542400.0,64.0,0.0,0.0,0.0,0.0,0.0,62.0,0.0,16.8755,0.0,7.0,0.0,0.0,36.563583,31872.0,14.0,0.0,0.0,0.0,0.0,0.355545,0.0,0.0,95897.84375,0.355545,963.0,0.0,572.571411,0.0,0.0,0.355545,0.355545,0.0,0.0,0.0,16.8755,0.0,HTTP
0.0,0.000984,0.0,149.5,0.356362,0.200149,-0.0,16791.914062,77135.054688,4905.0,0.0,4008.0,7.0,0.0,0.201133,62592.0,1721542400.0,64.0,0.0,0.0,0.0,0.0,0.0,62.0,0.0,14.030677,0.0,6.0,0.0,0.0,33.673626,31872.0,13.0,0.0,0.0,0.0,0.0,0.356362,0.0,0.0,93926.96875,0.356362,897.0,0.0,572.571411,0.0,0.0,0.356362,0.356362,0.0,0.0,0.0,16.836813,0.0,HTTP
0.0,0.001493,0.0,137.571426,0.355867,0.19964,-0.0,18568.734375,86436.789062,5448.0,0.0,4485.0,7.0,0.0,0.201133,62592.0,1721542400.0,64.0,0.0,0.0,0.0,0.0,0.0,62.0,0.0,16.860231,0.0,7.0,0.0,0.0,36.530502,31872.0,14.0,0.0,0.0,0.0,0.0,0.355867,0.0,0.0,105005.523438,0.355867,963.0,0.0,640.714294,0.0,0.0,0.355867,0.355867,0.0,0.0,0.0,16.860231,0.0,HTTP
0.0,0.000497,0.0,66.0,0.062757,0.090825,-0.0,134614.46875,0.0,1188.0,1.0,66.0,1.0,0.0,0.091322,347136.0,1721542400.0,64.0,0.0,0.0,0.0,0.0,0.0,62.0,0.0,254.951645,1.0,17.0,0.0,0.0,270.886108,31872.0,18.0,0.0,0.0,0.0,0.0,0.062757,0.0,0.0,134614.46875,0.062757,1122.0,0.0,66.0,0.0,0.0,0.062757,0.062757,0.0,0.0,0.0,0.0,0.0,HTTP
0.0,0.000496,0.0,128.625,0.294215,0.169278,-0.0,24499.091797,126275.007812,6336.0,0.0,5307.0,8.0,0.0,0.169774,64128.0,1721542400.0,64.0,0.0,0.0,0.0,0.0,0.0,62.0,0.0,23.792126,0.0,8.0,0.0,0.0,50.983124,31872.0,16.0,0.0,0.0,0.0,0.0,0.294215,0.0,0.0,150774.09375,0.294215,1029.0,0.0,663.375,0.0,0.0,0.294215,0.294215,0.0,0.0,0.0,23.792126,0.0,HTTP
0.0,0.001517,0.0,150.5,0.279124,0.151469,-0.0,21581.806641,54484.746094,3184.0,0.0,2281.0,6.0,0.0,0.152986,63488.0,1721542400.0,64.0,0.0,0.0,0.0,0.0,0.0,62.0,0.0,17.913185,0.0,6.0,0.0,0.0,39.409008,31872.0,12.0,0.0,0.0,0.0,0.0,0.279124,0.0,0.0,76066.554688,0.279124,903.0,0.0,380.166656,0.0,0.0,0.279124,0.279124,0.0,0.0,0.0,17.913185,0.0,HTTP
0.0,0.000993,0.0,151.5,0.264288,0.138077,-0.0,22944.666016,46373.652344,2823.0,0.0,1914.0,5.0,0.0,0.13907,64128.0,1721542400.0,64.0,0.0,0.0,0.0,0.0,0.0,62.0,0.0,18.918755,0.0,6.0,0.0,0.0,37.837509,31872.0,11.0,0.0,0.0,0.0,0.0,0.264288,0.0,0.0,69318.320312,0.264288,909.0,0.0,382.799988,0.0,0.0,0.264288,0.264288,0.0,0.0,0.0,15.135004,0.0,HTTP
0.0,0.000998,0.0,150.0,0.231899,0.121641,-0.0,25873.333984,77792.492188,3605.0,0.0,2705.0,6.0,0.0,0.122639,63488.0,1721542400.0,64.0,0.0,0.0,0.0,0.0,0.0,62.0,0.0,21.561111,0.0,6.0,0.0,0.0,47.434444,31872.0,12.0,0.0,0.0,0.0,0.0,0.231899,0.0,0.0,103665.820312,0.231899,900.0,0.0,450.833344,0.0,0.0,0.231899,0.231899,0.0,0.0,0.0,21.561111,0.0,HTTP
0.0,0.000994,0.0,116.400002,0.216702,0.122226,-0.0,38689.074219,288063.78125,9833.0,0.0,8669.0,10.0,0.0,0.12322,60544.0,1721542400.0,64.0,0.0,0.0,0.0,0.0,0.0,62.0,0.0,41.531689,0.0,10.0,0.0,0.0,87.678009,31872.0,20.0,0.0,0.0,0.0,0.0,0.216702,0.0,0.0,326752.875,0.216702,1164.0,0.0,866.900024,0.0,0.0,0.216702,0.216702,0.0,0.0,0.0,41.531689,0.0,HTTP
0.0,0.000504,0.0,80.358971,0.262698,0.059721,-0.0,93004.132812,2350866.75,81733.0,0.0,78599.0,56.0,0.0,0.060225,125312.0,1721542400.0,64.0,0.0,0.0,0.0,0.0,0.0,62.0,0.0,144.652802,0.0,39.0,0.0,0.0,357.825348,31872.0,95.0,0.0,0.0,0.0,0.0,0.262698,0.0,0.0,2443871.0,0.262698,3134.0,0.0,1403.553589,0.0,0.0,0.262698,0.262698,0.0,0.0,0.0,209.365891,0.0,HTTP
0.0,0.001004,0.0,140.25,0.126093,0.060857,-0.0,62303.21875,283727.09375,6232.0,0.0,5110.0,8.0,0.0,0.061861,63360.0,1721542400.0,64.0,0.0,0.0,0.0,0.0,0.0,62.0,0.0,55.51458,0.0,8.0,0.0,0.0,118.959816,31872.0,16.0,0.0,0.0,0.0,0.0,0.126093,0.0,0.0,346030.3125,0.126093,1122.0,0.0,638.75,0.0,0.0,0.126093,0.126093,0.0,0.0,0.0,55.51458,0.0,HTTP
0.0,0.001005,0.0,145.714279,0.124952,0.059681,-0.0,56021.511719,451757.46875,8958.0,0.0,7938.0,9.0,0.0,0.060686,61056.0,1721542400.0,64.0,0.0,0.0,0.0,0.0,0.0,62.0,0.0,48.018436,0.0,7.0,0.0,0.0,120.046097,31872.0,16.0,0.0,0.0,0.0,0.0,0.124952,0.0,0.0,507778.96875,0.124952,1020.0,0.0,882.0,0.0,0.0,0.124952,0.124952,0.0,0.0,0.0,64.024582,0.0,HTTP
0.0,0.00154,0.0,177.600006,0.124952,0.059146,-0.0,45521.480469,53012.355469,1922.0,0.0,1034.0,5.0,0.0,0.060686,64128.0,1721542400.0,64.0,0.0,0.0,0.0,0.0,0.0,62.0,0.0,32.012291,0.0,5.0,0.0,0.0,72.027657,31872.0,10.0,0.0,0.0,0.0,0.0,0.124952,0.0,0.0,98533.835938,0.124952,888.0,0.0,206.800003,0.0,0.0,0.124952,0.124952,0.0,0.0,0.0,32.012291,0.0,HTTP
0.0,0.000501,0.0,78.204544,0.29621,0.060965,-0.0,90827.453125,2331238.0,91173.0,0.0,87732.0,62.0,0.0,0.061466,183936.0,1721542400.0,64.0,0.0,0.0,0.0,0.0,0.0,62.0,0.0,145.167282,0.0,44.0,0.0,0.0,354.478241,31872.0,106.0,0.0,0.0,0.0,0.0,0.29621,0.0,0.0,2422065.5,0.29621,3441.0,0.0,1415.032227,0.0,0.0,0.29621,0.29621,0.0,0.0,0.0,205.934982,0.0,HTTP
0.0,0.000998,0.0,69.432259,0.696431,0.060964,-0.0,122831.984375,4581312.5,411071.0,0.0,400309.0,269.0,0.0,0.061962,616704.0,1721542400.0,64.0,0.0,0.0,0.0,0.0,0.0,62.0,0.0,221.127441,0.0,155.0,0.0,0.0,607.382507,31872.0,424.0,0.0,0.0,0.0,0.0,0.696431,0.0,0.0,4704144.5,0.696431,10762.0,0.0,1488.137573,0.0,0.0,0.696431,0.696431,0.0,0.0,0.0,384.819183,0.0,HTTP
0.0,0.000998,0.0,87.400002,0.2977,0.060964,-0.0,56378.90625,1243748.75,49790.0,0.0,47605.0,36.0,0.0,0.061962,67584.0,1721542400.0,64.0,0.0,0.0,0.0,0.0,0.0,62.0,0.0,80.618073,0.0,25.0,0.0,0.0,201.545181,31872.0,61.0,0.0,0.0,0.0,0.0,0.2977,0.0,0.0,1300127.75,0.2977,2185.0,0.0,1322.361084,0.0,0.0,0.2977,0.2977,0.0,0.0,0.0,117.568024,0.0,HTTP
0.0,0.000998,0.0,158.0,0.142645,0.06146,-0.0,44305.792969,206722.984375,5248.0,0.0,4300.0,7.0,0.0,0.062458,62592.0,1721542400.0,64.0,0.0,0.0,0.0,0.0,0.0,62.0,0.0,35.052052,0.0,6.0,0.0,0.0,84.124924,31872.0,13.0,0.0,0.0,0.0,0.0,0.142645,0.0,0.0,251028.78125,0.142645,948.0,0.0,614.285706,0.0,0.0,0.142645,0.142645,0.0,0.0,0.0,42.062462,0.0,HTTP
0.0,0.001999,0.0,157.333328,0.154861,0.058724,-0.0,40655.8125,72994.492188,2710.0,0.0,1766.0,5.0,0.0,0.060723,64128.0,1721542400.0,64.0,0.0,0.0,0.0,0.0,0.0,62.0,0.0,32.287018,0.0,6.0,0.0,0.0,64.574036,31872.0,11.0,0.0,0.0,0.0,0.0,0.154861,0.0,0.0,113650.304688,0.154861,944.0,0.0,353.200012,0.0,0.0,0.154861,0.154861,0.0,0.0,0.0,25.829615,0.0,HTTP
0.0,0.001999,0.0,157.166672,0.155358,0.059227,-0.0,40474.257812,171165.953125,4820.0,0.0,3877.0,7.0,0.0,0.061226,62592.0,1721542400.0,64.0,0.0,0.0,0.0,0.0,0.0,62.0,0.0,32.183731,0.0,6.0,0.0,0.0,77.240952,31872.0,13.0,0.0,0.0,0.0,0.0,0.155358,0.0,0.0,211640.203125,0.155358,943.0,0.0,553.857117,0.0,0.0,0.155358,0.155358,0.0,0.0,0.0,38.620476,0.0,HTTP
0.0,0.002493,0.0,157.333328,0.202393,0.074744,-0.0,31107.796875,48697.335938,2484.0,0.0,1540.0,5.0,0.0,0.077237,64128.0,1721542400.0,64.0,0.0,0.0,0.0,0.0,0.0,62.0,0.0,24.704412,0.0,6.0,0.0,0.0,49.408825,31872.0,11.0,0.0,0.0,0.0,0.0,0.202393,0.0,0.0,79805.132812,0.202393,944.0,0.0,308.0,0.0,0.0,0.202393,0.202393,0.0,0.0,0.0,19.763531,0.0,HTTP
0.0,0.000994,0.0,157.0,0.155399,0.07639,-0.0,40412.101562,95238.710938,3161.0,0.0,2219.0,6.0,0.0,0.077384,63488.0,1721542400.0,64.0,0.0,0.0,0.0,0.0,0.0,62.0,0.0,32.17524,0.0,6.0,0.0,0.0,70.78553,31872.0,12.0,0.0,0.0,0.0,0.0,0.155399,0.0,0.0,135650.8125,0.155399,942.0,0.0,369.833344,0.0,0.0,0.155399,0.155399,0.0,0.0,0.0,32.17524,0.0,HTTP
0.0,0.000497,0.0,154.5,0.154902,0.07639,-0.0,39922.015625,107784.28125,3431.0,0.0,2504.0,6.0,0.0,0.076887,63488.0,1721542400.0,64.0,0.0,0.0,0.0,0.0,0.0,62.0,0.0,32.278473,0.0,6.0,0.0,0.0,71.012642,31872.0,12.0,0.0,0.0,0.0,0.0,0.154902,0.0,0.0,147706.296875,0.154902,927.0,0.0,417.333344,0.0,0.0,0.154902,0.154902,0.0,0.0,0.0,32.278473,0.0,HTTP
0.0,0.001986,0.0,154.0,0.168898,0.07318,-0.0,36471.714844,112115.0,3764.0,0.0,2840.0,6.0,0.0,0.075166,63488.0,1721542400.0,64.0,0.0,0.0,0.0,0.0,0.0,62.0,0.0,29.603666,0.0,6.0,0.0,0.0,65.128067,31872.0,12.0,0.0,0.0,0.0,0.0,0.168898,0.0,0.0,148586.71875,0.168898,924.0,0.0,473.333344,0.0,0.0,0.168898,0.168898,0.0,0.0,0.0,29.603666,0.0,HTTP
0.0,0.001407,0.0,99.375,0.264549,0.062215,-0.0,45088.058594,616143.0,23163.0,0.0,21573.0,18.0,0.0,0.063622,61568.0,1721542400.0,64.0,0.0,0.0,0.0,0.0,0.0,62.0,0.0,56.700275,0.0,16.0,0.0,0.0,124.740601,31872.0,34.0,0.0,0.0,0.0,0.0,0.264549,0.0,0.0,661231.0625,0.264549,1590.0,0.0,1198.5,0.0,0.0,0.264549,0.264549,0.0,0.0,0.0,64.260307,0.0,HTTP
0.0,0.000994,0.0,135.875,0.171118,0.074536,-0.0,44507.296875,220666.4375,6481.0,0.0,5394.0,8.0,0.0,0.07553,61568.0,1721542400.0,64.0,0.0,0.0,0.0,0.0,0.0,62.0,0.0,40.907444,0.0,8.0,0.0,0.0,87.658806,31872.0,16.0,0.0,0.0,0.0,0.0,0.171118,0.0,0.0,265173.71875,0.171118,1087.0,0.0,674.25,0.0,0.0,0.171118,0.171118,0.0,0.0,0.0,40.907444,0.0,HTTP
0.0,0.001487,0.0,160.166672,0.188391,0.091872,-0.0,34014.363281,145654.515625,4962.0,0.0,4001.0,7.0,0.0,0.093359,62592.0,1721542400.0,64.0,0.0,0.0,0.0,0.0,0.0,62.0,0.0,26.540546,0.0,6.0,0.0,0.0,63.697311,31872.0,13.0,0.0,0.0,0.0,0.0,0.188391,0.0,0.0,179668.875,0.188391,961.0,0.0,571.571411,0.0,0.0,0.188391,0.188391,0.0,0.0,0.0,31.848656,0.0,HTTP
0.0,0.001997,0.0,159.5,0.187897,0.090868,-0.0,33976.0625,90475.101562,3506.0,0.0,2549.0,6.0,0.0,0.092865,63488.0,1721542400.0,64.0,0.0,0.0,0.0,0.0,0.0,62.0,0.0,26.610325,0.0,6.0,0.0,0.0,58.542713,31872.0,12.0,0.0,0.0,0.0,0.0,0.187897,0.0,0.0,124451.164062,0.187897,957.0,0.0,424.833344,0.0,0.0,0.187897,0.187897,0.0,0.0,0.0,26.610325,0.0,HTTP
0.0,0.000993,0.0,155.5,0.186906,0.076713,-0.0,33300.164062,141033.46875,4777.0,0.0,3844.0,7.0,0.0,0.077706,62592.0,1721542400.0,64.0,0.0,0.0,0.0,0.0,0.0,62.0,0.0,26.751415,0.0,6.0,0.0,0.0,64.2034,31872.0,13.0,0.0,0.0,0.0,0.0,0.186906,0.0,0.0,174333.625,0.186906,933.0,0.0,549.142883,0.0,0.0,0.186906,0.186906,0.0,0.0,0.0,32.1017,0.0,HTTP
0.0,0.002002,0.0,156.166672,0.170346,0.090247,-0.0,36678.289062,195507.953125,5793.0,0.0,4856.0,7.0,0.0,0.092249,62592.0,1721542400.0,64.0,0.0,0.0,0.0,0.0,0.0,62.0,0.0,29.352024,0.0,6.0,0.0,0.0,70.444855,31872.0,13.0,0.0,0.0,0.0,0.0,0.170346,0.0,0.0,232186.25,0.170346,937.0,0.0,693.714294,0.0,0.0,0.170346,0.170346,0.0,0.0,0.0,35.222427,0.0,HTTP
0.0,0.000994,0.0,142.714279,0.154998,0.090798,-0.0,44232.828125,343333.4375,8482.0,0.0,7483.0,9.0,0.0,0.091792,60672.0,1721542400.0,64.0,0.0,0.0,0.0,0.0,0.0,62.0,0.0,38.710175,0.0,7.0,0.0,0.0,96.775436,31872.0,16.0,0.0,0.0,0.0,0.0,0.154998,0.0,0.0,387566.25,0.154998,999.0,0.0,831.444458,0.0,0.0,0.154998,0.154998,0.0,0.0,0.0,51.613567,0.0,HTTP
0.0,0.00098,0.0,157.0,0.155887,0.077356,-0.0,40285.59375,168481.015625,4772.0,0.0,3830.0,7.0,0.0,0.078336,62592.0,1721542400.0,64.0,0.0,0.0,0.0,0.0,0.0,62.0,0.0,32.074516,0.0,6.0,0.0,0.0,76.978844,31872.0,13.0,0.0,0.0,0.0,0.0,0.155887,0.0,0.0,208766.609375,0.155887,942.0,0.0,547.142883,0.0,0.0,0.155887,0.155887,0.0,0.0,0.0,38.489422,0.0,HTTP
0.0,0.000496,0.0,102.0,0.21911,0.077356,-0.0,52138.195312,948564.6875,28747.0,0.0,27217.0,22.0,0.0,0.077852,78592.0,1721542400.0,64.0,0.0,0.0,0.0,0.0,0.0,62.0,0.0,63.894848,0.0,15.0,0.0,0.0,164.301041,31872.0,37.0,0.0,0.0,0.0,0.0,0.21911,0.0,0.0,1000702.875,0.21911,1530.0,0.0,1237.136353,0.0,0.0,0.21911,0.21911,0.0,0.0,0.0,95.84227,0.0,HTTP
0.0,0.000499,0.0,143.428574,0.154325,0.061387,-0.0,44633.082031,267435.625,6900.0,0.0,5896.0,8.0,0.0,0.061886,62592.0,1721542400.0,64.0,0.0,0.0,0.0,0.0,0.0,62.0,0.0,38.87899,0.0,7.0,0.0,0.0,90.717644,31872.0,15.0,0.0,0.0,0.0,0.0,0.154325,0.0,0.0,312068.6875,0.154325,1004.0,0.0,737.0,0.0,0.0,0.154325,0.154325,0.0,0.0,0.0,45.358822,0.0,HTTP
0.0,0.000983,0.0,133.375,0.125812,0.061219,-0.0,59390.203125,349855.34375,7355.0,0.0,6288.0,8.0,0.0,0.062202,64128.0,1721542400.0,64.0,0.0,0.0,0.0,0.0,0.0,62.0,0.0,55.638573,0.0,8.0,0.0,0.0,119.225517,31872.0,16.0,0.0,0.0,0.0,0.0,0.125812,0.0,0.0,409245.5625,0.125812,1067.0,0.0,786.0,0.0,0.0,0.125812,0.125812,0.0,0.0,0.0,55.638573,0.0,HTTP
0.0,0.000507,0.0,154.333328,0.125357,0.060216,-0.0,49267.292969,212895.96875,4817.0,0.0,3891.0,7.0,0.0,0.060723,63488.0,1721542400.0,64.0,0.0,0.0,0.0,0.0,0.0,62.0,0.0,39.886086,0.0,6.0,0.0,0.0,95.726601,31872.0,13.0,0.0,0.0,0.0,0.0,0.125357,0.0,0.0,262163.25,0.125357,926.0,0.0,555.857117,0.0,0.0,0.125357,0.125357,0.0,0.0,0.0,47.8633,0.0,HTTP
0.0,0.0,0.0,142.285721,0.124408,0.045776,-0.0,54916.082031,458555.71875,9018.0,0.0,8022.0,9.0,0.0,0.045776,60672.0,1721542400.0,64.0,0.0,0.0,0.0,0.0,0.0,62.0,0.0,48.228409,0.0,7.0,0.0,0.0,120.571022,31872.0,16.0,0.0,0.0,0.0,0.0,0.124408,0.0,0.0,513471.8125,0.124408,996.0,0.0,891.333313,0.0,0.0,0.124408,0.124408,0.0,0.0,0.0,64.30455,0.0,HTTP
0.0,0.004852,0.0,155.833328,0.126495,0.059368,-0.0,49330.011719,149191.65625,3765.0,0.0,2830.0,6.0,0.0,0.06422,64128.0,1721542400.0,64.0,0.0,0.0,0.0,0.0,0.0,62.0,0.0,39.527252,0.0,6.0,0.0,0.0,86.959953,31872.0,12.0,0.0,0.0,0.0,0.0,0.126495,0.0,0.0,198521.671875,0.126495,935.0,0.0,471.666656,0.0,0.0,0.126495,0.126495,0.0,0.0,0.0,39.527252,0.0,HTTP
0.0,0.000501,2.0,108.692307,0.540769,0.061291,-0.0,19305.841797,342948.65625,25815.0,1.0,24402.0,20.0,0.0,0.061792,59648.0,1721542400.0,64.0,0.0,0.0,0.0,0.0,0.0,62.0,0.0,22.190622,0.0,13.0,2.0,0.0,59.174992,31872.0,33.0,0.0,0.0,5.714286,0.0,0.540769,0.0,0.0,362254.5,0.540769,1413.0,0.0,1220.099976,0.0,0.0,0.540769,0.540769,1.0,0.0,0.0,35.135151,0.0,HTTP
0.0,0.001522,0.0,124.888885,0.55548,0.059769,-0.0,14401.958984,77194.5,7154.0,0.0,6030.0,9.0,0.0,0.061291,61568.0,1721542400.0,64.0,0.0,0.0,0.0,0.0,0.0,62.0,0.0,14.401958,0.0,9.0,0.0,0.0,30.604162,31872.0,18.0,0.0,0.0,0.0,0.0,0.55548,0.0,0.0,91596.453125,0.55548,1124.0,0.0,670.0,0.0,0.0,0.55548,0.55548,0.0,0.0,0.0,14.401958,0.0,HTTP
0.0,0.000506,0.0,132.25,0.553958,0.062768,-0.0,13372.855469,36306.0,3991.0,0.0,2933.0,7.0,0.0,0.063274,64128.0,1721542400.0,64.0,0.0,0.0,0.0,0.0,0.0,62.0,0.0,12.636337,0.0,8.0,0.0,0.0,25.272675,31872.0,15.0,0.0,0.0,0.0,0.0,0.553958,0.0,0.0,49678.855469,0.553958,1058.0,0.0,419.0,0.0,0.0,0.553958,0.553958,0.0,0.0,0.0,10.831146,0.0,HTTP
0.0,0.001503,2.0,186.222229,0.48048,0.06029,-0.0,24808.525391,120079.921875,9689.0,1.0,8013.0,10.0,0.0,0.061793,60672.0,1721542400.0,64.0,0.0,0.0,0.0,0.0,0.0,62.0,0.0,16.650017,0.0,9.0,2.0,0.0,37.46254,31872.0,19.0,0.0,0.0,9.52381,0.0,0.48048,0.0,0.0,144888.453125,0.48048,1676.0,0.0,801.299988,0.0,0.0,0.48048,0.48048,1.0,0.0,0.0,18.73127,0.0,HTTP
0.0,0.002,0.0,143.571426,0.511099,0.060284,-0.0,29223.302734,286973.78125,21422.0,1.0,19412.0,18.0,0.0,0.062284,63488.0,1721542400.0,64.0,0.0,0.0,0.0,0.0,0.0,62.0,0.0,25.435387,0.0,14.0,0.0,0.0,60.653614,31872.0,32.0,0.0,0.0,0.0,0.0,0.511099,0.0,0.0,316197.0625,0.511099,2010.0,0.0,1078.444458,0.0,0.0,0.511099,0.511099,0.0,0.0,0.0,33.261658,0.0,HTTP
0.0,0.001306,2.0,163.818176,0.432449,0.045272,-0.0,30320.337891,258139.109375,16752.0,1.0,14950.0,15.0,0.0,0.046578,55808.0,1721542400.0,64.0,0.0,0.0,0.0,0.0,0.0,62.0,0.0,23.124113,0.0,11.0,2.0,0.0,57.810284,31872.0,26.0,0.0,0.0,7.142857,0.0,0.432449,0.0,0.0,288459.4375,0.432449,1802.0,0.0,996.666687,0.0,0.0,0.432449,0.432449,1.0,0.0,0.0,32.37376,0.0,HTTP
0.0,0.000498,0.0,153.333328,0.448437,0.384799,-0.0,13683.081055,61154.632812,4919.0,0.0,3999.0,7.0,0.0,0.385297,62592.0,1721542400.0,64.0,0.0,0.0,0.0,0.0,0.0,62.0,0.0,11.149838,0.0,6.0,0.0,0.0,26.759611,31872.0,13.0,0.0,0.0,0.0,0.0,0.448437,0.0,0.0,74837.710938,0.448437,920.0,0.0,571.285706,0.0,0.0,0.448437,0.448437,0.0,0.0,0.0,13.379806,0.0,HTTP
0.0,0.000511,0.0,118.25,0.189106,0.061075,-0.0,55037.914062,770615.4375,20773.0,0.0,19354.0,17.0,0.0,0.061586,66688.0,1721542400.0,64.0,0.0,0.0,0.0,0.0,0.0,62.0,0.0,58.168434,0.0,12.0,0.0,0.0,148.065109,31872.0,29.0,0.0,0.0,0.0,0.0,0.189106,0.0,0.0,825653.3125,0.189106,1419.0,0.0,1138.470581,0.0,0.0,0.189106,0.189106,0.0,0.0,0.0,84.608627,0.0,HTTP
0.0,0.000497,0.0,81.540543,0.311762,0.060152,-0.0,75339.523438,2231189.25,91369.0,0.0,88352.0,63.0,0.0,0.060649,140032.0,1721542400.0,64.0,0.0,0.0,0.0,0.0,0.0,62.0,0.0,115.472702,0.0,37.0,0.0,0.0,317.549927,31872.0,100.0,0.0,0.0,0.0,0.0,0.311762,0.0,0.0,2306528.75,0.311762,3017.0,0.0,1402.41272,0.0,0.0,0.311762,0.311762,0.0,0.0,0.0,198.869644,0.0,HTTP
0.0,0.000497,0.0,69.777779,0.527545,0.061155,-0.0,160850.734375,6085259.5,413448.0,0.0,402772.0,270.0,0.0,0.061652,565248.0,1721542400.0,64.0,0.0,0.0,0.0,0.0,0.0,62.0,0.0,288.127106,0.0,153.0,0.0,0.0,799.931824,31872.0,423.0,0.0,0.0,0.0,0.0,0.527545,0.0,0.0,6246110.0,0.527545,10676.0,0.0,1491.748169,0.0,0.0,0.527545,0.527545,0.0,0.0,0.0,509.909119,0.0,HTTP
0.0,0.000994,0.0,159.833328,0.138469,0.076141,-0.0,46219.734375,59854.554688,2254.0,0.0,1295.0,5.0,0.0,0.077135,64128.0,1721542400.0,64.0,0.0,0.0,0.0,0.0,0.0,62.0,0.0,36.109165,0.0,6.0,0.0,0.0,72.21833,31872.0,11.0,0.0,0.0,0.0,0.0,0.138469,0.0,0.0,106074.289062,0.138469,959.0,0.0,259.0,0.0,0.0,0.138469,0.138469,0.0,0.0,0.0,28.887333,0.0,HTTP
0.0,0.000495,0.0,164.5,0.124899,0.061627,-0.0,52714.59375,93707.71875,2815.0,0.0,1828.0,5.0,0.0,0.062122,64128.0,1721542400.0,64.0,0.0,0.0,0.0,0.0,0.0,62.0,0.0,40.032345,0.0,6.0,0.0,0.0,80.06469,31872.0,11.0,0.0,0.0,0.0,0.0,0.124899,0.0,0.0,146422.3125,0.124899,987.0,0.0,365.600006,0.0,0.0,0.124899,0.124899,0.0,0.0,0.0,32.025875,0.0,HTTP
0.0,0.000506,0.0,156.166672,0.125709,0.061328,-0.0,49702.089844,65357.292969,2220.0,0.0,1283.0,5.0,0.0,0.061834,64128.0,1721542400.0,64.0,0.0,0.0,0.0,0.0,0.0,62.0,0.0,39.774399,0.0,6.0,0.0,0.0,79.548798,31872.0,11.0,0.0,0.0,0.0,0.0,0.125709,0.0,0.0,115059.382812,0.125709,937.0,0.0,256.600006,0.0,0.0,0.125709,0.125709,0.0,0.0,0.0,31.819521,0.0,HTTP
0.0,0.000496,0.0,67.974075,0.992322,0.060832,-0.0,147419.890625,9572570.0,1207245.0,0.0,1188892.0,788.0,0.0,0.061328,513664.0,1721542400.0,64.0,0.0,0.0,0.0,0.0,0.0,62.0,0.0,271.08136,0.0,270.0,0.0,0.0,1065.178467,31872.0,1058.0,0.0,0.0,0.0,0.0,0.992322,0.0,0.0,9719990.0,0.992322,18353.0,0.0,1508.746216,0.0,0.0,0.992322,0.992322,0.0,0.0,1.0,793.089294,0.0,HTTP
0.0,0.000496,0.0,66.0,0.341705,0.060832,-0.0,129796.171875,6874655.0,300753.0,0.0,295143.0,196.0,0.0,0.061328,513664.0,1721542400.0,64.0,0.0,0.0,0.0,0.0,0.0,62.0,0.0,245.82608,1.0,85.0,0.0,0.0,819.420288,31872.0,281.0,0.0,0.0,0.0,0.0,0.341705,0.0,0.0,7004451.5,0.341705,5610.0,0.0,1505.831665,0.0,0.0,0.341705,0.341705,0.0,0.0,0.0,570.667664,0.0,HTTP
0.0,0.0,0.0,88.279999,0.186727,0.060989,-0.0,90784.945312,1479421.75,38016.0,0.0,35809.0,28.0,0.0,0.060989,80128.0,1721542400.0,64.0,0.0,0.0,0.0,0.0,0.0,62.0,0.0,128.529877,0.0,25.0,0.0,0.0,278.481415,31872.0,53.0,0.0,0.0,0.0,0.0,0.186727,0.0,0.0,1570206.75,0.186727,2207.0,0.0,1278.892822,0.0,0.0,0.186727,0.186727,0.0,0.0,0.0,144.596115,0.0,HTTP
0.0,0.001009,0.0,71.470001,0.494283,0.059523,-0.0,114525.484375,3146570.0,203020.0,0.0,195873.0,134.0,0.0,0.060532,379904.0,1721542400.0,64.0,0.0,0.0,0.0,0.0,0.0,62.0,0.0,200.290115,0.0,100.0,0.0,0.0,471.389893,31872.0,234.0,0.0,0.0,0.0,0.0,0.494283,0.0,0.0,3261095.5,0.494283,7147.0,0.0,1461.73877,0.0,0.0,0.494283,0.494283,0.0,0.0,0.0,269.07663,0.0,HTTP
0.0,0.000486,0.0,75.396553,0.386997,0.059528,-0.0,88848.234375,2561694.25,129734.0,0.0,125361.0,87.0,0.0,0.060014,186368.0,1721542400.0,64.0,0.0,0.0,0.0,0.0,0.0,62.0,0.0,147.287964,0.0,58.0,0.0,0.0,372.095886,31872.0,145.0,0.0,0.0,0.0,0.0,0.386997,0.0,0.0,2650542.5,0.386997,4373.0,0.0,1440.93103,0.0,0.0,0.386997,0.386997,0.0,0.0,0.0,222.223938,0.0,HTTP
0.0,0.000498,0.0,172.666672,0.139148,0.058534,-0.0,49673.730469,190128.5,4894.0,0.0,3858.0,7.0,0.0,0.059032,63488.0,1721542400.0,64.0,0.0,0.0,0.0,0.0,0.0,62.0,0.0,35.932964,0.0,6.0,0.0,0.0,86.239113,31872.0,13.0,0.0,0.0,0.0,0.0,0.139148,0.0,0.0,239802.234375,0.139148,1036.0,0.0,551.142883,0.0,0.0,0.139148,0.139148,0.0,0.0,0.0,43.119556,0.0,HTTP
0.0,0.001005,0.0,69.103264,0.896016,0.060767,-0.0,112908.695312,5725326.5,655461.0,0.0,642746.0,429.0,0.0,0.061772,261504.0,1721542400.0,64.0,0.0,0.0,0.0,0.0,0.0,62.0,0.0,204.237427,0.0,184.0,0.0,0.0,683.023499,31872.0,613.0,0.0,0.0,0.0,0.0,0.896016,0.0,0.0,5838235.0,0.896016,12715.0,0.0,1498.242432,0.0,0.0,0.896016,0.896016,0.0,0.0,0.0,477.670044,0.0,HTTP
0.0,0.001505,0.0,68.821785,0.990228,0.059316,-0.0,111764.15625,5849933.5,739503.0,0.0,725601.0,482.0,0.0,0.060821,342144.0,1721542400.0,64.0,0.0,0.0,0.0,0.0,0.0,62.0,0.0,202.983551,0.0,202.0,0.0,0.0,689.740112,31872.0,684.0,0.0,0.0,0.0,0.0,0.990228,0.0,0.0,5961697.5,0.990228,13902.0,0.0,1505.39624,0.0,0.0,0.990228,0.990228,0.0,0.0,1.0,485.746704,0.0,HTTP
0.0,0.001505,0.0,66.0,0.077992,0.059316,-0.0,121858.65625,3201354.0,33882.0,0.0,32628.0,23.0,0.0,0.060821,342144.0,1721542400.0,64.0,0.0,0.0,0.0,0.0,0.0,62.0,0.0,230.792908,1.0,19.0,0.0,0.0,525.694946,31872.0,42.0,0.0,0.0,0.0,0.0,0.077992,0.0,0.0,3323212.75,0.077992,1254.0,0.0,1418.608643,0.0,0.0,0.077992,0.077992,0.0,0.0,0.0,282.0802,0.0,HTTP
0.0,0.000505,0.0,67.580421,0.63041,0.059118,-0.0,121787.40625,5135070.5,415812.0,0.0,406148.0,271.0,0.0,0.059623,298880.0,1721542400.0,64.0,0.0,0.0,0.0,0.0,0.0,62.0,0.0,225.250229,0.0,143.0,0.0,0.0,655.129211,31872.0,414.0,0.0,0.0,0.0,0.0,0.63041,0.0,0.0,5256857.5,0.63041,9664.0,0.0,1498.70105,0.0,0.0,0.63041,0.63041,0.0,0.0,0.0,428.292694,0.0,HTTP
0.0,0.002485,0.0,165.166672,0.140014,0.058826,-0.0,47195.28125,143814.203125,4011.0,0.0,3020.0,6.0,0.0,0.061311,64128.0,1721542400.0,64.0,0.0,0.0,0.0,0.0,0.0,62.0,0.0,35.710716,0.0,6.0,0.0,0.0,78.563576,31872.0,12.0,0.0,0.0,0.0,0.0,0.140014,0.0,0.0,191009.484375,0.140014,991.0,0.0,503.333344,0.0,0.0,0.140014,0.140014,0.0,0.0,0.0,35.710716,0.0,HTTP
0.0,0.000994,0.0,158.666672,0.125286,0.05977,-0.0,50700.0,91183.375,2736.0,0.0,1784.0,5.0,0.0,0.060764,64128.0,1721542400.0,64.0,0.0,0.0,0.0,0.0,0.0,62.0,0.0,39.908691,0.0,6.0,0.0,0.0,79.817383,31872.0,11.0,0.0,0.0,0.0,0.0,0.125286,0.0,0.0,141883.375,0.125286,952.0,0.0,356.799988,0.0,0.0,0.125286,0.125286,0.0,0.0,0.0,31.926952,0.0,HTTP
0.0,0.000994,0.0,71.235291,0.446675,0.05977,-0.0,128863.265625,4183677.25,242337.0,0.0,235071.0,159.0,0.0,0.060764,420224.0,1721542400.0,64.0,0.0,0.0,0.0,0.0,0.0,62.0,0.0,226.115189,0.0,102.0,0.0,0.0,582.078674,31872.0,261.0,0.0,0.0,0.0,0.0,0.446675,0.0,0.0,4312540.5,0.446675,7266.0,0.0,1478.43396,0.0,0.0,0.446675,0.446675,0.0,0.0,0.0,353.724731,0.0,HTTP
0.0,0.000497,0.0,107.230766,0.154039,0.05977,-0.0,66840.21875,666480.5625,15296.0,0.0,13902.0,13.0,0.0,0.060267,60672.0,1721542400.0,64.0,0.0,0.0,0.0,0.0,0.0,62.0,0.0,77.902351,0.0,13.0,0.0,0.0,162.29657,31872.0,26.0,0.0,0.0,0.0,0.0,0.154039,0.0,0.0,733320.8125,0.154039,1394.0,0.0,1069.384644,0.0,0.0,0.154039,0.154039,0.0,0.0,0.0,77.902351,0.0,HTTP
0.0,0.000501,0.0,164.5,0.343835,0.262823,-0.0,19148.720703,33318.308594,2777.0,0.0,1790.0,5.0,0.0,0.263324,64128.0,1721542400.0,64.0,0.0,0.0,0.0,0.0,0.0,62.0,0.0,14.541859,0.0,6.0,0.0,0.0,29.083717,31872.0,11.0,0.0,0.0,0.0,0.0,0.343835,0.0,0.0,52467.03125,0.343835,987.0,0.0,358.0,0.0,0.0,0.343835,0.343835,0.0,0.0,0.0,11.633487,0.0,HTTP
0.0,0.000509,0.0,92.090912,0.419166,0.262314,-0.0,36911.390625,625451.5,36057.0,0.0,34031.0,27.0,0.0,0.262823,83328.0,1721542400.0,64.0,0.0,0.0,0.0,0.0,0.0,62.0,0.0,50.099483,0.0,22.0,0.0,0.0,114.513107,31872.0,49.0,0.0,0.0,0.0,0.0,0.419166,0.0,0.0,662362.875,0.419166,2026.0,0.0,1260.407349,0.0,0.0,0.419166,0.419166,0.0,0.0,0.0,62.027931,0.0,HTTP
0.0,0.0,0.0,137.125,0.37184,0.24864,-0.0,20654.044922,99763.335938,6396.0,0.0,5299.0,8.0,0.0,0.24864,61568.0,1721542400.0,64.0,0.0,0.0,0.0,0.0,0.0,62.0,0.0,18.825302,0.0,8.0,0.0,0.0,40.339931,31872.0,16.0,0.0,0.0,0.0,0.0,0.37184,0.0,0.0,120417.382812,0.37184,1097.0,0.0,662.375,0.0,0.0,0.37184,0.37184,0.0,0.0,0.0,18.825302,0.0,HTTP
0.0,0.000614,0.0,161.5,0.357305,0.248026,-0.0,18090.986328,40077.804688,3117.0,0.0,2148.0,6.0,0.0,0.24864,63488.0,1721542400.0,64.0,0.0,0.0,0.0,0.0,0.0,62.0,0.0,13.993648,0.0,6.0,0.0,0.0,30.786024,31872.0,12.0,0.0,0.0,0.0,0.0,0.357305,0.0,0.0,58168.792969,0.357305,969.0,0.0,358.0,0.0,0.0,0.357305,0.357305,0.0,0.0,0.0,13.993648,0.0,HTTP
0.0,0.0,0.0,96.052635,0.433082,0.248026,-0.0,31938.523438,447434.875,27258.0,0.0,25433.0,21.0,0.0,0.248026,65664.0,1721542400.0,64.0,0.0,0.0,0.0,0.0,0.0,62.0,0.0,41.562565,0.0,19.0,0.0,0.0,90.052231,31872.0,40.0,0.0,0.0,0.0,0.0,0.433082,0.0,0.0,479373.40625,0.433082,1825.0,0.0,1211.095215,0.0,0.0,0.433082,0.433082,0.0,0.0,0.0,46.18063,0.0,HTTP
0.0,0.000987,0.0,99.588234,0.218583,0.061245,-0.0,58339.394531,753617.625,23427.0,0.0,21734.0,19.0,0.0,0.062232,63488.0,1721542400.0,64.0,0.0,0.0,0.0,0.0,0.0,62.0,0.0,73.198738,0.0,17.0,0.0,0.0,160.122238,31872.0,36.0,0.0,0.0,0.0,0.0,0.218583,0.0,0.0,811957.0,0.218583,1693.0,0.0,1143.894775,0.0,0.0,0.218583,0.218583,0.0,0.0,0.0,82.348579,0.0,HTTP
0.0,0.001004,0.0,69.496735,0.974836,0.09176,-0.0,86693.554688,3531982.75,442520.0,0.0,431887.0,288.0,0.0,0.092764,573440.0,1721542400.0,64.0,0.0,0.0,0.0,0.0,0.0,62.0,0.0,155.92366,0.0,153.0,0.0,0.0,451.357971,31872.0,441.0,0.0,0.0,0.0,0.0,0.974836,0.0,0.0,3618676.5,0.974836,10633.0,0.0,1499.607666,0.0,0.0,0.974836,0.974836,0.0,0.0,1.0,294.408508,0.0,HTTP
0.0,0.001982,0.0,154.833328,0.168669,0.074913,-0.0,36758.382812,134938.84375,4342.0,0.0,3413.0,6.0,0.0,0.076895,64128.0,1721542400.0,64.0,0.0,0.0,0.0,0.0,0.0,62.0,0.0,29.643858,0.0,6.0,0.0,0.0,65.216492,31872.0,12.0,0.0,0.0,0.0,0.0,0.168669,0.0,0.0,171697.234375,0.168669,929.0,0.0,568.833313,0.0,0.0,0.168669,0.168669,0.0,0.0,0.0,29.643858,0.0,HTTP
0.0,0.000497,0.0,132.75,0.154825,0.076888,-0.0,48054.253906,259492.96875,6801.0,0.0,5739.0,8.0,0.0,0.077385,61568.0,1721542400.0,64.0,0.0,0.0,0.0,0.0,0.0,62.0,0.0,45.212337,0.0,8.0,0.0,0.0,96.883575,31872.0,16.0,0.0,0.0,0.0,0.0,0.154825,0.0,0.0,307547.21875,0.154825,1062.0,0.0,717.375,0.0,0.0,0.154825,0.154825,0.0,0.0,0.0,45.212337,0.0,HTTP
0.0,0.001015,0.0,155.0,0.266544,0.077127,-0.0,23260.699219,99255.648438,4788.0,0.0,3858.0,7.0,0.0,0.078142,62592.0,1721542400.0,64.0,0.0,0.0,0.0,0.0,0.0,62.0,0.0,18.758629,0.0,6.0,0.0,0.0,45.020706,31872.0,13.0,0.0,0.0,0.0,0.0,0.266544,0.0,0.0,122516.34375,0.266544,930.0,0.0,551.142883,0.0,0.0,0.266544,0.266544,0.0,0.0,0.0,22.510353,0.0,HTTP
0.0,0.000965,0.0,161.5,0.358632,0.160587,-0.0,18024.046875,40955.632812,3172.0,0.0,2203.0,6.0,0.0,0.161552,64128.0,1721542400.0,64.0,0.0,0.0,0.0,0.0,0.0,62.0,0.0,13.941868,0.0,6.0,0.0,0.0,30.67211,31872.0,12.0,0.0,0.0,0.0,0.0,0.358632,0.0,0.0,58979.679688,0.358632,969.0,0.0,367.166656,0.0,0.0,0.358632,0.358632,0.0,0.0,0.0,13.941868,0.0,HTTP
0.0,0.0,0.0,161.833328,0.343399,0.171637,-0.0,18870.177734,64857.5,4311.0,0.0,3340.0,6.0,0.0,0.171637,64128.0,1721542400.0,64.0,0.0,0.0,0.0,0.0,0.0,62.0,0.0,14.560323,0.0,6.0,0.0,0.0,32.032711,31872.0,12.0,0.0,0.0,0.0,0.0,0.343399,0.0,0.0,83727.679688,0.343399,971.0,0.0,556.666687,0.0,0.0,0.343399,0.343399,0.0,0.0,0.0,14.560323,0.0,HTTP
0.0,0.000993,0.0,162.166672,0.388229,0.245363,-0.0,16711.785156,44200.714844,3547.0,0.0,2574.0,6.0,0.0,0.246356,63488.0,1721542400.0,64.0,0.0,0.0,0.0,0.0,0.0,62.0,0.0,12.878996,0.0,6.0,0.0,0.0,28.333792,31872.0,12.0,0.0,0.0,0.0,0.0,0.388229,0.0,0.0,60912.5,0.388229,973.0,0.0,429.0,0.0,0.0,0.388229,0.388229,0.0,0.0,0.0,12.878996,0.0,HTTP
0.0,0.0,0.0,161.0,0.371953,0.23007,-0.0,17314.015625,26734.560547,2519.0,0.0,1553.0,5.0,0.0,0.23007,64128.0,1721542400.0,64.0,0.0,0.0,0.0,0.0,0.0,62.0,0.0,13.442558,0.0,6.0,0.0,0.0,26.885117,31872.0,11.0,0.0,0.0,0.0,0.0,0.371953,0.0,0.0,44048.574219,0.371953,966.0,0.0,310.600006,0.0,0.0,0.371953,0.371953,0.0,0.0,0.0,10.754046,0.0,HTTP
0.0,0.003893,0.0,148.142853,0.277936,0.104435,-0.0,25588.623047,88394.445312,4619.0,0.0,3582.0,7.0,0.0,0.108328,62592.0,1721542400.0,64.0,0.0,0.0,0.0,0.0,0.0,62.0,0.0,21.587702,0.0,7.0,0.0,0.0,46.773357,31872.0,14.0,0.0,0.0,0.0,0.0,0.277936,0.0,0.0,113983.070312,0.277936,1037.0,0.0,511.714294,0.0,0.0,0.277936,0.277936,0.0,0.0,0.0,21.587702,0.0,HTTP
0.0,0.003522,0.0,161.0,0.233852,0.118456,-0.0,27538.785156,79469.0625,3753.0,0.0,2787.0,6.0,0.0,0.121978,64128.0,1721542400.0,64.0,0.0,0.0,0.0,0.0,0.0,62.0,0.0,21.381044,0.0,6.0,0.0,0.0,47.0383,31872.0,12.0,0.0,0.0,0.0,0.0,0.233852,0.0,0.0,107007.851562,0.233852,966.0,0.0,464.5,0.0,0.0,0.233852,0.233852,0.0,0.0,0.0,21.381044,0.0,HTTP
0.0,0.003008,0.0,129.555557,0.247541,0.105439,-0.0,33513.640625,275930.0625,10652.0,0.0,9486.0,10.0,0.0,0.108447,64128.0,1721542400.0,64.0,0.0,0.0,0.0,0.0,0.0,62.0,0.0,32.317879,0.0,9.0,0.0,0.0,72.715225,31872.0,19.0,0.0,0.0,0.0,0.0,0.247541,0.0,0.0,309443.6875,0.247541,1166.0,0.0,948.599976,0.0,0.0,0.247541,0.247541,0.0,0.0,0.0,36.357613,0.0,HTTP
0.0,0.002013,0.0,129.555557,0.246645,0.105558,-0.0,33635.386719,216051.40625,8659.0,0.0,7493.0,9.0,0.0,0.107571,64128.0,1721542400.0,64.0,0.0,0.0,0.0,0.0,0.0,62.0,0.0,32.43528,0.0,9.0,0.0,0.0,68.924973,31872.0,18.0,0.0,0.0,0.0,0.0,0.246645,0.0,0.0,249686.796875,0.246645,1166.0,0.0,832.555542,0.0,0.0,0.246645,0.246645,0.0,0.0,0.0,32.43528,0.0,HTTP
0.0,0.001004,0.0,66.0,0.760971,0.09176,-0.0,123505.359375,10930256.0,1053026.0,0.0,1041212.0,689.0,0.0,0.092764,573440.0,1721542400.0,64.0,0.0,0.0,0.0,0.0,0.0,62.0,0.0,233.911667,1.0,179.0,0.0,0.0,1139.333862,31872.0,868.0,0.0,0.0,0.0,0.0,0.760971,0.0,0.0,11053761.0,0.760971,11814.0,0.0,1511.192993,0.0,0.0,0.760971,0.760971,0.0,0.0,0.0,904.108032,0.0,HTTP
0.0,0.001502,0.0,120.85714,0.110601,0.059148,-0.0,52513.085938,276959.53125,5313.0,0.0,4467.0,7.0,0.0,0.06065,62592.0,1721542400.0,64.0,0.0,0.0,0.0,0.0,0.0,62.0,0.0,54.249058,0.0,7.0,0.0,0.0,117.539627,31872.0,14.0,0.0,0.0,0.0,0.0,0.110601,0.0,0.0,329472.59375,0.110601,846.0,0.0,638.142883,0.0,0.0,0.110601,0.110601,0.0,0.0,0.0,54.249058,0.0,HTTP
0.0,0.000994,0.0,124.166664,0.14022,0.060221,-0.0,35430.039062,150905.71875,3919.0,0.0,3174.0,6.0,0.0,0.061215,64128.0,1721542400.0,64.0,0.0,0.0,0.0,0.0,0.0,62.0,0.0,35.658253,0.0,6.0,0.0,0.0,78.448151,31872.0,12.0,0.0,0.0,0.0,0.0,0.14022,0.0,0.0,186335.75,0.14022,745.0,0.0,529.0,0.0,0.0,0.14022,0.14022,0.0,0.0,0.0,35.658253,0.0,HTTP
0.0,0.000993,0.0,68.584618,0.525348,0.059725,-0.0,134737.359375,5128699.5,347193.0,0.0,338277.0,228.0,0.0,0.060718,415232.0,1721542400.0,64.0,0.0,0.0,0.0,0.0,0.0,62.0,0.0,245.551514,0.0,130.0,0.0,0.0,679.549561,31872.0,358.0,0.0,0.0,0.0,0.0,0.525348,0.0,0.0,5263436.5,0.525348,8916.0,0.0,1483.671021,0.0,0.0,0.525348,0.525348,0.0,0.0,0.0,432.094543,0.0,HTTP
0.0,0.000993,0.0,124.166664,0.140219,0.060221,-0.0,35430.289062,150906.796875,3919.0,0.0,3174.0,6.0,0.0,0.061214,64128.0,1721542400.0,64.0,0.0,0.0,0.0,0.0,0.0,62.0,0.0,35.658504,0.0,6.0,0.0,0.0,78.448708,31872.0,12.0,0.0,0.0,0.0,0.0,0.140219,0.0,0.0,186337.078125,0.140219,745.0,0.0,529.0,0.0,0.0,0.140219,0.140219,0.0,0.0,0.0,35.658504,0.0,HTTP
0.0,0.000994,0.0,92.571426,0.186125,0.062222,-0.0,51750.167969,991935.5625,25588.0,0.0,24292.0,20.0,0.0,0.063216,59648.0,1721542400.0,64.0,0.0,0.0,0.0,0.0,0.0,62.0,0.0,69.845535,0.0,14.0,0.0,0.0,177.300201,31872.0,34.0,0.0,0.0,0.0,0.0,0.186125,0.0,0.0,1043685.75,0.186125,1296.0,0.0,1214.599976,0.0,0.0,0.186125,0.186125,0.0,0.0,0.0,102.08194,0.0,HTTP
0.0,0.0,0.0,129.142853,0.169278,0.059955,-0.0,36626.140625,184123.15625,5449.0,0.0,4545.0,7.0,0.0,0.059955,62592.0,1721542400.0,64.0,0.0,0.0,0.0,0.0,0.0,62.0,0.0,35.444653,0.0,7.0,0.0,0.0,76.796753,31872.0,14.0,0.0,0.0,0.0,0.0,0.169278,0.0,0.0,220749.28125,0.169278,904.0,0.0,649.285706,0.0,0.0,0.169278,0.169278,0.0,0.0,0.0,35.444653,0.0,HTTP
0.0,0.000893,0.0,129.142853,0.169278,0.059807,-0.0,36626.140625,218717.140625,6193.0,0.0,5289.0,8.0,0.0,0.0607,64128.0,1721542400.0,64.0,0.0,0.0,0.0,0.0,0.0,62.0,0.0,35.444653,0.0,7.0,0.0,0.0,82.704193,31872.0,15.0,0.0,0.0,0.0,0.0,0.169278,0.0,0.0,255343.28125,0.169278,904.0,0.0,661.125,0.0,0.0,0.169278,0.169278,0.0,0.0,0.0,41.352097,0.0,HTTP
0.0,0.000893,0.0,83.639999,0.571665,0.059807,-0.0,28100.373047,744030.1875,56587.0,0.0,54496.0,41.0,0.0,0.0607,76288.0,1721542400.0,64.0,0.0,0.0,0.0,0.0,0.0,62.0,0.0,41.982632,0.0,25.0,0.0,0.0,113.702957,31872.0,66.0,0.0,0.0,0.0,0.0,0.571665,0.0,0.0,772130.5625,0.571665,2091.0,0.0,1329.170776,0.0,0.0,0.571665,0.571665,0.0,0.0,0.0,69.971054,0.0,HTTP
0.0,0.000893,0.0,106.090912,0.168308,0.059807,-0.0,50431.351562,514247.6875,12969.0,0.0,11802.0,12.0,0.0,0.0607,57728.0,1721542400.0,64.0,0.0,0.0,0.0,0.0,0.0,62.0,0.0,59.414879,0.0,11.0,0.0,0.0,130.712738,31872.0,23.0,0.0,0.0,0.0,0.0,0.168308,0.0,0.0,564679.0,0.168308,1167.0,0.0,983.5,0.0,0.0,0.168308,0.168308,0.0,0.0,0.0,65.356369,0.0,HTTP
0.0,0.000984,0.0,139.166672,0.170929,0.061485,-0.0,32574.929688,182344.71875,5380.0,0.0,4545.0,7.0,0.0,0.062469,62592.0,1721542400.0,64.0,0.0,0.0,0.0,0.0,0.0,62.0,0.0,29.251911,0.0,6.0,0.0,0.0,70.20459,31872.0,13.0,0.0,0.0,0.0,0.0,0.170929,0.0,0.0,214919.640625,0.170929,835.0,0.0,649.285706,0.0,0.0,0.170929,0.170929,0.0,0.0,0.0,35.102295,0.0,HTTP
0.0,0.000993,0.0,140.5,0.141311,0.061783,-0.0,39798.742188,238339.546875,5754.0,0.0,4911.0,7.0,0.0,0.062776,62592.0,1721542400.0,64.0,0.0,0.0,0.0,0.0,0.0,62.0,0.0,35.38295,0.0,6.0,0.0,0.0,84.919075,31872.0,13.0,0.0,0.0,0.0,0.0,0.141311,0.0,0.0,278138.28125,0.141311,843.0,0.0,701.571411,0.0,0.0,0.141311,0.141311,0.0,0.0,0.0,42.459538,0.0,HTTP
0.0,0.000997,2.0,98.866669,0.478245,0.061119,-0.0,23168.041016,424535.5625,28070.0,1.0,26587.0,22.0,0.0,0.062116,57728.0,1721542400.0,64.0,0.0,0.0,0.0,0.0,0.0,62.0,0.0,29.273699,0.0,15.0,2.0,0.0,75.27523,31872.0,37.0,0.0,0.0,5.128205,0.0,0.478245,0.0,0.0,447703.59375,0.478245,1483.0,0.0,1208.5,0.0,0.0,0.478245,0.478245,1.0,0.0,0.0,43.910549,0.0,HTTP
0.0,0.000997,1.0,82.222221,0.771331,0.061119,-0.0,29849.701172,691594.125,71030.0,1.0,68070.0,49.0,0.0,0.062116,97920.0,1721542400.0,64.0,0.0,0.0,0.0,0.0,0.0,62.0,0.0,45.37611,0.0,36.0,1.0,0.0,108.902664,31872.0,85.0,0.0,0.0,1.162791,0.0,0.771331,0.0,0.0,721443.8125,0.771331,2960.0,0.0,1389.183716,0.0,0.0,0.771331,0.771331,1.0,0.0,0.0,62.230091,0.0,HTTP
0.0,0.000497,2.0,106.36364,0.340746,0.061616,-0.0,24980.484375,283237.375,14239.0,0.0,13069.0,13.0,0.0,0.062113,64128.0,1721542400.0,64.0,0.0,0.0,0.0,0.0,0.0,62.0,0.0,29.347374,0.0,11.0,2.0,0.0,67.498962,31872.0,24.0,0.0,0.0,7.692308,0.0,0.340746,0.0,0.0,308217.875,0.340746,1170.0,0.0,1005.307678,0.0,0.0,0.340746,0.340746,1.0,0.0,0.0,35.21685,0.0,HTTP
0.0,0.000993,2.0,98.866669,0.635187,0.061907,-0.0,17443.683594,330019.375,28933.0,1.0,27450.0,22.0,0.0,0.0629,57728.0,1721542400.0,64.0,0.0,0.0,0.0,0.0,0.0,62.0,0.0,22.040754,0.0,15.0,2.0,0.0,56.676224,31872.0,37.0,0.0,0.0,5.128205,0.0,0.635187,0.0,0.0,347463.03125,0.635187,1483.0,0.0,1247.727295,0.0,0.0,0.635187,0.635187,1.0,0.0,0.0,33.061131,0.0,HTTP
0.0,0.000641,0.0,110.199997,0.35334,0.198112,-0.0,22459.953125,201505.625,10891.0,0.0,9789.0,11.0,0.0,0.198753,57984.0,1721542400.0,64.0,0.0,0.0,0.0,0.0,0.0,62.0,0.0,25.471218,0.0,10.0,0.0,0.0,56.602707,31872.0,21.0,0.0,0.0,0.0,0.0,0.35334,0.0,0.0,223965.578125,0.35334,1102.0,0.0,889.909119,0.0,0.0,0.35334,0.35334,0.0,0.0,0.0,28.301353,0.0,HTTP
1.0,0.038053,2.0,74.0,0.959033,0.0,-0.0,617.288452,617.288452,296.0,0.0,148.0,2.0,0.0,0.038053,8222720.0,1721542400.0,64.0,0.0,0.0,0.0,0.0,1.0,62.0,0.0,1.042717,0.0,2.0,1.0,0.0,3.128151,4077568.0,4.0,0.0,0.0,33.333333,0.0,0.959033,0.0,0.0,1234.576904,0.959033,148.0,0.0,74.0,0.0,1.0,0.959033,0.959033,0.0,0.0,0.0,1.042717,0.0,HTTP
0.0,0.001497,0.0,68.175003,0.986193,0.119696,-0.0,110055.539062,5874785.0,739346.0,0.0,725711.0,483.0,0.0,0.121193,726784.0,1721542400.0,64.0,0.0,0.0,0.0,0.0,0.0,62.0,0.0,201.786057,0.0,200.0,0.0,0.0,691.548218,31872.0,683.0,0.0,0.0,0.0,0.0,0.986193,0.0,0.0,5984840.5,0.986193,13635.0,0.0,1502.507202,0.0,0.0,0.986193,0.986193,0.0,0.0,0.0,488.748138,0.0,HTTP
0.0,0.000756,0.0,120.75,0.35594,0.105516,-0.0,19014.439453,100960.835938,6099.0,0.0,5133.0,8.0,0.0,0.106272,64128.0,1721542400.0,64.0,0.0,0.0,0.0,0.0,0.0,62.0,0.0,19.666235,0.0,8.0,0.0,0.0,42.141933,31872.0,16.0,0.0,0.0,0.0,0.0,0.35594,0.0,0.0,119975.273438,0.35594,966.0,0.0,641.625,0.0,0.0,0.35594,0.35594,0.0,0.0,0.0,19.666235,0.0,HTTP
0.0,0.001497,0.0,66.0,0.047185,0.119696,-0.0,268559.9375,0.0,1716.0,0.0,66.0,1.0,0.0,0.121193,833920.0,1721542400.0,64.0,0.0,0.0,0.0,0.0,0.0,62.0,0.0,508.63623,1.0,25.0,0.0,0.0,529.829407,31872.0,26.0,0.0,0.0,0.0,0.0,0.047185,0.0,0.0,268559.9375,0.047185,1650.0,0.0,66.0,0.0,0.0,0.047185,0.047185,0.0,0.0,0.0,0.0,0.0,HTTP
0.0,0.038053,0.0,153.75,0.077807,0.197587,-0.0,47502.152344,60457.285156,1399.0,0.0,784.0,4.0,0.0,0.23564,64128.0,1721542400.0,64.0,0.0,0.0,0.0,1.0,0.0,62.0,0.0,38.556942,1.0,4.0,0.0,0.0,89.966194,31872.0,8.0,0.0,0.0,0.0,0.0,0.077807,0.0,0.0,107959.4375,0.077807,615.0,0.0,196.0,0.0,0.0,0.077807,0.077807,0.0,0.0,0.0,38.556942,0.0,HTTP
0.0,0.010608,0.0,129.833328,0.12134,0.049545,-0.0,42854.789062,155529.921875,3609.0,0.0,2830.0,6.0,0.0,0.060153,63488.0,1721542400.0,64.0,0.0,0.0,0.0,0.0,0.0,62.0,0.0,41.206528,0.0,6.0,0.0,0.0,90.654358,31872.0,12.0,0.0,0.0,0.0,0.0,0.12134,0.0,0.0,198384.703125,0.12134,779.0,0.0,471.666656,0.0,0.0,0.12134,0.12134,0.0,0.0,0.0,41.206528,0.0,HTTP
0.0,0.000502,0.0,106.777779,0.139747,0.063815,-0.0,48945.597656,557579.0625,11675.0,0.0,10714.0,11.0,0.0,0.064317,60672.0,1721542400.0,64.0,0.0,0.0,0.0,0.0,0.0,62.0,0.0,57.246311,0.0,9.0,0.0,0.0,135.959991,31872.0,20.0,0.0,0.0,0.0,0.0,0.139747,0.0,0.0,606524.6875,0.139747,961.0,0.0,974.0,0.0,0.0,0.139747,0.139747,0.0,0.0,0.0,71.557892,0.0,HTTP
0.0,0.000502,0.0,72.036362,0.445825,0.063815,-0.0,69803.171875,2245921.5,130561.0,0.0,126599.0,88.0,0.0,0.064317,214784.0,1721542400.0,64.0,0.0,0.0,0.0,0.0,0.0,62.0,0.0,121.123756,0.0,55.0,0.0,0.0,318.51062,31872.0,143.0,0.0,0.0,0.0,0.0,0.445825,0.0,0.0,2315724.75,0.445825,3962.0,0.0,1438.625,0.0,0.0,0.445825,0.445825,0.0,0.0,0.0,195.143829,0.0,HTTP
0.0,0.001466,0.0,91.769234,0.262237,0.062851,-0.0,33618.441406,541403.375,20049.0,0.0,18856.0,17.0,0.0,0.064317,66944.0,1721542400.0,64.0,0.0,0.0,0.0,0.0,0.0,62.0,0.0,45.760132,0.0,13.0,0.0,0.0,110.586983,31872.0,30.0,0.0,0.0,0.0,0.0,0.262237,0.0,0.0,575021.8125,0.262237,1193.0,0.0,1109.176514,0.0,0.0,0.262237,0.262237,0.0,0.0,0.0,61.013508,0.0,HTTP
0.0,0.000495,0.0,124.5,0.139221,0.060785,-0.0,35799.199219,223759.34375,5289.0,0.0,4542.0,7.0,0.0,0.06128,63488.0,1721542400.0,64.0,0.0,0.0,0.0,0.0,0.0,62.0,0.0,35.914124,0.0,6.0,0.0,0.0,86.193893,31872.0,13.0,0.0,0.0,0.0,0.0,0.139221,0.0,0.0,259558.546875,0.139221,747.0,0.0,648.857117,0.0,0.0,0.139221,0.139221,0.0,0.0,0.0,43.096947,0.0,HTTP
0.0,0.000507,0.0,133.166672,0.12489,0.061098,-0.0,42661.542969,55729.042969,1886.0,0.0,1087.0,5.0,0.0,0.061605,64128.0,1721542400.0,64.0,0.0,0.0,0.0,0.0,0.0,62.0,0.0,40.035233,0.0,6.0,0.0,0.0,80.070465,31872.0,11.0,0.0,0.0,0.0,0.0,0.12489,0.0,0.0,98390.585938,0.12489,799.0,0.0,217.399994,0.0,0.0,0.12489,0.12489,0.0,0.0,0.0,32.028187,0.0,HTTP
0.0,0.000497,0.0,115.375,0.155043,0.060504,-0.0,41691.65625,425739.9375,10090.0,0.0,9167.0,10.0,0.0,0.061001,62592.0,1721542400.0,64.0,0.0,0.0,0.0,0.0,0.0,62.0,0.0,45.148762,0.0,8.0,0.0,0.0,109.646996,31872.0,18.0,0.0,0.0,0.0,0.0,0.155043,0.0,0.0,467431.59375,0.155043,923.0,0.0,916.700012,0.0,0.0,0.155043,0.155043,0.0,0.0,0.0,58.048409,0.0,HTTP
0.0,0.000497,0.0,95.666664,0.202393,0.060504,-0.0,41621.992188,601285.625,17446.0,0.0,16298.0,15.0,0.0,0.061001,63488.0,1721542400.0,64.0,0.0,0.0,0.0,0.0,0.0,62.0,0.0,54.349709,0.0,12.0,0.0,0.0,128.462936,31872.0,27.0,0.0,0.0,0.0,0.0,0.202393,0.0,0.0,642907.625,0.202393,1148.0,0.0,1086.533325,0.0,0.0,0.202393,0.202393,0.0,0.0,0.0,69.172356,0.0,HTTP
0.0,0.00049,0.0,145.333328,0.124708,0.06027,-0.0,46636.945312,259293.71875,5587.0,0.0,4715.0,7.0,0.0,0.06076,62592.0,1721542400.0,64.0,0.0,0.0,0.0,0.0,0.0,62.0,0.0,40.093658,0.0,6.0,0.0,0.0,96.224785,31872.0,13.0,0.0,0.0,0.0,0.0,0.124708,0.0,0.0,305930.65625,0.124708,872.0,0.0,673.571411,0.0,0.0,0.124708,0.124708,0.0,0.0,0.0,48.112392,0.0,HTTP
0.0,0.000993,0.0,116.428574,0.126482,0.06095,-0.0,44211.828125,214101.625,4764.0,0.0,3949.0,7.0,0.0,0.061943,62592.0,1721542400.0,64.0,0.0,0.0,0.0,0.0,0.0,62.0,0.0,47.43758,0.0,7.0,0.0,0.0,102.781425,31872.0,14.0,0.0,0.0,0.0,0.0,0.126482,0.0,0.0,258313.453125,0.126482,815.0,0.0,564.142883,0.0,0.0,0.126482,0.126482,0.0,0.0,0.0,47.43758,0.0,HTTP
0.0,0.001004,0.0,138.199997,0.125016,0.060781,-0.0,35387.46875,43962.371094,1549.0,0.0,858.0,5.0,0.0,0.061785,64128.0,1721542400.0,64.0,0.0,0.0,0.0,0.0,0.0,62.0,0.0,31.995903,0.0,5.0,0.0,0.0,71.990784,31872.0,10.0,0.0,0.0,0.0,0.0,0.125016,0.0,0.0,79349.84375,0.125016,691.0,0.0,171.600006,0.0,0.0,0.125016,0.125016,0.0,0.0,0.0,31.995903,0.0,HTTP
0.0,0.000496,0.0,98.090912,0.140514,0.060845,-0.0,55852.085938,634698.3125,13240.0,0.0,12161.0,12.0,0.0,0.061341,57728.0,1721542400.0,64.0,0.0,0.0,0.0,0.0,0.0,62.0,0.0,71.167282,0.0,11.0,0.0,0.0,156.568024,31872.0,23.0,0.0,0.0,0.0,0.0,0.140514,0.0,0.0,690550.375,0.140514,1079.0,0.0,1013.416687,0.0,0.0,0.140514,0.140514,0.0,0.0,0.0,78.284012,0.0,HTTP
0.0,0.0,0.0,111.5,0.140513,0.061288,-0.0,44465.636719,294463.84375,6802.0,0.0,5910.0,8.0,0.0,0.061288,61568.0,1721542400.0,64.0,0.0,0.0,0.0,0.0,0.0,62.0,0.0,49.817455,0.0,8.0,0.0,0.0,106.751686,31872.0,16.0,0.0,0.0,0.0,0.0,0.140513,0.0,0.0,338929.5,0.140513,892.0,0.0,738.75,0.0,0.0,0.140513,0.140513,0.0,0.0,0.0,49.817455,0.0,HTTP
0.0,0.0,0.0,138.800003,0.125088,0.061288,-0.0,35558.964844,50396.519531,1678.0,0.0,984.0,5.0,0.0,0.061288,64128.0,1721542400.0,64.0,0.0,0.0,0.0,0.0,0.0,62.0,0.0,31.977486,0.0,5.0,0.0,0.0,71.949341,31872.0,10.0,0.0,0.0,0.0,0.0,0.125088,0.0,0.0,85955.484375,0.125088,694.0,0.0,196.800003,0.0,0.0,0.125088,0.125088,0.0,0.0,0.0,31.977486,0.0,HTTP
0.0,0.0,0.0,126.833336,0.140513,0.061288,-0.0,36153.238281,119789.625,3285.0,0.0,2524.0,6.0,0.0,0.061288,64128.0,1721542400.0,64.0,0.0,0.0,0.0,0.0,0.0,62.0,0.0,35.583897,0.0,6.0,0.0,0.0,78.284569,31872.0,12.0,0.0,0.0,0.0,0.0,0.140513,0.0,0.0,155942.859375,0.140513,761.0,0.0,420.666656,0.0,0.0,0.140513,0.140513,0.0,0.0,0.0,35.583897,0.0,HTTP
0.0,0.000956,0.0,127.333336,0.141015,0.060829,-0.0,36138.0,110796.726562,3107.0,0.0,2343.0,6.0,0.0,0.061785,64128.0,1721542400.0,64.0,0.0,0.0,0.0,0.0,0.0,62.0,0.0,35.457222,0.0,6.0,0.0,0.0,78.00589,31872.0,12.0,0.0,0.0,0.0,0.0,0.141015,0.0,0.0,146934.734375,0.141015,764.0,0.0,390.5,0.0,0.0,0.141015,0.141015,0.0,0.0,0.0,35.457222,0.0,HTTP
0.0,0.001396,0.0,126.666664,0.139916,0.059843,-0.0,36250.320312,238543.125,5627.0,0.0,4867.0,7.0,0.0,0.061239,62592.0,1721542400.0,64.0,0.0,0.0,0.0,0.0,0.0,62.0,0.0,35.735725,0.0,6.0,0.0,0.0,85.765747,31872.0,13.0,0.0,0.0,0.0,0.0,0.139916,0.0,0.0,274793.4375,0.139916,760.0,0.0,695.285706,0.0,0.0,0.139916,0.139916,0.0,0.0,0.0,42.882874,0.0,HTTP
0.0,0.000496,0.0,126.666664,0.123024,0.059349,-0.0,41227.726562,184354.265625,4161.0,0.0,3401.0,6.0,0.0,0.059845,64128.0,1721542400.0,64.0,0.0,0.0,0.0,0.0,0.0,62.0,0.0,40.642475,0.0,6.0,0.0,0.0,89.413445,31872.0,12.0,0.0,0.0,0.0,0.0,0.123024,0.0,0.0,225582.0,0.123024,760.0,0.0,566.833313,0.0,0.0,0.123024,0.123024,0.0,0.0,0.0,40.642475,0.0,HTTP
0.0,0.001,0.0,126.666664,0.122671,0.058534,-0.0,41346.367188,96453.117188,2608.0,0.0,1848.0,5.0,0.0,0.059534,64128.0,1721542400.0,64.0,0.0,0.0,0.0,0.0,0.0,62.0,0.0,40.75943,0.0,6.0,0.0,0.0,81.51886,31872.0,11.0,0.0,0.0,0.0,0.0,0.122671,0.0,0.0,137799.484375,0.122671,760.0,0.0,369.600006,0.0,0.0,0.122671,0.122671,0.0,0.0,0.0,32.607544,0.0,HTTP
0.0,0.001,0.0,101.300003,0.184851,0.058534,-0.0,39469.625,672801.3125,17669.0,0.0,16656.0,15.0,0.0,0.059534,64128.0,1721542400.0,64.0,0.0,0.0,0.0,0.0,0.0,62.0,0.0,48.687862,0.0,10.0,0.0,0.0,129.83429,31872.0,25.0,0.0,0.0,0.0,0.0,0.184851,0.0,0.0,712270.9375,0.184851,1013.0,0.0,1110.400024,0.0,0.0,0.184851,0.184851,0.0,0.0,0.0,75.736671,0.0,HTTP
0.0,0.003036,0.0,116.571426,0.140559,0.058985,-0.0,39840.921875,314287.9375,7126.0,0.0,6310.0,8.0,0.0,0.062021,64128.0,1721542400.0,64.0,0.0,0.0,0.0,0.0,0.0,62.0,0.0,42.686699,0.0,7.0,0.0,0.0,99.602303,31872.0,15.0,0.0,0.0,0.0,0.0,0.140559,0.0,0.0,354128.875,0.140559,816.0,0.0,788.75,0.0,0.0,0.140559,0.140559,0.0,0.0,0.0,49.801151,0.0,HTTP
0.0,0.00302,0.0,127.666664,0.140535,0.058484,-0.0,36375.28125,231913.765625,5519.0,0.0,4753.0,7.0,0.0,0.061504,63488.0,1721542400.0,64.0,0.0,0.0,0.0,0.0,0.0,62.0,0.0,35.578327,0.0,6.0,0.0,0.0,85.387985,31872.0,13.0,0.0,0.0,0.0,0.0,0.140535,0.0,0.0,268289.03125,0.140535,766.0,0.0,679.0,0.0,0.0,0.140535,0.140535,0.0,0.0,0.0,42.693993,0.0,HTTP
0.0,0.000608,0.0,126.666664,0.124279,0.060223,-0.0,40811.398438,183715.671875,4184.0,0.0,3424.0,6.0,0.0,0.060831,64128.0,1721542400.0,64.0,0.0,0.0,0.0,0.0,0.0,62.0,0.0,40.232059,0.0,6.0,0.0,0.0,88.510529,31872.0,12.0,0.0,0.0,0.0,0.0,0.124279,0.0,0.0,224527.078125,0.124279,760.0,0.0,570.666687,0.0,0.0,0.124279,0.124279,0.0,0.0,0.0,40.232059,0.0,HTTP
0.0,0.000608,0.0,127.166664,0.124279,0.060223,-0.0,40940.144531,201353.40625,4412.0,0.0,3649.0,7.0,0.0,0.060831,62592.0,1721542400.0,64.0,0.0,0.0,0.0,0.0,0.0,62.0,0.0,40.232059,0.0,6.0,0.0,0.0,96.556938,31872.0,13.0,0.0,0.0,0.0,0.0,0.124279,0.0,0.0,242293.546875,0.124279,763.0,0.0,521.285706,0.0,0.0,0.124279,0.124279,0.0,0.0,0.0,48.278469,0.0,HTTP
0.0,0.0,0.0,118.14286,0.123941,0.060674,-0.0,45763.710938,348875.6875,7004.0,0.0,6177.0,8.0,0.0,0.060674,64128.0,1721542400.0,64.0,0.0,0.0,0.0,0.0,0.0,62.0,0.0,48.410133,0.0,7.0,0.0,0.0,112.956978,31872.0,15.0,0.0,0.0,0.0,0.0,0.123941,0.0,0.0,394639.40625,0.123941,827.0,0.0,772.125,0.0,0.0,0.123941,0.123941,0.0,0.0,0.0,56.478489,0.0,HTTP
0.0,0.000994,0.0,126.333336,0.123169,0.059745,-0.0,41049.289062,219340.90625,4697.0,0.0,3939.0,7.0,0.0,0.060739,62592.0,1721542400.0,64.0,0.0,0.0,0.0,0.0,0.0,62.0,0.0,40.594631,0.0,6.0,0.0,0.0,97.427116,31872.0,13.0,0.0,0.0,0.0,0.0,0.123169,0.0,0.0,260390.203125,0.123169,758.0,0.0,562.714294,0.0,0.0,0.123169,0.123169,0.0,0.0,0.0,48.713558,0.0,HTTP
0.0,0.000994,0.0,127.166664,0.138599,0.059745,-0.0,36710.222656,179972.453125,4400.0,0.0,3637.0,7.0,0.0,0.060739,63488.0,1721542400.0,64.0,0.0,0.0,0.0,0.0,0.0,62.0,0.0,36.075298,0.0,6.0,0.0,0.0,86.580719,31872.0,13.0,0.0,0.0,0.0,0.0,0.138599,0.0,0.0,216682.671875,0.138599,763.0,0.0,519.571411,0.0,0.0,0.138599,0.138599,0.0,0.0,0.0,43.290359,0.0,HTTP
0.0,0.000997,0.0,126.333336,0.123683,0.060261,-0.0,40878.699219,118108.390625,2949.0,0.0,2191.0,6.0,0.0,0.061258,64128.0,1721542400.0,64.0,0.0,0.0,0.0,0.0,0.0,62.0,0.0,40.42593,0.0,6.0,0.0,0.0,88.937042,31872.0,12.0,0.0,0.0,0.0,0.0,0.123683,0.0,0.0,158987.09375,0.123683,758.0,0.0,365.166656,0.0,0.0,0.123683,0.123683,0.0,0.0,0.0,40.42593,0.0,HTTP
0.0,0.000497,0.0,126.333336,0.12353,0.059724,-0.0,40929.328125,62753.988281,1969.0,0.0,1211.0,5.0,0.0,0.060221,64128.0,1721542400.0,64.0,0.0,0.0,0.0,0.0,0.0,62.0,0.0,40.475998,0.0,6.0,0.0,0.0,80.951996,31872.0,11.0,0.0,0.0,0.0,0.0,0.12353,0.0,0.0,103683.3125,0.12353,758.0,0.0,242.199997,0.0,0.0,0.12353,0.12353,0.0,0.0,0.0,32.380798,0.0,HTTP
0.0,0.000994,0.0,136.800003,0.12353,0.059227,-0.0,35489.355469,39893.144531,1453.0,0.0,769.0,5.0,0.0,0.060221,64128.0,1721542400.0,64.0,0.0,0.0,0.0,0.0,0.0,62.0,0.0,32.380798,0.0,5.0,0.0,0.0,72.856796,31872.0,10.0,0.0,0.0,0.0,0.0,0.12353,0.0,0.0,75382.5,0.12353,684.0,0.0,153.800003,0.0,0.0,0.12353,0.12353,0.0,0.0,0.0,32.380798,0.0,HTTP
0.0,0.005473,0.0,110.25,0.138542,0.055449,-0.0,44578.539062,349814.5,7697.0,0.0,6815.0,9.0,0.0,0.060922,62592.0,1721542400.0,64.0,0.0,0.0,0.0,0.0,0.0,62.0,0.0,50.526196,0.0,8.0,0.0,0.0,115.488449,31872.0,17.0,0.0,0.0,0.0,0.0,0.138542,0.0,0.0,394393.03125,0.138542,882.0,0.0,757.222229,0.0,0.0,0.138542,0.138542,0.0,0.0,0.0,57.744225,0.0,HTTP
0.0,0.000994,0.0,103.199997,0.12438,0.060185,-0.0,59752.371094,474481.4375,9228.0,0.0,8196.0,10.0,0.0,0.061179,64128.0,1721542400.0,64.0,0.0,0.0,0.0,0.0,0.0,62.0,0.0,72.358902,0.0,10.0,0.0,0.0,152.757675,31872.0,20.0,0.0,0.0,0.0,0.0,0.12438,0.0,0.0,534233.8125,0.12438,1032.0,0.0,819.599976,0.0,0.0,0.12438,0.12438,0.0,0.0,0.0,72.358902,0.0,HTTP
0.0,0.000496,0.0,69.5,0.430841,0.060329,-0.0,138092.703125,4349168.5,243204.0,0.0,235698.0,160.0,0.0,0.060825,417024.0,1721542400.0,64.0,0.0,0.0,0.0,0.0,0.0,62.0,0.0,248.351486,0.0,108.0,0.0,0.0,619.718201,31872.0,268.0,0.0,0.0,0.0,0.0,0.430841,0.0,0.0,4487261.5,0.430841,7506.0,0.0,1473.112549,0.0,0.0,0.430841,0.430841,0.0,0.0,0.0,369.045654,0.0,HTTP
0.0,0.000996,0.0,127.166664,0.139694,0.061237,-0.0,36422.464844,155253.625,4016.0,0.0,3253.0,6.0,0.0,0.062233,63488.0,1721542400.0,64.0,0.0,0.0,0.0,0.0,0.0,62.0,0.0,35.792515,0.0,6.0,0.0,0.0,78.743538,31872.0,12.0,0.0,0.0,0.0,0.0,0.139694,0.0,0.0,191676.078125,0.139694,763.0,0.0,542.166687,0.0,0.0,0.139694,0.139694,0.0,0.0,0.0,35.792515,0.0,HTTP
0.0,0.000994,0.0,117.85714,0.138053,0.059075,-0.0,41027.722656,302550.46875,6791.0,0.0,5966.0,8.0,0.0,0.060069,61568.0,1721542400.0,64.0,0.0,0.0,0.0,0.0,0.0,62.0,0.0,43.461571,0.0,7.0,0.0,0.0,101.410332,31872.0,15.0,0.0,0.0,0.0,0.0,0.138053,0.0,0.0,343578.1875,0.138053,825.0,0.0,745.75,0.0,0.0,0.138053,0.138053,0.0,0.0,0.0,50.705166,0.0,HTTP
0.0,0.000497,0.0,118.14286,0.15297,0.059572,-0.0,37079.164062,242609.65625,6128.0,0.0,5301.0,8.0,0.0,0.060069,61568.0,1721542400.0,64.0,0.0,0.0,0.0,0.0,0.0,62.0,0.0,39.223377,0.0,7.0,0.0,0.0,91.52121,31872.0,15.0,0.0,0.0,0.0,0.0,0.15297,0.0,0.0,279688.8125,0.15297,827.0,0.0,662.625,0.0,0.0,0.15297,0.15297,0.0,0.0,0.0,45.760605,0.0,HTTP
0.0,0.00148,0.0,127.666664,0.124214,0.060576,-0.0,41154.78125,259101.21875,5459.0,0.0,4693.0,7.0,0.0,0.062056,62592.0,1721542400.0,64.0,0.0,0.0,0.0,0.0,0.0,62.0,0.0,40.253113,0.0,6.0,0.0,0.0,96.607468,31872.0,13.0,0.0,0.0,0.0,0.0,0.124214,0.0,0.0,300256.0,0.124214,766.0,0.0,670.428589,0.0,0.0,0.124214,0.124214,0.0,0.0,0.0,48.303734,0.0,HTTP
0.0,0.001033,0.0,127.5,0.172259,0.0608,-0.0,29629.800781,164450.046875,4896.0,0.0,4131.0,7.0,0.0,0.061833,63488.0,1721542400.0,64.0,0.0,0.0,0.0,0.0,0.0,62.0,0.0,29.026058,0.0,6.0,0.0,0.0,69.662544,31872.0,13.0,0.0,0.0,0.0,0.0,0.172259,0.0,0.0,194079.84375,0.172259,765.0,0.0,590.142883,0.0,0.0,0.172259,0.172259,0.0,0.0,0.0,34.831272,0.0,HTTP
0.0,0.000501,0.0,126.666664,0.154436,0.059967,-0.0,32842.082031,148151.984375,4192.0,0.0,3432.0,6.0,0.0,0.060468,64128.0,1721542400.0,64.0,0.0,0.0,0.0,0.0,0.0,62.0,0.0,32.37587,0.0,6.0,0.0,0.0,71.226913,31872.0,12.0,0.0,0.0,0.0,0.0,0.154436,0.0,0.0,180994.0625,0.154436,760.0,0.0,572.0,0.0,0.0,0.154436,0.154436,0.0,0.0,0.0,32.37587,0.0,HTTP
0.0,0.000498,0.0,126.666664,0.201036,0.092757,-0.0,25229.310547,134901.203125,4714.0,0.0,3954.0,7.0,0.0,0.093255,63488.0,1721542400.0,64.0,0.0,0.0,0.0,0.0,0.0,62.0,0.0,24.871166,0.0,6.0,0.0,0.0,59.6908,31872.0,13.0,0.0,0.0,0.0,0.0,0.201036,0.0,0.0,160130.515625,0.201036,760.0,0.0,564.857117,0.0,0.0,0.201036,0.201036,0.0,0.0,0.0,29.8454,0.0,HTTP
0.0,0.000694,0.0,127.833336,0.200836,0.090729,-0.0,25493.4375,41665.835938,2074.0,0.0,1307.0,5.0,0.0,0.091423,64128.0,1721542400.0,64.0,0.0,0.0,0.0,0.0,0.0,62.0,0.0,24.895935,0.0,6.0,0.0,0.0,49.79187,31872.0,11.0,0.0,0.0,0.0,0.0,0.200836,0.0,0.0,67159.273438,0.200836,767.0,0.0,261.399994,0.0,0.0,0.200836,0.200836,0.0,0.0,0.0,19.916748,0.0,HTTP
0.0,0.00099,0.0,139.600006,0.200142,0.089739,-0.0,22344.136719,25102.177734,1483.0,0.0,785.0,5.0,0.0,0.090729,64128.0,1721542400.0,64.0,0.0,0.0,0.0,0.0,0.0,62.0,0.0,19.985811,0.0,5.0,0.0,0.0,44.968075,31872.0,10.0,0.0,0.0,0.0,0.0,0.200142,0.0,0.0,47446.3125,0.200142,698.0,0.0,157.0,0.0,0.0,0.200142,0.200142,0.0,0.0,0.0,19.985811,0.0,HTTP
0.0,0.000999,0.0,111.125,0.170833,0.103423,-0.0,36433.242188,289733.25,7849.0,0.0,6960.0,9.0,0.0,0.104422,62592.0,1721542400.0,64.0,0.0,0.0,0.0,0.0,0.0,62.0,0.0,40.975689,0.0,8.0,0.0,0.0,93.658714,31872.0,17.0,0.0,0.0,0.0,0.0,0.170833,0.0,0.0,326166.5,0.170833,889.0,0.0,773.333313,0.0,0.0,0.170833,0.170833,0.0,0.0,0.0,46.829357,0.0,HTTP
0.0,0.002,0.0,117.571426,0.170849,0.104858,-0.0,33058.433594,238339.125,6640.0,0.0,5817.0,8.0,0.0,0.106858,61568.0,1721542400.0,64.0,0.0,0.0,0.0,0.0,0.0,62.0,0.0,35.118732,0.0,7.0,0.0,0.0,81.94371,31872.0,15.0,0.0,0.0,0.0,0.0,0.170849,0.0,0.0,271397.5625,0.170849,823.0,0.0,727.125,0.0,0.0,0.170849,0.170849,0.0,0.0,0.0,40.971855,0.0,HTTP
0.0,0.001005,0.0,126.666664,0.123401,0.059445,-0.0,41101.773438,65023.785156,2013.0,0.0,1253.0,5.0,0.0,0.06045,64128.0,1721542400.0,64.0,0.0,0.0,0.0,0.0,0.0,62.0,0.0,40.518311,0.0,6.0,0.0,0.0,81.036621,31872.0,11.0,0.0,0.0,0.0,0.0,0.123401,0.0,0.0,106125.554688,0.123401,760.0,0.0,250.600006,0.0,0.0,0.123401,0.123401,0.0,0.0,0.0,32.414646,0.0,HTTP
0.0,0.001691,0.0,125.5,0.12569,0.059319,-0.0,39971.359375,128061.101562,3167.0,0.0,2414.0,6.0,0.0,0.06101,63488.0,1721542400.0,64.0,0.0,0.0,0.0,0.0,0.0,62.0,0.0,39.780411,0.0,6.0,0.0,0.0,87.516907,31872.0,12.0,0.0,0.0,0.0,0.0,0.12569,0.0,0.0,168032.46875,0.12569,753.0,0.0,402.333344,0.0,0.0,0.12569,0.12569,0.0,0.0,0.0,39.780411,0.0,HTTP
0.0,0.001691,0.0,128.333328,0.124875,0.060335,-0.0,41129.128906,83283.28125,2394.0,0.0,1624.0,5.0,0.0,0.062026,64128.0,1721542400.0,64.0,0.0,0.0,0.0,0.0,0.0,62.0,0.0,40.040039,0.0,6.0,0.0,0.0,80.080078,31872.0,11.0,0.0,0.0,0.0,0.0,0.124875,0.0,0.0,124412.414062,0.124875,770.0,0.0,324.799988,0.0,0.0,0.124875,0.124875,0.0,0.0,0.0,32.032032,0.0,HTTP
0.0,0.000993,0.0,138.0,0.124932,0.060483,-0.0,35347.230469,50523.484375,1676.0,0.0,986.0,5.0,0.0,0.061476,64128.0,1721542400.0,64.0,0.0,0.0,0.0,0.0,0.0,62.0,0.0,32.017418,0.0,5.0,0.0,0.0,72.039192,31872.0,10.0,0.0,0.0,0.0,0.0,0.124932,0.0,0.0,85870.710938,0.124932,690.0,0.0,197.199997,0.0,0.0,0.124932,0.124932,0.0,0.0,0.0,32.017418,0.0,HTTP
0.0,0.003644,0.0,125.0,0.123796,0.057814,-0.0,40389.027344,209247.46875,4527.0,0.0,3777.0,7.0,0.0,0.061458,62592.0,1721542400.0,64.0,0.0,0.0,0.0,0.0,0.0,62.0,0.0,40.389027,0.0,6.0,0.0,0.0,96.933662,31872.0,13.0,0.0,0.0,0.0,0.0,0.123796,0.0,0.0,249636.5,0.123796,750.0,0.0,539.571411,0.0,0.0,0.123796,0.123796,0.0,0.0,0.0,48.466831,0.0,HTTP
0.0,0.000496,0.0,126.833336,0.140608,0.061967,-0.0,36128.8125,143320.4375,3783.0,0.0,3022.0,6.0,0.0,0.062463,63488.0,1721542400.0,64.0,0.0,0.0,0.0,0.0,0.0,62.0,0.0,35.559856,0.0,6.0,0.0,0.0,78.231682,31872.0,12.0,0.0,0.0,0.0,0.0,0.140608,0.0,0.0,179449.25,0.140608,761.0,0.0,503.666656,0.0,0.0,0.140608,0.140608,0.0,0.0,0.0,35.559856,0.0,HTTP
0.0,0.000964,0.0,126.833336,0.123429,0.059875,-0.0,41157.265625,120555.132812,2993.0,0.0,2232.0,6.0,0.0,0.060839,63488.0,1721542400.0,64.0,0.0,0.0,0.0,0.0,0.0,62.0,0.0,40.509117,0.0,6.0,0.0,0.0,89.120064,31872.0,12.0,0.0,0.0,0.0,0.0,0.123429,0.0,0.0,161712.40625,0.123429,761.0,0.0,372.0,0.0,0.0,0.123429,0.123429,0.0,0.0,0.0,40.509117,0.0,HTTP
0.0,0.000815,0.0,126.333336,0.123783,0.060574,-0.0,40845.671875,149035.0,3525.0,0.0,2767.0,6.0,0.0,0.061389,63488.0,1721542400.0,64.0,0.0,0.0,0.0,0.0,0.0,62.0,0.0,40.393269,0.0,6.0,0.0,0.0,88.865189,31872.0,12.0,0.0,0.0,0.0,0.0,0.123783,0.0,0.0,189880.671875,0.123783,758.0,0.0,461.166656,0.0,0.0,0.123783,0.123783,0.0,0.0,0.0,40.393269,0.0,HTTP
0.0,0.000815,0.0,126.5,0.123275,0.060574,-0.0,41078.890625,84429.125,2385.0,0.0,1626.0,5.0,0.0,0.061389,64128.0,1721542400.0,64.0,0.0,0.0,0.0,0.0,0.0,62.0,0.0,40.559727,0.0,6.0,0.0,0.0,81.119453,31872.0,11.0,0.0,0.0,0.0,0.0,0.123275,0.0,0.0,125508.015625,0.123275,759.0,0.0,325.200012,0.0,0.0,0.123275,0.123275,0.0,0.0,0.0,32.447781,0.0,HTTP
0.0,0.000501,0.0,126.333336,0.123244,0.060263,-0.0,41024.308594,129174.640625,3145.0,0.0,2387.0,6.0,0.0,0.060764,63488.0,1721542400.0,64.0,0.0,0.0,0.0,0.0,0.0,62.0,0.0,40.569927,0.0,6.0,0.0,0.0,89.253838,31872.0,12.0,0.0,0.0,0.0,0.0,0.123244,0.0,0.0,170198.953125,0.123244,758.0,0.0,397.833344,0.0,0.0,0.123244,0.123244,0.0,0.0,0.0,40.569927,0.0,HTTP
0.0,0.000496,0.0,138.0,0.123275,0.060585,-0.0,35822.347656,45361.996094,1563.0,0.0,873.0,5.0,0.0,0.061081,64128.0,1721542400.0,64.0,0.0,0.0,0.0,0.0,0.0,62.0,0.0,32.447781,0.0,5.0,0.0,0.0,73.007507,31872.0,10.0,0.0,0.0,0.0,0.0,0.123275,0.0,0.0,81184.34375,0.123275,690.0,0.0,174.600006,0.0,0.0,0.123275,0.123275,0.0,0.0,0.0,32.447781,0.0,HTTP
0.0,0.000516,0.0,117.571426,0.123871,0.060081,-0.0,45595.820312,337254.09375,6791.0,0.0,5968.0,8.0,0.0,0.060597,63488.0,1721542400.0,64.0,0.0,0.0,0.0,0.0,0.0,62.0,0.0,48.437489,0.0,7.0,0.0,0.0,113.020805,31872.0,15.0,0.0,0.0,0.0,0.0,0.123871,0.0,0.0,382849.90625,0.123871,823.0,0.0,746.0,0.0,0.0,0.123871,0.123871,0.0,0.0,0.0,56.510403,0.0,HTTP
0.0,0.001162,0.0,111.125,0.124186,0.059531,-0.0,50118.371094,573075.875,10674.0,0.0,9785.0,11.0,0.0,0.060693,63488.0,1721542400.0,64.0,0.0,0.0,0.0,0.0,0.0,62.0,0.0,56.367062,0.0,8.0,0.0,0.0,144.943878,31872.0,19.0,0.0,0.0,0.0,0.0,0.124186,0.0,0.0,623194.25,0.124186,889.0,0.0,889.545471,0.0,0.0,0.124186,0.124186,0.0,0.0,0.0,80.524376,0.0,HTTP
0.0,0.000508,0.0,139.0,0.12327,0.0603,-0.0,36083.394531,55293.261719,1760.0,0.0,1065.0,5.0,0.0,0.060808,64128.0,1721542400.0,64.0,0.0,0.0,0.0,0.0,0.0,62.0,0.0,32.449097,0.0,5.0,0.0,0.0,73.010468,31872.0,10.0,0.0,0.0,0.0,0.0,0.12327,0.0,0.0,91376.65625,0.12327,695.0,0.0,213.0,0.0,0.0,0.12327,0.12327,0.0,0.0,0.0,32.449097,0.0,HTTP
0.0,0.000508,0.0,116.571426,0.12327,0.060796,-0.0,45428.734375,232660.015625,4998.0,0.0,4182.0,7.0,0.0,0.061304,62592.0,1721542400.0,64.0,0.0,0.0,0.0,0.0,0.0,62.0,0.0,48.673645,0.0,7.0,0.0,0.0,105.459564,31872.0,14.0,0.0,0.0,0.0,0.0,0.12327,0.0,0.0,278088.75,0.12327,816.0,0.0,597.428589,0.0,0.0,0.12327,0.12327,0.0,0.0,0.0,48.673645,0.0,HTTP
0.0,0.000507,0.0,126.666664,0.123227,0.060305,-0.0,41159.8125,147305.375,3482.0,0.0,2722.0,6.0,0.0,0.060812,63488.0,1721542400.0,64.0,0.0,0.0,0.0,0.0,0.0,62.0,0.0,40.575523,0.0,6.0,0.0,0.0,89.266151,31872.0,12.0,0.0,0.0,0.0,0.0,0.123227,0.0,0.0,188465.1875,0.123227,760.0,0.0,453.666656,0.0,0.0,0.123227,0.123227,0.0,0.0,0.0,40.575523,0.0,HTTP
0.0,0.000605,0.0,121.0,0.140139,0.061012,-0.0,41444.566406,482035.6875,10229.0,0.0,9382.0,10.0,0.0,0.061617,59520.0,1721542400.0,64.0,0.0,0.0,0.0,0.0,0.0,62.0,0.0,42.814636,0.0,7.0,0.0,0.0,114.172356,31872.0,17.0,0.0,0.0,0.0,0.0,0.140139,0.0,0.0,523480.25,0.140139,847.0,0.0,938.200012,0.0,0.0,0.140139,0.140139,0.0,0.0,0.0,64.221954,0.0,HTTP
0.0,0.00051,0.0,109.875,0.12518,0.060628,-0.0,49209.136719,480971.375,9241.0,0.0,8362.0,10.0,0.0,0.061138,64128.0,1721542400.0,64.0,0.0,0.0,0.0,0.0,0.0,62.0,0.0,55.919472,0.0,8.0,0.0,0.0,135.804428,31872.0,18.0,0.0,0.0,0.0,0.0,0.12518,0.0,0.0,530180.5,0.12518,879.0,0.0,836.200012,0.0,0.0,0.12518,0.12518,0.0,0.0,0.0,71.896469,0.0,HTTP
0.0,0.00051,0.0,125.333336,0.124678,0.060628,-0.0,40231.636719,177160.359375,4065.0,0.0,3313.0,6.0,0.0,0.061138,64128.0,1721542400.0,64.0,0.0,0.0,0.0,0.0,0.0,62.0,0.0,40.103306,0.0,6.0,0.0,0.0,88.227272,31872.0,12.0,0.0,0.0,0.0,0.0,0.124678,0.0,0.0,217392.0,0.124678,752.0,0.0,552.166687,0.0,0.0,0.124678,0.124678,0.0,0.0,0.0,40.103306,0.0,HTTP
0.0,0.000993,0.0,73.767441,0.310763,0.060659,-0.0,79777.835938,2496230.25,101564.0,0.0,98392.0,69.0,0.0,0.061652,155904.0,1721542400.0,64.0,0.0,0.0,0.0,0.0,0.0,62.0,0.0,135.15123,0.0,43.0,0.0,0.0,357.185364,31872.0,112.0,0.0,0.0,0.0,0.0,0.310763,0.0,0.0,2576008.0,0.310763,3172.0,0.0,1425.971069,0.0,0.0,0.310763,0.310763,0.0,0.0,0.0,218.816269,0.0,HTTP
0.0,0.000483,0.0,84.833336,0.25483,0.075548,-0.0,45300.789062,835506.0,29350.0,0.0,27823.0,23.0,0.0,0.076031,66688.0,1721542400.0,64.0,0.0,0.0,0.0,0.0,0.0,62.0,0.0,66.711143,0.0,18.0,0.0,0.0,156.967392,31872.0,41.0,0.0,0.0,0.0,0.0,0.25483,0.0,0.0,880806.8125,0.25483,1527.0,0.0,1209.695679,0.0,0.0,0.25483,0.25483,0.0,0.0,0.0,86.332062,0.0,HTTP
0.0,0.000483,0.0,107.5,0.169771,0.075548,-0.0,35483.089844,297011.84375,7950.0,0.0,7090.0,9.0,0.0,0.076031,64128.0,1721542400.0,64.0,0.0,0.0,0.0,0.0,0.0,62.0,0.0,41.232014,0.0,8.0,0.0,0.0,94.244598,31872.0,17.0,0.0,0.0,0.0,0.0,0.169771,0.0,0.0,332494.9375,0.169771,860.0,0.0,787.777771,0.0,0.0,0.169771,0.169771,0.0,0.0,0.0,47.122299,0.0,HTTP
0.0,0.000979,0.0,121.5,0.169771,0.075052,-0.0,28650.357422,116863.304688,3704.0,0.0,2975.0,6.0,0.0,0.076031,63488.0,1721542400.0,64.0,0.0,0.0,0.0,0.0,0.0,62.0,0.0,29.451437,0.0,6.0,0.0,0.0,64.793159,31872.0,12.0,0.0,0.0,0.0,0.0,0.169771,0.0,0.0,145513.65625,0.169771,729.0,0.0,495.833344,0.0,0.0,0.169771,0.169771,0.0,0.0,0.0,29.451437,0.0,HTTP
0.0,0.001011,0.0,99.300003,0.156534,0.059748,-0.0,45689.753906,468038.875,11066.0,0.0,10073.0,11.0,0.0,0.060759,62592.0,1721542400.0,64.0,0.0,0.0,0.0,0.0,0.0,62.0,0.0,57.495495,0.0,10.0,0.0,0.0,127.767769,31872.0,21.0,0.0,0.0,0.0,0.0,0.156534,0.0,0.0,513728.65625,0.156534,993.0,0.0,915.727295,0.0,0.0,0.156534,0.156534,0.0,0.0,0.0,63.883884,0.0,HTTP
0.0,0.001011,0.0,121.5,0.157536,0.059748,-0.0,30875.482422,124517.570312,3671.0,0.0,2942.0,6.0,0.0,0.060759,63488.0,1721542400.0,64.0,0.0,0.0,0.0,0.0,0.0,62.0,0.0,31.738777,0.0,6.0,0.0,0.0,69.82531,31872.0,12.0,0.0,0.0,0.0,0.0,0.157536,0.0,0.0,155393.046875,0.157536,729.0,0.0,490.333344,0.0,0.0,0.157536,0.157536,0.0,0.0,0.0,31.738777,0.0,HTTP
0.0,0.00149,0.0,103.222221,0.156579,0.077415,-0.0,42202.339844,388251.28125,9372.0,0.0,8443.0,10.0,0.0,0.078905,64128.0,1721542400.0,64.0,0.0,0.0,0.0,0.0,0.0,62.0,0.0,51.092419,0.0,9.0,0.0,0.0,114.957939,31872.0,19.0,0.0,0.0,0.0,0.0,0.156579,0.0,0.0,430453.625,0.156579,929.0,0.0,844.299988,0.0,0.0,0.156579,0.156579,0.0,0.0,0.0,57.47897,0.0,HTTP
0.0,0.000988,0.0,96.36364,0.170207,0.078221,-0.0,45309.535156,628411.3125,15458.0,0.0,14398.0,14.0,0.0,0.079209,61568.0,1721542400.0,64.0,0.0,0.0,0.0,0.0,0.0,62.0,0.0,58.751991,0.0,11.0,0.0,0.0,141.004776,31872.0,25.0,0.0,0.0,0.0,0.0,0.170207,0.0,0.0,673720.875,0.170207,1060.0,0.0,1028.428589,0.0,0.0,0.170207,0.170207,0.0,0.0,0.0,76.377586,0.0,HTTP
0.0,0.006338,0.0,103.111115,0.152231,0.065552,-0.0,43355.167969,493408.0625,11255.0,0.0,10327.0,11.0,0.0,0.07189,60672.0,1721542400.0,64.0,0.0,0.0,0.0,0.0,0.0,62.0,0.0,52.551716,0.0,9.0,0.0,0.0,124.810326,31872.0,20.0,0.0,0.0,0.0,0.0,0.152231,0.0,0.0,536763.25,0.152231,928.0,0.0,938.818176,0.0,0.0,0.152231,0.152231,0.0,0.0,0.0,65.689644,0.0,HTTP
0.0,0.015917,0.0,91.692307,0.197183,0.05835,-0.0,44669.164062,947546.1875,25776.0,0.0,24584.0,20.0,0.0,0.074267,59648.0,1721542400.0,64.0,0.0,0.0,0.0,0.0,0.0,62.0,0.0,60.857174,0.0,13.0,0.0,0.0,162.285797,31872.0,33.0,0.0,0.0,0.0,0.0,0.197183,0.0,0.0,992215.375,0.197183,1192.0,0.0,1229.199951,0.0,0.0,0.197183,0.197183,0.0,0.0,0.0,96.357193,0.0,HTTP
0.0,0.00149,0.0,93.666664,0.136988,0.057348,-0.0,60209.652344,713463.9375,14359.0,0.0,13235.0,13.0,0.0,0.058838,64128.0,1721542400.0,64.0,0.0,0.0,0.0,0.0,0.0,62.0,0.0,80.299004,0.0,12.0,0.0,0.0,175.19783,31872.0,25.0,0.0,0.0,0.0,0.0,0.136988,0.0,0.0,773673.625,0.136988,1124.0,0.0,1018.076904,0.0,0.0,0.136988,0.136988,0.0,0.0,0.0,87.598915,0.0,HTTP
0.0,0.000994,0.0,121.5,0.121339,0.058847,-0.0,40086.039062,185595.71875,4106.0,0.0,3377.0,6.0,0.0,0.059841,63488.0,1721542400.0,64.0,0.0,0.0,0.0,0.0,0.0,62.0,0.0,41.206867,0.0,6.0,0.0,0.0,90.655106,31872.0,12.0,0.0,0.0,0.0,0.0,0.121339,0.0,0.0,225681.765625,0.121339,729.0,0.0,562.833313,0.0,0.0,0.121339,0.121339,0.0,0.0,0.0,41.206867,0.0,HTTP
0.0,0.000501,0.0,126.0,0.15525,0.060751,-0.0,32463.767578,59826.085938,2207.0,0.0,1451.0,5.0,0.0,0.061252,64128.0,1721542400.0,64.0,0.0,0.0,0.0,0.0,0.0,62.0,0.0,32.20612,0.0,6.0,0.0,0.0,64.412239,31872.0,11.0,0.0,0.0,0.0,0.0,0.15525,0.0,0.0,92289.859375,0.15525,756.0,0.0,290.200012,0.0,0.0,0.15525,0.15525,0.0,0.0,0.0,25.764896,0.0,HTTP
0.0,0.000493,0.0,125.666664,0.123345,0.060758,-0.0,40796.140625,78089.90625,2258.0,0.0,1504.0,5.0,0.0,0.061251,64128.0,1721542400.0,64.0,0.0,0.0,0.0,0.0,0.0,62.0,0.0,40.536705,0.0,6.0,0.0,0.0,81.07341,31872.0,11.0,0.0,0.0,0.0,0.0,0.123345,0.0,0.0,118886.046875,0.123345,754.0,0.0,300.799988,0.0,0.0,0.123345,0.123345,0.0,0.0,0.0,32.429363,0.0,HTTP
0.0,0.000992,0.0,100.5,0.125423,0.060822,-0.0,70545.273438,653915.125,12389.0,0.0,11183.0,12.0,0.0,0.061814,62592.0,1721542400.0,64.0,0.0,0.0,0.0,0.0,0.0,62.0,0.0,87.703217,0.0,12.0,0.0,0.0,183.37944,31872.0,24.0,0.0,0.0,0.0,0.0,0.125423,0.0,0.0,724460.4375,0.125423,1206.0,0.0,931.916687,0.0,0.0,0.125423,0.125423,0.0,0.0,0.0,87.703217,0.0,HTTP
0.0,0.001489,0.0,138.833328,0.155432,0.059673,-0.0,35771.269531,172782.953125,4749.0,0.0,3916.0,7.0,0.0,0.061162,63488.0,1721542400.0,64.0,0.0,0.0,0.0,0.0,0.0,62.0,0.0,32.168407,0.0,6.0,0.0,0.0,77.204178,31872.0,13.0,0.0,0.0,0.0,0.0,0.155432,0.0,0.0,208554.21875,0.155432,833.0,0.0,559.428589,0.0,0.0,0.155432,0.155432,0.0,0.0,0.0,38.602089,0.0,HTTP
0.0,0.001489,0.0,99.53846,0.154413,0.060169,-0.0,61911.886719,748848.875,16859.0,0.0,15565.0,14.0,0.0,0.061658,63488.0,1721542400.0,64.0,0.0,0.0,0.0,0.0,0.0,62.0,0.0,77.713661,0.0,13.0,0.0,0.0,168.379608,31872.0,27.0,0.0,0.0,0.0,0.0,0.154413,0.0,0.0,810760.75,0.154413,1294.0,0.0,1111.785767,0.0,0.0,0.154413,0.154413,0.0,0.0,0.0,84.189804,0.0,HTTP
0.0,0.001489,0.0,139.166672,0.141491,0.059664,-0.0,39352.328125,163063.375,4295.0,0.0,3460.0,6.0,0.0,0.061153,63488.0,1721542400.0,64.0,0.0,0.0,0.0,0.0,0.0,62.0,0.0,35.337936,0.0,6.0,0.0,0.0,77.743462,31872.0,12.0,0.0,0.0,0.0,0.0,0.141491,0.0,0.0,202415.703125,0.141491,835.0,0.0,576.666687,0.0,0.0,0.141491,0.141491,0.0,0.0,0.0,35.337936,0.0,HTTP
0.0,0.000515,0.0,139.333328,0.123748,0.060639,-0.0,45059.316406,247470.671875,5302.0,0.0,4466.0,7.0,0.0,0.061154,62592.0,1721542400.0,64.0,0.0,0.0,0.0,0.0,0.0,62.0,0.0,40.404694,0.0,6.0,0.0,0.0,96.971268,31872.0,13.0,0.0,0.0,0.0,0.0,0.123748,0.0,0.0,292530.0,0.123748,836.0,0.0,638.0,0.0,0.0,0.123748,0.123748,0.0,0.0,0.0,48.485634,0.0,HTTP
0.0,0.001267,0.0,105.63636,0.187029,0.059805,-0.0,45212.238281,742344.75,19673.0,0.0,18511.0,16.0,0.0,0.061072,63488.0,1721542400.0,64.0,0.0,0.0,0.0,0.0,0.0,62.0,0.0,53.467644,0.0,11.0,0.0,0.0,139.015869,31872.0,27.0,0.0,0.0,0.0,0.0,0.187029,0.0,0.0,787557.0,0.187029,1162.0,0.0,1156.9375,0.0,0.0,0.187029,0.187029,0.0,0.0,0.0,80.201462,0.0,HTTP
0.0,0.000505,0.0,114.222221,0.138951,0.059805,-0.0,52622.867188,731883.875,14799.0,0.0,13771.0,13.0,0.0,0.06031,61568.0,1721542400.0,64.0,0.0,0.0,0.0,0.0,0.0,62.0,0.0,57.574253,0.0,9.0,0.0,0.0,151.132416,31872.0,22.0,0.0,0.0,0.0,0.0,0.138951,0.0,0.0,784506.75,0.138951,1028.0,0.0,1059.307739,0.0,0.0,0.138951,0.138951,0.0,0.0,0.0,86.361374,0.0,HTTP
0.0,0.000985,0.0,128.142853,0.122172,0.059262,-0.0,50355.238281,319025.65625,6465.0,0.0,5568.0,8.0,0.0,0.060247,64128.0,1721542400.0,64.0,0.0,0.0,0.0,0.0,0.0,62.0,0.0,49.111092,0.0,7.0,0.0,0.0,114.592545,31872.0,15.0,0.0,0.0,0.0,0.0,0.122172,0.0,0.0,369380.875,0.122172,897.0,0.0,696.0,0.0,0.0,0.122172,0.122172,0.0,0.0,0.0,57.296272,0.0,HTTP
0.0,0.001019,0.0,129.142853,0.125166,0.06023,-0.0,49534.21875,323474.4375,6687.0,0.0,5783.0,8.0,0.0,0.061249,64128.0,1721542400.0,64.0,0.0,0.0,0.0,0.0,0.0,62.0,0.0,47.93634,0.0,7.0,0.0,0.0,111.851463,31872.0,15.0,0.0,0.0,0.0,0.0,0.125166,0.0,0.0,373008.65625,0.125166,904.0,0.0,722.875,0.0,0.0,0.125166,0.125166,0.0,0.0,0.0,55.925732,0.0,HTTP
0.0,0.000519,0.0,99.92308,0.138977,0.059711,-0.0,69076.171875,780675.875,15904.0,0.0,14605.0,14.0,0.0,0.06023,63488.0,1721542400.0,64.0,0.0,0.0,0.0,0.0,0.0,62.0,0.0,86.345222,0.0,13.0,0.0,0.0,187.081314,31872.0,27.0,0.0,0.0,0.0,0.0,0.138977,0.0,0.0,849752.0,0.138977,1299.0,0.0,1043.214233,0.0,0.0,0.138977,0.138977,0.0,0.0,0.0,93.540657,0.0,HTTP
0.0,0.000497,0.0,139.333328,0.124524,0.060712,-0.0,44778.515625,260704.765625,5570.0,0.0,4734.0,7.0,0.0,0.061209,62592.0,1721542400.0,64.0,0.0,0.0,0.0,0.0,0.0,62.0,0.0,40.152905,0.0,6.0,0.0,0.0,96.366966,31872.0,13.0,0.0,0.0,0.0,0.0,0.124524,0.0,0.0,305483.28125,0.124524,836.0,0.0,676.285706,0.0,0.0,0.124524,0.124524,0.0,0.0,0.0,48.183483,0.0,HTTP
0.0,0.0005,0.0,74.0,0.0005,0.0,-0.0,0.0,0.0,148.0,0.0,74.0,1.0,0.0,0.0005,8222720.0,1721542400.0,64.0,0.0,0.0,0.0,0.0,1.0,62.0,0.0,0.0,0.0,1.0,0.0,0.0,1999.999878,4077568.0,2.0,0.0,0.0,0.0,0.0,0.0005,0.0,0.0,0.0,0.0005,74.0,0.0,74.0,0.0,0.0,0.0005,0.0005,0.0,0.0,0.0,0.0,0.0,HTTP
0.0,0.000993,0.0,120.714287,0.202814,0.07609,-0.0,28597.630859,145552.078125,5149.0,0.0,4304.0,7.0,0.0,0.077083,62592.0,1721542400.0,64.0,0.0,0.0,0.0,0.0,0.0,62.0,0.0,29.583757,0.0,7.0,0.0,0.0,64.098137,31872.0,14.0,0.0,0.0,0.0,0.0,0.202814,0.0,0.0,174149.71875,0.202814,845.0,0.0,614.857117,0.0,0.0,0.202814,0.202814,0.0,0.0,0.0,29.583757,0.0,HTTP
0.0,0.002005,2.0,111.375,0.831954,0.167275,-0.0,7500.414551,79552.476562,10198.0,1.0,9307.0,9.0,0.0,0.16928,64128.0,1721542400.0,64.0,0.0,0.0,0.0,0.0,0.0,62.0,0.0,8.413927,0.0,8.0,2.0,0.0,19.231833,31872.0,17.0,0.0,0.0,10.526316,0.0,0.831954,0.0,0.0,87052.890625,0.831954,891.0,0.0,1034.111084,0.0,0.0,0.831954,0.831954,1.0,0.0,0.0,9.615916,0.0,HTTP
0.0,0.002502,9.0,96.666664,0.986684,0.166778,-0.0,10978.185547,348010.09375,45756.0,1.0,44306.0,32.0,0.0,0.16928,59648.0,1721542400.0,64.0,0.0,0.0,0.0,0.0,0.0,62.0,0.0,14.18894,0.0,15.0,9.0,0.0,46.6208,31872.0,47.0,0.0,0.0,16.071429,0.0,0.986684,0.0,0.0,358988.28125,0.986684,1450.0,0.0,1384.5625,0.0,0.0,0.986684,0.986684,1.0,0.0,1.0,31.418365,0.0,HTTP
1.0,0.0005,8.0,84.515152,0.988463,0.168345,-0.0,21892.574219,653208.0625,84939.0,1.0,82150.0,57.0,0.0,0.168845,84480.0,1721542400.0,64.0,0.0,0.0,0.0,0.0,0.0,62.0,0.0,32.373493,1.0,33.0,7.0,0.0,90.03878,31872.0,90.0,0.0,0.0,8.163265,0.0,0.988463,0.0,0.0,675100.625,0.988463,2789.0,0.0,1441.228027,0.0,1.0,0.988463,0.988463,0.0,0.0,1.0,56.653614,0.0,HTTP
0.0,0.002502,0.0,66.0,0.170173,0.166778,-0.0,21719.074219,142960.390625,4582.0,1.0,4054.0,4.0,0.0,0.16928,64128.0,1721542400.0,64.0,0.0,0.0,0.0,0.0,0.0,62.0,0.0,41.134609,1.0,8.0,0.0,0.0,64.640099,31872.0,12.0,0.0,0.0,0.0,0.0,0.170173,0.0,0.0,164679.46875,0.170173,528.0,0.0,1013.5,0.0,0.0,0.170173,0.170173,0.0,0.0,0.0,17.629118,0.0,HTTP
0.0,0.002005,1.0,66.0,0.161473,0.167275,-0.0,3269.896484,39139.667969,1712.0,1.0,1580.0,2.0,0.0,0.16928,63488.0,1721542400.0,64.0,0.0,0.0,0.0,0.0,0.0,62.0,0.0,6.192986,1.0,2.0,1.0,0.0,18.578957,31872.0,4.0,0.0,0.0,20.0,0.0,0.161473,0.0,0.0,42409.566406,0.161473,132.0,0.0,790.0,0.0,0.0,0.161473,0.161473,1.0,0.0,0.0,6.192986,0.0,HTTP
0.0,0.0005,2.0,71.428574,0.94031,0.168345,-0.0,24919.441406,532164.9375,67004.0,1.0,64004.0,44.0,0.0,0.168845,235008.0,1721542400.0,64.0,0.0,0.0,0.0,0.0,0.0,62.0,0.0,43.602642,1.0,42.0,2.0,0.0,90.395721,31872.0,86.0,0.0,0.0,2.272727,0.0,0.94031,0.0,0.0,557084.375,0.94031,3000.0,0.0,1454.636353,0.0,0.0,0.94031,0.94031,1.0,0.0,0.0,45.729599,0.0,HTTP
0.0,0.000653,0.0,126.0,0.356718,0.16868,-0.0,14128.807617,20901.664062,1921.0,0.0,1165.0,5.0,0.0,0.169333,64128.0,1721542400.0,64.0,0.0,0.0,0.0,0.0,0.0,62.0,0.0,14.016674,0.0,6.0,0.0,0.0,28.033348,31872.0,11.0,0.0,0.0,0.0,0.0,0.356718,0.0,0.0,35030.472656,0.356718,756.0,0.0,233.0,0.0,0.0,0.356718,0.356718,0.0,0.0,0.0,11.213339,0.0,HTTP
0.0,0.001999,7.0,88.047623,0.909988,0.181958,-0.0,15481.523438,523461.84375,62809.0,1.0,60960.0,43.0,0.0,0.183957,67072.0,1721542400.0,64.0,0.0,0.0,0.0,0.0,0.0,62.0,0.0,21.978312,0.0,21.0,7.0,0.0,69.231682,31872.0,64.0,0.0,0.0,9.859155,0.0,0.909988,0.0,0.0,538943.375,0.909988,1849.0,0.0,1417.674438,0.0,0.0,0.909988,0.909988,1.0,0.0,1.0,46.154457,0.0,HTTP
0.0,0.001494,6.0,141.600006,0.865705,0.168065,-0.0,5239.660156,35513.25,5100.0,1.0,4392.0,8.0,0.0,0.169559,64128.0,1721542400.0,64.0,0.0,0.0,0.0,0.0,0.0,62.0,0.0,4.620512,0.0,5.0,6.0,0.0,13.861535,31872.0,13.0,0.0,0.0,31.578947,0.0,0.865705,0.0,0.0,40752.910156,0.865705,708.0,0.0,549.0,0.0,0.0,0.865705,0.865705,1.0,0.0,0.0,8.085896,0.0,HTTP
0.0,0.000994,0.0,126.5,0.368766,0.183379,-0.0,13732.285156,69507.492188,4497.0,0.0,3738.0,7.0,0.0,0.184373,63488.0,1721542400.0,64.0,0.0,0.0,0.0,0.0,0.0,62.0,0.0,13.558733,0.0,6.0,0.0,0.0,32.540958,31872.0,13.0,0.0,0.0,0.0,0.0,0.368766,0.0,0.0,83239.773438,0.368766,759.0,0.0,534.0,0.0,0.0,0.368766,0.368766,0.0,0.0,0.0,16.270479,0.0,HTTP
0.0,0.00149,2.0,181.0,0.566767,0.182883,-0.0,5109.683594,92242.492188,7894.0,0.0,7351.0,9.0,0.0,0.184373,64256.0,1721542400.0,64.0,0.0,0.0,0.0,0.0,0.0,62.0,0.0,3.528787,0.0,3.0,2.0,0.0,19.408329,31872.0,12.0,0.0,0.0,14.285714,0.0,0.566767,0.0,0.0,97352.179688,0.566767,543.0,0.0,816.777771,0.0,0.0,0.566767,0.566767,1.0,0.0,0.0,14.115149,0.0,HTTP
0.0,0.00149,2.0,184.666672,0.566767,0.183381,-0.0,5222.60498,179939.90625,14460.0,0.0,13906.0,12.0,0.0,0.184871,64256.0,1721542400.0,64.0,0.0,0.0,0.0,0.0,0.0,62.0,0.0,3.528787,0.0,3.0,2.0,0.0,24.701509,31872.0,15.0,0.0,0.0,11.764706,0.0,0.566767,0.0,0.0,185162.515625,0.566767,554.0,0.0,1158.833374,0.0,0.0,0.566767,0.566767,1.0,0.0,0.0,19.408329,0.0,HTTP
0.0,0.001049,3.0,144.199997,0.97377,0.168893,-0.0,4740.338867,145019.875,19549.0,1.0,18828.0,16.0,0.0,0.169942,64128.0,1721542400.0,64.0,0.0,0.0,0.0,0.0,0.0,62.0,0.0,4.107746,0.0,5.0,3.0,0.0,20.538731,31872.0,21.0,0.0,0.0,12.5,0.0,0.97377,0.0,0.0,149760.203125,0.97377,721.0,0.0,1176.75,0.0,0.0,0.97377,0.97377,1.0,0.0,1.0,15.404048,0.0,HTTP
0.0,0.0,2.0,139.800003,0.93477,0.186593,-0.0,4792.623047,40985.484375,6286.0,0.0,5587.0,7.0,0.0,0.186593,63488.0,1721542400.0,64.0,0.0,0.0,0.0,0.0,0.0,62.0,0.0,4.279128,0.0,5.0,2.0,0.0,11.767601,31872.0,12.0,0.0,0.0,14.285714,0.0,0.93477,0.0,0.0,45778.105469,0.93477,699.0,0.0,798.142883,0.0,0.0,0.93477,0.93477,1.0,0.0,0.0,6.418691,0.0,HTTP
0.0,0.001494,0.0,66.0,0.000984,0.168065,-0.0,536585.3125,0.0,198.0,1.0,66.0,1.0,0.0,0.169559,63488.0,1721542400.0,64.0,0.0,0.0,0.0,0.0,0.0,62.0,0.0,1016.260132,1.0,2.0,0.0,0.0,2032.520264,31872.0,3.0,0.0,0.0,0.0,0.0,0.000984,0.0,0.0,536585.3125,0.000984,132.0,0.0,66.0,0.0,0.0,0.000984,0.000984,0.0,0.0,0.0,0.0,0.0,HTTP
0.0,0.001999,2.0,66.400002,0.785698,0.181958,-0.0,19610.587891,493410.96875,51919.0,1.0,49927.0,34.0,0.0,0.183957,188672.0,1721542400.0,64.0,0.0,0.0,0.0,0.0,0.0,62.0,0.0,36.909855,1.0,30.0,2.0,0.0,80.183479,31872.0,64.0,0.0,0.0,3.030303,0.0,0.785698,0.0,0.0,513021.53125,0.785698,1992.0,0.0,1468.441162,0.0,0.0,0.785698,0.785698,1.0,0.0,0.0,42.00087,0.0,HTTP
0.0,0.000492,0.0,105.444443,0.354952,0.183344,-0.0,19022.289062,169127.09375,9286.0,0.0,8337.0,10.0,0.0,0.183836,63488.0,1721542400.0,64.0,0.0,0.0,0.0,0.0,0.0,62.0,0.0,22.538258,0.0,9.0,0.0,0.0,50.711082,31872.0,19.0,0.0,0.0,0.0,0.0,0.354952,0.0,0.0,188149.375,0.354952,949.0,0.0,833.700012,0.0,0.0,0.354952,0.354952,0.0,0.0,0.0,25.355541,0.0,HTTP
0.0,0.001049,9.0,76.0,0.679445,0.168893,-0.0,9843.327148,292203.1875,27188.0,1.0,26276.0,18.0,0.0,0.169942,64128.0,1721542400.0,64.0,0.0,0.0,0.0,0.0,0.0,62.0,0.0,16.189684,1.0,12.0,9.0,0.0,42.681892,31872.0,30.0,0.0,0.0,23.076923,0.0,0.679445,0.0,0.0,302046.5,0.679445,912.0,0.0,1459.777832,0.0,0.0,0.679445,0.679445,1.0,0.0,0.0,25.02042,0.0,HTTP
0.0,0.00149,7.0,66.0,0.355901,0.182883,-0.0,4450.675781,131587.15625,7093.0,0.0,6829.0,7.0,0.0,0.184373,63488.0,1721542400.0,64.0,0.0,0.0,0.0,0.0,0.0,62.0,0.0,8.429311,1.0,4.0,7.0,0.0,28.097702,31872.0,11.0,0.0,0.0,38.888889,0.0,0.355901,0.0,0.0,136037.828125,0.355901,264.0,0.0,975.571411,0.0,0.0,0.355901,0.355901,1.0,0.0,0.0,16.858622,0.0,HTTP
0.0,0.00149,10.0,66.0,0.539378,0.183381,-0.0,5873.432129,165242.1875,12840.0,0.0,12378.0,10.0,0.0,0.184871,64128.0,1721542400.0,64.0,0.0,0.0,0.0,0.0,0.0,62.0,0.0,11.123924,1.0,7.0,10.0,0.0,29.663799,31872.0,17.0,0.0,0.0,37.037037,0.0,0.539378,0.0,0.0,171115.625,0.539378,462.0,0.0,1237.800049,0.0,0.0,0.539378,0.539378,1.0,0.0,0.0,16.685886,0.0,HTTP
0.0,0.001494,0.0,125.0,0.355152,0.168499,-0.0,14078.478516,41131.683594,2941.0,0.0,2191.0,6.0,0.0,0.169993,64128.0,1721542400.0,64.0,0.0,0.0,0.0,0.0,0.0,62.0,0.0,14.078479,0.0,6.0,0.0,0.0,30.972652,31872.0,12.0,0.0,0.0,0.0,0.0,0.355152,0.0,0.0,55210.160156,0.355152,750.0,0.0,365.166656,0.0,0.0,0.355152,0.355152,0.0,0.0,0.0,14.078479,0.0,HTTP
0.0,0.0,0.0,66.0,0.001915,0.186593,-0.0,0.0,0.0,132.0,0.0,66.0,1.0,0.0,0.186593,63488.0,1721542400.0,64.0,0.0,0.0,0.0,0.0,0.0,62.0,0.0,0.0,1.0,1.0,0.0,0.0,522.193176,31872.0,2.0,0.0,0.0,0.0,0.0,0.001915,0.0,0.0,0.0,0.001915,66.0,0.0,66.0,0.0,0.0,0.001915,0.001915,0.0,0.0,0.0,0.0,0.0,HTTP
0.0,0.001522,0.0,123.333336,0.356259,0.182562,-0.0,13855.088867,35434.894531,2712.0,0.0,1972.0,5.0,0.0,0.184084,64128.0,1721542400.0,64.0,0.0,0.0,0.0,0.0,0.0,62.0,0.0,14.034734,0.0,6.0,0.0,0.0,28.069468,31872.0,11.0,0.0,0.0,0.0,0.0,0.356259,0.0,0.0,49289.984375,0.356259,740.0,0.0,394.399994,0.0,0.0,0.356259,0.356259,0.0,0.0,0.0,11.227787,0.0,HTTP
0.0,0.001019,0.0,133.800003,0.354195,0.183857,-0.0,12106.325195,18611.216797,1699.0,0.0,1030.0,5.0,0.0,0.184876,64128.0,1721542400.0,64.0,0.0,0.0,0.0,0.0,0.0,62.0,0.0,11.293214,0.0,5.0,0.0,0.0,25.409733,31872.0,10.0,0.0,0.0,0.0,0.0,0.354195,0.0,0.0,30717.542969,0.354195,669.0,0.0,206.0,0.0,0.0,0.354195,0.354195,0.0,0.0,0.0,11.293214,0.0,HTTP
0.0,0.000497,0.0,134.399994,0.340517,0.169891,-0.0,12639.603516,14284.161133,1431.0,0.0,759.0,5.0,0.0,0.170388,64128.0,1721542400.0,64.0,0.0,0.0,0.0,0.0,0.0,62.0,0.0,11.746843,0.0,5.0,0.0,0.0,26.430397,31872.0,10.0,0.0,0.0,0.0,0.0,0.340517,0.0,0.0,26923.765625,0.340517,672.0,0.0,151.800003,0.0,0.0,0.340517,0.340517,0.0,0.0,0.0,11.746843,0.0,HTTP
0.0,0.001004,0.0,122.0,0.339722,0.168278,-0.0,14364.686523,22088.648438,1904.0,0.0,1172.0,5.0,0.0,0.169282,64128.0,1721542400.0,64.0,0.0,0.0,0.0,0.0,0.0,62.0,0.0,14.717916,0.0,6.0,0.0,0.0,29.435833,31872.0,11.0,0.0,0.0,0.0,0.0,0.339722,0.0,0.0,36453.335938,0.339722,732.0,0.0,234.399994,0.0,0.0,0.339722,0.339722,0.0,0.0,0.0,11.774333,0.0,HTTP
0.0,0.001488,0.0,122.666664,0.339965,0.168303,-0.0,14448.546875,31273.808594,2397.0,0.0,1661.0,5.0,0.0,0.169791,64128.0,1721542400.0,64.0,0.0,0.0,0.0,0.0,0.0,62.0,0.0,14.707397,0.0,6.0,0.0,0.0,29.414793,31872.0,11.0,0.0,0.0,0.0,0.0,0.339965,0.0,0.0,45722.355469,0.339965,736.0,0.0,332.200012,0.0,0.0,0.339965,0.339965,0.0,0.0,0.0,11.765918,0.0,HTTP
0.0,0.0,0.0,114.14286,0.337462,0.167672,-0.0,16238.865234,126829.09375,6913.0,0.0,6114.0,8.0,0.0,0.167672,61568.0,1721542400.0,64.0,0.0,0.0,0.0,0.0,0.0,62.0,0.0,17.779779,0.0,7.0,0.0,0.0,41.486153,31872.0,15.0,0.0,0.0,0.0,0.0,0.337462,0.0,0.0,143067.953125,0.337462,799.0,0.0,764.25,0.0,0.0,0.337462,0.337462,0.0,0.0,0.0,20.743076,0.0,HTTP
0.0,0.0005,0.0,66.0,0.0005,0.168345,-0.0,0.0,0.0,132.0,1.0,66.0,1.0,0.0,0.168845,235008.0,1721542400.0,64.0,0.0,0.0,0.0,0.0,0.0,62.0,0.0,0.0,1.0,1.0,0.0,0.0,1999.999878,31872.0,2.0,0.0,0.0,0.0,0.0,0.0005,0.0,0.0,0.0,0.0005,66.0,0.0,66.0,0.0,0.0,0.0005,0.0005,0.0,0.0,0.0,0.0,0.0,HTTP
0.0,0.000501,0.0,122.166664,0.340865,0.154337,-0.0,14339.988281,44756.722656,3021.0,0.0,2288.0,6.0,0.0,0.154838,63488.0,1721542400.0,64.0,0.0,0.0,0.0,0.0,0.0,62.0,0.0,14.668565,0.0,6.0,0.0,0.0,32.270844,31872.0,12.0,0.0,0.0,0.0,0.0,0.340865,0.0,0.0,59096.710938,0.340865,733.0,0.0,381.333344,0.0,0.0,0.340865,0.340865,0.0,0.0,0.0,14.668565,0.0,HTTP
0.0,0.000996,0.0,122.0,0.339585,0.166028,-0.0,14370.481445,27421.705078,2187.0,0.0,1455.0,5.0,0.0,0.167024,64128.0,1721542400.0,64.0,0.0,0.0,0.0,0.0,0.0,62.0,0.0,14.723854,0.0,6.0,0.0,0.0,29.447708,31872.0,11.0,0.0,0.0,0.0,0.0,0.339585,0.0,0.0,41792.1875,0.339585,732.0,0.0,291.0,0.0,0.0,0.339585,0.339585,0.0,0.0,0.0,11.779083,0.0,HTTP
0.0,0.00199,2.0,150.0,0.690102,0.167786,-0.0,5216.620117,118115.875,11807.0,0.0,11207.0,11.0,0.0,0.169776,64128.0,1721542400.0,64.0,0.0,0.0,0.0,0.0,0.0,62.0,0.0,4.347184,0.0,4.0,2.0,0.0,20.286858,31872.0,15.0,0.0,0.0,11.764706,0.0,0.690102,0.0,0.0,123332.5,0.690102,600.0,0.0,1018.818176,0.0,0.0,0.690102,0.690102,1.0,0.0,0.0,14.490612,0.0,HTTP
0.0,0.001518,6.0,106.222221,0.67491,0.168275,-0.0,10075.416992,231272.3125,21686.0,1.0,20730.0,17.0,0.0,0.169793,61440.0,1721542400.0,64.0,0.0,0.0,0.0,0.0,0.0,62.0,0.0,11.853432,0.0,9.0,6.0,0.0,37.041977,31872.0,26.0,0.0,0.0,18.75,0.0,0.67491,0.0,0.0,241347.734375,0.67491,956.0,0.0,1219.411743,0.0,0.0,0.67491,0.67491,1.0,0.0,0.0,23.706863,0.0,HTTP
0.0,0.000629,2.0,114.0,0.68276,0.169987,-0.0,8014.529297,121131.875,12169.0,0.0,11371.0,11.0,0.0,0.170616,63488.0,1721542400.0,64.0,0.0,0.0,0.0,0.0,0.0,62.0,0.0,8.787861,0.0,7.0,2.0,0.0,24.898939,31872.0,18.0,0.0,0.0,10.0,0.0,0.68276,0.0,0.0,129146.40625,0.68276,798.0,0.0,1033.727295,0.0,0.0,0.68276,0.68276,1.0,0.0,0.0,14.646435,0.0,HTTP
0.0,0.00125,9.0,86.307693,0.861448,0.166644,-0.0,20040.675781,461678.46875,53301.0,1.0,51057.0,38.0,0.0,0.167894,87296.0,1721542400.0,64.0,0.0,0.0,0.0,0.0,0.0,62.0,0.0,29.020905,0.0,26.0,9.0,0.0,73.132683,31872.0,64.0,0.0,0.0,12.328767,0.0,0.861448,0.0,0.0,481719.15625,0.861448,2244.0,0.0,1343.605225,0.0,0.0,0.861448,0.861448,1.0,0.0,0.0,42.950939,0.0,HTTP
0.0,0.001049,1.0,66.0,0.000993,0.168893,-0.0,531722.0625,6364552.0,1712.0,1.0,1580.0,2.0,0.0,0.169942,56832.0,1721542400.0,64.0,0.0,0.0,0.0,0.0,0.0,62.0,0.0,1007.049377,1.0,2.0,1.0,0.0,3021.147949,31872.0,4.0,0.0,0.0,20.0,0.0,0.000993,0.0,0.0,6896274.0,0.000993,132.0,0.0,790.0,0.0,0.0,0.000993,0.000993,1.0,0.0,0.0,1007.049377,0.0,HTTP
0.0,0.000501,0.0,124.5,0.308092,0.15338,-0.0,16176.986328,39027.304688,2625.0,0.0,1878.0,5.0,0.0,0.153881,64128.0,1721542400.0,64.0,0.0,0.0,0.0,0.0,0.0,62.0,0.0,16.228918,0.0,6.0,0.0,0.0,32.457836,31872.0,11.0,0.0,0.0,0.0,0.0,0.308092,0.0,0.0,55204.289062,0.308092,747.0,0.0,375.600006,0.0,0.0,0.308092,0.308092,0.0,0.0,0.0,12.983135,0.0,HTTP
0.0,0.00199,8.0,66.0,0.564794,0.167786,-0.0,4674.270508,124094.804688,10408.0,0.0,10012.0,8.0,0.0,0.169776,63488.0,1721542400.0,64.0,0.0,0.0,0.0,0.0,0.0,62.0,0.0,8.852785,1.0,6.0,8.0,0.0,23.017242,31872.0,14.0,0.0,0.0,36.363636,0.0,0.564794,0.0,0.0,128769.070312,0.564794,396.0,0.0,1251.5,0.0,0.0,0.564794,0.564794,1.0,0.0,0.0,12.393899,0.0,HTTP
0.0,0.001518,1.0,66.0,0.191539,0.168275,-0.0,2756.618652,32995.890625,1712.0,1.0,1580.0,2.0,0.0,0.169793,62592.0,1721542400.0,64.0,0.0,0.0,0.0,0.0,0.0,62.0,0.0,5.220869,1.0,2.0,1.0,0.0,15.662606,31872.0,4.0,0.0,0.0,20.0,0.0,0.191539,0.0,0.0,35752.507812,0.191539,132.0,0.0,790.0,0.0,0.0,0.191539,0.191539,1.0,0.0,0.0,5.220869,0.0,HTTP
0.0,0.000629,0.0,0.0,0.0,0.169987,-0.0,0.0,0.0,1514.0,0.0,1514.0,1.0,0.0,0.170616,507918.4607708,1721542400.0,64.0,0.0,0.0,0.0,0.0,0.0,62.0,0.0,0.0,1.0,0.0,1.0,0.0,0.0,434180.50583333336,1.0,0.0,0.0,0.0,0.0,0.0,0.0,0.0,0.0,0.0,0.0,0.0,1514.0,1.0,0.0,0.0,0.0,1.0,0.0,0.0,0.0,0.0,HTTP
0.0,0.000629,0.0,0.0,0.0,0.169987,-0.0,0.0,0.0,1514.0,0.0,1514.0,1.0,0.0,0.170616,507918.4607708,1721542400.0,64.0,0.0,0.0,0.0,0.0,0.0,62.0,0.0,0.0,1.0,0.0,1.0,0.0,0.0,434180.50583333336,1.0,0.0,0.0,0.0,0.0,0.0,0.0,0.0,0.0,0.0,0.0,0.0,1514.0,1.0,0.0,0.0,0.0,1.0,0.0,0.0,0.0,0.0,HTTP
0.0,0.000629,0.0,0.0,0.0,0.169987,-0.0,0.0,0.0,1514.0,0.0,1514.0,1.0,0.0,0.170616,507918.4607708,1721542400.0,64.0,0.0,0.0,0.0,0.0,0.0,62.0,0.0,0.0,1.0,0.0,1.0,0.0,0.0,434180.50583333336,1.0,0.0,0.0,0.0,0.0,0.0,0.0,0.0,0.0,0.0,0.0,0.0,1514.0,1.0,0.0,0.0,0.0,1.0,0.0,0.0,0.0,0.0,HTTP
0.0,0.000629,1.0,66.0,0.849947,0.169987,-0.0,0.0,7435.757812,1646.0,0.0,1580.0,2.0,0.0,0.170616,63488.0,1721542400.0,64.0,0.0,0.0,0.0,0.0,0.0,62.0,0.0,0.0,1.0,1.0,1.0,0.0,2.353088,31872.0,3.0,0.0,0.0,25.0,0.0,0.849947,0.0,0.0,7435.757812,0.849947,66.0,0.0,790.0,0.0,0.0,0.849947,0.849947,1.0,0.0,0.0,1.176544,0.0,HTTP
0.0,0.00267,0.0,69.81765,0.956833,0.05945,-0.0,98658.804688,3451427.75,426164.0,0.0,414295.0,278.0,0.0,0.06212,652416.0,1721542400.0,64.0,0.0,0.0,0.0,0.0,0.0,62.0,0.0,176.624344,0.0,170.0,0.0,0.0,467.166168,31872.0,448.0,0.0,0.0,0.0,0.0,0.956833,0.0,0.0,3550086.5,0.956833,11869.0,0.0,1490.269775,0.0,0.0,0.956833,0.956833,0.0,0.0,0.0,289.496704,0.0,HTTP
0.0,0.001363,0.0,173.333328,0.125277,0.047637,-0.0,55365.3125,129888.171875,3480.0,0.0,2440.0,6.0,0.0,0.049,63488.0,1721542400.0,64.0,0.0,0.0,0.0,0.0,0.0,62.0,0.0,39.911556,0.0,6.0,0.0,0.0,87.805428,31872.0,12.0,0.0,0.0,0.0,0.0,0.125277,0.0,0.0,185253.484375,0.125277,1040.0,0.0,406.666656,0.0,0.0,0.125277,0.125277,0.0,0.0,0.0,39.911556,0.0,HTTP
0.0,0.0,0.0,173.666672,0.122916,0.059956,-0.0,56558.953125,122685.414062,3303.0,0.0,2261.0,6.0,0.0,0.059956,63488.0,1721542400.0,64.0,0.0,0.0,0.0,0.0,0.0,62.0,0.0,40.678188,0.0,6.0,0.0,0.0,89.492012,31872.0,12.0,0.0,0.0,0.0,0.0,0.122916,0.0,0.0,179244.359375,0.122916,1042.0,0.0,376.833344,0.0,0.0,0.122916,0.122916,0.0,0.0,0.0,40.678188,0.0,HTTP
0.0,0.000508,0.0,98.199997,0.216526,0.061108,-0.0,68943.21875,1026795.875,31018.0,0.0,29054.0,23.0,0.0,0.061616,56832.0,1721542400.0,64.0,0.0,0.0,0.0,0.0,0.0,62.0,0.0,87.749275,0.0,20.0,0.0,0.0,193.972092,31872.0,43.0,0.0,0.0,0.0,0.0,0.216526,0.0,0.0,1095739.125,0.216526,1964.0,0.0,1263.217407,0.0,0.0,0.216526,0.216526,0.0,0.0,0.0,101.604424,0.0,HTTP
0.0,0.001484,0.0,137.666672,0.126168,0.061375,-0.0,69875.085938,776551.9375,14506.0,0.0,13267.0,13.0,0.0,0.062859,56832.0,1721542400.0,64.0,0.0,0.0,0.0,0.0,0.0,62.0,0.0,63.40752,0.0,9.0,0.0,0.0,166.444748,31872.0,22.0,0.0,0.0,0.0,0.0,0.126168,0.0,0.0,846427.0,0.126168,1239.0,0.0,1020.538452,0.0,0.0,0.126168,0.126168,0.0,0.0,0.0,95.111282,0.0,HTTP
0.0,0.000488,0.0,146.625,0.154989,0.060461,-0.0,53010.210938,455774.28125,10885.0,0.0,9712.0,11.0,0.0,0.060949,58752.0,1721542400.0,64.0,0.0,0.0,0.0,0.0,0.0,62.0,0.0,45.164494,0.0,8.0,0.0,0.0,116.137268,31872.0,19.0,0.0,0.0,0.0,0.0,0.154989,0.0,0.0,508784.46875,0.154989,1173.0,0.0,882.909119,0.0,0.0,0.154989,0.154989,0.0,0.0,0.0,64.520706,0.0,HTTP
0.0,0.000995,0.0,137.666672,0.187777,0.075871,-0.0,46949.308594,322893.65625,9660.0,0.0,8421.0,10.0,0.0,0.076866,63360.0,1721542400.0,64.0,0.0,0.0,0.0,0.0,0.0,62.0,0.0,42.603725,0.0,9.0,0.0,0.0,95.858383,31872.0,19.0,0.0,0.0,0.0,0.0,0.187777,0.0,0.0,369842.96875,0.187777,1239.0,0.0,842.099976,0.0,0.0,0.187777,0.187777,0.0,0.0,0.0,47.929192,0.0,HTTP
0.0,0.000498,0.0,103.941177,0.341008,0.091704,-0.0,39037.207031,653333.625,30881.0,0.0,29114.0,23.0,0.0,0.092202,78592.0,1721542400.0,64.0,0.0,0.0,0.0,0.0,0.0,62.0,0.0,46.91972,0.0,17.0,0.0,0.0,114.366814,31872.0,40.0,0.0,0.0,0.0,0.0,0.341008,0.0,0.0,692370.8125,0.341008,1767.0,0.0,1265.82605,0.0,0.0,0.341008,0.341008,0.0,0.0,0.0,64.51461,0.0,HTTP
0.0,0.002024,0.0,106.5,0.417753,0.077284,-0.0,30601.814453,604778.375,34548.0,0.0,32844.0,26.0,0.0,0.079308,87296.0,1721542400.0,64.0,0.0,0.0,0.0,0.0,0.0,62.0,0.0,35.906384,0.0,16.0,0.0,0.0,98.144119,31872.0,42.0,0.0,0.0,0.0,0.0,0.417753,0.0,0.0,635380.25,0.417753,1704.0,0.0,1263.230713,0.0,0.0,0.417753,0.417753,0.0,0.0,0.0,59.843975,0.0,HTTP
0.0,0.001867,0.0,73.208794,0.986612,0.107253,-0.0,53427.285156,1445090.875,186352.0,0.0,179690.0,122.0,0.0,0.10912,312704.0,1721542400.0,64.0,0.0,0.0,0.0,0.0,0.0,62.0,0.0,91.221268,0.0,91.0,0.0,0.0,214.87677,31872.0,213.0,0.0,0.0,0.0,0.0,0.986612,0.0,0.0,1498518.125,0.986612,6662.0,0.0,1472.868896,0.0,0.0,0.986612,0.986612,0.0,0.0,0.0,122.64193,0.0,HTTP
0.0,0.000993,0.0,158.0,0.247158,0.092202,-0.0,30684.824219,201587.640625,8112.0,0.0,7006.0,9.0,0.0,0.093195,63488.0,1721542400.0,64.0,0.0,0.0,0.0,0.0,0.0,62.0,0.0,24.275969,0.0,7.0,0.0,0.0,60.689922,31872.0,16.0,0.0,0.0,0.0,0.0,0.247158,0.0,0.0,232272.46875,0.247158,1106.0,0.0,778.444458,0.0,0.0,0.247158,0.247158,0.0,0.0,0.0,32.367958,0.0,HTTP
0.0,0.000702,0.0,181.800003,0.327276,0.125181,-0.0,17795.378906,14617.631836,1656.0,0.0,747.0,5.0,0.0,0.125883,64128.0,1721542400.0,64.0,0.0,0.0,0.0,0.0,0.0,62.0,0.0,12.2221,0.0,5.0,0.0,0.0,27.499725,31872.0,10.0,0.0,0.0,0.0,0.0,0.327276,0.0,0.0,32413.009766,0.327276,909.0,0.0,149.399994,0.0,0.0,0.327276,0.327276,0.0,0.0,0.0,12.2221,0.0,HTTP
0.0,0.001988,0.0,112.5,0.58473,0.183479,-0.0,20016.074219,254845.8125,21366.0,0.0,19791.0,17.0,0.0,0.185467,64128.0,1721542400.0,64.0,0.0,0.0,0.0,0.0,0.0,62.0,0.0,22.232483,0.0,14.0,0.0,0.0,51.305729,31872.0,31.0,0.0,0.0,0.0,0.0,0.58473,0.0,0.0,274861.875,0.58473,1575.0,0.0,1164.176514,0.0,0.0,0.58473,0.58473,0.0,0.0,0.0,27.363054,0.0,HTTP
0.0,0.000831,0.0,76.125,0.98875,0.184782,-0.0,38804.550781,2036874.875,258106.0,0.0,253234.0,170.0,0.0,0.185613,240768.0,1721542400.0,64.0,0.0,0.0,0.0,0.0,0.0,62.0,0.0,63.716816,0.0,64.0,0.0,0.0,235.651077,31872.0,234.0,0.0,0.0,0.0,0.0,0.98875,0.0,0.0,2075679.375,0.98875,4872.0,0.0,1489.611816,0.0,0.0,0.98875,0.98875,0.0,0.0,1.0,170.922882,0.0,HTTP
0.0,0.001841,0.0,76.688522,0.992749,0.197463,-0.0,37084.902344,2321457.0,294248.0,0.0,289570.0,194.0,0.0,0.199304,222976.0,1721542400.0,64.0,0.0,0.0,0.0,0.0,0.0,62.0,0.0,60.43824,0.0,61.0,0.0,0.0,255.855209,31872.0,255.0,0.0,0.0,0.0,0.0,0.992749,0.0,0.0,2358541.75,0.992749,4678.0,0.0,1492.628906,0.0,0.0,0.992749,0.992749,0.0,0.0,1.0,194.409668,0.0,HTTP
0.0,0.001004,0.0,78.627449,0.999675,0.212393,-0.0,31466.226562,1917695.25,245132.0,0.0,241122.0,162.0,0.0,0.213397,203392.0,1721542400.0,64.0,0.0,0.0,0.0,0.0,0.0,62.0,0.0,50.016258,0.0,51.0,0.0,0.0,212.068924,31872.0,213.0,0.0,0.0,0.0,0.0,0.999675,0.0,0.0,1949161.5,0.999675,4010.0,0.0,1488.407349,0.0,0.0,0.999675,0.999675,0.0,0.0,1.0,161.052353,0.0,HTTP
0.0,0.000629,0.0,54.0,0.0,0.169987,-0.0,0.0,0.0,54.0,0.0,0.0,0.0,0.0,0.170616,63488.0,1721542400.0,64.0,0.0,0.0,0.0,0.0,0.0,62.0,0.0,0.0,1.0,1.0,0.0,0.0,0.0,434180.50583333336,1.0,0.0,0.0,0.0,0.0,0.0,0.0,0.0,0.0,0.0,54.0,0.0,0.0,0.0,0.0,0.0,0.0,0.0,0.0,0.0,0.0,0.0,HTTP
0.0,0.00071,0.0,98.944443,0.617867,0.184611,-0.0,21791.097656,347867.75,29869.0,0.0,28088.0,23.0,0.0,0.185321,67584.0,1721542400.0,64.0,0.0,0.0,0.0,0.0,0.0,62.0,0.0,27.514011,0.0,18.0,0.0,0.0,64.738853,31872.0,41.0,0.0,0.0,0.0,0.0,0.617867,0.0,0.0,369658.84375,0.617867,1781.0,0.0,1221.217407,0.0,0.0,0.617867,0.617867,0.0,0.0,0.0,35.606369,0.0,HTTP
0.0,0.001489,0.0,139.625,0.420417,0.183595,-0.0,18610.09375,147491.65625,9729.0,0.0,8612.0,10.0,0.0,0.185084,62592.0,1721542400.0,64.0,0.0,0.0,0.0,0.0,0.0,62.0,0.0,16.650135,0.0,8.0,0.0,0.0,40.436043,31872.0,18.0,0.0,0.0,0.0,0.0,0.420417,0.0,0.0,166101.75,0.420417,1117.0,0.0,861.200012,0.0,0.0,0.420417,0.420417,0.0,0.0,0.0,21.407316,0.0,HTTP
0.0,0.001867,0.0,66.0,0.002986,0.107253,-0.0,176825.1875,0.0,198.0,0.0,66.0,1.0,0.0,0.10912,318464.0,1721542400.0,64.0,0.0,0.0,0.0,0.0,0.0,62.0,0.0,334.896179,1.0,2.0,0.0,0.0,669.792358,31872.0,3.0,0.0,0.0,0.0,0.0,0.002986,0.0,0.0,176825.1875,0.002986,132.0,0.0,66.0,0.0,0.0,0.002986,0.002986,0.0,0.0,0.0,0.0,0.0,HTTP
0.0,0.002484,0.0,111.615387,0.97035,0.211802,-0.0,11047.55957,298465.5,38993.0,0.0,37542.0,28.0,0.0,0.214286,61568.0,1721542400.0,64.0,0.0,0.0,0.0,0.0,0.0,62.0,0.0,12.366672,0.0,13.0,0.0,0.0,41.222237,31872.0,41.0,0.0,0.0,0.0,0.0,0.97035,0.0,0.0,309513.0625,0.97035,1451.0,0.0,1340.785767,0.0,0.0,0.97035,0.97035,0.0,0.0,0.0,27.82501,0.0,HTTP
0.0,0.000831,10.0,66.338028,0.893864,0.184782,-0.0,83717.4375,2729614.5,315910.0,1.0,306490.0,204.0,0.0,0.185613,646912.0,1721542400.0,64.0,0.0,0.0,0.0,0.0,0.0,62.0,0.0,157.742126,1.0,142.0,10.0,0.0,385.964752,31872.0,346.0,0.0,0.0,2.808989,0.0,0.893864,0.0,0.0,2813331.75,0.893864,9420.0,0.0,1502.401978,0.0,0.0,0.893864,0.893864,1.0,0.0,0.0,227.103912,0.0,HTTP
0.0,0.004002,0.0,70.0,0.400516,0.396514,-0.0,1398.196289,0.0,214.0,0.0,74.0,1.0,0.0,0.400516,64256.0,1721542400.0,64.0,0.0,0.0,0.0,0.0,0.0,62.0,0.0,2.496779,0.0,2.0,0.0,0.0,4.993558,4077568.0,3.0,0.0,0.0,0.0,0.0,0.400516,0.0,0.0,1398.196289,0.400516,140.0,0.0,74.0,0.0,0.0,0.400516,0.400516,0.0,0.0,0.0,0.0,0.0,HTTP
0.0,0.002003,0.0,131.0,0.832889,0.430507,-0.0,8807.896484,124914.601562,15136.0,0.0,14088.0,13.0,0.0,0.43251,64256.0,1721542400.0,64.0,0.0,0.0,0.0,0.0,0.0,62.0,0.0,8.404481,0.0,8.0,0.0,0.0,24.012802,31872.0,21.0,0.0,0.0,0.0,0.0,0.832889,0.0,0.0,133722.5,0.832889,1048.0,0.0,1083.692261,0.0,0.0,0.832889,0.832889,0.0,0.0,0.0,14.407681,0.0,HTTP
0.0,0.001841,76.0,63.955555,0.986137,0.197463,-0.0,46184.253906,1580567.5,202086.0,1.0,196330.0,131.0,0.0,0.199304,467712.0,1721542400.0,64.0,0.0,0.0,0.0,0.0,0.0,62.0,0.0,90.251152,1.0,90.0,76.0,0.0,223.092743,31872.0,221.0,0.0,0.0,25.589226,0.0,0.986137,0.0,0.0,1626751.75,0.986137,5756.0,0.0,1498.702271,0.0,0.0,0.986137,0.986137,1.0,0.0,0.0,131.82753,0.0,HTTP
0.0,0.001004,39.0,63.014927,0.955538,0.212393,-0.0,34820.175781,2136346.25,260892.0,1.0,256670.0,171.0,0.0,0.213397,203392.0,1721542400.0,64.0,0.0,0.0,0.0,0.0,0.0,62.0,0.0,69.071037,1.0,67.0,39.0,0.0,248.027817,31872.0,238.0,0.0,0.0,14.079422,0.0,0.955538,0.0,0.0,2171166.5,0.955538,4222.0,0.0,1500.994141,0.0,0.0,0.955538,0.955538,1.0,0.0,0.0,177.910248,0.0,HTTP
0.0,0.002776,0.0,64.0,0.370208,0.0,-0.0,1383.006348,0.0,202.0,0.0,74.0,1.0,0.0,0.002776,8222720.0,1721542400.0,64.0,0.0,0.0,0.0,0.0,0.0,62.0,0.0,2.701184,0.0,2.0,0.0,0.0,5.402369,4077568.0,3.0,0.0,0.0,0.0,0.0,0.370208,0.0,0.0,1383.006348,0.370208,128.0,0.0,74.0,0.0,0.0,0.370208,0.370208,0.0,0.0,0.0,0.0,0.0,HTTP
0.0,0.000994,0.0,64.0,0.354512,0.0,-0.0,1444.23877,0.0,202.0,0.0,74.0,1.0,0.0,0.000994,8222720.0,1721542400.0,64.0,0.0,0.0,0.0,0.0,0.0,62.0,0.0,2.820779,0.0,2.0,0.0,0.0,5.641558,4077568.0,3.0,0.0,0.0,0.0,0.0,0.354512,0.0,0.0,1444.23877,0.354512,128.0,0.0,74.0,0.0,0.0,0.354512,0.354512,0.0,0.0,0.0,0.0,0.0,HTTP
0.0,0.000994,0.0,64.0,0.354512,0.0,-0.0,1444.23877,0.0,202.0,0.0,74.0,1.0,0.0,0.000994,8222720.0,1721542400.0,64.0,0.0,0.0,0.0,0.0,0.0,62.0,0.0,2.820779,0.0,2.0,0.0,0.0,5.641558,4077568.0,3.0,0.0,0.0,0.0,0.0,0.354512,0.0,0.0,1444.23877,0.354512,128.0,0.0,74.0,0.0,0.0,0.354512,0.354512,0.0,0.0,0.0,0.0,0.0,HTTP
0.0,0.001007,0.0,112.0,0.449502,0.337543,-0.0,23919.804688,238308.171875,15875.0,0.0,14419.0,14.0,0.0,0.33855,64128.0,1721542400.0,64.0,0.0,0.0,0.0,0.0,0.0,62.0,0.0,26.696211,0.0,13.0,0.0,0.0,57.841789,31872.0,27.0,0.0,0.0,0.0,0.0,0.449502,0.0,0.0,262227.96875,0.449502,1456.0,0.0,1029.928589,0.0,0.0,0.449502,0.449502,0.0,0.0,0.0,28.920895,0.0,HTTP
0.0,0.000994,0.0,148.142853,0.246479,0.138014,-0.0,28854.384766,100065.320312,4633.0,0.0,3596.0,7.0,0.0,0.139008,62592.0,1721542400.0,64.0,0.0,0.0,0.0,0.0,0.0,62.0,0.0,24.342844,0.0,7.0,0.0,0.0,52.742828,31872.0,14.0,0.0,0.0,0.0,0.0,0.246479,0.0,0.0,128919.703125,0.246479,1037.0,0.0,513.714294,0.0,0.0,0.246479,0.246479,0.0,0.0,0.0,24.342844,0.0,HTTP
0.0,0.004002,0.0,211.25,0.137244,0.396514,-0.0,36956.078125,69248.929688,2428.0,0.0,1583.0,4.0,0.0,0.400516,64128.0,1721542400.0,64.0,0.0,0.0,0.0,1.0,0.0,62.0,0.0,21.858879,1.0,4.0,0.0,0.0,51.004051,31872.0,8.0,0.0,0.0,0.0,0.0,0.137244,0.0,0.0,106205.007812,0.137244,845.0,0.0,395.75,0.0,0.0,0.137244,0.137244,0.0,0.0,0.0,21.858879,0.0,HTTP
0.0,0.000997,20.0,126.909088,0.922208,0.10628,-0.0,11017.037109,240128.03125,30335.0,1.0,28939.0,23.0,0.0,0.107277,59904.0,1721542400.0,64.0,0.0,0.0,0.0,0.0,0.0,62.0,0.0,10.84354,0.0,11.0,20.0,0.0,35.783684,31872.0,34.0,0.0,0.0,37.037037,0.0,0.922208,0.0,0.0,251145.078125,0.922208,1396.0,0.0,1258.217407,0.0,0.0,0.922208,0.922208,1.0,0.0,0.0,23.855789,0.0,HTTP
0.0,0.000831,0.0,54.0,0.0,0.184782,-0.0,0.0,0.0,54.0,1.0,0.0,0.0,0.0,0.185613,646912.0,1721542400.0,64.0,0.0,0.0,0.0,0.0,0.0,62.0,0.0,0.0,1.0,1.0,0.0,0.0,0.0,434180.50583333336,1.0,0.0,0.0,0.0,0.0,0.0,0.0,0.0,0.0,0.0,54.0,0.0,0.0,0.0,0.0,0.0,0.0,0.0,0.0,0.0,0.0,0.0,HTTP
0.0,0.002003,0.0,54.0,0.0,0.430507,-0.0,0.0,0.0,54.0,0.0,0.0,0.0,0.0,0.43251,64256.0,1721542400.0,64.0,0.0,0.0,0.0,0.0,0.0,62.0,0.0,0.0,1.0,1.0,0.0,0.0,0.0,434180.50583333336,1.0,0.0,0.0,0.0,0.0,0.0,0.0,0.0,0.0,0.0,54.0,0.0,0.0,0.0,0.0,0.0,0.0,0.0,0.0,0.0,0.0,0.0,HTTP
0.0,0.000512,2.0,109.92308,0.446747,0.1071,-0.0,23637.539062,256001.71875,16824.0,1.0,15395.0,14.0,0.0,0.107612,63488.0,1721542400.0,64.0,0.0,0.0,0.0,0.0,0.0,62.0,0.0,26.86084,0.0,13.0,2.0,0.0,58.198486,31872.0,27.0,0.0,0.0,6.896552,0.0,0.446747,0.0,0.0,279639.25,0.446747,1429.0,0.0,1099.642822,0.0,0.0,0.446747,0.446747,1.0,0.0,0.0,29.099243,0.0,HTTP
0.0,0.002484,15.0,78.0,0.877796,0.211802,-0.0,1421.742676,90991.53125,11644.0,1.0,11410.0,8.0,0.0,0.214286,75776.0,1721542400.0,64.0,0.0,0.0,0.0,0.0,0.0,62.0,0.0,2.278434,1.0,3.0,15.0,0.0,11.392169,31872.0,11.0,0.0,0.0,57.692308,0.0,0.877796,0.0,0.0,92413.273438,0.877796,234.0,0.0,1426.25,0.0,0.0,0.877796,0.877796,1.0,0.0,0.0,7.974518,0.0,HTTP
0.0,0.001504,20.0,78.818184,0.800782,0.121395,-0.0,42528.425781,1122143.125,118099.0,1.0,113764.0,79.0,0.0,0.122899,177920.0,1721542400.0,64.0,0.0,0.0,0.0,0.0,0.0,62.0,0.0,67.434082,0.0,55.0,20.0,0.0,166.087646,31872.0,134.0,0.0,0.0,12.987013,0.0,0.800782,0.0,0.0,1164671.625,0.800782,4335.0,0.0,1440.050659,0.0,0.0,0.800782,0.800782,1.0,0.0,0.0,97.404785,0.0,HTTP
0.0,0.001504,10.0,98.0,0.584758,0.136677,-0.0,30836.689453,598839.1875,47450.0,1.0,45098.0,34.0,0.0,0.138181,54912.0,1721542400.0,64.0,0.0,0.0,0.0,0.0,0.0,62.0,0.0,39.332512,0.0,24.0,10.0,0.0,97.476227,31872.0,58.0,0.0,0.0,14.705882,0.0,0.584758,0.0,0.0,629675.875,0.584758,2352.0,0.0,1326.411743,0.0,0.0,0.584758,0.584758,1.0,0.0,0.0,56.433601,0.0,HTTP
0.0,0.002507,0.0,111.833336,0.662186,0.136075,-0.0,14871.954102,108984.476562,11183.0,0.0,9841.0,12.0,0.0,0.138582,60672.0,1721542400.0,64.0,0.0,0.0,0.0,0.0,0.0,62.0,0.0,16.611647,0.0,12.0,0.0,0.0,34.73344,31872.0,24.0,0.0,0.0,0.0,0.0,0.662186,0.0,0.0,123856.4375,0.662186,1342.0,0.0,820.083313,0.0,0.0,0.662186,0.662186,0.0,0.0,0.0,16.611647,0.0,HTTP
0.0,0.002282,0.0,158.333328,0.307555,0.150799,-0.0,20601.193359,107141.8125,5755.0,0.0,4805.0,7.0,0.0,0.153081,63488.0,1721542400.0,64.0,0.0,0.0,0.0,0.0,0.0,62.0,0.0,16.257256,0.0,6.0,0.0,0.0,39.017414,31872.0,13.0,0.0,0.0,0.0,0.0,0.307555,0.0,0.0,127743.007812,0.307555,950.0,0.0,686.428589,0.0,0.0,0.307555,0.307555,0.0,0.0,0.0,19.508707,0.0,HTTP
0.0,0.0,0.0,112.0,0.308495,0.153,-0.0,31948.65625,333360.375,15270.0,0.0,13926.0,13.0,0.0,0.153,61568.0,1721542400.0,64.0,0.0,0.0,0.0,0.0,0.0,62.0,0.0,35.656982,0.0,12.0,0.0,0.0,77.79705,31872.0,25.0,0.0,0.0,0.0,0.0,0.308495,0.0,0.0,365309.03125,0.308495,1344.0,0.0,1071.230713,0.0,0.0,0.308495,0.308495,0.0,0.0,0.0,38.898525,0.0,HTTP
0.0,0.000506,0.0,175.600006,0.277823,0.137352,-0.0,20243.103516,14743.200195,1517.0,0.0,639.0,5.0,0.0,0.137858,64128.0,1721542400.0,64.0,0.0,0.0,0.0,0.0,0.0,62.0,0.0,14.397656,0.0,5.0,0.0,0.0,32.394726,31872.0,10.0,0.0,0.0,0.0,0.0,0.277823,0.0,0.0,34986.304688,0.277823,878.0,0.0,127.800003,0.0,0.0,0.277823,0.277823,0.0,0.0,0.0,14.397656,0.0,HTTP
0.0,0.000487,0.0,95.466667,0.352484,0.136865,-0.0,30344.640625,318788.9375,16558.0,0.0,15126.0,14.0,0.0,0.137352,64256.0,1721542400.0,64.0,0.0,0.0,0.0,0.0,0.0,62.0,0.0,39.718117,0.0,15.0,0.0,0.0,79.436234,31872.0,29.0,0.0,0.0,0.0,0.0,0.352484,0.0,0.0,349133.5625,0.352484,1432.0,0.0,1080.428589,0.0,0.0,0.352484,0.352484,0.0,0.0,0.0,36.881107,0.0,HTTP
0.0,0.000997,0.0,66.0,0.001489,0.10628,-0.0,354600.40625,0.0,198.0,1.0,66.0,1.0,0.0,0.107277,58752.0,1721542400.0,64.0,0.0,0.0,0.0,0.0,0.0,62.0,0.0,671.591675,1.0,2.0,0.0,0.0,1343.18335,31872.0,3.0,0.0,0.0,0.0,0.0,0.001489,0.0,0.0,354600.40625,0.001489,132.0,0.0,66.0,0.0,0.0,0.001489,0.001489,0.0,0.0,0.0,0.0,0.0,HTTP
0.0,0.001478,0.0,119.545456,0.200924,0.106257,-0.0,47619.996094,512153.875,15249.0,0.0,13934.0,13.0,0.0,0.107735,56832.0,1721542400.0,64.0,0.0,0.0,0.0,0.0,0.0,62.0,0.0,49.770065,0.0,11.0,0.0,0.0,114.471146,31872.0,24.0,0.0,0.0,0.0,0.0,0.200924,0.0,0.0,559773.875,0.200924,1315.0,0.0,1071.846191,0.0,0.0,0.200924,0.200924,0.0,0.0,0.0,59.724075,0.0,HTTP
0.0,0.000994,0.0,105.466667,0.307232,0.106257,-0.0,38459.535156,395505.6875,17855.0,0.0,16273.0,15.0,0.0,0.107251,63488.0,1721542400.0,64.0,0.0,0.0,0.0,0.0,0.0,62.0,0.0,45.568172,0.0,15.0,0.0,0.0,94.391212,31872.0,30.0,0.0,0.0,0.0,0.0,0.307232,0.0,0.0,433965.21875,0.307232,1582.0,0.0,1084.866699,0.0,0.0,0.307232,0.307232,0.0,0.0,0.0,45.568172,0.0,HTTP
0.0,0.000994,0.0,139.0,0.230553,0.107004,-0.0,33762.300781,240673.515625,8915.0,0.0,7803.0,9.0,0.0,0.107998,63488.0,1721542400.0,64.0,0.0,0.0,0.0,0.0,0.0,62.0,0.0,30.361782,0.0,8.0,0.0,0.0,69.398361,31872.0,17.0,0.0,0.0,0.0,0.0,0.230553,0.0,0.0,274435.8125,0.230553,1112.0,0.0,867.0,0.0,0.0,0.230553,0.230553,0.0,0.0,0.0,34.699181,0.0,HTTP
0.0,0.000994,0.0,114.916664,0.231403,0.107004,-0.0,43733.230469,372648.59375,13137.0,0.0,11758.0,12.0,0.0,0.107998,63488.0,1721542400.0,64.0,0.0,0.0,0.0,0.0,0.0,62.0,0.0,47.536118,0.0,12.0,0.0,0.0,99.3937,31872.0,24.0,0.0,0.0,0.0,0.0,0.231403,0.0,0.0,416381.8125,0.231403,1379.0,0.0,979.833313,0.0,0.0,0.231403,0.231403,0.0,0.0,0.0,47.536118,0.0,HTTP
0.0,0.000486,0.0,114.25,0.245337,0.107004,-0.0,40988.519531,422569.78125,15409.0,0.0,14038.0,13.0,0.0,0.10749,60672.0,1721542400.0,64.0,0.0,0.0,0.0,0.0,0.0,62.0,0.0,44.836288,0.0,12.0,0.0,0.0,97.824631,31872.0,25.0,0.0,0.0,0.0,0.0,0.245337,0.0,0.0,463558.3125,0.245337,1371.0,0.0,1079.846191,0.0,0.0,0.245337,0.245337,0.0,0.0,0.0,48.912315,0.0,HTTP
0.0,0.000501,0.0,156.666672,0.198955,0.105363,-0.0,31524.716797,56414.765625,2693.0,0.0,1753.0,5.0,0.0,0.105864,64128.0,1721542400.0,64.0,0.0,0.0,0.0,0.0,0.0,62.0,0.0,25.131311,0.0,6.0,0.0,0.0,50.262623,31872.0,11.0,0.0,0.0,0.0,0.0,0.198955,0.0,0.0,87939.484375,0.198955,940.0,0.0,350.600006,0.0,0.0,0.198955,0.198955,0.0,0.0,0.0,20.105049,0.0,HTTP
0.0,0.002484,4.0,74.571426,0.10933,0.211802,-0.0,32781.488281,358401.1875,6644.0,1.0,6122.0,5.0,0.0,0.214286,96512.0,1721542400.0,64.0,0.0,0.0,0.0,0.0,0.0,62.0,0.0,54.879723,1.0,7.0,4.0,0.0,100.612823,31872.0,12.0,0.0,0.0,25.0,0.0,0.10933,0.0,0.0,391182.65625,0.10933,522.0,0.0,1224.400024,0.0,0.0,0.10933,0.10933,1.0,0.0,0.0,36.586483,0.0,HTTP
0.0,0.000995,0.0,104.933334,0.292059,0.107053,-0.0,40265.835938,426653.5,18262.0,0.0,16688.0,15.0,0.0,0.108048,64128.0,1721542400.0,64.0,0.0,0.0,0.0,0.0,0.0,62.0,0.0,47.93552,0.0,15.0,0.0,0.0,99.295006,31872.0,30.0,0.0,0.0,0.0,0.0,0.292059,0.0,0.0,466919.34375,0.292059,1574.0,0.0,1112.533325,0.0,0.0,0.292059,0.292059,0.0,0.0,0.0,47.93552,0.0,HTTP
0.0,0.001555,0.0,110.692307,0.200509,0.090544,-0.0,53025.050781,512256.3125,15347.0,0.0,13908.0,13.0,0.0,0.092099,62592.0,1721542400.0,64.0,0.0,0.0,0.0,0.0,0.0,62.0,0.0,59.847687,0.0,13.0,0.0,0.0,124.682686,31872.0,26.0,0.0,0.0,0.0,0.0,0.200509,0.0,0.0,565281.375,0.200509,1439.0,0.0,1069.846191,0.0,0.0,0.200509,0.200509,0.0,0.0,0.0,59.847687,0.0,HTTP
0.0,0.000786,0.0,110.230766,0.323566,0.090326,-0.0,32710.484375,367133.75,17342.0,0.0,15909.0,15.0,0.0,0.091112,64128.0,1721542400.0,64.0,0.0,0.0,0.0,0.0,0.0,62.0,0.0,37.086716,0.0,13.0,0.0,0.0,83.445114,31872.0,28.0,0.0,0.0,0.0,0.0,0.323566,0.0,0.0,399844.21875,0.323566,1433.0,0.0,1060.599976,0.0,0.0,0.323566,0.323566,0.0,0.0,0.0,43.267834,0.0,HTTP
0.0,0.000786,0.0,119.0,0.215893,0.090822,-0.0,44095.917969,367515.375,12218.0,0.0,10909.0,11.0,0.0,0.091608,64128.0,1721542400.0,64.0,0.0,0.0,0.0,0.0,0.0,62.0,0.0,46.319241,0.0,11.0,0.0,0.0,97.270409,31872.0,22.0,0.0,0.0,0.0,0.0,0.215893,0.0,0.0,411611.3125,0.215893,1309.0,0.0,991.727295,0.0,0.0,0.215893,0.215893,0.0,0.0,0.0,46.319241,0.0,HTTP
0.0,0.0,0.0,107.85714,0.321546,0.090822,-0.0,34906.359375,408277.53125,19013.0,0.0,17503.0,16.0,0.0,0.090822,63488.0,1721542400.0,64.0,0.0,0.0,0.0,0.0,0.0,62.0,0.0,40.429676,0.0,14.0,0.0,0.0,90.189278,31872.0,30.0,0.0,0.0,0.0,0.0,0.321546,0.0,0.0,443183.875,0.321546,1510.0,0.0,1093.9375,0.0,0.0,0.321546,0.321546,0.0,0.0,0.0,46.649624,0.0,HTTP
0.0,0.001014,0.0,124.400002,0.215948,0.089916,-0.0,41491.46875,327486.25,10967.0,0.0,9723.0,11.0,0.0,0.09093,63488.0,1721542400.0,64.0,0.0,0.0,0.0,0.0,0.0,62.0,0.0,41.676701,0.0,10.0,0.0,0.0,92.614891,31872.0,21.0,0.0,0.0,0.0,0.0,0.215948,0.0,0.0,368977.71875,0.215948,1244.0,0.0,883.909119,0.0,0.0,0.215948,0.215948,0.0,0.0,0.0,46.307446,0.0,HTTP
0.0,0.000539,0.0,115.454544,0.24607,0.122481,-0.0,37550.289062,362140.84375,13421.0,0.0,12151.0,12.0,0.0,0.12302,62592.0,1721542400.0,64.0,0.0,0.0,0.0,0.0,0.0,62.0,0.0,40.638844,0.0,11.0,0.0,0.0,89.405457,31872.0,23.0,0.0,0.0,0.0,0.0,0.24607,0.0,0.0,399691.15625,0.24607,1270.0,0.0,1012.583313,0.0,0.0,0.24607,0.24607,0.0,0.0,0.0,44.702728,0.0,HTTP
0.0,0.001088,0.0,157.166672,0.230435,0.122867,-0.0,27287.521484,46833.164062,2629.0,0.0,1686.0,5.0,0.0,0.123955,64128.0,1721542400.0,64.0,0.0,0.0,0.0,0.0,0.0,62.0,0.0,21.698093,0.0,6.0,0.0,0.0,43.396187,31872.0,11.0,0.0,0.0,0.0,0.0,0.230435,0.0,0.0,74120.6875,0.230435,943.0,0.0,337.200012,0.0,0.0,0.230435,0.230435,0.0,0.0,0.0,17.358475,0.0,HTTP
0.0,0.001198,0.0,157.333328,0.230395,0.120645,-0.0,27326.980469,63647.214844,3143.0,0.0,2199.0,6.0,0.0,0.121843,64128.0,1721542400.0,64.0,0.0,0.0,0.0,0.0,0.0,62.0,0.0,21.701859,0.0,6.0,0.0,0.0,47.744091,31872.0,12.0,0.0,0.0,0.0,0.0,0.230395,0.0,0.0,90974.195312,0.230395,944.0,0.0,366.5,0.0,0.0,0.230395,0.230395,0.0,0.0,0.0,21.701859,0.0,HTTP
0.0,0.001529,0.0,157.333328,0.21715,0.104921,-0.0,28993.783203,88786.554688,3835.0,0.0,2891.0,6.0,0.0,0.10645,63488.0,1721542400.0,64.0,0.0,0.0,0.0,0.0,0.0,62.0,0.0,23.025558,0.0,6.0,0.0,0.0,50.656227,31872.0,12.0,0.0,0.0,0.0,0.0,0.21715,0.0,0.0,117780.335938,0.21715,944.0,0.0,481.833344,0.0,0.0,0.21715,0.21715,0.0,0.0,0.0,23.025558,0.0,HTTP
0.0,0.001234,0.0,156.833328,0.215208,0.105219,-0.0,29181.072266,137913.09375,5269.0,0.0,4328.0,7.0,0.0,0.106453,62592.0,1721542400.0,64.0,0.0,0.0,0.0,0.0,0.0,62.0,0.0,23.233337,0.0,6.0,0.0,0.0,55.76001,31872.0,13.0,0.0,0.0,0.0,0.0,0.215208,0.0,0.0,167094.171875,0.215208,941.0,0.0,618.285706,0.0,0.0,0.215208,0.215208,0.0,0.0,0.0,27.880005,0.0,HTTP
0.0,0.001234,0.0,157.333328,0.215208,0.105219,-0.0,29255.417969,95870.046875,4038.0,0.0,3094.0,6.0,0.0,0.106453,64128.0,1721542400.0,64.0,0.0,0.0,0.0,0.0,0.0,62.0,0.0,23.233337,0.0,6.0,0.0,0.0,51.113342,31872.0,12.0,0.0,0.0,0.0,0.0,0.215208,0.0,0.0,125125.460938,0.215208,944.0,0.0,515.666687,0.0,0.0,0.215208,0.215208,0.0,0.0,0.0,23.233337,0.0,HTTP
0.0,0.000508,0.0,91.85714,0.295457,0.091399,-0.0,49766.96875,721648.125,29792.0,0.0,27863.0,23.0,0.0,0.091907,67584.0,1721542400.0,64.0,0.0,0.0,0.0,0.0,0.0,62.0,0.0,67.691742,0.0,21.0,0.0,0.0,145.537247,31872.0,44.0,0.0,0.0,0.0,0.0,0.295457,0.0,0.0,771415.125,0.295457,1929.0,0.0,1211.434814,0.0,0.0,0.295457,0.295457,0.0,0.0,0.0,74.460922,0.0,HTTP
0.0,0.000503,0.0,157.333328,0.201387,0.091305,-0.0,31263.189453,44133.929688,2332.0,0.0,1388.0,5.0,0.0,0.091808,64128.0,1721542400.0,64.0,0.0,0.0,0.0,0.0,0.0,62.0,0.0,24.827818,0.0,6.0,0.0,0.0,49.655636,31872.0,11.0,0.0,0.0,0.0,0.0,0.201387,0.0,0.0,75397.117188,0.201387,944.0,0.0,277.600006,0.0,0.0,0.201387,0.201387,0.0,0.0,0.0,19.862255,0.0,HTTP
0.0,0.000614,0.0,157.333328,0.202277,0.248026,-0.0,31125.634766,108761.742188,4244.0,0.0,3300.0,6.0,0.0,0.24864,64128.0,1721542400.0,64.0,0.0,0.0,0.0,0.0,0.0,62.0,0.0,24.718578,1.0,6.0,0.0,0.0,54.380871,31872.0,12.0,0.0,0.0,0.0,835540419.0,0.202277,835749555.0,0.0,139887.375,0.202277,944.0,0.0,550.0,0.0,0.0,0.202277,0.202277,0.0,1.0,0.0,24.718578,0.0,HTTP
0.0,0.000999,0.0,108.0,0.293958,0.089695,-0.0,35270.34375,454922.125,19234.0,0.0,17830.0,16.0,0.0,0.090694,63488.0,1721542400.0,64.0,0.0,0.0,0.0,0.0,0.0,62.0,0.0,40.822159,0.0,13.0,0.0,0.0,95.251701,31872.0,29.0,0.0,0.0,0.0,0.0,0.293958,0.0,0.0,490192.46875,0.293958,1404.0,0.0,1114.375,0.0,0.0,0.293958,0.293958,0.0,0.0,0.0,51.027695,0.0,HTTP
0.0,0.000987,17.0,98.0,0.310124,0.061245,-0.0,40448.335938,558460.5,24517.0,0.0,22851.0,19.0,0.0,0.062232,64128.0,1721542400.0,64.0,0.0,0.0,0.0,0.0,0.0,62.0,0.0,51.592266,1.0,17.0,17.0,0.0,112.858078,31872.0,36.0,0.0,0.0,32.075472,836763758.0,0.310124,0.0,0.0,598908.875,0.310124,1666.0,0.0,1202.684204,0.0,0.0,0.310124,0.310124,1.0,0.0,0.0,58.041298,0.0,HTTP
0.0,0.001004,0.0,156.5,0.21804,0.09176,-0.0,28728.673828,106035.585938,4407.0,0.0,3468.0,6.0,0.0,0.092764,64128.0,1721542400.0,64.0,0.0,0.0,0.0,0.0,0.0,62.0,0.0,22.931572,1.0,6.0,0.0,0.0,50.449459,31872.0,12.0,0.0,0.0,0.0,832663478.0,0.21804,831424436.0,0.0,134764.265625,0.21804,939.0,0.0,578.0,0.0,0.0,0.21804,0.21804,0.0,1.0,0.0,22.931572,0.0,HTTP
0.0,0.0,0.0,144.142853,0.217378,0.107484,-0.0,31833.947266,250402.515625,8663.0,0.0,7654.0,9.0,0.0,0.107484,61568.0,1721542400.0,64.0,0.0,0.0,0.0,0.0,0.0,62.0,0.0,27.601688,0.0,7.0,0.0,0.0,69.004219,31872.0,16.0,0.0,0.0,0.0,0.0,0.217378,0.0,0.0,282236.46875,0.217378,1009.0,0.0,850.444458,0.0,0.0,0.217378,0.217378,0.0,0.0,0.0,36.80225,0.0,HTTP
0.0,0.00149,0.0,156.833328,0.216982,0.107233,-0.0,28942.492188,53239.4375,2746.0,0.0,1805.0,5.0,0.0,0.108723,64128.0,1721542400.0,64.0,0.0,0.0,0.0,0.0,0.0,62.0,0.0,23.043385,0.0,6.0,0.0,0.0,46.086769,31872.0,11.0,0.0,0.0,0.0,0.0,0.216982,0.0,0.0,82181.929688,0.216982,941.0,0.0,361.0,0.0,0.0,0.216982,0.216982,0.0,0.0,0.0,18.434708,0.0,HTTP
0.0,0.000496,0.0,156.666672,0.215259,0.105915,-0.0,29136.992188,55783.960938,2816.0,0.0,1876.0,5.0,0.0,0.106411,64128.0,1721542400.0,64.0,0.0,0.0,0.0,0.0,0.0,62.0,0.0,23.227833,0.0,6.0,0.0,0.0,46.455666,31872.0,11.0,0.0,0.0,0.0,0.0,0.215259,0.0,0.0,84920.953125,0.215259,940.0,0.0,375.200012,0.0,0.0,0.215259,0.215259,0.0,0.0,0.0,18.582266,0.0,HTTP
0.0,0.00149,0.0,158.5,0.218309,0.106111,-0.0,29059.726562,92126.296875,3967.0,0.0,3016.0,6.0,0.0,0.107601,63488.0,1721542400.0,64.0,0.0,0.0,0.0,0.0,0.0,62.0,0.0,22.903316,0.0,6.0,0.0,0.0,50.387295,31872.0,12.0,0.0,0.0,0.0,0.0,0.218309,0.0,0.0,121186.023438,0.218309,951.0,0.0,502.666656,0.0,0.0,0.218309,0.218309,0.0,0.0,0.0,22.903316,0.0,HTTP
0.0,0.00149,0.0,159.666672,0.201842,0.105777,-0.0,31668.335938,98215.4375,3931.0,0.0,2973.0,6.0,0.0,0.107267,64128.0,1721542400.0,64.0,0.0,0.0,0.0,0.0,0.0,62.0,0.0,24.771852,0.0,6.0,0.0,0.0,54.498074,31872.0,12.0,0.0,0.0,0.0,0.0,0.201842,0.0,0.0,129883.773438,0.201842,958.0,0.0,495.5,0.0,0.0,0.201842,0.201842,0.0,0.0,0.0,24.771852,0.0,HTTP
0.0,0.001003,0.0,157.166672,0.185892,0.090469,-0.0,33826.09375,61282.894531,2722.0,0.0,1779.0,5.0,0.0,0.091472,64128.0,1721542400.0,64.0,0.0,0.0,0.0,0.0,0.0,62.0,0.0,26.897339,0.0,6.0,0.0,0.0,53.794678,31872.0,11.0,0.0,0.0,0.0,0.0,0.185892,0.0,0.0,95108.984375,0.185892,943.0,0.0,355.799988,0.0,0.0,0.185892,0.185892,0.0,0.0,0.0,21.51787,0.0,HTTP
0.0,0.000993,0.0,157.333328,0.186249,0.090861,-0.0,33804.207031,153386.0625,5110.0,0.0,4166.0,7.0,0.0,0.091854,62592.0,1721542400.0,64.0,0.0,0.0,0.0,0.0,0.0,62.0,0.0,26.845781,0.0,6.0,0.0,0.0,64.429878,31872.0,13.0,0.0,0.0,0.0,0.0,0.186249,0.0,0.0,187190.265625,0.186249,944.0,0.0,595.142883,0.0,0.0,0.186249,0.186249,0.0,0.0,0.0,32.214939,0.0,HTTP
0.0,0.013964,0.0,144.142853,0.200979,0.093095,-0.0,34431.457031,214748.8125,7174.0,0.0,6165.0,8.0,0.0,0.107059,61568.0,1721542400.0,64.0,0.0,0.0,0.0,0.0,0.0,62.0,0.0,29.853867,0.0,7.0,0.0,0.0,69.659019,31872.0,15.0,0.0,0.0,0.0,0.0,0.200979,0.0,0.0,249180.265625,0.200979,1009.0,0.0,770.625,0.0,0.0,0.200979,0.200979,0.0,0.0,0.0,34.82951,0.0,HTTP
0.0,0.001006,0.0,157.666672,0.186323,0.091883,-0.0,33876.65625,76426.421875,3081.0,0.0,2135.0,6.0,0.0,0.092889,64128.0,1721542400.0,64.0,0.0,0.0,0.0,0.0,0.0,62.0,0.0,26.835119,0.0,6.0,0.0,0.0,59.037262,31872.0,12.0,0.0,0.0,0.0,0.0,0.186323,0.0,0.0,110303.078125,0.186323,946.0,0.0,355.833344,0.0,0.0,0.186323,0.186323,0.0,0.0,0.0,26.835119,0.0,HTTP
0.0,0.001503,0.0,127.333336,0.185877,0.090442,-0.0,43856.960938,272782.53125,8276.0,0.0,7130.0,9.0,0.0,0.091945,64128.0,1721542400.0,64.0,0.0,0.0,0.0,0.0,0.0,62.0,0.0,43.039215,0.0,9.0,0.0,0.0,91.458336,31872.0,18.0,0.0,0.0,0.0,0.0,0.185877,0.0,0.0,316639.5,0.185877,1146.0,0.0,792.222229,0.0,0.0,0.185877,0.185877,0.0,0.0,0.0,43.039215,0.0,HTTP
0.0,0.00149,0.0,157.5,0.186197,0.090455,-0.0,33856.613281,48894.449219,2367.0,0.0,1422.0,5.0,0.0,0.091945,64128.0,1721542400.0,64.0,0.0,0.0,0.0,0.0,0.0,62.0,0.0,26.853279,0.0,6.0,0.0,0.0,53.706558,31872.0,11.0,0.0,0.0,0.0,0.0,0.186197,0.0,0.0,82751.0625,0.186197,945.0,0.0,284.399994,0.0,0.0,0.186197,0.186197,0.0,0.0,0.0,21.482624,0.0,HTTP
0.0,0.000497,0.0,156.833328,0.185428,0.091393,-0.0,33867.59375,122613.632812,4351.0,0.0,3410.0,6.0,0.0,0.09189,64128.0,1721542400.0,64.0,0.0,0.0,0.0,0.0,0.0,62.0,0.0,26.964645,0.0,6.0,0.0,0.0,59.32222,31872.0,12.0,0.0,0.0,0.0,0.0,0.185428,0.0,0.0,156481.234375,0.185428,941.0,0.0,568.333313,0.0,0.0,0.185428,0.185428,0.0,0.0,0.0,26.964645,0.0,HTTP
0.0,0.000993,0.0,158.0,0.170024,0.075989,-0.0,37171.222656,58344.707031,2498.0,0.0,1550.0,5.0,0.0,0.076982,64128.0,1721542400.0,64.0,0.0,0.0,0.0,0.0,0.0,62.0,0.0,29.407614,0.0,6.0,0.0,0.0,58.815228,31872.0,11.0,0.0,0.0,0.0,0.0,0.170024,0.0,0.0,95515.929688,0.170024,948.0,0.0,310.0,0.0,0.0,0.170024,0.170024,0.0,0.0,0.0,23.526091,0.0,HTTP
0.0,0.001003,0.0,175.399994,0.153971,0.075052,-0.0,36474.402344,36786.148438,1761.0,0.0,884.0,5.0,0.0,0.076055,64128.0,1721542400.0,64.0,0.0,0.0,0.0,0.0,0.0,62.0,0.0,25.978918,0.0,5.0,0.0,0.0,58.452564,31872.0,10.0,0.0,0.0,0.0,0.0,0.153971,0.0,0.0,73260.546875,0.153971,877.0,0.0,176.800003,0.0,0.0,0.153971,0.153971,0.0,0.0,0.0,25.978918,0.0,HTTP
0.0,0.000993,0.0,157.333328,0.154,0.075665,-0.0,40883.117188,113766.234375,3572.0,0.0,2628.0,6.0,0.0,0.076658,64128.0,1721542400.0,64.0,0.0,0.0,0.0,0.0,0.0,62.0,0.0,32.467533,0.0,6.0,0.0,0.0,71.428574,31872.0,12.0,0.0,0.0,0.0,0.0,0.154,0.0,0.0,154649.34375,0.154,944.0,0.0,438.0,0.0,0.0,0.154,0.154,0.0,0.0,0.0,32.467533,0.0,HTTP
0.0,0.000817,0.0,102.666664,0.246422,0.074511,-0.0,46684.144531,474925.15625,17213.0,0.0,15673.0,15.0,0.0,0.075328,64128.0,1721542400.0,64.0,0.0,0.0,0.0,0.0,0.0,62.0,0.0,56.81311,0.0,15.0,0.0,0.0,117.684303,31872.0,30.0,0.0,0.0,0.0,0.0,0.246422,0.0,0.0,521609.28125,0.246422,1540.0,0.0,1044.866699,0.0,0.0,0.246422,0.246422,0.0,0.0,0.0,56.81311,0.0,HTTP
0.0,0.000817,0.0,158.0,0.169622,0.075004,-0.0,37259.316406,136067.25,4410.0,0.0,3462.0,6.0,0.0,0.075821,63488.0,1721542400.0,64.0,0.0,0.0,0.0,0.0,0.0,62.0,0.0,29.477308,0.0,6.0,0.0,0.0,64.850075,31872.0,12.0,0.0,0.0,0.0,0.0,0.169622,0.0,0.0,173326.5625,0.169622,948.0,0.0,577.0,0.0,0.0,0.169622,0.169622,0.0,0.0,0.0,29.477308,0.0,HTTP
0.0,0.0,0.0,158.166672,0.169259,0.075969,-0.0,37386.492188,119060.140625,3971.0,0.0,3022.0,6.0,0.0,0.075969,63488.0,1721542400.0,64.0,0.0,0.0,0.0,0.0,0.0,62.0,0.0,29.540527,0.0,6.0,0.0,0.0,64.989159,31872.0,12.0,0.0,0.0,0.0,0.0,0.169259,0.0,0.0,156446.625,0.169259,949.0,0.0,503.666656,0.0,0.0,0.169259,0.169259,0.0,0.0,0.0,29.540527,0.0,HTTP
0.0,0.000915,0.0,157.0,0.169774,0.075551,-0.0,36990.351562,179344.3125,5382.0,0.0,4440.0,7.0,0.0,0.076466,63488.0,1721542400.0,64.0,0.0,0.0,0.0,0.0,0.0,62.0,0.0,29.450918,0.0,6.0,0.0,0.0,70.682205,31872.0,13.0,0.0,0.0,0.0,0.0,0.169774,0.0,0.0,216334.65625,0.169774,942.0,0.0,634.285706,0.0,0.0,0.169774,0.169774,0.0,0.0,0.0,35.341103,0.0,HTTP
0.0,0.000487,0.0,134.5,0.171375,0.076227,-0.0,43973.738281,221735.953125,6504.0,0.0,5428.0,8.0,0.0,0.076714,63488.0,1721542400.0,64.0,0.0,0.0,0.0,0.0,0.0,62.0,0.0,40.846096,0.0,8.0,0.0,0.0,87.527351,31872.0,16.0,0.0,0.0,0.0,0.0,0.171375,0.0,0.0,265709.6875,0.171375,1076.0,0.0,678.5,0.0,0.0,0.171375,0.171375,0.0,0.0,0.0,40.846096,0.0,HTTP
0.0,0.00099,0.0,144.285721,0.170767,0.076419,-0.0,40569.902344,176099.609375,5395.0,0.0,4385.0,7.0,0.0,0.077409,64128.0,1721542400.0,64.0,0.0,0.0,0.0,0.0,0.0,62.0,0.0,35.135593,0.0,7.0,0.0,0.0,76.127121,31872.0,14.0,0.0,0.0,0.0,0.0,0.170767,0.0,0.0,216669.53125,0.170767,1010.0,0.0,626.428589,0.0,0.0,0.170767,0.170767,0.0,0.0,0.0,35.135593,0.0,HTTP
0.0,0.001004,0.0,158.5,0.186856,0.090876,-0.0,33951.277344,53303.078125,2507.0,0.0,1556.0,5.0,0.0,0.09188,64128.0,1721542400.0,64.0,0.0,0.0,0.0,0.0,0.0,62.0,0.0,26.758574,0.0,6.0,0.0,0.0,53.517147,31872.0,11.0,0.0,0.0,0.0,0.0,0.186856,0.0,0.0,87254.359375,0.186856,951.0,0.0,311.200012,0.0,0.0,0.186856,0.186856,0.0,0.0,0.0,21.406858,0.0,HTTP
0.0,0.000515,0.0,157.0,0.170549,0.091367,-0.0,36822.261719,85136.820312,3119.0,0.0,2177.0,6.0,0.0,0.091882,64128.0,1721542400.0,64.0,0.0,0.0,0.0,0.0,0.0,62.0,0.0,29.317087,0.0,6.0,0.0,0.0,64.497589,31872.0,12.0,0.0,0.0,0.0,0.0,0.170549,0.0,0.0,121959.078125,0.170549,942.0,0.0,362.833344,0.0,0.0,0.170549,0.170549,0.0,0.0,0.0,29.317087,0.0,HTTP
0.0,0.000515,0.0,157.833328,0.170549,0.091864,-0.0,37056.796875,127259.609375,4202.0,0.0,3255.0,6.0,0.0,0.092379,64128.0,1721542400.0,64.0,0.0,0.0,0.0,0.0,0.0,62.0,0.0,29.317087,0.0,6.0,0.0,0.0,64.497589,31872.0,12.0,0.0,0.0,0.0,0.0,0.170549,0.0,0.0,164316.40625,0.170549,947.0,0.0,542.5,0.0,0.0,0.170549,0.170549,0.0,0.0,0.0,29.317087,0.0,HTTP
0.0,0.001839,0.0,112.666664,0.185629,0.089511,-0.0,53439.925781,552715.375,15245.0,0.0,13893.0,13.0,0.0,0.09135,63488.0,1721542400.0,64.0,0.0,0.0,0.0,0.0,0.0,62.0,0.0,59.257984,0.0,12.0,0.0,0.0,129.290146,31872.0,25.0,0.0,0.0,0.0,0.0,0.185629,0.0,0.0,606155.3125,0.185629,1352.0,0.0,1068.692261,0.0,0.0,0.185629,0.185629,0.0,0.0,0.0,64.645073,0.0,HTTP
0.0,0.001011,0.0,160.833328,0.170794,0.076,-0.0,37706.242188,96162.632812,3428.0,0.0,2463.0,6.0,0.0,0.077011,63360.0,1721542400.0,64.0,0.0,0.0,0.0,0.0,0.0,62.0,0.0,29.275034,0.0,6.0,0.0,0.0,64.405075,31872.0,12.0,0.0,0.0,0.0,0.0,0.170794,0.0,0.0,133868.875,0.170794,965.0,0.0,410.5,0.0,0.0,0.170794,0.170794,0.0,0.0,0.0,29.275034,0.0,HTTP
0.0,0.000497,0.0,158.166672,0.170175,0.076022,-0.0,37185.25,96559.421875,3413.0,0.0,2464.0,6.0,0.0,0.076519,64128.0,1721542400.0,64.0,0.0,0.0,0.0,0.0,0.0,62.0,0.0,29.381519,0.0,6.0,0.0,0.0,64.639343,31872.0,12.0,0.0,0.0,0.0,0.0,0.170175,0.0,0.0,133744.671875,0.170175,949.0,0.0,410.666656,0.0,0.0,0.170175,0.170175,0.0,0.0,0.0,29.381519,0.0,HTTP
0.0,0.001002,0.0,177.399994,0.167961,0.075188,-0.0,33817.375,28054.130859,1623.0,0.0,736.0,5.0,0.0,0.07619,64128.0,1721542400.0,64.0,0.0,0.0,0.0,0.0,0.0,62.0,0.0,23.815052,0.0,5.0,0.0,0.0,53.583866,31872.0,10.0,0.0,0.0,0.0,0.0,0.167961,0.0,0.0,61871.503906,0.167961,887.0,0.0,147.199997,0.0,0.0,0.167961,0.167961,0.0,0.0,0.0,23.815052,0.0,HTTP
0.0,0.000499,0.0,127.555557,0.184881,0.090751,-0.0,44179.769531,277627.21875,8365.0,0.0,7217.0,9.0,0.0,0.09125,64128.0,1721542400.0,64.0,0.0,0.0,0.0,0.0,0.0,62.0,0.0,43.271076,0.0,9.0,0.0,0.0,91.951035,31872.0,18.0,0.0,0.0,0.0,0.0,0.184881,0.0,0.0,321807.0,0.184881,1148.0,0.0,801.888916,0.0,0.0,0.184881,0.184881,0.0,0.0,0.0,43.271076,0.0,HTTP
0.0,0.000996,0.0,158.0,0.184881,0.09075,-0.0,34184.152344,63695.023438,2788.0,0.0,1840.0,5.0,0.0,0.091746,64128.0,1721542400.0,64.0,0.0,0.0,0.0,0.0,0.0,62.0,0.0,27.044422,0.0,6.0,0.0,0.0,54.088844,31872.0,11.0,0.0,0.0,0.0,0.0,0.184881,0.0,0.0,97879.171875,0.184881,948.0,0.0,368.0,0.0,0.0,0.184881,0.184881,0.0,0.0,0.0,21.635538,0.0,HTTP
0.0,0.000807,0.0,145.428574,0.169391,0.074857,-0.0,41230.050781,144376.03125,4584.0,0.0,3566.0,7.0,0.0,0.075664,64128.0,1721542400.0,64.0,0.0,0.0,0.0,0.0,0.0,62.0,0.0,35.421005,0.0,7.0,0.0,0.0,76.745514,31872.0,14.0,0.0,0.0,0.0,0.0,0.169391,0.0,0.0,185606.09375,0.169391,1018.0,0.0,509.428558,0.0,0.0,0.169391,0.169391,0.0,0.0,0.0,35.421005,0.0,HTTP
0.0,0.000807,0.0,158.166672,0.168893,0.075353,-0.0,37467.511719,55609.175781,2416.0,0.0,1467.0,5.0,0.0,0.07616,64128.0,1721542400.0,64.0,0.0,0.0,0.0,0.0,0.0,62.0,0.0,29.604544,0.0,6.0,0.0,0.0,59.209087,31872.0,11.0,0.0,0.0,0.0,0.0,0.168893,0.0,0.0,93076.6875,0.168893,949.0,0.0,293.399994,0.0,0.0,0.168893,0.168893,0.0,0.0,0.0,23.683636,0.0,HTTP
0.0,0.000495,0.0,175.600006,0.169078,0.075144,-0.0,33262.753906,39177.183594,1913.0,0.0,1035.0,5.0,0.0,0.075639,64128.0,1721542400.0,64.0,0.0,0.0,0.0,0.0,0.0,62.0,0.0,23.657719,0.0,5.0,0.0,0.0,53.229866,31872.0,10.0,0.0,0.0,0.0,0.0,0.169078,0.0,0.0,72439.9375,0.169078,878.0,0.0,207.0,0.0,0.0,0.169078,0.169078,0.0,0.0,0.0,23.657719,0.0,HTTP
0.0,0.000495,0.0,158.833328,0.15547,0.076812,-0.0,40908.214844,65401.6875,2541.0,0.0,1588.0,5.0,0.0,0.077307,64128.0,1721542400.0,64.0,0.0,0.0,0.0,0.0,0.0,62.0,0.0,32.160545,0.0,6.0,0.0,0.0,64.321091,31872.0,11.0,0.0,0.0,0.0,0.0,0.15547,0.0,0.0,106309.898438,0.15547,953.0,0.0,317.600006,0.0,0.0,0.15547,0.15547,0.0,0.0,0.0,25.728437,0.0,HTTP
0.0,0.0015,0.0,158.0,0.154444,0.075175,-0.0,40920.984375,47810.210938,2101.0,0.0,1153.0,5.0,0.0,0.076675,64128.0,1721542400.0,64.0,0.0,0.0,0.0,0.0,0.0,62.0,0.0,32.374195,0.0,6.0,0.0,0.0,64.74839,31872.0,11.0,0.0,0.0,0.0,0.0,0.154444,0.0,0.0,88731.195312,0.154444,948.0,0.0,230.600006,0.0,0.0,0.154444,0.154444,0.0,0.0,0.0,25.899357,0.0,HTTP
0.0,0.001004,0.0,158.166672,0.153948,0.075671,-0.0,41104.789062,80702.578125,2890.0,0.0,1941.0,5.0,0.0,0.076675,64128.0,1721542400.0,64.0,0.0,0.0,0.0,0.0,0.0,62.0,0.0,32.4785,0.0,6.0,0.0,0.0,64.957001,31872.0,11.0,0.0,0.0,0.0,0.0,0.153948,0.0,0.0,121807.367188,0.153948,949.0,0.0,388.200012,0.0,0.0,0.153948,0.153948,0.0,0.0,0.0,25.9828,0.0,HTTP
0.0,0.000498,0.0,157.166672,0.154383,0.075656,-0.0,40729.871094,89128.984375,3007.0,0.0,2064.0,6.0,0.0,0.076154,64128.0,1721542400.0,64.0,0.0,0.0,0.0,0.0,0.0,62.0,0.0,32.386986,0.0,6.0,0.0,0.0,71.251366,31872.0,12.0,0.0,0.0,0.0,0.0,0.154383,0.0,0.0,129858.851562,0.154383,943.0,0.0,344.0,0.0,0.0,0.154383,0.154383,0.0,0.0,0.0,32.386986,0.0,HTTP
0.0,0.000994,0.0,159.333328,0.154383,0.07516,-0.0,41299.882812,88662.609375,3009.0,0.0,2053.0,6.0,0.0,0.076154,63488.0,1721542400.0,64.0,0.0,0.0,0.0,0.0,0.0,62.0,0.0,32.386986,0.0,6.0,0.0,0.0,71.251366,31872.0,12.0,0.0,0.0,0.0,0.0,0.154383,0.0,0.0,129962.492188,0.154383,956.0,0.0,342.166656,0.0,0.0,0.154383,0.154383,0.0,0.0,0.0,32.386986,0.0,HTTP
0.0,0.000497,0.0,158.666672,0.154189,0.076122,-0.0,41196.191406,89811.851562,3029.0,0.0,2077.0,6.0,0.0,0.076619,63488.0,1721542400.0,64.0,0.0,0.0,0.0,0.0,0.0,62.0,0.0,32.427734,0.0,6.0,0.0,0.0,71.341011,31872.0,12.0,0.0,0.0,0.0,0.0,0.154189,0.0,0.0,131008.046875,0.154189,952.0,0.0,346.166656,0.0,0.0,0.154189,0.154189,0.0,0.0,0.0,32.427734,0.0,HTTP
0.0,0.000526,0.0,157.166672,0.153925,0.075528,-0.0,40851.0625,161273.34375,4563.0,0.0,3620.0,7.0,0.0,0.076054,63488.0,1721542400.0,64.0,0.0,0.0,0.0,0.0,0.0,62.0,0.0,32.483353,0.0,6.0,0.0,0.0,77.960045,31872.0,13.0,0.0,0.0,0.0,0.0,0.153925,0.0,0.0,202124.40625,0.153925,943.0,0.0,517.142883,0.0,0.0,0.153925,0.153925,0.0,0.0,0.0,38.980022,0.0,HTTP
0.0,0.000498,0.0,157.5,0.139564,0.06017,-0.0,45169.242188,87128.492188,2844.0,0.0,1899.0,5.0,0.0,0.060668,64128.0,1721542400.0,64.0,0.0,0.0,0.0,0.0,0.0,62.0,0.0,35.825859,0.0,6.0,0.0,0.0,71.651718,31872.0,11.0,0.0,0.0,0.0,0.0,0.139564,0.0,0.0,132297.734375,0.139564,945.0,0.0,379.799988,0.0,0.0,0.139564,0.139564,0.0,0.0,0.0,28.660688,0.0,HTTP
0.0,0.000498,0.0,134.625,0.139564,0.06017,-0.0,54054.058594,303803.28125,7134.0,0.0,6057.0,8.0,0.0,0.060668,63488.0,1721542400.0,64.0,0.0,0.0,0.0,0.0,0.0,62.0,0.0,50.156204,0.0,8.0,0.0,0.0,107.477577,31872.0,16.0,0.0,0.0,0.0,0.0,0.139564,0.0,0.0,357857.34375,0.139564,1077.0,0.0,757.125,0.0,0.0,0.139564,0.139564,0.0,0.0,0.0,50.156204,0.0,HTTP
0.0,0.0,0.0,107.769234,0.214509,0.060244,-0.0,48259.046875,681481.9375,20816.0,0.0,19415.0,17.0,0.0,0.060244,66688.0,1721542400.0,64.0,0.0,0.0,0.0,0.0,0.0,62.0,0.0,55.941711,0.0,13.0,0.0,0.0,135.192459,31872.0,30.0,0.0,0.0,0.0,0.0,0.214509,0.0,0.0,729740.9375,0.214509,1401.0,0.0,1142.058838,0.0,0.0,0.214509,0.214509,0.0,0.0,0.0,74.588943,0.0,HTTP
0.0,0.000731,0.0,156.666672,0.1398,0.059513,-0.0,44864.09375,194392.0,4903.0,0.0,3963.0,7.0,0.0,0.060244,63488.0,1721542400.0,64.0,0.0,0.0,0.0,0.0,0.0,62.0,0.0,35.765381,0.0,6.0,0.0,0.0,85.836914,31872.0,13.0,0.0,0.0,0.0,0.0,0.1398,0.0,0.0,239256.078125,0.1398,940.0,0.0,566.142883,0.0,0.0,0.1398,0.1398,0.0,0.0,0.0,42.918457,0.0,HTTP
0.0,0.000925,0.0,145.428574,0.154388,0.060048,-0.0,45236.675781,178459.46875,5035.0,0.0,4017.0,7.0,0.0,0.060973,64128.0,1721542400.0,64.0,0.0,0.0,0.0,0.0,0.0,62.0,0.0,38.863125,0.0,7.0,0.0,0.0,84.203438,31872.0,14.0,0.0,0.0,0.0,0.0,0.154388,0.0,0.0,223696.15625,0.154388,1018.0,0.0,573.857117,0.0,0.0,0.154388,0.154388,0.0,0.0,0.0,38.863125,0.0,HTTP
0.0,0.000497,0.0,159.833328,0.154516,0.076527,-0.0,41419.660156,159258.59375,4547.0,0.0,3588.0,7.0,0.0,0.077024,62592.0,1721542400.0,64.0,0.0,0.0,0.0,0.0,0.0,62.0,0.0,32.359108,0.0,6.0,0.0,0.0,77.661865,31872.0,13.0,0.0,0.0,0.0,0.0,0.154516,0.0,0.0,200678.25,0.154516,959.0,0.0,512.571411,0.0,0.0,0.154516,0.154516,0.0,0.0,0.0,38.830933,0.0,HTTP
0.0,0.000692,0.0,176.600006,0.153104,0.075005,-0.0,36942.207031,39763.820312,1834.0,0.0,951.0,5.0,0.0,0.075697,64128.0,1721542400.0,64.0,0.0,0.0,0.0,0.0,0.0,62.0,0.0,26.12603,0.0,5.0,0.0,0.0,58.783569,31872.0,10.0,0.0,0.0,0.0,0.0,0.153104,0.0,0.0,76706.023438,0.153104,883.0,0.0,190.199997,0.0,0.0,0.153104,0.153104,0.0,0.0,0.0,26.12603,0.0,HTTP
0.0,0.000692,0.0,157.833328,0.153104,0.075005,-0.0,41279.128906,100689.71875,3259.0,0.0,2312.0,6.0,0.0,0.075697,63488.0,1721542400.0,64.0,0.0,0.0,0.0,0.0,0.0,62.0,0.0,32.657539,0.0,6.0,0.0,0.0,71.846588,31872.0,12.0,0.0,0.0,0.0,0.0,0.153104,0.0,0.0,141968.84375,0.153104,947.0,0.0,385.333344,0.0,0.0,0.153104,0.153104,0.0,0.0,0.0,32.657539,0.0,HTTP
0.0,0.001497,0.0,158.0,0.152788,0.074214,-0.0,41364.503906,128125.25,3884.0,0.0,2936.0,6.0,0.0,0.075711,64128.0,1721542400.0,64.0,0.0,0.0,0.0,0.0,0.0,62.0,0.0,32.725082,0.0,6.0,0.0,0.0,71.995186,31872.0,12.0,0.0,0.0,0.0,0.0,0.152788,0.0,0.0,169489.75,0.152788,948.0,0.0,489.333344,0.0,0.0,0.152788,0.152788,0.0,0.0,0.0,32.725082,0.0,HTTP
0.0,0.000997,0.0,108.615387,0.230721,0.075072,-0.0,45214.785156,535885.3125,17970.0,0.0,16558.0,15.0,0.0,0.076069,64128.0,1721542400.0,64.0,0.0,0.0,0.0,0.0,0.0,62.0,0.0,52.010872,0.0,13.0,0.0,0.0,117.02446,31872.0,28.0,0.0,0.0,0.0,0.0,0.230721,0.0,0.0,581100.125,0.230721,1412.0,0.0,1103.866699,0.0,0.0,0.230721,0.230721,0.0,0.0,0.0,60.679348,0.0,HTTP
0.0,0.001005,0.0,146.428574,0.169911,0.075576,-0.0,41386.375,173973.4375,5335.0,0.0,4310.0,7.0,0.0,0.076581,64128.0,1721542400.0,64.0,0.0,0.0,0.0,0.0,0.0,62.0,0.0,35.312607,0.0,7.0,0.0,0.0,76.510643,31872.0,14.0,0.0,0.0,0.0,0.0,0.169911,0.0,0.0,215359.8125,0.169911,1025.0,0.0,615.714294,0.0,0.0,0.169911,0.169911,0.0,0.0,0.0,35.312607,0.0,HTTP
0.0,0.0,0.0,176.199997,0.154203,0.075702,-0.0,36575.164062,37405.238281,1782.0,0.0,901.0,5.0,0.0,0.075702,64128.0,1721542400.0,64.0,0.0,0.0,0.0,0.0,0.0,62.0,0.0,25.939833,0.0,5.0,0.0,0.0,58.364624,31872.0,10.0,0.0,0.0,0.0,0.0,0.154203,0.0,0.0,73980.40625,0.154203,881.0,0.0,180.199997,0.0,0.0,0.154203,0.154203,0.0,0.0,0.0,25.939833,0.0,HTTP
0.0,0.0,0.0,158.333328,0.153919,0.075976,-0.0,41164.507812,76819.625,2797.0,0.0,1847.0,5.0,0.0,0.075976,64128.0,1721542400.0,64.0,0.0,0.0,0.0,0.0,0.0,62.0,0.0,32.484619,0.0,6.0,0.0,0.0,64.969238,31872.0,11.0,0.0,0.0,0.0,0.0,0.153919,0.0,0.0,117984.140625,0.153919,950.0,0.0,369.399994,0.0,0.0,0.153919,0.153919,0.0,0.0,0.0,25.987696,0.0,HTTP
0.0,0.0,0.0,175.600006,0.153919,0.076473,-0.0,36538.699219,36434.75,1754.0,0.0,876.0,5.0,0.0,0.076473,64128.0,1721542400.0,64.0,0.0,0.0,0.0,0.0,0.0,62.0,0.0,25.987696,0.0,5.0,0.0,0.0,58.472313,31872.0,10.0,0.0,0.0,0.0,0.0,0.153919,0.0,0.0,72973.445312,0.153919,878.0,0.0,175.199997,0.0,0.0,0.153919,0.153919,0.0,0.0,0.0,25.987696,0.0,HTTP
0.0,0.000806,0.0,157.5,0.154364,0.075727,-0.0,40838.535156,78619.367188,2841.0,0.0,1896.0,5.0,0.0,0.076533,64128.0,1721542400.0,64.0,0.0,0.0,0.0,0.0,0.0,62.0,0.0,32.390972,0.0,6.0,0.0,0.0,64.781944,31872.0,11.0,0.0,0.0,0.0,0.0,0.154364,0.0,0.0,119457.898438,0.154364,945.0,0.0,379.200012,0.0,0.0,0.154364,0.154364,0.0,0.0,0.0,25.912777,0.0,HTTP
0.0,0.000496,0.0,156.833328,0.155022,0.075932,-0.0,40510.378906,142844.25,4262.0,0.0,3321.0,6.0,0.0,0.076428,63360.0,1721542400.0,64.0,0.0,0.0,0.0,0.0,0.0,62.0,0.0,32.253487,0.0,6.0,0.0,0.0,70.957672,31872.0,12.0,0.0,0.0,0.0,0.0,0.155022,0.0,0.0,183354.625,0.155022,941.0,0.0,553.5,0.0,0.0,0.155022,0.155022,0.0,0.0,0.0,32.253487,0.0,HTTP
0.0,0.000994,0.0,175.800003,0.140593,0.060508,-0.0,40058.890625,43074.6875,1825.0,0.0,946.0,5.0,0.0,0.061502,64128.0,1721542400.0,64.0,0.0,0.0,0.0,0.0,0.0,62.0,0.0,28.450916,0.0,5.0,0.0,0.0,64.014565,31872.0,10.0,0.0,0.0,0.0,0.0,0.140593,0.0,0.0,83133.578125,0.140593,879.0,0.0,189.199997,0.0,0.0,0.140593,0.140593,0.0,0.0,0.0,28.450916,0.0,HTTP
0.0,0.000486,0.0,157.5,0.15403,0.075353,-0.0,40927.09375,67103.8125,2560.0,0.0,1615.0,5.0,0.0,0.075839,64128.0,1721542400.0,64.0,0.0,0.0,0.0,0.0,0.0,62.0,0.0,32.461208,0.0,6.0,0.0,0.0,64.922417,31872.0,11.0,0.0,0.0,0.0,0.0,0.15403,0.0,0.0,108030.90625,0.15403,945.0,0.0,323.0,0.0,0.0,0.15403,0.15403,0.0,0.0,0.0,25.968967,0.0,HTTP
0.0,0.000515,0.0,157.333328,0.154189,0.075907,-0.0,40833.003906,62261.25,2444.0,0.0,1500.0,5.0,0.0,0.076422,64128.0,1721542400.0,64.0,0.0,0.0,0.0,0.0,0.0,62.0,0.0,32.427734,0.0,6.0,0.0,0.0,64.855469,31872.0,11.0,0.0,0.0,0.0,0.0,0.154189,0.0,0.0,103094.25,0.154189,944.0,0.0,300.0,0.0,0.0,0.154189,0.154189,0.0,0.0,0.0,25.942186,0.0,HTTP
0.0,0.0,0.0,158.0,0.154679,0.076403,-0.0,40858.8125,140109.515625,4198.0,0.0,3250.0,6.0,0.0,0.076403,63488.0,1721542400.0,64.0,0.0,0.0,0.0,0.0,0.0,62.0,0.0,32.325008,0.0,6.0,0.0,0.0,71.115021,31872.0,12.0,0.0,0.0,0.0,0.0,0.154679,0.0,0.0,180968.328125,0.154679,948.0,0.0,541.666687,0.0,0.0,0.154679,0.154679,0.0,0.0,0.0,32.325008,0.0,HTTP
0.0,0.000495,0.0,166.333328,0.123568,0.060232,-0.0,53865.078125,183089.46875,4391.0,0.0,3393.0,6.0,0.0,0.060727,63488.0,1721542400.0,64.0,0.0,0.0,0.0,0.0,0.0,62.0,0.0,40.463551,0.0,6.0,0.0,0.0,89.019814,31872.0,12.0,0.0,0.0,0.0,0.0,0.123568,0.0,0.0,236954.546875,0.123568,998.0,0.0,565.5,0.0,0.0,0.123568,0.123568,0.0,0.0,0.0,40.463551,0.0,HTTP
0.0,0.000994,0.0,166.666672,0.124781,0.059864,-0.0,53469.679688,89885.484375,2752.0,0.0,1752.0,5.0,0.0,0.060858,64128.0,1721542400.0,64.0,0.0,0.0,0.0,0.0,0.0,62.0,0.0,40.070202,0.0,6.0,0.0,0.0,80.140404,31872.0,11.0,0.0,0.0,0.0,0.0,0.124781,0.0,0.0,143355.15625,0.124781,1000.0,0.0,350.399994,0.0,0.0,0.124781,0.124781,0.0,0.0,0.0,32.056164,0.0,HTTP
0.0,0.000993,0.0,156.833328,0.13839,0.059368,-0.0,45379.0,66594.40625,2381.0,0.0,1440.0,5.0,0.0,0.060361,64128.0,1721542400.0,64.0,0.0,0.0,0.0,0.0,0.0,62.0,0.0,36.129776,0.0,6.0,0.0,0.0,72.259552,31872.0,11.0,0.0,0.0,0.0,0.0,0.13839,0.0,0.0,111973.40625,0.13839,941.0,0.0,288.0,0.0,0.0,0.13839,0.13839,0.0,0.0,0.0,28.903822,0.0,HTTP
0.0,0.000953,0.0,118.909088,0.139312,0.061175,-0.0,68335.820312,523257.15625,11331.0,0.0,10023.0,11.0,0.0,0.062128,64128.0,1721542400.0,64.0,0.0,0.0,0.0,0.0,0.0,62.0,0.0,71.781326,0.0,11.0,0.0,0.0,150.740784,31872.0,22.0,0.0,0.0,0.0,0.0,0.139312,0.0,0.0,591593.0,0.139312,1308.0,0.0,911.181824,0.0,0.0,0.139312,0.139312,0.0,0.0,0.0,71.781326,0.0,HTTP
0.0,0.0,0.0,164.166672,0.139329,0.061175,-0.0,47140.222656,139353.609375,3897.0,0.0,2912.0,6.0,0.0,0.061175,64128.0,1721542400.0,64.0,0.0,0.0,0.0,0.0,0.0,62.0,0.0,35.886284,0.0,6.0,0.0,0.0,78.949821,31872.0,12.0,0.0,0.0,0.0,0.0,0.139329,0.0,0.0,186493.84375,0.139329,985.0,0.0,485.333344,0.0,0.0,0.139329,0.139329,0.0,0.0,0.0,35.886284,0.0,HTTP
0.0,0.000496,0.0,122.400002,0.123485,0.06077,-0.0,71393.289062,808584.0625,14745.0,0.0,13521.0,13.0,0.0,0.061266,63488.0,1721542400.0,64.0,0.0,0.0,0.0,0.0,0.0,62.0,0.0,72.883347,0.0,10.0,0.0,0.0,178.159286,31872.0,23.0,0.0,0.0,0.0,0.0,0.123485,0.0,0.0,879977.3125,0.123485,1224.0,0.0,1040.076904,0.0,0.0,0.123485,0.123485,0.0,0.0,0.0,97.177795,0.0,HTTP
0.0,0.000804,0.0,163.0,0.123959,0.061097,-0.0,52598.039062,124363.703125,3290.0,0.0,2312.0,6.0,0.0,0.061901,63488.0,1721542400.0,64.0,0.0,0.0,0.0,0.0,0.0,62.0,0.0,40.335918,0.0,6.0,0.0,0.0,88.739021,31872.0,12.0,0.0,0.0,0.0,0.0,0.123959,0.0,0.0,176961.734375,0.123959,978.0,0.0,385.333344,0.0,0.0,0.123959,0.123959,0.0,0.0,0.0,40.335918,0.0,HTTP
0.0,0.0,0.0,163.166672,0.123561,0.060927,-0.0,52832.203125,87341.476562,2665.0,0.0,1686.0,5.0,0.0,0.060927,64128.0,1721542400.0,64.0,0.0,0.0,0.0,0.0,0.0,62.0,0.0,40.465843,0.0,6.0,0.0,0.0,80.931686,31872.0,11.0,0.0,0.0,0.0,0.0,0.123561,0.0,0.0,140173.671875,0.123561,979.0,0.0,337.200012,0.0,0.0,0.123561,0.123561,0.0,0.0,0.0,32.372673,0.0,HTTP
0.0,0.0,0.0,181.800003,0.123106,0.061098,-0.0,47308.820312,45554.238281,1785.0,0.0,876.0,5.0,0.0,0.061098,64128.0,1721542400.0,64.0,0.0,0.0,0.0,0.0,0.0,62.0,0.0,32.492325,0.0,5.0,0.0,0.0,73.107727,31872.0,10.0,0.0,0.0,0.0,0.0,0.123106,0.0,0.0,92863.0625,0.123106,909.0,0.0,175.199997,0.0,0.0,0.123106,0.123106,0.0,0.0,0.0,32.492325,0.0,HTTP
0.0,0.000934,0.0,163.5,0.124365,0.060446,-0.0,52619.304688,160623.96875,3977.0,0.0,2996.0,6.0,0.0,0.06138,63488.0,1721542400.0,64.0,0.0,0.0,0.0,0.0,0.0,62.0,0.0,40.204235,0.0,6.0,0.0,0.0,88.449318,31872.0,12.0,0.0,0.0,0.0,0.0,0.124365,0.0,0.0,213243.265625,0.124365,981.0,0.0,499.333344,0.0,0.0,0.124365,0.124365,0.0,0.0,0.0,40.204235,0.0,HTTP
0.0,0.0005,4.0,210.25,0.762107,0.092203,-0.0,6623.741699,62783.832031,7676.0,0.0,6835.0,8.0,0.0,0.092703,64128.0,1721542400.0,64.0,0.0,0.0,0.0,0.0,0.0,62.0,0.0,3.936455,0.0,4.0,4.0,0.0,14.433668,31872.0,12.0,0.0,0.0,25.0,0.0,0.762107,0.0,0.0,69407.578125,0.762107,841.0,0.0,854.375,0.0,0.0,0.762107,0.762107,1.0,0.0,0.0,9.185061,0.0,HTTP
0.0,0.0005,0.0,0.0,0.0,0.092203,-0.0,0.0,0.0,1514.0,0.0,1514.0,1.0,0.0,0.092703,507918.4607708,1721542400.0,64.0,0.0,0.0,0.0,0.0,0.0,62.0,0.0,0.0,1.0,0.0,1.0,0.0,0.0,434180.50583333336,1.0,0.0,0.0,0.0,0.0,0.0,0.0,0.0,0.0,0.0,0.0,0.0,1514.0,1.0,0.0,0.0,0.0,1.0,0.0,0.0,0.0,0.0,HTTP
0.0,0.0005,0.0,0.0,0.0,0.092203,-0.0,0.0,0.0,1514.0,0.0,1514.0,1.0,0.0,0.092703,507918.4607708,1721542400.0,64.0,0.0,0.0,0.0,0.0,0.0,62.0,0.0,0.0,1.0,0.0,1.0,0.0,0.0,434180.50583333336,1.0,0.0,0.0,0.0,0.0,0.0,0.0,0.0,0.0,0.0,0.0,0.0,1514.0,1.0,0.0,0.0,0.0,1.0,0.0,0.0,0.0,0.0,HTTP
0.0,0.0005,1.0,78.0,0.0,0.092203,-0.0,0.0,0.0,1592.0,1.0,1514.0,1.0,0.0,0.092703,64128.0,1721542400.0,64.0,0.0,0.0,0.0,0.0,0.0,62.0,0.0,0.0,1.0,1.0,1.0,0.0,0.0,31872.0,2.0,0.0,0.0,33.333333,0.0,0.0,0.0,0.0,0.0,0.0,78.0,1.0,1514.0,0.0,0.0,0.0,0.0,1.0,0.0,0.0,0.0,0.0,HTTP
0.0,0.000501,0.0,183.0,0.339491,0.168693,-0.0,17249.351562,45904.015625,3252.0,0.0,2337.0,6.0,0.0,0.169194,64128.0,1721542400.0,64.0,0.0,0.0,0.0,0.0,0.0,62.0,0.0,11.782345,0.0,5.0,0.0,0.0,29.45586,31872.0,11.0,0.0,0.0,0.0,0.0,0.339491,0.0,0.0,63153.367188,0.339491,915.0,0.0,389.5,0.0,0.0,0.339491,0.339491,0.0,0.0,0.0,14.72793,0.0,HTTP
0.0,0.000501,0.0,163.833328,0.339992,0.169608,-0.0,19294.572266,48354.082031,3449.0,0.0,2466.0,6.0,0.0,0.170109,63488.0,1721542400.0,64.0,0.0,0.0,0.0,0.0,0.0,62.0,0.0,14.706229,0.0,6.0,0.0,0.0,32.353703,31872.0,12.0,0.0,0.0,0.0,0.0,0.339992,0.0,0.0,67648.65625,0.339992,983.0,0.0,411.0,0.0,0.0,0.339992,0.339992,0.0,0.0,0.0,14.706229,0.0,HTTP
0.0,0.000501,0.0,164.666672,0.864244,0.169608,-0.0,7627.475586,19698.140625,3541.0,0.0,2553.0,6.0,0.0,0.170109,63488.0,1721542400.0,64.0,0.0,0.0,0.0,0.0,0.0,62.0,0.0,5.785403,0.0,6.0,0.0,0.0,12.727887,31872.0,12.0,0.0,0.0,0.0,0.0,0.864244,0.0,0.0,27325.617188,0.864244,988.0,0.0,425.5,0.0,0.0,0.864244,0.864244,0.0,0.0,0.0,5.785403,0.0,HTTP
0.0,0.0,0.0,184.199997,0.863743,0.169608,-0.0,6826.104492,23933.044922,4021.0,0.0,3100.0,6.0,0.0,0.169608,63488.0,1721542400.0,64.0,0.0,0.0,0.0,0.0,0.0,62.0,0.0,4.631007,0.0,5.0,0.0,0.0,11.577518,31872.0,11.0,0.0,0.0,0.0,0.0,0.863743,0.0,0.0,30759.148438,0.863743,921.0,0.0,516.666687,0.0,0.0,0.863743,0.863743,0.0,0.0,0.0,5.788759,0.0,HTTP
0.0,0.000712,0.0,165.0,0.863743,0.168896,-0.0,7641.161621,23145.773438,3988.0,0.0,2998.0,6.0,0.0,0.169608,63488.0,1721542400.0,64.0,0.0,0.0,0.0,0.0,0.0,62.0,0.0,5.788759,0.0,6.0,0.0,0.0,12.73527,31872.0,12.0,0.0,0.0,0.0,0.0,0.863743,0.0,0.0,30786.935547,0.863743,990.0,0.0,499.666656,0.0,0.0,0.863743,0.863743,0.0,0.0,0.0,5.788759,0.0,HTTP
0.0,0.000712,0.0,164.833328,0.355453,0.169401,-0.0,18567.855469,54105.605469,3873.0,0.0,2884.0,6.0,0.0,0.170113,63488.0,1721542400.0,64.0,0.0,0.0,0.0,0.0,0.0,62.0,0.0,14.066557,0.0,6.0,0.0,0.0,30.946424,31872.0,12.0,0.0,0.0,0.0,0.0,0.355453,0.0,0.0,72673.460938,0.355453,989.0,0.0,480.666656,0.0,0.0,0.355453,0.355453,0.0,0.0,0.0,14.066557,0.0,HTTP
0.0,0.000496,0.0,102.944443,0.57163,0.168809,-0.0,24505.361328,289250.03125,23669.0,0.0,21816.0,19.0,0.0,0.169305,69888.0,1721542400.0,64.0,0.0,0.0,0.0,0.0,0.0,62.0,0.0,29.739517,0.0,18.0,0.0,0.0,62.977798,31872.0,37.0,0.0,0.0,0.0,0.0,0.57163,0.0,0.0,313755.40625,0.57163,1853.0,0.0,1148.210571,0.0,0.0,0.57163,0.57163,0.0,0.0,0.0,31.488899,0.0,HTTP
0.0,0.001499,0.0,113.214287,0.602205,0.168307,-0.0,19554.802734,209231.078125,18459.0,0.0,16874.0,15.0,0.0,0.169806,64128.0,1721542400.0,64.0,0.0,0.0,0.0,0.0,0.0,62.0,0.0,21.587334,0.0,14.0,0.0,0.0,46.495796,31872.0,29.0,0.0,0.0,0.0,0.0,0.602205,0.0,0.0,228785.890625,0.602205,1585.0,0.0,1124.93335,0.0,0.0,0.602205,0.602205,0.0,0.0,0.0,23.247898,0.0,HTTP
0.0,0.001003,0.0,78.509438,0.954072,0.168307,-0.0,34236.410156,1354136.75,167122.0,0.0,162961.0,111.0,0.0,0.16931,171904.0,1721542400.0,64.0,0.0,0.0,0.0,0.0,0.0,62.0,0.0,54.503223,0.0,53.0,0.0,0.0,170.846649,31872.0,164.0,0.0,0.0,0.0,0.0,0.954072,0.0,0.0,1388373.25,0.954072,4161.0,0.0,1468.117065,0.0,0.0,0.954072,0.954072,0.0,0.0,0.0,115.29528,0.0,HTTP
0.0,0.001503,0.0,92.519997,0.769177,0.168304,-0.0,23100.013672,538341.625,55435.0,0.0,53122.0,39.0,0.0,0.169807,64128.0,1721542400.0,64.0,0.0,0.0,0.0,0.0,0.0,62.0,0.0,31.202181,0.0,25.0,0.0,0.0,81.905724,31872.0,64.0,0.0,0.0,0.0,0.0,0.769177,0.0,0.0,561441.625,0.769177,2313.0,0.0,1362.102539,0.0,0.0,0.769177,0.769177,0.0,0.0,0.0,49.403454,0.0,HTTP
0.0,0.001369,0.0,107.5,0.696414,0.196526,-0.0,18529.208984,360348.875,34396.0,0.0,32676.0,25.0,0.0,0.197895,66688.0,1721542400.0,64.0,0.0,0.0,0.0,0.0,0.0,62.0,0.0,21.538912,0.0,16.0,0.0,0.0,57.437099,31872.0,41.0,0.0,0.0,0.0,0.0,0.696414,0.0,0.0,378878.09375,0.696414,1720.0,0.0,1307.040039,0.0,0.0,0.696414,0.696414,0.0,0.0,0.0,34.462261,0.0,HTTP
0.0,0.000728,0.0,113.428574,0.697972,0.183349,-0.0,16906.123047,260457.4375,25508.0,0.0,23920.0,20.0,0.0,0.184077,59648.0,1721542400.0,64.0,0.0,0.0,0.0,0.0,0.0,62.0,0.0,18.625389,0.0,14.0,0.0,0.0,47.279835,31872.0,34.0,0.0,0.0,0.0,0.0,0.697972,0.0,0.0,277363.5625,0.697972,1588.0,0.0,1196.0,0.0,0.0,0.697972,0.697972,0.0,0.0,0.0,27.221722,0.0,HTTP
0.0,0.001394,0.0,101.052635,0.740794,0.18499,-0.0,19643.787109,360542.875,36590.0,0.0,34670.0,27.0,0.0,0.186384,66688.0,1721542400.0,64.0,0.0,0.0,0.0,0.0,0.0,62.0,0.0,24.298252,0.0,19.0,0.0,0.0,60.745632,31872.0,46.0,0.0,0.0,0.0,0.0,0.740794,0.0,0.0,380186.65625,0.740794,1920.0,0.0,1284.074097,0.0,0.0,0.740794,0.740794,0.0,0.0,0.0,35.097477,0.0,HTTP
0.0,0.001003,0.0,66.0,0.207766,0.168307,-0.0,50826.410156,0.0,1452.0,0.0,66.0,1.0,0.0,0.16931,262656.0,1721542400.0,64.0,0.0,0.0,0.0,0.0,0.0,62.0,0.0,96.262146,1.0,21.0,0.0,0.0,101.075249,31872.0,22.0,0.0,0.0,0.0,0.0,0.207766,0.0,0.0,50826.410156,0.207766,1386.0,0.0,66.0,0.0,0.0,0.207766,0.207766,0.0,0.0,0.0,0.0,0.0,HTTP
0.0,0.027712,0.0,107.5625,0.636607,0.207975,-0.0,20282.529297,259726.96875,23537.0,0.0,21816.0,19.0,0.0,0.235687,60672.0,1721542400.0,64.0,0.0,0.0,0.0,0.0,0.0,62.0,0.0,23.562418,0.0,16.0,0.0,0.0,53.408146,31872.0,35.0,0.0,0.0,0.0,0.0,0.636607,0.0,0.0,280009.5,0.636607,1721.0,0.0,1148.210571,0.0,0.0,0.636607,0.636607,0.0,0.0,0.0,28.274902,0.0,HTTP
0.0,0.007592,0.0,76.619049,0.985491,0.218869,-0.0,38567.578125,1477785.25,188350.0,0.0,183523.0,124.0,0.0,0.226461,231296.0,1721542400.0,64.0,0.0,0.0,0.0,0.0,0.0,62.0,0.0,62.912804,0.0,63.0,0.0,0.0,188.738403,31872.0,187.0,0.0,0.0,0.0,0.0,0.985491,0.0,0.0,1516352.75,0.985491,4827.0,0.0,1480.02417,0.0,0.0,0.985491,0.985491,0.0,0.0,0.0,124.810883,0.0,HTTP
0.0,0.002465,0.0,109.92308,0.602178,0.213936,-0.0,17536.34375,270033.125,22950.0,0.0,21521.0,18.0,0.0,0.216401,61568.0,1721542400.0,64.0,0.0,0.0,0.0,0.0,0.0,62.0,0.0,19.927664,0.0,13.0,0.0,0.0,49.819157,31872.0,31.0,0.0,0.0,0.0,0.0,0.602178,0.0,0.0,287569.46875,0.602178,1429.0,0.0,1195.611084,0.0,0.0,0.602178,0.602178,0.0,0.0,0.0,28.230856,0.0,HTTP
0.0,0.000837,0.0,126.090912,0.556791,0.183283,-0.0,18118.109375,226296.765625,18261.0,0.0,16874.0,15.0,0.0,0.18412,64128.0,1721542400.0,64.0,0.0,0.0,0.0,0.0,0.0,62.0,0.0,17.96006,0.0,11.0,0.0,0.0,44.90015,31872.0,26.0,0.0,0.0,0.0,0.0,0.556791,0.0,0.0,244414.859375,0.556791,1387.0,0.0,1124.93335,0.0,0.0,0.556791,0.556791,0.0,0.0,0.0,25.144085,0.0,HTTP
0.0,0.000506,0.0,100.894737,0.778093,0.199853,-0.0,18681.572266,1063184.0,106780.0,0.0,104863.0,72.0,0.0,0.200359,87296.0,1721542400.0,64.0,0.0,0.0,0.0,0.0,0.0,62.0,0.0,23.133482,0.0,19.0,0.0,0.0,115.667412,31872.0,91.0,0.0,0.0,0.0,0.0,0.778093,0.0,0.0,1081865.625,0.778093,1917.0,0.0,1456.430542,0.0,0.0,0.778093,0.778093,0.0,0.0,1.0,91.248734,0.0,HTTP
0.0,0.001369,1.0,72.0,0.200649,0.196526,-0.0,2870.684814,11004.291016,696.0,1.0,552.0,2.0,0.0,0.197895,67584.0,1721542400.0,64.0,0.0,0.0,0.0,0.0,0.0,62.0,0.0,4.983828,1.0,2.0,1.0,0.0,14.951483,31872.0,4.0,0.0,0.0,20.0,0.0,0.200649,0.0,0.0,13874.976562,0.200649,144.0,0.0,276.0,0.0,0.0,0.200649,0.200649,1.0,0.0,0.0,4.983828,0.0,HTTP
0.0,0.001339,0.0,139.333328,0.574906,0.214538,-0.0,15515.580078,174776.40625,14860.0,0.0,13606.0,13.0,0.0,0.215877,63488.0,1721542400.0,64.0,0.0,0.0,0.0,0.0,0.0,62.0,0.0,13.915318,0.0,9.0,0.0,0.0,36.52771,31872.0,22.0,0.0,0.0,0.0,0.0,0.574906,0.0,0.0,190291.984375,0.574906,1254.0,0.0,1046.615356,0.0,0.0,0.574906,0.574906,0.0,0.0,0.0,20.872978,0.0,HTTP
0.0,0.001339,0.0,126.0,0.574906,0.215043,-0.0,17533.300781,177475.96875,15202.0,0.0,13816.0,13.0,0.0,0.216382,64128.0,1721542400.0,64.0,0.0,0.0,0.0,0.0,0.0,62.0,0.0,17.394148,0.0,11.0,0.0,0.0,40.006542,31872.0,24.0,0.0,0.0,0.0,0.0,0.574906,0.0,0.0,195009.28125,0.574906,1386.0,0.0,1062.769287,0.0,0.0,0.574906,0.574906,0.0,0.0,0.0,20.872978,0.0,HTTP
0.0,0.001495,0.0,122.800003,0.556566,0.199214,-0.0,15897.485352,178350.8125,14669.0,0.0,13441.0,13.0,0.0,0.200709,64128.0,1721542400.0,64.0,0.0,0.0,0.0,0.0,0.0,62.0,0.0,16.170589,0.0,10.0,0.0,0.0,39.528107,31872.0,23.0,0.0,0.0,0.0,0.0,0.556566,0.0,0.0,194248.296875,0.556566,1228.0,0.0,1033.923096,0.0,0.0,0.556566,0.556566,0.0,0.0,0.0,21.560785,0.0,HTTP
0.0,0.007592,0.0,66.0,0.186749,0.218869,-0.0,62201.136719,0.0,1584.0,0.0,66.0,1.0,0.0,0.226461,335360.0,1721542400.0,64.0,0.0,0.0,0.0,0.0,0.0,62.0,0.0,117.805183,1.0,23.0,0.0,0.0,123.159966,31872.0,24.0,0.0,0.0,0.0,0.0,0.186749,0.0,0.0,62201.136719,0.186749,1518.0,0.0,66.0,0.0,0.0,0.186749,0.186749,0.0,0.0,0.0,0.0,0.0,HTTP
0.0,0.026943,0.0,74.0,0.026943,0.0,-0.0,0.0,0.0,148.0,0.0,74.0,1.0,0.0,0.026943,8222720.0,1721542400.0,64.0,0.0,0.0,0.0,0.0,1.0,62.0,0.0,0.0,0.0,1.0,0.0,0.0,37.115391,4077568.0,2.0,0.0,0.0,0.0,0.0,0.026943,0.0,0.0,0.0,0.026943,74.0,0.0,74.0,0.0,0.0,0.026943,0.026943,0.0,0.0,0.0,0.0,0.0,HTTP
0.0,0.00545,0.0,113.428574,0.84888,0.287485,-0.0,13900.668945,214155.125,25508.0,0.0,23920.0,20.0,0.0,0.292935,59648.0,1721542400.0,64.0,0.0,0.0,0.0,0.0,0.0,62.0,0.0,15.314297,0.0,14.0,0.0,0.0,38.874752,31872.0,34.0,0.0,0.0,0.0,0.0,0.84888,0.0,0.0,228055.796875,0.84888,1588.0,0.0,1196.0,0.0,0.0,0.84888,0.84888,0.0,0.0,0.0,22.382433,0.0,HTTP
0.0,0.004965,0.0,139.555557,0.586628,0.288145,-0.0,15232.821289,148373.40625,13224.0,0.0,11968.0,11.0,0.0,0.29311,63488.0,1721542400.0,64.0,0.0,0.0,0.0,0.0,0.0,62.0,0.0,13.637262,0.0,9.0,0.0,0.0,32.388496,31872.0,20.0,0.0,0.0,0.0,0.0,0.586628,0.0,0.0,163606.234375,0.586628,1256.0,0.0,1088.0,0.0,0.0,0.586628,0.586628,0.0,0.0,0.0,17.046577,0.0,HTTP
0.0,0.000858,0.0,125.818184,0.923328,0.322197,-0.0,10908.366211,145127.1875,19250.0,0.0,17866.0,16.0,0.0,0.323055,64128.0,1721542400.0,64.0,0.0,0.0,0.0,0.0,0.0,62.0,0.0,10.830388,0.0,11.0,0.0,0.0,28.159008,31872.0,27.0,0.0,0.0,0.0,0.0,0.923328,0.0,0.0,156035.5625,0.923328,1384.0,0.0,1116.625,0.0,0.0,0.923328,0.923328,0.0,0.0,0.0,16.245581,0.0,HTTP
0.0,0.002898,0.0,123.0,0.725443,0.321683,-0.0,12207.712891,136810.203125,14669.0,0.0,13439.0,13.0,0.0,0.324581,63488.0,1721542400.0,64.0,0.0,0.0,0.0,0.0,0.0,62.0,0.0,12.406213,0.0,10.0,0.0,0.0,30.326298,31872.0,23.0,0.0,0.0,0.0,0.0,0.725443,0.0,0.0,149017.921875,0.725443,1230.0,0.0,1033.769287,0.0,0.0,0.725443,0.725443,0.0,0.0,0.0,16.541616,0.0,HTTP
0.0,0.002898,0.0,139.111115,0.927423,0.32219,-0.0,9600.796875,89322.78125,12642.0,0.0,11390.0,11.0,0.0,0.325088,58752.0,1721542400.0,64.0,0.0,0.0,0.0,0.0,0.0,62.0,0.0,8.626053,0.0,9.0,0.0,0.0,20.486876,31872.0,20.0,0.0,0.0,0.0,0.0,0.927423,0.0,0.0,98923.578125,0.927423,1252.0,0.0,1035.45459,0.0,0.0,0.927423,0.927423,0.0,0.0,0.0,10.782566,0.0,HTTP
0.0,0.002892,0.0,126.545456,0.926424,0.321694,-0.0,10932.359375,287332.78125,35996.0,0.0,34604.0,26.0,0.0,0.324586,60672.0,1721542400.0,64.0,0.0,0.0,0.0,0.0,0.0,62.0,0.0,10.794193,0.0,11.0,0.0,0.0,38.859097,31872.0,37.0,0.0,0.0,0.0,0.0,0.926424,0.0,0.0,298265.15625,0.926424,1392.0,0.0,1330.923096,0.0,0.0,0.926424,0.926424,0.0,0.0,0.0,26.985483,0.0,HTTP
0.0,0.00146,0.0,70.0,0.275992,0.274532,-0.0,2029.044312,0.0,214.0,0.0,74.0,1.0,0.0,0.275992,64256.0,1721542400.0,64.0,0.0,0.0,0.0,0.0,0.0,62.0,0.0,3.623293,0.0,2.0,0.0,0.0,7.246587,4077568.0,3.0,0.0,0.0,0.0,0.0,0.275992,0.0,0.0,2029.044312,0.275992,140.0,0.0,74.0,0.0,0.0,0.275992,0.275992,0.0,0.0,0.0,0.0,0.0,HTTP
0.0,0.000506,0.0,66.0,0.586923,0.199853,-0.0,59374.058594,1052826.375,83148.0,0.0,78726.0,53.0,0.0,0.200359,350848.0,1721542400.0,64.0,0.0,0.0,0.0,0.0,0.0,62.0,0.0,112.450867,1.0,67.0,0.0,0.0,202.752319,31872.0,120.0,0.0,0.0,0.0,0.0,0.586923,0.0,0.0,1112200.375,0.586923,4422.0,0.0,1485.39624,0.0,0.0,0.586923,0.586923,0.0,0.0,0.0,88.597649,0.0,HTTP
0.0,0.026943,1.0,66.0,0.199396,0.199396,-0.0,0.0,0.0,140.0,0.0,74.0,1.0,0.0,0.226339,64256.0,1721542400.0,64.0,0.0,0.0,0.0,0.0,0.0,62.0,0.0,0.0,1.0,1.0,1.0,0.0,5.015146,4077568.0,2.0,0.0,0.0,33.333333,0.0,0.199396,0.0,0.0,0.0,0.199396,66.0,0.0,74.0,0.0,0.0,0.199396,0.199396,1.0,0.0,0.0,0.0,0.0,HTTP
0.0,0.000496,0.0,121.0,0.571456,0.0,-0.0,18633.105469,244204.265625,20058.0,0.0,18606.0,16.0,0.0,0.000496,63488.0,1721542400.0,64.0,0.0,0.0,0.0,0.0,0.0,62.0,0.0,19.249075,0.0,12.0,0.0,0.0,47.24773,31872.0,28.0,0.0,0.0,0.0,0.0,0.571456,0.0,0.0,262837.375,0.571456,1452.0,0.0,1162.875,0.0,0.0,0.571456,0.571456,0.0,0.0,0.0,26.248739,0.0,HTTP
0.0,0.002892,0.0,66.0,0.014368,0.321694,-0.0,330734.96875,0.0,726.0,0.0,66.0,1.0,0.0,0.324586,91776.0,1721542400.0,64.0,0.0,0.0,0.0,0.0,0.0,62.0,0.0,626.391968,1.0,10.0,0.0,0.0,695.991089,31872.0,11.0,0.0,0.0,0.0,0.0,0.014368,0.0,0.0,330734.96875,0.014368,660.0,0.0,66.0,0.0,0.0,0.014368,0.014368,0.0,0.0,0.0,0.0,0.0,HTTP
0.0,0.000497,0.0,160.142853,0.382363,0.183962,-0.0,20106.548828,183072.109375,10746.0,0.0,9625.0,11.0,0.0,0.184459,57216.0,1721542400.0,64.0,0.0,0.0,0.0,0.0,0.0,62.0,0.0,15.691895,0.0,7.0,0.0,0.0,44.460369,31872.0,18.0,0.0,0.0,0.0,0.0,0.382363,0.0,0.0,203178.65625,0.382363,1121.0,0.0,875.0,0.0,0.0,0.382363,0.382363,0.0,0.0,0.0,26.153158,0.0,HTTP
0.0,0.000964,0.0,82.170731,0.835523,0.182443,-0.0,31472.501953,2149523.0,229352.0,0.0,225983.0,152.0,0.0,0.183407,169088.0,1721542400.0,64.0,0.0,0.0,0.0,0.0,0.0,62.0,0.0,47.874207,0.0,41.0,0.0,0.0,229.796188,31872.0,193.0,0.0,0.0,0.0,0.0,0.835523,0.0,0.0,2180995.5,0.835523,3369.0,0.0,1486.730225,0.0,0.0,0.835523,0.835523,0.0,0.0,1.0,180.725128,0.0,HTTP
0.0,0.004965,0.0,66.0,0.000994,0.288145,-0.0,0.0,0.0,132.0,0.0,66.0,1.0,0.0,0.29311,63488.0,1721542400.0,64.0,0.0,0.0,0.0,0.0,0.0,62.0,0.0,0.0,1.0,1.0,0.0,0.0,1006.036194,31872.0,2.0,0.0,0.0,0.0,0.0,0.000994,0.0,0.0,0.0,0.000994,66.0,0.0,66.0,0.0,0.0,0.000994,0.000994,0.0,0.0,0.0,0.0,0.0,HTTP
0.0,0.000976,0.0,80.434784,0.832127,0.182563,-0.0,34802.382812,1794456.875,191833.0,0.0,188133.0,127.0,0.0,0.183539,156800.0,1721542400.0,64.0,0.0,0.0,0.0,0.0,0.0,62.0,0.0,54.078285,0.0,46.0,0.0,0.0,206.699219,31872.0,173.0,0.0,0.0,0.0,0.0,0.832127,0.0,0.0,1829259.25,0.832127,3700.0,0.0,1481.362183,0.0,0.0,0.832127,0.832127,0.0,0.0,1.0,151.419205,0.0,HTTP
0.0,0.002898,1.0,78.0,0.0,0.32219,-0.0,0.0,0.0,474.0,1.0,396.0,1.0,0.0,0.325088,64128.0,1721542400.0,64.0,0.0,0.0,0.0,0.0,0.0,62.0,0.0,0.0,1.0,1.0,1.0,0.0,0.0,31872.0,2.0,0.0,0.0,33.333333,0.0,0.0,0.0,0.0,0.0,0.0,78.0,0.0,396.0,0.0,0.0,0.0,0.0,1.0,0.0,0.0,0.0,0.0,HTTP
0.0,0.000842,1.0,81.38636,0.929268,0.185325,-0.0,30131.242188,1346246.75,161434.0,1.0,157853.0,107.0,0.0,0.186167,156800.0,1721542400.0,64.0,0.0,0.0,0.0,0.0,0.0,62.0,0.0,46.27298,0.0,44.0,1.0,0.0,161.417374,31872.0,151.0,0.0,0.0,0.657895,0.0,0.929268,0.0,0.0,1376378.0,0.929268,3581.0,0.0,1475.261719,0.0,0.0,0.929268,0.929268,1.0,0.0,1.0,114.068275,0.0,HTTP
0.0,0.000964,0.0,66.0,0.989761,0.182443,-0.0,108292.8125,5611310.0,709208.0,0.0,695744.0,460.0,0.0,0.183407,1235968.0,1721542400.0,64.0,0.0,0.0,0.0,0.0,0.0,62.0,0.0,205.100021,1.0,204.0,0.0,0.0,669.858704,31872.0,664.0,0.0,0.0,0.0,0.0,0.989761,0.0,0.0,5719603.0,0.989761,13464.0,0.0,1512.486938,0.0,0.0,0.989761,0.989761,0.0,0.0,0.0,463.748322,0.0,HTTP
0.0,0.000976,0.0,66.0,0.987319,0.182563,-0.0,60965.097656,3079158.75,389118.0,0.0,381528.0,252.0,0.0,0.183539,451072.0,1721542400.0,64.0,0.0,0.0,0.0,0.0,0.0,62.0,0.0,115.464203,1.0,115.0,0.0,1.0,370.700867,31872.0,367.0,0.0,0.0,0.0,0.0,0.987319,0.0,0.0,3140124.0,0.987319,7590.0,0.0,1514.0,0.0,0.0,0.987319,0.987319,0.0,0.0,0.0,254.223816,0.0,HTTP
0.0,0.000842,6.0,80.303032,0.310099,0.185325,-0.0,66301.40625,1181145.375,49864.0,1.0,47214.0,33.0,0.0,0.186167,260608.0,1721542400.0,64.0,0.0,0.0,0.0,0.0,0.0,62.0,0.0,103.192848,1.0,33.0,6.0,0.0,209.610474,31872.0,66.0,0.0,0.0,8.333333,0.0,0.310099,0.0,0.0,1247446.75,0.310099,2650.0,0.0,1430.727295,0.0,0.0,0.310099,0.310099,1.0,0.0,0.0,103.192848,0.0,HTTP
0.0,0.001,0.0,97.571426,0.995247,0.260432,-0.0,15690.577148,1127125.25,143730.0,0.0,141681.0,97.0,0.0,0.261432,64128.0,1721542400.0,64.0,0.0,0.0,0.0,0.0,0.0,62.0,0.0,20.095514,0.0,21.0,0.0,0.0,117.558754,31872.0,118.0,0.0,0.0,0.0,0.0,0.995247,0.0,0.0,1142815.75,0.995247,2049.0,0.0,1460.628906,0.0,0.0,0.995247,0.995247,0.0,0.0,1.0,96.458466,0.0,HTTP
0.0,0.000964,0.0,66.0,0.216629,0.182443,-0.0,119429.992188,0.0,3366.0,0.0,66.0,1.0,0.0,0.183407,1314944.0,1721542400.0,64.0,0.0,0.0,0.0,0.0,0.0,62.0,0.0,226.193176,1.0,50.0,0.0,0.0,230.809357,31872.0,51.0,0.0,0.0,0.0,0.0,0.216629,0.0,0.0,119429.992188,0.216629,3300.0,0.0,66.0,0.0,0.0,0.216629,0.216629,0.0,0.0,0.0,0.0,0.0,HTTP
0.0,0.000976,0.0,66.0,0.957866,0.182563,-0.0,43546.800781,2897783.25,353742.0,0.0,348462.0,232.0,0.0,0.183539,451072.0,1721542400.0,64.0,0.0,0.0,0.0,0.0,0.0,62.0,0.0,82.474998,1.0,80.0,0.0,0.0,324.680054,31872.0,312.0,0.0,0.0,0.0,0.0,0.957866,0.0,0.0,2941330.0,0.957866,5280.0,0.0,1501.991333,0.0,0.0,0.957866,0.957866,0.0,0.0,0.0,241.161072,0.0,HTTP
0.0,0.000493,0.0,81.833336,0.978947,0.232248,-0.0,27425.386719,1834599.875,229420.0,0.0,225983.0,152.0,0.0,0.232741,194432.0,1721542400.0,64.0,0.0,0.0,0.0,0.0,0.0,62.0,0.0,41.881737,0.0,42.0,0.0,0.0,197.15062,31872.0,194.0,0.0,0.0,0.0,0.0,0.978947,0.0,0.0,1862025.25,0.978947,3437.0,0.0,1486.730225,0.0,0.0,0.978947,0.978947,0.0,0.0,1.0,154.247375,0.0,HTTP
0.0,0.001,0.0,66.0,0.264811,0.260432,-0.0,87730.492188,1224329.75,44944.0,0.0,41974.0,29.0,0.0,0.261432,263936.0,1721542400.0,64.0,0.0,0.0,0.0,0.0,0.0,62.0,0.0,166.156235,1.0,45.0,0.0,0.0,275.668304,31872.0,74.0,0.0,0.0,0.0,0.0,0.264811,0.0,0.0,1312060.25,0.264811,2970.0,0.0,1447.379272,0.0,0.0,0.264811,0.264811,0.0,0.0,0.0,105.735786,0.0,HTTP
0.0,0.000488,0.0,91.653847,0.927208,0.232191,-0.0,19775.498047,478002.78125,59135.0,0.0,56752.0,42.0,0.0,0.232679,64128.0,1721542400.0,64.0,0.0,0.0,0.0,0.0,0.0,62.0,0.0,26.962666,0.0,26.0,0.0,0.0,72.259949,31872.0,68.0,0.0,0.0,0.0,0.0,0.927208,0.0,0.0,497778.28125,0.927208,2383.0,0.0,1351.238037,0.0,0.0,0.927208,0.927208,0.0,0.0,0.0,44.218773,0.0,HTTP
0.0,0.002898,0.0,66.0,0.000495,0.32219,-0.0,0.0,0.0,132.0,1.0,66.0,1.0,0.0,0.325088,64128.0,1721542400.0,64.0,0.0,0.0,0.0,0.0,0.0,62.0,0.0,0.0,1.0,1.0,0.0,0.0,2020.202026,31872.0,2.0,0.0,0.0,0.0,0.0,0.000495,0.0,0.0,0.0,0.000495,66.0,0.0,66.0,0.0,0.0,0.000495,0.000495,0.0,0.0,0.0,0.0,0.0,HTTP
0.0,0.000493,0.0,66.0,0.233986,0.232248,-0.0,139905.796875,800423.9375,28946.0,0.0,24788.0,18.0,0.0,0.232741,472448.0,1721542400.0,64.0,0.0,0.0,0.0,0.0,0.0,62.0,0.0,264.973114,1.0,63.0,0.0,0.0,341.900787,31872.0,81.0,0.0,0.0,0.0,0.0,0.233986,0.0,0.0,940329.75,0.233986,4158.0,0.0,1377.111084,0.0,0.0,0.233986,0.233986,0.0,0.0,0.0,72.653915,0.0,HTTP
0.0,0.0,0.0,126.0,0.449649,0.218016,-0.0,22417.484375,226914.765625,15202.0,0.0,13816.0,13.0,0.0,0.218016,63488.0,1721542400.0,64.0,0.0,0.0,0.0,0.0,0.0,62.0,0.0,22.239569,0.0,11.0,0.0,0.0,51.151009,31872.0,24.0,0.0,0.0,0.0,0.0,0.449649,0.0,0.0,249332.25,0.449649,1386.0,0.0,1062.769287,0.0,0.0,0.449649,0.449649,0.0,0.0,0.0,26.687483,0.0,HTTP
0.0,0.000521,0.0,126.181816,0.447499,0.217487,-0.0,22560.943359,197220.546875,13422.0,0.0,12034.0,12.0,0.0,0.218008,63488.0,1721542400.0,64.0,0.0,0.0,0.0,0.0,0.0,62.0,0.0,22.346418,0.0,11.0,0.0,0.0,49.162121,31872.0,23.0,0.0,0.0,0.0,0.0,0.447499,0.0,0.0,219781.5,0.447499,1388.0,0.0,1002.833313,0.0,0.0,0.447499,0.447499,0.0,0.0,0.0,24.58106,0.0,HTTP
0.0,0.000508,0.0,113.0,0.648338,0.091399,-0.0,18126.347656,206682.3125,19448.0,0.0,17866.0,16.0,0.0,0.091907,63488.0,1721542400.0,64.0,0.0,0.0,0.0,0.0,0.0,62.0,0.0,20.05127,1.0,14.0,0.0,0.0,44.729755,31872.0,30.0,0.0,0.0,0.0,268882136.0,0.648338,271622535.0,0.0,224808.65625,0.648338,1582.0,0.0,1116.625,0.0,0.0,0.648338,0.648338,0.0,1.0,0.0,23.13608,0.0,HTTP
0.0,0.000665,0.0,81.785713,0.898802,0.216091,-0.0,29853.072266,1903867.625,218820.0,0.0,215385.0,145.0,0.0,0.216756,204288.0,1721542400.0,64.0,0.0,0.0,0.0,0.0,0.0,62.0,0.0,45.616276,0.0,42.0,0.0,0.0,206.942139,31872.0,187.0,0.0,0.0,0.0,0.0,0.898802,0.0,0.0,1933720.75,0.898802,3435.0,0.0,1485.413818,0.0,0.0,0.898802,0.898802,0.0,0.0,1.0,160.213272,0.0,HTTP
0.0,0.000497,0.0,139.111115,0.448123,0.0,-0.0,19869.544922,187484.234375,12708.0,0.0,11456.0,12.0,0.0,0.000497,64128.0,1721542400.0,64.0,0.0,0.0,0.0,0.0,0.0,62.0,0.0,17.852242,0.0,9.0,0.0,0.0,44.630604,31872.0,21.0,0.0,0.0,0.0,0.0,0.448123,0.0,0.0,207353.78125,0.448123,1252.0,0.0,954.666687,0.0,0.0,0.448123,0.448123,0.0,0.0,0.0,24.546831,0.0,HTTP
0.0,0.000614,9.0,139.222229,0.43195,0.248026,-0.0,20632.017578,162055.796875,10878.0,0.0,9625.0,11.0,0.0,0.24864,64128.0,1721542400.0,64.0,0.0,0.0,0.0,0.0,0.0,62.0,0.0,18.520662,1.0,9.0,9.0,0.0,43.986572,31872.0,20.0,0.0,0.0,31.034483,278540438.0,0.43195,0.0,0.0,182687.8125,0.43195,1253.0,0.0,875.0,0.0,0.0,0.43195,0.43195,1.0,0.0,0.0,23.150827,0.0,HTTP
0.0,0.000497,0.0,84.054054,0.984902,0.0,-0.0,24579.09375,622656.875,81160.0,0.0,78050.0,56.0,0.0,0.000497,124928.0,1721542400.0,64.0,0.0,0.0,0.0,0.0,0.0,62.0,0.0,36.551861,0.0,37.0,0.0,0.0,93.410309,31872.0,93.0,0.0,0.0,0.0,0.0,0.984902,0.0,0.0,647235.9375,0.984902,3110.0,0.0,1393.75,0.0,0.0,0.984902,0.984902,0.0,0.0,0.0,55.843117,0.0,HTTP
0.0,0.001068,0.0,113.5,0.744522,0.214547,-0.0,15859.84082,785996.9375,76172.0,0.0,74583.0,52.0,0.0,0.215615,63744.0,1721542400.0,64.0,0.0,0.0,0.0,0.0,0.0,62.0,0.0,17.460869,0.0,14.0,0.0,0.0,87.304344,31872.0,66.0,0.0,0.0,0.0,0.0,0.744522,0.0,0.0,801856.8125,0.744522,1589.0,0.0,1434.288452,0.0,0.0,0.744522,0.744522,0.0,0.0,1.0,68.500328,0.0,HTTP
0.0,0.000496,0.0,126.454544,0.802722,0.246064,-0.0,12607.104492,397647.03125,42666.0,0.0,41275.0,30.0,0.0,0.24656,64128.0,1721542400.0,64.0,0.0,0.0,0.0,0.0,0.0,62.0,0.0,12.457613,0.0,11.0,0.0,0.0,49.830452,31872.0,41.0,0.0,0.0,0.0,0.0,0.802722,0.0,0.0,410254.125,0.802722,1391.0,0.0,1375.833374,0.0,0.0,0.802722,0.802722,0.0,0.0,1.0,36.127079,0.0,HTTP
0.0,0.000496,0.0,70.0,0.24656,0.246064,-0.0,2271.252441,0.0,214.0,0.0,74.0,1.0,0.0,0.24656,64256.0,1721542400.0,64.0,0.0,0.0,0.0,0.0,0.0,62.0,0.0,4.055808,0.0,2.0,0.0,0.0,8.111615,4077568.0,3.0,0.0,0.0,0.0,0.0,0.24656,0.0,0.0,2271.252441,0.24656,140.0,0.0,74.0,0.0,0.0,0.24656,0.24656,0.0,0.0,0.0,0.0,0.0,HTTP
0.0,0.000496,0.0,70.0,0.24656,0.246064,-0.0,2271.252441,0.0,214.0,0.0,74.0,1.0,0.0,0.24656,64256.0,1721542400.0,64.0,0.0,0.0,0.0,0.0,0.0,62.0,0.0,4.055808,0.0,2.0,0.0,0.0,8.111615,4077568.0,3.0,0.0,0.0,0.0,0.0,0.24656,0.0,0.0,2271.252441,0.24656,140.0,0.0,74.0,0.0,0.0,0.24656,0.24656,0.0,0.0,0.0,0.0,0.0,HTTP
0.0,0.000982,0.0,70.0,0.260033,0.259051,-0.0,2153.572754,0.0,214.0,0.0,74.0,1.0,0.0,0.260033,64256.0,1721542400.0,64.0,0.0,0.0,0.0,0.0,0.0,62.0,0.0,3.845665,0.0,2.0,0.0,0.0,7.691331,4077568.0,3.0,0.0,0.0,0.0,0.0,0.260033,0.0,0.0,2153.572754,0.260033,140.0,0.0,74.0,0.0,0.0,0.260033,0.260033,0.0,0.0,0.0,0.0,0.0,HTTP
0.0,0.001489,0.0,70.0,0.247592,0.246103,-0.0,2261.7854,0.0,214.0,0.0,74.0,1.0,0.0,0.247592,64256.0,1721542400.0,64.0,0.0,0.0,0.0,0.0,0.0,62.0,0.0,4.038903,0.0,2.0,0.0,0.0,8.077806,4077568.0,3.0,0.0,0.0,0.0,0.0,0.247592,0.0,0.0,2261.7854,0.247592,140.0,0.0,74.0,0.0,0.0,0.247592,0.247592,0.0,0.0,0.0,0.0,0.0,HTTP
0.0,0.001489,0.0,70.0,0.247592,0.246103,-0.0,2261.7854,0.0,214.0,0.0,74.0,1.0,0.0,0.247592,64256.0,1721542400.0,64.0,0.0,0.0,0.0,0.0,0.0,62.0,0.0,4.038903,0.0,2.0,0.0,0.0,8.077806,4077568.0,3.0,0.0,0.0,0.0,0.0,0.247592,0.0,0.0,2261.7854,0.247592,140.0,0.0,74.0,0.0,0.0,0.247592,0.247592,0.0,0.0,0.0,0.0,0.0,HTTP
0.0,0.000665,1.0,66.571426,0.971689,0.216091,-0.0,91535.460938,3789327.75,472954.0,1.0,461770.0,305.0,0.0,0.216756,818048.0,1721542400.0,64.0,0.0,0.0,0.0,0.0,0.0,62.0,0.0,171.865692,1.0,168.0,1.0,1.0,485.752136,31872.0,473.0,0.0,0.0,0.21097,0.0,0.971689,0.0,0.0,3880863.25,0.971689,11184.0,0.0,1514.0,0.0,0.0,0.971689,0.971689,1.0,0.0,0.0,312.8573,0.0,HTTP
0.0,0.0,0.0,70.0,0.232461,0.232461,-0.0,2409.006104,0.0,214.0,0.0,74.0,1.0,0.0,0.232461,64256.0,1721542400.0,64.0,0.0,0.0,0.0,0.0,0.0,62.0,0.0,4.301797,0.0,2.0,0.0,0.0,8.603594,4077568.0,3.0,0.0,0.0,0.0,0.0,0.232461,0.0,0.0,2409.006104,0.232461,140.0,0.0,74.0,0.0,0.0,0.232461,0.232461,0.0,0.0,0.0,0.0,0.0,HTTP
0.0,0.001068,26.0,76.898552,0.958372,0.214547,-0.0,43657.367188,1241104.75,155472.0,1.0,150166.0,101.0,0.0,0.215615,322944.0,1721542400.0,64.0,0.0,0.0,0.0,0.0,0.0,62.0,0.0,70.953659,1.0,69.0,26.0,0.0,176.340714,31872.0,170.0,0.0,0.0,13.265306,0.0,0.958372,0.0,0.0,1284762.125,0.958372,5306.0,0.0,1486.792114,0.0,0.0,0.958372,0.958372,1.0,0.0,0.0,104.343613,0.0,HTTP
0.0,0.000665,7.0,78.905663,0.943013,0.216091,-0.0,34816.0625,2080717.875,250964.0,1.0,246782.0,163.0,0.0,0.216756,819200.0,1721542400.0,64.0,0.0,0.0,0.0,0.0,0.0,62.0,0.0,55.142399,1.0,53.0,7.0,1.0,227.992615,31872.0,216.0,0.0,0.0,3.139013,0.0,0.943013,0.0,0.0,2115534.0,0.943013,4182.0,0.0,1514.0,0.0,0.0,0.943013,0.943013,1.0,0.0,0.0,171.78978,0.0,HTTP
0.0,0.000496,14.0,75.173332,0.987382,0.246064,-0.0,45072.726562,1856375.75,236264.0,1.0,230626.0,153.0,0.0,0.24656,352384.0,1721542400.0,64.0,0.0,0.0,0.0,0.0,0.0,62.0,0.0,74.945663,1.0,75.0,14.0,0.0,229.900894,31872.0,228.0,0.0,0.0,5.785124,0.0,0.987382,0.0,0.0,1901448.5,0.987382,5638.0,0.0,1507.359497,0.0,0.0,0.987382,0.987382,1.0,0.0,0.0,153.942444,0.0,HTTP
0.0,0.001699,0.0,70.0,0.324117,0.322418,-0.0,1727.771118,0.0,214.0,0.0,74.0,1.0,0.0,0.324117,64256.0,1721542400.0,64.0,0.0,0.0,0.0,0.0,0.0,62.0,0.0,3.085305,0.0,2.0,0.0,0.0,6.170611,4077568.0,3.0,0.0,0.0,0.0,0.0,0.324117,0.0,0.0,1727.771118,0.324117,140.0,0.0,74.0,0.0,0.0,0.324117,0.324117,0.0,0.0,0.0,0.0,0.0,HTTP
0.0,0.000496,0.0,94.652176,0.99966,0.246064,-0.0,16669.667969,441726.1875,58789.0,0.0,56612.0,40.0,0.0,0.24656,79232.0,1721542400.0,64.0,0.0,0.0,0.0,0.0,0.0,62.0,0.0,22.007483,1.0,23.0,0.0,0.0,62.021088,31872.0,63.0,0.0,0.0,0.0,0.0,0.99966,0.0,0.0,458395.84375,0.99966,2177.0,0.0,1415.300049,0.0,0.0,0.99966,0.99966,0.0,0.0,0.0,39.013264,0.0,HTTP
0.0,0.000496,7.0,78.235291,0.588518,0.246064,-0.0,17019.019531,123483.046875,11928.0,1.0,10598.0,7.0,0.0,0.24656,416128.0,1721542400.0,64.0,0.0,0.0,0.0,0.0,0.0,62.0,0.0,27.186934,1.0,17.0,7.0,0.0,39.081215,31872.0,24.0,0.0,0.0,22.580645,0.0,0.588518,0.0,0.0,140502.0625,0.588518,1330.0,1.0,1514.0,0.0,0.0,0.588518,0.588518,1.0,0.0,0.0,10.1951,0.0,HTTP
0.0,0.000665,0.0,66.0,0.41882,0.216091,-0.0,17649.587891,166601.40625,10958.0,1.0,9968.0,8.0,0.0,0.216756,819200.0,1721542400.0,64.0,0.0,0.0,0.0,0.0,0.0,62.0,0.0,33.42725,1.0,15.0,0.0,0.0,52.528534,31872.0,23.0,0.0,0.0,0.0,0.0,0.41882,0.0,0.0,184251.0,0.41882,990.0,0.0,1246.0,0.0,0.0,0.41882,0.41882,0.0,0.0,0.0,16.713625,0.0,HTTP
0.0,0.000496,0.0,229.25,0.29299,0.246064,-0.0,18785.625,140919.484375,7110.0,0.0,6193.0,6.0,0.0,0.24656,61568.0,1721542400.0,64.0,0.0,0.0,0.0,0.0,0.0,62.0,0.0,10.239258,1.0,4.0,0.0,0.0,30.717772,31872.0,10.0,0.0,0.0,0.0,0.0,0.29299,0.0,0.0,159705.109375,0.29299,917.0,0.0,1032.166626,0.0,0.0,0.29299,0.29299,0.0,0.0,0.0,17.06543,0.0,HTTP
0.0,0.000982,0.0,196.600006,0.263406,0.259051,-0.0,23902.263672,162942.375,7242.0,0.0,6259.0,7.0,0.0,0.260033,62592.0,1721542400.0,64.0,0.0,0.0,0.0,1.0,0.0,62.0,0.0,15.185682,1.0,5.0,0.0,0.0,41.760628,31872.0,12.0,0.0,0.0,0.0,0.0,0.263406,0.0,0.0,186844.640625,0.263406,983.0,0.0,894.142883,0.0,0.0,0.263406,0.263406,0.0,0.0,0.0,22.778524,0.0,HTTP
0.0,0.000496,0.0,66.0,0.000501,0.246064,-0.0,0.0,0.0,132.0,0.0,66.0,1.0,0.0,0.24656,79232.0,1721542400.0,64.0,0.0,0.0,0.0,0.0,0.0,62.0,0.0,0.0,1.0,1.0,0.0,0.0,1996.008057,31872.0,2.0,0.0,0.0,0.0,0.0,0.000501,0.0,0.0,0.0,0.000501,66.0,0.0,66.0,0.0,0.0,0.000501,0.000501,0.0,0.0,0.0,0.0,0.0,HTTP
0.0,0.001489,0.0,90.259262,0.634422,0.246103,-0.0,29595.443359,798307.75,67151.0,0.0,64714.0,46.0,0.0,0.247592,74752.0,1721542400.0,64.0,0.0,0.0,0.0,1.0,0.0,62.0,0.0,40.982185,1.0,27.0,0.0,0.0,113.489128,31872.0,73.0,0.0,0.0,0.0,0.0,0.634422,0.0,0.0,827903.1875,0.634422,2437.0,0.0,1406.82605,0.0,0.0,0.634422,0.634422,0.0,0.0,0.0,70.930702,0.0,HTTP
0.0,0.001489,0.0,94.478264,0.598715,0.246103,-0.0,27779.494141,844635.5625,66821.0,0.0,64648.0,45.0,0.0,0.247592,76288.0,1721542400.0,64.0,0.0,0.0,0.0,0.0,0.0,62.0,0.0,36.745361,1.0,23.0,0.0,0.0,111.906334,31872.0,68.0,0.0,0.0,0.0,0.0,0.598715,0.0,0.0,872415.0625,0.598715,2173.0,0.0,1436.622192,0.0,0.0,0.598715,0.598715,0.0,0.0,0.0,73.490723,0.0,HTTP
0.0,0.000496,1.0,66.0,0.015459,0.246064,-0.0,34154.859375,408823.34375,1712.0,1.0,1580.0,2.0,0.0,0.24656,430592.0,1721542400.0,64.0,0.0,0.0,0.0,0.0,0.0,62.0,0.0,64.687233,1.0,2.0,1.0,0.0,194.061707,31872.0,4.0,0.0,0.0,20.0,0.0,0.015459,0.0,0.0,442978.1875,0.015459,132.0,0.0,790.0,0.0,0.0,0.015459,0.015459,1.0,0.0,0.0,64.687233,0.0,HTTP
0.0,0.0,0.0,721.0,0.473816,0.232461,-0.0,0.0,239333.40625,16184.0,0.0,15463.0,12.0,0.0,0.232461,64256.0,1721542400.0,64.0,0.0,0.0,0.0,0.0,0.0,62.0,0.0,0.0,1.0,1.0,0.0,0.0,25.326286,31872.0,13.0,1.0,0.0,0.0,0.0,0.473816,0.0,0.0,239333.40625,0.473816,721.0,0.0,1288.583374,0.0,0.0,0.473816,0.473816,0.0,0.0,0.0,23.215763,0.0,HTTP
0.0,0.001699,0.0,722.0,0.67808,0.322418,-0.0,0.0,167236.90625,16185.0,0.0,15463.0,12.0,0.0,0.324117,64256.0,1721542400.0,64.0,0.0,0.0,0.0,0.0,0.0,62.0,0.0,0.0,1.0,1.0,0.0,0.0,17.697027,31872.0,13.0,1.0,0.0,0.0,0.0,0.67808,0.0,0.0,167236.90625,0.67808,722.0,0.0,1288.583374,0.0,0.0,0.67808,0.67808,0.0,0.0,0.0,16.222275,0.0,HTTP
0.0,0.000496,0.0,0.0,0.767181,0.246064,-0.0,0.0,13868.957031,2660.0,0.0,2660.0,2.0,0.0,0.24656,507918.4607708,1721542400.0,64.0,0.0,0.0,0.0,0.0,0.0,62.0,0.0,0.0,1.0,0.0,3.0,0.0,1.303473,434180.50583333336,2.0,0.0,0.0,0.0,0.0,0.767181,0.0,0.0,13868.957031,0.767181,0.0,0.0,1330.0,0.0,0.0,0.767181,0.767181,1.0,0.0,0.0,1.303473,0.0,HTTP
0.0,0.001489,0.0,0.0,0.672697,0.246103,-0.0,0.0,13390.873047,2252.0,0.0,2252.0,2.0,0.0,0.247592,507918.4607708,1721542400.0,64.0,0.0,0.0,0.0,0.0,0.0,62.0,0.0,0.0,1.0,0.0,3.0,0.0,1.486553,434180.50583333336,2.0,0.0,0.0,0.0,0.0,0.672697,0.0,0.0,13390.873047,0.672697,0.0,0.0,1126.0,0.0,0.0,0.672697,0.672697,1.0,0.0,0.0,1.486553,0.0,HTTP
0.0,0.0,0.0,0.0,0.0,0.232461,-0.0,0.0,0.0,257.0,0.0,257.0,1.0,0.0,0.232461,507918.4607708,1721542400.0,64.0,0.0,0.0,0.0,0.0,0.0,62.0,0.0,0.0,1.0,0.0,1.0,0.0,0.0,434180.50583333336,1.0,0.0,0.0,0.0,0.0,0.0,0.0,1.0,0.0,0.0,0.0,0.0,257.0,0.0,0.0,0.0,0.0,1.0,0.0,0.0,0.0,0.0,HTTP
0.0,0.001699,0.0,0.0,0.0,0.322418,-0.0,0.0,0.0,257.0,0.0,257.0,1.0,0.0,0.324117,507918.4607708,1721542400.0,64.0,0.0,0.0,0.0,0.0,0.0,62.0,0.0,0.0,1.0,0.0,1.0,0.0,0.0,434180.50583333336,1.0,0.0,0.0,0.0,0.0,0.0,0.0,1.0,0.0,0.0,0.0,0.0,257.0,0.0,0.0,0.0,0.0,1.0,0.0,0.0,0.0,0.0,HTTP
0.0,0.000496,0.0,0.0,0.0,0.246064,-0.0,0.0,0.0,1330.0,0.0,1330.0,1.0,0.0,0.24656,507918.4607708,1721542400.0,64.0,0.0,0.0,0.0,0.0,0.0,62.0,0.0,0.0,1.0,0.0,1.0,0.0,0.0,434180.50583333336,1.0,0.0,0.0,0.0,0.0,0.0,0.0,0.0,0.0,0.0,0.0,0.0,1330.0,0.0,0.0,0.0,0.0,1.0,0.0,0.0,0.0,0.0,HTTP
0.0,0.001489,1.0,72.0,0.327035,0.246103,-0.0,1761.279297,19325.148438,1724.0,1.0,1580.0,2.0,0.0,0.247592,82048.0,1721542400.0,64.0,0.0,0.0,0.0,0.0,0.0,62.0,0.0,3.057777,1.0,2.0,1.0,0.0,9.173329,31872.0,4.0,0.0,0.0,20.0,0.0,0.327035,0.0,0.0,21086.427734,0.327035,144.0,0.0,790.0,0.0,0.0,0.327035,0.327035,1.0,0.0,0.0,3.057777,0.0,HTTP
0.0,0.0,1.0,66.239998,0.602181,0.232461,-0.0,43123.246094,1943203.125,151059.0,1.0,147747.0,100.0,0.0,0.232461,230272.0,1721542400.0,64.0,0.0,0.0,0.0,0.0,0.0,62.0,0.0,81.37088,1.0,50.0,1.0,0.0,247.433899,31872.0,150.0,0.0,0.0,0.662252,0.0,0.602181,0.0,0.0,1986326.375,0.602181,3312.0,0.0,1477.469971,0.0,0.0,0.602181,0.602181,1.0,0.0,0.0,164.40239,0.0,HTTP
0.0,0.001014,0.0,80.234039,0.985988,0.16783,-0.0,29947.625,1477040.25,187294.0,0.0,183523.0,124.0,0.0,0.168844,155904.0,1721542400.0,64.0,0.0,0.0,0.0,0.0,0.0,62.0,0.0,46.653709,0.0,47.0,0.0,0.0,172.415894,31872.0,171.0,0.0,0.0,0.0,0.0,0.985988,0.0,0.0,1506987.875,0.985988,3771.0,0.0,1480.02417,0.0,0.0,0.985988,0.985988,0.0,0.0,0.0,124.747963,0.0,HTTP
0.0,0.000497,0.0,89.678574,0.771001,0.167384,-0.0,25130.966797,537068.0625,55633.0,0.0,53122.0,39.0,0.0,0.167881,96640.0,1721542400.0,64.0,0.0,0.0,0.0,0.0,0.0,62.0,0.0,35.019409,0.0,28.0,0.0,0.0,85.603004,31872.0,67.0,0.0,0.0,0.0,0.0,0.771001,0.0,0.0,562199.0,0.771001,2511.0,0.0,1362.102539,0.0,0.0,0.771001,0.771001,0.0,0.0,0.0,49.286579,0.0,HTTP
0.0,0.001699,1.0,66.133331,0.742656,0.322418,-0.0,63404.859375,3166796.0,301439.0,1.0,295487.0,196.0,0.0,0.324117,383744.0,1721542400.0,64.0,0.0,0.0,0.0,0.0,0.0,62.0,0.0,119.840141,1.0,90.0,1.0,1.0,383.757751,31872.0,286.0,0.0,0.0,0.348432,0.0,0.742656,0.0,0.0,3230200.75,0.742656,5952.0,0.0,1507.586792,0.0,0.0,0.742656,0.742656,1.0,0.0,0.0,262.571106,0.0,HTTP
0.0,0.001014,0.0,66.0,0.631453,0.16783,-0.0,23412.669922,0.0,1980.0,0.0,66.0,1.0,0.0,0.168844,271744.0,1721542400.0,64.0,0.0,0.0,0.0,0.0,0.0,62.0,0.0,44.342178,1.0,29.0,0.0,0.0,45.925827,31872.0,30.0,0.0,0.0,0.0,0.0,0.631453,0.0,0.0,23412.669922,0.631453,1914.0,0.0,66.0,0.0,0.0,0.631453,0.631453,0.0,0.0,0.0,0.0,0.0,HTTP
0.0,0.001699,0.0,66.0,0.985975,0.322418,-0.0,61048.199219,3365894.5,423940.0,1.0,416350.0,275.0,0.0,0.324117,552448.0,1721542400.0,64.0,0.0,0.0,0.0,0.0,0.0,62.0,0.0,115.62159,1.0,115.0,0.0,1.0,394.533325,31872.0,390.0,0.0,0.0,0.0,0.0,0.985975,0.0,0.0,3426942.75,0.985975,7590.0,0.0,1514.0,0.0,0.0,0.985975,0.985975,0.0,0.0,0.0,277.897491,0.0,HTTP
0.0,0.000496,1.0,78.0,0.303501,0.246064,-0.0,0.0,0.0,1408.0,1.0,1330.0,1.0,0.0,0.24656,64128.0,1721542400.0,64.0,0.0,0.0,0.0,0.0,0.0,62.0,0.0,0.0,1.0,1.0,1.0,0.0,3.294882,31872.0,2.0,0.0,0.0,33.333333,0.0,0.303501,0.0,0.0,0.0,0.303501,78.0,0.0,1330.0,0.0,0.0,0.303501,0.303501,1.0,0.0,0.0,0.0,0.0,HTTP
0.0,0.000988,0.0,255.333328,0.384355,0.36916,-0.0,10636.0,25351.5625,2390.0,0.0,1624.0,4.0,0.0,0.370148,64256.0,1721542400.0,64.0,0.0,0.0,0.0,0.0,0.0,62.0,0.0,5.203523,0.0,3.0,0.0,0.0,15.610568,31872.0,7.0,0.0,0.0,0.0,0.0,0.384355,0.0,0.0,35987.5625,0.384355,766.0,0.0,406.0,0.0,0.0,0.384355,0.384355,0.0,0.0,0.0,7.805284,0.0,HTTP
0.0,0.001699,0.0,66.0,0.355142,0.322418,-0.0,49062.066406,2626059.5,120336.0,1.0,118092.0,78.0,0.0,0.324117,552448.0,1721542400.0,64.0,0.0,0.0,0.0,0.0,0.0,62.0,0.0,92.920578,1.0,34.0,0.0,1.0,312.551025,31872.0,112.0,0.0,0.0,0.0,0.0,0.355142,0.0,0.0,2675121.5,0.355142,2244.0,0.0,1514.0,0.0,0.0,0.355142,0.355142,0.0,0.0,0.0,216.814682,0.0,HTTP
0.0,0.000988,0.0,0.0,0.0,0.36916,-0.0,0.0,0.0,1216.0,0.0,1216.0,1.0,0.0,0.370148,507918.4607708,1721542400.0,64.0,0.0,0.0,0.0,0.0,0.0,62.0,0.0,0.0,1.0,0.0,1.0,0.0,0.0,434180.50583333336,1.0,0.0,0.0,0.0,0.0,0.0,0.0,0.0,0.0,0.0,0.0,0.0,1216.0,0.0,0.0,0.0,0.0,1.0,0.0,0.0,0.0,0.0,HTTP
0.0,0.001699,0.0,0.0,0.0,0.322418,-0.0,0.0,0.0,1514.0,1.0,1514.0,1.0,0.0,0.324117,507918.4607708,1721542400.0,64.0,0.0,0.0,0.0,0.0,0.0,62.0,0.0,0.0,1.0,0.0,0.0,0.0,0.0,434180.50583333336,1.0,0.0,0.0,0.0,0.0,0.0,0.0,0.0,0.0,0.0,0.0,0.0,1514.0,1.0,0.0,0.0,0.0,0.0,0.0,0.0,0.0,0.0,HTTP
0.0,0.001003,0.0,74.0,0.000498,0.090469,-0.0,0.0,0.0,148.0,0.0,74.0,1.0,0.0,0.091472,64128.0,1721542400.0,64.0,0.0,0.0,0.0,0.0,1.0,62.0,0.0,0.0,1.0,1.0,0.0,0.0,2008.032104,4077568.0,2.0,0.0,0.0,0.0,0.0,0.000498,0.0,0.0,0.0,0.000498,74.0,0.0,74.0,0.0,0.0,0.000498,0.000498,0.0,0.0,0.0,0.0,0.0,HTTP
0.0,0.000988,0.0,0.0,0.0,0.36916,-0.0,0.0,0.0,1418.0,0.0,1418.0,1.0,0.0,0.370148,507918.4607708,1721542400.0,64.0,0.0,0.0,0.0,0.0,0.0,62.0,0.0,0.0,1.0,0.0,1.0,0.0,0.0,434180.50583333336,1.0,0.0,0.0,0.0,0.0,0.0,0.0,0.0,0.0,0.0,0.0,0.0,1418.0,0.0,0.0,0.0,0.0,1.0,0.0,0.0,0.0,0.0,HTTP
0.0,0.001699,72.0,75.833336,0.543297,0.322418,-0.0,79293.648438,2634551.75,185868.0,1.0,180408.0,121.0,0.0,0.324117,553600.0,1721542400.0,64.0,0.0,0.0,0.0,0.0,0.0,62.0,0.0,130.683594,1.0,72.0,72.0,0.0,353.397858,31872.0,193.0,0.0,0.0,27.169811,0.0,0.543297,0.0,0.0,2713845.25,0.543297,5460.0,0.0,1490.97522,0.0,0.0,0.543297,0.543297,1.0,0.0,0.0,220.873672,0.0,HTTP
0.0,0.001003,0.0,83.368423,0.263633,0.090469,-0.0,93614.984375,2326173.0,81218.0,0.0,78050.0,56.0,0.0,0.091472,122112.0,1721542400.0,64.0,0.0,0.0,0.0,0.0,0.0,62.0,0.0,140.346619,1.0,38.0,0.0,0.0,352.763092,31872.0,94.0,0.0,0.0,0.0,407189706.0,0.263633,456561602.0,0.0,2419788.0,0.263633,3168.0,0.0,1393.75,0.0,0.0,0.263633,0.263633,0.0,1.0,0.0,208.623337,0.0,HTTP
0.0,0.001026,0.0,126.0,0.144936,0.060642,-0.0,69547.9375,693271.5625,14992.0,0.0,13606.0,13.0,0.0,0.061668,64128.0,1721542400.0,64.0,0.0,0.0,0.0,0.0,0.0,62.0,0.0,68.995972,0.0,11.0,0.0,0.0,158.690735,31872.0,24.0,0.0,0.0,0.0,0.0,0.144936,0.0,0.0,762819.5,0.144936,1386.0,0.0,1046.615356,0.0,0.0,0.144936,0.144936,0.0,0.0,0.0,82.795166,0.0,HTTP
0.0,0.000988,2.0,252.666672,0.818783,0.36916,-0.0,4943.922852,10180.963867,2320.0,1.0,1562.0,3.0,0.0,0.370148,64128.0,1721542400.0,64.0,0.0,0.0,0.0,1.0,0.0,62.0,0.0,2.44265,1.0,3.0,2.0,0.0,6.106624,31872.0,6.0,0.0,0.0,25.0,0.0,0.818783,0.0,0.0,15124.886719,0.818783,758.0,0.0,520.666687,0.0,0.0,0.818783,0.818783,1.0,0.0,0.0,2.44265,0.0,HTTP
0.0,0.000496,0.0,66.0,0.000671,0.246064,-0.0,0.0,0.0,132.0,1.0,66.0,1.0,0.0,0.24656,64128.0,1721542400.0,64.0,0.0,0.0,0.0,0.0,0.0,62.0,0.0,0.0,1.0,1.0,0.0,0.0,1490.312988,31872.0,2.0,0.0,0.0,0.0,0.0,0.000671,0.0,0.0,0.0,0.000671,66.0,0.0,66.0,0.0,0.0,0.000671,0.000671,0.0,0.0,0.0,0.0,0.0,HTTP
0.0,0.000496,0.0,131.111115,0.324408,0.152469,-0.0,25868.660156,288994.125,13875.0,0.0,12695.0,13.0,0.0,0.152965,56832.0,1721542400.0,64.0,0.0,0.0,0.0,0.0,0.0,62.0,0.0,24.660305,0.0,9.0,0.0,0.0,64.733299,31872.0,22.0,0.0,0.0,0.0,0.0,0.324408,0.0,0.0,314862.78125,0.324408,1180.0,0.0,976.538452,0.0,0.0,0.324408,0.324408,0.0,0.0,0.0,36.990456,0.0,HTTP
0.0,0.000496,0.0,184.0,0.325898,0.15484,-0.0,18067.003906,97846.570312,5570.0,0.0,4650.0,7.0,0.0,0.155336,62592.0,1721542400.0,64.0,0.0,0.0,0.0,0.0,0.0,62.0,0.0,12.273779,0.0,5.0,0.0,0.0,33.752892,31872.0,12.0,0.0,0.0,0.0,0.0,0.325898,0.0,0.0,115913.570312,0.325898,920.0,0.0,664.285706,0.0,0.0,0.325898,0.325898,0.0,0.0,0.0,18.410669,0.0,HTTP
0.0,0.000982,0.0,166.666672,0.339427,0.168979,-0.0,19656.65625,50720.773438,3582.0,0.0,2582.0,6.0,0.0,0.169961,63488.0,1721542400.0,64.0,0.0,0.0,0.0,0.0,0.0,62.0,0.0,14.730708,0.0,6.0,0.0,0.0,32.407558,31872.0,12.0,0.0,0.0,0.0,0.0,0.339427,0.0,0.0,70377.429688,0.339427,1000.0,0.0,430.333344,0.0,0.0,0.339427,0.339427,0.0,0.0,0.0,14.730708,0.0,HTTP
0.0,0.000497,0.0,75.76667,0.846344,0.182407,-0.0,42261.777344,997561.3125,111507.0,0.0,106961.0,75.0,0.0,0.182904,189184.0,1721542400.0,64.0,0.0,0.0,0.0,0.0,0.0,62.0,0.0,69.711609,0.0,60.0,0.0,0.0,158.328064,31872.0,135.0,0.0,0.0,0.0,0.0,0.846344,0.0,0.0,1039823.0625,0.846344,4546.0,0.0,1426.146606,0.0,0.0,0.846344,0.846344,0.0,0.0,0.0,87.434898,0.0,HTTP
0.0,0.000994,0.0,164.666672,0.32491,0.152794,-0.0,20288.695312,59979.683594,3911.0,0.0,2923.0,6.0,0.0,0.153788,63488.0,1721542400.0,64.0,0.0,0.0,0.0,0.0,0.0,62.0,0.0,15.388876,0.0,6.0,0.0,0.0,33.855526,31872.0,12.0,0.0,0.0,0.0,0.0,0.32491,0.0,0.0,80268.375,0.32491,988.0,0.0,487.166656,0.0,0.0,0.32491,0.32491,0.0,0.0,0.0,15.388876,0.0,HTTP
0.0,0.000993,0.0,164.833328,0.339228,0.169,-0.0,19455.941406,61787.351562,4133.0,0.0,3144.0,6.0,0.0,0.169993,64128.0,1721542400.0,64.0,0.0,0.0,0.0,0.0,0.0,62.0,0.0,14.739349,0.0,6.0,0.0,0.0,32.426567,31872.0,12.0,0.0,0.0,0.0,0.0,0.339228,0.0,0.0,81243.289062,0.339228,989.0,0.0,524.0,0.0,0.0,0.339228,0.339228,0.0,0.0,0.0,14.739349,0.0,HTTP
0.0,0.000994,0.0,164.666672,0.354603,0.168186,-0.0,18589.802734,47805.574219,3530.0,0.0,2542.0,6.0,0.0,0.16918,64128.0,1721542400.0,64.0,0.0,0.0,0.0,0.0,0.0,62.0,0.0,14.100276,0.0,6.0,0.0,0.0,31.020607,31872.0,12.0,0.0,0.0,0.0,0.0,0.354603,0.0,0.0,66395.375,0.354603,988.0,0.0,423.666656,0.0,0.0,0.354603,0.354603,0.0,0.0,0.0,14.100276,0.0,HTTP
0.0,0.001088,0.0,164.5,0.353976,0.167989,-0.0,18600.130859,48929.871094,3585.0,0.0,2598.0,6.0,0.0,0.169077,64128.0,1721542400.0,64.0,0.0,0.0,0.0,0.0,0.0,62.0,0.0,14.125251,0.0,6.0,0.0,0.0,31.075552,31872.0,12.0,0.0,0.0,0.0,0.0,0.353976,0.0,0.0,67530.0,0.353976,987.0,0.0,433.0,0.0,0.0,0.353976,0.353976,0.0,0.0,0.0,14.125251,0.0,HTTP
0.0,0.000993,0.0,164.333328,0.369694,0.18282,-0.0,17787.683594,53709.285156,3964.0,0.0,2978.0,6.0,0.0,0.183813,63488.0,1721542400.0,64.0,0.0,0.0,0.0,0.0,0.0,62.0,0.0,13.524699,0.0,6.0,0.0,0.0,29.754337,31872.0,12.0,0.0,0.0,0.0,0.0,0.369694,0.0,0.0,71496.96875,0.369694,986.0,0.0,496.333344,0.0,0.0,0.369694,0.369694,0.0,0.0,0.0,13.524699,0.0,HTTP
0.0,0.000496,0.0,164.5,0.368874,0.18224,-0.0,17848.912109,56019.125,4086.0,0.0,3099.0,6.0,0.0,0.182736,63488.0,1721542400.0,64.0,0.0,0.0,0.0,0.0,0.0,62.0,0.0,13.554764,0.0,6.0,0.0,0.0,29.82048,31872.0,12.0,0.0,0.0,0.0,0.0,0.368874,0.0,0.0,73868.039062,0.368874,987.0,0.0,516.5,0.0,0.0,0.368874,0.368874,0.0,0.0,0.0,13.554764,0.0,HTTP
0.0,0.001511,0.0,113.14286,0.539665,0.183206,-0.0,21806.121094,258590.0625,20190.0,0.0,18606.0,16.0,0.0,0.184717,63488.0,1721542400.0,64.0,0.0,0.0,0.0,0.0,0.0,62.0,0.0,24.08902,0.0,14.0,0.0,0.0,53.737041,31872.0,30.0,0.0,0.0,0.0,0.0,0.539665,0.0,0.0,280396.1875,0.539665,1584.0,0.0,1162.875,0.0,0.0,0.539665,0.539665,0.0,0.0,0.0,27.795021,0.0,HTTP
0.0,0.001004,0.0,119.454544,0.326434,0.09176,-0.0,29286.166016,234975.53125,11860.0,0.0,10546.0,11.0,0.0,0.092764,64128.0,1721542400.0,64.0,0.0,0.0,0.0,0.0,0.0,62.0,0.0,30.634066,1.0,11.0,0.0,0.0,64.331535,31872.0,22.0,0.0,0.0,0.0,344272419.0,0.326434,584737208.0,0.0,264261.6875,0.326434,1314.0,0.0,958.727295,0.0,0.0,0.326434,0.326434,0.0,1.0,0.0,30.634066,0.0,HTTP
0.0,0.0005,0.0,66.0,0.001005,0.092203,-0.0,0.0,0.0,132.0,1.0,66.0,1.0,0.0,0.092703,64128.0,1721542400.0,64.0,0.0,0.0,0.0,0.0,0.0,62.0,0.0,0.0,1.0,1.0,0.0,0.0,995.024902,31872.0,2.0,0.0,0.0,0.0,0.0,0.001005,0.0,0.0,0.0,0.001005,66.0,0.0,66.0,0.0,0.0,0.001005,0.001005,0.0,0.0,0.0,0.0,0.0,HTTP
0.0,0.00146,0.0,122.199997,0.18491,0.274532,-0.0,47590.71875,530074.0625,14587.0,0.0,13365.0,12.0,0.0,0.275992,64128.0,1721542400.0,64.0,0.0,0.0,0.0,1.0,0.0,62.0,0.0,48.672329,1.0,10.0,0.0,0.0,113.568764,31872.0,22.0,0.0,0.0,0.0,0.0,0.18491,0.0,0.0,577664.75,0.18491,1222.0,0.0,1113.75,0.0,0.0,0.18491,0.18491,0.0,0.0,0.0,59.4884,0.0,HTTP
0.0,0.0,0.0,113.916664,0.324211,0.153576,-0.0,30942.8125,306072.28125,14804.0,0.0,13437.0,13.0,0.0,0.153576,64128.0,1721542400.0,64.0,0.0,0.0,0.0,0.0,0.0,62.0,0.0,33.92852,0.0,12.0,0.0,0.0,74.025864,31872.0,25.0,0.0,0.0,0.0,0.0,0.324211,0.0,0.0,337015.09375,0.324211,1367.0,0.0,1033.615356,0.0,0.0,0.324211,0.324211,0.0,0.0,0.0,37.012932,0.0,HTTP
0.0,0.00149,0.0,129.333328,0.340606,0.167807,-0.0,24309.613281,291386.53125,14603.0,0.0,13439.0,13.0,0.0,0.169297,60672.0,1721542400.0,64.0,0.0,0.0,0.0,0.0,0.0,62.0,0.0,23.487549,0.0,9.0,0.0,0.0,61.654816,31872.0,22.0,0.0,0.0,0.0,0.0,0.340606,0.0,0.0,315696.125,0.340606,1164.0,0.0,1033.769287,0.0,0.0,0.340606,0.340606,0.0,0.0,0.0,35.231323,0.0,HTTP
0.0,0.00099,0.0,117.818184,0.371199,0.168952,-0.0,25409.550781,267371.40625,14735.0,0.0,13439.0,13.0,0.0,0.169942,64128.0,1721542400.0,64.0,0.0,0.0,0.0,0.0,0.0,62.0,0.0,26.939728,0.0,11.0,0.0,0.0,61.961372,31872.0,24.0,0.0,0.0,0.0,0.0,0.371199,0.0,0.0,292780.9375,0.371199,1296.0,0.0,1033.769287,0.0,0.0,0.371199,0.371199,0.0,0.0,0.0,32.327671,0.0,HTTP
0.0,0.001488,2.0,256.0,0.474931,0.152713,-0.0,8624.411133,221320.5625,15001.0,0.0,14233.0,13.0,0.0,0.154201,64256.0,1721542400.0,64.0,0.0,0.0,0.0,0.0,0.0,62.0,0.0,4.211138,0.0,3.0,2.0,0.0,31.583534,31872.0,16.0,0.0,0.0,11.111111,0.0,0.474931,0.0,0.0,229944.984375,0.474931,768.0,0.0,1094.846191,0.0,0.0,0.474931,0.474931,1.0,0.0,0.0,25.266829,0.0,HTTP
0.0,0.001488,0.0,0.0,0.0,0.152713,-0.0,0.0,0.0,261.0,0.0,261.0,1.0,0.0,0.154201,507918.4607708,1721542400.0,64.0,0.0,0.0,0.0,0.0,0.0,62.0,0.0,0.0,1.0,0.0,1.0,0.0,0.0,434180.50583333336,1.0,0.0,0.0,0.0,0.0,0.0,0.0,1.0,0.0,0.0,0.0,0.0,261.0,0.0,0.0,0.0,0.0,1.0,0.0,0.0,0.0,0.0,HTTP
0.0,0.001488,1.0,78.0,0.0,0.152713,-0.0,0.0,0.0,339.0,1.0,261.0,1.0,0.0,0.154201,64128.0,1721542400.0,64.0,0.0,0.0,0.0,0.0,0.0,62.0,0.0,0.0,1.0,1.0,1.0,1.0,0.0,31872.0,2.0,0.0,0.0,33.333333,0.0,0.0,0.0,0.0,0.0,0.0,78.0,0.0,261.0,0.0,0.0,0.0,0.0,1.0,0.0,0.0,0.0,0.0,HTTP
0.0,0.001517,0.0,117.818184,0.339606,0.167658,-0.0,27773.361328,292244.5625,14735.0,0.0,13439.0,13.0,0.0,0.169175,58752.0,1721542400.0,64.0,0.0,0.0,0.0,0.0,0.0,62.0,0.0,29.445889,0.0,11.0,0.0,0.0,67.72554,31872.0,24.0,0.0,0.0,0.0,0.0,0.339606,0.0,0.0,320017.90625,0.339606,1296.0,0.0,1033.769287,0.0,0.0,0.339606,0.339606,0.0,0.0,0.0,35.335068,0.0,HTTP
0.0,0.000517,0.0,122.800003,0.339108,0.167257,-0.0,26091.982422,292650.125,14666.0,0.0,13438.0,13.0,0.0,0.167774,61568.0,1721542400.0,64.0,0.0,0.0,0.0,0.0,0.0,62.0,0.0,26.540218,0.0,10.0,0.0,0.0,64.876091,31872.0,23.0,0.0,0.0,0.0,0.0,0.339108,0.0,0.0,318742.09375,0.339108,1228.0,0.0,1033.692261,0.0,0.0,0.339108,0.339108,0.0,0.0,0.0,35.386959,0.0,HTTP
0.0,0.000989,0.0,122.800003,0.399401,0.182882,-0.0,22153.173828,248472.078125,14666.0,0.0,13438.0,13.0,0.0,0.183871,61568.0,1721542400.0,64.0,0.0,0.0,0.0,0.0,0.0,62.0,0.0,22.533743,0.0,10.0,0.0,0.0,55.082485,31872.0,23.0,0.0,0.0,0.0,0.0,0.399401,0.0,0.0,270625.25,0.399401,1228.0,0.0,1033.692261,0.0,0.0,0.399401,0.399401,0.0,0.0,0.0,30.044992,0.0,HTTP
0.0,0.00148,0.0,113.333336,0.384977,0.197626,-0.0,25913.236328,257781.625,14798.0,0.0,13438.0,13.0,0.0,0.199106,64128.0,1721542400.0,64.0,0.0,0.0,0.0,0.0,0.0,62.0,0.0,28.573135,0.0,12.0,0.0,0.0,62.341385,31872.0,25.0,0.0,0.0,0.0,0.0,0.384977,0.0,0.0,283694.875,0.384977,1360.0,0.0,1033.692261,0.0,0.0,0.384977,0.384977,0.0,0.0,0.0,31.170692,0.0,HTTP
0.0,0.000987,0.0,109.692307,0.340748,0.153131,-0.0,30920.208984,291241.625,14864.0,0.0,13438.0,13.0,0.0,0.154118,60672.0,1721542400.0,64.0,0.0,0.0,0.0,0.0,0.0,62.0,0.0,35.21664,0.0,13.0,0.0,0.0,73.367996,31872.0,26.0,0.0,0.0,0.0,0.0,0.340748,0.0,0.0,322161.84375,0.340748,1426.0,0.0,1033.692261,0.0,0.0,0.340748,0.340748,0.0,0.0,0.0,35.21664,0.0,HTTP
0.0,0.001488,0.0,66.0,0.000635,0.152713,-0.0,0.0,0.0,132.0,1.0,66.0,1.0,0.0,0.154201,64128.0,1721542400.0,64.0,0.0,0.0,0.0,0.0,0.0,62.0,0.0,0.0,1.0,1.0,0.0,0.0,1574.803101,31872.0,2.0,0.0,0.0,0.0,0.0,0.000635,0.0,0.0,0.0,0.000635,66.0,0.0,66.0,0.0,0.0,0.000635,0.000635,0.0,0.0,0.0,0.0,0.0,HTTP
0.0,0.001004,0.0,164.0,0.357341,0.167988,-0.0,18357.816406,48827.3125,3601.0,0.0,2617.0,6.0,0.0,0.168992,64128.0,1721542400.0,64.0,0.0,0.0,0.0,0.0,0.0,62.0,0.0,13.992237,0.0,6.0,0.0,0.0,30.782923,31872.0,12.0,0.0,0.0,0.0,0.0,0.357341,0.0,0.0,67185.125,0.357341,984.0,0.0,436.166656,0.0,0.0,0.357341,0.357341,0.0,0.0,0.0,13.992237,0.0,HTTP
0.0,0.000486,0.0,97.611115,0.525509,0.168168,-0.0,25270.738281,394025.59375,28872.0,0.0,27115.0,22.0,0.0,0.168654,75776.0,1721542400.0,64.0,0.0,0.0,0.0,0.0,0.0,62.0,0.0,32.34959,0.0,18.0,0.0,0.0,74.21376,31872.0,40.0,0.0,0.0,0.0,0.0,0.525509,0.0,0.0,419296.34375,0.525509,1757.0,0.0,1232.5,0.0,0.0,0.525509,0.525509,0.0,0.0,0.0,39.961258,0.0,HTTP
0.0,0.0005,0.0,89.708336,0.726468,0.184449,-0.0,22729.148438,446599.15625,44016.0,0.0,41863.0,32.0,0.0,0.184949,67584.0,1721542400.0,64.0,0.0,0.0,0.0,0.0,0.0,62.0,0.0,31.66003,0.0,24.0,0.0,0.0,75.708771,31872.0,56.0,0.0,0.0,0.0,0.0,0.726468,0.0,0.0,469328.28125,0.726468,2153.0,0.0,1308.21875,0.0,0.0,0.726468,0.726468,0.0,0.0,0.0,42.672215,0.0,HTTP
0.0,0.001495,0.0,110.46154,0.94491,0.168663,-0.0,11226.46582,104983.546875,14869.0,0.0,13433.0,13.0,0.0,0.170158,62592.0,1721542400.0,64.0,0.0,0.0,0.0,0.0,0.0,62.0,0.0,12.699622,0.0,13.0,0.0,0.0,26.457546,31872.0,26.0,0.0,0.0,0.0,0.0,0.94491,0.0,0.0,116210.007812,0.94491,1436.0,0.0,1033.307739,0.0,0.0,0.94491,0.94491,0.0,0.0,0.0,12.699622,0.0,HTTP
0.0,0.000497,0.0,106.785713,0.491915,0.0,-0.0,22589.269531,283788.875,20108.0,0.0,18613.0,16.0,0.0,0.000497,63488.0,1721542400.0,64.0,0.0,0.0,0.0,0.0,0.0,62.0,0.0,26.42733,0.0,14.0,0.0,0.0,58.953278,31872.0,30.0,0.0,0.0,0.0,0.0,0.491915,0.0,0.0,306378.15625,0.491915,1495.0,0.0,1163.3125,0.0,0.0,0.491915,0.491915,0.0,0.0,0.0,30.493074,0.0,HTTP
0.0,0.000993,0.0,113.75,0.402966,0.169493,-0.0,24855.695312,246234.171875,14801.0,0.0,13436.0,13.0,0.0,0.170486,62592.0,1721542400.0,64.0,0.0,0.0,0.0,0.0,0.0,62.0,0.0,27.297588,0.0,12.0,0.0,0.0,59.558376,31872.0,25.0,0.0,0.0,0.0,0.0,0.402966,0.0,0.0,271089.875,0.402966,1365.0,0.0,1033.538452,0.0,0.0,0.402966,0.402966,0.0,0.0,0.0,29.779188,0.0,HTTP
0.0,0.000993,0.0,113.75,0.342163,0.155079,-0.0,29272.597656,289990.4375,14801.0,0.0,13436.0,13.0,0.0,0.156072,64128.0,1721542400.0,64.0,0.0,0.0,0.0,0.0,0.0,62.0,0.0,32.148422,0.0,12.0,0.0,0.0,70.142006,31872.0,25.0,0.0,0.0,0.0,0.0,0.342163,0.0,0.0,319263.03125,0.342163,1365.0,0.0,1033.538452,0.0,0.0,0.342163,0.342163,0.0,0.0,0.0,35.071003,0.0,HTTP
0.0,0.000496,0.0,123.300003,0.109878,0.0458,-0.0,80816.90625,1047780.25,16730.0,0.0,15497.0,14.0,0.0,0.046296,64128.0,1721542400.0,64.0,0.0,0.0,0.0,0.0,0.0,62.0,0.0,81.909027,0.0,10.0,0.0,0.0,209.323059,31872.0,24.0,0.0,0.0,0.0,0.0,0.109878,0.0,0.0,1128597.125,0.109878,1233.0,0.0,1106.928589,0.0,0.0,0.109878,0.109878,0.0,0.0,0.0,118.313034,0.0,HTTP
0.0,0.000991,0.0,110.53846,0.126558,0.061194,-0.0,83882.484375,796472.75,15087.0,0.0,13650.0,13.0,0.0,0.062185,60672.0,1721542400.0,64.0,0.0,0.0,0.0,0.0,0.0,62.0,0.0,94.818184,0.0,13.0,0.0,0.0,197.537872,31872.0,26.0,0.0,0.0,0.0,0.0,0.126558,0.0,0.0,880355.1875,0.126558,1437.0,0.0,1050.0,0.0,0.0,0.126558,0.126558,0.0,0.0,0.0,94.818184,0.0,HTTP
0.0,0.001521,0.0,114.75,0.124409,0.059131,-0.0,81215.992188,869390.5,15936.0,0.0,14559.0,14.0,0.0,0.060652,62592.0,1721542400.0,64.0,0.0,0.0,0.0,0.0,0.0,62.0,0.0,88.418045,0.0,12.0,0.0,0.0,200.950089,31872.0,26.0,0.0,0.0,0.0,0.0,0.124409,0.0,0.0,950606.5,0.124409,1377.0,0.0,1039.928589,0.0,0.0,0.124409,0.124409,0.0,0.0,0.0,104.494049,0.0,HTTP
0.0,0.000501,0.0,114.083336,0.124001,0.059784,-0.0,80967.09375,822767.5625,15184.0,0.0,13815.0,13.0,0.0,0.060285,64128.0,1721542400.0,64.0,0.0,0.0,0.0,0.0,0.0,62.0,0.0,88.708961,0.0,12.0,0.0,0.0,193.546829,31872.0,25.0,0.0,0.0,0.0,0.0,0.124001,0.0,0.0,903734.6875,0.124001,1369.0,0.0,1062.692261,0.0,0.0,0.124001,0.124001,0.0,0.0,0.0,96.773415,0.0,HTTP
0.0,0.000497,0.0,110.692307,0.123888,0.059818,-0.0,85819.453125,879633.1875,16108.0,0.0,14669.0,14.0,0.0,0.060315,64128.0,1721542400.0,64.0,0.0,0.0,0.0,0.0,0.0,62.0,0.0,96.861679,0.0,13.0,0.0,0.0,209.866974,31872.0,27.0,0.0,0.0,0.0,0.0,0.123888,0.0,0.0,965452.6875,0.123888,1439.0,0.0,1047.785767,0.0,0.0,0.123888,0.123888,0.0,0.0,0.0,104.933487,0.0,HTTP
0.0,0.026943,0.0,97.238098,0.202225,0.199396,-0.0,76944.0,1240677.5,34710.0,0.0,32668.0,25.0,0.0,0.226339,83968.0,1721542400.0,64.0,0.0,0.0,0.0,1.0,0.0,62.0,0.0,98.899742,1.0,21.0,0.0,0.0,222.524414,31872.0,46.0,0.0,0.0,0.0,0.0,0.202225,0.0,0.0,1317621.5,0.202225,2042.0,0.0,1306.719971,0.0,0.0,0.202225,0.202225,0.0,0.0,0.0,118.679688,0.0,HTTP
0.0,0.000497,0.0,165.833328,0.293448,0.137692,-0.0,22627.517578,57522.96875,3526.0,0.0,2531.0,6.0,0.0,0.138189,64128.0,1721542400.0,64.0,0.0,0.0,0.0,0.0,0.0,62.0,0.0,17.038794,0.0,6.0,0.0,0.0,37.485348,31872.0,12.0,0.0,0.0,0.0,0.0,0.293448,0.0,0.0,80150.484375,0.293448,995.0,0.0,421.833344,0.0,0.0,0.293448,0.293448,0.0,0.0,0.0,17.038794,0.0,HTTP
0.0,0.001013,0.0,180.199997,0.309101,0.152477,-0.0,18660.568359,13976.014648,1576.0,0.0,675.0,5.0,0.0,0.15349,64128.0,1721542400.0,64.0,0.0,0.0,0.0,0.0,0.0,62.0,0.0,12.940755,0.0,5.0,0.0,0.0,29.116697,31872.0,10.0,0.0,0.0,0.0,0.0,0.309101,0.0,0.0,32636.583984,0.309101,901.0,0.0,135.0,0.0,0.0,0.309101,0.309101,0.0,0.0,0.0,12.940755,0.0,HTTP
0.0,0.000512,0.0,145.714279,0.324541,0.152973,-0.0,21568.923828,134146.375,7239.0,0.0,6219.0,8.0,0.0,0.153485,62592.0,1721542400.0,64.0,0.0,0.0,0.0,0.0,0.0,62.0,0.0,18.487648,0.0,7.0,0.0,0.0,43.137848,31872.0,15.0,0.0,0.0,0.0,0.0,0.324541,0.0,0.0,155715.296875,0.324541,1020.0,0.0,777.375,0.0,0.0,0.324541,0.324541,0.0,0.0,0.0,21.568924,0.0,HTTP
0.0,0.000958,0.0,149.571426,0.341565,0.153536,-0.0,21032.599609,72817.765625,4674.0,0.0,3627.0,7.0,0.0,0.154494,64128.0,1721542400.0,64.0,0.0,0.0,0.0,0.0,0.0,62.0,0.0,17.566202,0.0,7.0,0.0,0.0,38.060104,31872.0,14.0,0.0,0.0,0.0,0.0,0.341565,0.0,0.0,93850.367188,0.341565,1047.0,0.0,518.142883,0.0,0.0,0.341565,0.341565,0.0,0.0,0.0,17.566202,0.0,HTTP
0.0,0.001004,0.0,156.5,0.354786,0.167024,-0.0,17655.712891,23766.439453,2256.0,0.0,1317.0,5.0,0.0,0.168028,64128.0,1721542400.0,64.0,0.0,0.0,0.0,0.0,0.0,62.0,0.0,14.093002,0.0,6.0,0.0,0.0,28.186005,31872.0,11.0,0.0,0.0,0.0,0.0,0.354786,0.0,0.0,41422.152344,0.354786,939.0,0.0,263.399994,0.0,0.0,0.354786,0.354786,0.0,0.0,0.0,11.274402,0.0,HTTP
0.0,0.001004,0.0,143.714279,0.370221,0.167519,-0.0,18648.322266,79995.460938,5324.0,0.0,4318.0,7.0,0.0,0.168523,62592.0,1721542400.0,64.0,0.0,0.0,0.0,0.0,0.0,62.0,0.0,16.206537,0.0,7.0,0.0,0.0,35.114162,31872.0,14.0,0.0,0.0,0.0,0.0,0.370221,0.0,0.0,98643.789062,0.370221,1006.0,0.0,616.857117,0.0,0.0,0.370221,0.370221,0.0,0.0,0.0,16.206537,0.0,HTTP
0.0,0.000495,0.0,156.666672,0.354277,0.167519,-0.0,17703.660156,59117.582031,4081.0,0.0,3141.0,6.0,0.0,0.168014,63488.0,1721542400.0,64.0,0.0,0.0,0.0,0.0,0.0,62.0,0.0,14.11325,0.0,6.0,0.0,0.0,31.04915,31872.0,12.0,0.0,0.0,0.0,0.0,0.354277,0.0,0.0,76821.242188,0.354277,940.0,0.0,523.5,0.0,0.0,0.354277,0.354277,0.0,0.0,0.0,14.11325,0.0,HTTP
0.0,0.000982,0.0,175.800003,0.369712,0.167032,-0.0,15233.479492,10775.955078,1501.0,0.0,622.0,5.0,0.0,0.168014,64128.0,1721542400.0,64.0,0.0,0.0,0.0,0.0,0.0,62.0,0.0,10.819232,0.0,5.0,0.0,0.0,24.343273,31872.0,10.0,0.0,0.0,0.0,0.0,0.369712,0.0,0.0,26009.435547,0.369712,879.0,0.0,124.400002,0.0,0.0,0.369712,0.369712,0.0,0.0,0.0,10.819232,0.0,HTTP
0.0,0.000982,0.0,157.0,0.384643,0.167528,-0.0,16326.828125,25457.373047,2471.0,0.0,1529.0,5.0,0.0,0.16851,64128.0,1721542400.0,64.0,0.0,0.0,0.0,0.0,0.0,62.0,0.0,12.999067,0.0,6.0,0.0,0.0,25.998135,31872.0,11.0,0.0,0.0,0.0,0.0,0.384643,0.0,0.0,41784.199219,0.384643,942.0,0.0,305.799988,0.0,0.0,0.384643,0.384643,0.0,0.0,0.0,10.399254,0.0,HTTP
0.0,0.000994,0.0,156.5,0.140402,0.076479,-0.0,44614.746094,139998.0,3887.0,0.0,2948.0,6.0,0.0,0.077473,63488.0,1721542400.0,64.0,0.0,0.0,0.0,0.0,0.0,62.0,0.0,35.612026,0.0,6.0,0.0,0.0,78.346458,31872.0,12.0,0.0,0.0,0.0,0.0,0.140402,0.0,0.0,184612.75,0.140402,939.0,0.0,491.333344,0.0,0.0,0.140402,0.140402,0.0,0.0,0.0,35.612026,0.0,HTTP
0.0,0.000488,0.0,173.600006,0.123388,0.059831,-0.0,45061.109375,43310.53125,1702.0,0.0,834.0,5.0,0.0,0.060319,64128.0,1721542400.0,64.0,0.0,0.0,0.0,0.0,0.0,62.0,0.0,32.418064,0.0,5.0,0.0,0.0,72.940643,31872.0,10.0,0.0,0.0,0.0,0.0,0.123388,0.0,0.0,88371.640625,0.123388,868.0,0.0,166.800003,0.0,0.0,0.123388,0.123388,0.0,0.0,0.0,32.418064,0.0,HTTP
0.0,0.000488,0.0,143.142853,0.123388,0.060247,-0.0,55694.234375,276785.4375,5982.0,0.0,4980.0,7.0,0.0,0.060735,64128.0,1721542400.0,64.0,0.0,0.0,0.0,0.0,0.0,62.0,0.0,48.627094,0.0,7.0,0.0,0.0,105.358704,31872.0,14.0,0.0,0.0,0.0,0.0,0.123388,0.0,0.0,332479.65625,0.123388,1002.0,0.0,711.428589,0.0,0.0,0.123388,0.123388,0.0,0.0,0.0,48.627094,0.0,HTTP
0.0,0.0,0.0,157.666672,0.123171,0.061022,-0.0,51245.828125,71964.992188,2331.0,0.0,1385.0,5.0,0.0,0.061022,64128.0,1721542400.0,64.0,0.0,0.0,0.0,0.0,0.0,62.0,0.0,40.593971,0.0,6.0,0.0,0.0,81.187943,31872.0,11.0,0.0,0.0,0.0,0.0,0.123171,0.0,0.0,123210.820312,0.123171,946.0,0.0,277.0,0.0,0.0,0.123171,0.123171,0.0,0.0,0.0,32.475178,0.0,HTTP
0.0,0.0,0.0,144.428574,0.123171,0.061022,-0.0,56311.957031,250188.765625,5505.0,0.0,4494.0,7.0,0.0,0.061022,62592.0,1721542400.0,64.0,0.0,0.0,0.0,0.0,0.0,62.0,0.0,48.712765,0.0,7.0,0.0,0.0,105.544327,31872.0,14.0,0.0,0.0,0.0,0.0,0.123171,0.0,0.0,306500.71875,0.123171,1011.0,0.0,642.0,0.0,0.0,0.123171,0.123171,0.0,0.0,0.0,48.712765,0.0,HTTP
0.0,0.000497,0.0,157.666672,0.123737,0.060943,-0.0,51011.417969,161762.453125,3948.0,0.0,3002.0,6.0,0.0,0.06144,64128.0,1721542400.0,64.0,0.0,0.0,0.0,0.0,0.0,62.0,0.0,40.408287,0.0,6.0,0.0,0.0,88.898232,31872.0,12.0,0.0,0.0,0.0,0.0,0.123737,0.0,0.0,212773.875,0.123737,946.0,0.0,500.333344,0.0,0.0,0.123737,0.123737,0.0,0.0,0.0,40.408287,0.0,HTTP
0.0,0.000993,0.0,156.333328,0.123928,0.059327,-0.0,50480.921875,69201.46875,2277.0,0.0,1339.0,5.0,0.0,0.06032,64128.0,1721542400.0,64.0,0.0,0.0,0.0,0.0,0.0,62.0,0.0,40.346004,0.0,6.0,0.0,0.0,80.692009,31872.0,11.0,0.0,0.0,0.0,0.0,0.123928,0.0,0.0,119682.390625,0.123928,938.0,0.0,267.799988,0.0,0.0,0.123928,0.123928,0.0,0.0,0.0,32.276806,0.0,HTTP
0.0,0.000494,0.0,156.5,0.12355,0.060156,-0.0,50700.121094,78478.351562,2454.0,0.0,1515.0,5.0,0.0,0.06065,64128.0,1721542400.0,64.0,0.0,0.0,0.0,0.0,0.0,62.0,0.0,40.469448,0.0,6.0,0.0,0.0,80.938896,31872.0,11.0,0.0,0.0,0.0,0.0,0.12355,0.0,0.0,129178.46875,0.12355,939.0,0.0,303.0,0.0,0.0,0.12355,0.12355,0.0,0.0,0.0,32.375557,0.0,HTTP
0.0,0.0,0.0,156.166672,0.12354,0.060659,-0.0,50574.714844,94026.226562,2752.0,0.0,1815.0,5.0,0.0,0.060659,64128.0,1721542400.0,64.0,0.0,0.0,0.0,0.0,0.0,62.0,0.0,40.472721,0.0,6.0,0.0,0.0,80.945442,31872.0,11.0,0.0,0.0,0.0,0.0,0.12354,0.0,0.0,144600.9375,0.12354,937.0,0.0,363.0,0.0,0.0,0.12354,0.12354,0.0,0.0,0.0,32.378178,0.0,HTTP
0.0,0.001012,0.0,134.125,0.124287,0.060722,-0.0,60440.753906,399140.6875,8049.0,0.0,6976.0,9.0,0.0,0.061734,60672.0,1721542400.0,64.0,0.0,0.0,0.0,0.0,0.0,62.0,0.0,56.321255,0.0,8.0,0.0,0.0,128.734299,31872.0,17.0,0.0,0.0,0.0,0.0,0.124287,0.0,0.0,459581.4375,0.124287,1073.0,0.0,775.111084,0.0,0.0,0.124287,0.124287,0.0,0.0,0.0,64.367149,0.0,HTTP
0.0,0.000505,0.0,174.600006,0.123283,0.060722,-0.0,45359.050781,36598.71875,1578.0,0.0,705.0,5.0,0.0,0.061227,64128.0,1721542400.0,64.0,0.0,0.0,0.0,0.0,0.0,62.0,0.0,32.445675,0.0,5.0,0.0,0.0,73.002769,31872.0,10.0,0.0,0.0,0.0,0.0,0.123283,0.0,0.0,81957.773438,0.123283,873.0,0.0,141.0,0.0,0.0,0.123283,0.123283,0.0,0.0,0.0,32.445675,0.0,HTTP
0.0,0.0,0.0,156.5,0.124051,0.061143,-0.0,50495.363281,82611.1875,2540.0,0.0,1601.0,5.0,0.0,0.061143,64128.0,1721542400.0,64.0,0.0,0.0,0.0,0.0,0.0,62.0,0.0,40.306004,0.0,6.0,0.0,0.0,80.612007,31872.0,11.0,0.0,0.0,0.0,0.0,0.124051,0.0,0.0,133106.546875,0.124051,939.0,0.0,320.200012,0.0,0.0,0.124051,0.124051,0.0,0.0,0.0,32.244804,0.0,HTTP
0.0,0.000496,0.0,143.714279,0.123427,0.060229,-0.0,55935.894531,309883.5625,6470.0,0.0,5464.0,8.0,0.0,0.060725,61568.0,1721542400.0,64.0,0.0,0.0,0.0,0.0,0.0,62.0,0.0,48.611729,0.0,7.0,0.0,0.0,113.427368,31872.0,15.0,0.0,0.0,0.0,0.0,0.123427,0.0,0.0,365819.46875,0.123427,1006.0,0.0,683.0,0.0,0.0,0.123427,0.123427,0.0,0.0,0.0,56.713684,0.0,HTTP
0.0,0.000484,0.0,176.199997,0.124011,0.060197,-0.0,45479.835938,34577.578125,1550.0,0.0,669.0,5.0,0.0,0.060681,64128.0,1721542400.0,64.0,0.0,0.0,0.0,0.0,0.0,62.0,0.0,32.255203,0.0,5.0,0.0,0.0,72.574203,31872.0,10.0,0.0,0.0,0.0,0.0,0.124011,0.0,0.0,80057.414062,0.124011,881.0,0.0,133.800003,0.0,0.0,0.124011,0.124011,0.0,0.0,0.0,32.255203,0.0,HTTP
0.0,0.000484,0.0,133.75,0.124011,0.060685,-0.0,60446.25,550789.8125,10556.0,0.0,9486.0,10.0,0.0,0.061169,59648.0,1721542400.0,64.0,0.0,0.0,0.0,0.0,0.0,62.0,0.0,56.446606,0.0,8.0,0.0,0.0,137.08461,31872.0,18.0,0.0,0.0,0.0,0.0,0.124011,0.0,0.0,611236.0625,0.124011,1070.0,0.0,948.599976,0.0,0.0,0.124011,0.124011,0.0,0.0,0.0,72.574203,0.0,HTTP
0.0,0.000993,0.0,143.285721,0.123899,0.060124,-0.0,55529.101562,408009.75,8111.0,0.0,7108.0,9.0,0.0,0.061117,63488.0,1721542400.0,64.0,0.0,0.0,0.0,0.0,0.0,62.0,0.0,48.42654,0.0,7.0,0.0,0.0,121.066353,31872.0,16.0,0.0,0.0,0.0,0.0,0.123899,0.0,0.0,463538.84375,0.123899,1003.0,0.0,789.777771,0.0,0.0,0.123899,0.123899,0.0,0.0,0.0,64.568726,0.0,HTTP
0.0,0.000496,0.0,142.571426,0.123402,0.060124,-0.0,55493.429688,212638.375,4824.0,0.0,3826.0,7.0,0.0,0.06062,64128.0,1721542400.0,64.0,0.0,0.0,0.0,0.0,0.0,62.0,0.0,48.621578,0.0,7.0,0.0,0.0,105.346756,31872.0,14.0,0.0,0.0,0.0,0.0,0.123402,0.0,0.0,268131.8125,0.123402,998.0,0.0,546.571411,0.0,0.0,0.123402,0.123402,0.0,0.0,0.0,48.621578,0.0,HTTP
0.0,0.001199,0.0,142.857147,0.123744,0.059773,-0.0,55469.355469,203516.9375,4672.0,0.0,3672.0,7.0,0.0,0.060972,64128.0,1721542400.0,64.0,0.0,0.0,0.0,0.0,0.0,62.0,0.0,48.487198,0.0,7.0,0.0,0.0,105.055595,31872.0,14.0,0.0,0.0,0.0,0.0,0.123744,0.0,0.0,258986.28125,0.123744,1000.0,0.0,524.571411,0.0,0.0,0.123744,0.123744,0.0,0.0,0.0,48.487198,0.0,HTTP
0.0,0.0,0.0,72.164948,0.946159,0.061259,-0.0,58577.890625,2218155.75,270831.0,0.0,263831.0,177.0,0.0,0.061259,370432.0,1721542400.0,64.0,0.0,0.0,0.0,0.0,0.0,62.0,0.0,101.46286,0.0,97.0,0.0,0.0,288.535004,31872.0,274.0,0.0,0.0,0.0,0.0,0.946159,0.0,0.0,2276733.5,0.946159,7000.0,0.0,1490.570679,0.0,0.0,0.946159,0.946159,0.0,0.0,1.0,186.015244,0.0,HTTP
0.0,0.000495,0.0,69.572289,0.989677,0.060764,-0.0,92797.953125,3466771.5,441921.0,0.0,430372.0,287.0,0.0,0.061259,649344.0,1721542400.0,64.0,0.0,0.0,0.0,0.0,0.0,62.0,0.0,166.721054,0.0,166.0,0.0,0.0,456.714661,31872.0,453.0,0.0,0.0,0.0,0.0,0.989677,0.0,0.0,3559569.5,0.989677,11549.0,0.0,1499.553955,0.0,0.0,0.989677,0.989677,0.0,0.0,1.0,288.983185,0.0,HTTP
0.0,0.000501,0.0,163.833328,0.141174,0.061162,-0.0,46467.480469,151302.640625,4186.0,0.0,3203.0,6.0,0.0,0.061663,64128.0,1721542400.0,64.0,0.0,0.0,0.0,0.0,0.0,62.0,0.0,35.417286,0.0,6.0,0.0,0.0,77.91803,31872.0,12.0,0.0,0.0,0.0,0.0,0.141174,0.0,0.0,197770.125,0.141174,983.0,0.0,533.833313,0.0,0.0,0.141174,0.141174,0.0,0.0,0.0,35.417286,0.0,HTTP
0.0,0.000492,0.0,150.285721,0.140168,0.061167,-0.0,51481.082031,177444.21875,4679.0,0.0,3627.0,7.0,0.0,0.061659,62592.0,1721542400.0,64.0,0.0,0.0,0.0,0.0,0.0,62.0,0.0,42.805779,0.0,7.0,0.0,0.0,92.74585,31872.0,14.0,0.0,0.0,0.0,0.0,0.140168,0.0,0.0,228925.296875,0.140168,1052.0,0.0,518.142883,0.0,0.0,0.140168,0.140168,0.0,0.0,0.0,42.805779,0.0,HTTP
0.0,0.000492,0.0,150.714279,0.139653,0.061167,-0.0,51842.78125,175234.328125,4623.0,0.0,3568.0,7.0,0.0,0.061659,64128.0,1721542400.0,64.0,0.0,0.0,0.0,0.0,0.0,62.0,0.0,42.963631,0.0,7.0,0.0,0.0,93.087868,31872.0,14.0,0.0,0.0,0.0,0.0,0.139653,0.0,0.0,227077.109375,0.139653,1055.0,0.0,509.714294,0.0,0.0,0.139653,0.139653,0.0,0.0,0.0,42.963631,0.0,HTTP
0.0,0.000492,0.0,164.666672,0.140168,0.061665,-0.0,47029.28125,134238.921875,3810.0,0.0,2822.0,6.0,0.0,0.062157,64128.0,1721542400.0,64.0,0.0,0.0,0.0,0.0,0.0,62.0,0.0,35.671482,0.0,6.0,0.0,0.0,78.477257,31872.0,12.0,0.0,0.0,0.0,0.0,0.140168,0.0,0.0,181268.203125,0.140168,988.0,0.0,470.333344,0.0,0.0,0.140168,0.140168,0.0,0.0,0.0,35.671482,0.0,HTTP
0.0,0.00102,0.0,131.800003,0.200961,0.090943,-0.0,47252.949219,299520.8125,9677.0,0.0,8359.0,10.0,0.0,0.091963,64128.0,1721542400.0,64.0,0.0,0.0,0.0,0.0,0.0,62.0,0.0,44.784809,0.0,10.0,0.0,0.0,94.545708,31872.0,20.0,0.0,0.0,0.0,0.0,0.200961,0.0,0.0,346773.75,0.200961,1318.0,0.0,835.900024,0.0,0.0,0.200961,0.200961,0.0,0.0,0.0,44.784809,0.0,HTTP
0.0,0.001976,0.0,76.40625,0.987439,0.13628,-0.0,39001.902344,1352371.125,173277.0,0.0,168387.0,115.0,0.0,0.138256,229760.0,1721542400.0,64.0,0.0,0.0,0.0,0.0,0.0,62.0,0.0,63.801411,0.0,64.0,0.0,0.0,180.264297,31872.0,179.0,0.0,0.0,0.0,0.0,0.987439,0.0,0.0,1391373.125,0.987439,4890.0,0.0,1464.234741,0.0,0.0,0.987439,0.987439,0.0,0.0,0.0,115.450172,0.0,HTTP
0.0,0.00149,0.0,76.0,0.972626,0.138216,-0.0,40632.269531,1147072.0,145927.0,0.0,140911.0,97.0,0.0,0.139706,242176.0,1721542400.0,64.0,0.0,0.0,0.0,0.0,0.0,62.0,0.0,66.829391,0.0,66.0,0.0,0.0,166.559402,31872.0,163.0,0.0,0.0,0.0,0.0,0.972626,0.0,0.0,1187704.25,0.972626,5016.0,0.0,1452.690674,0.0,0.0,0.972626,0.972626,0.0,0.0,0.0,98.701866,0.0,HTTP
0.0,0.00149,0.0,75.676468,0.992405,0.138216,-0.0,40878.472656,1748705.375,223559.0,0.0,218413.0,147.0,0.0,0.139706,249472.0,1721542400.0,64.0,0.0,0.0,0.0,0.0,0.0,62.0,0.0,67.512756,0.0,68.0,0.0,0.0,215.637772,31872.0,215.0,0.0,0.0,0.0,0.0,0.992405,0.0,0.0,1789583.875,0.992405,5146.0,0.0,1485.802734,0.0,0.0,0.992405,0.992405,0.0,0.0,1.0,147.117355,0.0,HTTP
0.0,0.001484,0.0,82.31707,0.931502,0.18576,-0.0,28281.207031,1928043.125,229358.0,0.0,225983.0,152.0,0.0,0.187244,146816.0,1721542400.0,64.0,0.0,0.0,0.0,0.0,0.0,62.0,0.0,42.941402,0.0,41.0,0.0,0.0,206.118729,31872.0,193.0,0.0,0.0,0.0,0.0,0.931502,0.0,0.0,1956324.375,0.931502,3375.0,0.0,1486.730225,0.0,0.0,0.931502,0.931502,0.0,0.0,1.0,162.10379,0.0,HTTP
0.0,0.000495,0.0,66.0,0.941317,0.060764,-0.0,34215.890625,2573415.75,308406.0,0.0,304314.0,201.0,0.0,0.061259,677888.0,1721542400.0,64.0,0.0,0.0,0.0,0.0,0.0,62.0,0.0,64.802826,1.0,62.0,0.0,1.0,278.333435,31872.0,263.0,0.0,0.0,0.0,0.0,0.941317,0.0,0.0,2607631.5,0.941317,4092.0,0.0,1514.0,0.0,0.0,0.941317,0.941317,0.0,0.0,0.0,212.468277,0.0,HTTP
0.0,0.0,0.0,66.0,0.998912,0.061259,-0.0,20614.429688,1721777.375,219142.0,0.0,216502.0,143.0,0.0,0.061259,370432.0,1721542400.0,64.0,0.0,0.0,0.0,0.0,0.0,62.0,0.0,39.04248,1.0,40.0,0.0,1.0,182.198242,31872.0,183.0,0.0,0.0,0.0,0.0,0.998912,0.0,0.0,1742391.75,0.998912,2640.0,0.0,1514.0,0.0,0.0,0.998912,0.998912,0.0,0.0,0.0,142.154663,0.0,HTTP
0.0,0.002484,0.0,81.074074,0.787778,0.19704,-0.0,21407.044922,434183.21875,46323.0,0.0,44134.0,32.0,0.0,0.199524,63488.0,1721542400.0,64.0,0.0,0.0,0.0,0.0,0.0,62.0,0.0,33.004223,0.0,27.0,0.0,0.0,73.624802,31872.0,59.0,0.0,0.0,0.0,0.0,0.787778,0.0,0.0,455590.28125,0.787778,2189.0,0.0,1379.1875,0.0,0.0,0.787778,0.787778,0.0,0.0,0.0,39.351189,0.0,HTTP
0.0,0.001489,0.0,132.0,0.45334,0.185317,-0.0,18635.019531,139056.78125,9943.0,0.0,8755.0,10.0,0.0,0.186806,64128.0,1721542400.0,64.0,0.0,0.0,0.0,0.0,0.0,62.0,0.0,17.646799,0.0,9.0,0.0,0.0,39.705299,31872.0,19.0,0.0,0.0,0.0,0.0,0.45334,0.0,0.0,157691.796875,0.45334,1188.0,0.0,875.5,0.0,0.0,0.45334,0.45334,0.0,0.0,0.0,19.85265,0.0,HTTP
0.0,0.00149,0.0,64.025314,0.741538,0.138216,-0.0,53877.210938,1539330.5,149228.0,0.0,144170.0,97.0,0.0,0.139706,446592.0,1721542400.0,64.0,0.0,0.0,0.0,0.0,0.0,62.0,0.0,105.18679,1.0,79.0,0.0,0.0,235.996002,31872.0,176.0,0.0,0.0,0.0,0.0,0.741538,0.0,0.0,1593207.625,0.741538,5058.0,0.0,1486.288696,0.0,0.0,0.741538,0.741538,0.0,0.0,0.0,129.460663,0.0,HTTP
0.0,0.001484,0.0,59.77914,0.816584,0.18576,-0.0,190344.171875,5696374.0,602444.0,0.0,582956.0,386.0,0.0,0.187244,841856.0,1721542400.0,64.0,0.0,0.0,0.0,0.0,0.0,62.0,0.0,397.999481,1.0,326.0,0.0,0.0,870.700378,31872.0,712.0,0.0,0.0,0.0,0.0,0.816584,0.0,0.0,5886718.5,0.816584,19488.0,0.0,1510.248657,0.0,0.0,0.816584,0.816584,0.0,0.0,0.0,471.476288,0.0,HTTP
0.0,0.004066,0.0,64.0,0.322966,0.0,-0.0,1585.306152,0.0,202.0,0.0,74.0,1.0,0.0,0.004066,8222720.0,1721542400.0,64.0,0.0,0.0,0.0,0.0,0.0,62.0,0.0,3.096301,0.0,2.0,0.0,0.0,6.192602,4077568.0,3.0,0.0,0.0,0.0,0.0,0.322966,0.0,0.0,1585.306152,0.322966,128.0,0.0,74.0,0.0,0.0,0.322966,0.322966,0.0,0.0,0.0,0.0,0.0,HTTP
0.0,0.000495,5.0,57.0,0.385142,0.060764,-0.0,31967.429688,440273.96875,24306.0,1.0,22710.0,15.0,0.0,0.061259,674816.0,1721542400.0,64.0,0.0,0.0,0.0,0.0,0.0,62.0,0.0,70.104012,1.0,28.0,5.0,0.0,109.05069,31872.0,43.0,0.0,0.0,10.416667,0.0,0.385142,0.0,0.0,472241.40625,0.385142,1596.0,0.0,1514.0,0.0,0.0,0.385142,0.385142,1.0,0.0,0.0,36.350231,0.0,HTTP
0.0,0.001495,0.0,74.0,0.001495,0.0,-0.0,0.0,0.0,148.0,0.0,74.0,1.0,0.0,0.001495,8222720.0,1721542400.0,64.0,0.0,0.0,0.0,0.0,1.0,62.0,0.0,0.0,0.0,1.0,0.0,0.0,668.896362,4077568.0,2.0,0.0,0.0,0.0,0.0,0.001495,0.0,0.0,0.0,0.001495,74.0,0.0,74.0,0.0,0.0,0.001495,0.001495,0.0,0.0,0.0,0.0,0.0,HTTP
0.0,0.001492,0.0,74.0,0.001492,0.0,-0.0,0.0,0.0,148.0,0.0,74.0,1.0,0.0,0.001492,8222720.0,1721542400.0,64.0,0.0,0.0,0.0,0.0,1.0,62.0,0.0,0.0,0.0,1.0,0.0,0.0,670.241333,4077568.0,2.0,0.0,0.0,0.0,0.0,0.001492,0.0,0.0,0.0,0.001492,74.0,0.0,74.0,0.0,0.0,0.001492,0.001492,0.0,0.0,0.0,0.0,0.0,HTTP
0.0,0.0,0.0,54.0,0.354311,0.061259,-0.0,21946.822266,0.0,1026.0,0.0,0.0,0.0,0.0,0.061259,370432.0,1721542400.0,64.0,0.0,0.0,0.0,0.0,0.0,62.0,0.0,50.802826,1.0,19.0,0.0,0.0,50.802826,434180.50583333336,19.0,0.0,0.0,0.0,0.0,0.354311,0.0,0.0,21946.822266,0.354311,1026.0,0.0,0.0,0.0,0.0,0.354311,0.354311,0.0,0.0,0.0,0.0,0.0,HTTP
0.0,0.00149,0.0,54.0,0.0,0.138216,-0.0,0.0,0.0,54.0,0.0,0.0,0.0,0.0,0.139706,446592.0,1721542400.0,64.0,0.0,0.0,0.0,0.0,0.0,62.0,0.0,0.0,1.0,1.0,0.0,0.0,0.0,434180.50583333336,1.0,0.0,0.0,0.0,0.0,0.0,0.0,0.0,0.0,0.0,54.0,0.0,0.0,0.0,0.0,0.0,0.0,0.0,0.0,0.0,0.0,0.0,HTTP
0.0,0.001492,1.0,54.0,0.0,0.0,-0.0,0.0,0.0,128.0,0.0,74.0,1.0,0.0,0.001492,8222720.0,1721542400.0,64.0,0.0,0.0,0.0,0.0,0.0,62.0,0.0,0.0,1.0,1.0,1.0,0.0,0.0,4077568.0,2.0,0.0,0.0,33.333333,0.0,0.0,0.0,0.0,0.0,0.0,54.0,0.0,74.0,0.0,0.0,0.0,0.0,1.0,0.0,0.0,0.0,0.0,HTTP
0.0,0.001495,1.0,120.090912,0.123968,0.0,-0.0,77503.875,975283.9375,17513.0,0.0,16192.0,15.0,0.0,0.001495,64128.0,1721542400.0,64.0,0.0,0.0,0.0,0.0,0.0,62.0,0.0,80.665977,1.0,11.0,1.0,0.0,201.664948,31872.0,26.0,0.0,0.0,3.703704,0.0,0.123968,0.0,0.0,1052787.875,0.123968,1321.0,0.0,1079.466675,0.0,0.0,0.123968,0.123968,1.0,0.0,0.0,112.932373,0.0,HTTP
0.0,0.001094,0.0,174.399994,0.123998,0.060256,-0.0,45032.984375,54129.90625,1920.0,0.0,1048.0,5.0,0.0,0.06135,64128.0,1721542400.0,64.0,0.0,0.0,0.0,0.0,0.0,62.0,0.0,32.258583,0.0,5.0,0.0,0.0,72.581818,31872.0,10.0,0.0,0.0,0.0,0.0,0.123998,0.0,0.0,99162.890625,0.123998,872.0,0.0,209.600006,0.0,0.0,0.123998,0.123998,0.0,0.0,0.0,32.258583,0.0,HTTP
0.0,0.015071,0.0,157.833328,0.126808,0.047826,-0.0,49839.125,87754.710938,2685.0,0.0,1738.0,5.0,0.0,0.062897,64128.0,1721542400.0,64.0,0.0,0.0,0.0,0.0,0.0,62.0,0.0,39.429688,0.0,6.0,0.0,0.0,78.859375,31872.0,11.0,0.0,0.0,0.0,0.0,0.126808,0.0,0.0,137593.84375,0.126808,947.0,0.0,347.600006,0.0,0.0,0.126808,0.126808,0.0,0.0,0.0,31.543751,0.0,HTTP
0.0,0.013616,0.0,158.5,0.124765,0.048322,-0.0,50847.59375,82010.179688,2549.0,0.0,1598.0,5.0,0.0,0.061938,64128.0,1721542400.0,64.0,0.0,0.0,0.0,0.0,0.0,62.0,0.0,40.07534,0.0,6.0,0.0,0.0,80.150681,31872.0,11.0,0.0,0.0,0.0,0.0,0.124765,0.0,0.0,132857.765625,0.124765,951.0,0.0,319.600006,0.0,0.0,0.124765,0.124765,0.0,0.0,0.0,32.060272,0.0,HTTP
0.0,0.002505,0.0,157.666672,0.156022,0.060477,-0.0,40455.832031,91012.804688,3075.0,0.0,2129.0,6.0,0.0,0.062982,64128.0,1721542400.0,64.0,0.0,0.0,0.0,0.0,0.0,62.0,0.0,32.046764,0.0,6.0,0.0,0.0,70.502876,31872.0,12.0,0.0,0.0,0.0,0.0,0.156022,0.0,0.0,131468.640625,0.156022,946.0,0.0,354.833344,0.0,0.0,0.156022,0.156022,0.0,0.0,0.0,32.046764,0.0,HTTP
0.0,0.000497,0.0,158.0,0.138328,0.060477,-0.0,45688.507812,200855.9375,4999.0,0.0,4051.0,7.0,0.0,0.060974,62592.0,1721542400.0,64.0,0.0,0.0,0.0,0.0,0.0,62.0,0.0,36.145973,0.0,6.0,0.0,0.0,86.750336,31872.0,13.0,0.0,0.0,0.0,0.0,0.138328,0.0,0.0,246544.4375,0.138328,948.0,0.0,578.714294,0.0,0.0,0.138328,0.138328,0.0,0.0,0.0,43.375168,0.0,HTTP
0.0,0.0,0.0,157.5,0.137831,0.060477,-0.0,45737.171875,56533.0,2162.0,0.0,1217.0,5.0,0.0,0.060477,64128.0,1721542400.0,64.0,0.0,0.0,0.0,0.0,0.0,62.0,0.0,36.27631,0.0,6.0,0.0,0.0,72.55262,31872.0,11.0,0.0,0.0,0.0,0.0,0.137831,0.0,0.0,102270.171875,0.137831,945.0,0.0,243.399994,0.0,0.0,0.137831,0.137831,0.0,0.0,0.0,29.021048,0.0,HTTP
0.0,0.000487,0.0,157.666672,0.139977,0.060343,-0.0,45093.125,107731.992188,3208.0,0.0,2262.0,6.0,0.0,0.06083,64128.0,1721542400.0,64.0,0.0,0.0,0.0,0.0,0.0,62.0,0.0,35.720158,0.0,6.0,0.0,0.0,78.584343,31872.0,12.0,0.0,0.0,0.0,0.0,0.139977,0.0,0.0,152825.109375,0.139977,946.0,0.0,377.0,0.0,0.0,0.139977,0.139977,0.0,0.0,0.0,35.720158,0.0,HTTP
0.0,0.001092,0.0,127.222221,0.17096,0.06059,-0.0,47636.875,435891.4375,11391.0,0.0,10246.0,11.0,0.0,0.061682,63488.0,1721542400.0,64.0,0.0,0.0,0.0,0.0,0.0,62.0,0.0,46.794575,0.0,9.0,0.0,0.0,111.137115,31872.0,20.0,0.0,0.0,0.0,0.0,0.17096,0.0,0.0,483528.3125,0.17096,1145.0,0.0,931.454529,0.0,0.0,0.17096,0.17096,0.0,0.0,0.0,58.493217,0.0,HTTP
0.0,0.001092,0.0,127.888885,0.184503,0.06059,-0.0,44400.359375,259074.375,7872.0,0.0,6721.0,9.0,0.0,0.061682,63488.0,1721542400.0,64.0,0.0,0.0,0.0,0.0,0.0,62.0,0.0,43.359726,0.0,9.0,0.0,0.0,92.13942,31872.0,18.0,0.0,0.0,0.0,0.0,0.184503,0.0,0.0,303474.71875,0.184503,1151.0,0.0,746.777771,0.0,0.0,0.184503,0.184503,0.0,0.0,0.0,43.359726,0.0,HTTP
0.0,0.000998,0.0,128.666672,0.217149,0.075341,-0.0,37946.292969,270045.0,9302.0,0.0,8144.0,10.0,0.0,0.076339,63488.0,1721542400.0,64.0,0.0,0.0,0.0,0.0,0.0,62.0,0.0,36.841061,0.0,9.0,0.0,0.0,82.892387,31872.0,19.0,0.0,0.0,0.0,0.0,0.217149,0.0,0.0,307991.28125,0.217149,1158.0,0.0,814.400024,0.0,0.0,0.217149,0.217149,0.0,0.0,0.0,41.446194,0.0,HTTP
0.0,0.000998,0.0,112.916664,0.201593,0.075341,-0.0,49327.109375,451245.84375,13759.0,0.0,12404.0,12.0,0.0,0.076339,61568.0,1721542400.0,64.0,0.0,0.0,0.0,0.0,0.0,62.0,0.0,54.565388,0.0,12.0,0.0,0.0,114.091263,31872.0,24.0,0.0,0.0,0.0,0.0,0.201593,0.0,0.0,500572.9375,0.201593,1355.0,0.0,1033.666626,0.0,0.0,0.201593,0.201593,0.0,0.0,0.0,54.565388,0.0,HTTP
0.0,0.001001,0.0,122.5,0.21639,0.075996,-0.0,40778.226562,382272.75,12505.0,0.0,11280.0,12.0,0.0,0.076997,63488.0,1721542400.0,64.0,0.0,0.0,0.0,0.0,0.0,62.0,0.0,41.591572,0.0,10.0,0.0,0.0,97.046997,31872.0,22.0,0.0,0.0,0.0,0.0,0.21639,0.0,0.0,423050.96875,0.21639,1225.0,0.0,940.0,0.0,0.0,0.21639,0.21639,0.0,0.0,0.0,50.834141,0.0,HTTP
0.0,0.001984,0.0,128.666672,0.216607,0.060727,-0.0,38041.246094,292622.125,9961.0,0.0,8803.0,10.0,0.0,0.062711,63488.0,1721542400.0,64.0,0.0,0.0,0.0,0.0,0.0,62.0,0.0,36.933247,0.0,9.0,0.0,0.0,83.099808,31872.0,19.0,0.0,0.0,0.0,0.0,0.216607,0.0,0.0,330663.375,0.216607,1158.0,0.0,880.299988,0.0,0.0,0.216607,0.216607,0.0,0.0,0.0,41.549904,0.0,HTTP
0.0,0.001351,0.0,126.333336,0.214607,0.104849,-0.0,37687.492188,244912.796875,8528.0,0.0,7391.0,9.0,0.0,0.1062,63488.0,1721542400.0,64.0,0.0,0.0,0.0,0.0,0.0,62.0,0.0,37.277443,0.0,9.0,0.0,0.0,79.214561,31872.0,18.0,0.0,0.0,0.0,0.0,0.214607,0.0,0.0,282600.28125,0.214607,1137.0,0.0,821.222229,0.0,0.0,0.214607,0.214607,0.0,0.0,0.0,37.277443,0.0,HTTP
0.0,0.0,0.0,143.285721,0.215312,0.107778,-0.0,31953.628906,172438.140625,6306.0,0.0,5303.0,8.0,0.0,0.107778,62592.0,1721542400.0,64.0,0.0,0.0,0.0,0.0,0.0,62.0,0.0,27.866537,0.0,7.0,0.0,0.0,65.021919,31872.0,15.0,0.0,0.0,0.0,0.0,0.215312,0.0,0.0,204391.765625,0.215312,1003.0,0.0,662.875,0.0,0.0,0.215312,0.215312,0.0,0.0,0.0,32.51096,0.0,HTTP
0.0,0.000494,0.0,143.285721,0.201653,0.092923,-0.0,34118.015625,154800.578125,5555.0,0.0,4552.0,7.0,0.0,0.093417,64128.0,1721542400.0,64.0,0.0,0.0,0.0,0.0,0.0,62.0,0.0,29.754082,0.0,7.0,0.0,0.0,64.467178,31872.0,14.0,0.0,0.0,0.0,0.0,0.201653,0.0,0.0,188918.609375,0.201653,1003.0,0.0,650.285706,0.0,0.0,0.201653,0.201653,0.0,0.0,0.0,29.754082,0.0,HTTP
0.0,0.000497,0.0,160.166672,0.170901,0.092234,-0.0,37495.390625,151385.890625,4733.0,0.0,3772.0,7.0,0.0,0.092731,62592.0,1721542400.0,64.0,0.0,0.0,0.0,0.0,0.0,62.0,0.0,29.256704,0.0,6.0,0.0,0.0,70.216087,31872.0,13.0,0.0,0.0,0.0,0.0,0.170901,0.0,0.0,188881.28125,0.170901,961.0,0.0,538.857117,0.0,0.0,0.170901,0.170901,0.0,0.0,0.0,35.108044,0.0,HTTP
0.0,0.000505,0.0,72.800003,0.73802,0.074724,-0.0,66296.304688,2926110.5,277612.0,0.0,271424.0,183.0,0.0,0.075229,191488.0,1721542400.0,64.0,0.0,0.0,0.0,0.0,0.0,62.0,0.0,113.818054,0.0,85.0,0.0,0.0,361.778809,31872.0,268.0,0.0,0.0,0.0,0.0,0.73802,0.0,0.0,2992406.75,0.73802,6188.0,0.0,1483.191284,0.0,0.0,0.73802,0.73802,0.0,0.0,0.0,246.605789,0.0,HTTP
0.0,0.000502,0.0,166.0,0.138609,0.062138,-0.0,47904.535156,53099.003906,2145.0,0.0,1149.0,5.0,0.0,0.06264,64128.0,1721542400.0,64.0,0.0,0.0,0.0,0.0,0.0,62.0,0.0,36.072693,0.0,6.0,0.0,0.0,72.145386,31872.0,11.0,0.0,0.0,0.0,0.0,0.138609,0.0,0.0,101003.539062,0.138609,996.0,0.0,229.800003,0.0,0.0,0.138609,0.138609,0.0,0.0,0.0,28.858154,0.0,HTTP
0.0,0.000506,0.0,152.0,0.171043,0.076611,-0.0,42655.941406,210941.109375,6218.0,0.0,5154.0,8.0,0.0,0.077117,64128.0,1721542400.0,64.0,0.0,0.0,0.0,0.0,0.0,62.0,0.0,35.078899,0.0,7.0,0.0,0.0,81.850769,31872.0,15.0,0.0,0.0,0.0,0.0,0.171043,0.0,0.0,253597.0625,0.171043,1064.0,0.0,644.25,0.0,0.0,0.171043,0.171043,0.0,0.0,0.0,40.925385,0.0,HTTP
0.0,0.0005,0.0,150.857147,0.184769,0.092106,-0.0,39227.359375,214191.765625,6709.0,0.0,5653.0,8.0,0.0,0.092606,64128.0,1721542400.0,64.0,0.0,0.0,0.0,0.0,0.0,62.0,0.0,32.47298,0.0,7.0,0.0,0.0,75.770287,31872.0,15.0,0.0,0.0,0.0,0.0,0.184769,0.0,0.0,253419.125,0.184769,1056.0,0.0,706.625,0.0,0.0,0.184769,0.184769,0.0,0.0,0.0,37.885143,0.0,HTTP
0.0,0.0,0.0,164.666672,0.185078,0.091476,-0.0,35617.417969,119992.65625,4319.0,0.0,3331.0,6.0,0.0,0.091476,63488.0,1721542400.0,64.0,0.0,0.0,0.0,0.0,0.0,62.0,0.0,27.015636,0.0,6.0,0.0,0.0,59.434402,31872.0,12.0,0.0,0.0,0.0,0.0,0.185078,0.0,0.0,155610.078125,0.185078,988.0,0.0,555.166687,0.0,0.0,0.185078,0.185078,0.0,0.0,0.0,27.015636,0.0,HTTP
0.0,0.000559,0.0,102.4375,0.183097,0.058307,-0.0,67155.65625,987192.5625,25422.0,0.0,23783.0,20.0,0.0,0.058866,64768.0,1721542400.0,64.0,0.0,0.0,0.0,0.0,0.0,62.0,0.0,81.92379,0.0,16.0,0.0,0.0,191.155502,31872.0,36.0,0.0,0.0,0.0,0.0,0.183097,0.0,0.0,1054348.25,0.183097,1639.0,0.0,1189.150024,0.0,0.0,0.183097,0.183097,0.0,0.0,0.0,103.770126,0.0,HTTP
0.0,0.000504,0.0,166.166672,0.125176,0.061323,-0.0,53109.222656,74455.171875,2453.0,0.0,1456.0,5.0,0.0,0.061827,64128.0,1721542400.0,64.0,0.0,0.0,0.0,0.0,0.0,62.0,0.0,39.94376,0.0,6.0,0.0,0.0,79.88752,31872.0,11.0,0.0,0.0,0.0,0.0,0.125176,0.0,0.0,127564.390625,0.125176,997.0,0.0,291.200012,0.0,0.0,0.125176,0.125176,0.0,0.0,0.0,31.955008,0.0,HTTP
0.0,0.001054,0.0,167.833328,0.126801,0.060115,-0.0,52996.429688,138484.71875,3641.0,0.0,2634.0,6.0,0.0,0.061169,63488.0,1721542400.0,64.0,0.0,0.0,0.0,0.0,0.0,62.0,0.0,39.431866,0.0,6.0,0.0,0.0,86.750107,31872.0,12.0,0.0,0.0,0.0,0.0,0.126801,0.0,0.0,191481.140625,0.126801,1007.0,0.0,439.0,0.0,0.0,0.126801,0.126801,0.0,0.0,0.0,39.431866,0.0,HTTP
0.0,0.000991,0.0,134.0,0.14106,0.060842,-0.0,53197.222656,300241.03125,7122.0,0.0,6050.0,8.0,0.0,0.061833,64128.0,1721542400.0,64.0,0.0,0.0,0.0,0.0,0.0,62.0,0.0,49.624275,0.0,8.0,0.0,0.0,106.33773,31872.0,16.0,0.0,0.0,0.0,0.0,0.14106,0.0,0.0,353438.28125,0.14106,1072.0,0.0,756.25,0.0,0.0,0.14106,0.14106,0.0,0.0,0.0,49.624275,0.0,HTTP
0.0,0.000497,0.0,175.199997,0.124088,0.061337,-0.0,45193.734375,49964.542969,1844.0,0.0,968.0,5.0,0.0,0.061834,64128.0,1721542400.0,64.0,0.0,0.0,0.0,0.0,0.0,62.0,0.0,32.235188,0.0,5.0,0.0,0.0,72.529175,31872.0,10.0,0.0,0.0,0.0,0.0,0.124088,0.0,0.0,95158.273438,0.124088,876.0,0.0,193.600006,0.0,0.0,0.124088,0.124088,0.0,0.0,0.0,32.235188,0.0,HTTP
0.0,0.000497,0.0,134.5,0.156003,0.061337,-0.0,48306.765625,342044.71875,8579.0,0.0,7503.0,9.0,0.0,0.061834,64128.0,1721542400.0,64.0,0.0,0.0,0.0,0.0,0.0,62.0,0.0,44.870934,0.0,8.0,0.0,0.0,102.562134,31872.0,17.0,0.0,0.0,0.0,0.0,0.156003,0.0,0.0,390351.46875,0.156003,1076.0,0.0,833.666687,0.0,0.0,0.156003,0.156003,0.0,0.0,0.0,51.281067,0.0,HTTP
0.0,0.000497,0.0,157.0,0.140566,0.061337,-0.0,44676.519531,123728.351562,3550.0,0.0,2608.0,6.0,0.0,0.061834,63488.0,1721542400.0,64.0,0.0,0.0,0.0,0.0,0.0,62.0,0.0,35.570477,0.0,6.0,0.0,0.0,78.255051,31872.0,12.0,0.0,0.0,0.0,0.0,0.140566,0.0,0.0,168404.875,0.140566,942.0,0.0,434.666656,0.0,0.0,0.140566,0.140566,0.0,0.0,0.0,35.570477,0.0,HTTP
0.0,0.0,0.0,157.666672,0.155506,0.06201,-0.0,40590.074219,67907.351562,2595.0,0.0,1649.0,5.0,0.0,0.06201,64128.0,1721542400.0,64.0,0.0,0.0,0.0,0.0,0.0,62.0,0.0,32.153099,0.0,6.0,0.0,0.0,64.306198,31872.0,11.0,0.0,0.0,0.0,0.0,0.155506,0.0,0.0,108497.421875,0.155506,946.0,0.0,329.799988,0.0,0.0,0.155506,0.155506,0.0,0.0,0.0,25.722481,0.0,HTTP
0.0,0.000871,0.0,158.166672,0.141069,0.061139,-0.0,44857.484375,89091.15625,2912.0,0.0,1963.0,5.0,0.0,0.06201,64128.0,1721542400.0,64.0,0.0,0.0,0.0,0.0,0.0,62.0,0.0,35.443649,0.0,6.0,0.0,0.0,70.887299,31872.0,11.0,0.0,0.0,0.0,0.0,0.141069,0.0,0.0,133948.640625,0.141069,949.0,0.0,392.600006,0.0,0.0,0.141069,0.141069,0.0,0.0,0.0,28.354919,0.0,HTTP
0.0,0.000508,0.0,176.600006,0.124782,0.06024,-0.0,45327.050781,51610.007812,1889.0,0.0,1006.0,5.0,0.0,0.060748,64128.0,1721542400.0,64.0,0.0,0.0,0.0,0.0,0.0,62.0,0.0,32.055904,0.0,5.0,0.0,0.0,72.125786,31872.0,10.0,0.0,0.0,0.0,0.0,0.124782,0.0,0.0,96937.054688,0.124782,883.0,0.0,201.199997,0.0,0.0,0.124782,0.124782,0.0,0.0,0.0,32.055904,0.0,HTTP
0.0,0.002035,0.0,158.166672,0.124738,0.05985,-0.0,50730.332031,120829.257812,3209.0,0.0,2260.0,6.0,0.0,0.061885,63488.0,1721542400.0,64.0,0.0,0.0,0.0,0.0,0.0,62.0,0.0,40.084015,0.0,6.0,0.0,0.0,88.184837,31872.0,12.0,0.0,0.0,0.0,0.0,0.124738,0.0,0.0,171559.59375,0.124738,949.0,0.0,376.666656,0.0,0.0,0.124738,0.124738,0.0,0.0,0.0,40.084015,0.0,HTTP
0.0,0.000507,0.0,158.166672,0.12321,0.05985,-0.0,51359.46875,128625.921875,3326.0,0.0,2377.0,6.0,0.0,0.060357,63488.0,1721542400.0,64.0,0.0,0.0,0.0,0.0,0.0,62.0,0.0,40.581123,0.0,6.0,0.0,0.0,89.278473,31872.0,12.0,0.0,0.0,0.0,0.0,0.12321,0.0,0.0,179985.390625,0.12321,949.0,0.0,396.166656,0.0,0.0,0.12321,0.12321,0.0,0.0,0.0,40.581123,0.0,HTTP
0.0,0.000494,0.0,177.0,0.12221,0.059364,-0.0,46346.453125,42942.476562,1704.0,0.0,819.0,5.0,0.0,0.059858,64128.0,1721542400.0,64.0,0.0,0.0,0.0,0.0,0.0,62.0,0.0,32.730545,0.0,5.0,0.0,0.0,73.643723,31872.0,10.0,0.0,0.0,0.0,0.0,0.12221,0.0,0.0,89288.929688,0.12221,885.0,0.0,163.800003,0.0,0.0,0.12221,0.12221,0.0,0.0,0.0,32.730545,0.0,HTTP
0.0,0.000997,0.0,176.600006,0.123704,0.060005,-0.0,45722.046875,37573.5625,1609.0,0.0,726.0,5.0,0.0,0.061002,64128.0,1721542400.0,64.0,0.0,0.0,0.0,0.0,0.0,62.0,0.0,32.335251,0.0,5.0,0.0,0.0,72.754318,31872.0,10.0,0.0,0.0,0.0,0.0,0.123704,0.0,0.0,83295.609375,0.123704,883.0,0.0,145.199997,0.0,0.0,0.123704,0.123704,0.0,0.0,0.0,32.335251,0.0,HTTP
0.0,0.001492,0.0,177.199997,0.124197,0.060006,-0.0,45669.378906,42384.277344,1708.0,0.0,822.0,5.0,0.0,0.061498,64128.0,1721542400.0,64.0,0.0,0.0,0.0,0.0,0.0,62.0,0.0,32.206898,0.0,5.0,0.0,0.0,72.465523,31872.0,10.0,0.0,0.0,0.0,0.0,0.124197,0.0,0.0,88053.65625,0.124197,886.0,0.0,164.399994,0.0,0.0,0.124197,0.124197,0.0,0.0,0.0,32.206898,0.0,HTTP
0.0,0.000502,0.0,135.375,0.123477,0.059663,-0.0,61420.347656,512808.0625,9877.0,0.0,8794.0,10.0,0.0,0.060165,59648.0,1721542400.0,64.0,0.0,0.0,0.0,0.0,0.0,62.0,0.0,56.69072,0.0,8.0,0.0,0.0,137.67746,31872.0,18.0,0.0,0.0,0.0,0.0,0.123477,0.0,0.0,574228.4375,0.123477,1083.0,0.0,879.400024,0.0,0.0,0.123477,0.123477,0.0,0.0,0.0,72.888069,0.0,HTTP
0.0,0.000497,0.0,136.0,0.124159,0.059398,-0.0,61340.699219,326033.5625,6870.0,0.0,5782.0,8.0,0.0,0.059895,64128.0,1721542400.0,64.0,0.0,0.0,0.0,0.0,0.0,62.0,0.0,56.379318,0.0,8.0,0.0,0.0,120.812828,31872.0,16.0,0.0,0.0,0.0,0.0,0.124159,0.0,0.0,387374.25,0.124159,1088.0,0.0,722.75,0.0,0.0,0.124159,0.124159,0.0,0.0,0.0,56.379318,0.0,HTTP
0.0,0.000497,0.0,145.0,0.139094,0.059892,-0.0,50038.105469,218097.125,5439.0,0.0,4424.0,7.0,0.0,0.060389,62592.0,1721542400.0,64.0,0.0,0.0,0.0,0.0,0.0,62.0,0.0,43.136299,0.0,7.0,0.0,0.0,93.461975,31872.0,14.0,0.0,0.0,0.0,0.0,0.139094,0.0,0.0,268135.21875,0.139094,1015.0,0.0,632.0,0.0,0.0,0.139094,0.139094,0.0,0.0,0.0,43.136299,0.0,HTTP
0.0,0.000497,0.0,156.833328,0.124159,0.059892,-0.0,50580.304688,93621.890625,2757.0,0.0,1816.0,5.0,0.0,0.060389,64128.0,1721542400.0,64.0,0.0,0.0,0.0,0.0,0.0,62.0,0.0,40.270943,0.0,6.0,0.0,0.0,80.541885,31872.0,11.0,0.0,0.0,0.0,0.0,0.124159,0.0,0.0,144202.1875,0.124159,941.0,0.0,363.200012,0.0,0.0,0.124159,0.124159,0.0,0.0,0.0,32.216755,0.0,HTTP
0.0,0.000989,0.0,144.285721,0.124656,0.059947,-0.0,55576.949219,312411.75,6573.0,0.0,5563.0,8.0,0.0,0.060936,64128.0,1721542400.0,64.0,0.0,0.0,0.0,0.0,0.0,62.0,0.0,48.132462,0.0,7.0,0.0,0.0,112.309074,31872.0,15.0,0.0,0.0,0.0,0.0,0.124656,0.0,0.0,367988.71875,0.124656,1010.0,0.0,695.375,0.0,0.0,0.124656,0.124656,0.0,0.0,0.0,56.154537,0.0,HTTP
0.0,0.000989,0.0,174.800003,0.124656,0.060428,-0.0,44923.628906,47041.457031,1790.0,0.0,916.0,5.0,0.0,0.061417,64128.0,1721542400.0,64.0,0.0,0.0,0.0,0.0,0.0,62.0,0.0,32.088306,0.0,5.0,0.0,0.0,72.198692,31872.0,10.0,0.0,0.0,0.0,0.0,0.124656,0.0,0.0,91965.085938,0.124656,874.0,0.0,183.199997,0.0,0.0,0.124656,0.124656,0.0,0.0,0.0,32.088306,0.0,HTTP
0.0,0.000492,0.0,120.571426,0.155429,0.076501,-0.0,37264.601562,191470.046875,5184.0,0.0,4340.0,7.0,0.0,0.076993,64128.0,1721542400.0,64.0,0.0,0.0,0.0,0.0,0.0,62.0,0.0,38.602833,0.0,7.0,0.0,0.0,83.639473,31872.0,14.0,0.0,0.0,0.0,0.0,0.155429,0.0,0.0,228734.65625,0.155429,844.0,0.0,620.0,0.0,0.0,0.155429,0.155429,0.0,0.0,0.0,38.602833,0.0,HTTP
0.0,0.000994,0.0,70.486488,0.987633,0.090573,-0.0,41683.5,1757187.125,223633.0,0.0,218417.0,147.0,0.0,0.091567,172032.0,1721542400.0,64.0,0.0,0.0,0.0,0.0,0.0,62.0,0.0,73.914093,0.0,74.0,0.0,0.0,222.754807,31872.0,221.0,0.0,0.0,0.0,0.0,0.987633,0.0,0.0,1798870.625,0.987633,5216.0,0.0,1485.829956,0.0,0.0,0.987633,0.987633,0.0,0.0,1.0,147.828186,0.0,HTTP
0.0,0.000496,0.0,102.333336,0.217367,0.090573,-0.0,30142.570312,277944.6875,9312.0,0.0,8391.0,10.0,0.0,0.091069,63360.0,1721542400.0,64.0,0.0,0.0,0.0,0.0,0.0,62.0,0.0,36.804115,0.0,9.0,0.0,0.0,82.809258,31872.0,19.0,0.0,0.0,0.0,0.0,0.217367,0.0,0.0,308087.25,0.217367,921.0,0.0,839.099976,0.0,0.0,0.217367,0.217367,0.0,0.0,0.0,41.404629,0.0,HTTP
0.0,0.000506,0.0,119.833336,0.231305,0.090067,-0.0,20751.820312,60699.074219,2824.0,0.0,2105.0,6.0,0.0,0.090573,63488.0,1721542400.0,64.0,0.0,0.0,0.0,0.0,0.0,62.0,0.0,21.61648,0.0,6.0,0.0,0.0,47.556255,31872.0,12.0,0.0,0.0,0.0,0.0,0.231305,0.0,0.0,81450.898438,0.231305,719.0,0.0,350.833344,0.0,0.0,0.231305,0.231305,0.0,0.0,0.0,21.61648,0.0,HTTP
0.0,0.001018,0.0,120.666664,0.246719,0.089555,-0.0,19585.033203,60214.25,2952.0,0.0,2228.0,6.0,0.0,0.090573,64128.0,1721542400.0,64.0,0.0,0.0,0.0,0.0,0.0,62.0,0.0,20.26597,0.0,6.0,0.0,0.0,44.585136,31872.0,12.0,0.0,0.0,0.0,0.0,0.246719,0.0,0.0,79799.28125,0.246719,724.0,0.0,371.333344,0.0,0.0,0.246719,0.246719,0.0,0.0,0.0,20.26597,0.0,HTTP
0.0,0.001986,0.0,96.090912,0.264435,0.092645,-0.0,29073.308594,390084.53125,15025.0,0.0,13968.0,13.0,0.0,0.094631,62592.0,1721542400.0,64.0,0.0,0.0,0.0,0.0,0.0,62.0,0.0,37.816479,0.0,11.0,0.0,0.0,86.977898,31872.0,24.0,0.0,0.0,0.0,0.0,0.264435,0.0,0.0,419157.84375,0.264435,1057.0,0.0,1074.461548,0.0,0.0,0.264435,0.264435,0.0,0.0,0.0,45.379772,0.0,HTTP
0.0,0.001467,0.0,112.14286,0.26342,0.092645,-0.0,20438.84375,162235.21875,6890.0,0.0,6105.0,8.0,0.0,0.094112,62592.0,1721542400.0,64.0,0.0,0.0,0.0,0.0,0.0,62.0,0.0,22.777315,0.0,7.0,0.0,0.0,53.147068,31872.0,15.0,0.0,0.0,0.0,0.0,0.26342,0.0,0.0,182674.0625,0.26342,785.0,0.0,763.125,0.0,0.0,0.26342,0.26342,0.0,0.0,0.0,26.573534,0.0,HTTP
0.0,0.000999,0.0,123.0,0.32526,0.152925,-0.0,15126.359375,56988.253906,3518.0,0.0,2780.0,6.0,0.0,0.153924,64128.0,1721542400.0,64.0,0.0,0.0,0.0,0.0,0.0,62.0,0.0,15.372317,0.0,6.0,0.0,0.0,33.819096,31872.0,12.0,0.0,0.0,0.0,0.0,0.32526,0.0,0.0,72114.609375,0.32526,738.0,0.0,463.333344,0.0,0.0,0.32526,0.32526,0.0,0.0,0.0,15.372317,0.0,HTTP
0.0,0.001477,0.0,122.666664,0.32526,0.152447,-0.0,15101.763672,25727.109375,2043.0,0.0,1307.0,5.0,0.0,0.153924,64128.0,1721542400.0,64.0,0.0,0.0,0.0,0.0,0.0,62.0,0.0,15.372317,0.0,6.0,0.0,0.0,30.744635,31872.0,11.0,0.0,0.0,0.0,0.0,0.32526,0.0,0.0,40828.875,0.32526,736.0,0.0,261.399994,0.0,0.0,0.32526,0.32526,0.0,0.0,0.0,12.297853,0.0,HTTP
0.0,0.001011,0.0,122.0,0.324442,0.152974,-0.0,15041.208984,34619.4375,2487.0,0.0,1755.0,5.0,0.0,0.153985,64128.0,1721542400.0,64.0,0.0,0.0,0.0,0.0,0.0,62.0,0.0,15.411075,0.0,6.0,0.0,0.0,30.822149,31872.0,11.0,0.0,0.0,0.0,0.0,0.324442,0.0,0.0,49660.648438,0.324442,732.0,0.0,351.0,0.0,0.0,0.324442,0.324442,0.0,0.0,0.0,12.32886,0.0,HTTP
0.0,0.001491,0.0,122.0,0.33889,0.15381,-0.0,14399.953125,44002.480469,2968.0,0.0,2236.0,6.0,0.0,0.155301,64128.0,1721542400.0,64.0,0.0,0.0,0.0,0.0,0.0,62.0,0.0,14.75405,0.0,6.0,0.0,0.0,32.458912,31872.0,12.0,0.0,0.0,0.0,0.0,0.33889,0.0,0.0,58402.433594,0.33889,732.0,0.0,372.666656,0.0,0.0,0.33889,0.33889,0.0,0.0,0.0,14.75405,0.0,HTTP
0.0,0.001484,0.0,121.833336,0.325004,0.153802,-0.0,15015.199219,69882.210938,4137.0,0.0,3406.0,6.0,0.0,0.155286,63488.0,1721542400.0,64.0,0.0,0.0,0.0,0.0,0.0,62.0,0.0,15.384425,0.0,6.0,0.0,0.0,33.845737,31872.0,12.0,0.0,0.0,0.0,0.0,0.325004,0.0,0.0,84897.40625,0.325004,731.0,0.0,567.666687,0.0,0.0,0.325004,0.325004,0.0,0.0,0.0,15.384425,0.0,HTTP
0.0,0.001032,0.0,150.5,0.339214,0.0,-0.0,10659.9375,17051.183594,1505.0,0.0,903.0,5.0,0.0,0.001032,64128.0,1721542400.0,64.0,0.0,0.0,0.0,0.0,0.0,62.0,0.0,8.843975,0.0,4.0,0.0,0.0,23.583933,31872.0,9.0,0.0,0.0,0.0,0.0,0.339214,0.0,0.0,27711.121094,0.339214,602.0,0.0,180.600006,0.0,0.0,0.339214,0.339214,0.0,0.0,0.0,11.791966,0.0,HTTP
0.0,0.000497,0.0,122.166664,0.338011,0.166889,-0.0,14461.068359,58175.621094,3682.0,0.0,2949.0,6.0,0.0,0.167386,63488.0,1721542400.0,64.0,0.0,0.0,0.0,0.0,0.0,62.0,0.0,14.792418,0.0,6.0,0.0,0.0,32.54332,31872.0,12.0,0.0,0.0,0.0,0.0,0.338011,0.0,0.0,72636.6875,0.338011,733.0,0.0,491.5,0.0,0.0,0.338011,0.338011,0.0,0.0,0.0,14.792418,0.0,HTTP
0.0,0.000496,0.0,132.600006,0.339139,0.168702,-0.0,12525.836914,42484.054688,2824.0,0.0,2161.0,6.0,0.0,0.169198,63488.0,1721542400.0,64.0,0.0,0.0,0.0,0.0,0.0,62.0,0.0,11.794574,0.0,5.0,0.0,0.0,29.486433,31872.0,11.0,0.0,0.0,0.0,0.0,0.339139,0.0,0.0,55009.890625,0.339139,663.0,0.0,360.166656,0.0,0.0,0.339139,0.339139,0.0,0.0,0.0,14.743217,0.0,HTTP
0.0,0.001269,0.0,122.666664,0.356912,0.169671,-0.0,13762.496094,25305.958984,2147.0,0.0,1411.0,5.0,0.0,0.17094,64128.0,1721542400.0,64.0,0.0,0.0,0.0,0.0,0.0,62.0,0.0,14.009056,0.0,6.0,0.0,0.0,28.018112,31872.0,11.0,0.0,0.0,0.0,0.0,0.356912,0.0,0.0,39068.457031,0.356912,736.0,0.0,282.200012,0.0,0.0,0.356912,0.356912,0.0,0.0,0.0,11.207245,0.0,HTTP
0.0,0.000772,0.0,121.333336,0.356415,0.169671,-0.0,13624.566406,22243.732422,1966.0,0.0,1238.0,5.0,0.0,0.170443,64128.0,1721542400.0,64.0,0.0,0.0,0.0,0.0,0.0,62.0,0.0,14.02859,0.0,6.0,0.0,0.0,28.05718,31872.0,11.0,0.0,0.0,0.0,0.0,0.356415,0.0,0.0,35868.300781,0.356415,728.0,0.0,247.600006,0.0,0.0,0.356415,0.356415,0.0,0.0,0.0,11.222872,0.0,HTTP
0.0,0.000668,0.0,121.666664,0.338366,0.167184,-0.0,14398.609375,21420.591797,1862.0,0.0,1132.0,5.0,0.0,0.167852,64128.0,1721542400.0,64.0,0.0,0.0,0.0,0.0,0.0,62.0,0.0,14.776898,0.0,6.0,0.0,0.0,29.553797,31872.0,11.0,0.0,0.0,0.0,0.0,0.338366,0.0,0.0,35819.203125,0.338366,730.0,0.0,226.399994,0.0,0.0,0.338366,0.338366,0.0,0.0,0.0,11.821519,0.0,HTTP
0.0,0.001182,0.0,121.333336,0.338366,0.16667,-0.0,14351.323242,101168.554688,5720.0,0.0,4992.0,7.0,0.0,0.167852,62592.0,1721542400.0,64.0,0.0,0.0,0.0,0.0,0.0,62.0,0.0,14.776898,0.0,6.0,0.0,0.0,35.464558,31872.0,13.0,0.0,0.0,0.0,0.0,0.338366,0.0,0.0,115519.882812,0.338366,728.0,0.0,713.142883,0.0,0.0,0.338366,0.338366,0.0,0.0,0.0,17.732279,0.0,HTTP
0.0,0.000998,0.0,122.0,0.337529,0.166477,-0.0,14458.016602,22587.689453,1923.0,0.0,1191.0,5.0,0.0,0.167475,64128.0,1721542400.0,64.0,0.0,0.0,0.0,0.0,0.0,62.0,0.0,14.813541,0.0,6.0,0.0,0.0,29.627083,31872.0,11.0,0.0,0.0,0.0,0.0,0.337529,0.0,0.0,37045.707031,0.337529,732.0,0.0,238.199997,0.0,0.0,0.337529,0.337529,0.0,0.0,0.0,11.850834,0.0,HTTP
0.0,0.001507,0.0,132.800003,0.339887,0.167199,-0.0,12521.808594,16123.005859,1520.0,0.0,856.0,5.0,0.0,0.168706,64128.0,1721542400.0,64.0,0.0,0.0,0.0,0.0,0.0,62.0,0.0,11.768618,0.0,5.0,0.0,0.0,26.479389,31872.0,10.0,0.0,0.0,0.0,0.0,0.339887,0.0,0.0,28644.814453,0.339887,664.0,0.0,171.199997,0.0,0.0,0.339887,0.339887,0.0,0.0,0.0,11.768618,0.0,HTTP
0.0,0.001011,0.0,121.666664,0.339391,0.167199,-0.0,14355.125,43018.230469,2920.0,0.0,2190.0,6.0,0.0,0.16821,63488.0,1721542400.0,64.0,0.0,0.0,0.0,0.0,0.0,62.0,0.0,14.732271,0.0,6.0,0.0,0.0,32.410995,31872.0,12.0,0.0,0.0,0.0,0.0,0.339391,0.0,0.0,57373.355469,0.339391,730.0,0.0,365.0,0.0,0.0,0.339391,0.339391,0.0,0.0,0.0,14.732271,0.0,HTTP
0.0,0.000994,0.0,66.0,0.986727,0.090573,-0.0,35316.757812,2553184.5,320848.0,0.0,316426.0,209.0,0.0,0.091567,172032.0,1721542400.0,64.0,0.0,0.0,0.0,0.0,0.0,62.0,0.0,66.887802,1.0,67.0,0.0,1.0,278.699188,31872.0,276.0,0.0,0.0,0.0,0.0,0.986727,0.0,0.0,2588501.25,0.986727,4422.0,0.0,1514.0,0.0,0.0,0.986727,0.986727,0.0,0.0,0.0,210.797928,0.0,HTTP
0.0,0.0,0.0,133.0,0.337542,0.0,-0.0,12608.801758,43514.585938,2868.0,0.0,2203.0,6.0,0.0,0.0,63488.0,1721542400.0,64.0,0.0,0.0,0.0,0.0,0.0,62.0,0.0,11.850377,0.0,5.0,0.0,0.0,29.625942,31872.0,11.0,0.0,0.0,0.0,0.0,0.337542,0.0,0.0,56123.386719,0.337542,665.0,0.0,367.166656,0.0,0.0,0.337542,0.337542,0.0,0.0,0.0,14.812971,0.0,HTTP
0.0,0.0,0.0,122.0,0.337542,0.167505,-0.0,14457.459961,76126.820312,4479.0,0.0,3747.0,7.0,0.0,0.167505,62592.0,1721542400.0,64.0,0.0,0.0,0.0,0.0,0.0,62.0,0.0,14.812971,0.0,6.0,0.0,0.0,35.551132,31872.0,13.0,0.0,0.0,0.0,0.0,0.337542,0.0,0.0,90584.28125,0.337542,732.0,0.0,535.285706,0.0,0.0,0.337542,0.337542,0.0,0.0,0.0,17.775566,0.0,HTTP
0.0,0.001003,0.0,123.333336,0.339204,0.168177,-0.0,14551.714844,36155.234375,2656.0,0.0,1916.0,5.0,0.0,0.16918,64128.0,1721542400.0,64.0,0.0,0.0,0.0,0.0,0.0,62.0,0.0,14.740392,0.0,6.0,0.0,0.0,29.480783,31872.0,11.0,0.0,0.0,0.0,0.0,0.339204,0.0,0.0,50706.945312,0.339204,740.0,0.0,383.200012,0.0,0.0,0.339204,0.339204,0.0,0.0,0.0,11.792314,0.0,HTTP
0.0,0.0,0.0,108.125,0.337748,0.166721,-0.0,17930.529297,144202.1875,7713.0,0.0,6848.0,9.0,0.0,0.166721,64128.0,1721542400.0,64.0,0.0,0.0,0.0,0.0,0.0,62.0,0.0,20.725512,0.0,8.0,0.0,0.0,47.372597,31872.0,17.0,0.0,0.0,0.0,0.0,0.337748,0.0,0.0,162132.71875,0.337748,865.0,0.0,760.888916,0.0,0.0,0.337748,0.337748,0.0,0.0,0.0,23.686298,0.0,HTTP
0.0,0.001488,0.0,121.666664,0.341884,0.167706,-0.0,14250.448242,45582.714844,3067.0,0.0,2337.0,6.0,0.0,0.169194,64128.0,1721542400.0,64.0,0.0,0.0,0.0,0.0,0.0,62.0,0.0,14.624844,0.0,6.0,0.0,0.0,32.174656,31872.0,12.0,0.0,0.0,0.0,0.0,0.341884,0.0,0.0,59833.160156,0.341884,730.0,0.0,389.5,0.0,0.0,0.341884,0.341884,0.0,0.0,0.0,14.624844,0.0,HTTP
0.0,0.001396,0.0,122.666664,0.340476,0.169112,-0.0,14426.861328,62265.769531,3915.0,0.0,3179.0,6.0,0.0,0.170508,63488.0,1721542400.0,64.0,0.0,0.0,0.0,0.0,0.0,62.0,0.0,14.685323,0.0,6.0,0.0,0.0,32.307709,31872.0,12.0,0.0,0.0,0.0,0.0,0.340476,0.0,0.0,76692.625,0.340476,736.0,0.0,529.833313,0.0,0.0,0.340476,0.340476,0.0,0.0,0.0,14.685323,0.0,HTTP
0.0,0.000994,0.0,66.0,0.892976,0.090573,-0.0,55580.441406,2612271.75,299360.0,0.0,293090.0,195.0,0.0,0.091567,172032.0,1721542400.0,64.0,0.0,0.0,0.0,0.0,0.0,62.0,0.0,105.265991,1.0,95.0,0.0,0.0,323.636932,31872.0,290.0,0.0,0.0,0.0,0.0,0.892976,0.0,0.0,2667852.25,0.892976,6270.0,0.0,1503.025635,0.0,0.0,0.892976,0.892976,0.0,0.0,0.0,217.251083,0.0,HTTP
0.0,0.005972,0.0,134.0,0.397873,0.144694,-0.0,10777.307617,13813.452148,1528.0,0.0,858.0,5.0,0.0,0.150666,64128.0,1721542400.0,64.0,0.0,0.0,0.0,0.0,0.0,62.0,0.0,10.053459,0.0,5.0,0.0,0.0,22.620283,31872.0,10.0,0.0,0.0,0.0,0.0,0.397873,0.0,0.0,24590.759766,0.397873,670.0,0.0,171.600006,0.0,0.0,0.397873,0.397873,0.0,0.0,0.0,10.053459,0.0,HTTP
0.0,0.0015,0.0,139.600006,0.434505,0.216291,-0.0,10292.171875,12906.641602,1574.0,0.0,876.0,5.0,0.0,0.217791,64128.0,1721542400.0,64.0,0.0,0.0,0.0,0.0,0.0,62.0,0.0,9.205878,0.0,5.0,0.0,0.0,20.713226,31872.0,10.0,0.0,0.0,0.0,0.0,0.434505,0.0,0.0,23198.8125,0.434505,698.0,0.0,175.199997,0.0,0.0,0.434505,0.434505,0.0,0.0,0.0,9.205878,0.0,HTTP
0.0,0.000958,0.0,74.0,0.000958,0.0,-0.0,0.0,0.0,148.0,0.0,74.0,1.0,0.0,0.000958,8222720.0,1721542400.0,64.0,0.0,0.0,0.0,0.0,1.0,62.0,0.0,0.0,0.0,1.0,0.0,0.0,1043.841309,4077568.0,2.0,0.0,0.0,0.0,0.0,0.000958,0.0,0.0,0.0,0.000958,74.0,0.0,74.0,0.0,0.0,0.000958,0.000958,0.0,0.0,0.0,0.0,0.0,HTTP
0.0,0.000958,0.0,74.0,0.000958,0.0,-0.0,0.0,0.0,148.0,0.0,74.0,1.0,0.0,0.000958,8222720.0,1721542400.0,64.0,0.0,0.0,0.0,0.0,1.0,62.0,0.0,0.0,0.0,1.0,0.0,0.0,1043.841309,4077568.0,2.0,0.0,0.0,0.0,0.0,0.000958,0.0,0.0,0.0,0.000958,74.0,0.0,74.0,0.0,0.0,0.000958,0.000958,0.0,0.0,0.0,0.0,0.0,HTTP
0.0,0.0005,0.0,74.0,0.0005,0.0,-0.0,0.0,0.0,148.0,0.0,74.0,1.0,0.0,0.0005,8222720.0,1721542400.0,64.0,0.0,0.0,0.0,0.0,1.0,62.0,0.0,0.0,0.0,1.0,0.0,0.0,1999.999878,4077568.0,2.0,0.0,0.0,0.0,0.0,0.0005,0.0,0.0,0.0,0.0005,74.0,0.0,74.0,0.0,0.0,0.0005,0.0005,0.0,0.0,0.0,0.0,0.0,HTTP
0.0,0.0005,0.0,74.0,0.0005,0.0,-0.0,0.0,0.0,148.0,0.0,74.0,1.0,0.0,0.0005,8222720.0,1721542400.0,64.0,0.0,0.0,0.0,0.0,1.0,62.0,0.0,0.0,0.0,1.0,0.0,0.0,1999.999878,4077568.0,2.0,0.0,0.0,0.0,0.0,0.0005,0.0,0.0,0.0,0.0005,74.0,0.0,74.0,0.0,0.0,0.0005,0.0005,0.0,0.0,0.0,0.0,0.0,HTTP
0.0,0.0005,0.0,0.0,0.0,0.0,-0.0,0.0,0.0,74.0,0.0,74.0,1.0,0.0,0.0005,507918.4607708,1721542400.0,64.0,1.0,0.0,0.0,0.0,0.0,62.0,0.0,0.0,1.0,0.0,1.0,0.0,0.0,434180.50583333336,1.0,0.0,0.0,0.0,0.0,0.0,0.0,0.0,0.0,0.0,0.0,0.0,74.0,0.0,0.0,0.0,0.0,1.0,0.0,0.0,0.0,0.0,HTTP
0.0,0.0005,0.0,0.0,0.0,0.0,-0.0,0.0,0.0,74.0,0.0,74.0,1.0,0.0,0.0005,507918.4607708,1721542400.0,64.0,1.0,0.0,0.0,0.0,0.0,62.0,0.0,0.0,1.0,0.0,1.0,0.0,0.0,434180.50583333336,1.0,0.0,0.0,0.0,0.0,0.0,0.0,0.0,0.0,0.0,0.0,0.0,74.0,0.0,0.0,0.0,0.0,1.0,0.0,0.0,0.0,0.0,HTTP
0.0,0.000958,0.0,0.0,0.0,0.0,-0.0,0.0,0.0,74.0,0.0,74.0,1.0,0.0,0.000958,507918.4607708,1721542400.0,64.0,1.0,0.0,0.0,0.0,0.0,62.0,0.0,0.0,1.0,0.0,1.0,0.0,0.0,434180.50583333336,1.0,0.0,0.0,0.0,0.0,0.0,0.0,0.0,0.0,0.0,0.0,0.0,74.0,0.0,0.0,0.0,0.0,1.0,0.0,0.0,0.0,0.0,HTTP
0.0,0.000958,0.0,0.0,0.0,0.0,-0.0,0.0,0.0,74.0,0.0,74.0,1.0,0.0,0.000958,507918.4607708,1721542400.0,64.0,1.0,0.0,0.0,0.0,0.0,62.0,0.0,0.0,1.0,0.0,1.0,0.0,0.0,434180.50583333336,1.0,0.0,0.0,0.0,0.0,0.0,0.0,0.0,0.0,0.0,0.0,0.0,74.0,0.0,0.0,0.0,0.0,1.0,0.0,0.0,0.0,0.0,HTTP
0.0,0.000958,0.0,99.5,0.093467,0.0,-0.0,59657.421875,840852.9375,11848.0,0.0,11052.0,9.0,0.0,0.000958,8222720.0,1721542400.0,64.0,0.0,0.0,0.0,0.0,0.0,62.0,0.0,74.892746,1.0,8.0,0.0,0.0,171.183411,31872.0,17.0,0.0,0.0,0.0,0.0,0.093467,0.0,0.0,900510.375,0.093467,796.0,0.0,1228.0,0.0,0.0,0.093467,0.093467,0.0,0.0,0.0,85.591705,0.0,HTTP
0.0,0.0005,0.0,175.666672,0.137554,0.0,-0.0,20471.958984,12620.498047,960.0,0.0,433.0,2.0,0.0,0.0005,8222720.0,1721542400.0,64.0,0.0,0.0,0.0,0.0,0.0,62.0,0.0,14.539743,1.0,3.0,0.0,0.0,29.079487,31872.0,5.0,0.0,0.0,0.0,0.0,0.137554,0.0,0.0,33092.457031,0.137554,527.0,0.0,216.5,0.0,0.0,0.137554,0.137554,0.0,0.0,0.0,7.269872,0.0,HTTP
0.0,0.000958,0.0,175.333328,0.137058,0.0,-0.0,20487.675781,12666.169922,959.0,0.0,433.0,2.0,0.0,0.000958,8222720.0,1721542400.0,64.0,0.0,0.0,0.0,0.0,0.0,62.0,0.0,14.592361,1.0,3.0,0.0,0.0,29.184723,31872.0,5.0,0.0,0.0,0.0,0.0,0.137058,0.0,0.0,33153.847656,0.137058,526.0,0.0,216.5,0.0,0.0,0.137058,0.137058,0.0,0.0,0.0,7.296181,0.0,HTTP
0.0,0.0005,0.0,175.333328,0.121266,0.0,-0.0,23155.707031,14315.636719,959.0,0.0,433.0,2.0,0.0,0.0005,8222720.0,1721542400.0,64.0,0.0,0.0,0.0,0.0,0.0,62.0,0.0,16.492668,1.0,3.0,0.0,0.0,32.985336,31872.0,5.0,0.0,0.0,0.0,0.0,0.121266,0.0,0.0,37471.34375,0.121266,526.0,0.0,216.5,0.0,0.0,0.121266,0.121266,0.0,0.0,0.0,8.246334,0.0,HTTP
0.0,0.0005,0.0,130.333328,0.155463,0.07519,-0.0,33551.394531,136006.640625,3953.0,0.0,3171.0,6.0,0.0,0.07569,63488.0,1721542400.0,64.0,0.0,0.0,0.0,0.0,0.0,62.0,0.0,32.161995,0.0,6.0,0.0,0.0,70.756386,31872.0,12.0,0.0,0.0,0.0,0.0,0.155463,0.0,0.0,169558.03125,0.155463,782.0,0.0,528.5,0.0,0.0,0.155463,0.155463,0.0,0.0,0.0,32.161995,0.0,HTTP
0.0,0.000992,0.0,89.285713,0.279581,0.077311,-0.0,33221.140625,435251.3125,17547.0,0.0,16297.0,15.0,0.0,0.078303,64128.0,1721542400.0,64.0,0.0,0.0,0.0,0.0,0.0,62.0,0.0,46.49815,0.0,14.0,0.0,0.0,100.149864,31872.0,29.0,0.0,0.0,0.0,0.0,0.279581,0.0,0.0,468472.4375,0.279581,1250.0,0.0,1086.466675,0.0,0.0,0.279581,0.279581,0.0,0.0,0.0,50.074932,0.0,HTTP
0.0,0.001004,0.0,89.199997,0.295198,0.091885,-0.0,33848.46875,482875.90625,20269.0,0.0,18931.0,17.0,0.0,0.092889,62592.0,1721542400.0,64.0,0.0,0.0,0.0,0.0,0.0,62.0,0.0,47.425797,0.0,15.0,0.0,0.0,105.014267,31872.0,32.0,0.0,0.0,0.0,0.0,0.295198,0.0,0.0,516724.375,0.295198,1338.0,0.0,1113.588257,0.0,0.0,0.295198,0.295198,0.0,0.0,0.0,54.200909,0.0,HTTP
0.0,0.001003,0.0,104.375,0.897278,0.109793,-0.0,6517.489258,16850.964844,3040.0,0.0,2205.0,7.0,0.0,0.110796,64128.0,1721542400.0,64.0,0.0,0.0,0.0,0.0,0.0,62.0,0.0,7.801373,0.0,8.0,0.0,0.0,15.602745,31872.0,15.0,0.0,0.0,0.0,0.0,0.897278,0.0,0.0,23368.453125,0.897278,835.0,0.0,315.0,0.0,0.0,0.897278,0.897278,0.0,0.0,0.0,6.686891,0.0,HTTP
0.0,0.001508,4.0,104.111115,0.942295,0.401423,-0.0,7072.095215,98601.8125,13606.0,1.0,12669.0,12.0,0.0,0.402931,63872.0,1721542400.0,64.0,0.0,0.0,0.0,0.0,0.0,62.0,0.0,8.48991,0.0,9.0,4.0,0.0,21.224775,31872.0,21.0,0.0,0.0,16.0,0.0,0.942295,0.0,0.0,105673.914062,0.942295,937.0,0.0,1055.75,0.0,0.0,0.942295,0.942295,1.0,0.0,0.0,11.673627,0.0,HTTP
0.0,0.001011,7.0,92.294121,0.912167,0.401423,-0.0,12953.768555,508950.65625,61015.0,1.0,59446.0,42.0,0.0,0.402434,64128.0,1721542400.0,64.0,0.0,0.0,0.0,0.0,0.0,62.0,0.0,17.540648,0.0,17.0,7.0,0.0,63.584846,31872.0,59.0,0.0,0.0,10.606061,0.0,0.912167,0.0,0.0,521904.4375,0.912167,1569.0,0.0,1415.380981,0.0,0.0,0.912167,0.912167,1.0,0.0,1.0,44.94791,0.0,HTTP
0.0,0.000992,0.0,112.428574,0.680849,0.414505,-0.0,7931.273926,58268.425781,6454.0,0.0,5667.0,8.0,0.0,0.415497,62592.0,1721542400.0,64.0,0.0,0.0,0.0,0.0,0.0,62.0,0.0,8.812527,0.0,7.0,0.0,0.0,20.562561,31872.0,15.0,0.0,0.0,0.0,0.0,0.680849,0.0,0.0,66199.695312,0.680849,787.0,0.0,708.375,0.0,0.0,0.680849,0.680849,0.0,0.0,0.0,10.281281,0.0,HTTP
0.0,0.000992,0.0,130.199997,0.680849,0.41551,-0.0,6121.768555,8977.027344,1605.0,0.0,954.0,5.0,0.0,0.416502,64128.0,1721542400.0,64.0,0.0,0.0,0.0,0.0,0.0,62.0,0.0,5.875018,0.0,5.0,0.0,0.0,13.21879,31872.0,10.0,0.0,0.0,0.0,0.0,0.680849,0.0,0.0,15098.795898,0.680849,651.0,0.0,190.800003,0.0,0.0,0.680849,0.680849,0.0,0.0,0.0,5.875018,0.0,HTTP
0.0,0.000478,0.0,119.5,0.664892,0.41551,-0.0,7195.15332,11502.620117,1911.0,0.0,1194.0,5.0,0.0,0.415988,64128.0,1721542400.0,64.0,0.0,0.0,0.0,0.0,0.0,62.0,0.0,7.520018,0.0,6.0,0.0,0.0,15.040036,31872.0,11.0,0.0,0.0,0.0,0.0,0.664892,0.0,0.0,18697.773438,0.664892,717.0,0.0,238.800003,0.0,0.0,0.664892,0.664892,0.0,0.0,0.0,6.016015,0.0,HTTP
0.0,0.004842,0.0,171.666672,0.867449,0.242164,-0.0,3172.520752,12782.307617,2363.0,0.0,1848.0,4.0,0.0,0.247006,64256.0,1721542400.0,64.0,0.0,0.0,0.0,0.0,0.0,62.0,0.0,2.305611,0.0,3.0,0.0,0.0,6.916833,31872.0,7.0,0.0,0.0,0.0,0.0,0.867449,0.0,0.0,15954.829102,0.867449,515.0,0.0,462.0,0.0,0.0,0.867449,0.867449,0.0,0.0,0.0,3.458417,0.0,HTTP
0.0,0.004842,0.0,172.666672,0.86843,0.242164,-0.0,3187.361084,23260.365234,3674.0,0.0,3156.0,5.0,0.0,0.247006,64256.0,1721542400.0,64.0,0.0,0.0,0.0,0.0,0.0,62.0,0.0,2.303006,0.0,3.0,0.0,0.0,8.060523,31872.0,8.0,0.0,0.0,0.0,0.0,0.86843,0.0,0.0,26447.726562,0.86843,518.0,0.0,631.200012,0.0,0.0,0.86843,0.86843,0.0,0.0,0.0,4.606013,0.0,HTTP
0.0,0.003976,0.0,171.666672,0.851079,0.242661,-0.0,3233.54248,21676.013672,3397.0,0.0,2882.0,5.0,0.0,0.246637,64256.0,1721542400.0,64.0,0.0,0.0,0.0,0.0,0.0,62.0,0.0,2.349958,0.0,3.0,0.0,0.0,8.224854,31872.0,8.0,0.0,0.0,0.0,0.0,0.851079,0.0,0.0,24909.556641,0.851079,515.0,0.0,576.400024,0.0,0.0,0.851079,0.851079,0.0,0.0,0.0,4.699916,0.0,HTTP
0.0,0.000995,0.0,172.666672,0.85218,0.244861,-0.0,3248.140137,11856.650391,2202.0,0.0,1684.0,4.0,0.0,0.245856,64256.0,1721542400.0,64.0,0.0,0.0,0.0,0.0,0.0,62.0,0.0,2.346922,0.0,3.0,0.0,0.0,7.040766,31872.0,7.0,0.0,0.0,0.0,0.0,0.85218,0.0,0.0,15104.790039,0.85218,518.0,0.0,421.0,0.0,0.0,0.85218,0.85218,0.0,0.0,0.0,3.520383,0.0,HTTP
0.0,0.000995,0.0,172.666672,0.851465,0.245357,-0.0,3250.867676,31710.052734,4568.0,0.0,4050.0,6.0,0.0,0.246352,64256.0,1721542400.0,64.0,0.0,0.0,0.0,0.0,0.0,62.0,0.0,2.348893,0.0,3.0,0.0,0.0,9.395572,31872.0,9.0,0.0,0.0,0.0,0.0,0.851465,0.0,0.0,34960.921875,0.851465,518.0,0.0,675.0,0.0,0.0,0.851465,0.851465,0.0,0.0,0.0,5.872232,0.0,HTTP
0.0,0.001011,7.0,76.400002,0.94169,0.401423,-0.0,18825.728516,409442.59375,51948.0,1.0,49656.0,34.0,0.0,0.402434,161920.0,1721542400.0,64.0,0.0,0.0,0.0,0.0,0.0,62.0,0.0,30.795696,1.0,30.0,7.0,0.0,66.900993,31872.0,64.0,0.0,0.0,9.859155,0.0,0.94169,0.0,0.0,428268.3125,0.94169,2292.0,0.0,1460.470581,0.0,0.0,0.94169,0.94169,1.0,0.0,0.0,35.043377,0.0,HTTP
0.0,0.001508,0.0,66.0,0.001987,0.401423,-0.0,265727.21875,0.0,198.0,1.0,66.0,1.0,0.0,0.402931,63872.0,1721542400.0,64.0,0.0,0.0,0.0,0.0,0.0,62.0,0.0,503.271271,1.0,2.0,0.0,0.0,1006.542542,31872.0,3.0,0.0,0.0,0.0,0.0,0.001987,0.0,0.0,265727.21875,0.001987,132.0,0.0,66.0,0.0,0.0,0.001987,0.001987,0.0,0.0,0.0,0.0,0.0,HTTP
0.0,0.003976,0.0,66.0,0.001987,0.242661,-0.0,531454.4375,0.0,264.0,0.0,66.0,1.0,0.0,0.246637,63488.0,1721542400.0,64.0,0.0,0.0,0.0,0.0,0.0,62.0,0.0,1006.542542,1.0,3.0,0.0,0.0,1509.813843,31872.0,4.0,0.0,0.0,0.0,0.0,0.001987,0.0,0.0,531454.4375,0.001987,198.0,0.0,66.0,0.0,0.0,0.001987,0.001987,0.0,0.0,0.0,0.0,0.0,HTTP
0.0,0.000993,0.0,131.199997,0.493798,0.229988,-0.0,8505.50293,12053.511719,1586.0,0.0,930.0,5.0,0.0,0.230981,64128.0,1721542400.0,64.0,0.0,0.0,0.0,0.0,0.0,62.0,0.0,8.100478,0.0,5.0,0.0,0.0,18.226076,31872.0,10.0,0.0,0.0,0.0,0.0,0.493798,0.0,0.0,20559.013672,0.493798,656.0,0.0,186.0,0.0,0.0,0.493798,0.493798,0.0,0.0,0.0,8.100478,0.0,HTTP
0.0,0.004842,0.0,66.0,0.00149,0.242164,-0.0,708724.8125,0.0,264.0,0.0,66.0,1.0,0.0,0.247006,63488.0,1721542400.0,64.0,0.0,0.0,0.0,0.0,0.0,62.0,0.0,1342.28186,1.0,3.0,0.0,0.0,2013.422729,31872.0,4.0,0.0,0.0,0.0,0.0,0.00149,0.0,0.0,708724.8125,0.00149,198.0,0.0,66.0,0.0,0.0,0.00149,0.00149,0.0,0.0,0.0,0.0,0.0,HTTP
0.0,0.004842,0.0,66.0,0.000994,0.242164,-0.0,1062374.25,0.0,264.0,0.0,66.0,1.0,0.0,0.247006,64128.0,1721542400.0,64.0,0.0,0.0,0.0,0.0,0.0,62.0,0.0,2012.072388,1.0,3.0,0.0,0.0,3018.108643,31872.0,4.0,0.0,0.0,0.0,0.0,0.000994,0.0,0.0,1062374.25,0.000994,198.0,0.0,66.0,0.0,0.0,0.000994,0.000994,0.0,0.0,0.0,0.0,0.0,HTTP
0.0,0.000496,0.0,120.166664,0.492041,0.229005,-0.0,9771.543945,44028.851562,3970.0,0.0,3249.0,6.0,0.0,0.229501,63488.0,1721542400.0,64.0,0.0,0.0,0.0,0.0,0.0,62.0,0.0,10.161755,0.0,6.0,0.0,0.0,22.355862,31872.0,12.0,0.0,0.0,0.0,0.0,0.492041,0.0,0.0,53800.394531,0.492041,721.0,0.0,541.5,0.0,0.0,0.492041,0.492041,0.0,0.0,0.0,10.161755,0.0,HTTP
0.0,0.000496,0.0,120.333336,0.493009,0.229501,-0.0,9768.583984,39447.554688,3639.0,0.0,2917.0,6.0,0.0,0.229997,63488.0,1721542400.0,64.0,0.0,0.0,0.0,0.0,0.0,62.0,0.0,10.141803,0.0,6.0,0.0,0.0,22.311966,31872.0,12.0,0.0,0.0,0.0,0.0,0.493009,0.0,0.0,49216.140625,0.493009,722.0,0.0,486.166656,0.0,0.0,0.493009,0.493009,0.0,0.0,0.0,10.141803,0.0,HTTP
0.0,0.000995,0.0,66.0,0.00149,0.245357,-0.0,1063087.25,0.0,330.0,0.0,66.0,1.0,0.0,0.246352,64128.0,1721542400.0,64.0,0.0,0.0,0.0,0.0,0.0,62.0,0.0,2013.422729,1.0,4.0,0.0,0.0,2684.563721,31872.0,5.0,0.0,0.0,0.0,0.0,0.00149,0.0,0.0,1063087.25,0.00149,264.0,0.0,66.0,0.0,0.0,0.00149,0.00149,0.0,0.0,0.0,0.0,0.0,HTTP
0.0,0.000995,0.0,66.0,0.000993,0.244861,-0.0,1063444.125,0.0,264.0,0.0,66.0,1.0,0.0,0.245856,64128.0,1721542400.0,64.0,0.0,0.0,0.0,0.0,0.0,62.0,0.0,2014.098755,1.0,3.0,0.0,0.0,3021.147949,31872.0,4.0,0.0,0.0,0.0,0.0,0.000993,0.0,0.0,1063444.125,0.000993,198.0,0.0,66.0,0.0,0.0,0.000993,0.000993,0.0,0.0,0.0,0.0,0.0,HTTP
0.0,0.000498,0.0,95.545456,0.508491,0.229514,-0.0,15040.581055,216735.40625,15886.0,0.0,14835.0,14.0,0.0,0.230012,63488.0,1721542400.0,64.0,0.0,0.0,0.0,0.0,0.0,62.0,0.0,19.666033,0.0,11.0,0.0,0.0,47.198479,31872.0,25.0,0.0,0.0,0.0,0.0,0.508491,0.0,0.0,231775.984375,0.508491,1051.0,0.0,1059.642822,0.0,0.0,0.508491,0.508491,0.0,0.0,0.0,25.565842,0.0,HTTP
0.0,0.000993,0.0,119.166664,0.480136,0.216083,-0.0,9930.519531,23843.244141,2503.0,0.0,1788.0,5.0,0.0,0.217076,64128.0,1721542400.0,64.0,0.0,0.0,0.0,0.0,0.0,62.0,0.0,10.413716,0.0,6.0,0.0,0.0,20.827433,31872.0,11.0,0.0,0.0,0.0,0.0,0.480136,0.0,0.0,33773.761719,0.480136,715.0,0.0,357.600006,0.0,0.0,0.480136,0.480136,0.0,0.0,0.0,8.330973,0.0,HTTP
0.0,0.001498,0.0,119.5,0.463537,0.245555,-0.0,10320.642578,46874.359375,3976.0,0.0,3259.0,6.0,0.0,0.247053,64128.0,1721542400.0,64.0,0.0,0.0,0.0,0.0,0.0,62.0,0.0,10.786625,0.0,6.0,0.0,0.0,23.730576,31872.0,12.0,0.0,0.0,0.0,0.0,0.463537,0.0,0.0,57195.0,0.463537,717.0,0.0,543.166687,0.0,0.0,0.463537,0.463537,0.0,0.0,0.0,10.786625,0.0,HTTP
0.0,0.001472,0.0,130.0,0.477216,0.229439,-0.0,8717.226562,13897.270508,1686.0,0.0,1036.0,5.0,0.0,0.230911,64128.0,1721542400.0,64.0,0.0,0.0,0.0,0.0,0.0,62.0,0.0,8.381948,0.0,5.0,0.0,0.0,18.859385,31872.0,10.0,0.0,0.0,0.0,0.0,0.477216,0.0,0.0,22614.498047,0.477216,650.0,0.0,207.199997,0.0,0.0,0.477216,0.477216,0.0,0.0,0.0,8.381948,0.0,HTTP
0.0,0.00298,0.0,122.0,0.462361,0.228861,-0.0,10554.523438,17527.429688,1998.0,0.0,1266.0,5.0,0.0,0.231841,64128.0,1721542400.0,64.0,0.0,0.0,0.0,0.0,0.0,62.0,0.0,10.814061,0.0,6.0,0.0,0.0,21.628122,31872.0,11.0,0.0,0.0,0.0,0.0,0.462361,0.0,0.0,28081.953125,0.462361,732.0,0.0,253.199997,0.0,0.0,0.462361,0.462361,0.0,0.0,0.0,8.651249,0.0,HTTP
0.0,0.000486,0.0,102.555557,0.461057,0.213115,-0.0,14245.527344,117174.226562,8520.0,0.0,7597.0,9.0,0.0,0.213601,64128.0,1721542400.0,64.0,0.0,0.0,0.0,0.0,0.0,62.0,0.0,17.351433,0.0,9.0,0.0,0.0,36.871796,31872.0,18.0,0.0,0.0,0.0,0.0,0.461057,0.0,0.0,131419.75,0.461057,923.0,0.0,844.111084,0.0,0.0,0.461057,0.461057,0.0,0.0,0.0,17.351433,0.0,HTTP
0.0,0.00101,0.0,119.333336,0.476909,0.228015,-0.0,10014.489258,34572.632812,3189.0,0.0,2473.0,6.0,0.0,0.229025,63488.0,1721542400.0,64.0,0.0,0.0,0.0,0.0,0.0,62.0,0.0,10.48418,0.0,6.0,0.0,0.0,23.065197,31872.0,12.0,0.0,0.0,0.0,0.0,0.476909,0.0,0.0,44587.121094,0.476909,716.0,0.0,412.166656,0.0,0.0,0.476909,0.476909,0.0,0.0,0.0,10.48418,0.0,HTTP
0.0,0.000496,0.0,111.428574,0.495534,0.244048,-0.0,10800.469727,57763.945312,4954.0,0.0,4174.0,7.0,0.0,0.244544,62592.0,1721542400.0,64.0,0.0,0.0,0.0,0.0,0.0,62.0,0.0,12.10815,0.0,7.0,0.0,0.0,26.234325,31872.0,14.0,0.0,0.0,0.0,0.0,0.495534,0.0,0.0,68564.414062,0.495534,780.0,0.0,596.285706,0.0,0.0,0.495534,0.495534,0.0,0.0,0.0,12.10815,0.0,HTTP
0.0,0.000993,0.0,134.199997,0.553077,0.0,-0.0,7767.454102,19208.898438,2331.0,0.0,1660.0,5.0,0.0,0.000993,64128.0,1721542400.0,64.0,0.0,0.0,0.0,0.0,0.0,62.0,0.0,7.232266,0.0,5.0,0.0,0.0,16.272598,31872.0,10.0,0.0,0.0,0.0,0.0,0.553077,0.0,0.0,26976.353516,0.553077,671.0,0.0,332.0,0.0,0.0,0.553077,0.553077,0.0,0.0,0.0,7.232266,0.0,HTTP
0.0,0.001489,0.0,129.399994,0.617558,0.215516,-0.0,6710.300781,15493.28125,2241.0,0.0,1594.0,4.0,0.0,0.217005,64256.0,1721542400.0,64.0,0.0,0.0,0.0,0.0,0.0,62.0,0.0,6.477124,0.0,5.0,0.0,0.0,12.954248,31872.0,9.0,0.0,0.0,0.0,0.0,0.617558,0.0,0.0,22203.582031,0.617558,647.0,0.0,398.5,0.0,0.0,0.617558,0.617558,0.0,0.0,0.0,4.857843,0.0,HTTP
0.0,0.002484,0.0,139.600006,0.851005,0.230071,-0.0,5254.963379,21696.699219,3582.0,0.0,2884.0,5.0,0.0,0.232555,63488.0,1721542400.0,64.0,0.0,0.0,0.0,0.0,0.0,62.0,0.0,4.700325,0.0,5.0,0.0,0.0,10.575731,31872.0,10.0,0.0,0.0,0.0,0.0,0.851005,0.0,0.0,26951.662109,0.851005,698.0,0.0,576.799988,0.0,0.0,0.851005,0.851005,0.0,0.0,0.0,4.700325,0.0,HTTP
0.0,0.000994,0.0,118.428574,0.664576,0.308353,-0.0,8558.84082,56733.917969,6215.0,0.0,5386.0,8.0,0.0,0.309347,64128.0,1721542400.0,64.0,0.0,0.0,0.0,0.0,0.0,62.0,0.0,9.028313,0.0,7.0,0.0,0.0,21.066063,31872.0,15.0,0.0,0.0,0.0,0.0,0.664576,0.0,0.0,65292.757812,0.664576,829.0,0.0,673.25,0.0,0.0,0.664576,0.664576,0.0,0.0,0.0,10.533031,0.0,HTTP
0.0,0.000994,0.0,127.333336,0.680557,0.308353,-0.0,7487.983887,32467.521484,4078.0,0.0,3314.0,6.0,0.0,0.309347,64128.0,1721542400.0,64.0,0.0,0.0,0.0,0.0,0.0,62.0,0.0,7.346923,0.0,6.0,0.0,0.0,16.163231,31872.0,12.0,0.0,0.0,0.0,0.0,0.680557,0.0,0.0,39955.507812,0.680557,764.0,0.0,552.333313,0.0,0.0,0.680557,0.680557,0.0,0.0,0.0,7.346923,0.0,HTTP
0.0,0.000994,0.0,127.166664,0.75754,0.323268,-0.0,6716.477051,29009.689453,4059.0,0.0,3296.0,6.0,0.0,0.324262,63488.0,1721542400.0,64.0,0.0,0.0,0.0,0.0,0.0,62.0,0.0,6.600312,0.0,6.0,0.0,0.0,14.520685,31872.0,12.0,0.0,0.0,0.0,0.0,0.75754,0.0,0.0,35726.167969,0.75754,763.0,0.0,549.333313,0.0,0.0,0.75754,0.75754,0.0,0.0,0.0,6.600312,0.0,HTTP
0.0,0.001005,0.0,127.666664,0.524101,0.259261,-0.0,9753.844727,38007.941406,3754.0,0.0,2988.0,6.0,0.0,0.260266,63488.0,1721542400.0,64.0,0.0,0.0,0.0,0.0,0.0,62.0,0.0,9.540146,0.0,6.0,0.0,0.0,20.988319,31872.0,12.0,0.0,0.0,0.0,0.0,0.524101,0.0,0.0,47761.785156,0.524101,766.0,0.0,498.0,0.0,0.0,0.524101,0.524101,0.0,0.0,0.0,9.540146,0.0,HTTP
0.0,0.000508,2.0,108.0,0.785074,0.25996,-0.0,8804.265625,85709.117188,10317.0,1.0,9345.0,10.0,0.0,0.260468,61568.0,1721542400.0,64.0,0.0,0.0,0.0,0.0,0.0,62.0,0.0,10.190123,0.0,9.0,2.0,0.0,22.927774,31872.0,19.0,0.0,0.0,9.52381,0.0,0.785074,0.0,0.0,94513.382812,0.785074,972.0,0.0,934.5,0.0,0.0,0.785074,0.785074,1.0,0.0,0.0,11.463887,0.0,HTTP
0.0,0.000508,0.0,70.0,0.260969,0.260461,-0.0,2145.848633,0.0,214.0,0.0,74.0,1.0,0.0,0.260969,64256.0,1721542400.0,64.0,0.0,0.0,0.0,0.0,0.0,62.0,0.0,3.831872,0.0,2.0,0.0,0.0,7.663745,4077568.0,3.0,0.0,0.0,0.0,0.0,0.260969,0.0,0.0,2145.848633,0.260969,140.0,0.0,74.0,0.0,0.0,0.260969,0.260969,0.0,0.0,0.0,0.0,0.0,HTTP
0.0,0.0,0.0,116.571426,0.540049,0.260461,-0.0,10369.428711,103116.5625,8647.0,0.0,7831.0,9.0,0.0,0.260461,60672.0,1721542400.0,64.0,0.0,0.0,0.0,0.0,0.0,62.0,0.0,11.110103,0.0,7.0,0.0,0.0,27.775257,31872.0,16.0,0.0,0.0,0.0,0.0,0.540049,0.0,0.0,113485.992188,0.540049,816.0,0.0,870.111084,0.0,0.0,0.540049,0.540049,0.0,0.0,0.0,14.81347,0.0,HTTP
0.0,0.000496,0.0,116.85714,0.83391,0.244969,-0.0,6734.539551,63805.449219,8300.0,0.0,7482.0,9.0,0.0,0.245465,60672.0,1721542400.0,64.0,0.0,0.0,0.0,0.0,0.0,62.0,0.0,7.195021,0.0,7.0,0.0,0.0,17.987553,31872.0,16.0,0.0,0.0,0.0,0.0,0.83391,0.0,0.0,70539.984375,0.83391,818.0,0.0,831.333313,0.0,0.0,0.83391,0.83391,0.0,0.0,0.0,9.593362,0.0,HTTP
0.0,0.000994,0.0,66.0,0.00149,0.308353,-0.0,0.0,0.0,132.0,0.0,66.0,1.0,0.0,0.309347,64128.0,1721542400.0,64.0,0.0,0.0,0.0,0.0,0.0,62.0,0.0,0.0,1.0,1.0,0.0,0.0,671.14093,31872.0,2.0,0.0,0.0,0.0,0.0,0.00149,0.0,0.0,0.0,0.00149,66.0,0.0,66.0,0.0,0.0,0.00149,0.00149,0.0,0.0,0.0,0.0,0.0,HTTP
0.0,0.000994,0.0,66.0,0.00149,0.308353,-0.0,0.0,0.0,132.0,0.0,66.0,1.0,0.0,0.309347,64128.0,1721542400.0,64.0,0.0,0.0,0.0,0.0,0.0,62.0,0.0,0.0,1.0,1.0,0.0,0.0,671.14093,31872.0,2.0,0.0,0.0,0.0,0.0,0.00149,0.0,0.0,0.0,0.00149,66.0,0.0,66.0,0.0,0.0,0.00149,0.00149,0.0,0.0,0.0,0.0,0.0,HTTP
0.0,0.002484,0.0,66.0,0.001489,0.230071,-0.0,0.0,0.0,132.0,0.0,66.0,1.0,0.0,0.232555,63488.0,1721542400.0,64.0,0.0,0.0,0.0,0.0,0.0,62.0,0.0,0.0,1.0,1.0,0.0,0.0,671.591675,31872.0,2.0,0.0,0.0,0.0,0.0,0.001489,0.0,0.0,0.0,0.001489,66.0,0.0,66.0,0.0,0.0,0.001489,0.001489,0.0,0.0,0.0,0.0,0.0,HTTP
0.0,0.000508,2.0,156.0,0.95827,0.260461,-0.0,3907.040771,62111.929688,8993.0,1.0,8369.0,9.0,0.0,0.260969,64128.0,1721542400.0,64.0,0.0,0.0,0.0,1.0,0.0,62.0,0.0,3.130642,1.0,4.0,2.0,0.0,12.522567,31872.0,13.0,0.0,0.0,13.333333,0.0,0.95827,0.0,0.0,66018.96875,0.95827,624.0,0.0,929.888916,0.0,0.0,0.95827,0.95827,1.0,0.0,0.0,8.348377,0.0,HTTP
0.0,0.002074,0.0,130.166672,0.124147,0.059362,-0.0,41950.269531,157490.71875,3713.0,0.0,2932.0,6.0,0.0,0.061436,64128.0,1721542400.0,64.0,0.0,0.0,0.0,0.0,0.0,62.0,0.0,40.274837,0.0,6.0,0.0,0.0,88.604637,31872.0,12.0,0.0,0.0,0.0,0.0,0.124147,0.0,0.0,199440.984375,0.124147,781.0,0.0,488.666656,0.0,0.0,0.124147,0.124147,0.0,0.0,0.0,40.274837,0.0,HTTP
0.0,0.000656,0.0,127.833336,0.141096,0.060433,-0.0,36287.351562,80058.96875,2532.0,0.0,1765.0,5.0,0.0,0.061089,64128.0,1721542400.0,64.0,0.0,0.0,0.0,0.0,0.0,62.0,0.0,35.436867,0.0,6.0,0.0,0.0,70.873734,31872.0,11.0,0.0,0.0,0.0,0.0,0.141096,0.0,0.0,116346.320312,0.141096,767.0,0.0,353.0,0.0,0.0,0.141096,0.141096,0.0,0.0,0.0,28.349493,0.0,HTTP
0.0,0.000656,0.0,68.210526,0.66538,0.060928,-0.0,123839.007812,3891610.75,335527.0,0.0,325159.0,219.0,0.0,0.061584,421248.0,1721542400.0,64.0,0.0,0.0,0.0,0.0,0.0,62.0,0.0,226.937988,0.0,152.0,0.0,0.0,556.073242,31872.0,371.0,0.0,0.0,0.0,0.0,0.66538,0.0,0.0,4015449.75,0.66538,10368.0,0.0,1484.744263,0.0,0.0,0.66538,0.66538,0.0,0.0,0.0,327.632324,0.0,HTTP
0.0,0.0,0.0,94.25,0.17012,0.060928,-0.0,48765.578125,599153.5625,14933.0,0.0,13802.0,13.0,0.0,0.060928,64128.0,1721542400.0,64.0,0.0,0.0,0.0,0.0,0.0,62.0,0.0,64.66024,0.0,12.0,0.0,0.0,141.076889,31872.0,25.0,0.0,0.0,0.0,0.0,0.17012,0.0,0.0,647919.1875,0.17012,1131.0,0.0,1061.692261,0.0,0.0,0.17012,0.17012,0.0,0.0,0.0,70.538445,0.0,HTTP
0.0,0.000999,0.0,125.166664,0.110878,0.045445,-0.0,45166.761719,75326.039062,2056.0,0.0,1305.0,5.0,0.0,0.046444,64128.0,1721542400.0,64.0,0.0,0.0,0.0,0.0,0.0,62.0,0.0,45.094608,0.0,6.0,0.0,0.0,90.189217,31872.0,11.0,0.0,0.0,0.0,0.0,0.110878,0.0,0.0,120492.796875,0.110878,751.0,0.0,261.0,0.0,0.0,0.110878,0.110878,0.0,0.0,0.0,36.075687,0.0,HTTP
0.0,0.000646,0.0,129.166672,0.125051,0.060736,-0.0,41327.136719,163581.25,3843.0,0.0,3068.0,6.0,0.0,0.061382,63488.0,1721542400.0,64.0,0.0,0.0,0.0,0.0,0.0,62.0,0.0,39.983685,0.0,6.0,0.0,0.0,87.964104,31872.0,12.0,0.0,0.0,0.0,0.0,0.125051,0.0,0.0,204908.390625,0.125051,775.0,0.0,511.333344,0.0,0.0,0.125051,0.125051,0.0,0.0,0.0,39.983685,0.0,HTTP
0.0,0.000953,0.0,72.775513,0.464639,0.045269,-0.0,60158.53125,1666119.25,101757.0,0.0,98191.0,69.0,0.0,0.046222,158848.0,1721542400.0,64.0,0.0,0.0,0.0,0.0,0.0,62.0,0.0,103.306007,0.0,49.0,0.0,0.0,251.808395,31872.0,118.0,0.0,0.0,0.0,0.0,0.464639,0.0,0.0,1726277.75,0.464639,3566.0,0.0,1423.057983,0.0,0.0,0.464639,0.464639,0.0,0.0,0.0,146.350174,0.0,HTTP
0.0,0.000953,0.0,73.795456,0.418138,0.045765,-0.0,60726.363281,1678087.125,92370.0,0.0,89123.0,63.0,0.0,0.046718,145280.0,1721542400.0,64.0,0.0,0.0,0.0,0.0,0.0,62.0,0.0,102.836861,0.0,44.0,0.0,0.0,253.504822,31872.0,107.0,0.0,0.0,0.0,0.0,0.418138,0.0,0.0,1738813.5,0.418138,3247.0,0.0,1414.650757,0.0,0.0,0.418138,0.418138,0.0,0.0,0.0,148.276413,0.0,HTTP
0.0,0.001458,0.0,72.936172,0.448359,0.04526,-0.0,59880.585938,1509344.0,89428.0,0.0,86000.0,61.0,0.0,0.046718,140032.0,1721542400.0,64.0,0.0,0.0,0.0,0.0,0.0,62.0,0.0,102.596352,0.0,47.0,0.0,0.0,238.648041,31872.0,108.0,0.0,0.0,0.0,0.0,0.448359,0.0,0.0,1569224.625,0.448359,3428.0,0.0,1409.83606,0.0,0.0,0.448359,0.448359,0.0,0.0,0.0,133.821335,0.0,HTTP
0.0,0.001458,0.0,95.36364,0.155398,0.045767,-0.0,49112.601562,577768.0625,13292.0,0.0,12243.0,12.0,0.0,0.047225,64128.0,1721542400.0,64.0,0.0,0.0,0.0,0.0,0.0,62.0,0.0,64.350891,0.0,11.0,0.0,0.0,141.57196,31872.0,23.0,0.0,0.0,0.0,0.0,0.155398,0.0,0.0,626880.6875,0.155398,1049.0,0.0,1020.25,0.0,0.0,0.155398,0.155398,0.0,0.0,0.0,70.78598,0.0,HTTP
0.0,0.00186,0.0,104.555557,0.13924,0.074801,-0.0,48089.628906,420798.625,9078.0,0.0,8137.0,10.0,0.0,0.076661,64128.0,1721542400.0,64.0,0.0,0.0,0.0,0.0,0.0,62.0,0.0,57.454754,0.0,9.0,0.0,0.0,129.273193,31872.0,19.0,0.0,0.0,0.0,0.0,0.13924,0.0,0.0,468888.25,0.13924,941.0,0.0,813.700012,0.0,0.0,0.13924,0.13924,0.0,0.0,0.0,64.636597,0.0,HTTP
0.0,0.000993,0.0,113.875,0.124749,0.060214,-0.0,51174.761719,364764.46875,7411.0,0.0,6500.0,8.0,0.0,0.061207,61568.0,1721542400.0,64.0,0.0,0.0,0.0,0.0,0.0,62.0,0.0,56.112675,0.0,8.0,0.0,0.0,120.241447,31872.0,16.0,0.0,0.0,0.0,0.0,0.124749,0.0,0.0,415939.21875,0.124749,911.0,0.0,812.5,0.0,0.0,0.124749,0.124749,0.0,0.0,0.0,56.112675,0.0,HTTP
0.0,0.001494,0.0,113.0,0.124896,0.061013,-0.0,43428.132812,223097.625,4854.0,0.0,4063.0,7.0,0.0,0.062507,64128.0,1721542400.0,64.0,0.0,0.0,0.0,0.0,0.0,62.0,0.0,48.03997,0.0,7.0,0.0,0.0,104.086601,31872.0,14.0,0.0,0.0,0.0,0.0,0.124896,0.0,0.0,266525.75,0.124896,791.0,0.0,580.428589,0.0,0.0,0.124896,0.124896,0.0,0.0,0.0,48.03997,0.0,HTTP
0.0,0.001494,0.0,120.5,0.140555,0.061013,-0.0,34321.085938,82188.46875,2528.0,0.0,1805.0,5.0,0.0,0.062507,64128.0,1721542400.0,64.0,0.0,0.0,0.0,0.0,0.0,62.0,0.0,35.573265,0.0,6.0,0.0,0.0,71.14653,31872.0,11.0,0.0,0.0,0.0,0.0,0.140555,0.0,0.0,116509.554688,0.140555,723.0,0.0,361.0,0.0,0.0,0.140555,0.140555,0.0,0.0,0.0,28.458612,0.0,HTTP
0.0,0.000998,0.0,120.833336,0.140828,0.061013,-0.0,34368.164062,89527.648438,2694.0,0.0,1969.0,5.0,0.0,0.062011,64128.0,1721542400.0,64.0,0.0,0.0,0.0,0.0,0.0,62.0,0.0,35.504303,0.0,6.0,0.0,0.0,71.008606,31872.0,11.0,0.0,0.0,0.0,0.0,0.140828,0.0,0.0,123895.820312,0.140828,725.0,0.0,393.799988,0.0,0.0,0.140828,0.140828,0.0,0.0,0.0,28.403442,0.0,HTTP
0.0,0.000998,0.0,121.166664,0.157215,0.061013,-0.0,30836.751953,77855.164062,2639.0,0.0,1912.0,5.0,0.0,0.062011,64128.0,1721542400.0,64.0,0.0,0.0,0.0,0.0,0.0,62.0,0.0,31.803581,0.0,6.0,0.0,0.0,63.607162,31872.0,11.0,0.0,0.0,0.0,0.0,0.157215,0.0,0.0,108691.921875,0.157215,727.0,0.0,382.399994,0.0,0.0,0.157215,0.157215,0.0,0.0,0.0,25.442865,0.0,HTTP
0.0,0.001499,0.0,121.0,0.156598,0.061303,-0.0,30907.164062,73819.585938,2532.0,0.0,1806.0,5.0,0.0,0.062802,64128.0,1721542400.0,64.0,0.0,0.0,0.0,0.0,0.0,62.0,0.0,31.928888,0.0,6.0,0.0,0.0,63.857777,31872.0,11.0,0.0,0.0,0.0,0.0,0.156598,0.0,0.0,104726.75,0.156598,726.0,0.0,361.200012,0.0,0.0,0.156598,0.156598,0.0,0.0,0.0,25.54311,0.0,HTTP
0.0,0.001499,0.0,120.333336,0.140828,0.061303,-0.0,34197.746094,148322.78125,3855.0,0.0,3133.0,6.0,0.0,0.062802,63488.0,1721542400.0,64.0,0.0,0.0,0.0,0.0,0.0,62.0,0.0,35.504303,0.0,6.0,0.0,0.0,78.109467,31872.0,12.0,0.0,0.0,0.0,0.0,0.140828,0.0,0.0,182520.515625,0.140828,722.0,0.0,522.166687,0.0,0.0,0.140828,0.140828,0.0,0.0,0.0,35.504303,0.0,HTTP
0.0,0.001333,0.0,120.333336,0.124708,0.060943,-0.0,38618.214844,200147.546875,4361.0,0.0,3639.0,7.0,0.0,0.062276,62592.0,1721542400.0,64.0,0.0,0.0,0.0,0.0,0.0,62.0,0.0,40.093658,0.0,6.0,0.0,0.0,96.224785,31872.0,13.0,0.0,0.0,0.0,0.0,0.124708,0.0,0.0,238765.765625,0.124708,722.0,0.0,519.857117,0.0,0.0,0.124708,0.124708,0.0,0.0,0.0,48.112392,0.0,HTTP
0.0,0.000769,0.0,120.333336,0.123874,0.059936,-0.0,38878.214844,158548.203125,3667.0,0.0,2945.0,6.0,0.0,0.060705,63488.0,1721542400.0,64.0,0.0,0.0,0.0,0.0,0.0,62.0,0.0,40.363594,0.0,6.0,0.0,0.0,88.799911,31872.0,12.0,0.0,0.0,0.0,0.0,0.123874,0.0,0.0,197426.421875,0.123874,722.0,0.0,490.833344,0.0,0.0,0.123874,0.123874,0.0,0.0,0.0,40.363594,0.0,HTTP
0.0,0.000501,0.0,95.818184,0.139229,0.059435,-0.0,55103.460938,591141.1875,12277.0,0.0,11223.0,12.0,0.0,0.059936,58752.0,1721542400.0,64.0,0.0,0.0,0.0,0.0,0.0,62.0,0.0,71.82412,0.0,11.0,0.0,0.0,158.013062,31872.0,23.0,0.0,0.0,0.0,0.0,0.139229,0.0,0.0,646244.6875,0.139229,1054.0,0.0,935.25,0.0,0.0,0.139229,0.139229,0.0,0.0,0.0,79.006531,0.0,HTTP
0.0,0.000501,0.0,107.0,0.138731,0.059435,-0.0,43191.5,256035.0625,5930.0,0.0,5074.0,8.0,0.0,0.059936,64128.0,1721542400.0,64.0,0.0,0.0,0.0,0.0,0.0,62.0,0.0,50.457359,0.0,8.0,0.0,0.0,108.12291,31872.0,16.0,0.0,0.0,0.0,0.0,0.138731,0.0,0.0,299226.5625,0.138731,856.0,0.0,634.25,0.0,0.0,0.138731,0.138731,0.0,0.0,0.0,50.457359,0.0,HTTP
0.0,0.002124,0.0,120.333336,0.13988,0.058678,-0.0,34429.511719,85387.476562,2588.0,0.0,1866.0,5.0,0.0,0.060802,64128.0,1721542400.0,64.0,0.0,0.0,0.0,0.0,0.0,62.0,0.0,35.744923,0.0,6.0,0.0,0.0,71.489845,31872.0,11.0,0.0,0.0,0.0,0.0,0.13988,0.0,0.0,119816.984375,0.13988,722.0,0.0,373.200012,0.0,0.0,0.13988,0.13988,0.0,0.0,0.0,28.59594,0.0,HTTP
0.0,0.001629,0.0,120.666664,0.139385,0.059173,-0.0,34666.570312,102851.8125,2874.0,0.0,2150.0,6.0,0.0,0.060802,64128.0,1721542400.0,64.0,0.0,0.0,0.0,0.0,0.0,62.0,0.0,35.871864,0.0,6.0,0.0,0.0,78.918106,31872.0,12.0,0.0,0.0,0.0,0.0,0.139385,0.0,0.0,137518.390625,0.139385,724.0,0.0,358.333344,0.0,0.0,0.139385,0.139385,0.0,0.0,0.0,35.871864,0.0,HTTP
0.0,0.001001,0.0,112.571426,0.140115,0.074897,-0.0,38596.867188,197437.828125,4822.0,0.0,4034.0,7.0,0.0,0.075898,64128.0,1721542400.0,64.0,0.0,0.0,0.0,0.0,0.0,62.0,0.0,42.821968,0.0,7.0,0.0,0.0,92.780937,31872.0,14.0,0.0,0.0,0.0,0.0,0.140115,0.0,0.0,236034.703125,0.140115,788.0,0.0,576.285706,0.0,0.0,0.140115,0.140115,0.0,0.0,0.0,42.821968,0.0,HTTP
0.0,0.001425,0.0,91.230766,0.201168,0.059735,-0.0,43545.691406,806569.625,22661.0,0.0,21475.0,18.0,0.0,0.06116,67072.0,1721542400.0,64.0,0.0,0.0,0.0,0.0,0.0,62.0,0.0,59.651634,0.0,13.0,0.0,0.0,149.129089,31872.0,31.0,0.0,0.0,0.0,0.0,0.201168,0.0,0.0,850115.3125,0.201168,1186.0,0.0,1193.055542,0.0,0.0,0.201168,0.201168,0.0,0.0,0.0,84.506485,0.0,HTTP
0.0,0.000999,0.0,120.333336,0.139682,0.059111,-0.0,34478.316406,121246.835938,3262.0,0.0,2540.0,6.0,0.0,0.06011,63488.0,1721542400.0,64.0,0.0,0.0,0.0,0.0,0.0,62.0,0.0,35.795593,0.0,6.0,0.0,0.0,78.750305,31872.0,12.0,0.0,0.0,0.0,0.0,0.139682,0.0,0.0,155725.15625,0.139682,722.0,0.0,423.333344,0.0,0.0,0.139682,0.139682,0.0,0.0,0.0,35.795593,0.0,HTTP
0.0,0.001517,0.0,120.333336,0.139682,0.05909,-0.0,34478.316406,151028.765625,3886.0,0.0,3164.0,6.0,0.0,0.060607,64128.0,1721542400.0,64.0,0.0,0.0,0.0,0.0,0.0,62.0,0.0,35.795593,0.0,6.0,0.0,0.0,78.750305,31872.0,12.0,0.0,0.0,0.0,0.0,0.139682,0.0,0.0,185507.09375,0.139682,722.0,0.0,527.333313,0.0,0.0,0.139682,0.139682,0.0,0.0,0.0,35.795593,0.0,HTTP
0.0,0.001003,0.0,120.333336,0.140197,0.059597,-0.0,34351.664062,105736.929688,2945.0,0.0,2223.0,6.0,0.0,0.0606,64128.0,1721542400.0,64.0,0.0,0.0,0.0,0.0,0.0,62.0,0.0,35.664104,0.0,6.0,0.0,0.0,78.461029,31872.0,12.0,0.0,0.0,0.0,0.0,0.140197,0.0,0.0,140088.59375,0.140197,722.0,0.0,370.5,0.0,0.0,0.140197,0.140197,0.0,0.0,0.0,35.664104,0.0,HTTP
0.0,0.001505,0.0,120.333336,0.139185,0.059592,-0.0,34601.429688,165650.03125,4180.0,0.0,3458.0,6.0,0.0,0.061097,63488.0,1721542400.0,64.0,0.0,0.0,0.0,0.0,0.0,62.0,0.0,35.923412,0.0,6.0,0.0,0.0,79.031509,31872.0,12.0,0.0,0.0,0.0,0.0,0.139185,0.0,0.0,200251.453125,0.139185,722.0,0.0,576.333313,0.0,0.0,0.139185,0.139185,0.0,0.0,0.0,35.923412,0.0,HTTP
0.0,0.001502,0.0,120.333336,0.139745,0.07564,-0.0,34462.773438,128061.828125,3406.0,0.0,2684.0,6.0,0.0,0.077142,64128.0,1721542400.0,64.0,0.0,0.0,0.0,0.0,0.0,62.0,0.0,35.779457,0.0,6.0,0.0,0.0,78.714806,31872.0,12.0,0.0,0.0,0.0,0.0,0.139745,0.0,0.0,162524.609375,0.139745,722.0,0.0,447.333344,0.0,0.0,0.139745,0.139745,0.0,0.0,0.0,35.779457,0.0,HTTP
0.0,0.000999,0.0,120.666664,0.139852,0.058978,-0.0,34550.808594,58461.800781,2001.0,0.0,1277.0,5.0,0.0,0.059977,64128.0,1721542400.0,64.0,0.0,0.0,0.0,0.0,0.0,62.0,0.0,35.752079,0.0,6.0,0.0,0.0,71.504158,31872.0,11.0,0.0,0.0,0.0,0.0,0.139852,0.0,0.0,93012.609375,0.139852,724.0,0.0,255.399994,0.0,0.0,0.139852,0.139852,0.0,0.0,0.0,28.601664,0.0,HTTP
0.0,0.000999,0.0,123.5,0.139852,0.059473,-0.0,35351.65625,83230.84375,2559.0,0.0,1818.0,5.0,0.0,0.060472,64128.0,1721542400.0,64.0,0.0,0.0,0.0,0.0,0.0,62.0,0.0,35.752079,0.0,6.0,0.0,0.0,71.504158,31872.0,11.0,0.0,0.0,0.0,0.0,0.139852,0.0,0.0,118582.5,0.139852,741.0,0.0,363.600006,0.0,0.0,0.139852,0.139852,0.0,0.0,0.0,28.601664,0.0,HTTP
0.0,0.001012,0.0,134.600006,0.139663,0.060225,-0.0,30874.320312,33222.832031,1397.0,0.0,724.0,5.0,0.0,0.061237,64128.0,1721542400.0,64.0,0.0,0.0,0.0,0.0,0.0,62.0,0.0,28.640371,0.0,5.0,0.0,0.0,64.440834,31872.0,10.0,0.0,0.0,0.0,0.0,0.139663,0.0,0.0,64097.148438,0.139663,673.0,0.0,144.800003,0.0,0.0,0.139663,0.139663,0.0,0.0,0.0,28.640371,0.0,HTTP
0.0,0.001531,0.0,108.875,0.155393,0.059706,-0.0,39281.046875,264464.9375,6741.0,0.0,5870.0,8.0,0.0,0.061237,63488.0,1721542400.0,64.0,0.0,0.0,0.0,0.0,0.0,62.0,0.0,45.047073,0.0,8.0,0.0,0.0,96.529442,31872.0,16.0,0.0,0.0,0.0,0.0,0.155393,0.0,0.0,303745.96875,0.155393,871.0,0.0,733.75,0.0,0.0,0.155393,0.155393,0.0,0.0,0.0,45.047073,0.0,HTTP
0.0,0.001235,0.0,123.166664,0.155019,0.060266,-0.0,31789.652344,122514.015625,3587.0,0.0,2848.0,6.0,0.0,0.061501,64000.0,1721542400.0,64.0,0.0,0.0,0.0,0.0,0.0,62.0,0.0,32.254112,0.0,6.0,0.0,0.0,70.959045,31872.0,12.0,0.0,0.0,0.0,0.0,0.155019,0.0,0.0,154303.671875,0.155019,739.0,0.0,474.666656,0.0,0.0,0.155019,0.155019,0.0,0.0,0.0,32.254112,0.0,HTTP
0.0,0.001502,0.0,123.166664,0.184877,0.074569,-0.0,26655.560547,76980.914062,2873.0,0.0,2134.0,6.0,0.0,0.076071,64000.0,1721542400.0,64.0,0.0,0.0,0.0,0.0,0.0,62.0,0.0,27.04501,0.0,6.0,0.0,0.0,59.49902,31872.0,12.0,0.0,0.0,0.0,0.0,0.184877,0.0,0.0,103636.476562,0.184877,739.0,0.0,355.666656,0.0,0.0,0.184877,0.184877,0.0,0.0,0.0,27.04501,0.0,HTTP
0.0,0.000505,0.0,123.166664,0.182871,0.089931,-0.0,26947.957031,48515.074219,2125.0,0.0,1386.0,5.0,0.0,0.090436,64128.0,1721542400.0,64.0,0.0,0.0,0.0,0.0,0.0,62.0,0.0,27.341679,0.0,6.0,0.0,0.0,54.683357,31872.0,11.0,0.0,0.0,0.0,0.0,0.182871,0.0,0.0,75463.03125,0.182871,739.0,0.0,277.200012,0.0,0.0,0.182871,0.182871,0.0,0.0,0.0,21.873343,0.0,HTTP
0.0,0.000505,0.0,134.600006,0.182871,0.090473,-0.0,23579.462891,31891.333984,1584.0,0.0,911.0,5.0,0.0,0.090978,64128.0,1721542400.0,64.0,0.0,0.0,0.0,0.0,0.0,62.0,0.0,21.873343,0.0,5.0,0.0,0.0,49.215019,31872.0,10.0,0.0,0.0,0.0,0.0,0.182871,0.0,0.0,55470.796875,0.182871,673.0,0.0,182.199997,0.0,0.0,0.182871,0.182871,0.0,0.0,0.0,21.873343,0.0,HTTP
0.0,0.000497,0.0,123.333336,0.183685,0.091055,-0.0,26872.089844,54571.683594,2306.0,0.0,1566.0,5.0,0.0,0.091552,64128.0,1721542400.0,64.0,0.0,0.0,0.0,0.0,0.0,62.0,0.0,27.220512,0.0,6.0,0.0,0.0,54.441025,31872.0,11.0,0.0,0.0,0.0,0.0,0.183685,0.0,0.0,81443.773438,0.183685,740.0,0.0,313.200012,0.0,0.0,0.183685,0.183685,0.0,0.0,0.0,21.776411,0.0,HTTP
0.0,0.000998,0.0,135.399994,0.184899,0.089549,-0.0,23450.640625,22498.769531,1327.0,0.0,650.0,5.0,0.0,0.090547,64128.0,1721542400.0,64.0,0.0,0.0,0.0,0.0,0.0,62.0,0.0,21.633432,0.0,5.0,0.0,0.0,48.67522,31872.0,10.0,0.0,0.0,0.0,0.0,0.184899,0.0,0.0,45949.410156,0.184899,677.0,0.0,130.0,0.0,0.0,0.184899,0.184899,0.0,0.0,0.0,21.633432,0.0,HTTP
0.0,0.000648,0.0,123.166664,0.168968,0.090967,-0.0,29165.285156,132995.59375,4109.0,0.0,3370.0,6.0,0.0,0.091615,64128.0,1721542400.0,64.0,0.0,0.0,0.0,0.0,0.0,62.0,0.0,29.5914,0.0,6.0,0.0,0.0,65.101082,31872.0,12.0,0.0,0.0,0.0,0.0,0.168968,0.0,0.0,162160.875,0.168968,739.0,0.0,561.666687,0.0,0.0,0.168968,0.168968,0.0,0.0,0.0,29.5914,0.0,HTTP
0.0,0.001489,0.0,134.600006,0.14059,0.075367,-0.0,30670.746094,37271.5,1491.0,0.0,818.0,5.0,0.0,0.076856,64128.0,1721542400.0,64.0,0.0,0.0,0.0,0.0,0.0,62.0,0.0,28.451527,0.0,5.0,0.0,0.0,64.015938,31872.0,10.0,0.0,0.0,0.0,0.0,0.14059,0.0,0.0,67942.242188,0.14059,673.0,0.0,163.600006,0.0,0.0,0.14059,0.14059,0.0,0.0,0.0,28.451527,0.0,HTTP
0.0,0.001432,0.0,97.909088,0.139793,0.059432,-0.0,56082.925781,509782.34375,10875.0,0.0,9798.0,11.0,0.0,0.060864,58752.0,1721542400.0,64.0,0.0,0.0,0.0,0.0,0.0,62.0,0.0,71.53434,0.0,11.0,0.0,0.0,150.222122,31872.0,22.0,0.0,0.0,0.0,0.0,0.139793,0.0,0.0,565865.25,0.139793,1077.0,0.0,890.727295,0.0,0.0,0.139793,0.139793,0.0,0.0,0.0,71.53434,0.0,HTTP
0.0,0.000993,0.0,110.75,0.140558,0.060533,-0.0,44166.820312,252593.234375,5958.0,0.0,5072.0,8.0,0.0,0.061526,63488.0,1721542400.0,64.0,0.0,0.0,0.0,0.0,0.0,62.0,0.0,49.801502,0.0,8.0,0.0,0.0,106.717506,31872.0,16.0,0.0,0.0,0.0,0.0,0.140558,0.0,0.0,296760.0625,0.140558,886.0,0.0,634.0,0.0,0.0,0.140558,0.140558,0.0,0.0,0.0,49.801502,0.0,HTTP
0.0,0.000497,0.0,117.428574,0.156189,0.061026,-0.0,36110.097656,291851.5625,7333.0,0.0,6511.0,8.0,0.0,0.061523,61568.0,1721542400.0,64.0,0.0,0.0,0.0,0.0,0.0,62.0,0.0,38.414997,0.0,7.0,0.0,0.0,89.634995,31872.0,15.0,0.0,0.0,0.0,0.0,0.156189,0.0,0.0,327961.6875,0.156189,822.0,0.0,813.875,0.0,0.0,0.156189,0.156189,0.0,0.0,0.0,44.817497,0.0,HTTP
0.0,0.000994,0.0,117.428574,0.140562,0.060529,-0.0,40124.644531,308874.375,7024.0,0.0,6202.0,8.0,0.0,0.061523,64128.0,1721542400.0,64.0,0.0,0.0,0.0,0.0,0.0,62.0,0.0,42.685791,0.0,7.0,0.0,0.0,99.600182,31872.0,15.0,0.0,0.0,0.0,0.0,0.140562,0.0,0.0,348999.03125,0.140562,822.0,0.0,775.25,0.0,0.0,0.140562,0.140562,0.0,0.0,0.0,49.800091,0.0,HTTP
0.0,0.000994,0.0,111.0,0.140562,0.061025,-0.0,44222.480469,287759.15625,6666.0,0.0,5778.0,8.0,0.0,0.062019,64128.0,1721542400.0,64.0,0.0,0.0,0.0,0.0,0.0,62.0,0.0,49.800091,0.0,8.0,0.0,0.0,106.714478,31872.0,16.0,0.0,0.0,0.0,0.0,0.140562,0.0,0.0,331981.625,0.140562,888.0,0.0,722.25,0.0,0.0,0.140562,0.140562,0.0,0.0,0.0,49.800091,0.0,HTTP
0.0,0.001004,0.0,126.0,0.155692,0.060518,-0.0,32371.605469,146956.8125,4188.0,0.0,3432.0,6.0,0.0,0.061522,64128.0,1721542400.0,64.0,0.0,0.0,0.0,0.0,0.0,62.0,0.0,32.114689,0.0,6.0,0.0,0.0,70.652313,31872.0,12.0,0.0,0.0,0.0,0.0,0.155692,0.0,0.0,179328.421875,0.155692,756.0,0.0,572.0,0.0,0.0,0.155692,0.155692,0.0,0.0,0.0,32.114689,0.0,HTTP
0.0,0.000495,0.0,111.0,0.140011,0.061187,-0.0,44396.511719,280320.84375,6494.0,0.0,5606.0,8.0,0.0,0.061682,64128.0,1721542400.0,64.0,0.0,0.0,0.0,0.0,0.0,62.0,0.0,49.996071,0.0,8.0,0.0,0.0,107.134438,31872.0,16.0,0.0,0.0,0.0,0.0,0.140011,0.0,0.0,324717.34375,0.140011,888.0,0.0,700.75,0.0,0.0,0.140011,0.140011,0.0,0.0,0.0,49.996071,0.0,HTTP
0.0,0.0005,0.0,126.0,0.123017,0.059508,-0.0,40969.949219,278075.40625,5744.0,0.0,4988.0,7.0,0.0,0.060008,62592.0,1721542400.0,64.0,0.0,0.0,0.0,0.0,0.0,62.0,0.0,40.644791,0.0,6.0,0.0,0.0,97.547493,31872.0,13.0,0.0,0.0,0.0,0.0,0.123017,0.0,0.0,319045.34375,0.123017,756.0,0.0,712.571411,0.0,0.0,0.123017,0.123017,0.0,0.0,0.0,48.773746,0.0,HTTP
0.0,0.000901,0.0,111.0,0.140282,0.060357,-0.0,44310.742188,272536.75,6349.0,0.0,5461.0,8.0,0.0,0.061258,62592.0,1721542400.0,64.0,0.0,0.0,0.0,0.0,0.0,62.0,0.0,49.899487,0.0,8.0,0.0,0.0,106.927467,31872.0,16.0,0.0,0.0,0.0,0.0,0.140282,0.0,0.0,316847.46875,0.140282,888.0,0.0,682.625,0.0,0.0,0.140282,0.140282,0.0,0.0,0.0,49.899487,0.0,HTTP
0.0,0.000901,0.0,117.428574,0.140282,0.060852,-0.0,40204.730469,321466.75,7264.0,0.0,6442.0,8.0,0.0,0.061753,61568.0,1721542400.0,64.0,0.0,0.0,0.0,0.0,0.0,62.0,0.0,42.770988,0.0,7.0,0.0,0.0,99.798973,31872.0,15.0,0.0,0.0,0.0,0.0,0.140282,0.0,0.0,361671.46875,0.140282,822.0,0.0,805.25,0.0,0.0,0.140282,0.140282,0.0,0.0,0.0,49.899487,0.0,HTTP
0.0,0.000521,0.0,117.428574,0.155287,0.074921,-0.0,36319.847656,250529.671875,6379.0,0.0,5557.0,8.0,0.0,0.075442,64128.0,1721542400.0,64.0,0.0,0.0,0.0,0.0,0.0,62.0,0.0,38.638134,0.0,7.0,0.0,0.0,90.155647,31872.0,15.0,0.0,0.0,0.0,0.0,0.155287,0.0,0.0,286849.5,0.155287,822.0,0.0,694.625,0.0,0.0,0.155287,0.155287,0.0,0.0,0.0,45.077824,0.0,HTTP
0.0,0.001029,0.0,117.428574,0.155287,0.074413,-0.0,36319.847656,248108.34375,6325.0,0.0,5503.0,8.0,0.0,0.075442,61568.0,1721542400.0,64.0,0.0,0.0,0.0,0.0,0.0,62.0,0.0,38.638134,0.0,7.0,0.0,0.0,90.155647,31872.0,15.0,0.0,0.0,0.0,0.0,0.155287,0.0,0.0,284428.1875,0.155287,822.0,0.0,687.875,0.0,0.0,0.155287,0.155287,0.0,0.0,0.0,45.077824,0.0,HTTP
0.0,0.00098,0.0,117.428574,0.13923,0.060408,-0.0,40508.511719,279824.75,6387.0,0.0,5565.0,8.0,0.0,0.061388,64128.0,1721542400.0,64.0,0.0,0.0,0.0,0.0,0.0,62.0,0.0,43.094162,0.0,7.0,0.0,0.0,100.55304,31872.0,15.0,0.0,0.0,0.0,0.0,0.13923,0.0,0.0,320333.28125,0.13923,822.0,0.0,695.625,0.0,0.0,0.13923,0.13923,0.0,0.0,0.0,50.27652,0.0,HTTP
0.0,0.001085,0.0,111.0,0.14044,0.076238,-0.0,44260.894531,282312.71875,6552.0,0.0,5664.0,8.0,0.0,0.077323,64128.0,1721542400.0,64.0,0.0,0.0,0.0,0.0,0.0,62.0,0.0,49.843349,0.0,8.0,0.0,0.0,106.807175,31872.0,16.0,0.0,0.0,0.0,0.0,0.14044,0.0,0.0,326573.625,0.14044,888.0,0.0,708.0,0.0,0.0,0.14044,0.14044,0.0,0.0,0.0,49.843349,0.0,HTTP
0.0,0.000504,0.0,111.0,0.139817,0.060188,-0.0,44458.113281,269552.34375,6272.0,0.0,5384.0,8.0,0.0,0.060692,63488.0,1721542400.0,64.0,0.0,0.0,0.0,0.0,0.0,62.0,0.0,50.065441,0.0,8.0,0.0,0.0,107.283089,31872.0,16.0,0.0,0.0,0.0,0.0,0.139817,0.0,0.0,314010.46875,0.139817,888.0,0.0,673.0,0.0,0.0,0.139817,0.139817,0.0,0.0,0.0,50.065441,0.0,HTTP
0.0,0.001006,0.0,111.0,0.124396,0.059686,-0.0,49969.453125,318852.71875,6554.0,0.0,5666.0,8.0,0.0,0.060692,64128.0,1721542400.0,64.0,0.0,0.0,0.0,0.0,0.0,62.0,0.0,56.271908,0.0,8.0,0.0,0.0,120.582657,31872.0,16.0,0.0,0.0,0.0,0.0,0.124396,0.0,0.0,368822.15625,0.124396,888.0,0.0,708.25,0.0,0.0,0.124396,0.124396,0.0,0.0,0.0,56.271908,0.0,HTTP
0.0,0.001,0.0,117.428574,0.139003,0.059754,-0.0,40574.664062,261001.578125,6004.0,0.0,5182.0,8.0,0.0,0.060754,62592.0,1721542400.0,64.0,0.0,0.0,0.0,0.0,0.0,62.0,0.0,43.164539,0.0,7.0,0.0,0.0,100.717255,31872.0,15.0,0.0,0.0,0.0,0.0,0.139003,0.0,0.0,301576.25,0.139003,822.0,0.0,647.75,0.0,0.0,0.139003,0.139003,0.0,0.0,0.0,50.358627,0.0,HTTP
0.0,0.001504,0.0,111.0,0.126555,0.059623,-0.0,49116.988281,306206.8125,6424.0,0.0,5536.0,8.0,0.0,0.061127,64128.0,1721542400.0,64.0,0.0,0.0,0.0,0.0,0.0,62.0,0.0,55.31192,0.0,8.0,0.0,0.0,118.525543,31872.0,16.0,0.0,0.0,0.0,0.0,0.126555,0.0,0.0,355323.78125,0.126555,888.0,0.0,692.0,0.0,0.0,0.126555,0.126555,0.0,0.0,0.0,55.31192,0.0,HTTP
0.0,0.001006,0.0,117.428574,0.124123,0.061037,-0.0,45438.796875,307308.0625,6271.0,0.0,5449.0,8.0,0.0,0.062043,61568.0,1721542400.0,64.0,0.0,0.0,0.0,0.0,0.0,62.0,0.0,48.339149,0.0,7.0,0.0,0.0,112.791344,31872.0,15.0,0.0,0.0,0.0,0.0,0.124123,0.0,0.0,352746.875,0.124123,822.0,0.0,681.125,0.0,0.0,0.124123,0.124123,0.0,0.0,0.0,56.395672,0.0,HTTP
0.0,0.00082,0.0,130.833328,0.124485,0.061012,-0.0,42093.425781,87528.617188,2487.0,0.0,1702.0,5.0,0.0,0.061832,64128.0,1721542400.0,64.0,0.0,0.0,0.0,0.0,0.0,62.0,0.0,40.165482,0.0,6.0,0.0,0.0,80.330963,31872.0,11.0,0.0,0.0,0.0,0.0,0.124485,0.0,0.0,129622.039062,0.124485,785.0,0.0,340.399994,0.0,0.0,0.124485,0.124485,0.0,0.0,0.0,32.132385,0.0,HTTP
0.0,0.000501,0.0,76.57576,0.26181,0.060871,-0.0,74894.007812,2234811.5,77070.0,0.0,74543.0,53.0,0.0,0.061372,99456.0,1721542400.0,64.0,0.0,0.0,0.0,0.0,0.0,62.0,0.0,122.226036,0.0,33.0,0.0,0.0,324.662903,31872.0,86.0,0.0,0.0,0.0,0.0,0.26181,0.0,0.0,2309705.5,0.26181,2527.0,0.0,1406.47168,0.0,0.0,0.26181,0.26181,0.0,0.0,0.0,198.61731,0.0,HTTP
0.0,0.000501,0.0,85.105263,0.202313,0.060871,-0.0,60579.398438,1123486.875,31264.0,0.0,29647.0,24.0,0.0,0.061372,66688.0,1721542400.0,64.0,0.0,0.0,0.0,0.0,0.0,62.0,0.0,88.971046,0.0,19.0,0.0,0.0,207.599106,31872.0,43.0,0.0,0.0,0.0,0.0,0.202313,0.0,0.0,1184066.25,0.202313,1617.0,0.0,1235.291626,0.0,0.0,0.202313,0.202313,0.0,0.0,0.0,113.685226,0.0,HTTP
0.0,0.000998,0.0,122.166664,0.141192,0.060872,-0.0,34619.523438,86067.195312,2631.0,0.0,1898.0,5.0,0.0,0.06187,64128.0,1721542400.0,64.0,0.0,0.0,0.0,0.0,0.0,62.0,0.0,35.412769,0.0,6.0,0.0,0.0,70.825539,31872.0,11.0,0.0,0.0,0.0,0.0,0.141192,0.0,0.0,120686.71875,0.141192,733.0,0.0,379.600006,0.0,0.0,0.141192,0.141192,0.0,0.0,0.0,28.330215,0.0,HTTP
0.0,0.000497,0.0,83.736839,0.215803,0.060872,-0.0,55902.839844,1183116.125,34782.0,0.0,33191.0,26.0,0.0,0.061369,61568.0,1721542400.0,64.0,0.0,0.0,0.0,0.0,0.0,62.0,0.0,83.409409,0.0,19.0,0.0,0.0,203.889664,31872.0,45.0,0.0,0.0,0.0,0.0,0.215803,0.0,0.0,1239018.875,0.215803,1591.0,0.0,1276.576904,0.0,0.0,0.215803,0.215803,0.0,0.0,0.0,115.846397,0.0,HTTP
0.0,0.00054,0.0,85.91304,0.2044,0.060923,-0.0,74011.742188,1359295.5,37992.0,0.0,36016.0,28.0,0.0,0.061463,67584.0,1721542400.0,64.0,0.0,0.0,0.0,0.0,0.0,62.0,0.0,107.632095,0.0,23.0,0.0,0.0,244.618393,31872.0,51.0,0.0,0.0,0.0,0.0,0.2044,0.0,0.0,1433307.25,0.2044,1976.0,0.0,1286.285767,0.0,0.0,0.2044,0.2044,0.0,0.0,0.0,132.093933,0.0,HTTP
0.0,0.00054,0.0,77.699997,0.309704,0.06142,-0.0,78294.109375,2312143.25,94038.0,0.0,90930.0,64.0,0.0,0.06196,142848.0,1721542400.0,64.0,0.0,0.0,0.0,0.0,0.0,62.0,0.0,125.926689,0.0,40.0,0.0,0.0,332.575623,31872.0,104.0,0.0,0.0,0.0,0.0,0.309704,0.0,0.0,2390437.25,0.309704,3108.0,0.0,1420.78125,0.0,0.0,0.309704,0.309704,0.0,0.0,0.0,203.420029,0.0,HTTP
0.0,0.0005,2.0,104.599998,0.891575,0.201534,-0.0,8452.458008,216291.40625,26356.0,0.0,25310.0,21.0,0.0,0.202034,64128.0,1721542400.0,64.0,0.0,0.0,0.0,0.0,0.0,62.0,0.0,10.094496,0.0,10.0,2.0,0.0,33.648319,31872.0,31.0,0.0,0.0,6.060606,0.0,0.891575,0.0,0.0,224743.859375,0.891575,1046.0,0.0,1205.238037,0.0,0.0,0.891575,0.891575,1.0,0.0,0.0,22.432213,0.0,HTTP
0.0,0.0005,0.0,0.0,0.0,0.201534,-0.0,0.0,0.0,1514.0,0.0,1514.0,1.0,0.0,0.202034,507918.4607708,1721542400.0,64.0,0.0,0.0,0.0,0.0,0.0,62.0,0.0,0.0,1.0,0.0,1.0,0.0,0.0,434180.50583333336,1.0,0.0,0.0,0.0,0.0,0.0,0.0,0.0,0.0,0.0,0.0,0.0,1514.0,1.0,0.0,0.0,0.0,1.0,0.0,0.0,0.0,0.0,HTTP
0.0,0.0005,5.0,74.0,0.486732,0.201534,-0.0,2432.550049,99537.320312,7792.0,1.0,7570.0,5.0,0.0,0.202034,64128.0,1721542400.0,64.0,0.0,0.0,0.0,0.0,0.0,62.0,0.0,4.109037,1.0,3.0,5.0,0.0,14.381631,31872.0,8.0,0.0,0.0,38.461538,0.0,0.486732,0.0,0.0,101969.875,0.486732,222.0,1.0,1514.0,0.0,0.0,0.486732,0.486732,1.0,0.0,0.0,8.218075,0.0,HTTP
0.0,0.0005,9.0,66.0,0.509619,0.201534,-0.0,4144.272461,153636.34375,11340.0,1.0,11010.0,9.0,0.0,0.202034,63488.0,1721542400.0,64.0,0.0,0.0,0.0,0.0,0.0,62.0,0.0,7.849001,1.0,5.0,9.0,0.0,25.509253,31872.0,14.0,0.0,0.0,39.130435,0.0,0.509619,0.0,0.0,157780.625,0.509619,330.0,0.0,1223.333374,0.0,0.0,0.509619,0.509619,1.0,0.0,0.0,15.698002,0.0,HTTP
0.0,0.000521,4.0,79.882355,0.909673,0.16805,-0.0,23190.751953,749763.9375,89415.0,1.0,86699.0,60.0,0.0,0.168571,90240.0,1721542400.0,64.0,0.0,0.0,0.0,0.0,0.0,62.0,0.0,36.276772,0.0,34.0,4.0,0.0,102.234543,31872.0,94.0,0.0,0.0,4.081633,0.0,0.909673,0.0,0.0,772954.6875,0.909673,2716.0,0.0,1444.983276,0.0,0.0,0.909673,0.909673,1.0,0.0,1.0,64.858475,0.0,HTTP
0.0,0.001161,0.0,74.0,0.001161,0.0,-0.0,0.0,0.0,148.0,0.0,74.0,1.0,0.0,0.001161,8222720.0,1721542400.0,64.0,0.0,0.0,0.0,0.0,1.0,62.0,0.0,0.0,0.0,1.0,0.0,0.0,861.326477,4077568.0,2.0,0.0,0.0,0.0,0.0,0.001161,0.0,0.0,0.0,0.001161,74.0,0.0,74.0,0.0,0.0,0.001161,0.001161,0.0,0.0,0.0,0.0,0.0,HTTP
0.0,0.000658,0.0,119.333336,0.35572,0.169042,-0.0,13426.290039,20330.595703,1845.0,0.0,1129.0,5.0,0.0,0.1697,64128.0,1721542400.0,64.0,0.0,0.0,0.0,0.0,0.0,62.0,0.0,14.055999,0.0,6.0,0.0,0.0,28.111998,31872.0,11.0,0.0,0.0,0.0,0.0,0.35572,0.0,0.0,33756.886719,0.35572,716.0,0.0,225.800003,0.0,0.0,0.35572,0.35572,0.0,0.0,0.0,11.244799,0.0,HTTP
0.0,0.000658,2.0,172.666672,0.520358,0.169042,-0.0,5319.414551,24383.210938,2500.0,0.0,1982.0,5.0,0.0,0.1697,64256.0,1721542400.0,64.0,0.0,0.0,0.0,0.0,0.0,62.0,0.0,3.843508,0.0,3.0,2.0,0.0,13.452276,31872.0,8.0,0.0,0.0,20.0,0.0,0.520358,0.0,0.0,29702.625,0.520358,518.0,0.0,396.399994,0.0,0.0,0.520358,0.520358,1.0,0.0,0.0,7.687015,0.0,HTTP
0.0,0.000658,2.0,173.666672,0.529336,0.169042,-0.0,5259.419434,76533.625,6428.0,0.0,5907.0,7.0,0.0,0.1697,64256.0,1721542400.0,64.0,0.0,0.0,0.0,0.0,0.0,62.0,0.0,3.778319,0.0,3.0,2.0,0.0,17.002434,31872.0,10.0,0.0,0.0,16.666667,0.0,0.529336,0.0,0.0,81793.039062,0.529336,521.0,0.0,843.857117,0.0,0.0,0.529336,0.529336,1.0,0.0,0.0,11.334956,0.0,HTTP
0.0,0.001157,2.0,130.0,0.983779,0.169044,-0.0,4228.591797,33226.972656,5553.0,0.0,4903.0,6.0,0.0,0.170201,63488.0,1721542400.0,64.0,0.0,0.0,0.0,0.0,0.0,62.0,0.0,4.065954,0.0,5.0,2.0,0.0,10.164885,31872.0,11.0,0.0,0.0,15.384615,0.0,0.983779,0.0,0.0,37455.566406,0.983779,650.0,0.0,817.166687,0.0,0.0,0.983779,0.983779,1.0,0.0,0.0,5.082442,0.0,HTTP
0.0,0.000495,2.0,100.199997,0.923078,0.184138,-0.0,7817.324219,125883.1875,16644.0,1.0,15642.0,14.0,0.0,0.184633,64128.0,1721542400.0,64.0,0.0,0.0,0.0,0.0,0.0,62.0,0.0,9.749989,0.0,10.0,2.0,0.0,24.916637,31872.0,24.0,0.0,0.0,7.692308,0.0,0.923078,0.0,0.0,133700.515625,0.923078,1002.0,0.0,1117.285767,0.0,0.0,0.923078,0.923078,1.0,0.0,0.0,14.083317,0.0,HTTP
0.0,0.000827,4.0,121.833336,0.893949,0.167785,-0.0,5458.924316,68021.78125,9176.0,1.0,8445.0,10.0,0.0,0.168612,64128.0,1721542400.0,64.0,0.0,0.0,0.0,0.0,0.0,62.0,0.0,5.593161,0.0,6.0,4.0,0.0,16.779482,31872.0,16.0,0.0,0.0,20.0,0.0,0.893949,0.0,0.0,73480.703125,0.893949,731.0,0.0,844.5,0.0,0.0,0.893949,0.893949,1.0,0.0,0.0,10.067689,0.0,HTTP
1.0,0.001161,2.0,120.666664,0.478244,0.167977,-0.0,10103.628906,55168.492188,4571.0,0.0,3847.0,7.0,0.0,0.169138,62592.0,1721542400.0,64.0,0.0,0.0,0.0,0.0,0.0,62.0,0.0,10.454914,1.0,6.0,1.0,0.0,25.091793,31872.0,13.0,0.0,0.0,13.333333,0.0,0.478244,0.0,0.0,65272.121094,0.478244,724.0,0.0,549.571411,0.0,1.0,0.478244,0.478244,0.0,0.0,0.0,12.545897,0.0,HTTP
0.0,0.000521,6.0,68.0,0.871115,0.16805,-0.0,16861.148438,255800.890625,31224.0,1.0,29320.0,20.0,0.0,0.168571,174208.0,1721542400.0,64.0,0.0,0.0,0.0,0.0,0.0,62.0,0.0,30.994759,1.0,28.0,6.0,0.0,53.953838,31872.0,48.0,0.0,0.0,11.111111,0.0,0.871115,0.0,0.0,272662.03125,0.871115,1904.0,0.0,1466.0,0.0,0.0,0.871115,0.871115,1.0,0.0,0.0,21.811127,0.0,HTTP
0.0,0.000658,7.0,66.0,0.895789,0.169042,-0.0,1178.848999,41206.132812,5965.0,0.0,5767.0,5.0,0.0,0.1697,63488.0,1721542400.0,64.0,0.0,0.0,0.0,0.0,0.0,62.0,0.0,2.232669,1.0,3.0,7.0,0.0,7.81434,31872.0,8.0,0.0,0.0,46.666667,0.0,0.895789,0.0,0.0,42384.980469,0.895789,198.0,0.0,1153.400024,0.0,0.0,0.895789,0.895789,1.0,0.0,0.0,4.465337,0.0,HTTP
0.0,0.000658,1.0,66.0,0.183811,0.169042,-0.0,2872.515869,22849.558594,1182.0,0.0,1050.0,2.0,0.0,0.1697,64128.0,1721542400.0,64.0,0.0,0.0,0.0,0.0,0.0,62.0,0.0,5.440371,1.0,2.0,1.0,0.0,16.321114,31872.0,4.0,0.0,0.0,20.0,0.0,0.183811,0.0,0.0,25722.074219,0.183811,132.0,0.0,525.0,0.0,0.0,0.183811,0.183811,1.0,0.0,0.0,5.440371,0.0,HTTP
0.0,0.0,0.0,74.0,0.0,0.0,-0.0,0.0,0.0,148.0,0.0,74.0,1.0,0.0,0.0,8222720.0,1721542400.0,64.0,0.0,0.0,0.0,0.0,1.0,62.0,0.0,0.0,0.0,1.0,0.0,0.0,0.0,4077568.0,2.0,0.0,0.0,0.0,0.0,0.0,0.0,0.0,0.0,0.0,74.0,0.0,74.0,0.0,0.0,0.0,0.0,0.0,0.0,0.0,0.0,0.0,HTTP
0.0,0.000495,0.0,0.0,0.0,0.184138,-0.0,0.0,0.0,1514.0,1.0,1514.0,1.0,0.0,0.184633,507918.4607708,1721542400.0,64.0,0.0,0.0,0.0,0.0,0.0,62.0,0.0,0.0,1.0,0.0,1.0,0.0,0.0,434180.50583333336,1.0,0.0,0.0,0.0,0.0,0.0,0.0,0.0,0.0,0.0,0.0,0.0,1514.0,1.0,0.0,0.0,0.0,1.0,0.0,0.0,0.0,0.0,HTTP
0.0,0.001157,0.0,0.0,0.0,0.169044,-0.0,0.0,0.0,1495.0,0.0,1495.0,1.0,0.0,0.170201,507918.4607708,1721542400.0,64.0,0.0,0.0,0.0,0.0,0.0,62.0,0.0,0.0,1.0,0.0,1.0,0.0,0.0,434180.50583333336,1.0,0.0,0.0,0.0,0.0,0.0,0.0,0.0,0.0,0.0,0.0,0.0,1495.0,0.0,0.0,0.0,0.0,1.0,0.0,0.0,0.0,0.0,HTTP
0.0,0.000494,0.0,74.0,0.000494,0.0,-0.0,0.0,0.0,148.0,0.0,74.0,1.0,0.0,0.000494,8222720.0,1721542400.0,64.0,0.0,0.0,0.0,0.0,1.0,62.0,0.0,0.0,0.0,1.0,0.0,0.0,2024.291626,4077568.0,2.0,0.0,0.0,0.0,0.0,0.000494,0.0,0.0,0.0,0.000494,74.0,0.0,74.0,0.0,0.0,0.000494,0.000494,0.0,0.0,0.0,0.0,0.0,HTTP
0.0,0.000827,0.0,0.0,0.0,0.167785,-0.0,0.0,0.0,1514.0,1.0,1514.0,1.0,0.0,0.168612,507918.4607708,1721542400.0,64.0,0.0,0.0,0.0,0.0,0.0,62.0,0.0,0.0,1.0,0.0,1.0,0.0,0.0,434180.50583333336,1.0,0.0,0.0,0.0,0.0,0.0,0.0,0.0,0.0,0.0,0.0,0.0,1514.0,1.0,0.0,0.0,0.0,1.0,0.0,0.0,0.0,0.0,HTTP
1.0,0.0,2.0,74.0,0.000496,0.0,-0.0,0.0,0.0,148.0,0.0,74.0,1.0,0.0,0.0,8222720.0,1721542400.0,64.0,0.0,0.0,0.0,0.0,1.0,62.0,0.0,0.0,1.0,1.0,1.0,0.0,2016.129028,4077568.0,2.0,0.0,0.0,50.0,0.0,0.000496,0.0,0.0,0.0,0.000496,74.0,0.0,74.0,0.0,1.0,0.000496,0.000496,0.0,0.0,0.0,0.0,0.0,HTTP
1.0,0.000494,2.0,74.0,0.0,0.0,-0.0,0.0,0.0,148.0,0.0,74.0,1.0,0.0,0.000494,8222720.0,1721542400.0,64.0,0.0,0.0,0.0,0.0,1.0,62.0,0.0,0.0,1.0,1.0,1.0,0.0,0.0,4077568.0,2.0,0.0,0.0,50.0,0.0,0.0,0.0,0.0,0.0,0.0,74.0,0.0,74.0,0.0,1.0,0.0,0.0,0.0,0.0,0.0,0.0,0.0,HTTP
0.0,0.000521,0.0,0.0,0.0,0.16805,-0.0,0.0,0.0,1514.0,1.0,1514.0,1.0,0.0,0.168571,507918.4607708,1721542400.0,64.0,0.0,0.0,0.0,0.0,0.0,62.0,0.0,0.0,1.0,0.0,1.0,0.0,0.0,434180.50583333336,1.0,0.0,0.0,0.0,0.0,0.0,0.0,0.0,0.0,0.0,0.0,0.0,1514.0,1.0,0.0,0.0,0.0,1.0,0.0,0.0,0.0,0.0,HTTP
0.0,0.000495,0.0,0.0,0.0,0.184138,-0.0,0.0,0.0,1514.0,1.0,1514.0,1.0,0.0,0.184633,507918.4607708,1721542400.0,64.0,0.0,0.0,0.0,0.0,0.0,62.0,0.0,0.0,1.0,0.0,1.0,0.0,0.0,434180.50583333336,1.0,0.0,0.0,0.0,0.0,0.0,0.0,0.0,0.0,0.0,0.0,0.0,1514.0,1.0,0.0,0.0,0.0,1.0,0.0,0.0,0.0,0.0,HTTP
0.0,0.000827,0.0,0.0,0.0,0.167785,-0.0,0.0,0.0,1514.0,1.0,1514.0,1.0,0.0,0.168612,507918.4607708,1721542400.0,64.0,0.0,0.0,0.0,0.0,0.0,62.0,0.0,0.0,1.0,0.0,1.0,0.0,0.0,434180.50583333336,1.0,0.0,0.0,0.0,0.0,0.0,0.0,0.0,0.0,0.0,0.0,0.0,1514.0,1.0,0.0,0.0,0.0,1.0,0.0,0.0,0.0,0.0,HTTP
0.0,0.001157,0.0,0.0,0.0,0.169044,-0.0,0.0,0.0,1495.0,0.0,1495.0,1.0,0.0,0.170201,507918.4607708,1721542400.0,64.0,0.0,0.0,0.0,0.0,0.0,62.0,0.0,0.0,1.0,0.0,1.0,0.0,0.0,434180.50583333336,1.0,0.0,0.0,0.0,0.0,0.0,0.0,0.0,0.0,0.0,0.0,0.0,1495.0,0.0,0.0,0.0,0.0,1.0,0.0,0.0,0.0,0.0,HTTP
0.0,0.000658,0.0,0.0,0.0,0.169042,-0.0,0.0,0.0,1240.0,0.0,1240.0,1.0,0.0,0.1697,507918.4607708,1721542400.0,64.0,0.0,0.0,0.0,0.0,0.0,62.0,0.0,0.0,1.0,0.0,1.0,0.0,0.0,434180.50583333336,1.0,0.0,0.0,0.0,0.0,0.0,0.0,0.0,0.0,0.0,0.0,0.0,1240.0,0.0,0.0,0.0,0.0,1.0,0.0,0.0,0.0,0.0,HTTP
1.0,0.0,3.0,74.0,0.943082,0.0,-0.0,0.0,627.729126,222.0,0.0,148.0,2.0,0.0,0.0,8222720.0,1721542400.0,64.0,0.0,0.0,0.0,0.0,1.0,62.0,0.0,0.0,1.0,1.0,2.0,0.0,2.120706,4077568.0,3.0,0.0,0.0,50.0,0.0,0.943082,0.0,0.0,627.729126,0.943082,74.0,0.0,74.0,0.0,1.0,0.943082,0.943082,0.0,0.0,0.0,1.060353,0.0,HTTP
0.0,0.000494,3.0,98.400002,0.681952,0.071457,-0.0,10393.693359,147693.671875,14623.0,1.0,13639.0,13.0,0.0,0.071951,63488.0,1721542400.0,64.0,0.0,0.0,0.0,0.0,0.0,62.0,0.0,13.19741,1.0,10.0,3.0,0.0,32.260334,31872.0,23.0,0.0,0.0,11.538462,0.0,0.681952,0.0,0.0,158087.359375,0.681952,984.0,0.0,1049.153809,0.0,0.0,0.681952,0.681952,1.0,0.0,0.0,17.596546,0.0,HTTP
0.0,0.001161,0.0,66.0,0.001323,0.167977,-0.0,0.0,0.0,132.0,0.0,66.0,1.0,0.0,0.169138,62592.0,1721542400.0,64.0,0.0,0.0,0.0,0.0,0.0,62.0,0.0,0.0,1.0,1.0,0.0,0.0,755.85791,31872.0,2.0,0.0,0.0,0.0,0.0,0.001323,0.0,0.0,0.0,0.001323,66.0,0.0,66.0,0.0,0.0,0.001323,0.001323,0.0,0.0,0.0,0.0,0.0,HTTP
0.0,0.001545,0.0,119.666664,0.340084,0.167248,-0.0,14090.636719,57232.921875,3637.0,0.0,2919.0,6.0,0.0,0.168793,64128.0,1721542400.0,64.0,0.0,0.0,0.0,0.0,0.0,62.0,0.0,14.70225,0.0,6.0,0.0,0.0,32.344952,31872.0,12.0,0.0,0.0,0.0,0.0,0.340084,0.0,0.0,71323.554688,0.340084,718.0,0.0,486.5,0.0,0.0,0.340084,0.340084,0.0,0.0,0.0,14.70225,0.0,HTTP
0.0,0.000521,1.0,66.0,0.001491,0.16805,-0.0,354124.75,4238766.0,1712.0,1.0,1580.0,2.0,0.0,0.168571,177152.0,1721542400.0,64.0,0.0,0.0,0.0,0.0,0.0,62.0,0.0,670.690857,1.0,2.0,1.0,0.0,2012.07251,31872.0,4.0,0.0,0.0,20.0,0.0,0.001491,0.0,0.0,4592891.0,0.001491,132.0,0.0,790.0,0.0,0.0,0.001491,0.001491,1.0,0.0,0.0,670.690857,0.0,HTTP
0.0,0.0,0.0,128.199997,0.340964,0.167745,-0.0,12036.461914,42960.546875,2929.0,0.0,2288.0,5.0,0.0,0.167745,64128.0,1721542400.0,64.0,0.0,0.0,0.0,1.0,0.0,62.0,0.0,11.731444,1.0,5.0,0.0,0.0,26.39575,31872.0,10.0,0.0,0.0,0.0,0.0,0.340964,0.0,0.0,54997.011719,0.340964,641.0,0.0,457.600006,0.0,0.0,0.340964,0.340964,0.0,0.0,0.0,11.731444,0.0,HTTP
0.0,0.002183,0.0,119.333336,0.343049,0.16868,-0.0,13922.209961,48272.988281,3200.0,0.0,2484.0,6.0,0.0,0.170863,63488.0,1721542400.0,64.0,0.0,0.0,0.0,0.0,0.0,62.0,0.0,14.575178,0.0,6.0,0.0,0.0,32.065392,31872.0,12.0,0.0,0.0,0.0,0.0,0.343049,0.0,0.0,62195.199219,0.343049,716.0,0.0,414.0,0.0,0.0,0.343049,0.343049,0.0,0.0,0.0,14.575178,0.0,HTTP
0.0,0.000827,0.0,0.0,0.0,0.167785,-0.0,0.0,0.0,1514.0,1.0,1514.0,1.0,0.0,0.168612,507918.4607708,1721542400.0,64.0,0.0,0.0,0.0,0.0,0.0,62.0,0.0,0.0,1.0,0.0,1.0,0.0,0.0,434180.50583333336,1.0,0.0,0.0,0.0,0.0,0.0,0.0,0.0,0.0,0.0,0.0,0.0,1514.0,1.0,0.0,0.0,0.0,1.0,0.0,0.0,0.0,0.0,HTTP
0.0,0.00149,2.0,101.444443,0.95558,0.152591,-0.0,6797.96582,83886.226562,11934.0,0.0,11021.0,11.0,0.0,0.154081,63488.0,1721542400.0,64.0,0.0,0.0,0.0,0.0,0.0,62.0,0.0,8.371879,0.0,9.0,2.0,0.0,19.883213,31872.0,20.0,0.0,0.0,9.090909,0.0,0.95558,0.0,0.0,90684.195312,0.95558,913.0,0.0,1001.909119,0.0,0.0,0.95558,0.95558,1.0,0.0,0.0,10.464849,0.0,HTTP
0.0,0.000495,2.0,70.0,0.156457,0.184138,-0.0,7158.516113,105485.851562,3304.0,1.0,3094.0,3.0,0.0,0.184633,63488.0,1721542400.0,64.0,0.0,0.0,0.0,0.0,0.0,62.0,0.0,12.783065,1.0,3.0,2.0,0.0,31.957661,31872.0,6.0,0.0,0.0,25.0,0.0,0.156457,0.0,0.0,112644.367188,0.156457,210.0,0.0,1031.333374,0.0,0.0,0.156457,0.156457,1.0,0.0,0.0,12.783065,0.0,HTTP
0.0,0.000658,1.0,66.0,0.160905,0.169042,-0.0,0.0,32466.361328,1372.0,0.0,1306.0,2.0,0.0,0.1697,63488.0,1721542400.0,64.0,0.0,0.0,0.0,0.0,0.0,62.0,0.0,0.0,1.0,1.0,1.0,0.0,12.429694,31872.0,3.0,0.0,0.0,25.0,0.0,0.160905,0.0,0.0,32466.361328,0.160905,66.0,0.0,653.0,0.0,0.0,0.160905,0.160905,1.0,0.0,0.0,6.214847,0.0,HTTP
0.0,0.001157,1.0,66.0,0.000497,0.169044,-0.0,0.0,12571429.0,1627.0,0.0,1561.0,2.0,0.0,0.170201,63488.0,1721542400.0,64.0,0.0,0.0,0.0,0.0,0.0,62.0,0.0,0.0,1.0,1.0,1.0,0.0,4024.144775,31872.0,3.0,0.0,0.0,25.0,0.0,0.000497,0.0,0.0,12571429.0,0.000497,66.0,0.0,780.5,0.0,0.0,0.000497,0.000497,1.0,0.0,0.0,2012.072388,0.0,HTTP
0.0,0.000827,3.0,70.0,0.16844,0.167785,-0.0,6649.251953,164141.53125,4818.0,1.0,4608.0,4.0,0.0,0.168612,62848.0,1721542400.0,64.0,0.0,0.0,0.0,0.0,0.0,62.0,0.0,11.873664,1.0,3.0,3.0,0.0,35.620995,31872.0,7.0,0.0,0.0,30.0,0.0,0.16844,0.0,0.0,170790.78125,0.16844,210.0,0.0,1152.0,0.0,0.0,0.16844,0.16844,1.0,0.0,0.0,17.810497,0.0,HTTP
0.0,0.000507,0.0,74.0,0.000507,0.0,-0.0,0.0,0.0,148.0,0.0,74.0,1.0,0.0,0.000507,8222720.0,1721542400.0,64.0,0.0,0.0,0.0,0.0,1.0,62.0,0.0,0.0,0.0,1.0,0.0,0.0,1972.386475,4077568.0,2.0,0.0,0.0,0.0,0.0,0.000507,0.0,0.0,0.0,0.000507,74.0,0.0,74.0,0.0,0.0,0.000507,0.000507,0.0,0.0,0.0,0.0,0.0,HTTP
0.0,0.000993,0.0,74.0,0.000495,0.216083,-0.0,0.0,0.0,148.0,0.0,74.0,1.0,0.0,0.217076,64128.0,1721542400.0,64.0,0.0,0.0,0.0,0.0,1.0,62.0,0.0,0.0,1.0,1.0,0.0,0.0,2020.202026,4077568.0,2.0,0.0,0.0,0.0,0.0,0.000495,0.0,0.0,0.0,0.000495,74.0,0.0,74.0,0.0,0.0,0.000495,0.000495,0.0,0.0,0.0,0.0,0.0,HTTP
1.0,0.000507,3.0,74.0,0.000505,0.0,-0.0,0.0,1172277.25,222.0,0.0,148.0,2.0,0.0,0.000507,8222720.0,1721542400.0,64.0,0.0,0.0,0.0,0.0,1.0,62.0,0.0,0.0,1.0,1.0,2.0,0.0,3960.395996,4077568.0,3.0,0.0,0.0,50.0,0.0,0.000505,0.0,0.0,1172277.25,0.000505,74.0,0.0,74.0,0.0,1.0,0.000505,0.000505,0.0,0.0,0.0,1980.197998,0.0,HTTP
0.0,0.000993,0.0,74.0,0.0,0.216083,-0.0,0.0,0.0,148.0,0.0,74.0,1.0,0.0,0.217076,64128.0,1721542400.0,64.0,0.0,0.0,0.0,0.0,1.0,62.0,0.0,0.0,1.0,1.0,0.0,0.0,0.0,4077568.0,2.0,0.0,0.0,0.0,0.0,0.0,0.0,0.0,0.0,0.0,74.0,0.0,74.0,0.0,0.0,0.0,0.0,0.0,0.0,0.0,0.0,0.0,HTTP
0.0,0.000993,0.0,74.0,0.973736,0.216083,-0.0,0.0,607.967651,222.0,0.0,148.0,2.0,0.0,0.217076,64128.0,1721542400.0,64.0,0.0,0.0,0.0,0.0,1.0,62.0,0.0,0.0,1.0,1.0,0.0,0.0,2.053945,4077568.0,3.0,0.0,0.0,0.0,0.0,0.973736,0.0,0.0,607.967651,0.973736,74.0,0.0,74.0,0.0,0.0,0.973736,0.973736,0.0,0.0,0.0,1.026972,0.0,HTTP
1.0,0.000507,4.0,122.285713,0.680162,0.152898,-0.0,8633.237305,65266.804688,7197.0,1.0,6341.0,8.0,0.0,0.153405,62592.0,1721542400.0,64.0,0.0,0.0,0.0,0.0,0.0,62.0,0.0,8.821427,1.0,7.0,3.0,0.0,20.583332,31872.0,15.0,0.0,0.0,21.052632,0.0,0.680162,0.0,0.0,73900.039062,0.680162,856.0,0.0,792.625,0.0,1.0,0.680162,0.680162,0.0,0.0,0.0,10.291666,0.0,HTTP
0.0,0.000501,0.0,74.0,0.000501,0.0,-0.0,0.0,0.0,148.0,0.0,74.0,1.0,0.0,0.000501,8222720.0,1721542400.0,64.0,0.0,0.0,0.0,0.0,1.0,62.0,0.0,0.0,0.0,1.0,0.0,0.0,1996.008057,4077568.0,2.0,0.0,0.0,0.0,0.0,0.000501,0.0,0.0,0.0,0.000501,74.0,0.0,74.0,0.0,0.0,0.000501,0.000501,0.0,0.0,0.0,0.0,0.0,HTTP
0.0,0.000983,2.0,84.909088,0.647653,0.151875,-0.0,22036.492188,353423.84375,31723.0,1.0,29855.0,24.0,0.0,0.152858,54912.0,1721542400.0,64.0,0.0,0.0,0.0,0.0,0.0,62.0,0.0,32.42477,0.0,22.0,2.0,0.0,69.481651,31872.0,46.0,0.0,0.0,4.166667,0.0,0.647653,0.0,0.0,375460.3125,0.647653,1868.0,0.0,1243.958374,0.0,0.0,0.647653,0.647653,1.0,0.0,0.0,35.512844,0.0,HTTP
0.0,0.000497,0.0,123.5,0.338708,0.167268,-0.0,14596.643555,29382.240234,2296.0,0.0,1555.0,5.0,0.0,0.167765,64128.0,1721542400.0,64.0,0.0,0.0,0.0,0.0,0.0,62.0,0.0,14.761977,0.0,6.0,0.0,0.0,29.523954,31872.0,11.0,0.0,0.0,0.0,0.0,0.338708,0.0,0.0,43978.882812,0.338708,741.0,0.0,311.0,0.0,0.0,0.338708,0.338708,0.0,0.0,0.0,11.809582,0.0,HTTP
0.0,0.000497,2.0,142.75,0.870474,0.167764,-0.0,3942.679688,13813.164062,2449.0,0.0,1878.0,5.0,0.0,0.168261,64128.0,1721542400.0,64.0,0.0,0.0,0.0,0.0,0.0,62.0,0.0,3.446398,0.0,4.0,2.0,0.0,9.190395,31872.0,9.0,0.0,0.0,18.181818,0.0,0.870474,0.0,0.0,17755.84375,0.870474,571.0,0.0,375.600006,0.0,0.0,0.870474,0.870474,1.0,0.0,0.0,4.595198,0.0,HTTP
1.0,0.000501,2.0,123.333336,0.354728,0.167517,-0.0,13914.886719,59245.390625,3892.0,0.0,3152.0,6.0,0.0,0.168018,63488.0,1721542400.0,64.0,0.0,0.0,0.0,0.0,0.0,62.0,0.0,14.095306,1.0,6.0,1.0,0.0,31.009674,31872.0,12.0,0.0,0.0,14.285714,0.0,0.354728,0.0,0.0,73160.28125,0.354728,740.0,0.0,525.333313,0.0,1.0,0.354728,0.354728,0.0,0.0,0.0,14.095306,0.0,HTTP
0.0,0.000491,0.0,115.428574,0.400961,0.184551,-0.0,13826.780273,112090.695312,7228.0,0.0,6420.0,8.0,0.0,0.185042,64128.0,1721542400.0,64.0,0.0,0.0,0.0,0.0,0.0,62.0,0.0,14.964048,0.0,7.0,0.0,0.0,34.916115,31872.0,15.0,0.0,0.0,0.0,0.0,0.400961,0.0,0.0,125917.476562,0.400961,808.0,0.0,802.5,0.0,0.0,0.400961,0.400961,0.0,0.0,0.0,17.458057,0.0,HTTP
0.0,0.000993,0.0,54.0,0.184231,0.216083,-0.0,0.0,0.0,128.0,0.0,74.0,1.0,0.0,0.217076,64128.0,1721542400.0,64.0,0.0,0.0,0.0,0.0,0.0,62.0,0.0,0.0,1.0,1.0,0.0,0.0,5.427968,4077568.0,2.0,0.0,0.0,0.0,0.0,0.184231,0.0,0.0,0.0,0.184231,54.0,0.0,74.0,0.0,0.0,0.184231,0.184231,0.0,0.0,0.0,0.0,0.0,HTTP
0.0,0.000497,0.0,66.0,0.000993,0.167764,-0.0,531722.0625,0.0,198.0,0.0,66.0,1.0,0.0,0.168261,64128.0,1721542400.0,64.0,0.0,0.0,0.0,0.0,0.0,62.0,0.0,1007.049377,1.0,2.0,0.0,0.0,2014.098755,31872.0,3.0,0.0,0.0,0.0,0.0,0.000993,0.0,0.0,531722.0625,0.000993,132.0,0.0,66.0,0.0,0.0,0.000993,0.000993,0.0,0.0,0.0,0.0,0.0,HTTP
0.0,0.000501,0.0,66.0,0.000991,0.167517,-0.0,0.0,0.0,132.0,0.0,66.0,1.0,0.0,0.168018,63488.0,1721542400.0,64.0,0.0,0.0,0.0,0.0,0.0,62.0,0.0,0.0,1.0,1.0,0.0,0.0,1009.081787,31872.0,2.0,0.0,0.0,0.0,0.0,0.000991,0.0,0.0,0.0,0.000991,66.0,0.0,66.0,0.0,0.0,0.000991,0.000991,0.0,0.0,0.0,0.0,0.0,HTTP
0.0,0.000507,0.0,66.0,0.000496,0.152898,-0.0,0.0,0.0,132.0,1.0,66.0,1.0,0.0,0.153405,62592.0,1721542400.0,64.0,0.0,0.0,0.0,0.0,0.0,62.0,0.0,0.0,1.0,1.0,0.0,0.0,2016.129028,31872.0,2.0,0.0,0.0,0.0,0.0,0.000496,0.0,0.0,0.0,0.000496,66.0,0.0,66.0,0.0,0.0,0.000496,0.000496,0.0,0.0,0.0,0.0,0.0,HTTP
0.0,0.000501,0.0,66.0,0.0,0.167517,-0.0,0.0,0.0,132.0,0.0,66.0,1.0,0.0,0.168018,63488.0,1721542400.0,64.0,0.0,0.0,0.0,0.0,0.0,62.0,0.0,0.0,1.0,1.0,0.0,0.0,0.0,31872.0,2.0,0.0,0.0,0.0,0.0,0.0,0.0,0.0,0.0,0.0,66.0,0.0,66.0,0.0,0.0,0.0,0.0,0.0,0.0,0.0,0.0,0.0,HTTP
0.0,0.001888,0.0,126.333336,0.123406,0.059571,-0.0,65539.765625,608916.9375,11469.0,0.0,10332.0,11.0,0.0,0.061459,64128.0,1721542400.0,64.0,0.0,0.0,0.0,0.0,0.0,62.0,0.0,64.826668,0.0,9.0,0.0,0.0,153.963333,31872.0,20.0,0.0,0.0,0.0,0.0,0.123406,0.0,0.0,674456.6875,0.123406,1137.0,0.0,939.272705,0.0,0.0,0.123406,0.123406,0.0,0.0,0.0,81.03334,0.0,HTTP
0.0,0.000496,0.0,152.333328,0.127267,0.060991,-0.0,47899.296875,161990.140625,4006.0,0.0,3092.0,6.0,0.0,0.061487,64000.0,1721542400.0,64.0,0.0,0.0,0.0,0.0,0.0,62.0,0.0,39.287479,0.0,6.0,0.0,0.0,86.432457,31872.0,12.0,0.0,0.0,0.0,0.0,0.127267,0.0,0.0,209889.4375,0.127267,914.0,0.0,515.333313,0.0,0.0,0.127267,0.127267,0.0,0.0,0.0,39.287479,0.0,HTTP
0.0,0.000993,0.0,150.833328,0.127267,0.060494,-0.0,47459.277344,122576.945312,3245.0,0.0,2340.0,6.0,0.0,0.061487,64128.0,1721542400.0,64.0,0.0,0.0,0.0,0.0,0.0,62.0,0.0,39.287479,0.0,6.0,0.0,0.0,86.432457,31872.0,12.0,0.0,0.0,0.0,0.0,0.127267,0.0,0.0,170036.21875,0.127267,905.0,0.0,390.0,0.0,0.0,0.127267,0.127267,0.0,0.0,0.0,39.287479,0.0,HTTP
0.0,0.000993,0.0,84.071426,0.246899,0.060494,-0.0,73552.34375,1626640.875,53912.0,0.0,51558.0,38.0,0.0,0.061487,83968.0,1721542400.0,64.0,0.0,0.0,0.0,0.0,0.0,62.0,0.0,109.356461,0.0,28.0,0.0,0.0,263.265564,31872.0,66.0,0.0,0.0,0.0,0.0,0.246899,0.0,0.0,1700193.25,0.246899,2354.0,0.0,1356.789429,0.0,0.0,0.246899,0.246899,0.0,0.0,0.0,149.858856,0.0,HTTP
0.0,0.000497,0.0,149.333328,0.157031,0.060993,-0.0,38056.179688,121300.890625,3753.0,0.0,2857.0,6.0,0.0,0.06149,63488.0,1721542400.0,64.0,0.0,0.0,0.0,0.0,0.0,62.0,0.0,31.840847,0.0,6.0,0.0,0.0,70.049866,31872.0,12.0,0.0,0.0,0.0,0.0,0.157031,0.0,0.0,159357.0625,0.157031,896.0,0.0,476.166656,0.0,0.0,0.157031,0.157031,0.0,0.0,0.0,31.840847,0.0,HTTP
0.0,0.000995,0.0,119.888885,0.143132,0.060495,-0.0,53656.765625,385434.40625,8836.0,0.0,7757.0,9.0,0.0,0.06149,64128.0,1721542400.0,64.0,0.0,0.0,0.0,0.0,0.0,62.0,0.0,55.892464,0.0,9.0,0.0,0.0,118.771484,31872.0,18.0,0.0,0.0,0.0,0.0,0.143132,0.0,0.0,439091.15625,0.143132,1079.0,0.0,861.888916,0.0,0.0,0.143132,0.143132,0.0,0.0,0.0,55.892464,0.0,HTTP
0.0,0.000996,0.0,102.692307,0.18597,0.060515,-0.0,53040.816406,868398.1875,22709.0,0.0,21374.0,18.0,0.0,0.061511,61568.0,1721542400.0,64.0,0.0,0.0,0.0,0.0,0.0,62.0,0.0,64.526535,0.0,13.0,0.0,0.0,161.316345,31872.0,31.0,0.0,0.0,0.0,0.0,0.18597,0.0,0.0,921439.0,0.18597,1335.0,0.0,1187.444458,0.0,0.0,0.18597,0.18597,0.0,0.0,0.0,91.412598,0.0,HTTP
0.0,0.000766,0.0,155.0,0.584381,0.291379,-0.0,10609.516602,138909.375,12091.0,0.0,11161.0,11.0,0.0,0.292145,64128.0,1721542400.0,64.0,0.0,0.0,0.0,0.0,0.0,62.0,0.0,8.556062,0.0,6.0,0.0,0.0,27.379398,31872.0,17.0,0.0,0.0,0.0,0.0,0.584381,0.0,0.0,149518.890625,0.584381,930.0,0.0,1014.636353,0.0,0.0,0.584381,0.584381,0.0,0.0,0.0,17.112123,0.0,HTTP
0.0,0.000992,0.0,74.0,0.000992,0.0,-0.0,0.0,0.0,148.0,0.0,74.0,1.0,0.0,0.000992,8222720.0,1721542400.0,64.0,0.0,0.0,0.0,0.0,1.0,62.0,0.0,0.0,0.0,1.0,0.0,0.0,1008.064514,4077568.0,2.0,0.0,0.0,0.0,0.0,0.000992,0.0,0.0,0.0,0.000992,74.0,0.0,74.0,0.0,0.0,0.000992,0.000992,0.0,0.0,0.0,0.0,0.0,HTTP
0.0,0.000497,0.0,74.0,0.000497,0.0,-0.0,0.0,0.0,148.0,0.0,74.0,1.0,0.0,0.000497,8222720.0,1721542400.0,64.0,0.0,0.0,0.0,0.0,1.0,62.0,0.0,0.0,0.0,1.0,0.0,0.0,2012.072388,4077568.0,2.0,0.0,0.0,0.0,0.0,0.000497,0.0,0.0,0.0,0.000497,74.0,0.0,74.0,0.0,0.0,0.000497,0.000497,0.0,0.0,0.0,0.0,0.0,HTTP
0.0,0.0,0.0,74.0,0.0,0.0,-0.0,0.0,0.0,148.0,0.0,74.0,1.0,0.0,0.0,8222720.0,1721542400.0,64.0,0.0,0.0,0.0,0.0,1.0,62.0,0.0,0.0,0.0,1.0,0.0,0.0,0.0,4077568.0,2.0,0.0,0.0,0.0,0.0,0.0,0.0,0.0,0.0,0.0,74.0,0.0,74.0,0.0,0.0,0.0,0.0,0.0,0.0,0.0,0.0,0.0,HTTP
0.0,0.000766,0.0,0.0,0.895463,0.291379,-0.0,0.0,7522.365723,1683.0,0.0,1683.0,2.0,0.0,0.292145,507918.4607708,1721542400.0,64.0,0.0,0.0,0.0,0.0,0.0,62.0,0.0,0.0,1.0,0.0,3.0,0.0,1.116741,434180.50583333336,2.0,0.0,0.0,0.0,0.0,0.895463,0.0,0.0,7522.365723,0.895463,0.0,0.0,841.5,0.0,0.0,0.895463,0.895463,1.0,0.0,0.0,1.116741,0.0,HTTP
0.0,0.000497,0.0,0.0,0.0,0.0,-0.0,0.0,0.0,74.0,0.0,74.0,1.0,0.0,0.000497,507918.4607708,1721542400.0,64.0,1.0,0.0,0.0,0.0,0.0,62.0,0.0,0.0,1.0,0.0,1.0,0.0,0.0,434180.50583333336,1.0,0.0,0.0,0.0,0.0,0.0,0.0,0.0,0.0,0.0,0.0,0.0,74.0,0.0,0.0,0.0,0.0,1.0,0.0,0.0,0.0,0.0,HTTP
0.0,0.000992,0.0,0.0,0.0,0.0,-0.0,0.0,0.0,74.0,0.0,74.0,1.0,0.0,0.000992,507918.4607708,1721542400.0,64.0,1.0,0.0,0.0,0.0,0.0,62.0,0.0,0.0,1.0,0.0,1.0,0.0,0.0,434180.50583333336,1.0,0.0,0.0,0.0,0.0,0.0,0.0,0.0,0.0,0.0,0.0,0.0,74.0,0.0,0.0,0.0,0.0,1.0,0.0,0.0,0.0,0.0,HTTP
0.0,0.0,0.0,0.0,0.0,0.0,-0.0,0.0,0.0,74.0,0.0,74.0,1.0,0.0,0.0,507918.4607708,1721542400.0,64.0,1.0,0.0,0.0,0.0,0.0,62.0,0.0,0.0,1.0,0.0,1.0,0.0,0.0,434180.50583333336,1.0,0.0,0.0,0.0,0.0,0.0,0.0,0.0,0.0,0.0,0.0,0.0,74.0,0.0,0.0,0.0,0.0,1.0,0.0,0.0,0.0,0.0,HTTP
0.0,0.000992,1.0,529.0,0.226692,0.0,-0.0,0.0,453761.03125,14555.0,0.0,14026.0,12.0,0.0,0.000992,64256.0,1721542400.0,64.0,0.0,0.0,0.0,0.0,0.0,62.0,0.0,0.0,1.0,1.0,1.0,0.0,52.935257,31872.0,13.0,0.0,0.0,7.142857,0.0,0.226692,0.0,0.0,453761.03125,0.226692,529.0,0.0,1168.833374,0.0,0.0,0.226692,0.226692,1.0,0.0,0.0,48.523987,0.0,HTTP
0.0,0.000497,1.0,532.0,0.22818,0.0,-0.0,0.0,450802.0,14558.0,0.0,14026.0,12.0,0.0,0.000497,64256.0,1721542400.0,64.0,0.0,0.0,0.0,0.0,0.0,62.0,0.0,0.0,1.0,1.0,1.0,0.0,52.590057,31872.0,13.0,0.0,0.0,7.142857,0.0,0.22818,0.0,0.0,450802.0,0.22818,532.0,0.0,1168.833374,0.0,0.0,0.22818,0.22818,1.0,0.0,0.0,48.207554,0.0,HTTP
0.0,0.000486,0.0,70.0,0.169391,0.168905,-0.0,3305.960693,0.0,214.0,0.0,74.0,1.0,0.0,0.169391,64256.0,1721542400.0,64.0,0.0,0.0,0.0,0.0,0.0,62.0,0.0,5.903501,0.0,2.0,0.0,0.0,11.807002,4077568.0,3.0,0.0,0.0,0.0,0.0,0.169391,0.0,0.0,3305.960693,0.169391,140.0,0.0,74.0,0.0,0.0,0.169391,0.169391,0.0,0.0,0.0,0.0,0.0,HTTP
0.0,0.000507,0.0,70.0,0.169403,0.168896,-0.0,3305.726562,0.0,214.0,0.0,74.0,1.0,0.0,0.169403,64256.0,1721542400.0,64.0,0.0,0.0,0.0,0.0,0.0,62.0,0.0,5.903083,0.0,2.0,0.0,0.0,11.806167,4077568.0,3.0,0.0,0.0,0.0,0.0,0.169403,0.0,0.0,3305.726562,0.169403,140.0,0.0,74.0,0.0,0.0,0.169403,0.169403,0.0,0.0,0.0,0.0,0.0,HTTP
0.0,0.000994,2.0,162.600006,0.893881,0.168409,-0.0,5826.278809,95824.835938,12590.0,1.0,11777.0,11.0,0.0,0.169403,64128.0,1721542400.0,64.0,0.0,0.0,0.0,0.0,0.0,62.0,0.0,4.474868,0.0,5.0,2.0,0.0,16.780756,31872.0,16.0,0.0,0.0,11.111111,0.0,0.893881,0.0,0.0,101651.109375,0.893881,813.0,0.0,1070.636353,0.0,0.0,0.893881,0.893881,1.0,0.0,0.0,11.187171,0.0,HTTP
0.0,0.001491,2.0,224.666672,0.552388,0.167912,-0.0,6517.158203,59306.136719,5451.0,0.0,4777.0,7.0,0.0,0.169403,64256.0,1721542400.0,64.0,0.0,0.0,0.0,0.0,0.0,62.0,0.0,3.620643,0.0,3.0,2.0,0.0,16.292894,31872.0,10.0,0.0,0.0,16.666667,0.0,0.552388,0.0,0.0,65823.296875,0.552388,674.0,0.0,682.428589,0.0,0.0,0.552388,0.552388,1.0,0.0,0.0,10.86193,0.0,HTTP
0.0,0.000984,0.0,223.0,0.552377,0.168398,-0.0,6459.356934,207756.671875,16209.0,0.0,15540.0,13.0,0.0,0.169382,64256.0,1721542400.0,64.0,0.0,0.0,0.0,0.0,0.0,62.0,0.0,3.620716,0.0,3.0,0.0,0.0,27.155367,31872.0,16.0,0.0,0.0,0.0,0.0,0.552377,0.0,0.0,214216.03125,0.552377,669.0,0.0,1195.384644,0.0,0.0,0.552377,0.552377,0.0,0.0,1.0,21.724295,0.0,HTTP
0.0,0.000766,7.0,68.400002,0.506775,0.291379,-0.0,4325.390625,105608.992188,8147.0,1.0,7805.0,7.0,0.0,0.292145,64128.0,1721542400.0,64.0,0.0,0.0,0.0,0.0,0.0,62.0,0.0,7.893049,1.0,5.0,7.0,0.0,21.705885,31872.0,12.0,0.0,0.0,36.842105,0.0,0.506775,0.0,0.0,109934.382812,0.506775,342.0,0.0,1115.0,0.0,0.0,0.506775,0.506775,1.0,0.0,0.0,11.839573,0.0,HTTP
0.0,0.0,1.0,185.75,0.690001,0.166091,-0.0,6469.555664,43223.125,5216.0,0.0,4473.0,6.0,0.0,0.166091,64128.0,1721542400.0,64.0,0.0,0.0,0.0,0.0,0.0,62.0,0.0,4.34782,1.0,4.0,1.0,0.0,13.043459,31872.0,10.0,0.0,0.0,9.090909,0.0,0.690001,0.0,0.0,49692.679688,0.690001,743.0,0.0,745.5,0.0,0.0,0.690001,0.690001,1.0,0.0,0.0,7.246366,0.0,HTTP
0.0,0.000984,0.0,0.0,0.0,0.168398,-0.0,0.0,0.0,260.0,0.0,260.0,1.0,0.0,0.169382,507918.4607708,1721542400.0,64.0,0.0,0.0,0.0,0.0,0.0,62.0,0.0,0.0,1.0,0.0,1.0,0.0,0.0,434180.50583333336,1.0,0.0,0.0,0.0,0.0,0.0,0.0,1.0,0.0,0.0,0.0,0.0,260.0,0.0,0.0,0.0,0.0,1.0,0.0,0.0,0.0,0.0,HTTP
0.0,0.001491,0.0,0.0,0.0,0.167912,-0.0,0.0,0.0,259.0,0.0,259.0,1.0,0.0,0.169403,507918.4607708,1721542400.0,64.0,0.0,0.0,0.0,0.0,0.0,62.0,0.0,0.0,1.0,0.0,1.0,0.0,0.0,434180.50583333336,1.0,0.0,0.0,0.0,0.0,0.0,0.0,1.0,0.0,0.0,0.0,0.0,259.0,0.0,0.0,0.0,0.0,1.0,0.0,0.0,0.0,0.0,HTTP
0.0,0.000994,6.0,73.199997,0.34005,0.168409,-0.0,6893.103516,184514.03125,9516.0,1.0,9150.0,7.0,0.0,0.169403,62592.0,1721542400.0,64.0,0.0,0.0,0.0,0.0,0.0,62.0,0.0,11.762976,1.0,5.0,6.0,0.0,32.348183,31872.0,12.0,0.0,0.0,33.333333,0.0,0.34005,0.0,0.0,191407.140625,0.34005,366.0,0.0,1307.142822,0.0,0.0,0.34005,0.34005,1.0,0.0,0.0,17.644463,0.0,HTTP
0.0,0.001491,5.0,66.0,0.324875,0.167912,-0.0,4875.72168,79365.914062,4292.0,0.0,4028.0,5.0,0.0,0.169403,63488.0,1721542400.0,64.0,0.0,0.0,0.0,0.0,0.0,62.0,0.0,9.234321,1.0,4.0,5.0,0.0,24.624855,31872.0,9.0,0.0,0.0,35.714286,0.0,0.324875,0.0,0.0,84241.640625,0.324875,264.0,0.0,805.599976,0.0,0.0,0.324875,0.324875,1.0,0.0,0.0,12.312428,0.0,HTTP
0.0,0.000984,13.0,75.714287,0.818675,0.168398,-0.0,9625.30957,284225.125,31600.0,1.0,30540.0,21.0,0.0,0.169382,66176.0,1721542400.0,64.0,0.0,0.0,0.0,0.0,0.0,62.0,0.0,15.879317,1.0,14.0,13.0,1.0,41.530521,31872.0,35.0,0.0,0.0,27.083333,0.0,0.818675,0.0,0.0,293850.4375,0.818675,1060.0,0.0,1454.285767,0.0,0.0,0.818675,0.818675,1.0,0.0,0.0,24.42972,0.0,HTTP
0.0,0.000984,0.0,66.0,0.556174,0.168398,-0.0,11392.119141,338671.0,25787.0,1.0,24929.0,18.0,0.0,0.169382,66176.0,1721542400.0,64.0,0.0,0.0,0.0,0.0,0.0,62.0,0.0,21.575983,1.0,13.0,0.0,0.0,53.939957,31872.0,31.0,0.0,0.0,0.0,0.0,0.556174,0.0,0.0,350063.125,0.556174,858.0,0.0,1384.944458,0.0,0.0,0.556174,0.556174,0.0,0.0,0.0,30.565975,0.0,HTTP
0.0,0.000495,0.0,70.0,0.16897,0.168475,-0.0,3314.197754,0.0,214.0,0.0,74.0,1.0,0.0,0.16897,64256.0,1721542400.0,64.0,0.0,0.0,0.0,0.0,0.0,62.0,0.0,5.91821,0.0,2.0,0.0,0.0,11.83642,4077568.0,3.0,0.0,0.0,0.0,0.0,0.16897,0.0,0.0,3314.197754,0.16897,140.0,0.0,74.0,0.0,0.0,0.16897,0.16897,0.0,0.0,0.0,0.0,0.0,HTTP
0.0,0.0,0.0,70.0,0.168963,0.168963,-0.0,3314.335205,0.0,214.0,0.0,74.0,1.0,0.0,0.168963,64256.0,1721542400.0,64.0,0.0,0.0,0.0,0.0,0.0,62.0,0.0,5.918456,0.0,2.0,0.0,0.0,11.836911,4077568.0,3.0,0.0,0.0,0.0,0.0,0.168963,0.0,0.0,3314.335205,0.168963,140.0,0.0,74.0,0.0,0.0,0.168963,0.168963,0.0,0.0,0.0,0.0,0.0,HTTP
0.0,0.000758,0.0,70.0,0.168963,0.168205,-0.0,3314.335205,0.0,214.0,0.0,74.0,1.0,0.0,0.168963,64256.0,1721542400.0,64.0,0.0,0.0,0.0,0.0,0.0,62.0,0.0,5.918456,0.0,2.0,0.0,0.0,11.836911,4077568.0,3.0,0.0,0.0,0.0,0.0,0.168963,0.0,0.0,3314.335205,0.168963,140.0,0.0,74.0,0.0,0.0,0.168963,0.168963,0.0,0.0,0.0,0.0,0.0,HTTP
0.0,0.000507,0.0,66.0,0.167609,0.168896,-0.0,3150.188721,0.0,198.0,0.0,66.0,1.0,1.0,0.169403,64256.0,1721542400.0,64.0,0.0,0.0,0.0,0.0,0.0,62.0,0.0,5.966267,1.0,2.0,0.0,0.0,11.932533,4077568.0,3.0,0.0,0.0,0.0,0.0,0.167609,0.0,0.0,3150.188721,0.167609,132.0,0.0,66.0,0.0,0.0,0.167609,0.167609,0.0,0.0,0.0,0.0,0.0,HTTP
0.0,0.000486,0.0,66.0,0.167606,0.168905,-0.0,3150.245361,3150.245361,264.0,0.0,132.0,2.0,1.0,0.169391,64256.0,1721542400.0,64.0,0.0,0.0,0.0,0.0,0.0,62.0,0.0,5.966373,1.0,2.0,0.0,0.0,17.89912,31872.0,4.0,0.0,0.0,0.0,0.0,0.167606,0.0,0.0,6300.490723,0.167606,132.0,0.0,66.0,0.0,0.0,0.167606,0.167606,0.0,0.0,0.0,5.966373,0.0,HTTP
0.0,0.0,0.0,0.0,0.0,0.166091,-0.0,0.0,0.0,1053.0,0.0,1053.0,1.0,0.0,0.166091,507918.4607708,1721542400.0,64.0,0.0,0.0,0.0,0.0,0.0,62.0,0.0,0.0,1.0,0.0,1.0,0.0,0.0,434180.50583333336,1.0,0.0,0.0,0.0,0.0,0.0,0.0,0.0,0.0,0.0,0.0,0.0,1053.0,0.0,0.0,0.0,0.0,1.0,0.0,0.0,0.0,0.0,HTTP
0.0,0.000497,21.0,83.090912,0.802458,0.0,-0.0,8284.545898,158084.28125,18092.0,1.0,17178.0,13.0,0.0,0.000497,55680.0,1721542400.0,64.0,0.0,0.0,0.0,0.0,0.0,62.0,0.0,12.461712,1.0,11.0,21.0,0.0,28.661936,31872.0,24.0,0.0,0.0,46.666667,0.0,0.802458,0.0,0.0,166368.828125,0.802458,914.0,0.0,1321.384644,0.0,0.0,0.802458,0.802458,1.0,0.0,0.0,14.954054,0.0,HTTP
0.0,0.000992,0.0,0.0,0.0,0.0,-0.0,0.0,0.0,1514.0,0.0,1514.0,1.0,0.0,0.000992,507918.4607708,1721542400.0,64.0,0.0,0.0,0.0,0.0,0.0,62.0,0.0,0.0,1.0,0.0,0.0,0.0,0.0,434180.50583333336,1.0,0.0,0.0,0.0,0.0,0.0,0.0,0.0,0.0,0.0,0.0,0.0,1514.0,1.0,0.0,0.0,0.0,0.0,0.0,0.0,0.0,0.0,HTTP
0.0,0.000497,0.0,66.0,0.788451,0.0,-0.0,1339.334961,669.66748,330.0,1.0,132.0,2.0,0.0,0.000497,62592.0,1721542400.0,64.0,0.0,0.0,0.0,0.0,0.0,62.0,0.0,2.536619,1.0,3.0,0.0,0.0,5.073238,31872.0,5.0,0.0,0.0,0.0,0.0,0.788451,0.0,0.0,2009.002441,0.788451,198.0,0.0,66.0,0.0,0.0,0.788451,0.788451,0.0,0.0,0.0,1.26831,0.0,HTTP
0.0,0.000992,0.0,66.0,0.002302,0.0,-0.0,0.0,0.0,132.0,0.0,66.0,1.0,0.0,0.000992,64256.0,1721542400.0,64.0,0.0,0.0,0.0,0.0,0.0,62.0,0.0,0.0,1.0,1.0,0.0,0.0,434.404846,31872.0,2.0,0.0,0.0,0.0,0.0,0.002302,0.0,0.0,0.0,0.002302,66.0,1.0,66.0,0.0,0.0,0.002302,0.002302,0.0,0.0,0.0,0.0,0.0,HTTP
0.0,0.0,0.0,66.0,0.0,0.166091,-0.0,0.0,0.0,132.0,0.0,66.0,1.0,0.0,0.166091,64128.0,1721542400.0,64.0,0.0,0.0,0.0,0.0,0.0,62.0,0.0,0.0,1.0,1.0,0.0,0.0,0.0,31872.0,2.0,0.0,0.0,0.0,0.0,0.0,0.0,0.0,0.0,0.0,66.0,1.0,66.0,0.0,0.0,0.0,0.0,0.0,0.0,0.0,0.0,0.0,HTTP
0.0,0.000758,0.0,66.0,0.339492,0.168205,-0.0,1555.265015,1555.265015,264.0,0.0,132.0,2.0,1.0,0.168963,64256.0,1721542400.0,64.0,0.0,0.0,0.0,0.0,0.0,62.0,0.0,2.945578,1.0,2.0,0.0,0.0,8.836733,31872.0,4.0,0.0,0.0,0.0,0.0,0.339492,0.0,0.0,3110.530029,0.339492,132.0,0.0,66.0,0.0,0.0,0.339492,0.339492,0.0,0.0,0.0,2.945578,0.0,HTTP
0.0,0.0,0.0,66.0,0.324388,0.168963,-0.0,1627.68042,0.0,198.0,0.0,66.0,1.0,1.0,0.168963,64256.0,1721542400.0,64.0,0.0,0.0,0.0,0.0,0.0,62.0,0.0,3.082728,1.0,2.0,0.0,0.0,6.165456,4077568.0,3.0,0.0,0.0,0.0,0.0,0.324388,0.0,0.0,1627.68042,0.324388,132.0,0.0,66.0,0.0,0.0,0.324388,0.324388,0.0,0.0,0.0,0.0,0.0,HTTP
0.0,0.000495,0.0,66.0,0.339001,0.168475,-0.0,1557.517578,1557.517578,264.0,0.0,132.0,2.0,1.0,0.16897,64256.0,1721542400.0,64.0,0.0,0.0,0.0,0.0,0.0,62.0,0.0,2.949844,1.0,2.0,0.0,0.0,8.849531,31872.0,4.0,0.0,0.0,0.0,0.0,0.339001,0.0,0.0,3115.035156,0.339001,132.0,0.0,66.0,0.0,0.0,0.339001,0.339001,0.0,0.0,0.0,2.949844,0.0,HTTP
0.0,0.0,3.0,66.0,0.334727,0.166091,-0.0,1577.404907,41968.53125,2765.0,0.0,2633.0,3.0,0.0,0.166091,64128.0,1721542400.0,64.0,0.0,0.0,0.0,0.0,0.0,62.0,0.0,2.987509,1.0,2.0,3.0,0.0,11.950037,31872.0,5.0,0.0,0.0,37.5,0.0,0.334727,0.0,0.0,43545.9375,0.334727,132.0,0.0,877.666687,0.0,0.0,0.334727,0.334727,1.0,0.0,0.0,5.975019,0.0,HTTP
0.0,0.000992,11.0,73.199997,0.837285,0.0,-0.0,6296.541992,275719.75,31031.0,1.0,30299.0,21.0,0.0,0.000992,56832.0,1721542400.0,64.0,0.0,0.0,0.0,0.0,0.0,62.0,0.0,10.749028,1.0,10.0,11.0,0.0,35.830093,31872.0,31.0,0.0,0.0,26.190476,0.0,0.837285,0.0,0.0,282016.28125,0.837285,732.0,0.0,1442.80957,0.0,0.0,0.837285,0.837285,1.0,0.0,0.0,23.88673,0.0,HTTP
0.0,0.000992,0.0,66.0,0.000498,0.0,-0.0,3180722.75,0.0,330.0,1.0,66.0,1.0,0.0,0.000992,61568.0,1721542400.0,64.0,0.0,0.0,0.0,0.0,0.0,62.0,0.0,6024.096191,1.0,4.0,0.0,0.0,8032.128418,31872.0,5.0,0.0,0.0,0.0,0.0,0.000498,0.0,0.0,3180722.75,0.000498,264.0,0.0,66.0,0.0,0.0,0.000498,0.000498,0.0,0.0,0.0,0.0,0.0,HTTP
0.0,0.000504,0.0,128.125,0.340776,0.168739,-0.0,21057.820312,177406.859375,9421.0,0.0,8396.0,10.0,0.0,0.169243,59648.0,1721542400.0,64.0,0.0,0.0,0.0,0.0,0.0,62.0,0.0,20.541353,0.0,8.0,0.0,0.0,49.886143,31872.0,18.0,0.0,0.0,0.0,0.0,0.340776,0.0,0.0,198464.6875,0.340776,1025.0,0.0,839.599976,0.0,0.0,0.340776,0.340776,0.0,0.0,0.0,26.410311,0.0,HTTP
0.0,0.000496,0.0,133.571426,0.339985,0.169171,-0.0,18871.419922,116452.195312,6591.0,0.0,5656.0,8.0,0.0,0.169667,63488.0,1721542400.0,64.0,0.0,0.0,0.0,0.0,0.0,62.0,0.0,17.647837,0.0,7.0,0.0,0.0,41.178288,31872.0,15.0,0.0,0.0,0.0,0.0,0.339985,0.0,0.0,135323.609375,0.339985,935.0,0.0,707.0,0.0,0.0,0.339985,0.339985,0.0,0.0,0.0,20.589144,0.0,HTTP
0.0,0.000497,0.0,114.75,0.108064,0.046041,-0.0,59520.28125,351865.5625,6349.0,0.0,5431.0,8.0,0.0,0.046538,64128.0,1721542400.0,64.0,0.0,0.0,0.0,0.0,0.0,62.0,0.0,64.776428,0.0,8.0,0.0,0.0,138.806625,31872.0,16.0,0.0,0.0,0.0,0.0,0.108064,0.0,0.0,411385.84375,0.108064,918.0,0.0,678.875,0.0,0.0,0.108064,0.108064,0.0,0.0,0.0,64.776428,0.0,HTTP
0.0,0.002678,0.0,110.5,0.172332,0.059002,-0.0,35930.644531,227328.640625,6480.0,0.0,5596.0,8.0,0.0,0.06168,64128.0,1721542400.0,64.0,0.0,0.0,0.0,0.0,0.0,62.0,0.0,40.61927,0.0,8.0,0.0,0.0,87.04129,31872.0,16.0,0.0,0.0,0.0,0.0,0.172332,0.0,0.0,263259.28125,0.172332,884.0,0.0,699.5,0.0,0.0,0.172332,0.172332,0.0,0.0,0.0,40.61927,0.0,HTTP
0.0,0.002678,0.0,72.46154,0.309101,0.05949,-0.0,95658.054688,2515553.25,102392.0,0.0,98624.0,69.0,0.0,0.062168,202624.0,1721542400.0,64.0,0.0,0.0,0.0,0.0,0.0,62.0,0.0,164.994614,0.0,52.0,0.0,0.0,388.222626,31872.0,121.0,0.0,0.0,0.0,0.0,0.309101,0.0,0.0,2611211.25,0.309101,3768.0,0.0,1429.333374,0.0,0.0,0.309101,0.309101,0.0,0.0,0.0,219.992828,0.0,HTTP
0.0,0.001752,0.0,106.625,0.171406,0.05949,-0.0,34864.589844,369135.28125,9640.0,0.0,8787.0,10.0,0.0,0.061242,64128.0,1721542400.0,64.0,0.0,0.0,0.0,0.0,0.0,62.0,0.0,40.838711,0.0,8.0,0.0,0.0,99.179726,31872.0,18.0,0.0,0.0,0.0,0.0,0.171406,0.0,0.0,403999.84375,0.171406,853.0,0.0,878.700012,0.0,0.0,0.171406,0.171406,0.0,0.0,0.0,52.506912,0.0,HTTP
0.0,0.002251,0.0,84.055557,0.246821,0.058991,-0.0,46316.964844,718382.9375,24843.0,0.0,23330.0,20.0,0.0,0.061242,59648.0,1721542400.0,64.0,0.0,0.0,0.0,0.0,0.0,62.0,0.0,68.875824,0.0,18.0,0.0,0.0,149.906204,31872.0,38.0,0.0,0.0,0.0,0.0,0.246821,0.0,0.0,764699.9375,0.246821,1513.0,0.0,1166.5,0.0,0.0,0.246821,0.246821,0.0,0.0,0.0,76.978867,0.0,HTTP
0.0,0.000993,0.0,135.600006,0.124942,0.060243,-0.0,34768.132812,43988.410156,1536.0,0.0,858.0,5.0,0.0,0.061236,64128.0,1721542400.0,64.0,0.0,0.0,0.0,0.0,0.0,62.0,0.0,32.014854,0.0,5.0,0.0,0.0,72.033424,31872.0,10.0,0.0,0.0,0.0,0.0,0.124942,0.0,0.0,78756.546875,0.124942,678.0,0.0,171.600006,0.0,0.0,0.124942,0.124942,0.0,0.0,0.0,32.014854,0.0,HTTP
0.0,0.000507,0.0,66.0,0.0,0.152898,-0.0,0.0,0.0,126.0,1.0,60.0,1.0,0.0,0.153405,62592.0,1721542400.0,64.0,0.0,0.0,0.0,0.0,0.0,62.0,0.0,0.0,1.0,1.0,0.0,0.0,0.0,31872.0,2.0,0.0,0.0,0.0,0.0,0.0,0.0,0.0,0.0,0.0,66.0,0.0,60.0,0.0,0.0,0.0,0.0,0.0,0.0,0.0,0.0,0.0,HTTP
0.0,0.000497,0.0,74.0,0.000497,0.0,-0.0,0.0,0.0,148.0,0.0,74.0,1.0,0.0,0.000497,8222720.0,1721542400.0,64.0,0.0,0.0,0.0,0.0,1.0,62.0,0.0,0.0,0.0,1.0,0.0,0.0,2012.072388,4077568.0,2.0,0.0,0.0,0.0,0.0,0.000497,0.0,0.0,0.0,0.000497,74.0,0.0,74.0,0.0,0.0,0.000497,0.000497,0.0,0.0,0.0,0.0,0.0,HTTP
1.0,0.000497,2.0,74.0,0.000996,0.0,-0.0,0.0,0.0,148.0,0.0,74.0,1.0,0.0,0.000497,8222720.0,1721542400.0,64.0,0.0,0.0,0.0,0.0,1.0,62.0,0.0,0.0,1.0,1.0,1.0,0.0,1004.016052,4077568.0,2.0,0.0,0.0,50.0,0.0,0.000996,0.0,0.0,0.0,0.000996,74.0,0.0,74.0,0.0,1.0,0.000996,0.000996,0.0,0.0,0.0,0.0,0.0,HTTP
0.0,0.000497,0.0,0.0,0.0,0.0,-0.0,0.0,0.0,74.0,0.0,74.0,1.0,0.0,0.000497,507918.4607708,1721542400.0,64.0,1.0,0.0,0.0,0.0,0.0,62.0,0.0,0.0,1.0,0.0,1.0,0.0,0.0,434180.50583333336,1.0,0.0,0.0,0.0,0.0,0.0,0.0,0.0,0.0,0.0,0.0,0.0,74.0,0.0,0.0,0.0,0.0,1.0,0.0,0.0,0.0,0.0,HTTP
0.0,0.000497,0.0,0.0,0.0,0.0,-0.0,0.0,0.0,74.0,0.0,74.0,1.0,0.0,0.000497,507918.4607708,1721542400.0,64.0,1.0,0.0,0.0,0.0,0.0,62.0,0.0,0.0,1.0,0.0,1.0,0.0,0.0,434180.50583333336,1.0,0.0,0.0,0.0,0.0,0.0,0.0,0.0,0.0,0.0,0.0,0.0,74.0,0.0,0.0,0.0,0.0,1.0,0.0,0.0,0.0,0.0,HTTP
0.0,0.001007,0.0,70.0,0.324221,0.323214,-0.0,1727.217041,0.0,214.0,0.0,74.0,1.0,0.0,0.324221,64256.0,1721542400.0,64.0,0.0,0.0,0.0,0.0,0.0,62.0,0.0,3.084316,0.0,2.0,0.0,0.0,6.168632,4077568.0,3.0,0.0,0.0,0.0,0.0,0.324221,0.0,0.0,1727.217041,0.324221,140.0,0.0,74.0,0.0,0.0,0.324221,0.324221,0.0,0.0,0.0,0.0,0.0,HTTP
0.0,0.000497,0.0,0.0,0.0,0.0,-0.0,0.0,0.0,74.0,0.0,74.0,1.0,0.0,0.000497,507918.4607708,1721542400.0,64.0,1.0,0.0,0.0,0.0,0.0,62.0,0.0,0.0,1.0,0.0,1.0,0.0,0.0,434180.50583333336,1.0,0.0,0.0,0.0,0.0,0.0,0.0,0.0,0.0,0.0,0.0,0.0,74.0,0.0,0.0,0.0,0.0,1.0,0.0,0.0,0.0,0.0,HTTP
0.0,0.001007,0.0,66.0,0.170175,0.323214,-0.0,3102.688477,0.0,198.0,0.0,66.0,1.0,1.0,0.324221,64256.0,1721542400.0,64.0,0.0,0.0,0.0,0.0,0.0,62.0,0.0,5.876304,1.0,2.0,0.0,0.0,11.752607,4077568.0,3.0,0.0,0.0,0.0,0.0,0.170175,0.0,0.0,3102.688477,0.170175,132.0,0.0,66.0,0.0,0.0,0.170175,0.170175,0.0,0.0,0.0,0.0,0.0,HTTP
0.0,0.000497,1.0,192.333328,0.170964,0.0,-0.0,18015.488281,32147.119141,1435.0,0.0,858.0,5.0,0.0,0.000497,64128.0,1721542400.0,64.0,0.0,0.0,0.0,0.0,0.0,62.0,0.0,11.698369,1.0,3.0,1.0,0.0,40.94429,31872.0,8.0,0.0,0.0,11.111111,0.0,0.170964,0.0,0.0,50162.605469,0.170964,577.0,0.0,171.600006,0.0,0.0,0.170964,0.170964,1.0,0.0,0.0,23.396738,0.0,HTTP
0.0,0.00148,0.0,64.0,0.15387,0.0,-0.0,3327.484131,0.0,202.0,0.0,74.0,1.0,0.0,0.00148,8222720.0,1721542400.0,64.0,0.0,0.0,0.0,0.0,0.0,62.0,0.0,6.498992,0.0,2.0,0.0,0.0,12.997985,4077568.0,3.0,0.0,0.0,0.0,0.0,0.15387,0.0,0.0,3327.484131,0.15387,128.0,0.0,74.0,0.0,0.0,0.15387,0.15387,0.0,0.0,0.0,0.0,0.0,HTTP
0.0,0.000497,0.0,66.0,0.00049,0.0,-0.0,0.0,0.0,132.0,0.0,66.0,1.0,0.0,0.000497,64128.0,1721542400.0,64.0,0.0,0.0,0.0,0.0,0.0,62.0,0.0,0.0,1.0,1.0,0.0,0.0,2040.816284,31872.0,2.0,0.0,0.0,0.0,0.0,0.00049,0.0,0.0,0.0,0.00049,66.0,0.0,66.0,0.0,0.0,0.00049,0.00049,0.0,0.0,0.0,0.0,0.0,HTTP
0.0,0.001003,0.0,74.0,0.001003,0.0,-0.0,0.0,0.0,148.0,0.0,74.0,1.0,0.0,0.001003,8222720.0,1721542400.0,64.0,0.0,0.0,0.0,0.0,1.0,62.0,0.0,0.0,0.0,1.0,0.0,0.0,997.009033,4077568.0,2.0,0.0,0.0,0.0,0.0,0.001003,0.0,0.0,0.0,0.001003,74.0,0.0,74.0,0.0,0.0,0.001003,0.001003,0.0,0.0,0.0,0.0,0.0,HTTP
0.0,0.000483,0.0,74.0,0.000483,0.0,-0.0,0.0,0.0,148.0,0.0,74.0,1.0,0.0,0.000483,8222720.0,1721542400.0,64.0,0.0,0.0,0.0,0.0,1.0,62.0,0.0,0.0,0.0,1.0,0.0,0.0,2070.393311,4077568.0,2.0,0.0,0.0,0.0,0.0,0.000483,0.0,0.0,0.0,0.000483,74.0,0.0,74.0,0.0,0.0,0.000483,0.000483,0.0,0.0,0.0,0.0,0.0,HTTP
1.0,0.001003,3.0,116.75,0.649976,0.156281,-0.0,10068.063477,82353.804688,8368.0,0.0,7434.0,10.0,0.0,0.157284,63488.0,1721542400.0,64.0,0.0,0.0,0.0,0.0,0.0,62.0,0.0,10.769629,1.0,8.0,2.0,0.0,26.154812,31872.0,18.0,0.0,0.0,14.285714,0.0,0.649976,0.0,0.0,92421.867188,0.649976,934.0,0.0,743.400024,0.0,1.0,0.649976,0.649976,0.0,0.0,0.0,13.846664,0.0,HTTP
1.0,0.000483,4.0,192.0,0.673422,0.16773,-0.0,4561.775879,73713.070312,7556.0,0.0,6980.0,9.0,0.0,0.168213,64256.0,1721542400.0,64.0,0.0,0.0,0.0,0.0,0.0,62.0,0.0,2.969906,1.0,3.0,3.0,0.0,16.334484,31872.0,12.0,0.0,0.0,25.0,0.0,0.673422,0.0,0.0,78274.84375,0.673422,576.0,0.0,775.555542,0.0,1.0,0.673422,0.673422,0.0,0.0,0.0,11.879624,0.0,HTTP
0.0,0.001308,7.0,119.125,0.943796,0.181658,-0.0,7069.324219,223234.6875,28605.0,1.0,27652.0,21.0,0.0,0.182966,62464.0,1721542400.0,64.0,0.0,0.0,0.0,0.0,0.0,62.0,0.0,7.416857,0.0,8.0,7.0,0.0,29.667429,31872.0,29.0,0.0,0.0,19.444444,0.0,0.943796,0.0,0.0,230304.015625,0.943796,953.0,0.0,1316.761963,0.0,0.0,0.943796,0.943796,1.0,0.0,1.0,21.191021,0.0,HTTP
0.0,0.001494,8.0,92.111115,0.944967,0.168204,-0.0,13257.606445,318495.78125,40576.0,1.0,38918.0,30.0,0.0,0.169698,63488.0,1721542400.0,64.0,0.0,0.0,0.0,0.0,0.0,62.0,0.0,17.990047,0.0,18.0,8.0,0.0,49.737186,31872.0,48.0,0.0,0.0,14.285714,0.0,0.944967,0.0,0.0,331753.40625,0.944967,1658.0,0.0,1297.266724,0.0,0.0,0.944967,0.944967,1.0,0.0,0.0,30.688904,0.0,HTTP
0.0,0.001308,5.0,73.333336,0.926604,0.181658,-0.0,6967.37793,218432.046875,27668.0,1.0,26788.0,18.0,0.0,0.182966,64128.0,1721542400.0,64.0,0.0,0.0,0.0,0.0,0.0,62.0,0.0,11.871306,1.0,12.0,5.0,0.0,31.297081,31872.0,30.0,0.0,0.0,14.285714,0.0,0.926604,0.0,0.0,225399.421875,0.926604,880.0,0.0,1488.222168,0.0,0.0,0.926604,0.926604,1.0,0.0,0.0,18.346565,0.0,HTTP
0.0,0.000497,0.0,66.0,0.001901,0.0,-0.0,0.0,0.0,132.0,0.0,66.0,1.0,0.0,0.000497,64128.0,1721542400.0,64.0,0.0,0.0,0.0,0.0,0.0,62.0,0.0,0.0,1.0,1.0,0.0,0.0,526.03894,31872.0,2.0,0.0,0.0,0.0,0.0,0.001901,0.0,0.0,0.0,0.001901,66.0,0.0,66.0,0.0,0.0,0.001901,0.001901,0.0,0.0,0.0,0.0,0.0,HTTP
0.0,0.001308,0.0,66.0,0.526595,0.181658,-0.0,3008.004395,1002.668091,396.0,1.0,132.0,2.0,0.0,0.182966,64128.0,1721542400.0,64.0,0.0,0.0,0.0,0.0,0.0,62.0,0.0,5.696978,1.0,4.0,0.0,0.0,9.494963,31872.0,6.0,0.0,0.0,0.0,0.0,0.526595,0.0,0.0,4010.672363,0.526595,264.0,0.0,66.0,0.0,0.0,0.526595,0.526595,0.0,0.0,0.0,1.898993,0.0,HTTP
0.0,0.000483,0.0,66.0,0.001489,0.16773,-0.0,0.0,0.0,132.0,0.0,66.0,1.0,0.0,0.168213,64256.0,1721542400.0,64.0,0.0,0.0,0.0,0.0,0.0,62.0,0.0,0.0,1.0,1.0,0.0,0.0,671.591675,31872.0,2.0,0.0,0.0,0.0,0.0,0.001489,0.0,0.0,0.0,0.001489,66.0,1.0,66.0,0.0,0.0,0.001489,0.001489,0.0,0.0,0.0,0.0,0.0,HTTP
0.0,0.000483,0.0,66.0,0.000992,0.16773,-0.0,0.0,0.0,132.0,0.0,66.0,1.0,0.0,0.168213,64256.0,1721542400.0,64.0,0.0,0.0,0.0,0.0,0.0,62.0,0.0,0.0,1.0,1.0,0.0,0.0,1008.064514,31872.0,2.0,0.0,0.0,0.0,0.0,0.000992,0.0,0.0,0.0,0.000992,66.0,1.0,66.0,0.0,0.0,0.000992,0.000992,0.0,0.0,0.0,0.0,0.0,HTTP
0.0,0.000483,0.0,66.0,0.000983,0.16773,-0.0,0.0,0.0,132.0,0.0,66.0,1.0,0.0,0.168213,64256.0,1721542400.0,64.0,0.0,0.0,0.0,0.0,0.0,62.0,0.0,0.0,1.0,1.0,0.0,0.0,1017.293945,31872.0,2.0,0.0,0.0,0.0,0.0,0.000983,0.0,0.0,0.0,0.000983,66.0,1.0,66.0,0.0,0.0,0.000983,0.000983,0.0,0.0,0.0,0.0,0.0,HTTP
0.0,0.000483,0.0,0.0,0.0,0.16773,-0.0,0.0,0.0,252.0,0.0,252.0,1.0,0.0,0.168213,507918.4607708,1721542400.0,64.0,0.0,0.0,0.0,0.0,0.0,62.0,0.0,0.0,1.0,0.0,1.0,0.0,0.0,434180.50583333336,1.0,0.0,0.0,0.0,0.0,0.0,0.0,1.0,0.0,0.0,0.0,0.0,252.0,0.0,0.0,0.0,0.0,1.0,0.0,0.0,0.0,0.0,HTTP
0.0,0.000483,0.0,66.0,0.000513,0.16773,-0.0,0.0,0.0,132.0,0.0,66.0,1.0,0.0,0.168213,64256.0,1721542400.0,64.0,0.0,0.0,0.0,0.0,0.0,62.0,0.0,0.0,1.0,1.0,0.0,0.0,1949.317749,31872.0,2.0,0.0,0.0,0.0,0.0,0.000513,0.0,0.0,0.0,0.000513,66.0,1.0,66.0,0.0,0.0,0.000513,0.000513,0.0,0.0,0.0,0.0,0.0,HTTP
0.0,0.000483,0.0,66.0,0.012517,0.16773,-0.0,0.0,0.0,132.0,0.0,66.0,1.0,0.0,0.168213,64256.0,1721542400.0,64.0,0.0,0.0,0.0,0.0,0.0,62.0,0.0,0.0,1.0,1.0,0.0,0.0,79.89135,31872.0,2.0,0.0,0.0,0.0,0.0,0.012517,0.0,0.0,0.0,0.012517,66.0,1.0,66.0,0.0,0.0,0.012517,0.012517,0.0,0.0,0.0,0.0,0.0,HTTP
0.0,0.000483,0.0,66.0,0.000487,0.16773,-0.0,0.0,0.0,132.0,0.0,66.0,1.0,0.0,0.168213,64256.0,1721542400.0,64.0,0.0,0.0,0.0,0.0,0.0,62.0,0.0,0.0,1.0,1.0,0.0,0.0,2053.387939,31872.0,2.0,0.0,0.0,0.0,0.0,0.000487,0.0,0.0,0.0,0.000487,66.0,1.0,66.0,0.0,0.0,0.000487,0.000487,0.0,0.0,0.0,0.0,0.0,HTTP
0.0,0.000483,7.0,66.0,0.124688,0.16773,-0.0,12703.708984,365199.53125,6904.0,0.0,6640.0,7.0,0.0,0.168213,63488.0,1721542400.0,64.0,0.0,0.0,0.0,0.0,0.0,62.0,0.0,24.060055,1.0,4.0,7.0,0.0,80.20018,31872.0,11.0,0.0,0.0,38.888889,0.0,0.124688,0.0,0.0,377903.25,0.124688,264.0,0.0,948.571411,0.0,0.0,0.124688,0.124688,1.0,0.0,0.0,48.12011,0.0,HTTP
0.0,0.00051,0.0,72.015625,0.354561,0.061641,-0.0,102368.84375,3323411.25,153361.0,0.0,148752.0,102.0,0.0,0.062151,192768.0,1721542400.0,64.0,0.0,0.0,0.0,0.0,0.0,62.0,0.0,177.684509,0.0,64.0,0.0,0.0,465.364197,31872.0,166.0,0.0,0.0,0.0,0.0,0.354561,0.0,0.0,3425780.0,0.354561,4609.0,0.0,1458.352905,0.0,0.0,0.354561,0.354561,0.0,0.0,0.0,284.859314,0.0,HTTP
0.0,0.00051,0.0,130.0,0.125328,0.061641,-0.0,41491.125,59747.222656,1950.0,0.0,1170.0,5.0,0.0,0.062151,64128.0,1721542400.0,64.0,0.0,0.0,0.0,0.0,0.0,62.0,0.0,39.895313,0.0,6.0,0.0,0.0,79.790627,31872.0,11.0,0.0,0.0,0.0,0.0,0.125328,0.0,0.0,101238.34375,0.125328,780.0,0.0,234.0,0.0,0.0,0.125328,0.125328,0.0,0.0,0.0,31.91625,0.0,HTTP
0.0,0.000839,0.0,144.399994,0.109231,0.045215,-0.0,42332.304688,48264.6875,1545.0,0.0,823.0,5.0,0.0,0.046054,64128.0,1721542400.0,64.0,0.0,0.0,0.0,0.0,0.0,62.0,0.0,36.61964,0.0,5.0,0.0,0.0,82.394188,31872.0,10.0,0.0,0.0,0.0,0.0,0.109231,0.0,0.0,90596.992188,0.109231,722.0,0.0,164.600006,0.0,0.0,0.109231,0.109231,0.0,0.0,0.0,36.61964,0.0,HTTP
0.0,0.00134,0.0,144.399994,0.140632,0.059586,-0.0,32880.140625,39820.238281,1596.0,0.0,874.0,5.0,0.0,0.060926,64128.0,1721542400.0,64.0,0.0,0.0,0.0,0.0,0.0,62.0,0.0,28.443027,0.0,5.0,0.0,0.0,63.996811,31872.0,10.0,0.0,0.0,0.0,0.0,0.140632,0.0,0.0,72700.382812,0.140632,722.0,0.0,174.800003,0.0,0.0,0.140632,0.140632,0.0,0.0,0.0,28.443027,0.0,HTTP
0.0,0.00134,0.0,114.0,0.140127,0.059586,-0.0,45558.671875,467575.84375,10011.0,0.0,9099.0,10.0,0.0,0.060926,63488.0,1721542400.0,64.0,0.0,0.0,0.0,0.0,0.0,62.0,0.0,49.954681,0.0,8.0,0.0,0.0,121.318512,31872.0,18.0,0.0,0.0,0.0,0.0,0.140127,0.0,0.0,513134.5,0.140127,912.0,0.0,909.900024,0.0,0.0,0.140127,0.140127,0.0,0.0,0.0,64.227448,0.0,HTTP
0.0,0.000991,0.0,117.222221,0.155532,0.060711,-0.0,48247.304688,423887.03125,10211.0,0.0,9156.0,10.0,0.0,0.061702,64128.0,1721542400.0,64.0,0.0,0.0,0.0,0.0,0.0,62.0,0.0,51.436359,0.0,9.0,0.0,0.0,115.731812,31872.0,19.0,0.0,0.0,0.0,0.0,0.155532,0.0,0.0,472134.34375,0.155532,1055.0,0.0,915.599976,0.0,0.0,0.155532,0.155532,0.0,0.0,0.0,57.865906,0.0,HTTP
0.0,0.00301,0.0,123.625,0.140094,0.058325,-0.0,49452.511719,519251.375,10991.0,0.0,10002.0,11.0,0.0,0.061335,58752.0,1721542400.0,64.0,0.0,0.0,0.0,0.0,0.0,62.0,0.0,49.966454,0.0,8.0,0.0,0.0,128.485168,31872.0,19.0,0.0,0.0,0.0,0.0,0.140094,0.0,0.0,568703.875,0.140094,989.0,0.0,909.272705,0.0,0.0,0.140094,0.140094,0.0,0.0,0.0,71.380646,0.0,HTTP
0.0,0.003507,0.0,123.625,0.167488,0.057833,-0.0,41364.160156,392481.875,10119.0,0.0,9130.0,10.0,0.0,0.06134,60672.0,1721542400.0,64.0,0.0,0.0,0.0,0.0,0.0,62.0,0.0,41.794041,0.0,8.0,0.0,0.0,101.499809,31872.0,18.0,0.0,0.0,0.0,0.0,0.167488,0.0,0.0,433846.03125,0.167488,989.0,0.0,913.0,0.0,0.0,0.167488,0.167488,0.0,0.0,0.0,53.735195,0.0,HTTP
0.0,0.001519,0.0,112.099998,0.154939,0.059992,-0.0,52097.921875,451222.75,10733.0,0.0,9612.0,11.0,0.0,0.061511,64128.0,1721542400.0,64.0,0.0,0.0,0.0,0.0,0.0,62.0,0.0,58.087379,0.0,10.0,0.0,0.0,129.083069,31872.0,21.0,0.0,0.0,0.0,0.0,0.154939,0.0,0.0,503320.6875,0.154939,1121.0,0.0,873.818176,0.0,0.0,0.154939,0.154939,0.0,0.0,0.0,64.541534,0.0,HTTP
0.0,0.001864,0.0,123.625,0.15342,0.073366,-0.0,45157.085938,445574.25,10483.0,0.0,9494.0,10.0,0.0,0.07523,58368.0,1721542400.0,64.0,0.0,0.0,0.0,0.0,0.0,62.0,0.0,45.626385,0.0,8.0,0.0,0.0,110.806931,31872.0,18.0,0.0,0.0,0.0,0.0,0.15342,0.0,0.0,490731.3125,0.15342,989.0,0.0,949.400024,0.0,0.0,0.15342,0.15342,0.0,0.0,0.0,58.662495,0.0,HTTP
0.0,0.000504,0.0,112.099998,0.124075,0.060677,-0.0,65057.421875,581712.6875,11045.0,0.0,9924.0,11.0,0.0,0.061181,63488.0,1721542400.0,64.0,0.0,0.0,0.0,0.0,0.0,62.0,0.0,72.536774,0.0,10.0,0.0,0.0,161.192825,31872.0,21.0,0.0,0.0,0.0,0.0,0.124075,0.0,0.0,646770.0625,0.124075,1121.0,0.0,902.181824,0.0,0.0,0.124075,0.124075,0.0,0.0,0.0,80.596413,0.0,HTTP
0.0,0.000504,0.0,219.600006,0.650909,0.061197,-0.0,24298.328125,30074.863281,4846.0,0.0,2650.0,13.0,0.0,0.061701,64128.0,1721542272.0,64.0,0.0,0.0,0.0,0.0,0.0,62.0,0.0,13.826818,0.0,10.0,0.0,0.0,33.798885,31872.0,23.0,0.0,0.0,0.0,0.0,0.650909,0.0,0.0,54373.191406,0.650909,2196.0,0.0,203.846161,0.0,0.0,0.650909,0.650909,0.0,0.0,1.0,18.435757,0.0,SFTP
0.0,0.000504,0.0,183.818176,0.523776,0.061197,-0.0,28088.34375,34518.574219,4508.0,0.0,2486.0,11.0,0.0,0.061701,64128.0,1721542272.0,64.0,0.0,0.0,0.0,0.0,0.0,62.0,0.0,19.092131,1.0,11.0,0.0,0.0,40.093475,31872.0,22.0,1.0,0.0,0.0,0.0,0.523776,0.0,0.0,62606.917969,0.523776,2022.0,0.0,226.0,0.0,0.0,0.523776,0.523776,0.0,0.0,0.0,19.092131,0.0,SFTP
0.0,0.000504,0.0,472.0,0.353653,0.061197,-0.0,74739.929688,12057.015625,4442.0,0.0,666.0,5.0,0.0,0.061701,64128.0,1721542272.0,64.0,0.0,0.0,0.0,0.0,0.0,62.0,0.0,19.793413,1.0,8.0,0.0,0.0,33.931564,31872.0,13.0,1.0,0.0,0.0,0.0,0.353653,0.0,0.0,86796.945312,0.353653,3776.0,0.0,133.199997,0.0,0.0,0.353653,0.353653,0.0,0.0,0.0,11.310521,0.0,SFTP
0.0,0.000504,0.0,558.0,0.403044,0.061197,-0.0,77530.0,10579.490234,5130.0,0.0,666.0,5.0,0.0,0.061701,64128.0,1721542272.0,64.0,0.0,0.0,0.0,0.0,0.0,62.0,0.0,17.367832,1.0,8.0,0.0,0.0,29.773426,31872.0,13.0,1.0,0.0,0.0,0.0,0.403044,0.0,0.0,88109.492188,0.403044,4464.0,0.0,133.199997,0.0,0.0,0.403044,0.403044,0.0,0.0,0.0,9.924475,0.0,SFTP
4.0,0.000504,4.0,1478.377319,0.989781,0.061197,-0.0,1887965.125,49497.816406,241264.0,1.0,6202.0,79.0,0.0,0.061701,64128.0,1721542272.0,64.0,0.0,0.0,0.0,0.0,0.0,62.0,1.0,159.631271,1.0,159.0,0.0,0.0,239.446899,240640.0,238.0,1.0,0.0,1.652893,0.0,0.989781,0.0,0.0,1937462.875,0.989781,235062.0,0.0,78.506332,0.0,0.0,0.989781,0.989781,0.0,0.0,0.0,78.805313,0.0,SFTP
1.0,0.000504,1.0,1501.517212,0.985858,0.061197,-0.0,1401216.0,37084.449219,178822.0,1.0,4646.0,61.0,0.0,0.061701,64128.0,1721542272.0,64.0,0.0,0.0,0.0,0.0,0.0,62.0,1.0,116.649658,1.0,116.0,0.0,0.0,178.524689,536064.0,177.0,1.0,0.0,0.561798,0.0,0.985858,0.0,0.0,1438300.375,0.985858,174176.0,0.0,76.163933,0.0,0.0,0.985858,0.985858,0.0,0.0,0.0,60.860691,0.0,SFTP
0.0,0.000504,0.0,1457.215698,0.988402,0.061197,-0.0,1191248.125,29704.511719,152384.0,1.0,3748.0,48.0,0.0,0.061701,64128.0,1721542272.0,64.0,0.0,0.0,0.0,0.0,0.0,62.0,0.0,102.185143,1.0,102.0,0.0,0.0,150.748383,589824.0,150.0,1.0,0.0,0.0,1447.0,0.988402,0.0,0.0,1220952.625,0.988402,148636.0,0.0,78.083336,0.0,0.0,0.988402,0.988402,0.0,1.0,0.0,47.551502,0.0,SFTP
1.0,0.000504,1.0,1492.705933,0.99247,0.061197,-0.0,806166.4375,22642.498047,104388.0,1.0,2884.0,38.0,0.0,0.061701,64128.0,1721542272.0,64.0,0.0,0.0,0.0,0.0,0.0,62.0,1.0,67.508339,1.0,68.0,0.0,0.0,105.796646,589952.0,106.0,1.0,0.0,0.934579,0.0,0.99247,0.0,0.0,828808.9375,0.99247,101504.0,0.0,75.894737,0.0,0.0,0.99247,0.99247,0.0,0.0,0.0,37.280724,0.0,SFTP
1.0,0.000504,1.0,1491.375,0.987735,0.061197,-0.0,760989.5625,19527.505859,97936.0,1.0,2488.0,32.0,0.0,0.061701,64128.0,1721542272.0,64.0,0.0,0.0,0.0,0.0,0.0,62.0,1.0,63.782291,1.0,64.0,0.0,0.0,96.179649,591360.0,96.0,1.0,0.0,1.030928,0.0,0.987735,0.0,0.0,780517.0625,0.987735,95448.0,0.0,77.75,0.0,0.0,0.987735,0.987735,0.0,0.0,0.0,31.384937,0.0,SFTP
1.0,0.000504,1.0,1347.882324,0.586144,0.061197,-0.0,294357.71875,15654.856445,24156.0,1.0,1242.0,13.0,0.0,0.061701,64128.0,1721542272.0,64.0,0.0,0.0,0.0,0.0,0.0,62.0,1.0,27.297049,1.0,17.0,0.0,0.0,49.475899,591360.0,30.0,1.0,0.0,3.225806,0.0,0.586144,0.0,0.0,310012.5625,0.586144,22914.0,0.0,95.53846,0.0,0.0,0.586144,0.586144,0.0,0.0,0.0,20.472786,0.0,SFTP
0.0,0.000504,0.0,0.0,0.576059,0.061197,-0.0,0.0,2249.769531,324.0,1.0,324.0,2.0,0.0,0.061701,68938.88262773723,1721542272.0,64.0,0.0,0.0,0.0,0.0,0.0,62.0,0.0,0.0,1.0,0.0,1.0,0.0,1.735933,620297.7061469265,2.0,0.0,0.0,0.0,0.0,0.576059,0.0,1.0,2249.769531,0.576059,0.0,0.0,162.0,0.0,0.0,0.576059,0.576059,1.0,0.0,0.0,1.735933,0.0,SFTP
0.0,0.000504,0.0,1330.521729,0.816729,0.061197,-0.0,286724.25,10010.664062,31702.0,1.0,1100.0,14.0,0.0,0.061701,64128.0,1721542272.0,64.0,0.0,0.0,0.0,0.0,0.0,62.0,0.0,26.93672,1.0,23.0,0.0,0.0,44.078266,589824.0,37.0,1.0,0.0,0.0,0.0,0.816729,0.0,0.0,296734.90625,0.816729,30602.0,0.0,78.571426,0.0,0.0,0.816729,0.816729,0.0,0.0,0.0,15.917152,0.0,SFTP
0.0,0.000504,0.0,862.0,0.740568,0.061197,-0.0,65182.402344,6589.536621,7628.0,1.0,732.0,6.0,0.0,0.061701,64128.0,1721542272.0,64.0,0.0,0.0,0.0,0.0,0.0,62.0,0.0,9.452205,1.0,8.0,0.0,0.0,17.554094,591360.0,14.0,1.0,0.0,0.0,0.0,0.740568,0.0,0.0,71771.9375,0.740568,6896.0,0.0,122.0,0.0,0.0,0.740568,0.740568,0.0,0.0,0.0,6.751575,0.0,SFTP
0.0,0.000504,1.0,178.0,0.905887,0.061197,-0.0,3143.879883,2967.257568,982.0,1.0,448.0,4.0,0.0,0.061701,64128.0,1721542272.0,64.0,0.0,0.0,0.0,0.0,0.0,62.0,0.0,2.207781,1.0,3.0,1.0,0.0,6.623343,591360.0,7.0,1.0,0.0,12.5,0.0,0.905887,0.0,0.0,6111.137207,0.905887,534.0,0.0,112.0,0.0,0.0,0.905887,0.905887,1.0,0.0,0.0,3.311671,0.0,SFTP
0.0,0.000504,1.0,1367.473633,0.986365,0.061197,-0.0,199642.109375,8735.102539,27130.0,1.0,1148.0,16.0,0.0,0.061701,64128.0,1721542272.0,64.0,0.0,0.0,0.0,0.0,0.0,62.0,0.0,18.248823,1.0,19.0,1.0,0.0,34.469997,589824.0,35.0,1.0,0.0,2.777778,0.0,0.986365,0.0,0.0,208377.21875,0.986365,25982.0,0.0,71.75,0.0,0.0,0.986365,0.986365,1.0,0.0,0.0,15.207352,0.0,SFTP
0.0,0.000504,0.0,1441.199951,0.834458,0.061197,-0.0,400691.21875,11149.751953,44482.0,1.0,1246.0,15.0,0.0,0.061701,64128.0,1721542272.0,64.0,0.0,0.0,0.0,0.0,0.0,62.0,0.0,34.753098,1.0,30.0,0.0,0.0,52.728836,591360.0,45.0,1.0,0.0,0.0,0.0,0.834458,0.0,0.0,411840.96875,0.834458,43236.0,0.0,83.066666,0.0,0.0,0.834458,0.834458,0.0,0.0,0.0,16.777357,0.0,SFTP
0.0,0.000504,0.0,122.0,0.244437,0.061197,-0.0,3992.848877,0.0,406.0,1.0,162.0,1.0,0.0,0.061701,64128.0,1721542272.0,64.0,0.0,0.0,0.0,0.0,0.0,62.0,0.0,4.091034,1.0,2.0,0.0,0.0,8.182068,591360.0,3.0,1.0,0.0,0.0,0.0,0.244437,0.0,0.0,3992.848877,0.244437,244.0,0.0,162.0,0.0,0.0,0.244437,0.244437,0.0,0.0,0.0,0.0,0.0,SFTP
0.0,0.000504,0.0,1428.731689,0.930307,0.061197,-0.0,491450.6875,12254.019531,60086.0,1.0,1508.0,18.0,0.0,0.061701,64128.0,1721542272.0,64.0,0.0,0.0,0.0,0.0,0.0,62.0,0.0,42.996559,1.0,41.0,0.0,0.0,62.345013,591360.0,59.0,1.0,0.0,0.0,0.0,0.930307,0.0,0.0,503704.71875,0.930307,58578.0,0.0,83.777779,0.0,0.0,0.930307,0.930307,0.0,0.0,0.0,18.273539,0.0,SFTP
0.0,0.000504,0.0,1253.555542,0.976812,0.061197,-0.0,266933.65625,6167.000488,34682.0,1.0,836.0,10.0,0.0,0.061701,64128.0,1721542272.0,64.0,0.0,0.0,0.0,0.0,0.0,62.0,0.0,26.617199,1.0,27.0,0.0,0.0,36.854584,591360.0,37.0,1.0,0.0,0.0,0.0,0.976812,0.0,0.0,273100.65625,0.976812,33846.0,0.0,83.599998,0.0,0.0,0.976812,0.976812,0.0,0.0,0.0,9.213646,0.0,SFTP
0.0,0.000504,0.0,1266.0,0.571648,0.061197,-0.0,336626.71875,11769.480469,26266.0,1.0,946.0,9.0,0.0,0.061701,64128.0,1721542272.0,64.0,0.0,0.0,0.0,0.0,0.0,62.0,0.0,33.237236,1.0,20.0,0.0,0.0,48.98119,591360.0,29.0,1.0,0.0,0.0,0.0,0.571648,0.0,0.0,348396.1875,0.571648,25320.0,0.0,105.111115,0.0,0.0,0.571648,0.571648,0.0,0.0,0.0,13.994626,0.0,SFTP
0.0,0.000504,0.0,1254.740723,0.803272,0.061197,-0.0,324911.125,10536.904297,35024.0,1.0,1146.0,13.0,0.0,0.061701,64128.0,1721542272.0,64.0,0.0,0.0,0.0,0.0,0.0,62.0,0.0,32.367615,1.0,27.0,0.0,0.0,48.551426,591360.0,40.0,1.0,0.0,0.0,0.0,0.803272,0.0,0.0,335448.0,0.803272,33878.0,0.0,88.153847,0.0,0.0,0.803272,0.803272,0.0,0.0,0.0,14.9389,0.0,SFTP
0.0,0.000504,0.0,771.142883,0.694295,0.061197,-0.0,115512.859375,6141.481934,11462.0,1.0,666.0,5.0,0.0,0.061701,64128.0,1721542272.0,64.0,0.0,0.0,0.0,0.0,0.0,62.0,0.0,18.72403,1.0,14.0,0.0,0.0,25.925579,591360.0,19.0,1.0,0.0,0.0,0.0,0.694295,0.0,0.0,121654.34375,0.694295,10796.0,0.0,133.199997,0.0,0.0,0.694295,0.694295,0.0,0.0,0.0,5.76124,0.0,SFTP
0.0,0.000504,0.0,583.333313,0.709371,0.061197,-0.0,72368.34375,6010.959473,7666.0,1.0,666.0,5.0,0.0,0.061701,64128.0,1721542272.0,64.0,0.0,0.0,0.0,0.0,0.0,62.0,0.0,15.506696,1.0,12.0,0.0,0.0,22.555195,591360.0,17.0,1.0,0.0,0.0,0.0,0.709371,0.0,0.0,78379.304688,0.709371,7000.0,0.0,133.199997,0.0,0.0,0.709371,0.709371,0.0,0.0,0.0,5.638799,0.0,SFTP
0.0,0.000504,0.0,731.142883,0.278162,0.061197,-0.0,273365.875,17543.732422,10968.0,1.0,732.0,6.0,0.0,0.061701,64128.0,1721542272.0,64.0,0.0,0.0,0.0,0.0,0.0,62.0,0.0,46.735355,1.0,14.0,0.0,0.0,68.305519,591360.0,20.0,1.0,0.0,0.0,0.0,0.278162,0.0,0.0,290909.625,0.278162,10236.0,0.0,122.0,0.0,0.0,0.278162,0.278162,0.0,0.0,0.0,17.975136,0.0,SFTP
0.0,0.000504,0.0,1080.588257,0.276579,0.061197,-0.0,500110.28125,19784.582031,19168.0,1.0,798.0,7.0,0.0,0.061701,64128.0,1721542272.0,64.0,0.0,0.0,0.0,0.0,0.0,62.0,0.0,57.849659,1.0,17.0,0.0,0.0,83.158882,591360.0,24.0,1.0,0.0,0.0,0.0,0.276579,0.0,0.0,519894.875,0.276579,18370.0,0.0,114.0,0.0,0.0,0.276579,0.276579,0.0,0.0,0.0,21.693621,0.0,SFTP
0.0,0.000504,0.0,794.615356,0.974183,0.061197,-0.0,78309.71875,6298.611328,11224.0,1.0,894.0,7.0,0.0,0.061701,64128.0,1721542272.0,64.0,0.0,0.0,0.0,0.0,0.0,62.0,0.0,12.318014,1.0,13.0,0.0,0.0,19.503523,591360.0,20.0,1.0,0.0,0.0,0.0,0.974183,0.0,0.0,84608.328125,0.974183,10330.0,0.0,127.714287,0.0,0.0,0.974183,0.974183,0.0,0.0,0.0,6.159007,0.0,SFTP
0.0,0.000504,0.0,774.923096,0.617333,0.061197,-0.0,120518.421875,7049.679688,10726.0,1.0,652.0,6.0,0.0,0.061701,64128.0,1721542272.0,64.0,0.0,0.0,0.0,0.0,0.0,62.0,0.0,19.438456,1.0,13.0,0.0,0.0,29.157682,591360.0,19.0,1.0,0.0,0.0,0.0,0.617333,0.0,0.0,127568.101562,0.617333,10074.0,0.0,108.666664,0.0,0.0,0.617333,0.617333,0.0,0.0,0.0,8.099357,0.0,SFTP
0.0,0.000504,0.0,668.666687,0.756399,0.061197,-0.0,56583.894531,5637.236816,6684.0,1.0,666.0,5.0,0.0,0.061701,64128.0,1721542272.0,64.0,0.0,0.0,0.0,0.0,0.0,62.0,0.0,10.576429,1.0,9.0,0.0,0.0,17.186697,591360.0,14.0,1.0,0.0,0.0,0.0,0.756399,0.0,0.0,62221.132812,0.756399,6018.0,0.0,133.199997,0.0,0.0,0.756399,0.756399,0.0,0.0,0.0,5.288215,0.0,SFTP
0.0,0.000504,0.0,1470.75,0.955258,0.061197,-0.0,775983.0,19638.673828,96546.0,1.0,2418.0,33.0,0.0,0.061701,64128.0,1721542272.0,64.0,0.0,0.0,0.0,0.0,0.0,62.0,0.0,65.950768,1.0,64.0,0.0,0.0,100.496407,591360.0,97.0,1.0,0.0,0.0,0.0,0.955258,0.0,0.0,795621.6875,0.955258,94128.0,0.0,73.272728,0.0,0.0,0.955258,0.955258,0.0,0.0,0.0,33.498802,0.0,SFTP
0.0,0.000504,0.0,1499.224487,0.988246,0.061197,-0.0,1177237.25,23305.9375,149880.0,1.0,2956.0,38.0,0.0,0.061701,64128.0,1721542272.0,64.0,0.0,0.0,0.0,0.0,0.0,62.0,0.0,98.153694,1.0,98.0,0.0,0.0,136.605667,591360.0,136.0,1.0,0.0,0.0,0.0,0.988246,0.0,0.0,1200543.125,0.988246,146924.0,0.0,77.789474,0.0,0.0,0.988246,0.988246,0.0,0.0,0.0,37.440071,0.0,SFTP
0.0,0.000504,0.0,1514.0,0.971775,0.061197,-0.0,1744930.625,37086.773438,218056.0,1.0,4582.0,59.0,0.0,0.061701,64128.0,1721542272.0,64.0,0.0,0.0,0.0,0.0,0.0,62.0,0.0,144.066269,1.0,141.0,0.0,0.0,204.779907,591360.0,200.0,1.0,0.0,0.0,0.0,0.971775,0.0,0.0,1782017.5,0.971775,213474.0,0.0,77.661018,0.0,0.0,0.971775,0.971775,0.0,0.0,0.0,59.684597,0.0,SFTP
0.0,0.000504,0.0,1514.0,0.988158,0.061197,-0.0,3297173.25,71745.609375,417718.0,1.0,8938.0,117.0,0.0,0.061701,64128.0,1721542272.0,64.0,0.0,0.0,0.0,0.0,0.0,62.0,0.0,272.223663,1.0,270.0,0.0,0.0,390.625793,591360.0,387.0,1.0,0.0,0.0,0.0,0.988158,0.0,0.0,3368918.75,0.988158,408780.0,0.0,76.393166,0.0,0.0,0.988158,0.988158,0.0,0.0,0.0,117.390137,0.0,SFTP
0.0,0.000504,0.0,1506.953735,0.989544,0.061197,-0.0,4995044.5,113919.140625,633524.0,1.0,14166.0,187.0,0.0,0.061701,64128.0,1721542272.0,64.0,0.0,0.0,0.0,0.0,0.0,62.0,0.0,414.332275,1.0,411.0,0.0,0.0,603.308228,591360.0,598.0,1.0,0.0,0.0,0.0,0.989544,0.0,0.0,5108963.5,0.989544,619358.0,0.0,75.754013,0.0,0.0,0.989544,0.989544,0.0,0.0,0.0,187.965378,0.0,SFTP
22.0,0.000504,22.0,1508.504761,0.990711,0.061197,-0.0,6407309.5,138833.625,812260.0,1.0,17278.0,201.0,0.0,0.061701,64128.0,1721542272.0,64.0,0.0,0.0,0.0,0.0,0.0,62.0,1.0,530.931824,1.0,527.0,0.0,0.0,733.816467,589824.0,728.0,1.0,0.0,2.933333,0.0,0.990711,0.0,0.0,6546143.5,0.990711,794982.0,0.0,85.960197,0.0,0.0,0.990711,0.990711,0.0,0.0,0.0,201.875229,0.0,SFTP
1.0,0.000504,1.0,1510.519287,0.989141,0.061197,-0.0,5069983.0,128281.007812,644312.0,1.0,15936.0,212.0,0.0,0.061701,64128.0,1721542272.0,64.0,0.0,0.0,0.0,0.0,0.0,62.0,1.0,419.555969,1.0,416.0,0.0,0.0,633.883362,1633920.0,628.0,1.0,0.0,0.158983,0.0,0.989141,0.0,0.0,5198264.0,0.989141,628376.0,0.0,75.169815,0.0,0.0,0.989141,0.989141,0.0,0.0,0.0,213.316406,0.0,SFTP
0.0,0.000504,0.0,1478.623901,0.911138,0.061197,-0.0,4232351.0,113905.90625,496558.0,1.0,13048.0,172.0,0.0,0.061701,64128.0,1721542272.0,64.0,0.0,0.0,0.0,0.0,0.0,62.0,0.0,357.794312,1.0,327.0,0.0,0.0,546.569214,2306432.0,499.0,1.0,0.0,0.0,0.0,0.911138,0.0,0.0,4346257.0,0.911138,483510.0,0.0,75.860466,0.0,0.0,0.911138,0.911138,0.0,0.0,0.0,187.677383,0.0,SFTP
0.0,0.000504,0.0,1378.0,0.356329,0.061197,-0.0,1701573.625,55229.859375,79710.0,1.0,2542.0,31.0,0.0,0.061701,64128.0,1721542272.0,64.0,0.0,0.0,0.0,0.0,0.0,62.0,0.0,154.351746,1.0,56.0,0.0,0.0,241.349991,2306432.0,87.0,1.0,0.0,0.0,0.0,0.356329,0.0,0.0,1756803.375,0.356329,77168.0,0.0,82.0,0.0,0.0,0.356329,0.356329,0.0,0.0,0.0,84.191856,0.0,SFTP
0.0,0.000504,0.0,1437.4823,0.738653,0.061197,-0.0,2631113.75,51824.0625,249240.0,1.0,4868.0,58.0,0.0,0.061701,64128.0,1721542272.0,64.0,0.0,0.0,0.0,0.0,0.0,62.0,0.0,228.794846,1.0,170.0,0.0,0.0,307.316162,2306432.0,228.0,1.0,0.0,0.0,0.0,0.738653,0.0,0.0,2682938.0,0.738653,244372.0,0.0,83.931038,0.0,0.0,0.738653,0.738653,0.0,0.0,0.0,77.167496,0.0,SFTP
0.0,0.000504,0.0,1333.555542,0.975664,0.061197,-0.0,677946.5,14775.578125,85910.0,1.0,1896.0,20.0,0.0,0.061701,64128.0,1721542272.0,64.0,0.0,0.0,0.0,0.0,0.0,62.0,0.0,63.546467,1.0,63.0,0.0,0.0,84.045326,2306432.0,83.0,1.0,0.0,0.0,0.0,0.975664,0.0,0.0,692722.0625,0.975664,84014.0,0.0,94.800003,0.0,0.0,0.975664,0.975664,0.0,0.0,0.0,19.473917,0.0,SFTP
0.0,0.000504,0.0,304.0,0.507837,0.061197,-0.0,33522.566406,6143.703613,2952.0,1.0,520.0,4.0,0.0,0.061701,64128.0,1721542272.0,64.0,0.0,0.0,0.0,0.0,0.0,62.0,0.0,13.783951,1.0,8.0,0.0,0.0,21.660494,2306432.0,12.0,1.0,0.0,0.0,0.0,0.507837,0.0,0.0,39666.269531,0.507837,2432.0,0.0,130.0,0.0,0.0,0.507837,0.507837,0.0,0.0,0.0,5.907407,0.0,SFTP
0.0,0.000504,2.0,252.666672,0.945514,0.061197,-0.0,17108.154297,8384.857422,3388.0,1.0,1114.0,9.0,0.0,0.061701,64128.0,1721542272.0,64.0,0.0,0.0,0.0,0.0,0.0,62.0,0.0,8.461006,1.0,9.0,2.0,0.0,17.979639,2306432.0,18.0,1.0,0.0,10.0,0.0,0.945514,0.0,0.0,25493.011719,0.945514,2274.0,0.0,123.777779,0.0,0.0,0.945514,0.945514,1.0,0.0,0.0,8.461006,0.0,SFTP
0.0,0.000504,0.0,139.142853,0.463074,0.061197,-0.0,14425.339844,7774.135254,1574.0,1.0,600.0,4.0,0.0,0.061701,64128.0,1721542272.0,64.0,0.0,0.0,0.0,0.0,0.0,62.0,0.0,12.956892,1.0,7.0,0.0,0.0,21.59482,2306432.0,11.0,1.0,0.0,0.0,0.0,0.463074,0.0,0.0,22199.476562,0.463074,974.0,0.0,150.0,0.0,0.0,0.463074,0.463074,0.0,0.0,0.0,6.478446,0.0,SFTP
0.0,0.000504,0.0,194.0,0.648139,0.061197,-0.0,9578.192383,5554.364258,1570.0,1.0,600.0,4.0,0.0,0.061701,64128.0,1721542272.0,64.0,0.0,0.0,0.0,0.0,0.0,62.0,0.0,6.171515,1.0,5.0,0.0,0.0,12.343031,2306432.0,9.0,1.0,0.0,0.0,0.0,0.648139,0.0,0.0,15132.556641,0.648139,970.0,0.0,150.0,0.0,0.0,0.648139,0.648139,0.0,0.0,0.0,4.628637,0.0,SFTP
0.0,0.000504,0.0,78.0,0.0,0.061197,-0.0,0.0,0.0,240.0,1.0,162.0,1.0,0.0,0.061701,64128.0,1721542272.0,64.0,0.0,0.0,0.0,0.0,0.0,62.0,0.0,0.0,1.0,1.0,0.0,1.0,0.0,2306432.0,2.0,0.0,0.0,0.0,0.0,0.0,0.0,0.0,0.0,0.0,78.0,0.0,162.0,0.0,0.0,0.0,0.0,0.0,0.0,0.0,0.0,0.0,SFTP
0.0,0.000504,0.0,1350.235352,0.738797,0.061197,-0.0,233937.0625,6497.04834,23628.0,1.0,674.0,9.0,0.0,0.061701,64128.0,1721542272.0,64.0,0.0,0.0,0.0,0.0,0.0,62.0,0.0,21.656828,1.0,17.0,0.0,0.0,33.838795,2303872.0,26.0,1.0,0.0,0.0,0.0,0.738797,0.0,0.0,240434.109375,0.738797,22954.0,0.0,74.888885,0.0,0.0,0.738797,0.738797,0.0,0.0,0.0,10.828414,0.0,SFTP
5.0,0.000504,5.0,1393.333374,0.987628,0.061197,-0.0,124152.007812,5662.050781,17506.0,1.0,786.0,9.0,0.0,0.061701,64128.0,1721542272.0,64.0,0.0,0.0,0.0,0.0,0.0,62.0,1.0,11.137797,1.0,12.0,0.0,0.0,20.25054,2307840.0,21.0,1.0,0.0,19.230769,0.0,0.987628,0.0,0.0,129814.0625,0.987628,16720.0,0.0,87.333336,0.0,0.0,0.987628,0.987628,0.0,0.0,0.0,8.100216,0.0,SFTP
0.0,0.000504,0.0,1514.0,0.821403,0.061197,-0.0,280164.53125,3194.53418,30690.0,1.0,410.0,5.0,0.0,0.061701,64128.0,1721542272.0,64.0,0.0,0.0,0.0,0.0,0.0,62.0,0.0,23.131155,1.0,20.0,0.0,0.0,29.2183,2307840.0,25.0,1.0,0.0,0.0,0.0,0.821403,0.0,0.0,283359.0625,0.821403,30280.0,0.0,82.0,0.0,0.0,0.821403,0.821403,0.0,0.0,0.0,4.869717,0.0,SFTP
1.0,0.000504,1.0,1514.0,0.972477,0.061197,-0.0,298915.03125,8588.37793,38968.0,1.0,1118.0,15.0,0.0,0.061701,64128.0,1721542272.0,64.0,0.0,0.0,0.0,0.0,0.0,62.0,1.0,24.679247,1.0,25.0,0.0,0.0,40.103775,2307840.0,40.0,1.0,0.0,2.439024,0.0,0.972477,0.0,0.0,307503.40625,0.972477,37850.0,0.0,74.533333,0.0,0.0,0.972477,0.972477,0.0,0.0,0.0,14.396227,0.0,SFTP
0.0,0.000504,0.0,1435.729736,0.95412,0.061197,-0.0,433379.46875,12778.267578,54718.0,1.0,1596.0,22.0,0.0,0.061701,64128.0,1721542272.0,64.0,0.0,0.0,0.0,0.0,0.0,62.0,0.0,37.731102,1.0,37.0,0.0,0.0,60.789001,2307840.0,59.0,1.0,0.0,0.0,0.0,0.95412,0.0,0.0,446157.71875,0.95412,53122.0,0.0,72.545456,0.0,0.0,0.95412,0.95412,0.0,0.0,0.0,22.009811,0.0,SFTP
2.0,0.000504,2.0,1514.0,0.958505,0.061197,-0.0,328544.96875,11309.279297,42308.0,1.0,1430.0,19.0,0.0,0.061701,64128.0,1721542272.0,64.0,0.0,0.0,0.0,0.0,0.0,62.0,1.0,27.125576,1.0,27.0,0.0,0.0,46.948112,2301312.0,46.0,1.0,0.0,4.166667,0.0,0.958505,0.0,0.0,339854.25,0.958505,40878.0,0.0,75.263161,0.0,0.0,0.958505,0.958505,0.0,0.0,0.0,18.779245,0.0,SFTP
1.0,0.000504,1.0,1514.0,0.973279,0.061197,-0.0,261335.140625,8030.585449,34360.0,1.0,1052.0,14.0,0.0,0.061701,64128.0,1721542272.0,64.0,0.0,0.0,0.0,0.0,0.0,62.0,1.0,21.576548,1.0,22.0,0.0,0.0,35.960911,2300032.0,36.0,1.0,0.0,2.702703,0.0,0.973279,0.0,0.0,269365.71875,0.973279,33308.0,0.0,75.14286,0.0,0.0,0.973279,0.973279,0.0,0.0,0.0,13.35691,0.0,SFTP
2.0,0.000504,2.0,1388.086914,0.972788,0.061197,-0.0,251137.96875,10419.537109,33272.0,1.0,1346.0,17.0,0.0,0.061701,64128.0,1721542272.0,64.0,0.0,0.0,0.0,0.0,0.0,62.0,1.0,22.615412,1.0,23.0,0.0,0.0,40.090958,2306432.0,40.0,1.0,0.0,4.761905,0.0,0.972788,0.0,0.0,261557.515625,0.972788,31926.0,0.0,79.176468,0.0,0.0,0.972788,0.972788,0.0,0.0,0.0,16.447571,0.0,SFTP
0.0,0.000504,0.0,1453.666626,0.941332,0.061197,-0.0,284150.5625,7359.783691,35826.0,1.0,938.0,13.0,0.0,0.061701,64128.0,1721542272.0,64.0,0.0,0.0,0.0,0.0,0.0,62.0,0.0,24.433462,1.0,24.0,0.0,0.0,38.243679,2305152.0,37.0,1.0,0.0,0.0,0.0,0.941332,0.0,0.0,291510.34375,0.941332,34888.0,0.0,72.153847,0.0,0.0,0.941332,0.941332,0.0,0.0,0.0,12.747893,0.0,SFTP
0.0,0.000504,0.0,1453.666626,0.864943,0.061197,-0.0,309245.8125,5549.498535,35562.0,1.0,674.0,9.0,0.0,0.061701,64128.0,1721542272.0,64.0,0.0,0.0,0.0,0.0,0.0,62.0,0.0,26.591347,1.0,24.0,0.0,0.0,36.996655,2307840.0,33.0,1.0,0.0,0.0,0.0,0.864943,0.0,0.0,314795.3125,0.864943,34888.0,0.0,74.888885,0.0,0.0,0.864943,0.864943,0.0,0.0,0.0,9.249164,0.0,SFTP
0.0,0.000504,0.0,1514.0,0.894851,0.061197,-0.0,419591.625,8332.113281,49464.0,1.0,1016.0,12.0,0.0,0.061701,64128.0,1721542272.0,64.0,0.0,0.0,0.0,0.0,0.0,62.0,0.0,34.642639,1.0,32.0,0.0,0.0,48.052692,2307840.0,44.0,1.0,0.0,0.0,0.0,0.894851,0.0,0.0,427923.75,0.894851,48448.0,0.0,84.666664,0.0,0.0,0.894851,0.894851,0.0,0.0,0.0,12.292549,0.0,SFTP
0.0,0.000504,0.0,1514.0,0.926683,0.061197,-0.0,483600.09375,8624.308594,58602.0,1.0,1070.0,15.0,0.0,0.061701,64128.0,1721542272.0,64.0,0.0,0.0,0.0,0.0,0.0,62.0,0.0,39.927353,1.0,38.0,0.0,0.0,56.114117,2307840.0,53.0,1.0,0.0,0.0,0.0,0.926683,0.0,0.0,492224.40625,0.926683,57532.0,0.0,71.333336,0.0,0.0,0.926683,0.926683,0.0,0.0,0.0,15.107647,0.0,SFTP
1.0,0.000504,1.0,1514.0,0.819822,0.061197,-0.0,590957.5625,14012.797852,63594.0,1.0,1520.0,18.0,0.0,0.061701,64128.0,1721542272.0,64.0,0.0,0.0,0.0,0.0,0.0,62.0,1.0,48.791077,1.0,41.0,0.0,0.0,70.747063,2303872.0,59.0,1.0,0.0,1.666667,0.0,0.819822,0.0,0.0,604970.375,0.819822,62074.0,0.0,84.444443,0.0,0.0,0.819822,0.819822,0.0,0.0,0.0,20.736208,0.0,SFTP
1.0,0.000504,1.0,1514.0,0.849798,0.061197,-0.0,370572.75,11014.381836,42126.0,1.0,1248.0,16.0,0.0,0.061701,64128.0,1721542272.0,64.0,0.0,0.0,0.0,0.0,0.0,62.0,1.0,30.595505,1.0,27.0,0.0,0.0,49.423508,2307840.0,43.0,1.0,0.0,2.272727,0.0,0.849798,0.0,0.0,381587.15625,0.849798,40878.0,0.0,78.0,0.0,0.0,0.849798,0.849798,0.0,0.0,0.0,17.651253,0.0,SFTP
0.0,0.000504,1.0,1514.0,0.567079,0.061197,-0.0,213585.765625,7293.516113,17274.0,1.0,620.0,6.0,0.0,0.061701,64128.0,1721542272.0,64.0,0.0,0.0,0.0,0.0,0.0,62.0,0.0,17.634228,1.0,11.0,1.0,0.0,28.214764,2307840.0,17.0,1.0,0.0,5.555556,0.0,0.567079,0.0,0.0,220879.28125,0.567079,16654.0,0.0,103.333336,0.0,0.0,0.567079,0.567079,1.0,0.0,0.0,8.817114,0.0,SFTP
0.0,0.000504,0.0,0.0,0.0,0.061197,-0.0,0.0,0.0,210.0,1.0,210.0,1.0,0.0,0.061701,68938.88262773723,1721542272.0,64.0,0.0,0.0,0.0,0.0,0.0,62.0,0.0,0.0,1.0,0.0,0.0,0.0,0.0,620297.7061469265,1.0,0.0,0.0,0.0,0.0,0.0,0.0,1.0,0.0,0.0,0.0,0.0,210.0,0.0,0.0,0.0,0.0,0.0,0.0,0.0,0.0,0.0,SFTP
0.0,0.000504,0.0,1514.0,0.784807,0.061197,-0.0,0.0,1406.71521,1790.0,1.0,276.0,2.0,0.0,0.061701,64128.0,1721542272.0,64.0,0.0,0.0,0.0,0.0,0.0,62.0,0.0,0.0,1.0,1.0,0.0,1.0,2.548397,2307840.0,3.0,0.0,0.0,0.0,0.0,0.784807,0.0,0.0,1406.71521,0.784807,1514.0,0.0,138.0,0.0,0.0,0.784807,0.784807,0.0,0.0,0.0,1.274199,0.0,SFTP
0.0,0.000504,0.0,1051.599976,0.834109,0.061197,-0.0,141209.359375,9974.71582,16900.0,1.0,1126.0,13.0,0.0,0.061701,64128.0,1721542272.0,64.0,0.0,0.0,0.0,0.0,0.0,62.0,0.0,16.784376,1.0,15.0,0.0,0.0,32.369869,2307840.0,28.0,1.0,0.0,0.0,0.0,0.834109,0.0,0.0,151184.078125,0.834109,15774.0,0.0,86.615387,0.0,0.0,0.834109,0.834109,0.0,0.0,0.0,14.386609,0.0,SFTP
0.0,0.000504,0.0,1398.0,0.833812,0.061197,-0.0,308501.1875,5756.693359,34226.0,1.0,674.0,9.0,0.0,0.061701,64128.0,1721542272.0,64.0,0.0,0.0,0.0,0.0,0.0,62.0,0.0,27.584156,1.0,24.0,0.0,0.0,38.377956,2307840.0,33.0,1.0,0.0,0.0,0.0,0.833812,0.0,0.0,314257.875,0.833812,33552.0,0.0,74.888885,0.0,0.0,0.833812,0.833812,0.0,0.0,0.0,9.594489,0.0,SFTP
0.0,0.000504,0.0,1373.0,0.55769,0.061197,-0.0,295432.9375,7100.71875,22586.0,1.0,618.0,5.0,0.0,0.061701,64128.0,1721542272.0,64.0,0.0,0.0,0.0,0.0,0.0,62.0,0.0,26.896662,1.0,16.0,0.0,0.0,35.862217,2307840.0,21.0,1.0,0.0,0.0,0.0,0.55769,0.0,0.0,302533.65625,0.55769,21968.0,0.0,123.599998,0.0,0.0,0.55769,0.55769,0.0,0.0,0.0,7.172443,0.0,SFTP
2.0,0.000504,2.0,1398.0,0.875137,0.061197,-0.0,293933.40625,5868.79541,34274.0,1.0,722.0,9.0,0.0,0.061701,64128.0,1721542272.0,64.0,0.0,0.0,0.0,0.0,0.0,62.0,1.0,26.281601,1.0,24.0,0.0,0.0,36.565704,2307840.0,33.0,1.0,0.0,5.714286,0.0,0.875137,0.0,0.0,299802.21875,0.875137,33552.0,0.0,80.222221,0.0,0.0,0.875137,0.875137,0.0,0.0,0.0,9.141426,0.0,SFTP
0.0,0.000504,0.0,1514.0,0.001002,0.061197,-0.0,0.0,0.0,1592.0,1.0,78.0,1.0,0.0,0.061701,64128.0,1721542272.0,64.0,0.0,0.0,0.0,0.0,0.0,62.0,0.0,0.0,1.0,1.0,0.0,0.0,998.004028,2307840.0,2.0,0.0,0.0,0.0,0.0,0.001002,0.0,0.0,0.0,0.001002,1514.0,1.0,78.0,0.0,0.0,0.001002,0.001002,0.0,0.0,0.0,0.0,0.0,SFTP
0.0,0.000504,0.0,1514.0,0.0005,0.061197,-0.0,0.0,0.0,1592.0,1.0,78.0,1.0,0.0,0.061701,64128.0,1721542272.0,64.0,0.0,0.0,0.0,0.0,0.0,62.0,0.0,0.0,1.0,1.0,0.0,0.0,1999.999878,2307840.0,2.0,0.0,0.0,0.0,0.0,0.0005,0.0,0.0,0.0,0.0005,1514.0,1.0,78.0,0.0,0.0,0.0005,0.0005,0.0,0.0,0.0,0.0,0.0,SFTP
7.0,0.000504,7.0,1472.62854,0.999642,0.061197,-0.0,813187.125,17974.435547,105410.0,1.0,2326.0,29.0,0.0,0.061701,64128.0,1721542272.0,64.0,0.0,0.0,0.0,0.0,0.0,62.0,1.0,69.024712,1.0,70.0,0.0,0.0,98.035095,2307840.0,99.0,1.0,0.0,6.603774,0.0,0.999642,0.0,0.0,831161.5625,0.999642,103084.0,0.0,80.206894,0.0,0.0,0.999642,0.999642,0.0,0.0,0.0,28.010027,0.0,SFTP
0.0,0.000504,0.0,1292.976685,0.664939,0.061197,-0.0,653365.1875,20031.914062,57350.0,1.0,1752.0,20.0,0.0,0.061701,64128.0,1721542272.0,64.0,0.0,0.0,0.0,0.0,0.0,62.0,0.0,63.163689,1.0,43.0,0.0,0.0,93.241638,2307840.0,63.0,1.0,0.0,0.0,0.0,0.664939,0.0,0.0,673397.125,0.664939,55598.0,0.0,87.599998,0.0,0.0,0.664939,0.664939,0.0,0.0,0.0,28.574051,0.0,SFTP
0.0,0.000504,0.0,1466.813599,0.908556,0.061197,-0.0,749109.5625,24108.585938,89354.0,1.0,2812.0,38.0,0.0,0.061701,64128.0,1721542272.0,64.0,0.0,0.0,0.0,0.0,0.0,62.0,0.0,63.837563,1.0,59.0,0.0,0.0,105.66217,2307840.0,97.0,1.0,0.0,0.0,0.0,0.908556,0.0,0.0,773218.1875,0.908556,86542.0,0.0,74.0,0.0,0.0,0.908556,0.908556,0.0,0.0,0.0,40.723961,0.0,SFTP
0.0,0.000504,0.0,1456.842163,0.971617,0.061197,-0.0,899646.6875,19275.085938,113136.0,1.0,2416.0,32.0,0.0,0.061701,64128.0,1721542272.0,64.0,0.0,0.0,0.0,0.0,0.0,62.0,0.0,77.19091,1.0,76.0,0.0,0.0,110.125702,2307840.0,108.0,1.0,0.0,0.0,0.0,0.971617,0.0,0.0,918921.75,0.971617,110720.0,0.0,75.5,0.0,0.0,0.971617,0.971617,0.0,0.0,0.0,31.905577,0.0,SFTP
0.0,0.000504,0.0,1482.521729,0.989272,0.061197,-0.0,1090984.125,23314.113281,139350.0,1.0,2958.0,39.0,0.0,0.061701,64128.0,1721542272.0,64.0,0.0,0.0,0.0,0.0,0.0,62.0,0.0,91.986832,1.0,92.0,0.0,0.0,131.40976,2307840.0,131.0,1.0,0.0,0.0,0.0,0.989272,0.0,0.0,1114298.25,0.989272,136392.0,0.0,75.846153,0.0,0.0,0.989272,0.989272,0.0,0.0,0.0,38.412086,0.0,SFTP
0.0,0.000504,0.0,1514.0,0.971648,0.061197,-0.0,2131586.75,50240.417969,266586.0,1.0,6178.0,81.0,0.0,0.061701,64128.0,1721542272.0,64.0,0.0,0.0,0.0,0.0,0.0,62.0,0.0,175.98967,1.0,172.0,0.0,0.0,259.35318,2307840.0,253.0,1.0,0.0,0.0,0.0,0.971648,0.0,0.0,2181827.25,0.971648,260408.0,0.0,76.271606,0.0,0.0,0.971648,0.971648,0.0,0.0,0.0,82.334343,0.0,SFTP
0.0,0.000504,0.0,1508.865234,0.99198,0.061197,-0.0,3419359.25,68275.570312,434042.0,1.0,8542.0,111.0,0.0,0.061701,64128.0,1721542272.0,64.0,0.0,0.0,0.0,0.0,0.0,62.0,0.0,283.271851,1.0,282.0,0.0,0.0,395.16925,2307840.0,393.0,1.0,0.0,0.0,0.0,0.99198,0.0,0.0,3487634.75,0.99198,425500.0,0.0,76.954956,0.0,0.0,0.99198,0.99198,0.0,0.0,0.0,110.889328,0.0,SFTP
0.0,0.000504,0.0,1509.753662,0.98937,0.061197,-0.0,4150657.5,85403.84375,525464.0,1.0,10638.0,139.0,0.0,0.061701,64128.0,1721542272.0,64.0,0.0,0.0,0.0,0.0,0.0,62.0,0.0,343.653046,1.0,341.0,0.0,0.0,484.146484,2307840.0,480.0,1.0,0.0,0.0,2895.0,0.98937,0.0,0.0,4236061.5,0.98937,514826.0,0.0,76.532372,0.0,0.0,0.98937,0.98937,0.0,1.0,0.0,139.482697,0.0,SFTP
8.0,0.000504,8.0,1509.373779,0.991407,0.061197,-0.0,3800054.0,85720.601562,483146.0,1.0,10712.0,120.0,0.0,0.061701,64128.0,1721542272.0,64.0,0.0,0.0,0.0,0.0,0.0,62.0,1.0,314.704254,1.0,313.0,0.0,0.0,435.744354,2307840.0,433.0,1.0,0.0,1.814059,0.0,0.991407,0.0,0.0,3885774.5,0.991407,472434.0,0.0,89.26667,0.0,0.0,0.991407,0.991407,0.0,0.0,0.0,120.031433,0.0,SFTP
1.0,0.000504,1.0,1502.904175,0.987997,0.061197,-0.0,3164025.75,62777.519531,400090.0,1.0,7832.0,98.0,0.0,0.061701,64128.0,1721542272.0,64.0,0.0,0.0,0.0,0.0,0.0,62.0,1.0,263.158691,1.0,261.0,0.0,0.0,362.349274,2307840.0,359.0,1.0,0.0,0.277778,0.0,0.987997,0.0,0.0,3226803.25,0.987997,392258.0,0.0,79.918365,0.0,0.0,0.987997,0.987997,0.0,0.0,0.0,98.178436,0.0,SFTP
0.0,0.000504,0.0,1508.535889,0.99984,0.061197,-0.0,3186541.75,70379.257812,408634.0,1.0,8872.0,116.0,0.0,0.061701,64128.0,1721542272.0,64.0,0.0,0.0,0.0,0.0,0.0,62.0,0.0,264.042236,1.0,265.0,0.0,0.0,380.060791,2307840.0,381.0,1.0,0.0,0.0,0.0,0.99984,0.0,0.0,3256921.0,0.99984,399762.0,0.0,76.482758,0.0,0.0,0.99984,0.99984,0.0,0.0,0.0,115.018402,0.0,SFTP
0.0,0.000504,2.0,1449.157837,0.792533,0.061197,-0.0,263307.65625,15434.057617,29202.0,1.0,1668.0,12.0,0.0,0.061701,64128.0,1721542272.0,64.0,0.0,0.0,0.0,0.0,0.0,62.0,0.0,22.711988,1.0,19.0,2.0,0.0,37.853313,2307840.0,31.0,1.0,0.0,6.060606,0.0,0.792533,0.0,0.0,278741.71875,0.792533,27534.0,0.0,139.0,0.0,0.0,0.792533,0.792533,1.0,0.0,0.0,13.879549,0.0,SFTP
0.0,0.000504,1.0,1514.0,0.109554,0.061197,-0.0,0.0,25120.03125,2202.0,1.0,688.0,2.0,0.0,0.061701,64128.0,1721542272.0,64.0,0.0,0.0,0.0,0.0,0.0,62.0,0.0,0.0,1.0,1.0,1.0,1.0,18.255836,2307840.0,3.0,0.0,0.0,25.0,0.0,0.109554,0.0,0.0,25120.03125,0.109554,1514.0,0.0,344.0,0.0,0.0,0.109554,0.109554,1.0,0.0,0.0,9.127918,0.0,SFTP
0.0,0.000504,1.0,586.0,0.26157,0.061197,-0.0,35845.089844,21011.583984,2674.0,1.0,916.0,4.0,0.0,0.061701,64128.0,1721542272.0,64.0,0.0,0.0,0.0,0.0,0.0,62.0,0.0,7.646137,1.0,3.0,1.0,0.0,22.93841,2307840.0,7.0,1.0,0.0,12.5,0.0,0.26157,0.0,0.0,56856.671875,0.26157,1758.0,0.0,229.0,0.0,0.0,0.26157,0.26157,1.0,0.0,0.0,11.469205,0.0,SFTP
0.0,0.000504,0.0,137.111115,0.943727,0.061197,-0.0,9299.299805,6306.908691,2126.0,1.0,892.0,6.0,0.0,0.061701,64128.0,1721542272.0,64.0,0.0,0.0,0.0,0.0,0.0,62.0,0.0,8.477028,1.0,9.0,0.0,0.0,14.834799,2307840.0,15.0,1.0,0.0,0.0,0.0,0.943727,0.0,0.0,15606.208008,0.943727,1234.0,0.0,148.666672,0.0,0.0,0.943727,0.943727,0.0,0.0,0.0,5.298142,0.0,SFTP
0.0,0.000504,0.0,170.0,0.494356,0.061197,-0.0,19257.376953,9871.428711,2122.0,1.0,762.0,5.0,0.0,0.061701,64128.0,1721542272.0,64.0,0.0,0.0,0.0,0.0,0.0,62.0,0.0,14.159836,1.0,8.0,0.0,0.0,24.274004,2307840.0,13.0,1.0,0.0,0.0,0.0,0.494356,0.0,0.0,29128.804688,0.494356,1360.0,0.0,152.399994,0.0,0.0,0.494356,0.494356,0.0,0.0,0.0,8.091335,0.0,SFTP
0.0,0.000504,0.0,827.043457,0.677682,0.061197,-0.0,214791.015625,14154.131836,20354.0,1.0,1332.0,10.0,0.0,0.061701,64128.0,1721542272.0,64.0,0.0,0.0,0.0,0.0,0.0,62.0,0.0,32.463604,1.0,23.0,0.0,0.0,47.219788,2307840.0,33.0,1.0,0.0,0.0,0.0,0.677682,0.0,0.0,228945.140625,0.677682,19022.0,0.0,133.199997,0.0,0.0,0.677682,0.677682,0.0,0.0,0.0,13.280565,0.0,SFTP
0.0,0.000504,0.0,1334.465088,0.618765,0.061197,-0.0,724643.4375,20660.509766,59068.0,1.0,1686.0,19.0,0.0,0.061701,64128.0,1721542272.0,64.0,0.0,0.0,0.0,0.0,0.0,62.0,0.0,67.877144,1.0,43.0,0.0,0.0,98.583466,2307840.0,62.0,1.0,0.0,0.0,0.0,0.618765,0.0,0.0,745303.9375,0.618765,57382.0,0.0,88.736839,0.0,0.0,0.618765,0.618765,0.0,0.0,0.0,29.090204,0.0,SFTP
0.0,0.000504,0.0,1383.17981,0.862909,0.061197,-0.0,1769632.625,47689.847656,197490.0,1.0,5228.0,62.0,0.0,0.061701,64128.0,1721542272.0,64.0,0.0,0.0,0.0,0.0,0.0,62.0,0.0,159.924164,1.0,139.0,0.0,0.0,231.774139,2307840.0,201.0,1.0,0.0,0.0,0.0,0.862909,0.0,0.0,1817322.5,0.862909,192262.0,0.0,84.322578,0.0,0.0,0.862909,0.862909,0.0,0.0,0.0,70.691116,0.0,SFTP
0.0,0.000504,0.0,324.666656,0.278252,0.061197,-0.0,46691.488281,12937.912109,2548.0,1.0,600.0,4.0,0.0,0.061701,64128.0,1721542272.0,64.0,0.0,0.0,0.0,0.0,0.0,62.0,0.0,17.969322,1.0,6.0,0.0,0.0,32.34478,2307840.0,10.0,1.0,0.0,0.0,0.0,0.278252,0.0,0.0,59629.398438,0.278252,1948.0,0.0,150.0,0.0,0.0,0.278252,0.278252,0.0,0.0,0.0,10.781593,0.0,SFTP
0.0,0.000504,2.0,178.0,0.595831,0.061197,-0.0,4779.878906,6391.074219,1128.0,1.0,594.0,5.0,0.0,0.061701,64128.0,1721542272.0,64.0,0.0,0.0,0.0,0.0,0.0,62.0,0.0,3.356657,1.0,3.0,2.0,0.0,11.748299,2307840.0,8.0,1.0,0.0,20.0,0.0,0.595831,0.0,0.0,11170.953125,0.595831,534.0,0.0,118.800003,0.0,0.0,0.595831,0.595831,1.0,0.0,0.0,6.713313,0.0,SFTP
0.0,0.000504,1.0,1092.400024,0.954339,0.061197,-0.0,173992.671875,12289.133789,23400.0,1.0,1552.0,18.0,0.0,0.061701,64128.0,1721542272.0,64.0,0.0,0.0,0.0,0.0,0.0,62.0,0.0,19.909067,1.0,20.0,1.0,0.0,38.77029,2307840.0,38.0,1.0,0.0,2.564103,0.0,0.954339,0.0,0.0,186281.8125,0.954339,21848.0,0.0,86.222221,0.0,0.0,0.954339,0.954339,1.0,0.0,0.0,17.813375,0.0,SFTP
0.0,0.000504,0.0,1073.157837,0.771538,0.061197,-0.0,200296.03125,7092.327148,21188.0,1.0,798.0,7.0,0.0,0.061701,64128.0,1721542272.0,64.0,0.0,0.0,0.0,0.0,0.0,62.0,0.0,23.330023,1.0,19.0,0.0,0.0,32.402809,2307840.0,26.0,1.0,0.0,0.0,0.0,0.771538,0.0,0.0,207388.359375,0.771538,20390.0,0.0,114.0,0.0,0.0,0.771538,0.771538,0.0,0.0,0.0,7.776674,0.0,SFTP
0.0,0.000504,0.0,1218.0,0.881678,0.061197,-0.0,287343.0,7503.873535,33816.0,1.0,930.0,9.0,0.0,0.061701,64128.0,1721542272.0,64.0,0.0,0.0,0.0,0.0,0.0,62.0,0.0,29.489225,1.0,27.0,0.0,0.0,39.697033,2307840.0,36.0,1.0,0.0,0.0,0.0,0.881678,0.0,0.0,294846.875,0.881678,32886.0,0.0,103.333336,0.0,0.0,0.881678,0.881678,0.0,0.0,0.0,9.073607,0.0,SFTP
0.0,0.000504,0.0,1078.705933,0.710195,0.061197,-0.0,194425.46875,6871.352051,19070.0,1.0,732.0,6.0,0.0,0.061701,64128.0,1721542272.0,64.0,0.0,0.0,0.0,0.0,0.0,62.0,0.0,22.529024,1.0,17.0,0.0,0.0,30.977407,2307840.0,23.0,1.0,0.0,0.0,0.0,0.710195,0.0,0.0,201296.828125,0.710195,18338.0,0.0,122.0,0.0,0.0,0.710195,0.710195,0.0,0.0,0.0,7.04032,0.0,SFTP
0.0,0.000504,0.0,186.0,0.692112,0.061197,-0.0,10749.705078,5201.470215,1716.0,1.0,600.0,4.0,0.0,0.061701,64128.0,1721542272.0,64.0,0.0,0.0,0.0,0.0,0.0,62.0,0.0,7.224264,1.0,6.0,0.0,0.0,13.003675,2307840.0,10.0,1.0,0.0,0.0,0.0,0.692112,0.0,0.0,15951.174805,0.692112,1116.0,0.0,150.0,0.0,0.0,0.692112,0.692112,0.0,0.0,0.0,4.334558,0.0,SFTP
0.0,0.000504,0.0,1154.842163,0.680374,0.061197,-0.0,244430.265625,11640.65625,23022.0,1.0,1080.0,12.0,0.0,0.061701,64128.0,1721542272.0,64.0,0.0,0.0,0.0,0.0,0.0,62.0,0.0,26.456036,1.0,19.0,0.0,0.0,44.093395,2307840.0,31.0,1.0,0.0,0.0,0.0,0.680374,0.0,0.0,256070.921875,0.680374,21942.0,0.0,90.0,0.0,0.0,0.680374,0.680374,0.0,0.0,0.0,16.167578,0.0,SFTP
0.0,0.000504,0.0,191.333328,0.694156,0.061197,-0.0,11029.22168,5186.154297,1748.0,1.0,600.0,4.0,0.0,0.061701,64128.0,1721542272.0,64.0,0.0,0.0,0.0,0.0,0.0,62.0,0.0,7.202992,1.0,6.0,0.0,0.0,12.965385,2307840.0,10.0,1.0,0.0,0.0,0.0,0.694156,0.0,0.0,16215.375,0.694156,1148.0,0.0,150.0,0.0,0.0,0.694156,0.694156,0.0,0.0,0.0,4.321795,0.0,SFTP
0.0,0.000504,0.0,183.333328,0.66087,0.061197,-0.0,11100.518555,5447.364746,1700.0,1.0,600.0,4.0,0.0,0.061701,64128.0,1721542272.0,64.0,0.0,0.0,0.0,0.0,0.0,62.0,0.0,7.565784,1.0,6.0,0.0,0.0,13.618412,2307840.0,10.0,1.0,0.0,0.0,0.0,0.66087,0.0,0.0,16547.882812,0.66087,1100.0,0.0,150.0,0.0,0.0,0.66087,0.66087,0.0,0.0,0.0,4.539471,0.0,SFTP
0.0,0.000504,0.0,303.333344,0.695195,0.061197,-0.0,17456.972656,5178.402832,2420.0,1.0,600.0,4.0,0.0,0.061701,64128.0,1721542272.0,64.0,0.0,0.0,0.0,0.0,0.0,62.0,0.0,7.192226,1.0,6.0,0.0,0.0,12.946008,2307840.0,10.0,1.0,0.0,0.0,0.0,0.695195,0.0,0.0,22635.375,0.695195,1820.0,0.0,150.0,0.0,0.0,0.695195,0.695195,0.0,0.0,0.0,4.315336,0.0,SFTP
0.0,0.000504,0.0,175.714279,0.788999,0.061197,-0.0,10697.098633,6053.239258,1976.0,1.0,746.0,5.0,0.0,0.061701,64128.0,1721542272.0,64.0,0.0,0.0,0.0,0.0,0.0,62.0,0.0,7.604572,1.0,7.0,0.0,0.0,13.941715,2307840.0,12.0,1.0,0.0,0.0,0.0,0.788999,0.0,0.0,16750.337891,0.788999,1230.0,0.0,149.199997,0.0,0.0,0.788999,0.788999,0.0,0.0,0.0,5.069715,0.0,SFTP
0.0,0.000504,1.0,276.285706,0.840921,0.061197,-0.0,15773.182617,7391.895508,2840.0,1.0,906.0,7.0,0.0,0.061701,64128.0,1721542272.0,64.0,0.0,0.0,0.0,0.0,0.0,62.0,0.0,7.135034,1.0,7.0,1.0,0.0,15.459241,2307840.0,14.0,1.0,0.0,6.666667,0.0,0.840921,0.0,0.0,23165.078125,0.840921,1934.0,0.0,129.428574,0.0,0.0,0.840921,0.840921,1.0,0.0,0.0,7.135034,0.0,SFTP
0.0,0.000504,2.0,178.0,0.966789,0.061197,-0.0,1472.916992,2978.93335,836.0,1.0,480.0,4.0,0.0,0.061701,64128.0,1721542272.0,64.0,0.0,0.0,0.0,0.0,0.0,62.0,0.0,1.034352,1.0,2.0,2.0,0.0,5.171759,2307840.0,6.0,1.0,0.0,25.0,0.0,0.966789,0.0,0.0,4451.850586,0.966789,356.0,0.0,120.0,0.0,0.0,0.966789,0.966789,1.0,0.0,0.0,3.103055,0.0,SFTP
0.0,0.000504,1.0,178.0,0.805247,0.061197,-0.0,0.0,1192.180786,418.0,1.0,240.0,2.0,0.0,0.061701,64128.0,1721542272.0,64.0,0.0,0.0,0.0,0.0,0.0,62.0,0.0,0.0,1.0,1.0,1.0,0.0,2.48371,2307840.0,3.0,1.0,0.0,25.0,0.0,0.805247,0.0,0.0,1192.180786,0.805247,178.0,0.0,120.0,0.0,0.0,0.805247,0.805247,1.0,0.0,0.0,1.241855,0.0,SFTP
0.0,0.000504,0.0,178.0,0.000494,0.061197,-0.0,0.0,0.0,256.0,1.0,78.0,1.0,0.0,0.061701,64128.0,1721542272.0,64.0,0.0,0.0,0.0,0.0,0.0,62.0,0.0,0.0,1.0,1.0,0.0,0.0,2024.291626,2307840.0,2.0,0.0,0.0,0.0,0.0,0.000494,0.0,0.0,0.0,0.000494,178.0,0.0,78.0,0.0,0.0,0.000494,0.000494,0.0,0.0,0.0,0.0,0.0,SFTP
0.0,0.000504,0.0,0.0,0.0,0.061197,-0.0,0.0,0.0,162.0,1.0,162.0,1.0,0.0,0.061701,68938.88262773723,1721542272.0,64.0,0.0,0.0,0.0,0.0,0.0,62.0,0.0,0.0,1.0,0.0,0.0,0.0,0.0,620297.7061469265,1.0,0.0,0.0,0.0,0.0,0.0,0.0,1.0,0.0,0.0,0.0,0.0,162.0,0.0,0.0,0.0,0.0,0.0,0.0,0.0,0.0,0.0,SFTP
0.0,0.000504,0.0,66.0,0.085019,0.061197,-0.0,0.0,0.0,228.0,1.0,162.0,1.0,0.0,0.061701,64128.0,1721542272.0,64.0,0.0,0.0,0.0,0.0,0.0,62.0,0.0,0.0,1.0,1.0,0.0,1.0,11.762076,2307840.0,2.0,0.0,0.0,0.0,0.0,0.085019,0.0,0.0,0.0,0.085019,66.0,0.0,162.0,0.0,0.0,0.085019,0.085019,0.0,0.0,0.0,0.0,0.0,SFTP
0.0,0.000504,0.0,1460.153809,0.976849,0.061197,-0.0,609862.9375,9893.033203,77222.0,1.0,1294.0,15.0,0.0,0.061701,64128.0,1721542272.0,64.0,0.0,0.0,0.0,0.0,0.0,62.0,0.0,52.208683,1.0,52.0,0.0,0.0,67.564178,2307840.0,67.0,1.0,0.0,0.0,0.0,0.976849,0.0,0.0,619755.9375,0.976849,75928.0,0.0,86.26667,0.0,0.0,0.976849,0.976849,0.0,0.0,0.0,14.331795,0.0,SFTP
0.0,0.000504,0.0,1514.0,0.93006,0.061197,-0.0,859505.8125,12695.955078,102996.0,1.0,1558.0,19.0,0.0,0.061701,64128.0,1721542272.0,64.0,0.0,0.0,0.0,0.0,0.0,62.0,0.0,70.963158,1.0,67.0,0.0,0.0,91.391953,2307840.0,86.0,1.0,0.0,0.0,0.0,0.93006,0.0,0.0,872201.75,0.93006,101438.0,0.0,82.0,0.0,0.0,0.93006,0.93006,0.0,0.0,0.0,19.35359,0.0,SFTP
0.0,0.000504,0.0,1497.356323,0.926748,0.061197,-0.0,1111611.875,21356.400391,132818.0,1.0,2548.0,34.0,0.0,0.061701,64128.0,1721542272.0,64.0,0.0,0.0,0.0,0.0,0.0,62.0,0.0,92.797615,1.0,87.0,0.0,0.0,129.485046,2307840.0,121.0,1.0,0.0,0.0,0.0,0.926748,0.0,0.0,1132968.25,0.926748,130270.0,0.0,74.941177,0.0,0.0,0.926748,0.926748,0.0,0.0,0.0,35.608387,0.0,SFTP
0.0,0.000504,0.0,1278.470581,0.680447,0.061197,-0.0,496026.875,11874.547852,44578.0,1.0,1110.0,11.0,0.0,0.061701,64128.0,1721542272.0,64.0,0.0,0.0,0.0,0.0,0.0,62.0,0.0,48.497532,1.0,34.0,0.0,0.0,64.663376,2307840.0,45.0,1.0,0.0,0.0,0.0,0.680447,0.0,0.0,507901.4375,0.680447,43468.0,0.0,100.909088,0.0,0.0,0.680447,0.680447,0.0,0.0,0.0,14.696222,0.0,SFTP
0.0,0.000504,0.0,499.600006,0.835759,0.061197,-0.0,43045.902344,5101.949219,5662.0,1.0,666.0,5.0,0.0,0.061701,64128.0,1721542272.0,64.0,0.0,0.0,0.0,0.0,0.0,62.0,0.0,10.768655,1.0,10.0,0.0,0.0,16.751242,2307840.0,15.0,1.0,0.0,0.0,0.0,0.835759,0.0,0.0,48147.851562,0.835759,4996.0,0.0,133.199997,0.0,0.0,0.835759,0.835759,0.0,0.0,0.0,4.786069,0.0,SFTP
0.0,0.000504,2.0,624.0,0.973345,0.061197,-0.0,35900.941406,7438.26709,6010.0,1.0,1018.0,9.0,0.0,0.061701,64128.0,1721542272.0,64.0,0.0,0.0,0.0,0.0,0.0,62.0,0.0,7.191695,1.0,8.0,2.0,0.0,16.43816,2307840.0,17.0,1.0,0.0,10.526316,0.0,0.973345,0.0,0.0,43339.207031,0.973345,4992.0,0.0,113.111115,0.0,0.0,0.973345,0.973345,1.0,0.0,0.0,8.21908,0.0,SFTP
0.0,0.000504,0.0,90.0,0.201549,0.061197,-0.0,10716.99707,0.0,522.0,1.0,162.0,1.0,0.0,0.061701,64128.0,1721542272.0,64.0,0.0,0.0,0.0,0.0,0.0,62.0,0.0,14.884718,1.0,4.0,0.0,0.0,19.846291,2307840.0,5.0,1.0,0.0,0.0,0.0,0.201549,0.0,0.0,10716.99707,0.201549,360.0,0.0,162.0,0.0,0.0,0.201549,0.201549,0.0,0.0,0.0,0.0,0.0,SFTP
0.0,0.000504,2.0,178.0,0.946004,0.061197,-0.0,3010.558105,4025.353027,1128.0,1.0,594.0,5.0,0.0,0.061701,64128.0,1721542272.0,64.0,0.0,0.0,0.0,0.0,0.0,62.0,0.0,2.114156,1.0,3.0,2.0,0.0,7.399546,2307840.0,8.0,1.0,0.0,20.0,0.0,0.946004,0.0,0.0,7035.911133,0.946004,534.0,0.0,118.800003,0.0,0.0,0.946004,0.946004,1.0,0.0,0.0,4.228312,0.0,SFTP
0.0,0.000504,0.0,178.0,0.000497,0.061197,-0.0,0.0,1802816.875,402.0,1.0,224.0,2.0,0.0,0.061701,64128.0,1721542272.0,64.0,0.0,0.0,0.0,0.0,0.0,62.0,0.0,0.0,1.0,1.0,0.0,0.0,4024.144775,2307840.0,3.0,1.0,0.0,0.0,0.0,0.000497,0.0,0.0,1802816.875,0.000497,178.0,0.0,112.0,0.0,0.0,0.000497,0.000497,0.0,0.0,0.0,2012.072388,0.0,SFTP
0.0,0.000504,0.0,535.333313,0.674712,0.061197,-0.0,50783.148438,6319.733398,5484.0,1.0,666.0,5.0,0.0,0.061701,64128.0,1721542272.0,64.0,0.0,0.0,0.0,0.0,0.0,62.0,0.0,11.856911,1.0,9.0,0.0,0.0,19.267481,2307840.0,14.0,1.0,0.0,0.0,0.0,0.674712,0.0,0.0,57102.882812,0.674712,4818.0,0.0,133.199997,0.0,0.0,0.674712,0.674712,0.0,0.0,0.0,5.928455,0.0,SFTP
0.0,0.000504,1.0,228.666672,0.898315,0.061197,-0.0,10187.962891,6794.943848,2262.0,1.0,890.0,7.0,0.0,0.061701,64128.0,1721542272.0,64.0,0.0,0.0,0.0,0.0,0.0,62.0,0.0,5.565976,1.0,6.0,1.0,0.0,13.358343,2307840.0,13.0,1.0,0.0,7.142857,0.0,0.898315,0.0,0.0,16982.90625,0.898315,1372.0,0.0,127.14286,0.0,0.0,0.898315,0.898315,1.0,0.0,0.0,6.679172,0.0,SFTP
0.0,0.000504,0.0,66.0,0.0,0.061197,-0.0,0.0,0.0,66.0,1.0,0.0,0.0,0.0,0.061701,64128.0,1721542272.0,64.0,0.0,0.0,0.0,0.0,0.0,62.0,0.0,0.0,1.0,1.0,0.0,0.0,0.0,620297.7061469265,1.0,0.0,0.0,0.0,0.0,0.0,0.0,0.0,0.0,0.0,66.0,0.0,0.0,0.0,0.0,0.0,0.0,0.0,0.0,0.0,0.0,0.0,SFTP
0.0,0.000504,0.0,154.0,0.510072,0.061197,-0.0,12076.726562,7057.827148,1524.0,1.0,600.0,4.0,0.0,0.061701,64128.0,1721542272.0,64.0,0.0,0.0,0.0,0.0,0.0,62.0,0.0,9.802538,1.0,6.0,0.0,0.0,17.644567,2307840.0,10.0,1.0,0.0,0.0,0.0,0.510072,0.0,0.0,19134.554688,0.510072,924.0,0.0,150.0,0.0,0.0,0.510072,0.510072,0.0,0.0,0.0,5.881523,0.0,SFTP
0.0,0.000504,0.0,143.333328,0.27681,0.061197,-0.0,20721.794922,13005.310547,1460.0,1.0,600.0,4.0,0.0,0.061701,64128.0,1721542272.0,64.0,0.0,0.0,0.0,0.0,0.0,62.0,0.0,18.062931,1.0,6.0,0.0,0.0,32.513279,2307840.0,10.0,1.0,0.0,0.0,0.0,0.27681,0.0,0.0,33727.105469,0.27681,860.0,0.0,150.0,0.0,0.0,0.27681,0.27681,0.0,0.0,0.0,10.837759,0.0,SFTP
0.0,0.000504,0.0,196.666672,0.294399,0.061197,-0.0,26739.222656,12228.302734,1780.0,1.0,600.0,4.0,0.0,0.061701,64128.0,1721542272.0,64.0,0.0,0.0,0.0,0.0,0.0,62.0,0.0,16.983753,1.0,6.0,0.0,0.0,30.570757,2307840.0,10.0,1.0,0.0,0.0,0.0,0.294399,0.0,0.0,38967.523438,0.294399,1180.0,0.0,150.0,0.0,0.0,0.294399,0.294399,0.0,0.0,0.0,10.190252,0.0,SFTP
0.0,0.000504,1.0,242.0,0.837661,0.061197,-0.0,9244.790039,5825.745605,1972.0,1.0,762.0,5.0,0.0,0.061701,64128.0,1721542272.0,64.0,0.0,0.0,0.0,0.0,0.0,62.0,0.0,4.775201,1.0,5.0,1.0,0.0,10.744203,2307840.0,10.0,1.0,0.0,9.090909,0.0,0.837661,0.0,0.0,15070.535156,0.837661,1210.0,0.0,152.399994,0.0,0.0,0.837661,0.837661,1.0,0.0,0.0,4.775201,0.0,SFTP
0.0,0.000504,0.0,78.0,0.0,0.061197,-0.0,0.0,0.0,78.0,1.0,0.0,0.0,0.0,0.061701,64128.0,1721542272.0,64.0,0.0,0.0,0.0,0.0,0.0,62.0,0.0,0.0,1.0,1.0,0.0,0.0,0.0,620297.7061469265,1.0,0.0,0.0,0.0,0.0,0.0,0.0,0.0,0.0,0.0,78.0,0.0,0.0,0.0,0.0,0.0,0.0,0.0,0.0,0.0,0.0,0.0,SFTP
0.0,0.000504,0.0,1381.428589,0.681596,0.061197,-0.0,324285.9375,3849.787842,29420.0,1.0,410.0,5.0,0.0,0.061701,64128.0,1721542272.0,64.0,0.0,0.0,0.0,0.0,0.0,62.0,0.0,29.342896,1.0,21.0,0.0,0.0,36.678619,2307840.0,26.0,1.0,0.0,0.0,0.0,0.681596,0.0,0.0,328135.71875,0.681596,29010.0,0.0,82.0,0.0,0.0,0.681596,0.681596,0.0,0.0,0.0,5.868579,0.0,SFTP
7.0,0.000504,7.0,1474.266724,0.957265,0.061197,-0.0,1096540.625,24218.998047,135664.0,1.0,2980.0,36.0,0.0,0.061701,64128.0,1721542272.0,64.0,0.0,0.0,0.0,0.0,0.0,62.0,1.0,92.973206,1.0,90.0,0.0,0.0,130.580353,2307840.0,126.0,1.0,0.0,5.263158,0.0,0.957265,0.0,0.0,1120759.625,0.957265,132684.0,0.0,82.777779,0.0,0.0,0.957265,0.957265,0.0,0.0,0.0,36.562496,0.0,SFTP
0.0,0.000504,0.0,118.0,0.992173,0.061197,-0.0,2854.34082,1241.718872,780.0,1.0,308.0,2.0,0.0,0.061701,64128.0,1721542272.0,64.0,0.0,0.0,0.0,0.0,0.0,62.0,0.0,3.023666,1.0,4.0,0.0,0.0,5.039443,2307840.0,6.0,1.0,0.0,0.0,0.0,0.992173,0.0,0.0,4096.05957,0.992173,472.0,0.0,154.0,0.0,0.0,0.992173,0.992173,0.0,0.0,0.0,1.007889,0.0,SFTP
0.0,0.000504,0.0,1055.419312,0.510196,0.061197,-0.0,496483.71875,19898.236328,34102.0,1.0,1384.0,12.0,0.0,0.061701,64128.0,1721542272.0,64.0,0.0,0.0,0.0,0.0,0.0,62.0,0.0,58.800934,1.0,31.0,0.0,0.0,82.321312,2307840.0,43.0,1.0,0.0,0.0,0.0,0.510196,0.0,0.0,516381.96875,0.510196,32718.0,0.0,115.333336,0.0,0.0,0.510196,0.510196,0.0,0.0,0.0,21.560343,0.0,SFTP
0.0,0.000504,0.0,1116.947388,0.278507,0.061197,-0.0,577536.6875,24157.382812,22168.0,1.0,946.0,9.0,0.0,0.061701,64128.0,1721542272.0,64.0,0.0,0.0,0.0,0.0,0.0,62.0,0.0,64.630333,1.0,19.0,0.0,0.0,96.945503,2307840.0,28.0,1.0,0.0,0.0,0.0,0.278507,0.0,0.0,601694.0625,0.278507,21222.0,0.0,105.111115,0.0,0.0,0.278507,0.278507,0.0,0.0,0.0,28.724592,0.0,SFTP
0.0,0.000504,0.0,162.0,0.262968,0.061197,-0.0,24641.78125,13689.878906,1572.0,1.0,600.0,4.0,0.0,0.061701,64128.0,1721542272.0,64.0,0.0,0.0,0.0,0.0,0.0,62.0,0.0,19.01372,1.0,6.0,0.0,0.0,34.224697,2307840.0,10.0,1.0,0.0,0.0,0.0,0.262968,0.0,0.0,38331.660156,0.262968,972.0,0.0,150.0,0.0,0.0,0.262968,0.262968,0.0,0.0,0.0,11.408232,0.0,SFTP
0.0,0.000504,0.0,655.176453,0.926347,0.061197,-0.0,90531.945312,9352.866211,12356.0,1.0,1218.0,9.0,0.0,0.061701,64128.0,1721542272.0,64.0,0.0,0.0,0.0,0.0,0.0,62.0,0.0,17.272144,1.0,17.0,0.0,0.0,26.987726,2307840.0,26.0,1.0,0.0,0.0,0.0,0.926347,0.0,0.0,99884.8125,0.926347,11138.0,0.0,135.333328,0.0,0.0,0.926347,0.926347,0.0,0.0,0.0,8.636072,0.0,SFTP
0.0,0.000504,0.0,221.428574,0.956324,0.061197,-0.0,11117.571289,4994.123535,2296.0,1.0,746.0,5.0,0.0,0.061701,64128.0,1721542272.0,64.0,0.0,0.0,0.0,0.0,0.0,62.0,0.0,6.274024,1.0,7.0,0.0,0.0,11.502378,2307840.0,12.0,1.0,0.0,0.0,0.0,0.956324,0.0,0.0,16111.694336,0.956324,1550.0,0.0,149.199997,0.0,0.0,0.956324,0.956324,0.0,0.0,0.0,4.182683,0.0,SFTP
0.0,0.000504,0.0,194.0,0.201264,0.061197,-0.0,30845.060547,12043.882812,1424.0,1.0,454.0,3.0,0.0,0.061701,64128.0,1721542272.0,64.0,0.0,0.0,0.0,0.0,0.0,62.0,0.0,19.874395,1.0,5.0,0.0,0.0,34.78019,2307840.0,8.0,1.0,0.0,0.0,0.0,0.201264,0.0,0.0,42888.941406,0.201264,970.0,0.0,151.333328,0.0,0.0,0.201264,0.201264,0.0,0.0,0.0,9.937198,0.0,SFTP
0.0,0.000504,0.0,215.333328,0.263341,0.061197,-0.0,32718.033203,13670.487305,1892.0,1.0,600.0,4.0,0.0,0.061701,64128.0,1721542272.0,64.0,0.0,0.0,0.0,0.0,0.0,62.0,0.0,18.986788,1.0,6.0,0.0,0.0,34.17622,2307840.0,10.0,1.0,0.0,0.0,0.0,0.263341,0.0,0.0,46388.519531,0.263341,1292.0,0.0,150.0,0.0,0.0,0.263341,0.263341,0.0,0.0,0.0,11.392073,0.0,SFTP
0.0,0.000504,0.0,146.0,0.261598,0.061197,-0.0,22324.330078,13761.573242,1476.0,1.0,600.0,4.0,0.0,0.061701,64128.0,1721542272.0,64.0,0.0,0.0,0.0,0.0,0.0,62.0,0.0,19.113297,1.0,6.0,0.0,0.0,34.403934,2307840.0,10.0,1.0,0.0,0.0,0.0,0.261598,0.0,0.0,36085.902344,0.261598,876.0,0.0,150.0,0.0,0.0,0.261598,0.261598,0.0,0.0,0.0,11.467978,0.0,SFTP
0.0,0.000504,0.0,162.0,0.279616,0.061197,-0.0,23174.640625,12874.799805,1572.0,1.0,600.0,4.0,0.0,0.061701,64128.0,1721542272.0,64.0,0.0,0.0,0.0,0.0,0.0,62.0,0.0,17.881666,1.0,6.0,0.0,0.0,32.187,2307840.0,10.0,1.0,0.0,0.0,0.0,0.279616,0.0,0.0,36049.441406,0.279616,972.0,0.0,150.0,0.0,0.0,0.279616,0.279616,0.0,0.0,0.0,10.729,0.0,SFTP
0.0,0.000504,0.0,906.0,0.990714,0.061197,-0.0,124370.90625,7251.335938,17318.0,1.0,1010.0,9.0,0.0,0.061701,64128.0,1721542272.0,64.0,0.0,0.0,0.0,0.0,0.0,62.0,0.0,17.159342,1.0,18.0,0.0,0.0,26.243698,2307840.0,27.0,1.0,0.0,0.0,0.0,0.990714,0.0,0.0,131622.25,0.990714,16308.0,0.0,112.222221,0.0,0.0,0.990714,0.990714,0.0,0.0,0.0,8.074985,0.0,SFTP
0.0,0.000504,0.0,1363.45459,0.278612,0.061197,-0.0,1252810.375,33595.109375,46254.0,1.0,1260.0,14.0,0.0,0.061701,64128.0,1721542272.0,64.0,0.0,0.0,0.0,0.0,0.0,62.0,0.0,114.855072,1.0,33.0,0.0,0.0,165.104172,2307840.0,47.0,1.0,0.0,0.0,0.0,0.278612,0.0,0.0,1286405.5,0.278612,44994.0,0.0,90.0,0.0,0.0,0.278612,0.278612,0.0,0.0,0.0,46.659874,0.0,SFTP
0.0,0.000504,0.0,1251.714233,0.278391,0.061197,-0.0,971209.5625,37300.054688,36438.0,1.0,1390.0,15.0,0.0,0.061701,64128.0,1721542272.0,64.0,0.0,0.0,0.0,0.0,0.0,62.0,0.0,96.985893,1.0,28.0,0.0,0.0,150.866943,2307840.0,43.0,1.0,0.0,0.0,0.0,0.278391,0.0,0.0,1008509.625,0.278391,35048.0,0.0,92.666664,0.0,0.0,0.278391,0.278391,0.0,0.0,0.0,50.288982,0.0,SFTP
0.0,0.000504,0.0,618.0,0.308546,0.061197,-0.0,176258.96875,13819.657227,8082.0,1.0,666.0,5.0,0.0,0.061701,64128.0,1721542272.0,64.0,0.0,0.0,0.0,0.0,0.0,62.0,0.0,35.651085,1.0,12.0,0.0,0.0,51.856125,2307840.0,17.0,1.0,0.0,0.0,0.0,0.308546,0.0,0.0,190078.625,0.308546,7416.0,0.0,133.199997,0.0,0.0,0.308546,0.308546,0.0,0.0,0.0,12.964031,0.0,SFTP
0.0,0.000504,0.0,658.0,0.310387,0.061197,-0.0,186554.21875,15722.308594,8628.0,1.0,732.0,6.0,0.0,0.061701,64128.0,1721542272.0,64.0,0.0,0.0,0.0,0.0,0.0,62.0,0.0,35.439629,1.0,12.0,0.0,0.0,54.770336,2307840.0,18.0,1.0,0.0,0.0,0.0,0.310387,0.0,0.0,202276.515625,0.310387,7896.0,0.0,122.0,0.0,0.0,0.310387,0.310387,0.0,0.0,0.0,16.108923,0.0,SFTP
0.0,0.000504,0.0,1425.655151,0.987823,0.061197,-0.0,1327776.375,25713.107422,168636.0,1.0,3260.0,38.0,0.0,0.061701,64128.0,1721542272.0,64.0,0.0,0.0,0.0,0.0,0.0,62.0,0.0,116.417618,1.0,116.0,0.0,0.0,154.886047,2307840.0,154.0,1.0,0.0,0.0,0.0,0.987823,0.0,0.0,1353489.375,0.987823,165376.0,0.0,85.789474,0.0,0.0,0.987823,0.987823,0.0,0.0,0.0,37.456104,0.0,SFTP
0.0,0.000504,0.0,1477.108276,0.987798,0.061197,-0.0,1866203.5,38088.761719,236686.0,1.0,4780.0,62.0,0.0,0.061701,64128.0,1721542272.0,64.0,0.0,0.0,0.0,0.0,0.0,62.0,0.0,157.927032,1.0,157.0,0.0,0.0,220.692902,2307840.0,219.0,1.0,0.0,0.0,0.0,0.987798,0.0,0.0,1904292.25,0.987798,231906.0,0.0,77.096771,0.0,0.0,0.987798,0.987798,0.0,0.0,0.0,61.753517,0.0,SFTP
0.0,0.000504,0.0,1477.076904,0.955847,0.061197,-0.0,1916181.125,42768.351562,235612.0,1.0,5188.0,66.0,0.0,0.061701,64128.0,1721542272.0,64.0,0.0,0.0,0.0,0.0,0.0,62.0,0.0,162.159836,1.0,156.0,0.0,0.0,231.208542,2307840.0,222.0,1.0,0.0,0.0,0.0,0.955847,0.0,0.0,1958949.5,0.955847,230424.0,0.0,78.606064,0.0,0.0,0.955847,0.955847,0.0,0.0,0.0,68.00251,0.0,SFTP
0.0,0.000504,0.0,82.0,0.402258,0.061197,-0.0,8153.970703,6562.952148,932.0,1.0,440.0,4.0,0.0,0.061701,64128.0,1721542272.0,64.0,0.0,0.0,0.0,0.0,0.0,62.0,0.0,12.429833,1.0,6.0,0.0,0.0,22.373699,2307840.0,10.0,1.0,0.0,0.0,0.0,0.402258,0.0,0.0,14716.922852,0.402258,492.0,0.0,110.0,0.0,0.0,0.402258,0.402258,0.0,0.0,0.0,7.4579,0.0,SFTP
0.0,0.000504,0.0,175.714279,0.986712,0.061197,-0.0,8553.661133,4840.318359,1976.0,1.0,746.0,5.0,0.0,0.061701,64128.0,1721542272.0,64.0,0.0,0.0,0.0,0.0,0.0,62.0,0.0,6.080802,1.0,7.0,0.0,0.0,11.148137,2307840.0,12.0,1.0,0.0,0.0,0.0,0.986712,0.0,0.0,13393.979492,0.986712,1230.0,0.0,149.199997,0.0,0.0,0.986712,0.986712,0.0,0.0,0.0,4.053868,0.0,SFTP
0.0,0.000504,0.0,133.199997,0.538862,0.061197,-0.0,7912.972168,4498.368652,1120.0,1.0,454.0,3.0,0.0,0.061701,64128.0,1721542272.0,64.0,0.0,0.0,0.0,0.0,0.0,62.0,0.0,7.423051,1.0,5.0,0.0,0.0,12.990339,2307840.0,8.0,1.0,0.0,0.0,0.0,0.538862,0.0,0.0,12411.34082,0.538862,666.0,0.0,151.333328,0.0,0.0,0.538862,0.538862,0.0,0.0,0.0,3.711525,0.0,SFTP
0.0,0.000504,0.0,1348.588257,0.817604,0.061197,-0.0,884105.25,18199.519531,93652.0,1.0,1948.0,22.0,0.0,0.061701,64128.0,1721542272.0,64.0,0.0,0.0,0.0,0.0,0.0,62.0,0.0,81.946762,1.0,68.0,0.0,0.0,108.854652,2307840.0,90.0,1.0,0.0,0.0,0.0,0.817604,0.0,0.0,902304.75,0.817604,91704.0,0.0,88.545456,0.0,0.0,0.817604,0.817604,0.0,0.0,0.0,25.684805,0.0,SFTP
0.0,0.000504,0.0,389.200012,0.293823,0.061197,-0.0,95377.148438,14512.137695,4558.0,1.0,666.0,5.0,0.0,0.061701,64128.0,1721542272.0,64.0,0.0,0.0,0.0,0.0,0.0,62.0,0.0,30.630686,1.0,10.0,0.0,0.0,47.647732,2307840.0,15.0,1.0,0.0,0.0,0.0,0.293823,0.0,0.0,109889.289062,0.293823,3892.0,0.0,133.199997,0.0,0.0,0.293823,0.293823,0.0,0.0,0.0,13.613638,0.0,SFTP
0.0,0.000504,1.0,296.399994,0.839607,0.061197,-0.0,11300.525391,5812.243164,2244.0,1.0,762.0,5.0,0.0,0.061701,64128.0,1721542272.0,64.0,0.0,0.0,0.0,0.0,0.0,62.0,0.0,4.764134,1.0,5.0,1.0,0.0,10.719301,2307840.0,10.0,1.0,0.0,9.090909,0.0,0.839607,0.0,0.0,17112.767578,0.839607,1482.0,0.0,152.399994,0.0,0.0,0.839607,0.839607,1.0,0.0,0.0,4.764134,0.0,SFTP
0.0,0.000504,0.0,986.5,0.327047,0.061197,-0.0,168929.859375,2592.899658,8104.0,1.0,212.0,2.0,0.0,0.061701,64128.0,1721542272.0,64.0,0.0,0.0,0.0,0.0,0.0,62.0,0.0,21.403652,1.0,8.0,0.0,0.0,27.518982,2307840.0,10.0,1.0,0.0,0.0,0.0,0.327047,0.0,0.0,171522.765625,0.327047,7892.0,0.0,106.0,0.0,0.0,0.327047,0.327047,0.0,0.0,0.0,3.057665,0.0,SFTP
1.0,0.000504,2.0,98.666664,0.925593,0.061197,-0.0,4269.695312,6482.330566,1466.0,1.0,874.0,7.0,0.0,0.061701,64128.0,1721542272.0,64.0,0.0,0.0,0.0,0.0,0.0,62.0,0.0,5.401942,1.0,6.0,1.0,0.0,12.964662,2307840.0,13.0,1.0,0.0,13.333333,0.0,0.925593,0.0,0.0,10752.025391,0.925593,592.0,0.0,124.85714,0.0,1.0,0.925593,0.925593,0.0,0.0,0.0,6.482331,0.0,SFTP
1.0,0.000504,1.0,1402.640015,0.990039,0.061197,-0.0,272021.625,9130.953125,36276.0,1.0,1210.0,15.0,0.0,0.061701,64128.0,1721542272.0,64.0,0.0,0.0,0.0,0.0,0.0,62.0,1.0,24.24147,1.0,25.0,0.0,0.0,39.392387,2307840.0,40.0,1.0,0.0,2.439024,0.0,0.990039,0.0,0.0,281152.5625,0.990039,35066.0,0.0,80.666664,0.0,0.0,0.990039,0.990039,0.0,0.0,0.0,14.140857,0.0,SFTP
0.0,0.000504,0.0,1514.0,0.15538,0.061197,-0.0,311803.34375,3398.12085,7702.0,1.0,132.0,2.0,0.0,0.061701,64128.0,1721542272.0,64.0,0.0,0.0,0.0,0.0,0.0,62.0,0.0,25.74334,1.0,5.0,0.0,0.0,38.615009,2307840.0,7.0,0.0,0.0,0.0,0.0,0.15538,0.0,0.0,315201.46875,0.15538,7570.0,0.0,66.0,0.0,0.0,0.15538,0.15538,0.0,0.0,0.0,6.435835,0.0,SFTP
5.0,0.000504,5.0,1482.860229,0.971012,0.061197,-0.0,1123973.75,29239.597656,141530.0,1.0,3624.0,48.0,0.0,0.061701,64128.0,1721542272.0,64.0,0.0,0.0,0.0,0.0,0.0,62.0,1.0,94.746513,1.0,93.0,0.0,0.0,144.179474,2307840.0,141.0,1.0,0.0,3.424658,0.0,0.971012,0.0,0.0,1153213.375,0.971012,137906.0,0.0,75.5,0.0,0.0,0.971012,0.971012,0.0,0.0,0.0,48.403111,0.0,SFTP
0.0,0.000504,0.0,1497.851318,0.991712,0.061197,-0.0,3238238.5,45238.941406,408612.0,1.0,5690.0,69.0,0.0,0.061701,64128.0,1721542272.0,64.0,0.0,0.0,0.0,0.0,0.0,62.0,0.0,270.239746,1.0,269.0,0.0,0.0,339.816406,2307840.0,338.0,1.0,0.0,0.0,0.0,0.991712,0.0,0.0,3283477.5,0.991712,402922.0,0.0,82.463768,0.0,0.0,0.991712,0.991712,0.0,0.0,0.0,68.568298,0.0,SFTP
0.0,0.000504,0.0,1510.258423,0.976202,0.061197,-0.0,4777372.0,71493.398438,593276.0,1.0,8806.0,107.0,0.0,0.061701,64128.0,1721542272.0,64.0,0.0,0.0,0.0,0.0,0.0,62.0,0.0,395.409973,1.0,387.0,0.0,0.0,505.018433,2307840.0,494.0,1.0,0.0,0.0,0.0,0.976202,0.0,0.0,4848865.0,0.976202,584470.0,0.0,82.299065,0.0,0.0,0.976202,0.976202,0.0,0.0,0.0,108.584084,0.0,SFTP
0.0,0.000504,0.0,1510.035522,0.949258,0.061197,-0.0,5713987.0,95813.78125,690966.0,1.0,11450.0,141.0,0.0,0.061701,64128.0,1721542272.0,64.0,0.0,0.0,0.0,0.0,0.0,62.0,0.0,473.001007,1.0,450.0,0.0,0.0,621.538086,2307840.0,591.0,1.0,0.0,0.0,0.0,0.949258,0.0,0.0,5809800.5,0.949258,679516.0,0.0,81.205673,0.0,0.0,0.949258,0.949258,0.0,0.0,0.0,147.483612,0.0,SFTP
0.0,0.000504,0.0,143.538467,0.931885,0.061197,-0.0,14791.524414,7760.614258,2920.0,1.0,1054.0,7.0,0.0,0.061701,64128.0,1721542272.0,64.0,0.0,0.0,0.0,0.0,0.0,62.0,0.0,12.877126,1.0,13.0,0.0,0.0,20.388783,2307840.0,20.0,1.0,0.0,0.0,0.0,0.931885,0.0,0.0,22552.138672,0.931885,1866.0,0.0,150.571426,0.0,0.0,0.931885,0.931885,0.0,0.0,0.0,6.438563,0.0,SFTP
0.0,0.000504,1.0,128.666672,0.679664,0.061197,-0.0,3036.794678,3695.943848,856.0,1.0,470.0,3.0,0.0,0.061701,64128.0,1721542272.0,64.0,0.0,0.0,0.0,0.0,0.0,62.0,0.0,2.94263,1.0,3.0,1.0,0.0,7.356576,2307840.0,6.0,1.0,0.0,14.285714,0.0,0.679664,0.0,0.0,6732.738281,0.679664,386.0,0.0,156.666672,0.0,0.0,0.679664,0.679664,1.0,0.0,0.0,2.94263,0.0,SFTP
0.0,0.000504,1.0,174.800003,0.854695,0.061197,-0.0,6552.044922,5709.63916,1636.0,1.0,762.0,5.0,0.0,0.061701,64128.0,1721542272.0,64.0,0.0,0.0,0.0,0.0,0.0,62.0,0.0,4.680032,1.0,5.0,1.0,0.0,10.530072,2307840.0,10.0,1.0,0.0,9.090909,0.0,0.854695,0.0,0.0,12261.683594,0.854695,874.0,0.0,152.399994,0.0,0.0,0.854695,0.854695,1.0,0.0,0.0,4.680032,0.0,SFTP
0.0,0.000504,0.0,324.399994,0.862916,0.061197,-0.0,12033.616211,2707.100098,2060.0,1.0,438.0,3.0,0.0,0.061701,64128.0,1721542272.0,64.0,0.0,0.0,0.0,0.0,0.0,62.0,0.0,4.635446,1.0,5.0,0.0,0.0,8.112029,2307840.0,8.0,1.0,0.0,0.0,0.0,0.862916,0.0,0.0,14740.716797,0.862916,1622.0,0.0,146.0,0.0,0.0,0.862916,0.862916,0.0,0.0,0.0,2.317723,0.0,SFTP
0.0,0.000504,1.0,120.0,0.526133,0.061197,-0.0,1824.633667,2463.255371,564.0,1.0,324.0,2.0,0.0,0.061701,64128.0,1721542272.0,64.0,0.0,0.0,0.0,0.0,0.0,62.0,0.0,1.90066,1.0,2.0,1.0,0.0,5.70198,2307840.0,4.0,1.0,0.0,20.0,0.0,0.526133,0.0,0.0,4287.88916,0.526133,240.0,0.0,162.0,0.0,0.0,0.526133,0.526133,1.0,0.0,0.0,1.90066,0.0,SFTP
0.0,0.000504,1.0,286.799988,0.910798,0.061197,-0.0,10083.464844,5357.938965,2196.0,1.0,762.0,5.0,0.0,0.061701,64128.0,1721542272.0,64.0,0.0,0.0,0.0,0.0,0.0,62.0,0.0,4.391753,1.0,5.0,1.0,0.0,9.881445,2307840.0,10.0,1.0,0.0,9.090909,0.0,0.910798,0.0,0.0,15441.404297,0.910798,1434.0,0.0,152.399994,0.0,0.0,0.910798,0.910798,1.0,0.0,0.0,4.391753,0.0,SFTP
0.0,0.000504,0.0,78.0,0.0,0.061197,-0.0,0.0,0.0,78.0,1.0,0.0,0.0,0.0,0.061701,64128.0,1721542272.0,64.0,0.0,0.0,0.0,0.0,0.0,62.0,0.0,0.0,1.0,1.0,0.0,0.0,0.0,620297.7061469265,1.0,0.0,0.0,0.0,0.0,0.0,0.0,0.0,0.0,0.0,78.0,0.0,0.0,0.0,0.0,0.0,0.0,0.0,0.0,0.0,0.0,0.0,SFTP
0.0,0.000504,0.0,1404.461548,0.849343,0.061197,-0.0,330721.5,12508.492188,37926.0,1.0,1410.0,17.0,0.0,0.061701,64128.0,1721542272.0,64.0,0.0,0.0,0.0,0.0,0.0,62.0,0.0,29.434515,1.0,26.0,0.0,0.0,49.449986,2307840.0,43.0,1.0,0.0,0.0,0.0,0.849343,0.0,0.0,343230.0,0.849343,36516.0,0.0,82.941177,0.0,0.0,0.849343,0.849343,0.0,0.0,0.0,18.838091,0.0,SFTP
0.0,0.000504,1.0,102.0,0.525934,0.061197,-0.0,3103.051025,2464.1875,630.0,1.0,324.0,2.0,0.0,0.061701,64128.0,1721542272.0,64.0,0.0,0.0,0.0,0.0,0.0,62.0,0.0,3.802759,1.0,3.0,1.0,0.0,7.605517,2307840.0,5.0,1.0,0.0,16.666667,0.0,0.525934,0.0,0.0,5567.23877,0.525934,306.0,0.0,162.0,0.0,0.0,0.525934,0.525934,1.0,0.0,0.0,1.901379,0.0,SFTP
0.0,0.000504,0.0,1125.692261,0.677456,0.061197,-0.0,159526.21875,6731.064453,15318.0,1.0,684.0,6.0,0.0,0.061701,64128.0,1721542272.0,64.0,0.0,0.0,0.0,0.0,0.0,62.0,0.0,17.713327,1.0,13.0,0.0,0.0,26.56999,2307840.0,19.0,1.0,0.0,0.0,0.0,0.677456,0.0,0.0,166257.28125,0.677456,14634.0,0.0,114.0,0.0,0.0,0.677456,0.677456,0.0,0.0,0.0,7.380553,0.0,SFTP
0.0,0.000504,0.0,78.0,0.155371,0.061197,-0.0,0.0,0.0,240.0,1.0,162.0,1.0,0.0,0.061701,64128.0,1721542272.0,64.0,0.0,0.0,0.0,0.0,0.0,62.0,0.0,0.0,1.0,1.0,0.0,1.0,6.436208,2307840.0,2.0,0.0,0.0,0.0,0.0,0.155371,0.0,0.0,0.0,0.155371,78.0,0.0,162.0,0.0,0.0,0.155371,0.155371,0.0,0.0,0.0,0.0,0.0,SFTP
0.0,0.000504,1.0,541.200012,0.973808,0.061197,-0.0,40016.101562,7475.806152,6452.0,1.0,1040.0,8.0,0.0,0.061701,64128.0,1721542272.0,64.0,0.0,0.0,0.0,0.0,0.0,62.0,0.0,9.242068,1.0,10.0,1.0,0.0,17.457241,2307840.0,18.0,1.0,0.0,5.263158,0.0,0.973808,0.0,0.0,47491.910156,0.973808,5412.0,0.0,130.0,0.0,0.0,0.973808,0.973808,1.0,0.0,0.0,7.188275,0.0,SFTP
0.0,0.000504,0.0,1414.551758,0.957323,0.061197,-0.0,330989.625,7796.741211,42026.0,1.0,1004.0,14.0,0.0,0.061701,64128.0,1721542272.0,64.0,0.0,0.0,0.0,0.0,0.0,62.0,0.0,29.248226,1.0,29.0,0.0,0.0,43.872337,2307840.0,43.0,1.0,0.0,0.0,0.0,0.957323,0.0,0.0,338786.375,0.957323,41022.0,0.0,71.714287,0.0,0.0,0.957323,0.957323,0.0,0.0,0.0,13.579534,0.0,SFTP
2.0,0.000504,2.0,1514.0,0.864057,0.061197,-0.0,420527.8125,9564.183594,48040.0,1.0,1106.0,15.0,0.0,0.061701,64128.0,1721542272.0,64.0,0.0,0.0,0.0,0.0,0.0,62.0,1.0,34.719933,1.0,31.0,0.0,0.0,52.079899,2307840.0,46.0,1.0,0.0,4.166667,0.0,0.864057,0.0,0.0,430092.0,0.864057,46934.0,0.0,73.73333,0.0,0.0,0.864057,0.864057,0.0,0.0,0.0,16.202635,0.0,SFTP
0.0,0.000504,0.0,1468.273682,0.973557,0.061197,-0.0,1134133.875,29097.423828,143102.0,1.0,3616.0,48.0,0.0,0.061701,64128.0,1721542272.0,64.0,0.0,0.0,0.0,0.0,0.0,62.0,0.0,96.553154,1.0,95.0,0.0,0.0,145.856888,2307840.0,143.0,1.0,0.0,0.0,0.0,0.973557,0.0,0.0,1163231.375,0.973557,139486.0,0.0,75.333336,0.0,0.0,0.973557,0.973557,0.0,0.0,0.0,48.276577,0.0,SFTP
0.0,0.000504,0.0,1500.895874,0.97724,0.061197,-0.0,2703106.75,63697.757812,339554.0,1.0,7856.0,104.0,0.0,0.061701,64128.0,1721542272.0,64.0,0.0,0.0,0.0,0.0,0.0,62.0,0.0,225.12381,1.0,221.0,0.0,0.0,331.54599,2307840.0,325.0,1.0,0.0,0.0,0.0,0.97724,0.0,0.0,2766804.5,0.97724,331698.0,0.0,75.53846,0.0,0.0,0.97724,0.97724,0.0,0.0,0.0,105.398872,0.0,SFTP
0.0,0.000504,0.0,1502.610962,0.989329,0.061197,-0.0,4204094.0,85237.570312,532026.0,1.0,10620.0,134.0,0.0,0.061701,64128.0,1721542272.0,64.0,0.0,0.0,0.0,0.0,0.0,62.0,0.0,349.731995,1.0,347.0,0.0,0.0,485.177338,2307840.0,481.0,1.0,0.0,0.0,0.0,0.989329,0.0,0.0,4289331.5,0.989329,521406.0,0.0,79.253731,0.0,0.0,0.989329,0.989329,0.0,0.0,0.0,134.434555,0.0,SFTP
0.0,0.000504,0.0,190.800003,0.99012,0.061197,-0.0,6172.989258,2359.310059,1392.0,1.0,438.0,3.0,0.0,0.061701,64128.0,1721542272.0,64.0,0.0,0.0,0.0,0.0,0.0,62.0,0.0,4.039915,1.0,5.0,0.0,0.0,7.06985,2307840.0,8.0,1.0,0.0,0.0,0.0,0.99012,0.0,0.0,8532.298828,0.99012,954.0,0.0,146.0,0.0,0.0,0.99012,0.99012,0.0,0.0,0.0,2.019957,0.0,SFTP
0.0,0.000504,0.0,114.0,0.093718,0.061197,-0.0,9731.321289,0.0,390.0,1.0,162.0,1.0,0.0,0.061701,64128.0,1721542272.0,64.0,0.0,0.0,0.0,0.0,0.0,62.0,0.0,10.670309,1.0,2.0,0.0,0.0,21.340618,2307840.0,3.0,1.0,0.0,0.0,0.0,0.093718,0.0,0.0,9731.321289,0.093718,228.0,0.0,162.0,0.0,0.0,0.093718,0.093718,0.0,0.0,0.0,0.0,0.0,SFTP
0.0,0.000504,0.0,146.0,0.278094,0.061197,-0.0,21000.09375,12945.263672,1476.0,1.0,600.0,4.0,0.0,0.061701,64128.0,1721542272.0,64.0,0.0,0.0,0.0,0.0,0.0,62.0,0.0,17.979532,1.0,6.0,0.0,0.0,32.363159,2307840.0,10.0,1.0,0.0,0.0,0.0,0.278094,0.0,0.0,33945.355469,0.278094,876.0,0.0,150.0,0.0,0.0,0.278094,0.278094,0.0,0.0,0.0,10.78772,0.0,SFTP
0.0,0.000504,0.0,719.142883,0.991659,0.061197,-0.0,156642.5625,14279.102539,22024.0,1.0,1888.0,16.0,0.0,0.061701,64128.0,1721542272.0,64.0,0.0,0.0,0.0,0.0,0.0,62.0,0.0,27.227102,1.0,28.0,0.0,0.0,43.361679,2307840.0,44.0,1.0,0.0,0.0,0.0,0.991659,0.0,0.0,170921.65625,0.991659,20136.0,0.0,118.0,0.0,0.0,0.991659,0.991659,0.0,0.0,0.0,15.126167,0.0,SFTP
0.0,0.000504,0.0,536.222229,0.556493,0.061197,-0.0,131049.273438,13081.925781,10692.0,1.0,1040.0,8.0,0.0,0.061701,64128.0,1721542272.0,64.0,0.0,0.0,0.0,0.0,0.0,62.0,0.0,30.548454,1.0,18.0,0.0,0.0,44.924194,2307840.0,26.0,1.0,0.0,0.0,0.0,0.556493,0.0,0.0,144131.203125,0.556493,9652.0,0.0,130.0,0.0,0.0,0.556493,0.556493,0.0,0.0,0.0,12.578775,0.0,SFTP
0.0,0.000504,0.0,1490.406738,0.988811,0.061197,-0.0,1410809.5,26698.732422,179248.0,1.0,3380.0,42.0,0.0,0.061701,64128.0,1721542272.0,64.0,0.0,0.0,0.0,0.0,0.0,62.0,0.0,118.323921,1.0,118.0,0.0,0.0,160.799179,2307840.0,160.0,1.0,0.0,0.0,0.0,0.988811,0.0,0.0,1437508.25,0.988811,175868.0,0.0,80.476189,0.0,0.0,0.988811,0.988811,0.0,0.0,0.0,41.46394,0.0,SFTP
0.0,0.000504,0.0,1485.792236,0.895684,0.061197,-0.0,2030421.375,43077.691406,233710.0,1.0,4898.0,65.0,0.0,0.061701,64128.0,1721542272.0,64.0,0.0,0.0,0.0,0.0,0.0,62.0,0.0,170.819168,1.0,154.0,0.0,0.0,243.389404,2307840.0,219.0,1.0,0.0,0.0,0.0,0.895684,0.0,0.0,2073499.125,0.895684,228812.0,0.0,75.353844,0.0,0.0,0.895684,0.895684,0.0,0.0,0.0,71.453773,0.0,SFTP
0.0,0.000504,2.0,1514.0,0.571964,0.061197,-0.0,21176.15625,4573.714355,3464.0,1.0,436.0,4.0,0.0,0.061701,64128.0,1721542272.0,64.0,0.0,0.0,0.0,0.0,0.0,62.0,0.0,1.748362,1.0,2.0,2.0,1.0,8.741809,2307840.0,6.0,0.0,0.0,25.0,0.0,0.571964,0.0,0.0,25749.871094,0.571964,3028.0,0.0,109.0,0.0,0.0,0.571964,0.571964,1.0,0.0,0.0,5.245085,0.0,SFTP
0.0,0.000504,1.0,1511.757568,0.779971,0.061197,-0.0,2031265.25,41550.261719,203670.0,1.0,4118.0,61.0,0.0,0.061701,64128.0,1721542272.0,64.0,0.0,0.0,0.0,0.0,0.0,62.0,0.0,167.954956,1.0,132.0,1.0,0.0,246.162994,2307840.0,193.0,1.0,0.0,0.515464,0.0,0.779971,0.0,0.0,2072815.5,0.779971,199552.0,0.0,67.508194,0.0,0.0,0.779971,0.779971,1.0,0.0,0.0,76.925934,0.0,SFTP
0.0,0.000504,1.0,1218.0,0.926022,0.061197,-0.0,10522.428711,1745.098999,2738.0,1.0,302.0,3.0,0.0,0.061701,64128.0,1721542272.0,64.0,0.0,0.0,0.0,0.0,0.0,62.0,0.0,1.079888,1.0,2.0,1.0,0.0,4.319552,2307840.0,5.0,1.0,0.0,16.666667,0.0,0.926022,0.0,0.0,12267.527344,0.926022,2436.0,0.0,100.666664,0.0,0.0,0.926022,0.926022,1.0,0.0,0.0,2.159776,0.0,SFTP
0.0,0.000504,0.0,0.0,0.0,0.061197,-0.0,0.0,0.0,146.0,1.0,146.0,1.0,0.0,0.061701,68938.88262773723,1721542272.0,64.0,0.0,0.0,0.0,0.0,0.0,62.0,0.0,0.0,1.0,0.0,0.0,0.0,0.0,620297.7061469265,1.0,0.0,0.0,0.0,0.0,0.0,0.0,1.0,0.0,0.0,0.0,0.0,146.0,0.0,0.0,0.0,0.0,0.0,0.0,0.0,0.0,0.0,SFTP
0.0,0.000504,0.0,0.0,0.0,0.061197,-0.0,0.0,0.0,146.0,1.0,146.0,1.0,0.0,0.061701,68938.88262773723,1721542272.0,64.0,0.0,0.0,0.0,0.0,0.0,62.0,0.0,0.0,1.0,0.0,0.0,0.0,0.0,620297.7061469265,1.0,0.0,0.0,0.0,0.0,0.0,0.0,1.0,0.0,0.0,0.0,0.0,146.0,0.0,0.0,0.0,0.0,0.0,0.0,0.0,0.0,0.0,SFTP
0.0,0.000504,0.0,0.0,0.0,0.061197,-0.0,0.0,0.0,146.0,1.0,146.0,1.0,0.0,0.061701,68938.88262773723,1721542272.0,64.0,0.0,0.0,0.0,0.0,0.0,62.0,0.0,0.0,1.0,0.0,0.0,0.0,0.0,620297.7061469265,1.0,0.0,0.0,0.0,0.0,0.0,0.0,1.0,0.0,0.0,0.0,0.0,146.0,0.0,0.0,0.0,0.0,0.0,0.0,0.0,0.0,0.0,SFTP
0.0,0.000504,0.0,110.800003,0.850028,0.061197,-0.0,4178.686035,10202.017578,1908.0,1.0,1354.0,5.0,0.0,0.061701,64128.0,1721542272.0,64.0,0.0,0.0,0.0,0.0,0.0,62.0,0.0,4.705728,1.0,5.0,0.0,0.0,10.587887,2307840.0,10.0,1.0,0.0,0.0,0.0,0.850028,0.0,0.0,14380.703125,0.850028,554.0,0.0,270.799988,0.0,0.0,0.850028,0.850028,0.0,0.0,0.0,4.705728,0.0,SFTP
0.0,0.000504,0.0,1418.969727,0.432903,0.061197,-0.0,1704474.25,43095.105469,96064.0,1.0,2412.0,30.0,0.0,0.061701,64128.0,1721542272.0,64.0,0.0,0.0,0.0,0.0,0.0,62.0,0.0,150.149109,1.0,66.0,0.0,0.0,219.4487,2307840.0,96.0,1.0,0.0,0.0,0.0,0.432903,0.0,0.0,1747569.375,0.432903,93652.0,0.0,80.400002,0.0,0.0,0.432903,0.432903,0.0,0.0,0.0,66.989601,0.0,SFTP
0.0,0.000504,0.0,1361.768066,0.572066,0.061197,-0.0,1294969.5,33408.730469,96436.0,1.0,2474.0,29.0,0.0,0.061701,64128.0,1721542272.0,64.0,0.0,0.0,0.0,0.0,0.0,62.0,0.0,118.867401,1.0,69.0,0.0,0.0,169.560852,2307840.0,98.0,1.0,0.0,0.0,0.0,0.572066,0.0,0.0,1328378.25,0.572066,93962.0,0.0,85.310349,0.0,0.0,0.572066,0.572066,0.0,0.0,0.0,48.9454,0.0,SFTP
0.0,0.000504,0.0,1361.768066,0.494941,0.061197,-0.0,1496760.25,45144.773438,96834.0,1.0,2872.0,36.0,0.0,0.061701,64128.0,1721542272.0,64.0,0.0,0.0,0.0,0.0,0.0,62.0,0.0,137.390121,1.0,69.0,0.0,0.0,210.126053,2307840.0,105.0,1.0,0.0,0.0,0.0,0.494941,0.0,0.0,1541905.0,0.494941,93962.0,0.0,79.777779,0.0,0.0,0.494941,0.494941,0.0,0.0,0.0,70.7155,0.0,SFTP
0.0,0.000504,0.0,1507.016479,0.990964,0.061197,-0.0,7360469.0,123209.320312,928594.0,1.0,15342.0,191.0,0.0,0.061701,64128.0,1721542272.0,64.0,0.0,0.0,0.0,0.0,0.0,62.0,0.0,610.516602,1.0,606.0,0.0,0.0,803.25824,2307840.0,797.0,1.0,0.0,0.0,0.0,0.990964,0.0,0.0,7483678.5,0.990964,913252.0,0.0,80.324608,0.0,0.0,0.990964,0.990964,0.0,0.0,0.0,191.732498,0.0,SFTP
0.0,0.000504,0.0,1488.570557,0.957418,0.061197,-0.0,3955354.75,65417.609375,482768.0,1.0,7914.0,93.0,0.0,0.061701,64128.0,1721542272.0,64.0,0.0,0.0,0.0,0.0,0.0,62.0,0.0,332.143311,1.0,319.0,0.0,0.0,429.279572,2307840.0,412.0,1.0,0.0,0.0,0.0,0.957418,0.0,0.0,4020772.5,0.957418,474854.0,0.0,85.096771,0.0,0.0,0.957418,0.957418,0.0,0.0,0.0,96.091774,0.0,SFTP
0.0,0.000504,0.0,802.0,0.230614,0.061197,-0.0,306035.1875,16269.610352,10210.0,1.0,586.0,5.0,0.0,0.061701,64128.0,1721542272.0,64.0,0.0,0.0,0.0,0.0,0.0,62.0,0.0,47.69875,1.0,12.0,0.0,0.0,69.379997,2307840.0,17.0,1.0,0.0,0.0,0.0,0.230614,0.0,0.0,322304.78125,0.230614,9624.0,0.0,117.199997,0.0,0.0,0.230614,0.230614,0.0,0.0,0.0,17.344999,0.0,SFTP
0.0,0.000504,0.0,298.0,0.277802,0.061197,-0.0,42908.261719,12958.870117,2388.0,1.0,600.0,4.0,0.0,0.061701,64128.0,1721542272.0,64.0,0.0,0.0,0.0,0.0,0.0,62.0,0.0,17.99843,1.0,6.0,0.0,0.0,32.397175,2307840.0,10.0,1.0,0.0,0.0,0.0,0.277802,0.0,0.0,55867.132812,0.277802,1788.0,0.0,150.0,0.0,0.0,0.277802,0.277802,0.0,0.0,0.0,10.799059,0.0,SFTP
0.0,0.000504,0.0,392.399994,0.264445,0.061197,-0.0,106850.195312,16124.335938,4590.0,1.0,666.0,5.0,0.0,0.061701,64128.0,1721542272.0,64.0,0.0,0.0,0.0,0.0,0.0,62.0,0.0,34.033543,1.0,10.0,0.0,0.0,52.941063,2307840.0,15.0,1.0,0.0,0.0,0.0,0.264445,0.0,0.0,122974.53125,0.264445,3924.0,0.0,133.199997,0.0,0.0,0.264445,0.264445,0.0,0.0,0.0,15.126019,0.0,SFTP
0.0,0.000504,1.0,430.0,0.646625,0.061197,-0.0,42559.445312,8375.797852,4682.0,1.0,812.0,6.0,0.0,0.061701,64128.0,1721542272.0,64.0,0.0,0.0,0.0,0.0,0.0,62.0,0.0,12.371931,1.0,9.0,1.0,0.0,21.650881,2307840.0,15.0,1.0,0.0,6.25,0.0,0.646625,0.0,0.0,50935.242188,0.646625,3870.0,0.0,135.333328,0.0,0.0,0.646625,0.646625,1.0,0.0,0.0,7.732457,0.0,SFTP
0.0,0.000504,1.0,708.15387,0.677458,0.061197,-0.0,100351.609375,9754.110352,10150.0,1.0,944.0,8.0,0.0,0.061701,64128.0,1721542272.0,64.0,0.0,0.0,0.0,0.0,0.0,62.0,0.0,17.713276,1.0,13.0,1.0,0.0,29.522125,2307840.0,21.0,1.0,0.0,4.545455,0.0,0.677458,0.0,0.0,110105.71875,0.677458,9206.0,0.0,118.0,0.0,0.0,0.677458,0.677458,1.0,0.0,0.0,10.332744,0.0,SFTP
0.0,0.000504,0.0,823.818176,0.262468,0.061197,-0.0,251123.9375,18592.742188,9794.0,1.0,732.0,6.0,0.0,0.061701,64128.0,1721542272.0,64.0,0.0,0.0,0.0,0.0,0.0,62.0,0.0,38.09988,1.0,11.0,0.0,0.0,60.959808,2307840.0,17.0,1.0,0.0,0.0,0.0,0.262468,0.0,0.0,269716.6875,0.262468,9062.0,0.0,122.0,0.0,0.0,0.262468,0.262468,0.0,0.0,0.0,19.04994,0.0,SFTP
0.0,0.000504,0.0,282.0,0.999139,0.061197,-0.0,15805.608398,6061.21875,3164.0,1.0,908.0,6.0,0.0,0.061701,64128.0,1721542272.0,64.0,0.0,0.0,0.0,1.0,0.0,62.0,0.0,7.006032,1.0,8.0,0.0,0.0,13.011203,2307840.0,14.0,0.0,0.0,0.0,0.0,0.999139,0.0,0.0,21866.826172,0.999139,2256.0,0.0,151.333328,0.0,0.0,0.999139,0.999139,0.0,0.0,0.0,5.004309,0.0,SFTP
0.0,0.000504,0.0,54.0,0.031009,0.061197,-0.0,13931.439453,0.0,108.0,1.0,0.0,0.0,0.0,0.061701,64128.0,1721542272.0,64.0,0.0,0.0,0.0,0.0,0.0,62.0,0.0,32.248703,1.0,2.0,0.0,0.0,32.248703,620297.7061469265,2.0,0.0,0.0,0.0,0.0,0.031009,0.0,0.0,13931.439453,0.031009,108.0,0.0,0.0,0.0,0.0,0.031009,0.031009,0.0,0.0,0.0,0.0,0.0,SFTP
0.0,0.000521,0.0,80.14286,0.833386,0.167137,-0.0,4617.308105,4991.68457,1167.0,0.0,606.0,7.0,0.0,0.167658,64256.0,1721542272.0,64.0,0.0,0.0,0.0,0.0,0.0,62.0,0.0,7.199545,0.0,7.0,0.0,0.0,15.599014,31872.0,14.0,0.0,0.0,0.0,0.0,0.833386,0.0,0.0,9608.992188,0.833386,561.0,0.0,86.571426,0.0,0.0,0.833386,0.833386,0.0,0.0,1.0,7.199545,0.0,SMTP
0.0,0.000521,0.0,222.666672,0.342108,0.167137,-0.0,10429.455078,4934.114258,949.0,0.0,281.0,4.0,0.0,0.167658,64256.0,1721542272.0,64.0,0.0,0.0,0.0,1.0,0.0,62.0,0.0,5.846107,1.0,3.0,0.0,0.0,17.538321,31872.0,7.0,0.0,0.0,0.0,0.0,0.342108,0.0,0.0,15363.569336,0.342108,668.0,0.0,70.25,0.0,0.0,0.342108,0.342108,0.0,0.0,0.0,8.76916,0.0,SMTP
0.0,0.001491,0.0,80.14286,0.835355,0.168723,-0.0,4606.424805,4979.918945,1167.0,0.0,606.0,7.0,0.0,0.170214,64256.0,1721542272.0,64.0,0.0,0.0,0.0,0.0,0.0,62.0,0.0,7.182575,0.0,7.0,0.0,0.0,15.562246,31872.0,14.0,0.0,0.0,0.0,0.0,0.835355,0.0,0.0,9586.34375,0.835355,561.0,0.0,86.571426,0.0,0.0,0.835355,0.835355,0.0,0.0,1.0,7.182575,0.0,SMTP
0.0,0.001491,0.0,186.5,0.356981,0.168723,-0.0,12549.6875,4728.542969,1027.0,0.0,281.0,4.0,0.0,0.170214,64256.0,1721542272.0,64.0,0.0,0.0,0.0,1.0,0.0,62.0,0.0,8.403809,1.0,4.0,0.0,0.0,19.608887,31872.0,8.0,0.0,0.0,0.0,0.0,0.356981,0.0,0.0,17278.230469,0.356981,746.0,0.0,70.25,0.0,0.0,0.356981,0.356981,0.0,0.0,0.0,8.403809,0.0,SMTP
0.0,0.000976,0.0,140.125,0.986714,0.152789,-0.0,7953.672363,4216.01416,1727.0,0.0,606.0,7.0,0.0,0.153765,64256.0,1721542272.0,64.0,0.0,0.0,0.0,0.0,0.0,62.0,0.0,7.094254,0.0,8.0,0.0,0.0,14.188508,31872.0,15.0,0.0,0.0,0.0,0.0,0.986714,0.0,0.0,12169.686523,0.986714,1121.0,0.0,86.571426,0.0,0.0,0.986714,0.986714,0.0,0.0,1.0,6.08079,0.0,SMTP
0.0,0.000976,0.0,69.0,0.168486,0.152789,-0.0,3276.236572,16381.182617,551.0,0.0,413.0,6.0,0.0,0.153765,64256.0,1721542272.0,64.0,0.0,0.0,0.0,1.0,0.0,62.0,0.0,5.935211,1.0,2.0,0.0,0.0,41.546478,31872.0,8.0,0.0,0.0,0.0,0.0,0.168486,0.0,0.0,19657.419922,0.168486,138.0,0.0,68.833336,0.0,0.0,0.168486,0.168486,0.0,0.0,0.0,29.676056,0.0,SMTP
0.0,0.000489,0.0,128.300003,0.61648,0.061098,-0.0,14988.321289,12211.263672,2302.0,0.0,1019.0,13.0,0.0,0.061587,64256.0,1721542272.0,64.0,0.0,0.0,0.0,0.0,0.0,62.0,0.0,14.599014,0.0,10.0,0.0,0.0,35.686478,31872.0,23.0,0.0,0.0,0.0,0.0,0.61648,0.0,0.0,27199.585938,0.61648,1283.0,0.0,78.384613,0.0,0.0,0.61648,0.61648,0.0,0.0,0.0,19.465351,0.0,SMTP
0.0,0.000736,0.0,131.300003,0.663623,0.061557,-0.0,14249.054688,11343.790039,2332.0,0.0,1019.0,13.0,0.0,0.062293,64256.0,1721542272.0,64.0,0.0,0.0,0.0,0.0,0.0,62.0,0.0,13.561917,0.0,10.0,0.0,0.0,33.151352,31872.0,23.0,0.0,0.0,0.0,0.0,0.663623,0.0,0.0,25592.845703,0.663623,1313.0,0.0,78.384613,0.0,0.0,0.663623,0.663623,0.0,0.0,0.0,18.082556,0.0,SMTP
0.0,0.00061,0.0,134.899994,0.661495,0.060815,-0.0,14693.989258,11380.283203,2368.0,0.0,1019.0,13.0,0.0,0.061425,64256.0,1721542272.0,64.0,0.0,0.0,0.0,0.0,0.0,62.0,0.0,13.605546,0.0,10.0,0.0,0.0,33.257999,31872.0,23.0,0.0,0.0,0.0,0.0,0.661495,0.0,0.0,26074.271484,0.661495,1349.0,0.0,78.384613,0.0,0.0,0.661495,0.661495,0.0,0.0,0.0,18.140728,0.0,SMTP
0.0,0.000942,0.0,139.100006,0.557071,0.059933,-0.0,17979.755859,13513.538086,2410.0,0.0,1019.0,13.0,0.0,0.060875,64256.0,1721542272.0,64.0,0.0,0.0,0.0,0.0,0.0,62.0,0.0,16.155931,0.0,10.0,0.0,0.0,39.492275,31872.0,23.0,0.0,0.0,0.0,0.0,0.557071,0.0,0.0,31493.294922,0.557071,1391.0,0.0,78.384613,0.0,0.0,0.557071,0.557071,0.0,0.0,0.0,21.541241,0.0,SMTP
0.0,0.000493,0.0,143.899994,0.556168,0.061011,-0.0,18641.847656,13535.477539,2458.0,0.0,1019.0,13.0,0.0,0.061504,64256.0,1721542272.0,64.0,0.0,0.0,0.0,0.0,0.0,62.0,0.0,16.182159,0.0,10.0,0.0,0.0,39.556393,31872.0,23.0,0.0,0.0,0.0,0.0,0.556168,0.0,0.0,32177.322266,0.556168,1439.0,0.0,78.384613,0.0,0.0,0.556168,0.556168,0.0,0.0,0.0,21.576214,0.0,SMTP
0.0,0.0,0.0,158.555557,0.826662,0.061665,-0.0,12280.714844,7151.65332,2248.0,0.0,821.0,10.0,0.0,0.061665,64256.0,1721542272.0,64.0,0.0,0.0,0.0,0.0,0.0,62.0,0.0,9.677474,0.0,9.0,0.0,0.0,21.774317,31872.0,19.0,0.0,0.0,0.0,0.0,0.826662,0.0,0.0,19432.367188,0.826662,1427.0,0.0,82.099998,0.0,0.0,0.826662,0.826662,0.0,0.0,0.0,10.887158,0.0,SMTP
0.0,0.0,0.0,66.0,0.001748,0.061665,-0.0,0.0,0.0,132.0,0.0,66.0,1.0,0.0,0.061665,64256.0,1721542272.0,64.0,0.0,0.0,0.0,0.0,0.0,62.0,0.0,0.0,1.0,1.0,0.0,0.0,572.082397,31872.0,2.0,0.0,0.0,0.0,0.0,0.001748,0.0,0.0,0.0,0.001748,66.0,0.0,66.0,0.0,0.0,0.001748,0.001748,0.0,0.0,0.0,0.0,0.0,SMTP
0.0,0.00215,1.0,72.5,0.892938,0.167809,-0.0,1953.103027,3332.818115,755.0,0.0,465.0,5.0,0.0,0.169959,64256.0,1721542272.0,64.0,0.0,0.0,0.0,0.0,0.0,62.0,0.0,3.359696,0.0,4.0,1.0,0.0,8.959188,31872.0,9.0,0.0,0.0,10.0,0.0,0.892938,0.0,0.0,5285.921387,0.892938,290.0,0.0,93.0,0.0,0.0,0.892938,0.892938,1.0,0.0,1.0,4.479594,0.0,SMTP
0.0,0.00215,0.0,210.5,0.86396,0.167809,-0.0,9750.451172,4222.41748,1795.0,0.0,532.0,7.0,0.0,0.169959,64256.0,1721542272.0,64.0,0.0,0.0,0.0,1.0,0.0,62.0,0.0,5.787305,1.0,6.0,0.0,0.0,13.889531,31872.0,13.0,0.0,0.0,0.0,0.0,0.86396,0.0,0.0,13972.869141,0.86396,1263.0,0.0,76.0,0.0,0.0,0.86396,0.86396,0.0,0.0,0.0,6.944766,0.0,SMTP
0.0,0.00056,0.0,80.14286,0.850249,0.167874,-0.0,4525.73291,4892.68457,1167.0,0.0,606.0,7.0,0.0,0.168434,64256.0,1721542272.0,64.0,0.0,0.0,0.0,0.0,0.0,62.0,0.0,7.056756,0.0,7.0,0.0,0.0,15.289639,31872.0,14.0,0.0,0.0,0.0,0.0,0.850249,0.0,0.0,9418.417969,0.850249,561.0,0.0,86.571426,0.0,0.0,0.850249,0.850249,0.0,0.0,1.0,7.056756,0.0,SMTP
0.0,0.00056,2.0,920.0,0.908564,0.167874,-0.0,8100.695312,2579.895508,2206.0,1.0,366.0,5.0,0.0,0.168434,64256.0,1721542272.0,64.0,0.0,0.0,0.0,0.0,0.0,62.0,0.0,1.100638,1.0,2.0,2.0,0.0,6.603828,31872.0,7.0,1.0,0.0,22.222222,0.0,0.908564,0.0,0.0,10680.59082,0.908564,1840.0,0.0,73.199997,0.0,0.0,0.908564,0.908564,1.0,0.0,0.0,4.402552,0.0,SMTP
0.0,0.00056,0.0,69.0,0.169913,0.167874,-0.0,3248.721436,9651.999023,411.0,1.0,273.0,4.0,0.0,0.168434,64256.0,1721542272.0,64.0,0.0,0.0,0.0,1.0,0.0,62.0,0.0,5.885365,1.0,2.0,0.0,0.0,29.426825,31872.0,6.0,0.0,0.0,0.0,0.0,0.169913,0.0,0.0,12900.720703,0.169913,138.0,0.0,68.25,0.0,0.0,0.169913,0.169913,0.0,0.0,0.0,17.656096,0.0,SMTP
0.0,0.0,0.0,80.14286,0.834761,0.168969,-0.0,4609.702637,4983.462402,1167.0,0.0,606.0,7.0,0.0,0.168969,64256.0,1721542272.0,64.0,0.0,0.0,0.0,0.0,0.0,62.0,0.0,7.187686,0.0,7.0,0.0,0.0,15.573319,31872.0,14.0,0.0,0.0,0.0,0.0,0.834761,0.0,0.0,9593.165039,0.834761,561.0,0.0,86.571426,0.0,0.0,0.834761,0.834761,0.0,0.0,1.0,7.187686,0.0,SMTP
0.0,0.0,0.0,376.666656,0.357176,0.168969,-0.0,16888.033203,4725.961426,1411.0,0.0,281.0,4.0,0.0,0.168969,64256.0,1721542272.0,64.0,0.0,0.0,0.0,1.0,0.0,62.0,0.0,5.59948,1.0,3.0,0.0,0.0,16.798441,31872.0,7.0,0.0,0.0,0.0,0.0,0.357176,0.0,0.0,21613.996094,0.357176,1130.0,0.0,70.25,0.0,0.0,0.357176,0.357176,0.0,0.0,0.0,8.39922,0.0,SMTP
0.0,0.001987,0.0,74.0,0.001987,0.0,-0.0,0.0,0.0,148.0,0.0,74.0,1.0,0.0,0.001987,8222720.0,1721542272.0,64.0,0.0,0.0,0.0,0.0,1.0,62.0,0.0,0.0,0.0,1.0,0.0,0.0,503.271271,4077568.0,2.0,0.0,0.0,0.0,0.0,0.001987,0.0,0.0,0.0,0.001987,74.0,0.0,74.0,0.0,0.0,0.001987,0.001987,0.0,0.0,0.0,0.0,0.0,SMTP
1.0,0.001987,3.0,74.0,0.0,0.0,-0.0,0.0,0.0,222.0,0.0,148.0,2.0,0.0,0.001987,8222720.0,1721542272.0,64.0,0.0,0.0,0.0,0.0,1.0,62.0,0.0,0.0,1.0,1.0,2.0,0.0,0.0,4077568.0,3.0,0.0,0.0,50.0,0.0,0.0,0.0,0.0,0.0,0.0,74.0,0.0,74.0,0.0,1.0,0.0,0.0,0.0,0.0,0.0,0.0,0.0,SMTP
1.0,0.001987,2.0,176.899994,0.573267,0.060876,-0.0,22230.480469,13131.751953,2788.0,0.0,1019.0,13.0,0.0,0.062863,64256.0,1721542272.0,64.0,0.0,0.0,0.0,0.0,0.0,62.0,0.0,15.699492,1.0,10.0,1.0,0.0,38.376534,31872.0,23.0,0.0,0.0,8.0,0.0,0.573267,0.0,0.0,35362.230469,0.573267,1769.0,0.0,78.384613,0.0,1.0,0.573267,0.573267,0.0,0.0,0.0,20.932655,0.0,SMTP
0.0,0.000522,0.0,80.14286,0.836575,0.168638,-0.0,4599.70752,4972.656738,1167.0,0.0,606.0,7.0,0.0,0.16916,64256.0,1721542272.0,64.0,0.0,0.0,0.0,0.0,0.0,62.0,0.0,7.172101,0.0,7.0,0.0,0.0,15.539552,31872.0,14.0,0.0,0.0,0.0,0.0,0.836575,0.0,0.0,9572.364258,0.836575,561.0,0.0,86.571426,0.0,0.0,0.836575,0.836575,0.0,0.0,1.0,7.172101,0.0,SMTP
0.0,0.000522,0.0,430.666656,0.388685,0.168638,-0.0,17741.873047,7100.865723,1705.0,0.0,413.0,6.0,0.0,0.16916,64256.0,1721542272.0,64.0,0.0,0.0,0.0,1.0,0.0,62.0,0.0,5.145555,1.0,3.0,0.0,0.0,20.58222,31872.0,9.0,0.0,0.0,0.0,0.0,0.388685,0.0,0.0,24842.740234,0.388685,1292.0,0.0,68.833336,0.0,0.0,0.388685,0.388685,0.0,0.0,0.0,12.863888,0.0,SMTP
0.0,0.000992,0.0,74.0,0.000992,0.0,-0.0,0.0,0.0,148.0,0.0,74.0,1.0,0.0,0.000992,8222720.0,1721542272.0,64.0,0.0,0.0,0.0,0.0,1.0,62.0,0.0,0.0,0.0,1.0,0.0,0.0,1008.064514,4077568.0,2.0,0.0,0.0,0.0,0.0,0.000992,0.0,0.0,0.0,0.000992,74.0,0.0,74.0,0.0,0.0,0.000992,0.000992,0.0,0.0,0.0,0.0,0.0,SMTP
1.0,0.000992,2.0,74.0,0.000574,0.0,-0.0,0.0,0.0,148.0,0.0,74.0,1.0,0.0,0.000992,8222720.0,1721542272.0,64.0,0.0,0.0,0.0,0.0,1.0,62.0,0.0,0.0,1.0,1.0,1.0,0.0,1742.160278,4077568.0,2.0,0.0,0.0,50.0,0.0,0.000574,0.0,0.0,0.0,0.000574,74.0,0.0,74.0,0.0,1.0,0.000574,0.000574,0.0,0.0,0.0,0.0,0.0,SMTP
1.0,0.000992,3.0,74.0,0.977791,0.0,-0.0,0.0,605.44635,222.0,0.0,148.0,2.0,0.0,0.000992,8222720.0,1721542272.0,64.0,0.0,0.0,0.0,0.0,1.0,62.0,0.0,0.0,1.0,1.0,2.0,0.0,2.045427,4077568.0,3.0,0.0,0.0,50.0,0.0,0.977791,0.0,0.0,605.44635,0.977791,74.0,0.0,74.0,0.0,1.0,0.977791,0.977791,0.0,0.0,0.0,1.022713,0.0,SMTP
0.0,0.000992,0.0,247.285721,0.859565,0.168593,-0.0,13811.636719,4839.657227,2337.0,0.0,606.0,7.0,0.0,0.169585,64256.0,1721542272.0,64.0,0.0,0.0,0.0,0.0,0.0,62.0,0.0,6.980275,1.0,7.0,0.0,0.0,15.123929,31872.0,14.0,1.0,0.0,0.0,0.0,0.859565,0.0,0.0,18651.294922,0.859565,1731.0,0.0,86.571426,0.0,0.0,0.859565,0.859565,0.0,0.0,0.0,6.980275,0.0,SMTP
0.0,0.000992,2.0,72.0,0.755254,0.168593,-0.0,0.0,2245.602295,354.0,0.0,282.0,4.0,0.0,0.169585,64256.0,1721542272.0,64.0,0.0,0.0,0.0,0.0,0.0,62.0,0.0,0.0,1.0,1.0,2.0,0.0,5.296232,31872.0,5.0,0.0,0.0,28.571429,0.0,0.755254,0.0,0.0,2245.602295,0.755254,72.0,0.0,70.5,0.0,0.0,0.755254,0.755254,1.0,0.0,0.0,3.972174,0.0,SMTP
0.0,0.000992,0.0,0.0,0.0,0.168593,-0.0,0.0,0.0,75.0,0.0,75.0,1.0,0.0,0.169585,624459.9664732431,1721542272.0,64.0,0.0,0.0,0.0,0.0,0.0,62.0,0.0,0.0,1.0,0.0,1.0,0.0,0.0,310126.47940317873,1.0,0.0,0.0,0.0,0.0,0.0,0.0,0.0,0.0,0.0,0.0,0.0,75.0,0.0,0.0,0.0,0.0,1.0,0.0,0.0,0.0,0.0,SMTP
0.0,0.000992,1.0,66.0,0.000983,0.168593,-0.0,0.0,577823.0,207.0,0.0,141.0,2.0,0.0,0.169585,64256.0,1721542272.0,64.0,0.0,0.0,0.0,0.0,0.0,62.0,0.0,0.0,1.0,1.0,1.0,0.0,2034.587891,31872.0,3.0,0.0,0.0,25.0,0.0,0.000983,0.0,0.0,577823.0,0.000983,66.0,0.0,70.5,0.0,0.0,0.000983,0.000983,1.0,0.0,0.0,1017.293945,0.0,SMTP
0.0,0.000995,0.0,74.0,0.000995,0.0,-0.0,0.0,0.0,148.0,0.0,74.0,1.0,0.0,0.000995,8222720.0,1721542272.0,64.0,0.0,0.0,0.0,0.0,1.0,62.0,0.0,0.0,0.0,1.0,0.0,0.0,1005.025146,4077568.0,2.0,0.0,0.0,0.0,0.0,0.000995,0.0,0.0,0.0,0.000995,74.0,0.0,74.0,0.0,0.0,0.000995,0.000995,0.0,0.0,0.0,0.0,0.0,SMTP
1.0,0.000995,2.0,74.0,0.000947,0.0,-0.0,0.0,0.0,148.0,0.0,74.0,1.0,0.0,0.000995,8222720.0,1721542272.0,64.0,0.0,0.0,0.0,0.0,1.0,62.0,0.0,0.0,1.0,1.0,1.0,0.0,1055.966187,4077568.0,2.0,0.0,0.0,50.0,0.0,0.000947,0.0,0.0,0.0,0.000947,74.0,0.0,74.0,0.0,1.0,0.000947,0.000947,0.0,0.0,0.0,0.0,0.0,SMTP
0.0,0.000995,1.0,261.0,0.990056,0.161152,-0.0,12653.830078,4201.782715,2433.0,0.0,606.0,7.0,0.0,0.162147,64256.0,1721542272.0,64.0,0.0,0.0,0.0,0.0,0.0,62.0,0.0,6.060263,1.0,7.0,1.0,0.0,13.13057,31872.0,14.0,0.0,0.0,6.666667,0.0,0.990056,0.0,0.0,16855.613281,0.990056,1827.0,0.0,86.571426,0.0,0.0,0.990056,0.990056,1.0,0.0,0.0,6.060263,0.0,SMTP
0.0,0.000992,0.0,66.0,0.001571,0.168593,-0.0,0.0,0.0,132.0,0.0,66.0,1.0,0.0,0.169585,64256.0,1721542272.0,64.0,0.0,0.0,0.0,0.0,0.0,62.0,0.0,0.0,1.0,1.0,0.0,0.0,636.537231,31872.0,2.0,0.0,0.0,0.0,0.0,0.001571,0.0,0.0,0.0,0.001571,66.0,0.0,66.0,0.0,0.0,0.001571,0.001571,0.0,0.0,0.0,0.0,0.0,SMTP
0.0,0.000995,0.0,69.0,0.16965,0.161152,-0.0,3253.757568,9949.896484,419.0,0.0,281.0,4.0,0.0,0.162147,64256.0,1721542272.0,64.0,0.0,0.0,0.0,1.0,0.0,62.0,0.0,5.894488,1.0,2.0,0.0,0.0,29.472443,31872.0,6.0,0.0,0.0,0.0,0.0,0.16965,0.0,0.0,13203.654297,0.16965,138.0,0.0,70.25,0.0,0.0,0.16965,0.16965,0.0,0.0,0.0,17.683466,0.0,SMTP
0.0,0.000521,0.0,80.14286,0.848983,0.168865,-0.0,4532.481934,4899.980469,1167.0,0.0,606.0,7.0,0.0,0.169386,64256.0,1721542272.0,64.0,0.0,0.0,0.0,0.0,0.0,62.0,0.0,7.067279,0.0,7.0,0.0,0.0,15.312439,31872.0,14.0,0.0,0.0,0.0,0.0,0.848983,0.0,0.0,9432.461914,0.848983,561.0,0.0,86.571426,0.0,0.0,0.848983,0.848983,0.0,0.0,1.0,7.067279,0.0,SMTP
0.0,0.000521,2.0,1442.0,0.878862,0.168865,-0.0,26252.130859,2758.112061,4704.0,1.0,378.0,5.0,0.0,0.169386,64256.0,1721542272.0,64.0,0.0,0.0,0.0,0.0,0.0,62.0,0.0,2.27567,1.0,3.0,2.0,0.0,7.964845,31872.0,8.0,1.0,0.0,20.0,0.0,0.878862,0.0,0.0,29010.242188,0.878862,4326.0,0.0,75.599998,0.0,0.0,0.878862,0.878862,1.0,0.0,0.0,4.55134,0.0,SMTP
0.0,0.000521,0.0,68.0,0.555247,0.168865,-0.0,1959.488281,4970.760742,617.0,1.0,413.0,6.0,0.0,0.169386,64256.0,1721542272.0,64.0,0.0,0.0,0.0,1.0,0.0,62.0,0.0,3.602,1.0,3.0,0.0,0.0,14.408002,31872.0,9.0,0.0,0.0,0.0,0.0,0.555247,0.0,0.0,6930.249023,0.555247,204.0,0.0,68.833336,0.0,0.0,0.555247,0.555247,0.0,0.0,0.0,9.005001,0.0,SMTP
0.0,0.000521,0.0,66.0,0.803352,0.168865,-0.0,657.246155,657.246155,264.0,1.0,132.0,2.0,0.0,0.169386,64256.0,1721542272.0,64.0,0.0,0.0,0.0,0.0,0.0,62.0,0.0,1.244784,1.0,2.0,0.0,0.0,3.734353,31872.0,4.0,0.0,0.0,0.0,0.0,0.803352,0.0,0.0,1314.49231,0.803352,132.0,0.0,66.0,0.0,0.0,0.803352,0.803352,0.0,0.0,0.0,1.244784,0.0,SMTP
0.0,0.001493,0.0,74.0,0.001493,0.0,-0.0,0.0,0.0,148.0,0.0,74.0,1.0,0.0,0.001493,8222720.0,1721542272.0,64.0,0.0,0.0,0.0,0.0,1.0,62.0,0.0,0.0,0.0,1.0,0.0,0.0,669.792358,4077568.0,2.0,0.0,0.0,0.0,0.0,0.001493,0.0,0.0,0.0,0.001493,74.0,0.0,74.0,0.0,0.0,0.001493,0.001493,0.0,0.0,0.0,0.0,0.0,SMTP
1.0,0.001493,2.0,210.454544,0.603961,0.060654,-0.0,27882.595703,11576.90625,3268.0,0.0,953.0,12.0,0.0,0.062147,64256.0,1721542272.0,64.0,0.0,0.0,0.0,0.0,0.0,62.0,0.0,16.557362,1.0,11.0,1.0,0.0,36.426193,31872.0,23.0,0.0,0.0,8.0,0.0,0.603961,0.0,0.0,39459.503906,0.603961,2315.0,0.0,79.416664,0.0,1.0,0.603961,0.603961,0.0,0.0,0.0,18.213097,0.0,SMTP
0.0,0.000521,0.0,66.0,0.0,0.168865,-0.0,0.0,0.0,132.0,1.0,66.0,1.0,0.0,0.169386,64256.0,1721542272.0,64.0,0.0,0.0,0.0,0.0,0.0,62.0,0.0,0.0,1.0,1.0,0.0,0.0,0.0,31872.0,2.0,0.0,0.0,0.0,0.0,0.0,0.0,0.0,0.0,0.0,66.0,0.0,66.0,0.0,0.0,0.0,0.0,0.0,0.0,0.0,0.0,0.0,SMTP
0.0,0.001493,0.0,220.818176,0.56076,0.060656,-0.0,31514.373047,12468.791992,3382.0,0.0,953.0,12.0,0.0,0.062149,64256.0,1721542272.0,64.0,0.0,0.0,0.0,0.0,0.0,62.0,0.0,17.832941,0.0,11.0,0.0,0.0,39.232468,31872.0,23.0,0.0,0.0,0.0,0.0,0.56076,0.0,0.0,43983.164062,0.56076,2429.0,0.0,79.416664,0.0,0.0,0.56076,0.56076,0.0,0.0,0.0,19.616234,0.0,SMTP
0.0,0.000997,0.0,231.72728,0.666118,0.074547,-0.0,27838.910156,10496.638672,3502.0,0.0,953.0,12.0,0.0,0.075544,64256.0,1721542272.0,64.0,0.0,0.0,0.0,0.0,0.0,62.0,0.0,15.012355,0.0,11.0,0.0,0.0,33.02718,31872.0,23.0,0.0,0.0,0.0,0.0,0.666118,0.0,0.0,38335.546875,0.666118,2549.0,0.0,79.416664,0.0,0.0,0.666118,0.666118,0.0,0.0,0.0,16.51359,0.0,SMTP
0.0,0.001578,0.0,243.181824,0.571062,0.05955,-0.0,34069.855469,12243.853516,3628.0,0.0,953.0,12.0,0.0,0.061128,64256.0,1721542272.0,64.0,0.0,0.0,0.0,0.0,0.0,62.0,0.0,17.511232,0.0,11.0,0.0,0.0,38.524712,31872.0,23.0,0.0,0.0,0.0,0.0,0.571062,0.0,0.0,46313.707031,0.571062,2675.0,0.0,79.416664,0.0,0.0,0.571062,0.571062,0.0,0.0,0.0,19.262356,0.0,SMTP
0.0,0.001616,0.0,255.181824,0.676335,0.059855,-0.0,30186.224609,10338.072266,3760.0,0.0,953.0,12.0,0.0,0.061471,64256.0,1721542272.0,64.0,0.0,0.0,0.0,0.0,0.0,62.0,0.0,14.785573,0.0,11.0,0.0,0.0,32.528259,31872.0,23.0,0.0,0.0,0.0,0.0,0.676335,0.0,0.0,40524.296875,0.676335,2807.0,0.0,79.416664,0.0,0.0,0.676335,0.676335,0.0,0.0,0.0,16.26413,0.0,SMTP
0.0,0.001022,0.0,267.727264,0.666,0.045785,-0.0,32168.167969,10498.498047,3898.0,0.0,953.0,12.0,0.0,0.046807,64256.0,1721542272.0,64.0,0.0,0.0,0.0,0.0,0.0,62.0,0.0,15.015015,0.0,11.0,0.0,0.0,33.033031,31872.0,23.0,0.0,0.0,0.0,0.0,0.666,0.0,0.0,42666.667969,0.666,2945.0,0.0,79.416664,0.0,0.0,0.666,0.666,0.0,0.0,0.0,16.516516,0.0,SMTP
0.0,0.00149,0.0,280.818176,0.554557,0.059736,-0.0,40522.433594,12608.261719,4042.0,0.0,953.0,12.0,0.0,0.061226,64256.0,1721542272.0,64.0,0.0,0.0,0.0,0.0,0.0,62.0,0.0,18.032412,0.0,11.0,0.0,0.0,39.671303,31872.0,23.0,0.0,0.0,0.0,0.0,0.554557,0.0,0.0,53130.695312,0.554557,3089.0,0.0,79.416664,0.0,0.0,0.554557,0.554557,0.0,0.0,0.0,19.835651,0.0,SMTP
0.0,0.000493,0.0,294.454559,0.572105,0.061023,-0.0,41181.253906,12221.533203,4192.0,0.0,953.0,12.0,0.0,0.061516,64256.0,1721542272.0,64.0,0.0,0.0,0.0,0.0,0.0,62.0,0.0,17.479309,0.0,11.0,0.0,0.0,38.454479,31872.0,23.0,0.0,0.0,0.0,0.0,0.572105,0.0,0.0,53402.785156,0.572105,3239.0,0.0,79.416664,0.0,0.0,0.572105,0.572105,0.0,0.0,0.0,19.22724,0.0,SMTP
0.0,0.001106,0.0,308.636353,0.741261,0.060414,-0.0,33316.199219,9432.575195,4348.0,0.0,953.0,12.0,0.0,0.06152,64256.0,1721542272.0,64.0,0.0,0.0,0.0,0.0,0.0,62.0,0.0,13.490525,0.0,11.0,0.0,0.0,29.679155,31872.0,23.0,0.0,0.0,0.0,0.0,0.741261,0.0,0.0,42748.773438,0.741261,3395.0,0.0,79.416664,0.0,0.0,0.741261,0.741261,0.0,0.0,0.0,14.839578,0.0,SMTP
0.0,0.000992,0.0,323.363647,0.556633,0.060418,-0.0,46479.457031,12561.239258,4510.0,0.0,953.0,12.0,0.0,0.06141,64256.0,1721542272.0,64.0,0.0,0.0,0.0,0.0,0.0,62.0,0.0,17.965158,0.0,11.0,0.0,0.0,39.52335,31872.0,23.0,0.0,0.0,0.0,0.0,0.556633,0.0,0.0,59040.695312,0.556633,3557.0,0.0,79.416664,0.0,0.0,0.556633,0.556633,0.0,0.0,0.0,19.761675,0.0,SMTP
0.0,0.000996,0.0,338.636353,0.589411,0.06197,-0.0,45971.316406,11862.689453,4678.0,0.0,953.0,12.0,0.0,0.062966,64256.0,1721542272.0,64.0,0.0,0.0,0.0,0.0,0.0,62.0,0.0,16.966089,0.0,11.0,0.0,0.0,37.325397,31872.0,23.0,0.0,0.0,0.0,0.0,0.589411,0.0,0.0,57834.003906,0.589411,3725.0,0.0,79.416664,0.0,0.0,0.589411,0.589411,0.0,0.0,0.0,18.662699,0.0,SMTP
0.0,0.001996,0.0,80.14286,0.924676,0.182058,-0.0,4161.45752,4498.873047,1167.0,0.0,606.0,7.0,0.0,0.184054,64256.0,1721542272.0,64.0,0.0,0.0,0.0,0.0,0.0,62.0,0.0,6.48876,0.0,7.0,0.0,0.0,14.058978,31872.0,14.0,0.0,0.0,0.0,0.0,0.924676,0.0,0.0,8660.331055,0.924676,561.0,0.0,86.571426,0.0,0.0,0.924676,0.924676,0.0,0.0,1.0,6.48876,0.0,SMTP
1.0,0.001996,2.0,607.0,0.814769,0.182058,-0.0,29799.855469,4860.272949,4207.0,1.0,565.0,8.0,0.0,0.184054,64256.0,1721542272.0,64.0,0.0,0.0,0.0,1.0,0.0,62.0,0.0,6.136708,1.0,6.0,1.0,0.0,15.955442,31872.0,14.0,0.0,0.0,12.5,0.0,0.814769,0.0,0.0,34660.128906,0.814769,3642.0,0.0,70.625,0.0,1.0,0.814769,0.814769,0.0,0.0,0.0,8.591392,0.0,SMTP
0.0,0.001001,0.0,78.0,0.528572,0.16841,-0.0,4722.156738,5206.480469,819.0,0.0,429.0,5.0,0.0,0.169411,64256.0,1721542272.0,64.0,0.0,0.0,0.0,0.0,0.0,62.0,0.0,7.567559,0.0,5.0,0.0,0.0,17.027008,31872.0,10.0,0.0,0.0,0.0,0.0,0.528572,0.0,0.0,9928.637695,0.528572,390.0,0.0,85.800003,0.0,0.0,0.528572,0.528572,0.0,0.0,1.0,7.567559,0.0,SMTP
0.0,0.001001,1.0,590.714294,0.929512,0.16841,-0.0,30510.632812,5258.67334,4822.0,1.0,687.0,9.0,0.0,0.169411,64256.0,1721542272.0,64.0,0.0,0.0,0.0,0.0,0.0,62.0,0.0,6.455,1.0,7.0,1.0,0.0,16.137499,31872.0,16.0,1.0,0.0,5.882353,0.0,0.929512,0.0,0.0,35769.304688,0.929512,4135.0,0.0,76.333336,0.0,0.0,0.929512,0.929512,1.0,0.0,0.0,8.606667,0.0,SMTP
0.0,0.001001,1.0,1514.0,0.400715,0.16841,-0.0,0.0,3014.611328,1740.0,1.0,226.0,3.0,0.0,0.169411,64256.0,1721542272.0,64.0,0.0,0.0,0.0,0.0,0.0,62.0,0.0,0.0,1.0,1.0,1.0,1.0,7.486618,31872.0,4.0,0.0,0.0,20.0,0.0,0.400715,0.0,0.0,3014.611328,0.400715,1514.0,0.0,75.333336,0.0,0.0,0.400715,0.400715,1.0,0.0,0.0,4.991078,0.0,SMTP
0.0,0.001001,1.0,550.666687,0.776673,0.16841,-0.0,11350.980469,3656.622559,2077.0,1.0,425.0,6.0,0.0,0.169411,64256.0,1721542272.0,64.0,0.0,0.0,0.0,1.0,0.0,62.0,0.0,2.575086,1.0,3.0,1.0,0.0,10.300344,31872.0,9.0,0.0,0.0,10.0,0.0,0.776673,0.0,0.0,15007.602539,0.776673,1652.0,0.0,70.833336,0.0,0.0,0.776673,0.776673,1.0,0.0,0.0,6.437716,0.0,SMTP
0.0,0.000994,0.0,81.5,0.669612,0.1539,-0.0,4874.464844,5017.831055,992.0,0.0,503.0,6.0,0.0,0.154894,64256.0,1721542272.0,64.0,0.0,0.0,0.0,0.0,0.0,62.0,0.0,7.467011,0.0,6.0,0.0,0.0,16.427423,31872.0,12.0,0.0,0.0,0.0,0.0,0.669612,0.0,0.0,9892.295898,0.669612,489.0,0.0,83.833336,0.0,0.0,0.669612,0.669612,0.0,0.0,1.0,7.467011,0.0,SMTP
0.0,0.000994,1.0,99.0,0.451195,0.1539,-0.0,1755.338623,4042.5979,502.0,1.0,304.0,4.0,0.0,0.154894,64256.0,1721542272.0,64.0,0.0,0.0,0.0,0.0,0.0,62.0,0.0,2.216337,1.0,2.0,1.0,0.0,11.081683,31872.0,6.0,1.0,0.0,14.285714,0.0,0.451195,0.0,0.0,5797.936523,0.451195,198.0,0.0,76.0,0.0,0.0,0.451195,0.451195,1.0,0.0,0.0,6.64901,0.0,SMTP
0.0,0.000994,0.0,99.0,0.000992,0.1539,-0.0,0.0,612903.25,251.0,1.0,152.0,2.0,0.0,0.154894,64256.0,1721542272.0,64.0,0.0,0.0,0.0,0.0,0.0,62.0,0.0,0.0,1.0,1.0,0.0,0.0,2016.129028,31872.0,3.0,1.0,0.0,0.0,0.0,0.000992,0.0,0.0,612903.25,0.000992,99.0,0.0,76.0,0.0,0.0,0.000992,0.000992,0.0,0.0,0.0,1008.064514,0.0,SMTP
0.0,0.000994,0.0,799.75,0.232695,0.1539,-0.0,82511.445312,10657.727539,3586.0,1.0,387.0,5.0,0.0,0.154894,64256.0,1721542272.0,64.0,0.0,0.0,0.0,0.0,0.0,62.0,0.0,12.892413,1.0,4.0,0.0,0.0,34.379768,31872.0,9.0,1.0,0.0,0.0,0.0,0.232695,0.0,0.0,93169.171875,0.232695,3199.0,0.0,77.400002,0.0,0.0,0.232695,0.232695,0.0,0.0,0.0,17.189884,0.0,SMTP
0.0,0.000994,2.0,604.0,0.820322,0.1539,-0.0,0.0,1443.335693,826.0,1.0,222.0,3.0,0.0,0.154894,64256.0,1721542272.0,64.0,0.0,0.0,0.0,0.0,0.0,62.0,0.0,0.0,1.0,1.0,2.0,0.0,3.657101,31872.0,4.0,1.0,0.0,33.333333,0.0,0.820322,0.0,0.0,1443.335693,0.820322,604.0,0.0,74.0,0.0,0.0,0.820322,0.820322,1.0,0.0,0.0,2.438067,0.0,SMTP
0.0,0.000994,0.0,1514.0,0.000498,0.1539,-0.0,0.0,1220883.5,1666.0,1.0,152.0,2.0,0.0,0.154894,64256.0,1721542272.0,64.0,0.0,0.0,0.0,0.0,0.0,62.0,0.0,0.0,1.0,1.0,0.0,1.0,4016.064209,31872.0,3.0,0.0,0.0,0.0,0.0,0.000498,0.0,0.0,1220883.5,0.000498,1514.0,0.0,76.0,0.0,0.0,0.000498,0.000498,0.0,0.0,0.0,2008.032104,0.0,SMTP
0.0,0.000994,0.0,69.0,0.062722,0.1539,-0.0,8800.740234,35458.054688,485.0,1.0,347.0,5.0,0.0,0.154894,64256.0,1721542272.0,64.0,0.0,0.0,0.0,1.0,0.0,62.0,0.0,15.94337,1.0,2.0,0.0,0.0,95.660217,31872.0,7.0,0.0,0.0,0.0,0.0,0.062722,0.0,0.0,44258.792969,0.062722,138.0,0.0,69.400002,0.0,0.0,0.062722,0.062722,0.0,0.0,0.0,63.773479,0.0,SMTP
0.0,0.0,0.0,376.916656,0.616402,0.061245,-0.0,53822.019531,13082.37207,5608.0,0.0,1085.0,14.0,0.0,0.061245,64256.0,1721542272.0,64.0,0.0,0.0,0.0,0.0,0.0,62.0,0.0,17.845497,0.0,12.0,0.0,0.0,40.557949,31872.0,26.0,0.0,0.0,0.0,0.0,0.616402,0.0,0.0,66904.390625,0.616402,4523.0,0.0,77.5,0.0,0.0,0.616402,0.616402,0.0,0.0,0.0,21.090134,0.0,SMTP
0.0,0.0,0.0,393.416656,0.648573,0.060798,-0.0,53384.894531,12433.450195,5806.0,0.0,1085.0,14.0,0.0,0.060798,64256.0,1721542272.0,64.0,0.0,0.0,0.0,0.0,0.0,62.0,0.0,16.960312,0.0,12.0,0.0,0.0,38.546162,31872.0,26.0,0.0,0.0,0.0,0.0,0.648573,0.0,0.0,65818.34375,0.648573,4721.0,0.0,77.5,0.0,0.0,0.648573,0.648573,0.0,0.0,0.0,20.044004,0.0,SMTP
0.0,0.000491,0.0,410.416656,0.677112,0.059778,-0.0,53344.203125,11909.40332,6010.0,0.0,1085.0,14.0,0.0,0.060269,64256.0,1721542272.0,64.0,0.0,0.0,0.0,0.0,0.0,62.0,0.0,16.245466,0.0,12.0,0.0,0.0,36.921516,31872.0,26.0,0.0,0.0,0.0,0.0,0.677112,0.0,0.0,65253.609375,0.677112,4925.0,0.0,77.5,0.0,0.0,0.677112,0.677112,0.0,0.0,0.0,19.199188,0.0,SMTP
0.0,0.001097,0.0,400.076935,0.678611,0.05979,-0.0,56597.964844,11883.09668,6286.0,0.0,1085.0,14.0,0.0,0.060887,64256.0,1721542272.0,64.0,0.0,0.0,0.0,0.0,0.0,62.0,0.0,17.68318,0.0,13.0,0.0,0.0,38.313557,31872.0,27.0,0.0,0.0,0.0,0.0,0.678611,0.0,0.0,68481.0625,0.678611,5201.0,0.0,77.5,0.0,0.0,0.678611,0.678611,0.0,0.0,0.0,19.156778,0.0,SMTP
0.0,0.000502,0.0,416.692322,0.755247,0.061016,-0.0,52973.398438,9967.599609,6436.0,0.0,1019.0,13.0,0.0,0.061518,64256.0,1721542272.0,64.0,0.0,0.0,0.0,0.0,0.0,62.0,0.0,15.888842,0.0,13.0,0.0,0.0,33.101753,31872.0,26.0,0.0,0.0,0.0,0.0,0.755247,0.0,0.0,62941.0,0.755247,5417.0,0.0,78.384613,0.0,0.0,0.755247,0.755247,0.0,0.0,0.0,15.888842,0.0,SMTP
0.0,0.000993,0.0,433.769226,0.58399,0.058744,-0.0,71316.289062,12890.631836,6658.0,0.0,1019.0,13.0,0.0,0.059737,64256.0,1721542272.0,64.0,0.0,0.0,0.0,0.0,0.0,62.0,0.0,20.548298,0.0,13.0,0.0,0.0,42.808952,31872.0,26.0,0.0,0.0,0.0,0.0,0.58399,0.0,0.0,84206.921875,0.58399,5639.0,0.0,78.384613,0.0,0.0,0.58399,0.58399,0.0,0.0,0.0,20.548298,0.0,SMTP
0.0,0.000496,0.0,451.307678,0.647742,0.060718,-0.0,66890.835938,11621.912109,6886.0,0.0,1019.0,13.0,0.0,0.061214,64256.0,1721542272.0,64.0,0.0,0.0,0.0,0.0,0.0,62.0,0.0,18.525896,0.0,13.0,0.0,0.0,38.595615,31872.0,26.0,0.0,0.0,0.0,0.0,0.647742,0.0,0.0,78512.75,0.647742,5867.0,0.0,78.384613,0.0,0.0,0.647742,0.647742,0.0,0.0,0.0,18.525896,0.0,SMTP
0.0,0.000501,0.0,469.307678,0.571315,0.059276,-0.0,78863.671875,13176.619141,7120.0,0.0,1019.0,13.0,0.0,0.059777,64256.0,1721542272.0,64.0,0.0,0.0,0.0,0.0,0.0,62.0,0.0,21.004175,0.0,13.0,0.0,0.0,43.758698,31872.0,26.0,0.0,0.0,0.0,0.0,0.571315,0.0,0.0,92040.289062,0.571315,6101.0,0.0,78.384613,0.0,0.0,0.571315,0.571315,0.0,0.0,0.0,21.004175,0.0,SMTP
0.0,0.000992,0.0,487.769226,0.665541,0.06087,-0.0,70366.8125,11311.098633,7360.0,0.0,1019.0,13.0,0.0,0.061862,64256.0,1721542272.0,64.0,0.0,0.0,0.0,0.0,0.0,62.0,0.0,18.030445,0.0,13.0,0.0,0.0,37.563427,31872.0,26.0,0.0,0.0,0.0,0.0,0.665541,0.0,0.0,81677.914062,0.665541,6341.0,0.0,78.384613,0.0,0.0,0.665541,0.665541,0.0,0.0,0.0,18.030445,0.0,SMTP
0.0,0.000502,0.0,506.692322,0.572941,0.060423,-0.0,84909.265625,13139.223633,7606.0,0.0,1019.0,13.0,0.0,0.060925,64256.0,1721542272.0,64.0,0.0,0.0,0.0,0.0,0.0,62.0,0.0,20.944565,0.0,13.0,0.0,0.0,43.63451,31872.0,26.0,0.0,0.0,0.0,0.0,0.572941,0.0,0.0,98048.492188,0.572941,6587.0,0.0,78.384613,0.0,0.0,0.572941,0.572941,0.0,0.0,0.0,20.944565,0.0,SMTP
0.0,0.000996,0.0,493.214294,0.570744,0.059347,-0.0,89875.671875,15068.051758,8056.0,0.0,1151.0,15.0,0.0,0.060343,64256.0,1721542272.0,64.0,0.0,0.0,0.0,0.0,0.0,62.0,0.0,22.777288,0.0,14.0,0.0,0.0,49.058773,31872.0,29.0,0.0,0.0,0.0,0.0,0.570744,0.0,0.0,104943.726562,0.570744,6905.0,0.0,76.73333,0.0,0.0,0.570744,0.570744,0.0,0.0,0.0,24.529387,0.0,SMTP
0.0,0.001693,0.0,511.642853,0.648279,0.060264,-0.0,82088.109375,13265.892578,8314.0,0.0,1151.0,15.0,0.0,0.061957,64256.0,1721542272.0,64.0,0.0,0.0,0.0,0.0,0.0,62.0,0.0,20.053095,0.0,14.0,0.0,0.0,43.19128,31872.0,29.0,0.0,0.0,0.0,0.0,0.648279,0.0,0.0,95354.007812,0.648279,7163.0,0.0,76.73333,0.0,0.0,0.648279,0.648279,0.0,0.0,0.0,21.59564,0.0,SMTP
0.0,0.000595,0.0,530.5,0.663878,0.045389,-0.0,83111.65625,12954.186523,8578.0,0.0,1151.0,15.0,0.0,0.045984,64256.0,1721542272.0,64.0,0.0,0.0,0.0,0.0,0.0,62.0,0.0,19.581911,0.0,14.0,0.0,0.0,42.176422,31872.0,29.0,0.0,0.0,0.0,0.0,0.663878,0.0,0.0,96065.84375,0.663878,7427.0,0.0,76.73333,0.0,0.0,0.663878,0.663878,0.0,0.0,0.0,21.088211,0.0,SMTP
0.0,0.000494,0.0,517.533325,0.773738,0.060963,-0.0,74919.414062,11114.873047,8914.0,0.0,1151.0,15.0,0.0,0.061457,64256.0,1721542272.0,64.0,0.0,0.0,0.0,0.0,0.0,62.0,0.0,18.093979,0.0,15.0,0.0,0.0,37.480385,31872.0,30.0,0.0,0.0,0.0,0.0,0.773738,0.0,0.0,86034.289062,0.773738,7763.0,0.0,76.73333,0.0,0.0,0.773738,0.773738,0.0,0.0,0.0,18.093979,0.0,SMTP
0.0,0.000492,0.0,569.5,0.555705,0.060878,-0.0,106588.921875,15475.836914,9124.0,0.0,1151.0,15.0,0.0,0.06137,64256.0,1721542272.0,64.0,0.0,0.0,0.0,0.0,0.0,62.0,0.0,23.393707,0.0,14.0,0.0,0.0,50.386444,31872.0,29.0,0.0,0.0,0.0,0.0,0.555705,0.0,0.0,122064.765625,0.555705,7973.0,0.0,76.73333,0.0,0.0,0.555705,0.555705,0.0,0.0,0.0,25.193222,0.0,SMTP
0.0,0.000982,0.0,589.642883,0.570548,0.060347,-0.0,107489.640625,15073.227539,9406.0,0.0,1151.0,15.0,0.0,0.061329,64256.0,1721542272.0,64.0,0.0,0.0,0.0,0.0,0.0,62.0,0.0,22.785112,0.0,14.0,0.0,0.0,49.075626,31872.0,29.0,0.0,0.0,0.0,0.0,0.570548,0.0,0.0,122562.867188,0.570548,8255.0,0.0,76.73333,0.0,0.0,0.570548,0.570548,0.0,0.0,0.0,24.537813,0.0,SMTP
0.0,0.000981,0.0,573.93335,0.679493,0.061,-0.0,94611.71875,11867.671875,9694.0,0.0,1085.0,14.0,0.0,0.061981,64256.0,1721542272.0,64.0,0.0,0.0,0.0,0.0,0.0,62.0,0.0,20.603598,0.0,15.0,0.0,0.0,41.207195,31872.0,29.0,0.0,0.0,0.0,0.0,0.679493,0.0,0.0,106479.390625,0.679493,8609.0,0.0,77.5,0.0,0.0,0.679493,0.679493,0.0,0.0,0.0,19.131912,0.0,SMTP
0.0,0.000996,0.0,593.533325,0.650649,0.078145,-0.0,102174.90625,12393.779297,9988.0,0.0,1085.0,14.0,0.0,0.079141,64256.0,1721542272.0,64.0,0.0,0.0,0.0,0.0,0.0,62.0,0.0,21.516977,0.0,15.0,0.0,0.0,43.033955,31872.0,29.0,0.0,0.0,0.0,0.0,0.650649,0.0,0.0,114568.679688,0.650649,8903.0,0.0,77.5,0.0,0.0,0.650649,0.650649,0.0,0.0,0.0,19.980051,0.0,SMTP
0.0,0.001086,0.0,613.533325,0.665719,0.062273,-0.0,103226.742188,12113.219727,10288.0,0.0,1085.0,14.0,0.0,0.063359,64256.0,1721542272.0,64.0,0.0,0.0,0.0,0.0,0.0,62.0,0.0,21.029896,0.0,15.0,0.0,0.0,42.059792,31872.0,29.0,0.0,0.0,0.0,0.0,0.665719,0.0,0.0,115339.960938,0.665719,9203.0,0.0,77.5,0.0,0.0,0.665719,0.665719,0.0,0.0,0.0,19.52776,0.0,SMTP
0.0,0.000552,0.0,633.93335,0.55916,0.061026,-0.0,126990.484375,14421.632812,10594.0,0.0,1085.0,14.0,0.0,0.061578,64256.0,1721542272.0,64.0,0.0,0.0,0.0,0.0,0.0,62.0,0.0,25.037556,0.0,15.0,0.0,0.0,50.075111,31872.0,29.0,0.0,0.0,0.0,0.0,0.55916,0.0,0.0,141412.125,0.55916,9509.0,0.0,77.5,0.0,0.0,0.55916,0.55916,0.0,0.0,0.0,23.249159,0.0,SMTP
0.0,0.006182,0.0,80.14286,0.925681,0.177815,-0.0,4156.939453,4493.98877,1167.0,0.0,606.0,7.0,0.0,0.183997,64256.0,1721542272.0,64.0,0.0,0.0,0.0,0.0,0.0,62.0,0.0,6.481715,0.0,7.0,0.0,0.0,14.043715,31872.0,14.0,0.0,0.0,0.0,0.0,0.925681,0.0,0.0,8650.928711,0.925681,561.0,0.0,86.571426,0.0,0.0,0.925681,0.925681,0.0,0.0,1.0,6.481715,0.0,SMTP
0.0,0.006182,0.0,1036.222168,0.400374,0.177815,-0.0,165645.125,8212.321289,9805.0,0.0,479.0,7.0,0.0,0.183997,64256.0,1721542272.0,64.0,0.0,0.0,0.0,1.0,0.0,62.0,0.0,19.981318,1.0,9.0,0.0,0.0,37.46497,31872.0,16.0,0.0,0.0,0.0,0.0,0.400374,0.0,0.0,173857.453125,0.400374,9326.0,0.0,68.428574,0.0,0.0,0.400374,0.400374,0.0,0.0,0.0,14.985989,0.0,SMTP
0.0,0.001976,0.0,80.14286,0.883329,0.166919,-0.0,4356.248047,4709.457031,1167.0,0.0,606.0,7.0,0.0,0.168895,64256.0,1721542272.0,64.0,0.0,0.0,0.0,0.0,0.0,62.0,0.0,6.792486,0.0,7.0,0.0,0.0,14.717053,31872.0,14.0,0.0,0.0,0.0,0.0,0.883329,0.0,0.0,9065.705078,0.883329,561.0,0.0,86.571426,0.0,0.0,0.883329,0.883329,0.0,0.0,1.0,6.792486,0.0,SMTP
0.0,0.001976,0.0,1071.555542,0.386177,0.166919,-0.0,177597.3125,8514.230469,10123.0,0.0,479.0,7.0,0.0,0.168895,64256.0,1721542272.0,64.0,0.0,0.0,0.0,1.0,0.0,62.0,0.0,20.715889,1.0,9.0,0.0,0.0,38.842293,31872.0,16.0,0.0,0.0,0.0,0.0,0.386177,0.0,0.0,186111.546875,0.386177,9644.0,0.0,68.428574,0.0,0.0,0.386177,0.386177,0.0,0.0,0.0,15.536917,0.0,SMTP
0.0,0.001005,0.0,74.0,0.001005,0.0,-0.0,0.0,0.0,148.0,0.0,74.0,1.0,0.0,0.001005,8222720.0,1721542272.0,64.0,0.0,0.0,0.0,0.0,1.0,62.0,0.0,0.0,0.0,1.0,0.0,0.0,995.024902,4077568.0,2.0,0.0,0.0,0.0,0.0,0.001005,0.0,0.0,0.0,0.001005,74.0,0.0,74.0,0.0,0.0,0.001005,0.001005,0.0,0.0,0.0,0.0,0.0,SMTP
1.0,0.001005,2.0,697.533325,0.833473,0.075174,-0.0,93737.882812,10318.270508,11614.0,0.0,1151.0,15.0,0.0,0.076179,64256.0,1721542272.0,64.0,0.0,0.0,0.0,0.0,0.0,62.0,0.0,16.797184,1.0,15.0,1.0,0.0,34.794167,31872.0,30.0,0.0,0.0,6.25,0.0,0.833473,0.0,0.0,104056.15625,0.833473,10463.0,0.0,76.73333,0.0,1.0,0.833473,0.833473,0.0,0.0,0.0,16.797184,0.0,SMTP
0.0,0.001005,0.0,66.0,0.000993,0.075174,-0.0,0.0,0.0,132.0,0.0,66.0,1.0,0.0,0.076179,64256.0,1721542272.0,64.0,0.0,0.0,0.0,0.0,0.0,62.0,0.0,0.0,1.0,1.0,0.0,0.0,1007.049377,31872.0,2.0,0.0,0.0,0.0,0.0,0.000993,0.0,0.0,0.0,0.000993,66.0,0.0,66.0,0.0,0.0,0.000993,0.000993,0.0,0.0,0.0,0.0,0.0,SMTP
0.0,0.019629,0.0,80.14286,0.869114,0.156468,-0.0,4427.497559,4786.483887,1167.0,0.0,606.0,7.0,0.0,0.176097,64256.0,1721542272.0,64.0,0.0,0.0,0.0,0.0,0.0,62.0,0.0,6.903583,0.0,7.0,0.0,0.0,14.957762,31872.0,14.0,0.0,0.0,0.0,0.0,0.869114,0.0,0.0,9213.981445,0.869114,561.0,0.0,86.571426,0.0,0.0,0.869114,0.869114,0.0,0.0,1.0,6.903583,0.0,SMTP
0.0,0.019629,0.0,1144.222168,0.585595,0.156468,-0.0,125055.710938,7431.757324,10909.0,0.0,611.0,9.0,0.0,0.176097,64256.0,1721542272.0,64.0,0.0,0.0,0.0,1.0,0.0,62.0,0.0,13.661319,1.0,9.0,0.0,0.0,29.030302,31872.0,18.0,0.0,0.0,0.0,0.0,0.585595,0.0,0.0,132487.46875,0.585595,10298.0,0.0,67.888885,0.0,0.0,0.585595,0.585595,0.0,0.0,0.0,13.661319,0.0,SMTP
0.0,0.000997,0.0,662.411743,0.763482,0.045307,-0.0,111059.59375,12657.796875,12544.0,0.0,1283.0,17.0,0.0,0.046304,64256.0,1721542272.0,64.0,0.0,0.0,0.0,0.0,0.0,62.0,0.0,20.956617,0.0,17.0,0.0,0.0,43.223026,31872.0,34.0,0.0,0.0,0.0,0.0,0.763482,0.0,0.0,123717.390625,0.763482,11261.0,0.0,75.470589,0.0,0.0,0.763482,0.763482,0.0,0.0,0.0,20.956617,0.0,SMTP
0.0,0.001002,0.0,80.14286,0.851362,0.170623,-0.0,4519.816406,4886.288086,1167.0,0.0,606.0,7.0,0.0,0.171625,64256.0,1721542272.0,64.0,0.0,0.0,0.0,0.0,0.0,62.0,0.0,7.047531,0.0,7.0,0.0,0.0,15.26965,31872.0,14.0,0.0,0.0,0.0,0.0,0.851362,0.0,0.0,9406.104492,0.851362,561.0,0.0,86.571426,0.0,0.0,0.851362,0.851362,0.0,0.0,1.0,7.047531,0.0,SMTP
0.0,0.001002,2.0,1363.0,0.85979,0.170623,-0.0,88775.164062,3880.01709,11390.0,0.0,486.0,7.0,0.0,0.171625,64256.0,1721542272.0,64.0,0.0,0.0,0.0,0.0,0.0,62.0,0.0,8.141522,1.0,8.0,2.0,0.0,16.283045,31872.0,15.0,1.0,0.0,11.764706,0.0,0.85979,0.0,0.0,92655.179688,0.85979,10904.0,0.0,69.428574,0.0,0.0,0.85979,0.85979,1.0,0.0,0.0,6.978448,0.0,SMTP
0.0,0.001002,0.0,69.0,0.185637,0.170623,-0.0,2973.545166,9093.014648,419.0,0.0,281.0,4.0,0.0,0.171625,64256.0,1721542272.0,64.0,0.0,0.0,0.0,1.0,0.0,62.0,0.0,5.386857,1.0,2.0,0.0,0.0,26.934286,31872.0,6.0,0.0,0.0,0.0,0.0,0.185637,0.0,0.0,12066.560547,0.185637,138.0,0.0,70.25,0.0,0.0,0.185637,0.185637,0.0,0.0,0.0,16.160572,0.0,SMTP
0.0,0.001414,0.0,74.0,0.001414,0.0,-0.0,0.0,0.0,148.0,0.0,74.0,1.0,0.0,0.001414,8222720.0,1721542272.0,64.0,0.0,0.0,0.0,0.0,1.0,62.0,0.0,0.0,0.0,1.0,0.0,0.0,707.213562,4077568.0,2.0,0.0,0.0,0.0,0.0,0.001414,0.0,0.0,0.0,0.001414,74.0,0.0,74.0,0.0,0.0,0.001414,0.001414,0.0,0.0,0.0,0.0,0.0,SMTP
1.0,0.001414,2.0,80.14286,0.837828,0.170111,-0.0,4592.828125,4965.219727,1167.0,0.0,606.0,7.0,0.0,0.171525,64256.0,1721542272.0,64.0,0.0,0.0,0.0,0.0,0.0,62.0,0.0,7.161375,1.0,7.0,1.0,0.0,15.516312,31872.0,14.0,0.0,0.0,12.5,0.0,0.837828,0.0,0.0,9558.047852,0.837828,561.0,0.0,86.571426,0.0,1.0,0.837828,0.837828,0.0,0.0,1.0,7.161375,0.0,SMTP
0.0,0.001414,3.0,1140.199951,0.813964,0.170111,-0.0,100859.5,5494.100586,12030.0,1.0,628.0,9.0,0.0,0.171525,64256.0,1721542272.0,64.0,0.0,0.0,0.0,0.0,0.0,62.0,0.0,11.057,1.0,10.0,3.0,0.0,22.114,31872.0,19.0,0.0,0.0,13.636364,0.0,0.813964,0.0,0.0,106353.59375,0.813964,11402.0,0.0,69.777779,0.0,0.0,0.813964,0.813964,1.0,0.0,0.0,9.828444,0.0,SMTP
0.0,0.001414,0.0,0.0,0.863039,0.170111,-0.0,0.0,695.217712,150.0,1.0,150.0,2.0,0.0,0.171525,624459.9664732431,1721542272.0,64.0,0.0,0.0,0.0,0.0,0.0,62.0,0.0,0.0,1.0,0.0,1.0,0.0,1.158696,310126.47940317873,2.0,0.0,0.0,0.0,0.0,0.863039,0.0,1.0,695.217712,0.863039,0.0,0.0,75.0,0.0,0.0,0.863039,0.863039,1.0,0.0,0.0,1.158696,0.0,SMTP
0.0,0.001414,0.0,0.0,0.0,0.170111,-0.0,0.0,0.0,75.0,1.0,75.0,1.0,0.0,0.171525,624459.9664732431,1721542272.0,64.0,0.0,0.0,0.0,0.0,0.0,62.0,0.0,0.0,1.0,0.0,0.0,0.0,0.0,310126.47940317873,1.0,0.0,0.0,0.0,0.0,0.0,0.0,1.0,0.0,0.0,0.0,0.0,75.0,0.0,0.0,0.0,0.0,0.0,0.0,0.0,0.0,0.0,SMTP
0.0,0.001414,0.0,66.0,0.000486,0.170111,-0.0,1086419.75,1168724.25,273.0,1.0,141.0,2.0,0.0,0.171525,64256.0,1721542272.0,64.0,0.0,0.0,0.0,0.0,0.0,62.0,0.0,2057.613037,1.0,2.0,0.0,0.0,6172.839355,31872.0,4.0,0.0,0.0,0.0,0.0,0.000486,0.0,0.0,2255144.0,0.000486,132.0,0.0,70.5,0.0,0.0,0.000486,0.000486,0.0,0.0,0.0,2057.613037,0.0,SMTP
0.0,0.000502,0.0,81.5,0.682136,0.16946,-0.0,4784.969727,4925.704102,992.0,0.0,503.0,6.0,0.0,0.169962,64256.0,1721542272.0,64.0,0.0,0.0,0.0,0.0,0.0,62.0,0.0,7.329916,0.0,6.0,0.0,0.0,16.125816,31872.0,12.0,0.0,0.0,0.0,0.0,0.682136,0.0,0.0,9710.673828,0.682136,489.0,0.0,83.833336,0.0,0.0,0.682136,0.682136,0.0,0.0,1.0,7.329916,0.0,SMTP
0.0,0.000502,1.0,99.0,0.509653,0.16946,-0.0,1553.998535,3578.905762,502.0,1.0,304.0,4.0,0.0,0.169962,64256.0,1721542272.0,64.0,0.0,0.0,0.0,0.0,0.0,62.0,0.0,1.962119,1.0,2.0,1.0,0.0,9.810597,31872.0,6.0,1.0,0.0,14.285714,0.0,0.509653,0.0,0.0,5132.904297,0.509653,198.0,0.0,76.0,0.0,0.0,0.509653,0.509653,1.0,0.0,0.0,5.886358,0.0,SMTP
0.0,0.000502,0.0,99.0,0.00093,0.16946,-0.0,0.0,653763.4375,251.0,1.0,152.0,2.0,0.0,0.169962,64256.0,1721542272.0,64.0,0.0,0.0,0.0,0.0,0.0,62.0,0.0,0.0,1.0,1.0,0.0,0.0,2150.537598,31872.0,3.0,1.0,0.0,0.0,0.0,0.00093,0.0,0.0,653763.4375,0.00093,99.0,0.0,76.0,0.0,0.0,0.00093,0.00093,0.0,0.0,0.0,1075.268799,0.0,SMTP
0.0,0.000502,0.0,99.0,0.000443,0.16946,-0.0,0.0,1372460.5,251.0,1.0,152.0,2.0,0.0,0.169962,64256.0,1721542272.0,64.0,0.0,0.0,0.0,0.0,0.0,62.0,0.0,0.0,1.0,1.0,0.0,0.0,4514.672852,31872.0,3.0,1.0,0.0,0.0,0.0,0.000443,0.0,0.0,1372460.5,0.000443,99.0,0.0,76.0,0.0,0.0,0.000443,0.000443,0.0,0.0,0.0,2257.336426,0.0,SMTP
0.0,0.000502,0.0,990.166687,0.35656,0.16946,-0.0,244379.640625,16087.054688,12670.0,1.0,788.0,11.0,0.0,0.169962,64256.0,1721542272.0,64.0,0.0,0.0,0.0,1.0,0.0,62.0,0.0,30.850349,1.0,12.0,0.0,0.0,61.700699,31872.0,23.0,0.0,0.0,0.0,0.0,0.35656,0.0,0.0,260466.6875,0.35656,11882.0,0.0,71.63636,0.0,0.0,0.35656,0.35656,0.0,0.0,0.0,28.045771,0.0,SMTP
0.0,0.000983,0.0,745.0,0.585108,0.060257,-0.0,162978.46875,14698.141602,13816.0,0.0,1151.0,15.0,0.0,0.06124,64256.0,1721542272.0,64.0,0.0,0.0,0.0,0.0,0.0,62.0,0.0,27.345379,0.0,17.0,0.0,0.0,52.981674,31872.0,32.0,0.0,0.0,0.0,0.0,0.585108,0.0,0.0,177676.609375,0.585108,12665.0,0.0,76.73333,0.0,0.0,0.585108,0.585108,0.0,0.0,0.0,23.927208,0.0,SMTP
0.0,0.000989,0.0,727.611084,0.59076,0.060429,-0.0,167513.03125,16358.588867,14380.0,0.0,1283.0,17.0,0.0,0.061418,64256.0,1721542272.0,64.0,0.0,0.0,0.0,0.0,0.0,62.0,0.0,28.776491,0.0,18.0,0.0,0.0,57.552982,31872.0,35.0,0.0,0.0,0.0,0.0,0.59076,0.0,0.0,183871.625,0.59076,13097.0,0.0,75.470589,0.0,0.0,0.59076,0.59076,0.0,0.0,0.0,27.083757,0.0,SMTP
0.0,0.001344,0.0,748.277771,0.64763,0.060125,-0.0,157139.109375,14922.101562,14752.0,0.0,1283.0,17.0,0.0,0.061469,64256.0,1721542272.0,64.0,0.0,0.0,0.0,0.0,0.0,62.0,0.0,26.249557,0.0,18.0,0.0,0.0,52.499115,31872.0,35.0,0.0,0.0,0.0,0.0,0.64763,0.0,0.0,172061.21875,0.64763,13469.0,0.0,75.470589,0.0,0.0,0.64763,0.64763,0.0,0.0,0.0,24.705465,0.0,SMTP
0.0,0.001414,0.0,769.277771,0.678474,0.060387,-0.0,154204.875,14243.729492,15130.0,0.0,1283.0,17.0,0.0,0.061801,64256.0,1721542272.0,64.0,0.0,0.0,0.0,0.0,0.0,62.0,0.0,25.056229,0.0,18.0,0.0,0.0,50.112457,31872.0,35.0,0.0,0.0,0.0,0.0,0.678474,0.0,0.0,168448.609375,0.678474,13847.0,0.0,75.470589,0.0,0.0,0.678474,0.678474,0.0,0.0,0.0,23.582333,0.0,SMTP
0.0,0.000715,0.0,752.473694,0.75591,0.060264,-0.0,143350.40625,12784.59082,15580.0,0.0,1283.0,17.0,0.0,0.060979,64256.0,1721542272.0,64.0,0.0,0.0,0.0,0.0,0.0,62.0,0.0,23.812359,0.0,19.0,0.0,0.0,46.301811,31872.0,36.0,0.0,0.0,0.0,0.0,0.75591,0.0,0.0,156135.0,0.75591,14297.0,0.0,75.470589,0.0,0.0,0.75591,0.75591,0.0,0.0,0.0,21.166542,0.0,SMTP
0.0,0.000939,0.0,773.0,0.664456,0.060716,-0.0,167523.5,13737.553711,15904.0,0.0,1217.0,16.0,0.0,0.061655,64256.0,1721542272.0,64.0,0.0,0.0,0.0,0.0,0.0,62.0,0.0,27.08983,0.0,19.0,0.0,0.0,51.169678,31872.0,35.0,0.0,0.0,0.0,0.0,0.664456,0.0,0.0,181261.0625,0.664456,14687.0,0.0,76.0625,0.0,0.0,0.664456,0.664456,0.0,0.0,0.0,22.574858,0.0,SMTP
0.0,0.001495,0.0,757.450012,0.555608,0.060026,-0.0,207225.25,16428.849609,16366.0,0.0,1217.0,16.0,0.0,0.061521,64256.0,1721542272.0,64.0,0.0,0.0,0.0,0.0,0.0,62.0,0.0,34.196774,0.0,20.0,0.0,0.0,62.994057,31872.0,36.0,0.0,0.0,0.0,0.0,0.555608,0.0,0.0,223654.09375,0.555608,15149.0,0.0,76.0625,0.0,0.0,0.555608,0.555608,0.0,0.0,0.0,26.997452,0.0,SMTP
0.0,0.0,0.0,815.0,0.585841,0.061135,-0.0,200327.390625,15581.019531,16702.0,0.0,1217.0,16.0,0.0,0.061135,64256.0,1721542272.0,64.0,0.0,0.0,0.0,0.0,0.0,62.0,0.0,30.72506,0.0,19.0,0.0,0.0,58.036224,31872.0,35.0,0.0,0.0,0.0,0.0,0.585841,0.0,0.0,215908.40625,0.585841,15485.0,0.0,76.0625,0.0,0.0,0.585841,0.585841,0.0,0.0,0.0,25.604218,0.0,SMTP
0.0,0.000584,0.0,797.950012,0.583949,0.060444,-0.0,207716.765625,17467.277344,17308.0,0.0,1349.0,18.0,0.0,0.061028,64256.0,1721542272.0,64.0,0.0,0.0,0.0,0.0,0.0,62.0,0.0,32.537086,0.0,20.0,0.0,0.0,63.361694,31872.0,38.0,0.0,0.0,0.0,0.0,0.583949,0.0,0.0,225184.03125,0.583949,15959.0,0.0,74.944443,0.0,0.0,0.583949,0.583949,0.0,0.0,0.0,29.112129,0.0,SMTP
0.0,0.002752,0.0,818.650024,0.738563,0.058173,-0.0,168489.34375,13810.602539,17722.0,0.0,1349.0,18.0,0.0,0.060925,64256.0,1721542272.0,64.0,0.0,0.0,0.0,0.0,0.0,62.0,0.0,25.725632,0.0,20.0,0.0,0.0,50.097282,31872.0,38.0,0.0,0.0,0.0,0.0,0.738563,0.0,0.0,182299.953125,0.738563,16373.0,0.0,74.944443,0.0,0.0,0.738563,0.738563,0.0,0.0,0.0,23.017672,0.0,SMTP
0.0,0.000857,0.0,80.14286,0.833508,0.153316,-0.0,4616.632324,4990.953613,1167.0,0.0,606.0,7.0,0.0,0.154173,64256.0,1721542272.0,64.0,0.0,0.0,0.0,0.0,0.0,62.0,0.0,7.198491,0.0,7.0,0.0,0.0,15.59673,31872.0,14.0,0.0,0.0,0.0,0.0,0.833508,0.0,0.0,9607.585938,0.833508,561.0,0.0,86.571426,0.0,0.0,0.833508,0.833508,0.0,0.0,1.0,7.198491,0.0,SMTP
0.0,0.000857,0.0,1248.615356,0.542619,0.153316,-0.0,220913.75,8020.36084,16843.0,0.0,611.0,9.0,0.0,0.154173,64256.0,1721542272.0,64.0,0.0,0.0,0.0,1.0,0.0,62.0,0.0,22.114965,1.0,13.0,0.0,0.0,38.701187,31872.0,22.0,0.0,0.0,0.0,0.0,0.542619,0.0,0.0,228934.109375,0.542619,16232.0,0.0,67.888885,0.0,0.0,0.542619,0.542619,0.0,0.0,0.0,14.74331,0.0,SMTP
0.0,0.000979,0.0,74.0,0.000979,0.0,-0.0,0.0,0.0,148.0,0.0,74.0,1.0,0.0,0.000979,8222720.0,1721542272.0,64.0,0.0,0.0,0.0,0.0,1.0,62.0,0.0,0.0,0.0,1.0,0.0,0.0,1021.450439,4077568.0,2.0,0.0,0.0,0.0,0.0,0.000979,0.0,0.0,0.0,0.000979,74.0,0.0,74.0,0.0,0.0,0.000979,0.000979,0.0,0.0,0.0,0.0,0.0,SMTP
1.0,0.000979,3.0,875.944458,0.929167,0.107458,-0.0,128218.078125,8033.001953,16777.0,0.0,1010.0,13.0,0.0,0.108437,64256.0,1721542272.0,64.0,0.0,0.0,0.0,0.0,0.0,62.0,0.0,18.295958,1.0,18.0,2.0,0.0,32.286983,31872.0,31.0,0.0,0.0,8.823529,0.0,0.929167,0.0,0.0,136251.078125,0.929167,15767.0,0.0,77.692307,0.0,1.0,0.929167,0.929167,0.0,0.0,1.0,12.914794,0.0,SMTP
0.0,0.000979,1.0,506.0,0.741281,0.107458,-0.0,10921.634766,3064.9646,1873.0,0.0,355.0,5.0,0.0,0.108437,64256.0,1721542272.0,64.0,0.0,0.0,0.0,1.0,0.0,62.0,0.0,2.698032,1.0,3.0,1.0,0.0,9.443113,31872.0,8.0,0.0,0.0,11.111111,0.0,0.741281,0.0,0.0,13986.599609,0.741281,1518.0,0.0,71.0,0.0,0.0,0.741281,0.741281,1.0,0.0,0.0,5.396065,0.0,SMTP
0.0,0.000493,0.0,74.0,0.000493,0.0,-0.0,0.0,0.0,148.0,0.0,74.0,1.0,0.0,0.000493,8222720.0,1721542272.0,64.0,0.0,0.0,0.0,0.0,1.0,62.0,0.0,0.0,0.0,1.0,0.0,0.0,2028.397461,4077568.0,2.0,0.0,0.0,0.0,0.0,0.000493,0.0,0.0,0.0,0.000493,74.0,0.0,74.0,0.0,0.0,0.000493,0.000493,0.0,0.0,0.0,0.0,0.0,SMTP
1.0,0.000493,3.0,78.375,0.893268,0.168442,-0.0,4916.777344,5328.748047,1307.0,0.0,680.0,8.0,0.0,0.168935,64256.0,1721542272.0,64.0,0.0,0.0,0.0,0.0,0.0,62.0,0.0,7.836394,1.0,8.0,2.0,0.0,16.792273,31872.0,16.0,0.0,0.0,15.789474,0.0,0.893268,0.0,0.0,10245.525391,0.893268,627.0,0.0,85.0,0.0,1.0,0.893268,0.893268,0.0,0.0,1.0,7.836394,0.0,SMTP
0.0,0.000493,0.0,1225.428589,0.55375,0.168442,-0.0,230154.40625,8812.641602,17833.0,0.0,677.0,10.0,0.0,0.168935,64256.0,1721542272.0,64.0,0.0,0.0,0.0,1.0,0.0,62.0,0.0,23.476299,1.0,14.0,0.0,0.0,41.534992,31872.0,24.0,0.0,0.0,0.0,0.0,0.55375,0.0,0.0,238967.046875,0.55375,17156.0,0.0,67.699997,0.0,0.0,0.55375,0.55375,0.0,0.0,0.0,16.252823,0.0,SMTP
0.0,0.000493,0.0,66.0,0.000498,0.168442,-0.0,0.0,0.0,132.0,0.0,66.0,1.0,0.0,0.168935,64256.0,1721542272.0,64.0,0.0,0.0,0.0,0.0,0.0,62.0,0.0,0.0,1.0,1.0,0.0,0.0,2008.032104,31872.0,2.0,0.0,0.0,0.0,0.0,0.000498,0.0,0.0,0.0,0.000498,66.0,0.0,66.0,0.0,0.0,0.000498,0.000498,0.0,0.0,0.0,0.0,0.0,SMTP
0.0,0.000494,0.0,74.0,0.000494,0.0,-0.0,0.0,0.0,148.0,0.0,74.0,1.0,0.0,0.000494,8222720.0,1721542272.0,64.0,0.0,0.0,0.0,0.0,1.0,62.0,0.0,0.0,0.0,1.0,0.0,0.0,2024.291626,4077568.0,2.0,0.0,0.0,0.0,0.0,0.000494,0.0,0.0,0.0,0.000494,74.0,0.0,74.0,0.0,0.0,0.000494,0.000494,0.0,0.0,0.0,0.0,0.0,SMTP
1.0,0.000494,2.0,74.0,0.000496,0.0,-0.0,0.0,0.0,148.0,0.0,74.0,1.0,0.0,0.000494,8222720.0,1721542272.0,64.0,0.0,0.0,0.0,0.0,1.0,62.0,0.0,0.0,1.0,1.0,1.0,0.0,2016.129028,4077568.0,2.0,0.0,0.0,50.0,0.0,0.000496,0.0,0.0,0.0,0.000496,74.0,0.0,74.0,0.0,1.0,0.000496,0.000496,0.0,0.0,0.0,0.0,0.0,SMTP
0.0,0.000494,1.0,976.6875,0.835756,0.154629,-0.0,140241.890625,8212.923828,16563.0,0.0,936.0,12.0,0.0,0.155123,64256.0,1721542272.0,64.0,0.0,0.0,0.0,0.0,0.0,62.0,0.0,17.947823,1.0,16.0,1.0,0.0,32.30608,31872.0,28.0,0.0,0.0,3.448276,0.0,0.835756,0.0,0.0,148454.8125,0.835756,15627.0,0.0,78.0,0.0,0.0,0.835756,0.835756,1.0,0.0,0.0,13.161736,0.0,SMTP
0.0,0.000494,0.0,613.5,0.340513,0.154629,-0.0,43252.386719,6531.322266,2801.0,0.0,347.0,5.0,0.0,0.155123,64256.0,1721542272.0,64.0,0.0,0.0,0.0,1.0,0.0,62.0,0.0,8.810237,1.0,4.0,0.0,0.0,23.493963,31872.0,9.0,0.0,0.0,0.0,0.0,0.340513,0.0,0.0,49783.710938,0.340513,2454.0,0.0,69.400002,0.0,0.0,0.340513,0.340513,0.0,0.0,0.0,11.746982,0.0,SMTP
0.0,0.000966,0.0,74.0,0.000966,0.0,-0.0,0.0,0.0,148.0,0.0,74.0,1.0,0.0,0.000966,8222720.0,1721542272.0,64.0,0.0,0.0,0.0,0.0,1.0,62.0,0.0,0.0,0.0,1.0,0.0,0.0,1035.196655,4077568.0,2.0,0.0,0.0,0.0,0.0,0.000966,0.0,0.0,0.0,0.000966,74.0,0.0,74.0,0.0,0.0,0.000966,0.000966,0.0,0.0,0.0,0.0,0.0,SMTP
1.0,0.000966,2.0,74.0,0.000993,0.0,-0.0,0.0,0.0,148.0,0.0,74.0,1.0,0.0,0.000966,8222720.0,1721542272.0,64.0,0.0,0.0,0.0,0.0,1.0,62.0,0.0,0.0,1.0,1.0,1.0,0.0,1007.049377,4077568.0,2.0,0.0,0.0,50.0,0.0,0.000993,0.0,0.0,0.0,0.000993,74.0,0.0,74.0,0.0,1.0,0.000993,0.000993,0.0,0.0,0.0,0.0,0.0,SMTP
0.0,0.000966,1.0,976.6875,0.789961,0.145822,-0.0,148371.890625,8689.037109,16563.0,0.0,936.0,12.0,0.0,0.146788,64256.0,1721542272.0,64.0,0.0,0.0,0.0,0.0,0.0,62.0,0.0,18.988279,1.0,16.0,1.0,0.0,34.178902,31872.0,28.0,0.0,0.0,3.448276,0.0,0.789961,0.0,0.0,157060.9375,0.789961,15627.0,0.0,78.0,0.0,0.0,0.789961,0.789961,1.0,0.0,0.0,13.924738,0.0,SMTP
0.0,0.000966,1.0,724.5,0.509549,0.145822,-0.0,34132.144531,5510.755371,3319.0,0.0,421.0,6.0,0.0,0.146788,64256.0,1721542272.0,64.0,0.0,0.0,0.0,1.0,0.0,62.0,0.0,5.887559,1.0,4.0,1.0,0.0,17.662678,31872.0,10.0,0.0,0.0,9.090909,0.0,0.509549,0.0,0.0,39642.898438,0.509549,2898.0,0.0,70.166664,0.0,0.0,0.509549,0.509549,1.0,0.0,0.0,9.812598,0.0,SMTP
0.0,0.0,0.0,868.863647,0.678308,0.061585,-0.0,215206.0625,15815.824219,20530.0,0.0,1415.0,19.0,0.0,0.061585,64256.0,1721542272.0,64.0,0.0,0.0,0.0,0.0,0.0,62.0,0.0,30.959387,0.0,22.0,0.0,0.0,58.970261,31872.0,41.0,0.0,0.0,0.0,0.0,0.678308,0.0,0.0,231021.890625,0.678308,19115.0,0.0,74.473686,0.0,0.0,0.678308,0.678308,0.0,0.0,0.0,26.536617,0.0,SMTP
0.0,0.002068,0.0,889.590881,0.5578,0.05906,-0.0,267938.34375,19232.699219,20986.0,0.0,1415.0,19.0,0.0,0.061128,64256.0,1721542272.0,64.0,0.0,0.0,0.0,0.0,0.0,62.0,0.0,37.647903,0.0,22.0,0.0,0.0,71.710289,31872.0,41.0,0.0,0.0,0.0,0.0,0.5578,0.0,0.0,287171.03125,0.5578,19571.0,0.0,74.473686,0.0,0.0,0.5578,0.5578,0.0,0.0,0.0,32.26963,0.0,SMTP
0.0,0.001118,0.0,910.590881,0.571399,0.060265,-0.0,267735.875,16912.876953,21316.0,0.0,1283.0,17.0,0.0,0.061383,64256.0,1721542272.0,64.0,0.0,0.0,0.0,0.0,0.0,62.0,0.0,36.751904,0.0,22.0,0.0,0.0,66.503441,31872.0,39.0,0.0,0.0,0.0,0.0,0.571399,0.0,0.0,284648.75,0.571399,20033.0,0.0,75.470589,0.0,0.0,0.571399,0.571399,0.0,0.0,0.0,28.00145,0.0,SMTP
0.0,0.001475,0.0,894.217407,0.557279,0.06024,-0.0,282415.09375,18303.220703,21916.0,0.0,1349.0,18.0,0.0,0.061715,64256.0,1721542272.0,64.0,0.0,0.0,0.0,0.0,0.0,62.0,0.0,39.477535,0.0,23.0,0.0,0.0,71.777336,31872.0,41.0,0.0,0.0,0.0,0.0,0.557279,0.0,0.0,300718.3125,0.557279,20567.0,0.0,74.944443,0.0,0.0,0.557279,0.557279,0.0,0.0,0.0,30.505367,0.0,SMTP
0.0,0.000918,0.0,914.826111,0.648359,0.060851,-0.0,248343.890625,15732.025391,22390.0,0.0,1349.0,18.0,0.0,0.061769,64256.0,1721542272.0,64.0,0.0,0.0,0.0,0.0,0.0,62.0,0.0,33.93182,0.0,23.0,0.0,0.0,61.694214,31872.0,41.0,0.0,0.0,0.0,0.0,0.648359,0.0,0.0,264075.90625,0.648359,21041.0,0.0,74.944443,0.0,0.0,0.648359,0.648359,0.0,0.0,0.0,26.220041,0.0,SMTP
0.0,0.0,0.0,935.695679,0.680366,0.062234,-0.0,242057.953125,14991.931641,22870.0,0.0,1349.0,18.0,0.0,0.062234,64256.0,1721542272.0,64.0,0.0,0.0,0.0,0.0,0.0,62.0,0.0,32.335537,0.0,23.0,0.0,0.0,58.791889,31872.0,41.0,0.0,0.0,0.0,0.0,0.680366,0.0,0.0,257049.890625,0.680366,21521.0,0.0,74.944443,0.0,0.0,0.680366,0.680366,0.0,0.0,0.0,24.986551,0.0,SMTP
0.0,0.002044,0.0,919.708313,0.710678,0.060144,-0.0,238127.546875,15838.397461,23554.0,0.0,1481.0,20.0,0.0,0.062188,64256.0,1721542272.0,64.0,0.0,0.0,0.0,0.0,0.0,62.0,0.0,32.363461,0.0,24.0,0.0,0.0,60.505604,31872.0,44.0,0.0,0.0,0.0,0.0,0.710678,0.0,0.0,253965.9375,0.710678,22073.0,0.0,74.050003,0.0,0.0,0.710678,0.710678,0.0,0.0,0.0,26.735035,0.0,SMTP
0.0,0.000986,0.0,940.208313,0.647635,0.060919,-0.0,267125.78125,17380.160156,24046.0,0.0,1481.0,20.0,0.0,0.061905,64256.0,1721542272.0,64.0,0.0,0.0,0.0,0.0,0.0,62.0,0.0,35.513832,0.0,24.0,0.0,0.0,66.395424,31872.0,44.0,0.0,0.0,0.0,0.0,0.647635,0.0,0.0,284505.9375,0.647635,22565.0,0.0,74.050003,0.0,0.0,0.647635,0.647635,0.0,0.0,0.0,29.337513,0.0,SMTP
0.0,0.001494,0.0,960.958313,0.642204,0.060082,-0.0,275339.3125,17527.140625,24544.0,0.0,1481.0,20.0,0.0,0.061576,64256.0,1721542272.0,64.0,0.0,0.0,0.0,0.0,0.0,62.0,0.0,35.814167,0.0,24.0,0.0,0.0,66.956917,31872.0,44.0,0.0,0.0,0.0,0.0,0.642204,0.0,0.0,292866.4375,0.642204,23063.0,0.0,74.050003,0.0,0.0,0.642204,0.642204,0.0,0.0,0.0,29.585615,0.0,SMTP
0.0,0.0,0.0,80.14286,0.907393,0.169239,-0.0,4240.720703,4584.5625,1167.0,0.0,606.0,7.0,0.0,0.169239,64256.0,1721542272.0,64.0,0.0,0.0,0.0,0.0,0.0,62.0,0.0,6.61235,0.0,7.0,0.0,0.0,14.326758,31872.0,14.0,0.0,0.0,0.0,0.0,0.907393,0.0,0.0,8825.283203,0.907393,561.0,0.0,86.571426,0.0,0.0,0.907393,0.907393,0.0,0.0,1.0,6.61235,0.0,SMTP
0.0,0.0,1.0,1281.777832,0.987205,0.169239,-0.0,176587.4375,6612.60791,23955.0,0.0,883.0,13.0,0.0,0.169239,64256.0,1721542272.0,64.0,0.0,0.0,0.0,1.0,0.0,62.0,0.0,17.220333,1.0,18.0,1.0,0.0,30.388824,31872.0,31.0,0.0,0.0,3.125,0.0,0.987205,0.0,0.0,183200.046875,0.987205,23072.0,0.0,67.92308,0.0,0.0,0.987205,0.987205,1.0,0.0,0.0,12.15553,0.0,SMTP
0.0,0.000911,0.0,74.0,0.000911,0.0,-0.0,0.0,0.0,148.0,0.0,74.0,1.0,0.0,0.000911,8222720.0,1721542272.0,64.0,0.0,0.0,0.0,0.0,1.0,62.0,0.0,0.0,0.0,1.0,0.0,0.0,1097.694824,4077568.0,2.0,0.0,0.0,0.0,0.0,0.000911,0.0,0.0,0.0,0.000911,74.0,0.0,74.0,0.0,0.0,0.000911,0.000911,0.0,0.0,0.0,0.0,0.0,SMTP
1.0,0.000911,2.0,80.14286,0.851002,0.168404,-0.0,4521.728516,4888.355469,1167.0,0.0,606.0,7.0,0.0,0.169315,64256.0,1721542272.0,64.0,0.0,0.0,0.0,0.0,0.0,62.0,0.0,7.050512,1.0,7.0,1.0,0.0,15.276111,31872.0,14.0,0.0,0.0,12.5,0.0,0.851002,0.0,0.0,9410.083984,0.851002,561.0,0.0,86.571426,0.0,1.0,0.851002,0.851002,0.0,0.0,1.0,7.050512,0.0,SMTP
0.0,0.000911,1.0,1244.631592,0.956838,0.168404,-0.0,187316.96875,6822.471191,24531.0,0.0,883.0,13.0,0.0,0.169315,64256.0,1721542272.0,64.0,0.0,0.0,0.0,1.0,0.0,62.0,0.0,18.811962,1.0,19.0,1.0,0.0,32.39838,31872.0,32.0,0.0,0.0,3.030303,0.0,0.956838,0.0,0.0,194139.4375,0.956838,23648.0,0.0,67.92308,0.0,0.0,0.956838,0.956838,1.0,0.0,0.0,12.541307,0.0,SMTP
0.0,0.000494,0.0,80.14286,0.910648,0.182617,-0.0,4225.5625,4568.175781,1167.0,0.0,606.0,7.0,0.0,0.183111,64256.0,1721542272.0,64.0,0.0,0.0,0.0,0.0,0.0,62.0,0.0,6.588715,0.0,7.0,0.0,0.0,14.275549,31872.0,14.0,0.0,0.0,0.0,0.0,0.910648,0.0,0.0,8793.738281,0.910648,561.0,0.0,86.571426,0.0,0.0,0.910648,0.910648,0.0,0.0,1.0,6.588715,0.0,SMTP
0.0,0.000494,0.0,1271.789429,0.557393,0.182617,-0.0,328572.46875,10649.577148,24973.0,0.0,809.0,12.0,0.0,0.183111,64256.0,1721542272.0,64.0,0.0,0.0,0.0,1.0,0.0,62.0,0.0,32.293194,1.0,19.0,0.0,0.0,53.821987,31872.0,31.0,0.0,0.0,0.0,0.0,0.557393,0.0,0.0,339222.0625,0.557393,24164.0,0.0,67.416664,0.0,0.0,0.557393,0.557393,0.0,0.0,0.0,19.73473,0.0,SMTP
0.0,0.000998,0.0,74.0,0.000998,0.0,-0.0,0.0,0.0,148.0,0.0,74.0,1.0,0.0,0.000998,8222720.0,1721542272.0,64.0,0.0,0.0,0.0,0.0,1.0,62.0,0.0,0.0,0.0,1.0,0.0,0.0,1002.003967,4077568.0,2.0,0.0,0.0,0.0,0.0,0.000998,0.0,0.0,0.0,0.000998,74.0,0.0,74.0,0.0,0.0,0.000998,0.000998,0.0,0.0,0.0,0.0,0.0,SMTP
1.0,0.000998,2.0,74.0,0.000517,0.0,-0.0,0.0,0.0,148.0,0.0,74.0,1.0,0.0,0.000998,8222720.0,1721542272.0,64.0,0.0,0.0,0.0,0.0,1.0,62.0,0.0,0.0,1.0,1.0,1.0,0.0,1934.236084,4077568.0,2.0,0.0,0.0,50.0,0.0,0.000517,0.0,0.0,0.0,0.000517,74.0,0.0,74.0,0.0,1.0,0.000517,0.000517,0.0,0.0,0.0,0.0,0.0,SMTP
0.0,0.000998,0.0,0.0,0.0,0.0,-0.0,0.0,0.0,74.0,0.0,74.0,1.0,0.0,0.000998,624459.9664732431,1721542272.0,64.0,1.0,0.0,0.0,0.0,0.0,62.0,0.0,0.0,1.0,0.0,1.0,0.0,0.0,310126.47940317873,1.0,0.0,0.0,0.0,0.0,0.0,0.0,0.0,0.0,0.0,0.0,0.0,74.0,0.0,0.0,0.0,0.0,1.0,0.0,0.0,0.0,0.0,SMTP
1.0,0.000998,2.0,80.14286,0.83411,0.167728,-0.0,4613.300293,4987.351562,1167.0,0.0,606.0,7.0,0.0,0.168726,64256.0,1721542272.0,64.0,0.0,0.0,0.0,0.0,0.0,62.0,0.0,7.193295,1.0,7.0,1.0,0.0,15.585474,31872.0,14.0,0.0,0.0,12.5,0.0,0.83411,0.0,0.0,9600.652344,0.83411,561.0,0.0,86.571426,0.0,1.0,0.83411,0.83411,0.0,0.0,1.0,7.193295,0.0,SMTP
0.0,0.000998,1.0,1299.263184,0.925336,0.167728,-0.0,202192.5,7054.734863,25569.0,0.0,883.0,13.0,0.0,0.168726,64256.0,1721542272.0,64.0,0.0,0.0,0.0,1.0,0.0,62.0,0.0,19.452393,1.0,19.0,1.0,0.0,33.501343,31872.0,32.0,0.0,0.0,3.030303,0.0,0.925336,0.0,0.0,209247.234375,0.925336,24686.0,0.0,67.92308,0.0,0.0,0.925336,0.925336,1.0,0.0,0.0,12.968263,0.0,SMTP
0.0,0.000978,0.0,923.588257,0.975674,0.152641,-0.0,121171.625,7035.136719,16637.0,0.0,936.0,12.0,0.0,0.153619,64256.0,1721542272.0,64.0,0.0,0.0,0.0,0.0,0.0,62.0,0.0,16.39892,0.0,17.0,0.0,0.0,28.698111,31872.0,29.0,0.0,0.0,0.0,0.0,0.975674,0.0,0.0,128206.757812,0.975674,15701.0,0.0,78.0,0.0,0.0,0.975674,0.975674,0.0,0.0,1.0,11.274258,0.0,SMTP
0.0,0.000978,1.0,1014.0,0.726788,0.152641,-0.0,100452.953125,5327.550781,10693.0,0.0,553.0,8.0,0.0,0.153619,64256.0,1721542272.0,64.0,0.0,0.0,0.0,1.0,0.0,62.0,0.0,12.383254,1.0,10.0,1.0,0.0,23.390591,31872.0,18.0,0.0,0.0,5.263158,0.0,0.726788,0.0,0.0,105780.507812,0.726788,10140.0,0.0,69.125,0.0,0.0,0.726788,0.726788,1.0,0.0,0.0,9.631419,0.0,SMTP
0.0,0.000978,0.0,66.0,0.000594,0.152641,-0.0,0.0,0.0,132.0,0.0,66.0,1.0,0.0,0.153619,64256.0,1721542272.0,64.0,0.0,0.0,0.0,0.0,0.0,62.0,0.0,0.0,1.0,1.0,0.0,0.0,1683.501709,31872.0,2.0,0.0,0.0,0.0,0.0,0.000594,0.0,0.0,0.0,0.000594,66.0,0.0,66.0,0.0,0.0,0.000594,0.000594,0.0,0.0,0.0,0.0,0.0,SMTP
0.0,0.000503,0.0,74.0,0.000503,0.0,-0.0,0.0,0.0,148.0,0.0,74.0,1.0,0.0,0.000503,8222720.0,1721542272.0,64.0,0.0,0.0,0.0,0.0,1.0,62.0,0.0,0.0,0.0,1.0,0.0,0.0,1988.071655,4077568.0,2.0,0.0,0.0,0.0,0.0,0.000503,0.0,0.0,0.0,0.000503,74.0,0.0,74.0,0.0,0.0,0.000503,0.000503,0.0,0.0,0.0,0.0,0.0,SMTP
1.0,0.000503,3.0,78.375,0.790781,0.10624,-0.0,5554.00293,6019.365723,1307.0,0.0,680.0,8.0,0.0,0.106743,64256.0,1721542272.0,64.0,0.0,0.0,0.0,0.0,0.0,62.0,0.0,8.852008,1.0,8.0,2.0,0.0,18.968588,31872.0,16.0,0.0,0.0,15.789474,0.0,0.790781,0.0,0.0,11573.368164,0.790781,627.0,0.0,85.0,0.0,1.0,0.790781,0.790781,0.0,0.0,1.0,8.852008,0.0,SMTP
0.0,0.000503,1.0,1426.777832,0.970598,0.10624,-0.0,199926.234375,6173.513672,26499.0,0.0,817.0,12.0,0.0,0.106743,64256.0,1721542272.0,64.0,0.0,0.0,0.0,0.0,0.0,62.0,0.0,17.514977,1.0,18.0,1.0,0.0,29.878489,31872.0,30.0,0.0,0.0,3.225806,0.0,0.970598,0.0,0.0,206099.75,0.970598,25682.0,0.0,68.083336,0.0,0.0,0.970598,0.970598,1.0,0.0,0.0,11.33322,0.0,SMTP
0.0,0.000503,0.0,66.0,0.001084,0.10624,-0.0,0.0,0.0,132.0,0.0,66.0,1.0,0.0,0.106743,64256.0,1721542272.0,64.0,0.0,0.0,0.0,0.0,0.0,62.0,0.0,0.0,1.0,1.0,0.0,0.0,922.509216,31872.0,2.0,0.0,0.0,0.0,0.0,0.001084,0.0,0.0,0.0,0.001084,66.0,0.0,66.0,0.0,0.0,0.001084,0.001084,0.0,0.0,0.0,0.0,0.0,SMTP
0.0,0.000527,0.0,996.851868,0.81896,0.077847,-0.0,253189.40625,13744.260742,28396.0,0.0,1481.0,20.0,0.0,0.078374,64256.0,1721542272.0,64.0,0.0,0.0,0.0,0.0,0.0,62.0,0.0,31.747581,0.0,27.0,0.0,0.0,56.1688,31872.0,47.0,0.0,0.0,0.0,0.0,0.81896,0.0,0.0,266933.65625,0.81896,26915.0,0.0,74.050003,0.0,0.0,0.81896,0.81896,0.0,0.0,0.0,23.200155,0.0,SMTP
0.0,0.000978,0.0,1053.653809,0.926453,0.104669,-0.0,227465.40625,11579.648438,28810.0,0.0,1415.0,19.0,0.0,0.105647,64256.0,1721542272.0,64.0,0.0,0.0,0.0,0.0,0.0,62.0,0.0,26.98464,0.0,26.0,0.0,0.0,47.492966,31872.0,45.0,0.0,0.0,0.0,0.0,0.926453,0.0,0.0,239045.046875,0.926453,27395.0,0.0,74.473686,0.0,0.0,0.926453,0.926453,0.0,0.0,0.0,19.42894,0.0,SMTP
0.0,0.000978,0.0,66.0,0.000484,0.104669,-0.0,0.0,0.0,132.0,0.0,66.0,1.0,0.0,0.105647,64256.0,1721542272.0,64.0,0.0,0.0,0.0,0.0,0.0,62.0,0.0,0.0,1.0,1.0,0.0,0.0,2066.115723,31872.0,2.0,0.0,0.0,0.0,0.0,0.000484,0.0,0.0,0.0,0.000484,66.0,0.0,66.0,0.0,0.0,0.000484,0.000484,0.0,0.0,0.0,0.0,0.0,SMTP
0.0,0.013336,0.0,1074.653809,0.996542,0.1262,-0.0,215681.828125,9633.3125,29215.0,0.0,1274.0,17.0,0.0,0.139536,64256.0,1721542272.0,64.0,0.0,0.0,0.0,0.0,0.0,62.0,0.0,25.08675,0.0,26.0,0.0,0.0,42.145741,31872.0,43.0,0.0,0.0,0.0,0.0,0.996542,0.0,0.0,225315.140625,0.996542,27941.0,0.0,74.941177,0.0,0.0,0.996542,0.996542,0.0,0.0,1.0,16.055521,0.0,SMTP
0.0,0.013336,0.0,69.0,0.155044,0.1262,-0.0,3560.279541,7120.559082,345.0,0.0,207.0,3.0,0.0,0.139536,64256.0,1721542272.0,64.0,0.0,0.0,0.0,1.0,0.0,62.0,0.0,6.449782,1.0,2.0,0.0,0.0,25.799128,31872.0,5.0,0.0,0.0,0.0,0.0,0.155044,0.0,0.0,10680.838867,0.155044,138.0,0.0,69.0,0.0,0.0,0.155044,0.155044,0.0,0.0,0.0,12.899564,0.0,SMTP
0.0,0.000993,0.0,923.588257,0.957619,0.153738,-0.0,123456.195312,7167.777344,16637.0,0.0,936.0,12.0,0.0,0.154731,64256.0,1721542272.0,64.0,0.0,0.0,0.0,0.0,0.0,62.0,0.0,16.708107,0.0,17.0,0.0,0.0,29.239185,31872.0,29.0,0.0,0.0,0.0,0.0,0.957619,0.0,0.0,130623.976562,0.957619,15701.0,0.0,78.0,0.0,0.0,0.957619,0.957619,0.0,0.0,1.0,11.486823,0.0,SMTP
0.0,0.000993,0.0,1176.0,0.35449,0.153738,-0.0,265395.34375,10764.760742,13481.0,0.0,545.0,8.0,0.0,0.154731,64256.0,1721542272.0,64.0,0.0,0.0,0.0,1.0,0.0,62.0,0.0,28.209539,1.0,11.0,0.0,0.0,50.777172,31872.0,19.0,0.0,0.0,0.0,0.0,0.35449,0.0,0.0,276160.09375,0.35449,12936.0,0.0,68.125,0.0,0.0,0.35449,0.35449,0.0,0.0,0.0,19.746677,0.0,SMTP
0.0,0.0,0.0,923.588257,0.973774,0.167816,-0.0,121408.046875,7048.863281,16637.0,0.0,936.0,12.0,0.0,0.167816,64256.0,1721542272.0,64.0,0.0,0.0,0.0,0.0,0.0,62.0,0.0,16.430918,0.0,17.0,0.0,0.0,28.754105,31872.0,29.0,0.0,0.0,0.0,0.0,0.973774,0.0,0.0,128456.90625,0.973774,15701.0,0.0,78.0,0.0,0.0,0.973774,0.973774,0.0,0.0,1.0,11.296255,0.0,SMTP
0.0,0.0,0.0,1227.272705,0.323751,0.167816,-0.0,303270.09375,11786.835938,14045.0,0.0,545.0,8.0,0.0,0.167816,64256.0,1721542272.0,64.0,0.0,0.0,0.0,1.0,0.0,62.0,0.0,30.887936,1.0,11.0,0.0,0.0,55.598282,31872.0,19.0,0.0,0.0,0.0,0.0,0.323751,0.0,0.0,315056.9375,0.323751,13500.0,0.0,68.125,0.0,0.0,0.323751,0.323751,0.0,0.0,0.0,21.621555,0.0,SMTP
0.0,0.000501,0.0,923.588257,0.956391,0.154318,-0.0,123614.71875,7176.980957,16637.0,0.0,936.0,12.0,0.0,0.154819,64256.0,1721542272.0,64.0,0.0,0.0,0.0,0.0,0.0,62.0,0.0,16.729559,0.0,17.0,0.0,0.0,29.27673,31872.0,29.0,0.0,0.0,0.0,0.0,0.956391,0.0,0.0,130791.695312,0.956391,15701.0,0.0,78.0,0.0,0.0,0.956391,0.956391,0.0,0.0,1.0,11.501573,0.0,SMTP
0.0,0.000501,0.0,1092.461548,0.340547,0.154318,-0.0,307975.125,12779.44043,14813.0,0.0,611.0,9.0,0.0,0.154819,64256.0,1721542272.0,64.0,0.0,0.0,0.0,1.0,0.0,62.0,0.0,35.237427,1.0,13.0,0.0,0.0,61.665497,31872.0,22.0,0.0,0.0,0.0,0.0,0.340547,0.0,0.0,320754.5625,0.340547,14202.0,0.0,67.888885,0.0,0.0,0.340547,0.340547,0.0,0.0,0.0,23.491619,0.0,SMTP
0.0,0.006869,0.0,1048.724121,0.943007,0.083733,-0.0,249117.984375,12504.679688,31960.0,0.0,1547.0,21.0,0.0,0.090602,64256.0,1721542272.0,64.0,0.0,0.0,0.0,0.0,0.0,62.0,0.0,29.692251,0.0,29.0,0.0,0.0,51.961437,31872.0,50.0,0.0,0.0,0.0,0.0,0.943007,0.0,0.0,261622.65625,0.943007,30413.0,0.0,73.666664,0.0,0.0,0.943007,0.943007,0.0,0.0,0.0,21.20875,0.0,SMTP
0.0,0.00147,0.0,1104.392822,0.968558,0.122905,-0.0,246296.03125,10390.704102,32255.0,0.0,1332.0,18.0,0.0,0.124375,64256.0,1721542272.0,64.0,0.0,0.0,0.0,0.0,0.0,62.0,0.0,27.876492,0.0,28.0,0.0,0.0,46.460819,31872.0,46.0,0.0,0.0,0.0,0.0,0.968558,0.0,0.0,256686.734375,0.968558,30923.0,0.0,74.0,0.0,0.0,0.968558,0.968558,0.0,0.0,1.0,17.551865,0.0,SMTP
0.0,0.00147,0.0,69.0,0.154206,0.122905,-0.0,3579.627441,14422.266602,485.0,0.0,347.0,5.0,0.0,0.124375,64256.0,1721542272.0,64.0,0.0,0.0,0.0,1.0,0.0,62.0,0.0,6.484832,1.0,2.0,0.0,0.0,38.908993,31872.0,7.0,0.0,0.0,0.0,0.0,0.154206,0.0,0.0,18001.894531,0.154206,138.0,0.0,69.400002,0.0,0.0,0.154206,0.154206,0.0,0.0,0.0,25.939329,0.0,SMTP
0.0,0.000498,0.0,1054.966675,0.635444,0.060161,-0.0,385179.5,20218.933594,33328.0,0.0,1679.0,23.0,0.0,0.060659,64256.0,1721542272.0,64.0,0.0,0.0,0.0,0.0,0.0,62.0,0.0,45.637383,0.0,30.0,0.0,0.0,81.83255,31872.0,53.0,0.0,0.0,0.0,0.0,0.635444,0.0,0.0,405398.4375,0.635444,31649.0,0.0,73.0,0.0,0.0,0.635444,0.635444,0.0,0.0,0.0,34.621464,0.0,SMTP
0.0,0.001982,0.0,1042.22583,0.573986,0.060311,-0.0,435787.625,22383.822266,33988.0,0.0,1679.0,23.0,0.0,0.062293,64256.0,1721542272.0,64.0,0.0,0.0,0.0,0.0,0.0,62.0,0.0,52.266083,0.0,31.0,0.0,0.0,92.336746,31872.0,54.0,0.0,0.0,0.0,0.0,0.573986,0.0,0.0,458171.46875,0.573986,32309.0,0.0,73.0,0.0,0.0,0.573986,0.573986,0.0,0.0,0.0,38.328461,0.0,SMTP
0.0,0.000496,0.0,1061.580688,0.557386,0.062027,-0.0,457105.15625,22103.175781,34522.0,0.0,1613.0,22.0,0.0,0.062523,64256.0,1721542272.0,64.0,0.0,0.0,0.0,0.0,0.0,62.0,0.0,53.822666,0.0,31.0,0.0,0.0,93.292625,31872.0,53.0,0.0,0.0,0.0,0.0,0.557386,0.0,0.0,479208.3125,0.557386,32909.0,0.0,73.318184,0.0,0.0,0.557386,0.557386,0.0,0.0,0.0,37.675865,0.0,SMTP
0.0,0.000497,0.0,74.0,0.000497,0.0,-0.0,0.0,0.0,148.0,0.0,74.0,1.0,0.0,0.000497,8222720.0,1721542144.0,64.0,0.0,0.0,0.0,0.0,1.0,62.0,0.0,0.0,0.0,1.0,0.0,0.0,2012.072388,4077568.0,2.0,0.0,0.0,0.0,0.0,0.000497,0.0,0.0,0.0,0.000497,74.0,0.0,74.0,0.0,0.0,0.000497,0.000497,0.0,0.0,0.0,0.0,0.0,SSH
1.0,0.000497,2.0,74.0,0.000415,0.0,-0.0,0.0,0.0,148.0,0.0,74.0,1.0,0.0,0.000497,8222720.0,1721542144.0,64.0,0.0,0.0,0.0,0.0,1.0,62.0,0.0,0.0,1.0,1.0,1.0,0.0,2409.638672,4077568.0,2.0,0.0,0.0,50.0,0.0,0.000415,0.0,0.0,0.0,0.000415,74.0,0.0,74.0,0.0,1.0,0.000415,0.000415,0.0,0.0,0.0,0.0,0.0,SSH
0.0,0.000497,2.0,372.0,0.832088,0.163373,-0.0,10729.634766,21507.339844,4172.0,0.0,2684.0,6.0,0.0,0.16387,64256.0,1721542144.0,64.0,0.0,0.0,0.0,0.0,0.0,62.0,0.0,3.605388,1.0,4.0,2.0,0.0,10.816164,31872.0,10.0,0.0,0.0,16.666667,0.0,0.832088,0.0,0.0,32236.974609,0.832088,1488.0,0.0,447.333344,0.0,0.0,0.832088,0.832088,1.0,0.0,0.0,6.00898,0.0,SSH
0.0,0.000497,0.0,0.0,0.0,0.163373,-0.0,0.0,0.0,1186.0,0.0,1186.0,1.0,0.0,0.16387,103135.70040124832,1721542144.0,64.0,0.0,0.0,0.0,0.0,0.0,62.0,0.0,0.0,1.0,0.0,0.0,0.0,0.0,37317.08209959624,1.0,0.0,0.0,0.0,0.0,0.0,0.0,1.0,0.0,0.0,0.0,0.0,1186.0,0.0,0.0,0.0,0.0,0.0,0.0,0.0,0.0,0.0,SSH
0.0,0.000497,0.0,0.0,0.0,0.163373,-0.0,0.0,0.0,1186.0,0.0,1186.0,1.0,0.0,0.16387,103135.70040124832,1721542144.0,64.0,0.0,0.0,0.0,0.0,0.0,62.0,0.0,0.0,1.0,0.0,0.0,0.0,0.0,37317.08209959624,1.0,0.0,0.0,0.0,0.0,0.0,0.0,1.0,0.0,0.0,0.0,0.0,1186.0,0.0,0.0,0.0,0.0,0.0,0.0,0.0,0.0,0.0,SSH
0.0,0.000497,0.0,126.800003,0.78763,0.163373,-0.0,5159.783203,21116.513672,2972.0,0.0,2338.0,9.0,0.0,0.16387,64128.0,1721542144.0,64.0,0.0,0.0,0.0,0.0,0.0,62.0,0.0,5.078526,1.0,5.0,0.0,0.0,16.505211,31872.0,14.0,1.0,0.0,0.0,0.0,0.78763,0.0,0.0,26276.296875,0.78763,634.0,0.0,259.777771,0.0,0.0,0.78763,0.78763,0.0,0.0,0.0,10.157053,0.0,SSH
0.0,0.000497,1.0,89.0,0.890682,0.163373,-0.0,2398.162354,17730.234375,2658.0,1.0,2302.0,7.0,0.0,0.16387,64128.0,1721542144.0,64.0,0.0,0.0,0.0,0.0,0.0,62.0,0.0,3.368206,1.0,4.0,1.0,0.0,11.227352,31872.0,11.0,1.0,0.0,8.333333,0.0,0.890682,0.0,0.0,20128.396484,0.890682,356.0,0.0,328.857147,0.0,0.0,0.890682,0.890682,1.0,0.0,0.0,6.736411,0.0,SSH
0.0,0.000497,0.0,114.0,0.743273,0.163373,-0.0,7362.032227,15692.75293,2418.0,1.0,1620.0,10.0,0.0,0.16387,64128.0,1721542144.0,64.0,0.0,0.0,0.0,0.0,0.0,62.0,0.0,8.072404,1.0,7.0,0.0,0.0,21.526411,31872.0,17.0,1.0,0.0,0.0,0.0,0.743273,0.0,0.0,23054.785156,0.743273,798.0,0.0,162.0,0.0,0.0,0.743273,0.743273,0.0,0.0,0.0,12.108605,0.0,SSH
0.0,0.000497,0.0,117.199997,0.278004,0.163373,-0.0,13496.208984,26790.982422,1672.0,1.0,1086.0,7.0,0.0,0.16387,64128.0,1721542144.0,64.0,0.0,0.0,0.0,0.0,0.0,62.0,0.0,14.388283,1.0,5.0,0.0,0.0,39.567776,31872.0,12.0,1.0,0.0,0.0,0.0,0.278004,0.0,0.0,40287.191406,0.278004,586.0,0.0,155.142853,0.0,0.0,0.278004,0.278004,0.0,0.0,0.0,21.582424,0.0,SSH
0.0,0.000497,0.0,117.199997,0.215723,0.163373,-0.0,17392.675781,29445.169922,1512.0,1.0,926.0,7.0,0.0,0.16387,64128.0,1721542144.0,64.0,0.0,0.0,0.0,0.0,0.0,62.0,0.0,18.542297,1.0,5.0,0.0,0.0,50.991318,31872.0,12.0,1.0,0.0,0.0,0.0,0.215723,0.0,0.0,46837.84375,0.215723,586.0,0.0,132.285721,0.0,0.0,0.215723,0.215723,0.0,0.0,0.0,27.813446,0.0,SSH
0.0,0.000497,0.0,91.599998,0.648828,0.163373,-0.0,10172.186523,238929.265625,21370.0,1.0,20454.0,19.0,0.0,0.16387,64128.0,1721542144.0,64.0,0.0,0.0,0.0,0.0,0.0,62.0,0.0,13.871164,1.0,10.0,0.0,0.0,43.154732,31872.0,29.0,1.0,0.0,0.0,0.0,0.648828,0.0,0.0,249101.453125,0.648828,916.0,0.0,1076.526367,0.0,0.0,0.648828,0.648828,0.0,0.0,0.0,27.742329,0.0,SSH
0.0,0.000497,0.0,87.333336,0.958993,0.163373,-0.0,8016.742188,179104.53125,23648.0,1.0,22600.0,20.0,0.0,0.16387,86400.0,1721542144.0,64.0,0.0,0.0,0.0,0.0,0.0,62.0,0.0,11.470366,1.0,12.0,0.0,0.0,32.325573,31872.0,32.0,1.0,0.0,0.0,0.0,0.958993,0.0,0.0,187121.28125,0.958993,1048.0,0.0,1130.0,0.0,0.0,0.958993,0.958993,0.0,0.0,0.0,19.812449,0.0,SSH
0.0,0.000497,0.0,114.0,0.556924,0.163373,-0.0,6550.265625,11204.401367,1480.0,1.0,910.0,7.0,0.0,0.16387,89344.0,1721542144.0,64.0,0.0,0.0,0.0,0.0,0.0,62.0,0.0,7.182309,1.0,5.0,0.0,0.0,19.751348,31872.0,12.0,1.0,0.0,0.0,0.0,0.556924,0.0,0.0,17754.667969,0.556924,570.0,0.0,130.0,0.0,0.0,0.556924,0.556924,0.0,0.0,0.0,10.773463,0.0,SSH
0.0,0.000497,0.0,117.199997,0.540371,0.163373,-0.0,6943.37793,16166.670898,1834.0,1.0,1248.0,8.0,0.0,0.16387,95104.0,1721542144.0,64.0,0.0,0.0,0.0,0.0,0.0,62.0,0.0,7.402322,1.0,5.0,0.0,0.0,22.206964,31872.0,13.0,1.0,0.0,0.0,0.0,0.540371,0.0,0.0,23110.048828,0.540371,586.0,0.0,156.0,0.0,0.0,0.540371,0.540371,0.0,0.0,0.0,12.954063,0.0,SSH
0.0,0.000497,0.0,117.199997,0.958773,0.163373,-0.0,3913.334961,10288.149414,2024.0,1.0,1438.0,7.0,0.0,0.16387,98048.0,1721542144.0,64.0,0.0,0.0,0.0,0.0,0.0,62.0,0.0,4.171999,1.0,5.0,0.0,0.0,11.472997,31872.0,12.0,1.0,0.0,0.0,0.0,0.958773,0.0,0.0,14201.484375,0.958773,586.0,0.0,205.428574,0.0,0.0,0.958773,0.958773,0.0,0.0,0.0,6.257998,0.0,SSH
0.0,0.000497,0.0,133.199997,0.849342,0.163373,-0.0,5020.356934,15824.014648,2586.0,1.0,1920.0,8.0,0.0,0.16387,100992.0,1721542144.0,64.0,0.0,0.0,0.0,0.0,0.0,62.0,0.0,4.709528,1.0,5.0,0.0,0.0,14.128585,31872.0,13.0,1.0,0.0,0.0,0.0,0.849342,0.0,0.0,20844.371094,0.849342,666.0,0.0,240.0,0.0,0.0,0.849342,0.849342,0.0,0.0,0.0,8.241674,0.0,SSH
0.0,0.000497,0.0,110.0,0.586306,0.163373,-0.0,4502.768555,10588.328125,1410.0,1.0,970.0,5.0,0.0,0.16387,106752.0,1721542144.0,64.0,0.0,0.0,0.0,0.0,0.0,62.0,0.0,5.116782,1.0,4.0,0.0,0.0,13.644753,31872.0,9.0,1.0,0.0,0.0,0.0,0.586306,0.0,0.0,15091.09668,0.586306,440.0,0.0,194.0,0.0,0.0,0.586306,0.586306,0.0,0.0,0.0,6.822376,0.0,SSH
0.0,0.000497,0.0,123.599998,0.860862,0.163373,-0.0,4600.040527,17285.0,2788.0,1.0,2170.0,7.0,0.0,0.16387,112512.0,1721542144.0,64.0,0.0,0.0,0.0,0.0,0.0,62.0,0.0,4.646505,1.0,5.0,0.0,0.0,12.77789,31872.0,12.0,1.0,0.0,0.0,0.0,0.860862,0.0,0.0,21885.041016,0.860862,618.0,0.0,310.0,0.0,0.0,0.860862,0.860862,0.0,0.0,0.0,6.969758,0.0,SSH
0.0,0.000497,0.0,114.0,0.000496,0.163373,-0.0,0.0,0.0,180.0,1.0,66.0,1.0,0.0,0.16387,112512.0,1721542144.0,64.0,0.0,0.0,0.0,0.0,0.0,62.0,0.0,0.0,1.0,1.0,0.0,0.0,2016.129028,31872.0,2.0,0.0,0.0,0.0,0.0,0.000496,0.0,0.0,0.0,0.000496,114.0,0.0,66.0,0.0,0.0,0.000496,0.000496,0.0,0.0,0.0,0.0,0.0,SSH
0.0,0.000497,0.0,134.571426,0.884087,0.163373,-0.0,7311.497559,18387.330078,3158.0,1.0,2216.0,12.0,0.0,0.16387,118272.0,1721542144.0,64.0,0.0,0.0,0.0,0.0,0.0,62.0,0.0,6.786662,1.0,7.0,0.0,0.0,20.359987,31872.0,19.0,1.0,0.0,0.0,0.0,0.884087,0.0,0.0,25698.828125,0.884087,942.0,0.0,184.666672,0.0,0.0,0.884087,0.884087,0.0,0.0,0.0,12.442214,0.0,SSH
0.0,0.000497,0.0,126.800003,0.900074,0.163373,-0.0,4515.184082,5546.210449,1382.0,1.0,748.0,6.0,0.0,0.16387,121216.0,1721542144.0,64.0,0.0,0.0,0.0,0.0,0.0,62.0,0.0,4.444079,1.0,5.0,0.0,0.0,11.110197,31872.0,11.0,1.0,0.0,0.0,0.0,0.900074,0.0,0.0,10061.394531,0.900074,634.0,0.0,124.666664,0.0,0.0,0.900074,0.900074,0.0,0.0,0.0,5.555099,0.0,SSH
0.0,0.000497,0.0,98.0,0.202564,0.163373,-0.0,7740.763184,2606.583496,426.0,1.0,132.0,2.0,0.0,0.16387,124160.0,1721542144.0,64.0,0.0,0.0,0.0,0.0,0.0,62.0,0.0,9.873423,1.0,3.0,0.0,0.0,19.746845,31872.0,5.0,0.0,0.0,0.0,0.0,0.202564,0.0,0.0,10347.34668,0.202564,294.0,0.0,66.0,0.0,0.0,0.202564,0.202564,0.0,0.0,0.0,4.936711,0.0,SSH
0.0,0.000497,0.0,123.599998,0.528282,0.163373,-0.0,7495.996582,9449.499023,1366.0,1.0,748.0,6.0,0.0,0.16387,126976.0,1721542144.0,64.0,0.0,0.0,0.0,0.0,0.0,62.0,0.0,7.571714,1.0,5.0,0.0,0.0,18.929285,31872.0,11.0,1.0,0.0,0.0,0.0,0.528282,0.0,0.0,16945.496094,0.528282,618.0,0.0,124.666664,0.0,0.0,0.528282,0.528282,0.0,0.0,0.0,9.464643,0.0,SSH
0.0,0.000497,0.0,114.0,0.541304,0.163373,-0.0,1684.820435,1152.771851,384.0,1.0,156.0,2.0,0.0,0.16387,126976.0,1721542144.0,64.0,0.0,0.0,0.0,0.0,0.0,62.0,0.0,1.847391,1.0,2.0,0.0,0.0,5.542172,31872.0,4.0,0.0,0.0,0.0,0.0,0.541304,0.0,0.0,2837.592285,0.541304,228.0,0.0,78.0,0.0,0.0,0.541304,0.541304,0.0,0.0,0.0,1.847391,0.0,SSH
0.0,0.000497,0.0,114.0,0.000499,0.163373,-0.0,0.0,0.0,192.0,1.0,78.0,1.0,0.0,0.16387,126976.0,1721542144.0,64.0,0.0,0.0,0.0,0.0,0.0,62.0,0.0,0.0,1.0,1.0,0.0,0.0,2004.007935,31872.0,2.0,0.0,0.0,0.0,0.0,0.000499,0.0,0.0,0.0,0.000499,114.0,0.0,78.0,0.0,0.0,0.000499,0.000499,0.0,0.0,0.0,0.0,0.0,SSH
0.0,0.000497,0.0,123.14286,0.863,0.163373,-0.0,6850.521484,9084.588867,1950.0,1.0,1088.0,10.0,0.0,0.16387,129920.0,1721542144.0,64.0,0.0,0.0,0.0,0.0,0.0,62.0,0.0,6.952491,1.0,7.0,0.0,0.0,18.539978,31872.0,17.0,1.0,0.0,0.0,0.0,0.863,0.0,0.0,15935.110352,0.863,862.0,0.0,108.800003,0.0,0.0,0.863,0.863,0.0,0.0,0.0,10.428738,0.0,SSH
0.0,0.000497,0.0,110.800003,0.786125,0.163373,-0.0,4518.365234,5128.955078,1184.0,1.0,630.0,5.0,0.0,0.16387,132736.0,1721542144.0,64.0,0.0,0.0,0.0,0.0,0.0,62.0,0.0,5.088249,1.0,5.0,0.0,0.0,11.448561,31872.0,10.0,1.0,0.0,0.0,0.0,0.786125,0.0,0.0,9647.320312,0.786125,554.0,0.0,126.0,0.0,0.0,0.786125,0.786125,0.0,0.0,0.0,5.088249,0.0,SSH
0.0,0.000497,0.0,114.0,0.804555,0.163373,-0.0,1133.545898,775.584045,384.0,1.0,156.0,2.0,0.0,0.16387,132736.0,1721542144.0,64.0,0.0,0.0,0.0,0.0,0.0,62.0,0.0,1.242923,1.0,2.0,0.0,0.0,3.728769,31872.0,4.0,0.0,0.0,0.0,0.0,0.804555,0.0,0.0,1909.129883,0.804555,228.0,0.0,78.0,0.0,0.0,0.804555,0.804555,0.0,0.0,0.0,1.242923,0.0,SSH
0.0,0.000497,0.0,114.0,0.001481,0.163373,-0.0,0.0,0.0,192.0,1.0,78.0,1.0,0.0,0.16387,132736.0,1721542144.0,64.0,0.0,0.0,0.0,0.0,0.0,62.0,0.0,0.0,1.0,1.0,0.0,0.0,675.219482,31872.0,2.0,0.0,0.0,0.0,0.0,0.001481,0.0,0.0,0.0,0.001481,114.0,0.0,78.0,0.0,0.0,0.001481,0.001481,0.0,0.0,0.0,0.0,0.0,SSH
0.0,0.000497,0.0,116.666664,0.697389,0.163373,-0.0,6699.273926,8959.131836,1592.0,1.0,892.0,8.0,0.0,0.16387,135680.0,1721542144.0,64.0,0.0,0.0,0.0,0.0,0.0,62.0,0.0,7.1696,1.0,6.0,0.0,0.0,18.640959,31872.0,14.0,1.0,0.0,0.0,0.0,0.697389,0.0,0.0,15658.405273,0.697389,700.0,0.0,111.5,0.0,0.0,0.697389,0.697389,0.0,0.0,0.0,10.037439,0.0,SSH
0.0,0.000497,0.0,114.0,0.415599,0.163373,-0.0,2194.423096,1501.447388,384.0,1.0,156.0,2.0,0.0,0.16387,135680.0,1721542144.0,64.0,0.0,0.0,0.0,0.0,0.0,62.0,0.0,2.406166,1.0,2.0,0.0,0.0,7.218497,31872.0,4.0,0.0,0.0,0.0,0.0,0.415599,0.0,0.0,3695.870361,0.415599,228.0,0.0,78.0,0.0,0.0,0.415599,0.415599,0.0,0.0,0.0,2.406166,0.0,SSH
0.0,0.000497,0.0,119.333336,0.494063,0.163373,-0.0,9666.783203,14006.311523,1704.0,1.0,988.0,8.0,0.0,0.16387,138624.0,1721542144.0,64.0,0.0,0.0,0.0,0.0,0.0,62.0,0.0,10.120167,1.0,6.0,0.0,0.0,26.312435,31872.0,14.0,1.0,0.0,0.0,0.0,0.494063,0.0,0.0,23673.095703,0.494063,716.0,0.0,123.5,0.0,0.0,0.494063,0.494063,0.0,0.0,0.0,14.168234,0.0,SSH
0.0,0.000497,0.0,106.0,0.632987,0.163373,-0.0,4019.039795,5990.644043,1056.0,1.0,632.0,4.0,0.0,0.16387,141440.0,1721542144.0,64.0,0.0,0.0,0.0,0.0,0.0,62.0,0.0,4.739434,1.0,4.0,0.0,0.0,11.058679,31872.0,8.0,1.0,0.0,0.0,0.0,0.632987,0.0,0.0,10009.683594,0.632987,424.0,0.0,158.0,0.0,0.0,0.632987,0.632987,0.0,0.0,0.0,4.739434,0.0,SSH
0.0,0.000497,0.0,66.0,0.0,0.163373,-0.0,0.0,0.0,276.0,1.0,210.0,1.0,0.0,0.16387,144384.0,1721542144.0,64.0,0.0,0.0,0.0,0.0,0.0,62.0,0.0,0.0,1.0,1.0,0.0,1.0,0.0,31872.0,2.0,0.0,0.0,0.0,0.0,0.0,0.0,0.0,0.0,0.0,66.0,0.0,210.0,0.0,0.0,0.0,0.0,0.0,0.0,0.0,0.0,0.0,SSH
0.0,0.000497,0.0,66.0,0.925952,0.163373,-0.0,0.0,4734.586426,888.0,1.0,822.0,3.0,0.0,0.16387,147328.0,1721542144.0,64.0,0.0,0.0,0.0,0.0,0.0,62.0,0.0,0.0,1.0,1.0,0.0,1.0,3.239909,31872.0,4.0,0.0,0.0,0.0,0.0,0.925952,0.0,0.0,4734.586426,0.925952,66.0,0.0,274.0,0.0,0.0,0.925952,0.925952,0.0,0.0,0.0,2.159939,0.0,SSH
0.0,0.000497,0.0,104.0,0.988307,0.163373,-0.0,5892.905762,6427.152832,1758.0,1.0,926.0,7.0,0.0,0.16387,153088.0,1721542144.0,64.0,0.0,0.0,0.0,0.0,0.0,62.0,0.0,7.082819,1.0,8.0,0.0,0.0,14.165639,31872.0,15.0,1.0,0.0,0.0,0.0,0.988307,0.0,0.0,12320.058594,0.988307,832.0,0.0,132.285721,0.0,0.0,0.988307,0.988307,0.0,0.0,0.0,6.070988,0.0,SSH
0.0,0.000497,0.0,117.199997,0.925199,0.163373,-0.0,4055.343994,15875.503906,2728.0,1.0,2142.0,7.0,0.0,0.16387,157440.0,1721542144.0,64.0,0.0,0.0,0.0,0.0,0.0,62.0,0.0,4.323394,1.0,5.0,0.0,0.0,11.889335,31872.0,12.0,1.0,0.0,0.0,0.0,0.925199,0.0,0.0,19930.847656,0.925199,586.0,0.0,306.0,0.0,0.0,0.925199,0.925199,0.0,0.0,0.0,6.485092,0.0,SSH
0.0,0.000497,0.0,116.666664,0.586394,0.163373,-0.0,7967.339355,23902.017578,2670.0,1.0,1970.0,9.0,0.0,0.16387,158080.0,1721542144.0,64.0,0.0,0.0,0.0,0.0,0.0,62.0,0.0,8.52669,1.0,6.0,0.0,0.0,23.874733,31872.0,15.0,1.0,0.0,0.0,0.0,0.586394,0.0,0.0,31869.357422,0.586394,700.0,0.0,218.888885,0.0,0.0,0.586394,0.586394,0.0,0.0,0.0,13.642704,0.0,SSH
0.0,0.000497,0.0,117.199997,0.216023,0.163373,-0.0,17368.521484,33996.378906,1656.0,1.0,1070.0,7.0,0.0,0.16387,159104.0,1721542144.0,64.0,0.0,0.0,0.0,0.0,0.0,62.0,0.0,18.516546,1.0,5.0,0.0,0.0,50.920506,31872.0,12.0,1.0,0.0,0.0,0.0,0.216023,0.0,0.0,51364.902344,0.216023,586.0,0.0,152.857147,0.0,0.0,0.216023,0.216023,0.0,0.0,0.0,27.77482,0.0,SSH
0.0,0.000497,0.0,114.0,0.970508,0.163373,-0.0,7517.712402,15051.911133,3018.0,1.0,1992.0,12.0,0.0,0.16387,159104.0,1721542144.0,64.0,0.0,0.0,0.0,0.0,0.0,62.0,0.0,8.243106,1.0,9.0,0.0,0.0,20.607765,31872.0,21.0,1.0,0.0,0.0,0.0,0.970508,0.0,0.0,22569.623047,0.970508,1026.0,0.0,166.0,0.0,0.0,0.970508,0.970508,0.0,0.0,0.0,11.33427,0.0,SSH
0.0,0.000497,0.0,66.0,0.046121,0.163373,-0.0,11448.146484,0.0,132.0,1.0,0.0,0.0,0.0,0.16387,159104.0,1721542144.0,64.0,0.0,0.0,0.0,0.0,0.0,62.0,0.0,21.682096,1.0,2.0,0.0,0.0,21.682096,37317.08209959624,2.0,0.0,0.0,0.0,0.0,0.046121,0.0,0.0,11448.146484,0.046121,132.0,0.0,0.0,0.0,0.0,0.046121,0.046121,0.0,0.0,0.0,0.0,0.0,SSH
0.0,0.000497,0.0,99.599998,0.847261,0.163373,-0.0,8469.644531,24861.287109,3868.0,1.0,2872.0,12.0,0.0,0.16387,159104.0,1721542144.0,64.0,0.0,0.0,0.0,0.0,0.0,62.0,0.0,10.622464,1.0,10.0,0.0,0.0,24.785751,31872.0,22.0,1.0,0.0,0.0,0.0,0.847261,0.0,0.0,33330.933594,0.847261,996.0,0.0,239.333328,0.0,0.0,0.847261,0.847261,0.0,0.0,0.0,12.983012,0.0,SSH
0.0,0.000497,0.0,121.111115,0.400025,0.163373,-0.0,19378.789062,32677.957031,2860.0,1.0,1770.0,13.0,0.0,0.16387,159104.0,1721542144.0,64.0,0.0,0.0,0.0,0.0,0.0,62.0,0.0,19.998749,1.0,9.0,0.0,0.0,52.496719,31872.0,22.0,1.0,0.0,0.0,0.0,0.400025,0.0,0.0,52056.746094,0.400025,1090.0,0.0,136.153839,0.0,0.0,0.400025,0.400025,0.0,0.0,0.0,29.998125,0.0,SSH
0.0,0.000497,0.0,117.199997,0.219489,0.163373,-0.0,17094.251953,36448.296875,1752.0,1.0,1166.0,7.0,0.0,0.16387,159104.0,1721542144.0,64.0,0.0,0.0,0.0,0.0,0.0,62.0,0.0,18.224148,1.0,5.0,0.0,0.0,50.116409,31872.0,12.0,1.0,0.0,0.0,0.0,0.219489,0.0,0.0,53542.546875,0.219489,586.0,0.0,166.571426,0.0,0.0,0.219489,0.219489,0.0,0.0,0.0,27.336224,0.0,SSH
0.0,0.000497,0.0,108.666664,0.98604,0.163373,-0.0,9703.459961,115841.140625,16230.0,1.0,14926.0,23.0,0.0,0.16387,159104.0,1721542144.0,64.0,0.0,0.0,0.0,0.0,0.0,62.0,0.0,11.155734,1.0,12.0,0.0,0.0,34.481361,31872.0,35.0,1.0,0.0,0.0,0.0,0.98604,0.0,0.0,125544.601562,0.98604,1304.0,0.0,648.956543,0.0,0.0,0.98604,0.98604,0.0,0.0,0.0,22.311468,0.0,SSH
0.0,0.000497,0.0,115.777779,0.983796,0.163373,-0.0,7538.147949,18906.359375,3578.0,1.0,2536.0,12.0,0.0,0.16387,159104.0,1721542144.0,64.0,0.0,0.0,0.0,0.0,0.0,62.0,0.0,8.131767,1.0,9.0,0.0,0.0,20.329418,31872.0,21.0,1.0,0.0,0.0,0.0,0.983796,0.0,0.0,26444.505859,0.983796,1042.0,0.0,211.333328,0.0,0.0,0.983796,0.983796,0.0,0.0,0.0,11.18118,0.0,SSH
0.0,0.000497,0.0,114.0,0.052088,0.163373,-0.0,0.0,10136.691406,246.0,1.0,132.0,2.0,0.0,0.16387,159104.0,1721542144.0,64.0,0.0,0.0,0.0,0.0,0.0,62.0,0.0,0.0,1.0,1.0,0.0,0.0,38.396561,31872.0,3.0,0.0,0.0,0.0,0.0,0.052088,0.0,0.0,10136.691406,0.052088,114.0,0.0,66.0,0.0,0.0,0.052088,0.052088,0.0,0.0,0.0,19.19828,0.0,SSH
0.0,0.000497,1.0,115.714287,0.970104,0.163373,-0.0,5731.344238,9491.765625,2104.0,1.0,1294.0,9.0,0.0,0.16387,159104.0,1721542144.0,64.0,0.0,0.0,0.0,0.0,0.0,62.0,0.0,6.184904,1.0,7.0,1.0,0.0,15.46226,31872.0,16.0,1.0,0.0,5.882353,0.0,0.970104,0.0,0.0,15223.110352,0.970104,810.0,0.0,143.777771,0.0,0.0,0.970104,0.970104,1.0,0.0,0.0,8.246539,0.0,SSH
0.0,0.000497,0.0,162.0,0.0,0.163373,-0.0,0.0,0.0,240.0,1.0,78.0,1.0,0.0,0.16387,159104.0,1721542144.0,64.0,0.0,0.0,0.0,0.0,0.0,62.0,0.0,0.0,1.0,1.0,0.0,0.0,0.0,31872.0,2.0,0.0,0.0,0.0,0.0,0.0,0.0,0.0,0.0,0.0,162.0,0.0,78.0,0.0,0.0,0.0,0.0,0.0,0.0,0.0,0.0,0.0,SSH
0.0,0.000497,0.0,162.0,0.000996,0.163373,-0.0,0.0,0.0,240.0,1.0,78.0,1.0,0.0,0.16387,159104.0,1721542144.0,64.0,0.0,0.0,0.0,0.0,0.0,62.0,0.0,0.0,1.0,1.0,0.0,0.0,1004.016052,31872.0,2.0,0.0,0.0,0.0,0.0,0.000996,0.0,0.0,0.0,0.000996,162.0,0.0,78.0,0.0,0.0,0.000996,0.000996,0.0,0.0,0.0,0.0,0.0,SSH
0.0,0.000497,0.0,116.285713,0.541748,0.163373,-0.0,10307.375977,10455.045898,1640.0,1.0,826.0,7.0,0.0,0.16387,159104.0,1721542144.0,64.0,0.0,0.0,0.0,0.0,0.0,62.0,0.0,11.07526,1.0,7.0,0.0,0.0,23.996397,31872.0,14.0,1.0,0.0,0.0,0.0,0.541748,0.0,0.0,20762.421875,0.541748,814.0,0.0,118.0,0.0,0.0,0.541748,0.541748,0.0,0.0,0.0,11.07526,0.0,SSH
0.0,0.000497,0.0,117.199997,0.954712,0.163373,-0.0,8840.362305,12577.615234,2798.0,1.0,1626.0,13.0,0.0,0.16387,159104.0,1721542144.0,64.0,0.0,0.0,0.0,0.0,0.0,62.0,0.0,9.426927,1.0,10.0,0.0,0.0,23.043598,31872.0,23.0,1.0,0.0,0.0,0.0,0.954712,0.0,0.0,21417.978516,0.954712,1172.0,0.0,125.07692,0.0,0.0,0.954712,0.954712,0.0,0.0,0.0,12.569236,0.0,SSH
0.0,0.000497,0.0,117.199997,0.218105,0.163373,-0.0,17202.722656,27619.724609,1464.0,1.0,878.0,7.0,0.0,0.16387,159104.0,1721542144.0,64.0,0.0,0.0,0.0,0.0,0.0,62.0,0.0,18.33979,1.0,5.0,0.0,0.0,50.434422,31872.0,12.0,1.0,0.0,0.0,0.0,0.218105,0.0,0.0,44822.445312,0.218105,586.0,0.0,125.428574,0.0,0.0,0.218105,0.218105,0.0,0.0,0.0,27.509686,0.0,SSH
0.0,0.000497,2.0,109.0,0.888455,0.163373,-0.0,2944.437256,104135.835938,13052.0,1.0,12616.0,12.0,0.0,0.16387,159104.0,1721542144.0,64.0,0.0,0.0,0.0,0.0,0.0,62.0,0.0,3.376648,1.0,4.0,2.0,0.0,16.883242,31872.0,16.0,1.0,0.0,11.111111,0.0,0.888455,0.0,0.0,107080.273438,0.888455,436.0,0.0,1051.333374,0.0,0.0,0.888455,0.888455,1.0,0.0,0.0,12.381043,0.0,SSH
0.0,0.000497,4.0,82.0,0.519275,0.163373,-0.0,1263.299805,67848.4375,6036.0,1.0,5872.0,4.0,0.0,0.16387,157696.0,1721542144.0,64.0,0.0,0.0,0.0,0.0,0.0,62.0,0.0,1.925762,1.0,2.0,4.0,1.0,9.628809,31872.0,6.0,0.0,0.0,40.0,0.0,0.519275,0.0,0.0,69111.734375,0.519275,164.0,0.0,1468.0,0.0,0.0,0.519275,0.519275,1.0,0.0,0.0,5.777286,0.0,SSH
0.0,0.000497,0.0,0.0,0.0,0.163373,-0.0,0.0,0.0,1514.0,1.0,1514.0,1.0,0.0,0.16387,103135.70040124832,1721542144.0,64.0,0.0,0.0,0.0,0.0,0.0,62.0,0.0,0.0,1.0,0.0,1.0,0.0,0.0,37317.08209959624,1.0,0.0,0.0,0.0,0.0,0.0,0.0,0.0,0.0,0.0,0.0,0.0,1514.0,1.0,0.0,0.0,0.0,1.0,0.0,0.0,0.0,0.0,SSH
0.0,0.000497,4.0,90.0,0.216854,0.163373,-0.0,13280.824219,184603.453125,6454.0,1.0,6004.0,6.0,0.0,0.16387,159744.0,1721542144.0,64.0,0.0,0.0,0.0,0.0,0.0,62.0,0.0,18.445589,1.0,5.0,4.0,0.0,46.113976,31872.0,11.0,1.0,0.0,26.666667,0.0,0.216854,0.0,0.0,197884.28125,0.216854,450.0,0.0,1000.666687,0.0,0.0,0.216854,0.216854,1.0,0.0,0.0,23.056988,0.0,SSH
0.0,0.000497,0.0,123.599998,0.263716,0.163373,-0.0,15016.15332,26179.677734,1624.0,1.0,1006.0,7.0,0.0,0.16387,159744.0,1721542144.0,64.0,0.0,0.0,0.0,0.0,0.0,62.0,0.0,15.167831,1.0,5.0,0.0,0.0,41.711536,31872.0,12.0,1.0,0.0,0.0,0.0,0.263716,0.0,0.0,41195.828125,0.263716,618.0,0.0,143.714279,0.0,0.0,0.263716,0.263716,0.0,0.0,0.0,22.751747,0.0,SSH
0.0,0.000497,0.0,117.199997,0.21683,0.163373,-0.0,17303.878906,31840.613281,1592.0,1.0,1006.0,7.0,0.0,0.16387,159744.0,1721542144.0,64.0,0.0,0.0,0.0,0.0,0.0,62.0,0.0,18.447632,1.0,5.0,0.0,0.0,50.730988,31872.0,12.0,1.0,0.0,0.0,0.0,0.21683,0.0,0.0,49144.492188,0.21683,586.0,0.0,143.714279,0.0,0.0,0.21683,0.21683,0.0,0.0,0.0,27.671448,0.0,SSH
0.0,0.000497,0.0,123.599998,0.217081,0.163373,-0.0,18242.039062,22996.025391,1366.0,1.0,748.0,6.0,0.0,0.16387,159744.0,1721542144.0,64.0,0.0,0.0,0.0,0.0,0.0,62.0,0.0,18.426302,1.0,5.0,0.0,0.0,46.065754,31872.0,11.0,1.0,0.0,0.0,0.0,0.217081,0.0,0.0,41238.0625,0.217081,618.0,0.0,124.666664,0.0,0.0,0.217081,0.217081,0.0,0.0,0.0,23.032877,0.0,SSH
0.0,0.000497,0.0,128.0,0.541687,0.163373,-0.0,13232.733398,19199.279297,2468.0,1.0,1444.0,10.0,0.0,0.16387,159744.0,1721542144.0,64.0,0.0,0.0,0.0,0.0,0.0,62.0,0.0,12.922591,1.0,8.0,0.0,0.0,31.383436,31872.0,18.0,1.0,0.0,0.0,0.0,0.541687,0.0,0.0,32432.011719,0.541687,1024.0,0.0,144.399994,0.0,0.0,0.541687,0.541687,0.0,0.0,0.0,16.614761,0.0,SSH
0.0,0.000497,0.0,85.199997,0.123408,0.163373,-0.0,22105.537109,33709.324219,1076.0,1.0,650.0,5.0,0.0,0.16387,159744.0,1721542144.0,64.0,0.0,0.0,0.0,0.0,0.0,62.0,0.0,32.412811,1.0,5.0,0.0,0.0,72.928825,31872.0,10.0,1.0,0.0,0.0,0.0,0.123408,0.0,0.0,55814.859375,0.123408,426.0,0.0,130.0,0.0,0.0,0.123408,0.123408,0.0,0.0,0.0,32.412811,0.0,SSH
0.0,0.000497,0.0,124.666664,0.918579,0.163373,-0.0,2177.276123,9388.414062,1606.0,1.0,1232.0,8.0,0.0,0.16387,159744.0,1721542144.0,64.0,0.0,0.0,0.0,0.0,0.0,62.0,0.0,2.177276,1.0,3.0,0.0,0.0,10.88638,31872.0,11.0,1.0,0.0,0.0,0.0,0.918579,0.0,0.0,11565.69043,0.918579,374.0,0.0,154.0,0.0,0.0,0.918579,0.918579,0.0,0.0,0.0,7.620466,0.0,SSH
0.0,0.000497,0.0,114.0,0.556637,0.163373,-0.0,4915.231934,2012.083374,666.0,1.0,210.0,3.0,0.0,0.16387,159744.0,1721542144.0,64.0,0.0,0.0,0.0,0.0,0.0,62.0,0.0,5.389509,1.0,4.0,0.0,0.0,10.779017,31872.0,7.0,0.0,0.0,0.0,0.0,0.556637,0.0,0.0,6927.31543,0.556637,456.0,0.0,70.0,0.0,0.0,0.556637,0.556637,0.0,0.0,0.0,3.593006,0.0,SSH
0.0,0.000497,0.0,123.599998,0.998251,0.163373,-0.0,3966.937988,9520.651367,2004.0,1.0,1386.0,7.0,0.0,0.16387,159744.0,1721542144.0,64.0,0.0,0.0,0.0,0.0,0.0,62.0,0.0,4.007008,1.0,5.0,0.0,0.0,11.019273,31872.0,12.0,1.0,0.0,0.0,0.0,0.998251,0.0,0.0,13487.589844,0.998251,618.0,0.0,198.0,0.0,0.0,0.998251,0.998251,0.0,0.0,0.0,6.010512,0.0,SSH
0.0,0.000497,1.0,130.0,0.688899,0.163373,-0.0,3019.310547,13284.966797,1762.0,1.0,1372.0,6.0,0.0,0.16387,159744.0,1721542144.0,64.0,0.0,0.0,0.0,0.0,0.0,62.0,0.0,2.903183,1.0,3.0,1.0,0.0,11.612733,31872.0,9.0,1.0,0.0,10.0,0.0,0.688899,0.0,0.0,16304.277344,0.688899,390.0,0.0,228.666672,0.0,0.0,0.688899,0.688899,1.0,0.0,0.0,7.257958,0.0,SSH
0.0,0.000497,0.0,114.0,0.524053,0.163373,-0.0,1740.282104,3816.407959,602.0,1.0,374.0,3.0,0.0,0.16387,159744.0,1721542144.0,64.0,0.0,0.0,0.0,0.0,0.0,62.0,0.0,1.908204,1.0,2.0,0.0,0.0,7.632816,31872.0,5.0,1.0,0.0,0.0,0.0,0.524053,0.0,0.0,5556.689941,0.524053,228.0,0.0,124.666664,0.0,0.0,0.524053,0.524053,0.0,0.0,0.0,3.816408,0.0,SSH
0.0,0.000497,0.0,162.0,0.0,0.163373,-0.0,0.0,0.0,240.0,1.0,78.0,1.0,0.0,0.16387,159744.0,1721542144.0,64.0,0.0,0.0,0.0,0.0,0.0,62.0,0.0,0.0,1.0,1.0,0.0,0.0,0.0,31872.0,2.0,0.0,0.0,0.0,0.0,0.0,0.0,0.0,0.0,0.0,162.0,0.0,78.0,0.0,0.0,0.0,0.0,0.0,0.0,0.0,0.0,0.0,SSH
0.0,0.000497,0.0,114.0,0.627068,0.163373,-0.0,7271.938965,8088.437012,1444.0,1.0,760.0,6.0,0.0,0.16387,159744.0,1721542144.0,64.0,0.0,0.0,0.0,0.0,0.0,62.0,0.0,7.973617,1.0,6.0,0.0,0.0,17.541958,31872.0,12.0,1.0,0.0,0.0,0.0,0.627068,0.0,0.0,15360.375977,0.627068,684.0,0.0,126.666664,0.0,0.0,0.627068,0.627068,0.0,0.0,0.0,7.973617,0.0,SSH
0.0,0.000497,0.0,130.0,0.834022,0.163373,-0.0,1246.969482,1678.612793,522.0,1.0,262.0,3.0,0.0,0.16387,159744.0,1721542144.0,64.0,0.0,0.0,0.0,0.0,0.0,62.0,0.0,1.199009,1.0,2.0,0.0,0.0,4.796037,31872.0,5.0,1.0,0.0,0.0,0.0,0.834022,0.0,0.0,2925.582275,0.834022,260.0,0.0,87.333336,0.0,0.0,0.834022,0.834022,0.0,0.0,0.0,2.398018,0.0,SSH
0.0,0.000497,0.0,106.0,0.168872,0.163373,-0.0,5021.554688,8811.407227,584.0,1.0,372.0,2.0,0.0,0.16387,159744.0,1721542144.0,64.0,0.0,0.0,0.0,0.0,0.0,62.0,0.0,5.921645,1.0,2.0,0.0,0.0,17.764935,31872.0,4.0,1.0,0.0,0.0,0.0,0.168872,0.0,0.0,13832.961914,0.168872,212.0,0.0,186.0,0.0,0.0,0.168872,0.168872,0.0,0.0,0.0,5.921645,0.0,SSH
0.0,0.000497,0.0,0.0,0.741101,0.163373,-0.0,0.0,6260.95459,870.0,1.0,870.0,3.0,0.0,0.16387,103135.70040124832,1721542144.0,64.0,0.0,0.0,0.0,0.0,0.0,62.0,0.0,0.0,1.0,0.0,2.0,0.0,2.698687,37317.08209959624,3.0,0.0,0.0,0.0,0.0,0.741101,0.0,1.0,6260.95459,0.741101,0.0,0.0,290.0,0.0,0.0,0.741101,0.741101,1.0,0.0,0.0,2.698687,0.0,SSH
0.0,0.000497,0.0,0.0,0.0,0.163373,-0.0,0.0,0.0,290.0,1.0,290.0,1.0,0.0,0.16387,103135.70040124832,1721542144.0,64.0,0.0,0.0,0.0,0.0,0.0,62.0,0.0,0.0,1.0,0.0,0.0,0.0,0.0,37317.08209959624,1.0,0.0,0.0,0.0,0.0,0.0,0.0,1.0,0.0,0.0,0.0,0.0,290.0,0.0,0.0,0.0,0.0,0.0,0.0,0.0,0.0,0.0,SSH
0.0,0.000497,0.0,66.0,0.061426,0.163373,-0.0,8595.708984,51313.777344,920.0,1.0,788.0,2.0,0.0,0.16387,159360.0,1721542144.0,64.0,0.0,0.0,0.0,0.0,0.0,62.0,0.0,16.279751,1.0,2.0,0.0,1.0,48.839256,31872.0,4.0,0.0,0.0,0.0,0.0,0.061426,0.0,0.0,59909.484375,0.061426,132.0,0.0,394.0,0.0,0.0,0.061426,0.061426,0.0,0.0,0.0,16.279751,0.0,SSH
0.0,0.000497,0.0,66.0,0.94717,0.163373,-0.0,0.0,1773.704834,486.0,1.0,420.0,2.0,0.0,0.16387,159232.0,1721542144.0,64.0,0.0,0.0,0.0,0.0,0.0,62.0,0.0,0.0,1.0,1.0,0.0,1.0,2.111553,31872.0,3.0,0.0,0.0,0.0,0.0,0.94717,0.0,0.0,1773.704834,0.94717,66.0,0.0,210.0,0.0,0.0,0.94717,0.94717,0.0,0.0,0.0,1.055777,0.0,SSH
0.0,0.000497,0.0,66.0,0.944762,0.163373,-0.0,0.0,0.0,276.0,1.0,210.0,1.0,0.0,0.16387,159104.0,1721542144.0,64.0,0.0,0.0,0.0,0.0,0.0,62.0,0.0,0.0,1.0,1.0,0.0,1.0,1.058468,31872.0,2.0,0.0,0.0,0.0,0.0,0.944762,0.0,0.0,0.0,0.944762,66.0,0.0,210.0,0.0,0.0,0.944762,0.944762,0.0,0.0,0.0,0.0,0.0,SSH
0.0,0.000497,0.0,66.0,0.972995,0.163373,-0.0,542.654419,0.0,342.0,1.0,210.0,1.0,0.0,0.16387,159104.0,1721542144.0,64.0,0.0,0.0,0.0,0.0,0.0,62.0,0.0,1.027755,1.0,2.0,0.0,1.0,2.055509,31872.0,3.0,0.0,0.0,0.0,0.0,0.972995,0.0,0.0,542.654419,0.972995,132.0,0.0,210.0,0.0,0.0,0.972995,0.972995,0.0,0.0,0.0,0.0,0.0,SSH
0.0,0.000497,0.0,66.0,0.0,0.163373,-0.0,0.0,0.0,276.0,1.0,210.0,1.0,0.0,0.16387,159104.0,1721542144.0,64.0,0.0,0.0,0.0,0.0,0.0,62.0,0.0,0.0,1.0,1.0,0.0,1.0,0.0,31872.0,2.0,0.0,0.0,0.0,0.0,0.0,0.0,0.0,0.0,0.0,66.0,0.0,210.0,0.0,0.0,0.0,0.0,0.0,0.0,0.0,0.0,0.0,SSH
0.0,0.000497,0.0,85.199997,0.154385,0.163373,-0.0,17670.111328,32956.570312,1220.0,1.0,794.0,5.0,0.0,0.16387,159744.0,1721542144.0,64.0,0.0,0.0,0.0,0.0,0.0,62.0,0.0,25.909252,1.0,5.0,0.0,0.0,58.295818,31872.0,10.0,1.0,0.0,0.0,0.0,0.154385,0.0,0.0,50626.679688,0.154385,426.0,0.0,158.800003,0.0,0.0,0.154385,0.154385,0.0,0.0,0.0,25.909252,0.0,SSH
0.0,0.000497,0.0,106.0,0.215906,0.163373,-0.0,11782.90625,49169.546875,2082.0,1.0,1658.0,5.0,0.0,0.16387,159744.0,1721542144.0,64.0,0.0,0.0,0.0,0.0,0.0,62.0,0.0,13.894937,1.0,4.0,0.0,0.0,37.053162,31872.0,9.0,1.0,0.0,0.0,0.0,0.215906,0.0,0.0,60952.453125,0.215906,424.0,0.0,331.600006,0.0,0.0,0.215906,0.215906,0.0,0.0,0.0,18.526581,0.0,SSH
0.0,0.000497,0.0,66.0,0.944101,0.163373,-0.0,0.0,2389.574951,630.0,1.0,564.0,2.0,0.0,0.16387,159488.0,1721542144.0,64.0,0.0,0.0,0.0,0.0,0.0,62.0,0.0,0.0,1.0,1.0,0.0,1.0,2.118418,31872.0,3.0,0.0,0.0,0.0,0.0,0.944101,0.0,0.0,2389.574951,0.944101,66.0,0.0,282.0,0.0,0.0,0.944101,0.944101,0.0,0.0,0.0,1.059209,0.0,SSH
0.0,0.000497,0.0,66.0,0.940413,0.163373,-0.0,561.455444,2398.946045,696.0,1.0,564.0,2.0,0.0,0.16387,159232.0,1721542144.0,64.0,0.0,0.0,0.0,0.0,0.0,62.0,0.0,1.063363,1.0,2.0,0.0,1.0,3.190088,31872.0,4.0,0.0,0.0,0.0,0.0,0.940413,0.0,0.0,2960.401367,0.940413,132.0,0.0,282.0,0.0,0.0,0.940413,0.940413,0.0,0.0,0.0,1.063363,0.0,SSH
0.0,0.000497,0.0,66.0,0.954563,0.163373,-0.0,553.13269,3637.266357,1000.0,1.0,868.0,2.0,0.0,0.16387,158976.0,1721542144.0,64.0,0.0,0.0,0.0,0.0,0.0,62.0,0.0,1.0476,1.0,2.0,0.0,1.0,3.142799,31872.0,4.0,0.0,0.0,0.0,0.0,0.954563,0.0,0.0,4190.398926,0.954563,132.0,0.0,434.0,0.0,0.0,0.954563,0.954563,0.0,0.0,0.0,1.0476,0.0,SSH
0.0,0.000497,0.0,66.0,0.951688,0.163373,-0.0,0.0,2370.524902,630.0,1.0,564.0,2.0,0.0,0.16387,158720.0,1721542144.0,64.0,0.0,0.0,0.0,0.0,0.0,62.0,0.0,0.0,1.0,1.0,0.0,1.0,2.101529,31872.0,3.0,0.0,0.0,0.0,0.0,0.951688,0.0,0.0,2370.524902,0.951688,66.0,0.0,282.0,0.0,0.0,0.951688,0.951688,0.0,0.0,0.0,1.050765,0.0,SSH
0.0,0.000497,0.0,66.0,0.950115,0.163373,-0.0,555.722168,0.0,566.0,1.0,434.0,1.0,0.0,0.16387,159104.0,1721542144.0,64.0,0.0,0.0,0.0,0.0,0.0,62.0,0.0,1.052504,1.0,2.0,0.0,1.0,2.105008,31872.0,3.0,0.0,0.0,0.0,0.0,0.950115,0.0,0.0,555.722168,0.950115,132.0,0.0,434.0,0.0,0.0,0.950115,0.950115,0.0,0.0,0.0,0.0,0.0,SSH
0.0,0.000497,0.0,66.0,0.947007,0.163373,-0.0,0.0,0.0,500.0,1.0,434.0,1.0,0.0,0.16387,158848.0,1721542144.0,64.0,0.0,0.0,0.0,0.0,0.0,62.0,0.0,0.0,1.0,1.0,0.0,1.0,1.055958,31872.0,2.0,0.0,0.0,0.0,0.0,0.947007,0.0,0.0,0.0,0.947007,66.0,0.0,434.0,0.0,0.0,0.947007,0.947007,0.0,0.0,0.0,0.0,0.0,SSH
0.0,0.000497,0.0,66.0,0.943123,0.163373,-0.0,0.0,2392.052734,630.0,1.0,564.0,2.0,0.0,0.16387,158592.0,1721542144.0,64.0,0.0,0.0,0.0,0.0,0.0,62.0,0.0,0.0,1.0,1.0,0.0,1.0,2.120614,31872.0,3.0,0.0,0.0,0.0,0.0,0.943123,0.0,0.0,2392.052734,0.943123,66.0,0.0,282.0,0.0,0.0,0.943123,0.943123,0.0,0.0,0.0,1.060307,0.0,SSH
0.0,0.000497,0.0,66.0,0.987476,0.163373,-0.0,1604.0896,2738.294434,940.0,1.0,676.0,2.0,0.0,0.16387,158720.0,1721542144.0,64.0,0.0,0.0,0.0,0.0,0.0,62.0,0.0,3.038049,1.0,4.0,0.0,1.0,5.063414,31872.0,6.0,0.0,0.0,0.0,0.0,0.987476,0.0,0.0,4342.384277,0.987476,264.0,0.0,338.0,0.0,0.0,0.987476,0.987476,0.0,0.0,0.0,1.012683,0.0,SSH
0.0,0.000497,0.0,117.199997,0.277547,0.163373,-0.0,13518.430664,16833.185547,1286.0,1.0,700.0,6.0,0.0,0.16387,159744.0,1721542144.0,64.0,0.0,0.0,0.0,0.0,0.0,62.0,0.0,14.411973,1.0,5.0,0.0,0.0,36.029934,31872.0,11.0,1.0,0.0,0.0,0.0,0.277547,0.0,0.0,30351.615234,0.277547,586.0,0.0,116.666664,0.0,0.0,0.277547,0.277547,0.0,0.0,0.0,18.014967,0.0,SSH
0.0,0.000497,0.0,66.0,0.0,0.163373,-0.0,0.0,0.0,580.0,1.0,514.0,1.0,0.0,0.16387,159744.0,1721542144.0,64.0,0.0,0.0,0.0,0.0,0.0,62.0,0.0,0.0,1.0,1.0,0.0,1.0,0.0,31872.0,2.0,0.0,0.0,0.0,0.0,0.0,0.0,0.0,0.0,0.0,66.0,0.0,514.0,0.0,0.0,0.0,0.0,0.0,0.0,0.0,0.0,0.0,SSH
0.0,0.000497,0.0,66.0,0.0,0.163373,-0.0,0.0,0.0,956.0,1.0,758.0,3.0,0.0,0.16387,159488.0,1721542144.0,64.0,0.0,0.0,0.0,0.0,0.0,62.0,0.0,0.0,1.0,3.0,0.0,1.0,0.0,31872.0,6.0,0.0,0.0,0.0,0.0,0.0,0.0,0.0,0.0,0.0,198.0,0.0,252.666672,0.0,0.0,0.0,0.0,0.0,0.0,0.0,0.0,0.0,SSH
0.0,0.000497,0.0,66.0,0.0,0.163373,-0.0,0.0,0.0,580.0,1.0,514.0,1.0,0.0,0.16387,159104.0,1721542144.0,64.0,0.0,0.0,0.0,0.0,0.0,62.0,0.0,0.0,1.0,1.0,0.0,1.0,0.0,31872.0,2.0,0.0,0.0,0.0,0.0,0.0,0.0,0.0,0.0,0.0,66.0,0.0,514.0,0.0,0.0,0.0,0.0,0.0,0.0,0.0,0.0,0.0,SSH
0.0,0.000497,0.0,66.0,0.0,0.163373,-0.0,0.0,0.0,580.0,1.0,514.0,1.0,0.0,0.16387,158720.0,1721542144.0,64.0,0.0,0.0,0.0,0.0,0.0,62.0,0.0,0.0,1.0,1.0,0.0,1.0,0.0,31872.0,2.0,0.0,0.0,0.0,0.0,0.0,0.0,0.0,0.0,0.0,66.0,0.0,514.0,0.0,0.0,0.0,0.0,0.0,0.0,0.0,0.0,0.0,SSH
0.0,0.000497,0.0,108.285713,0.926036,0.163373,-0.0,12163.673828,38158.34375,6192.0,1.0,4676.0,18.0,0.0,0.16387,159744.0,1721542144.0,64.0,0.0,0.0,0.0,0.0,0.0,62.0,0.0,14.038331,1.0,14.0,0.0,0.0,33.476021,31872.0,32.0,1.0,0.0,0.0,0.0,0.926036,0.0,0.0,50322.019531,0.926036,1516.0,0.0,259.777771,0.0,0.0,0.926036,0.926036,0.0,0.0,0.0,18.357817,0.0,SSH
0.0,0.000497,0.0,122.0,0.881996,0.163373,-0.0,5532.905273,16662.207031,2798.0,1.0,2066.0,9.0,0.0,0.16387,159744.0,1721542144.0,64.0,0.0,0.0,0.0,0.0,0.0,62.0,0.0,5.66896,1.0,6.0,0.0,0.0,15.873088,31872.0,15.0,1.0,0.0,0.0,0.0,0.881996,0.0,0.0,22195.113281,0.881996,732.0,0.0,229.555557,0.0,0.0,0.881996,0.881996,0.0,0.0,0.0,9.070336,0.0,SSH
0.0,0.000497,2.0,146.0,0.563834,0.163373,-0.0,0.0,5051.131836,680.0,1.0,534.0,3.0,0.0,0.16387,159744.0,1721542144.0,64.0,0.0,0.0,0.0,0.0,0.0,62.0,0.0,0.0,1.0,1.0,2.0,0.0,5.320715,31872.0,4.0,1.0,0.0,33.333333,0.0,0.563834,0.0,0.0,5051.131836,0.563834,146.0,0.0,178.0,0.0,0.0,0.563834,0.563834,1.0,0.0,0.0,3.547143,0.0,SSH
0.0,0.000497,0.0,0.0,0.0,0.163373,-0.0,0.0,0.0,178.0,1.0,178.0,1.0,0.0,0.16387,103135.70040124832,1721542144.0,64.0,0.0,0.0,0.0,0.0,0.0,62.0,0.0,0.0,1.0,0.0,0.0,0.0,0.0,37317.08209959624,1.0,0.0,0.0,0.0,0.0,0.0,0.0,1.0,0.0,0.0,0.0,0.0,178.0,0.0,0.0,0.0,0.0,0.0,0.0,0.0,0.0,0.0,SSH
0.0,0.000497,0.0,0.0,0.0,0.163373,-0.0,0.0,0.0,178.0,1.0,178.0,1.0,0.0,0.16387,103135.70040124832,1721542144.0,64.0,0.0,0.0,0.0,0.0,0.0,62.0,0.0,0.0,1.0,0.0,0.0,0.0,0.0,37317.08209959624,1.0,0.0,0.0,0.0,0.0,0.0,0.0,1.0,0.0,0.0,0.0,0.0,178.0,0.0,0.0,0.0,0.0,0.0,0.0,0.0,0.0,0.0,SSH
0.0,0.000497,0.0,87.599998,0.525523,0.163373,-0.0,5343.248535,45623.121094,4034.0,1.0,3596.0,6.0,0.0,0.16387,159744.0,1721542144.0,64.0,0.0,0.0,0.0,0.0,0.0,62.0,0.0,7.611465,1.0,5.0,0.0,0.0,19.028662,31872.0,11.0,1.0,0.0,0.0,0.0,0.525523,0.0,0.0,50966.371094,0.525523,438.0,0.0,599.333313,0.0,0.0,0.525523,0.525523,0.0,0.0,0.0,9.514331,0.0,SSH
0.0,0.000497,1.0,103.599998,0.955184,0.163373,-0.0,3475.770264,14464.229492,2532.0,1.0,2014.0,7.0,0.0,0.16387,158720.0,1721542144.0,64.0,0.0,0.0,0.0,0.0,0.0,62.0,0.0,4.187675,1.0,5.0,1.0,0.0,11.516106,31872.0,12.0,1.0,0.0,7.692308,0.0,0.955184,0.0,0.0,17940.0,0.955184,518.0,0.0,287.714294,0.0,0.0,0.955184,0.955184,1.0,0.0,0.0,6.281512,0.0,SSH
0.0,0.000497,0.0,115.0,0.989039,0.163373,-0.0,13952.938477,27323.492188,5386.0,1.0,3546.0,21.0,0.0,0.16387,159744.0,1721542144.0,64.0,0.0,0.0,0.0,0.0,0.0,62.0,0.0,15.166237,1.0,16.0,0.0,0.0,36.398968,31872.0,37.0,1.0,0.0,0.0,0.0,0.989039,0.0,0.0,41276.429688,0.989039,1840.0,0.0,168.857147,0.0,0.0,0.989039,0.989039,0.0,0.0,0.0,20.221649,0.0,SSH
0.0,0.000497,0.0,135.333328,0.865865,0.163373,-0.0,2503.854492,3741.922852,912.0,1.0,506.0,5.0,0.0,0.16387,159744.0,1721542144.0,64.0,0.0,0.0,0.0,0.0,0.0,62.0,0.0,2.309829,1.0,3.0,0.0,0.0,8.084401,31872.0,8.0,1.0,0.0,0.0,0.0,0.865865,0.0,0.0,6245.777344,0.865865,406.0,0.0,101.199997,0.0,0.0,0.865865,0.865865,0.0,0.0,0.0,4.619658,0.0,SSH
0.0,0.000497,0.0,82.761902,0.819233,0.163373,-0.0,16171.223633,408089.03125,44722.0,1.0,42984.0,36.0,0.0,0.16387,159744.0,1721542144.0,64.0,0.0,0.0,0.0,0.0,0.0,62.0,0.0,24.413078,1.0,21.0,0.0,0.0,68.356621,31872.0,57.0,1.0,0.0,0.0,0.0,0.819233,0.0,0.0,424260.25,0.819233,1738.0,0.0,1194.0,0.0,0.0,0.819233,0.819233,0.0,0.0,0.0,42.722889,0.0,SSH
0.0,0.000497,2.0,114.0,0.998904,0.163373,-0.0,3652.002686,8785.628906,1804.0,1.0,1234.0,9.0,0.0,0.16387,159744.0,1721542144.0,64.0,0.0,0.0,0.0,0.0,0.0,62.0,0.0,4.004389,1.0,5.0,2.0,0.0,13.014264,31872.0,14.0,1.0,0.0,12.5,0.0,0.998904,0.0,0.0,12437.631836,0.998904,570.0,0.0,137.111115,0.0,0.0,0.998904,0.998904,1.0,0.0,0.0,8.008778,0.0,SSH
0.0,0.000497,0.0,130.0,0.895559,0.163373,-0.0,1161.285889,1634.733154,534.0,1.0,274.0,3.0,0.0,0.16387,159744.0,1721542144.0,64.0,0.0,0.0,0.0,0.0,0.0,62.0,0.0,1.116621,1.0,2.0,0.0,0.0,4.466484,31872.0,5.0,1.0,0.0,0.0,0.0,0.895559,0.0,0.0,2796.019043,0.895559,260.0,0.0,91.333336,0.0,0.0,0.895559,0.895559,0.0,0.0,0.0,2.233242,0.0,SSH
0.0,0.000497,0.0,110.0,0.693582,0.163373,-0.0,3806.327148,8512.332031,1362.0,1.0,922.0,5.0,0.0,0.16387,159744.0,1721542144.0,64.0,0.0,0.0,0.0,0.0,0.0,62.0,0.0,4.325372,1.0,4.0,0.0,0.0,11.534325,31872.0,9.0,1.0,0.0,0.0,0.0,0.693582,0.0,0.0,12318.65918,0.693582,440.0,0.0,184.399994,0.0,0.0,0.693582,0.693582,0.0,0.0,0.0,5.767162,0.0,SSH
0.0,0.000497,0.0,126.800003,0.891344,0.163373,-0.0,4559.406738,11156.186523,2084.0,1.0,1450.0,7.0,0.0,0.16387,159744.0,1721542144.0,64.0,0.0,0.0,0.0,0.0,0.0,62.0,0.0,4.487605,1.0,5.0,0.0,0.0,12.340914,31872.0,12.0,1.0,0.0,0.0,0.0,0.891344,0.0,0.0,15715.59375,0.891344,634.0,0.0,207.142853,0.0,0.0,0.891344,0.891344,0.0,0.0,0.0,6.731408,0.0,SSH
0.0,0.000497,0.0,114.0,0.0,0.163373,-0.0,0.0,0.0,180.0,1.0,66.0,1.0,0.0,0.16387,159744.0,1721542144.0,64.0,0.0,0.0,0.0,0.0,0.0,62.0,0.0,0.0,1.0,1.0,0.0,0.0,0.0,31872.0,2.0,0.0,0.0,0.0,0.0,0.0,0.0,0.0,0.0,0.0,114.0,0.0,66.0,0.0,0.0,0.0,0.0,0.0,0.0,0.0,0.0,0.0,SSH
0.0,0.000497,0.0,117.199997,0.897145,0.163373,-0.0,4182.155762,13687.866211,2376.0,1.0,1790.0,7.0,0.0,0.16387,159744.0,1721542144.0,64.0,0.0,0.0,0.0,0.0,0.0,62.0,0.0,4.458588,1.0,5.0,0.0,0.0,12.261118,31872.0,12.0,1.0,0.0,0.0,0.0,0.897145,0.0,0.0,17870.021484,0.897145,586.0,0.0,255.714279,0.0,0.0,0.897145,0.897145,0.0,0.0,0.0,6.687882,0.0,SSH
0.0,0.000497,1.0,119.333336,0.692684,0.163373,-0.0,2760.277344,12819.698242,1652.0,1.0,1294.0,7.0,0.0,0.16387,159744.0,1721542144.0,64.0,0.0,0.0,0.0,0.0,0.0,62.0,0.0,2.88732,1.0,3.0,1.0,0.0,12.992938,31872.0,10.0,1.0,0.0,9.090909,0.0,0.692684,0.0,0.0,15579.975586,0.692684,358.0,0.0,184.857147,0.0,0.0,0.692684,0.692684,1.0,0.0,0.0,8.661959,0.0,SSH
0.0,0.000497,0.0,98.0,0.648415,0.163373,-0.0,2418.204346,5971.483887,1020.0,1.0,726.0,3.0,0.0,0.16387,159744.0,1721542144.0,64.0,0.0,0.0,0.0,0.0,0.0,62.0,0.0,3.084444,1.0,3.0,0.0,0.0,7.711111,31872.0,6.0,1.0,0.0,0.0,0.0,0.648415,0.0,0.0,8389.688477,0.648415,294.0,0.0,242.0,0.0,0.0,0.648415,0.648415,0.0,0.0,0.0,3.084444,0.0,SSH
0.0,0.000497,0.0,130.0,0.556653,0.163373,-0.0,14946.474609,40254.878906,4204.0,1.0,3034.0,13.0,0.0,0.16387,159744.0,1721542144.0,64.0,0.0,0.0,0.0,0.0,0.0,62.0,0.0,14.37161,1.0,9.0,0.0,0.0,37.725475,31872.0,22.0,1.0,0.0,0.0,0.0,0.556653,0.0,0.0,55201.351562,0.556653,1170.0,0.0,233.384613,0.0,0.0,0.556653,0.556653,0.0,0.0,0.0,21.557415,0.0,SSH
0.0,0.000497,0.0,119.333336,0.971445,0.163373,-0.0,7864.572754,13349.185547,2842.0,1.0,1768.0,12.0,0.0,0.16387,159744.0,1721542144.0,64.0,0.0,0.0,0.0,0.0,0.0,62.0,0.0,8.235155,1.0,9.0,0.0,0.0,20.587887,31872.0,21.0,1.0,0.0,0.0,0.0,0.971445,0.0,0.0,21213.757812,0.971445,1074.0,0.0,147.333328,0.0,0.0,0.971445,0.971445,0.0,0.0,0.0,11.323338,0.0,SSH
0.0,0.000497,0.0,130.0,0.933043,0.163373,-0.0,2229.264893,6687.794434,1300.0,1.0,910.0,7.0,0.0,0.16387,159744.0,1721542144.0,64.0,0.0,0.0,0.0,0.0,0.0,62.0,0.0,2.143524,1.0,3.0,0.0,0.0,9.645858,31872.0,10.0,1.0,0.0,0.0,0.0,0.933043,0.0,0.0,8917.05957,0.933043,390.0,0.0,130.0,0.0,0.0,0.933043,0.933043,0.0,0.0,0.0,6.430572,0.0,SSH
0.0,0.000497,0.0,108.666664,0.958697,0.163373,-0.0,4539.494629,75702.75,10548.0,1.0,9896.0,12.0,0.0,0.16387,156672.0,1721542144.0,64.0,0.0,0.0,0.0,0.0,0.0,62.0,0.0,5.215412,1.0,6.0,0.0,0.0,17.732401,31872.0,18.0,1.0,0.0,0.0,0.0,0.958697,0.0,0.0,80242.242188,0.958697,652.0,0.0,824.666687,0.0,0.0,0.958697,0.958697,0.0,0.0,0.0,11.473907,0.0,SSH
0.0,0.000497,0.0,85.199997,0.234168,0.163373,-0.0,11649.755859,100850.671875,4116.0,1.0,3690.0,5.0,0.0,0.16387,159744.0,1721542144.0,64.0,0.0,0.0,0.0,0.0,0.0,62.0,0.0,17.081755,1.0,5.0,0.0,0.0,38.433945,31872.0,10.0,1.0,0.0,0.0,0.0,0.234168,0.0,0.0,112500.429688,0.234168,426.0,0.0,738.0,0.0,0.0,0.234168,0.234168,0.0,0.0,0.0,17.081755,0.0,SSH
0.0,0.000497,0.0,117.199997,0.341644,0.163373,-0.0,10982.192383,18592.453125,1512.0,1.0,926.0,7.0,0.0,0.16387,159744.0,1721542144.0,64.0,0.0,0.0,0.0,0.0,0.0,62.0,0.0,11.708095,1.0,5.0,0.0,0.0,32.197258,31872.0,12.0,1.0,0.0,0.0,0.0,0.341644,0.0,0.0,29574.646484,0.341644,586.0,0.0,132.285721,0.0,0.0,0.341644,0.341644,0.0,0.0,0.0,17.562141,0.0,SSH
0.0,0.000497,0.0,117.199997,0.371445,0.163373,-0.0,10101.091797,32564.712891,2314.0,1.0,1728.0,8.0,0.0,0.16387,159744.0,1721542144.0,64.0,0.0,0.0,0.0,0.0,0.0,62.0,0.0,10.768754,1.0,5.0,0.0,0.0,32.306263,31872.0,13.0,1.0,0.0,0.0,0.0,0.371445,0.0,0.0,42665.804688,0.371445,586.0,0.0,216.0,0.0,0.0,0.371445,0.371445,0.0,0.0,0.0,18.84532,0.0,SSH
0.0,0.000497,0.0,114.0,0.386877,0.163373,-0.0,9429.353516,18693.279297,1624.0,1.0,1054.0,7.0,0.0,0.16387,159744.0,1721542144.0,64.0,0.0,0.0,0.0,0.0,0.0,62.0,0.0,10.339204,1.0,5.0,0.0,0.0,28.43281,31872.0,12.0,1.0,0.0,0.0,0.0,0.386877,0.0,0.0,28122.632812,0.386877,570.0,0.0,150.571426,0.0,0.0,0.386877,0.386877,0.0,0.0,0.0,15.508805,0.0,SSH
0.0,0.000497,0.0,117.199997,0.942185,0.163373,-0.0,8957.901367,11649.516602,2668.0,1.0,1496.0,12.0,0.0,0.16387,159744.0,1721542144.0,64.0,0.0,0.0,0.0,0.0,0.0,62.0,0.0,9.552264,1.0,10.0,0.0,0.0,22.288616,31872.0,22.0,1.0,0.0,0.0,0.0,0.942185,0.0,0.0,20607.417969,0.942185,1172.0,0.0,124.666664,0.0,0.0,0.942185,0.942185,0.0,0.0,0.0,11.67499,0.0,SSH
0.0,0.000497,0.0,117.199997,0.434936,0.163373,-0.0,8626.556641,13850.314453,1464.0,1.0,878.0,7.0,0.0,0.16387,159744.0,1721542144.0,64.0,0.0,0.0,0.0,0.0,0.0,62.0,0.0,9.196755,1.0,5.0,0.0,0.0,25.291079,31872.0,12.0,1.0,0.0,0.0,0.0,0.434936,0.0,0.0,22476.871094,0.434936,586.0,0.0,125.428574,0.0,0.0,0.434936,0.434936,0.0,0.0,0.0,13.795134,0.0,SSH
0.0,0.000497,0.0,117.199997,0.478715,0.163373,-0.0,7837.648438,12583.6875,1464.0,1.0,878.0,7.0,0.0,0.16387,159744.0,1721542144.0,64.0,0.0,0.0,0.0,0.0,0.0,62.0,0.0,8.355702,1.0,5.0,0.0,0.0,22.978182,31872.0,12.0,1.0,0.0,0.0,0.0,0.478715,0.0,0.0,20421.335938,0.478715,586.0,0.0,125.428574,0.0,0.0,0.478715,0.478715,0.0,0.0,0.0,12.533553,0.0,SSH
0.0,0.000497,0.0,123.599998,0.216127,0.163373,-0.0,18322.560547,31944.181641,1624.0,1.0,1006.0,7.0,0.0,0.16387,159744.0,1721542144.0,64.0,0.0,0.0,0.0,0.0,0.0,62.0,0.0,18.507637,1.0,5.0,0.0,0.0,50.896004,31872.0,12.0,1.0,0.0,0.0,0.0,0.216127,0.0,0.0,50266.742188,0.216127,618.0,0.0,143.714279,0.0,0.0,0.216127,0.216127,0.0,0.0,0.0,27.761456,0.0,SSH
0.0,0.000497,0.0,117.199997,0.216286,0.163373,-0.0,17347.400391,31920.697266,1592.0,1.0,1006.0,7.0,0.0,0.16387,159744.0,1721542144.0,64.0,0.0,0.0,0.0,0.0,0.0,62.0,0.0,18.49403,1.0,5.0,0.0,0.0,50.858585,31872.0,12.0,1.0,0.0,0.0,0.0,0.216286,0.0,0.0,49268.097656,0.216286,586.0,0.0,143.714279,0.0,0.0,0.216286,0.216286,0.0,0.0,0.0,27.741047,0.0,SSH
0.0,0.000497,0.0,125.199997,0.754497,0.163373,-0.0,11949.683594,14547.44043,2748.0,1.0,1496.0,12.0,0.0,0.16387,159744.0,1721542144.0,64.0,0.0,0.0,0.0,0.0,0.0,62.0,0.0,11.928477,1.0,10.0,0.0,0.0,27.833113,31872.0,22.0,1.0,0.0,0.0,0.0,0.754497,0.0,0.0,26497.123047,0.754497,1252.0,0.0,124.666664,0.0,0.0,0.754497,0.754497,0.0,0.0,0.0,14.579249,0.0,SSH
0.0,0.000497,0.0,130.0,0.339662,0.163373,-0.0,6123.734863,12294.576172,1086.0,1.0,696.0,4.0,0.0,0.16387,159744.0,1721542144.0,64.0,0.0,0.0,0.0,0.0,0.0,62.0,0.0,5.888207,1.0,3.0,0.0,0.0,17.664619,31872.0,7.0,1.0,0.0,0.0,0.0,0.339662,0.0,0.0,18418.310547,0.339662,390.0,0.0,174.0,0.0,0.0,0.339662,0.339662,0.0,0.0,0.0,8.83231,0.0,SSH
0.0,0.000497,2.0,66.0,0.682793,0.163373,-0.0,0.0,8951.467773,1020.0,1.0,954.0,5.0,0.0,0.16387,159744.0,1721542144.0,64.0,0.0,0.0,0.0,0.0,0.0,62.0,0.0,0.0,1.0,1.0,2.0,1.0,7.322864,31872.0,6.0,0.0,0.0,25.0,0.0,0.682793,0.0,0.0,8951.467773,0.682793,66.0,0.0,190.800003,0.0,0.0,0.682793,0.682793,1.0,0.0,0.0,5.858291,0.0,SSH
0.0,0.000497,0.0,120.0,0.675886,0.163373,-0.0,1420.35791,1822.792725,548.0,1.0,308.0,2.0,0.0,0.16387,159744.0,1721542144.0,64.0,0.0,0.0,0.0,0.0,0.0,62.0,0.0,1.47954,1.0,2.0,0.0,0.0,4.438619,31872.0,4.0,1.0,0.0,0.0,0.0,0.675886,0.0,0.0,3243.150635,0.675886,240.0,0.0,154.0,0.0,0.0,0.675886,0.675886,0.0,0.0,0.0,1.47954,0.0,SSH
0.0,0.000497,0.0,162.0,0.000498,0.163373,-0.0,0.0,0.0,240.0,1.0,78.0,1.0,0.0,0.16387,159744.0,1721542144.0,64.0,0.0,0.0,0.0,0.0,0.0,62.0,0.0,0.0,1.0,1.0,0.0,0.0,2008.032104,31872.0,2.0,0.0,0.0,0.0,0.0,0.000498,0.0,0.0,0.0,0.000498,162.0,0.0,78.0,0.0,0.0,0.000498,0.000498,0.0,0.0,0.0,0.0,0.0,SSH
0.0,0.000497,0.0,120.400002,0.49292,0.163373,-0.0,7822.77002,8601.801758,1264.0,1.0,662.0,5.0,0.0,0.16387,159744.0,1721542144.0,64.0,0.0,0.0,0.0,0.0,0.0,62.0,0.0,8.114907,1.0,5.0,0.0,0.0,18.258541,31872.0,10.0,1.0,0.0,0.0,0.0,0.49292,0.0,0.0,16424.572266,0.49292,602.0,0.0,132.399994,0.0,0.0,0.49292,0.49292,0.0,0.0,0.0,8.114907,0.0,SSH
0.0,0.000497,0.0,98.0,0.199911,0.163373,-0.0,7843.490234,26011.576172,1074.0,1.0,780.0,6.0,0.0,0.16387,159744.0,1721542144.0,64.0,0.0,0.0,0.0,0.0,0.0,62.0,0.0,10.004452,1.0,3.0,0.0,0.0,40.017807,31872.0,9.0,1.0,0.0,0.0,0.0,0.199911,0.0,0.0,33855.066406,0.199911,294.0,0.0,130.0,0.0,0.0,0.199911,0.199911,0.0,0.0,0.0,25.011129,0.0,SSH
0.0,0.000497,0.0,117.199997,0.711593,0.163373,-0.0,5272.677246,8926.451172,1512.0,1.0,926.0,7.0,0.0,0.16387,159744.0,1721542144.0,64.0,0.0,0.0,0.0,0.0,0.0,62.0,0.0,5.621191,1.0,5.0,0.0,0.0,15.458275,31872.0,12.0,1.0,0.0,0.0,0.0,0.711593,0.0,0.0,14199.128906,0.711593,586.0,0.0,132.285721,0.0,0.0,0.711593,0.711593,0.0,0.0,0.0,8.431787,0.0,SSH
0.0,0.000497,1.0,104.285713,0.894457,0.163373,-0.0,5598.927734,101505.164062,13110.0,1.0,12380.0,12.0,0.0,0.16387,157696.0,1721542144.0,64.0,0.0,0.0,0.0,0.0,0.0,62.0,0.0,6.707981,1.0,7.0,1.0,0.0,20.123941,31872.0,19.0,1.0,0.0,5.0,0.0,0.894457,0.0,0.0,107104.085938,0.894457,730.0,0.0,1031.666626,0.0,0.0,0.894457,0.894457,1.0,0.0,0.0,12.297964,0.0,SSH
0.0,0.000497,3.0,70.800003,0.881866,0.163373,-0.0,2576.355225,118194.828125,14830.0,1.0,14476.0,10.0,0.0,0.16387,154752.0,1721542144.0,64.0,0.0,0.0,0.0,0.0,0.0,62.0,0.0,4.535837,1.0,5.0,3.0,1.0,15.875428,31872.0,15.0,0.0,0.0,16.666667,0.0,0.881866,0.0,0.0,120771.1875,0.881866,354.0,0.0,1447.599976,0.0,0.0,0.881866,0.881866,1.0,0.0,0.0,10.205632,0.0,SSH
0.0,0.000497,0.0,102.571426,0.928061,0.163373,-0.0,5309.995605,26118.972656,4252.0,1.0,3534.0,7.0,0.0,0.16387,159744.0,1721542144.0,64.0,0.0,0.0,0.0,0.0,0.0,62.0,0.0,6.465092,1.0,7.0,0.0,0.0,14.0077,31872.0,14.0,1.0,0.0,0.0,0.0,0.928061,0.0,0.0,31428.96875,0.928061,718.0,0.0,504.857147,0.0,0.0,0.928061,0.928061,0.0,0.0,0.0,6.465092,0.0,SSH
0.0,0.000497,4.0,74.0,0.814644,0.163373,-0.0,3633.489014,148678.4375,17098.0,1.0,16654.0,11.0,0.0,0.16387,158592.0,1721542144.0,64.0,0.0,0.0,0.0,0.0,0.0,62.0,0.0,6.13765,1.0,6.0,4.0,0.0,19.640482,31872.0,17.0,0.0,0.0,19.047619,0.0,0.814644,0.0,0.0,152311.921875,0.814644,444.0,1.0,1514.0,0.0,0.0,0.814644,0.814644,1.0,0.0,0.0,12.275301,0.0,SSH
0.0,0.000497,1.0,70.800003,0.663659,0.163373,-0.0,3423.445068,102811.835938,10304.0,1.0,9950.0,7.0,0.0,0.16387,157696.0,1721542144.0,64.0,0.0,0.0,0.0,0.0,0.0,62.0,0.0,6.027192,1.0,5.0,1.0,1.0,16.574778,31872.0,12.0,0.0,0.0,7.692308,0.0,0.663659,0.0,0.0,106235.28125,0.663659,354.0,0.0,1421.428589,0.0,0.0,0.663659,0.663659,1.0,0.0,0.0,9.040788,0.0,SSH
0.0,0.000497,1.0,90.0,0.571355,0.163373,-0.0,1260.162231,16788.162109,1978.0,1.0,1798.0,3.0,0.0,0.16387,159744.0,1721542144.0,64.0,0.0,0.0,0.0,0.0,0.0,62.0,0.0,1.750225,1.0,2.0,1.0,0.0,7.000902,31872.0,5.0,1.0,0.0,16.666667,0.0,0.571355,0.0,0.0,18048.324219,0.571355,180.0,0.0,599.333313,0.0,0.0,0.571355,0.571355,1.0,0.0,0.0,3.500451,0.0,SSH
0.0,0.000497,0.0,130.0,0.534004,0.163373,-0.0,5842.65332,13932.480469,1636.0,1.0,1116.0,6.0,0.0,0.16387,159744.0,1721542144.0,64.0,0.0,0.0,0.0,0.0,0.0,62.0,0.0,5.617936,1.0,4.0,0.0,0.0,16.853807,31872.0,10.0,1.0,0.0,0.0,0.0,0.534004,0.0,0.0,19775.132812,0.534004,520.0,0.0,186.0,0.0,0.0,0.534004,0.534004,0.0,0.0,0.0,9.363226,0.0,SSH
0.0,0.000497,0.0,114.0,0.00149,0.163373,-0.0,0.0,0.0,180.0,1.0,66.0,1.0,0.0,0.16387,159744.0,1721542144.0,64.0,0.0,0.0,0.0,0.0,0.0,62.0,0.0,0.0,1.0,1.0,0.0,0.0,671.14093,31872.0,2.0,0.0,0.0,0.0,0.0,0.00149,0.0,0.0,0.0,0.00149,114.0,0.0,66.0,0.0,0.0,0.00149,0.00149,0.0,0.0,0.0,0.0,0.0,SSH
0.0,0.000497,1.0,119.333336,0.705409,0.163373,-0.0,2710.484375,20527.099609,2530.0,1.0,2172.0,6.0,0.0,0.16387,159744.0,1721542144.0,64.0,0.0,0.0,0.0,0.0,0.0,62.0,0.0,2.835235,1.0,3.0,1.0,0.0,11.340939,31872.0,9.0,1.0,0.0,10.0,0.0,0.705409,0.0,0.0,23237.583984,0.705409,358.0,0.0,362.0,0.0,0.0,0.705409,0.705409,1.0,0.0,0.0,7.088087,0.0,SSH
0.0,0.000497,0.0,0.0,0.776215,0.163373,-0.0,0.0,8265.750977,1604.0,1.0,1604.0,2.0,0.0,0.16387,103135.70040124832,1721542144.0,64.0,0.0,0.0,0.0,0.0,0.0,62.0,0.0,0.0,1.0,0.0,1.0,0.0,1.288303,37317.08209959624,2.0,0.0,0.0,0.0,0.0,0.776215,0.0,1.0,8265.750977,0.776215,0.0,0.0,802.0,0.0,0.0,0.776215,0.776215,1.0,0.0,0.0,1.288303,0.0,SSH
0.0,0.000497,0.0,154.0,0.806208,0.163373,-0.0,1528.141602,7918.551758,1372.0,1.0,1064.0,4.0,0.0,0.16387,159744.0,1721542144.0,64.0,0.0,0.0,0.0,0.0,0.0,62.0,0.0,1.240375,1.0,2.0,0.0,0.0,6.201873,31872.0,6.0,1.0,0.0,0.0,0.0,0.806208,0.0,0.0,9446.693359,0.806208,308.0,0.0,266.0,0.0,0.0,0.806208,0.806208,0.0,0.0,0.0,3.721124,0.0,SSH
0.0,0.000497,0.0,108.666664,0.396933,0.163373,-0.0,4393.688965,23097.097656,1854.0,1.0,1528.0,4.0,0.0,0.16387,159744.0,1721542144.0,64.0,0.0,0.0,0.0,0.0,0.0,62.0,0.0,5.038634,1.0,3.0,0.0,0.0,15.115902,31872.0,7.0,1.0,0.0,0.0,0.0,0.396933,0.0,0.0,27490.787109,0.396933,326.0,0.0,382.0,0.0,0.0,0.396933,0.396933,0.0,0.0,0.0,7.557951,0.0,SSH
0.0,0.000497,0.0,138.0,0.56825,0.163373,-0.0,5828.42041,12163.660156,1588.0,1.0,1036.0,6.0,0.0,0.16387,159744.0,1721542144.0,64.0,0.0,0.0,0.0,0.0,0.0,62.0,0.0,5.279366,1.0,4.0,0.0,0.0,15.838099,31872.0,10.0,1.0,0.0,0.0,0.0,0.56825,0.0,0.0,17992.080078,0.56825,552.0,0.0,172.666672,0.0,0.0,0.56825,0.56825,0.0,0.0,0.0,8.798944,0.0,SSH
0.0,0.000497,0.0,138.0,0.399735,0.163373,-0.0,8285.489258,18892.515625,1684.0,1.0,1132.0,6.0,0.0,0.16387,159744.0,1721542144.0,64.0,0.0,0.0,0.0,0.0,0.0,62.0,0.0,7.504972,1.0,4.0,0.0,0.0,22.514915,31872.0,10.0,1.0,0.0,0.0,0.0,0.399735,0.0,0.0,27178.005859,0.399735,552.0,0.0,188.666672,0.0,0.0,0.399735,0.399735,0.0,0.0,0.0,12.508286,0.0,SSH
0.0,0.000497,0.0,114.0,0.000827,0.163373,-0.0,0.0,0.0,180.0,1.0,66.0,1.0,0.0,0.16387,159744.0,1721542144.0,64.0,0.0,0.0,0.0,0.0,0.0,62.0,0.0,0.0,1.0,1.0,0.0,0.0,1209.189819,31872.0,2.0,0.0,0.0,0.0,0.0,0.000827,0.0,0.0,0.0,0.000827,114.0,0.0,66.0,0.0,0.0,0.000827,0.000827,0.0,0.0,0.0,0.0,0.0,SSH
0.0,0.0,0.0,78.0,0.0,0.0,-0.0,0.0,0.0,78.0,0.0,0.0,0.0,0.0,0.0,0.0,1721542144.0,64.0,0.0,0.0,0.0,0.0,0.0,64.0,0.0,0.0,0.0,1.0,0.0,0.0,0.0,37317.08209959624,1.0,0.0,0.0,0.0,0.0,0.0,0.0,0.0,0.0,0.0,78.0,0.0,0.0,0.0,0.0,0.0,0.0,0.0,0.0,0.0,0.0,0.0,SSH
0.0,0.000497,0.0,126.800003,0.534237,0.163373,-0.0,7607.110352,12039.599609,1572.0,1.0,938.0,7.0,0.0,0.16387,159744.0,1721542144.0,64.0,0.0,0.0,0.0,0.0,0.0,62.0,0.0,7.487313,1.0,5.0,0.0,0.0,20.590111,31872.0,12.0,1.0,0.0,0.0,0.0,0.534237,0.0,0.0,19646.710938,0.534237,634.0,0.0,134.0,0.0,0.0,0.534237,0.534237,0.0,0.0,0.0,11.23097,0.0,SSH
0.0,0.000497,3.0,104.666664,0.877001,0.163373,-0.0,4779.92627,103543.78125,13114.0,1.0,12486.0,11.0,0.0,0.16387,157568.0,1721542144.0,64.0,0.0,0.0,0.0,0.0,0.0,62.0,0.0,5.701248,1.0,6.0,3.0,0.0,18.243994,31872.0,17.0,1.0,0.0,15.0,0.0,0.877001,0.0,0.0,108323.710938,0.877001,628.0,0.0,1135.090942,0.0,0.0,0.877001,0.877001,1.0,0.0,0.0,11.402495,0.0,SSH
0.0,0.000497,0.0,78.0,0.26087,0.163373,-0.0,16743.970703,356346.0625,13406.0,1.0,12782.0,11.0,0.0,0.16387,159744.0,1721542144.0,64.0,0.0,0.0,0.0,0.0,0.0,62.0,0.0,26.833288,1.0,8.0,0.0,0.0,68.999886,31872.0,19.0,1.0,0.0,0.0,0.0,0.26087,0.0,0.0,373090.03125,0.26087,624.0,0.0,1162.0,0.0,0.0,0.26087,0.26087,0.0,0.0,0.0,38.333267,0.0,SSH
0.0,0.000497,0.0,102.571426,0.634097,0.163373,-0.0,16830.232422,288094.71875,25184.0,1.0,23748.0,26.0,0.0,0.16387,159744.0,1721542144.0,64.0,0.0,0.0,0.0,0.0,0.0,62.0,0.0,20.501596,1.0,14.0,0.0,0.0,61.504787,31872.0,40.0,1.0,0.0,0.0,0.0,0.634097,0.0,0.0,304924.9375,0.634097,1436.0,0.0,913.384644,0.0,0.0,0.634097,0.634097,0.0,0.0,0.0,39.426147,0.0,SSH
0.0,0.000497,0.0,117.199997,0.278098,0.163373,-0.0,13491.647461,48587.191406,2462.0,1.0,1876.0,10.0,0.0,0.16387,159744.0,1721542144.0,64.0,0.0,0.0,0.0,0.0,0.0,62.0,0.0,14.383419,1.0,5.0,0.0,0.0,50.341969,31872.0,15.0,1.0,0.0,0.0,0.0,0.278098,0.0,0.0,62078.839844,0.278098,586.0,0.0,187.600006,0.0,0.0,0.278098,0.278098,0.0,0.0,0.0,32.362694,0.0,SSH
0.0,0.000497,0.0,120.400002,0.648834,0.163373,-0.0,13365.514648,30923.164062,3904.0,1.0,2700.0,14.0,0.0,0.16387,159744.0,1721542144.0,64.0,0.0,0.0,0.0,0.0,0.0,62.0,0.0,13.871037,1.0,10.0,0.0,0.0,35.448204,31872.0,24.0,1.0,0.0,0.0,0.0,0.648834,0.0,0.0,44288.679688,0.648834,1204.0,0.0,192.857147,0.0,0.0,0.648834,0.648834,0.0,0.0,0.0,20.035942,0.0,SSH
0.0,0.000497,0.0,124.0,0.632979,0.163373,-0.0,10970.348633,14433.338867,2260.0,1.0,1268.0,10.0,0.0,0.16387,159744.0,1721542144.0,64.0,0.0,0.0,0.0,0.0,0.0,62.0,0.0,11.058819,1.0,8.0,0.0,0.0,26.857132,31872.0,18.0,1.0,0.0,0.0,0.0,0.632979,0.0,0.0,25403.6875,0.632979,992.0,0.0,126.800003,0.0,0.0,0.632979,0.632979,0.0,0.0,0.0,14.218482,0.0,SSH
0.0,0.000497,0.0,102.571426,0.819978,0.163373,-0.0,6009.91748,8683.160156,1756.0,1.0,1038.0,7.0,0.0,0.16387,159744.0,1721542144.0,64.0,0.0,0.0,0.0,0.0,0.0,62.0,0.0,7.317269,1.0,7.0,0.0,0.0,15.854084,31872.0,14.0,1.0,0.0,0.0,0.0,0.819978,0.0,0.0,14693.077148,0.819978,718.0,0.0,148.285721,0.0,0.0,0.819978,0.819978,0.0,0.0,0.0,7.317269,0.0,SSH
0.0,0.000497,0.0,90.0,0.093833,0.163373,-0.0,23019.619141,57804.824219,1264.0,1.0,904.0,4.0,0.0,0.16387,159744.0,1721542144.0,64.0,0.0,0.0,0.0,0.0,0.0,62.0,0.0,31.971695,1.0,4.0,0.0,0.0,74.600624,31872.0,8.0,1.0,0.0,0.0,0.0,0.093833,0.0,0.0,80824.445312,0.093833,360.0,0.0,226.0,0.0,0.0,0.093833,0.093833,0.0,0.0,0.0,31.971695,0.0,SSH
0.0,0.000497,0.0,110.0,0.634497,0.163373,-0.0,4160.776367,9632.827148,1394.0,1.0,954.0,5.0,0.0,0.16387,159744.0,1721542144.0,64.0,0.0,0.0,0.0,0.0,0.0,62.0,0.0,4.728155,1.0,4.0,0.0,0.0,12.608413,31872.0,9.0,1.0,0.0,0.0,0.0,0.634497,0.0,0.0,13793.603516,0.634497,440.0,0.0,190.800003,0.0,0.0,0.634497,0.634497,0.0,0.0,0.0,6.304206,0.0,SSH
0.0,0.000497,0.0,93.199997,0.925586,0.163373,-0.0,7251.622559,27321.070312,4380.0,1.0,3448.0,12.0,0.0,0.16387,159744.0,1721542144.0,64.0,0.0,0.0,0.0,0.0,0.0,62.0,0.0,9.72357,1.0,10.0,0.0,0.0,22.68833,31872.0,22.0,1.0,0.0,0.0,0.0,0.925586,0.0,0.0,34572.691406,0.925586,932.0,0.0,287.333344,0.0,0.0,0.925586,0.925586,0.0,0.0,0.0,11.884363,0.0,SSH
0.0,0.000497,0.0,90.0,0.093541,0.163373,-0.0,23091.480469,76458.453125,1552.0,1.0,1192.0,4.0,0.0,0.16387,159744.0,1721542144.0,64.0,0.0,0.0,0.0,0.0,0.0,62.0,0.0,32.071499,1.0,4.0,0.0,0.0,74.833496,31872.0,8.0,1.0,0.0,0.0,0.0,0.093541,0.0,0.0,99549.9375,0.093541,360.0,0.0,298.0,0.0,0.0,0.093541,0.093541,0.0,0.0,0.0,32.071499,0.0,SSH
0.0,0.000497,0.0,117.199997,0.216703,0.163373,-0.0,17314.019531,29312.007812,1512.0,1.0,926.0,7.0,0.0,0.16387,159744.0,1721542144.0,64.0,0.0,0.0,0.0,0.0,0.0,62.0,0.0,18.458443,1.0,5.0,0.0,0.0,50.760719,31872.0,12.0,1.0,0.0,0.0,0.0,0.216703,0.0,0.0,46626.027344,0.216703,586.0,0.0,132.285721,0.0,0.0,0.216703,0.216703,0.0,0.0,0.0,27.687664,0.0,SSH
0.0,0.000497,0.0,102.571426,0.942309,0.163373,-0.0,11325.37207,195366.90625,25300.0,1.0,23864.0,28.0,0.0,0.16387,159744.0,1721542144.0,64.0,0.0,0.0,0.0,1.0,0.0,62.0,0.0,13.795898,1.0,14.0,0.0,0.0,43.510143,31872.0,42.0,0.0,0.0,0.0,0.0,0.942309,0.0,0.0,206692.28125,0.942309,1436.0,0.0,852.285706,0.0,0.0,0.942309,0.942309,0.0,0.0,0.0,28.653021,0.0,SSH
0.0,0.006569,0.0,119.285713,0.773832,0.239107,-0.0,7402.123047,18918.833984,3030.0,0.0,2195.0,6.0,0.0,0.245676,64128.0,1721542400.0,64.0,0.0,0.0,0.0,0.0,0.0,62.0,0.0,7.753621,0.0,7.0,0.0,0.0,15.507241,31872.0,13.0,0.0,0.0,0.0,0.0,0.773832,0.0,0.0,26320.957031,0.773832,835.0,0.0,365.833344,0.0,0.0,0.773832,0.773832,0.0,0.0,0.0,6.46135,0.0,VIDEO
0.0,0.006569,0.0,66.0,0.036348,0.239107,-0.0,0.0,0.0,132.0,0.0,66.0,1.0,0.0,0.245676,64128.0,1721542400.0,64.0,0.0,0.0,0.0,0.0,0.0,62.0,0.0,0.0,1.0,1.0,0.0,0.0,27.511829,31872.0,2.0,0.0,0.0,0.0,0.0,0.036348,0.0,0.0,0.0,0.036348,66.0,0.0,66.0,0.0,0.0,0.036348,0.036348,0.0,0.0,0.0,0.0,0.0,VIDEO
1.0,0.109552,2.0,74.0,0.98236,0.0,-0.0,602.630371,602.630371,296.0,0.0,148.0,2.0,0.0,0.109552,8222720.0,1721542400.0,64.0,0.0,0.0,0.0,0.0,1.0,62.0,0.0,1.017957,0.0,2.0,1.0,0.0,3.05387,4077568.0,4.0,0.0,0.0,33.333333,0.0,0.98236,0.0,0.0,1205.260742,0.98236,148.0,0.0,74.0,0.0,1.0,0.98236,0.98236,0.0,0.0,0.0,1.017957,0.0,VIDEO
0.0,0.192223,0.0,132.199997,0.86289,0.254382,-0.0,4904.44873,5386.549805,1387.0,0.0,726.0,5.0,0.0,0.446605,64128.0,1721542400.0,64.0,0.0,0.0,0.0,0.0,0.0,62.0,0.0,4.635585,0.0,5.0,0.0,0.0,10.430066,31872.0,10.0,0.0,0.0,0.0,0.0,0.86289,0.0,0.0,10290.999023,0.86289,661.0,0.0,145.199997,0.0,0.0,0.86289,0.86289,0.0,0.0,0.0,4.635585,0.0,VIDEO
0.0,0.109552,0.0,113.875,0.955111,0.173457,-0.0,6684.039551,359966.53125,45319.0,0.0,44408.0,31.0,0.0,0.283009,55808.0,1721542400.0,64.0,0.0,0.0,0.0,0.0,0.0,62.0,0.0,7.328991,1.0,8.0,0.0,0.0,39.78595,31872.0,39.0,1.0,0.0,0.0,0.0,0.955111,0.0,0.0,366650.5625,0.955111,911.0,0.0,1432.516113,0.0,0.0,0.955111,0.955111,0.0,0.0,0.0,31.409962,0.0,VIDEO
0.0,0.109552,0.0,0.0,0.898689,0.173457,-0.0,0.0,13477.410156,3028.0,0.0,3028.0,2.0,0.0,0.283009,905590.6520605112,1721542400.0,64.0,0.0,0.0,0.0,0.0,0.0,62.0,0.0,0.0,1.0,0.0,1.0,0.0,1.112732,931391.4917946004,2.0,0.0,0.0,0.0,0.0,0.898689,0.0,0.0,13477.410156,0.898689,0.0,0.0,1514.0,1.0,0.0,0.898689,0.898689,1.0,0.0,0.0,1.112732,0.0,VIDEO
0.0,0.109552,2.0,72.0,0.331437,0.173457,-0.0,1737.886841,109631.695312,6200.0,1.0,6056.0,4.0,0.0,0.283009,63360.0,1721542400.0,64.0,0.0,0.0,0.0,0.0,0.0,62.0,0.0,3.017165,1.0,2.0,2.0,0.0,15.085824,31872.0,6.0,0.0,0.0,25.0,0.0,0.331437,0.0,0.0,111369.585938,0.331437,144.0,1.0,1514.0,0.0,0.0,0.331437,0.331437,1.0,0.0,0.0,9.051495,0.0,VIDEO
0.0,0.109552,3.0,78.0,0.591112,0.173457,-0.0,0.0,40980.386719,4620.0,1.0,4542.0,3.0,0.0,0.283009,62464.0,1721542400.0,64.0,0.0,0.0,0.0,0.0,0.0,62.0,0.0,0.0,1.0,1.0,3.0,0.0,5.07518,31872.0,4.0,0.0,0.0,42.857143,0.0,0.591112,0.0,0.0,40980.386719,0.591112,78.0,1.0,1514.0,0.0,0.0,0.591112,0.591112,1.0,0.0,0.0,3.383453,0.0,VIDEO
0.0,0.109552,1.0,86.0,0.048976,0.173457,-0.0,0.0,0.0,1600.0,1.0,1514.0,1.0,0.0,0.283009,62464.0,1721542400.0,64.0,0.0,0.0,0.0,0.0,0.0,62.0,0.0,0.0,1.0,1.0,1.0,0.0,20.418163,31872.0,2.0,0.0,0.0,33.333333,0.0,0.048976,0.0,0.0,0.0,0.048976,86.0,1.0,1514.0,0.0,0.0,0.048976,0.048976,1.0,0.0,0.0,0.0,0.0,VIDEO
0.0,0.109552,5.0,78.0,0.379987,0.173457,-0.0,1642.161377,127499.101562,7726.0,1.0,7570.0,5.0,0.0,0.283009,59520.0,1721542400.0,64.0,0.0,0.0,0.0,0.0,0.0,62.0,0.0,2.631669,1.0,2.0,5.0,1.0,15.790014,31872.0,7.0,0.0,0.0,41.666667,0.0,0.379987,0.0,0.0,129141.257812,0.379987,156.0,0.0,1514.0,0.0,0.0,0.379987,0.379987,1.0,0.0,0.0,10.526676,0.0,VIDEO
0.0,0.109552,8.0,78.0,0.984949,0.173457,-0.0,2534.141357,86079.585938,12502.0,1.0,12112.0,8.0,0.0,0.283009,49920.0,1721542400.0,64.0,0.0,0.0,0.0,0.0,0.0,62.0,0.0,4.061124,1.0,5.0,8.0,1.0,12.183372,31872.0,13.0,0.0,0.0,38.095238,0.0,0.984949,0.0,0.0,88613.726562,0.984949,390.0,0.0,1514.0,0.0,0.0,0.984949,0.984949,1.0,0.0,0.0,7.106967,0.0,VIDEO
0.0,0.109552,0.0,0.0,0.000496,0.173457,-0.0,0.0,73258064.0,6056.0,1.0,6056.0,4.0,0.0,0.283009,905590.6520605112,1721542400.0,64.0,0.0,0.0,0.0,0.0,0.0,62.0,0.0,0.0,1.0,0.0,1.0,0.0,6048.387207,931391.4917946004,4.0,0.0,0.0,0.0,0.0,0.000496,0.0,1.0,73258064.0,0.000496,0.0,0.0,1514.0,0.0,0.0,0.000496,0.000496,1.0,0.0,0.0,6048.387207,0.0,VIDEO
0.0,0.109552,2.0,74.800003,0.934061,0.173457,-0.0,2569.425293,103736.265625,14000.0,1.0,13626.0,9.0,0.0,0.283009,44160.0,1721542400.0,64.0,0.0,0.0,0.0,0.0,0.0,62.0,0.0,4.282376,1.0,5.0,2.0,1.0,13.917721,31872.0,14.0,0.0,0.0,12.5,0.0,0.934061,0.0,0.0,106305.695312,0.934061,374.0,0.0,1514.0,0.0,0.0,0.934061,0.934061,1.0,0.0,0.0,8.564752,0.0,VIDEO
0.0,0.109552,3.0,78.0,0.406228,0.173457,-0.0,1536.08313,89447.304688,6212.0,1.0,6056.0,4.0,0.0,0.283009,69888.0,1721542400.0,64.0,0.0,0.0,0.0,0.0,0.0,62.0,0.0,2.461672,1.0,2.0,3.0,0.0,12.308359,31872.0,6.0,0.0,0.0,33.333333,0.0,0.406228,0.0,0.0,90983.390625,0.406228,156.0,1.0,1514.0,0.0,0.0,0.406228,0.406228,1.0,0.0,0.0,7.385015,0.0,VIDEO
0.0,0.109552,1.0,69.0,0.855779,0.173457,-0.0,1935.079102,70765.9375,9360.0,1.0,9084.0,6.0,0.0,0.283009,84480.0,1721542400.0,64.0,0.0,0.0,0.0,0.0,0.0,62.0,0.0,3.505578,1.0,4.0,1.0,0.0,10.516734,31872.0,10.0,0.0,0.0,9.090909,0.0,0.855779,0.0,0.0,72701.015625,0.855779,276.0,1.0,1514.0,0.0,0.0,0.855779,0.855779,1.0,0.0,0.0,5.84263,0.0,VIDEO
0.0,0.109552,0.0,66.0,0.974826,0.173457,-0.0,3249.810791,136672.59375,18630.0,1.0,18168.0,12.0,0.0,0.283009,87552.0,1721542400.0,64.0,0.0,0.0,0.0,0.0,0.0,62.0,0.0,6.154945,1.0,7.0,0.0,1.0,18.464834,31872.0,19.0,0.0,0.0,0.0,0.0,0.974826,0.0,0.0,139922.40625,0.974826,462.0,0.0,1514.0,0.0,0.0,0.974826,0.974826,0.0,0.0,0.0,11.284065,0.0,VIDEO
0.0,0.109552,1.0,72.0,0.724106,0.173457,-0.0,795.463623,33453.664062,4686.0,1.0,4542.0,3.0,0.0,0.283009,88448.0,1721542400.0,64.0,0.0,0.0,0.0,0.0,0.0,62.0,0.0,1.381013,1.0,2.0,1.0,1.0,5.524053,31872.0,5.0,0.0,0.0,16.666667,0.0,0.724106,0.0,0.0,34249.128906,0.724106,144.0,0.0,1514.0,0.0,0.0,0.724106,0.724106,1.0,0.0,0.0,2.762027,0.0,VIDEO
0.0,0.109552,2.0,70.0,0.590581,0.173457,-0.0,1896.437622,102543.085938,9294.0,1.0,9084.0,6.0,0.0,0.283009,87552.0,1721542400.0,64.0,0.0,0.0,0.0,0.0,0.0,62.0,0.0,3.386496,1.0,3.0,2.0,0.0,13.545982,31872.0,9.0,0.0,0.0,18.181818,0.0,0.590581,0.0,0.0,104439.523438,0.590581,210.0,1.0,1514.0,0.0,0.0,0.590581,0.590581,1.0,0.0,0.0,8.466239,0.0,VIDEO
0.0,0.109552,0.0,0.0,0.0,0.173457,-0.0,0.0,0.0,1514.0,1.0,1514.0,1.0,0.0,0.283009,905590.6520605112,1721542400.0,64.0,0.0,0.0,0.0,0.0,0.0,62.0,0.0,0.0,1.0,0.0,0.0,0.0,0.0,931391.4917946004,1.0,0.0,0.0,0.0,0.0,0.0,0.0,0.0,0.0,0.0,0.0,0.0,1514.0,1.0,0.0,0.0,0.0,0.0,0.0,0.0,0.0,0.0,VIDEO
0.0,0.109552,2.0,78.0,0.565878,0.173457,-0.0,2205.422363,149827.359375,12346.0,1.0,12112.0,8.0,0.0,0.283009,89600.0,1721542400.0,64.0,0.0,0.0,0.0,0.0,0.0,62.0,0.0,3.534331,1.0,3.0,2.0,1.0,17.671654,31872.0,11.0,0.0,0.0,15.384615,0.0,0.565878,0.0,0.0,152032.78125,0.565878,234.0,0.0,1514.0,0.0,0.0,0.565878,0.565878,1.0,0.0,0.0,12.370158,0.0,VIDEO
0.0,0.109552,3.0,66.0,0.771989,0.173457,-0.0,2051.842773,203961.453125,21460.0,1.0,21196.0,14.0,0.0,0.283009,86528.0,1721542400.0,64.0,0.0,0.0,0.0,0.0,0.0,62.0,0.0,3.886066,1.0,4.0,3.0,1.0,22.02104,31872.0,18.0,0.0,0.0,14.285714,0.0,0.771989,0.0,0.0,206013.296875,0.771989,264.0,0.0,1514.0,0.0,0.0,0.771989,0.771989,1.0,0.0,0.0,16.839619,0.0,VIDEO
0.0,0.109552,0.0,66.0,0.643766,0.173457,-0.0,5741.216797,263400.0625,23238.0,1.0,22710.0,15.0,0.0,0.283009,84608.0,1721542400.0,64.0,0.0,0.0,0.0,0.0,0.0,62.0,0.0,10.873516,1.0,8.0,0.0,1.0,34.173908,31872.0,23.0,0.0,0.0,0.0,0.0,0.643766,0.0,0.0,269141.28125,0.643766,528.0,0.0,1514.0,0.0,0.0,0.643766,0.643766,0.0,0.0,0.0,21.747032,0.0,VIDEO
0.0,0.109552,0.0,66.0,0.586118,0.173457,-0.0,3603.370117,227312.59375,18498.0,1.0,18168.0,12.0,0.0,0.283009,89600.0,1721542400.0,64.0,0.0,0.0,0.0,0.0,0.0,62.0,0.0,6.824564,1.0,5.0,0.0,1.0,27.298258,31872.0,17.0,0.0,0.0,0.0,0.0,0.586118,0.0,0.0,230915.96875,0.586118,330.0,0.0,1514.0,0.0,0.0,0.586118,0.586118,0.0,0.0,0.0,18.767553,0.0,VIDEO
0.0,0.109552,0.0,0.0,0.0,0.173457,-0.0,0.0,0.0,1514.0,1.0,1514.0,1.0,0.0,0.283009,905590.6520605112,1721542400.0,64.0,0.0,0.0,0.0,0.0,0.0,62.0,0.0,0.0,1.0,0.0,0.0,0.0,0.0,931391.4917946004,1.0,0.0,0.0,0.0,0.0,0.0,0.0,0.0,0.0,0.0,0.0,0.0,1514.0,1.0,0.0,0.0,0.0,0.0,0.0,0.0,0.0,0.0,VIDEO
0.0,0.109552,1.0,78.0,0.020387,0.173457,-0.0,0.0,5941041.0,16732.0,1.0,16654.0,11.0,0.0,0.283009,89600.0,1721542400.0,64.0,0.0,0.0,0.0,0.0,0.0,62.0,0.0,0.0,1.0,1.0,1.0,1.0,539.559509,31872.0,12.0,0.0,0.0,7.692308,0.0,0.020387,0.0,0.0,5941041.0,0.020387,78.0,0.0,1514.0,0.0,0.0,0.020387,0.020387,1.0,0.0,0.0,490.508667,0.0,VIDEO
0.0,0.109552,0.0,66.0,0.073535,0.173457,-0.0,28721.015625,1811817.375,18498.0,1.0,18168.0,12.0,0.0,0.283009,79872.0,1721542400.0,64.0,0.0,0.0,0.0,0.0,0.0,62.0,0.0,54.395863,1.0,5.0,0.0,1.0,217.58345,31872.0,17.0,0.0,0.0,0.0,0.0,0.073535,0.0,0.0,1840538.5,0.073535,330.0,0.0,1514.0,0.0,0.0,0.073535,0.073535,0.0,0.0,0.0,149.588623,0.0,VIDEO
0.0,0.109552,0.0,0.0,0.0,0.173457,-0.0,0.0,0.0,1514.0,1.0,1514.0,1.0,0.0,0.283009,905590.6520605112,1721542400.0,64.0,0.0,0.0,0.0,0.0,0.0,62.0,0.0,0.0,1.0,0.0,0.0,0.0,0.0,931391.4917946004,1.0,0.0,0.0,0.0,0.0,0.0,0.0,0.0,0.0,0.0,0.0,0.0,1514.0,1.0,0.0,0.0,0.0,0.0,0.0,0.0,0.0,0.0,VIDEO
0.0,0.109552,0.0,0.0,0.0,0.173457,-0.0,0.0,0.0,1514.0,1.0,1514.0,1.0,0.0,0.283009,905590.6520605112,1721542400.0,64.0,0.0,0.0,0.0,0.0,0.0,62.0,0.0,0.0,1.0,0.0,1.0,0.0,0.0,931391.4917946004,1.0,0.0,0.0,0.0,0.0,0.0,0.0,0.0,0.0,0.0,0.0,0.0,1514.0,1.0,0.0,0.0,0.0,1.0,0.0,0.0,0.0,0.0,VIDEO
0.0,0.109552,5.0,79.714287,0.329398,0.173457,-0.0,11633.342773,956022.8125,41436.0,1.0,40878.0,27.0,0.0,0.283009,115584.0,1721542400.0,64.0,0.0,0.0,0.0,0.0,0.0,62.0,0.0,18.215046,1.0,7.0,5.0,1.0,100.182755,31872.0,34.0,0.0,0.0,12.820513,0.0,0.329398,0.0,0.0,967656.125,0.329398,558.0,0.0,1514.0,0.0,0.0,0.329398,0.329398,1.0,0.0,0.0,78.93187,0.0,VIDEO
0.0,0.109552,6.0,91.333336,0.694112,0.173457,-0.0,2109.169678,87248.164062,9358.0,1.0,9084.0,6.0,0.0,0.283009,122240.0,1721542400.0,64.0,0.0,0.0,0.0,0.0,0.0,62.0,0.0,2.881379,1.0,3.0,6.0,1.0,11.525517,31872.0,9.0,0.0,0.0,40.0,0.0,0.694112,0.0,0.0,89357.328125,0.694112,274.0,0.0,1514.0,0.0,0.0,0.694112,0.694112,1.0,0.0,0.0,7.203448,0.0,VIDEO
0.0,0.109552,7.0,74.800003,0.653237,0.173457,-0.0,3674.01123,148332.078125,14000.0,1.0,13626.0,9.0,0.0,0.283009,122624.0,1721542400.0,64.0,0.0,0.0,0.0,0.0,0.0,62.0,0.0,6.123352,1.0,5.0,7.0,1.0,19.900894,31872.0,14.0,0.0,0.0,33.333333,0.0,0.653237,0.0,0.0,152006.09375,0.653237,374.0,0.0,1514.0,0.0,0.0,0.653237,0.653237,1.0,0.0,0.0,12.246704,0.0,VIDEO
0.0,0.109552,2.0,73.199997,0.815094,0.173457,-0.0,2875.741943,282333.09375,30646.0,1.0,30280.0,20.0,0.0,0.283009,127232.0,1721542400.0,64.0,0.0,0.0,0.0,0.0,0.0,62.0,0.0,4.90741,1.0,5.0,2.0,1.0,29.444456,31872.0,25.0,0.0,0.0,7.407407,0.0,0.815094,0.0,0.0,285208.84375,0.815094,366.0,0.0,1514.0,0.0,0.0,0.815094,0.815094,1.0,0.0,0.0,23.310196,0.0,VIDEO
0.0,0.109552,10.0,86.0,0.472917,0.173457,-0.0,4364.402344,230501.34375,15484.0,1.0,15140.0,10.0,0.0,0.283009,123264.0,1721542400.0,64.0,0.0,0.0,0.0,0.0,0.0,62.0,0.0,6.343608,1.0,4.0,10.0,1.0,27.488968,31872.0,14.0,0.0,0.0,41.666667,0.0,0.472917,0.0,0.0,234865.75,0.472917,344.0,0.0,1514.0,0.0,0.0,0.472917,0.472917,1.0,0.0,0.0,19.030825,0.0,VIDEO
0.0,0.109552,1.0,73.428574,0.786477,0.173457,-0.0,4485.827148,246405.15625,26252.0,1.0,25738.0,17.0,0.0,0.283009,121600.0,1721542400.0,64.0,0.0,0.0,0.0,0.0,0.0,62.0,0.0,7.628958,1.0,7.0,1.0,1.0,29.244337,31872.0,24.0,0.0,0.0,4.0,0.0,0.786477,0.0,0.0,250890.984375,0.786477,514.0,0.0,1514.0,0.0,0.0,0.786477,0.786477,1.0,0.0,0.0,20.343887,0.0,VIDEO
0.0,0.109552,0.0,66.0,0.770668,0.173457,-0.0,6166.079102,330040.9375,33968.0,1.0,33308.0,22.0,0.0,0.283009,130304.0,1721542400.0,64.0,0.0,0.0,0.0,0.0,0.0,62.0,0.0,11.67818,1.0,10.0,0.0,1.0,40.224842,31872.0,32.0,0.0,0.0,0.0,0.0,0.770668,0.0,0.0,336207.03125,0.770668,660.0,0.0,1514.0,0.0,0.0,0.770668,0.770668,0.0,0.0,0.0,27.249086,0.0,VIDEO
0.0,0.109552,1.0,76.0,0.52193,0.173457,-0.0,5824.536133,371298.84375,26194.0,1.0,25738.0,17.0,0.0,0.283009,130304.0,1721542400.0,64.0,0.0,0.0,0.0,0.0,0.0,62.0,0.0,9.579829,1.0,6.0,1.0,1.0,42.151249,31872.0,23.0,0.0,0.0,4.166667,0.0,0.52193,0.0,0.0,377123.375,0.52193,456.0,0.0,1514.0,0.0,0.0,0.52193,0.52193,1.0,0.0,0.0,30.655453,0.0,VIDEO
0.0,0.109552,3.0,66.0,0.048766,0.173457,-0.0,0.0,496739.5625,4608.0,1.0,4542.0,3.0,0.0,0.283009,120704.0,1721542400.0,64.0,0.0,0.0,0.0,0.0,0.0,62.0,0.0,0.0,1.0,1.0,3.0,0.0,61.518272,31872.0,4.0,0.0,0.0,42.857143,0.0,0.048766,0.0,0.0,496739.5625,0.048766,66.0,1.0,1514.0,0.0,0.0,0.048766,0.048766,1.0,0.0,0.0,41.01218,0.0,VIDEO
0.0,0.109552,3.0,66.0,0.747073,0.173457,-0.0,0.0,32425.210938,4608.0,1.0,4542.0,3.0,0.0,0.283009,131328.0,1721542400.0,64.0,0.0,0.0,0.0,0.0,0.0,62.0,0.0,0.0,1.0,1.0,3.0,0.0,4.015672,31872.0,4.0,0.0,0.0,42.857143,0.0,0.747073,0.0,0.0,32425.210938,0.747073,66.0,1.0,1514.0,0.0,0.0,0.747073,0.747073,1.0,0.0,0.0,2.677114,0.0,VIDEO
0.0,0.109552,2.0,66.0,0.009461,0.173457,-0.0,0.0,1280203.0,3094.0,1.0,3028.0,2.0,0.0,0.283009,131328.0,1721542400.0,64.0,0.0,0.0,0.0,0.0,0.0,62.0,0.0,0.0,1.0,1.0,2.0,0.0,211.39415,31872.0,3.0,0.0,0.0,40.0,0.0,0.009461,0.0,0.0,1280203.0,0.009461,66.0,1.0,1514.0,0.0,0.0,0.009461,0.009461,1.0,0.0,0.0,105.697075,0.0,VIDEO
0.0,0.109552,0.0,0.0,0.0,0.173457,-0.0,0.0,0.0,1514.0,1.0,1514.0,1.0,0.0,0.283009,905590.6520605112,1721542400.0,64.0,0.0,0.0,0.0,0.0,0.0,62.0,0.0,0.0,1.0,0.0,1.0,0.0,0.0,931391.4917946004,1.0,0.0,0.0,0.0,0.0,0.0,0.0,0.0,0.0,0.0,0.0,0.0,1514.0,1.0,0.0,0.0,0.0,1.0,0.0,0.0,0.0,0.0,VIDEO
0.0,0.109552,0.0,0.0,0.0,0.173457,-0.0,0.0,0.0,1514.0,1.0,1514.0,1.0,0.0,0.283009,905590.6520605112,1721542400.0,64.0,0.0,0.0,0.0,0.0,0.0,62.0,0.0,0.0,1.0,0.0,1.0,0.0,0.0,931391.4917946004,1.0,0.0,0.0,0.0,0.0,0.0,0.0,0.0,0.0,0.0,0.0,0.0,1514.0,1.0,0.0,0.0,0.0,1.0,0.0,0.0,0.0,0.0,VIDEO
0.0,0.109552,0.0,66.0,0.001987,0.173457,-0.0,0.0,0.0,132.0,1.0,66.0,1.0,0.0,0.283009,131328.0,1721542400.0,64.0,0.0,0.0,0.0,0.0,0.0,62.0,0.0,0.0,1.0,1.0,0.0,0.0,503.271271,31872.0,2.0,0.0,0.0,0.0,0.0,0.001987,0.0,0.0,0.0,0.001987,66.0,1.0,66.0,0.0,0.0,0.001987,0.001987,0.0,0.0,0.0,0.0,0.0,VIDEO
0.0,0.109552,3.0,70.0,0.796904,0.173457,-0.0,1405.438965,91192.914062,10808.0,1.0,10598.0,7.0,0.0,0.283009,127360.0,1721542400.0,64.0,0.0,0.0,0.0,0.0,0.0,62.0,0.0,2.509712,1.0,3.0,3.0,0.0,11.293706,31872.0,10.0,0.0,0.0,23.076923,0.0,0.796904,0.0,0.0,92598.351562,0.796904,210.0,1.0,1514.0,0.0,0.0,0.796904,0.796904,1.0,0.0,0.0,7.529138,0.0,VIDEO
0.0,0.109552,2.0,66.0,0.758163,0.173457,-0.0,3482.10083,159754.5625,17050.0,1.0,16654.0,11.0,0.0,0.283009,127360.0,1721542400.0,64.0,0.0,0.0,0.0,0.0,0.0,62.0,0.0,6.594888,1.0,6.0,2.0,0.0,21.103642,31872.0,17.0,0.0,0.0,10.526316,0.0,0.758163,0.0,0.0,163236.65625,0.758163,396.0,0.0,1514.0,0.0,0.0,0.758163,0.758163,1.0,0.0,0.0,13.189776,0.0,VIDEO
0.0,0.032396,0.0,64.0,0.283769,0.0,-0.0,1804.284424,0.0,202.0,0.0,74.0,1.0,0.0,0.032396,8222720.0,1721542400.0,64.0,0.0,0.0,0.0,0.0,0.0,62.0,0.0,3.523993,0.0,2.0,0.0,0.0,7.047986,4077568.0,3.0,0.0,0.0,0.0,0.0,0.283769,0.0,0.0,1804.284424,0.283769,128.0,0.0,74.0,0.0,0.0,0.283769,0.283769,0.0,0.0,0.0,0.0,0.0,VIDEO
0.0,0.045925,1.0,128.571426,0.917416,0.192915,-0.0,6731.95166,169781.21875,21586.0,1.0,20686.0,17.0,0.0,0.23884,64256.0,1721542400.0,64.0,0.0,0.0,0.0,0.0,0.0,62.0,0.0,6.540109,0.0,7.0,1.0,0.0,25.070415,31872.0,24.0,0.0,0.0,4.0,0.0,0.917416,0.0,0.0,176513.171875,0.917416,900.0,0.0,1216.823486,0.0,0.0,0.917416,0.917416,1.0,0.0,1.0,17.440289,0.0,VIDEO
0.0,0.036931,0.0,70.0,0.463512,0.426581,-0.0,1208.167236,0.0,214.0,0.0,74.0,1.0,0.0,0.463512,64256.0,1721542400.0,64.0,0.0,0.0,0.0,0.0,0.0,62.0,0.0,2.157441,0.0,2.0,0.0,0.0,4.314883,4077568.0,3.0,0.0,0.0,0.0,0.0,0.463512,0.0,0.0,1208.167236,0.463512,140.0,0.0,74.0,0.0,0.0,0.463512,0.463512,0.0,0.0,0.0,0.0,0.0,VIDEO
0.0,0.045925,5.0,74.800003,0.895101,0.192915,-0.0,2681.261719,166935.34375,20488.0,1.0,20114.0,14.0,0.0,0.23884,75776.0,1721542400.0,64.0,0.0,0.0,0.0,0.0,0.0,62.0,0.0,4.46877,1.0,5.0,5.0,1.0,20.109463,31872.0,19.0,0.0,0.0,20.833333,0.0,0.895101,0.0,0.0,169616.609375,0.895101,374.0,0.0,1436.714233,0.0,0.0,0.895101,0.895101,1.0,0.0,0.0,14.5235,0.0,VIDEO
0.0,0.045925,1.0,73.199997,0.865811,0.192915,-0.0,2707.28833,97924.375,12478.0,1.0,12112.0,8.0,0.0,0.23884,78848.0,1721542400.0,64.0,0.0,0.0,0.0,0.0,0.0,62.0,0.0,4.619946,1.0,5.0,1.0,1.0,13.859838,31872.0,13.0,0.0,0.0,7.142857,0.0,0.865811,0.0,0.0,100631.664062,0.865811,366.0,0.0,1514.0,0.0,0.0,0.865811,0.865811,1.0,0.0,0.0,8.084906,0.0,VIDEO
0.0,0.045925,0.0,0.0,0.0,0.192915,-0.0,0.0,0.0,1514.0,1.0,1514.0,1.0,0.0,0.23884,905590.6520605112,1721542400.0,64.0,0.0,0.0,0.0,0.0,0.0,62.0,0.0,0.0,1.0,0.0,0.0,0.0,0.0,931391.4917946004,1.0,0.0,0.0,0.0,0.0,0.0,0.0,0.0,0.0,0.0,0.0,0.0,1514.0,1.0,0.0,0.0,0.0,0.0,0.0,0.0,0.0,0.0,VIDEO
0.0,0.045925,0.0,0.0,0.0,0.192915,-0.0,0.0,0.0,1514.0,1.0,1514.0,1.0,0.0,0.23884,905590.6520605112,1721542400.0,64.0,0.0,0.0,0.0,0.0,0.0,62.0,0.0,0.0,1.0,0.0,1.0,0.0,0.0,931391.4917946004,1.0,0.0,0.0,0.0,0.0,0.0,0.0,0.0,0.0,0.0,0.0,0.0,1514.0,1.0,0.0,0.0,0.0,1.0,0.0,0.0,0.0,0.0,VIDEO
0.0,0.036931,0.0,66.0,0.230738,0.426581,-0.0,2288.309814,0.0,198.0,0.0,66.0,1.0,1.0,0.463512,64256.0,1721542400.0,64.0,0.0,0.0,0.0,0.0,0.0,62.0,0.0,4.33392,1.0,2.0,0.0,0.0,8.66784,4077568.0,3.0,0.0,0.0,0.0,0.0,0.230738,0.0,0.0,2288.309814,0.230738,132.0,0.0,66.0,0.0,0.0,0.230738,0.230738,0.0,0.0,0.0,0.0,0.0,VIDEO
0.0,0.045925,1.0,66.0,0.56791,0.192915,-0.0,0.0,42654.644531,4608.0,1.0,4542.0,3.0,0.0,0.23884,85504.0,1721542400.0,64.0,0.0,0.0,0.0,0.0,0.0,62.0,0.0,0.0,1.0,1.0,1.0,0.0,5.282527,31872.0,4.0,0.0,0.0,20.0,0.0,0.56791,0.0,0.0,42654.644531,0.56791,66.0,1.0,1514.0,0.0,0.0,0.56791,0.56791,1.0,0.0,0.0,3.521685,0.0,VIDEO
0.0,0.045925,2.0,78.0,0.051785,0.192915,-0.0,0.0,233890.125,3106.0,1.0,3028.0,2.0,0.0,0.23884,85504.0,1721542400.0,64.0,0.0,0.0,0.0,0.0,0.0,62.0,0.0,0.0,1.0,1.0,2.0,0.0,38.621223,31872.0,3.0,0.0,0.0,40.0,0.0,0.051785,0.0,0.0,233890.125,0.051785,78.0,1.0,1514.0,0.0,0.0,0.051785,0.051785,1.0,0.0,0.0,19.310612,0.0,VIDEO
0.0,0.045925,3.0,72.0,0.988249,0.192915,-0.0,582.84906,24512.041016,4686.0,1.0,4542.0,3.0,0.0,0.23884,82688.0,1721542400.0,64.0,0.0,0.0,0.0,0.0,0.0,62.0,0.0,1.011891,1.0,2.0,3.0,0.0,4.047563,31872.0,5.0,0.0,0.0,37.5,0.0,0.988249,0.0,0.0,25094.890625,0.988249,144.0,1.0,1514.0,0.0,0.0,0.988249,0.988249,1.0,0.0,0.0,2.023782,0.0,VIDEO
0.0,0.045925,0.0,69.0,0.994424,0.192915,-0.0,1665.285645,109619.242188,15416.0,1.0,15140.0,10.0,0.0,0.23884,85504.0,1721542400.0,64.0,0.0,0.0,0.0,0.0,0.0,62.0,0.0,3.016822,1.0,4.0,0.0,1.0,13.072895,31872.0,14.0,0.0,0.0,0.0,0.0,0.994424,0.0,0.0,111284.523438,0.994424,276.0,0.0,1514.0,0.0,0.0,0.994424,0.994424,0.0,0.0,0.0,9.050466,0.0,VIDEO
0.0,0.045925,5.0,75.0,0.515588,0.192915,-0.0,3491.159668,164441.375,12412.0,1.0,12112.0,8.0,0.0,0.23884,83584.0,1721542400.0,64.0,0.0,0.0,0.0,0.0,0.0,62.0,0.0,5.8186,1.0,4.0,5.0,0.0,21.334866,31872.0,12.0,0.0,0.0,29.411765,0.0,0.515588,0.0,0.0,167932.546875,0.515588,300.0,1.0,1514.0,0.0,0.0,0.515588,0.515588,1.0,0.0,0.0,13.576733,0.0,VIDEO
0.0,0.045925,0.0,66.0,0.849143,0.192915,-0.0,1865.410156,142637.921875,16918.0,1.0,16654.0,11.0,0.0,0.23884,82688.0,1721542400.0,64.0,0.0,0.0,0.0,0.0,0.0,62.0,0.0,3.532974,1.0,4.0,0.0,1.0,16.487211,31872.0,15.0,0.0,0.0,0.0,0.0,0.849143,0.0,0.0,144503.328125,0.849143,264.0,0.0,1514.0,0.0,0.0,0.849143,0.849143,0.0,0.0,0.0,11.776579,0.0,VIDEO
0.0,0.045925,0.0,0.0,0.834979,0.192915,-0.0,0.0,14505.753906,3028.0,1.0,3028.0,2.0,0.0,0.23884,905590.6520605112,1721542400.0,64.0,0.0,0.0,0.0,0.0,0.0,62.0,0.0,0.0,1.0,0.0,1.0,0.0,1.197635,931391.4917946004,2.0,0.0,0.0,0.0,0.0,0.834979,0.0,0.0,14505.753906,0.834979,0.0,0.0,1514.0,1.0,0.0,0.834979,0.834979,1.0,0.0,0.0,1.197635,0.0,VIDEO
0.0,0.045925,5.0,69.0,0.722952,0.192915,-0.0,5344.75293,301563.59375,29318.0,1.0,28766.0,19.0,0.0,0.23884,82688.0,1721542400.0,64.0,0.0,0.0,0.0,0.0,0.0,62.0,0.0,9.682524,1.0,8.0,5.0,1.0,35.963661,31872.0,27.0,0.0,0.0,15.625,0.0,0.722952,0.0,0.0,306908.34375,0.722952,552.0,0.0,1514.0,0.0,0.0,0.722952,0.722952,1.0,0.0,0.0,24.897919,0.0,VIDEO
0.0,0.045925,1.0,78.0,0.923188,0.192915,-0.0,0.0,65598.773438,9162.0,1.0,9084.0,6.0,0.0,0.23884,86656.0,1721542400.0,64.0,0.0,0.0,0.0,0.0,0.0,62.0,0.0,0.0,1.0,1.0,1.0,1.0,6.499218,31872.0,7.0,0.0,0.0,12.5,0.0,0.923188,0.0,0.0,65598.773438,0.923188,78.0,0.0,1514.0,0.0,0.0,0.923188,0.923188,1.0,0.0,0.0,5.416015,0.0,VIDEO
0.0,0.045925,0.0,66.0,0.940916,0.192915,-0.0,1122.310547,154470.75,19880.0,1.0,19682.0,13.0,0.0,0.23884,85504.0,1721542400.0,64.0,0.0,0.0,0.0,0.0,0.0,62.0,0.0,2.125588,1.0,3.0,0.0,1.0,15.941912,31872.0,16.0,0.0,0.0,0.0,0.0,0.940916,0.0,0.0,155593.0625,0.940916,198.0,0.0,1514.0,0.0,0.0,0.940916,0.940916,0.0,0.0,0.0,12.75353,0.0,VIDEO
0.0,0.045925,0.0,66.0,0.820266,0.192915,-0.0,7080.629883,369148.53125,40156.0,1.0,39364.0,26.0,0.0,0.23884,87168.0,1721542400.0,64.0,0.0,0.0,0.0,0.0,0.0,62.0,0.0,13.410284,1.0,12.0,0.0,1.0,45.107319,31872.0,38.0,0.0,0.0,0.0,0.0,0.820266,0.0,0.0,376229.15625,0.820266,792.0,0.0,1514.0,0.0,0.0,0.820266,0.820266,0.0,0.0,0.0,30.477919,0.0,VIDEO
0.0,0.045925,2.0,75.0,0.567664,0.192915,-0.0,3170.889648,128019.382812,10898.0,1.0,10598.0,7.0,0.0,0.23884,89088.0,1721542400.0,64.0,0.0,0.0,0.0,0.0,0.0,62.0,0.0,5.284816,1.0,4.0,2.0,1.0,17.616055,31872.0,11.0,0.0,0.0,15.384615,0.0,0.567664,0.0,0.0,131190.28125,0.567664,300.0,0.0,1514.0,0.0,0.0,0.567664,0.567664,1.0,0.0,0.0,10.569633,0.0,VIDEO
0.0,0.045925,1.0,68.0,0.909442,0.192915,-0.0,2990.844971,226406.953125,27660.0,1.0,27252.0,18.0,0.0,0.23884,85248.0,1721542400.0,64.0,0.0,0.0,0.0,0.0,0.0,62.0,0.0,5.497877,1.0,6.0,1.0,1.0,25.290234,31872.0,24.0,0.0,0.0,4.0,0.0,0.909442,0.0,0.0,229397.796875,0.909442,408.0,0.0,1514.0,0.0,0.0,0.909442,0.909442,1.0,0.0,0.0,18.692781,0.0,VIDEO
0.0,0.045925,0.0,66.0,0.737667,0.192915,-0.0,7157.701172,377644.65625,37062.0,1.0,36336.0,24.0,0.0,0.23884,91136.0,1721542400.0,64.0,0.0,0.0,0.0,0.0,0.0,62.0,0.0,13.556252,1.0,11.0,0.0,1.0,46.091255,31872.0,35.0,0.0,0.0,0.0,0.0,0.737667,0.0,0.0,384802.34375,0.737667,726.0,0.0,1514.0,0.0,0.0,0.737667,0.737667,0.0,0.0,0.0,31.179379,0.0,VIDEO
0.0,0.045925,0.0,66.0,0.830508,0.192915,-0.0,0.0,116670.757812,13692.0,1.0,13626.0,9.0,0.0,0.23884,91136.0,1721542400.0,64.0,0.0,0.0,0.0,0.0,0.0,62.0,0.0,0.0,1.0,1.0,0.0,1.0,10.83674,31872.0,10.0,0.0,0.0,0.0,0.0,0.830508,0.0,0.0,116670.757812,0.830508,66.0,0.0,1514.0,0.0,0.0,0.830508,0.830508,0.0,0.0,0.0,9.632659,0.0,VIDEO
0.0,0.045925,0.0,66.0,0.6576,0.192915,-0.0,2408.759277,550170.3125,46995.0,1.0,46731.0,31.0,0.0,0.23884,91136.0,1721542400.0,64.0,0.0,0.0,0.0,0.0,0.0,62.0,0.0,4.562044,1.0,4.0,0.0,0.0,51.703163,31872.0,35.0,0.0,0.0,0.0,0.0,0.6576,0.0,0.0,552579.0625,0.6576,264.0,0.0,1507.45166,0.0,0.0,0.6576,0.6576,0.0,0.0,0.0,45.620438,0.0,VIDEO
0.0,0.045925,0.0,66.0,0.949681,0.192915,-0.0,1111.952393,555.976196,330.0,1.0,132.0,2.0,0.0,0.23884,91136.0,1721542400.0,64.0,0.0,0.0,0.0,0.0,0.0,62.0,0.0,2.10597,1.0,3.0,0.0,0.0,4.211941,31872.0,5.0,0.0,0.0,0.0,0.0,0.949681,0.0,0.0,1667.928467,0.949681,198.0,0.0,66.0,0.0,0.0,0.949681,0.949681,0.0,0.0,0.0,1.052985,0.0,VIDEO
0.0,0.045925,0.0,66.0,0.094246,0.192915,-0.0,0.0,0.0,132.0,1.0,66.0,1.0,0.0,0.23884,91136.0,1721542400.0,64.0,0.0,0.0,0.0,0.0,0.0,62.0,0.0,0.0,1.0,1.0,0.0,0.0,10.61053,31872.0,2.0,0.0,0.0,0.0,0.0,0.094246,0.0,0.0,0.0,0.094246,66.0,0.0,66.0,0.0,0.0,0.094246,0.094246,0.0,0.0,0.0,0.0,0.0,VIDEO
0.0,0.017407,0.0,74.0,0.017407,0.0,-0.0,0.0,0.0,148.0,0.0,74.0,1.0,0.0,0.017407,8222720.0,1721542400.0,64.0,0.0,0.0,0.0,0.0,1.0,62.0,0.0,0.0,0.0,1.0,0.0,0.0,57.448154,4077568.0,2.0,0.0,0.0,0.0,0.0,0.017407,0.0,0.0,0.0,0.017407,74.0,0.0,74.0,0.0,0.0,0.017407,0.017407,0.0,0.0,0.0,0.0,0.0,VIDEO
0.0,0.017407,0.0,0.0,0.0,0.0,-0.0,0.0,0.0,74.0,0.0,74.0,1.0,0.0,0.017407,905590.6520605112,1721542400.0,64.0,1.0,0.0,0.0,0.0,0.0,62.0,0.0,0.0,1.0,0.0,1.0,0.0,0.0,931391.4917946004,1.0,0.0,0.0,0.0,0.0,0.0,0.0,0.0,0.0,0.0,0.0,0.0,74.0,0.0,0.0,0.0,0.0,1.0,0.0,0.0,0.0,0.0,VIDEO
0.0,0.017407,1.0,54.0,0.162959,0.0,-0.0,0.0,0.0,128.0,0.0,74.0,1.0,0.0,0.017407,8222720.0,1721542400.0,64.0,0.0,0.0,0.0,0.0,0.0,62.0,0.0,0.0,1.0,1.0,1.0,0.0,6.136513,4077568.0,2.0,0.0,0.0,33.333333,0.0,0.162959,0.0,0.0,0.0,0.162959,54.0,0.0,74.0,0.0,0.0,0.162959,0.162959,1.0,0.0,0.0,0.0,0.0,VIDEO
2.0,0.066769,2.0,108.199997,0.827407,0.271819,-0.0,9417.373047,416781.59375,45578.0,0.0,44496.0,32.0,0.0,0.338588,55808.0,1721542400.0,64.0,0.0,0.0,0.0,0.0,0.0,62.0,1.0,10.877356,0.0,10.0,0.0,0.0,49.552395,31872.0,42.0,0.0,0.0,4.545455,0.0,0.827407,0.0,0.0,426198.96875,0.827407,1082.0,0.0,1390.5,0.0,0.0,0.827407,0.827407,0.0,0.0,1.0,37.466446,0.0,VIDEO
2.0,0.066769,3.0,70.800003,0.339582,0.271819,-0.0,6690.578613,1743.319702,502.0,0.0,148.0,2.0,0.0,0.338588,64256.0,1721542400.0,64.0,0.0,0.0,0.0,0.0,0.0,62.0,0.0,11.779187,0.0,5.0,1.0,0.0,17.668781,4077568.0,7.0,0.0,0.0,30.0,0.0,0.339582,0.0,0.0,8433.898438,0.339582,354.0,0.0,74.0,0.0,1.0,0.339582,0.339582,0.0,0.0,0.0,2.944797,0.0,VIDEO
0.0,0.066769,2.0,70.273972,0.79646,0.271819,-0.0,50824.902344,2980629.5,303388.0,1.0,298258.0,197.0,0.0,0.338588,417408.0,1721542400.0,64.0,0.0,0.0,0.0,0.0,0.0,62.0,0.0,90.400024,1.0,73.0,2.0,1.0,337.744537,31872.0,270.0,0.0,0.0,0.735294,0.0,0.79646,0.0,0.0,3031454.25,0.79646,5130.0,0.0,1514.0,0.0,0.0,0.79646,0.79646,1.0,0.0,0.0,246.088959,0.0,VIDEO
0.0,0.066769,34.0,83.818184,0.922226,0.271819,-0.0,23274.121094,1405278.125,166278.0,1.0,163512.0,108.0,0.0,0.338588,426752.0,1721542400.0,64.0,0.0,0.0,0.0,0.0,0.0,62.0,0.0,34.698654,1.0,33.0,34.0,1.0,151.80661,31872.0,141.0,0.0,0.0,19.428571,0.0,0.922226,0.0,0.0,1428552.25,0.922226,2766.0,0.0,1514.0,0.0,0.0,0.922226,0.922226,1.0,0.0,0.0,116.023621,0.0,VIDEO
0.0,0.066769,42.0,83.599998,0.985866,0.271819,-0.0,16286.188477,1130279.375,142892.0,1.0,140802.0,93.0,0.0,0.338588,451072.0,1721542400.0,64.0,0.0,0.0,0.0,0.0,0.0,62.0,0.0,24.344078,1.0,25.0,42.0,1.0,118.677383,31872.0,118.0,0.0,0.0,26.25,0.0,0.985866,0.0,0.0,1146565.5,0.985866,2090.0,0.0,1514.0,0.0,0.0,0.985866,0.985866,1.0,0.0,0.0,93.31897,0.0,VIDEO
0.0,0.066769,3.0,73.0,0.778655,0.271819,-0.0,8250.124023,684421.25,69006.0,1.0,68130.0,45.0,0.0,0.338588,462336.0,1721542400.0,64.0,0.0,0.0,0.0,0.0,0.0,62.0,0.0,14.126925,1.0,12.0,3.0,1.0,71.918884,31872.0,57.0,0.0,0.0,5.0,0.0,0.778655,0.0,0.0,692671.3125,0.778655,876.0,0.0,1514.0,0.0,0.0,0.778655,0.778655,1.0,0.0,0.0,56.507698,0.0,VIDEO
0.0,0.066769,19.0,75.866669,0.731669,0.271819,-0.0,11622.742188,1854040.5,172220.0,1.0,171082.0,113.0,0.0,0.338588,456960.0,1721542400.0,64.0,0.0,0.0,0.0,0.0,0.0,62.0,0.0,19.134335,1.0,15.0,19.0,1.0,173.57576,31872.0,128.0,0.0,0.0,12.92517,0.0,0.731669,0.0,0.0,1865663.25,0.731669,1138.0,0.0,1514.0,0.0,0.0,0.731669,0.731669,1.0,0.0,0.0,153.074677,0.0,VIDEO
0.0,0.066769,0.0,66.0,0.284004,0.271819,-0.0,1859.128784,1859.128784,264.0,0.0,132.0,2.0,1.0,0.338588,64256.0,1721542400.0,64.0,0.0,0.0,0.0,0.0,0.0,62.0,0.0,3.521077,1.0,2.0,0.0,0.0,10.563231,31872.0,4.0,0.0,0.0,0.0,0.0,0.284004,0.0,0.0,3718.257568,0.284004,132.0,0.0,66.0,0.0,0.0,0.284004,0.284004,0.0,0.0,0.0,3.521077,0.0,VIDEO
0.0,0.066769,9.0,69.789474,0.893803,0.271819,-0.0,11250.801758,1693885.625,192090.0,1.0,190764.0,126.0,0.0,0.338588,463616.0,1721542400.0,64.0,0.0,0.0,0.0,0.0,0.0,62.0,0.0,20.138666,1.0,19.0,9.0,1.0,161.109329,31872.0,145.0,0.0,0.0,5.844156,0.0,0.893803,0.0,0.0,1705136.375,0.893803,1326.0,0.0,1514.0,0.0,0.0,0.893803,0.893803,1.0,0.0,0.0,139.851852,0.0,VIDEO
0.0,0.066769,3.0,68.727272,0.993095,0.271819,-0.0,11632.321289,1642549.875,206923.0,1.0,205411.0,136.0,0.0,0.338588,468608.0,1721542400.0,64.0,0.0,0.0,0.0,0.0,0.0,62.0,0.0,21.146013,1.0,22.0,3.0,0.0,158.091629,31872.0,158.0,0.0,0.0,1.863354,0.0,0.993095,0.0,0.0,1654182.125,0.993095,1512.0,0.0,1510.375,0.0,0.0,0.993095,0.993095,1.0,0.0,0.0,135.93866,0.0,VIDEO
0.0,0.066769,0.0,66.0,0.026925,0.271819,-0.0,19610.027344,0.0,198.0,1.0,66.0,1.0,0.0,0.338588,468608.0,1721542400.0,64.0,0.0,0.0,0.0,0.0,0.0,62.0,0.0,37.140205,1.0,2.0,0.0,0.0,74.280411,31872.0,3.0,0.0,0.0,0.0,0.0,0.026925,0.0,0.0,19610.027344,0.026925,132.0,0.0,66.0,0.0,0.0,0.026925,0.026925,0.0,0.0,0.0,0.0,0.0,VIDEO
0.0,0.005512,17.0,74.370789,0.9966,0.105217,-0.0,52538.632812,3055396.5,388743.0,1.0,382124.0,255.0,0.0,0.110729,453120.0,1721542400.0,64.0,0.0,0.0,0.0,0.0,0.0,62.0,0.0,88.300224,0.0,89.0,17.0,0.0,344.170197,31872.0,344.0,0.0,0.0,4.709141,0.0,0.9966,0.0,0.0,3107935.0,0.9966,6619.0,0.0,1498.525513,0.0,0.0,0.9966,0.9966,1.0,0.0,1.0,254.866547,0.0,VIDEO
0.0,0.005512,0.0,66.0,0.990458,0.105217,-0.0,95955.609375,5759711.0,726554.0,1.0,714608.0,472.0,0.0,0.110729,1359616.0,1721542400.0,64.0,0.0,0.0,0.0,0.0,0.0,62.0,0.0,181.7341,1.0,181.0,0.0,1.0,658.281311,31872.0,653.0,0.0,0.0,0.0,0.0,0.990458,0.0,0.0,5855666.5,0.990458,11946.0,0.0,1514.0,0.0,0.0,0.990458,0.990458,0.0,0.0,0.0,475.537567,0.0,VIDEO
0.0,0.005512,24.0,72.206894,0.908911,0.105217,-0.0,17797.123047,3451391.75,395734.0,1.0,393640.0,260.0,0.0,0.110729,1357952.0,1721542400.0,64.0,0.0,0.0,0.0,0.0,0.0,62.0,0.0,30.806097,1.0,29.0,24.0,1.0,316.862701,31872.0,289.0,0.0,0.0,7.667732,0.0,0.908911,0.0,0.0,3469189.0,0.908911,2094.0,0.0,1514.0,0.0,0.0,0.908911,0.908911,1.0,0.0,0.0,284.95639,0.0,VIDEO
0.0,0.005512,0.0,68.0,0.778703,0.105217,-0.0,3492.987793,1773163.875,174518.0,1.0,174110.0,115.0,0.0,0.110729,1360768.0,1721542400.0,64.0,0.0,0.0,0.0,0.0,0.0,62.0,0.0,6.420933,1.0,6.0,0.0,1.0,154.102402,31872.0,121.0,0.0,0.0,0.0,0.0,0.778703,0.0,0.0,1776656.875,0.778703,408.0,0.0,1514.0,0.0,0.0,0.778703,0.778703,0.0,0.0,0.0,146.397278,0.0,VIDEO
0.0,0.005512,15.0,75.052635,0.984002,0.105217,-0.0,10983.717773,430812.125,55930.0,1.0,54504.0,36.0,0.0,0.110729,1358720.0,1721542400.0,64.0,0.0,0.0,0.0,0.0,0.0,62.0,0.0,18.292646,1.0,19.0,15.0,1.0,54.877937,31872.0,55.0,0.0,0.0,21.428571,0.0,0.984002,0.0,0.0,441795.84375,0.984002,1426.0,0.0,1514.0,0.0,0.0,0.984002,0.984002,1.0,0.0,0.0,35.569035,0.0,VIDEO
0.0,0.005512,8.0,92.0,0.622769,0.105217,-0.0,3545.455811,311177.96875,26106.0,1.0,25738.0,17.0,0.0,0.110729,1344384.0,1721542400.0,64.0,0.0,0.0,0.0,0.0,0.0,62.0,0.0,4.817195,1.0,4.0,8.0,1.0,32.114635,31872.0,21.0,0.0,0.0,27.586207,0.0,0.622769,0.0,0.0,314723.40625,0.622769,368.0,0.0,1514.0,0.0,0.0,0.622769,0.622769,1.0,0.0,0.0,25.69171,0.0,VIDEO
0.0,0.005512,10.0,88.666664,0.966725,0.105217,-0.0,3674.260986,187933.484375,24756.0,1.0,24224.0,16.0,0.0,0.110729,1337344.0,1721542400.0,64.0,0.0,0.0,0.0,0.0,0.0,62.0,0.0,5.172101,1.0,6.0,10.0,1.0,21.722828,31872.0,22.0,0.0,0.0,31.25,0.0,0.966725,0.0,0.0,191607.75,0.966725,532.0,0.0,1514.0,0.0,0.0,0.966725,0.966725,1.0,0.0,0.0,15.516305,0.0,VIDEO
0.0,0.005512,0.0,66.0,0.957247,0.105217,-0.0,1654.745239,151835.421875,19946.0,1.0,19682.0,13.0,0.0,0.110729,1351936.0,1721542400.0,64.0,0.0,0.0,0.0,0.0,0.0,62.0,0.0,3.133987,1.0,4.0,0.0,1.0,16.7146,31872.0,17.0,0.0,0.0,0.0,0.0,0.957247,0.0,0.0,153490.15625,0.957247,264.0,0.0,1514.0,0.0,0.0,0.957247,0.957247,0.0,0.0,0.0,12.535949,0.0,VIDEO
0.0,0.005512,2.0,78.0,0.373126,0.105217,-0.0,13378.858398,908904.75,44608.0,1.0,43906.0,29.0,0.0,0.110729,1360768.0,1721542400.0,64.0,0.0,0.0,0.0,0.0,0.0,62.0,0.0,21.440479,1.0,9.0,2.0,1.0,99.162216,31872.0,38.0,0.0,0.0,5.0,0.0,0.373126,0.0,0.0,922283.625,0.373126,702.0,0.0,1514.0,0.0,0.0,0.373126,0.373126,1.0,0.0,0.0,75.041672,0.0,VIDEO
0.0,0.005512,0.0,0.0,0.0,0.105217,-0.0,0.0,0.0,1514.0,1.0,1514.0,1.0,0.0,0.110729,905590.6520605112,1721542400.0,64.0,0.0,0.0,0.0,0.0,0.0,62.0,0.0,0.0,1.0,0.0,1.0,0.0,0.0,931391.4917946004,1.0,0.0,0.0,0.0,0.0,0.0,0.0,0.0,0.0,0.0,0.0,0.0,1514.0,1.0,0.0,0.0,0.0,1.0,0.0,0.0,0.0,0.0,VIDEO
0.0,0.005512,1.0,66.631577,0.665779,0.105217,-0.0,14419.199219,3220023.5,270758.0,1.0,269492.0,178.0,0.0,0.110729,1360768.0,1721542400.0,64.0,0.0,0.0,0.0,0.0,0.0,62.0,0.0,27.035999,1.0,19.0,1.0,1.0,294.391998,31872.0,197.0,0.0,0.0,0.505051,0.0,0.665779,0.0,0.0,3234442.75,0.665779,1266.0,0.0,1514.0,0.0,0.0,0.665779,0.665779,1.0,0.0,0.0,265.853973,0.0,VIDEO
0.0,0.005512,56.0,76.962959,0.823132,0.105217,-0.0,19457.390625,2722188.0,283682.0,1.0,281604.0,186.0,0.0,0.110729,1324800.0,1721542400.0,64.0,0.0,0.0,0.0,0.0,0.0,62.0,0.0,31.586672,1.0,27.0,56.0,1.0,257.552856,31872.0,213.0,0.0,0.0,20.817844,0.0,0.823132,0.0,0.0,2741645.5,0.823132,2078.0,0.0,1514.0,0.0,0.0,0.823132,0.823132,1.0,0.0,0.0,224.751328,0.0,VIDEO
0.0,0.005512,3.0,75.14286,0.353929,0.105217,-0.0,10194.134766,389863.5,19100.0,1.0,18574.0,14.0,0.0,0.110729,1297792.0,1721542400.0,64.0,0.0,0.0,0.0,0.0,0.0,62.0,0.0,16.952553,1.0,7.0,3.0,0.0,56.508507,31872.0,21.0,0.0,0.0,12.5,0.0,0.353929,0.0,0.0,400057.625,0.353929,526.0,0.0,1326.714233,0.0,0.0,0.353929,0.353929,1.0,0.0,0.0,36.73053,0.0,VIDEO
0.0,0.003493,21.0,75.604652,0.986347,0.072738,-0.0,52127.699219,4179973.0,523367.0,1.0,516865.0,344.0,0.0,0.076231,327808.0,1721542400.0,64.0,0.0,0.0,0.0,0.0,0.0,62.0,0.0,86.176567,0.0,86.0,21.0,0.0,434.938202,31872.0,430.0,0.0,0.0,4.656319,0.0,0.986347,0.0,0.0,4232101.0,0.986347,6502.0,0.0,1502.514526,0.0,0.0,0.986347,0.986347,1.0,0.0,1.0,347.747803,0.0,VIDEO
0.0,0.003493,44.0,68.660461,0.794834,0.072738,-0.0,147895.03125,6421899.5,654313.0,1.0,639551.0,424.0,0.0,0.076231,1591424.0,1721542400.0,64.0,0.0,0.0,0.0,0.0,0.0,62.0,0.0,269.238617,1.0,215.0,44.0,0.0,802.683289,31872.0,639.0,0.0,0.0,6.442167,0.0,0.794834,0.0,0.0,6569794.5,0.794834,14762.0,0.0,1508.375,0.0,0.0,0.794834,0.794834,1.0,0.0,0.0,532.186584,0.0,VIDEO
0.0,0.05533,0.0,74.0,0.05533,0.0,-0.0,0.0,0.0,148.0,0.0,74.0,1.0,0.0,0.05533,8222720.0,1721542400.0,64.0,0.0,0.0,0.0,0.0,1.0,62.0,0.0,0.0,0.0,1.0,0.0,0.0,18.073378,4077568.0,2.0,0.0,0.0,0.0,0.0,0.05533,0.0,0.0,0.0,0.05533,74.0,0.0,74.0,0.0,0.0,0.05533,0.05533,0.0,0.0,0.0,0.0,0.0,VIDEO
0.0,0.05533,1.0,166.25,0.55879,0.0,-0.0,7144.007324,617147.75,45162.0,0.0,44497.0,32.0,0.0,0.05533,60672.0,1721542400.0,64.0,0.0,0.0,0.0,0.0,0.0,62.0,0.0,5.368743,1.0,4.0,1.0,0.0,62.635334,31872.0,36.0,0.0,0.0,2.702703,0.0,0.55879,0.0,0.0,624291.75,0.55879,665.0,0.0,1390.53125,0.0,0.0,0.55879,0.55879,1.0,0.0,0.0,55.477009,0.0,VIDEO
0.0,0.018591,0.0,74.0,0.018591,0.0,-0.0,0.0,0.0,148.0,0.0,74.0,1.0,0.0,0.018591,8222720.0,1721542400.0,64.0,0.0,0.0,0.0,0.0,1.0,62.0,0.0,0.0,0.0,1.0,0.0,0.0,53.789467,4077568.0,2.0,0.0,0.0,0.0,0.0,0.018591,0.0,0.0,0.0,0.018591,74.0,0.0,74.0,0.0,0.0,0.018591,0.018591,0.0,0.0,0.0,0.0,0.0,VIDEO
0.0,0.018591,1.0,66.0,0.0,0.532075,-0.0,0.0,0.0,140.0,0.0,74.0,1.0,0.0,0.550666,64256.0,1721542400.0,64.0,0.0,0.0,0.0,0.0,0.0,62.0,0.0,0.0,1.0,1.0,1.0,0.0,0.0,4077568.0,2.0,0.0,0.0,33.333333,0.0,0.0,0.0,0.0,0.0,0.0,66.0,0.0,74.0,0.0,0.0,0.0,0.0,1.0,0.0,0.0,0.0,0.0,VIDEO
0.0,0.05533,0.0,66.0,0.041866,0.0,-0.0,0.0,11282855.0,60626.0,0.0,60560.0,40.0,0.0,0.05533,60672.0,1721542400.0,64.0,0.0,0.0,0.0,0.0,0.0,62.0,0.0,0.0,1.0,1.0,0.0,0.0,955.429199,31872.0,41.0,0.0,0.0,0.0,0.0,0.041866,0.0,0.0,11282855.0,0.041866,66.0,0.0,1514.0,0.0,0.0,0.041866,0.041866,0.0,0.0,0.0,931.543457,0.0,VIDEO
0.0,0.05533,0.0,54.0,0.0,0.0,-0.0,0.0,0.0,1568.0,0.0,1514.0,1.0,0.0,0.05533,60672.0,1721542400.0,64.0,0.0,0.0,0.0,0.0,0.0,62.0,0.0,0.0,1.0,1.0,0.0,0.0,0.0,31872.0,2.0,0.0,0.0,0.0,0.0,0.0,0.0,0.0,0.0,0.0,54.0,0.0,1514.0,0.0,0.0,0.0,0.0,0.0,0.0,0.0,0.0,0.0,VIDEO
0.0,0.018591,0.0,66.0,0.045539,0.532075,-0.0,11594.458008,0.0,198.0,0.0,66.0,1.0,1.0,0.550666,64256.0,1721542400.0,64.0,0.0,0.0,0.0,0.0,0.0,62.0,0.0,21.9592,1.0,2.0,0.0,0.0,43.9184,4077568.0,3.0,0.0,0.0,0.0,0.0,0.045539,0.0,0.0,11594.458008,0.045539,132.0,0.0,66.0,0.0,0.0,0.045539,0.045539,0.0,0.0,0.0,0.0,0.0,VIDEO
0.0,0.001167,0.0,196.0,0.58982,0.184884,-0.0,5316.875977,196737.984375,16301.0,0.0,15713.0,13.0,0.0,0.186051,64256.0,1721542400.0,64.0,0.0,0.0,0.0,0.0,0.0,62.0,0.0,3.390865,0.0,3.0,0.0,0.0,25.431486,31872.0,16.0,0.0,0.0,0.0,0.0,0.58982,0.0,0.0,202054.859375,0.58982,588.0,0.0,1208.692261,0.0,0.0,0.58982,0.58982,0.0,0.0,1.0,20.34519,0.0,VIDEO
0.0,0.001167,1.0,67.090912,0.615287,0.184884,-0.0,8724.383789,1816817.125,141973.0,1.0,141235.0,94.0,0.0,0.186051,122112.0,1721542400.0,64.0,0.0,0.0,0.0,0.0,0.0,62.0,0.0,16.252579,1.0,11.0,1.0,1.0,169.02681,31872.0,105.0,0.0,0.0,0.943396,0.0,0.615287,0.0,0.0,1825541.5,0.615287,738.0,0.0,1502.5,0.0,0.0,0.615287,0.615287,1.0,0.0,0.0,151.148972,0.0,VIDEO
0.0,0.001167,68.0,73.63636,0.765746,0.184884,-0.0,24624.353516,2347305.75,228617.0,1.0,226187.0,150.0,0.0,0.186051,384128.0,1721542400.0,64.0,0.0,0.0,0.0,0.0,0.0,62.0,0.0,41.789314,1.0,33.0,68.0,0.0,237.676727,31872.0,183.0,0.0,0.0,27.091633,0.0,0.765746,0.0,0.0,2371930.25,0.765746,2430.0,0.0,1507.91333,0.0,0.0,0.765746,0.765746,1.0,0.0,0.0,194.581497,0.0,VIDEO
0.0,0.001167,0.0,66.0,0.039875,0.184884,-0.0,0.0,0.0,132.0,1.0,66.0,1.0,0.0,0.186051,384128.0,1721542400.0,64.0,0.0,0.0,0.0,0.0,0.0,62.0,0.0,0.0,1.0,1.0,0.0,0.0,25.078369,31872.0,2.0,0.0,0.0,0.0,0.0,0.039875,0.0,0.0,0.0,0.039875,66.0,0.0,66.0,0.0,0.0,0.039875,0.039875,0.0,0.0,0.0,0.0,0.0,VIDEO
0.0,0.013004,0.0,74.0,0.013004,0.0,-0.0,0.0,0.0,148.0,0.0,74.0,1.0,0.0,0.013004,8222720.0,1721542400.0,64.0,0.0,0.0,0.0,0.0,1.0,62.0,0.0,0.0,0.0,1.0,0.0,0.0,76.899414,4077568.0,2.0,0.0,0.0,0.0,0.0,0.013004,0.0,0.0,0.0,0.013004,74.0,0.0,74.0,0.0,0.0,0.013004,0.013004,0.0,0.0,0.0,0.0,0.0,VIDEO
0.0,0.013004,0.0,0.0,0.0,0.0,-0.0,0.0,0.0,74.0,0.0,74.0,1.0,0.0,0.013004,905590.6520605112,1721542400.0,64.0,1.0,0.0,0.0,0.0,0.0,62.0,0.0,0.0,1.0,0.0,1.0,0.0,0.0,931391.4917946004,1.0,0.0,0.0,0.0,0.0,0.0,0.0,0.0,0.0,0.0,0.0,0.0,74.0,0.0,0.0,0.0,0.0,1.0,0.0,0.0,0.0,0.0,VIDEO
0.0,0.013004,0.0,0.0,0.0,0.0,-0.0,0.0,0.0,74.0,0.0,74.0,1.0,0.0,0.013004,905590.6520605112,1721542400.0,64.0,1.0,0.0,0.0,0.0,0.0,62.0,0.0,0.0,1.0,0.0,1.0,0.0,0.0,931391.4917946004,1.0,0.0,0.0,0.0,0.0,0.0,0.0,0.0,0.0,0.0,0.0,0.0,74.0,0.0,0.0,0.0,0.0,1.0,0.0,0.0,0.0,0.0,VIDEO
0.0,0.001491,0.0,74.0,0.001491,0.0,-0.0,0.0,0.0,148.0,0.0,74.0,1.0,0.0,0.001491,8222720.0,1721542400.0,64.0,0.0,0.0,0.0,0.0,1.0,62.0,0.0,0.0,0.0,1.0,0.0,0.0,670.690857,4077568.0,2.0,0.0,0.0,0.0,0.0,0.001491,0.0,0.0,0.0,0.001491,74.0,0.0,74.0,0.0,0.0,0.001491,0.001491,0.0,0.0,0.0,0.0,0.0,VIDEO
0.0,0.001491,0.0,0.0,0.0,0.0,-0.0,0.0,0.0,74.0,0.0,74.0,1.0,0.0,0.001491,905590.6520605112,1721542400.0,64.0,1.0,0.0,0.0,0.0,0.0,62.0,0.0,0.0,1.0,0.0,1.0,0.0,0.0,931391.4917946004,1.0,0.0,0.0,0.0,0.0,0.0,0.0,0.0,0.0,0.0,0.0,0.0,74.0,0.0,0.0,0.0,0.0,1.0,0.0,0.0,0.0,0.0,VIDEO
0.0,0.001491,0.0,0.0,0.0,0.0,-0.0,0.0,0.0,74.0,0.0,74.0,1.0,0.0,0.001491,905590.6520605112,1721542400.0,64.0,1.0,0.0,0.0,0.0,0.0,62.0,0.0,0.0,1.0,0.0,1.0,0.0,0.0,931391.4917946004,1.0,0.0,0.0,0.0,0.0,0.0,0.0,0.0,0.0,0.0,0.0,0.0,74.0,0.0,0.0,0.0,0.0,1.0,0.0,0.0,0.0,0.0,VIDEO
0.0,0.013004,0.0,0.0,0.0,0.0,-0.0,0.0,0.0,74.0,0.0,74.0,1.0,0.0,0.013004,905590.6520605112,1721542400.0,64.0,1.0,0.0,0.0,0.0,0.0,62.0,0.0,0.0,1.0,0.0,1.0,0.0,0.0,931391.4917946004,1.0,0.0,0.0,0.0,0.0,0.0,0.0,0.0,0.0,0.0,0.0,0.0,74.0,0.0,0.0,0.0,0.0,1.0,0.0,0.0,0.0,0.0,VIDEO
0.0,0.001491,0.0,66.0,0.246922,0.0,-0.0,2138.327148,2138.327148,264.0,0.0,132.0,2.0,1.0,0.001491,64256.0,1721542400.0,64.0,0.0,0.0,0.0,0.0,0.0,62.0,0.0,4.049862,1.0,2.0,0.0,0.0,12.149586,31872.0,4.0,0.0,0.0,0.0,0.0,0.246922,0.0,0.0,4276.654297,0.246922,132.0,0.0,66.0,0.0,0.0,0.246922,0.246922,0.0,0.0,0.0,4.049862,0.0,VIDEO
0.0,0.002483,0.0,70.0,0.048883,0.0464,-0.0,11455.925781,0.0,214.0,0.0,74.0,1.0,0.0,0.048883,64256.0,1721542400.0,64.0,0.0,0.0,0.0,0.0,0.0,62.0,0.0,20.45701,0.0,2.0,0.0,0.0,40.914021,4077568.0,3.0,0.0,0.0,0.0,0.0,0.048883,0.0,0.0,11455.925781,0.048883,140.0,0.0,74.0,0.0,0.0,0.048883,0.048883,0.0,0.0,0.0,0.0,0.0,VIDEO
0.0,0.013004,0.0,0.0,0.0,0.0,-0.0,0.0,0.0,74.0,0.0,74.0,1.0,0.0,0.013004,905590.6520605112,1721542400.0,64.0,1.0,0.0,0.0,0.0,0.0,62.0,0.0,0.0,1.0,0.0,1.0,0.0,0.0,931391.4917946004,1.0,0.0,0.0,0.0,0.0,0.0,0.0,0.0,0.0,0.0,0.0,0.0,74.0,0.0,0.0,0.0,0.0,1.0,0.0,0.0,0.0,0.0,VIDEO
0.0,0.013004,0.0,448.0,0.017978,0.0,-0.0,0.0,5714095.0,14573.0,0.0,14125.0,11.0,0.0,0.013004,64256.0,1721542400.0,64.0,0.0,0.0,0.0,0.0,0.0,62.0,0.0,0.0,1.0,1.0,0.0,0.0,611.858948,31872.0,12.0,1.0,0.0,0.0,0.0,0.017978,0.0,0.0,5714095.0,0.017978,448.0,0.0,1284.090942,0.0,0.0,0.017978,0.017978,0.0,0.0,0.0,556.235413,0.0,VIDEO
0.0,0.013004,0.0,66.0,0.085227,0.0,-0.0,0.0,0.0,132.0,0.0,66.0,1.0,0.0,0.013004,64128.0,1721542400.0,64.0,0.0,0.0,0.0,0.0,0.0,62.0,0.0,0.0,1.0,1.0,0.0,0.0,11.733371,31872.0,2.0,0.0,0.0,0.0,0.0,0.085227,0.0,0.0,0.0,0.085227,66.0,1.0,66.0,0.0,0.0,0.085227,0.085227,0.0,0.0,0.0,0.0,0.0,VIDEO
0.0,0.002483,0.0,66.0,0.385573,0.0464,-0.0,0.0,1369.390503,198.0,0.0,132.0,2.0,1.0,0.048883,64256.0,1721542400.0,64.0,0.0,0.0,0.0,0.0,0.0,62.0,0.0,0.0,1.0,1.0,0.0,0.0,5.187085,4077568.0,3.0,0.0,0.0,0.0,0.0,0.385573,0.0,0.0,1369.390503,0.385573,66.0,0.0,66.0,0.0,0.0,0.385573,0.385573,0.0,0.0,0.0,2.593543,0.0,VIDEO
0.0,0.013004,0.0,66.0,0.039326,0.0,-0.0,0.0,0.0,132.0,0.0,66.0,1.0,0.0,0.013004,64128.0,1721542400.0,64.0,0.0,0.0,0.0,0.0,0.0,62.0,0.0,0.0,1.0,1.0,0.0,0.0,25.428469,31872.0,2.0,0.0,0.0,0.0,0.0,0.039326,0.0,0.0,0.0,0.039326,66.0,1.0,66.0,0.0,0.0,0.039326,0.039326,0.0,0.0,0.0,0.0,0.0,VIDEO
0.0,0.002483,0.0,0.0,0.0,0.0464,-0.0,0.0,0.0,66.0,0.0,66.0,1.0,0.0,0.048883,905590.6520605112,1721542400.0,64.0,0.0,0.0,0.0,0.0,0.0,62.0,0.0,0.0,1.0,0.0,0.0,0.0,0.0,931391.4917946004,1.0,0.0,0.0,0.0,0.0,0.0,0.0,0.0,0.0,0.0,0.0,0.0,66.0,0.0,0.0,0.0,0.0,0.0,0.0,0.0,0.0,0.0,VIDEO
0.0,0.013004,0.0,66.0,0.034059,0.0,-0.0,0.0,0.0,132.0,0.0,66.0,1.0,0.0,0.013004,64128.0,1721542400.0,64.0,0.0,0.0,0.0,0.0,0.0,62.0,0.0,0.0,1.0,1.0,0.0,0.0,29.360815,31872.0,2.0,0.0,0.0,0.0,0.0,0.034059,0.0,0.0,0.0,0.034059,66.0,1.0,66.0,0.0,0.0,0.034059,0.034059,0.0,0.0,0.0,0.0,0.0,VIDEO
0.0,0.013004,1.0,76.666664,0.913685,0.0,-0.0,5376.032227,397686.28125,47624.0,1.0,46934.0,31.0,0.0,0.013004,64128.0,1721542400.0,64.0,0.0,0.0,0.0,0.0,0.0,62.0,0.0,8.755753,1.0,9.0,1.0,1.0,42.684296,31872.0,40.0,0.0,0.0,2.439024,0.0,0.913685,0.0,0.0,403062.3125,0.913685,690.0,0.0,1514.0,0.0,0.0,0.913685,0.913685,1.0,0.0,0.0,32.834072,0.0,VIDEO
0.0,0.013004,11.0,76.769234,0.633988,0.0,-0.0,11634.289062,477611.53125,40362.0,1.0,39364.0,26.0,0.0,0.013004,119168.0,1721542400.0,64.0,0.0,0.0,0.0,0.0,0.0,62.0,0.0,18.927803,1.0,13.0,11.0,1.0,59.938042,31872.0,39.0,0.0,0.0,22.0,0.0,0.633988,0.0,0.0,489245.84375,0.633988,998.0,0.0,1514.0,0.0,0.0,0.633988,0.633988,1.0,0.0,0.0,39.432922,0.0,VIDEO
0.0,0.013004,0.0,78.0,0.001987,0.0,-0.0,0.0,0.0,144.0,1.0,66.0,1.0,0.0,0.013004,119168.0,1721542400.0,64.0,0.0,0.0,0.0,0.0,0.0,62.0,0.0,0.0,1.0,1.0,0.0,0.0,503.271271,31872.0,2.0,0.0,0.0,0.0,0.0,0.001987,0.0,0.0,0.0,0.001987,78.0,1.0,66.0,0.0,0.0,0.001987,0.001987,0.0,0.0,0.0,0.0,0.0,VIDEO
0.0,0.002483,0.0,0.0,0.0,0.0464,-0.0,0.0,0.0,66.0,0.0,66.0,1.0,0.0,0.048883,905590.6520605112,1721542400.0,64.0,0.0,0.0,0.0,0.0,0.0,62.0,0.0,0.0,1.0,0.0,0.0,0.0,0.0,931391.4917946004,1.0,0.0,0.0,0.0,0.0,0.0,0.0,0.0,0.0,0.0,0.0,0.0,66.0,0.0,0.0,0.0,0.0,0.0,0.0,0.0,0.0,0.0,VIDEO
0.0,0.013004,0.0,0.0,0.0,0.0,-0.0,0.0,0.0,1514.0,1.0,1514.0,1.0,0.0,0.013004,905590.6520605112,1721542400.0,64.0,0.0,0.0,0.0,0.0,0.0,62.0,0.0,0.0,1.0,0.0,1.0,0.0,0.0,931391.4917946004,1.0,0.0,0.0,0.0,0.0,0.0,0.0,0.0,0.0,0.0,0.0,0.0,1514.0,1.0,0.0,0.0,0.0,1.0,0.0,0.0,0.0,0.0,VIDEO
0.0,0.002483,0.0,0.0,0.0,0.0464,-0.0,0.0,0.0,66.0,0.0,66.0,1.0,0.0,0.048883,905590.6520605112,1721542400.0,64.0,0.0,0.0,0.0,0.0,0.0,62.0,0.0,0.0,1.0,0.0,0.0,0.0,0.0,931391.4917946004,1.0,0.0,0.0,0.0,0.0,0.0,0.0,0.0,0.0,0.0,0.0,0.0,66.0,0.0,0.0,0.0,0.0,0.0,0.0,0.0,0.0,0.0,VIDEO
0.0,0.013004,6.0,86.0,0.821325,0.0,-0.0,1675.341675,103228.320312,12370.0,1.0,12112.0,8.0,0.0,0.013004,127872.0,1721542400.0,64.0,0.0,0.0,0.0,0.0,0.0,62.0,0.0,2.43509,1.0,3.0,6.0,0.0,12.175448,31872.0,11.0,0.0,0.0,35.294118,0.0,0.821325,0.0,0.0,104903.664062,0.821325,258.0,1.0,1514.0,0.0,0.0,0.821325,0.821325,1.0,0.0,0.0,8.522814,0.0,VIDEO
0.0,0.013004,4.0,90.0,0.443694,0.0,-0.0,1622.73999,81894.28125,6236.0,1.0,6056.0,4.0,0.0,0.013004,133632.0,1721542400.0,64.0,0.0,0.0,0.0,0.0,0.0,62.0,0.0,2.253806,1.0,2.0,4.0,0.0,11.269028,31872.0,6.0,0.0,0.0,40.0,0.0,0.443694,0.0,0.0,83517.015625,0.443694,180.0,1.0,1514.0,0.0,0.0,0.443694,0.443694,1.0,0.0,0.0,6.761417,0.0,VIDEO
0.0,0.013004,4.0,74.666664,0.90421,0.0,-0.0,3308.96582,93765.828125,12560.0,1.0,12112.0,8.0,0.0,0.013004,153984.0,1721542400.0,64.0,0.0,0.0,0.0,0.0,0.0,62.0,0.0,5.529689,1.0,6.0,4.0,0.0,14.377192,31872.0,14.0,0.0,0.0,22.222222,0.0,0.90421,0.0,0.0,97074.796875,0.90421,448.0,1.0,1514.0,0.0,0.0,0.90421,0.90421,1.0,0.0,0.0,7.741565,0.0,VIDEO
0.0,0.013004,0.0,0.0,0.0,0.0,-0.0,0.0,0.0,1514.0,1.0,1514.0,1.0,0.0,0.013004,905590.6520605112,1721542400.0,64.0,0.0,0.0,0.0,0.0,0.0,62.0,0.0,0.0,1.0,0.0,0.0,0.0,0.0,931391.4917946004,1.0,0.0,0.0,0.0,0.0,0.0,0.0,0.0,0.0,0.0,0.0,0.0,1514.0,1.0,0.0,0.0,0.0,0.0,0.0,0.0,0.0,0.0,VIDEO
0.0,0.013004,0.0,66.0,0.042846,0.0,-0.0,0.0,848060.4375,6122.0,1.0,6056.0,4.0,0.0,0.013004,153984.0,1721542400.0,64.0,0.0,0.0,0.0,0.0,0.0,62.0,0.0,0.0,1.0,1.0,0.0,0.0,93.357605,31872.0,5.0,0.0,0.0,0.0,0.0,0.042846,0.0,0.0,848060.4375,0.042846,66.0,0.0,1514.0,0.0,0.0,0.042846,0.042846,0.0,0.0,0.0,70.018204,0.0,VIDEO
0.0,0.013004,0.0,54.0,0.175486,0.0,-0.0,0.0,0.0,1568.0,1.0,1514.0,1.0,0.0,0.013004,153984.0,1721542400.0,64.0,0.0,0.0,0.0,0.0,0.0,62.0,0.0,0.0,1.0,1.0,0.0,0.0,5.69846,31872.0,2.0,0.0,0.0,0.0,0.0,0.175486,0.0,0.0,0.0,0.175486,54.0,0.0,1514.0,0.0,0.0,0.175486,0.175486,0.0,0.0,0.0,0.0,0.0,VIDEO
0.0,0.017404,0.0,128.166672,0.780205,0.293586,-0.0,6572.631348,18764.298828,2964.0,0.0,2195.0,6.0,0.0,0.31099,64000.0,1721542400.0,64.0,0.0,0.0,0.0,0.0,0.0,62.0,0.0,6.408572,0.0,6.0,0.0,0.0,14.098859,31872.0,12.0,0.0,0.0,0.0,0.0,0.780205,0.0,0.0,25336.929688,0.780205,769.0,0.0,365.833344,0.0,0.0,0.780205,0.780205,0.0,0.0,0.0,6.408572,0.0,VIDEO
0.0,0.038831,0.0,70.0,0.201747,0.162916,-0.0,2775.753906,0.0,214.0,0.0,74.0,1.0,0.0,0.201747,64256.0,1721542400.0,64.0,0.0,0.0,0.0,0.0,0.0,62.0,0.0,4.956703,0.0,2.0,0.0,0.0,9.913406,4077568.0,3.0,0.0,0.0,0.0,0.0,0.201747,0.0,0.0,2775.753906,0.201747,140.0,0.0,74.0,0.0,0.0,0.201747,0.201747,0.0,0.0,0.0,0.0,0.0,VIDEO
0.0,0.038831,2.0,389.0,0.480657,0.162916,-0.0,0.0,10735.305664,1248.0,0.0,859.0,4.0,0.0,0.201747,64256.0,1721542400.0,64.0,0.0,0.0,0.0,0.0,0.0,62.0,0.0,0.0,1.0,1.0,2.0,0.0,8.321942,31872.0,5.0,0.0,0.0,28.571429,0.0,0.480657,0.0,0.0,10735.305664,0.480657,389.0,0.0,214.75,0.0,0.0,0.480657,0.480657,1.0,0.0,0.0,6.241457,0.0,VIDEO
0.0,0.038831,0.0,66.0,0.042355,0.162916,-0.0,0.0,0.0,132.0,0.0,66.0,1.0,0.0,0.201747,64256.0,1721542400.0,64.0,0.0,0.0,0.0,0.0,0.0,62.0,0.0,0.0,1.0,1.0,0.0,0.0,23.609962,31872.0,2.0,0.0,0.0,0.0,0.0,0.042355,0.0,0.0,0.0,0.042355,66.0,0.0,66.0,0.0,0.0,0.042355,0.042355,0.0,0.0,0.0,0.0,0.0,VIDEO
0.0,0.003478,0.0,92.066666,0.948955,0.197047,-0.0,10866.69043,873246.875,106423.0,0.0,105042.0,72.0,0.0,0.200525,104704.0,1721542400.0,64.0,0.0,0.0,0.0,0.0,0.0,62.0,0.0,14.753071,0.0,15.0,0.0,0.0,90.626007,31872.0,87.0,0.0,0.0,0.0,0.0,0.948955,0.0,0.0,884113.5625,0.948955,1381.0,0.0,1458.916626,0.0,0.0,0.948955,0.948955,0.0,0.0,1.0,74.819145,0.0,VIDEO
0.0,0.003478,0.0,66.0,0.621018,0.197047,-0.0,11052.820312,1111697.25,88736.0,0.0,87812.0,58.0,0.0,0.200525,103040.0,1721542400.0,64.0,0.0,0.0,0.0,0.0,0.0,62.0,0.0,20.933371,1.0,14.0,0.0,1.0,114.328407,31872.0,72.0,0.0,0.0,0.0,0.0,0.621018,0.0,0.0,1122750.125,0.621018,924.0,0.0,1514.0,0.0,0.0,0.621018,0.621018,0.0,0.0,0.0,91.784782,0.0,VIDEO
0.0,0.003478,16.0,70.702705,0.943394,0.197047,-0.0,43773.863281,2567750.0,309546.0,1.0,304314.0,201.0,0.0,0.200525,663936.0,1721542400.0,64.0,0.0,0.0,0.0,0.0,0.0,62.0,0.0,77.38018,1.0,74.0,16.0,1.0,290.440674,31872.0,275.0,0.0,0.0,5.498282,0.0,0.943394,0.0,0.0,2611524.0,0.943394,5232.0,0.0,1514.0,0.0,0.0,0.943394,0.943394,1.0,0.0,0.0,212.000504,0.0,VIDEO
0.0,0.003478,0.0,66.85714,0.883569,0.197047,-0.0,67200.1875,3385886.0,382960.0,1.0,375472.0,248.0,0.0,0.200525,1258752.0,1721542400.0,64.0,0.0,0.0,0.0,0.0,0.0,62.0,0.0,125.626862,1.0,112.0,0.0,1.0,406.306702,31872.0,360.0,0.0,0.0,0.0,0.0,0.883569,0.0,0.0,3453086.25,0.883569,7488.0,0.0,1514.0,0.0,0.0,0.883569,0.883569,0.0,0.0,0.0,279.548065,0.0,VIDEO
0.0,0.003478,8.0,70.666664,0.903844,0.197047,-0.0,21897.583984,3457340.0,394670.0,1.0,392126.0,259.0,0.0,0.200525,1258752.0,1721542400.0,64.0,0.0,0.0,0.0,0.0,0.0,62.0,0.0,38.723495,1.0,36.0,8.0,1.0,325.277374,31872.0,295.0,0.0,0.0,2.640264,0.0,0.903844,0.0,0.0,3479237.5,0.903844,2544.0,0.0,1514.0,0.0,0.0,0.903844,0.903844,1.0,0.0,0.0,285.447479,0.0,VIDEO
0.0,0.003478,0.0,66.0,0.958923,0.197047,-0.0,33037.0625,4989180.5,603570.0,1.0,599544.0,396.0,0.0,0.200525,1260800.0,1721542400.0,64.0,0.0,0.0,0.0,0.0,0.0,62.0,0.0,62.570198,1.0,61.0,0.0,1.0,475.533508,31872.0,457.0,0.0,0.0,0.0,0.0,0.958923,0.0,0.0,5022217.5,0.958923,4026.0,0.0,1514.0,0.0,0.0,0.958923,0.958923,0.0,0.0,0.0,411.920471,0.0,VIDEO
0.0,0.003478,16.0,67.714287,0.881429,0.197047,-0.0,3694.001465,1099305.75,123108.0,1.0,122634.0,81.0,0.0,0.200525,1259392.0,1721542400.0,64.0,0.0,0.0,0.0,0.0,0.0,62.0,0.0,6.807128,1.0,7.0,16.0,1.0,98.703354,31872.0,88.0,0.0,0.0,15.384615,0.0,0.881429,0.0,0.0,1102999.75,0.881429,474.0,0.0,1514.0,0.0,0.0,0.881429,0.881429,1.0,0.0,0.0,90.761703,0.0,VIDEO
0.0,0.003478,0.0,70.0,0.95856,0.197047,-0.0,9931.564453,1620414.0,196923.0,1.0,195663.0,130.0,0.0,0.200525,1260800.0,1721542400.0,64.0,0.0,0.0,0.0,0.0,0.0,62.0,0.0,17.734936,1.0,18.0,0.0,0.0,153.355042,31872.0,148.0,0.0,0.0,0.0,0.0,0.95856,0.0,0.0,1630345.5,0.95856,1260.0,0.0,1505.099976,0.0,0.0,0.95856,0.95856,0.0,0.0,0.0,134.576874,0.0,VIDEO
0.0,0.003478,15.0,79.599998,0.706137,0.197047,-0.0,3614.029541,108602.15625,11353.0,1.0,10955.0,8.0,0.0,0.200525,1260800.0,1721542400.0,64.0,0.0,0.0,0.0,0.0,0.0,62.0,0.0,5.664623,1.0,5.0,15.0,0.0,16.99387,31872.0,13.0,0.0,0.0,53.571429,0.0,0.706137,0.0,0.0,112216.1875,0.706137,398.0,0.0,1369.375,0.0,0.0,0.706137,0.706137,1.0,0.0,0.0,9.913091,0.0,VIDEO
0.0,0.003478,0.0,0.0,0.0,0.197047,-0.0,0.0,0.0,1514.0,1.0,1514.0,1.0,0.0,0.200525,905590.6520605112,1721542400.0,64.0,0.0,0.0,0.0,0.0,0.0,62.0,0.0,0.0,1.0,0.0,1.0,0.0,0.0,931391.4917946004,1.0,0.0,0.0,0.0,0.0,0.0,0.0,0.0,0.0,0.0,0.0,0.0,1514.0,1.0,0.0,0.0,0.0,1.0,0.0,0.0,0.0,0.0,VIDEO
0.0,0.003478,0.0,0.0,0.0,0.197047,-0.0,0.0,0.0,1514.0,1.0,1514.0,1.0,0.0,0.200525,905590.6520605112,1721542400.0,64.0,0.0,0.0,0.0,0.0,0.0,62.0,0.0,0.0,1.0,0.0,1.0,0.0,0.0,931391.4917946004,1.0,0.0,0.0,0.0,0.0,0.0,0.0,0.0,0.0,0.0,0.0,0.0,1514.0,1.0,0.0,0.0,0.0,1.0,0.0,0.0,0.0,0.0,VIDEO
0.0,0.020446,0.0,96.0,0.905375,0.213132,-0.0,10179.207031,647873.0,76006.0,0.0,74758.0,52.0,0.0,0.233578,55808.0,1721542400.0,64.0,0.0,0.0,0.0,0.0,0.0,62.0,0.0,13.254176,0.0,13.0,0.0,0.0,70.688942,31872.0,65.0,0.0,0.0,0.0,0.0,0.905375,0.0,0.0,658052.1875,0.905375,1248.0,0.0,1437.653809,0.0,0.0,0.905375,0.905375,0.0,0.0,1.0,56.33025,0.0,VIDEO
0.0,0.034415,0.0,74.0,0.034415,0.0,-0.0,0.0,0.0,148.0,0.0,74.0,1.0,0.0,0.034415,8222720.0,1721542400.0,64.0,0.0,0.0,0.0,0.0,1.0,62.0,0.0,0.0,0.0,1.0,0.0,0.0,29.057098,4077568.0,2.0,0.0,0.0,0.0,0.0,0.034415,0.0,0.0,0.0,0.034415,74.0,0.0,74.0,0.0,0.0,0.034415,0.034415,0.0,0.0,0.0,0.0,0.0,VIDEO
0.0,0.020446,13.0,68.909088,0.665104,0.213132,-0.0,26534.197266,2820238.75,238255.0,1.0,235981.0,156.0,0.0,0.233578,225408.0,1721542400.0,64.0,0.0,0.0,0.0,0.0,0.0,62.0,0.0,48.112778,1.0,33.0,13.0,0.0,282.662567,31872.0,189.0,0.0,0.0,6.435644,0.0,0.665104,0.0,0.0,2846773.0,0.665104,2274.0,0.0,1512.69873,0.0,0.0,0.665104,0.665104,1.0,0.0,0.0,233.046265,0.0,VIDEO
0.0,0.034415,1.0,66.0,0.0,0.256774,-0.0,0.0,0.0,140.0,0.0,74.0,1.0,0.0,0.291189,64256.0,1721542400.0,64.0,0.0,0.0,0.0,0.0,0.0,62.0,0.0,0.0,1.0,1.0,1.0,0.0,0.0,4077568.0,2.0,0.0,0.0,33.333333,0.0,0.0,0.0,0.0,0.0,0.0,66.0,0.0,74.0,0.0,0.0,0.0,0.0,1.0,0.0,0.0,0.0,0.0,VIDEO
0.0,0.020446,1.0,78.0,0.206933,0.213132,-0.0,0.0,0.0,1592.0,1.0,1514.0,1.0,0.0,0.233578,312320.0,1721542400.0,64.0,0.0,0.0,0.0,0.0,0.0,62.0,0.0,0.0,1.0,1.0,1.0,0.0,4.832482,31872.0,2.0,0.0,0.0,33.333333,0.0,0.206933,0.0,0.0,0.0,0.206933,78.0,1.0,1514.0,0.0,0.0,0.206933,0.206933,1.0,0.0,0.0,0.0,0.0,VIDEO
0.0,0.003478,8.0,63.333332,0.182601,0.197047,-0.0,13888.204102,474258.0625,12558.0,1.0,12178.0,9.0,0.0,0.200525,1255936.0,1721542400.0,64.0,0.0,0.0,0.0,0.0,0.0,62.0,0.0,27.382105,1.0,6.0,8.0,0.0,76.669899,31872.0,15.0,0.0,0.0,34.782609,0.0,0.182601,0.0,0.0,488146.28125,0.182601,380.0,0.0,1353.111084,0.0,0.0,0.182601,0.182601,1.0,0.0,0.0,43.811371,0.0,VIDEO
0.0,0.021573,0.0,64.0,0.09042,0.0,-0.0,5662.463867,0.0,202.0,0.0,74.0,1.0,0.0,0.021573,8222720.0,1721542400.0,64.0,0.0,0.0,0.0,0.0,0.0,62.0,0.0,11.0595,0.0,2.0,0.0,0.0,22.118999,4077568.0,3.0,0.0,0.0,0.0,0.0,0.09042,0.0,0.0,5662.463867,0.09042,128.0,0.0,74.0,0.0,0.0,0.09042,0.09042,0.0,0.0,0.0,0.0,0.0,VIDEO
0.0,0.034415,0.0,66.0,0.189796,0.256774,-0.0,2781.934326,0.0,198.0,0.0,66.0,1.0,1.0,0.291189,64256.0,1721542400.0,64.0,0.0,0.0,0.0,0.0,0.0,62.0,0.0,5.268815,1.0,2.0,0.0,0.0,10.53763,4077568.0,3.0,0.0,0.0,0.0,0.0,0.189796,0.0,0.0,2781.934326,0.189796,132.0,0.0,66.0,0.0,0.0,0.189796,0.189796,0.0,0.0,0.0,0.0,0.0,VIDEO
0.0,0.018662,0.0,70.0,0.249477,0.230815,-0.0,2244.695801,0.0,214.0,0.0,74.0,1.0,0.0,0.249477,64256.0,1721542400.0,64.0,0.0,0.0,0.0,0.0,0.0,62.0,0.0,4.008386,0.0,2.0,0.0,0.0,8.016771,4077568.0,3.0,0.0,0.0,0.0,0.0,0.249477,0.0,0.0,2244.695801,0.249477,140.0,0.0,74.0,0.0,0.0,0.249477,0.249477,0.0,0.0,0.0,0.0,0.0,VIDEO
0.0,0.020446,0.0,66.0,0.024948,0.213132,-0.0,0.0,0.0,132.0,1.0,66.0,1.0,0.0,0.233578,312320.0,1721542400.0,64.0,0.0,0.0,0.0,0.0,0.0,62.0,0.0,0.0,1.0,1.0,0.0,0.0,40.08337,31872.0,2.0,0.0,0.0,0.0,0.0,0.024948,0.0,0.0,0.0,0.024948,66.0,0.0,66.0,0.0,0.0,0.024948,0.024948,0.0,0.0,0.0,0.0,0.0,VIDEO
0.0,0.018662,1.0,335.333344,0.9464,0.230815,-0.0,5672.020508,127032.96875,17190.0,1.0,16184.0,14.0,0.0,0.249477,64256.0,1721542400.0,64.0,0.0,0.0,0.0,0.0,0.0,62.0,0.0,2.113271,1.0,3.0,1.0,0.0,16.906172,31872.0,17.0,1.0,0.0,5.555556,0.0,0.9464,0.0,0.0,132704.984375,0.9464,1006.0,0.0,1156.0,0.0,0.0,0.9464,0.9464,1.0,0.0,0.0,13.736264,0.0,VIDEO
0.0,0.018662,9.0,78.0,0.676763,0.230815,-0.0,2766.108643,161072.640625,15452.0,1.0,15140.0,10.0,0.0,0.249477,61440.0,1721542400.0,64.0,0.0,0.0,0.0,0.0,0.0,62.0,0.0,4.432867,1.0,4.0,9.0,1.0,19.209087,31872.0,14.0,0.0,0.0,39.130435,0.0,0.676763,0.0,0.0,163838.75,0.676763,312.0,0.0,1514.0,0.0,0.0,0.676763,0.676763,1.0,0.0,0.0,13.298599,0.0,VIDEO
0.0,0.018662,2.0,76.666664,0.871282,0.230815,-0.0,5637.669434,180717.609375,21886.0,1.0,21196.0,14.0,0.0,0.249477,54912.0,1721542400.0,64.0,0.0,0.0,0.0,0.0,0.0,62.0,0.0,9.181872,1.0,9.0,2.0,1.0,25.250149,31872.0,23.0,0.0,0.0,8.0,0.0,0.871282,0.0,0.0,186355.28125,0.871282,690.0,0.0,1514.0,0.0,0.0,0.871282,0.871282,1.0,0.0,0.0,14.920543,0.0,VIDEO
0.0,0.018662,2.0,72.800003,0.908767,0.230815,-0.0,5774.85791,186591.28125,23438.0,1.0,22710.0,15.0,0.0,0.249477,67200.0,1721542400.0,64.0,0.0,0.0,0.0,0.0,0.0,62.0,0.0,9.903529,1.0,10.0,2.0,1.0,26.40941,31872.0,25.0,0.0,0.0,7.407407,0.0,0.908767,0.0,0.0,192366.140625,0.908767,728.0,0.0,1514.0,0.0,0.0,0.908767,0.908767,1.0,0.0,0.0,15.405489,0.0,VIDEO
0.0,0.018662,0.0,66.0,0.345151,0.230815,-0.0,1529.765259,315826.96875,15272.0,1.0,15140.0,10.0,0.0,0.249477,67200.0,1721542400.0,64.0,0.0,0.0,0.0,0.0,0.0,62.0,0.0,2.897283,1.0,2.0,0.0,1.0,31.870108,31872.0,12.0,0.0,0.0,0.0,0.0,0.345151,0.0,0.0,317356.75,0.345151,132.0,0.0,1514.0,0.0,0.0,0.345151,0.345151,0.0,0.0,0.0,26.075542,0.0,VIDEO
0.0,0.018662,0.0,0.0,0.812499,0.230815,-0.0,0.0,14907.095703,3028.0,1.0,3028.0,2.0,0.0,0.249477,905590.6520605112,1721542400.0,64.0,0.0,0.0,0.0,0.0,0.0,62.0,0.0,0.0,1.0,0.0,1.0,0.0,1.230771,931391.4917946004,2.0,0.0,0.0,0.0,0.0,0.812499,0.0,0.0,14907.095703,0.812499,0.0,0.0,1514.0,1.0,0.0,0.812499,0.812499,1.0,0.0,0.0,1.230771,0.0,VIDEO
0.0,0.018662,1.0,66.0,0.758819,0.230815,-0.0,0.0,31923.292969,4608.0,1.0,4542.0,3.0,0.0,0.249477,66176.0,1721542400.0,64.0,0.0,0.0,0.0,0.0,0.0,62.0,0.0,0.0,1.0,1.0,1.0,0.0,3.953512,31872.0,4.0,0.0,0.0,20.0,0.0,0.758819,0.0,0.0,31923.292969,0.758819,66.0,1.0,1514.0,0.0,0.0,0.758819,0.758819,1.0,0.0,0.0,2.635675,0.0,VIDEO
0.0,0.018662,4.0,74.0,0.735907,0.230815,-0.0,1608.898926,82293.007812,9306.0,1.0,9084.0,6.0,0.0,0.249477,64768.0,1721542400.0,64.0,0.0,0.0,0.0,0.0,0.0,62.0,0.0,2.717735,1.0,3.0,4.0,1.0,10.870938,31872.0,9.0,0.0,0.0,30.769231,0.0,0.735907,0.0,0.0,83901.90625,0.735907,222.0,0.0,1514.0,0.0,0.0,0.735907,0.735907,1.0,0.0,0.0,6.794337,0.0,VIDEO
0.0,0.020446,0.0,66.0,0.006049,0.213132,-0.0,0.0,0.0,132.0,1.0,66.0,1.0,0.0,0.233578,312320.0,1721542400.0,64.0,0.0,0.0,0.0,0.0,0.0,62.0,0.0,0.0,1.0,1.0,0.0,0.0,165.316574,31872.0,2.0,0.0,0.0,0.0,0.0,0.006049,0.0,0.0,0.0,0.006049,66.0,0.0,66.0,0.0,0.0,0.006049,0.006049,0.0,0.0,0.0,0.0,0.0,VIDEO
0.0,0.018662,5.0,78.0,0.789899,0.230815,-0.0,789.974426,61334.425781,7726.0,1.0,7570.0,5.0,0.0,0.249477,63104.0,1721542400.0,64.0,0.0,0.0,0.0,0.0,0.0,62.0,0.0,1.265985,1.0,2.0,5.0,0.0,7.595908,31872.0,7.0,0.0,0.0,41.666667,0.0,0.789899,0.0,0.0,62124.398438,0.789899,156.0,1.0,1514.0,0.0,0.0,0.789899,0.789899,1.0,0.0,0.0,5.063939,0.0,VIDEO
0.0,0.018662,0.0,66.0,0.73282,0.230815,-0.0,0.0,66111.734375,7636.0,1.0,7570.0,5.0,0.0,0.249477,63232.0,1721542400.0,64.0,0.0,0.0,0.0,0.0,0.0,62.0,0.0,0.0,1.0,1.0,0.0,1.0,6.822958,31872.0,6.0,0.0,0.0,0.0,0.0,0.73282,0.0,0.0,66111.734375,0.73282,66.0,0.0,1514.0,0.0,0.0,0.73282,0.73282,0.0,0.0,0.0,5.458366,0.0,VIDEO
0.0,0.018662,1.0,66.0,0.044502,0.230815,-0.0,0.0,544335.0625,4608.0,1.0,4542.0,3.0,0.0,0.249477,66176.0,1721542400.0,64.0,0.0,0.0,0.0,0.0,0.0,62.0,0.0,0.0,1.0,1.0,1.0,0.0,67.412697,31872.0,4.0,0.0,0.0,20.0,0.0,0.044502,0.0,0.0,544335.0625,0.044502,66.0,1.0,1514.0,0.0,0.0,0.044502,0.044502,1.0,0.0,0.0,44.941799,0.0,VIDEO
0.0,0.018662,0.0,0.0,0.0,0.230815,-0.0,0.0,0.0,1514.0,1.0,1514.0,1.0,0.0,0.249477,905590.6520605112,1721542400.0,64.0,0.0,0.0,0.0,0.0,0.0,62.0,0.0,0.0,1.0,0.0,1.0,0.0,0.0,931391.4917946004,1.0,0.0,0.0,0.0,0.0,0.0,0.0,0.0,0.0,0.0,0.0,0.0,1514.0,1.0,0.0,0.0,0.0,1.0,0.0,0.0,0.0,0.0,VIDEO
0.0,0.018662,0.0,0.0,0.0,0.230815,-0.0,0.0,0.0,1514.0,1.0,1514.0,1.0,0.0,0.249477,905590.6520605112,1721542400.0,64.0,0.0,0.0,0.0,0.0,0.0,62.0,0.0,0.0,1.0,0.0,1.0,0.0,0.0,931391.4917946004,1.0,0.0,0.0,0.0,0.0,0.0,0.0,0.0,0.0,0.0,0.0,0.0,1514.0,1.0,0.0,0.0,0.0,1.0,0.0,0.0,0.0,0.0,VIDEO
0.0,0.018662,0.0,0.0,0.0,0.230815,-0.0,0.0,0.0,1514.0,1.0,1514.0,1.0,0.0,0.249477,905590.6520605112,1721542400.0,64.0,0.0,0.0,0.0,0.0,0.0,62.0,0.0,0.0,1.0,0.0,1.0,0.0,0.0,931391.4917946004,1.0,0.0,0.0,0.0,0.0,0.0,0.0,0.0,0.0,0.0,0.0,0.0,1514.0,1.0,0.0,0.0,0.0,1.0,0.0,0.0,0.0,0.0,VIDEO
0.0,0.018662,0.0,0.0,0.0,0.230815,-0.0,0.0,0.0,1514.0,1.0,1514.0,1.0,0.0,0.249477,905590.6520605112,1721542400.0,64.0,0.0,0.0,0.0,0.0,0.0,62.0,0.0,0.0,1.0,0.0,1.0,0.0,0.0,931391.4917946004,1.0,0.0,0.0,0.0,0.0,0.0,0.0,0.0,0.0,0.0,0.0,0.0,1514.0,1.0,0.0,0.0,0.0,1.0,0.0,0.0,0.0,0.0,VIDEO
0.0,0.018662,0.0,66.0,0.041966,0.230815,-0.0,0.0,0.0,132.0,1.0,66.0,1.0,0.0,0.249477,67200.0,1721542400.0,64.0,0.0,0.0,0.0,0.0,0.0,62.0,0.0,0.0,1.0,1.0,0.0,0.0,23.828815,31872.0,2.0,0.0,0.0,0.0,0.0,0.041966,0.0,0.0,0.0,0.041966,66.0,1.0,66.0,0.0,0.0,0.041966,0.041966,0.0,0.0,0.0,0.0,0.0,VIDEO
0.0,0.018662,2.0,78.0,0.855841,0.230815,-0.0,729.107422,56608.648438,7726.0,1.0,7570.0,5.0,0.0,0.249477,67200.0,1721542400.0,64.0,0.0,0.0,0.0,0.0,0.0,62.0,0.0,1.168441,1.0,2.0,2.0,1.0,7.010648,31872.0,7.0,0.0,0.0,22.222222,0.0,0.855841,0.0,0.0,57337.753906,0.855841,156.0,0.0,1514.0,0.0,0.0,0.855841,0.855841,1.0,0.0,0.0,4.673766,0.0,VIDEO
0.0,0.018662,0.0,0.0,0.0,0.230815,-0.0,0.0,0.0,1514.0,1.0,1514.0,1.0,0.0,0.249477,905590.6520605112,1721542400.0,64.0,0.0,0.0,0.0,0.0,0.0,62.0,0.0,0.0,1.0,0.0,1.0,0.0,0.0,931391.4917946004,1.0,0.0,0.0,0.0,0.0,0.0,0.0,0.0,0.0,0.0,0.0,0.0,1514.0,1.0,0.0,0.0,0.0,1.0,0.0,0.0,0.0,0.0,VIDEO
0.0,0.018662,0.0,0.0,0.0,0.230815,-0.0,0.0,0.0,1514.0,1.0,1514.0,1.0,0.0,0.249477,905590.6520605112,1721542400.0,64.0,0.0,0.0,0.0,0.0,0.0,62.0,0.0,0.0,1.0,0.0,1.0,0.0,0.0,931391.4917946004,1.0,0.0,0.0,0.0,0.0,0.0,0.0,0.0,0.0,0.0,0.0,0.0,1514.0,1.0,0.0,0.0,0.0,1.0,0.0,0.0,0.0,0.0,VIDEO
0.0,0.018662,5.0,66.972977,0.891791,0.230815,-0.0,21637.357422,923552.75,106944.0,1.0,104466.0,69.0,0.0,0.249477,159872.0,1721542400.0,64.0,0.0,0.0,0.0,0.0,0.0,62.0,0.0,40.368202,1.0,37.0,5.0,1.0,117.740593,31872.0,106.0,0.0,0.0,4.504505,0.0,0.891791,0.0,0.0,945190.0625,0.891791,2478.0,0.0,1514.0,0.0,0.0,0.891791,0.891791,1.0,0.0,0.0,76.251053,0.0,VIDEO
0.0,0.018662,0.0,66.0,0.990739,0.230815,-0.0,33574.9375,1723755.75,219212.0,1.0,214988.0,142.0,0.0,0.249477,502272.0,1721542400.0,64.0,0.0,0.0,0.0,0.0,0.0,62.0,0.0,63.588898,1.0,64.0,0.0,1.0,206.91626,31872.0,206.0,0.0,0.0,0.0,0.0,0.990739,0.0,0.0,1757330.625,0.990739,4224.0,0.0,1514.0,0.0,0.0,0.990739,0.990739,0.0,0.0,0.0,142.318008,0.0,VIDEO
0.0,0.018662,0.0,66.0,0.985179,0.230815,-0.0,15542.353516,2975199.5,369882.0,1.0,367902.0,243.0,0.0,0.249477,503296.0,1721542400.0,64.0,0.0,0.0,0.0,0.0,0.0,62.0,0.0,29.436275,1.0,30.0,0.0,1.0,276.091949,31872.0,273.0,0.0,0.0,0.0,0.0,0.985179,0.0,0.0,2990741.75,0.985179,1980.0,0.0,1514.0,0.0,0.0,0.985179,0.985179,0.0,0.0,0.0,245.64064,0.0,VIDEO
0.0,0.018662,8.0,70.0,0.996861,0.230815,-0.0,17976.427734,2741999.25,345495.0,1.0,343185.0,227.0,0.0,0.249477,504320.0,1721542400.0,64.0,0.0,0.0,0.0,0.0,0.0,62.0,0.0,32.100765,1.0,33.0,8.0,0.0,259.815552,31872.0,260.0,0.0,0.0,2.985075,0.0,0.996861,0.0,0.0,2759975.5,0.996861,2310.0,0.0,1511.828247,0.0,0.0,0.996861,0.996861,1.0,0.0,0.0,226.711655,0.0,VIDEO
0.0,0.018662,4.0,70.0,0.576412,0.230815,-0.0,1943.054565,17598.523438,2745.0,1.0,2535.0,2.0,0.0,0.249477,504320.0,1721542400.0,64.0,0.0,0.0,0.0,0.0,0.0,62.0,0.0,3.46974,1.0,3.0,4.0,0.0,6.93948,31872.0,5.0,0.0,0.0,44.444444,0.0,0.576412,0.0,0.0,19541.578125,0.576412,210.0,0.0,1267.5,0.0,0.0,0.576412,0.576412,1.0,0.0,0.0,1.73487,0.0,VIDEO
0.0,0.018662,0.0,66.0,0.002491,0.230815,-0.0,0.0,0.0,132.0,1.0,66.0,1.0,0.0,0.249477,504320.0,1721542400.0,64.0,0.0,0.0,0.0,0.0,0.0,62.0,0.0,0.0,1.0,1.0,0.0,0.0,401.44519,31872.0,2.0,0.0,0.0,0.0,0.0,0.002491,0.0,0.0,0.0,0.002491,66.0,0.0,66.0,0.0,0.0,0.002491,0.002491,0.0,0.0,0.0,0.0,0.0,VIDEO
0.0,0.004483,0.0,168.25,0.922103,0.195542,-0.0,4381.289551,151948.3125,19437.0,0.0,18764.0,15.0,0.0,0.200025,64128.0,1721542400.0,64.0,0.0,0.0,0.0,0.0,0.0,62.0,0.0,3.253433,0.0,4.0,0.0,0.0,19.520596,31872.0,19.0,0.0,0.0,0.0,0.0,0.922103,0.0,0.0,156329.609375,0.922103,673.0,0.0,1250.93335,0.0,0.0,0.922103,0.922103,0.0,0.0,1.0,15.182686,0.0,VIDEO
0.0,0.004483,0.0,66.0,0.855544,0.195542,-0.0,617.151184,990995.25,107626.0,0.0,107494.0,71.0,0.0,0.200025,98560.0,1721542400.0,64.0,0.0,0.0,0.0,0.0,0.0,62.0,0.0,1.168847,1.0,2.0,0.0,1.0,84.156982,31872.0,73.0,0.0,0.0,0.0,0.0,0.855544,0.0,0.0,991612.375,0.855544,132.0,0.0,1514.0,0.0,0.0,0.855544,0.855544,0.0,0.0,0.0,81.81929,0.0,VIDEO
0.0,0.004483,2.0,67.714287,0.931698,0.195542,-0.0,19774.648438,2366621.0,279498.0,1.0,277128.0,184.0,0.0,0.200025,289792.0,1721542400.0,64.0,0.0,0.0,0.0,0.0,0.0,62.0,0.0,36.492512,1.0,35.0,2.0,1.0,233.981384,31872.0,219.0,0.0,0.0,0.904977,0.0,0.931698,0.0,0.0,2386395.5,0.931698,2370.0,0.0,1506.130493,0.0,0.0,0.931698,0.931698,1.0,0.0,0.0,196.415573,0.0,VIDEO
0.0,0.004483,17.0,78.0,0.032012,0.195542,-0.0,97463.445312,15891041.0,65570.0,1.0,65102.0,43.0,0.0,0.200025,420096.0,1721542400.0,64.0,0.0,0.0,0.0,0.0,0.0,62.0,0.0,156.191422,1.0,6.0,17.0,1.0,1499.437622,31872.0,49.0,0.0,0.0,25.757576,0.0,0.032012,0.0,0.0,15988504.0,0.032012,468.0,0.0,1514.0,0.0,0.0,0.032012,0.032012,1.0,0.0,0.0,1312.007935,0.0,VIDEO
0.0,0.004483,13.0,73.111115,0.521047,0.195542,-0.0,29187.386719,2371041.5,157916.0,1.0,155942.0,103.0,0.0,0.200025,718464.0,1721542400.0,64.0,0.0,0.0,0.0,0.0,0.0,62.0,0.0,49.899529,1.0,27.0,13.0,1.0,247.57843,31872.0,130.0,0.0,0.0,9.090909,0.0,0.521047,0.0,0.0,2400228.75,0.521047,1974.0,0.0,1514.0,0.0,0.0,0.521047,0.521047,1.0,0.0,0.0,195.759689,0.0,VIDEO
0.0,0.004483,12.0,68.769234,0.934592,0.195542,-0.0,37680.613281,2021707.875,242168.0,1.0,237698.0,157.0,0.0,0.200025,889344.0,1721542400.0,64.0,0.0,0.0,0.0,0.0,0.0,62.0,0.0,68.47908,1.0,65.0,12.0,1.0,236.466812,31872.0,222.0,0.0,0.0,5.128205,0.0,0.934592,0.0,0.0,2059388.5,0.934592,4470.0,0.0,1514.0,0.0,0.0,0.934592,0.934592,1.0,0.0,0.0,166.917755,0.0,VIDEO
0.0,0.03699,0.0,70.0,0.24096,0.20397,-0.0,2324.037109,0.0,214.0,0.0,74.0,1.0,0.0,0.24096,64256.0,1721542400.0,64.0,0.0,0.0,0.0,0.0,0.0,62.0,0.0,4.150066,0.0,2.0,0.0,0.0,8.300133,4077568.0,3.0,0.0,0.0,0.0,0.0,0.24096,0.0,0.0,2324.037109,0.24096,140.0,0.0,74.0,0.0,0.0,0.24096,0.24096,0.0,0.0,0.0,0.0,0.0,VIDEO
0.0,0.004483,3.0,68.470589,0.967949,0.195542,-0.0,18678.669922,3340986.0,408080.0,1.0,405752.0,268.0,0.0,0.200025,889344.0,1721542400.0,64.0,0.0,0.0,0.0,0.0,0.0,62.0,0.0,34.092705,1.0,34.0,3.0,1.0,310.966797,31872.0,302.0,0.0,0.0,0.983607,0.0,0.967949,0.0,0.0,3359664.75,0.967949,2328.0,0.0,1514.0,0.0,0.0,0.967949,0.967949,1.0,0.0,0.0,275.840973,0.0,VIDEO
0.0,0.004483,0.0,66.0,0.896818,0.195542,-0.0,12363.712891,3430404.0,387522.0,1.0,386070.0,255.0,0.0,0.200025,889344.0,1721542400.0,64.0,0.0,0.0,0.0,0.0,0.0,62.0,0.0,23.416122,1.0,22.0,0.0,1.0,307.754761,31872.0,277.0,0.0,0.0,0.0,0.0,0.896818,0.0,0.0,3442767.75,0.896818,1452.0,0.0,1514.0,0.0,0.0,0.896818,0.896818,0.0,0.0,0.0,283.223572,0.0,VIDEO
0.0,0.004483,0.0,66.0,0.905538,0.195542,-0.0,15160.047852,3718381.75,424188.0,1.0,422406.0,279.0,0.0,0.200025,889344.0,1721542400.0,64.0,0.0,0.0,0.0,0.0,0.0,62.0,0.0,28.712212,1.0,27.0,0.0,1.0,336.816345,31872.0,306.0,0.0,0.0,0.0,0.0,0.905538,0.0,0.0,3733541.75,0.905538,1782.0,0.0,1514.0,0.0,0.0,0.905538,0.905538,0.0,0.0,0.0,306.999817,0.0,VIDEO
0.0,0.004483,0.0,66.0,0.959302,0.195542,-0.0,4953.601562,1644270.5,199334.0,1.0,198674.0,132.0,0.0,0.200025,889344.0,1721542400.0,64.0,0.0,0.0,0.0,0.0,0.0,62.0,0.0,9.381822,1.0,10.0,0.0,0.0,146.981873,31872.0,142.0,0.0,0.0,0.0,0.0,0.959302,0.0,0.0,1649224.125,0.959302,660.0,0.0,1505.106079,0.0,0.0,0.959302,0.959302,0.0,0.0,0.0,136.557617,0.0,VIDEO
0.0,0.004483,0.0,66.0,0.032411,0.195542,-0.0,16290.764648,0.0,198.0,1.0,66.0,1.0,0.0,0.200025,889344.0,1721542400.0,64.0,0.0,0.0,0.0,0.0,0.0,62.0,0.0,30.853722,1.0,2.0,0.0,0.0,61.707443,31872.0,3.0,0.0,0.0,0.0,0.0,0.032411,0.0,0.0,16290.764648,0.032411,132.0,0.0,66.0,0.0,0.0,0.032411,0.032411,0.0,0.0,0.0,0.0,0.0,VIDEO
0.0,0.03699,0.0,66.0,0.293663,0.20397,-0.0,1797.97937,0.0,198.0,0.0,66.0,1.0,1.0,0.24096,64256.0,1721542400.0,64.0,0.0,0.0,0.0,0.0,0.0,62.0,0.0,3.405264,1.0,2.0,0.0,0.0,6.810528,4077568.0,3.0,0.0,0.0,0.0,0.0,0.293663,0.0,0.0,1797.97937,0.293663,132.0,0.0,66.0,0.0,0.0,0.293663,0.293663,0.0,0.0,0.0,0.0,0.0,VIDEO
0.0,0.002259,0.0,74.0,0.002259,0.0,-0.0,0.0,0.0,148.0,0.0,74.0,1.0,0.0,0.002259,8222720.0,1721542400.0,64.0,0.0,0.0,0.0,0.0,1.0,62.0,0.0,0.0,0.0,1.0,0.0,0.0,442.673767,4077568.0,2.0,0.0,0.0,0.0,0.0,0.002259,0.0,0.0,0.0,0.002259,74.0,0.0,74.0,0.0,0.0,0.002259,0.002259,0.0,0.0,0.0,0.0,0.0,VIDEO
0.0,0.002259,1.0,66.0,0.0,0.178356,-0.0,0.0,0.0,140.0,0.0,74.0,1.0,0.0,0.180615,64256.0,1721542400.0,64.0,0.0,0.0,0.0,0.0,0.0,62.0,0.0,0.0,1.0,1.0,1.0,0.0,0.0,4077568.0,2.0,0.0,0.0,33.333333,0.0,0.0,0.0,0.0,0.0,0.0,66.0,0.0,74.0,0.0,0.0,0.0,0.0,1.0,0.0,0.0,0.0,0.0,VIDEO
0.0,0.002978,0.0,74.0,0.002978,0.0,-0.0,0.0,0.0,148.0,0.0,74.0,1.0,0.0,0.002978,8222720.0,1721542400.0,64.0,0.0,0.0,0.0,0.0,1.0,62.0,0.0,0.0,0.0,1.0,0.0,0.0,335.795837,4077568.0,2.0,0.0,0.0,0.0,0.0,0.002978,0.0,0.0,0.0,0.002978,74.0,0.0,74.0,0.0,0.0,0.002978,0.002978,0.0,0.0,0.0,0.0,0.0,VIDEO
0.0,0.002978,0.0,0.0,0.0,0.0,-0.0,0.0,0.0,74.0,0.0,74.0,1.0,0.0,0.002978,905590.6520605112,1721542400.0,64.0,1.0,0.0,0.0,0.0,0.0,62.0,0.0,0.0,1.0,0.0,1.0,0.0,0.0,931391.4917946004,1.0,0.0,0.0,0.0,0.0,0.0,0.0,0.0,0.0,0.0,0.0,0.0,74.0,0.0,0.0,0.0,0.0,1.0,0.0,0.0,0.0,0.0,VIDEO
0.0,0.002978,0.0,0.0,0.0,0.0,-0.0,0.0,0.0,74.0,0.0,74.0,1.0,0.0,0.002978,905590.6520605112,1721542400.0,64.0,1.0,0.0,0.0,0.0,0.0,62.0,0.0,0.0,1.0,0.0,1.0,0.0,0.0,931391.4917946004,1.0,0.0,0.0,0.0,0.0,0.0,0.0,0.0,0.0,0.0,0.0,0.0,74.0,0.0,0.0,0.0,0.0,1.0,0.0,0.0,0.0,0.0,VIDEO
0.0,0.002978,0.0,66.0,0.246481,0.0,-0.0,2142.152832,2142.152832,264.0,0.0,132.0,2.0,1.0,0.002978,64256.0,1721542400.0,64.0,0.0,0.0,0.0,0.0,0.0,62.0,0.0,4.057108,1.0,2.0,0.0,0.0,12.171324,31872.0,4.0,0.0,0.0,0.0,0.0,0.246481,0.0,0.0,4284.305664,0.246481,132.0,0.0,66.0,0.0,0.0,0.246481,0.246481,0.0,0.0,0.0,4.057108,0.0,VIDEO
0.0,0.002259,0.0,132.333328,0.399051,0.178356,-0.0,13271.486328,740677.25,39161.0,0.0,38367.0,27.0,0.0,0.180615,63488.0,1721542400.0,64.0,0.0,0.0,0.0,0.0,0.0,62.0,0.0,12.529726,1.0,6.0,0.0,0.0,80.190247,31872.0,33.0,1.0,0.0,0.0,0.0,0.399051,0.0,0.0,753948.75,0.399051,794.0,0.0,1421.0,0.0,0.0,0.399051,0.399051,0.0,0.0,0.0,65.154579,0.0,VIDEO
0.0,0.002259,0.0,66.0,0.73615,0.178356,-0.0,16496.636719,5001763.0,463354.0,0.0,461770.0,305.0,0.0,0.180615,400384.0,1721542400.0,64.0,0.0,0.0,0.0,0.0,0.0,62.0,0.0,31.243631,1.0,24.0,0.0,1.0,445.56134,31872.0,329.0,0.0,0.0,0.0,0.0,0.73615,101359.0,0.0,5018259.5,0.73615,1584.0,0.0,1514.0,0.0,0.0,0.73615,0.73615,0.0,1.0,0.0,412.95929,0.0,VIDEO
0.0,0.002259,104.0,85.633331,0.98746,0.178356,-0.0,82563.34375,4170376.5,526550.0,1.0,516274.0,341.0,0.0,0.180615,1457408.0,1721542400.0,64.0,0.0,0.0,0.0,0.0,0.0,62.0,0.0,120.511208,1.0,120.0,104.0,1.0,465.841644,31872.0,461.0,0.0,0.0,18.40708,0.0,0.98746,0.0,0.0,4252940.0,0.98746,10276.0,0.0,1514.0,0.0,0.0,0.98746,0.98746,1.0,0.0,0.0,344.317749,0.0,VIDEO
0.0,0.002259,28.0,82.631577,0.582463,0.178356,-0.0,63564.550781,2295438.5,173341.0,1.0,168631.0,112.0,0.0,0.180615,1914880.0,1721542400.0,64.0,0.0,0.0,0.0,0.0,0.0,62.0,0.0,96.14344,1.0,57.0,28.0,0.0,288.430328,31872.0,169.0,0.0,0.0,14.213198,0.0,0.582463,0.0,0.0,2359003.0,0.582463,4710.0,0.0,1505.633911,0.0,0.0,0.582463,0.582463,1.0,0.0,0.0,190.570038,0.0,VIDEO
0.0,0.002259,1.0,78.0,0.0,0.178356,-0.0,0.0,0.0,1592.0,1.0,1514.0,1.0,0.0,0.180615,1961216.0,1721542400.0,64.0,0.0,0.0,0.0,0.0,0.0,62.0,0.0,0.0,1.0,1.0,1.0,0.0,0.0,31872.0,2.0,0.0,0.0,33.333333,0.0,0.0,0.0,0.0,0.0,0.0,78.0,1.0,1514.0,0.0,0.0,0.0,0.0,1.0,0.0,0.0,0.0,0.0,VIDEO
0.0,0.002259,0.0,66.0,0.007965,0.178356,-0.0,0.0,0.0,132.0,1.0,66.0,1.0,0.0,0.180615,1961216.0,1721542400.0,64.0,0.0,0.0,0.0,0.0,0.0,62.0,0.0,0.0,1.0,1.0,0.0,0.0,125.549271,31872.0,2.0,0.0,0.0,0.0,0.0,0.007965,0.0,0.0,0.0,0.007965,66.0,0.0,66.0,0.0,0.0,0.007965,0.007965,0.0,0.0,0.0,0.0,0.0,VIDEO
0.0,0.002001,0.0,134.166672,0.651816,0.0,-0.0,8235.453125,529069.5625,45302.0,0.0,44497.0,32.0,0.0,0.002001,52864.0,1721542400.0,64.0,0.0,0.0,0.0,0.0,0.0,62.0,0.0,7.670877,0.0,6.0,0.0,0.0,56.764484,31872.0,38.0,0.0,0.0,0.0,0.0,0.651816,0.0,0.0,537305.0,0.651816,805.0,0.0,1390.53125,0.0,0.0,0.651816,0.651816,0.0,0.0,1.0,47.559433,0.0,VIDEO
0.0,0.002001,1.0,56.117645,0.15403,0.0,-0.0,46640.265625,3145361.5,63028.0,1.0,62074.0,41.0,0.0,0.002001,64128.0,1721542400.0,64.0,0.0,0.0,0.0,0.0,0.0,62.0,0.0,103.87587,1.0,17.0,1.0,0.0,370.0578,31872.0,58.0,0.0,0.0,1.694915,0.0,0.15403,0.0,0.0,3192001.75,0.15403,954.0,0.0,1514.0,0.0,0.0,0.15403,0.15403,1.0,0.0,0.0,259.689667,0.0,VIDEO
1.0,0.003039,2.0,74.0,0.99786,0.0,-0.0,593.269592,593.269592,296.0,0.0,148.0,2.0,0.0,0.003039,8222720.0,1721542400.0,64.0,0.0,0.0,0.0,0.0,1.0,62.0,0.0,1.002145,0.0,2.0,1.0,0.0,3.006434,4077568.0,4.0,0.0,0.0,33.333333,0.0,0.99786,0.0,0.0,1186.539185,0.99786,148.0,0.0,74.0,0.0,1.0,0.99786,0.99786,0.0,0.0,0.0,1.002145,0.0,VIDEO
1.0,0.01541,2.0,74.0,0.932367,0.0,-0.0,634.943115,634.943115,296.0,0.0,148.0,2.0,0.0,0.01541,8222720.0,1721542400.0,64.0,0.0,0.0,0.0,0.0,1.0,62.0,0.0,1.072539,0.0,2.0,1.0,0.0,3.217617,4077568.0,4.0,0.0,0.0,33.333333,0.0,0.932367,0.0,0.0,1269.88623,0.932367,148.0,0.0,74.0,0.0,1.0,0.932367,0.932367,0.0,0.0,0.0,1.072539,0.0,VIDEO
0.0,0.003039,1.0,193.333328,0.284811,0.361529,-0.0,10870.367188,80923.84375,4181.0,0.0,3601.0,5.0,0.0,0.364568,64128.0,1721542400.0,64.0,0.0,0.0,0.0,0.0,0.0,62.0,0.0,7.022201,1.0,3.0,1.0,0.0,24.577703,31872.0,8.0,0.0,0.0,11.111111,0.0,0.284811,0.0,0.0,91794.210938,0.284811,580.0,0.0,720.200012,0.0,0.0,0.284811,0.284811,1.0,0.0,0.0,14.044402,0.0,VIDEO
0.0,0.01541,1.0,66.0,0.0,0.159511,-0.0,0.0,0.0,140.0,0.0,74.0,1.0,0.0,0.174921,64256.0,1721542400.0,64.0,0.0,0.0,0.0,0.0,0.0,62.0,0.0,0.0,1.0,1.0,1.0,0.0,0.0,4077568.0,2.0,0.0,0.0,33.333333,0.0,0.0,0.0,0.0,0.0,0.0,66.0,0.0,74.0,0.0,0.0,0.0,0.0,1.0,0.0,0.0,0.0,0.0,VIDEO
0.0,0.003039,1.0,78.0,0.508103,0.361529,-0.0,0.0,23837.685547,3106.0,1.0,3028.0,2.0,0.0,0.364568,64128.0,1721542400.0,64.0,0.0,0.0,0.0,0.0,0.0,62.0,0.0,0.0,1.0,1.0,1.0,0.0,3.93621,31872.0,3.0,0.0,0.0,25.0,0.0,0.508103,0.0,0.0,23837.685547,0.508103,78.0,1.0,1514.0,0.0,0.0,0.508103,0.508103,1.0,0.0,0.0,1.968105,0.0,VIDEO
0.0,0.003039,2.0,69.0,0.501161,0.361529,-0.0,3304.327393,193343.0625,13902.0,1.0,13626.0,9.0,0.0,0.364568,63488.0,1721542400.0,64.0,0.0,0.0,0.0,0.0,0.0,62.0,0.0,5.986101,1.0,4.0,2.0,1.0,23.944403,31872.0,13.0,0.0,0.0,13.333333,0.0,0.501161,0.0,0.0,196647.390625,0.501161,276.0,0.0,1514.0,0.0,0.0,0.501161,0.501161,1.0,0.0,0.0,15.962934,0.0,VIDEO
0.0,0.003039,1.0,78.0,0.440267,0.361529,-0.0,0.0,27510.578125,3106.0,1.0,3028.0,2.0,0.0,0.364568,64128.0,1721542400.0,64.0,0.0,0.0,0.0,0.0,0.0,62.0,0.0,0.0,1.0,1.0,1.0,0.0,4.542698,31872.0,3.0,0.0,0.0,25.0,0.0,0.440267,0.0,0.0,27510.578125,0.440267,78.0,1.0,1514.0,0.0,0.0,0.440267,0.440267,1.0,0.0,0.0,2.271349,0.0,VIDEO
0.0,0.01541,0.0,66.0,0.693804,0.159511,-0.0,0.0,761.02179,198.0,0.0,132.0,2.0,1.0,0.174921,64256.0,1721542400.0,64.0,0.0,0.0,0.0,0.0,0.0,62.0,0.0,0.0,1.0,1.0,0.0,0.0,2.882658,4077568.0,3.0,0.0,0.0,0.0,0.0,0.693804,0.0,0.0,761.02179,0.693804,66.0,0.0,66.0,0.0,0.0,0.693804,0.693804,0.0,0.0,0.0,1.441329,0.0,VIDEO
0.0,0.003039,4.0,78.0,0.992498,0.361529,-0.0,628.716675,48814.207031,7726.0,1.0,7570.0,5.0,0.0,0.364568,62464.0,1721542400.0,64.0,0.0,0.0,0.0,0.0,0.0,62.0,0.0,1.007559,1.0,2.0,4.0,0.0,6.045352,31872.0,7.0,0.0,0.0,36.363636,0.0,0.992498,0.0,0.0,49442.921875,0.992498,156.0,1.0,1514.0,0.0,0.0,0.992498,0.992498,1.0,0.0,0.0,4.030235,0.0,VIDEO
0.0,0.01541,0.0,66.0,0.0,0.159511,-0.0,0.0,0.0,66.0,0.0,0.0,0.0,0.0,0.174921,64256.0,1721542400.0,64.0,0.0,0.0,0.0,0.0,0.0,62.0,0.0,0.0,1.0,1.0,0.0,0.0,0.0,931391.4917946004,1.0,0.0,0.0,0.0,0.0,0.0,0.0,0.0,0.0,0.0,66.0,0.0,0.0,0.0,0.0,0.0,0.0,0.0,0.0,0.0,0.0,0.0,VIDEO
0.0,0.003039,0.0,66.0,0.865565,0.361529,-0.0,610.006165,27986.34375,4674.0,1.0,4542.0,3.0,0.0,0.364568,62592.0,1721542400.0,64.0,0.0,0.0,0.0,0.0,0.0,62.0,0.0,1.155315,1.0,2.0,0.0,0.0,4.621259,31872.0,5.0,0.0,0.0,0.0,0.0,0.865565,0.0,0.0,28596.349609,0.865565,132.0,1.0,1514.0,0.0,0.0,0.865565,0.865565,0.0,0.0,0.0,2.310629,0.0,VIDEO
0.0,0.003039,1.0,78.0,0.01743,0.361529,-0.0,0.0,1389787.75,4620.0,1.0,4542.0,3.0,0.0,0.364568,64128.0,1721542400.0,64.0,0.0,0.0,0.0,0.0,0.0,62.0,0.0,0.0,1.0,1.0,1.0,0.0,172.117035,31872.0,4.0,0.0,0.0,20.0,0.0,0.01743,0.0,0.0,1389787.75,0.01743,78.0,1.0,1514.0,0.0,0.0,0.01743,0.01743,1.0,0.0,0.0,114.74469,0.0,VIDEO
0.0,0.003039,1.0,78.0,0.039082,0.361529,-0.0,0.0,309912.5,3106.0,1.0,3028.0,2.0,0.0,0.364568,64128.0,1721542400.0,64.0,0.0,0.0,0.0,0.0,0.0,62.0,0.0,0.0,1.0,1.0,1.0,0.0,51.174458,31872.0,3.0,0.0,0.0,25.0,0.0,0.039082,0.0,0.0,309912.5,0.039082,78.0,1.0,1514.0,0.0,0.0,0.039082,0.039082,1.0,0.0,0.0,25.587229,0.0,VIDEO
0.0,0.003039,4.0,74.0,0.635746,0.361529,-0.0,1862.379028,95258.171875,9306.0,1.0,9084.0,6.0,0.0,0.364568,62592.0,1721542400.0,64.0,0.0,0.0,0.0,0.0,0.0,62.0,0.0,3.145911,1.0,3.0,4.0,0.0,12.583642,31872.0,9.0,0.0,0.0,30.769231,0.0,0.635746,0.0,0.0,97120.546875,0.635746,222.0,1.0,1514.0,0.0,0.0,0.635746,0.635746,1.0,0.0,0.0,7.864776,0.0,VIDEO
0.0,0.003039,0.0,66.0,0.028573,0.361529,-0.0,0.0,423896.6875,3094.0,1.0,3028.0,2.0,0.0,0.364568,63488.0,1721542400.0,64.0,0.0,0.0,0.0,0.0,0.0,62.0,0.0,0.0,1.0,1.0,0.0,0.0,69.996147,31872.0,3.0,0.0,0.0,0.0,0.0,0.028573,0.0,0.0,423896.6875,0.028573,66.0,1.0,1514.0,0.0,0.0,0.028573,0.028573,0.0,0.0,0.0,34.998074,0.0,VIDEO
0.0,0.003039,2.0,78.0,0.173471,0.361529,-0.0,3597.143066,209464.40625,6212.0,1.0,6056.0,4.0,0.0,0.364568,63360.0,1721542400.0,64.0,0.0,0.0,0.0,0.0,0.0,62.0,0.0,5.764652,1.0,2.0,2.0,0.0,28.823261,31872.0,6.0,0.0,0.0,25.0,0.0,0.173471,0.0,0.0,213061.546875,0.173471,156.0,1.0,1514.0,0.0,0.0,0.173471,0.173471,1.0,0.0,0.0,17.293957,0.0,VIDEO
0.0,0.003039,0.0,0.0,0.0,0.361529,-0.0,0.0,0.0,1514.0,1.0,1514.0,1.0,0.0,0.364568,905590.6520605112,1721542400.0,64.0,0.0,0.0,0.0,0.0,0.0,62.0,0.0,0.0,1.0,0.0,1.0,0.0,0.0,931391.4917946004,1.0,0.0,0.0,0.0,0.0,0.0,0.0,0.0,0.0,0.0,0.0,0.0,1514.0,1.0,0.0,0.0,0.0,1.0,0.0,0.0,0.0,0.0,VIDEO
0.0,0.003039,0.0,0.0,0.0,0.361529,-0.0,0.0,0.0,1514.0,1.0,1514.0,1.0,0.0,0.364568,905590.6520605112,1721542400.0,64.0,0.0,0.0,0.0,0.0,0.0,62.0,0.0,0.0,1.0,0.0,1.0,0.0,0.0,931391.4917946004,1.0,0.0,0.0,0.0,0.0,0.0,0.0,0.0,0.0,0.0,0.0,0.0,1514.0,1.0,0.0,0.0,0.0,1.0,0.0,0.0,0.0,0.0,VIDEO
0.0,0.003039,0.0,66.0,0.037907,0.361529,-0.0,0.0,0.0,132.0,1.0,66.0,1.0,0.0,0.364568,64128.0,1721542400.0,64.0,0.0,0.0,0.0,0.0,0.0,62.0,0.0,0.0,1.0,1.0,0.0,0.0,26.380352,31872.0,2.0,0.0,0.0,0.0,0.0,0.037907,0.0,0.0,0.0,0.037907,66.0,1.0,66.0,0.0,0.0,0.037907,0.037907,0.0,0.0,0.0,0.0,0.0,VIDEO
0.0,0.003039,0.0,66.0,0.014989,0.361529,-0.0,0.0,0.0,132.0,1.0,66.0,1.0,0.0,0.364568,64128.0,1721542400.0,64.0,0.0,0.0,0.0,0.0,0.0,62.0,0.0,0.0,1.0,1.0,0.0,0.0,66.715591,31872.0,2.0,0.0,0.0,0.0,0.0,0.014989,0.0,0.0,0.0,0.014989,66.0,1.0,66.0,0.0,0.0,0.014989,0.014989,0.0,0.0,0.0,0.0,0.0,VIDEO
0.0,0.003039,0.0,66.0,0.022893,0.361529,-0.0,0.0,0.0,132.0,1.0,66.0,1.0,0.0,0.364568,64128.0,1721542400.0,64.0,0.0,0.0,0.0,0.0,0.0,62.0,0.0,0.0,1.0,1.0,0.0,0.0,43.681473,31872.0,2.0,0.0,0.0,0.0,0.0,0.022893,0.0,0.0,0.0,0.022893,66.0,1.0,66.0,0.0,0.0,0.022893,0.022893,0.0,0.0,0.0,0.0,0.0,VIDEO
0.0,0.003039,0.0,78.0,0.005959,0.361529,-0.0,0.0,6097667.5,6134.0,1.0,6056.0,4.0,0.0,0.364568,64128.0,1721542400.0,64.0,0.0,0.0,0.0,0.0,0.0,62.0,0.0,0.0,1.0,1.0,0.0,0.0,671.25354,31872.0,5.0,0.0,0.0,0.0,0.0,0.005959,0.0,0.0,6097667.5,0.005959,78.0,1.0,1514.0,0.0,0.0,0.005959,0.005959,0.0,0.0,0.0,503.440186,0.0,VIDEO
0.0,0.003039,3.0,74.0,0.895657,0.361529,-0.0,1321.93457,81138.203125,10820.0,1.0,10598.0,7.0,0.0,0.364568,62592.0,1721542400.0,64.0,0.0,0.0,0.0,0.0,0.0,62.0,0.0,2.232998,1.0,3.0,3.0,0.0,10.04849,31872.0,10.0,0.0,0.0,23.076923,0.0,0.895657,0.0,0.0,82460.140625,0.895657,222.0,1.0,1514.0,0.0,0.0,0.895657,0.895657,1.0,0.0,0.0,6.698993,0.0,VIDEO
0.0,0.003039,1.0,70.0,0.967311,0.361529,-0.0,1157.848877,62606.542969,9294.0,1.0,9084.0,6.0,0.0,0.364568,62592.0,1721542400.0,64.0,0.0,0.0,0.0,0.0,0.0,62.0,0.0,2.067587,1.0,3.0,1.0,0.0,8.27035,31872.0,9.0,0.0,0.0,10.0,0.0,0.967311,0.0,0.0,63764.394531,0.967311,210.0,1.0,1514.0,0.0,0.0,0.967311,0.967311,1.0,0.0,0.0,5.168968,0.0,VIDEO
0.0,0.003039,0.0,0.0,0.0,0.361529,-0.0,0.0,0.0,1514.0,1.0,1514.0,1.0,0.0,0.364568,905590.6520605112,1721542400.0,64.0,0.0,0.0,0.0,0.0,0.0,62.0,0.0,0.0,1.0,0.0,1.0,0.0,0.0,931391.4917946004,1.0,0.0,0.0,0.0,0.0,0.0,0.0,0.0,0.0,0.0,0.0,0.0,1514.0,1.0,0.0,0.0,0.0,1.0,0.0,0.0,0.0,0.0,VIDEO
0.0,0.003039,0.0,0.0,0.0,0.361529,-0.0,0.0,0.0,1514.0,1.0,1514.0,1.0,0.0,0.364568,905590.6520605112,1721542400.0,64.0,0.0,0.0,0.0,0.0,0.0,62.0,0.0,0.0,1.0,0.0,1.0,0.0,0.0,931391.4917946004,1.0,0.0,0.0,0.0,0.0,0.0,0.0,0.0,0.0,0.0,0.0,0.0,1514.0,1.0,0.0,0.0,0.0,1.0,0.0,0.0,0.0,0.0,VIDEO
0.0,0.003039,2.0,67.714287,0.967677,0.361529,-0.0,3364.759033,175232.03125,23184.0,1.0,22710.0,15.0,0.0,0.364568,61568.0,1721542400.0,64.0,0.0,0.0,0.0,0.0,0.0,62.0,0.0,6.200416,1.0,7.0,2.0,1.0,21.701456,31872.0,22.0,0.0,0.0,8.333333,0.0,0.967677,0.0,0.0,178596.78125,0.967677,474.0,0.0,1514.0,0.0,0.0,0.967677,0.967677,1.0,0.0,0.0,14.467637,0.0,VIDEO
0.0,0.003039,0.0,66.0,0.987921,0.361529,-0.0,7482.379883,404582.96875,52466.0,1.0,51476.0,34.0,0.0,0.364568,118912.0,1721542400.0,64.0,0.0,0.0,0.0,0.0,0.0,62.0,0.0,14.171174,1.0,15.0,0.0,1.0,48.58688,31872.0,49.0,0.0,0.0,0.0,0.0,0.987921,0.0,0.0,412065.34375,0.987921,990.0,0.0,1514.0,0.0,0.0,0.987921,0.987921,0.0,0.0,0.0,33.403481,0.0,VIDEO
0.0,0.003039,0.0,66.0,0.991677,0.361529,-0.0,7454.040039,683964.625,87288.0,1.0,86298.0,57.0,0.0,0.364568,118912.0,1721542400.0,64.0,0.0,0.0,0.0,0.0,0.0,62.0,0.0,14.1175,1.0,15.0,0.0,1.0,71.595894,31872.0,72.0,0.0,0.0,0.0,0.0,0.991677,0.0,0.0,691418.6875,0.991677,990.0,0.0,1514.0,0.0,0.0,0.991677,0.991677,0.0,0.0,0.0,56.470001,0.0,VIDEO
0.0,0.003039,0.0,66.0,0.680257,0.361529,-0.0,13971.189453,1379184.625,120013.0,1.0,118759.0,80.0,0.0,0.364568,124288.0,1721542400.0,64.0,0.0,0.0,0.0,0.0,0.0,62.0,0.0,26.460587,1.0,19.0,0.0,0.0,144.063202,31872.0,99.0,0.0,0.0,0.0,0.0,0.680257,0.0,0.0,1393155.75,0.680257,1254.0,0.0,1484.487549,0.0,0.0,0.680257,0.680257,0.0,0.0,0.0,116.132576,0.0,VIDEO
0.0,0.013054,0.0,74.0,0.013054,0.0,-0.0,0.0,0.0,148.0,0.0,74.0,1.0,0.0,0.013054,8222720.0,1721542400.0,64.0,0.0,0.0,0.0,0.0,1.0,62.0,0.0,0.0,0.0,1.0,0.0,0.0,76.604874,4077568.0,2.0,0.0,0.0,0.0,0.0,0.013054,0.0,0.0,0.0,0.013054,74.0,0.0,74.0,0.0,0.0,0.013054,0.013054,0.0,0.0,0.0,0.0,0.0,VIDEO
1.0,0.047001,2.0,74.0,0.990359,0.0,-0.0,597.763,597.763,296.0,0.0,148.0,2.0,0.0,0.047001,8222720.0,1721542400.0,64.0,0.0,0.0,0.0,0.0,1.0,62.0,0.0,1.009735,0.0,2.0,1.0,0.0,3.029205,4077568.0,4.0,0.0,0.0,33.333333,0.0,0.990359,0.0,0.0,1195.526001,0.990359,148.0,0.0,74.0,0.0,1.0,0.990359,0.990359,0.0,0.0,0.0,1.009735,0.0,VIDEO
1.0,0.013054,3.0,131.0,0.684731,0.137528,-0.0,7652.640137,102323.390625,10517.0,0.0,9731.0,10.0,0.0,0.150582,63488.0,1721542400.0,64.0,0.0,0.0,0.0,0.0,0.0,62.0,0.0,7.302137,1.0,6.0,2.0,0.0,21.906412,31872.0,16.0,0.0,0.0,15.789474,0.0,0.684731,0.0,0.0,109976.03125,0.684731,786.0,0.0,973.099976,0.0,1.0,0.684731,0.684731,0.0,0.0,1.0,13.143847,0.0,VIDEO
0.0,0.047001,0.0,66.0,0.0,0.273302,-0.0,0.0,0.0,66.0,0.0,0.0,0.0,0.0,0.320303,64256.0,1721542400.0,64.0,0.0,0.0,0.0,0.0,0.0,62.0,0.0,0.0,1.0,1.0,0.0,0.0,0.0,931391.4917946004,1.0,0.0,0.0,0.0,0.0,0.0,0.0,0.0,0.0,0.0,66.0,0.0,0.0,0.0,0.0,0.0,0.0,0.0,0.0,0.0,0.0,0.0,VIDEO
0.0,0.013054,0.0,66.0,0.729918,0.137528,-0.0,8680.426758,846275.875,79586.0,0.0,78728.0,52.0,0.0,0.150582,84480.0,1721542400.0,64.0,0.0,0.0,0.0,0.0,0.0,62.0,0.0,16.440203,1.0,13.0,0.0,1.0,87.681084,31872.0,65.0,0.0,0.0,0.0,0.0,0.729918,0.0,0.0,854956.3125,0.729918,858.0,0.0,1514.0,0.0,0.0,0.729918,0.729918,0.0,0.0,0.0,69.870865,0.0,VIDEO
0.0,0.013054,16.0,69.75,0.48642,0.137528,-0.0,35574.195312,2863533.5,177856.0,1.0,175624.0,116.0,0.0,0.150582,217216.0,1721542400.0,64.0,0.0,0.0,0.0,0.0,0.0,62.0,0.0,63.73093,1.0,32.0,16.0,1.0,302.207977,31872.0,148.0,0.0,0.0,9.756098,0.0,0.48642,0.0,0.0,2899107.75,0.48642,2232.0,0.0,1514.0,0.0,0.0,0.48642,0.48642,1.0,0.0,0.0,236.421204,0.0,VIDEO
0.0,0.013054,0.0,0.0,0.0,0.137528,-0.0,0.0,0.0,1514.0,1.0,1514.0,1.0,0.0,0.150582,905590.6520605112,1721542400.0,64.0,0.0,0.0,0.0,0.0,0.0,62.0,0.0,0.0,1.0,0.0,1.0,0.0,0.0,931391.4917946004,1.0,0.0,0.0,0.0,0.0,0.0,0.0,0.0,0.0,0.0,0.0,0.0,1514.0,1.0,0.0,0.0,0.0,1.0,0.0,0.0,0.0,0.0,VIDEO
0.0,0.047001,0.0,66.0,0.879219,0.273302,-0.0,0.0,600.532959,198.0,0.0,132.0,2.0,1.0,0.320303,64256.0,1721542400.0,64.0,0.0,0.0,0.0,0.0,0.0,62.0,0.0,0.0,1.0,1.0,0.0,0.0,2.274746,4077568.0,3.0,0.0,0.0,0.0,0.0,0.879219,0.0,0.0,600.532959,0.879219,66.0,0.0,66.0,0.0,0.0,0.879219,0.879219,0.0,0.0,0.0,1.137373,0.0,VIDEO
0.0,0.013054,3.0,82.0,0.432243,0.137528,-0.0,1517.664917,112085.101562,7734.0,1.0,7570.0,5.0,0.0,0.150582,225920.0,1721542400.0,64.0,0.0,0.0,0.0,0.0,0.0,62.0,0.0,2.313514,1.0,2.0,3.0,0.0,13.881082,31872.0,7.0,0.0,0.0,30.0,0.0,0.432243,0.0,0.0,113602.765625,0.432243,164.0,1.0,1514.0,0.0,0.0,0.432243,0.432243,1.0,0.0,0.0,9.254054,0.0,VIDEO
0.0,0.047001,0.0,66.0,0.0,0.273302,-0.0,0.0,0.0,66.0,0.0,0.0,0.0,0.0,0.320303,64256.0,1721542400.0,64.0,0.0,0.0,0.0,0.0,0.0,62.0,0.0,0.0,1.0,1.0,0.0,0.0,0.0,931391.4917946004,1.0,0.0,0.0,0.0,0.0,0.0,0.0,0.0,0.0,0.0,66.0,0.0,0.0,0.0,0.0,0.0,0.0,0.0,0.0,0.0,0.0,0.0,VIDEO
0.0,0.013054,56.0,79.739128,0.966971,0.137528,-0.0,14519.567383,1265096.875,156262.0,1.0,154428.0,102.0,0.0,0.150582,373632.0,1721542400.0,64.0,0.0,0.0,0.0,0.0,0.0,62.0,0.0,22.751459,1.0,23.0,56.0,1.0,128.235489,31872.0,125.0,0.0,0.0,30.939227,0.0,0.966971,0.0,0.0,1279616.5,0.966971,1834.0,0.0,1514.0,0.0,0.0,0.966971,0.966971,1.0,0.0,0.0,104.449875,0.0,VIDEO
0.0,0.013054,11.0,83.185188,0.063331,0.137528,-0.0,273231.125,2458701.0,23100.0,1.0,20854.0,15.0,0.0,0.150582,532864.0,1721542400.0,64.0,0.0,0.0,0.0,0.0,0.0,62.0,0.0,410.541443,1.0,27.0,11.0,0.0,647.392273,31872.0,42.0,0.0,0.0,20.754717,0.0,0.063331,0.0,0.0,2731932.25,0.063331,2246.0,0.0,1390.266724,0.0,0.0,0.063331,0.063331,1.0,0.0,0.0,221.060776,0.0,VIDEO
0.0,0.000493,0.0,114.75,0.898007,0.185451,-0.0,7162.527832,397315.40625,46910.0,0.0,45992.0,33.0,0.0,0.185944,55808.0,1721542400.0,64.0,0.0,0.0,0.0,0.0,0.0,62.0,0.0,7.79504,0.0,8.0,0.0,0.0,44.543083,31872.0,41.0,0.0,0.0,0.0,0.0,0.898007,0.0,0.0,404477.9375,0.898007,918.0,0.0,1393.697021,0.0,0.0,0.898007,0.898007,0.0,0.0,1.0,35.634468,0.0,VIDEO
0.0,0.000493,0.0,66.0,0.619479,0.185451,-0.0,0.0,801628.4375,63654.0,0.0,63588.0,42.0,0.0,0.185944,78592.0,1721542400.0,64.0,0.0,0.0,0.0,0.0,0.0,62.0,0.0,0.0,1.0,1.0,0.0,1.0,67.798912,31872.0,43.0,0.0,0.0,0.0,0.0,0.619479,0.0,0.0,801628.4375,0.619479,66.0,0.0,1514.0,0.0,0.0,0.619479,0.619479,0.0,0.0,0.0,66.184647,0.0,VIDEO
0.0,0.000493,0.0,0.0,0.0,0.185451,-0.0,0.0,0.0,1514.0,0.0,1514.0,1.0,0.0,0.185944,905590.6520605112,1721542400.0,64.0,0.0,0.0,0.0,0.0,0.0,62.0,0.0,0.0,1.0,0.0,1.0,0.0,0.0,931391.4917946004,1.0,0.0,0.0,0.0,0.0,0.0,0.0,0.0,0.0,0.0,0.0,0.0,1514.0,1.0,0.0,0.0,0.0,1.0,0.0,0.0,0.0,0.0,VIDEO
0.0,0.000493,29.0,76.25,0.7016,0.185451,-0.0,40866.589844,2969304.5,265582.0,1.0,261922.0,173.0,0.0,0.185944,475392.0,1721542400.0,64.0,0.0,0.0,0.0,0.0,0.0,62.0,0.0,66.989738,1.0,48.0,29.0,1.0,313.56897,31872.0,221.0,0.0,0.0,11.6,0.0,0.7016,0.0,0.0,3010171.0,0.7016,3660.0,0.0,1514.0,0.0,0.0,0.7016,0.7016,1.0,0.0,0.0,245.153931,0.0,VIDEO
0.0,0.000493,2.0,66.0,0.697501,0.185451,-0.0,23466.632812,424567.125,40552.0,1.0,38440.0,27.0,0.0,0.185944,678144.0,1721542400.0,64.0,0.0,0.0,0.0,0.0,0.0,62.0,0.0,44.444382,1.0,32.0,2.0,0.0,83.153999,31872.0,59.0,0.0,0.0,3.278689,0.0,0.697501,0.0,0.0,448033.75,0.697501,2112.0,0.0,1423.703735,0.0,0.0,0.697501,0.697501,1.0,0.0,0.0,37.275932,0.0,VIDEO
0.0,0.000493,1.0,66.0,0.660266,0.185451,-0.0,0.0,9571.900391,1646.0,1.0,1580.0,2.0,0.0,0.185944,678144.0,1721542400.0,64.0,0.0,0.0,0.0,0.0,0.0,62.0,0.0,0.0,1.0,1.0,1.0,0.0,3.029082,31872.0,3.0,0.0,0.0,25.0,0.0,0.660266,0.0,0.0,9571.900391,0.660266,66.0,0.0,790.0,0.0,0.0,0.660266,0.660266,1.0,0.0,0.0,1.514541,0.0,VIDEO
0.0,0.05214,0.0,70.0,0.216905,0.164765,-0.0,2581.775391,0.0,214.0,0.0,74.0,1.0,0.0,0.216905,64256.0,1721542400.0,64.0,0.0,0.0,0.0,0.0,0.0,62.0,0.0,4.610313,0.0,2.0,0.0,0.0,9.220627,4077568.0,3.0,0.0,0.0,0.0,0.0,0.216905,0.0,0.0,2581.775391,0.216905,140.0,0.0,74.0,0.0,0.0,0.216905,0.216905,0.0,0.0,0.0,0.0,0.0,VIDEO
0.0,0.05214,0.0,448.0,0.445593,0.164765,-0.0,0.0,257382.859375,16087.0,0.0,15639.0,12.0,0.0,0.216905,64256.0,1721542400.0,64.0,0.0,0.0,0.0,0.0,0.0,62.0,0.0,0.0,1.0,1.0,0.0,0.0,26.930405,31872.0,13.0,1.0,0.0,0.0,0.0,0.445593,0.0,0.0,257382.859375,0.445593,448.0,0.0,1303.25,0.0,0.0,0.445593,0.445593,0.0,0.0,0.0,24.686205,0.0,VIDEO
0.0,0.05214,1.0,66.480003,0.844044,0.164765,-0.0,15127.172852,1554743.5,167187.0,1.0,165525.0,111.0,0.0,0.216905,164224.0,1721542400.0,64.0,0.0,0.0,0.0,0.0,0.0,62.0,0.0,28.434536,1.0,25.0,1.0,1.0,159.94426,31872.0,136.0,0.0,0.0,0.729927,0.0,0.844044,0.0,0.0,1569870.75,0.844044,1662.0,0.0,1491.216187,0.0,0.0,0.844044,0.844044,1.0,0.0,0.0,130.324951,0.0,VIDEO
0.0,0.05214,0.0,66.0,0.936476,0.164765,-0.0,6765.790039,814816.375,97754.0,1.0,96896.0,64.0,0.0,0.216905,335104.0,1721542400.0,64.0,0.0,0.0,0.0,0.0,0.0,62.0,0.0,12.813996,1.0,13.0,0.0,1.0,81.155312,31872.0,77.0,0.0,0.0,0.0,0.0,0.936476,0.0,0.0,821582.1875,0.936476,858.0,0.0,1514.0,0.0,0.0,0.936476,0.936476,0.0,0.0,0.0,67.273483,0.0,VIDEO
0.0,0.05214,2.0,66.0,0.831782,0.164765,-0.0,6982.599121,568427.8125,61370.0,1.0,60578.0,41.0,0.0,0.216905,459136.0,1721542400.0,64.0,0.0,0.0,0.0,0.0,0.0,62.0,0.0,13.224619,1.0,12.0,2.0,0.0,62.51638,31872.0,53.0,0.0,0.0,3.636364,0.0,0.831782,0.0,0.0,575410.375,0.831782,792.0,0.0,1477.512207,0.0,0.0,0.831782,0.831782,1.0,0.0,0.0,48.089523,0.0,VIDEO
0.0,0.05214,1.0,78.0,0.03598,0.164765,-0.0,0.0,0.0,1592.0,1.0,1514.0,1.0,0.0,0.216905,462976.0,1721542400.0,64.0,0.0,0.0,0.0,0.0,0.0,62.0,0.0,0.0,1.0,1.0,1.0,0.0,27.793217,31872.0,2.0,0.0,0.0,33.333333,0.0,0.03598,0.0,0.0,0.0,0.03598,78.0,1.0,1514.0,0.0,0.0,0.03598,0.03598,1.0,0.0,0.0,0.0,0.0,VIDEO
0.0,0.05214,0.0,0.0,0.0,0.164765,-0.0,0.0,0.0,1514.0,1.0,1514.0,1.0,0.0,0.216905,905590.6520605112,1721542400.0,64.0,0.0,0.0,0.0,0.0,0.0,62.0,0.0,0.0,1.0,0.0,1.0,0.0,0.0,931391.4917946004,1.0,0.0,0.0,0.0,0.0,0.0,0.0,0.0,0.0,0.0,0.0,0.0,1514.0,1.0,0.0,0.0,0.0,1.0,0.0,0.0,0.0,0.0,VIDEO
0.0,0.05214,0.0,78.0,0.02442,0.164765,-0.0,0.0,0.0,144.0,1.0,66.0,1.0,0.0,0.216905,462976.0,1721542400.0,64.0,0.0,0.0,0.0,0.0,0.0,62.0,0.0,0.0,1.0,1.0,0.0,0.0,40.950039,31872.0,2.0,0.0,0.0,0.0,0.0,0.02442,0.0,0.0,0.0,0.02442,78.0,1.0,66.0,0.0,0.0,0.02442,0.02442,0.0,0.0,0.0,0.0,0.0,VIDEO
0.0,0.05214,7.0,78.0,0.86897,0.164765,-0.0,718.091553,83630.046875,10754.0,1.0,10598.0,7.0,0.0,0.216905,460928.0,1721542400.0,64.0,0.0,0.0,0.0,0.0,0.0,62.0,0.0,1.150788,1.0,2.0,7.0,1.0,9.206302,31872.0,9.0,0.0,0.0,43.75,0.0,0.86897,0.0,0.0,84348.140625,0.86897,156.0,0.0,1514.0,0.0,0.0,0.86897,0.86897,1.0,0.0,0.0,6.904727,0.0,VIDEO
0.0,0.05214,8.0,78.0,0.059509,0.164765,-0.0,10485.808594,1424725.625,12268.0,1.0,12112.0,8.0,0.0,0.216905,458880.0,1721542400.0,64.0,0.0,0.0,0.0,0.0,0.0,62.0,0.0,16.80418,1.0,2.0,8.0,1.0,151.237625,31872.0,10.0,0.0,0.0,44.444444,0.0,0.059509,0.0,0.0,1435211.5,0.059509,156.0,0.0,1514.0,0.0,0.0,0.059509,0.059509,1.0,0.0,0.0,117.629265,0.0,VIDEO
0.0,0.05214,0.0,0.0,0.0,0.164765,-0.0,0.0,0.0,1514.0,1.0,1514.0,1.0,0.0,0.216905,905590.6520605112,1721542400.0,64.0,0.0,0.0,0.0,0.0,0.0,62.0,0.0,0.0,1.0,0.0,1.0,0.0,0.0,931391.4917946004,1.0,0.0,0.0,0.0,0.0,0.0,0.0,0.0,0.0,0.0,0.0,0.0,1514.0,1.0,0.0,0.0,0.0,1.0,0.0,0.0,0.0,0.0,VIDEO
0.0,0.05214,0.0,78.0,0.001496,0.164765,-0.0,0.0,0.0,144.0,1.0,66.0,1.0,0.0,0.216905,462976.0,1721542400.0,64.0,0.0,0.0,0.0,0.0,0.0,62.0,0.0,0.0,1.0,1.0,0.0,0.0,668.449219,31872.0,2.0,0.0,0.0,0.0,0.0,0.001496,0.0,0.0,0.0,0.001496,78.0,1.0,66.0,0.0,0.0,0.001496,0.001496,0.0,0.0,0.0,0.0,0.0,VIDEO
0.0,0.05214,1.0,78.0,0.798956,0.164765,-0.0,0.0,7910.323242,1658.0,1.0,1580.0,2.0,0.0,0.216905,462976.0,1721542400.0,64.0,0.0,0.0,0.0,0.0,0.0,62.0,0.0,0.0,1.0,1.0,1.0,0.0,2.503267,31872.0,3.0,0.0,0.0,25.0,0.0,0.798956,0.0,0.0,7910.323242,0.798956,78.0,1.0,790.0,0.0,0.0,0.798956,0.798956,1.0,0.0,0.0,1.251633,0.0,VIDEO
0.0,0.05214,0.0,78.0,0.055813,0.164765,-0.0,0.0,0.0,144.0,1.0,66.0,1.0,0.0,0.216905,462976.0,1721542400.0,64.0,0.0,0.0,0.0,0.0,0.0,62.0,0.0,0.0,1.0,1.0,0.0,0.0,17.916973,31872.0,2.0,0.0,0.0,0.0,0.0,0.055813,0.0,0.0,0.0,0.055813,78.0,1.0,66.0,0.0,0.0,0.055813,0.055813,0.0,0.0,0.0,0.0,0.0,VIDEO
0.0,0.05214,0.0,78.0,0.024185,0.164765,-0.0,0.0,0.0,144.0,1.0,66.0,1.0,0.0,0.216905,462976.0,1721542400.0,64.0,0.0,0.0,0.0,0.0,0.0,62.0,0.0,0.0,1.0,1.0,0.0,0.0,41.347942,31872.0,2.0,0.0,0.0,0.0,0.0,0.024185,0.0,0.0,0.0,0.024185,78.0,1.0,66.0,0.0,0.0,0.024185,0.024185,0.0,0.0,0.0,0.0,0.0,VIDEO
0.0,0.05214,0.0,78.0,0.0,0.164765,-0.0,0.0,0.0,78.0,1.0,0.0,0.0,0.0,0.216905,462976.0,1721542400.0,64.0,0.0,0.0,0.0,0.0,0.0,62.0,0.0,0.0,1.0,1.0,0.0,0.0,0.0,931391.4917946004,1.0,0.0,0.0,0.0,0.0,0.0,0.0,0.0,0.0,0.0,78.0,0.0,0.0,0.0,0.0,0.0,0.0,0.0,0.0,0.0,0.0,0.0,VIDEO
0.0,0.007461,0.0,74.0,0.007461,0.0,-0.0,0.0,0.0,148.0,0.0,74.0,1.0,0.0,0.007461,8222720.0,1721542400.0,64.0,0.0,0.0,0.0,0.0,1.0,62.0,0.0,0.0,0.0,1.0,0.0,0.0,134.030289,4077568.0,2.0,0.0,0.0,0.0,0.0,0.007461,0.0,0.0,0.0,0.007461,74.0,0.0,74.0,0.0,0.0,0.007461,0.007461,0.0,0.0,0.0,0.0,0.0,VIDEO
0.0,0.007461,1.0,66.0,0.0,0.178186,-0.0,0.0,0.0,140.0,0.0,74.0,1.0,0.0,0.185647,64256.0,1721542400.0,64.0,0.0,0.0,0.0,0.0,0.0,62.0,0.0,0.0,1.0,1.0,1.0,0.0,0.0,4077568.0,2.0,0.0,0.0,33.333333,0.0,0.0,0.0,0.0,0.0,0.0,66.0,0.0,74.0,0.0,0.0,0.0,0.0,1.0,0.0,0.0,0.0,0.0,VIDEO
0.0,0.007461,0.0,467.0,0.005973,0.178186,-0.0,0.0,17222836.0,14611.0,0.0,14144.0,11.0,0.0,0.185647,64256.0,1721542400.0,64.0,0.0,0.0,0.0,0.0,0.0,62.0,0.0,0.0,1.0,1.0,0.0,0.0,1841.620605,31872.0,12.0,1.0,0.0,0.0,0.0,0.005973,0.0,0.0,17222836.0,0.005973,467.0,0.0,1285.818237,0.0,0.0,0.005973,0.005973,0.0,0.0,0.0,1674.200562,0.0,VIDEO
0.0,0.007461,0.0,0.0,0.0,0.178186,-0.0,0.0,0.0,1514.0,0.0,1514.0,1.0,0.0,0.185647,905590.6520605112,1721542400.0,64.0,0.0,0.0,0.0,0.0,0.0,62.0,0.0,0.0,1.0,0.0,0.0,0.0,0.0,931391.4917946004,1.0,0.0,0.0,0.0,0.0,0.0,0.0,0.0,0.0,0.0,0.0,0.0,1514.0,1.0,0.0,0.0,0.0,0.0,0.0,0.0,0.0,0.0,VIDEO
0.0,0.007461,1.0,59.5,0.247157,0.178186,-0.0,44311.917969,2592457.5,83004.0,1.0,81576.0,55.0,0.0,0.185647,50048.0,1721542400.0,64.0,0.0,0.0,0.0,0.0,0.0,62.0,0.0,93.058258,1.0,24.0,1.0,0.0,315.588898,31872.0,79.0,0.0,0.0,1.25,0.0,0.247157,0.0,0.0,2636769.5,0.247157,1428.0,0.0,1483.199951,0.0,0.0,0.247157,0.247157,1.0,0.0,0.0,218.484619,0.0,VIDEO
0.0,0.008804,64.0,75.008545,0.959695,0.09488,-0.0,72531.375,5104347.0,622603.0,1.0,613827.0,409.0,0.0,0.103684,394368.0,1721542400.0,64.0,0.0,0.0,0.0,0.0,0.0,62.0,0.0,120.871735,0.0,117.0,64.0,0.0,547.048828,31872.0,526.0,0.0,0.0,10.847458,0.0,0.959695,0.0,0.0,5176878.0,0.959695,8776.0,0.0,1500.799561,0.0,0.0,0.959695,0.959695,1.0,0.0,1.0,425.135071,0.0,VIDEO
0.0,0.008804,29.0,68.96907,0.914451,0.09488,-0.0,116458.945312,5430493.5,635634.0,1.0,622254.0,411.0,0.0,0.103684,1541120.0,1721542400.0,64.0,0.0,0.0,0.0,0.0,0.0,62.0,0.0,211.055588,1.0,194.0,29.0,1.0,660.505615,31872.0,605.0,0.0,0.0,4.574132,0.0,0.914451,0.0,0.0,5546952.0,0.914451,13380.0,0.0,1514.0,0.0,0.0,0.914451,0.914451,1.0,0.0,0.0,448.356445,0.0,VIDEO
0.0,0.008804,0.0,66.0,0.446905,0.09488,-0.0,20084.806641,1355097.875,78402.0,1.0,77214.0,51.0,0.0,0.103684,1680128.0,1721542400.0,64.0,0.0,0.0,0.0,0.0,0.0,62.0,0.0,38.039406,1.0,18.0,0.0,1.0,152.157623,31872.0,69.0,0.0,0.0,0.0,0.0,0.446905,0.0,0.0,1375182.625,0.446905,1188.0,0.0,1514.0,0.0,0.0,0.446905,0.446905,0.0,0.0,0.0,111.880608,0.0,VIDEO
0.0,0.008804,0.0,66.0,0.811271,0.09488,-0.0,23429.902344,2224519.25,229542.0,1.0,227100.0,150.0,0.0,0.103684,2105856.0,1721542400.0,64.0,0.0,0.0,0.0,0.0,0.0,62.0,0.0,44.374813,1.0,37.0,0.0,1.0,229.269867,31872.0,187.0,0.0,0.0,0.0,0.0,0.811271,0.0,0.0,2247949.25,0.811271,2442.0,0.0,1514.0,0.0,0.0,0.811271,0.811271,0.0,0.0,0.0,183.66243,0.0,VIDEO
0.0,0.008804,14.0,70.105263,0.989414,0.09488,-0.0,42514.054688,1995379.125,253624.0,1.0,248296.0,164.0,0.0,0.103684,2598272.0,1721542400.0,64.0,0.0,0.0,0.0,0.0,0.0,62.0,0.0,75.802444,1.0,76.0,14.0,1.0,241.557129,31872.0,240.0,0.0,0.0,5.511811,0.0,0.989414,0.0,0.0,2037893.125,0.989414,5328.0,0.0,1514.0,0.0,0.0,0.989414,0.989414,1.0,0.0,0.0,164.743988,0.0,VIDEO
0.0,0.008804,0.0,66.0,0.544342,0.09488,-0.0,13579.698242,890028.75,63064.0,1.0,62074.0,41.0,0.0,0.103684,2688000.0,1721542400.0,64.0,0.0,0.0,0.0,0.0,0.0,62.0,0.0,25.719126,1.0,15.0,0.0,1.0,101.039421,31872.0,56.0,0.0,0.0,0.0,0.0,0.544342,0.0,0.0,903608.4375,0.544342,990.0,0.0,1514.0,0.0,0.0,0.544342,0.544342,0.0,0.0,0.0,73.483215,0.0,VIDEO
0.0,0.008804,0.0,66.0,0.696857,0.09488,-0.0,0.0,747378.625,66682.0,1.0,66616.0,44.0,0.0,0.103684,2789376.0,1721542400.0,64.0,0.0,0.0,0.0,0.0,0.0,62.0,0.0,0.0,1.0,1.0,0.0,1.0,63.140648,31872.0,45.0,0.0,0.0,0.0,0.0,0.696857,0.0,0.0,747378.625,0.696857,66.0,0.0,1514.0,0.0,0.0,0.696857,0.696857,0.0,0.0,0.0,61.705631,0.0,VIDEO
0.0,0.008804,0.0,0.0,0.0,0.09488,-0.0,0.0,0.0,1514.0,1.0,1514.0,1.0,0.0,0.103684,905590.6520605112,1721542400.0,64.0,0.0,0.0,0.0,0.0,0.0,62.0,0.0,0.0,1.0,0.0,1.0,0.0,0.0,931391.4917946004,1.0,0.0,0.0,0.0,0.0,0.0,0.0,0.0,0.0,0.0,0.0,0.0,1514.0,1.0,0.0,0.0,0.0,1.0,0.0,0.0,0.0,0.0,VIDEO
0.0,0.008804,0.0,0.0,0.0,0.09488,-0.0,0.0,0.0,1514.0,1.0,1514.0,1.0,0.0,0.103684,905590.6520605112,1721542400.0,64.0,0.0,0.0,0.0,0.0,0.0,62.0,0.0,0.0,1.0,0.0,1.0,0.0,0.0,931391.4917946004,1.0,0.0,0.0,0.0,0.0,0.0,0.0,0.0,0.0,0.0,0.0,0.0,1514.0,1.0,0.0,0.0,0.0,1.0,0.0,0.0,0.0,0.0,VIDEO
0.0,0.008804,2.0,86.0,0.029486,0.09488,-0.0,0.0,13144679.0,50048.0,1.0,49962.0,33.0,0.0,0.103684,2853120.0,1721542400.0,64.0,0.0,0.0,0.0,0.0,0.0,62.0,0.0,0.0,1.0,1.0,2.0,1.0,1119.175171,31872.0,34.0,0.0,0.0,5.555556,0.0,0.029486,0.0,0.0,13144679.0,0.029486,86.0,0.0,1514.0,0.0,0.0,0.029486,0.029486,1.0,0.0,0.0,1085.260742,0.0,VIDEO
0.0,0.008804,0.0,0.0,0.0,0.09488,-0.0,0.0,0.0,1514.0,1.0,1514.0,1.0,0.0,0.103684,905590.6520605112,1721542400.0,64.0,0.0,0.0,0.0,0.0,0.0,62.0,0.0,0.0,1.0,0.0,1.0,0.0,0.0,931391.4917946004,1.0,0.0,0.0,0.0,0.0,0.0,0.0,0.0,0.0,0.0,0.0,0.0,1514.0,1.0,0.0,0.0,0.0,1.0,0.0,0.0,0.0,0.0,VIDEO
0.0,0.008804,0.0,78.0,0.021413,0.09488,-0.0,0.0,0.0,144.0,1.0,66.0,1.0,0.0,0.103684,2945792.0,1721542400.0,64.0,0.0,0.0,0.0,0.0,0.0,62.0,0.0,0.0,1.0,1.0,0.0,0.0,46.700603,31872.0,2.0,0.0,0.0,0.0,0.0,0.021413,0.0,0.0,0.0,0.021413,78.0,1.0,66.0,0.0,0.0,0.021413,0.021413,0.0,0.0,0.0,0.0,0.0,VIDEO
0.0,0.008804,0.0,82.0,0.991276,0.09488,-0.0,661.773315,623148.3125,78892.0,1.0,78728.0,52.0,0.0,0.103684,2951552.0,1721542400.0,64.0,0.0,0.0,0.0,0.0,0.0,62.0,0.0,1.008801,1.0,2.0,0.0,1.0,53.466438,31872.0,54.0,0.0,0.0,0.0,0.0,0.991276,0.0,0.0,623810.125,0.991276,164.0,0.0,1514.0,0.0,0.0,0.991276,0.991276,0.0,0.0,0.0,51.448837,0.0,VIDEO
0.0,0.008804,6.0,86.0,0.86241,0.09488,-0.0,3988.822021,70221.820312,9600.0,1.0,9084.0,6.0,0.0,0.103684,2968960.0,1721542400.0,64.0,0.0,0.0,0.0,0.0,0.0,62.0,0.0,5.797707,1.0,6.0,6.0,0.0,12.754954,31872.0,12.0,0.0,0.0,33.333333,0.0,0.86241,0.0,0.0,74210.640625,0.86241,516.0,1.0,1514.0,0.0,0.0,0.86241,0.86241,1.0,0.0,0.0,5.797707,0.0,VIDEO
0.0,0.008804,4.0,86.0,0.813994,0.09488,-0.0,2535.645264,44639.148438,6400.0,1.0,6056.0,4.0,0.0,0.103684,2980480.0,1721542400.0,64.0,0.0,0.0,0.0,0.0,0.0,62.0,0.0,3.685531,1.0,4.0,4.0,0.0,8.599572,31872.0,8.0,0.0,0.0,33.333333,0.0,0.813994,0.0,0.0,47174.796875,0.813994,344.0,1.0,1514.0,0.0,0.0,0.813994,0.813994,1.0,0.0,0.0,3.685531,0.0,VIDEO
0.0,0.021898,0.0,66.73333,0.946026,0.148241,-0.0,50231.175781,2296791.0,279101.0,0.0,273095.0,183.0,0.0,0.170139,325632.0,1721542400.0,64.0,0.0,0.0,0.0,0.0,0.0,62.0,0.0,94.077751,0.0,90.0,0.0,0.0,287.518524,31872.0,273.0,0.0,0.0,0.0,0.0,0.946026,0.0,0.0,2347022.0,0.946026,6006.0,0.0,1492.322388,0.0,0.0,0.946026,0.946026,0.0,0.0,0.0,192.383713,0.0,VIDEO
0.0,0.025872,0.0,70.0,0.201858,0.175986,-0.0,2774.227539,0.0,214.0,0.0,74.0,1.0,0.0,0.201858,64256.0,1721542400.0,64.0,0.0,0.0,0.0,0.0,0.0,62.0,0.0,4.953978,0.0,2.0,0.0,0.0,9.907955,4077568.0,3.0,0.0,0.0,0.0,0.0,0.201858,0.0,0.0,2774.227539,0.201858,140.0,0.0,74.0,0.0,0.0,0.201858,0.201858,0.0,0.0,0.0,0.0,0.0,VIDEO
0.0,0.025872,0.0,66.0,0.075598,0.175986,-0.0,6984.311523,0.0,198.0,0.0,66.0,1.0,1.0,0.201858,64256.0,1721542400.0,64.0,0.0,0.0,0.0,0.0,0.0,62.0,0.0,13.227863,1.0,2.0,0.0,0.0,26.455727,4077568.0,3.0,0.0,0.0,0.0,0.0,0.075598,0.0,0.0,6984.311523,0.075598,132.0,0.0,66.0,0.0,0.0,0.075598,0.075598,0.0,0.0,0.0,0.0,0.0,VIDEO
0.0,0.008804,0.0,0.0,0.0,0.09488,-0.0,0.0,0.0,1514.0,1.0,1514.0,1.0,0.0,0.103684,905590.6520605112,1721542400.0,64.0,0.0,0.0,0.0,0.0,0.0,62.0,0.0,0.0,1.0,0.0,1.0,0.0,0.0,931391.4917946004,1.0,0.0,0.0,0.0,0.0,0.0,0.0,0.0,0.0,0.0,0.0,0.0,1514.0,1.0,0.0,0.0,0.0,1.0,0.0,0.0,0.0,0.0,VIDEO
0.0,0.000488,0.0,76.35714,0.990603,0.092036,-0.0,16652.482422,836670.1875,107198.0,0.0,105060.0,72.0,0.0,0.092524,69888.0,1721542400.0,64.0,0.0,0.0,0.0,0.0,0.0,62.0,0.0,27.256124,0.0,28.0,0.0,0.0,99.939125,31872.0,100.0,0.0,0.0,0.0,0.0,0.990603,0.0,0.0,853322.625,0.990603,2138.0,0.0,1459.166626,0.0,0.0,0.990603,0.990603,0.0,0.0,0.0,71.673515,0.0,VIDEO
0.0,0.000488,0.0,54.0,0.000498,0.092036,-0.0,3469879.5,0.0,270.0,0.0,0.0,0.0,0.0,0.092524,69888.0,1721542400.0,64.0,0.0,0.0,0.0,0.0,0.0,62.0,0.0,8032.128418,1.0,5.0,0.0,0.0,8032.128418,931391.4917946004,5.0,0.0,0.0,0.0,0.0,0.000498,0.0,0.0,3469879.5,0.000498,270.0,0.0,0.0,0.0,0.0,0.000498,0.000498,0.0,0.0,0.0,0.0,0.0,VIDEO
0.0,0.07438,0.0,201.333328,0.638156,0.499194,-0.0,5052.056152,163383.25,14821.0,0.0,14217.0,12.0,0.0,0.573574,64256.0,1721542400.0,64.0,0.0,0.0,0.0,0.0,0.0,62.0,0.0,3.13403,0.0,3.0,0.0,0.0,21.93821,31872.0,15.0,0.0,0.0,0.0,0.0,0.638156,0.0,0.0,168435.3125,0.638156,604.0,0.0,1184.75,0.0,0.0,0.638156,0.638156,0.0,0.0,1.0,17.237165,0.0,VIDEO
0.0,0.07438,1.0,78.0,0.079302,0.499194,-0.0,0.0,824493.75,9613.0,1.0,9535.0,7.0,0.0,0.573574,64256.0,1721542400.0,64.0,0.0,0.0,0.0,0.0,0.0,62.0,0.0,0.0,1.0,1.0,1.0,1.0,88.270157,31872.0,8.0,0.0,0.0,11.111111,0.0,0.079302,0.0,0.0,824493.75,0.079302,78.0,0.0,1362.142822,0.0,0.0,0.079302,0.079302,1.0,0.0,0.0,75.660133,0.0,VIDEO
0.0,0.07438,0.0,0.0,0.0,0.499194,-0.0,0.0,0.0,451.0,1.0,451.0,1.0,0.0,0.573574,905590.6520605112,1721542400.0,64.0,0.0,0.0,0.0,0.0,0.0,62.0,0.0,0.0,1.0,0.0,1.0,0.0,0.0,931391.4917946004,1.0,0.0,0.0,0.0,0.0,0.0,0.0,1.0,0.0,0.0,0.0,0.0,451.0,0.0,0.0,0.0,0.0,1.0,0.0,0.0,0.0,0.0,VIDEO
0.0,0.11498,0.0,70.0,0.571224,0.456244,-0.0,980.351013,0.0,214.0,0.0,74.0,1.0,0.0,0.571224,64256.0,1721542400.0,64.0,0.0,0.0,0.0,0.0,0.0,62.0,0.0,1.750627,0.0,2.0,0.0,0.0,3.501254,4077568.0,3.0,0.0,0.0,0.0,0.0,0.571224,0.0,0.0,980.351013,0.571224,140.0,0.0,74.0,0.0,0.0,0.571224,0.571224,0.0,0.0,0.0,0.0,0.0,VIDEO
0.0,0.07438,4.0,74.0,0.457869,0.499194,-0.0,3878.838867,326643.65625,20429.0,1.0,20133.0,14.0,0.0,0.573574,57728.0,1721542400.0,64.0,0.0,0.0,0.0,0.0,0.0,62.0,0.0,6.552093,1.0,4.0,4.0,1.0,37.128525,31872.0,18.0,0.0,0.0,18.181818,0.0,0.457869,0.0,0.0,330522.5,0.457869,296.0,0.0,1438.071411,0.0,0.0,0.457869,0.457869,1.0,0.0,0.0,28.392401,0.0,VIDEO
0.0,0.07438,0.0,0.0,0.0,0.499194,-0.0,0.0,0.0,1514.0,1.0,1514.0,1.0,0.0,0.573574,905590.6520605112,1721542400.0,64.0,0.0,0.0,0.0,0.0,0.0,62.0,0.0,0.0,1.0,0.0,0.0,0.0,0.0,931391.4917946004,1.0,0.0,0.0,0.0,0.0,0.0,0.0,0.0,0.0,0.0,0.0,0.0,1514.0,1.0,0.0,0.0,0.0,0.0,0.0,0.0,0.0,0.0,VIDEO
0.0,0.11498,0.0,66.0,0.423794,0.456244,-0.0,1245.888306,0.0,198.0,0.0,66.0,1.0,1.0,0.571224,64256.0,1721542400.0,64.0,0.0,0.0,0.0,0.0,0.0,62.0,0.0,2.359637,1.0,2.0,0.0,0.0,4.719274,4077568.0,3.0,0.0,0.0,0.0,0.0,0.423794,0.0,0.0,1245.888306,0.423794,132.0,0.0,66.0,0.0,0.0,0.423794,0.423794,0.0,0.0,0.0,0.0,0.0,VIDEO
0.0,0.07438,9.0,75.599998,0.910268,0.499194,-0.0,2662.951904,172977.625,21574.0,1.0,21196.0,14.0,0.0,0.573574,59520.0,1721542400.0,64.0,0.0,0.0,0.0,0.0,0.0,62.0,0.0,4.39431,1.0,5.0,9.0,1.0,19.774395,31872.0,19.0,0.0,0.0,32.142857,0.0,0.910268,0.0,0.0,175640.578125,0.910268,378.0,0.0,1514.0,0.0,0.0,0.910268,0.910268,1.0,0.0,0.0,14.281508,0.0,VIDEO
0.0,0.07438,0.0,66.0,0.34357,0.499194,-0.0,9220.828125,634560.625,29228.0,1.0,28766.0,19.0,0.0,0.573574,84480.0,1721542400.0,64.0,0.0,0.0,0.0,0.0,0.0,62.0,0.0,17.46369,1.0,7.0,0.0,1.0,72.765373,31872.0,26.0,0.0,0.0,0.0,0.0,0.34357,0.0,0.0,643781.4375,0.34357,462.0,0.0,1514.0,0.0,0.0,0.34357,0.34357,0.0,0.0,0.0,52.391071,0.0,VIDEO
0.0,0.07438,0.0,0.0,0.0,0.499194,-0.0,0.0,0.0,1514.0,1.0,1514.0,1.0,0.0,0.573574,905590.6520605112,1721542400.0,64.0,0.0,0.0,0.0,0.0,0.0,62.0,0.0,0.0,1.0,0.0,0.0,0.0,0.0,931391.4917946004,1.0,0.0,0.0,0.0,0.0,0.0,0.0,0.0,0.0,0.0,0.0,0.0,1514.0,1.0,0.0,0.0,0.0,0.0,0.0,0.0,0.0,0.0,VIDEO
0.0,0.07438,1.0,66.75,0.606047,0.499194,-0.0,13226.697266,1358997.0,105534.0,1.0,104466.0,69.0,0.0,0.573574,188928.0,1721542400.0,64.0,0.0,0.0,0.0,0.0,0.0,62.0,0.0,24.750557,1.0,16.0,1.0,1.0,138.603119,31872.0,85.0,0.0,0.0,1.162791,0.0,0.606047,0.0,0.0,1372223.625,0.606047,1068.0,0.0,1514.0,0.0,0.0,0.606047,0.606047,1.0,0.0,0.0,112.202522,0.0,VIDEO
0.0,0.07438,0.0,66.0,0.996066,0.499194,-0.0,32335.207031,2298209.25,291752.0,1.0,287660.0,190.0,0.0,0.573574,654080.0,1721542400.0,64.0,0.0,0.0,0.0,0.0,0.0,62.0,0.0,61.240925,1.0,62.0,0.0,1.0,251.991333,31872.0,252.0,0.0,0.0,0.0,0.0,0.996066,0.0,0.0,2330544.5,0.996066,4092.0,0.0,1514.0,0.0,0.0,0.996066,0.996066,0.0,0.0,0.0,189.74646,0.0,VIDEO
0.0,0.07438,0.0,66.0,0.950331,0.499194,-0.0,17779.068359,2408811.25,289838.0,1.0,287660.0,190.0,0.0,0.573574,786688.0,1721542400.0,64.0,0.0,0.0,0.0,0.0,0.0,62.0,0.0,33.672478,1.0,33.0,0.0,1.0,233.602829,31872.0,223.0,0.0,0.0,0.0,0.0,0.950331,0.0,0.0,2426590.5,0.950331,2178.0,0.0,1514.0,0.0,0.0,0.950331,0.950331,0.0,0.0,0.0,198.878082,0.0,VIDEO
0.0,0.07438,0.0,66.0,0.983408,0.499194,-0.0,6979.809082,2783495.75,344602.0,1.0,343678.0,227.0,0.0,0.573574,786688.0,1721542400.0,64.0,0.0,0.0,0.0,0.0,0.0,62.0,0.0,13.219336,1.0,14.0,0.0,1.0,244.049271,31872.0,241.0,0.0,0.0,0.0,0.0,0.983408,0.0,0.0,2790475.75,0.983408,924.0,0.0,1514.0,0.0,0.0,0.983408,0.983408,0.0,0.0,0.0,229.813065,0.0,VIDEO
0.0,0.07438,0.0,66.0,0.981749,0.499194,-0.0,11831.945312,4305671.0,531418.0,1.0,529900.0,350.0,0.0,0.573574,786688.0,1721542400.0,64.0,0.0,0.0,0.0,0.0,0.0,62.0,0.0,22.408987,1.0,23.0,0.0,1.0,378.915588,31872.0,373.0,0.0,0.0,0.0,0.0,0.981749,0.0,0.0,4317503.0,0.981749,1518.0,0.0,1514.0,0.0,0.0,0.981749,0.981749,0.0,0.0,0.0,355.488007,0.0,VIDEO
0.0,0.07438,0.0,66.631577,0.990261,0.499194,-0.0,9694.414062,3510331.0,437298.0,1.0,436032.0,288.0,0.0,0.573574,780800.0,1721542400.0,64.0,0.0,0.0,0.0,0.0,0.0,62.0,0.0,18.177025,1.0,19.0,0.0,1.0,309.00943,31872.0,307.0,0.0,0.0,0.0,0.0,0.990261,0.0,0.0,3520025.5,0.990261,1266.0,0.0,1514.0,0.0,0.0,0.990261,0.990261,0.0,0.0,0.0,289.822571,0.0,VIDEO
0.0,0.07438,35.0,78.129036,0.510018,0.499194,-0.0,36767.332031,2975220.5,193592.0,1.0,191170.0,128.0,0.0,0.573574,657024.0,1721542400.0,64.0,0.0,0.0,0.0,0.0,0.0,62.0,0.0,58.821453,1.0,31.0,35.0,0.0,309.792999,31872.0,159.0,0.0,0.0,18.041237,0.0,0.510018,0.0,0.0,3011987.75,0.510018,2422.0,0.0,1493.515625,0.0,0.0,0.510018,0.510018,1.0,0.0,0.0,249.010818,0.0,VIDEO
0.0,0.002979,0.0,196.333328,0.755943,0.243229,-0.0,4159.043945,153535.390625,16305.0,0.0,15716.0,13.0,0.0,0.246208,64256.0,1721542400.0,64.0,0.0,0.0,0.0,0.0,0.0,62.0,0.0,2.645702,0.0,3.0,0.0,0.0,19.842766,31872.0,16.0,0.0,0.0,0.0,0.0,0.755943,0.0,0.0,157694.421875,0.755943,589.0,0.0,1208.923096,0.0,0.0,0.755943,0.755943,0.0,0.0,1.0,15.874212,0.0,VIDEO
0.0,0.002979,0.0,57.0,0.308752,0.243229,-0.0,4430.740723,784577.9375,32022.0,0.0,31794.0,21.0,0.0,0.246208,64256.0,1721542400.0,64.0,0.0,0.0,0.0,0.0,0.0,62.0,0.0,9.716537,1.0,4.0,0.0,0.0,77.732292,31872.0,25.0,0.0,0.0,0.0,0.0,0.308752,0.0,0.0,789008.625,0.308752,228.0,0.0,1514.0,0.0,0.0,0.308752,0.308752,0.0,0.0,0.0,64.776909,0.0,VIDEO
0.0,0.008804,1.0,54.0,0.0,0.09488,-0.0,0.0,0.0,1568.0,1.0,1514.0,1.0,0.0,0.103684,2980480.0,1721542400.0,64.0,0.0,0.0,0.0,0.0,0.0,62.0,0.0,0.0,1.0,1.0,1.0,0.0,0.0,31872.0,2.0,0.0,0.0,33.333333,0.0,0.0,0.0,0.0,0.0,0.0,54.0,0.0,1514.0,0.0,0.0,0.0,0.0,1.0,0.0,0.0,0.0,0.0,VIDEO
0.0,0.018064,0.0,128.166672,0.807566,0.293295,-0.0,6349.945312,18128.548828,2964.0,0.0,2195.0,6.0,0.0,0.311359,64000.0,1721542400.0,64.0,0.0,0.0,0.0,0.0,0.0,62.0,0.0,6.191444,0.0,6.0,0.0,0.0,13.621178,31872.0,12.0,0.0,0.0,0.0,0.0,0.807566,0.0,0.0,24478.494141,0.807566,769.0,0.0,365.833344,0.0,0.0,0.807566,0.807566,0.0,0.0,0.0,6.191444,0.0,VIDEO
0.0,0.037405,0.0,132.199997,0.975756,0.210912,-0.0,4337.149902,4058.391602,1321.0,0.0,660.0,4.0,0.0,0.248317,64128.0,1721542400.0,64.0,0.0,0.0,0.0,0.0,0.0,62.0,0.0,4.099386,0.0,5.0,0.0,0.0,8.198771,31872.0,9.0,0.0,0.0,0.0,0.0,0.975756,0.0,0.0,8395.541992,0.975756,661.0,0.0,165.0,0.0,0.0,0.975756,0.975756,0.0,0.0,0.0,3.074539,0.0,VIDEO
0.0,0.024405,0.0,114.875,0.893885,0.163595,-0.0,7204.505859,385660.34375,45401.0,0.0,44482.0,32.0,0.0,0.188,55808.0,1721542400.0,64.0,0.0,0.0,0.0,0.0,0.0,62.0,0.0,7.830985,0.0,8.0,0.0,0.0,43.629772,31872.0,40.0,0.0,0.0,0.0,0.0,0.893885,0.0,0.0,392864.84375,0.893885,919.0,0.0,1390.0625,0.0,0.0,0.893885,0.893885,0.0,0.0,1.0,34.680077,0.0,VIDEO
0.0,0.037405,0.0,66.0,0.048819,0.210912,-0.0,0.0,0.0,132.0,0.0,66.0,1.0,0.0,0.248317,64128.0,1721542400.0,64.0,0.0,0.0,0.0,0.0,0.0,62.0,0.0,0.0,1.0,1.0,0.0,0.0,20.483828,31872.0,2.0,0.0,0.0,0.0,0.0,0.048819,0.0,0.0,0.0,0.048819,66.0,0.0,66.0,0.0,0.0,0.048819,0.048819,0.0,0.0,0.0,0.0,0.0,VIDEO
0.0,0.024405,9.0,69.328857,0.97283,0.163595,-0.0,84380.625,4693753.5,582622.0,1.0,572292.0,378.0,0.0,0.188,735872.0,1721542400.0,64.0,0.0,0.0,0.0,0.0,0.0,62.0,0.0,152.133469,1.0,149.0,9.0,1.0,540.690552,31872.0,527.0,0.0,0.0,1.679104,0.0,0.97283,0.0,0.0,4778134.0,0.97283,10330.0,0.0,1514.0,0.0,0.0,0.97283,0.97283,1.0,0.0,0.0,387.529175,0.0,VIDEO
0.0,0.024405,15.0,68.278481,0.981766,0.163595,-0.0,43399.34375,2097281.75,264288.0,1.0,258894.0,171.0,0.0,0.188,1221376.0,1721542400.0,64.0,0.0,0.0,0.0,0.0,0.0,62.0,0.0,79.448669,1.0,79.0,15.0,1.0,253.624588,31872.0,250.0,0.0,0.0,5.660377,0.0,0.981766,0.0,0.0,2140681.25,0.981766,5394.0,0.0,1514.0,0.0,0.0,0.981766,0.981766,1.0,0.0,0.0,173.157349,0.0,VIDEO
0.0,0.024405,6.0,71.85714,0.801236,0.163595,-0.0,19380.058594,1874464.0,191262.0,1.0,189250.0,125.0,0.0,0.188,1106048.0,1721542400.0,64.0,0.0,0.0,0.0,0.0,0.0,62.0,0.0,33.697937,1.0,28.0,6.0,1.0,189.706909,31872.0,153.0,0.0,0.0,3.773585,0.0,0.801236,0.0,0.0,1893844.125,0.801236,2012.0,0.0,1514.0,0.0,0.0,0.801236,0.801236,1.0,0.0,0.0,154.760895,0.0,VIDEO
0.0,0.024405,7.0,72.75,0.757081,0.163595,-0.0,11539.056641,1455844.25,140452.0,1.0,139288.0,92.0,0.0,0.188,1018880.0,1721542400.0,64.0,0.0,0.0,0.0,0.0,0.0,62.0,0.0,19.812941,1.0,16.0,7.0,1.0,141.332306,31872.0,108.0,0.0,0.0,6.086957,0.0,0.757081,0.0,0.0,1467383.375,0.757081,1164.0,0.0,1514.0,0.0,0.0,0.757081,0.757081,1.0,0.0,0.0,120.198502,0.0,VIDEO
0.0,0.024405,3.0,67.263161,0.950954,0.163595,-0.0,10187.664062,1197248.25,145108.0,1.0,143830.0,95.0,0.0,0.188,1006336.0,1721542400.0,64.0,0.0,0.0,0.0,0.0,0.0,62.0,0.0,18.92836,1.0,19.0,3.0,1.0,118.828041,31872.0,114.0,0.0,0.0,2.564103,0.0,0.950954,0.0,0.0,1207435.875,0.950954,1278.0,0.0,1514.0,0.0,0.0,0.950954,0.950954,1.0,0.0,0.0,98.848099,0.0,VIDEO
0.0,0.024405,0.0,66.0,0.93379,0.163595,-0.0,14135.94043,739335.375,89528.0,1.0,87812.0,58.0,0.0,0.188,1398016.0,1721542400.0,64.0,0.0,0.0,0.0,0.0,0.0,62.0,0.0,26.772614,1.0,26.0,0.0,1.0,88.885078,31872.0,84.0,0.0,0.0,0.0,0.0,0.93379,0.0,0.0,753471.3125,0.93379,1716.0,0.0,1514.0,0.0,0.0,0.93379,0.93379,0.0,0.0,0.0,61.041561,0.0,VIDEO
0.0,0.024405,0.0,0.0,0.0,0.163595,-0.0,0.0,0.0,1514.0,1.0,1514.0,1.0,0.0,0.188,905590.6520605112,1721542400.0,64.0,0.0,0.0,0.0,0.0,0.0,62.0,0.0,0.0,1.0,0.0,1.0,0.0,0.0,931391.4917946004,1.0,0.0,0.0,0.0,0.0,0.0,0.0,0.0,0.0,0.0,0.0,0.0,1514.0,1.0,0.0,0.0,0.0,1.0,0.0,0.0,0.0,0.0,VIDEO
0.0,0.024405,0.0,0.0,0.0,0.163595,-0.0,0.0,0.0,1514.0,1.0,1514.0,1.0,0.0,0.188,905590.6520605112,1721542400.0,64.0,0.0,0.0,0.0,0.0,0.0,62.0,0.0,0.0,1.0,0.0,1.0,0.0,0.0,931391.4917946004,1.0,0.0,0.0,0.0,0.0,0.0,0.0,0.0,0.0,0.0,0.0,0.0,1514.0,1.0,0.0,0.0,0.0,1.0,0.0,0.0,0.0,0.0,VIDEO
0.0,0.024405,1.0,66.631577,0.876999,0.163595,-0.0,10946.420898,1215344.625,136012.0,1.0,134746.0,89.0,0.0,0.188,1568896.0,1721542400.0,64.0,0.0,0.0,0.0,0.0,0.0,62.0,0.0,20.524538,1.0,19.0,1.0,1.0,122.006981,31872.0,108.0,0.0,0.0,0.917431,0.0,0.876999,0.0,0.0,1226291.0,0.876999,1266.0,0.0,1514.0,0.0,0.0,0.876999,0.876999,1.0,0.0,0.0,100.342186,0.0,VIDEO
0.0,0.024405,37.0,71.904762,0.952043,0.163595,-0.0,37468.894531,2480812.25,301274.0,1.0,296744.0,196.0,0.0,0.188,2026368.0,1721542400.0,64.0,0.0,0.0,0.0,0.0,0.0,62.0,0.0,65.123108,1.0,63.0,37.0,1.0,270.996155,31872.0,259.0,0.0,0.0,12.5,0.0,0.952043,0.0,0.0,2518281.25,0.952043,4530.0,0.0,1514.0,0.0,0.0,0.952043,0.952043,1.0,0.0,0.0,204.822678,0.0,VIDEO
0.0,0.024405,0.0,70.571426,0.720384,0.163595,-0.0,15680.526367,1076048.375,99892.0,1.0,98410.0,65.0,0.0,0.188,2208896.0,1721542400.0,64.0,0.0,0.0,0.0,0.0,0.0,62.0,0.0,27.76297,1.0,21.0,0.0,1.0,117.992622,31872.0,86.0,0.0,0.0,0.0,0.0,0.720384,24615.0,0.0,1091729.0,0.720384,1482.0,0.0,1514.0,0.0,0.0,0.720384,0.720384,0.0,1.0,0.0,88.841507,0.0,VIDEO
0.0,0.024405,52.0,78.347824,0.926131,0.163595,-0.0,14892.061523,1085479.25,128978.0,1.0,127176.0,84.0,0.0,0.188,2431872.0,1721542400.0,64.0,0.0,0.0,0.0,0.0,0.0,62.0,0.0,23.754738,1.0,23.0,52.0,1.0,114.454651,31872.0,107.0,0.0,0.0,32.704403,0.0,0.926131,0.0,0.0,1100371.375,0.926131,1802.0,0.0,1514.0,0.0,0.0,0.926131,0.926131,1.0,0.0,0.0,89.620148,0.0,VIDEO
0.0,0.024405,0.0,67.354836,0.849829,0.163595,-0.0,38680.722656,1756485.125,192269.0,1.0,188093.0,125.0,0.0,0.188,2840192.0,1721542400.0,64.0,0.0,0.0,0.0,0.0,0.0,62.0,0.0,71.779144,1.0,62.0,0.0,0.0,218.867554,31872.0,187.0,0.0,0.0,0.0,0.0,0.849829,0.0,0.0,1795165.875,0.849829,4176.0,0.0,1504.744019,0.0,0.0,0.849829,0.849829,0.0,0.0,0.0,145.911697,0.0,VIDEO
0.0,0.024405,0.0,66.0,0.033861,0.163595,-0.0,93558.960938,0.0,528.0,1.0,66.0,1.0,0.0,0.188,2869120.0,1721542400.0,64.0,0.0,0.0,0.0,0.0,0.0,62.0,0.0,177.195007,1.0,7.0,0.0,0.0,206.727509,31872.0,8.0,0.0,0.0,0.0,0.0,0.033861,0.0,0.0,93558.960938,0.033861,462.0,0.0,66.0,0.0,0.0,0.033861,0.033861,0.0,0.0,0.0,0.0,0.0,VIDEO
0.0,0.04277,0.0,131.0,0.999936,0.376773,-0.0,5240.335449,104126.664062,14984.0,0.0,14198.0,12.0,0.0,0.419543,60672.0,1721542400.0,64.0,0.0,0.0,0.0,0.0,0.0,62.0,0.0,5.00032,0.0,6.0,0.0,0.0,17.001089,31872.0,18.0,0.0,0.0,0.0,0.0,0.999936,0.0,0.0,109367.0,0.999936,786.0,0.0,1183.166626,0.0,0.0,0.999936,0.999936,0.0,0.0,1.0,11.000704,0.0,VIDEO
0.0,0.02793,0.0,70.0,0.284734,0.256804,-0.0,1966.747803,0.0,214.0,0.0,74.0,1.0,0.0,0.284734,64256.0,1721542400.0,64.0,0.0,0.0,0.0,0.0,0.0,62.0,0.0,3.51205,0.0,2.0,0.0,0.0,7.024099,4077568.0,3.0,0.0,0.0,0.0,0.0,0.284734,0.0,0.0,1966.747803,0.284734,140.0,0.0,74.0,0.0,0.0,0.284734,0.284734,0.0,0.0,0.0,0.0,0.0,VIDEO
0.0,0.04277,0.0,66.0,0.877892,0.376773,-0.0,8420.169922,1034751.4375,116054.0,0.0,115064.0,76.0,0.0,0.419543,98944.0,1721542400.0,64.0,0.0,0.0,0.0,0.0,0.0,62.0,0.0,15.947291,1.0,15.0,0.0,1.0,102.518303,31872.0,91.0,0.0,0.0,0.0,0.0,0.877892,0.0,0.0,1043171.5625,0.877892,990.0,0.0,1514.0,0.0,0.0,0.877892,0.877892,0.0,0.0,0.0,85.431923,0.0,VIDEO
0.0,0.04277,30.0,72.814812,0.929222,0.376773,-0.0,16306.114258,1849177.125,218265.0,1.0,216299.0,143.0,0.0,0.419543,208896.0,1721542400.0,64.0,0.0,0.0,0.0,0.0,0.0,62.0,0.0,27.980396,1.0,27.0,30.0,0.0,181.872574,31872.0,170.0,0.0,0.0,15.0,0.0,0.929222,0.0,0.0,1865483.25,0.929222,1966.0,0.0,1512.580444,0.0,0.0,0.929222,0.929222,1.0,0.0,0.0,152.81601,0.0,VIDEO
0.0,0.04277,26.0,80.400002,0.796284,0.376773,-0.0,11312.546875,380266.3125,40570.0,1.0,39364.0,26.0,0.0,0.419543,179328.0,1721542400.0,64.0,0.0,0.0,0.0,0.0,0.0,62.0,0.0,17.581667,1.0,15.0,26.0,1.0,50.233334,31872.0,41.0,0.0,0.0,38.80597,0.0,0.796284,0.0,0.0,391578.875,0.796284,1206.0,0.0,1514.0,0.0,0.0,0.796284,0.796284,1.0,0.0,0.0,31.395832,0.0,VIDEO
0.0,0.04277,0.0,66.0,0.077162,0.376773,-0.0,0.0,0.0,132.0,1.0,66.0,1.0,0.0,0.419543,264448.0,1721542400.0,64.0,0.0,0.0,0.0,0.0,0.0,62.0,0.0,0.0,1.0,1.0,0.0,0.0,12.959747,31872.0,2.0,0.0,0.0,0.0,0.0,0.077162,0.0,0.0,0.0,0.077162,66.0,1.0,66.0,0.0,0.0,0.077162,0.077162,0.0,0.0,0.0,0.0,0.0,VIDEO
0.0,0.04277,0.0,66.0,0.031837,0.376773,-0.0,0.0,0.0,132.0,1.0,66.0,1.0,0.0,0.419543,264448.0,1721542400.0,64.0,0.0,0.0,0.0,0.0,0.0,62.0,0.0,0.0,1.0,1.0,0.0,0.0,31.409994,31872.0,2.0,0.0,0.0,0.0,0.0,0.031837,0.0,0.0,0.0,0.031837,66.0,0.0,66.0,0.0,0.0,0.031837,0.031837,0.0,0.0,0.0,0.0,0.0,VIDEO
0.0,0.02793,0.0,66.0,0.297014,0.256804,-0.0,1777.69397,0.0,198.0,0.0,66.0,1.0,1.0,0.284734,64256.0,1721542400.0,64.0,0.0,0.0,0.0,0.0,0.0,62.0,0.0,3.366845,1.0,2.0,0.0,0.0,6.733689,4077568.0,3.0,0.0,0.0,0.0,0.0,0.297014,0.0,0.0,1777.69397,0.297014,132.0,0.0,66.0,0.0,0.0,0.297014,0.297014,0.0,0.0,0.0,0.0,0.0,VIDEO
0.0,0.027853,10.0,71.264,0.990991,0.125191,-0.0,71338.6875,4197043.0,530314.0,1.0,521406.0,347.0,0.0,0.153044,643328.0,1721542400.0,64.0,0.0,0.0,0.0,0.0,0.0,62.0,0.0,125.127274,0.0,125.0,10.0,0.0,475.28183,31872.0,472.0,0.0,0.0,2.074689,0.0,0.990991,0.0,0.0,4268382.0,0.990991,8908.0,0.0,1502.610962,0.0,0.0,0.990991,0.990991,1.0,0.0,1.0,349.145447,0.0,VIDEO
0.0,0.025508,0.0,70.0,0.154477,0.128969,-0.0,3625.13501,0.0,214.0,0.0,74.0,1.0,0.0,0.154477,64256.0,1721542400.0,64.0,0.0,0.0,0.0,0.0,0.0,62.0,0.0,6.473455,0.0,2.0,0.0,0.0,12.946911,4077568.0,3.0,0.0,0.0,0.0,0.0,0.154477,0.0,0.0,3625.13501,0.154477,140.0,0.0,74.0,0.0,0.0,0.154477,0.154477,0.0,0.0,0.0,0.0,0.0,VIDEO
0.0,0.027853,13.0,71.760002,0.979467,0.125191,-0.0,28725.828125,3116209.25,386630.0,1.0,383042.0,253.0,0.0,0.153044,670336.0,1721542400.0,64.0,0.0,0.0,0.0,0.0,0.0,62.0,0.0,50.02721,1.0,50.0,13.0,1.0,308.330963,31872.0,303.0,0.0,0.0,4.113924,0.0,0.979467,0.0,0.0,3144935.0,0.979467,3588.0,0.0,1514.0,0.0,0.0,0.979467,0.979467,1.0,0.0,0.0,257.282806,0.0,VIDEO
0.0,0.027853,2.0,68.400002,0.881053,0.125191,-0.0,14909.432617,2112626.75,235887.0,1.0,234177.0,155.0,0.0,0.153044,670336.0,1721542400.0,64.0,0.0,0.0,0.0,0.0,0.0,62.0,0.0,27.240133,1.0,25.0,2.0,0.0,203.165985,31872.0,180.0,0.0,0.0,1.098901,0.0,0.881053,0.0,0.0,2127536.25,0.881053,1710.0,0.0,1510.819336,0.0,0.0,0.881053,0.881053,1.0,0.0,0.0,174.790848,0.0,VIDEO
0.0,0.027853,0.0,66.0,0.019201,0.125191,-0.0,27498.568359,0.0,198.0,1.0,66.0,1.0,0.0,0.153044,661760.0,1721542400.0,64.0,0.0,0.0,0.0,0.0,0.0,62.0,0.0,52.080624,1.0,2.0,0.0,0.0,104.161247,31872.0,3.0,0.0,0.0,0.0,0.0,0.019201,0.0,0.0,27498.568359,0.019201,132.0,0.0,66.0,0.0,0.0,0.019201,0.019201,0.0,0.0,0.0,0.0,0.0,VIDEO
0.0,0.025508,0.0,66.0,0.323774,0.128969,-0.0,1630.76709,0.0,198.0,0.0,66.0,1.0,1.0,0.154477,64256.0,1721542400.0,64.0,0.0,0.0,0.0,0.0,0.0,62.0,0.0,3.088574,1.0,2.0,0.0,0.0,6.177148,4077568.0,3.0,0.0,0.0,0.0,0.0,0.323774,0.0,0.0,1630.76709,0.323774,132.0,0.0,66.0,0.0,0.0,0.323774,0.323774,0.0,0.0,0.0,0.0,0.0,VIDEO
0.0,0.000993,2.0,73.855766,0.980931,0.06195,-0.0,62047.179688,3486956.75,436739.0,1.0,429058.0,286.0,0.0,0.062943,495360.0,1721542400.0,64.0,0.0,0.0,0.0,0.0,0.0,62.0,0.0,105.002289,0.0,104.0,2.0,0.0,396.562042,31872.0,390.0,0.0,0.0,0.510204,0.0,0.980931,0.0,0.0,3549004.0,0.980931,7681.0,0.0,1500.202759,0.0,0.0,0.980931,0.980931,1.0,0.0,1.0,290.540314,0.0,VIDEO
0.0,0.000993,0.0,66.0,0.996018,0.06195,-0.0,87998.414062,4535837.5,577258.0,1.0,566236.0,374.0,0.0,0.062943,1546496.0,1721542400.0,64.0,0.0,0.0,0.0,0.0,0.0,62.0,0.0,166.663651,1.0,167.0,0.0,1.0,542.158875,31872.0,541.0,0.0,0.0,0.0,0.0,0.996018,0.0,0.0,4623836.0,0.996018,11022.0,0.0,1514.0,0.0,0.0,0.996018,0.996018,0.0,0.0,0.0,374.491241,0.0,VIDEO
0.0,0.000993,13.0,74.800003,0.86098,0.06195,-0.0,9737.741211,844061.4375,93476.0,1.0,92354.0,61.0,0.0,0.062943,1734784.0,1721542400.0,64.0,0.0,0.0,0.0,0.0,0.0,62.0,0.0,16.26054,1.0,15.0,13.0,1.0,87.110039,31872.0,76.0,0.0,0.0,14.606742,0.0,0.86098,0.0,0.0,853799.1875,0.86098,1122.0,0.0,1514.0,0.0,0.0,0.86098,0.86098,1.0,0.0,0.0,69.688034,0.0,VIDEO
0.0,0.000993,0.0,0.0,0.0,0.06195,-0.0,0.0,0.0,1514.0,1.0,1514.0,1.0,0.0,0.062943,905590.6520605112,1721542400.0,64.0,0.0,0.0,0.0,0.0,0.0,62.0,0.0,0.0,1.0,0.0,1.0,0.0,0.0,931391.4917946004,1.0,0.0,0.0,0.0,0.0,0.0,0.0,0.0,0.0,0.0,0.0,0.0,1514.0,1.0,0.0,0.0,0.0,1.0,0.0,0.0,0.0,0.0,VIDEO
0.0,0.000993,6.0,67.391304,0.68909,0.06195,-0.0,17216.908203,2144370.0,187772.0,1.0,186222.0,123.0,0.0,0.062943,2026240.0,1721542400.0,64.0,0.0,0.0,0.0,0.0,0.0,62.0,0.0,31.926163,1.0,23.0,6.0,1.0,210.42244,31872.0,146.0,0.0,0.0,3.947368,0.0,0.68909,0.0,0.0,2161587.0,0.68909,1550.0,0.0,1514.0,0.0,0.0,0.68909,0.68909,1.0,0.0,0.0,177.04509,0.0,VIDEO
0.0,0.000993,0.0,66.0,0.315128,0.06195,-0.0,20106.115234,3958823.0,158314.0,1.0,157456.0,104.0,0.0,0.062943,2031104.0,1721542400.0,64.0,0.0,0.0,0.0,0.0,0.0,62.0,0.0,38.079765,1.0,13.0,0.0,1.0,368.104401,31872.0,117.0,0.0,0.0,0.0,0.0,0.315128,0.0,0.0,3978929.25,0.315128,858.0,0.0,1514.0,0.0,0.0,0.315128,0.315128,0.0,0.0,0.0,326.851318,0.0,VIDEO
0.0,0.000993,0.0,66.0,0.739944,0.06195,-0.0,22834.160156,3732088.0,348884.0,1.0,346706.0,229.0,0.0,0.062943,2031104.0,1721542400.0,64.0,0.0,0.0,0.0,0.0,0.0,62.0,0.0,43.246517,1.0,33.0,0.0,1.0,352.729401,31872.0,262.0,0.0,0.0,0.0,0.0,0.739944,0.0,0.0,3754922.0,0.739944,2178.0,0.0,1514.0,0.0,0.0,0.739944,0.739944,0.0,0.0,0.0,308.131439,0.0,VIDEO
0.0,0.000993,0.0,0.0,0.0,0.06195,-0.0,0.0,0.0,1514.0,1.0,1514.0,1.0,0.0,0.062943,905590.6520605112,1721542400.0,64.0,0.0,0.0,0.0,0.0,0.0,62.0,0.0,0.0,1.0,0.0,0.0,0.0,0.0,931391.4917946004,1.0,0.0,0.0,0.0,0.0,0.0,0.0,0.0,0.0,0.0,0.0,0.0,1514.0,1.0,0.0,0.0,0.0,0.0,0.0,0.0,0.0,0.0,VIDEO
0.0,0.000993,0.0,0.0,0.0,0.06195,-0.0,0.0,0.0,1514.0,1.0,1514.0,1.0,0.0,0.062943,905590.6520605112,1721542400.0,64.0,0.0,0.0,0.0,0.0,0.0,62.0,0.0,0.0,1.0,0.0,1.0,0.0,0.0,931391.4917946004,1.0,0.0,0.0,0.0,0.0,0.0,0.0,0.0,0.0,0.0,0.0,0.0,1514.0,1.0,0.0,0.0,0.0,1.0,0.0,0.0,0.0,0.0,VIDEO
0.0,0.000993,0.0,0.0,0.0,0.06195,-0.0,0.0,0.0,1514.0,1.0,1514.0,1.0,0.0,0.062943,905590.6520605112,1721542400.0,64.0,0.0,0.0,0.0,0.0,0.0,62.0,0.0,0.0,1.0,0.0,1.0,0.0,0.0,931391.4917946004,1.0,0.0,0.0,0.0,0.0,0.0,0.0,0.0,0.0,0.0,0.0,0.0,1514.0,1.0,0.0,0.0,0.0,1.0,0.0,0.0,0.0,0.0,VIDEO
0.0,0.000993,11.0,71.777779,0.853215,0.06195,-0.0,29619.732422,4433612.0,477584.0,1.0,474354.0,316.0,0.0,0.062943,2030080.0,1721542400.0,64.0,0.0,0.0,0.0,0.0,0.0,62.0,0.0,51.569653,1.0,45.0,11.0,0.0,421.933533,31872.0,361.0,0.0,0.0,2.956989,0.0,0.853215,0.0,0.0,4463232.0,0.853215,3230.0,0.0,1501.120239,0.0,0.0,0.853215,0.853215,1.0,0.0,0.0,369.191833,0.0,VIDEO
0.0,0.001523,0.0,82.239998,0.866003,0.168861,-0.0,18235.503906,1656123.625,182813.0,0.0,180757.0,122.0,0.0,0.170384,171264.0,1721542400.0,64.0,0.0,0.0,0.0,0.0,0.0,62.0,0.0,27.713531,0.0,25.0,0.0,0.0,168.590637,31872.0,147.0,0.0,0.0,0.0,0.0,0.866003,0.0,0.0,1674359.125,0.866003,2056.0,0.0,1481.614746,0.0,0.0,0.866003,0.866003,0.0,0.0,1.0,139.722382,0.0,VIDEO
0.0,0.001523,37.0,76.620689,0.932798,0.168861,-0.0,18404.841797,1480243.25,176332.0,1.0,174110.0,115.0,0.0,0.170384,350464.0,1721542400.0,64.0,0.0,0.0,0.0,0.0,0.0,62.0,0.0,30.017216,1.0,29.0,37.0,1.0,153.302216,31872.0,144.0,0.0,0.0,20.441989,0.0,0.932798,0.0,0.0,1498648.125,0.932798,2222.0,0.0,1514.0,0.0,0.0,0.932798,0.932798,1.0,0.0,0.0,122.212952,0.0,VIDEO
0.0,0.001523,0.0,66.0,0.945926,0.168861,-0.0,26792.792969,1856635.75,224278.0,1.0,221044.0,146.0,0.0,0.170384,753024.0,1721542400.0,64.0,0.0,0.0,0.0,0.0,0.0,62.0,0.0,50.743927,1.0,49.0,0.0,1.0,205.090042,31872.0,195.0,0.0,0.0,0.0,0.0,0.945926,0.0,0.0,1883428.5,0.945926,3234.0,0.0,1514.0,0.0,0.0,0.945926,0.945926,0.0,0.0,0.0,153.28894,0.0,VIDEO
0.0,0.017449,0.0,74.0,0.017449,0.0,-0.0,0.0,0.0,148.0,0.0,74.0,1.0,0.0,0.017449,8222720.0,1721542400.0,64.0,0.0,0.0,0.0,0.0,1.0,62.0,0.0,0.0,0.0,1.0,0.0,0.0,57.309872,4077568.0,2.0,0.0,0.0,0.0,0.0,0.017449,0.0,0.0,0.0,0.017449,74.0,0.0,74.0,0.0,0.0,0.017449,0.017449,0.0,0.0,0.0,0.0,0.0,VIDEO
0.0,0.017449,1.0,66.0,0.292243,0.292243,-0.0,0.0,0.0,140.0,0.0,74.0,1.0,0.0,0.309692,64256.0,1721542400.0,64.0,0.0,0.0,0.0,0.0,0.0,62.0,0.0,0.0,1.0,1.0,1.0,0.0,3.42181,4077568.0,2.0,0.0,0.0,33.333333,0.0,0.292243,0.0,0.0,0.0,0.292243,66.0,0.0,74.0,0.0,0.0,0.292243,0.292243,1.0,0.0,0.0,0.0,0.0,VIDEO
0.0,0.001523,0.0,66.0,0.914074,0.168861,-0.0,3465.80249,1537065.875,177600.0,1.0,177138.0,117.0,0.0,0.170384,806144.0,1721542400.0,64.0,0.0,0.0,0.0,0.0,0.0,62.0,0.0,6.56402,1.0,7.0,0.0,1.0,134.562408,31872.0,124.0,0.0,0.0,0.0,0.0,0.914074,0.0,0.0,1540531.75,0.914074,462.0,0.0,1514.0,0.0,0.0,0.914074,0.914074,0.0,0.0,0.0,126.904388,0.0,VIDEO
0.0,0.001523,16.0,75.230766,0.826606,0.168861,-0.0,8739.351562,1157562.375,122098.0,1.0,121120.0,80.0,0.0,0.170384,807296.0,1721542400.0,64.0,0.0,0.0,0.0,0.0,0.0,62.0,0.0,14.517195,1.0,13.0,16.0,1.0,111.298492,31872.0,93.0,0.0,0.0,14.678899,0.0,0.826606,0.0,0.0,1166301.75,0.826606,978.0,0.0,1514.0,0.0,0.0,0.826606,0.826606,1.0,0.0,0.0,95.571533,0.0,VIDEO
0.0,0.001523,0.0,66.0,0.608709,0.168861,-0.0,0.0,318365.59375,25804.0,1.0,25738.0,17.0,0.0,0.170384,807296.0,1721542400.0,64.0,0.0,0.0,0.0,0.0,0.0,62.0,0.0,0.0,1.0,1.0,0.0,1.0,27.927959,31872.0,18.0,0.0,0.0,0.0,0.0,0.608709,0.0,0.0,318365.59375,0.608709,66.0,0.0,1514.0,0.0,0.0,0.608709,0.608709,0.0,0.0,0.0,26.285139,0.0,VIDEO
0.0,0.001523,0.0,0.0,0.0,0.168861,-0.0,0.0,0.0,1514.0,1.0,1514.0,1.0,0.0,0.170384,905590.6520605112,1721542400.0,64.0,0.0,0.0,0.0,0.0,0.0,62.0,0.0,0.0,1.0,0.0,1.0,0.0,0.0,931391.4917946004,1.0,0.0,0.0,0.0,0.0,0.0,0.0,0.0,0.0,0.0,0.0,0.0,1514.0,1.0,0.0,0.0,0.0,1.0,0.0,0.0,0.0,0.0,VIDEO
0.0,0.001523,0.0,0.0,0.0,0.168861,-0.0,0.0,0.0,1514.0,1.0,1514.0,1.0,0.0,0.170384,905590.6520605112,1721542400.0,64.0,0.0,0.0,0.0,0.0,0.0,62.0,0.0,0.0,1.0,0.0,1.0,0.0,0.0,931391.4917946004,1.0,0.0,0.0,0.0,0.0,0.0,0.0,0.0,0.0,0.0,0.0,0.0,1514.0,1.0,0.0,0.0,0.0,1.0,0.0,0.0,0.0,0.0,VIDEO
0.0,0.017449,0.0,66.0,0.220783,0.292243,-0.0,2391.488525,2391.488525,264.0,0.0,132.0,2.0,1.0,0.309692,64256.0,1721542400.0,64.0,0.0,0.0,0.0,0.0,0.0,62.0,0.0,4.529335,1.0,2.0,0.0,0.0,13.588003,31872.0,4.0,0.0,0.0,0.0,0.0,0.220783,0.0,0.0,4782.977051,0.220783,132.0,0.0,66.0,0.0,0.0,0.220783,0.220783,0.0,0.0,0.0,4.529335,0.0,VIDEO
0.0,0.001523,8.0,73.199997,0.74258,0.168861,-0.0,11042.581055,2397673.0,225170.0,1.0,224072.0,148.0,0.0,0.170384,807296.0,1721542400.0,64.0,0.0,0.0,0.0,0.0,0.0,62.0,0.0,18.853188,1.0,15.0,8.0,1.0,218.15831,31872.0,163.0,0.0,0.0,4.678363,0.0,0.74258,0.0,0.0,2408715.5,0.74258,1098.0,0.0,1514.0,0.0,0.0,0.74258,0.74258,1.0,0.0,0.0,197.958466,0.0,VIDEO
0.0,0.001523,0.0,66.0,0.7766,0.168861,-0.0,4759.206543,754756.625,75291.0,1.0,74763.0,50.0,0.0,0.170384,807296.0,1721542400.0,64.0,0.0,0.0,0.0,0.0,0.0,62.0,0.0,9.013649,1.0,8.0,0.0,0.0,73.396858,31872.0,58.0,0.0,0.0,0.0,0.0,0.7766,0.0,0.0,759515.8125,0.7766,528.0,0.0,1495.26001,0.0,0.0,0.7766,0.7766,0.0,0.0,0.0,63.095543,0.0,VIDEO
0.0,0.001523,0.0,66.0,0.007451,0.168861,-0.0,0.0,0.0,132.0,1.0,66.0,1.0,0.0,0.170384,807296.0,1721542400.0,64.0,0.0,0.0,0.0,0.0,0.0,62.0,0.0,0.0,1.0,1.0,0.0,0.0,134.210175,31872.0,2.0,0.0,0.0,0.0,0.0,0.007451,0.0,0.0,0.0,0.007451,66.0,0.0,66.0,0.0,0.0,0.007451,0.007451,0.0,0.0,0.0,0.0,0.0,VIDEO
0.0,0.00149,0.0,68.01667,0.620236,0.073813,-0.0,51760.945312,2136632.0,171212.0,0.0,167131.0,113.0,0.0,0.075303,191616.0,1721542400.0,64.0,0.0,0.0,0.0,0.0,0.0,62.0,0.0,95.125084,0.0,60.0,0.0,0.0,277.313812,31872.0,173.0,0.0,0.0,0.0,0.0,0.620236,0.0,0.0,2188393.0,0.620236,4081.0,0.0,1479.0354,0.0,0.0,0.620236,0.620236,0.0,0.0,0.0,180.576431,0.0,VIDEO
0.0,0.008985,0.0,121.714287,0.651033,0.194749,-0.0,8982.647461,455288.75,39275.0,0.0,38423.0,28.0,0.0,0.203734,57728.0,1721542400.0,64.0,0.0,0.0,0.0,0.0,0.0,62.0,0.0,9.216123,0.0,7.0,0.0,0.0,52.224697,31872.0,35.0,0.0,0.0,0.0,0.0,0.651033,0.0,0.0,464271.40625,0.651033,852.0,0.0,1372.25,0.0,0.0,0.651033,0.651033,0.0,0.0,1.0,41.472553,0.0,VIDEO
0.0,0.008985,0.0,0.0,0.875315,0.194749,-0.0,0.0,13837.303711,3028.0,0.0,3028.0,2.0,0.0,0.203734,905590.6520605112,1721542400.0,64.0,0.0,0.0,0.0,0.0,0.0,62.0,0.0,0.0,1.0,0.0,1.0,0.0,1.142446,931391.4917946004,2.0,0.0,0.0,0.0,0.0,0.875315,0.0,0.0,13837.303711,0.875315,0.0,0.0,1514.0,1.0,0.0,0.875315,0.875315,1.0,0.0,0.0,1.142446,0.0,VIDEO
0.0,0.008985,0.0,0.0,0.0,0.194749,-0.0,0.0,0.0,1514.0,0.0,1514.0,1.0,0.0,0.203734,905590.6520605112,1721542400.0,64.0,0.0,0.0,0.0,0.0,0.0,62.0,0.0,0.0,1.0,0.0,1.0,0.0,0.0,931391.4917946004,1.0,0.0,0.0,0.0,0.0,0.0,0.0,0.0,0.0,0.0,0.0,0.0,1514.0,1.0,0.0,0.0,0.0,1.0,0.0,0.0,0.0,0.0,VIDEO
0.0,0.008985,0.0,0.0,0.0,0.194749,-0.0,0.0,0.0,1514.0,0.0,1514.0,1.0,0.0,0.203734,905590.6520605112,1721542400.0,64.0,0.0,0.0,0.0,0.0,0.0,62.0,0.0,0.0,1.0,0.0,1.0,0.0,0.0,931391.4917946004,1.0,0.0,0.0,0.0,0.0,0.0,0.0,0.0,0.0,0.0,0.0,0.0,1514.0,1.0,0.0,0.0,0.0,1.0,0.0,0.0,0.0,0.0,VIDEO
0.0,0.008985,0.0,66.0,0.008953,0.194749,-0.0,0.0,0.0,132.0,0.0,66.0,1.0,0.0,0.203734,67072.0,1721542400.0,64.0,0.0,0.0,0.0,0.0,0.0,62.0,0.0,0.0,1.0,1.0,0.0,0.0,111.694397,31872.0,2.0,0.0,0.0,0.0,0.0,0.008953,0.0,0.0,0.0,0.008953,66.0,1.0,66.0,0.0,0.0,0.008953,0.008953,0.0,0.0,0.0,0.0,0.0,VIDEO
0.0,0.008985,0.0,0.0,0.0,0.194749,-0.0,0.0,0.0,1514.0,0.0,1514.0,1.0,0.0,0.203734,905590.6520605112,1721542400.0,64.0,0.0,0.0,0.0,0.0,0.0,62.0,0.0,0.0,1.0,0.0,0.0,0.0,0.0,931391.4917946004,1.0,0.0,0.0,0.0,0.0,0.0,0.0,0.0,0.0,0.0,0.0,0.0,1514.0,1.0,0.0,0.0,0.0,0.0,0.0,0.0,0.0,0.0,VIDEO
0.0,0.008985,0.0,66.0,0.001971,0.194749,-0.0,0.0,0.0,132.0,0.0,66.0,1.0,0.0,0.203734,67072.0,1721542400.0,64.0,0.0,0.0,0.0,0.0,0.0,62.0,0.0,0.0,1.0,1.0,0.0,0.0,507.356659,31872.0,2.0,0.0,0.0,0.0,0.0,0.001971,0.0,0.0,0.0,0.001971,66.0,1.0,66.0,0.0,0.0,0.001971,0.001971,0.0,0.0,0.0,0.0,0.0,VIDEO
0.0,0.008985,44.0,75.347824,0.999149,0.194749,-0.0,54902.722656,2490511.25,319483.0,1.0,312551.0,208.0,0.0,0.203734,519680.0,1721542400.0,64.0,0.0,0.0,0.0,0.0,0.0,62.0,0.0,91.077507,1.0,92.0,44.0,0.0,299.254669,31872.0,300.0,0.0,0.0,12.790698,0.0,0.999149,0.0,0.0,2545414.0,0.999149,6932.0,0.0,1502.649048,0.0,0.0,0.999149,0.999149,1.0,0.0,0.0,207.1763,0.0,VIDEO
0.0,0.024874,0.0,74.0,0.024874,0.0,-0.0,0.0,0.0,148.0,0.0,74.0,1.0,0.0,0.024874,8222720.0,1721542400.0,64.0,0.0,0.0,0.0,0.0,1.0,62.0,0.0,0.0,0.0,1.0,0.0,0.0,40.202621,4077568.0,2.0,0.0,0.0,0.0,0.0,0.024874,0.0,0.0,0.0,0.024874,74.0,0.0,74.0,0.0,0.0,0.024874,0.024874,0.0,0.0,0.0,0.0,0.0,VIDEO
0.0,0.024874,0.0,0.0,0.0,0.0,-0.0,0.0,0.0,74.0,0.0,74.0,1.0,0.0,0.024874,905590.6520605112,1721542400.0,64.0,1.0,0.0,0.0,0.0,0.0,62.0,0.0,0.0,1.0,0.0,1.0,0.0,0.0,931391.4917946004,1.0,0.0,0.0,0.0,0.0,0.0,0.0,0.0,0.0,0.0,0.0,0.0,74.0,0.0,0.0,0.0,0.0,1.0,0.0,0.0,0.0,0.0,VIDEO
0.0,0.024874,0.0,0.0,0.0,0.0,-0.0,0.0,0.0,74.0,0.0,74.0,1.0,0.0,0.024874,905590.6520605112,1721542400.0,64.0,1.0,0.0,0.0,0.0,0.0,62.0,0.0,0.0,1.0,0.0,1.0,0.0,0.0,931391.4917946004,1.0,0.0,0.0,0.0,0.0,0.0,0.0,0.0,0.0,0.0,0.0,0.0,74.0,0.0,0.0,0.0,0.0,1.0,0.0,0.0,0.0,0.0,VIDEO
0.0,0.024874,0.0,0.0,0.0,0.0,-0.0,0.0,0.0,74.0,0.0,74.0,1.0,0.0,0.024874,905590.6520605112,1721542400.0,64.0,1.0,0.0,0.0,0.0,0.0,62.0,0.0,0.0,1.0,0.0,1.0,0.0,0.0,931391.4917946004,1.0,0.0,0.0,0.0,0.0,0.0,0.0,0.0,0.0,0.0,0.0,0.0,74.0,0.0,0.0,0.0,0.0,1.0,0.0,0.0,0.0,0.0,VIDEO
0.0,0.024874,0.0,0.0,0.0,0.0,-0.0,0.0,0.0,74.0,0.0,74.0,1.0,0.0,0.024874,905590.6520605112,1721542400.0,64.0,1.0,0.0,0.0,0.0,0.0,62.0,0.0,0.0,1.0,0.0,1.0,0.0,0.0,931391.4917946004,1.0,0.0,0.0,0.0,0.0,0.0,0.0,0.0,0.0,0.0,0.0,0.0,74.0,0.0,0.0,0.0,0.0,1.0,0.0,0.0,0.0,0.0,VIDEO
0.0,0.024874,0.0,70.602409,0.844341,0.0,-0.0,54859.351562,2985429.0,322443.0,0.0,316583.0,212.0,0.0,0.024874,395520.0,1721542400.0,64.0,0.0,0.0,0.0,1.0,0.0,62.0,0.0,97.117165,1.0,83.0,0.0,0.0,348.200562,31872.0,295.0,0.0,0.0,0.0,0.0,0.844341,0.0,0.0,3040288.25,0.844341,5860.0,0.0,1493.31604,0.0,0.0,0.844341,0.844341,0.0,0.0,0.0,249.899033,0.0,VIDEO
0.0,0.002476,0.0,82.95652,0.950999,0.135854,-0.0,15360.688477,1686226.75,203842.0,0.0,201934.0,136.0,0.0,0.13833,185344.0,1721542400.0,64.0,0.0,0.0,0.0,0.0,0.0,62.0,0.0,23.133568,0.0,23.0,0.0,0.0,166.141083,31872.0,159.0,0.0,0.0,0.0,0.0,0.950999,0.0,0.0,1701587.5,0.950999,1908.0,0.0,1484.808838,0.0,0.0,0.950999,0.950999,0.0,0.0,1.0,141.955978,0.0,VIDEO
0.0,0.002476,0.0,66.0,0.767753,0.135854,-0.0,22007.078125,1692044.125,166051.0,0.0,163873.0,110.0,0.0,0.13833,382720.0,1721542400.0,64.0,0.0,0.0,0.0,0.0,0.0,62.0,0.0,41.680073,1.0,33.0,0.0,0.0,184.955322,31872.0,143.0,0.0,0.0,0.0,0.0,0.767753,0.0,0.0,1714051.25,0.767753,2178.0,0.0,1489.754517,0.0,0.0,0.767753,0.767753,0.0,0.0,0.0,141.972748,0.0,VIDEO
0.0,0.00101,1.0,144.0,0.999599,0.168711,-0.0,4609.848633,163977.765625,22489.0,0.0,21769.0,17.0,0.0,0.169721,64128.0,1721542400.0,64.0,0.0,0.0,0.0,0.0,0.0,62.0,0.0,4.001605,0.0,5.0,1.0,0.0,21.008425,31872.0,22.0,0.0,0.0,4.347826,0.0,0.999599,0.0,0.0,168587.609375,0.999599,720.0,0.0,1280.529419,0.0,0.0,0.999599,0.999599,1.0,0.0,1.0,16.006418,0.0,VIDEO
0.0,0.00101,1.0,66.0,0.566176,0.168711,-0.0,5595.433105,1217670.875,88124.0,0.0,87662.0,59.0,0.0,0.169721,57088.0,1721542400.0,64.0,0.0,0.0,0.0,0.0,0.0,62.0,0.0,10.597411,1.0,7.0,1.0,1.0,114.80529,31872.0,66.0,0.0,0.0,1.492537,0.0,0.566176,0.0,0.0,1223266.25,0.566176,462.0,0.0,1485.796631,0.0,0.0,0.566176,0.566176,1.0,0.0,0.0,102.441643,0.0,VIDEO
0.0,0.00101,0.0,0.0,0.0,0.168711,-0.0,0.0,0.0,1514.0,0.0,1514.0,1.0,0.0,0.169721,905590.6520605112,1721542400.0,64.0,0.0,0.0,0.0,0.0,0.0,62.0,0.0,0.0,1.0,0.0,1.0,0.0,0.0,931391.4917946004,1.0,0.0,0.0,0.0,0.0,0.0,0.0,0.0,0.0,0.0,0.0,0.0,1514.0,1.0,0.0,0.0,0.0,1.0,0.0,0.0,0.0,0.0,VIDEO
0.0,0.00101,0.0,0.0,0.0,0.168711,-0.0,0.0,0.0,1514.0,0.0,1514.0,1.0,0.0,0.169721,905590.6520605112,1721542400.0,64.0,0.0,0.0,0.0,0.0,0.0,62.0,0.0,0.0,1.0,0.0,1.0,0.0,0.0,931391.4917946004,1.0,0.0,0.0,0.0,0.0,0.0,0.0,0.0,0.0,0.0,0.0,0.0,1514.0,1.0,0.0,0.0,0.0,1.0,0.0,0.0,0.0,0.0,VIDEO
0.0,0.00101,0.0,0.0,0.0,0.168711,-0.0,0.0,0.0,1514.0,0.0,1514.0,1.0,0.0,0.169721,905590.6520605112,1721542400.0,64.0,0.0,0.0,0.0,0.0,0.0,62.0,0.0,0.0,1.0,0.0,1.0,0.0,0.0,931391.4917946004,1.0,0.0,0.0,0.0,0.0,0.0,0.0,0.0,0.0,0.0,0.0,0.0,1514.0,1.0,0.0,0.0,0.0,1.0,0.0,0.0,0.0,0.0,VIDEO
0.0,0.00101,0.0,0.0,0.0,0.168711,-0.0,0.0,0.0,1514.0,0.0,1514.0,1.0,0.0,0.169721,905590.6520605112,1721542400.0,64.0,0.0,0.0,0.0,0.0,0.0,62.0,0.0,0.0,1.0,0.0,1.0,0.0,0.0,931391.4917946004,1.0,0.0,0.0,0.0,0.0,0.0,0.0,0.0,0.0,0.0,0.0,0.0,1514.0,1.0,0.0,0.0,0.0,1.0,0.0,0.0,0.0,0.0,VIDEO
0.0,0.00101,0.0,66.0,0.017485,0.168711,-0.0,0.0,0.0,132.0,0.0,66.0,1.0,0.0,0.169721,69888.0,1721542400.0,64.0,0.0,0.0,0.0,0.0,0.0,62.0,0.0,0.0,1.0,1.0,0.0,0.0,57.191879,31872.0,2.0,0.0,0.0,0.0,0.0,0.017485,0.0,0.0,0.0,0.017485,66.0,1.0,66.0,0.0,0.0,0.017485,0.017485,0.0,0.0,0.0,0.0,0.0,VIDEO
0.0,0.00101,21.0,73.5,0.950219,0.168711,-0.0,19187.15625,1551246.625,188090.0,1.0,185738.0,125.0,0.0,0.169721,255232.0,1721542400.0,64.0,0.0,0.0,0.0,0.0,0.0,62.0,0.0,32.624058,1.0,32.0,21.0,1.0,164.172684,31872.0,157.0,0.0,0.0,11.797753,0.0,0.950219,0.0,0.0,1570433.75,0.950219,2352.0,0.0,1485.904053,0.0,0.0,0.950219,0.950219,1.0,0.0,0.0,130.496231,0.0,VIDEO
0.0,0.00101,0.0,69.839996,0.649304,0.168711,-0.0,20662.125,942313.625,79726.0,1.0,77980.0,52.0,0.0,0.169721,455168.0,1721542400.0,64.0,0.0,0.0,0.0,0.0,0.0,62.0,0.0,36.962658,1.0,25.0,0.0,0.0,117.048416,31872.0,77.0,0.0,0.0,0.0,0.0,0.649304,0.0,0.0,962975.75,0.649304,1746.0,0.0,1499.615356,0.0,0.0,0.649304,0.649304,0.0,0.0,0.0,78.545647,0.0,VIDEO
0.0,0.00101,0.0,0.0,0.0,0.168711,-0.0,0.0,0.0,766.0,1.0,766.0,1.0,0.0,0.169721,905590.6520605112,1721542400.0,64.0,0.0,0.0,0.0,0.0,0.0,62.0,0.0,0.0,1.0,0.0,1.0,0.0,0.0,931391.4917946004,1.0,0.0,0.0,0.0,0.0,0.0,0.0,0.0,0.0,0.0,0.0,0.0,766.0,0.0,0.0,0.0,0.0,1.0,0.0,0.0,0.0,0.0,VIDEO
0.0,0.00101,0.0,66.0,0.003487,0.168711,-0.0,0.0,0.0,132.0,1.0,66.0,1.0,0.0,0.169721,455168.0,1721542400.0,64.0,0.0,0.0,0.0,0.0,0.0,62.0,0.0,0.0,1.0,1.0,0.0,0.0,286.77948,31872.0,2.0,0.0,0.0,0.0,0.0,0.003487,0.0,0.0,0.0,0.003487,66.0,0.0,66.0,0.0,0.0,0.003487,0.003487,0.0,0.0,0.0,0.0,0.0,VIDEO
0.0,0.020397,0.0,87.526314,0.863406,0.179719,-0.0,14602.631836,959909.9375,106721.0,0.0,105058.0,72.0,0.0,0.200116,75776.0,1721542400.0,64.0,0.0,0.0,0.0,0.0,0.0,62.0,0.0,20.847666,0.0,19.0,0.0,0.0,104.238327,31872.0,91.0,0.0,0.0,0.0,0.0,0.863406,0.0,0.0,974512.5625,0.863406,1663.0,0.0,1459.138916,0.0,0.0,0.863406,0.863406,0.0,0.0,1.0,82.23246,0.0,VIDEO
0.0,0.078826,0.0,70.0,0.247457,0.168631,-0.0,2263.019531,0.0,214.0,0.0,74.0,1.0,0.0,0.247457,64256.0,1721542400.0,64.0,0.0,0.0,0.0,0.0,0.0,62.0,0.0,4.041106,0.0,2.0,0.0,0.0,8.082212,4077568.0,3.0,0.0,0.0,0.0,0.0,0.247457,0.0,0.0,2263.019531,0.247457,140.0,0.0,74.0,0.0,0.0,0.247457,0.247457,0.0,0.0,0.0,0.0,0.0,VIDEO
0.0,0.020397,0.0,55.090908,0.180413,0.179719,-0.0,24432.830078,0.0,672.0,0.0,66.0,1.0,0.0,0.200116,75776.0,1721542400.0,64.0,0.0,0.0,0.0,0.0,0.0,62.0,0.0,55.428379,1.0,11.0,0.0,0.0,60.971218,31872.0,12.0,0.0,0.0,0.0,0.0,0.180413,0.0,0.0,24432.830078,0.180413,606.0,0.0,66.0,0.0,0.0,0.180413,0.180413,0.0,0.0,0.0,0.0,0.0,VIDEO
0.0,0.078826,0.0,66.0,0.666993,0.168631,-0.0,0.0,791.612488,198.0,0.0,132.0,2.0,1.0,0.247457,64256.0,1721542400.0,64.0,0.0,0.0,0.0,0.0,0.0,62.0,0.0,0.0,1.0,1.0,0.0,0.0,2.998532,4077568.0,3.0,0.0,0.0,0.0,0.0,0.666993,0.0,0.0,791.612488,0.666993,66.0,0.0,66.0,0.0,0.0,0.666993,0.666993,0.0,0.0,0.0,1.499266,0.0,VIDEO
0.0,0.078826,0.0,0.0,0.0,0.168631,-0.0,0.0,0.0,66.0,0.0,66.0,1.0,0.0,0.247457,905590.6520605112,1721542400.0,64.0,0.0,0.0,0.0,0.0,0.0,62.0,0.0,0.0,1.0,0.0,0.0,0.0,0.0,931391.4917946004,1.0,0.0,0.0,0.0,0.0,0.0,0.0,0.0,0.0,0.0,0.0,0.0,66.0,0.0,0.0,0.0,0.0,0.0,0.0,0.0,0.0,0.0,VIDEO
0.0,0.021402,28.0,75.015625,0.998088,0.151245,-0.0,76362.007812,5477785.5,694521.0,1.0,684919.0,455.0,0.0,0.172647,516992.0,1721542400.0,64.0,0.0,0.0,0.0,0.0,0.0,62.0,0.0,127.243286,0.0,128.0,28.0,0.0,583.114929,31872.0,583.0,0.0,0.0,4.582651,0.0,0.998088,0.0,0.0,5554147.5,0.998088,9602.0,0.0,1505.316528,0.0,0.0,0.998088,0.998088,1.0,0.0,1.0,454.86972,0.0,VIDEO
0.0,0.006438,0.0,70.0,0.079695,0.073257,-0.0,7026.789551,0.0,214.0,0.0,74.0,1.0,0.0,0.079695,64256.0,1721542400.0,64.0,0.0,0.0,0.0,0.0,0.0,62.0,0.0,12.547838,0.0,2.0,0.0,0.0,25.095676,4077568.0,3.0,0.0,0.0,0.0,0.0,0.079695,0.0,0.0,7026.789551,0.079695,140.0,0.0,74.0,0.0,0.0,0.079695,0.079695,0.0,0.0,0.0,0.0,0.0,VIDEO
0.0,0.021402,1.0,67.800003,0.998937,0.151245,-0.0,97199.320312,4595333.0,587524.0,1.0,575320.0,380.0,0.0,0.172647,1476096.0,1721542400.0,64.0,0.0,0.0,0.0,0.0,0.0,62.0,0.0,179.190475,1.0,180.0,1.0,1.0,559.594849,31872.0,560.0,0.0,0.0,0.178253,0.0,0.998937,0.0,0.0,4692532.0,0.998937,12204.0,0.0,1514.0,0.0,0.0,0.998937,0.998937,1.0,0.0,0.0,379.40329,0.0,VIDEO
0.0,0.021402,11.0,70.0,0.993214,0.151245,-0.0,19733.914062,3609647.0,452178.0,1.0,449658.0,297.0,0.0,0.172647,1477120.0,1721542400.0,64.0,0.0,0.0,0.0,0.0,0.0,62.0,0.0,35.239132,1.0,36.0,11.0,1.0,334.268341,31872.0,333.0,0.0,0.0,3.197674,0.0,0.993214,0.0,0.0,3629381.0,0.993214,2520.0,0.0,1514.0,0.0,0.0,0.993214,0.993214,1.0,0.0,0.0,298.022369,0.0,VIDEO
0.0,0.021402,1.0,68.14286,0.977278,0.151245,-0.0,15062.244141,2738987.25,338016.0,1.0,336108.0,222.0,0.0,0.172647,1477120.0,1721542400.0,64.0,0.0,0.0,0.0,0.0,0.0,62.0,0.0,27.627758,1.0,28.0,1.0,1.0,254.789322,31872.0,250.0,0.0,0.0,0.398406,0.0,0.977278,0.0,0.0,2754049.5,0.977278,1908.0,0.0,1514.0,0.0,0.0,0.977278,0.977278,1.0,0.0,0.0,226.138321,0.0,VIDEO
0.0,0.078826,0.0,66.0,0.0,0.168631,-0.0,0.0,0.0,132.0,0.0,66.0,1.0,0.0,0.247457,64256.0,1721542400.0,64.0,0.0,0.0,0.0,0.0,0.0,62.0,0.0,0.0,1.0,1.0,0.0,0.0,0.0,4077568.0,2.0,0.0,0.0,0.0,0.0,0.0,0.0,0.0,0.0,0.0,66.0,0.0,66.0,0.0,0.0,0.0,0.0,0.0,0.0,0.0,0.0,0.0,VIDEO
0.0,0.021402,1.0,69.0,0.85863,0.151245,-0.0,12214.807617,1856706.625,202156.0,1.0,200776.0,134.0,0.0,0.172647,1477120.0,1721542400.0,64.0,0.0,0.0,0.0,0.0,0.0,62.0,0.0,22.128275,1.0,20.0,1.0,0.0,178.190842,31872.0,154.0,0.0,0.0,0.645161,0.0,0.85863,0.0,0.0,1868921.375,0.85863,1380.0,0.0,1498.328369,0.0,0.0,0.85863,0.85863,1.0,0.0,0.0,154.897919,0.0,VIDEO
0.0,0.006438,0.0,66.0,0.169833,0.073257,-0.0,3108.936279,0.0,198.0,0.0,66.0,1.0,1.0,0.079695,64256.0,1721542400.0,64.0,0.0,0.0,0.0,0.0,0.0,62.0,0.0,5.888137,1.0,2.0,0.0,0.0,11.776274,4077568.0,3.0,0.0,0.0,0.0,0.0,0.169833,0.0,0.0,3108.936279,0.169833,132.0,0.0,66.0,0.0,0.0,0.169833,0.169833,0.0,0.0,0.0,0.0,0.0,VIDEO
0.0,0.007442,1.0,109.333336,0.984546,0.0,-0.0,7109.875977,411519.625,53035.0,0.0,52051.0,37.0,0.0,0.007442,63488.0,1721542400.0,64.0,0.0,0.0,0.0,0.0,0.0,62.0,0.0,8.125572,0.0,9.0,1.0,0.0,45.706345,31872.0,46.0,0.0,0.0,2.12766,0.0,0.984546,0.0,0.0,418629.5,0.984546,984.0,0.0,1406.783813,0.0,0.0,0.984546,0.984546,1.0,0.0,1.0,36.565075,0.0,VIDEO
0.0,0.007442,0.0,54.0,0.0,0.0,-0.0,0.0,0.0,54.0,0.0,0.0,0.0,0.0,0.007442,63488.0,1721542400.0,64.0,0.0,0.0,0.0,0.0,0.0,62.0,0.0,0.0,1.0,1.0,0.0,0.0,0.0,931391.4917946004,1.0,0.0,0.0,0.0,0.0,0.0,0.0,0.0,0.0,0.0,54.0,0.0,0.0,0.0,0.0,0.0,0.0,0.0,0.0,0.0,0.0,0.0,VIDEO
0.0,0.00149,0.0,70.0,0.062788,0.061298,-0.0,8918.901367,0.0,214.0,0.0,74.0,1.0,0.0,0.062788,64256.0,1721542400.0,64.0,0.0,0.0,0.0,0.0,0.0,62.0,0.0,15.92661,0.0,2.0,0.0,0.0,31.85322,4077568.0,3.0,0.0,0.0,0.0,0.0,0.062788,0.0,0.0,8918.901367,0.062788,140.0,0.0,74.0,0.0,0.0,0.062788,0.062788,0.0,0.0,0.0,0.0,0.0,VIDEO
0.0,0.00149,0.0,468.0,0.172931,0.061298,-0.0,0.0,664079.875,16128.0,0.0,15660.0,12.0,0.0,0.062788,64256.0,1721542400.0,64.0,0.0,0.0,0.0,0.0,0.0,62.0,0.0,0.0,1.0,1.0,0.0,0.0,69.391838,31872.0,13.0,1.0,0.0,0.0,0.0,0.172931,0.0,0.0,664079.875,0.172931,468.0,0.0,1305.0,0.0,0.0,0.172931,0.172931,0.0,0.0,0.0,63.609184,0.0,VIDEO
0.0,0.00149,0.0,0.0,0.0,0.061298,-0.0,0.0,0.0,454.0,0.0,454.0,1.0,0.0,0.062788,905590.6520605112,1721542400.0,64.0,0.0,0.0,0.0,0.0,0.0,62.0,0.0,0.0,1.0,0.0,1.0,0.0,0.0,931391.4917946004,1.0,0.0,0.0,0.0,0.0,0.0,0.0,1.0,0.0,0.0,0.0,0.0,454.0,0.0,0.0,0.0,0.0,1.0,0.0,0.0,0.0,0.0,VIDEO
0.0,0.00149,1.0,58.540539,0.325339,0.061298,-0.0,51835.164062,2431433.25,102544.0,1.0,100378.0,67.0,0.0,0.062788,81536.0,1721542400.0,64.0,0.0,0.0,0.0,0.0,0.0,62.0,0.0,110.653816,1.0,37.0,1.0,0.0,316.592865,31872.0,104.0,0.0,0.0,0.952381,0.0,0.325339,0.0,0.0,2483268.5,0.325339,2166.0,0.0,1498.179077,0.0,0.0,0.325339,0.325339,1.0,0.0,0.0,202.865326,0.0,VIDEO
0.0,0.004461,0.0,106.599998,0.758064,0.195714,-0.0,10131.071289,1093290.375,106123.0,0.0,105057.0,72.0,0.0,0.200175,75776.0,1721542400.0,64.0,0.0,0.0,0.0,0.0,0.0,62.0,0.0,11.872349,0.0,10.0,0.0,0.0,106.851143,31872.0,82.0,0.0,0.0,0.0,0.0,0.758064,0.0,0.0,1103421.5,0.758064,1066.0,0.0,1459.125,0.0,0.0,0.758064,0.758064,0.0,0.0,1.0,93.659645,0.0,VIDEO
0.0,0.004461,40.0,69.133331,0.974287,0.195714,-0.0,33493.210938,4239194.5,521936.0,1.0,517788.0,342.0,0.0,0.200175,323840.0,1721542400.0,64.0,0.0,0.0,0.0,0.0,0.0,62.0,0.0,60.557106,1.0,60.0,40.0,1.0,411.583038,31872.0,402.0,0.0,0.0,9.049774,0.0,0.974287,0.0,0.0,4272687.5,0.974287,4148.0,0.0,1514.0,0.0,0.0,0.974287,0.974287,1.0,0.0,0.0,349.999542,0.0,VIDEO
0.0,0.004461,23.0,75.391304,0.65167,0.195714,-0.0,20366.136719,3401255.25,280310.0,1.0,278576.0,184.0,0.0,0.200175,508416.0,1721542400.0,64.0,0.0,0.0,0.0,0.0,0.0,62.0,0.0,33.759418,1.0,23.0,23.0,1.0,316.110931,31872.0,207.0,0.0,0.0,10.0,0.0,0.65167,0.0,0.0,3421621.5,0.65167,1734.0,0.0,1514.0,0.0,0.0,0.65167,0.65167,1.0,0.0,0.0,280.816986,0.0,VIDEO
0.0,0.004461,0.0,0.0,0.0,0.195714,-0.0,0.0,0.0,1514.0,1.0,1514.0,1.0,0.0,0.200175,905590.6520605112,1721542400.0,64.0,0.0,0.0,0.0,0.0,0.0,62.0,0.0,0.0,1.0,0.0,1.0,0.0,0.0,931391.4917946004,1.0,0.0,0.0,0.0,0.0,0.0,0.0,0.0,0.0,0.0,0.0,0.0,1514.0,1.0,0.0,0.0,0.0,1.0,0.0,0.0,0.0,0.0,VIDEO
0.0,0.004461,0.0,0.0,0.0,0.195714,-0.0,0.0,0.0,1514.0,1.0,1514.0,1.0,0.0,0.200175,905590.6520605112,1721542400.0,64.0,0.0,0.0,0.0,0.0,0.0,62.0,0.0,0.0,1.0,0.0,1.0,0.0,0.0,931391.4917946004,1.0,0.0,0.0,0.0,0.0,0.0,0.0,0.0,0.0,0.0,0.0,0.0,1514.0,1.0,0.0,0.0,0.0,1.0,0.0,0.0,0.0,0.0,VIDEO
0.0,0.004461,0.0,0.0,0.0,0.195714,-0.0,0.0,0.0,1514.0,1.0,1514.0,1.0,0.0,0.200175,905590.6520605112,1721542400.0,64.0,0.0,0.0,0.0,0.0,0.0,62.0,0.0,0.0,1.0,0.0,1.0,0.0,0.0,931391.4917946004,1.0,0.0,0.0,0.0,0.0,0.0,0.0,0.0,0.0,0.0,0.0,0.0,1514.0,1.0,0.0,0.0,0.0,1.0,0.0,0.0,0.0,0.0,VIDEO
0.0,0.000489,0.0,70.0,0.217502,0.217013,-0.0,2574.688965,0.0,214.0,0.0,74.0,1.0,0.0,0.217502,64256.0,1721542400.0,64.0,0.0,0.0,0.0,0.0,0.0,62.0,0.0,4.597659,0.0,2.0,0.0,0.0,9.195318,4077568.0,3.0,0.0,0.0,0.0,0.0,0.217502,0.0,0.0,2574.688965,0.217502,140.0,0.0,74.0,0.0,0.0,0.217502,0.217502,0.0,0.0,0.0,0.0,0.0,VIDEO
0.0,0.004461,0.0,94.0,0.000986,0.195714,-0.0,0.0,0.0,160.0,1.0,66.0,1.0,0.0,0.200175,530944.0,1721542400.0,64.0,0.0,0.0,0.0,0.0,0.0,62.0,0.0,0.0,1.0,1.0,0.0,0.0,1014.19873,31872.0,2.0,0.0,0.0,0.0,0.0,0.000986,0.0,0.0,0.0,0.000986,94.0,1.0,66.0,0.0,0.0,0.000986,0.000986,0.0,0.0,0.0,0.0,0.0,VIDEO
0.0,0.000489,0.0,66.0,0.133658,0.217013,-0.0,3950.380615,0.0,198.0,0.0,66.0,1.0,1.0,0.217502,64256.0,1721542400.0,64.0,0.0,0.0,0.0,0.0,0.0,62.0,0.0,7.481781,1.0,2.0,0.0,0.0,14.963563,4077568.0,3.0,0.0,0.0,0.0,0.0,0.133658,0.0,0.0,3950.380615,0.133658,132.0,0.0,66.0,0.0,0.0,0.133658,0.133658,0.0,0.0,0.0,0.0,0.0,VIDEO
0.0,0.004461,93.0,82.736,0.899268,0.195714,-0.0,91274.242188,6613148.0,755230.0,1.0,744888.0,492.0,0.0,0.200175,830592.0,1721542400.0,64.0,0.0,0.0,0.0,0.0,0.0,62.0,0.0,137.889938,1.0,125.0,93.0,1.0,685.001587,31872.0,617.0,0.0,0.0,13.098592,0.0,0.899268,0.0,0.0,6704422.0,0.899268,10342.0,0.0,1514.0,0.0,0.0,0.899268,0.899268,1.0,0.0,0.0,545.999634,0.0,VIDEO
0.0,0.004461,13.0,70.615387,0.998928,0.195714,-0.0,28846.923828,5201624.0,654692.0,1.0,651020.0,430.0,0.0,0.200175,846080.0,1721542400.0,64.0,0.0,0.0,0.0,0.0,0.0,62.0,0.0,51.054729,1.0,52.0,13.0,1.0,481.516174,31872.0,482.0,0.0,0.0,2.626263,0.0,0.998928,0.0,0.0,5230471.0,0.998928,3672.0,0.0,1514.0,0.0,0.0,0.998928,0.998928,1.0,0.0,0.0,429.460388,0.0,VIDEO
0.0,0.004461,0.0,66.0,0.183659,0.195714,-0.0,14374.46582,2197158.75,52278.0,1.0,51882.0,36.0,0.0,0.200175,846080.0,1721542400.0,64.0,0.0,0.0,0.0,0.0,0.0,62.0,0.0,27.224367,1.0,6.0,0.0,0.0,223.239807,31872.0,42.0,0.0,0.0,0.0,0.0,0.183659,0.0,0.0,2211533.25,0.183659,396.0,0.0,1441.166626,0.0,0.0,0.183659,0.183659,0.0,0.0,0.0,190.570572,0.0,VIDEO
0.0,0.016004,0.0,148.833328,0.575595,0.334775,-0.0,10354.501953,6921.533203,1515.0,0.0,622.0,5.0,0.0,0.350779,64128.0,1721542400.0,64.0,0.0,0.0,0.0,0.0,0.0,62.0,0.0,8.686663,0.0,6.0,0.0,0.0,17.373325,31872.0,11.0,0.0,0.0,0.0,0.0,0.575595,0.0,0.0,17276.035156,0.575595,893.0,0.0,124.400002,0.0,0.0,0.575595,0.575595,0.0,0.0,0.0,6.94933,0.0,VIDEO
0.0,0.010948,0.0,70.0,0.190408,0.17946,-0.0,2941.052734,0.0,214.0,0.0,74.0,1.0,0.0,0.190408,64256.0,1721542400.0,64.0,0.0,0.0,0.0,0.0,0.0,62.0,0.0,5.25188,0.0,2.0,0.0,0.0,10.50376,4077568.0,3.0,0.0,0.0,0.0,0.0,0.190408,0.0,0.0,2941.052734,0.190408,140.0,0.0,74.0,0.0,0.0,0.190408,0.190408,0.0,0.0,0.0,0.0,0.0,VIDEO
0.0,0.010948,0.0,66.0,0.170563,0.17946,-0.0,3095.630371,0.0,198.0,0.0,66.0,1.0,1.0,0.190408,64256.0,1721542400.0,64.0,0.0,0.0,0.0,0.0,0.0,62.0,0.0,5.862936,1.0,2.0,0.0,0.0,11.725873,4077568.0,3.0,0.0,0.0,0.0,0.0,0.170563,0.0,0.0,3095.630371,0.170563,132.0,0.0,66.0,0.0,0.0,0.170563,0.170563,0.0,0.0,0.0,0.0,0.0,VIDEO
0.0,0.024929,0.0,230.666672,0.979582,0.300071,-0.0,3773.037842,4050.707275,1311.0,0.0,619.0,5.0,0.0,0.325,64256.0,1721542400.0,64.0,0.0,0.0,0.0,0.0,0.0,62.0,0.0,2.041687,0.0,3.0,0.0,0.0,7.145905,31872.0,8.0,0.0,0.0,0.0,0.0,0.979582,0.0,0.0,7823.745117,0.979582,692.0,0.0,123.800003,0.0,0.0,0.979582,0.979582,0.0,0.0,0.0,4.083375,0.0,VIDEO
0.0,0.024929,1.0,78.0,0.0,0.300071,-0.0,0.0,0.0,425.0,1.0,347.0,1.0,0.0,0.325,64128.0,1721542400.0,64.0,0.0,0.0,0.0,0.0,0.0,62.0,0.0,0.0,1.0,1.0,1.0,0.0,0.0,31872.0,2.0,0.0,0.0,33.333333,0.0,0.0,0.0,0.0,0.0,0.0,78.0,0.0,347.0,0.0,0.0,0.0,0.0,1.0,0.0,0.0,0.0,0.0,VIDEO
0.0,0.001014,0.0,193.75,0.880582,0.168297,-0.0,5287.412109,5314.666992,1477.0,0.0,702.0,6.0,0.0,0.169311,64256.0,1721542400.0,64.0,0.0,0.0,0.0,0.0,0.0,62.0,0.0,3.406838,0.0,4.0,0.0,0.0,10.220513,31872.0,10.0,0.0,0.0,0.0,0.0,0.880582,0.0,0.0,10602.079102,0.880582,775.0,0.0,117.0,0.0,0.0,0.880582,0.880582,0.0,0.0,0.0,5.678063,0.0,VIDEO
0.0,0.001014,0.0,66.0,0.0,0.168297,-0.0,0.0,0.0,66.0,0.0,0.0,0.0,0.0,0.169311,64128.0,1721542400.0,64.0,0.0,0.0,0.0,0.0,0.0,62.0,0.0,0.0,1.0,1.0,0.0,0.0,0.0,931391.4917946004,1.0,0.0,0.0,0.0,0.0,0.0,0.0,0.0,0.0,0.0,66.0,0.0,0.0,0.0,0.0,0.0,0.0,0.0,0.0,0.0,0.0,0.0,VIDEO
0.0,0.002026,0.0,70.0,0.231493,0.229467,-0.0,2419.07959,0.0,214.0,0.0,74.0,1.0,0.0,0.231493,64256.0,1721542400.0,64.0,0.0,0.0,0.0,0.0,0.0,62.0,0.0,4.319785,0.0,2.0,0.0,0.0,8.63957,4077568.0,3.0,0.0,0.0,0.0,0.0,0.231493,0.0,0.0,2419.07959,0.231493,140.0,0.0,74.0,0.0,0.0,0.231493,0.231493,0.0,0.0,0.0,0.0,0.0,VIDEO
0.0,0.024929,0.0,66.0,0.000994,0.300071,-0.0,0.0,0.0,132.0,1.0,66.0,1.0,0.0,0.325,64128.0,1721542400.0,64.0,0.0,0.0,0.0,0.0,0.0,62.0,0.0,0.0,1.0,1.0,0.0,0.0,1006.036194,31872.0,2.0,0.0,0.0,0.0,0.0,0.000994,0.0,0.0,0.0,0.000994,66.0,0.0,66.0,0.0,0.0,0.000994,0.000994,0.0,0.0,0.0,0.0,0.0,VIDEO
0.0,0.002026,0.0,66.0,0.046826,0.229467,-0.0,11275.787109,11275.787109,264.0,0.0,132.0,2.0,1.0,0.231493,64256.0,1721542400.0,64.0,0.0,0.0,0.0,0.0,0.0,62.0,0.0,21.355656,1.0,2.0,0.0,0.0,64.066971,31872.0,4.0,0.0,0.0,0.0,0.0,0.046826,0.0,0.0,22551.574219,0.046826,132.0,0.0,66.0,0.0,0.0,0.046826,0.046826,0.0,0.0,0.0,21.355656,0.0,VIDEO
0.0,0.009487,0.0,169.0,0.2636,0.081334,-0.0,20515.933594,15599.393555,1487.0,0.0,642.0,5.0,0.0,0.090821,64128.0,1721542400.0,64.0,0.0,0.0,0.0,0.0,0.0,62.0,0.0,15.174507,0.0,5.0,0.0,0.0,34.142643,31872.0,10.0,0.0,0.0,0.0,0.0,0.2636,0.0,0.0,36115.328125,0.2636,845.0,0.0,128.399994,0.0,0.0,0.2636,0.2636,0.0,0.0,0.0,15.174507,0.0,VIDEO
0.0,0.002,0.0,74.0,0.002,0.0,-0.0,0.0,0.0,148.0,0.0,74.0,1.0,0.0,0.002,8222720.0,1721542400.0,64.0,0.0,0.0,0.0,0.0,1.0,62.0,0.0,0.0,0.0,1.0,0.0,0.0,499.999969,4077568.0,2.0,0.0,0.0,0.0,0.0,0.002,0.0,0.0,0.0,0.002,74.0,0.0,74.0,0.0,0.0,0.002,0.002,0.0,0.0,0.0,0.0,0.0,VIDEO
0.0,0.002,0.0,0.0,0.0,0.0,-0.0,0.0,0.0,74.0,0.0,74.0,1.0,0.0,0.002,905590.6520605112,1721542400.0,64.0,1.0,0.0,0.0,0.0,0.0,62.0,0.0,0.0,1.0,0.0,1.0,0.0,0.0,931391.4917946004,1.0,0.0,0.0,0.0,0.0,0.0,0.0,0.0,0.0,0.0,0.0,0.0,74.0,0.0,0.0,0.0,0.0,1.0,0.0,0.0,0.0,0.0,VIDEO
0.0,0.002,1.0,192.0,0.355871,0.194622,-0.0,12948.512695,11464.829102,1405.0,0.0,637.0,5.0,0.0,0.196622,64128.0,1721542400.0,64.0,0.0,0.0,0.0,0.0,0.0,62.0,0.0,8.430021,1.0,4.0,1.0,0.0,22.480057,31872.0,9.0,0.0,0.0,10.0,0.0,0.355871,0.0,0.0,24413.341797,0.355871,768.0,0.0,127.400002,0.0,0.0,0.355871,0.355871,1.0,0.0,0.0,11.240028,0.0,VIDEO
0.0,0.002,0.0,66.0,0.0,0.194622,-0.0,0.0,0.0,132.0,0.0,66.0,1.0,0.0,0.196622,64128.0,1721542400.0,64.0,0.0,0.0,0.0,0.0,0.0,62.0,0.0,0.0,1.0,1.0,0.0,0.0,0.0,31872.0,2.0,0.0,0.0,0.0,0.0,0.0,0.0,0.0,0.0,0.0,66.0,0.0,66.0,0.0,0.0,0.0,0.0,0.0,0.0,0.0,0.0,0.0,VIDEO
0.0,0.001986,0.0,202.333328,0.861386,0.26096,-0.0,3761.379883,134861.71875,16338.0,0.0,15731.0,13.0,0.0,0.262946,64256.0,1721542400.0,64.0,0.0,0.0,0.0,0.0,0.0,62.0,0.0,2.321839,0.0,3.0,0.0,0.0,17.413795,31872.0,16.0,0.0,0.0,0.0,0.0,0.861386,0.0,0.0,138623.109375,0.861386,607.0,0.0,1210.076904,0.0,0.0,0.861386,0.861386,0.0,0.0,1.0,13.931037,0.0,VIDEO
0.0,0.001986,0.0,59.032257,0.355382,0.26096,-0.0,39866.960938,1883111.75,86976.0,0.0,85146.0,57.0,0.0,0.262946,45184.0,1721542400.0,64.0,0.0,0.0,0.0,0.0,0.0,62.0,0.0,84.416206,1.0,31.0,0.0,0.0,244.807007,31872.0,88.0,0.0,0.0,0.0,0.0,0.355382,0.0,0.0,1922978.625,0.355382,1830.0,0.0,1493.789429,0.0,0.0,0.355382,0.355382,0.0,0.0,0.0,157.57692,0.0,VIDEO
0.0,0.006457,0.0,165.0,0.606913,0.204039,-0.0,8699.764648,6538.004883,1445.0,0.0,620.0,5.0,0.0,0.210496,64128.0,1721542400.0,64.0,0.0,0.0,0.0,0.0,0.0,62.0,0.0,6.590731,0.0,5.0,0.0,0.0,14.829144,31872.0,10.0,0.0,0.0,0.0,0.0,0.606913,0.0,0.0,15237.769531,0.606913,825.0,0.0,124.0,0.0,0.0,0.606913,0.606913,0.0,0.0,0.0,6.590731,0.0,VIDEO
0.0,0.000991,0.0,70.0,0.200111,0.19912,-0.0,2798.446777,0.0,214.0,0.0,74.0,1.0,0.0,0.200111,64256.0,1721542400.0,64.0,0.0,0.0,0.0,0.0,0.0,62.0,0.0,4.997227,0.0,2.0,0.0,0.0,9.994453,4077568.0,3.0,0.0,0.0,0.0,0.0,0.200111,0.0,0.0,2798.446777,0.200111,140.0,0.0,74.0,0.0,0.0,0.200111,0.200111,0.0,0.0,0.0,0.0,0.0,VIDEO
0.0,0.000991,0.0,66.0,0.663424,0.19912,-0.0,0.0,795.871094,198.0,0.0,132.0,2.0,1.0,0.200111,64256.0,1721542400.0,64.0,0.0,0.0,0.0,0.0,0.0,62.0,0.0,0.0,1.0,1.0,0.0,0.0,3.014663,4077568.0,3.0,0.0,0.0,0.0,0.0,0.663424,0.0,0.0,795.871094,0.663424,66.0,0.0,66.0,0.0,0.0,0.663424,0.663424,0.0,0.0,0.0,1.507332,0.0,VIDEO
0.0,0.000994,0.0,165.0,0.533589,0.190374,-0.0,9895.256836,7436.435059,1445.0,0.0,620.0,5.0,0.0,0.191368,64128.0,1721542400.0,64.0,0.0,0.0,0.0,0.0,0.0,62.0,0.0,7.496407,0.0,5.0,0.0,0.0,16.866915,31872.0,10.0,0.0,0.0,0.0,0.0,0.533589,0.0,0.0,17331.691406,0.533589,825.0,0.0,124.0,0.0,0.0,0.533589,0.533589,0.0,0.0,0.0,7.496407,0.0,VIDEO
0.0,0.000994,0.0,66.0,0.0,0.190374,-0.0,0.0,0.0,132.0,0.0,66.0,1.0,0.0,0.191368,64128.0,1721542400.0,64.0,0.0,0.0,0.0,0.0,0.0,62.0,0.0,0.0,1.0,1.0,0.0,0.0,0.0,31872.0,2.0,0.0,0.0,0.0,0.0,0.0,0.0,0.0,0.0,0.0,66.0,0.0,66.0,0.0,0.0,0.0,0.0,0.0,0.0,0.0,0.0,0.0,VIDEO
0.0,0.000991,0.0,0.0,0.0,0.19912,-0.0,0.0,0.0,66.0,0.0,66.0,1.0,0.0,0.200111,905590.6520605112,1721542400.0,64.0,0.0,0.0,0.0,0.0,0.0,62.0,0.0,0.0,1.0,0.0,0.0,0.0,0.0,931391.4917946004,1.0,0.0,0.0,0.0,0.0,0.0,0.0,0.0,0.0,0.0,0.0,0.0,66.0,0.0,0.0,0.0,0.0,0.0,0.0,0.0,0.0,0.0,VIDEO
0.0,0.000497,0.0,148.333328,0.199671,0.061073,-0.0,29728.904297,19872.691406,1509.0,0.0,619.0,5.0,0.0,0.06157,64128.0,1721542400.0,64.0,0.0,0.0,0.0,0.0,0.0,62.0,0.0,25.041193,0.0,6.0,0.0,0.0,50.082386,31872.0,11.0,0.0,0.0,0.0,0.0,0.199671,0.0,0.0,49601.59375,0.199671,890.0,0.0,123.800003,0.0,0.0,0.199671,0.199671,0.0,0.0,0.0,20.032953,0.0,VIDEO
0.0,0.037051,0.0,70.0,0.082238,0.045187,-0.0,6809.503906,0.0,214.0,0.0,74.0,1.0,0.0,0.082238,64256.0,1721542400.0,64.0,0.0,0.0,0.0,0.0,0.0,62.0,0.0,12.159828,0.0,2.0,0.0,0.0,24.319656,4077568.0,3.0,0.0,0.0,0.0,0.0,0.082238,0.0,0.0,6809.503906,0.082238,140.0,0.0,74.0,0.0,0.0,0.082238,0.082238,0.0,0.0,0.0,0.0,0.0,VIDEO
0.0,0.037051,0.0,66.0,0.169488,0.045187,-0.0,3115.264893,0.0,198.0,0.0,66.0,1.0,1.0,0.082238,64256.0,1721542400.0,64.0,0.0,0.0,0.0,0.0,0.0,62.0,0.0,5.900123,1.0,2.0,0.0,0.0,11.800245,4077568.0,3.0,0.0,0.0,0.0,0.0,0.169488,0.0,0.0,3115.264893,0.169488,132.0,0.0,66.0,0.0,0.0,0.169488,0.169488,0.0,0.0,0.0,0.0,0.0,VIDEO
0.0,0.007945,0.0,231.0,0.777138,0.16221,-0.0,4755.912109,5105.914062,1313.0,0.0,620.0,5.0,0.0,0.170155,64256.0,1721542400.0,64.0,0.0,0.0,0.0,0.0,0.0,62.0,0.0,2.573545,0.0,3.0,0.0,0.0,9.007409,31872.0,8.0,0.0,0.0,0.0,0.0,0.777138,0.0,0.0,9861.826172,0.777138,693.0,0.0,124.0,0.0,0.0,0.777138,0.777138,0.0,0.0,0.0,5.147091,0.0,VIDEO
0.0,0.007945,0.0,66.0,0.00298,0.16221,-0.0,0.0,0.0,132.0,0.0,66.0,1.0,0.0,0.170155,64256.0,1721542400.0,64.0,0.0,0.0,0.0,0.0,0.0,62.0,0.0,0.0,1.0,1.0,0.0,0.0,335.570465,31872.0,2.0,0.0,0.0,0.0,0.0,0.00298,0.0,0.0,0.0,0.00298,66.0,0.0,66.0,0.0,0.0,0.00298,0.00298,0.0,0.0,0.0,0.0,0.0,VIDEO
0.0,0.000991,0.0,66.0,0.0,0.19912,-0.0,0.0,0.0,132.0,0.0,66.0,1.0,0.0,0.200111,64256.0,1721542400.0,64.0,0.0,0.0,0.0,0.0,0.0,62.0,0.0,0.0,1.0,1.0,0.0,0.0,0.0,4077568.0,2.0,0.0,0.0,0.0,0.0,0.0,0.0,0.0,0.0,0.0,66.0,0.0,66.0,0.0,0.0,0.0,0.0,0.0,0.0,0.0,0.0,0.0,VIDEO
0.0,0.010525,0.0,68.539474,0.837666,0.083815,-0.0,49098.328125,2074306.5,223883.0,0.0,218674.0,148.0,0.0,0.09434,275072.0,1721542400.0,64.0,0.0,0.0,0.0,0.0,0.0,62.0,0.0,89.534492,0.0,76.0,0.0,0.0,266.215912,31872.0,224.0,0.0,0.0,0.0,0.0,0.837666,0.0,0.0,2123404.75,0.837666,5209.0,0.0,1477.526978,0.0,0.0,0.837666,0.837666,0.0,0.0,0.0,175.48761,0.0,VIDEO
0.0,0.020651,0.0,70.0,0.064545,0.043894,-0.0,8676.118164,0.0,214.0,0.0,74.0,1.0,0.0,0.064545,64256.0,1721542400.0,64.0,0.0,0.0,0.0,0.0,0.0,62.0,0.0,15.493068,0.0,2.0,0.0,0.0,30.986135,4077568.0,3.0,0.0,0.0,0.0,0.0,0.064545,0.0,0.0,8676.118164,0.064545,140.0,0.0,74.0,0.0,0.0,0.064545,0.064545,0.0,0.0,0.0,0.0,0.0,VIDEO
0.0,0.020651,0.0,66.0,0.094439,0.043894,-0.0,5590.910645,0.0,198.0,0.0,66.0,1.0,1.0,0.064545,64256.0,1721542400.0,64.0,0.0,0.0,0.0,0.0,0.0,62.0,0.0,10.588845,1.0,2.0,0.0,0.0,21.177691,4077568.0,3.0,0.0,0.0,0.0,0.0,0.094439,0.0,0.0,5590.910645,0.094439,132.0,0.0,66.0,0.0,0.0,0.094439,0.094439,0.0,0.0,0.0,0.0,0.0,VIDEO
0.0,0.002978,0.0,168.399994,0.288553,0.104419,-0.0,18686.341797,14139.516602,1479.0,0.0,637.0,5.0,0.0,0.107397,64128.0,1721542400.0,64.0,0.0,0.0,0.0,0.0,0.0,62.0,0.0,13.862271,0.0,5.0,0.0,0.0,31.190111,31872.0,10.0,0.0,0.0,0.0,0.0,0.288553,0.0,0.0,32825.859375,0.288553,842.0,0.0,127.400002,0.0,0.0,0.288553,0.288553,0.0,0.0,0.0,13.862271,0.0,VIDEO
0.0,0.005978,0.0,114.75,0.595554,0.273784,-0.0,10800.02832,578835.875,45399.0,0.0,44481.0,32.0,0.0,0.279762,61440.0,1721542400.0,64.0,0.0,0.0,0.0,0.0,0.0,62.0,0.0,11.753762,0.0,8.0,0.0,0.0,65.485245,31872.0,40.0,0.0,0.0,0.0,0.0,0.595554,0.0,0.0,589635.9375,0.595554,918.0,0.0,1390.03125,0.0,0.0,0.595554,0.595554,0.0,0.0,1.0,52.052376,0.0,VIDEO
0.0,0.005978,0.0,58.0,0.641144,0.273784,-0.0,5789.651367,738030.8125,61148.0,0.0,60626.0,41.0,0.0,0.279762,75776.0,1721542400.0,64.0,0.0,0.0,0.0,0.0,0.0,62.0,0.0,12.477696,1.0,9.0,0.0,0.0,76.425888,31872.0,50.0,0.0,0.0,0.0,0.0,0.641144,0.0,0.0,743820.4375,0.641144,522.0,0.0,1478.682983,0.0,0.0,0.641144,0.641144,0.0,0.0,0.0,62.388481,0.0,VIDEO
0.0,0.005978,0.0,54.0,0.0,0.273784,-0.0,0.0,0.0,54.0,0.0,0.0,0.0,0.0,0.279762,75776.0,1721542400.0,64.0,0.0,0.0,0.0,0.0,0.0,62.0,0.0,0.0,1.0,1.0,0.0,0.0,0.0,931391.4917946004,1.0,0.0,0.0,0.0,0.0,0.0,0.0,0.0,0.0,0.0,54.0,0.0,0.0,0.0,0.0,0.0,0.0,0.0,0.0,0.0,0.0,0.0,VIDEO
0.0,0.015506,0.0,74.0,0.015506,0.0,-0.0,0.0,0.0,148.0,0.0,74.0,1.0,0.0,0.015506,8222720.0,1721542400.0,64.0,0.0,0.0,0.0,0.0,1.0,62.0,0.0,0.0,0.0,1.0,0.0,0.0,64.491165,4077568.0,2.0,0.0,0.0,0.0,0.0,0.015506,0.0,0.0,0.0,0.015506,74.0,0.0,74.0,0.0,0.0,0.015506,0.015506,0.0,0.0,0.0,0.0,0.0,VIDEO
0.0,0.015506,0.0,123.428574,0.193983,0.0,-0.0,30559.378906,1773062.5,45290.0,0.0,44426.0,31.0,0.0,0.015506,55808.0,1721542400.0,64.0,0.0,0.0,0.0,0.0,0.0,62.0,0.0,30.930546,1.0,7.0,0.0,0.0,190.738358,31872.0,38.0,1.0,0.0,0.0,0.0,0.193983,0.0,0.0,1803621.875,0.193983,864.0,0.0,1433.096802,0.0,0.0,0.193983,0.193983,0.0,0.0,0.0,154.652725,0.0,VIDEO
0.0,0.015506,0.0,54.0,0.251231,0.0,-0.0,0.0,0.0,1568.0,0.0,1514.0,1.0,0.0,0.015506,55808.0,1721542400.0,64.0,0.0,0.0,0.0,0.0,0.0,62.0,0.0,0.0,1.0,1.0,0.0,0.0,3.9804,31872.0,2.0,0.0,0.0,0.0,0.0,0.251231,0.0,0.0,0.0,0.251231,54.0,0.0,1514.0,0.0,0.0,0.251231,0.251231,0.0,0.0,0.0,0.0,0.0,VIDEO
0.0,0.000993,0.0,70.0,0.080174,0.079181,-0.0,6984.808105,0.0,214.0,0.0,74.0,1.0,0.0,0.080174,64256.0,1721542400.0,64.0,0.0,0.0,0.0,0.0,0.0,61.0,0.0,12.472872,0.0,2.0,0.0,0.0,24.945744,4077568.0,3.0,0.0,0.0,0.0,0.0,0.080174,0.0,0.0,6984.808105,0.080174,140.0,0.0,74.0,0.0,0.0,0.080174,0.080174,0.0,0.0,0.0,0.0,0.0,VIDEO
0.0,0.000993,0.0,66.0,0.171443,0.079181,-0.0,6159.481445,3359.717285,342.0,1.0,144.0,2.0,1.0,0.080174,64256.0,1721542400.0,64.0,0.0,0.0,0.0,0.0,0.0,61.0,0.0,11.665685,1.0,3.0,0.0,0.0,23.331369,31872.0,5.0,0.0,0.0,0.0,0.0,0.171443,0.0,0.0,9519.199219,0.171443,198.0,0.0,72.0,0.0,0.0,0.171443,0.171443,0.0,0.0,0.0,5.832842,0.0,VIDEO
0.0,0.036348,0.0,151.333328,0.347483,0.118135,-0.0,17428.189453,11741.581055,1545.0,0.0,637.0,5.0,0.0,0.154483,64128.0,1721542400.0,64.0,0.0,0.0,0.0,0.0,0.0,61.0,0.0,14.389193,0.0,6.0,0.0,0.0,28.778385,31872.0,11.0,0.0,0.0,0.0,0.0,0.347483,0.0,0.0,29169.771484,0.347483,908.0,0.0,127.400002,0.0,0.0,0.347483,0.347483,0.0,0.0,0.0,11.511354,0.0,VIDEO
0.0,0.001064,0.0,128.166672,0.446566,0.214993,-0.0,11483.185547,32783.507812,2964.0,0.0,2195.0,6.0,0.0,0.216057,64000.0,1721542400.0,64.0,0.0,0.0,0.0,0.0,0.0,62.0,0.0,11.196553,0.0,6.0,0.0,0.0,24.632418,31872.0,12.0,0.0,0.0,0.0,0.0,0.446566,0.0,0.0,44266.695312,0.446566,769.0,0.0,365.833344,0.0,0.0,0.446566,0.446566,0.0,0.0,0.0,11.196553,0.0,VIDEO
0.0,0.00228,0.0,64.0,0.215518,0.0,-0.0,2375.671631,0.0,202.0,0.0,74.0,1.0,0.0,0.00228,8222720.0,1721542400.0,64.0,0.0,0.0,0.0,0.0,0.0,62.0,0.0,4.639984,0.0,2.0,0.0,0.0,9.279967,4077568.0,3.0,0.0,0.0,0.0,0.0,0.215518,0.0,0.0,2375.671631,0.215518,128.0,0.0,74.0,0.0,0.0,0.215518,0.215518,0.0,0.0,0.0,0.0,0.0,VIDEO
0.0,0.000967,5.0,92.565216,0.881194,0.215765,-0.0,18493.089844,597035.375,69321.0,1.0,67192.0,47.0,0.0,0.216732,64128.0,1721542400.0,64.0,0.0,0.0,0.0,0.0,0.0,62.0,0.0,24.966125,0.0,23.0,5.0,0.0,78.302849,31872.0,70.0,0.0,0.0,6.666667,0.0,0.881194,0.0,0.0,615528.5,0.881194,2129.0,0.0,1429.617065,0.0,0.0,0.881194,0.881194,1.0,0.0,1.0,52.2019,0.0,VIDEO
0.0,0.001064,0.0,66.0,0.0,0.214993,-0.0,0.0,0.0,132.0,0.0,66.0,1.0,0.0,0.216057,64000.0,1721542400.0,64.0,0.0,0.0,0.0,0.0,0.0,62.0,0.0,0.0,1.0,1.0,0.0,0.0,0.0,31872.0,2.0,0.0,0.0,0.0,0.0,0.0,0.0,0.0,0.0,0.0,66.0,0.0,66.0,0.0,0.0,0.0,0.0,0.0,0.0,0.0,0.0,0.0,VIDEO
0.0,0.000967,0.0,59.454544,0.214889,0.215765,-0.0,22150.970703,112727.960938,5196.0,1.0,4542.0,3.0,0.0,0.216732,69888.0,1721542400.0,64.0,0.0,0.0,0.0,0.0,0.0,62.0,0.0,46.535652,1.0,11.0,0.0,0.0,60.496349,31872.0,14.0,0.0,0.0,0.0,0.0,0.214889,0.0,0.0,134878.9375,0.214889,654.0,0.0,1514.0,0.0,0.0,0.214889,0.214889,0.0,0.0,0.0,9.307131,0.0,VIDEO
0.0,0.0,0.0,153.25,0.430258,0.214403,-0.0,8553.007812,9203.780273,1273.0,0.0,660.0,4.0,0.0,0.214403,64128.0,1721542400.0,64.0,0.0,0.0,0.0,0.0,0.0,62.0,0.0,6.97256,0.0,4.0,0.0,0.0,16.269308,31872.0,8.0,0.0,0.0,0.0,0.0,0.430258,0.0,0.0,17756.787109,0.430258,613.0,0.0,165.0,0.0,0.0,0.430258,0.430258,0.0,0.0,0.0,6.97256,0.0,VIDEO
0.0,0.0,1.0,66.0,0.000958,0.214403,-0.0,0.0,1419624.25,405.0,0.0,339.0,2.0,0.0,0.214403,64128.0,1721542400.0,64.0,0.0,0.0,0.0,0.0,0.0,62.0,0.0,0.0,1.0,1.0,1.0,0.0,2087.682617,31872.0,3.0,0.0,0.0,25.0,0.0,0.000958,0.0,0.0,1419624.25,0.000958,66.0,0.0,169.5,0.0,0.0,0.000958,0.000958,1.0,0.0,0.0,1043.841309,0.0,VIDEO
0.0,0.001799,0.0,74.0,0.001799,0.0,-0.0,0.0,0.0,148.0,0.0,74.0,1.0,0.0,0.001799,8222720.0,1721542400.0,64.0,0.0,0.0,0.0,0.0,1.0,62.0,0.0,0.0,0.0,1.0,0.0,0.0,555.86438,4077568.0,2.0,0.0,0.0,0.0,0.0,0.001799,0.0,0.0,0.0,0.001799,74.0,0.0,74.0,0.0,0.0,0.001799,0.001799,0.0,0.0,0.0,0.0,0.0,VIDEO
0.0,0.00149,0.0,74.0,0.00149,0.0,-0.0,0.0,0.0,148.0,0.0,74.0,1.0,0.0,0.00149,8222720.0,1721542400.0,64.0,0.0,0.0,0.0,0.0,1.0,62.0,0.0,0.0,0.0,1.0,0.0,0.0,671.14093,4077568.0,2.0,0.0,0.0,0.0,0.0,0.00149,0.0,0.0,0.0,0.00149,74.0,0.0,74.0,0.0,0.0,0.00149,0.00149,0.0,0.0,0.0,0.0,0.0,VIDEO
1.0,0.001799,2.0,74.0,0.000503,0.0,-0.0,0.0,0.0,148.0,0.0,74.0,1.0,0.0,0.001799,8222720.0,1721542400.0,64.0,0.0,0.0,0.0,0.0,1.0,62.0,0.0,0.0,1.0,1.0,1.0,0.0,1988.071655,4077568.0,2.0,0.0,0.0,50.0,0.0,0.000503,0.0,0.0,0.0,0.000503,74.0,0.0,74.0,0.0,1.0,0.000503,0.000503,0.0,0.0,0.0,0.0,0.0,VIDEO
1.0,0.00149,2.0,74.0,0.000496,0.0,-0.0,0.0,0.0,148.0,0.0,74.0,1.0,0.0,0.00149,8222720.0,1721542400.0,64.0,0.0,0.0,0.0,0.0,1.0,62.0,0.0,0.0,1.0,1.0,1.0,0.0,2016.129028,4077568.0,2.0,0.0,0.0,50.0,0.0,0.000496,0.0,0.0,0.0,0.000496,74.0,0.0,74.0,0.0,1.0,0.000496,0.000496,0.0,0.0,0.0,0.0,0.0,VIDEO
1.0,0.001799,3.0,74.0,0.962921,0.0,-0.0,0.0,614.796021,222.0,0.0,148.0,2.0,0.0,0.001799,8222720.0,1721542400.0,64.0,0.0,0.0,0.0,0.0,1.0,62.0,0.0,0.0,1.0,1.0,2.0,0.0,2.077013,4077568.0,3.0,0.0,0.0,50.0,0.0,0.962921,0.0,0.0,614.796021,0.962921,74.0,0.0,74.0,0.0,1.0,0.962921,0.962921,0.0,0.0,0.0,1.038507,0.0,VIDEO
0.0,0.00149,0.0,0.0,0.0,0.0,-0.0,0.0,0.0,74.0,0.0,74.0,1.0,0.0,0.00149,905590.6520605112,1721542400.0,64.0,1.0,0.0,0.0,0.0,0.0,62.0,0.0,0.0,1.0,0.0,1.0,0.0,0.0,931391.4917946004,1.0,0.0,0.0,0.0,0.0,0.0,0.0,0.0,0.0,0.0,0.0,0.0,74.0,0.0,0.0,0.0,0.0,1.0,0.0,0.0,0.0,0.0,VIDEO
1.0,0.00149,3.0,166.5,0.953771,0.167615,-0.0,4193.878906,16901.332031,3184.0,1.0,2518.0,5.0,0.0,0.169105,64256.0,1721542400.0,64.0,0.0,0.0,0.0,0.0,0.0,62.0,0.0,3.145409,1.0,4.0,2.0,0.0,8.387757,31872.0,9.0,0.0,0.0,25.0,0.0,0.953771,0.0,0.0,21095.210938,0.953771,666.0,0.0,503.600006,0.0,1.0,0.953771,0.953771,0.0,0.0,1.0,4.193879,0.0,VIDEO
0.0,0.00149,3.0,73.199997,0.695241,0.167615,-0.0,3371.49292,128312.34375,12910.0,1.0,12544.0,9.0,0.0,0.169105,61568.0,1721542400.0,64.0,0.0,0.0,0.0,0.0,0.0,62.0,0.0,5.753401,1.0,5.0,3.0,1.0,18.698553,31872.0,14.0,0.0,0.0,17.647059,0.0,0.695241,0.0,0.0,131683.84375,0.695241,366.0,0.0,1393.777832,0.0,0.0,0.695241,0.695241,1.0,0.0,0.0,11.506802,0.0,VIDEO
0.0,0.001799,0.0,0.0,0.0,0.0,-0.0,0.0,0.0,74.0,0.0,74.0,1.0,0.0,0.001799,905590.6520605112,1721542400.0,64.0,1.0,0.0,0.0,0.0,0.0,62.0,0.0,0.0,1.0,0.0,1.0,0.0,0.0,931391.4917946004,1.0,0.0,0.0,0.0,0.0,0.0,0.0,0.0,0.0,0.0,0.0,0.0,74.0,0.0,0.0,0.0,0.0,1.0,0.0,0.0,0.0,0.0,VIDEO
0.0,0.00149,1.0,70.0,0.955975,0.167615,-0.0,8201.051758,228056.171875,29816.0,1.0,28766.0,19.0,0.0,0.169105,64128.0,1721542400.0,64.0,0.0,0.0,0.0,0.0,0.0,62.0,0.0,14.644734,1.0,15.0,1.0,1.0,34.51973,31872.0,34.0,0.0,0.0,2.857143,0.0,0.955975,0.0,0.0,236257.21875,0.955975,1050.0,0.0,1514.0,0.0,0.0,0.955975,0.955975,1.0,0.0,0.0,18.828945,0.0,VIDEO
0.0,0.00149,0.0,66.0,0.632374,0.167615,-0.0,3339.795898,172379.0,15470.0,1.0,15140.0,10.0,0.0,0.169105,64128.0,1721542400.0,64.0,0.0,0.0,0.0,0.0,0.0,62.0,0.0,6.325371,1.0,5.0,0.0,1.0,22.138798,31872.0,15.0,0.0,0.0,0.0,0.0,0.632374,0.0,0.0,175718.796875,0.632374,330.0,0.0,1514.0,0.0,0.0,0.632374,0.632374,0.0,0.0,0.0,14.232084,0.0,VIDEO
1.0,0.001799,2.0,74.0,0.000945,0.0,-0.0,0.0,0.0,148.0,0.0,74.0,1.0,0.0,0.001799,8222720.0,1721542400.0,64.0,0.0,0.0,0.0,0.0,1.0,62.0,0.0,0.0,1.0,1.0,1.0,0.0,1058.20105,4077568.0,2.0,0.0,0.0,50.0,0.0,0.000945,0.0,0.0,0.0,0.000945,74.0,0.0,74.0,0.0,1.0,0.000945,0.000945,0.0,0.0,0.0,0.0,0.0,VIDEO
0.0,0.00149,0.0,0.0,0.446978,0.167615,-0.0,0.0,27097.53125,3028.0,1.0,3028.0,2.0,0.0,0.169105,905590.6520605112,1721542400.0,64.0,0.0,0.0,0.0,0.0,0.0,62.0,0.0,0.0,1.0,0.0,1.0,0.0,2.237247,931391.4917946004,2.0,0.0,0.0,0.0,0.0,0.446978,0.0,0.0,27097.53125,0.446978,0.0,0.0,1514.0,1.0,0.0,0.446978,0.446978,1.0,0.0,0.0,2.237247,0.0,VIDEO
0.0,0.00149,5.0,75.0,0.863108,0.167615,-0.0,2085.486572,84198.039062,10898.0,1.0,10598.0,7.0,0.0,0.169105,63360.0,1721542400.0,64.0,0.0,0.0,0.0,0.0,0.0,61.0,0.0,3.475811,1.0,4.0,5.0,0.0,11.586036,31872.0,11.0,0.0,0.0,31.25,0.0,0.863108,0.0,0.0,86283.523438,0.863108,300.0,1.0,1514.0,0.0,0.0,0.863108,0.863108,1.0,0.0,0.0,6.951622,0.0,VIDEO
0.0,0.00149,2.0,75.0,0.417983,0.167615,-0.0,4306.395508,86931.765625,6356.0,1.0,6056.0,4.0,0.0,0.169105,64128.0,1721542400.0,64.0,0.0,0.0,0.0,0.0,0.0,61.0,0.0,7.177325,1.0,4.0,2.0,0.0,16.747093,31872.0,8.0,0.0,0.0,20.0,0.0,0.417983,0.0,0.0,91238.164062,0.417983,300.0,1.0,1514.0,0.0,0.0,0.417983,0.417983,1.0,0.0,0.0,7.177325,0.0,VIDEO
0.0,0.001799,0.0,0.0,0.0,0.0,-0.0,0.0,0.0,74.0,0.0,74.0,1.0,0.0,0.001799,905590.6520605112,1721542400.0,64.0,1.0,0.0,0.0,0.0,0.0,62.0,0.0,0.0,1.0,0.0,1.0,0.0,0.0,931391.4917946004,1.0,0.0,0.0,0.0,0.0,0.0,0.0,0.0,0.0,0.0,0.0,0.0,74.0,0.0,0.0,0.0,0.0,1.0,0.0,0.0,0.0,0.0,VIDEO
0.0,0.00149,2.0,72.0,0.812091,0.167615,-0.0,2127.840332,104402.09375,12400.0,1.0,12112.0,8.0,0.0,0.169105,64128.0,1721542400.0,64.0,0.0,0.0,0.0,0.0,0.0,61.0,0.0,3.694167,1.0,4.0,2.0,0.0,13.54528,31872.0,12.0,0.0,0.0,14.285714,0.0,0.812091,0.0,0.0,106529.9375,0.812091,288.0,1.0,1514.0,0.0,0.0,0.812091,0.812091,1.0,0.0,0.0,8.619723,0.0,VIDEO
0.0,0.00149,1.0,69.0,0.621268,0.167615,-0.0,2665.516357,155964.90625,13902.0,1.0,13626.0,9.0,0.0,0.169105,64128.0,1721542400.0,64.0,0.0,0.0,0.0,0.0,0.0,61.0,0.0,4.828834,1.0,4.0,1.0,1.0,19.315336,31872.0,13.0,0.0,0.0,7.142857,0.0,0.621268,0.0,0.0,158630.421875,0.621268,276.0,0.0,1514.0,0.0,0.0,0.621268,0.621268,1.0,0.0,0.0,12.876891,0.0,VIDEO
0.0,0.00149,1.0,74.0,0.603109,0.167615,-0.0,1963.160889,120495.632812,10820.0,1.0,10598.0,7.0,0.0,0.169105,64128.0,1721542400.0,64.0,0.0,0.0,0.0,0.0,0.0,61.0,0.0,3.31615,1.0,3.0,1.0,1.0,14.922676,31872.0,10.0,0.0,0.0,9.090909,0.0,0.603109,0.0,0.0,122458.789062,0.603109,222.0,0.0,1514.0,0.0,0.0,0.603109,0.603109,1.0,0.0,0.0,9.94845,0.0,VIDEO
0.0,0.00149,1.0,78.0,0.655242,0.167615,-0.0,0.0,18484.773438,3106.0,1.0,3028.0,2.0,0.0,0.169105,64128.0,1721542400.0,64.0,0.0,0.0,0.0,0.0,0.0,61.0,0.0,0.0,1.0,1.0,1.0,0.0,3.052307,31872.0,3.0,0.0,0.0,25.0,0.0,0.655242,0.0,0.0,18484.773438,0.655242,78.0,1.0,1514.0,0.0,0.0,0.655242,0.655242,1.0,0.0,0.0,1.526154,0.0,VIDEO
0.0,0.00149,0.0,0.0,0.0,0.167615,-0.0,0.0,0.0,1514.0,1.0,1514.0,1.0,0.0,0.169105,905590.6520605112,1721542400.0,64.0,0.0,0.0,0.0,0.0,0.0,61.0,0.0,0.0,1.0,0.0,1.0,0.0,0.0,931391.4917946004,1.0,0.0,0.0,0.0,0.0,0.0,0.0,0.0,0.0,0.0,0.0,0.0,1514.0,1.0,0.0,0.0,0.0,1.0,0.0,0.0,0.0,0.0,VIDEO
0.0,0.001799,0.0,0.0,0.0,0.0,-0.0,0.0,0.0,74.0,0.0,74.0,1.0,0.0,0.001799,905590.6520605112,1721542400.0,64.0,1.0,0.0,0.0,0.0,0.0,62.0,0.0,0.0,1.0,0.0,1.0,0.0,0.0,931391.4917946004,1.0,0.0,0.0,0.0,0.0,0.0,0.0,0.0,0.0,0.0,0.0,0.0,74.0,0.0,0.0,0.0,0.0,1.0,0.0,0.0,0.0,0.0,VIDEO
0.0,0.00149,1.0,66.0,0.216113,0.167615,-0.0,4886.33252,448358.03125,13824.0,1.0,13626.0,9.0,0.0,0.169105,64128.0,1721542400.0,64.0,0.0,0.0,0.0,0.0,0.0,62.0,0.0,9.254417,1.0,3.0,1.0,1.0,50.8993,31872.0,12.0,0.0,0.0,7.692308,0.0,0.216113,0.0,0.0,453244.375,0.216113,198.0,0.0,1514.0,0.0,0.0,0.216113,0.216113,1.0,0.0,0.0,37.01767,0.0,VIDEO
0.0,0.00149,0.0,0.0,0.0,0.167615,-0.0,0.0,0.0,1514.0,1.0,1514.0,1.0,0.0,0.169105,905590.6520605112,1721542400.0,64.0,0.0,0.0,0.0,0.0,0.0,62.0,0.0,0.0,1.0,0.0,0.0,0.0,0.0,931391.4917946004,1.0,0.0,0.0,0.0,0.0,0.0,0.0,0.0,0.0,0.0,0.0,0.0,1514.0,1.0,0.0,0.0,0.0,0.0,0.0,0.0,0.0,0.0,VIDEO
0.0,0.00149,5.0,73.5,0.678939,0.167615,-0.0,6068.291992,214075.203125,20270.0,1.0,19682.0,13.0,0.0,0.169105,63488.0,1721542400.0,64.0,0.0,0.0,0.0,0.0,0.0,62.0,0.0,10.310205,1.0,8.0,5.0,1.0,29.457727,31872.0,21.0,0.0,0.0,19.230769,0.0,0.678939,0.0,0.0,220143.5,0.678939,588.0,0.0,1514.0,0.0,0.0,0.678939,0.678939,1.0,0.0,0.0,17.674637,0.0,VIDEO
0.0,0.00149,2.0,73.199997,0.845703,0.167615,-0.0,6233.866699,214827.1875,24956.0,1.0,24224.0,16.0,0.0,0.169105,64128.0,1721542400.0,64.0,0.0,0.0,0.0,0.0,0.0,62.0,0.0,10.642034,1.0,10.0,2.0,1.0,29.561205,31872.0,26.0,0.0,0.0,7.142857,0.0,0.845703,0.0,0.0,221061.0625,0.845703,732.0,0.0,1514.0,0.0,0.0,0.845703,0.845703,1.0,0.0,0.0,17.736723,0.0,VIDEO
0.0,0.00149,1.0,67.199997,0.878808,0.167615,-0.0,5507.459961,261863.796875,30952.0,1.0,30280.0,20.0,0.0,0.169105,64128.0,1721542400.0,64.0,0.0,0.0,0.0,0.0,0.0,62.0,0.0,10.241144,1.0,10.0,1.0,1.0,32.999245,31872.0,30.0,0.0,0.0,3.225806,0.0,0.878808,0.0,0.0,267371.25,0.878808,672.0,0.0,1514.0,0.0,0.0,0.878808,0.878808,1.0,0.0,0.0,21.620193,0.0,VIDEO
0.0,0.00149,1.0,71.454544,0.890441,0.167615,-0.0,6423.783203,272044.96875,32580.0,1.0,31794.0,21.0,0.0,0.169105,64128.0,1721542400.0,64.0,0.0,0.0,0.0,0.0,0.0,62.0,0.0,11.230391,1.0,11.0,1.0,1.0,34.814209,31872.0,32.0,0.0,0.0,3.030303,0.0,0.890441,0.0,0.0,278468.75,0.890441,786.0,0.0,1514.0,0.0,0.0,0.890441,0.890441,1.0,0.0,0.0,22.460781,0.0,VIDEO
0.0,0.00149,0.0,0.0,0.80862,0.167615,-0.0,0.0,14978.606445,3028.0,1.0,3028.0,2.0,0.0,0.169105,905590.6520605112,1721542400.0,64.0,0.0,0.0,0.0,0.0,0.0,62.0,0.0,0.0,1.0,0.0,2.0,0.0,1.236675,931391.4917946004,2.0,0.0,0.0,0.0,0.0,0.80862,0.0,0.0,14978.606445,0.80862,0.0,0.0,1514.0,1.0,0.0,0.80862,0.80862,1.0,0.0,0.0,1.236675,0.0,VIDEO
0.0,0.00149,5.0,67.764709,0.928156,0.167615,-0.0,19281.240234,926516.625,111312.0,1.0,109008.0,72.0,0.0,0.169105,88320.0,1721542400.0,64.0,0.0,0.0,0.0,0.0,0.0,62.0,0.0,35.554367,1.0,34.0,5.0,1.0,113.127533,31872.0,106.0,0.0,0.0,4.504505,0.0,0.928156,0.0,0.0,945797.875,0.928156,2304.0,0.0,1514.0,0.0,0.0,0.928156,0.928156,1.0,0.0,0.0,76.495758,0.0,VIDEO
1.0,0.001799,2.0,70.0,0.061591,0.061098,-0.0,9092.237305,0.0,214.0,0.0,74.0,1.0,0.0,0.062897,64256.0,1721542400.0,64.0,0.0,0.0,0.0,0.0,0.0,62.0,0.0,16.236139,1.0,2.0,1.0,0.0,32.472279,4077568.0,3.0,0.0,0.0,40.0,0.0,0.061591,0.0,0.0,9092.237305,0.061591,140.0,0.0,74.0,0.0,1.0,0.061591,0.061591,0.0,0.0,0.0,0.0,0.0,VIDEO
0.0,0.00149,0.0,66.0,0.062267,0.167615,-0.0,67836.890625,424494.5,4999.0,1.0,4405.0,4.0,0.0,0.169105,117248.0,1721542400.0,64.0,0.0,0.0,0.0,0.0,0.0,62.0,0.0,128.478973,1.0,9.0,0.0,0.0,192.718445,31872.0,13.0,0.0,0.0,0.0,0.0,0.062267,0.0,0.0,492331.40625,0.062267,594.0,0.0,1101.25,0.0,0.0,0.062267,0.062267,0.0,0.0,0.0,48.179611,0.0,VIDEO
0.0,0.001799,0.0,66.0,0.062058,0.061098,-0.0,8508.169922,8508.169922,264.0,0.0,132.0,2.0,1.0,0.062897,64256.0,1721542400.0,64.0,0.0,0.0,0.0,0.0,0.0,62.0,0.0,16.113958,1.0,2.0,0.0,0.0,48.341873,31872.0,4.0,0.0,0.0,0.0,0.0,0.062058,0.0,0.0,17016.339844,0.062058,132.0,0.0,66.0,0.0,0.0,0.062058,0.062058,0.0,0.0,0.0,16.113958,0.0,VIDEO
0.0,0.001003,4.0,70.769234,0.987162,0.045113,-0.0,96357.03125,4250131.0,537908.0,1.0,525948.0,350.0,0.0,0.046116,252032.0,1721542400.0,64.0,0.0,0.0,0.0,0.0,0.0,62.0,0.0,170.18483,0.0,169.0,4.0,0.0,524.736572,31872.0,519.0,0.0,0.0,0.764818,0.0,0.987162,0.0,0.0,4346488.0,0.987162,11960.0,0.0,1502.708618,0.0,0.0,0.987162,0.987162,1.0,0.0,1.0,353.538727,0.0,VIDEO
0.0,0.001003,2.0,71.050507,0.987601,0.045113,-0.0,56403.347656,2354700.0,299236.0,1.0,292202.0,193.0,0.0,0.046116,295936.0,1721542400.0,64.0,0.0,0.0,0.0,0.0,0.0,62.0,0.0,99.230362,1.0,99.0,2.0,1.0,294.653412,31872.0,292.0,0.0,0.0,0.680272,0.0,0.987601,0.0,0.0,2411103.25,0.987601,7034.0,0.0,1514.0,0.0,0.0,0.987601,0.987601,1.0,0.0,0.0,194.410492,0.0,VIDEO
0.0,0.001003,0.0,66.909088,0.894856,0.045113,-0.0,38888.941406,1949060.0,223946.0,1.0,219530.0,145.0,0.0,0.046116,296960.0,1721542400.0,64.0,0.0,0.0,0.0,0.0,0.0,62.0,0.0,72.63739,1.0,66.0,0.0,1.0,234.674637,31872.0,211.0,0.0,0.0,0.0,0.0,0.894856,0.0,0.0,1987949.0,0.894856,4416.0,0.0,1514.0,0.0,0.0,0.894856,0.894856,0.0,0.0,0.0,160.919754,0.0,VIDEO
0.0,0.001003,0.0,0.0,0.344202,0.045113,-0.0,0.0,35188.636719,3028.0,1.0,3028.0,2.0,0.0,0.046116,905590.6520605112,1721542400.0,64.0,0.0,0.0,0.0,0.0,0.0,62.0,0.0,0.0,1.0,0.0,1.0,0.0,2.905271,931391.4917946004,2.0,0.0,0.0,0.0,0.0,0.344202,0.0,0.0,35188.636719,0.344202,0.0,0.0,1514.0,1.0,0.0,0.344202,0.344202,1.0,0.0,0.0,2.905271,0.0,VIDEO
0.0,0.001003,0.0,0.0,0.0,0.045113,-0.0,0.0,0.0,1514.0,1.0,1514.0,1.0,0.0,0.046116,905590.6520605112,1721542400.0,64.0,0.0,0.0,0.0,0.0,0.0,62.0,0.0,0.0,1.0,0.0,1.0,0.0,0.0,931391.4917946004,1.0,0.0,0.0,0.0,0.0,0.0,0.0,0.0,0.0,0.0,0.0,0.0,1514.0,1.0,0.0,0.0,0.0,1.0,0.0,0.0,0.0,0.0,VIDEO
0.0,0.001003,26.0,71.25,0.494475,0.045113,-0.0,35738.914062,1781622.875,113889.0,1.0,111609.0,75.0,0.0,0.046116,296960.0,1721542400.0,64.0,0.0,0.0,0.0,0.0,0.0,62.0,0.0,62.692753,1.0,32.0,26.0,0.0,214.368774,31872.0,107.0,0.0,0.0,19.548872,0.0,0.494475,0.0,0.0,1817361.875,0.494475,2280.0,0.0,1488.119995,0.0,0.0,0.494475,0.494475,1.0,0.0,0.0,149.653671,0.0,VIDEO
0.0,0.001629,5.0,97.5625,0.646718,0.151966,-0.0,18109.902344,551980.875,47577.0,1.0,46016.0,33.0,0.0,0.153595,62080.0,1721542400.0,64.0,0.0,0.0,0.0,0.0,0.0,62.0,0.0,23.194035,0.0,16.0,5.0,0.0,74.220909,31872.0,49.0,0.0,0.0,9.259259,0.0,0.646718,0.0,0.0,570090.75,0.646718,1561.0,0.0,1394.424194,0.0,0.0,0.646718,0.646718,1.0,0.0,1.0,49.480606,0.0,VIDEO
0.0,0.001629,0.0,0.0,0.975774,0.151966,-0.0,0.0,12412.709961,3028.0,1.0,3028.0,2.0,0.0,0.153595,905590.6520605112,1721542400.0,64.0,0.0,0.0,0.0,0.0,0.0,62.0,0.0,0.0,1.0,0.0,2.0,0.0,1.024827,931391.4917946004,2.0,0.0,0.0,0.0,0.0,0.975774,0.0,0.0,12412.709961,0.975774,0.0,0.0,1514.0,1.0,0.0,0.975774,0.975774,1.0,0.0,0.0,1.024827,0.0,VIDEO
0.0,0.001629,11.0,76.666664,0.974201,0.151966,-0.0,10708.261719,335684.3125,43772.0,1.0,42392.0,28.0,0.0,0.153595,81536.0,1721542400.0,64.0,0.0,0.0,0.0,0.0,0.0,62.0,0.0,17.450197,1.0,18.0,11.0,1.0,46.1917,31872.0,46.0,0.0,0.0,19.298246,0.0,0.974201,0.0,0.0,346392.5625,0.974201,1380.0,0.0,1514.0,0.0,0.0,0.974201,0.974201,1.0,0.0,0.0,27.715019,0.0,VIDEO
0.0,0.001629,3.0,72.181816,0.862109,0.151966,-0.0,6699.848633,196689.75,23504.0,1.0,22710.0,15.0,0.0,0.153595,119168.0,1721542400.0,64.0,0.0,0.0,0.0,0.0,0.0,62.0,0.0,11.599462,1.0,11.0,3.0,1.0,28.998653,31872.0,26.0,0.0,0.0,10.344828,0.0,0.862109,0.0,0.0,203389.59375,0.862109,794.0,0.0,1514.0,0.0,0.0,0.862109,0.862109,1.0,0.0,0.0,16.239246,0.0,VIDEO
0.0,0.001629,2.0,68.400002,0.878778,0.151966,-0.0,2494.372803,82696.65625,10940.0,1.0,10598.0,7.0,0.0,0.153595,133632.0,1721542400.0,64.0,0.0,0.0,0.0,0.0,0.0,62.0,0.0,4.551775,1.0,5.0,2.0,0.0,12.517383,31872.0,12.0,0.0,0.0,14.285714,0.0,0.878778,0.0,0.0,85191.03125,0.878778,342.0,1.0,1514.0,0.0,0.0,0.878778,0.878778,1.0,0.0,0.0,6.827663,0.0,VIDEO
0.0,0.001629,2.0,72.0,0.974673,0.151966,-0.0,5318.707031,161547.515625,21916.0,1.0,21196.0,14.0,0.0,0.153595,168448.0,1721542400.0,64.0,0.0,0.0,0.0,0.0,0.0,62.0,0.0,9.233867,1.0,10.0,2.0,1.0,23.597658,31872.0,24.0,0.0,0.0,7.692308,0.0,0.974673,0.0,0.0,166866.21875,0.974673,720.0,0.0,1514.0,0.0,0.0,0.974673,0.974673,1.0,0.0,0.0,13.337807,0.0,VIDEO
0.0,0.001629,1.0,72.0,0.910784,0.151966,-0.0,632.42218,39895.296875,6200.0,1.0,6056.0,4.0,0.0,0.153595,174208.0,1721542400.0,64.0,0.0,0.0,0.0,0.0,0.0,62.0,0.0,1.097955,1.0,2.0,1.0,0.0,5.489776,31872.0,6.0,0.0,0.0,14.285714,0.0,0.910784,0.0,0.0,40527.722656,0.910784,144.0,1.0,1514.0,0.0,0.0,0.910784,0.910784,1.0,0.0,0.0,3.293865,0.0,VIDEO
0.0,0.001629,0.0,0.0,0.0,0.151966,-0.0,0.0,0.0,1514.0,1.0,1514.0,1.0,0.0,0.153595,905590.6520605112,1721542400.0,64.0,0.0,0.0,0.0,0.0,0.0,62.0,0.0,0.0,1.0,0.0,1.0,0.0,0.0,931391.4917946004,1.0,0.0,0.0,0.0,0.0,0.0,0.0,0.0,0.0,0.0,0.0,0.0,1514.0,1.0,0.0,0.0,0.0,1.0,0.0,0.0,0.0,0.0,VIDEO
0.0,0.001629,0.0,0.0,0.0,0.151966,-0.0,0.0,0.0,1514.0,1.0,1514.0,1.0,0.0,0.153595,905590.6520605112,1721542400.0,64.0,0.0,0.0,0.0,0.0,0.0,62.0,0.0,0.0,1.0,0.0,1.0,0.0,0.0,931391.4917946004,1.0,0.0,0.0,0.0,0.0,0.0,0.0,0.0,0.0,0.0,0.0,0.0,1514.0,1.0,0.0,0.0,0.0,1.0,0.0,0.0,0.0,0.0,VIDEO
0.0,0.001629,5.0,72.85714,0.832694,0.151966,-0.0,4208.02832,160001.15625,18678.0,1.0,18168.0,12.0,0.0,0.153595,197376.0,1721542400.0,64.0,0.0,0.0,0.0,0.0,0.0,62.0,0.0,7.205528,1.0,7.0,5.0,0.0,21.616585,31872.0,19.0,0.0,0.0,20.833333,0.0,0.832694,0.0,0.0,164209.1875,0.832694,510.0,1.0,1514.0,0.0,0.0,0.832694,0.832694,1.0,0.0,0.0,13.210135,0.0,VIDEO
0.0,0.001629,3.0,72.666664,0.972249,0.151966,-0.0,4788.896973,137034.859375,18822.0,1.0,18168.0,12.0,0.0,0.153595,223488.0,1721542400.0,64.0,0.0,0.0,0.0,0.0,0.0,62.0,0.0,8.228345,1.0,9.0,3.0,0.0,20.570862,31872.0,21.0,0.0,0.0,12.5,0.0,0.972249,0.0,0.0,141823.75,0.972249,654.0,1.0,1514.0,0.0,0.0,0.972249,0.972249,1.0,0.0,0.0,11.313974,0.0,VIDEO
0.0,0.001629,2.0,70.800003,0.972039,0.151966,-0.0,5250.818359,174445.671875,23418.0,1.0,22710.0,15.0,0.0,0.153595,258176.0,1721542400.0,64.0,0.0,0.0,0.0,0.0,0.0,62.0,0.0,9.258888,1.0,10.0,2.0,0.0,24.690369,31872.0,25.0,0.0,0.0,7.407407,0.0,0.972039,0.0,0.0,179696.5,0.972039,708.0,1.0,1514.0,0.0,0.0,0.972039,0.972039,1.0,0.0,0.0,14.402715,0.0,VIDEO
0.0,0.001629,2.0,69.0,0.973448,0.151966,-0.0,8505.847656,223962.65625,29870.0,1.0,28766.0,19.0,0.0,0.153595,307456.0,1721542400.0,64.0,0.0,0.0,0.0,0.0,0.0,62.0,0.0,15.409143,1.0,16.0,2.0,1.0,34.927391,31872.0,35.0,0.0,0.0,5.405405,0.0,0.973448,0.0,0.0,232468.515625,0.973448,1104.0,0.0,1514.0,0.0,0.0,0.973448,0.973448,1.0,0.0,0.0,18.490973,0.0,VIDEO
0.0,0.001629,3.0,71.599998,0.83465,0.151966,-0.0,6182.232422,174137.671875,20398.0,1.0,19682.0,13.0,0.0,0.153595,339328.0,1721542400.0,64.0,0.0,0.0,0.0,0.0,0.0,62.0,0.0,10.782963,1.0,10.0,3.0,1.0,26.358355,31872.0,23.0,0.0,0.0,11.538462,0.0,0.83465,0.0,0.0,180319.90625,0.83465,716.0,0.0,1514.0,0.0,0.0,0.83465,0.83465,1.0,0.0,0.0,14.377284,0.0,VIDEO
0.0,0.001629,2.0,71.0,0.995516,0.151966,-0.0,6276.14209,170331.765625,23562.0,1.0,22710.0,15.0,0.0,0.153595,376960.0,1721542400.0,64.0,0.0,0.0,0.0,0.0,0.0,62.0,0.0,11.049546,1.0,12.0,2.0,0.0,26.117109,31872.0,27.0,0.0,0.0,6.896552,0.0,0.995516,0.0,0.0,176607.90625,0.995516,852.0,1.0,1514.0,0.0,0.0,0.995516,0.995516,1.0,0.0,0.0,14.063059,0.0,VIDEO
0.0,0.001629,0.0,67.0,0.97182,0.151966,-0.0,6066.967285,299117.125,38654.0,1.0,37850.0,25.0,0.0,0.153595,390016.0,1721542400.0,64.0,0.0,0.0,0.0,0.0,0.0,62.0,0.0,11.318969,1.0,12.0,0.0,1.0,37.043896,31872.0,37.0,0.0,0.0,0.0,0.0,0.97182,0.0,0.0,305184.09375,0.97182,804.0,0.0,1514.0,0.0,0.0,0.97182,0.97182,0.0,0.0,0.0,24.69593,0.0,VIDEO
0.0,0.001629,0.0,66.0,0.987431,0.151966,-0.0,8020.813477,539711.625,69186.0,1.0,68130.0,45.0,0.0,0.153595,392832.0,1721542400.0,64.0,0.0,0.0,0.0,0.0,0.0,62.0,0.0,15.190935,1.0,16.0,0.0,1.0,60.763741,31872.0,61.0,0.0,0.0,0.0,0.0,0.987431,0.0,0.0,547732.4375,0.987431,1056.0,0.0,1514.0,0.0,0.0,0.987431,0.987431,0.0,0.0,0.0,44.560078,0.0,VIDEO
0.0,0.001629,0.0,66.0,0.988028,0.151966,-0.0,9084.762695,735525.75,93542.0,1.0,92354.0,61.0,0.0,0.153595,392832.0,1721542400.0,64.0,0.0,0.0,0.0,0.0,0.0,62.0,0.0,17.20599,1.0,18.0,0.0,1.0,78.945129,31872.0,79.0,0.0,0.0,0.0,0.0,0.988028,0.0,0.0,744610.5,0.988028,1188.0,0.0,1514.0,0.0,0.0,0.988028,0.988028,0.0,0.0,0.0,60.727024,0.0,VIDEO
0.0,0.001629,0.0,66.0,0.990596,0.151966,-0.0,12259.286133,1222698.25,154498.0,1.0,152914.0,101.0,0.0,0.153595,392832.0,1721542400.0,64.0,0.0,0.0,0.0,0.0,0.0,62.0,0.0,23.218346,1.0,24.0,0.0,1.0,125.17717,31872.0,125.0,0.0,0.0,0.0,0.0,0.990596,0.0,0.0,1234957.5,0.990596,1584.0,0.0,1514.0,0.0,0.0,0.990596,0.990596,0.0,0.0,0.0,100.949326,0.0,VIDEO
0.0,0.001629,0.0,66.0,0.864134,0.151966,-0.0,31161.833984,2579007.5,283522.0,1.0,280090.0,185.0,0.0,0.153595,392832.0,1721542400.0,64.0,0.0,0.0,0.0,0.0,0.0,62.0,0.0,59.018623,1.0,52.0,0.0,1.0,273.105774,31872.0,237.0,0.0,0.0,0.0,0.0,0.864134,0.0,0.0,2610169.25,0.864134,3432.0,0.0,1514.0,0.0,0.0,0.864134,0.864134,0.0,0.0,0.0,212.929932,0.0,VIDEO
0.0,0.001629,0.0,66.0,0.988128,0.151966,-0.0,45419.214844,4535283.0,567370.0,1.0,561694.0,371.0,0.0,0.153595,392832.0,1721542400.0,64.0,0.0,0.0,0.0,0.0,0.0,62.0,0.0,86.02124,1.0,86.0,0.0,1.0,461.478668,31872.0,457.0,0.0,0.0,0.0,0.0,0.988128,0.0,0.0,4580702.0,0.988128,5676.0,0.0,1514.0,0.0,0.0,0.988128,0.988128,0.0,0.0,0.0,374.445404,0.0,VIDEO
0.0,0.001629,1.0,67.599998,0.990803,0.151966,-0.0,56770.113281,3887368.0,490064.0,1.0,482966.0,319.0,0.0,0.153595,468992.0,1721542400.0,64.0,0.0,0.0,0.0,0.0,0.0,62.0,0.0,104.965363,1.0,105.0,1.0,1.0,426.926453,31872.0,424.0,0.0,0.0,0.235294,0.0,0.990803,0.0,0.0,3944138.25,0.990803,7098.0,0.0,1514.0,0.0,0.0,0.990803,0.990803,1.0,0.0,0.0,320.951782,0.0,VIDEO
0.0,0.001629,40.0,72.779663,0.991503,0.151966,-0.0,68711.84375,2968438.75,378004.0,1.0,369416.0,244.0,0.0,0.153595,814720.0,1721542400.0,64.0,0.0,0.0,0.0,0.0,0.0,62.0,0.0,118.00267,1.0,118.0,40.0,1.0,364.093689,31872.0,362.0,0.0,0.0,9.950249,0.0,0.991503,0.0,0.0,3037150.75,0.991503,8588.0,0.0,1514.0,0.0,0.0,0.991503,0.991503,1.0,0.0,0.0,245.082458,0.0,VIDEO
0.0,0.001629,2.0,66.292686,0.957201,0.151966,-0.0,22164.623047,23242.767578,6426.0,1.0,3708.0,4.0,0.0,0.153595,971008.0,1721542400.0,64.0,0.0,0.0,0.0,0.0,0.0,62.0,0.0,41.788506,1.0,41.0,2.0,0.0,45.967358,31872.0,45.0,0.0,0.0,4.255319,0.0,0.957201,0.0,0.0,45407.390625,0.957201,2718.0,0.0,927.0,0.0,0.0,0.957201,0.957201,1.0,0.0,0.0,3.134138,0.0,VIDEO
0.0,0.001629,0.0,66.0,0.0,0.151966,-0.0,0.0,0.0,132.0,1.0,66.0,1.0,0.0,0.153595,971008.0,1721542400.0,64.0,0.0,0.0,0.0,0.0,0.0,62.0,0.0,0.0,1.0,1.0,0.0,0.0,0.0,31872.0,2.0,0.0,0.0,0.0,0.0,0.0,0.0,0.0,0.0,0.0,66.0,0.0,66.0,0.0,0.0,0.0,0.0,0.0,0.0,0.0,0.0,0.0,VIDEO
0.0,0.000996,0.0,70.61364,0.992594,0.167398,-0.0,49518.734375,3384940.75,427697.0,0.0,421483.0,281.0,0.0,0.168394,387712.0,1721542400.0,64.0,0.0,0.0,0.0,0.0,0.0,62.0,0.0,87.649132,0.0,88.0,0.0,0.0,370.745728,31872.0,369.0,0.0,0.0,0.0,0.0,0.992594,0.0,0.0,3434459.5,0.992594,6214.0,0.0,1499.939453,0.0,0.0,0.992594,0.992594,0.0,0.0,1.0,282.089142,0.0,VIDEO
0.0,0.000996,21.0,75.199997,0.993519,0.167398,-0.0,78114.257812,3937696.25,500312.0,1.0,490536.0,324.0,0.0,0.168394,768512.0,1721542400.0,64.0,0.0,0.0,0.0,0.0,0.0,62.0,0.0,129.841507,1.0,130.0,21.0,1.0,455.955048,31872.0,454.0,0.0,0.0,4.421053,0.0,0.993519,0.0,0.0,4015810.5,0.993519,9776.0,0.0,1514.0,0.0,0.0,0.993519,0.993519,1.0,0.0,0.0,325.107025,0.0,VIDEO
0.0,0.000996,2.0,66.244896,0.960042,0.167398,-0.0,80596.476562,1884667.5,237415.0,1.0,227677.0,151.0,0.0,0.168394,1382528.0,1721542400.0,64.0,0.0,0.0,0.0,0.0,0.0,62.0,0.0,152.076675,1.0,147.0,2.0,0.0,309.361481,31872.0,298.0,0.0,0.0,0.666667,0.0,0.960042,0.0,0.0,1965264.0,0.960042,9738.0,0.0,1507.794678,0.0,0.0,0.960042,0.960042,1.0,0.0,0.0,156.243164,0.0,VIDEO
0.0,0.000996,0.0,66.0,0.000997,0.167398,-0.0,529588.75,0.0,198.0,1.0,66.0,1.0,0.0,0.168394,1385344.0,1721542400.0,64.0,0.0,0.0,0.0,0.0,0.0,62.0,0.0,1003.008972,1.0,2.0,0.0,0.0,2006.017944,31872.0,3.0,0.0,0.0,0.0,0.0,0.000997,0.0,0.0,529588.75,0.000997,132.0,0.0,66.0,0.0,0.0,0.000997,0.000997,0.0,0.0,0.0,0.0,0.0,VIDEO
0.0,0.000991,0.0,70.0,0.215225,0.214234,-0.0,2601.928223,0.0,214.0,0.0,74.0,1.0,0.0,0.215225,64256.0,1721542400.0,64.0,0.0,0.0,0.0,0.0,0.0,62.0,0.0,4.6463,0.0,2.0,0.0,0.0,9.292601,4077568.0,3.0,0.0,0.0,0.0,0.0,0.215225,0.0,0.0,2601.928223,0.215225,140.0,0.0,74.0,0.0,0.0,0.215225,0.215225,0.0,0.0,0.0,0.0,0.0,VIDEO
0.0,0.000991,0.0,66.0,0.061483,0.214234,-0.0,8587.740234,0.0,198.0,0.0,66.0,1.0,1.0,0.215225,64256.0,1721542400.0,64.0,0.0,0.0,0.0,0.0,0.0,62.0,0.0,16.264658,1.0,2.0,0.0,0.0,32.529316,4077568.0,3.0,0.0,0.0,0.0,0.0,0.061483,0.0,0.0,8587.740234,0.061483,132.0,0.0,66.0,0.0,0.0,0.061483,0.061483,0.0,0.0,0.0,0.0,0.0,VIDEO
0.0,0.000994,0.0,66.698112,0.308084,0.05964,-0.0,90079.328125,2454369.5,99508.0,0.0,95973.0,66.0,0.0,0.060634,96000.0,1721542400.0,64.0,0.0,0.0,0.0,0.0,0.0,62.0,0.0,168.785126,0.0,53.0,0.0,0.0,383.012421,31872.0,119.0,0.0,0.0,0.0,0.0,0.308084,0.0,0.0,2544448.75,0.308084,3535.0,0.0,1454.136353,0.0,0.0,0.308084,0.308084,0.0,0.0,0.0,210.981415,0.0,VIDEO
0.0,0.000998,0.0,70.020622,0.940178,0.167528,-0.0,57197.679688,2805715.5,338018.0,0.0,331226.0,222.0,0.0,0.168526,389120.0,1721542400.0,64.0,0.0,0.0,0.0,0.0,0.0,62.0,0.0,102.10833,0.0,97.0,0.0,0.0,338.233826,31872.0,319.0,0.0,0.0,0.0,0.0,0.940178,0.0,0.0,2862913.25,0.940178,6792.0,0.0,1492.009033,0.0,0.0,0.940178,0.940178,0.0,0.0,0.0,235.061874,0.0,VIDEO
0.0,0.000998,0.0,66.0,0.06131,0.167528,-0.0,232523.234375,0.0,1914.0,0.0,66.0,1.0,0.0,0.168526,498048.0,1721542400.0,64.0,0.0,0.0,0.0,0.0,0.0,62.0,0.0,440.384918,1.0,28.0,0.0,0.0,456.695465,31872.0,29.0,0.0,0.0,0.0,0.0,0.06131,0.0,0.0,232523.234375,0.06131,1848.0,0.0,66.0,0.0,0.0,0.06131,0.06131,0.0,0.0,0.0,0.0,0.0,VIDEO
0.0,0.000987,0.0,196.0,0.960156,0.308303,-0.0,3266.135742,120855.359375,16301.0,0.0,15713.0,13.0,0.0,0.30929,64256.0,1721542400.0,64.0,0.0,0.0,0.0,0.0,0.0,62.0,0.0,2.082995,0.0,3.0,0.0,0.0,15.622461,31872.0,16.0,0.0,0.0,0.0,0.0,0.960156,0.0,0.0,124121.492188,0.960156,588.0,0.0,1208.692261,0.0,0.0,0.960156,0.960156,0.0,0.0,1.0,12.497969,0.0,VIDEO
0.0,0.000992,0.0,74.0,0.000992,0.0,-0.0,0.0,0.0,148.0,0.0,74.0,1.0,0.0,0.000992,8222720.0,1721542400.0,64.0,0.0,0.0,0.0,0.0,1.0,62.0,0.0,0.0,0.0,1.0,0.0,0.0,1008.064514,4077568.0,2.0,0.0,0.0,0.0,0.0,0.000992,0.0,0.0,0.0,0.000992,74.0,0.0,74.0,0.0,0.0,0.000992,0.000992,0.0,0.0,0.0,0.0,0.0,VIDEO
0.0,0.000992,0.0,0.0,0.0,0.0,-0.0,0.0,0.0,74.0,0.0,74.0,1.0,0.0,0.000992,905590.6520605112,1721542400.0,64.0,1.0,0.0,0.0,0.0,0.0,62.0,0.0,0.0,1.0,0.0,1.0,0.0,0.0,931391.4917946004,1.0,0.0,0.0,0.0,0.0,0.0,0.0,0.0,0.0,0.0,0.0,0.0,74.0,0.0,0.0,0.0,0.0,1.0,0.0,0.0,0.0,0.0,VIDEO
0.0,0.000987,0.0,0.0,0.0,0.308303,-0.0,0.0,0.0,433.0,0.0,433.0,1.0,0.0,0.30929,905590.6520605112,1721542400.0,64.0,0.0,0.0,0.0,0.0,0.0,62.0,0.0,0.0,1.0,0.0,1.0,0.0,0.0,931391.4917946004,1.0,0.0,0.0,0.0,0.0,0.0,0.0,1.0,0.0,0.0,0.0,0.0,433.0,0.0,0.0,0.0,0.0,1.0,0.0,0.0,0.0,0.0,VIDEO
0.0,0.000992,1.0,66.0,0.657187,0.657187,-0.0,0.0,0.0,140.0,0.0,74.0,1.0,0.0,0.658179,64256.0,1721542400.0,64.0,0.0,0.0,0.0,0.0,0.0,61.0,0.0,0.0,1.0,1.0,1.0,0.0,1.521637,4077568.0,2.0,0.0,0.0,33.333333,0.0,0.657187,0.0,0.0,0.0,0.657187,66.0,0.0,74.0,0.0,0.0,0.657187,0.657187,1.0,0.0,0.0,0.0,0.0,VIDEO
0.0,0.000987,0.0,0.0,0.0,0.308303,-0.0,0.0,0.0,433.0,0.0,433.0,1.0,0.0,0.30929,905590.6520605112,1721542400.0,64.0,0.0,0.0,0.0,0.0,0.0,62.0,0.0,0.0,1.0,0.0,1.0,0.0,0.0,931391.4917946004,1.0,0.0,0.0,0.0,0.0,0.0,0.0,1.0,0.0,0.0,0.0,0.0,433.0,0.0,0.0,0.0,0.0,1.0,0.0,0.0,0.0,0.0,VIDEO
0.0,0.000992,0.0,66.0,0.201698,0.657187,-0.0,2617.774902,2617.774902,264.0,0.0,132.0,2.0,1.0,0.658179,64256.0,1721542400.0,64.0,0.0,0.0,0.0,0.0,0.0,61.0,0.0,4.957907,1.0,2.0,0.0,0.0,14.873722,31872.0,4.0,0.0,0.0,0.0,0.0,0.201698,0.0,0.0,5235.549805,0.201698,132.0,0.0,66.0,0.0,0.0,0.201698,0.201698,0.0,0.0,0.0,4.957907,0.0,VIDEO
0.0,0.000987,2.0,86.0,0.623522,0.308303,-0.0,0.0,239657.953125,20201.0,1.0,20115.0,14.0,0.0,0.30929,64128.0,1721542400.0,64.0,0.0,0.0,0.0,0.0,0.0,61.0,0.0,0.0,1.0,1.0,2.0,1.0,22.453098,31872.0,15.0,0.0,0.0,11.764706,0.0,0.623522,0.0,0.0,239657.953125,0.623522,86.0,0.0,1436.785767,0.0,0.0,0.623522,0.623522,1.0,0.0,0.0,20.849304,0.0,VIDEO
0.0,0.000987,0.0,78.0,0.001491,0.308303,-0.0,0.0,0.0,144.0,1.0,66.0,1.0,0.0,0.30929,64128.0,1721542400.0,64.0,0.0,0.0,0.0,0.0,0.0,62.0,0.0,0.0,1.0,1.0,0.0,0.0,670.690857,31872.0,2.0,0.0,0.0,0.0,0.0,0.001491,0.0,0.0,0.0,0.001491,78.0,1.0,66.0,0.0,0.0,0.001491,0.001491,0.0,0.0,0.0,0.0,0.0,VIDEO
0.0,0.000987,0.0,0.0,0.0,0.308303,-0.0,0.0,0.0,1514.0,1.0,1514.0,1.0,0.0,0.30929,905590.6520605112,1721542400.0,64.0,0.0,0.0,0.0,0.0,0.0,62.0,0.0,0.0,1.0,0.0,1.0,0.0,0.0,931391.4917946004,1.0,0.0,0.0,0.0,0.0,0.0,0.0,0.0,0.0,0.0,0.0,0.0,1514.0,1.0,0.0,0.0,0.0,1.0,0.0,0.0,0.0,0.0,VIDEO
0.0,0.000987,0.0,78.0,0.0,0.308303,-0.0,0.0,0.0,144.0,1.0,66.0,1.0,0.0,0.30929,64128.0,1721542400.0,64.0,0.0,0.0,0.0,0.0,0.0,62.0,0.0,0.0,1.0,1.0,0.0,0.0,0.0,31872.0,2.0,0.0,0.0,0.0,0.0,0.0,0.0,0.0,0.0,0.0,78.0,1.0,66.0,0.0,0.0,0.0,0.0,0.0,0.0,0.0,0.0,0.0,VIDEO
0.0,0.000987,1.0,78.0,0.001002,0.308303,-0.0,0.0,24175650.0,4620.0,1.0,4542.0,3.0,0.0,0.30929,63360.0,1721542400.0,64.0,0.0,0.0,0.0,0.0,0.0,62.0,0.0,0.0,1.0,1.0,1.0,0.0,2994.012207,31872.0,4.0,0.0,0.0,20.0,0.0,0.001002,0.0,0.0,24175650.0,0.001002,78.0,1.0,1514.0,0.0,0.0,0.001002,0.001002,1.0,0.0,0.0,1996.008057,0.0,VIDEO
0.0,0.000987,18.0,68.571426,0.910606,0.308303,-0.0,7836.539551,279321.6875,34268.0,1.0,33308.0,22.0,0.0,0.30929,63488.0,1721542400.0,64.0,0.0,0.0,0.0,0.0,0.0,62.0,0.0,14.276207,1.0,14.0,18.0,1.0,38.43594,31872.0,36.0,0.0,0.0,33.333333,0.0,0.910606,0.0,0.0,287158.21875,0.910606,960.0,0.0,1514.0,0.0,0.0,0.910606,0.910606,1.0,0.0,0.0,23.061565,0.0,VIDEO
0.0,0.000987,0.0,66.0,0.972424,0.308303,-0.0,11402.433594,535585.3125,68068.0,1.0,66616.0,44.0,0.0,0.30929,122112.0,1721542400.0,64.0,0.0,0.0,0.0,0.0,0.0,62.0,0.0,21.595518,1.0,22.0,0.0,1.0,66.843269,31872.0,66.0,0.0,0.0,0.0,0.0,0.972424,0.0,0.0,546987.75,0.972424,1452.0,0.0,1514.0,0.0,0.0,0.972424,0.972424,0.0,0.0,0.0,44.219395,0.0,VIDEO
0.0,0.000987,0.0,66.0,0.984731,0.308303,-0.0,21447.480469,701088.9375,90518.0,1.0,87812.0,58.0,0.0,0.30929,281344.0,1721542400.0,64.0,0.0,0.0,0.0,0.0,0.0,62.0,0.0,40.620228,1.0,41.0,0.0,1.0,99.519562,31872.0,99.0,0.0,0.0,0.0,0.0,0.984731,0.0,0.0,722536.375,0.984731,2706.0,0.0,1514.0,0.0,0.0,0.984731,0.984731,0.0,0.0,0.0,57.883827,0.0,VIDEO
0.0,0.000987,0.0,66.0,0.863107,0.308303,-0.0,31198.912109,1090849.625,122630.0,1.0,119198.0,79.0,0.0,0.30929,507264.0,1721542400.0,64.0,0.0,0.0,0.0,0.0,0.0,62.0,0.0,59.088848,1.0,52.0,0.0,0.0,150.618637,31872.0,131.0,0.0,0.0,0.0,0.0,0.863107,0.0,0.0,1122048.625,0.863107,3432.0,0.0,1508.835449,0.0,0.0,0.863107,0.863107,0.0,0.0,0.0,90.371178,0.0,VIDEO
0.0,0.000987,0.0,66.0,0.000998,0.308303,-0.0,2645290.5,0.0,462.0,1.0,66.0,1.0,0.0,0.30929,541184.0,1721542400.0,64.0,0.0,0.0,0.0,0.0,0.0,62.0,0.0,5010.02002,1.0,6.0,0.0,0.0,6012.023926,31872.0,7.0,0.0,0.0,0.0,0.0,0.000998,0.0,0.0,2645290.5,0.000998,396.0,0.0,66.0,0.0,0.0,0.000998,0.000998,0.0,0.0,0.0,0.0,0.0,VIDEO
0.0,0.000986,0.0,74.0,0.000986,0.0,-0.0,0.0,0.0,148.0,0.0,74.0,1.0,0.0,0.000986,8222720.0,1721542400.0,64.0,0.0,0.0,0.0,0.0,1.0,62.0,0.0,0.0,0.0,1.0,0.0,0.0,1014.19873,4077568.0,2.0,0.0,0.0,0.0,0.0,0.000986,0.0,0.0,0.0,0.000986,74.0,0.0,74.0,0.0,0.0,0.000986,0.000986,0.0,0.0,0.0,0.0,0.0,VIDEO
0.0,0.000929,0.0,74.0,0.000929,0.0,-0.0,0.0,0.0,148.0,0.0,74.0,1.0,0.0,0.000929,8222720.0,1721542400.0,64.0,0.0,0.0,0.0,0.0,1.0,62.0,0.0,0.0,0.0,1.0,0.0,0.0,1076.42627,4077568.0,2.0,0.0,0.0,0.0,0.0,0.000929,0.0,0.0,0.0,0.000929,74.0,0.0,74.0,0.0,0.0,0.000929,0.000929,0.0,0.0,0.0,0.0,0.0,VIDEO
1.0,0.000986,2.0,74.0,0.0,0.0,-0.0,0.0,0.0,148.0,0.0,74.0,1.0,0.0,0.000986,8222720.0,1721542400.0,64.0,0.0,0.0,0.0,0.0,1.0,62.0,0.0,0.0,1.0,1.0,1.0,0.0,0.0,4077568.0,2.0,0.0,0.0,50.0,0.0,0.0,0.0,0.0,0.0,0.0,74.0,0.0,74.0,0.0,1.0,0.0,0.0,0.0,0.0,0.0,0.0,0.0,VIDEO
0.0,0.000929,1.0,129.666672,0.550286,0.270519,-0.0,9435.09375,450936.4375,33144.0,0.0,32366.0,24.0,0.0,0.271448,64128.0,1721542400.0,64.0,0.0,0.0,0.0,0.0,0.0,62.0,0.0,9.086185,1.0,6.0,1.0,0.0,52.699871,31872.0,30.0,0.0,0.0,3.225806,0.0,0.550286,0.0,0.0,460371.53125,0.550286,778.0,0.0,1348.583374,0.0,0.0,0.550286,0.550286,1.0,0.0,0.0,41.796448,0.0,VIDEO
0.0,0.000986,1.0,66.0,0.0,0.27621,-0.0,0.0,0.0,140.0,0.0,74.0,1.0,0.0,0.277196,64256.0,1721542400.0,64.0,0.0,0.0,0.0,0.0,0.0,62.0,0.0,0.0,1.0,1.0,1.0,0.0,0.0,4077568.0,2.0,0.0,0.0,33.333333,0.0,0.0,0.0,0.0,0.0,0.0,66.0,0.0,74.0,0.0,0.0,0.0,0.0,1.0,0.0,0.0,0.0,0.0,VIDEO
0.0,0.000929,5.0,78.0,0.983611,0.270519,-0.0,5075.177246,110824.304688,15842.0,1.0,15140.0,10.0,0.0,0.271448,64128.0,1721542400.0,64.0,0.0,0.0,0.0,0.0,0.0,62.0,0.0,8.133297,1.0,9.0,5.0,0.0,18.299917,31872.0,19.0,0.0,0.0,20.833333,0.0,0.983611,0.0,0.0,115899.476562,0.983611,702.0,1.0,1514.0,0.0,0.0,0.983611,0.983611,1.0,0.0,0.0,9.149959,0.0,VIDEO
0.0,0.000929,11.0,69.818184,0.891568,0.270519,-0.0,13163.325195,529817.125,62096.0,1.0,60560.0,40.0,0.0,0.271448,88320.0,1721542400.0,64.0,0.0,0.0,0.0,0.0,0.0,62.0,0.0,23.554008,1.0,22.0,11.0,1.0,68.418785,31872.0,62.0,0.0,0.0,15.068493,0.0,0.891568,0.0,0.0,542980.4375,0.891568,1536.0,0.0,1514.0,0.0,0.0,0.891568,0.891568,1.0,0.0,0.0,43.743156,0.0,VIDEO
0.0,0.000929,3.0,72.0,0.939075,0.270519,-0.0,10427.282227,386933.96875,48230.0,1.0,46934.0,31.0,0.0,0.271448,99968.0,1721542400.0,64.0,0.0,0.0,0.0,0.0,0.0,62.0,0.0,18.102921,1.0,18.0,3.0,1.0,51.114128,31872.0,49.0,0.0,0.0,5.769231,0.0,0.939075,0.0,0.0,397361.25,0.939075,1296.0,0.0,1514.0,0.0,0.0,0.939075,0.939075,1.0,0.0,0.0,31.946331,0.0,VIDEO
0.0,0.000929,1.0,68.285713,0.971722,0.270519,-0.0,11246.014648,560901.1875,71078.0,1.0,69644.0,46.0,0.0,0.271448,99968.0,1721542400.0,64.0,0.0,0.0,0.0,0.0,0.0,62.0,0.0,20.582018,1.0,21.0,1.0,1.0,67.920662,31872.0,67.0,0.0,0.0,1.470588,0.0,0.971722,0.0,0.0,572147.1875,0.971722,1434.0,0.0,1514.0,0.0,0.0,0.971722,0.971722,1.0,0.0,0.0,46.30954,0.0,VIDEO
0.0,0.000929,0.0,66.0,0.862692,0.270519,-0.0,29989.845703,1576024.875,174743.0,1.0,171443.0,115.0,0.0,0.271448,99968.0,1721542400.0,64.0,0.0,0.0,0.0,0.0,0.0,62.0,0.0,56.79895,1.0,50.0,0.0,0.0,190.102615,31872.0,165.0,0.0,0.0,0.0,0.0,0.862692,0.0,0.0,1606014.625,0.862692,3300.0,0.0,1490.808716,0.0,0.0,0.862692,0.862692,0.0,0.0,0.0,132.144501,0.0,VIDEO
0.0,0.000986,0.0,66.0,0.061327,0.27621,-0.0,8609.584961,0.0,198.0,0.0,66.0,1.0,1.0,0.277196,64256.0,1721542400.0,64.0,0.0,0.0,0.0,0.0,0.0,62.0,0.0,16.306032,1.0,2.0,0.0,0.0,32.612064,4077568.0,3.0,0.0,0.0,0.0,0.0,0.061327,0.0,0.0,8609.584961,0.061327,132.0,0.0,66.0,0.0,0.0,0.061327,0.061327,0.0,0.0,0.0,0.0,0.0,VIDEO
0.0,0.000993,0.0,68.785713,0.508771,0.059757,-0.0,150354.484375,5283744.5,347143.0,0.0,337513.0,227.0,0.0,0.06075,515200.0,1721542400.0,64.0,0.0,0.0,0.0,0.0,0.0,62.0,0.0,273.207397,0.0,140.0,0.0,0.0,719.380615,31872.0,367.0,0.0,0.0,0.0,0.0,0.508771,0.0,0.0,5434099.0,0.508771,9630.0,0.0,1486.841431,0.0,0.0,0.508771,0.508771,0.0,0.0,0.0,444.207703,0.0,VIDEO
0.0,0.000488,0.0,67.80851,0.26476,0.0612,-0.0,94274.0625,2581719.5,90077.0,0.0,86890.0,60.0,0.0,0.061688,81536.0,1721542400.0,64.0,0.0,0.0,0.0,0.0,0.0,62.0,0.0,173.742264,0.0,47.0,0.0,0.0,400.36261,31872.0,107.0,0.0,0.0,0.0,0.0,0.26476,0.0,0.0,2675993.5,0.26476,3187.0,0.0,1448.166626,0.0,0.0,0.26476,0.26476,0.0,0.0,0.0,222.843338,0.0,VIDEO
0.0,0.000521,0.0,71.012344,0.999247,0.168053,-0.0,45482.246094,2416996.0,309143.0,0.0,303391.0,203.0,0.0,0.168574,297344.0,1721542400.0,64.0,0.0,0.0,0.0,0.0,0.0,62.0,0.0,80.060287,0.0,81.0,0.0,0.0,283.213257,31872.0,284.0,0.0,0.0,0.0,0.0,0.999247,0.0,0.0,2462478.25,0.999247,5752.0,0.0,1494.536987,0.0,0.0,0.999247,0.999247,0.0,0.0,1.0,202.152222,0.0,VIDEO
0.0,0.000521,0.0,66.0,0.989794,0.168053,-0.0,102954.757812,5934891.5,748608.0,0.0,735804.0,486.0,0.0,0.168574,885248.0,1721542400.0,64.0,0.0,0.0,0.0,0.0,0.0,62.0,0.0,194.990067,1.0,194.0,0.0,1.0,686.001343,31872.0,680.0,0.0,0.0,0.0,0.0,0.989794,0.0,0.0,6037846.0,0.989794,12804.0,0.0,1514.0,0.0,0.0,0.989794,0.989794,0.0,0.0,0.0,490.000946,0.0,VIDEO
0.0,0.000521,0.0,66.0,0.999202,0.168053,-0.0,98814.851562,7236638.5,917780.0,0.0,905372.0,598.0,0.0,0.168574,885248.0,1721542400.0,64.0,0.0,0.0,0.0,0.0,0.0,62.0,0.0,187.149338,1.0,188.0,0.0,1.0,785.626892,31872.0,786.0,0.0,0.0,0.0,0.0,0.999202,0.0,0.0,7335453.5,0.999202,12408.0,0.0,1514.0,0.0,0.0,0.999202,0.999202,0.0,0.0,0.0,597.476807,0.0,VIDEO
0.0,0.000521,0.0,66.0,0.389304,0.168053,-0.0,130201.585938,5152806.0,258654.0,0.0,252252.0,168.0,0.0,0.168574,885248.0,1721542400.0,64.0,0.0,0.0,0.0,0.0,0.0,62.0,0.0,246.593918,1.0,97.0,0.0,0.0,678.13324,31872.0,265.0,0.0,0.0,0.0,0.0,0.389304,0.0,0.0,5283007.5,0.389304,6402.0,0.0,1501.5,0.0,0.0,0.389304,0.389304,0.0,0.0,0.0,428.970673,0.0,VIDEO
0.0,0.000629,0.0,70.0,0.168635,0.168006,-0.0,3320.781738,0.0,214.0,0.0,74.0,1.0,0.0,0.168635,64256.0,1721542400.0,64.0,0.0,0.0,0.0,0.0,0.0,62.0,0.0,5.929967,0.0,2.0,0.0,0.0,11.859935,4077568.0,3.0,0.0,0.0,0.0,0.0,0.168635,0.0,0.0,3320.781738,0.168635,140.0,0.0,74.0,0.0,0.0,0.168635,0.168635,0.0,0.0,0.0,0.0,0.0,VIDEO
0.0,0.000629,0.0,66.0,0.167191,0.168006,-0.0,3158.064697,0.0,198.0,0.0,66.0,1.0,1.0,0.168635,64256.0,1721542400.0,64.0,0.0,0.0,0.0,0.0,0.0,62.0,0.0,5.981183,1.0,2.0,0.0,0.0,11.962366,4077568.0,3.0,0.0,0.0,0.0,0.0,0.167191,0.0,0.0,3158.064697,0.167191,132.0,0.0,66.0,0.0,0.0,0.167191,0.167191,0.0,0.0,0.0,0.0,0.0,VIDEO
0.0,0.003,0.0,65.896553,0.324602,0.058745,-0.0,92593.390625,2552861.5,108863.0,0.0,105041.0,72.0,0.0,0.061745,104704.0,1721542400.0,64.0,0.0,0.0,0.0,0.0,0.0,62.0,0.0,175.599655,0.0,58.0,0.0,0.0,397.409729,31872.0,130.0,0.0,0.0,0.0,0.0,0.324602,0.0,0.0,2645454.75,0.324602,3822.0,0.0,1458.902832,0.0,0.0,0.324602,0.324602,0.0,0.0,0.0,218.729385,0.0,VIDEO
0.0,0.002036,0.0,67.192307,0.309974,0.060012,-0.0,88446.125,2361385.0,96442.0,0.0,92948.0,64.0,0.0,0.062048,90240.0,1721542400.0,64.0,0.0,0.0,0.0,0.0,0.0,62.0,0.0,164.529922,0.0,52.0,0.0,0.0,370.99884,31872.0,116.0,0.0,0.0,0.0,0.0,0.309974,0.0,0.0,2449831.25,0.309974,3494.0,0.0,1452.3125,0.0,0.0,0.309974,0.309974,0.0,0.0,0.0,203.242844,0.0,VIDEO
0.0,0.000968,0.0,70.229164,0.927672,0.153348,-0.0,57537.574219,2851533.75,338899.0,0.0,332157.0,222.0,0.0,0.154316,372480.0,1721542400.0,64.0,0.0,0.0,0.0,0.0,0.0,62.0,0.0,102.406883,0.0,96.0,0.0,0.0,341.715607,31872.0,318.0,0.0,0.0,0.0,0.0,0.927672,0.0,0.0,2909071.25,0.927672,6742.0,0.0,1496.202759,0.0,0.0,0.927672,0.927672,0.0,0.0,1.0,238.230743,0.0,VIDEO
0.0,0.000968,0.0,66.0,0.9506,0.153348,-0.0,78872.289062,4854483.5,587786.0,0.0,578348.0,382.0,0.0,0.154316,709120.0,1721542400.0,64.0,0.0,0.0,0.0,0.0,0.0,62.0,0.0,149.379333,1.0,143.0,0.0,1.0,551.230774,31872.0,525.0,0.0,0.0,0.0,0.0,0.9506,0.0,0.0,4933355.5,0.9506,9438.0,0.0,1514.0,0.0,0.0,0.9506,0.9506,0.0,0.0,0.0,400.799469,0.0,VIDEO
0.0,0.000968,3.0,94.0,0.972916,0.153348,-0.0,0.0,846543.8125,104560.0,1.0,104466.0,69.0,0.0,0.154316,709120.0,1721542400.0,64.0,0.0,0.0,0.0,0.0,0.0,62.0,0.0,0.0,1.0,1.0,3.0,1.0,70.920822,31872.0,70.0,0.0,0.0,4.109589,0.0,0.972916,0.0,0.0,846543.8125,0.972916,94.0,0.0,1514.0,0.0,0.0,0.972916,0.972916,1.0,0.0,0.0,69.892982,0.0,VIDEO
0.0,0.000968,84.0,81.050003,0.986202,0.153348,-0.0,51940.675781,2296633.0,291116.0,1.0,284632.0,188.0,0.0,0.154316,709120.0,1721542400.0,64.0,0.0,0.0,0.0,0.0,0.0,61.0,0.0,80.105293,1.0,80.0,84.0,1.0,270.735596,31872.0,268.0,0.0,0.0,23.863636,0.0,0.986202,0.0,0.0,2348573.5,0.986202,6484.0,0.0,1514.0,0.0,0.0,0.986202,0.986202,1.0,0.0,0.0,189.616333,0.0,VIDEO
0.0,0.000968,35.0,94.0,0.999994,0.153348,-0.0,57904.347656,1986380.0,257142.0,1.0,249810.0,165.0,0.0,0.154316,647936.0,1721542400.0,64.0,0.0,0.0,0.0,0.0,0.0,61.0,0.0,77.000465,1.0,78.0,35.0,1.0,242.00145,31872.0,243.0,0.0,0.0,12.589928,0.0,0.999994,0.0,0.0,2044284.25,0.999994,7332.0,0.0,1514.0,0.0,0.0,0.999994,0.999994,1.0,0.0,0.0,164.000992,0.0,VIDEO
0.0,0.000968,7.0,81.565216,0.941468,0.153348,-0.0,31193.837891,861956.0,106704.0,1.0,102952.0,68.0,0.0,0.154316,709120.0,1721542400.0,64.0,0.0,0.0,0.0,0.0,0.0,61.0,0.0,47.797695,1.0,46.0,7.0,1.0,120.025322,31872.0,114.0,0.0,0.0,5.785124,0.0,0.941468,0.0,0.0,893149.875,0.941468,3752.0,0.0,1514.0,0.0,0.0,0.941468,0.941468,1.0,0.0,0.0,71.165459,0.0,VIDEO
0.0,0.000968,3.0,72.181816,0.977616,0.153348,-0.0,18903.126953,644244.75,82624.0,1.0,80242.0,53.0,0.0,0.154316,710272.0,1721542400.0,64.0,0.0,0.0,0.0,0.0,0.0,61.0,0.0,32.732689,1.0,33.0,3.0,1.0,86.946205,31872.0,86.0,0.0,0.0,3.370787,0.0,0.977616,0.0,0.0,663147.875,0.977616,2382.0,0.0,1514.0,0.0,0.0,0.977616,0.977616,1.0,0.0,0.0,53.190617,0.0,VIDEO
0.0,0.000968,4.0,77.777779,0.928509,0.153348,-0.0,11398.919922,339158.8125,42278.0,1.0,40878.0,27.0,0.0,0.154316,709120.0,1721542400.0,64.0,0.0,0.0,0.0,0.0,0.0,61.0,0.0,18.308924,1.0,18.0,4.0,1.0,47.387802,31872.0,45.0,0.0,0.0,8.163265,0.0,0.928509,0.0,0.0,350557.71875,0.928509,1400.0,0.0,1514.0,0.0,0.0,0.928509,0.928509,1.0,0.0,0.0,28.001883,0.0,VIDEO
0.0,0.000968,0.0,67.5,0.9855,0.153348,-0.0,8223.237305,368706.25,48014.0,1.0,46934.0,31.0,0.0,0.154316,710272.0,1721542400.0,64.0,0.0,0.0,0.0,0.0,0.0,61.0,0.0,15.2207,1.0,16.0,0.0,1.0,46.676815,31872.0,47.0,0.0,0.0,0.0,0.0,0.9855,0.0,0.0,376929.5,0.9855,1080.0,0.0,1514.0,0.0,0.0,0.9855,0.9855,0.0,0.0,0.0,30.441401,0.0,VIDEO
0.0,0.000968,0.0,66.0,0.896194,0.153348,-0.0,5302.42334,283813.5625,33968.0,1.0,33308.0,22.0,0.0,0.154316,710272.0,1721542400.0,64.0,0.0,0.0,0.0,0.0,0.0,61.0,0.0,10.042469,1.0,10.0,0.0,1.0,34.590725,31872.0,32.0,0.0,0.0,0.0,0.0,0.896194,0.0,0.0,289115.96875,0.896194,660.0,0.0,1514.0,0.0,0.0,0.896194,0.896194,0.0,0.0,0.0,23.432426,0.0,VIDEO
0.0,0.000968,3.0,73.199997,0.845226,0.153348,-0.0,2773.2229,100309.265625,12478.0,1.0,12112.0,8.0,0.0,0.154316,710272.0,1721542400.0,64.0,0.0,0.0,0.0,0.0,0.0,61.0,0.0,4.732462,1.0,5.0,3.0,1.0,14.197387,31872.0,13.0,0.0,0.0,18.75,0.0,0.845226,0.0,0.0,103082.492188,0.845226,366.0,0.0,1514.0,0.0,0.0,0.845226,0.845226,1.0,0.0,0.0,8.281809,0.0,VIDEO
0.0,0.000968,1.0,78.0,0.002687,0.153348,-0.0,0.0,0.0,1592.0,1.0,1514.0,1.0,0.0,0.154316,710272.0,1721542400.0,64.0,0.0,0.0,0.0,0.0,0.0,61.0,0.0,0.0,1.0,1.0,1.0,0.0,372.162262,31872.0,2.0,0.0,0.0,33.333333,0.0,0.002687,0.0,0.0,0.0,0.002687,78.0,1.0,1514.0,0.0,0.0,0.002687,0.002687,1.0,0.0,0.0,0.0,0.0,VIDEO
0.0,0.000968,0.0,0.0,0.0,0.153348,-0.0,0.0,0.0,1514.0,1.0,1514.0,1.0,0.0,0.154316,905590.6520605112,1721542400.0,64.0,0.0,0.0,0.0,0.0,0.0,61.0,0.0,0.0,1.0,0.0,1.0,0.0,0.0,931391.4917946004,1.0,0.0,0.0,0.0,0.0,0.0,0.0,0.0,0.0,0.0,0.0,0.0,1514.0,1.0,0.0,0.0,0.0,1.0,0.0,0.0,0.0,0.0,VIDEO
0.0,0.000968,0.0,0.0,0.0,0.153348,-0.0,0.0,0.0,1514.0,1.0,1514.0,1.0,0.0,0.154316,905590.6520605112,1721542400.0,64.0,0.0,0.0,0.0,0.0,0.0,61.0,0.0,0.0,1.0,0.0,1.0,0.0,0.0,931391.4917946004,1.0,0.0,0.0,0.0,0.0,0.0,0.0,0.0,0.0,0.0,0.0,0.0,1514.0,1.0,0.0,0.0,0.0,1.0,0.0,0.0,0.0,0.0,VIDEO
0.0,0.000968,3.0,70.0,0.81808,0.153348,-0.0,11637.003906,414551.125,45166.0,1.0,43906.0,29.0,0.0,0.154316,708224.0,1721542400.0,64.0,0.0,0.0,0.0,0.0,0.0,62.0,0.0,20.780363,1.0,18.0,3.0,1.0,56.229218,31872.0,47.0,0.0,0.0,6.0,0.0,0.81808,0.0,0.0,426188.15625,0.81808,1260.0,0.0,1514.0,0.0,0.0,0.81808,0.81808,1.0,0.0,0.0,34.226482,0.0,VIDEO
0.0,0.000968,0.0,66.0,0.987158,0.153348,-0.0,8557.900391,539860.875,69252.0,1.0,68130.0,45.0,0.0,0.154316,710272.0,1721542400.0,64.0,0.0,0.0,0.0,0.0,0.0,62.0,0.0,16.208145,1.0,17.0,0.0,1.0,61.793552,31872.0,62.0,0.0,0.0,0.0,0.0,0.987158,0.0,0.0,548418.8125,0.987158,1122.0,0.0,1514.0,0.0,0.0,0.987158,0.987158,0.0,0.0,0.0,44.572399,0.0,VIDEO
0.0,0.000968,0.0,66.0,0.846885,0.153348,-0.0,10598.841797,643582.0625,70832.0,1.0,69644.0,46.0,0.0,0.154316,710272.0,1721542400.0,64.0,0.0,0.0,0.0,0.0,0.0,62.0,0.0,20.073563,1.0,18.0,0.0,1.0,74.390266,31872.0,64.0,0.0,0.0,0.0,0.0,0.846885,0.0,0.0,654180.875,0.846885,1188.0,0.0,1514.0,0.0,0.0,0.846885,0.846885,0.0,0.0,0.0,53.135902,0.0,VIDEO
0.0,0.000968,0.0,66.0,0.912232,0.153348,-0.0,15048.803711,1208236.5,141070.0,1.0,139288.0,92.0,0.0,0.154316,710272.0,1721542400.0,64.0,0.0,0.0,0.0,0.0,0.0,62.0,0.0,28.501522,1.0,27.0,0.0,1.0,129.353058,31872.0,119.0,0.0,0.0,0.0,0.0,0.912232,0.0,0.0,1223285.375,0.912232,1782.0,0.0,1514.0,0.0,0.0,0.912232,0.912232,0.0,0.0,0.0,99.755325,0.0,VIDEO
0.0,0.000968,3.0,69.400002,0.923916,0.153348,-0.0,35457.769531,1641707.75,195268.0,1.0,191104.0,127.0,0.0,0.154316,708224.0,1721542400.0,64.0,0.0,0.0,0.0,0.0,0.0,62.0,0.0,63.85862,1.0,60.0,3.0,0.0,201.317001,31872.0,187.0,0.0,0.0,1.578947,0.0,0.923916,0.0,0.0,1677165.5,0.923916,4164.0,0.0,1504.755859,0.0,0.0,0.923916,0.923916,1.0,0.0,0.0,136.376038,0.0,VIDEO
0.0,0.000968,0.0,66.0,0.002036,0.153348,-0.0,259332.03125,0.0,198.0,1.0,66.0,1.0,0.0,0.154316,705280.0,1721542400.0,64.0,0.0,0.0,0.0,0.0,0.0,62.0,0.0,491.159149,1.0,2.0,0.0,0.0,982.318298,31872.0,3.0,0.0,0.0,0.0,0.0,0.002036,0.0,0.0,259332.03125,0.002036,132.0,0.0,66.0,0.0,0.0,0.002036,0.002036,0.0,0.0,0.0,0.0,0.0,VIDEO
0.0,0.001523,9.0,89.125,0.988928,0.153205,-0.0,16583.613281,531994.25,69331.0,1.0,67192.0,47.0,0.0,0.154728,67072.0,1721542400.0,64.0,0.0,0.0,0.0,0.0,0.0,62.0,0.0,23.257507,0.0,24.0,9.0,0.0,70.783714,31872.0,71.0,0.0,0.0,11.25,0.0,0.988928,0.0,0.0,548577.8125,0.988928,2139.0,0.0,1429.617065,0.0,0.0,0.988928,0.988928,1.0,0.0,0.0,46.515015,0.0,VIDEO
0.0,0.001523,0.0,54.0,0.092559,0.153205,-0.0,37338.34375,0.0,552.0,1.0,66.0,1.0,0.0,0.154728,67072.0,1721542400.0,64.0,0.0,0.0,0.0,0.0,0.0,62.0,0.0,86.431358,1.0,9.0,0.0,0.0,97.235275,31872.0,10.0,0.0,0.0,0.0,0.0,0.092559,0.0,0.0,37338.34375,0.092559,486.0,0.0,66.0,0.0,0.0,0.092559,0.092559,0.0,0.0,0.0,0.0,0.0,VIDEO
0.0,0.000741,0.0,148.333328,0.137948,0.060164,-0.0,43030.707031,28764.460938,1509.0,0.0,619.0,5.0,0.0,0.060905,64128.0,1721542400.0,64.0,0.0,0.0,0.0,0.0,0.0,62.0,0.0,36.245541,0.0,6.0,0.0,0.0,72.491081,31872.0,11.0,0.0,0.0,0.0,0.0,0.137948,0.0,0.0,71795.164062,0.137948,890.0,0.0,123.800003,0.0,0.0,0.137948,0.137948,0.0,0.0,0.0,28.996431,0.0,VIDEO
0.0,0.000847,0.0,151.166672,0.138018,0.060211,-0.0,43820.371094,29503.398438,1543.0,0.0,636.0,5.0,0.0,0.061058,64128.0,1721542400.0,64.0,0.0,0.0,0.0,0.0,0.0,62.0,0.0,36.227161,0.0,6.0,0.0,0.0,72.454323,31872.0,11.0,0.0,0.0,0.0,0.0,0.138018,0.0,0.0,73323.773438,0.138018,907.0,0.0,127.199997,0.0,0.0,0.138018,0.138018,0.0,0.0,0.0,28.981728,0.0,VIDEO
0.0,0.001012,0.0,151.833328,0.136809,0.059161,-0.0,44441.519531,30056.5,1553.0,0.0,642.0,5.0,0.0,0.060173,64128.0,1721542400.0,64.0,0.0,0.0,0.0,0.0,0.0,62.0,0.0,36.547302,0.0,6.0,0.0,0.0,73.094604,31872.0,11.0,0.0,0.0,0.0,0.0,0.136809,0.0,0.0,74498.015625,0.136809,911.0,0.0,128.399994,0.0,0.0,0.136809,0.136809,0.0,0.0,0.0,29.237841,0.0,VIDEO
0.0,0.001073,0.0,151.333328,0.153783,0.059339,-0.0,39380.167969,26530.892578,1545.0,0.0,637.0,5.0,0.0,0.060412,64128.0,1721542400.0,64.0,0.0,0.0,0.0,0.0,0.0,62.0,0.0,32.513348,0.0,6.0,0.0,0.0,65.026695,31872.0,11.0,0.0,0.0,0.0,0.0,0.153783,0.0,0.0,65911.0625,0.153783,908.0,0.0,127.400002,0.0,0.0,0.153783,0.153783,0.0,0.0,0.0,26.010679,0.0,VIDEO
0.0,0.000967,0.0,67.830185,0.262824,0.060778,-0.0,107387.453125,2784920.75,96540.0,0.0,92945.0,64.0,0.0,0.061745,98944.0,1721542400.0,64.0,0.0,0.0,0.0,0.0,0.0,62.0,0.0,197.851028,0.0,53.0,0.0,0.0,441.359985,31872.0,117.0,0.0,0.0,0.0,0.0,0.262824,0.0,0.0,2892308.25,0.262824,3595.0,0.0,1452.265625,0.0,0.0,0.262824,0.262824,0.0,0.0,0.0,239.704132,0.0,VIDEO
0.0,0.000515,0.0,148.5,0.369012,0.169846,-0.0,16107.876953,10753.038086,1511.0,0.0,620.0,5.0,0.0,0.170361,64128.0,1721542400.0,64.0,0.0,0.0,0.0,0.0,0.0,62.0,0.0,13.549695,0.0,6.0,0.0,0.0,27.09939,31872.0,11.0,0.0,0.0,0.0,0.0,0.369012,0.0,0.0,26860.916016,0.369012,891.0,0.0,124.0,0.0,0.0,0.369012,0.369012,0.0,0.0,0.0,10.839756,0.0,VIDEO
0.0,0.001,0.0,148.5,0.309738,0.122554,-0.0,19190.412109,12810.827148,1511.0,0.0,620.0,5.0,0.0,0.123554,64128.0,1721542400.0,64.0,0.0,0.0,0.0,0.0,0.0,62.0,0.0,16.142675,0.0,6.0,0.0,0.0,32.285351,31872.0,11.0,0.0,0.0,0.0,0.0,0.309738,0.0,0.0,32001.238281,0.309738,891.0,0.0,124.0,0.0,0.0,0.309738,0.309738,0.0,0.0,0.0,12.91414,0.0,VIDEO
0.0,0.003628,0.0,148.333328,0.307695,0.13511,-0.0,19291.832031,12895.886719,1509.0,0.0,619.0,5.0,0.0,0.138738,64128.0,1721542400.0,64.0,0.0,0.0,0.0,0.0,0.0,62.0,0.0,16.249857,0.0,6.0,0.0,0.0,32.499714,31872.0,11.0,0.0,0.0,0.0,0.0,0.307695,0.0,0.0,32187.71875,0.307695,890.0,0.0,123.800003,0.0,0.0,0.307695,0.307695,0.0,0.0,0.0,12.999887,0.0,VIDEO
0.0,0.000996,0.0,148.5,0.354765,0.169525,-0.0,16754.753906,11184.869141,1511.0,0.0,620.0,5.0,0.0,0.170521,64128.0,1721542400.0,64.0,0.0,0.0,0.0,0.0,0.0,62.0,0.0,14.093837,0.0,6.0,0.0,0.0,28.187674,31872.0,11.0,0.0,0.0,0.0,0.0,0.354765,0.0,0.0,27939.623047,0.354765,891.0,0.0,124.0,0.0,0.0,0.354765,0.354765,0.0,0.0,0.0,11.275069,0.0,VIDEO
0.0,0.000496,0.0,68.422226,0.523615,0.092693,-0.0,46003.265625,1351649.625,92997.0,0.0,89918.0,62.0,0.0,0.093189,93056.0,1721542400.0,64.0,0.0,0.0,0.0,0.0,0.0,62.0,0.0,84.031204,0.0,45.0,0.0,0.0,202.438812,31872.0,107.0,0.0,0.0,0.0,0.0,0.523615,0.0,0.0,1397652.875,0.523615,3079.0,0.0,1450.290283,0.0,0.0,0.523615,0.523615,0.0,0.0,0.0,116.49781,0.0,VIDEO
0.0,0.001938,0.0,70.0,0.138905,0.136967,-0.0,4031.532227,0.0,214.0,0.0,74.0,1.0,0.0,0.138905,64256.0,1721542400.0,64.0,0.0,0.0,0.0,0.0,0.0,62.0,0.0,7.199165,0.0,2.0,0.0,0.0,14.39833,4077568.0,3.0,0.0,0.0,0.0,0.0,0.138905,0.0,0.0,4031.532227,0.138905,140.0,0.0,74.0,0.0,0.0,0.138905,0.138905,0.0,0.0,0.0,0.0,0.0,VIDEO
0.0,0.001938,0.0,66.0,0.168108,0.136967,-0.0,3140.837891,0.0,198.0,0.0,66.0,1.0,1.0,0.138905,64256.0,1721542400.0,64.0,0.0,0.0,0.0,0.0,0.0,62.0,0.0,5.948557,1.0,2.0,0.0,0.0,11.897114,4077568.0,3.0,0.0,0.0,0.0,0.0,0.168108,0.0,0.0,3140.837891,0.168108,132.0,0.0,66.0,0.0,0.0,0.168108,0.168108,0.0,0.0,0.0,0.0,0.0,VIDEO
0.0,0.001494,0.0,151.333328,0.123231,0.044573,-0.0,49143.476562,33108.550781,1545.0,0.0,637.0,5.0,0.0,0.046067,64128.0,1721542400.0,64.0,0.0,0.0,0.0,0.0,0.0,62.0,0.0,40.574207,0.0,6.0,0.0,0.0,81.148415,31872.0,11.0,0.0,0.0,0.0,0.0,0.123231,0.0,0.0,82252.03125,0.123231,908.0,0.0,127.400002,0.0,0.0,0.123231,0.123231,0.0,0.0,0.0,32.459366,0.0,VIDEO
0.0,0.002029,0.0,65.311478,0.384473,0.058917,-0.0,81545.390625,2157093.0,109091.0,0.0,105107.0,73.0,0.0,0.060946,104704.0,1721542400.0,64.0,0.0,0.0,0.0,0.0,0.0,62.0,0.0,156.05777,0.0,61.0,0.0,0.0,345.92807,31872.0,134.0,0.0,0.0,0.0,0.0,0.384473,0.0,0.0,2238638.25,0.384473,3984.0,0.0,1439.821899,0.0,0.0,0.384473,0.384473,0.0,0.0,0.0,187.269333,0.0,VIDEO
0.0,0.002497,0.0,66.943398,0.306903,0.058175,-0.0,90764.835938,2702769.25,108674.0,0.0,105126.0,73.0,0.0,0.060672,93056.0,1721542400.0,64.0,0.0,0.0,0.0,0.0,0.0,62.0,0.0,169.434647,0.0,53.0,0.0,0.0,407.2948,31872.0,126.0,0.0,0.0,0.0,0.0,0.306903,0.0,0.0,2793534.0,0.306903,3548.0,0.0,1440.082153,0.0,0.0,0.306903,0.306903,0.0,0.0,0.0,234.601807,0.0,VIDEO
0.0,0.000825,0.0,151.333328,0.138312,0.059741,-0.0,43785.066406,29498.525391,1545.0,0.0,637.0,5.0,0.0,0.060566,64128.0,1721542400.0,64.0,0.0,0.0,0.0,0.0,0.0,62.0,0.0,36.150154,0.0,6.0,0.0,0.0,72.300308,31872.0,11.0,0.0,0.0,0.0,0.0,0.138312,0.0,0.0,73283.59375,0.138312,908.0,0.0,127.400002,0.0,0.0,0.138312,0.138312,0.0,0.0,0.0,28.920124,0.0,VIDEO
0.0,0.001006,0.0,128.166672,0.13957,0.061141,-0.0,36741.421875,104893.601562,2964.0,0.0,2195.0,6.0,0.0,0.062147,64000.0,1721542400.0,64.0,0.0,0.0,0.0,0.0,0.0,62.0,0.0,35.824318,0.0,6.0,0.0,0.0,78.813499,31872.0,12.0,0.0,0.0,0.0,0.0,0.13957,0.0,0.0,141635.03125,0.13957,769.0,0.0,365.833344,0.0,0.0,0.13957,0.13957,0.0,0.0,0.0,35.824318,0.0,VIDEO
0.0,0.000487,0.0,108.14286,0.154247,0.061523,-0.0,33660.296875,30133.486328,1483.0,0.0,726.0,5.0,0.0,0.06201,64256.0,1721542400.0,64.0,0.0,0.0,0.0,0.0,0.0,62.0,0.0,38.898651,0.0,7.0,0.0,0.0,71.314194,31872.0,12.0,0.0,0.0,0.0,0.0,0.154247,0.0,0.0,63793.785156,0.154247,757.0,0.0,145.199997,0.0,0.0,0.154247,0.154247,0.0,0.0,0.0,25.932432,0.0,VIDEO
0.0,0.000488,0.0,67.926109,0.991683,0.060456,-0.0,110696.664062,7784753.5,980297.0,0.0,966508.0,641.0,0.0,0.060944,448128.0,1721542400.0,64.0,0.0,0.0,0.0,0.0,0.0,62.0,0.0,203.694122,0.0,203.0,0.0,0.0,850.070007,31872.0,844.0,0.0,0.0,0.0,0.0,0.991683,0.0,0.0,7895450.5,0.991683,13789.0,0.0,1507.812744,0.0,0.0,0.991683,0.991683,0.0,0.0,1.0,645.367493,0.0,VIDEO
0.0,0.000502,0.0,135.800003,0.155472,0.060869,-0.0,27992.179688,29896.058594,1405.0,0.0,726.0,5.0,0.0,0.061371,64128.0,1721542400.0,64.0,0.0,0.0,0.0,0.0,0.0,62.0,0.0,25.728106,0.0,5.0,0.0,0.0,57.888237,31872.0,10.0,0.0,0.0,0.0,0.0,0.155472,0.0,0.0,57888.238281,0.155472,679.0,0.0,145.199997,0.0,0.0,0.155472,0.155472,0.0,0.0,0.0,25.728106,0.0,VIDEO
0.0,0.000488,0.0,66.0,0.836598,0.060456,-0.0,190600.515625,11122943.0,1184687.0,0.0,1164689.0,771.0,0.0,0.060944,460032.0,1721542400.0,64.0,0.0,0.0,0.0,0.0,0.0,62.0,0.0,360.985809,1.0,303.0,0.0,0.0,1282.575439,31872.0,1074.0,0.0,0.0,0.0,0.0,0.836598,0.0,0.0,11313544.0,0.836598,19998.0,0.0,1510.621216,0.0,0.0,0.836598,0.836598,0.0,0.0,0.0,920.394287,0.0,VIDEO
0.0,0.000506,0.0,71.199997,0.880806,0.154454,-0.0,47856.167969,2219340.0,251180.0,0.0,245840.0,165.0,0.0,0.15496,269824.0,1721542400.0,64.0,0.0,0.0,0.0,0.0,0.0,62.0,0.0,84.013954,0.0,75.0,0.0,0.0,271.342377,31872.0,240.0,0.0,0.0,0.0,0.0,0.880806,0.0,0.0,2267196.0,0.880806,5340.0,0.0,1489.939453,0.0,0.0,0.880806,0.880806,0.0,0.0,1.0,186.1931,0.0,VIDEO
0.0,0.000506,0.0,66.0,0.216343,0.154454,-0.0,117147.304688,2123923.5,62143.0,0.0,58909.0,40.0,0.0,0.15496,458496.0,1721542400.0,64.0,0.0,0.0,0.0,0.0,0.0,62.0,0.0,221.869904,1.0,49.0,0.0,0.0,406.761475,31872.0,89.0,0.0,0.0,0.0,0.0,0.216343,0.0,0.0,2241070.75,0.216343,3234.0,0.0,1472.724976,0.0,0.0,0.216343,0.216343,0.0,0.0,0.0,180.269287,0.0,VIDEO
0.0,0.000997,0.0,70.720932,0.999763,0.153745,-0.0,48107.402344,2621677.25,335210.0,0.0,329128.0,220.0,0.0,0.154742,400384.0,1721542400.0,64.0,0.0,0.0,0.0,0.0,0.0,62.0,0.0,85.020149,0.0,86.0,0.0,0.0,305.072296,31872.0,306.0,0.0,0.0,0.0,0.0,0.999763,0.0,0.0,2669784.75,0.999763,6082.0,0.0,1496.036377,0.0,0.0,0.999763,0.999763,0.0,0.0,1.0,219.05191,0.0,VIDEO
0.0,0.000997,0.0,66.0,0.73936,0.153745,-0.0,59272.886719,3669509.0,346194.0,0.0,340650.0,225.0,0.0,0.154742,673408.0,1721542400.0,64.0,0.0,0.0,0.0,0.0,0.0,62.0,0.0,112.259254,1.0,84.0,0.0,1.0,416.576508,31872.0,309.0,0.0,0.0,0.0,0.0,0.73936,0.0,0.0,3728781.75,0.73936,5544.0,0.0,1514.0,0.0,0.0,0.73936,0.73936,0.0,0.0,0.0,302.964722,0.0,VIDEO
0.0,0.000997,0.0,0.0,0.824017,0.153745,-0.0,0.0,14698.726562,3028.0,0.0,3028.0,2.0,0.0,0.154742,905590.6520605112,1721542400.0,64.0,0.0,0.0,0.0,0.0,0.0,62.0,0.0,0.0,1.0,0.0,2.0,0.0,1.213567,931391.4917946004,2.0,0.0,0.0,0.0,0.0,0.824017,0.0,0.0,14698.726562,0.824017,0.0,0.0,1514.0,1.0,0.0,0.824017,0.824017,1.0,0.0,0.0,1.213567,0.0,VIDEO
0.0,0.000997,0.0,0.0,0.0,0.153745,-0.0,0.0,0.0,1514.0,0.0,1514.0,1.0,0.0,0.154742,905590.6520605112,1721542400.0,64.0,0.0,0.0,0.0,0.0,0.0,62.0,0.0,0.0,1.0,0.0,1.0,0.0,0.0,931391.4917946004,1.0,0.0,0.0,0.0,0.0,0.0,0.0,0.0,0.0,0.0,0.0,0.0,1514.0,1.0,0.0,0.0,0.0,1.0,0.0,0.0,0.0,0.0,VIDEO
0.0,0.000997,37.0,77.463921,0.324439,0.153745,-0.0,183381.171875,10666634.0,441605.0,1.0,434091.0,288.0,0.0,0.154742,690688.0,1721542400.0,64.0,0.0,0.0,0.0,0.0,0.0,62.0,0.0,295.895386,1.0,97.0,37.0,0.0,1183.581543,31872.0,385.0,0.0,0.0,8.767773,0.0,0.324439,0.0,0.0,10850015.0,0.324439,7514.0,0.0,1507.260376,0.0,0.0,0.324439,0.324439,1.0,0.0,0.0,884.603943,0.0,VIDEO
0.0,0.000881,0.0,71.527023,0.989692,0.0,-0.0,42211.113281,2207862.75,279923.0,0.0,274630.0,184.0,0.0,0.000881,299776.0,1721542400.0,64.0,0.0,0.0,0.0,0.0,0.0,62.0,0.0,73.760323,0.0,74.0,0.0,0.0,259.676758,31872.0,258.0,0.0,0.0,0.0,0.0,0.989692,0.0,0.0,2250073.75,0.989692,5293.0,0.0,1492.554321,0.0,0.0,0.989692,0.989692,0.0,0.0,1.0,184.906021,0.0,VIDEO
0.0,0.000905,0.0,70.0,0.171322,0.170417,-0.0,3268.69873,0.0,214.0,0.0,74.0,1.0,0.0,0.171322,64256.0,1721542400.0,64.0,0.0,0.0,0.0,0.0,0.0,62.0,0.0,5.836962,0.0,2.0,0.0,0.0,11.673923,4077568.0,3.0,0.0,0.0,0.0,0.0,0.171322,0.0,0.0,3268.69873,0.171322,140.0,0.0,74.0,0.0,0.0,0.171322,0.171322,0.0,0.0,0.0,0.0,0.0,VIDEO
0.0,0.000881,0.0,66.0,0.989873,0.0,-0.0,73609.445312,4331513.5,546644.0,0.0,537470.0,355.0,0.0,0.000881,573440.0,1721542400.0,64.0,0.0,0.0,0.0,0.0,0.0,62.0,0.0,139.411819,1.0,139.0,0.0,1.0,498.043701,31872.0,494.0,0.0,0.0,0.0,0.0,0.989873,0.0,0.0,4405122.5,0.989873,9174.0,0.0,1514.0,0.0,0.0,0.989873,0.989873,0.0,0.0,0.0,357.621643,0.0,VIDEO
0.0,0.000881,0.0,66.0,0.961106,0.0,-0.0,62078.480469,5658364.5,688824.0,0.0,681300.0,450.0,0.0,0.000881,573440.0,1721542400.0,64.0,0.0,0.0,0.0,0.0,0.0,62.0,0.0,117.572876,1.0,114.0,0.0,1.0,585.783447,31872.0,564.0,0.0,0.0,0.0,0.0,0.961106,0.0,0.0,5720443.0,0.961106,7524.0,0.0,1514.0,0.0,0.0,0.961106,0.961106,0.0,0.0,0.0,467.170105,0.0,VIDEO
0.0,0.000881,0.0,66.0,0.999566,0.0,-0.0,84516.679688,5673622.0,721032.0,0.0,710406.0,470.0,0.0,0.000881,573440.0,1721542400.0,64.0,0.0,0.0,0.0,0.0,0.0,62.0,0.0,160.069473,1.0,161.0,0.0,0.0,630.273499,31872.0,631.0,0.0,0.0,0.0,0.0,0.999566,0.0,0.0,5758139.0,0.999566,10626.0,0.0,1511.502075,0.0,0.0,0.999566,0.999566,0.0,0.0,0.0,469.203613,0.0,VIDEO
0.0,0.000881,0.0,66.0,0.03045,0.0,-0.0,208078.828125,0.0,924.0,0.0,66.0,1.0,0.0,0.000881,573440.0,1721542400.0,64.0,0.0,0.0,0.0,0.0,0.0,62.0,0.0,394.088684,1.0,13.0,0.0,0.0,426.929413,31872.0,14.0,0.0,0.0,0.0,0.0,0.03045,0.0,0.0,208078.828125,0.03045,858.0,0.0,66.0,0.0,0.0,0.03045,0.03045,0.0,0.0,0.0,0.0,0.0,VIDEO
0.0,0.000905,0.0,66.0,0.183461,0.170417,-0.0,2877.99585,0.0,198.0,0.0,66.0,1.0,1.0,0.171322,64256.0,1721542400.0,64.0,0.0,0.0,0.0,0.0,0.0,62.0,0.0,5.45075,1.0,2.0,0.0,0.0,10.9015,4077568.0,3.0,0.0,0.0,0.0,0.0,0.183461,0.0,0.0,2877.99585,0.183461,132.0,0.0,66.0,0.0,0.0,0.183461,0.183461,0.0,0.0,0.0,0.0,0.0,VIDEO
0.0,0.000994,0.0,70.41304,0.977259,0.183461,-0.0,52456.925781,3413269.25,424933.0,0.0,418455.0,279.0,0.0,0.184455,365312.0,1721542400.0,64.0,0.0,0.0,0.0,0.0,0.0,62.0,0.0,93.117592,0.0,92.0,0.0,0.0,378.609985,31872.0,371.0,0.0,0.0,0.0,0.0,0.977259,0.0,0.0,3465726.25,0.977259,6478.0,0.0,1499.838745,0.0,0.0,0.977259,0.977259,0.0,0.0,1.0,284.469116,0.0,VIDEO
0.0,0.000994,0.0,66.0,0.847956,0.183461,-0.0,138856.265625,6476666.0,702783.0,0.0,687999.0,456.0,0.0,0.184455,1019520.0,1721542400.0,64.0,0.0,0.0,0.0,0.0,0.0,62.0,0.0,262.985352,1.0,224.0,0.0,0.0,800.749084,31872.0,680.0,0.0,0.0,0.0,0.0,0.847956,0.0,0.0,6615522.5,0.847956,14784.0,0.0,1508.769775,0.0,0.0,0.847956,0.847956,0.0,0.0,0.0,536.584473,0.0,VIDEO
0.0,0.0005,0.0,70.0,0.183545,0.183045,-0.0,3051.022949,0.0,214.0,0.0,74.0,1.0,0.0,0.183545,64256.0,1721542400.0,64.0,0.0,0.0,0.0,0.0,0.0,62.0,0.0,5.448256,0.0,2.0,0.0,0.0,10.896511,4077568.0,3.0,0.0,0.0,0.0,0.0,0.183545,0.0,0.0,3051.022949,0.183545,140.0,0.0,74.0,0.0,0.0,0.183545,0.183545,0.0,0.0,0.0,0.0,0.0,VIDEO
0.0,0.0005,0.0,66.0,0.061353,0.183045,-0.0,8605.935547,0.0,198.0,0.0,66.0,1.0,1.0,0.183545,64256.0,1721542400.0,64.0,0.0,0.0,0.0,0.0,0.0,62.0,0.0,16.299122,1.0,2.0,0.0,0.0,32.598244,4077568.0,3.0,0.0,0.0,0.0,0.0,0.061353,0.0,0.0,8605.935547,0.061353,132.0,0.0,66.0,0.0,0.0,0.061353,0.061353,0.0,0.0,0.0,0.0,0.0,VIDEO
0.0,0.001482,0.0,66.755104,0.263986,0.06058,-0.0,97126.367188,2772662.25,96216.0,0.0,92945.0,64.0,0.0,0.062062,50048.0,1721542400.0,64.0,0.0,0.0,0.0,0.0,0.0,62.0,0.0,181.827835,0.0,49.0,0.0,0.0,424.264923,31872.0,113.0,0.0,0.0,0.0,0.0,0.263986,0.0,0.0,2869788.75,0.263986,3271.0,0.0,1452.265625,0.0,0.0,0.263986,0.263986,0.0,0.0,0.0,238.649033,0.0,VIDEO
0.0,0.000654,0.0,68.565788,0.49295,0.059005,-0.0,168033.265625,5352380.5,341714.0,0.0,331292.0,223.0,0.0,0.059659,561408.0,1721542400.0,64.0,0.0,0.0,0.0,0.0,0.0,62.0,0.0,306.319092,0.0,152.0,0.0,0.0,758.697632,31872.0,375.0,0.0,0.0,0.0,0.0,0.49295,0.0,0.0,5520414.0,0.49295,10422.0,0.0,1485.61438,0.0,0.0,0.49295,0.49295,0.0,0.0,0.0,450.349945,0.0,VIDEO
0.0,0.00154,0.0,68.746475,0.556222,0.060617,-0.0,139426.34375,4533024.5,326419.0,0.0,316657.0,213.0,0.0,0.062157,522624.0,1721542400.0,64.0,0.0,0.0,0.0,0.0,0.0,62.0,0.0,253.495895,0.0,142.0,0.0,0.0,636.436523,31872.0,355.0,0.0,0.0,0.0,0.0,0.556222,0.0,0.0,4672450.5,0.556222,9762.0,0.0,1486.652588,0.0,0.0,0.556222,0.556222,0.0,0.0,0.0,381.142761,0.0,VIDEO
0.0,0.001495,0.0,70.431816,0.953387,0.153062,-0.0,51420.878906,3056462.75,371939.0,0.0,365741.0,245.0,0.0,0.154557,314496.0,1721542400.0,64.0,0.0,0.0,0.0,0.0,0.0,62.0,0.0,91.253601,0.0,88.0,0.0,0.0,348.232147,31872.0,333.0,0.0,0.0,0.0,0.0,0.953387,0.0,0.0,3107883.75,0.953387,6198.0,0.0,1492.820435,0.0,0.0,0.953387,0.953387,0.0,0.0,0.0,255.929642,0.0,VIDEO
0.0,0.001495,0.0,66.0,0.093352,0.153062,-0.0,282800.59375,0.0,3432.0,0.0,66.0,1.0,0.0,0.154557,581376.0,1721542400.0,64.0,0.0,0.0,0.0,0.0,0.0,62.0,0.0,535.607178,1.0,51.0,0.0,0.0,546.319336,31872.0,52.0,0.0,0.0,0.0,0.0,0.093352,0.0,0.0,282800.59375,0.093352,3366.0,0.0,66.0,0.0,0.0,0.093352,0.093352,0.0,0.0,0.0,0.0,0.0,VIDEO
0.0,0.000994,0.0,70.285713,0.93975,0.153888,-0.0,53852.621094,2608532.0,314311.0,0.0,307915.0,206.0,0.0,0.154882,327424.0,1721542400.0,64.0,0.0,0.0,0.0,0.0,0.0,62.0,0.0,95.770149,0.0,91.0,0.0,0.0,314.977386,31872.0,297.0,0.0,0.0,0.0,0.0,0.93975,0.0,0.0,2662384.75,0.93975,6396.0,0.0,1494.733032,0.0,0.0,0.93975,0.93975,0.0,0.0,1.0,218.143112,0.0,VIDEO
0.0,0.000994,0.0,66.0,0.183674,0.153888,-0.0,135108.953125,1227784.0,32766.0,0.0,29598.0,21.0,0.0,0.154882,583680.0,1721542400.0,64.0,0.0,0.0,0.0,0.0,0.0,62.0,0.0,255.888153,1.0,48.0,0.0,0.0,370.221161,31872.0,69.0,0.0,0.0,0.0,0.0,0.183674,0.0,0.0,1362892.875,0.183674,3168.0,0.0,1409.428589,0.0,0.0,0.183674,0.183674,0.0,0.0,0.0,108.88858,0.0,VIDEO
0.0,0.001084,0.0,67.403847,0.431573,0.154724,-0.0,63729.65625,1752102.125,99479.0,0.0,95974.0,66.0,0.0,0.155808,70528.0,1721542400.0,64.0,0.0,0.0,0.0,0.0,0.0,62.0,0.0,118.172356,0.0,52.0,0.0,0.0,271.101288,31872.0,118.0,0.0,0.0,0.0,0.0,0.431573,0.0,0.0,1815831.875,0.431573,3505.0,0.0,1454.151489,0.0,0.0,0.431573,0.431573,0.0,0.0,0.0,150.611832,0.0,VIDEO
0.0,0.000492,0.0,85.333336,0.876656,0.169443,-0.0,15577.375977,959208.625,108363.0,0.0,106571.0,73.0,0.0,0.169935,107648.0,1721542400.0,64.0,0.0,0.0,0.0,0.0,0.0,62.0,0.0,22.813967,0.0,21.0,0.0,0.0,106.084938,31872.0,94.0,0.0,0.0,0.0,0.0,0.876656,0.0,0.0,974786.0,0.876656,1792.0,0.0,1459.876709,0.0,0.0,0.876656,0.876656,0.0,0.0,1.0,82.13028,0.0,VIDEO
0.0,0.000492,0.0,0.0,0.984853,0.169443,-0.0,0.0,12298.28125,3028.0,0.0,3028.0,2.0,0.0,0.169935,905590.6520605112,1721542400.0,64.0,0.0,0.0,0.0,0.0,0.0,62.0,0.0,0.0,1.0,0.0,2.0,0.0,1.01538,931391.4917946004,2.0,0.0,0.0,0.0,0.0,0.984853,0.0,0.0,12298.28125,0.984853,0.0,0.0,1514.0,1.0,0.0,0.984853,0.984853,1.0,0.0,0.0,1.01538,0.0,VIDEO
0.0,0.000492,16.0,71.380531,0.989254,0.169443,-0.0,64654.78125,5374927.0,674226.0,1.0,666160.0,440.0,0.0,0.169935,623872.0,1721542400.0,64.0,0.0,0.0,0.0,0.0,0.0,62.0,0.0,113.216629,1.0,113.0,16.0,1.0,557.996216,31872.0,553.0,0.0,0.0,2.811951,0.0,0.989254,0.0,0.0,5439582.0,0.989254,8066.0,0.0,1514.0,0.0,0.0,0.989254,0.989254,1.0,0.0,0.0,443.768738,0.0,VIDEO
0.0,0.000492,0.0,66.0,0.988649,0.169443,-0.0,121766.164062,6701330.5,844786.0,1.0,829672.0,548.0,0.0,0.169935,2053504.0,1721542400.0,64.0,0.0,0.0,0.0,0.0,0.0,62.0,0.0,230.617737,1.0,229.0,0.0,1.0,784.909485,31872.0,777.0,0.0,0.0,0.0,0.0,0.988649,0.0,0.0,6823097.0,0.988649,15114.0,0.0,1514.0,0.0,0.0,0.988649,0.988649,0.0,0.0,0.0,553.280273,0.0,VIDEO
0.0,0.000492,0.0,66.0,0.879628,0.169443,-0.0,92439.078125,5392352.0,604646.0,1.0,594416.0,394.0,0.0,0.169935,2053504.0,1721542400.0,64.0,0.0,0.0,0.0,0.0,0.0,62.0,0.0,175.074005,1.0,155.0,0.0,0.0,622.990601,31872.0,549.0,0.0,0.0,0.0,0.0,0.879628,0.0,0.0,5484791.5,0.879628,10230.0,0.0,1508.670044,0.0,0.0,0.879628,0.879628,0.0,0.0,0.0,446.779785,0.0,VIDEO
0.0,0.000971,0.0,67.695656,0.724326,0.168907,-0.0,33653.355469,1144048.375,108155.0,0.0,105041.0,72.0,0.0,0.169878,104704.0,1721542400.0,64.0,0.0,0.0,0.0,0.0,0.0,62.0,0.0,62.12672,0.0,46.0,0.0,0.0,161.52948,31872.0,118.0,0.0,0.0,0.0,0.0,0.724326,0.0,0.0,1177701.75,0.724326,3114.0,0.0,1458.902832,0.0,0.0,0.724326,0.724326,0.0,0.0,0.0,98.022156,0.0,VIDEO
0.0,0.001605,0.0,66.703705,0.462415,0.120893,-0.0,61174.484375,1582924.375,96550.0,0.0,92948.0,64.0,0.0,0.122498,98944.0,1721542400.0,64.0,0.0,0.0,0.0,0.0,0.0,62.0,0.0,114.615654,0.0,54.0,0.0,0.0,253.01947,31872.0,118.0,0.0,0.0,0.0,0.0,0.462415,0.0,0.0,1644098.875,0.462415,3602.0,0.0,1452.3125,0.0,0.0,0.462415,0.462415,0.0,0.0,0.0,136.241257,0.0,VIDEO
0.0,0.000496,0.0,67.449997,0.990989,0.061662,-0.0,151920.953125,11126953.0,1398731.0,0.0,1379845.0,914.0,0.0,0.062158,671872.0,1721542400.0,64.0,0.0,0.0,0.0,0.0,0.0,62.0,0.0,281.536926,0.0,280.0,0.0,0.0,1203.847778,31872.0,1194.0,0.0,0.0,0.0,0.0,0.990989,0.0,0.0,11278874.0,0.990989,18886.0,0.0,1509.677246,0.0,0.0,0.990989,0.990989,0.0,0.0,1.0,921.301819,0.0,VIDEO
0.0,0.001966,0.0,70.0,0.092282,0.090316,-0.0,6068.355957,0.0,214.0,0.0,74.0,1.0,0.0,0.092282,64256.0,1721542400.0,64.0,0.0,0.0,0.0,0.0,0.0,62.0,0.0,10.836349,0.0,2.0,0.0,0.0,21.672699,4077568.0,3.0,0.0,0.0,0.0,0.0,0.092282,0.0,0.0,6068.355957,0.092282,140.0,0.0,74.0,0.0,0.0,0.092282,0.092282,0.0,0.0,0.0,0.0,0.0,VIDEO
0.0,0.000496,0.0,66.0,0.634531,0.061662,-0.0,179735.890625,10370027.0,838344.0,0.0,824022.0,546.0,0.0,0.062158,671872.0,1721542400.0,64.0,0.0,0.0,0.0,0.0,0.0,62.0,0.0,340.408875,1.0,217.0,0.0,0.0,1200.886963,31872.0,763.0,0.0,0.0,0.0,0.0,0.634531,0.0,0.0,10549763.0,0.634531,14322.0,0.0,1509.197754,0.0,0.0,0.634531,0.634531,0.0,0.0,0.0,858.902039,0.0,VIDEO
0.0,0.001966,0.0,66.0,0.062326,0.090316,-0.0,8471.584961,0.0,198.0,0.0,66.0,1.0,1.0,0.092282,64256.0,1721542400.0,64.0,0.0,0.0,0.0,0.0,0.0,62.0,0.0,16.044668,1.0,2.0,0.0,0.0,32.089336,4077568.0,3.0,0.0,0.0,0.0,0.0,0.062326,0.0,0.0,8471.584961,0.062326,132.0,0.0,66.0,0.0,0.0,0.062326,0.062326,0.0,0.0,0.0,0.0,0.0,VIDEO
0.0,0.001004,0.0,148.833328,0.139271,0.060067,-0.0,42794.261719,28606.097656,1515.0,0.0,622.0,5.0,0.0,0.061071,64128.0,1721542400.0,64.0,0.0,0.0,0.0,0.0,0.0,62.0,0.0,35.901226,0.0,6.0,0.0,0.0,71.802452,31872.0,11.0,0.0,0.0,0.0,0.0,0.139271,0.0,0.0,71400.359375,0.139271,893.0,0.0,124.400002,0.0,0.0,0.139271,0.139271,0.0,0.0,0.0,28.720982,0.0,VIDEO
0.0,0.000995,0.0,164.800003,0.340378,0.168162,-0.0,15512.166992,11657.62793,1443.0,0.0,619.0,5.0,0.0,0.169157,64128.0,1721542400.0,64.0,0.0,0.0,0.0,0.0,0.0,62.0,0.0,11.751641,0.0,5.0,0.0,0.0,26.441193,31872.0,10.0,0.0,0.0,0.0,0.0,0.340378,0.0,0.0,27169.794922,0.340378,824.0,0.0,123.800003,0.0,0.0,0.340378,0.340378,0.0,0.0,0.0,11.751641,0.0,VIDEO
0.0,0.000989,0.0,151.166672,0.139061,0.060599,-0.0,43491.703125,29282.113281,1543.0,0.0,636.0,5.0,0.0,0.061588,64128.0,1721542400.0,64.0,0.0,0.0,0.0,0.0,0.0,62.0,0.0,35.955444,0.0,6.0,0.0,0.0,71.910889,31872.0,11.0,0.0,0.0,0.0,0.0,0.139061,0.0,0.0,72773.820312,0.139061,907.0,0.0,127.199997,0.0,0.0,0.139061,0.139061,0.0,0.0,0.0,28.764355,0.0,VIDEO
0.0,0.001088,0.0,70.0,0.061522,0.060434,-0.0,9102.43457,0.0,214.0,0.0,74.0,1.0,0.0,0.061522,64256.0,1721542400.0,64.0,0.0,0.0,0.0,0.0,0.0,62.0,0.0,16.254349,0.0,2.0,0.0,0.0,32.508698,4077568.0,3.0,0.0,0.0,0.0,0.0,0.061522,0.0,0.0,9102.43457,0.061522,140.0,0.0,74.0,0.0,0.0,0.061522,0.061522,0.0,0.0,0.0,0.0,0.0,VIDEO
0.0,0.001088,0.0,66.0,0.493422,0.060434,-0.0,1070.078003,2140.156006,330.0,0.0,198.0,3.0,1.0,0.061522,64256.0,1721542400.0,64.0,0.0,0.0,0.0,0.0,0.0,62.0,0.0,2.026663,1.0,2.0,0.0,0.0,8.106651,31872.0,5.0,0.0,0.0,0.0,0.0,0.493422,0.0,0.0,3210.233887,0.493422,132.0,0.0,66.0,0.0,0.0,0.493422,0.493422,0.0,0.0,0.0,4.053326,0.0,VIDEO
0.0,0.000988,0.0,151.833328,0.354655,0.168235,-0.0,17143.421875,11594.366211,1553.0,0.0,642.0,5.0,0.0,0.169223,64128.0,1721542400.0,64.0,0.0,0.0,0.0,0.0,0.0,62.0,0.0,14.098208,0.0,6.0,0.0,0.0,28.196417,31872.0,11.0,0.0,0.0,0.0,0.0,0.354655,0.0,0.0,28737.787109,0.354655,911.0,0.0,128.399994,0.0,0.0,0.354655,0.354655,0.0,0.0,0.0,11.278566,0.0,VIDEO
0.0,0.000993,0.0,151.333328,0.341272,0.154105,-0.0,17745.376953,11955.273438,1545.0,0.0,637.0,5.0,0.0,0.155098,64128.0,1721542400.0,64.0,0.0,0.0,0.0,0.0,0.0,62.0,0.0,14.651071,0.0,6.0,0.0,0.0,29.302141,31872.0,11.0,0.0,0.0,0.0,0.0,0.341272,0.0,0.0,29700.650391,0.341272,908.0,0.0,127.400002,0.0,0.0,0.341272,0.341272,0.0,0.0,0.0,11.720857,0.0,VIDEO
0.0,0.001004,0.0,66.454544,0.263518,0.060216,-0.0,108956.5,2777586.25,96600.0,0.0,92945.0,64.0,0.0,0.06122,96000.0,1721542400.0,64.0,0.0,0.0,0.0,0.0,0.0,62.0,0.0,204.919586,0.0,55.0,0.0,0.0,447.787231,31872.0,119.0,0.0,0.0,0.0,0.0,0.263518,0.0,0.0,2886542.75,0.263518,3655.0,0.0,1452.265625,0.0,0.0,0.263518,0.263518,0.0,0.0,0.0,239.072845,0.0,VIDEO
0.0,0.001489,0.0,148.5,0.138646,0.059813,-0.0,42871.773438,28619.648438,1511.0,0.0,620.0,5.0,0.0,0.061302,64128.0,1721542400.0,64.0,0.0,0.0,0.0,0.0,0.0,62.0,0.0,36.063065,0.0,6.0,0.0,0.0,72.126129,31872.0,11.0,0.0,0.0,0.0,0.0,0.138646,0.0,0.0,71491.421875,0.138646,891.0,0.0,124.0,0.0,0.0,0.138646,0.138646,0.0,0.0,0.0,28.850452,0.0,VIDEO
0.0,0.001493,0.0,148.5,0.138157,0.046487,-0.0,43023.519531,28720.949219,1511.0,0.0,620.0,5.0,0.0,0.04798,64128.0,1721542400.0,64.0,0.0,0.0,0.0,0.0,0.0,62.0,0.0,36.190712,0.0,6.0,0.0,0.0,72.381424,31872.0,11.0,0.0,0.0,0.0,0.0,0.138157,0.0,0.0,71744.46875,0.138157,891.0,0.0,124.0,0.0,0.0,0.138157,0.138157,0.0,0.0,0.0,28.95257,0.0,VIDEO
0.0,0.000997,0.0,164.800003,0.155274,0.075303,-0.0,34004.402344,25554.824219,1443.0,0.0,619.0,5.0,0.0,0.0763,64128.0,1721542400.0,64.0,0.0,0.0,0.0,0.0,0.0,62.0,0.0,25.760912,0.0,5.0,0.0,0.0,57.962051,31872.0,10.0,0.0,0.0,0.0,0.0,0.155274,0.0,0.0,59559.222656,0.155274,824.0,0.0,123.800003,0.0,0.0,0.155274,0.155274,0.0,0.0,0.0,25.760912,0.0,VIDEO
0.0,0.000497,0.0,148.5,0.139766,0.06176,-0.0,42528.226562,28390.310547,1511.0,0.0,620.0,5.0,0.0,0.062257,64128.0,1721542400.0,64.0,0.0,0.0,0.0,0.0,0.0,62.0,0.0,35.774082,0.0,6.0,0.0,0.0,71.548164,31872.0,11.0,0.0,0.0,0.0,0.0,0.139766,0.0,0.0,70918.539062,0.139766,891.0,0.0,124.0,0.0,0.0,0.139766,0.139766,0.0,0.0,0.0,28.619265,0.0,VIDEO
0.0,0.000497,0.0,71.078949,0.690407,0.166896,-0.0,30474.779297,990047.9375,89591.0,0.0,86890.0,60.0,0.0,0.167393,84480.0,1721542400.0,64.0,0.0,0.0,0.0,0.0,0.0,62.0,0.0,53.591579,0.0,38.0,0.0,0.0,140.496841,31872.0,98.0,0.0,0.0,0.0,0.0,0.690407,0.0,0.0,1020522.6875,0.690407,2701.0,0.0,1448.166626,0.0,0.0,0.690407,0.690407,0.0,0.0,0.0,85.456841,0.0,VIDEO
0.0,0.001473,0.0,151.333328,0.13861,0.060432,-0.0,43690.929688,29435.105469,1545.0,0.0,637.0,5.0,0.0,0.061905,64128.0,1721542400.0,64.0,0.0,0.0,0.0,0.0,0.0,62.0,0.0,36.072433,0.0,6.0,0.0,0.0,72.144867,31872.0,11.0,0.0,0.0,0.0,0.0,0.13861,0.0,0.0,73126.03125,0.13861,908.0,0.0,127.400002,0.0,0.0,0.13861,0.13861,0.0,0.0,0.0,28.857946,0.0,VIDEO
0.0,0.002075,0.0,70.714287,0.370408,0.060152,-0.0,62633.636719,1814258.875,88395.0,0.0,85425.0,60.0,0.0,0.062227,98944.0,1721542400.0,64.0,0.0,0.0,0.0,0.0,0.0,62.0,0.0,110.688751,0.0,42.0,0.0,0.0,272.672302,31872.0,102.0,0.0,0.0,0.0,0.0,0.370408,0.0,0.0,1876892.5,0.370408,2970.0,0.0,1423.75,0.0,0.0,0.370408,0.370408,0.0,0.0,0.0,159.283813,0.0,VIDEO
0.0,0.000485,0.0,65.292305,0.539222,0.105434,-0.0,62000.4375,1538305.125,109370.0,0.0,105126.0,73.0,0.0,0.105919,70528.0,1721542400.0,64.0,0.0,0.0,0.0,0.0,0.0,62.0,0.0,118.689522,0.0,65.0,0.0,0.0,254.069748,31872.0,138.0,0.0,0.0,0.0,0.0,0.539222,0.0,0.0,1600305.625,0.539222,4244.0,0.0,1440.082153,0.0,0.0,0.539222,0.539222,0.0,0.0,0.0,133.525711,0.0,VIDEO
0.0,0.000497,0.0,151.333328,0.306949,0.138336,-0.0,19729.662109,13292.111328,1545.0,0.0,637.0,5.0,0.0,0.138833,64128.0,1721542400.0,64.0,0.0,0.0,0.0,0.0,0.0,62.0,0.0,16.289352,0.0,6.0,0.0,0.0,32.578705,31872.0,11.0,0.0,0.0,0.0,0.0,0.306949,0.0,0.0,33021.773438,0.306949,908.0,0.0,127.400002,0.0,0.0,0.306949,0.306949,0.0,0.0,0.0,13.031481,0.0,VIDEO
0.0,0.0015,2.0,121.0,0.323098,0.061673,-0.0,17975.970703,51550.921875,3276.0,1.0,2429.0,7.0,0.0,0.063173,64128.0,1721542400.0,64.0,0.0,0.0,0.0,0.0,0.0,62.0,0.0,18.570217,0.0,7.0,2.0,0.0,40.23547,31872.0,14.0,0.0,0.0,12.5,0.0,0.323098,0.0,0.0,69526.890625,0.323098,847.0,0.0,347.0,0.0,0.0,0.323098,0.323098,1.0,0.0,0.0,18.570217,0.0,VIDEO
0.0,0.000994,0.0,132.199997,0.14046,0.062435,-0.0,30129.574219,33091.273438,1387.0,0.0,726.0,5.0,0.0,0.063429,64128.0,1721542400.0,64.0,0.0,0.0,0.0,0.0,0.0,62.0,0.0,28.477859,0.0,5.0,0.0,0.0,64.07518,31872.0,10.0,0.0,0.0,0.0,0.0,0.14046,0.0,0.0,63220.847656,0.14046,661.0,0.0,145.199997,0.0,0.0,0.14046,0.14046,0.0,0.0,0.0,28.477859,0.0,VIDEO
0.0,0.001529,0.0,69.103172,0.988395,0.060072,-0.0,69915.367188,3668784.25,463483.0,0.0,454776.0,303.0,0.0,0.061601,352640.0,1721542400.0,64.0,0.0,0.0,0.0,0.0,0.0,62.0,0.0,126.467659,0.0,126.0,0.0,0.0,433.025269,31872.0,429.0,0.0,0.0,0.0,0.0,0.988395,0.0,0.0,3738699.75,0.988395,8707.0,0.0,1500.910889,0.0,0.0,0.988395,0.988395,0.0,0.0,1.0,305.545868,0.0,VIDEO
0.0,0.001529,7.0,72.976746,0.971324,0.060072,-0.0,51097.265625,2132297.75,266684.0,1.0,260408.0,172.0,0.0,0.061601,385024.0,1721542400.0,64.0,0.0,0.0,0.0,0.0,0.0,62.0,0.0,87.509415,1.0,86.0,7.0,1.0,264.587311,31872.0,258.0,0.0,0.0,2.641509,0.0,0.971324,0.0,0.0,2183395.0,0.971324,6276.0,0.0,1514.0,0.0,0.0,0.971324,0.971324,1.0,0.0,0.0,176.048355,0.0,VIDEO
0.0,0.001529,0.0,66.0,0.988725,0.060072,-0.0,41119.625,2866528.0,360938.0,1.0,355790.0,235.0,0.0,0.061601,385024.0,1721542400.0,64.0,0.0,0.0,0.0,0.0,0.0,62.0,0.0,77.878075,1.0,78.0,0.0,1.0,315.557922,31872.0,313.0,0.0,0.0,0.0,0.0,0.988725,0.0,0.0,2907647.75,0.988725,5148.0,0.0,1514.0,0.0,0.0,0.988725,0.988725,0.0,0.0,0.0,236.668442,0.0,VIDEO
0.0,0.001529,0.0,66.0,0.987097,0.060072,-0.0,48676.066406,4441857.0,555654.0,1.0,549582.0,363.0,0.0,0.061601,385024.0,1721542400.0,64.0,0.0,0.0,0.0,0.0,0.0,62.0,0.0,92.189522,1.0,92.0,0.0,1.0,459.934509,31872.0,455.0,0.0,0.0,0.0,0.0,0.987097,0.0,0.0,4490533.0,0.987097,6072.0,0.0,1514.0,0.0,0.0,0.987097,0.987097,0.0,0.0,0.0,366.731934,0.0,VIDEO
0.0,0.001529,0.0,66.0,0.989806,0.060072,-0.0,51743.472656,4200120.0,527641.0,1.0,521173.0,345.0,0.0,0.061601,385024.0,1721542400.0,64.0,0.0,0.0,0.0,0.0,0.0,62.0,0.0,97.999001,1.0,98.0,0.0,0.0,446.552155,31872.0,443.0,0.0,0.0,0.0,0.0,0.989806,0.0,0.0,4251863.5,0.989806,6468.0,0.0,1510.646362,0.0,0.0,0.989806,0.989806,0.0,0.0,0.0,347.542847,0.0,VIDEO
0.0,0.001529,0.0,66.0,0.000497,0.060072,-0.0,1062374.25,0.0,198.0,1.0,66.0,1.0,0.0,0.061601,385024.0,1721542400.0,64.0,0.0,0.0,0.0,0.0,0.0,62.0,0.0,2012.072388,1.0,2.0,0.0,0.0,4024.144775,31872.0,3.0,0.0,0.0,0.0,0.0,0.000497,0.0,0.0,1062374.25,0.000497,132.0,0.0,66.0,0.0,0.0,0.000497,0.000497,0.0,0.0,0.0,0.0,0.0,VIDEO
0.0,0.001105,10.0,104.5,0.98657,0.120282,-0.0,9325.238281,307951.78125,40540.0,1.0,39286.0,30.0,0.0,0.121387,63488.0,1721542400.0,64.0,0.0,0.0,0.0,0.0,0.0,62.0,0.0,11.149741,0.0,12.0,10.0,0.0,41.558125,31872.0,42.0,0.0,0.0,19.230769,0.0,0.98657,0.0,0.0,317277.03125,0.98657,1254.0,0.0,1309.533325,0.0,0.0,0.98657,0.98657,1.0,0.0,1.0,29.394772,0.0,VIDEO
0.0,0.001105,1.0,67.714287,0.973344,0.120282,-0.0,18928.558594,659516.0625,84126.0,1.0,81756.0,54.0,0.0,0.121387,116864.0,1721542400.0,64.0,0.0,0.0,0.0,0.0,0.0,62.0,0.0,34.931122,1.0,35.0,1.0,1.0,90.409966,31872.0,89.0,0.0,0.0,1.111111,0.0,0.973344,0.0,0.0,678444.625,0.973344,2370.0,0.0,1514.0,0.0,0.0,0.973344,0.973344,1.0,0.0,0.0,54.451458,0.0,VIDEO
0.0,0.001105,0.0,66.0,0.988323,0.120282,-0.0,20835.294922,1188745.0,151012.0,1.0,148372.0,98.0,0.0,0.121387,116864.0,1721542400.0,64.0,0.0,0.0,0.0,0.0,0.0,62.0,0.0,39.460785,1.0,40.0,0.0,1.0,138.618652,31872.0,138.0,0.0,0.0,0.0,0.0,0.988323,0.0,0.0,1209580.25,0.988323,2640.0,0.0,1514.0,0.0,0.0,0.988323,0.988323,0.0,0.0,0.0,98.146057,0.0,VIDEO
0.0,0.001105,0.0,66.0,0.384487,0.120282,-0.0,27465.167969,1006223.875,51211.0,1.0,49825.0,34.0,0.0,0.121387,116864.0,1721542400.0,64.0,0.0,0.0,0.0,0.0,0.0,62.0,0.0,52.017365,1.0,21.0,0.0,0.0,140.446884,31872.0,55.0,0.0,0.0,0.0,0.0,0.384487,0.0,0.0,1033689.0625,0.384487,1386.0,0.0,1465.441162,0.0,0.0,0.384487,0.384487,0.0,0.0,0.0,85.828651,0.0,VIDEO
0.0,0.000618,33.0,80.40625,0.941455,0.106117,-0.0,43048.261719,1922148.125,232836.0,1.0,227690.0,153.0,0.0,0.106735,142208.0,1721542400.0,64.0,0.0,0.0,0.0,0.0,0.0,62.0,0.0,66.917694,0.0,64.0,33.0,0.0,229.432098,31872.0,217.0,0.0,0.0,13.2,0.0,0.941455,0.0,0.0,1965196.375,0.941455,5146.0,0.0,1488.169922,0.0,0.0,0.941455,0.941455,1.0,0.0,1.0,161.452225,0.0,VIDEO
0.0,0.000618,21.0,82.848488,0.913154,0.106117,-0.0,23233.759766,822362.9375,98116.0,1.0,95382.0,63.0,0.0,0.106735,216704.0,1721542400.0,64.0,0.0,0.0,0.0,0.0,0.0,62.0,0.0,35.043377,1.0,33.0,21.0,1.0,104.035027,31872.0,96.0,0.0,0.0,17.948718,0.0,0.913154,0.0,0.0,845596.6875,0.913154,2734.0,0.0,1514.0,0.0,0.0,0.913154,0.913154,1.0,0.0,0.0,67.896545,0.0,VIDEO
0.0,0.000618,16.0,82.0,0.881974,0.106117,-0.0,11156.791992,357053.625,42190.0,1.0,40878.0,27.0,0.0,0.106735,271744.0,1721542400.0,64.0,0.0,0.0,0.0,0.0,0.0,62.0,0.0,17.007305,1.0,16.0,16.0,1.0,47.620453,31872.0,43.0,0.0,0.0,27.118644,0.0,0.881974,0.0,0.0,368210.40625,0.881974,1312.0,0.0,1514.0,0.0,0.0,0.881974,0.881974,1.0,0.0,0.0,29.479328,0.0,VIDEO
0.0,0.000618,6.0,66.0,0.848891,0.106117,-0.0,16793.675781,870349.625,95716.0,1.0,93868.0,62.0,0.0,0.106735,279424.0,1721542400.0,64.0,0.0,0.0,0.0,0.0,0.0,62.0,0.0,31.806202,1.0,28.0,6.0,1.0,104.842667,31872.0,90.0,0.0,0.0,6.25,0.0,0.848891,0.0,0.0,887143.3125,0.848891,1848.0,0.0,1514.0,0.0,0.0,0.848891,0.848891,1.0,0.0,0.0,71.858459,0.0,VIDEO
0.0,0.000618,8.0,72.375,0.972971,0.106117,-0.0,18450.703125,734459.6875,93156.0,1.0,90840.0,60.0,0.0,0.106735,280576.0,1721542400.0,64.0,0.0,0.0,0.0,0.0,0.0,62.0,0.0,31.861176,1.0,32.0,8.0,1.0,93.527962,31872.0,92.0,0.0,0.0,8.0,0.0,0.972971,0.0,0.0,752910.375,0.972971,2316.0,0.0,1514.0,0.0,0.0,0.972971,0.972971,1.0,0.0,0.0,60.639011,0.0,VIDEO
0.0,0.000618,1.0,69.0,0.988626,0.106117,-0.0,10608.663086,428797.125,55884.0,1.0,54504.0,36.0,0.0,0.106735,280576.0,1721542400.0,64.0,0.0,0.0,0.0,0.0,0.0,62.0,0.0,19.218592,1.0,20.0,1.0,1.0,55.632767,31872.0,56.0,0.0,0.0,1.754386,0.0,0.988626,0.0,0.0,439405.8125,0.988626,1380.0,0.0,1514.0,0.0,0.0,0.988626,0.988626,1.0,0.0,0.0,35.402668,0.0,VIDEO
0.0,0.000618,0.0,66.0,0.984823,0.106117,-0.0,11795.012695,701023.4375,89330.0,1.0,87812.0,58.0,0.0,0.106735,280576.0,1721542400.0,64.0,0.0,0.0,0.0,0.0,0.0,62.0,0.0,22.339041,1.0,23.0,0.0,1.0,81.232872,31872.0,81.0,0.0,0.0,0.0,0.0,0.984823,0.0,0.0,712818.4375,0.984823,1518.0,0.0,1514.0,0.0,0.0,0.984823,0.984823,0.0,0.0,0.0,57.878422,0.0,VIDEO
0.0,0.000618,1.0,68.307693,0.970041,0.106117,-0.0,14086.00293,749164.25,94130.0,1.0,92354.0,61.0,0.0,0.106735,280576.0,1721542400.0,64.0,0.0,0.0,0.0,0.0,0.0,62.0,0.0,25.772108,1.0,26.0,1.0,1.0,88.656052,31872.0,87.0,0.0,0.0,1.136364,0.0,0.970041,0.0,0.0,763250.25,0.970041,1776.0,0.0,1514.0,0.0,0.0,0.970041,0.970041,1.0,0.0,0.0,61.853058,0.0,VIDEO
0.0,0.000618,0.0,66.0,0.914459,0.106117,-0.0,16166.936523,1139069.125,133632.0,1.0,131718.0,87.0,0.0,0.106735,280576.0,1721542400.0,64.0,0.0,0.0,0.0,0.0,0.0,62.0,0.0,30.619198,1.0,29.0,0.0,1.0,125.757416,31872.0,116.0,0.0,0.0,0.0,0.0,0.914459,0.0,0.0,1155236.0,0.914459,1914.0,0.0,1514.0,0.0,0.0,0.914459,0.914459,0.0,0.0,0.0,94.044678,0.0,VIDEO
0.0,0.000618,3.0,68.742859,0.976862,0.106117,-0.0,19147.023438,929916.375,117470.0,1.0,115064.0,76.0,0.0,0.106735,280576.0,1721542400.0,64.0,0.0,0.0,0.0,0.0,0.0,62.0,0.0,34.805325,1.0,35.0,3.0,1.0,112.605461,31872.0,111.0,0.0,0.0,2.631579,0.0,0.976862,0.0,0.0,949063.4375,0.976862,2406.0,0.0,1514.0,0.0,0.0,0.976862,0.976862,1.0,0.0,0.0,76.776451,0.0,VIDEO
0.0,0.000618,0.0,66.0,0.991969,0.106117,-0.0,18097.339844,1135535.5,144626.0,1.0,142316.0,94.0,0.0,0.106735,279424.0,1721542400.0,64.0,0.0,0.0,0.0,0.0,0.0,62.0,0.0,34.275265,1.0,35.0,0.0,1.0,129.036285,31872.0,129.0,0.0,0.0,0.0,0.0,0.991969,0.0,0.0,1153632.875,0.991969,2310.0,0.0,1514.0,0.0,0.0,0.991969,0.991969,0.0,0.0,0.0,93.75293,0.0,VIDEO
0.0,0.000618,11.0,75.333336,0.988156,0.106117,-0.0,19519.185547,588344.3125,76672.0,1.0,74186.0,49.0,0.0,0.106735,278528.0,1721542400.0,64.0,0.0,0.0,0.0,0.0,0.0,62.0,0.0,32.383549,1.0,33.0,11.0,1.0,81.970863,31872.0,82.0,0.0,0.0,11.827957,0.0,0.988156,0.0,0.0,607863.5,0.988156,2486.0,0.0,1514.0,0.0,0.0,0.988156,0.988156,1.0,0.0,0.0,48.575325,0.0,VIDEO
0.0,0.000618,4.0,68.666664,0.881653,0.106117,-0.0,4990.625488,107797.507812,13817.0,1.0,13199.0,10.0,0.0,0.106735,279424.0,1721542400.0,64.0,0.0,0.0,0.0,0.0,0.0,62.0,0.0,9.073865,1.0,9.0,4.0,0.0,20.416195,31872.0,19.0,0.0,0.0,17.391304,0.0,0.881653,0.0,0.0,112788.132812,0.881653,618.0,0.0,1319.900024,0.0,0.0,0.881653,0.881653,1.0,0.0,0.0,10.208097,0.0,VIDEO
0.0,0.000526,0.0,74.0,0.000526,0.0,-0.0,0.0,0.0,148.0,0.0,74.0,1.0,0.0,0.000526,8222720.0,1721542400.0,64.0,0.0,0.0,0.0,0.0,1.0,62.0,0.0,0.0,0.0,1.0,0.0,0.0,1901.140747,4077568.0,2.0,0.0,0.0,0.0,0.0,0.000526,0.0,0.0,0.0,0.000526,74.0,0.0,74.0,0.0,0.0,0.000526,0.000526,0.0,0.0,0.0,0.0,0.0,VIDEO
0.0,0.000491,0.0,74.0,0.000491,0.0,-0.0,0.0,0.0,148.0,0.0,74.0,1.0,0.0,0.000491,8222720.0,1721542400.0,64.0,0.0,0.0,0.0,0.0,1.0,62.0,0.0,0.0,0.0,1.0,0.0,0.0,2036.65979,4077568.0,2.0,0.0,0.0,0.0,0.0,0.000491,0.0,0.0,0.0,0.000491,74.0,0.0,74.0,0.0,0.0,0.000491,0.000491,0.0,0.0,0.0,0.0,0.0,VIDEO
0.0,0.000526,3.0,96.647057,0.556593,0.226186,-0.0,22235.277344,749934.0,55229.0,1.0,53586.0,38.0,0.0,0.226712,64128.0,1721542400.0,64.0,0.0,0.0,0.0,0.0,0.0,62.0,0.0,28.746319,1.0,17.0,3.0,0.0,97.018829,31872.0,55.0,0.0,0.0,5.172414,0.0,0.556593,0.0,0.0,772169.25,0.556593,1643.0,0.0,1410.157837,0.0,0.0,0.556593,0.556593,1.0,0.0,0.0,66.475861,0.0,VIDEO
0.0,0.000491,0.0,0.0,0.0,0.0,-0.0,0.0,0.0,74.0,0.0,74.0,1.0,0.0,0.000491,905590.6520605112,1721542400.0,64.0,1.0,0.0,0.0,0.0,0.0,62.0,0.0,0.0,1.0,0.0,1.0,0.0,0.0,931391.4917946004,1.0,0.0,0.0,0.0,0.0,0.0,0.0,0.0,0.0,0.0,0.0,0.0,74.0,0.0,0.0,0.0,0.0,1.0,0.0,0.0,0.0,0.0,VIDEO
0.0,0.000526,7.0,73.090912,0.834745,0.226186,-0.0,14711.080078,623922.3125,68224.0,1.0,66616.0,44.0,0.0,0.226712,171264.0,1721542400.0,64.0,0.0,0.0,0.0,0.0,0.0,62.0,0.0,25.157383,1.0,22.0,7.0,1.0,77.868095,31872.0,66.0,0.0,0.0,9.589041,0.0,0.834745,0.0,0.0,638633.375,0.834745,1608.0,0.0,1514.0,0.0,0.0,0.834745,0.834745,1.0,0.0,0.0,51.512737,0.0,VIDEO
1.0,0.000491,2.0,70.0,0.276809,0.276319,-0.0,2023.055542,0.0,214.0,0.0,74.0,1.0,0.0,0.27681,64256.0,1721542400.0,64.0,0.0,0.0,0.0,0.0,0.0,62.0,0.0,3.612599,1.0,2.0,1.0,0.0,7.225198,4077568.0,3.0,0.0,0.0,40.0,0.0,0.276809,0.0,0.0,2023.055542,0.276809,140.0,0.0,74.0,0.0,1.0,0.276809,0.276809,0.0,0.0,0.0,0.0,0.0,VIDEO
0.0,0.000526,4.0,71.199997,0.910947,0.226186,-0.0,18134.972656,598322.375,71780.0,1.0,69644.0,46.0,0.0,0.226712,298240.0,1721542400.0,64.0,0.0,0.0,0.0,0.0,0.0,62.0,0.0,31.835001,1.0,30.0,4.0,1.0,82.331902,31872.0,76.0,0.0,0.0,5.0,0.0,0.910947,0.0,0.0,616457.375,0.910947,2136.0,0.0,1514.0,0.0,0.0,0.910947,0.910947,1.0,0.0,0.0,49.399139,0.0,VIDEO
0.0,0.000526,2.0,70.695656,0.986705,0.226186,-0.0,12615.725586,331430.375,44018.0,1.0,42392.0,28.0,0.0,0.226712,310784.0,1721542400.0,64.0,0.0,0.0,0.0,0.0,0.0,62.0,0.0,22.296431,1.0,23.0,2.0,1.0,50.673706,31872.0,51.0,0.0,0.0,3.773585,0.0,0.986705,0.0,0.0,344046.09375,0.986705,1626.0,0.0,1514.0,0.0,0.0,0.986705,0.986705,1.0,0.0,0.0,27.363802,0.0,VIDEO
0.0,0.000526,2.0,72.85714,0.894025,0.226186,-0.0,3919.353271,135477.1875,17164.0,1.0,16654.0,11.0,0.0,0.226712,310784.0,1721542400.0,64.0,0.0,0.0,0.0,0.0,0.0,62.0,0.0,6.711222,1.0,7.0,2.0,1.0,19.015127,31872.0,18.0,0.0,0.0,10.0,0.0,0.894025,0.0,0.0,139396.546875,0.894025,510.0,0.0,1514.0,0.0,0.0,0.894025,0.894025,1.0,0.0,0.0,11.185369,0.0,VIDEO
0.0,0.000526,2.0,68.400002,0.787046,0.226186,-0.0,2785.097656,184670.265625,20024.0,1.0,19682.0,13.0,0.0,0.226712,311936.0,1721542400.0,64.0,0.0,0.0,0.0,0.0,0.0,62.0,0.0,5.082295,1.0,5.0,2.0,1.0,21.599754,31872.0,18.0,0.0,0.0,10.0,0.0,0.787046,0.0,0.0,187455.375,0.787046,342.0,0.0,1514.0,0.0,0.0,0.787046,0.787046,1.0,0.0,0.0,15.246885,0.0,VIDEO
0.0,0.000491,0.0,66.0,0.263333,0.276319,-0.0,2005.065918,0.0,198.0,0.0,66.0,1.0,1.0,0.27681,64256.0,1721542400.0,64.0,0.0,0.0,0.0,0.0,0.0,62.0,0.0,3.797473,1.0,2.0,0.0,0.0,7.594946,4077568.0,3.0,0.0,0.0,0.0,0.0,0.263333,0.0,0.0,2005.065918,0.263333,132.0,0.0,66.0,0.0,0.0,0.263333,0.263333,0.0,0.0,0.0,0.0,0.0,VIDEO
0.0,0.000526,0.0,66.0,0.835017,0.226186,-0.0,2529.289795,275596.78125,30610.0,1.0,30280.0,20.0,0.0,0.226712,311936.0,1721542400.0,64.0,0.0,0.0,0.0,0.0,0.0,62.0,0.0,4.790321,1.0,5.0,0.0,1.0,28.741928,31872.0,25.0,0.0,0.0,0.0,0.0,0.835017,0.0,0.0,278126.0625,0.835017,330.0,0.0,1514.0,0.0,0.0,0.835017,0.835017,0.0,0.0,0.0,22.754026,0.0,VIDEO
0.0,0.000526,0.0,0.0,0.488271,0.226186,-0.0,0.0,24805.896484,3028.0,1.0,3028.0,2.0,0.0,0.226712,905590.6520605112,1721542400.0,64.0,0.0,0.0,0.0,0.0,0.0,62.0,0.0,0.0,1.0,0.0,1.0,0.0,2.048043,931391.4917946004,2.0,0.0,0.0,0.0,0.0,0.488271,0.0,0.0,24805.896484,0.488271,0.0,0.0,1514.0,1.0,0.0,0.488271,0.488271,1.0,0.0,0.0,2.048043,0.0,VIDEO
0.0,0.000526,0.0,0.0,0.0,0.226186,-0.0,0.0,0.0,1514.0,1.0,1514.0,1.0,0.0,0.226712,905590.6520605112,1721542400.0,64.0,0.0,0.0,0.0,0.0,0.0,62.0,0.0,0.0,1.0,0.0,1.0,0.0,0.0,931391.4917946004,1.0,0.0,0.0,0.0,0.0,0.0,0.0,0.0,0.0,0.0,0.0,0.0,1514.0,1.0,0.0,0.0,0.0,1.0,0.0,0.0,0.0,0.0,VIDEO
0.0,0.000526,0.0,0.0,0.0,0.226186,-0.0,0.0,0.0,1514.0,1.0,1514.0,1.0,0.0,0.226712,905590.6520605112,1721542400.0,64.0,0.0,0.0,0.0,0.0,0.0,62.0,0.0,0.0,1.0,0.0,1.0,0.0,0.0,931391.4917946004,1.0,0.0,0.0,0.0,0.0,0.0,0.0,0.0,0.0,0.0,0.0,0.0,1514.0,1.0,0.0,0.0,0.0,1.0,0.0,0.0,0.0,0.0,VIDEO
0.0,0.000526,2.0,67.30909,0.926182,0.226186,-0.0,31397.716797,1909292.125,226260.0,1.0,222558.0,147.0,0.0,0.226712,311936.0,1721542400.0,64.0,0.0,0.0,0.0,0.0,0.0,62.0,0.0,58.303879,1.0,55.0,2.0,1.0,217.019989,31872.0,202.0,0.0,0.0,0.980392,0.0,0.926182,0.0,0.0,1940689.875,0.926182,3702.0,0.0,1514.0,0.0,0.0,0.926182,0.926182,1.0,0.0,0.0,157.636414,0.0,VIDEO
0.0,0.000526,0.0,66.0,0.972907,0.226186,-0.0,35818.429688,3622743.0,446510.0,1.0,442088.0,292.0,0.0,0.226712,311936.0,1721542400.0,64.0,0.0,0.0,0.0,0.0,0.0,62.0,0.0,67.837936,1.0,67.0,0.0,1.0,367.969391,31872.0,359.0,0.0,0.0,0.0,0.0,0.972907,0.0,0.0,3658561.5,0.972907,4422.0,0.0,1514.0,0.0,0.0,0.972907,0.972907,0.0,0.0,0.0,299.103607,0.0,VIDEO
0.0,0.000526,0.0,66.0,0.99042,0.226186,-0.0,51178.289062,5111787.0,640768.0,1.0,634366.0,419.0,0.0,0.226712,311936.0,1721542400.0,64.0,0.0,0.0,0.0,0.0,0.0,62.0,0.0,96.928574,1.0,97.0,0.0,1.0,519.981445,31872.0,516.0,0.0,0.0,0.0,0.0,0.99042,0.0,0.0,5162965.5,0.99042,6402.0,0.0,1514.0,0.0,0.0,0.99042,0.99042,0.0,0.0,0.0,422.043182,0.0,VIDEO
0.0,0.000526,0.0,66.0,0.803964,0.226186,-0.0,64361.089844,6316491.5,642820.0,1.0,636286.0,422.0,0.0,0.226712,311936.0,1721542400.0,64.0,0.0,0.0,0.0,0.0,0.0,62.0,0.0,121.896004,1.0,99.0,0.0,0.0,646.795105,31872.0,521.0,0.0,0.0,0.0,0.0,0.803964,0.0,0.0,6380852.5,0.803964,6534.0,0.0,1507.786743,0.0,0.0,0.803964,0.803964,0.0,0.0,0.0,523.655273,0.0,VIDEO
0.0,0.000978,0.0,74.0,0.000978,0.0,-0.0,0.0,0.0,148.0,0.0,74.0,1.0,0.0,0.000978,8222720.0,1721542400.0,64.0,0.0,0.0,0.0,0.0,1.0,62.0,0.0,0.0,0.0,1.0,0.0,0.0,1022.494873,4077568.0,2.0,0.0,0.0,0.0,0.0,0.000978,0.0,0.0,0.0,0.000978,74.0,0.0,74.0,0.0,0.0,0.000978,0.000978,0.0,0.0,0.0,0.0,0.0,VIDEO
0.0,0.001492,0.0,74.0,0.001492,0.0,-0.0,0.0,0.0,148.0,0.0,74.0,1.0,0.0,0.001492,8222720.0,1721542400.0,64.0,0.0,0.0,0.0,0.0,1.0,62.0,0.0,0.0,0.0,1.0,0.0,0.0,670.241333,4077568.0,2.0,0.0,0.0,0.0,0.0,0.001492,0.0,0.0,0.0,0.001492,74.0,0.0,74.0,0.0,0.0,0.001492,0.001492,0.0,0.0,0.0,0.0,0.0,VIDEO
1.0,0.000978,6.0,81.21212,0.989797,0.155772,-0.0,21006.328125,763946.5625,98653.0,1.0,95973.0,66.0,0.0,0.15675,133632.0,1721542400.0,64.0,0.0,0.0,0.0,0.0,0.0,62.0,0.0,32.329861,1.0,33.0,5.0,0.0,99.010201,31872.0,99.0,0.0,0.0,5.714286,0.0,0.989797,0.0,0.0,784952.875,0.989797,2680.0,0.0,1454.136353,0.0,1.0,0.989797,0.989797,0.0,0.0,1.0,65.670029,0.0,VIDEO
1.0,0.001492,3.0,70.0,0.170215,0.16933,-0.0,3289.956787,3477.954346,288.0,0.0,148.0,2.0,0.0,0.170822,64256.0,1721542400.0,64.0,0.0,0.0,0.0,0.0,0.0,62.0,0.0,5.874923,1.0,2.0,2.0,0.0,17.624769,4077568.0,4.0,0.0,0.0,42.857143,0.0,0.170215,0.0,0.0,6767.911133,0.170215,140.0,0.0,74.0,0.0,1.0,0.170215,0.170215,0.0,0.0,0.0,5.874923,0.0,VIDEO
0.0,0.000978,3.0,71.68,0.999946,0.155772,-0.0,28105.517578,738871.875,97452.0,1.0,93868.0,62.0,0.0,0.15675,308864.0,1721542400.0,64.0,0.0,0.0,0.0,0.0,0.0,62.0,0.0,49.002647,1.0,50.0,3.0,1.0,111.005997,31872.0,112.0,0.0,0.0,2.608696,0.0,0.999946,0.0,0.0,766977.4375,0.999946,3584.0,0.0,1514.0,0.0,0.0,0.999946,0.999946,1.0,0.0,0.0,61.003296,0.0,VIDEO
0.0,0.000978,4.0,75.199997,0.877205,0.155772,-0.0,13032.300781,317572.28125,37840.0,1.0,36336.0,24.0,0.0,0.15675,307968.0,1721542400.0,64.0,0.0,0.0,0.0,0.0,0.0,62.0,0.0,21.659702,1.0,20.0,4.0,1.0,49.019329,31872.0,44.0,0.0,0.0,8.333333,0.0,0.877205,0.0,0.0,330604.59375,0.877205,1504.0,0.0,1514.0,0.0,0.0,0.877205,0.877205,1.0,0.0,0.0,26.219641,0.0,VIDEO
0.0,0.000978,1.0,70.800003,0.834423,0.155772,-0.0,6116.801758,232246.71875,26446.0,1.0,25738.0,17.0,0.0,0.15675,310784.0,1721542400.0,64.0,0.0,0.0,0.0,0.0,0.0,62.0,0.0,10.785896,1.0,10.0,1.0,1.0,31.159256,31872.0,27.0,0.0,0.0,3.571429,0.0,0.834423,0.0,0.0,238363.515625,0.834423,708.0,0.0,1514.0,0.0,0.0,0.834423,0.834423,1.0,0.0,0.0,19.174927,0.0,VIDEO
0.0,0.000978,0.0,66.0,0.985167,0.155772,-0.0,6431.396973,319653.40625,41736.0,1.0,40878.0,27.0,0.0,0.15675,311936.0,1721542400.0,64.0,0.0,0.0,0.0,0.0,0.0,62.0,0.0,12.180676,1.0,13.0,0.0,1.0,39.587196,31872.0,40.0,0.0,0.0,0.0,0.0,0.985167,0.0,0.0,326084.8125,0.985167,858.0,0.0,1514.0,0.0,0.0,0.985167,0.985167,0.0,0.0,0.0,26.391464,0.0,VIDEO
0.0,0.000978,1.0,67.333336,0.983592,0.155772,-0.0,9312.804688,517190.0625,66314.0,1.0,65102.0,43.0,0.0,0.15675,311936.0,1721542400.0,64.0,0.0,0.0,0.0,0.0,0.0,62.0,0.0,17.28359,1.0,18.0,1.0,1.0,61.000904,31872.0,61.0,0.0,0.0,1.612903,0.0,0.983592,0.0,0.0,526502.875,0.983592,1212.0,0.0,1514.0,0.0,0.0,0.983592,0.983592,1.0,0.0,0.0,42.700634,0.0,VIDEO
0.0,0.001492,0.0,66.0,0.168158,0.16933,-0.0,3139.904297,0.0,198.0,0.0,66.0,1.0,1.0,0.170822,64256.0,1721542400.0,64.0,0.0,0.0,0.0,0.0,0.0,62.0,0.0,5.946788,1.0,2.0,0.0,0.0,11.893577,4077568.0,3.0,0.0,0.0,0.0,0.0,0.168158,0.0,0.0,3139.904297,0.168158,132.0,0.0,66.0,0.0,0.0,0.168158,0.168158,0.0,0.0,0.0,0.0,0.0,VIDEO
0.0,0.000978,0.0,66.705879,0.908732,0.155772,-0.0,9402.112305,533138.5,63208.0,1.0,62074.0,41.0,0.0,0.15675,311936.0,1721542400.0,64.0,0.0,0.0,0.0,0.0,0.0,62.0,0.0,17.606951,1.0,17.0,0.0,1.0,62.724766,31872.0,58.0,0.0,0.0,0.0,0.0,0.908732,0.0,0.0,542540.625,0.908732,1134.0,0.0,1514.0,0.0,0.0,0.908732,0.908732,0.0,0.0,0.0,44.01738,0.0,VIDEO
0.0,0.000978,0.0,0.0,0.368423,0.155772,-0.0,0.0,32875.253906,3028.0,1.0,3028.0,2.0,0.0,0.15675,905590.6520605112,1721542400.0,64.0,0.0,0.0,0.0,0.0,0.0,62.0,0.0,0.0,1.0,0.0,1.0,0.0,2.714271,931391.4917946004,2.0,0.0,0.0,0.0,0.0,0.368423,0.0,0.0,32875.253906,0.368423,0.0,0.0,1514.0,1.0,0.0,0.368423,0.368423,1.0,0.0,0.0,2.714271,0.0,VIDEO
0.0,0.000978,0.0,0.0,0.0,0.155772,-0.0,0.0,0.0,1514.0,1.0,1514.0,1.0,0.0,0.15675,905590.6520605112,1721542400.0,64.0,0.0,0.0,0.0,0.0,0.0,62.0,0.0,0.0,1.0,0.0,1.0,0.0,0.0,931391.4917946004,1.0,0.0,0.0,0.0,0.0,0.0,0.0,0.0,0.0,0.0,0.0,0.0,1514.0,1.0,0.0,0.0,0.0,1.0,0.0,0.0,0.0,0.0,VIDEO
0.0,0.000978,10.0,78.571426,0.647886,0.155772,-0.0,5828.186035,205641.125,18718.0,1.0,18168.0,12.0,0.0,0.15675,306816.0,1721542400.0,64.0,0.0,0.0,0.0,0.0,0.0,62.0,0.0,9.260889,1.0,7.0,10.0,0.0,27.782667,31872.0,19.0,0.0,0.0,34.482759,0.0,0.647886,0.0,0.0,211469.3125,0.647886,550.0,1.0,1514.0,0.0,0.0,0.647886,0.647886,1.0,0.0,0.0,16.978296,0.0,VIDEO
0.0,0.000978,2.0,78.0,0.957742,0.155772,-0.0,0.0,37939.238281,6134.0,1.0,6056.0,4.0,0.0,0.15675,309760.0,1721542400.0,64.0,0.0,0.0,0.0,0.0,0.0,62.0,0.0,0.0,1.0,1.0,2.0,0.0,4.17649,31872.0,5.0,0.0,0.0,28.571429,0.0,0.957742,0.0,0.0,37939.238281,0.957742,78.0,1.0,1514.0,0.0,0.0,0.957742,0.957742,1.0,0.0,0.0,3.132368,0.0,VIDEO
0.0,0.000978,4.0,71.454544,0.987812,0.155772,-0.0,5790.575684,208444.53125,28038.0,1.0,27252.0,18.0,0.0,0.15675,311936.0,1721542400.0,64.0,0.0,0.0,0.0,0.0,0.0,62.0,0.0,10.123384,1.0,11.0,4.0,1.0,28.345474,31872.0,29.0,0.0,0.0,12.121212,0.0,0.987812,0.0,0.0,214235.09375,0.987812,786.0,0.0,1514.0,0.0,0.0,0.987812,0.987812,1.0,0.0,0.0,17.209753,0.0,VIDEO
0.0,0.000978,2.0,71.0,0.914082,0.155772,-0.0,6835.272949,225257.6875,28104.0,1.0,27252.0,18.0,0.0,0.15675,311936.0,1721542400.0,64.0,0.0,0.0,0.0,0.0,0.0,62.0,0.0,12.033932,1.0,12.0,2.0,1.0,31.725819,31872.0,30.0,0.0,0.0,6.25,0.0,0.914082,0.0,0.0,232092.96875,0.914082,852.0,0.0,1514.0,0.0,0.0,0.914082,0.914082,1.0,0.0,0.0,18.597895,0.0,VIDEO
0.0,0.000978,2.0,72.0,0.524579,0.155772,-0.0,1098.023438,46177.984375,4686.0,1.0,4542.0,3.0,0.0,0.15675,310784.0,1721542400.0,64.0,0.0,0.0,0.0,0.0,0.0,62.0,0.0,1.906291,1.0,2.0,2.0,0.0,7.625163,31872.0,5.0,0.0,0.0,28.571429,0.0,0.524579,0.0,0.0,47276.007812,0.524579,144.0,1.0,1514.0,0.0,0.0,0.524579,0.524579,1.0,0.0,0.0,3.812581,0.0,VIDEO
0.0,0.000978,0.0,0.0,0.0,0.155772,-0.0,0.0,0.0,1514.0,1.0,1514.0,1.0,0.0,0.15675,905590.6520605112,1721542400.0,64.0,0.0,0.0,0.0,0.0,0.0,62.0,0.0,0.0,1.0,0.0,1.0,0.0,0.0,931391.4917946004,1.0,0.0,0.0,0.0,0.0,0.0,0.0,0.0,0.0,0.0,0.0,0.0,1514.0,1.0,0.0,0.0,0.0,1.0,0.0,0.0,0.0,0.0,VIDEO
0.0,0.000978,0.0,0.0,0.0,0.155772,-0.0,0.0,0.0,1514.0,1.0,1514.0,1.0,0.0,0.15675,905590.6520605112,1721542400.0,64.0,0.0,0.0,0.0,0.0,0.0,62.0,0.0,0.0,1.0,0.0,1.0,0.0,0.0,931391.4917946004,1.0,0.0,0.0,0.0,0.0,0.0,0.0,0.0,0.0,0.0,0.0,0.0,1514.0,1.0,0.0,0.0,0.0,1.0,0.0,0.0,0.0,0.0,VIDEO
0.0,0.000978,1.0,72.0,0.261853,0.155772,-0.0,2199.707275,231274.796875,9228.0,1.0,9084.0,6.0,0.0,0.15675,309888.0,1721542400.0,64.0,0.0,0.0,0.0,0.0,0.0,62.0,0.0,3.818936,1.0,2.0,1.0,0.0,26.732555,31872.0,8.0,0.0,0.0,11.111111,0.0,0.261853,0.0,0.0,233474.5,0.261853,144.0,1.0,1514.0,0.0,0.0,0.261853,0.261853,1.0,0.0,0.0,19.094683,0.0,VIDEO
0.0,0.000978,0.0,66.0,0.810452,0.155772,-0.0,1954.464966,149447.46875,16918.0,1.0,16654.0,11.0,0.0,0.15675,308864.0,1721542400.0,64.0,0.0,0.0,0.0,0.0,0.0,62.0,0.0,3.701638,1.0,4.0,0.0,1.0,17.274311,31872.0,15.0,0.0,0.0,0.0,0.0,0.810452,0.0,0.0,151401.9375,0.810452,264.0,0.0,1514.0,0.0,0.0,0.810452,0.810452,0.0,0.0,0.0,12.338794,0.0,VIDEO
0.0,0.000978,1.0,69.428574,0.833851,0.155772,-0.0,8663.418945,319558.3125,35794.0,1.0,34822.0,23.0,0.0,0.15675,311936.0,1721542400.0,64.0,0.0,0.0,0.0,0.0,0.0,62.0,0.0,15.590316,1.0,14.0,1.0,1.0,43.173183,31872.0,37.0,0.0,0.0,2.631579,0.0,0.833851,0.0,0.0,328221.71875,0.833851,972.0,0.0,1514.0,0.0,0.0,0.833851,0.833851,1.0,0.0,0.0,26.383612,0.0,VIDEO
0.0,0.000978,0.0,66.0,0.821327,0.155772,-0.0,4500.034668,442406.03125,47462.0,1.0,46934.0,31.0,0.0,0.15675,311936.0,1721542400.0,64.0,0.0,0.0,0.0,0.0,0.0,62.0,0.0,8.522793,1.0,8.0,0.0,1.0,46.266594,31872.0,39.0,0.0,0.0,0.0,0.0,0.821327,0.0,0.0,446906.0625,0.821327,528.0,0.0,1514.0,0.0,0.0,0.821327,0.821327,0.0,0.0,0.0,36.526257,0.0,VIDEO
0.0,0.000978,1.0,68.117645,0.959071,0.155772,-0.0,9092.131836,644073.3125,79886.0,1.0,78728.0,52.0,0.0,0.15675,311936.0,1721542400.0,64.0,0.0,0.0,0.0,0.0,0.0,62.0,0.0,16.682812,1.0,17.0,1.0,1.0,70.901947,31872.0,69.0,0.0,0.0,1.428571,0.0,0.959071,0.0,0.0,653165.4375,0.959071,1158.0,0.0,1514.0,0.0,0.0,0.959071,0.959071,1.0,0.0,0.0,53.17646,0.0,VIDEO
0.0,0.000978,0.0,66.0,0.867839,0.155772,-0.0,6084.078125,809477.375,90052.0,1.0,89326.0,59.0,0.0,0.15675,311936.0,1721542400.0,64.0,0.0,0.0,0.0,0.0,0.0,62.0,0.0,11.522875,1.0,11.0,0.0,1.0,79.507835,31872.0,70.0,0.0,0.0,0.0,0.0,0.867839,0.0,0.0,815561.4375,0.867839,726.0,0.0,1514.0,0.0,0.0,0.867839,0.867839,0.0,0.0,0.0,66.832672,0.0,VIDEO
0.0,0.000978,0.0,66.0,0.976851,0.155772,-0.0,9188.709961,1140710.375,141990.0,1.0,140802.0,93.0,0.0,0.15675,311936.0,1721542400.0,64.0,0.0,0.0,0.0,0.0,0.0,62.0,0.0,17.402859,1.0,18.0,0.0,1.0,112.606735,31872.0,111.0,0.0,0.0,0.0,0.0,0.976851,0.0,0.0,1149899.0,0.976851,1188.0,0.0,1514.0,0.0,0.0,0.976851,0.976851,0.0,0.0,0.0,94.180176,0.0,VIDEO
0.0,0.000978,3.0,74.36364,0.834039,0.155772,-0.0,14982.513672,813237.75,87934.0,1.0,86298.0,57.0,0.0,0.15675,301056.0,1721542400.0,64.0,0.0,0.0,0.0,0.0,0.0,62.0,0.0,25.17868,1.0,22.0,3.0,1.0,93.520813,31872.0,79.0,0.0,0.0,3.658537,0.0,0.834039,0.0,0.0,828220.3125,0.834039,1636.0,0.0,1514.0,0.0,0.0,0.834039,0.834039,1.0,0.0,0.0,67.143143,0.0,VIDEO
0.0,0.000978,2.0,74.470589,0.897708,0.155772,-0.0,10622.607422,283334.90625,34574.0,1.0,33308.0,22.0,0.0,0.15675,311936.0,1721542400.0,64.0,0.0,0.0,0.0,0.0,0.0,62.0,0.0,17.823168,1.0,17.0,2.0,1.0,42.330021,31872.0,39.0,0.0,0.0,4.878049,0.0,0.897708,0.0,0.0,293957.5,0.897708,1266.0,0.0,1514.0,0.0,0.0,0.897708,0.897708,1.0,0.0,0.0,23.392908,0.0,VIDEO
0.0,0.000978,1.0,66.0,0.997525,0.155772,-0.0,1058.620117,72852.3125,10796.0,1.0,10598.0,7.0,0.0,0.15675,311936.0,1721542400.0,64.0,0.0,0.0,0.0,0.0,0.0,62.0,0.0,2.004962,1.0,3.0,1.0,1.0,9.02233,31872.0,10.0,0.0,0.0,9.090909,0.0,0.997525,0.0,0.0,73910.929688,0.997525,198.0,0.0,1514.0,0.0,0.0,0.997525,0.997525,1.0,0.0,0.0,6.014887,0.0,VIDEO
0.0,0.000978,0.0,66.666664,0.992569,0.155772,-0.0,9139.918945,524715.125,67816.0,1.0,66616.0,44.0,0.0,0.15675,311936.0,1721542400.0,64.0,0.0,0.0,0.0,0.0,0.0,62.0,0.0,17.127272,1.0,18.0,0.0,1.0,61.456684,31872.0,62.0,0.0,0.0,0.0,0.0,0.992569,0.0,0.0,533855.0625,0.992569,1200.0,0.0,1514.0,0.0,0.0,0.992569,0.992569,0.0,0.0,0.0,43.321922,0.0,VIDEO
0.0,0.000978,0.0,66.0,0.660341,0.155772,-0.0,9595.041992,613888.875,52977.0,1.0,52119.0,36.0,0.0,0.15675,311936.0,1721542400.0,64.0,0.0,0.0,0.0,0.0,0.0,62.0,0.0,18.172428,1.0,13.0,0.0,0.0,72.689713,31872.0,49.0,0.0,0.0,0.0,0.0,0.660341,0.0,0.0,623483.875,0.660341,858.0,0.0,1447.75,0.0,0.0,0.660341,0.660341,0.0,0.0,0.0,53.002914,0.0,VIDEO
0.0,0.002461,0.0,68.660004,0.554624,0.10344,-0.0,48537.386719,1276064.5,93350.0,0.0,89917.0,62.0,0.0,0.105901,85504.0,1721542400.0,64.0,0.0,0.0,0.0,0.0,0.0,62.0,0.0,88.348137,0.0,50.0,0.0,0.0,200.135574,31872.0,112.0,0.0,0.0,0.0,0.0,0.554624,0.0,0.0,1324601.875,0.554624,3433.0,0.0,1450.27417,0.0,0.0,0.554624,0.554624,0.0,0.0,0.0,109.984421,0.0,VIDEO
0.0,0.000797,3.0,76.92308,0.925876,0.183293,-0.0,25264.722656,1326527.5,158001.0,1.0,155001.0,105.0,0.0,0.18409,137216.0,1721542400.0,64.0,0.0,0.0,0.0,0.0,0.0,62.0,0.0,41.042213,0.0,39.0,3.0,0.0,154.448318,31872.0,144.0,0.0,0.0,2.040816,0.0,0.925876,0.0,0.0,1351792.25,0.925876,3000.0,0.0,1476.199951,0.0,0.0,0.925876,0.925876,1.0,0.0,1.0,112.326057,0.0,VIDEO
0.0,0.001737,0.0,70.0,0.217458,0.215721,-0.0,2575.209961,0.0,214.0,0.0,74.0,1.0,0.0,0.217458,64256.0,1721542400.0,64.0,0.0,0.0,0.0,0.0,0.0,62.0,0.0,4.598589,0.0,2.0,0.0,0.0,9.197179,4077568.0,3.0,0.0,0.0,0.0,0.0,0.217458,0.0,0.0,2575.209961,0.217458,140.0,0.0,74.0,0.0,0.0,0.217458,0.217458,0.0,0.0,0.0,0.0,0.0,VIDEO
0.0,0.000797,0.0,0.0,0.0,0.183293,-0.0,0.0,0.0,1514.0,1.0,1514.0,1.0,0.0,0.18409,905590.6520605112,1721542400.0,64.0,0.0,0.0,0.0,0.0,0.0,62.0,0.0,0.0,1.0,0.0,1.0,0.0,0.0,931391.4917946004,1.0,0.0,0.0,0.0,0.0,0.0,0.0,0.0,0.0,0.0,0.0,0.0,1514.0,1.0,0.0,0.0,0.0,1.0,0.0,0.0,0.0,0.0,VIDEO
0.0,0.000797,0.0,0.0,0.0,0.183293,-0.0,0.0,0.0,1514.0,1.0,1514.0,1.0,0.0,0.18409,905590.6520605112,1721542400.0,64.0,0.0,0.0,0.0,0.0,0.0,62.0,0.0,0.0,1.0,0.0,1.0,0.0,0.0,931391.4917946004,1.0,0.0,0.0,0.0,0.0,0.0,0.0,0.0,0.0,0.0,0.0,0.0,1514.0,1.0,0.0,0.0,0.0,1.0,0.0,0.0,0.0,0.0,VIDEO
0.0,0.000797,43.0,76.206894,0.817542,0.183293,-0.0,20882.107422,1437068.625,150582.0,1.0,148372.0,98.0,0.0,0.18409,253824.0,1721542400.0,64.0,0.0,0.0,0.0,0.0,0.0,62.0,0.0,34.249004,1.0,29.0,43.0,1.0,154.120514,31872.0,127.0,0.0,0.0,25.294118,0.0,0.817542,0.0,0.0,1457950.75,0.817542,2210.0,0.0,1514.0,0.0,0.0,0.817542,0.817542,1.0,0.0,0.0,118.648338,0.0,VIDEO
0.0,0.001737,0.0,66.0,0.864698,0.215721,-0.0,610.617798,610.617798,264.0,0.0,132.0,2.0,1.0,0.217458,64256.0,1721542400.0,64.0,0.0,0.0,0.0,0.0,0.0,62.0,0.0,1.156473,1.0,2.0,0.0,0.0,3.469419,4077568.0,4.0,0.0,0.0,0.0,0.0,0.864698,0.0,0.0,1221.235596,0.864698,132.0,0.0,66.0,0.0,0.0,0.864698,0.864698,0.0,0.0,0.0,1.156473,0.0,VIDEO
0.0,0.000797,0.0,66.0,0.355758,0.183293,-0.0,102406.6875,2160682.25,102183.0,1.0,97563.0,66.0,0.0,0.18409,533760.0,1721542400.0,64.0,0.0,0.0,0.0,0.0,0.0,62.0,0.0,193.952057,1.0,70.0,0.0,0.0,379.471436,31872.0,136.0,0.0,0.0,0.0,0.0,0.355758,0.0,0.0,2263089.0,0.355758,4620.0,0.0,1478.227295,0.0,0.0,0.355758,0.355758,0.0,0.0,0.0,182.708466,0.0,VIDEO
0.0,0.000515,0.0,74.0,0.000515,0.0,-0.0,0.0,0.0,148.0,0.0,74.0,1.0,0.0,0.000515,8222720.0,1721542400.0,64.0,0.0,0.0,0.0,0.0,1.0,62.0,0.0,0.0,0.0,1.0,0.0,0.0,1941.747437,4077568.0,2.0,0.0,0.0,0.0,0.0,0.000515,0.0,0.0,0.0,0.000515,74.0,0.0,74.0,0.0,0.0,0.000515,0.000515,0.0,0.0,0.0,0.0,0.0,VIDEO
0.0,0.0,0.0,74.0,0.0,0.0,-0.0,0.0,0.0,148.0,0.0,74.0,1.0,0.0,0.0,8222720.0,1721542400.0,64.0,0.0,0.0,0.0,0.0,1.0,62.0,0.0,0.0,0.0,1.0,0.0,0.0,0.0,4077568.0,2.0,0.0,0.0,0.0,0.0,0.0,0.0,0.0,0.0,0.0,74.0,0.0,74.0,0.0,0.0,0.0,0.0,0.0,0.0,0.0,0.0,0.0,VIDEO
1.0,0.000515,3.0,114.75,0.848838,0.138873,-0.0,7577.417969,194430.515625,22761.0,0.0,21843.0,18.0,0.0,0.139388,63488.0,1721542400.0,64.0,0.0,0.0,0.0,0.0,0.0,62.0,0.0,8.246568,1.0,8.0,2.0,0.0,29.452028,31872.0,26.0,0.0,0.0,10.344828,0.0,0.848838,0.0,0.0,202007.921875,0.848838,918.0,0.0,1213.5,0.0,1.0,0.848838,0.848838,0.0,0.0,1.0,20.02738,0.0,VIDEO
0.0,0.0,0.0,0.0,0.0,0.0,-0.0,0.0,0.0,74.0,0.0,74.0,1.0,0.0,0.0,905590.6520605112,1721542400.0,64.0,1.0,0.0,0.0,0.0,0.0,62.0,0.0,0.0,1.0,0.0,1.0,0.0,0.0,931391.4917946004,1.0,0.0,0.0,0.0,0.0,0.0,0.0,0.0,0.0,0.0,0.0,0.0,74.0,0.0,0.0,0.0,0.0,1.0,0.0,0.0,0.0,0.0,VIDEO
0.0,0.000515,6.0,75.599998,0.84758,0.138873,-0.0,13563.321289,314382.125,36334.0,1.0,34822.0,23.0,0.0,0.139388,93056.0,1721542400.0,64.0,0.0,0.0,0.0,0.0,0.0,62.0,0.0,22.416763,1.0,20.0,6.0,1.0,49.552845,31872.0,43.0,0.0,0.0,12.244898,0.0,0.84758,0.0,0.0,327945.4375,0.84758,1512.0,0.0,1514.0,0.0,0.0,0.84758,0.84758,1.0,0.0,0.0,25.956251,0.0,VIDEO
0.0,0.0,0.0,0.0,0.0,0.0,-0.0,0.0,0.0,74.0,0.0,74.0,1.0,0.0,0.0,905590.6520605112,1721542400.0,64.0,1.0,0.0,0.0,0.0,0.0,62.0,0.0,0.0,1.0,0.0,1.0,0.0,0.0,931391.4917946004,1.0,0.0,0.0,0.0,0.0,0.0,0.0,0.0,0.0,0.0,0.0,0.0,74.0,0.0,0.0,0.0,0.0,1.0,0.0,0.0,0.0,0.0,VIDEO
0.0,0.000515,0.0,0.0,0.944115,0.138873,-0.0,0.0,12828.946289,3028.0,1.0,3028.0,2.0,0.0,0.139388,905590.6520605112,1721542400.0,64.0,0.0,0.0,0.0,0.0,0.0,62.0,0.0,0.0,1.0,0.0,2.0,0.0,1.059193,931391.4917946004,2.0,0.0,0.0,0.0,0.0,0.944115,0.0,0.0,12828.946289,0.944115,0.0,0.0,1514.0,1.0,0.0,0.944115,0.944115,1.0,0.0,0.0,1.059193,0.0,VIDEO
0.0,0.000515,2.0,68.25,0.970674,0.138873,-0.0,8439.49707,374337.84375,48026.0,1.0,46934.0,31.0,0.0,0.139388,136192.0,1721542400.0,64.0,0.0,0.0,0.0,0.0,0.0,62.0,0.0,15.45318,1.0,16.0,2.0,1.0,47.389751,31872.0,47.0,0.0,0.0,4.081633,0.0,0.970674,0.0,0.0,382777.34375,0.970674,1092.0,0.0,1514.0,0.0,0.0,0.970674,0.970674,1.0,0.0,0.0,30.906361,0.0,VIDEO
0.0,0.000515,0.0,66.0,0.973118,0.138873,-0.0,26044.117188,1839390.5,228478.0,1.0,225244.0,150.0,0.0,0.139388,195968.0,1721542400.0,64.0,0.0,0.0,0.0,0.0,0.0,62.0,0.0,49.325981,1.0,49.0,0.0,0.0,203.469666,31872.0,199.0,0.0,0.0,0.0,0.0,0.973118,0.0,0.0,1865434.625,0.973118,3234.0,0.0,1501.626709,0.0,0.0,0.973118,0.973118,0.0,0.0,0.0,153.116058,0.0,VIDEO
0.0,0.0,0.0,66.0,0.061269,0.0,-0.0,8617.735352,8617.735352,264.0,0.0,132.0,2.0,1.0,0.0,64256.0,1721542400.0,64.0,0.0,0.0,0.0,0.0,0.0,62.0,0.0,16.321468,1.0,2.0,0.0,0.0,48.964401,31872.0,4.0,0.0,0.0,0.0,0.0,0.061269,0.0,0.0,17235.470703,0.061269,132.0,0.0,66.0,0.0,0.0,0.061269,0.061269,0.0,0.0,0.0,16.321468,0.0,VIDEO
0.0,0.001045,0.0,74.0,0.001045,0.0,-0.0,0.0,0.0,148.0,0.0,74.0,1.0,0.0,0.001045,8222720.0,1721542400.0,64.0,0.0,0.0,0.0,0.0,1.0,62.0,0.0,0.0,0.0,1.0,0.0,0.0,956.937744,4077568.0,2.0,0.0,0.0,0.0,0.0,0.001045,0.0,0.0,0.0,0.001045,74.0,0.0,74.0,0.0,0.0,0.001045,0.001045,0.0,0.0,0.0,0.0,0.0,VIDEO
0.0,0.001045,0.0,0.0,0.0,0.0,-0.0,0.0,0.0,74.0,0.0,74.0,1.0,0.0,0.001045,905590.6520605112,1721542400.0,64.0,1.0,0.0,0.0,0.0,0.0,62.0,0.0,0.0,1.0,0.0,1.0,0.0,0.0,931391.4917946004,1.0,0.0,0.0,0.0,0.0,0.0,0.0,0.0,0.0,0.0,0.0,0.0,74.0,0.0,0.0,0.0,0.0,1.0,0.0,0.0,0.0,0.0,VIDEO
0.0,0.0,0.0,74.0,0.0,0.0,-0.0,0.0,0.0,148.0,0.0,74.0,1.0,0.0,0.0,8222720.0,1721542400.0,64.0,0.0,0.0,0.0,0.0,1.0,62.0,0.0,0.0,0.0,1.0,0.0,0.0,0.0,4077568.0,2.0,0.0,0.0,0.0,0.0,0.0,0.0,0.0,0.0,0.0,74.0,0.0,74.0,0.0,0.0,0.0,0.0,0.0,0.0,0.0,0.0,0.0,VIDEO
0.0,0.001045,1.0,129.666672,0.619414,0.269858,-0.0,8382.116211,225903.84375,19518.0,0.0,18740.0,15.0,0.0,0.270903,62592.0,1721542400.0,64.0,0.0,0.0,0.0,0.0,0.0,62.0,0.0,8.072146,1.0,6.0,1.0,0.0,32.288586,31872.0,21.0,0.0,0.0,4.545455,0.0,0.619414,0.0,0.0,234285.96875,0.619414,778.0,0.0,1249.333374,0.0,0.0,0.619414,0.619414,1.0,0.0,0.0,22.602009,0.0,VIDEO
0.0,0.0,0.0,0.0,0.0,0.0,-0.0,0.0,0.0,74.0,0.0,74.0,1.0,0.0,0.0,905590.6520605112,1721542400.0,64.0,1.0,0.0,0.0,0.0,0.0,62.0,0.0,0.0,1.0,0.0,1.0,0.0,0.0,931391.4917946004,1.0,0.0,0.0,0.0,0.0,0.0,0.0,0.0,0.0,0.0,0.0,0.0,74.0,0.0,0.0,0.0,0.0,1.0,0.0,0.0,0.0,0.0,VIDEO
0.0,0.001045,5.0,72.352943,0.970281,0.269858,-0.0,9547.75,249659.640625,33024.0,1.0,31794.0,21.0,0.0,0.270903,66176.0,1721542400.0,64.0,0.0,0.0,0.0,0.0,0.0,62.0,0.0,16.490068,1.0,17.0,5.0,1.0,38.133282,31872.0,38.0,0.0,0.0,11.627907,0.0,0.970281,0.0,0.0,259207.390625,0.970281,1230.0,0.0,1514.0,0.0,0.0,0.970281,0.970281,1.0,0.0,0.0,20.612585,0.0,VIDEO
1.0,0.0,2.0,70.0,0.169126,0.168378,-0.0,3311.140625,0.0,214.0,0.0,74.0,1.0,0.0,0.168378,64256.0,1721542400.0,64.0,0.0,0.0,0.0,0.0,0.0,62.0,0.0,5.912751,1.0,2.0,1.0,0.0,11.825502,4077568.0,3.0,0.0,0.0,40.0,0.0,0.169126,0.0,0.0,3311.140625,0.169126,140.0,0.0,74.0,0.0,1.0,0.169126,0.169126,0.0,0.0,0.0,0.0,0.0,VIDEO
0.0,0.001045,3.0,75.0,0.970917,0.269858,-0.0,1853.91748,74848.828125,10898.0,1.0,10598.0,7.0,0.0,0.270903,66176.0,1721542400.0,64.0,0.0,0.0,0.0,0.0,0.0,62.0,0.0,3.089863,1.0,4.0,3.0,0.0,10.299541,31872.0,11.0,0.0,0.0,21.428571,0.0,0.970917,0.0,0.0,76702.75,0.970917,300.0,1.0,1514.0,0.0,0.0,0.970917,0.970917,1.0,0.0,0.0,6.179725,0.0,VIDEO
0.0,0.001045,2.0,66.0,0.813795,0.269858,-0.0,1297.624146,119066.84375,13824.0,1.0,13626.0,9.0,0.0,0.270903,65152.0,1721542400.0,64.0,0.0,0.0,0.0,0.0,0.0,62.0,0.0,2.457622,1.0,3.0,2.0,1.0,13.516918,31872.0,12.0,0.0,0.0,14.285714,0.0,0.813795,0.0,0.0,120364.46875,0.813795,198.0,0.0,1514.0,0.0,0.0,0.813795,0.813795,1.0,0.0,0.0,9.830486,0.0,VIDEO
0.0,0.001045,0.0,66.0,0.718712,0.269858,-0.0,1469.295166,134818.953125,13824.0,1.0,13626.0,9.0,0.0,0.270903,67200.0,1721542400.0,64.0,0.0,0.0,0.0,0.0,0.0,62.0,0.0,2.782756,1.0,3.0,0.0,1.0,15.305158,31872.0,12.0,0.0,0.0,0.0,0.0,0.718712,0.0,0.0,136288.25,0.718712,198.0,0.0,1514.0,0.0,0.0,0.718712,0.718712,0.0,0.0,0.0,11.131023,0.0,VIDEO
0.0,0.001045,0.0,0.0,0.967845,0.269858,-0.0,0.0,12514.400391,3028.0,1.0,3028.0,2.0,0.0,0.270903,905590.6520605112,1721542400.0,64.0,0.0,0.0,0.0,0.0,0.0,62.0,0.0,0.0,1.0,0.0,2.0,0.0,1.033223,931391.4917946004,2.0,0.0,0.0,0.0,0.0,0.967845,0.0,0.0,12514.400391,0.967845,0.0,0.0,1514.0,1.0,0.0,0.967845,0.967845,1.0,0.0,0.0,1.033223,0.0,VIDEO
0.0,0.0,0.0,66.0,0.277408,0.168378,-0.0,1903.33374,0.0,198.0,0.0,66.0,1.0,1.0,0.168378,64256.0,1721542400.0,64.0,0.0,0.0,0.0,0.0,0.0,62.0,0.0,3.604799,1.0,2.0,0.0,0.0,7.209597,4077568.0,3.0,0.0,0.0,0.0,0.0,0.277408,0.0,0.0,1903.33374,0.277408,132.0,0.0,66.0,0.0,0.0,0.277408,0.277408,0.0,0.0,0.0,0.0,0.0,VIDEO
0.0,0.001045,5.0,73.199997,0.665834,0.269858,-0.0,3520.396973,181907.203125,17020.0,1.0,16654.0,11.0,0.0,0.270903,63232.0,1721542400.0,64.0,0.0,0.0,0.0,0.0,0.0,62.0,0.0,6.007504,1.0,5.0,5.0,1.0,22.528137,31872.0,16.0,0.0,0.0,23.809524,0.0,0.665834,0.0,0.0,185427.59375,0.665834,366.0,0.0,1514.0,0.0,0.0,0.665834,0.665834,1.0,0.0,0.0,15.018758,0.0,VIDEO
0.0,0.001045,0.0,0.0,0.423461,0.269858,-0.0,0.0,28602.398438,3028.0,1.0,3028.0,2.0,0.0,0.270903,905590.6520605112,1721542400.0,64.0,0.0,0.0,0.0,0.0,0.0,62.0,0.0,0.0,1.0,0.0,1.0,0.0,2.361493,931391.4917946004,2.0,0.0,0.0,0.0,0.0,0.423461,0.0,0.0,28602.398438,0.423461,0.0,0.0,1514.0,1.0,0.0,0.423461,0.423461,1.0,0.0,0.0,2.361493,0.0,VIDEO
0.0,0.001045,1.0,66.545456,0.831463,0.269858,-0.0,13450.989258,568116.6875,62024.0,1.0,60560.0,40.0,0.0,0.270903,102016.0,1721542400.0,64.0,0.0,0.0,0.0,0.0,0.0,62.0,0.0,25.256687,1.0,22.0,1.0,1.0,73.364662,31872.0,62.0,0.0,0.0,1.587302,0.0,0.831463,0.0,0.0,581567.6875,0.831463,1464.0,0.0,1514.0,0.0,0.0,0.831463,0.831463,1.0,0.0,0.0,46.905277,0.0,VIDEO
0.0,0.001045,0.0,66.0,0.97117,0.269858,-0.0,13048.178711,748293.3125,94004.0,1.0,92354.0,61.0,0.0,0.270903,174976.0,1721542400.0,64.0,0.0,0.0,0.0,0.0,0.0,62.0,0.0,24.71246,1.0,25.0,0.0,1.0,87.523293,31872.0,86.0,0.0,0.0,0.0,0.0,0.97117,0.0,0.0,761341.4375,0.97117,1650.0,0.0,1514.0,0.0,0.0,0.97117,0.97117,0.0,0.0,0.0,61.781151,0.0,VIDEO
0.0,0.001045,0.0,66.0,0.943493,0.269858,-0.0,11192.452148,962805.25,116450.0,1.0,115064.0,76.0,0.0,0.270903,174976.0,1721542400.0,64.0,0.0,0.0,0.0,0.0,0.0,62.0,0.0,21.197824,1.0,21.0,0.0,1.0,101.749565,31872.0,97.0,0.0,0.0,0.0,0.0,0.943493,0.0,0.0,973997.6875,0.943493,1386.0,0.0,1514.0,0.0,0.0,0.943493,0.943493,0.0,0.0,0.0,79.491844,0.0,VIDEO
0.0,0.001045,0.0,66.0,0.172786,0.269858,-0.0,24446.425781,657923.6875,16095.0,1.0,15501.0,12.0,0.0,0.270903,174976.0,1721542400.0,64.0,0.0,0.0,0.0,0.0,0.0,62.0,0.0,46.300049,1.0,9.0,0.0,0.0,115.750122,31872.0,21.0,0.0,0.0,0.0,0.0,0.172786,0.0,0.0,682370.125,0.172786,594.0,0.0,1291.75,0.0,0.0,0.172786,0.172786,0.0,0.0,0.0,63.662567,0.0,VIDEO
0.0,0.000499,12.0,88.093025,0.988943,0.168053,-0.0,29930.947266,862391.5,111855.0,1.0,108067.0,74.0,0.0,0.168552,139392.0,1721542400.0,64.0,0.0,0.0,0.0,0.0,0.0,62.0,0.0,42.469585,0.0,43.0,12.0,0.0,117.296951,31872.0,117.0,0.0,0.0,9.302326,0.0,0.988943,0.0,0.0,892322.4375,0.988943,3788.0,0.0,1460.364868,0.0,0.0,0.988943,0.988943,1.0,0.0,1.0,73.816185,0.0,VIDEO
0.0,0.000499,11.0,85.111115,0.927162,0.168053,-0.0,12485.412109,274333.9375,34840.0,1.0,33308.0,22.0,0.0,0.168552,194432.0,1721542400.0,64.0,0.0,0.0,0.0,0.0,0.0,62.0,0.0,18.335524,1.0,18.0,11.0,1.0,42.063847,31872.0,40.0,0.0,0.0,21.568627,0.0,0.927162,0.0,0.0,286819.34375,0.927162,1532.0,0.0,1514.0,0.0,0.0,0.927162,0.927162,1.0,0.0,0.0,22.649763,0.0,VIDEO
0.0,0.000499,1.0,66.0,0.556429,0.168053,-0.0,3795.632324,217673.765625,16984.0,1.0,16654.0,11.0,0.0,0.168552,214784.0,1721542400.0,64.0,0.0,0.0,0.0,0.0,0.0,62.0,0.0,7.188697,1.0,5.0,1.0,1.0,26.957617,31872.0,16.0,0.0,0.0,5.882353,0.0,0.556429,0.0,0.0,221469.390625,0.556429,330.0,0.0,1514.0,0.0,0.0,0.556429,0.556429,1.0,0.0,0.0,17.971745,0.0,VIDEO
0.0,0.000499,1.0,70.0,0.84917,0.168053,-0.0,5275.739746,213950.078125,24854.0,1.0,24224.0,16.0,0.0,0.168552,258176.0,1721542400.0,64.0,0.0,0.0,0.0,0.0,0.0,62.0,0.0,9.420963,1.0,9.0,1.0,1.0,28.262892,31872.0,25.0,0.0,0.0,3.846154,0.0,0.84917,0.0,0.0,219225.828125,0.84917,630.0,0.0,1514.0,0.0,0.0,0.84917,0.84917,1.0,0.0,0.0,17.664307,0.0,VIDEO
0.0,0.000499,1.0,71.333336,0.836386,0.168053,-0.0,5461.592773,130332.164062,15782.0,1.0,15140.0,10.0,0.0,0.168552,287104.0,1721542400.0,64.0,0.0,0.0,0.0,0.0,0.0,62.0,0.0,9.564961,1.0,9.0,1.0,0.0,21.521164,31872.0,19.0,0.0,0.0,5.0,0.0,0.836386,0.0,0.0,135793.75,0.836386,642.0,1.0,1514.0,0.0,0.0,0.836386,0.836386,1.0,0.0,0.0,10.760582,0.0,VIDEO
0.0,0.000499,0.0,66.0,0.849207,0.168053,-0.0,6217.56543,242466.21875,27978.0,1.0,27252.0,18.0,0.0,0.168552,333440.0,1721542400.0,64.0,0.0,0.0,0.0,0.0,0.0,62.0,0.0,11.775692,1.0,11.0,0.0,1.0,32.971939,31872.0,29.0,0.0,0.0,0.0,0.0,0.849207,0.0,0.0,248683.78125,0.849207,726.0,0.0,1514.0,0.0,0.0,0.849207,0.849207,0.0,0.0,0.0,20.018677,0.0,VIDEO
0.0,0.000499,0.0,66.0,0.862872,0.168053,-0.0,9178.649414,322847.40625,37392.0,1.0,36336.0,24.0,0.0,0.168552,336256.0,1721542400.0,64.0,0.0,0.0,0.0,0.0,0.0,62.0,0.0,17.383806,1.0,16.0,0.0,1.0,45.197899,31872.0,40.0,0.0,0.0,0.0,0.0,0.862872,0.0,0.0,332026.0625,0.862872,1056.0,0.0,1514.0,0.0,0.0,0.862872,0.862872,0.0,0.0,0.0,26.65517,0.0,VIDEO
0.0,0.000499,0.0,66.0,0.95565,0.168053,-0.0,9945.063477,659053.0,81496.0,1.0,80242.0,53.0,0.0,0.168552,339200.0,1721542400.0,64.0,0.0,0.0,0.0,0.0,0.0,62.0,0.0,18.835348,1.0,19.0,0.0,1.0,74.294983,31872.0,72.0,0.0,0.0,0.0,0.0,0.95565,0.0,0.0,668998.0625,0.95565,1254.0,0.0,1514.0,0.0,0.0,0.95565,0.95565,0.0,0.0,0.0,54.413227,0.0,VIDEO
0.0,0.000499,0.0,66.0,0.474971,0.168053,-0.0,13339.761719,576506.75,36512.0,1.0,35654.0,25.0,0.0,0.168552,339200.0,1721542400.0,64.0,0.0,0.0,0.0,0.0,0.0,62.0,0.0,25.2647,1.0,13.0,0.0,0.0,77.89949,31872.0,38.0,0.0,0.0,0.0,0.0,0.474971,0.0,0.0,589846.5625,0.474971,858.0,0.0,1426.160034,0.0,0.0,0.474971,0.474971,0.0,0.0,0.0,50.5294,0.0,VIDEO
0.0,0.0,0.0,66.92453,0.386036,0.076115,-0.0,72138.351562,1896071.875,96493.0,0.0,92946.0,64.0,0.0,0.076115,78848.0,1721542400.0,64.0,0.0,0.0,0.0,0.0,0.0,62.0,0.0,134.702454,0.0,53.0,0.0,0.0,300.490112,31872.0,117.0,0.0,0.0,0.0,0.0,0.386036,0.0,0.0,1968210.125,0.386036,3547.0,0.0,1452.28125,0.0,0.0,0.386036,0.386036,0.0,0.0,0.0,163.197205,0.0,VIDEO
0.0,0.000497,0.0,67.684647,0.989204,0.059786,-0.0,131378.359375,7583989.0,955583.0,0.0,939271.0,623.0,0.0,0.060283,560000.0,1721542400.0,64.0,0.0,0.0,0.0,0.0,0.0,62.0,0.0,242.619324,0.0,241.0,0.0,0.0,872.41864,31872.0,864.0,0.0,0.0,0.0,0.0,0.989204,0.0,0.0,7715367.0,0.989204,16312.0,0.0,1507.658081,0.0,0.0,0.989204,0.989204,0.0,0.0,1.0,628.788391,0.0,VIDEO
0.0,0.000497,0.0,66.0,0.879534,0.059786,-0.0,204708.40625,11424568.0,1280120.0,0.0,1257548.0,832.0,0.0,0.060283,560000.0,1721542400.0,64.0,0.0,0.0,0.0,0.0,0.0,62.0,0.0,387.705292,1.0,342.0,0.0,0.0,1333.660767,31872.0,1174.0,0.0,0.0,0.0,0.0,0.879534,0.0,0.0,11629276.0,0.879534,22572.0,0.0,1511.475952,0.0,0.0,0.879534,0.879534,0.0,0.0,0.0,944.818481,0.0,VIDEO
0.0,0.001074,0.0,74.0,0.001074,0.0,-0.0,0.0,0.0,148.0,0.0,74.0,1.0,0.0,0.001074,8222720.0,1721542400.0,64.0,0.0,0.0,0.0,0.0,1.0,62.0,0.0,0.0,0.0,1.0,0.0,0.0,931.098694,4077568.0,2.0,0.0,0.0,0.0,0.0,0.001074,0.0,0.0,0.0,0.001074,74.0,0.0,74.0,0.0,0.0,0.001074,0.001074,0.0,0.0,0.0,0.0,0.0,VIDEO
0.0,0.001515,0.0,196.0,0.6516,0.211886,-0.0,4812.768555,178109.265625,16303.0,0.0,15715.0,13.0,0.0,0.213401,64256.0,1721542400.0,64.0,0.0,0.0,0.0,0.0,0.0,62.0,0.0,3.069368,0.0,3.0,0.0,0.0,23.020258,31872.0,16.0,0.0,0.0,0.0,0.0,0.6516,0.0,0.0,182922.03125,0.6516,588.0,0.0,1208.846191,0.0,0.0,0.6516,0.6516,0.0,0.0,1.0,18.416206,0.0,VIDEO
0.0,0.001074,0.0,0.0,0.0,0.0,-0.0,0.0,0.0,74.0,0.0,74.0,1.0,0.0,0.001074,905590.6520605112,1721542400.0,64.0,1.0,0.0,0.0,0.0,0.0,62.0,0.0,0.0,1.0,0.0,1.0,0.0,0.0,931391.4917946004,1.0,0.0,0.0,0.0,0.0,0.0,0.0,0.0,0.0,0.0,0.0,0.0,74.0,0.0,0.0,0.0,0.0,1.0,0.0,0.0,0.0,0.0,VIDEO
0.0,0.001074,0.0,0.0,0.0,0.0,-0.0,0.0,0.0,74.0,0.0,74.0,1.0,0.0,0.001074,905590.6520605112,1721542400.0,64.0,1.0,0.0,0.0,0.0,0.0,62.0,0.0,0.0,1.0,0.0,1.0,0.0,0.0,931391.4917946004,1.0,0.0,0.0,0.0,0.0,0.0,0.0,0.0,0.0,0.0,0.0,0.0,74.0,0.0,0.0,0.0,0.0,1.0,0.0,0.0,0.0,0.0,VIDEO
0.0,0.001074,1.0,66.0,0.0,0.155671,-0.0,0.0,0.0,140.0,0.0,74.0,1.0,0.0,0.156745,64256.0,1721542400.0,64.0,0.0,0.0,0.0,0.0,0.0,62.0,0.0,0.0,1.0,1.0,1.0,0.0,0.0,4077568.0,2.0,0.0,0.0,33.333333,0.0,0.0,0.0,0.0,0.0,0.0,66.0,0.0,74.0,0.0,0.0,0.0,0.0,1.0,0.0,0.0,0.0,0.0,VIDEO
0.0,0.001074,0.0,66.0,0.061907,0.155671,-0.0,8528.921875,0.0,198.0,0.0,66.0,1.0,1.0,0.156745,64256.0,1721542400.0,64.0,0.0,0.0,0.0,0.0,0.0,62.0,0.0,16.153261,1.0,2.0,0.0,0.0,32.306522,4077568.0,3.0,0.0,0.0,0.0,0.0,0.061907,0.0,0.0,8528.921875,0.061907,132.0,0.0,66.0,0.0,0.0,0.061907,0.061907,0.0,0.0,0.0,0.0,0.0,VIDEO
0.0,0.001515,1.0,57.804878,0.153019,0.211886,-0.0,120926.164062,3744162.5,75477.0,1.0,73107.0,49.0,0.0,0.213401,81536.0,1721542400.0,64.0,0.0,0.0,0.0,0.0,0.0,62.0,0.0,261.405457,1.0,41.0,1.0,0.0,581.627136,31872.0,90.0,0.0,0.0,1.098901,0.0,0.153019,0.0,0.0,3865088.75,0.153019,2370.0,0.0,1491.979614,0.0,0.0,0.153019,0.153019,1.0,0.0,0.0,313.686554,0.0,VIDEO
0.0,0.000496,0.0,70.619049,0.232353,0.031903,-0.0,99710.351562,2837716.75,86830.0,0.0,83864.0,58.0,0.0,0.032399,98944.0,1721542400.0,64.0,0.0,0.0,0.0,0.0,0.0,62.0,0.0,176.455643,0.0,42.0,0.0,0.0,426.075836,31872.0,100.0,0.0,0.0,0.0,0.0,0.232353,0.0,0.0,2937427.0,0.232353,2966.0,0.0,1445.93103,0.0,0.0,0.232353,0.232353,0.0,0.0,0.0,245.316391,0.0,VIDEO
0.0,0.000506,0.0,67.853882,0.988773,0.06077,-0.0,119687.734375,8126265.5,1020747.0,0.0,1005887.0,667.0,0.0,0.061276,530176.0,1721542400.0,64.0,0.0,0.0,0.0,0.0,0.0,62.0,0.0,220.475281,0.0,219.0,0.0,0.0,895.048706,31872.0,886.0,0.0,0.0,0.0,0.0,0.988773,0.0,0.0,8245953.5,0.988773,14860.0,0.0,1508.076416,0.0,0.0,0.988773,0.988773,0.0,0.0,1.0,673.562073,0.0,VIDEO
0.0,0.000506,0.0,66.0,0.816511,0.06077,-0.0,139030.59375,11722757.0,1212236.0,0.0,1197980.0,793.0,0.0,0.061276,530176.0,1721542400.0,64.0,0.0,0.0,0.0,0.0,0.0,62.0,0.0,263.315491,1.0,216.0,0.0,0.0,1234.521118,31872.0,1009.0,0.0,0.0,0.0,0.0,0.816511,0.0,0.0,11861788.0,0.816511,14256.0,0.0,1510.693604,0.0,0.0,0.816511,0.816511,0.0,0.0,0.0,969.980835,0.0,VIDEO
0.0,0.001101,0.0,148.833328,0.139075,0.06,-0.0,42854.574219,28646.414062,1515.0,0.0,622.0,5.0,0.0,0.061101,64128.0,1721542400.0,64.0,0.0,0.0,0.0,0.0,0.0,62.0,0.0,35.951824,0.0,6.0,0.0,0.0,71.903648,31872.0,11.0,0.0,0.0,0.0,0.0,0.139075,0.0,0.0,71500.992188,0.139075,893.0,0.0,124.400002,0.0,0.0,0.139075,0.139075,0.0,0.0,0.0,28.761461,0.0,VIDEO
0.0,0.000496,0.0,148.333328,0.139299,0.061267,-0.0,42613.371094,28485.486328,1509.0,0.0,619.0,5.0,0.0,0.061763,64128.0,1721542400.0,64.0,0.0,0.0,0.0,0.0,0.0,62.0,0.0,35.894012,0.0,6.0,0.0,0.0,71.788025,31872.0,11.0,0.0,0.0,0.0,0.0,0.139299,0.0,0.0,71098.859375,0.139299,890.0,0.0,123.800003,0.0,0.0,0.139299,0.139299,0.0,0.0,0.0,28.715208,0.0,VIDEO
0.0,0.000994,0.0,151.166672,0.154288,0.05985,-0.0,39199.421875,26392.203125,1543.0,0.0,636.0,5.0,0.0,0.060844,64128.0,1721542400.0,64.0,0.0,0.0,0.0,0.0,0.0,62.0,0.0,32.406929,0.0,6.0,0.0,0.0,64.813858,31872.0,11.0,0.0,0.0,0.0,0.0,0.154288,0.0,0.0,65591.625,0.154288,907.0,0.0,127.199997,0.0,0.0,0.154288,0.154288,0.0,0.0,0.0,25.925543,0.0,VIDEO
0.0,0.001992,0.0,169.0,0.865328,0.168822,-0.0,6249.65332,5454.579102,1553.0,0.0,708.0,6.0,0.0,0.170814,64128.0,1721542400.0,64.0,0.0,0.0,0.0,0.0,0.0,62.0,0.0,4.622525,0.0,5.0,0.0,0.0,11.556312,31872.0,11.0,0.0,0.0,0.0,0.0,0.865328,0.0,0.0,11704.232422,0.865328,845.0,0.0,118.0,0.0,0.0,0.865328,0.865328,0.0,0.0,0.0,5.778156,0.0,VIDEO
0.0,0.001992,0.0,66.0,0.0,0.168822,-0.0,0.0,0.0,132.0,0.0,66.0,1.0,0.0,0.170814,64128.0,1721542400.0,64.0,0.0,0.0,0.0,0.0,0.0,62.0,0.0,0.0,1.0,1.0,0.0,0.0,0.0,31872.0,2.0,0.0,0.0,0.0,0.0,0.0,0.0,0.0,0.0,0.0,66.0,0.0,66.0,0.0,0.0,0.0,0.0,0.0,0.0,0.0,0.0,0.0,VIDEO
0.0,0.000501,0.0,168.399994,0.093345,0.045566,-0.0,57764.207031,43708.820312,1479.0,0.0,637.0,5.0,0.0,0.046067,64128.0,1721542400.0,64.0,0.0,0.0,0.0,0.0,0.0,62.0,0.0,42.851788,0.0,5.0,0.0,0.0,96.416519,31872.0,10.0,0.0,0.0,0.0,0.0,0.093345,0.0,0.0,101473.03125,0.093345,842.0,0.0,127.400002,0.0,0.0,0.093345,0.093345,0.0,0.0,0.0,42.851788,0.0,VIDEO
0.0,0.001482,0.0,66.960785,0.679826,0.0,-0.0,39410.082031,1220112.125,108538.0,0.0,105123.0,73.0,0.0,0.001482,70528.0,1721542400.0,64.0,0.0,0.0,0.0,0.0,0.0,62.0,0.0,73.548225,0.0,51.0,0.0,0.0,180.92865,31872.0,124.0,0.0,0.0,0.0,0.0,0.679826,0.0,0.0,1259522.25,0.679826,3415.0,0.0,1440.041138,0.0,0.0,0.679826,0.679826,0.0,0.0,0.0,105.909447,0.0,VIDEO
0.0,0.000497,0.0,70.0,0.201063,0.200566,-0.0,2785.196533,0.0,214.0,0.0,74.0,1.0,0.0,0.201063,64256.0,1721542400.0,64.0,0.0,0.0,0.0,0.0,0.0,62.0,0.0,4.973565,0.0,2.0,0.0,0.0,9.94713,4077568.0,3.0,0.0,0.0,0.0,0.0,0.201063,0.0,0.0,2785.196533,0.201063,140.0,0.0,74.0,0.0,0.0,0.201063,0.201063,0.0,0.0,0.0,0.0,0.0,VIDEO
0.0,0.000497,0.0,66.0,0.24772,0.200566,-0.0,2131.438721,0.0,198.0,0.0,66.0,1.0,1.0,0.201063,64256.0,1721542400.0,64.0,0.0,0.0,0.0,0.0,0.0,62.0,0.0,4.036816,1.0,2.0,0.0,0.0,8.073631,4077568.0,3.0,0.0,0.0,0.0,0.0,0.24772,0.0,0.0,2131.438721,0.24772,132.0,0.0,66.0,0.0,0.0,0.24772,0.24772,0.0,0.0,0.0,0.0,0.0,VIDEO
0.0,0.0,0.0,189.75,0.525022,0.261652,-0.0,8685.350586,7557.778809,1379.0,0.0,620.0,5.0,0.0,0.261652,64256.0,1721542400.0,64.0,0.0,0.0,0.0,0.0,0.0,62.0,0.0,5.714046,0.0,4.0,0.0,0.0,15.237457,31872.0,9.0,0.0,0.0,0.0,0.0,0.525022,0.0,0.0,16243.129883,0.525022,759.0,0.0,124.0,0.0,0.0,0.525022,0.525022,0.0,0.0,0.0,7.618729,0.0,VIDEO
0.0,0.000928,0.0,70.0,0.248873,0.247945,-0.0,2250.143799,0.0,214.0,0.0,74.0,1.0,0.0,0.248873,64256.0,1721542400.0,64.0,0.0,0.0,0.0,0.0,0.0,62.0,0.0,4.018114,0.0,2.0,0.0,0.0,8.036227,4077568.0,3.0,0.0,0.0,0.0,0.0,0.248873,0.0,0.0,2250.143799,0.248873,140.0,0.0,74.0,0.0,0.0,0.248873,0.248873,0.0,0.0,0.0,0.0,0.0,VIDEO
0.0,0.0,0.0,0.0,0.830833,0.261652,-0.0,0.0,635.506775,132.0,0.0,132.0,2.0,0.0,0.261652,905590.6520605112,1721542400.0,64.0,0.0,0.0,0.0,0.0,0.0,62.0,0.0,0.0,1.0,0.0,0.0,0.0,1.203611,931391.4917946004,2.0,0.0,0.0,0.0,0.0,0.830833,0.0,0.0,635.506775,0.830833,0.0,0.0,66.0,0.0,0.0,0.830833,0.830833,0.0,0.0,0.0,1.203611,0.0,VIDEO
0.0,0.0,0.0,66.0,0.0,0.261652,-0.0,0.0,0.0,132.0,0.0,66.0,1.0,0.0,0.261652,64128.0,1721542400.0,64.0,0.0,0.0,0.0,0.0,0.0,62.0,0.0,0.0,1.0,1.0,0.0,0.0,0.0,31872.0,2.0,0.0,0.0,0.0,0.0,0.0,0.0,0.0,0.0,0.0,66.0,0.0,66.0,0.0,0.0,0.0,0.0,0.0,0.0,0.0,0.0,0.0,VIDEO
0.0,0.000928,0.0,66.0,0.740255,0.247945,-0.0,713.2677,1512.992188,342.0,1.0,210.0,3.0,1.0,0.248873,64256.0,1721542400.0,64.0,0.0,0.0,0.0,0.0,0.0,62.0,0.0,1.350886,1.0,2.0,0.0,0.0,5.403543,31872.0,5.0,0.0,0.0,0.0,0.0,0.740255,0.0,0.0,2226.259766,0.740255,132.0,0.0,70.0,0.0,0.0,0.740255,0.740255,0.0,0.0,0.0,2.701772,0.0,VIDEO
0.0,0.000928,0.0,66.0,0.000505,0.247945,-0.0,0.0,0.0,144.0,1.0,78.0,1.0,0.0,0.248873,64256.0,1721542400.0,64.0,0.0,0.0,0.0,0.0,0.0,62.0,0.0,0.0,1.0,1.0,0.0,0.0,1980.197998,31872.0,2.0,0.0,0.0,0.0,0.0,0.000505,0.0,0.0,0.0,0.000505,66.0,0.0,78.0,0.0,0.0,0.000505,0.000505,0.0,0.0,0.0,0.0,0.0,VIDEO
0.0,0.000645,0.0,148.5,0.93957,0.152841,-0.0,6326.29834,4870.312988,1577.0,0.0,686.0,6.0,0.0,0.153486,64128.0,1721542400.0,64.0,0.0,0.0,0.0,0.0,0.0,62.0,0.0,5.321583,0.0,6.0,0.0,0.0,11.707483,31872.0,12.0,0.0,0.0,0.0,0.0,0.93957,0.0,0.0,11196.611328,0.93957,891.0,0.0,114.333336,0.0,0.0,0.93957,0.93957,0.0,0.0,0.0,5.321583,0.0,VIDEO
0.0,0.000928,0.0,66.0,0.0,0.247945,-0.0,0.0,0.0,132.0,1.0,66.0,1.0,0.0,0.248873,64256.0,1721542400.0,64.0,0.0,0.0,0.0,0.0,0.0,62.0,0.0,0.0,1.0,1.0,0.0,0.0,0.0,31872.0,2.0,0.0,0.0,0.0,0.0,0.0,0.0,0.0,0.0,0.0,66.0,0.0,66.0,0.0,0.0,0.0,0.0,0.0,0.0,0.0,0.0,0.0,VIDEO
0.0,0.000664,0.0,189.5,0.323768,0.16752,-0.0,14059.450195,12255.689453,1377.0,0.0,619.0,5.0,0.0,0.168184,64256.0,1721542400.0,64.0,0.0,0.0,0.0,0.0,0.0,62.0,0.0,9.265894,0.0,4.0,0.0,0.0,24.709051,31872.0,9.0,0.0,0.0,0.0,0.0,0.323768,0.0,0.0,26315.140625,0.323768,758.0,0.0,123.800003,0.0,0.0,0.323768,0.323768,0.0,0.0,0.0,12.354526,0.0,VIDEO
0.0,0.000572,0.0,165.0,0.555361,0.275509,-0.0,9507.330078,7144.902344,1445.0,0.0,620.0,5.0,0.0,0.276081,64128.0,1721542400.0,64.0,0.0,0.0,0.0,0.0,0.0,62.0,0.0,7.202523,0.0,5.0,0.0,0.0,16.205675,31872.0,10.0,0.0,0.0,0.0,0.0,0.555361,0.0,0.0,16652.232422,0.555361,825.0,0.0,124.0,0.0,0.0,0.555361,0.555361,0.0,0.0,0.0,7.202523,0.0,VIDEO
0.0,0.000572,0.0,0.0,0.896529,0.275509,-0.0,0.0,588.937988,132.0,0.0,132.0,2.0,0.0,0.276081,905590.6520605112,1721542400.0,64.0,0.0,0.0,0.0,0.0,0.0,62.0,0.0,0.0,1.0,0.0,0.0,0.0,1.115413,931391.4917946004,2.0,0.0,0.0,0.0,0.0,0.896529,0.0,0.0,588.937988,0.896529,0.0,0.0,66.0,0.0,0.0,0.896529,0.896529,0.0,0.0,0.0,1.115413,0.0,VIDEO
0.0,0.00161,0.0,74.0,0.00161,0.0,-0.0,0.0,0.0,148.0,0.0,74.0,1.0,0.0,0.00161,8222720.0,1721542400.0,64.0,0.0,0.0,0.0,0.0,1.0,62.0,0.0,0.0,0.0,1.0,0.0,0.0,621.117981,4077568.0,2.0,0.0,0.0,0.0,0.0,0.00161,0.0,0.0,0.0,0.00161,74.0,0.0,74.0,0.0,0.0,0.00161,0.00161,0.0,0.0,0.0,0.0,0.0,VIDEO
0.0,0.00161,1.0,66.0,0.271143,0.271143,-0.0,0.0,0.0,140.0,0.0,74.0,1.0,0.0,0.272753,64256.0,1721542400.0,64.0,0.0,0.0,0.0,0.0,0.0,62.0,0.0,0.0,1.0,1.0,1.0,0.0,3.688091,4077568.0,2.0,0.0,0.0,33.333333,0.0,0.271143,0.0,0.0,0.0,0.271143,66.0,0.0,74.0,0.0,0.0,0.271143,0.271143,1.0,0.0,0.0,0.0,0.0,VIDEO
0.0,0.000572,0.0,66.0,0.277421,0.275509,-0.0,0.0,0.0,132.0,0.0,66.0,1.0,0.0,0.276081,64128.0,1721542400.0,64.0,0.0,0.0,0.0,0.0,0.0,62.0,0.0,0.0,1.0,1.0,0.0,0.0,3.60463,31872.0,2.0,0.0,0.0,0.0,0.0,0.277421,0.0,0.0,0.0,0.277421,66.0,0.0,66.0,0.0,0.0,0.277421,0.277421,0.0,0.0,0.0,0.0,0.0,VIDEO
0.0,0.00161,0.0,66.0,0.154343,0.271143,-0.0,3420.952148,0.0,198.0,0.0,66.0,1.0,1.0,0.272753,64256.0,1721542400.0,64.0,0.0,0.0,0.0,0.0,0.0,62.0,0.0,6.479076,1.0,2.0,0.0,0.0,12.958152,4077568.0,3.0,0.0,0.0,0.0,0.0,0.154343,0.0,0.0,3420.952148,0.154343,132.0,0.0,66.0,0.0,0.0,0.154343,0.154343,0.0,0.0,0.0,0.0,0.0,VIDEO
0.0,0.0,0.0,67.770836,0.262665,0.06194,-0.0,97036.148438,2786637.0,96199.0,0.0,92946.0,64.0,0.0,0.06194,64128.0,1721542400.0,64.0,0.0,0.0,0.0,0.0,0.0,62.0,0.0,178.93515,0.0,48.0,0.0,0.0,422.591522,31872.0,112.0,0.0,0.0,0.0,0.0,0.262665,0.0,0.0,2883673.0,0.262665,3253.0,0.0,1452.28125,0.0,0.0,0.262665,0.262665,0.0,0.0,0.0,239.849228,0.0,VIDEO
0.0,0.000884,0.0,151.333328,0.354743,0.167977,-0.0,17071.513672,11501.28418,1545.0,0.0,637.0,5.0,0.0,0.168861,64128.0,1721542400.0,64.0,0.0,0.0,0.0,0.0,0.0,62.0,0.0,14.09471,0.0,6.0,0.0,0.0,28.189421,31872.0,11.0,0.0,0.0,0.0,0.0,0.354743,0.0,0.0,28572.796875,0.354743,908.0,0.0,127.400002,0.0,0.0,0.354743,0.354743,0.0,0.0,0.0,11.275768,0.0,VIDEO
0.0,0.002978,0.0,65.678574,0.308924,0.059833,-0.0,93563.46875,2682420.25,108719.0,0.0,105041.0,72.0,0.0,0.062811,90240.0,1721542400.0,64.0,0.0,0.0,0.0,0.0,0.0,62.0,0.0,178.037323,0.0,56.0,0.0,0.0,411.10437,31872.0,128.0,0.0,0.0,0.0,0.0,0.308924,0.0,0.0,2775983.75,0.308924,3678.0,0.0,1458.902832,0.0,0.0,0.308924,0.308924,0.0,0.0,0.0,229.830002,0.0,VIDEO
0.0,0.000503,0.0,73.837837,0.231606,0.045221,-0.0,91845.632812,2219908.0,68428.0,0.0,65696.0,46.0,0.0,0.045724,85504.0,1721542400.0,64.0,0.0,0.0,0.0,0.0,0.0,62.0,0.0,155.436386,0.0,37.0,0.0,0.0,354.04953,31872.0,83.0,0.0,0.0,0.0,0.0,0.231606,0.0,0.0,2311753.5,0.231606,2732.0,0.0,1428.17395,0.0,0.0,0.231606,0.231606,0.0,0.0,0.0,194.295486,0.0,VIDEO
0.0,0.000772,0.0,194.0,0.540773,0.275939,-0.0,8609.897461,7544.755859,1413.0,0.0,637.0,5.0,0.0,0.276711,64256.0,1721542400.0,64.0,0.0,0.0,0.0,0.0,0.0,62.0,0.0,5.547615,0.0,4.0,0.0,0.0,14.793638,31872.0,9.0,0.0,0.0,0.0,0.0,0.540773,0.0,0.0,16154.65332,0.540773,776.0,0.0,127.400002,0.0,0.0,0.540773,0.540773,0.0,0.0,0.0,7.396819,0.0,VIDEO
0.0,0.001823,0.0,70.0,0.277134,0.275311,-0.0,2020.683105,0.0,214.0,0.0,74.0,1.0,0.0,0.277134,64256.0,1721542400.0,64.0,0.0,0.0,0.0,0.0,0.0,62.0,0.0,3.608363,0.0,2.0,0.0,0.0,7.216725,4077568.0,3.0,0.0,0.0,0.0,0.0,0.277134,0.0,0.0,2020.683105,0.277134,140.0,0.0,74.0,0.0,0.0,0.277134,0.277134,0.0,0.0,0.0,0.0,0.0,VIDEO
0.0,0.000772,0.0,0.0,0.832456,0.275939,-0.0,0.0,634.267761,132.0,0.0,132.0,2.0,0.0,0.276711,905590.6520605112,1721542400.0,64.0,0.0,0.0,0.0,0.0,0.0,62.0,0.0,0.0,1.0,0.0,0.0,0.0,1.201265,931391.4917946004,2.0,0.0,0.0,0.0,0.0,0.832456,0.0,0.0,634.267761,0.832456,0.0,0.0,66.0,0.0,0.0,0.832456,0.832456,0.0,0.0,0.0,1.201265,0.0,VIDEO
0.0,0.000772,0.0,0.0,0.0,0.275939,-0.0,0.0,0.0,66.0,0.0,66.0,1.0,0.0,0.276711,905590.6520605112,1721542400.0,64.0,0.0,0.0,0.0,0.0,0.0,62.0,0.0,0.0,1.0,0.0,0.0,0.0,0.0,931391.4917946004,1.0,0.0,0.0,0.0,0.0,0.0,0.0,0.0,0.0,0.0,0.0,0.0,66.0,0.0,0.0,0.0,0.0,0.0,0.0,0.0,0.0,0.0,VIDEO
0.0,0.001823,0.0,66.0,0.154254,0.275311,-0.0,3422.925781,0.0,198.0,0.0,66.0,1.0,1.0,0.277134,64256.0,1721542400.0,64.0,0.0,0.0,0.0,0.0,0.0,62.0,0.0,6.482814,1.0,2.0,0.0,0.0,12.965628,4077568.0,3.0,0.0,0.0,0.0,0.0,0.154254,0.0,0.0,3422.925781,0.154254,132.0,0.0,66.0,0.0,0.0,0.154254,0.154254,0.0,0.0,0.0,0.0,0.0,VIDEO
0.0,0.000772,0.0,0.0,0.0,0.275939,-0.0,0.0,0.0,66.0,0.0,66.0,1.0,0.0,0.276711,905590.6520605112,1721542400.0,64.0,0.0,0.0,0.0,0.0,0.0,62.0,0.0,0.0,1.0,0.0,0.0,0.0,0.0,931391.4917946004,1.0,0.0,0.0,0.0,0.0,0.0,0.0,0.0,0.0,0.0,0.0,0.0,66.0,0.0,0.0,0.0,0.0,0.0,0.0,0.0,0.0,0.0,VIDEO
0.0,0.000772,0.0,0.0,0.0,0.275939,-0.0,0.0,0.0,66.0,0.0,66.0,1.0,0.0,0.276711,905590.6520605112,1721542400.0,64.0,0.0,0.0,0.0,0.0,0.0,62.0,0.0,0.0,1.0,0.0,0.0,0.0,0.0,931391.4917946004,1.0,0.0,0.0,0.0,0.0,0.0,0.0,0.0,0.0,0.0,0.0,0.0,66.0,0.0,0.0,0.0,0.0,0.0,0.0,0.0,0.0,0.0,VIDEO
0.0,0.000772,0.0,66.0,0.0,0.275939,-0.0,0.0,0.0,132.0,0.0,66.0,1.0,0.0,0.276711,64128.0,1721542400.0,64.0,0.0,0.0,0.0,0.0,0.0,62.0,0.0,0.0,1.0,1.0,0.0,0.0,0.0,31872.0,2.0,0.0,0.0,0.0,0.0,0.0,0.0,0.0,0.0,0.0,66.0,0.0,66.0,0.0,0.0,0.0,0.0,0.0,0.0,0.0,0.0,0.0,VIDEO
0.0,0.001469,0.0,128.166672,0.217806,0.092395,-0.0,23543.888672,67215.78125,2964.0,0.0,2195.0,6.0,0.0,0.093864,64000.0,1721542400.0,64.0,0.0,0.0,0.0,0.0,0.0,62.0,0.0,22.956209,0.0,6.0,0.0,0.0,50.503658,31872.0,12.0,0.0,0.0,0.0,0.0,0.217806,0.0,0.0,90759.671875,0.217806,769.0,0.0,365.833344,0.0,0.0,0.217806,0.217806,0.0,0.0,0.0,22.956209,0.0,VIDEO
0.0,0.001098,0.0,64.0,0.168155,0.0,-0.0,3044.809814,0.0,202.0,0.0,74.0,1.0,0.0,0.001098,8222720.0,1721542400.0,64.0,0.0,0.0,0.0,0.0,0.0,62.0,0.0,5.946894,0.0,2.0,0.0,0.0,11.893788,4077568.0,3.0,0.0,0.0,0.0,0.0,0.168155,0.0,0.0,3044.809814,0.168155,128.0,0.0,74.0,0.0,0.0,0.168155,0.168155,0.0,0.0,0.0,0.0,0.0,VIDEO
0.0,0.0,0.0,71.283783,0.88263,0.155406,-0.0,47168.121094,2132454.25,242035.0,0.0,236760.0,159.0,0.0,0.155406,305792.0,1721542400.0,64.0,0.0,0.0,0.0,0.0,0.0,62.0,0.0,82.707367,0.0,74.0,0.0,0.0,262.8508,31872.0,233.0,0.0,0.0,0.0,0.0,0.88263,0.0,0.0,2179622.5,0.88263,5275.0,0.0,1489.056641,0.0,0.0,0.88263,0.88263,0.0,0.0,1.0,179.010452,0.0,VIDEO
0.0,0.001994,0.0,135.800003,0.355387,0.166725,-0.0,12245.805664,13078.700195,1405.0,0.0,726.0,5.0,0.0,0.168719,64128.0,1721542400.0,64.0,0.0,0.0,0.0,0.0,0.0,62.0,0.0,11.255336,0.0,5.0,0.0,0.0,25.324505,31872.0,10.0,0.0,0.0,0.0,0.0,0.355387,0.0,0.0,25324.505859,0.355387,679.0,0.0,145.199997,0.0,0.0,0.355387,0.355387,0.0,0.0,0.0,11.255336,0.0,VIDEO
0.0,0.0,0.0,66.0,0.985355,0.155406,-0.0,61086.613281,3871985.25,486014.0,0.0,478424.0,316.0,0.0,0.155406,397184.0,1721542400.0,64.0,0.0,0.0,0.0,0.0,0.0,62.0,0.0,115.694344,1.0,115.0,0.0,1.0,436.39093,31872.0,431.0,0.0,0.0,0.0,0.0,0.985355,0.0,0.0,3933071.75,0.985355,7590.0,0.0,1514.0,0.0,0.0,0.985355,0.985355,0.0,0.0,0.0,319.681732,0.0,VIDEO
0.0,0.0,0.0,66.0,0.927428,0.155406,-0.0,64332.757812,5498165.0,646432.0,0.0,638908.0,422.0,0.0,0.155406,407808.0,1721542400.0,64.0,0.0,0.0,0.0,0.0,0.0,62.0,0.0,121.842339,1.0,114.0,0.0,1.0,576.864197,31872.0,536.0,0.0,0.0,0.0,0.0,0.927428,0.0,0.0,5562497.5,0.927428,7524.0,0.0,1514.0,0.0,0.0,0.927428,0.927428,0.0,0.0,0.0,453.943604,0.0,VIDEO
0.0,0.0,0.0,66.0,0.972673,0.155406,-0.0,80882.273438,6378530.0,786939.0,0.0,777039.0,514.0,0.0,0.155406,448128.0,1721542400.0,64.0,0.0,0.0,0.0,0.0,0.0,62.0,0.0,153.186111,1.0,150.0,0.0,0.0,681.626831,31872.0,664.0,0.0,0.0,0.0,0.0,0.972673,0.0,0.0,6459412.5,0.972673,9900.0,0.0,1511.749023,0.0,0.0,0.972673,0.972673,0.0,0.0,0.0,527.412598,0.0,VIDEO
0.0,0.0,0.0,66.0,0.047094,0.155406,-0.0,168174.296875,0.0,1122.0,0.0,66.0,1.0,0.0,0.155406,448128.0,1721542400.0,64.0,0.0,0.0,0.0,0.0,0.0,62.0,0.0,318.511932,1.0,16.0,0.0,0.0,339.746063,31872.0,17.0,0.0,0.0,0.0,0.0,0.047094,0.0,0.0,168174.296875,0.047094,1056.0,0.0,66.0,0.0,0.0,0.047094,0.047094,0.0,0.0,0.0,0.0,0.0,VIDEO
0.0,0.000496,0.0,69.714287,0.952731,0.0,-0.0,60886.019531,2545860.25,312003.0,0.0,304683.0,204.0,0.0,0.000496,382720.0,1721542400.0,64.0,0.0,0.0,0.0,0.0,0.0,62.0,0.0,109.159874,0.0,105.0,0.0,0.0,323.281158,31872.0,309.0,0.0,0.0,0.0,0.0,0.952731,0.0,0.0,2606746.25,0.952731,7320.0,0.0,1493.544067,0.0,0.0,0.952731,0.952731,0.0,0.0,0.0,213.071686,0.0,VIDEO
0.0,0.000496,0.0,66.0,0.077512,0.0,-0.0,258850.234375,0.0,2640.0,0.0,66.0,1.0,0.0,0.000496,547840.0,1721542400.0,64.0,0.0,0.0,0.0,0.0,0.0,62.0,0.0,490.246643,1.0,39.0,0.0,0.0,503.147888,31872.0,40.0,0.0,0.0,0.0,0.0,0.077512,0.0,0.0,258850.234375,0.077512,2574.0,0.0,66.0,0.0,0.0,0.077512,0.077512,0.0,0.0,0.0,0.0,0.0,VIDEO
0.0,0.0,0.0,70.0,0.166946,0.166946,-0.0,3354.378174,0.0,214.0,0.0,74.0,1.0,0.0,0.166946,64256.0,1721542400.0,64.0,0.0,0.0,0.0,0.0,0.0,62.0,0.0,5.989961,0.0,2.0,0.0,0.0,11.979922,4077568.0,3.0,0.0,0.0,0.0,0.0,0.166946,0.0,0.0,3354.378174,0.166946,140.0,0.0,74.0,0.0,0.0,0.166946,0.166946,0.0,0.0,0.0,0.0,0.0,VIDEO
0.0,0.0,0.0,66.0,0.153248,0.166946,-0.0,3445.395752,0.0,198.0,0.0,66.0,1.0,1.0,0.166946,64256.0,1721542400.0,64.0,0.0,0.0,0.0,0.0,0.0,62.0,0.0,6.525371,1.0,2.0,0.0,0.0,13.050741,4077568.0,3.0,0.0,0.0,0.0,0.0,0.153248,0.0,0.0,3445.395752,0.153248,132.0,0.0,66.0,0.0,0.0,0.153248,0.153248,0.0,0.0,0.0,0.0,0.0,VIDEO
0.0,0.000953,0.0,70.833336,0.912303,0.154632,-0.0,51561.816406,2249068.75,263920.0,0.0,257970.0,173.0,0.0,0.155585,316800.0,1721542400.0,64.0,0.0,0.0,0.0,0.0,0.0,62.0,0.0,90.978546,0.0,84.0,0.0,0.0,280.608521,31872.0,257.0,0.0,0.0,0.0,0.0,0.912303,0.0,0.0,2300630.5,0.912303,5950.0,0.0,1491.156128,0.0,0.0,0.912303,0.912303,0.0,0.0,1.0,188.533859,0.0,VIDEO
0.0,0.000953,0.0,66.0,0.987154,0.154632,-0.0,73812.1875,4515218.5,567840.0,0.0,558666.0,369.0,0.0,0.155585,536064.0,1721542400.0,64.0,0.0,0.0,0.0,0.0,0.0,62.0,0.0,139.795822,1.0,139.0,0.0,1.0,513.597656,31872.0,508.0,0.0,0.0,0.0,0.0,0.987154,0.0,0.0,4589030.5,0.987154,9174.0,0.0,1514.0,0.0,0.0,0.987154,0.987154,0.0,0.0,0.0,372.788849,0.0,VIDEO
0.0,0.000953,0.0,66.0,0.555674,0.154632,-0.0,82667.171875,4091838.0,291527.0,0.0,285719.0,190.0,0.0,0.155585,536064.0,1721542400.0,64.0,0.0,0.0,0.0,0.0,0.0,62.0,0.0,156.56662,1.0,88.0,0.0,0.0,498.493713,31872.0,278.0,0.0,0.0,0.0,0.0,0.555674,0.0,0.0,4174505.0,0.555674,5808.0,0.0,1503.78418,0.0,0.0,0.555674,0.555674,0.0,0.0,0.0,340.127472,0.0,VIDEO
0.0,0.001086,0.0,67.54924,0.993516,0.045459,-0.0,143055.5625,9038413.0,1141817.0,0.0,1123984.0,745.0,0.0,0.046545,506240.0,1721542400.0,64.0,0.0,0.0,0.0,0.0,0.0,62.0,0.0,264.7164,0.0,264.0,0.0,0.0,1014.578491,31872.0,1009.0,0.0,0.0,0.0,0.0,0.993516,0.0,0.0,9181468.0,0.993516,17833.0,0.0,1508.703369,0.0,0.0,0.993516,0.993516,0.0,0.0,1.0,748.85553,0.0,VIDEO
0.0,0.001086,0.0,66.0,0.987935,0.045459,-0.0,88718.390625,7539848.0,943646.0,0.0,932624.0,616.0,0.0,0.046545,506240.0,1721542400.0,64.0,0.0,0.0,0.0,0.0,0.0,62.0,0.0,168.027252,1.0,167.0,0.0,1.0,791.550049,31872.0,783.0,0.0,0.0,0.0,0.0,0.987935,0.0,0.0,7628566.5,0.987935,11022.0,0.0,1514.0,0.0,0.0,0.987935,0.987935,0.0,0.0,0.0,622.510559,0.0,VIDEO
0.0,0.001086,0.0,66.0,0.295644,0.045459,-0.0,98226.25,3944663.25,150960.0,0.0,147264.0,99.0,0.0,0.046545,506240.0,1721542400.0,64.0,0.0,0.0,0.0,0.0,0.0,62.0,0.0,186.034561,1.0,56.0,0.0,0.0,520.89679,31872.0,155.0,0.0,0.0,0.0,0.0,0.295644,0.0,0.0,4042889.5,0.295644,3696.0,0.0,1487.515137,0.0,0.0,0.295644,0.295644,0.0,0.0,0.0,331.479767,0.0,VIDEO
0.0,0.000468,0.0,69.94175,0.999987,0.153159,-0.0,57080.742188,3117680.5,398407.0,0.0,391203.0,261.0,0.0,0.153627,418048.0,1721542400.0,64.0,0.0,0.0,0.0,0.0,0.0,62.0,0.0,102.001328,0.0,103.0,0.0,0.0,363.00473,31872.0,364.0,0.0,0.0,0.0,0.0,0.999987,0.0,0.0,3174761.25,0.999987,7204.0,0.0,1498.862061,0.0,0.0,0.999987,0.999987,0.0,0.0,1.0,260.003387,0.0,VIDEO
0.0,0.000468,0.0,66.0,0.573331,0.153159,-0.0,228391.625,9959245.0,731685.0,0.0,715251.0,474.0,0.0,0.153627,812160.0,1721542400.0,64.0,0.0,0.0,0.0,0.0,0.0,62.0,0.0,432.559906,1.0,249.0,0.0,0.0,1259.307495,31872.0,723.0,0.0,0.0,0.0,0.0,0.573331,0.0,0.0,10187637.0,0.573331,16434.0,0.0,1508.968384,0.0,0.0,0.573331,0.573331,0.0,0.0,0.0,825.003357,0.0,VIDEO
0.0,0.00099,0.0,67.303574,0.245663,0.059981,-0.0,120555.390625,2979463.75,96714.0,0.0,92945.0,64.0,0.0,0.060971,90240.0,1721542400.0,64.0,0.0,0.0,0.0,0.0,0.0,62.0,0.0,223.883942,0.0,56.0,0.0,0.0,484.403412,31872.0,120.0,0.0,0.0,0.0,0.0,0.245663,0.0,0.0,3100019.0,0.245663,3769.0,0.0,1452.265625,0.0,0.0,0.245663,0.245663,0.0,0.0,0.0,256.448883,0.0,VIDEO
0.0,0.001567,0.0,72.09375,0.925197,0.16756,-0.0,39273.796875,2851146.25,335840.0,0.0,331226.0,222.0,0.0,0.169127,334720.0,1721542400.0,64.0,0.0,0.0,0.0,0.0,0.0,62.0,0.0,68.093605,0.0,64.0,0.0,0.0,308.042511,31872.0,286.0,0.0,0.0,0.0,0.0,0.925197,0.0,0.0,2890420.0,0.925197,4614.0,0.0,1492.009033,0.0,0.0,0.925197,0.925197,0.0,0.0,0.0,238.868042,0.0,VIDEO
0.0,0.001567,0.0,66.0,0.04777,0.16756,-0.0,364747.75,0.0,2310.0,0.0,66.0,1.0,0.0,0.169127,534528.0,1721542400.0,64.0,0.0,0.0,0.0,0.0,0.0,62.0,0.0,690.81012,1.0,34.0,0.0,0.0,711.743774,31872.0,35.0,0.0,0.0,0.0,0.0,0.04777,0.0,0.0,364747.75,0.04777,2244.0,0.0,66.0,0.0,0.0,0.04777,0.04777,0.0,0.0,0.0,0.0,0.0,VIDEO
0.0,0.011654,0.0,70.0,0.061124,0.04947,-0.0,9161.704102,0.0,214.0,0.0,74.0,1.0,0.0,0.061124,64256.0,1721542400.0,64.0,0.0,0.0,0.0,0.0,0.0,62.0,0.0,16.360186,0.0,2.0,0.0,0.0,32.720371,4077568.0,3.0,0.0,0.0,0.0,0.0,0.061124,0.0,0.0,9161.704102,0.061124,140.0,0.0,74.0,0.0,0.0,0.061124,0.061124,0.0,0.0,0.0,0.0,0.0,VIDEO
0.0,0.011654,0.0,66.0,0.168079,0.04947,-0.0,3141.379883,0.0,198.0,0.0,66.0,1.0,1.0,0.061124,64256.0,1721542400.0,64.0,0.0,0.0,0.0,0.0,0.0,62.0,0.0,5.949583,1.0,2.0,0.0,0.0,11.899166,4077568.0,3.0,0.0,0.0,0.0,0.0,0.168079,0.0,0.0,3141.379883,0.168079,132.0,0.0,66.0,0.0,0.0,0.168079,0.168079,0.0,0.0,0.0,0.0,0.0,VIDEO
0.0,0.000491,0.0,74.0,0.000491,0.0,-0.0,0.0,0.0,148.0,0.0,74.0,1.0,0.0,0.000491,8222720.0,1721542400.0,64.0,0.0,0.0,0.0,0.0,1.0,62.0,0.0,0.0,0.0,1.0,0.0,0.0,2036.65979,4077568.0,2.0,0.0,0.0,0.0,0.0,0.000491,0.0,0.0,0.0,0.000491,74.0,0.0,74.0,0.0,0.0,0.000491,0.000491,0.0,0.0,0.0,0.0,0.0,VIDEO
0.0,0.000491,0.0,0.0,0.0,0.0,-0.0,0.0,0.0,74.0,0.0,74.0,1.0,0.0,0.000491,905590.6520605112,1721542400.0,64.0,1.0,0.0,0.0,0.0,0.0,62.0,0.0,0.0,1.0,0.0,1.0,0.0,0.0,931391.4917946004,1.0,0.0,0.0,0.0,0.0,0.0,0.0,0.0,0.0,0.0,0.0,0.0,74.0,0.0,0.0,0.0,0.0,1.0,0.0,0.0,0.0,0.0,VIDEO
0.0,0.000503,0.0,74.0,0.000503,0.0,-0.0,0.0,0.0,148.0,0.0,74.0,1.0,0.0,0.000503,8222720.0,1721542400.0,64.0,0.0,0.0,0.0,0.0,1.0,62.0,0.0,0.0,0.0,1.0,0.0,0.0,1988.071655,4077568.0,2.0,0.0,0.0,0.0,0.0,0.000503,0.0,0.0,0.0,0.000503,74.0,0.0,74.0,0.0,0.0,0.000503,0.000503,0.0,0.0,0.0,0.0,0.0,VIDEO
0.0,0.000491,1.0,83.36364,0.785424,0.148341,-0.0,17834.953125,1055032.75,106873.0,0.0,105039.0,72.0,0.0,0.148832,103424.0,1721542400.0,64.0,0.0,0.0,0.0,0.0,0.0,62.0,0.0,26.73715,1.0,22.0,1.0,0.0,118.407387,31872.0,94.0,0.0,0.0,1.052632,0.0,0.785424,0.0,0.0,1072867.75,0.785424,1834.0,0.0,1458.875,0.0,0.0,0.785424,0.785424,1.0,0.0,0.0,90.397034,0.0,VIDEO
0.0,0.000503,1.0,66.0,0.153906,0.153906,-0.0,0.0,0.0,140.0,0.0,74.0,1.0,0.0,0.154409,64256.0,1721542400.0,64.0,0.0,0.0,0.0,0.0,0.0,62.0,0.0,0.0,1.0,1.0,1.0,0.0,6.497472,4077568.0,2.0,0.0,0.0,33.333333,0.0,0.153906,0.0,0.0,0.0,0.153906,66.0,0.0,74.0,0.0,0.0,0.153906,0.153906,1.0,0.0,0.0,0.0,0.0,VIDEO
0.0,0.000491,0.0,66.0,0.385897,0.148341,-0.0,101249.8125,4355939.5,216568.0,0.0,211618.0,141.0,0.0,0.148832,487168.0,1721542400.0,64.0,0.0,0.0,0.0,0.0,0.0,62.0,0.0,191.761002,1.0,75.0,0.0,0.0,557.143494,31872.0,216.0,0.0,0.0,0.0,0.0,0.385897,0.0,0.0,4457189.0,0.385897,4950.0,0.0,1500.836914,0.0,0.0,0.385897,0.385897,0.0,0.0,0.0,362.791107,0.0,VIDEO
0.0,0.000503,0.0,66.0,0.153949,0.153906,-0.0,3429.707031,0.0,198.0,0.0,66.0,1.0,1.0,0.154409,64256.0,1721542400.0,64.0,0.0,0.0,0.0,0.0,0.0,62.0,0.0,6.495657,1.0,2.0,0.0,0.0,12.991315,4077568.0,3.0,0.0,0.0,0.0,0.0,0.153949,0.0,0.0,3429.707031,0.153949,132.0,0.0,66.0,0.0,0.0,0.153949,0.153949,0.0,0.0,0.0,0.0,0.0,VIDEO
0.0,0.000987,0.0,69.0,0.990962,0.060901,-0.0,71857.445312,2901479.5,369874.0,0.0,360904.0,241.0,0.0,0.061888,531456.0,1721542400.0,64.0,0.0,0.0,0.0,0.0,0.0,62.0,0.0,130.176529,0.0,130.0,0.0,0.0,373.374542,31872.0,371.0,0.0,0.0,0.0,0.0,0.990962,0.0,0.0,2973337.0,0.990962,8970.0,0.0,1497.526978,0.0,0.0,0.990962,0.990962,0.0,0.0,1.0,242.188904,0.0,VIDEO
0.0,0.000987,0.0,66.0,0.186203,0.060901,-0.0,51041.066406,168547.234375,6157.0,0.0,4903.0,5.0,0.0,0.061888,534656.0,1721542400.0,64.0,0.0,0.0,0.0,0.0,0.0,62.0,0.0,96.668686,1.0,19.0,0.0,0.0,123.521103,31872.0,24.0,0.0,0.0,0.0,0.0,0.186203,0.0,0.0,219588.296875,0.186203,1254.0,0.0,980.599976,0.0,0.0,0.186203,0.186203,0.0,0.0,0.0,21.48193,0.0,VIDEO
0.0,0.000991,0.0,68.846718,0.678081,0.062121,-0.0,110476.484375,3964446.75,346945.0,0.0,337513.0,227.0,0.0,0.063112,571136.0,1721542400.0,64.0,0.0,0.0,0.0,0.0,0.0,62.0,0.0,200.56601,0.0,137.0,0.0,0.0,535.33429,31872.0,364.0,0.0,0.0,0.0,0.0,0.678081,0.0,0.0,4074923.25,0.678081,9432.0,0.0,1486.841431,0.0,0.0,0.678081,0.678081,0.0,0.0,0.0,333.293518,0.0,VIDEO
0.0,0.001491,0.0,70.0,0.106129,0.104638,-0.0,5276.597656,0.0,214.0,0.0,74.0,1.0,0.0,0.106129,64256.0,1721542400.0,64.0,0.0,0.0,0.0,0.0,0.0,62.0,0.0,9.422496,0.0,2.0,0.0,0.0,18.844992,4077568.0,3.0,0.0,0.0,0.0,0.0,0.106129,0.0,0.0,5276.597656,0.106129,140.0,0.0,74.0,0.0,0.0,0.106129,0.106129,0.0,0.0,0.0,0.0,0.0,VIDEO
0.0,0.001491,0.0,66.0,0.153706,0.104638,-0.0,3435.129395,0.0,198.0,0.0,66.0,1.0,1.0,0.106129,64256.0,1721542400.0,64.0,0.0,0.0,0.0,0.0,0.0,62.0,0.0,6.505927,1.0,2.0,0.0,0.0,13.011854,4077568.0,3.0,0.0,0.0,0.0,0.0,0.153706,0.0,0.0,3435.129395,0.153706,132.0,0.0,66.0,0.0,0.0,0.153706,0.153706,0.0,0.0,0.0,0.0,0.0,VIDEO
0.0,0.000497,0.0,67.15094,0.261368,0.059345,-0.0,106883.78125,2800465.25,96505.0,0.0,92946.0,64.0,0.0,0.059842,75904.0,1721542400.0,64.0,0.0,0.0,0.0,0.0,0.0,62.0,0.0,198.953201,0.0,53.0,0.0,0.0,443.818665,31872.0,117.0,0.0,0.0,0.0,0.0,0.261368,0.0,0.0,2907349.0,0.261368,3559.0,0.0,1452.28125,0.0,0.0,0.261368,0.261368,0.0,0.0,0.0,241.039444,0.0,VIDEO
0.0,0.001003,0.0,70.666664,0.914533,0.16686,-0.0,53168.117188,4084410.25,474565.0,0.0,468417.0,312.0,0.0,0.167863,415616.0,1721542400.0,64.0,0.0,0.0,0.0,0.0,0.0,62.0,0.0,94.037064,0.0,87.0,0.0,0.0,435.194794,31872.0,399.0,0.0,0.0,0.0,0.0,0.914533,0.0,0.0,4137578.25,0.914533,6148.0,0.0,1501.336548,0.0,0.0,0.914533,0.914533,0.0,0.0,1.0,340.06427,0.0,VIDEO
0.0,0.001003,0.0,0.0,0.455793,0.16686,-0.0,0.0,26573.466797,3028.0,0.0,3028.0,2.0,0.0,0.167863,905590.6520605112,1721542400.0,64.0,0.0,0.0,0.0,0.0,0.0,62.0,0.0,0.0,1.0,0.0,1.0,0.0,2.193979,931391.4917946004,2.0,0.0,0.0,0.0,0.0,0.455793,0.0,0.0,26573.466797,0.455793,0.0,0.0,1514.0,1.0,0.0,0.455793,0.455793,1.0,0.0,0.0,2.193979,0.0,VIDEO
0.0,0.001003,194.0,81.085327,0.848957,0.16686,-0.0,223116.125,12397952.0,1340938.0,1.0,1317180.0,870.0,0.0,0.167863,1267456.0,1721542400.0,64.0,0.0,0.0,0.0,0.0,0.0,62.0,0.0,343.951447,1.0,293.0,194.0,1.0,1368.738403,31872.0,1163.0,0.0,0.0,14.296242,0.0,0.848957,0.0,0.0,12621068.0,0.848957,23758.0,0.0,1514.0,0.0,0.0,0.848957,0.848957,1.0,0.0,0.0,1023.608948,0.0,VIDEO
0.0,0.001003,3.0,77.092934,0.523439,0.16686,-0.0,315773.1875,6261910.5,431960.0,1.0,411222.0,273.0,0.0,0.167863,2454784.0,1721542400.0,64.0,0.0,0.0,0.0,0.0,0.0,62.0,0.0,511.998535,1.0,269.0,3.0,0.0,1033.549316,31872.0,542.0,0.0,0.0,0.550459,0.0,0.523439,0.0,0.0,6577683.5,0.523439,20738.0,0.0,1506.307739,0.0,0.0,0.523439,0.523439,1.0,0.0,0.0,519.64032,0.0,VIDEO
0.0,0.002693,0.0,67.659576,0.679004,0.152154,-0.0,36677.25,1077778.625,96109.0,0.0,92929.0,64.0,0.0,0.154847,70528.0,1721542400.0,64.0,0.0,0.0,0.0,0.0,0.0,62.0,0.0,67.746284,0.0,47.0,0.0,0.0,162.001984,31872.0,111.0,0.0,0.0,0.0,0.0,0.679004,0.0,0.0,1114455.875,0.679004,3180.0,0.0,1452.015625,0.0,0.0,0.679004,0.679004,0.0,0.0,0.0,92.782959,0.0,VIDEO
0.0,0.001988,0.0,66.03846,0.446537,0.060024,-0.0,60339.90625,1749194.375,102504.0,0.0,99070.0,69.0,0.0,0.062012,75776.0,1721542400.0,64.0,0.0,0.0,0.0,0.0,0.0,62.0,0.0,114.212265,0.0,52.0,0.0,0.0,268.734741,31872.0,121.0,0.0,0.0,0.0,0.0,0.446537,0.0,0.0,1809534.25,0.446537,3434.0,0.0,1435.797119,0.0,0.0,0.446537,0.446537,0.0,0.0,0.0,152.28302,0.0,VIDEO
0.0,0.0005,19.0,70.774773,0.988459,0.060254,-0.0,190178.859375,10836844.0,1364049.0,1.0,1340481.0,888.0,0.0,0.060754,1066752.0,1721542400.0,64.0,0.0,0.0,0.0,0.0,0.0,62.0,0.0,335.876343,0.0,333.0,19.0,0.0,1234.244385,31872.0,1221.0,0.0,0.0,1.532258,0.0,0.988459,0.0,0.0,11027023.0,0.988459,23568.0,0.0,1509.550659,0.0,0.0,0.988459,0.988459,1.0,0.0,1.0,897.356384,0.0,VIDEO
0.0,0.0005,0.0,66.0,0.999511,0.060254,-0.0,125725.476562,6470972.5,825764.0,1.0,809990.0,535.0,0.0,0.060754,1787904.0,1721542400.0,64.0,0.0,0.0,0.0,0.0,0.0,62.0,0.0,238.11644,1.0,239.0,0.0,1.0,773.378174,31872.0,774.0,0.0,0.0,0.0,0.0,0.999511,0.0,0.0,6596698.0,0.999511,15774.0,0.0,1514.0,0.0,0.0,0.999511,0.999511,0.0,0.0,0.0,534.26123,0.0,VIDEO
0.0,0.0005,0.0,66.0,0.277344,0.060254,-0.0,106611.289062,2327651.0,85924.0,1.0,82162.0,56.0,0.0,0.060754,1787904.0,1721542400.0,64.0,0.0,0.0,0.0,0.0,0.0,62.0,0.0,201.915314,1.0,57.0,0.0,0.0,403.830627,31872.0,113.0,0.0,0.0,0.0,0.0,0.277344,0.0,0.0,2434262.25,0.277344,3762.0,0.0,1467.178589,0.0,0.0,0.277344,0.277344,0.0,0.0,0.0,198.309692,0.0,VIDEO
0.0,0.000494,0.0,165.399994,0.33737,0.0,-0.0,15697.898438,11808.993164,1449.0,0.0,622.0,5.0,0.0,0.000494,64128.0,1721542400.0,64.0,0.0,0.0,0.0,0.0,0.0,62.0,0.0,11.856419,0.0,5.0,0.0,0.0,26.676941,31872.0,10.0,0.0,0.0,0.0,0.0,0.33737,0.0,0.0,27506.890625,0.33737,827.0,0.0,124.400002,0.0,0.0,0.33737,0.33737,0.0,0.0,0.0,11.856419,0.0,VIDEO
0.0,0.0,0.0,70.0,0.16873,0.16873,-0.0,3318.911865,0.0,214.0,0.0,74.0,1.0,0.0,0.16873,64256.0,1721542400.0,64.0,0.0,0.0,0.0,0.0,0.0,62.0,0.0,5.926628,0.0,2.0,0.0,0.0,11.853256,4077568.0,3.0,0.0,0.0,0.0,0.0,0.16873,0.0,0.0,3318.911865,0.16873,140.0,0.0,74.0,0.0,0.0,0.16873,0.16873,0.0,0.0,0.0,0.0,0.0,VIDEO
0.0,0.0,0.0,187.5,0.170097,0.16873,-0.0,26479.009766,19236.083984,1295.0,0.0,545.0,4.0,0.0,0.16873,64128.0,1721542400.0,64.0,0.0,0.0,0.0,1.0,0.0,62.0,0.0,17.636995,1.0,4.0,0.0,0.0,41.152992,31872.0,8.0,0.0,0.0,0.0,0.0,0.170097,0.0,0.0,45715.09375,0.170097,750.0,0.0,136.25,0.0,0.0,0.170097,0.170097,0.0,0.0,0.0,17.636995,0.0,VIDEO
0.0,0.0,0.0,151.166672,0.353486,0.167636,-0.0,17109.587891,11519.550781,1543.0,0.0,636.0,5.0,0.0,0.167636,64128.0,1721542400.0,64.0,0.0,0.0,0.0,0.0,0.0,62.0,0.0,14.144832,0.0,6.0,0.0,0.0,28.289663,31872.0,11.0,0.0,0.0,0.0,0.0,0.353486,0.0,0.0,28629.138672,0.353486,907.0,0.0,127.199997,0.0,0.0,0.353486,0.353486,0.0,0.0,0.0,11.315866,0.0,VIDEO
0.0,0.00151,0.0,74.0,0.00151,0.0,-0.0,0.0,0.0,148.0,0.0,74.0,1.0,0.0,0.00151,8222720.0,1721542400.0,64.0,0.0,0.0,0.0,0.0,1.0,62.0,0.0,0.0,0.0,1.0,0.0,0.0,662.251648,4077568.0,2.0,0.0,0.0,0.0,0.0,0.00151,0.0,0.0,0.0,0.00151,74.0,0.0,74.0,0.0,0.0,0.00151,0.00151,0.0,0.0,0.0,0.0,0.0,VIDEO
0.0,0.00151,1.0,66.0,0.0,0.170345,-0.0,0.0,0.0,140.0,0.0,74.0,1.0,0.0,0.171855,64256.0,1721542400.0,64.0,0.0,0.0,0.0,0.0,0.0,62.0,0.0,0.0,1.0,1.0,1.0,0.0,0.0,4077568.0,2.0,0.0,0.0,33.333333,0.0,0.0,0.0,0.0,0.0,0.0,66.0,0.0,74.0,0.0,0.0,0.0,0.0,1.0,0.0,0.0,0.0,0.0,VIDEO
0.0,0.00151,0.0,66.0,0.168315,0.170345,-0.0,3136.975342,0.0,198.0,0.0,66.0,1.0,1.0,0.171855,64256.0,1721542400.0,64.0,0.0,0.0,0.0,0.0,0.0,62.0,0.0,5.941241,1.0,2.0,0.0,0.0,11.882483,4077568.0,3.0,0.0,0.0,0.0,0.0,0.168315,0.0,0.0,3136.975342,0.168315,132.0,0.0,66.0,0.0,0.0,0.168315,0.168315,0.0,0.0,0.0,0.0,0.0,VIDEO
0.0,0.000969,0.0,169.0,0.353883,0.168221,-0.0,15281.886719,11619.65918,1487.0,0.0,642.0,5.0,0.0,0.16919,64128.0,1721542400.0,64.0,0.0,0.0,0.0,0.0,0.0,62.0,0.0,11.303171,0.0,5.0,0.0,0.0,25.432135,31872.0,10.0,0.0,0.0,0.0,0.0,0.353883,0.0,0.0,26901.546875,0.353883,845.0,0.0,128.399994,0.0,0.0,0.353883,0.353883,0.0,0.0,0.0,11.303171,0.0,VIDEO
0.0,0.000993,0.0,151.333328,0.135166,0.057048,-0.0,44804.164062,30185.105469,1545.0,0.0,637.0,5.0,0.0,0.058041,64128.0,1721542400.0,64.0,0.0,0.0,0.0,0.0,0.0,62.0,0.0,36.99155,0.0,6.0,0.0,0.0,73.983101,31872.0,11.0,0.0,0.0,0.0,0.0,0.135166,0.0,0.0,74989.273438,0.135166,908.0,0.0,127.400002,0.0,0.0,0.135166,0.135166,0.0,0.0,0.0,29.593241,0.0,VIDEO
0.0,0.000507,0.0,68.319145,0.308283,0.060261,-0.0,81561.421875,2374260.0,96156.0,0.0,92945.0,64.0,0.0,0.060768,69632.0,1721542400.0,64.0,0.0,0.0,0.0,0.0,0.0,62.0,0.0,149.213547,0.0,47.0,0.0,0.0,356.815002,31872.0,111.0,0.0,0.0,0.0,0.0,0.308283,0.0,0.0,2455821.5,0.308283,3211.0,0.0,1452.265625,0.0,0.0,0.308283,0.308283,0.0,0.0,0.0,204.357681,0.0,VIDEO
0.0,0.000993,0.0,165.0,0.186606,0.077826,-0.0,28294.910156,21264.052734,1445.0,0.0,620.0,5.0,0.0,0.078819,64128.0,1721542400.0,64.0,0.0,0.0,0.0,0.0,0.0,62.0,0.0,21.435537,0.0,5.0,0.0,0.0,48.229958,31872.0,10.0,0.0,0.0,0.0,0.0,0.186606,0.0,0.0,49558.960938,0.186606,825.0,0.0,124.0,0.0,0.0,0.186606,0.186606,0.0,0.0,0.0,21.435537,0.0,VIDEO
0.0,0.0,0.0,148.5,0.16976,0.07685,-0.0,35014.136719,23374.173828,1511.0,0.0,620.0,5.0,0.0,0.07685,64128.0,1721542400.0,64.0,0.0,0.0,0.0,0.0,0.0,62.0,0.0,29.453344,0.0,6.0,0.0,0.0,58.906689,31872.0,11.0,0.0,0.0,0.0,0.0,0.16976,0.0,0.0,58388.3125,0.16976,891.0,0.0,124.0,0.0,0.0,0.16976,0.16976,0.0,0.0,0.0,23.562675,0.0,VIDEO
0.0,0.00093,0.0,189.5,0.324821,0.154018,-0.0,14013.87207,12215.958984,1377.0,0.0,619.0,5.0,0.0,0.154948,64256.0,1721542400.0,64.0,0.0,0.0,0.0,0.0,0.0,62.0,0.0,9.235856,0.0,4.0,0.0,0.0,24.62895,31872.0,9.0,0.0,0.0,0.0,0.0,0.324821,0.0,0.0,26229.832031,0.324821,758.0,0.0,123.800003,0.0,0.0,0.324821,0.324821,0.0,0.0,0.0,12.314475,0.0,VIDEO
0.0,0.00042,0.0,70.0,0.062702,0.062282,-0.0,8931.134766,0.0,214.0,0.0,74.0,1.0,0.0,0.062702,64256.0,1721542400.0,64.0,0.0,0.0,0.0,0.0,0.0,62.0,0.0,15.948455,0.0,2.0,0.0,0.0,31.89691,4077568.0,3.0,0.0,0.0,0.0,0.0,0.062702,0.0,0.0,8931.134766,0.062702,140.0,0.0,74.0,0.0,0.0,0.062702,0.062702,0.0,0.0,0.0,0.0,0.0,VIDEO
0.0,0.00042,0.0,165.800003,0.30821,0.062282,-0.0,17235.001953,12718.601562,1441.0,1.0,612.0,5.0,0.0,0.062702,64128.0,1721542400.0,64.0,0.0,0.0,0.0,1.0,0.0,62.0,0.0,12.978165,1.0,5.0,0.0,0.0,29.200871,31872.0,10.0,0.0,0.0,0.0,0.0,0.30821,0.0,0.0,29953.603516,0.30821,829.0,0.0,122.400002,0.0,0.0,0.30821,0.30821,0.0,0.0,0.0,12.978165,0.0,VIDEO
0.0,0.000987,0.0,68.155556,0.598549,0.090618,-0.0,40083.601562,1303779.625,102069.0,0.0,99002.0,68.0,0.0,0.091605,56192.0,1721542400.0,64.0,0.0,0.0,0.0,0.0,0.0,62.0,0.0,73.511108,0.0,45.0,0.0,0.0,187.119186,31872.0,113.0,0.0,0.0,0.0,0.0,0.598549,0.0,0.0,1343863.25,0.598549,3067.0,0.0,1455.911743,0.0,0.0,0.598549,0.598549,0.0,0.0,0.0,111.93737,0.0,VIDEO
0.0,0.001004,0.0,168.399994,0.340046,0.168961,-0.0,15856.678711,11998.376953,1479.0,0.0,637.0,5.0,0.0,0.169965,64128.0,1721542400.0,64.0,0.0,0.0,0.0,0.0,0.0,62.0,0.0,11.763115,0.0,5.0,0.0,0.0,26.467009,31872.0,10.0,0.0,0.0,0.0,0.0,0.340046,0.0,0.0,27855.056641,0.340046,842.0,0.0,127.400002,0.0,0.0,0.340046,0.340046,0.0,0.0,0.0,11.763115,0.0,VIDEO
0.0,0.000495,0.0,70.0,0.168079,0.167584,-0.0,3331.766602,0.0,214.0,0.0,74.0,1.0,0.0,0.168079,64256.0,1721542400.0,64.0,0.0,0.0,0.0,0.0,0.0,62.0,0.0,5.949583,0.0,2.0,0.0,0.0,11.899166,4077568.0,3.0,0.0,0.0,0.0,0.0,0.168079,0.0,0.0,3331.766602,0.168079,140.0,0.0,74.0,0.0,0.0,0.168079,0.168079,0.0,0.0,0.0,0.0,0.0,VIDEO
0.0,0.000495,0.0,66.0,0.16756,0.167584,-0.0,3151.110107,0.0,198.0,0.0,66.0,1.0,1.0,0.168079,64256.0,1721542400.0,64.0,0.0,0.0,0.0,0.0,0.0,62.0,0.0,5.968011,1.0,2.0,0.0,0.0,11.936023,4077568.0,3.0,0.0,0.0,0.0,0.0,0.16756,0.0,0.0,3151.110107,0.16756,132.0,0.0,66.0,0.0,0.0,0.16756,0.16756,0.0,0.0,0.0,0.0,0.0,VIDEO
0.0,0.000494,0.0,68.930229,0.692518,0.166933,-0.0,33454.726562,1056746.5,95893.0,0.0,92929.0,64.0,0.0,0.167427,96000.0,1721542400.0,64.0,0.0,0.0,0.0,0.0,0.0,62.0,0.0,60.648243,0.0,43.0,0.0,0.0,153.064621,31872.0,107.0,0.0,0.0,0.0,0.0,0.692518,0.0,0.0,1090201.125,0.692518,2964.0,0.0,1452.015625,0.0,0.0,0.692518,0.692518,0.0,0.0,0.0,90.972366,0.0,VIDEO
0.0,0.00207,0.0,73.117645,0.75261,0.183624,-0.0,25649.40625,940407.375,92406.0,0.0,89920.0,62.0,0.0,0.185694,87296.0,1721542400.0,64.0,0.0,0.0,0.0,0.0,0.0,62.0,0.0,43.847408,0.0,34.0,0.0,0.0,126.227394,31872.0,96.0,0.0,0.0,0.0,0.0,0.75261,0.0,0.0,966056.75,0.75261,2486.0,0.0,1450.322632,0.0,0.0,0.75261,0.75261,0.0,0.0,0.0,81.05127,0.0,VIDEO
0.0,0.001096,0.0,70.0,0.155044,0.153948,-0.0,3611.87793,0.0,214.0,0.0,74.0,1.0,0.0,0.155044,64256.0,1721542400.0,64.0,0.0,0.0,0.0,0.0,0.0,62.0,0.0,6.449782,0.0,2.0,0.0,0.0,12.899564,4077568.0,3.0,0.0,0.0,0.0,0.0,0.155044,0.0,0.0,3611.87793,0.155044,140.0,0.0,74.0,0.0,0.0,0.155044,0.155044,0.0,0.0,0.0,0.0,0.0,VIDEO
0.0,0.001096,0.0,192.0,0.17019,0.153948,-0.0,27075.621094,19883.658203,1331.0,0.0,563.0,4.0,0.0,0.155044,64128.0,1721542400.0,64.0,0.0,0.0,0.0,1.0,0.0,62.0,0.0,17.627357,1.0,4.0,0.0,0.0,41.130501,31872.0,8.0,0.0,0.0,0.0,0.0,0.17019,0.0,0.0,46959.277344,0.17019,768.0,0.0,140.75,0.0,0.0,0.17019,0.17019,0.0,0.0,0.0,17.627357,0.0,VIDEO
0.0,0.000956,0.0,140.600006,0.355754,0.15521,-0.0,12660.43457,41152.035156,2898.0,0.0,2195.0,6.0,0.0,0.156166,64000.0,1721542400.0,64.0,0.0,0.0,0.0,0.0,0.0,62.0,0.0,11.243725,0.0,5.0,0.0,0.0,28.109312,31872.0,11.0,0.0,0.0,0.0,0.0,0.355754,0.0,0.0,53812.46875,0.355754,703.0,0.0,365.833344,0.0,0.0,0.355754,0.355754,0.0,0.0,0.0,14.054656,0.0,VIDEO
0.0,0.000515,0.0,64.0,0.170448,0.0,-0.0,3003.848633,0.0,202.0,0.0,74.0,1.0,0.0,0.000515,8222720.0,1721542400.0,64.0,0.0,0.0,0.0,0.0,0.0,62.0,0.0,5.866892,0.0,2.0,0.0,0.0,11.733784,4077568.0,3.0,0.0,0.0,0.0,0.0,0.170448,0.0,0.0,3003.848633,0.170448,128.0,0.0,74.0,0.0,0.0,0.170448,0.170448,0.0,0.0,0.0,0.0,0.0,VIDEO
0.0,0.001,0.0,75.093025,0.98883,0.153712,-0.0,25517.025391,1842193.375,232419.0,0.0,229190.0,154.0,0.0,0.154712,192256.0,1721542400.0,64.0,0.0,0.0,0.0,0.0,0.0,62.0,0.0,42.474442,0.0,43.0,0.0,0.0,198.21405,31872.0,197.0,0.0,0.0,0.0,0.0,0.98883,0.0,0.0,1867710.375,0.98883,3229.0,0.0,1488.246704,0.0,0.0,0.98883,0.98883,0.0,0.0,1.0,154.728317,0.0,VIDEO
0.0,0.001,8.0,69.972031,0.912412,0.153712,-0.0,87127.304688,3770016.25,441496.0,1.0,431490.0,285.0,0.0,0.154712,1017600.0,1721542400.0,64.0,0.0,0.0,0.0,0.0,0.0,62.0,0.0,155.631454,1.0,143.0,8.0,1.0,467.990356,31872.0,428.0,0.0,0.0,1.834862,0.0,0.912412,0.0,0.0,3857143.5,0.912412,10006.0,0.0,1514.0,0.0,0.0,0.912412,0.912412,1.0,0.0,0.0,311.262909,0.0,VIDEO
0.0,0.001007,0.0,135.800003,0.480355,0.231004,-0.0,9059.96582,9676.176758,1405.0,0.0,726.0,5.0,0.0,0.232011,64128.0,1721542400.0,64.0,0.0,0.0,0.0,0.0,0.0,62.0,0.0,8.327175,0.0,5.0,0.0,0.0,18.736143,31872.0,10.0,0.0,0.0,0.0,0.0,0.480355,0.0,0.0,18736.142578,0.480355,679.0,0.0,145.199997,0.0,0.0,0.480355,0.480355,0.0,0.0,0.0,8.327175,0.0,VIDEO
0.0,0.001,9.0,94.0,0.524856,0.153712,-0.0,67340.382812,1707683.75,118062.0,1.0,113550.0,75.0,0.0,0.154712,1198592.0,1721542400.0,64.0,0.0,0.0,0.0,0.0,0.0,62.0,0.0,89.548378,1.0,48.0,9.0,1.0,232.444717,31872.0,123.0,0.0,0.0,6.818182,0.0,0.524856,0.0,0.0,1775024.125,0.524856,4512.0,0.0,1514.0,0.0,0.0,0.524856,0.524856,1.0,0.0,0.0,140.991058,0.0,VIDEO
0.0,0.001,0.0,0.0,0.0,0.153712,-0.0,0.0,0.0,1514.0,1.0,1514.0,1.0,0.0,0.154712,905590.6520605112,1721542400.0,64.0,0.0,0.0,0.0,0.0,0.0,62.0,0.0,0.0,1.0,0.0,1.0,0.0,0.0,931391.4917946004,1.0,0.0,0.0,0.0,0.0,0.0,0.0,0.0,0.0,0.0,0.0,0.0,1514.0,1.0,0.0,0.0,0.0,1.0,0.0,0.0,0.0,0.0,VIDEO
0.0,0.001,1.0,94.0,0.371129,0.153712,-0.0,0.0,65271.105469,4636.0,1.0,4542.0,3.0,0.0,0.154712,1189888.0,1721542400.0,64.0,0.0,0.0,0.0,0.0,0.0,62.0,0.0,0.0,1.0,1.0,1.0,0.0,8.083443,31872.0,4.0,0.0,0.0,20.0,0.0,0.371129,0.0,0.0,65271.105469,0.371129,94.0,1.0,1514.0,0.0,0.0,0.371129,0.371129,1.0,0.0,0.0,5.388962,0.0,VIDEO
0.0,0.001,0.0,0.0,0.0,0.153712,-0.0,0.0,0.0,1514.0,1.0,1514.0,1.0,0.0,0.154712,905590.6520605112,1721542400.0,64.0,0.0,0.0,0.0,0.0,0.0,62.0,0.0,0.0,1.0,0.0,1.0,0.0,0.0,931391.4917946004,1.0,0.0,0.0,0.0,0.0,0.0,0.0,0.0,0.0,0.0,0.0,0.0,1514.0,1.0,0.0,0.0,0.0,1.0,0.0,0.0,0.0,0.0,VIDEO
0.0,0.001,0.0,0.0,0.0,0.153712,-0.0,0.0,0.0,1514.0,1.0,1514.0,1.0,0.0,0.154712,905590.6520605112,1721542400.0,64.0,0.0,0.0,0.0,0.0,0.0,62.0,0.0,0.0,1.0,0.0,1.0,0.0,0.0,931391.4917946004,1.0,0.0,0.0,0.0,0.0,0.0,0.0,0.0,0.0,0.0,0.0,0.0,1514.0,1.0,0.0,0.0,0.0,1.0,0.0,0.0,0.0,0.0,VIDEO
0.0,0.001,0.0,86.0,0.04103,0.153712,-0.0,0.0,402242.25,3180.0,1.0,3094.0,3.0,0.0,0.154712,1189888.0,1721542400.0,64.0,0.0,0.0,0.0,0.0,0.0,62.0,0.0,0.0,1.0,1.0,0.0,0.0,73.117233,31872.0,4.0,0.0,0.0,0.0,0.0,0.04103,0.0,0.0,402242.25,0.04103,86.0,0.0,1031.333374,0.0,0.0,0.04103,0.04103,0.0,0.0,0.0,48.74482,0.0,VIDEO
0.0,0.001004,1.0,148.800003,0.76094,0.322855,-0.0,6265.934082,157605.0625,16888.0,1.0,16144.0,14.0,0.0,0.323859,64256.0,1721542400.0,64.0,0.0,0.0,0.0,0.0,0.0,62.0,0.0,5.256656,0.0,5.0,1.0,0.0,23.654953,31872.0,19.0,0.0,0.0,5.0,0.0,0.76094,0.0,0.0,163871.0,0.76094,744.0,0.0,1153.142822,0.0,0.0,0.76094,0.76094,1.0,0.0,1.0,17.084133,0.0,VIDEO
0.0,0.0,0.0,74.0,0.0,0.0,-0.0,0.0,0.0,148.0,0.0,74.0,1.0,0.0,0.0,8222720.0,1721542400.0,64.0,0.0,0.0,0.0,0.0,1.0,62.0,0.0,0.0,0.0,1.0,0.0,0.0,0.0,4077568.0,2.0,0.0,0.0,0.0,0.0,0.0,0.0,0.0,0.0,0.0,74.0,0.0,74.0,0.0,0.0,0.0,0.0,0.0,0.0,0.0,0.0,0.0,VIDEO
0.0,0.001004,7.0,80.0,0.664857,0.322855,-0.0,2887.839111,145739.609375,13946.0,1.0,13626.0,9.0,0.0,0.323859,63360.0,1721542400.0,64.0,0.0,0.0,0.0,0.0,0.0,62.0,0.0,4.512249,1.0,4.0,7.0,1.0,18.048994,31872.0,13.0,0.0,0.0,35.0,0.0,0.664857,0.0,0.0,148627.4375,0.664857,320.0,0.0,1514.0,0.0,0.0,0.664857,0.664857,1.0,0.0,0.0,12.032663,0.0,VIDEO
1.0,0.0,3.0,70.0,0.339723,0.337207,-0.0,1648.401855,1742.596191,288.0,0.0,148.0,2.0,0.0,0.337207,64256.0,1721542400.0,64.0,0.0,0.0,0.0,0.0,0.0,62.0,0.0,2.943575,1.0,2.0,2.0,0.0,8.830724,4077568.0,4.0,0.0,0.0,42.857143,0.0,0.339723,0.0,0.0,3390.998047,0.339723,140.0,0.0,74.0,0.0,1.0,0.339723,0.339723,0.0,0.0,0.0,2.943575,0.0,VIDEO
0.0,0.001,1.0,54.0,0.337495,0.153712,-0.0,0.0,0.0,1568.0,1.0,1514.0,1.0,0.0,0.154712,1189888.0,1721542400.0,64.0,0.0,0.0,0.0,0.0,0.0,62.0,0.0,0.0,1.0,1.0,1.0,0.0,2.963007,31872.0,2.0,0.0,0.0,33.333333,0.0,0.337495,0.0,0.0,0.0,0.337495,54.0,0.0,1514.0,0.0,0.0,0.337495,0.337495,1.0,0.0,0.0,0.0,0.0,VIDEO
0.0,0.001004,5.0,77.0,0.999776,0.322855,-0.0,1848.414062,72688.28125,10906.0,1.0,10598.0,7.0,0.0,0.323859,59648.0,1721542400.0,64.0,0.0,0.0,0.0,0.0,0.0,62.0,0.0,3.000672,1.0,4.0,5.0,1.0,10.00224,31872.0,11.0,0.0,0.0,31.25,0.0,0.999776,0.0,0.0,74536.695312,0.999776,308.0,0.0,1514.0,0.0,0.0,0.999776,0.999776,1.0,0.0,0.0,6.001344,0.0,VIDEO
0.0,0.001004,0.0,66.0,0.807451,0.322855,-0.0,8500.825195,270005.25,29690.0,1.0,28766.0,19.0,0.0,0.323859,64128.0,1721542400.0,64.0,0.0,0.0,0.0,0.0,0.0,62.0,0.0,16.100048,1.0,14.0,0.0,1.0,39.630886,31872.0,33.0,0.0,0.0,0.0,0.0,0.807451,0.0,0.0,278506.09375,0.807451,924.0,0.0,1514.0,0.0,0.0,0.807451,0.807451,0.0,0.0,0.0,22.292374,0.0,VIDEO
0.0,0.001004,4.0,72.0,0.973919,0.322855,-0.0,2957.124756,111927.171875,15572.0,1.0,15140.0,10.0,0.0,0.323859,64128.0,1721542400.0,64.0,0.0,0.0,0.0,0.0,0.0,62.0,0.0,5.133897,1.0,6.0,4.0,0.0,15.401692,31872.0,16.0,0.0,0.0,20.0,0.0,0.973919,0.0,0.0,114884.296875,0.973919,432.0,1.0,1514.0,0.0,0.0,0.973919,0.973919,1.0,0.0,0.0,9.241015,0.0,VIDEO
0.0,0.001004,0.0,66.0,0.695176,0.322855,-0.0,3797.599365,261343.890625,24620.0,1.0,24224.0,16.0,0.0,0.323859,64128.0,1721542400.0,64.0,0.0,0.0,0.0,0.0,0.0,62.0,0.0,7.192423,1.0,6.0,0.0,1.0,30.208178,31872.0,22.0,0.0,0.0,0.0,0.0,0.695176,0.0,0.0,265141.5,0.695176,396.0,0.0,1514.0,0.0,0.0,0.695176,0.695176,0.0,0.0,0.0,21.577269,0.0,VIDEO
0.0,0.001004,4.0,67.440002,0.895854,0.322855,-0.0,14457.712891,905844.0625,104638.0,1.0,102952.0,68.0,0.0,0.323859,90240.0,1721542400.0,64.0,0.0,0.0,0.0,0.0,0.0,62.0,0.0,26.790079,1.0,25.0,4.0,1.0,102.695305,31872.0,93.0,0.0,0.0,4.123711,0.0,0.895854,0.0,0.0,920301.75,0.895854,1686.0,0.0,1514.0,0.0,0.0,0.895854,0.895854,1.0,0.0,0.0,74.788971,0.0,VIDEO
0.0,0.0,0.0,66.0,0.062138,0.337207,-0.0,8497.21582,0.0,198.0,0.0,66.0,1.0,1.0,0.337207,64256.0,1721542400.0,64.0,0.0,0.0,0.0,0.0,0.0,62.0,0.0,16.093212,1.0,2.0,0.0,0.0,32.186424,4077568.0,3.0,0.0,0.0,0.0,0.0,0.062138,0.0,0.0,8497.21582,0.062138,132.0,0.0,66.0,0.0,0.0,0.062138,0.062138,0.0,0.0,0.0,0.0,0.0,VIDEO
0.0,0.001004,0.0,66.0,0.525099,0.322855,-0.0,37204.414062,1866573.75,126519.0,1.0,124011.0,83.0,0.0,0.323859,140672.0,1721542400.0,64.0,0.0,0.0,0.0,0.0,0.0,62.0,0.0,70.462906,1.0,38.0,0.0,0.0,228.528351,31872.0,121.0,0.0,0.0,0.0,0.0,0.525099,0.0,0.0,1903778.25,0.525099,2508.0,0.0,1494.108398,0.0,0.0,0.525099,0.525099,0.0,0.0,0.0,156.161041,0.0,VIDEO
0.0,0.001428,2.0,97.375,0.89343,0.274744,-0.0,13082.166992,440083.71875,52110.0,1.0,50552.0,36.0,0.0,0.276172,64128.0,1721542400.0,64.0,0.0,0.0,0.0,0.0,0.0,62.0,0.0,16.789228,0.0,16.0,2.0,0.0,57.083374,31872.0,52.0,0.0,0.0,3.703704,0.0,0.89343,0.0,0.0,453165.90625,0.89343,1558.0,0.0,1404.222168,0.0,0.0,0.89343,0.89343,1.0,0.0,1.0,39.174866,0.0,VIDEO
0.0,0.000562,0.0,70.0,0.292573,0.292011,-0.0,1914.052246,0.0,214.0,0.0,74.0,1.0,0.0,0.292573,64256.0,1721542400.0,64.0,0.0,0.0,0.0,0.0,0.0,62.0,0.0,3.41795,0.0,2.0,0.0,0.0,6.835901,4077568.0,3.0,0.0,0.0,0.0,0.0,0.292573,0.0,0.0,1914.052246,0.292573,140.0,0.0,74.0,0.0,0.0,0.292573,0.292573,0.0,0.0,0.0,0.0,0.0,VIDEO
0.0,0.001428,9.0,74.210526,0.69017,0.274744,-0.0,15486.040039,649324.0625,58942.0,1.0,57532.0,38.0,0.0,0.276172,101760.0,1721542400.0,64.0,0.0,0.0,0.0,0.0,0.0,62.0,0.0,26.080532,1.0,19.0,9.0,1.0,81.139427,31872.0,57.0,0.0,0.0,13.636364,0.0,0.69017,0.0,0.0,664810.0625,0.69017,1410.0,0.0,1514.0,0.0,0.0,0.69017,0.69017,1.0,0.0,0.0,53.609982,0.0,VIDEO
0.0,0.001428,1.0,76.0,0.711402,0.274744,-0.0,14529.056641,544817.125,51330.0,1.0,49962.0,33.0,0.0,0.276172,206080.0,1721542400.0,64.0,0.0,0.0,0.0,0.0,0.0,62.0,0.0,23.896475,1.0,18.0,1.0,1.0,70.283752,31872.0,51.0,0.0,0.0,1.923077,0.0,0.711402,0.0,0.0,559346.1875,0.711402,1368.0,0.0,1514.0,0.0,0.0,0.711402,0.711402,1.0,0.0,0.0,44.981598,0.0,VIDEO
0.0,0.001428,0.0,0.0,0.831577,0.274744,-0.0,0.0,14565.097656,3028.0,1.0,3028.0,2.0,0.0,0.276172,905590.6520605112,1721542400.0,64.0,0.0,0.0,0.0,0.0,0.0,62.0,0.0,0.0,1.0,0.0,1.0,0.0,1.202534,931391.4917946004,2.0,0.0,0.0,0.0,0.0,0.831577,0.0,0.0,14565.097656,0.831577,0.0,0.0,1514.0,1.0,0.0,0.831577,0.831577,1.0,0.0,0.0,1.202534,0.0,VIDEO
0.0,0.000562,0.0,66.0,0.817753,0.292011,-0.0,645.671753,1369.606689,342.0,1.0,210.0,3.0,1.0,0.292573,64256.0,1721542400.0,64.0,0.0,0.0,0.0,0.0,0.0,62.0,0.0,1.222863,1.0,2.0,0.0,0.0,4.891452,31872.0,5.0,0.0,0.0,0.0,0.0,0.817753,0.0,0.0,2015.278442,0.817753,132.0,0.0,70.0,0.0,0.0,0.817753,0.817753,0.0,0.0,0.0,2.445726,0.0,VIDEO
0.0,0.001428,7.0,75.0,0.633401,0.274744,-0.0,2841.801758,152977.34375,13926.0,1.0,13626.0,9.0,0.0,0.276172,220544.0,1721542400.0,64.0,0.0,0.0,0.0,0.0,0.0,62.0,0.0,4.736336,1.0,4.0,7.0,1.0,18.945345,31872.0,13.0,0.0,0.0,35.0,0.0,0.633401,0.0,0.0,155819.140625,0.633401,300.0,0.0,1514.0,0.0,0.0,0.633401,0.633401,1.0,0.0,0.0,12.63023,0.0,VIDEO
0.0,0.000562,0.0,66.0,0.0,0.292011,-0.0,0.0,0.0,66.0,1.0,0.0,0.0,0.0,0.292573,64256.0,1721542400.0,64.0,0.0,0.0,0.0,0.0,0.0,62.0,0.0,0.0,1.0,1.0,0.0,0.0,0.0,931391.4917946004,1.0,0.0,0.0,0.0,0.0,0.0,0.0,0.0,0.0,0.0,66.0,0.0,0.0,0.0,0.0,0.0,0.0,0.0,0.0,0.0,0.0,0.0,VIDEO
0.0,0.001428,0.0,0.0,0.0,0.274744,-0.0,0.0,0.0,1514.0,1.0,1514.0,1.0,0.0,0.276172,905590.6520605112,1721542400.0,64.0,0.0,0.0,0.0,0.0,0.0,62.0,0.0,0.0,1.0,0.0,1.0,0.0,0.0,931391.4917946004,1.0,0.0,0.0,0.0,0.0,0.0,0.0,0.0,0.0,0.0,0.0,0.0,1514.0,1.0,0.0,0.0,0.0,1.0,0.0,0.0,0.0,0.0,VIDEO
0.0,0.001428,0.0,0.0,0.0,0.274744,-0.0,0.0,0.0,1514.0,1.0,1514.0,1.0,0.0,0.276172,905590.6520605112,1721542400.0,64.0,0.0,0.0,0.0,0.0,0.0,62.0,0.0,0.0,1.0,0.0,1.0,0.0,0.0,931391.4917946004,1.0,0.0,0.0,0.0,0.0,0.0,0.0,0.0,0.0,0.0,0.0,0.0,1514.0,1.0,0.0,0.0,0.0,1.0,0.0,0.0,0.0,0.0,VIDEO
0.0,0.001428,5.0,78.0,0.6157,0.274744,-0.0,3040.44165,118031.507812,10910.0,1.0,10598.0,7.0,0.0,0.276172,235008.0,1721542400.0,64.0,0.0,0.0,0.0,0.0,0.0,62.0,0.0,4.872503,1.0,4.0,5.0,1.0,16.241676,31872.0,11.0,0.0,0.0,31.25,0.0,0.6157,0.0,0.0,121071.953125,0.6157,312.0,0.0,1514.0,0.0,0.0,0.6157,0.6157,1.0,0.0,0.0,9.745006,0.0,VIDEO
0.0,0.001428,5.0,78.0,0.418275,0.274744,-0.0,4475.524414,115828.101562,7882.0,1.0,7570.0,5.0,0.0,0.276172,246656.0,1721542400.0,64.0,0.0,0.0,0.0,0.0,0.0,62.0,0.0,7.172315,1.0,4.0,5.0,1.0,19.126173,31872.0,9.0,0.0,0.0,35.714286,0.0,0.418275,0.0,0.0,120303.625,0.418275,312.0,0.0,1514.0,0.0,0.0,0.418275,0.418275,1.0,0.0,0.0,9.563087,0.0,VIDEO
0.0,0.001428,0.0,0.0,0.0,0.274744,-0.0,0.0,0.0,1514.0,1.0,1514.0,1.0,0.0,0.276172,905590.6520605112,1721542400.0,64.0,0.0,0.0,0.0,0.0,0.0,62.0,0.0,0.0,1.0,0.0,1.0,0.0,0.0,931391.4917946004,1.0,0.0,0.0,0.0,0.0,0.0,0.0,0.0,0.0,0.0,0.0,0.0,1514.0,1.0,0.0,0.0,0.0,1.0,0.0,0.0,0.0,0.0,VIDEO
0.0,0.001428,3.0,78.0,0.32724,0.274744,-0.0,3813.714844,148050.359375,7804.0,1.0,7570.0,5.0,0.0,0.276172,255232.0,1721542400.0,64.0,0.0,0.0,0.0,0.0,0.0,62.0,0.0,6.111722,1.0,3.0,3.0,0.0,21.391029,31872.0,8.0,0.0,0.0,27.272727,0.0,0.32724,0.0,0.0,151864.078125,0.32724,234.0,1.0,1514.0,0.0,0.0,0.32724,0.32724,1.0,0.0,0.0,12.223445,0.0,VIDEO
0.0,0.001428,0.0,0.0,0.0,0.274744,-0.0,0.0,0.0,1514.0,1.0,1514.0,1.0,0.0,0.276172,905590.6520605112,1721542400.0,64.0,0.0,0.0,0.0,0.0,0.0,62.0,0.0,0.0,1.0,0.0,1.0,0.0,0.0,931391.4917946004,1.0,0.0,0.0,0.0,0.0,0.0,0.0,0.0,0.0,0.0,0.0,0.0,1514.0,1.0,0.0,0.0,0.0,1.0,0.0,0.0,0.0,0.0,VIDEO
0.0,0.001428,0.0,0.0,0.0,0.274744,-0.0,0.0,0.0,1514.0,1.0,1514.0,1.0,0.0,0.276172,905590.6520605112,1721542400.0,64.0,0.0,0.0,0.0,0.0,0.0,62.0,0.0,0.0,1.0,0.0,1.0,0.0,0.0,931391.4917946004,1.0,0.0,0.0,0.0,0.0,0.0,0.0,0.0,0.0,0.0,0.0,0.0,1514.0,1.0,0.0,0.0,0.0,1.0,0.0,0.0,0.0,0.0,VIDEO
0.0,0.001428,2.0,66.94915,0.946087,0.274744,-0.0,99644.109375,7258850.5,871802.0,1.0,859952.0,568.0,0.0,0.276172,433152.0,1721542400.0,64.0,0.0,0.0,0.0,0.0,0.0,62.0,0.0,186.029404,1.0,177.0,2.0,1.0,786.397034,31872.0,745.0,0.0,0.0,0.267738,0.0,0.946087,0.0,0.0,7358494.5,0.946087,11850.0,0.0,1514.0,0.0,0.0,0.946087,0.946087,1.0,0.0,0.0,599.310608,0.0,VIDEO
0.0,0.001428,0.0,66.0,0.124696,0.274744,-0.0,262526.46875,5996792.0,99113.0,1.0,94955.0,64.0,0.0,0.276172,595328.0,1721542400.0,64.0,0.0,0.0,0.0,0.0,0.0,62.0,0.0,497.209198,1.0,63.0,0.0,0.0,1010.457397,31872.0,127.0,0.0,0.0,0.0,0.0,0.124696,0.0,0.0,6259318.5,0.124696,4158.0,0.0,1483.671875,0.0,0.0,0.124696,0.124696,0.0,0.0,0.0,505.228699,0.0,VIDEO
0.0,0.000515,0.0,74.0,0.000515,0.0,-0.0,0.0,0.0,148.0,0.0,74.0,1.0,0.0,0.000515,8222720.0,1721542400.0,64.0,0.0,0.0,0.0,0.0,1.0,62.0,0.0,0.0,0.0,1.0,0.0,0.0,1941.747437,4077568.0,2.0,0.0,0.0,0.0,0.0,0.000515,0.0,0.0,0.0,0.000515,74.0,0.0,74.0,0.0,0.0,0.000515,0.000515,0.0,0.0,0.0,0.0,0.0,VIDEO
0.0,0.001,5.0,79.888885,0.972227,0.105657,-0.0,28931.515625,827601.0,105629.0,1.0,102034.0,70.0,0.0,0.106657,124928.0,1721542400.0,64.0,0.0,0.0,0.0,0.0,0.0,62.0,0.0,45.25692,0.0,45.0,5.0,0.0,117.256569,31872.0,115.0,0.0,0.0,4.166667,0.0,0.972227,0.0,0.0,856532.5,0.972227,3595.0,0.0,1457.62854,0.0,0.0,0.972227,0.972227,1.0,0.0,1.0,70.971085,0.0,VIDEO
1.0,0.000515,2.0,70.0,0.168763,0.167781,-0.0,3318.262939,0.0,214.0,0.0,74.0,1.0,0.0,0.168296,64256.0,1721542400.0,64.0,0.0,0.0,0.0,0.0,0.0,62.0,0.0,5.925469,1.0,2.0,1.0,0.0,11.850939,4077568.0,3.0,0.0,0.0,40.0,0.0,0.168763,0.0,0.0,3318.262939,0.168763,140.0,0.0,74.0,0.0,1.0,0.168763,0.168763,0.0,0.0,0.0,0.0,0.0,VIDEO
0.0,0.001,3.0,72.947365,0.891587,0.105657,-0.0,24226.462891,652068.6875,76958.0,1.0,74186.0,49.0,0.0,0.106657,266880.0,1721542400.0,64.0,0.0,0.0,0.0,0.0,0.0,62.0,0.0,41.499035,1.0,38.0,3.0,1.0,96.457214,31872.0,87.0,0.0,0.0,3.333333,0.0,0.891587,0.0,0.0,676295.1875,0.891587,2772.0,0.0,1514.0,0.0,0.0,0.891587,0.891587,1.0,0.0,0.0,53.836586,0.0,VIDEO
0.0,0.001,0.0,66.599998,0.958575,0.105657,-0.0,10565.683594,555958.5625,69462.0,1.0,68130.0,45.0,0.0,0.106657,303360.0,1721542400.0,64.0,0.0,0.0,0.0,0.0,0.0,62.0,0.0,19.821089,1.0,20.0,0.0,1.0,66.76577,31872.0,65.0,0.0,0.0,0.0,0.0,0.958575,0.0,0.0,566524.25,0.958575,1332.0,0.0,1514.0,0.0,0.0,0.958575,0.958575,0.0,0.0,0.0,45.901466,0.0,VIDEO
0.0,0.001,0.0,66.0,0.96068,0.105657,-0.0,15389.099609,945580.1875,116978.0,1.0,115064.0,76.0,0.0,0.106657,303360.0,1721542400.0,64.0,0.0,0.0,0.0,0.0,0.0,62.0,0.0,29.146021,1.0,29.0,0.0,1.0,108.256653,31872.0,105.0,0.0,0.0,0.0,0.0,0.96068,0.0,0.0,960969.3125,0.96068,1914.0,0.0,1514.0,0.0,0.0,0.96068,0.96068,0.0,0.0,0.0,78.069702,0.0,VIDEO
0.0,0.001,0.0,66.0,0.974065,0.105657,-0.0,21682.332031,1193710.875,149564.0,1.0,146858.0,97.0,0.0,0.106657,303360.0,1721542400.0,64.0,0.0,0.0,0.0,0.0,0.0,62.0,0.0,41.065022,1.0,41.0,0.0,1.0,140.64769,31872.0,138.0,0.0,0.0,0.0,0.0,0.974065,0.0,0.0,1215393.25,0.974065,2706.0,0.0,1514.0,0.0,0.0,0.974065,0.974065,0.0,0.0,0.0,98.556053,0.0,VIDEO
0.0,0.001,0.0,66.0,0.997688,0.105657,-0.0,34399.53125,1930270.75,246596.0,1.0,242240.0,160.0,0.0,0.106657,303360.0,1721542400.0,64.0,0.0,0.0,0.0,0.0,0.0,62.0,0.0,65.150627,1.0,66.0,0.0,1.0,225.521408,31872.0,226.0,0.0,0.0,0.0,0.0,0.997688,0.0,0.0,1964670.375,0.997688,4356.0,0.0,1514.0,0.0,0.0,0.997688,0.997688,0.0,0.0,0.0,159.368454,0.0,VIDEO
0.0,0.001,4.0,73.015381,0.989014,0.105657,-0.0,37799.261719,1273640.125,163716.0,1.0,158970.0,105.0,0.0,0.106657,304384.0,1721542400.0,64.0,0.0,0.0,0.0,0.0,0.0,62.0,0.0,64.710915,1.0,65.0,4.0,1.0,170.877258,31872.0,170.0,0.0,0.0,2.298851,0.0,0.989014,0.0,0.0,1311439.375,0.989014,4746.0,0.0,1514.0,0.0,0.0,0.989014,0.989014,1.0,0.0,0.0,105.155235,0.0,VIDEO
0.0,0.001,6.0,77.066666,0.929746,0.105657,-0.0,19231.058594,429898.0625,53788.0,1.0,51476.0,34.0,0.0,0.106657,299520.0,1721542400.0,64.0,0.0,0.0,0.0,0.0,0.0,62.0,0.0,31.191315,1.0,30.0,6.0,1.0,67.760445,31872.0,64.0,0.0,0.0,8.571429,0.0,0.929746,0.0,0.0,449129.125,0.929746,2312.0,0.0,1514.0,0.0,0.0,0.929746,0.929746,1.0,0.0,0.0,35.493565,0.0,VIDEO
0.0,0.000515,0.0,66.0,0.170655,0.167781,-0.0,3093.96167,0.0,198.0,0.0,66.0,1.0,1.0,0.168296,64256.0,1721542400.0,64.0,0.0,0.0,0.0,0.0,0.0,62.0,0.0,5.859776,1.0,2.0,0.0,0.0,11.719551,4077568.0,3.0,0.0,0.0,0.0,0.0,0.170655,0.0,0.0,3093.96167,0.170655,132.0,0.0,66.0,0.0,0.0,0.170655,0.170655,0.0,0.0,0.0,0.0,0.0,VIDEO
0.0,0.001,1.0,70.285713,0.945431,0.105657,-0.0,7734.038574,307466.125,38834.0,1.0,37850.0,25.0,0.0,0.106657,298496.0,1721542400.0,64.0,0.0,0.0,0.0,0.0,0.0,62.0,0.0,13.750342,1.0,14.0,1.0,1.0,40.19331,31872.0,39.0,0.0,0.0,2.5,0.0,0.945431,0.0,0.0,315200.15625,0.945431,984.0,0.0,1514.0,0.0,0.0,0.945431,0.945431,1.0,0.0,0.0,25.385248,0.0,VIDEO
0.0,0.001,2.0,72.0,0.999928,0.105657,-0.0,4032.290283,121128.71875,17230.0,1.0,16654.0,11.0,0.0,0.106657,299520.0,1721542400.0,64.0,0.0,0.0,0.0,0.0,0.0,62.0,0.0,7.000504,1.0,8.0,2.0,1.0,18.001297,31872.0,19.0,0.0,0.0,9.52381,0.0,0.999928,0.0,0.0,125161.015625,0.999928,576.0,0.0,1514.0,0.0,0.0,0.999928,0.999928,1.0,0.0,0.0,10.00072,0.0,VIDEO
0.0,0.001,0.0,0.0,0.760902,0.105657,-0.0,0.0,15917.950195,3028.0,1.0,3028.0,2.0,0.0,0.106657,905590.6520605112,1721542400.0,64.0,0.0,0.0,0.0,0.0,0.0,62.0,0.0,0.0,1.0,0.0,2.0,0.0,1.31423,931391.4917946004,2.0,0.0,0.0,0.0,0.0,0.760902,0.0,0.0,15917.950195,0.760902,0.0,0.0,1514.0,1.0,0.0,0.760902,0.760902,1.0,0.0,0.0,1.31423,0.0,VIDEO
0.0,0.001,4.0,72.85714,0.699677,0.105657,-0.0,5008.025391,138486.765625,14136.0,1.0,13626.0,9.0,0.0,0.106657,303360.0,1721542400.0,64.0,0.0,0.0,0.0,0.0,0.0,62.0,0.0,8.575386,1.0,7.0,4.0,0.0,21.438463,31872.0,16.0,0.0,0.0,20.0,0.0,0.699677,0.0,0.0,143494.78125,0.699677,510.0,1.0,1514.0,0.0,0.0,0.699677,0.699677,1.0,0.0,0.0,11.433847,0.0,VIDEO
0.0,0.001,0.0,66.0,0.926287,0.105657,-0.0,5130.159668,183062.046875,23370.0,1.0,22710.0,15.0,0.0,0.106657,304384.0,1721542400.0,64.0,0.0,0.0,0.0,0.0,0.0,62.0,0.0,9.716211,1.0,10.0,0.0,1.0,25.909897,31872.0,25.0,0.0,0.0,0.0,0.0,0.926287,0.0,0.0,188192.21875,0.926287,660.0,0.0,1514.0,0.0,0.0,0.926287,0.926287,0.0,0.0,0.0,15.114106,0.0,VIDEO
0.0,0.001,1.0,70.36364,0.957018,0.105657,-0.0,5884.946777,177183.703125,23484.0,1.0,22710.0,15.0,0.0,0.106657,303360.0,1721542400.0,64.0,0.0,0.0,0.0,0.0,0.0,62.0,0.0,10.449124,1.0,11.0,1.0,1.0,26.12281,31872.0,26.0,0.0,0.0,3.703704,0.0,0.957018,0.0,0.0,183068.65625,0.957018,774.0,0.0,1514.0,0.0,0.0,0.957018,0.957018,1.0,0.0,0.0,14.628774,0.0,VIDEO
0.0,0.001,0.0,0.0,0.504287,0.105657,-0.0,0.0,24018.068359,3028.0,1.0,3028.0,2.0,0.0,0.106657,905590.6520605112,1721542400.0,64.0,0.0,0.0,0.0,0.0,0.0,62.0,0.0,0.0,1.0,0.0,1.0,0.0,1.982998,931391.4917946004,2.0,0.0,0.0,0.0,0.0,0.504287,0.0,0.0,24018.068359,0.504287,0.0,0.0,1514.0,1.0,0.0,0.504287,0.504287,1.0,0.0,0.0,1.982998,0.0,VIDEO
0.0,0.001,3.0,72.0,0.279192,0.105657,-0.0,2063.096436,173529.328125,7714.0,1.0,7570.0,5.0,0.0,0.106657,303360.0,1721542400.0,64.0,0.0,0.0,0.0,0.0,0.0,62.0,0.0,3.581764,1.0,2.0,3.0,0.0,21.490587,31872.0,7.0,0.0,0.0,30.0,0.0,0.279192,0.0,0.0,175592.421875,0.279192,144.0,1.0,1514.0,0.0,0.0,0.279192,0.279192,1.0,0.0,0.0,14.327058,0.0,VIDEO
0.0,0.001,0.0,0.0,0.0,0.105657,-0.0,0.0,0.0,1514.0,1.0,1514.0,1.0,0.0,0.106657,905590.6520605112,1721542400.0,64.0,0.0,0.0,0.0,0.0,0.0,62.0,0.0,0.0,1.0,0.0,1.0,0.0,0.0,931391.4917946004,1.0,0.0,0.0,0.0,0.0,0.0,0.0,0.0,0.0,0.0,0.0,0.0,1514.0,1.0,0.0,0.0,0.0,1.0,0.0,0.0,0.0,0.0,VIDEO
0.0,0.001,0.0,0.0,0.0,0.105657,-0.0,0.0,0.0,1514.0,1.0,1514.0,1.0,0.0,0.106657,905590.6520605112,1721542400.0,64.0,0.0,0.0,0.0,0.0,0.0,62.0,0.0,0.0,1.0,0.0,1.0,0.0,0.0,931391.4917946004,1.0,0.0,0.0,0.0,0.0,0.0,0.0,0.0,0.0,0.0,0.0,0.0,1514.0,1.0,0.0,0.0,0.0,1.0,0.0,0.0,0.0,0.0,VIDEO
0.0,0.001,0.0,0.0,0.0,0.105657,-0.0,0.0,0.0,1514.0,1.0,1514.0,1.0,0.0,0.106657,905590.6520605112,1721542400.0,64.0,0.0,0.0,0.0,0.0,0.0,62.0,0.0,0.0,1.0,0.0,1.0,0.0,0.0,931391.4917946004,1.0,0.0,0.0,0.0,0.0,0.0,0.0,0.0,0.0,0.0,0.0,0.0,1514.0,1.0,0.0,0.0,0.0,1.0,0.0,0.0,0.0,0.0,VIDEO
0.0,0.001,4.0,80.666664,0.615864,0.105657,-0.0,2104.36084,118000.078125,10840.0,1.0,10598.0,7.0,0.0,0.106657,299520.0,1721542400.0,64.0,0.0,0.0,0.0,0.0,0.0,62.0,0.0,3.24747,1.0,3.0,4.0,0.0,14.613617,31872.0,10.0,0.0,0.0,28.571429,0.0,0.615864,0.0,0.0,120104.445312,0.615864,242.0,1.0,1514.0,0.0,0.0,0.615864,0.615864,1.0,0.0,0.0,9.742411,0.0,VIDEO
0.0,0.001,0.0,66.0,0.911293,0.105657,-0.0,3476.37915,172783.0625,21658.0,1.0,21196.0,14.0,0.0,0.106657,303360.0,1721542400.0,64.0,0.0,0.0,0.0,0.0,0.0,62.0,0.0,6.584051,1.0,7.0,0.0,1.0,21.946838,31872.0,21.0,0.0,0.0,0.0,0.0,0.911293,0.0,0.0,176259.4375,0.911293,462.0,0.0,1514.0,0.0,0.0,0.911293,0.911293,0.0,0.0,0.0,14.265445,0.0,VIDEO
0.0,0.001,2.0,78.0,0.719867,0.105657,-0.0,866.826782,33650.660156,4698.0,1.0,4542.0,3.0,0.0,0.106657,303360.0,1721542400.0,64.0,0.0,0.0,0.0,0.0,0.0,62.0,0.0,1.389145,1.0,2.0,2.0,0.0,5.556582,31872.0,5.0,0.0,0.0,28.571429,0.0,0.719867,0.0,0.0,34517.488281,0.719867,156.0,1.0,1514.0,0.0,0.0,0.719867,0.719867,1.0,0.0,0.0,2.778291,0.0,VIDEO
0.0,0.001,2.0,70.0,0.542737,0.105657,-0.0,2063.614502,133899.109375,10808.0,1.0,10598.0,7.0,0.0,0.106657,302208.0,1721542400.0,64.0,0.0,0.0,0.0,0.0,0.0,62.0,0.0,3.685026,1.0,3.0,2.0,0.0,16.582617,31872.0,10.0,0.0,0.0,16.666667,0.0,0.542737,0.0,0.0,135962.71875,0.542737,210.0,1.0,1514.0,0.0,0.0,0.542737,0.542737,1.0,0.0,0.0,11.055079,0.0,VIDEO
0.0,0.001,0.0,66.0,0.8177,0.105657,-0.0,3874.281494,192559.609375,21658.0,1.0,21196.0,14.0,0.0,0.106657,302336.0,1721542400.0,64.0,0.0,0.0,0.0,0.0,0.0,62.0,0.0,7.337654,1.0,7.0,0.0,1.0,24.458847,31872.0,21.0,0.0,0.0,0.0,0.0,0.8177,0.0,0.0,196433.890625,0.8177,462.0,0.0,1514.0,0.0,0.0,0.8177,0.8177,0.0,0.0,0.0,15.898251,0.0,VIDEO
0.0,0.001,0.0,0.0,0.0,0.105657,-0.0,0.0,0.0,1514.0,1.0,1514.0,1.0,0.0,0.106657,905590.6520605112,1721542400.0,64.0,0.0,0.0,0.0,0.0,0.0,62.0,0.0,0.0,1.0,0.0,1.0,0.0,0.0,931391.4917946004,1.0,0.0,0.0,0.0,0.0,0.0,0.0,0.0,0.0,0.0,0.0,0.0,1514.0,1.0,0.0,0.0,0.0,1.0,0.0,0.0,0.0,0.0,VIDEO
0.0,0.001,2.0,68.594597,0.792955,0.105657,-0.0,24919.447266,1130313.875,116088.0,1.0,113550.0,75.0,0.0,0.106657,304384.0,1721542400.0,64.0,0.0,0.0,0.0,0.0,0.0,62.0,0.0,45.399803,1.0,37.0,2.0,1.0,139.982727,31872.0,112.0,0.0,0.0,1.754386,0.0,0.792955,0.0,0.0,1155233.25,0.792955,2538.0,0.0,1514.0,0.0,0.0,0.792955,0.792955,1.0,0.0,0.0,93.321815,0.0,VIDEO
0.0,0.001,0.0,66.0,0.991567,0.105657,-0.0,32481.919922,2614012.0,329602.0,1.0,325510.0,215.0,0.0,0.106657,304384.0,1721542400.0,64.0,0.0,0.0,0.0,0.0,0.0,62.0,0.0,61.518787,1.0,62.0,0.0,1.0,278.34729,31872.0,277.0,0.0,0.0,0.0,0.0,0.991567,0.0,0.0,2646493.75,0.991567,4092.0,0.0,1514.0,0.0,0.0,0.991567,0.991567,0.0,0.0,0.0,215.820007,0.0,VIDEO
0.0,0.001,0.0,66.0,0.997092,0.105657,-0.0,48188.128906,4239416.0,535972.0,1.0,529900.0,350.0,0.0,0.106657,304384.0,1721542400.0,64.0,0.0,0.0,0.0,0.0,0.0,62.0,0.0,91.265396,1.0,92.0,0.0,1.0,442.286163,31872.0,442.0,0.0,0.0,0.0,0.0,0.997092,0.0,0.0,4287604.5,0.997092,6072.0,0.0,1514.0,0.0,0.0,0.997092,0.997092,0.0,0.0,0.0,350.017853,0.0,VIDEO
0.0,0.001,0.0,66.0,0.296056,0.105657,-0.0,48153.050781,3857378.25,146084.0,1.0,144236.0,97.0,0.0,0.106657,304384.0,1721542400.0,64.0,0.0,0.0,0.0,0.0,0.0,62.0,0.0,91.198959,1.0,28.0,0.0,0.0,418.839661,31872.0,125.0,0.0,0.0,0.0,0.0,0.296056,0.0,0.0,3905531.25,0.296056,1848.0,0.0,1486.969116,0.0,0.0,0.296056,0.296056,0.0,0.0,0.0,324.26297,0.0,VIDEO
0.0,0.011762,0.0,74.0,0.011762,0.0,-0.0,0.0,0.0,148.0,0.0,74.0,1.0,0.0,0.011762,8222720.0,1721542400.0,64.0,0.0,0.0,0.0,0.0,1.0,62.0,0.0,0.0,0.0,1.0,0.0,0.0,85.019554,4077568.0,2.0,0.0,0.0,0.0,0.0,0.011762,0.0,0.0,0.0,0.011762,74.0,0.0,74.0,0.0,0.0,0.011762,0.011762,0.0,0.0,0.0,0.0,0.0,VIDEO
0.0,0.000691,0.0,74.0,0.000691,0.0,-0.0,0.0,0.0,148.0,0.0,74.0,1.0,0.0,0.000691,8222720.0,1721542400.0,64.0,0.0,0.0,0.0,0.0,1.0,62.0,0.0,0.0,0.0,1.0,0.0,0.0,1447.177979,4077568.0,2.0,0.0,0.0,0.0,0.0,0.000691,0.0,0.0,0.0,0.000691,74.0,0.0,74.0,0.0,0.0,0.000691,0.000691,0.0,0.0,0.0,0.0,0.0,VIDEO
0.0,0.011762,0.0,0.0,0.0,0.0,-0.0,0.0,0.0,74.0,0.0,74.0,1.0,0.0,0.011762,905590.6520605112,1721542400.0,64.0,1.0,0.0,0.0,0.0,0.0,62.0,0.0,0.0,1.0,0.0,1.0,0.0,0.0,931391.4917946004,1.0,0.0,0.0,0.0,0.0,0.0,0.0,0.0,0.0,0.0,0.0,0.0,74.0,0.0,0.0,0.0,0.0,1.0,0.0,0.0,0.0,0.0,VIDEO
0.0,0.000691,0.0,0.0,0.0,0.0,-0.0,0.0,0.0,74.0,0.0,74.0,1.0,0.0,0.000691,905590.6520605112,1721542400.0,64.0,1.0,0.0,0.0,0.0,0.0,62.0,0.0,0.0,1.0,0.0,1.0,0.0,0.0,931391.4917946004,1.0,0.0,0.0,0.0,0.0,0.0,0.0,0.0,0.0,0.0,0.0,0.0,74.0,0.0,0.0,0.0,0.0,1.0,0.0,0.0,0.0,0.0,VIDEO
0.0,0.011762,0.0,0.0,0.0,0.0,-0.0,0.0,0.0,74.0,0.0,74.0,1.0,0.0,0.011762,905590.6520605112,1721542400.0,64.0,1.0,0.0,0.0,0.0,0.0,62.0,0.0,0.0,1.0,0.0,1.0,0.0,0.0,931391.4917946004,1.0,0.0,0.0,0.0,0.0,0.0,0.0,0.0,0.0,0.0,0.0,0.0,74.0,0.0,0.0,0.0,0.0,1.0,0.0,0.0,0.0,0.0,VIDEO
0.0,0.000691,1.0,66.0,0.0,0.284324,-0.0,0.0,0.0,140.0,0.0,74.0,1.0,0.0,0.285015,64256.0,1721542400.0,64.0,0.0,0.0,0.0,0.0,0.0,62.0,0.0,0.0,1.0,1.0,1.0,0.0,0.0,4077568.0,2.0,0.0,0.0,33.333333,0.0,0.0,0.0,0.0,0.0,0.0,66.0,0.0,74.0,0.0,0.0,0.0,0.0,1.0,0.0,0.0,0.0,0.0,VIDEO
0.0,0.011762,1.0,66.0,0.307494,0.0,-0.0,3434.213135,1821.173706,338.0,0.0,140.0,2.0,0.0,0.011762,64256.0,1721542400.0,64.0,0.0,0.0,0.0,0.0,0.0,62.0,0.0,6.504192,1.0,3.0,1.0,0.0,13.008384,4077568.0,5.0,0.0,0.0,16.666667,0.0,0.307494,0.0,0.0,5255.386719,0.307494,198.0,0.0,70.0,0.0,0.0,0.307494,0.307494,1.0,0.0,0.0,3.252096,0.0,VIDEO
0.0,0.000691,0.0,67.84259,0.987434,0.284324,-0.0,118181.0625,7216717.0,906917.0,0.0,892263.0,591.0,0.0,0.285015,418176.0,1721542400.0,64.0,0.0,0.0,0.0,0.0,0.0,62.0,0.0,217.736069,1.0,216.0,0.0,0.0,816.25708,31872.0,807.0,1.0,0.0,0.0,0.0,0.987434,0.0,0.0,7334898.0,0.987434,14654.0,0.0,1509.751221,0.0,0.0,0.987434,0.987434,0.0,0.0,0.0,597.508301,0.0,VIDEO
0.0,0.000691,0.0,66.0,0.21827,0.284324,-0.0,120951.117188,7792917.0,217483.0,0.0,214117.0,143.0,0.0,0.285015,418176.0,1721542400.0,64.0,0.0,0.0,0.0,0.0,0.0,62.0,0.0,229.074081,1.0,51.0,0.0,0.0,884.225952,31872.0,194.0,0.0,0.0,0.0,0.0,0.21827,0.0,0.0,7913868.0,0.21827,3366.0,0.0,1497.321655,0.0,0.0,0.21827,0.21827,0.0,0.0,0.0,650.570374,0.0,VIDEO
0.0,0.001011,0.0,74.0,0.001011,0.0,-0.0,0.0,0.0,148.0,0.0,74.0,1.0,0.0,0.001011,8222720.0,1721542400.0,64.0,0.0,0.0,0.0,0.0,1.0,62.0,0.0,0.0,0.0,1.0,0.0,0.0,989.11969,4077568.0,2.0,0.0,0.0,0.0,0.0,0.001011,0.0,0.0,0.0,0.001011,74.0,0.0,74.0,0.0,0.0,0.001011,0.001011,0.0,0.0,0.0,0.0,0.0,VIDEO
1.0,0.001011,3.0,74.0,0.0,0.0,-0.0,0.0,0.0,222.0,0.0,148.0,2.0,0.0,0.001011,8222720.0,1721542400.0,64.0,0.0,0.0,0.0,0.0,1.0,62.0,0.0,0.0,1.0,1.0,2.0,0.0,0.0,4077568.0,3.0,0.0,0.0,50.0,0.0,0.0,0.0,0.0,0.0,0.0,74.0,0.0,74.0,0.0,1.0,0.0,0.0,0.0,0.0,0.0,0.0,0.0,VIDEO
1.0,0.001011,2.0,147.800003,0.820217,0.276945,-0.0,5774.081543,83880.242188,10414.0,0.0,9675.0,9.0,0.0,0.277956,63488.0,1721542400.0,64.0,0.0,0.0,0.0,0.0,0.0,62.0,0.0,4.876758,1.0,5.0,1.0,0.0,15.849464,31872.0,14.0,0.0,0.0,12.5,0.0,0.820217,0.0,0.0,89654.320312,0.820217,739.0,0.0,1075.0,0.0,1.0,0.820217,0.820217,0.0,0.0,1.0,9.753516,0.0,VIDEO
0.0,0.001011,0.0,66.0,0.600517,0.276945,-0.0,10550.90918,746263.6875,58390.0,0.0,57532.0,38.0,0.0,0.277956,64128.0,1721542400.0,64.0,0.0,0.0,0.0,0.0,0.0,62.0,0.0,19.982782,1.0,13.0,0.0,1.0,83.261597,31872.0,51.0,0.0,0.0,0.0,0.0,0.600517,0.0,0.0,756814.5625,0.600517,858.0,0.0,1514.0,0.0,0.0,0.600517,0.600517,0.0,0.0,0.0,61.613579,0.0,VIDEO
0.0,0.001011,0.0,0.0,0.79224,0.276945,-0.0,0.0,15288.295898,3028.0,0.0,3028.0,2.0,0.0,0.277956,905590.6520605112,1721542400.0,64.0,0.0,0.0,0.0,0.0,0.0,62.0,0.0,0.0,1.0,0.0,1.0,0.0,1.262244,931391.4917946004,2.0,0.0,0.0,0.0,0.0,0.79224,0.0,0.0,15288.295898,0.79224,0.0,0.0,1514.0,1.0,0.0,0.79224,0.79224,1.0,0.0,0.0,1.262244,0.0,VIDEO
0.0,0.001011,0.0,58.799999,0.277999,0.276945,-0.0,15251.852539,1219918.0,44494.0,1.0,43906.0,29.0,0.0,0.277956,50944.0,1721542400.0,64.0,0.0,0.0,0.0,0.0,0.0,62.0,0.0,32.374214,1.0,10.0,0.0,0.0,136.691132,31872.0,39.0,0.0,0.0,0.0,0.0,0.277999,0.0,0.0,1235169.875,0.277999,588.0,0.0,1514.0,0.0,0.0,0.277999,0.277999,0.0,0.0,0.0,100.71978,0.0,VIDEO
0.0,0.000749,0.0,70.0,0.276828,0.276079,-0.0,2022.91687,0.0,214.0,0.0,74.0,1.0,0.0,0.276828,64256.0,1721542400.0,64.0,0.0,0.0,0.0,0.0,0.0,62.0,0.0,3.612351,0.0,2.0,0.0,0.0,7.224703,4077568.0,3.0,0.0,0.0,0.0,0.0,0.276828,0.0,0.0,2022.91687,0.276828,140.0,0.0,74.0,0.0,0.0,0.276828,0.276828,0.0,0.0,0.0,0.0,0.0,VIDEO
0.0,0.000749,0.0,66.0,0.171425,0.276079,-0.0,3080.064209,0.0,198.0,0.0,66.0,1.0,1.0,0.276828,64256.0,1721542400.0,64.0,0.0,0.0,0.0,0.0,0.0,62.0,0.0,5.833455,1.0,2.0,0.0,0.0,11.66691,4077568.0,3.0,0.0,0.0,0.0,0.0,0.171425,0.0,0.0,3080.064209,0.171425,132.0,0.0,66.0,0.0,0.0,0.171425,0.171425,0.0,0.0,0.0,0.0,0.0,VIDEO
0.0,0.003806,5.0,85.241379,0.85,0.16554,-0.0,22465.880859,747030.5625,83287.0,1.0,80815.0,56.0,0.0,0.169346,87296.0,1721542400.0,64.0,0.0,0.0,0.0,0.0,0.0,62.0,0.0,32.941177,0.0,29.0,5.0,0.0,98.823524,31872.0,85.0,0.0,0.0,5.555556,0.0,0.85,0.0,0.0,769496.4375,0.85,2472.0,0.0,1443.125,0.0,0.0,0.85,0.85,1.0,0.0,1.0,64.705879,0.0,VIDEO
0.0,0.003806,2.0,70.744186,0.866738,0.16554,-0.0,27431.587891,796531.3125,90854.0,1.0,87812.0,58.0,0.0,0.169346,261120.0,1721542400.0,64.0,0.0,0.0,0.0,0.0,0.0,62.0,0.0,48.45755,1.0,43.0,2.0,1.0,115.375114,31872.0,101.0,0.0,0.0,1.941748,0.0,0.866738,0.0,0.0,823962.9375,0.866738,3042.0,0.0,1514.0,0.0,0.0,0.866738,0.866738,1.0,0.0,0.0,65.763817,0.0,VIDEO
0.0,0.003806,3.0,70.615387,0.989576,0.16554,-0.0,21698.181641,722135.5625,93594.0,1.0,90840.0,60.0,0.0,0.169346,303360.0,1721542400.0,64.0,0.0,0.0,0.0,0.0,0.0,62.0,0.0,38.400284,1.0,39.0,3.0,1.0,99.032318,31872.0,99.0,0.0,0.0,2.941176,0.0,0.989576,0.0,0.0,743833.75,0.989576,2754.0,0.0,1514.0,0.0,0.0,0.989576,0.989576,1.0,0.0,0.0,59.621494,0.0,VIDEO
0.0,0.003806,0.0,66.0,0.433713,0.16554,-0.0,23130.503906,1576932.25,88285.0,1.0,86965.0,59.0,0.0,0.169346,303360.0,1721542400.0,64.0,0.0,0.0,0.0,0.0,0.0,62.0,0.0,43.807774,1.0,20.0,0.0,0.0,179.842438,31872.0,79.0,0.0,0.0,0.0,0.0,0.433713,0.0,0.0,1600062.75,0.433713,1320.0,0.0,1473.983032,0.0,0.0,0.433713,0.433713,0.0,0.0,0.0,133.728989,0.0,VIDEO
0.0,0.000583,6.0,99.85714,0.817506,0.261223,-0.0,12711.833008,362575.9375,39821.0,1.0,38423.0,28.0,0.0,0.261806,64128.0,1721542400.0,64.0,0.0,0.0,0.0,0.0,0.0,62.0,0.0,15.902023,0.0,14.0,6.0,0.0,50.152534,31872.0,42.0,0.0,0.0,12.5,0.0,0.817506,0.0,0.0,375287.75,0.817506,1398.0,0.0,1372.25,0.0,0.0,0.817506,0.817506,1.0,0.0,1.0,33.027279,0.0,VIDEO
0.0,0.000549,0.0,70.0,0.276279,0.27573,-0.0,2026.936523,0.0,214.0,0.0,74.0,1.0,0.0,0.276279,64256.0,1721542400.0,64.0,0.0,0.0,0.0,0.0,0.0,62.0,0.0,3.619529,0.0,2.0,0.0,0.0,7.239059,4077568.0,3.0,0.0,0.0,0.0,0.0,0.276279,0.0,0.0,2026.936523,0.276279,140.0,0.0,74.0,0.0,0.0,0.276279,0.276279,0.0,0.0,0.0,0.0,0.0,VIDEO
0.0,0.000583,2.0,82.0,0.820962,0.261223,-0.0,3995.312744,103273.960938,12604.0,1.0,12112.0,8.0,0.0,0.261806,64128.0,1721542400.0,64.0,0.0,0.0,0.0,0.0,0.0,62.0,0.0,6.090416,1.0,6.0,2.0,1.0,15.835081,31872.0,14.0,0.0,0.0,12.5,0.0,0.820962,0.0,0.0,107269.273438,0.820962,492.0,0.0,1514.0,0.0,0.0,0.820962,0.820962,1.0,0.0,0.0,8.526582,0.0,VIDEO
0.0,0.000583,0.0,0.0,0.0,0.261223,-0.0,0.0,0.0,1514.0,1.0,1514.0,1.0,0.0,0.261806,905590.6520605112,1721542400.0,64.0,0.0,0.0,0.0,0.0,0.0,62.0,0.0,0.0,1.0,0.0,1.0,0.0,0.0,931391.4917946004,1.0,0.0,0.0,0.0,0.0,0.0,0.0,0.0,0.0,0.0,0.0,0.0,1514.0,1.0,0.0,0.0,0.0,1.0,0.0,0.0,0.0,0.0,VIDEO
0.0,0.000549,0.0,66.0,0.785553,0.27573,-0.0,672.138,1425.747192,342.0,1.0,210.0,3.0,1.0,0.276279,64256.0,1721542400.0,64.0,0.0,0.0,0.0,0.0,0.0,62.0,0.0,1.272989,1.0,2.0,0.0,0.0,5.091954,31872.0,5.0,0.0,0.0,0.0,0.0,0.785553,0.0,0.0,2097.885254,0.785553,132.0,0.0,70.0,0.0,0.0,0.785553,0.785553,0.0,0.0,0.0,2.545977,0.0,VIDEO
0.0,0.000583,0.0,0.0,0.0,0.261223,-0.0,0.0,0.0,1514.0,1.0,1514.0,1.0,0.0,0.261806,905590.6520605112,1721542400.0,64.0,0.0,0.0,0.0,0.0,0.0,62.0,0.0,0.0,1.0,0.0,1.0,0.0,0.0,931391.4917946004,1.0,0.0,0.0,0.0,0.0,0.0,0.0,0.0,0.0,0.0,0.0,0.0,1514.0,1.0,0.0,0.0,0.0,1.0,0.0,0.0,0.0,0.0,VIDEO
0.0,0.000549,0.0,66.0,0.000642,0.27573,-0.0,0.0,0.0,144.0,1.0,78.0,1.0,0.0,0.276279,64256.0,1721542400.0,64.0,0.0,0.0,0.0,0.0,0.0,62.0,0.0,0.0,1.0,1.0,0.0,0.0,1557.632446,31872.0,2.0,0.0,0.0,0.0,0.0,0.000642,0.0,0.0,0.0,0.000642,66.0,0.0,78.0,0.0,0.0,0.000642,0.000642,0.0,0.0,0.0,0.0,0.0,VIDEO
0.0,0.000583,0.0,66.0,0.000965,0.261223,-0.0,0.0,0.0,132.0,1.0,66.0,1.0,0.0,0.261806,64128.0,1721542400.0,64.0,0.0,0.0,0.0,0.0,0.0,62.0,0.0,0.0,1.0,1.0,0.0,0.0,1036.269409,31872.0,2.0,0.0,0.0,0.0,0.0,0.000965,0.0,0.0,0.0,0.000965,66.0,1.0,66.0,0.0,0.0,0.000965,0.000965,0.0,0.0,0.0,0.0,0.0,VIDEO
0.0,0.000583,0.0,0.0,0.0,0.261223,-0.0,0.0,0.0,1514.0,1.0,1514.0,1.0,0.0,0.261806,905590.6520605112,1721542400.0,64.0,0.0,0.0,0.0,0.0,0.0,62.0,0.0,0.0,1.0,0.0,0.0,0.0,0.0,931391.4917946004,1.0,0.0,0.0,0.0,0.0,0.0,0.0,0.0,0.0,0.0,0.0,0.0,1514.0,1.0,0.0,0.0,0.0,0.0,0.0,0.0,0.0,0.0,VIDEO
0.0,0.000549,0.0,66.0,0.001379,0.27573,-0.0,0.0,0.0,144.0,1.0,78.0,1.0,0.0,0.276279,64256.0,1721542400.0,64.0,0.0,0.0,0.0,0.0,0.0,62.0,0.0,0.0,1.0,1.0,0.0,0.0,725.163147,31872.0,2.0,0.0,0.0,0.0,0.0,0.001379,0.0,0.0,0.0,0.001379,66.0,0.0,78.0,0.0,0.0,0.001379,0.001379,0.0,0.0,0.0,0.0,0.0,VIDEO
0.0,0.000549,0.0,66.0,0.0,0.27573,-0.0,0.0,0.0,132.0,1.0,66.0,1.0,0.0,0.276279,64256.0,1721542400.0,64.0,0.0,0.0,0.0,0.0,0.0,62.0,0.0,0.0,1.0,1.0,0.0,0.0,0.0,31872.0,2.0,0.0,0.0,0.0,0.0,0.0,0.0,0.0,0.0,0.0,66.0,0.0,66.0,0.0,0.0,0.0,0.0,0.0,0.0,0.0,0.0,0.0,VIDEO
0.0,0.000583,0.0,66.0,0.0,0.261223,-0.0,0.0,0.0,132.0,1.0,66.0,1.0,0.0,0.261806,64128.0,1721542400.0,64.0,0.0,0.0,0.0,0.0,0.0,62.0,0.0,0.0,1.0,1.0,0.0,0.0,0.0,31872.0,2.0,0.0,0.0,0.0,0.0,0.0,0.0,0.0,0.0,0.0,66.0,1.0,66.0,0.0,0.0,0.0,0.0,0.0,0.0,0.0,0.0,0.0,VIDEO
0.0,0.000583,0.0,66.116508,0.70957,0.261223,-0.0,76034.78125,3137043.5,286558.0,1.0,279748.0,186.0,0.0,0.261806,573824.0,1721542400.0,64.0,0.0,0.0,0.0,0.0,0.0,62.0,0.0,143.749039,1.0,103.0,0.0,0.0,405.879608,31872.0,289.0,0.0,0.0,0.0,0.0,0.70957,0.0,0.0,3213078.5,0.70957,6810.0,0.0,1504.021484,0.0,0.0,0.70957,0.70957,0.0,0.0,0.0,260.721283,0.0,VIDEO
0.0,0.000897,0.0,74.0,0.000897,0.0,-0.0,0.0,0.0,148.0,0.0,74.0,1.0,0.0,0.000897,8222720.0,1721542400.0,64.0,0.0,0.0,0.0,0.0,1.0,62.0,0.0,0.0,0.0,1.0,0.0,0.0,1114.827148,4077568.0,2.0,0.0,0.0,0.0,0.0,0.000897,0.0,0.0,0.0,0.000897,74.0,0.0,74.0,0.0,0.0,0.000897,0.000897,0.0,0.0,0.0,0.0,0.0,VIDEO
0.0,0.000717,0.0,74.0,0.000717,0.0,-0.0,0.0,0.0,148.0,0.0,74.0,1.0,0.0,0.000717,8222720.0,1721542400.0,64.0,0.0,0.0,0.0,0.0,1.0,62.0,0.0,0.0,0.0,1.0,0.0,0.0,1394.700195,4077568.0,2.0,0.0,0.0,0.0,0.0,0.000717,0.0,0.0,0.0,0.000717,74.0,0.0,74.0,0.0,0.0,0.000717,0.000717,0.0,0.0,0.0,0.0,0.0,VIDEO
1.0,0.000897,2.0,75.069771,0.833932,0.182732,-0.0,30247.070312,1574421.0,168826.0,0.0,165598.0,112.0,0.0,0.183629,113920.0,1721542400.0,64.0,0.0,0.0,0.0,0.0,0.0,62.0,0.0,50.363819,1.0,43.0,1.0,0.0,184.667343,31872.0,155.0,0.0,0.0,1.273885,0.0,0.833932,0.0,0.0,1604668.0,0.833932,3228.0,0.0,1478.553589,0.0,1.0,0.833932,0.833932,0.0,0.0,1.0,133.104385,0.0,VIDEO
1.0,0.000717,2.0,70.0,0.18621,0.185084,-0.0,3007.357178,0.0,214.0,0.0,74.0,1.0,0.0,0.185801,64256.0,1721542400.0,64.0,0.0,0.0,0.0,0.0,0.0,62.0,0.0,5.370281,1.0,2.0,1.0,0.0,10.740561,4077568.0,3.0,0.0,0.0,40.0,0.0,0.18621,0.0,0.0,3007.357178,0.18621,140.0,0.0,74.0,0.0,1.0,0.18621,0.18621,0.0,0.0,0.0,0.0,0.0,VIDEO
0.0,0.000897,1.0,66.184616,0.620438,0.182732,-0.0,54619.480469,2127864.5,170842.0,1.0,166540.0,110.0,0.0,0.183629,397696.0,1721542400.0,64.0,0.0,0.0,0.0,0.0,0.0,62.0,0.0,103.152939,1.0,65.0,1.0,1.0,280.447052,31872.0,175.0,0.0,0.0,0.568182,0.0,0.620438,0.0,0.0,2182484.0,0.620438,4302.0,0.0,1514.0,0.0,0.0,0.620438,0.620438,1.0,0.0,0.0,175.682343,0.0,VIDEO
0.0,0.000897,0.0,0.0,0.0,0.182732,-0.0,0.0,0.0,1514.0,1.0,1514.0,1.0,0.0,0.183629,905590.6520605112,1721542400.0,64.0,0.0,0.0,0.0,0.0,0.0,62.0,0.0,0.0,1.0,0.0,1.0,0.0,0.0,931391.4917946004,1.0,0.0,0.0,0.0,0.0,0.0,0.0,0.0,0.0,0.0,0.0,0.0,1514.0,1.0,0.0,0.0,0.0,1.0,0.0,0.0,0.0,0.0,VIDEO
0.0,0.000897,0.0,0.0,0.0,0.182732,-0.0,0.0,0.0,1514.0,1.0,1514.0,1.0,0.0,0.183629,905590.6520605112,1721542400.0,64.0,0.0,0.0,0.0,0.0,0.0,62.0,0.0,0.0,1.0,0.0,1.0,0.0,0.0,931391.4917946004,1.0,0.0,0.0,0.0,0.0,0.0,0.0,0.0,0.0,0.0,0.0,0.0,1514.0,1.0,0.0,0.0,0.0,1.0,0.0,0.0,0.0,0.0,VIDEO
0.0,0.000897,48.0,74.400002,0.894607,0.182732,-0.0,32604.259766,950513.4375,111509.0,1.0,107789.0,72.0,0.0,0.183629,588800.0,1721542400.0,64.0,0.0,0.0,0.0,0.0,0.0,61.0,0.0,54.772655,1.0,50.0,48.0,0.0,135.254913,31872.0,122.0,0.0,0.0,28.235294,0.0,0.894607,0.0,0.0,983117.6875,0.894607,3720.0,0.0,1497.069458,0.0,0.0,0.894607,0.894607,1.0,0.0,0.0,79.364456,0.0,VIDEO
0.0,0.000717,0.0,66.0,0.107717,0.185084,-0.0,4901.733398,0.0,198.0,0.0,66.0,1.0,1.0,0.185801,64256.0,1721542400.0,64.0,0.0,0.0,0.0,0.0,0.0,61.0,0.0,9.283586,1.0,2.0,0.0,0.0,18.567171,4077568.0,3.0,0.0,0.0,0.0,0.0,0.107717,0.0,0.0,4901.733398,0.107717,132.0,0.0,66.0,0.0,0.0,0.107717,0.107717,0.0,0.0,0.0,0.0,0.0,VIDEO
0.0,0.000897,0.0,66.0,0.001348,0.182732,-0.0,1566765.5,0.0,396.0,1.0,66.0,1.0,0.0,0.183629,603776.0,1721542400.0,64.0,0.0,0.0,0.0,0.0,0.0,61.0,0.0,2967.358887,1.0,5.0,0.0,0.0,3709.19873,31872.0,6.0,0.0,0.0,0.0,0.0,0.001348,0.0,0.0,1566765.5,0.001348,330.0,0.0,66.0,0.0,0.0,0.001348,0.001348,0.0,0.0,0.0,0.0,0.0,VIDEO
0.0,0.000494,0.0,73.800003,0.958731,0.213273,-0.0,30181.5625,1584210.75,195027.0,0.0,191337.0,129.0,0.0,0.213767,169088.0,1721542400.0,64.0,0.0,0.0,0.0,0.0,0.0,62.0,0.0,51.109226,0.0,50.0,0.0,0.0,185.662094,31872.0,179.0,0.0,0.0,0.0,0.0,0.958731,0.0,0.0,1614392.375,0.958731,3690.0,0.0,1483.232544,0.0,0.0,0.958731,0.958731,0.0,0.0,1.0,133.509811,0.0,VIDEO
0.0,0.000494,6.0,67.241379,0.41806,0.213273,-0.0,73348.320312,2854059.25,154552.0,1.0,150652.0,100.0,0.0,0.213767,422272.0,1721542400.0,64.0,0.0,0.0,0.0,0.0,0.0,62.0,0.0,136.34407,1.0,58.0,6.0,0.0,375.544189,31872.0,158.0,0.0,0.0,3.658537,0.0,0.41806,0.0,0.0,2927407.5,0.41806,3900.0,0.0,1506.52002,0.0,0.0,0.41806,0.41806,1.0,0.0,0.0,236.808105,0.0,VIDEO
0.0,0.0005,0.0,74.0,0.0005,0.0,-0.0,0.0,0.0,148.0,0.0,74.0,1.0,0.0,0.0005,8222720.0,1721542400.0,64.0,0.0,0.0,0.0,0.0,1.0,62.0,0.0,0.0,0.0,1.0,0.0,0.0,1999.999878,4077568.0,2.0,0.0,0.0,0.0,0.0,0.0005,0.0,0.0,0.0,0.0005,74.0,0.0,74.0,0.0,0.0,0.0005,0.0005,0.0,0.0,0.0,0.0,0.0,VIDEO
0.0,0.000494,0.0,0.0,0.0,0.213273,-0.0,0.0,0.0,1514.0,1.0,1514.0,1.0,0.0,0.213767,905590.6520605112,1721542400.0,64.0,0.0,0.0,0.0,0.0,0.0,62.0,0.0,0.0,1.0,0.0,1.0,0.0,0.0,931391.4917946004,1.0,0.0,0.0,0.0,0.0,0.0,0.0,0.0,0.0,0.0,0.0,0.0,1514.0,1.0,0.0,0.0,0.0,1.0,0.0,0.0,0.0,0.0,VIDEO
0.0,0.0005,0.0,0.0,0.0,0.0,-0.0,0.0,0.0,74.0,0.0,74.0,1.0,0.0,0.0005,905590.6520605112,1721542400.0,64.0,1.0,0.0,0.0,0.0,0.0,62.0,0.0,0.0,1.0,0.0,1.0,0.0,0.0,931391.4917946004,1.0,0.0,0.0,0.0,0.0,0.0,0.0,0.0,0.0,0.0,0.0,0.0,74.0,0.0,0.0,0.0,0.0,1.0,0.0,0.0,0.0,0.0,VIDEO
0.0,0.000494,0.0,0.0,0.0,0.213273,-0.0,0.0,0.0,1514.0,1.0,1514.0,1.0,0.0,0.213767,905590.6520605112,1721542400.0,64.0,0.0,0.0,0.0,0.0,0.0,62.0,0.0,0.0,1.0,0.0,1.0,0.0,0.0,931391.4917946004,1.0,0.0,0.0,0.0,0.0,0.0,0.0,0.0,0.0,0.0,0.0,0.0,1514.0,1.0,0.0,0.0,0.0,1.0,0.0,0.0,0.0,0.0,VIDEO
0.0,0.0005,1.0,66.0,0.0,0.166439,-0.0,0.0,0.0,140.0,0.0,74.0,1.0,0.0,0.166939,64256.0,1721542400.0,64.0,0.0,0.0,0.0,0.0,0.0,62.0,0.0,0.0,1.0,1.0,1.0,0.0,0.0,4077568.0,2.0,0.0,0.0,33.333333,0.0,0.0,0.0,0.0,0.0,0.0,66.0,0.0,74.0,0.0,0.0,0.0,0.0,1.0,0.0,0.0,0.0,0.0,VIDEO
0.0,0.000494,1.0,78.0,0.0,0.213273,-0.0,0.0,0.0,1592.0,1.0,1514.0,1.0,0.0,0.213767,426624.0,1721542400.0,64.0,0.0,0.0,0.0,0.0,0.0,62.0,0.0,0.0,1.0,1.0,1.0,0.0,0.0,31872.0,2.0,0.0,0.0,33.333333,0.0,0.0,0.0,0.0,0.0,0.0,78.0,1.0,1514.0,0.0,0.0,0.0,0.0,1.0,0.0,0.0,0.0,0.0,VIDEO
0.0,0.000494,0.0,0.0,0.0,0.213273,-0.0,0.0,0.0,1514.0,1.0,1514.0,1.0,0.0,0.213767,905590.6520605112,1721542400.0,64.0,0.0,0.0,0.0,0.0,0.0,62.0,0.0,0.0,1.0,0.0,1.0,0.0,0.0,931391.4917946004,1.0,0.0,0.0,0.0,0.0,0.0,0.0,0.0,0.0,0.0,0.0,0.0,1514.0,1.0,0.0,0.0,0.0,1.0,0.0,0.0,0.0,0.0,VIDEO
0.0,0.000494,51.0,68.666664,0.974803,0.213273,-0.0,16347.918945,603592.75,77078.0,1.0,75018.0,51.0,0.0,0.213767,436096.0,1721542400.0,64.0,0.0,0.0,0.0,0.0,0.0,62.0,0.0,29.749601,1.0,30.0,51.0,0.0,82.067863,31872.0,81.0,0.0,0.0,38.636364,0.0,0.974803,0.0,0.0,619940.6875,0.974803,2060.0,0.0,1470.941162,0.0,0.0,0.974803,0.974803,1.0,0.0,0.0,51.292416,0.0,VIDEO
0.0,0.0,2.0,96.411766,0.836773,0.263966,-0.0,14751.910156,455454.46875,50679.0,1.0,49040.0,35.0,0.0,0.263966,63488.0,1721542400.0,64.0,0.0,0.0,0.0,0.0,0.0,62.0,0.0,19.121077,0.0,17.0,2.0,0.0,60.948429,31872.0,52.0,0.0,0.0,3.703704,0.0,0.836773,0.0,0.0,470206.375,0.836773,1639.0,0.0,1401.142822,0.0,0.0,0.836773,0.836773,1.0,0.0,1.0,40.632286,0.0,VIDEO
0.0,0.0,0.0,70.0,0.278477,0.278477,-0.0,2010.937988,0.0,214.0,0.0,74.0,1.0,0.0,0.278477,64256.0,1721542400.0,64.0,0.0,0.0,0.0,0.0,0.0,62.0,0.0,3.590961,0.0,2.0,0.0,0.0,7.181921,4077568.0,3.0,0.0,0.0,0.0,0.0,0.278477,0.0,0.0,2010.937988,0.278477,140.0,0.0,74.0,0.0,0.0,0.278477,0.278477,0.0,0.0,0.0,0.0,0.0,VIDEO
0.0,0.0,5.0,66.0,0.554453,0.263966,-0.0,16188.927734,371364.1875,28440.0,1.0,27252.0,18.0,0.0,0.263966,72832.0,1721542400.0,64.0,0.0,0.0,0.0,0.0,0.0,62.0,0.0,30.660849,1.0,18.0,5.0,0.0,63.125278,31872.0,36.0,0.0,0.0,12.195122,0.0,0.554453,0.0,0.0,387553.125,0.554453,1188.0,0.0,1514.0,0.0,0.0,0.554453,0.554453,1.0,0.0,0.0,30.660849,0.0,VIDEO
0.0,0.0,0.0,66.0,0.278024,0.278477,-0.0,1899.116699,0.0,198.0,0.0,66.0,1.0,1.0,0.278477,64256.0,1721542400.0,64.0,0.0,0.0,0.0,0.0,0.0,62.0,0.0,3.596812,1.0,2.0,0.0,0.0,7.193624,4077568.0,3.0,0.0,0.0,0.0,0.0,0.278024,0.0,0.0,1899.116699,0.278024,132.0,0.0,66.0,0.0,0.0,0.278024,0.278024,0.0,0.0,0.0,0.0,0.0,VIDEO
0.0,0.000997,0.0,133.666672,0.628994,0.151709,-0.0,8508.825195,337275.09375,28645.0,0.0,27843.0,21.0,0.0,0.152706,59904.0,1721542400.0,64.0,0.0,0.0,0.0,0.0,0.0,62.0,0.0,7.949202,0.0,6.0,0.0,0.0,41.33585,31872.0,27.0,0.0,0.0,0.0,0.0,0.628994,0.0,0.0,345783.90625,0.628994,802.0,0.0,1325.857178,0.0,0.0,0.628994,0.628994,0.0,0.0,1.0,31.796806,0.0,VIDEO
0.0,0.000997,0.0,0.0,0.984232,0.151709,-0.0,0.0,12306.041992,3028.0,0.0,3028.0,2.0,0.0,0.152706,905590.6520605112,1721542400.0,64.0,0.0,0.0,0.0,0.0,0.0,62.0,0.0,0.0,1.0,0.0,2.0,0.0,1.016021,931391.4917946004,2.0,0.0,0.0,0.0,0.0,0.984232,0.0,0.0,12306.041992,0.984232,0.0,0.0,1514.0,1.0,0.0,0.984232,0.984232,1.0,0.0,0.0,1.016021,0.0,VIDEO
0.0,0.0005,0.0,66.0,0.548903,0.166439,-0.0,0.0,961.91864,198.0,0.0,132.0,2.0,1.0,0.166939,64256.0,1721542400.0,64.0,0.0,0.0,0.0,0.0,0.0,62.0,0.0,0.0,1.0,1.0,0.0,0.0,3.643631,4077568.0,3.0,0.0,0.0,0.0,0.0,0.548903,0.0,0.0,961.91864,0.548903,66.0,0.0,66.0,0.0,0.0,0.548903,0.548903,0.0,0.0,0.0,1.821816,0.0,VIDEO
0.0,0.000997,0.0,0.0,0.0,0.151709,-0.0,0.0,0.0,1514.0,0.0,1514.0,1.0,0.0,0.152706,905590.6520605112,1721542400.0,64.0,0.0,0.0,0.0,0.0,0.0,62.0,0.0,0.0,1.0,0.0,1.0,0.0,0.0,931391.4917946004,1.0,0.0,0.0,0.0,0.0,0.0,0.0,0.0,0.0,0.0,0.0,0.0,1514.0,1.0,0.0,0.0,0.0,1.0,0.0,0.0,0.0,0.0,VIDEO
0.0,0.000997,15.0,67.833336,0.925363,0.151709,-0.0,41644.199219,2028782.25,241068.0,1.0,236184.0,156.0,0.0,0.152706,240768.0,1721542400.0,64.0,0.0,0.0,0.0,0.0,0.0,62.0,0.0,76.726646,1.0,72.0,15.0,1.0,245.309143,31872.0,228.0,0.0,0.0,6.17284,0.0,0.925363,0.0,0.0,2070426.375,0.925363,4884.0,0.0,1514.0,0.0,0.0,0.925363,0.925363,1.0,0.0,0.0,167.501831,0.0,VIDEO
0.0,0.000997,0.0,66.0,0.999708,0.151709,-0.0,147355.03125,4906793.0,633164.0,1.0,614684.0,406.0,0.0,0.152706,1358720.0,1721542400.0,64.0,0.0,0.0,0.0,0.0,0.0,62.0,0.0,279.081482,1.0,280.0,0.0,1.0,685.200073,31872.0,686.0,0.0,0.0,0.0,0.0,0.999708,0.0,0.0,5054148.0,0.999708,18480.0,0.0,1514.0,0.0,0.0,0.999708,0.999708,0.0,0.0,0.0,405.118286,0.0,VIDEO
0.0,0.0005,0.0,66.0,0.0,0.166439,-0.0,0.0,0.0,132.0,0.0,66.0,1.0,0.0,0.166939,64256.0,1721542400.0,64.0,0.0,0.0,0.0,0.0,0.0,62.0,0.0,0.0,1.0,1.0,0.0,0.0,0.0,4077568.0,2.0,0.0,0.0,0.0,0.0,0.0,0.0,0.0,0.0,0.0,66.0,0.0,66.0,0.0,0.0,0.0,0.0,0.0,0.0,0.0,0.0,0.0,VIDEO
0.0,0.000997,0.0,66.0,0.99951,0.151709,-0.0,256733.796875,9985181.0,1281192.0,1.0,1249050.0,825.0,0.0,0.152706,3144704.0,1721542400.0,64.0,0.0,0.0,0.0,0.0,0.0,62.0,0.0,486.238251,1.0,487.0,0.0,1.0,1311.6427,31872.0,1312.0,0.0,0.0,0.0,0.0,0.99951,0.0,0.0,10241915.0,0.99951,32142.0,0.0,1514.0,0.0,0.0,0.99951,0.99951,0.0,0.0,0.0,824.403992,0.0,VIDEO
0.0,0.000997,0.0,66.0,0.1093,0.151709,-0.0,188398.890625,6608453.5,94408.0,1.0,91768.0,62.0,0.0,0.152706,3144704.0,1721542400.0,64.0,0.0,0.0,0.0,0.0,0.0,62.0,0.0,356.816101,1.0,40.0,0.0,0.0,924.062195,31872.0,102.0,0.0,0.0,0.0,0.0,0.1093,0.0,0.0,6796852.5,0.1093,2640.0,0.0,1480.129028,0.0,0.0,0.1093,0.1093,0.0,0.0,0.0,558.096985,0.0,VIDEO
0.0,0.013618,0.0,74.0,0.013618,0.0,-0.0,0.0,0.0,148.0,0.0,74.0,1.0,0.0,0.013618,8222720.0,1721542400.0,64.0,0.0,0.0,0.0,0.0,1.0,62.0,0.0,0.0,0.0,1.0,0.0,0.0,73.43222,4077568.0,2.0,0.0,0.0,0.0,0.0,0.013618,0.0,0.0,0.0,0.013618,74.0,0.0,74.0,0.0,0.0,0.013618,0.013618,0.0,0.0,0.0,0.0,0.0,VIDEO
0.0,0.000501,1.0,166.5,0.742706,0.186064,-0.0,5385.710938,161539.015625,16816.0,1.0,16150.0,14.0,0.0,0.186565,64256.0,1721542400.0,64.0,0.0,0.0,0.0,0.0,0.0,62.0,0.0,4.039283,0.0,4.0,1.0,0.0,22.889273,31872.0,18.0,0.0,0.0,5.263158,0.0,0.742706,0.0,0.0,166924.734375,0.742706,666.0,0.0,1153.571411,0.0,0.0,0.742706,0.742706,1.0,0.0,1.0,17.503561,0.0,VIDEO
1.0,0.013618,3.0,68.666664,0.169385,0.167964,-0.0,6517.696289,3494.996582,354.0,0.0,148.0,2.0,0.0,0.181582,64256.0,1721542400.0,64.0,0.0,0.0,0.0,0.0,0.0,62.0,0.0,11.807421,1.0,3.0,2.0,0.0,23.614841,4077568.0,5.0,0.0,0.0,37.5,0.0,0.169385,0.0,0.0,10012.693359,0.169385,206.0,0.0,74.0,0.0,1.0,0.169385,0.169385,0.0,0.0,0.0,5.90371,0.0,VIDEO
0.0,0.000501,10.0,71.14286,0.744671,0.186064,-0.0,9937.274414,427979.625,42309.0,1.0,41313.0,28.0,0.0,0.186565,63488.0,1721542400.0,64.0,0.0,0.0,0.0,0.0,0.0,62.0,0.0,17.457375,1.0,14.0,10.0,1.0,55.057873,31872.0,42.0,0.0,0.0,19.230769,0.0,0.744671,0.0,0.0,437916.875,0.744671,996.0,0.0,1475.464233,0.0,0.0,0.744671,0.744671,1.0,0.0,0.0,36.257622,0.0,VIDEO
0.0,0.000501,0.0,59.454544,0.200841,0.186064,-0.0,23700.339844,422144.90625,12766.0,1.0,12112.0,8.0,0.0,0.186565,64128.0,1721542400.0,64.0,0.0,0.0,0.0,0.0,0.0,62.0,0.0,49.79063,1.0,11.0,0.0,0.0,89.623138,31872.0,19.0,0.0,0.0,0.0,0.0,0.200841,0.0,0.0,445845.21875,0.200841,654.0,0.0,1514.0,0.0,0.0,0.200841,0.200841,0.0,0.0,0.0,34.853443,0.0,VIDEO
0.0,0.013618,0.0,66.0,0.170127,0.167964,-0.0,3103.563721,0.0,198.0,0.0,66.0,1.0,1.0,0.181582,64256.0,1721542400.0,64.0,0.0,0.0,0.0,0.0,0.0,62.0,0.0,5.877962,1.0,2.0,0.0,0.0,11.755923,4077568.0,3.0,0.0,0.0,0.0,0.0,0.170127,0.0,0.0,3103.563721,0.170127,132.0,0.0,66.0,0.0,0.0,0.170127,0.170127,0.0,0.0,0.0,0.0,0.0,VIDEO
0.0,0.001006,0.0,67.42308,0.435197,0.07683,-0.0,63217.347656,1904443.25,108566.0,0.0,105060.0,72.0,0.0,0.077836,100480.0,1721542400.0,64.0,0.0,0.0,0.0,0.0,0.0,62.0,0.0,117.188309,0.0,52.0,0.0,0.0,282.630615,31872.0,124.0,0.0,0.0,0.0,0.0,0.435197,0.0,0.0,1967660.625,0.435197,3506.0,0.0,1459.166626,0.0,0.0,0.435197,0.435197,0.0,0.0,0.0,163.144516,0.0,VIDEO
0.0,0.002,0.0,67.409721,0.994723,0.090371,-0.0,155597.078125,7127918.0,907209.0,0.0,887795.0,589.0,0.0,0.092371,838912.0,1721542400.0,64.0,0.0,0.0,0.0,0.0,0.0,62.0,0.0,288.522522,0.0,288.0,0.0,0.0,880.647156,31872.0,877.0,0.0,0.0,0.0,0.0,0.994723,0.0,0.0,7283515.0,0.994723,19414.0,0.0,1507.291992,0.0,0.0,0.994723,0.994723,0.0,0.0,1.0,591.119324,0.0,VIDEO
0.0,0.002,0.0,66.0,0.990254,0.090371,-0.0,162091.75,10619449.0,1336136.0,0.0,1316006.0,870.0,0.0,0.092371,838912.0,1721542400.0,64.0,0.0,0.0,0.0,0.0,0.0,62.0,0.0,306.991943,1.0,305.0,0.0,0.0,1185.554443,31872.0,1175.0,0.0,0.0,0.0,0.0,0.990254,0.0,0.0,10781541.0,0.990254,20130.0,0.0,1512.650635,0.0,0.0,0.990254,0.990254,0.0,0.0,0.0,877.552612,0.0,VIDEO
0.0,0.002,0.0,66.0,0.094585,0.090371,-0.0,139557.015625,0.0,1782.0,0.0,66.0,1.0,0.0,0.092371,838912.0,1721542400.0,64.0,0.0,0.0,0.0,0.0,0.0,62.0,0.0,264.312531,1.0,26.0,0.0,0.0,274.88501,31872.0,27.0,0.0,0.0,0.0,0.0,0.094585,0.0,0.0,139557.015625,0.094585,1716.0,0.0,66.0,0.0,0.0,0.094585,0.094585,0.0,0.0,0.0,0.0,0.0,VIDEO
0.0,0.000501,0.0,66.127274,0.976683,0.247708,-0.0,29250.021484,849151.625,108745.0,0.0,105108.0,73.0,0.0,0.248209,64128.0,1721542400.0,64.0,0.0,0.0,0.0,0.0,0.0,62.0,0.0,55.289177,0.0,55.0,0.0,0.0,130.031952,31872.0,128.0,0.0,0.0,0.0,0.0,0.976683,0.0,0.0,878401.6875,0.976683,3637.0,0.0,1439.835571,0.0,0.0,0.976683,0.976683,0.0,0.0,0.0,73.718903,0.0,VIDEO
0.0,0.000501,0.0,54.0,0.0,0.247708,-0.0,0.0,0.0,54.0,0.0,0.0,0.0,0.0,0.248209,64128.0,1721542400.0,64.0,0.0,0.0,0.0,0.0,0.0,62.0,0.0,0.0,1.0,1.0,0.0,0.0,0.0,931391.4917946004,1.0,0.0,0.0,0.0,0.0,0.0,0.0,0.0,0.0,0.0,54.0,0.0,0.0,0.0,0.0,0.0,0.0,0.0,0.0,0.0,0.0,0.0,VIDEO
0.0,0.000998,0.0,70.0,0.169903,0.168905,-0.0,3295.998291,0.0,214.0,0.0,74.0,1.0,0.0,0.169903,64256.0,1721542400.0,64.0,0.0,0.0,0.0,0.0,0.0,62.0,0.0,5.885711,0.0,2.0,0.0,0.0,11.771422,4077568.0,3.0,0.0,0.0,0.0,0.0,0.169903,0.0,0.0,3295.998291,0.169903,140.0,0.0,74.0,0.0,0.0,0.169903,0.169903,0.0,0.0,0.0,0.0,0.0,VIDEO
0.0,0.000998,0.0,66.0,0.217418,0.168905,-0.0,2428.501709,0.0,198.0,0.0,66.0,1.0,1.0,0.169903,64256.0,1721542400.0,64.0,0.0,0.0,0.0,0.0,0.0,62.0,0.0,4.599435,1.0,2.0,0.0,0.0,9.198871,4077568.0,3.0,0.0,0.0,0.0,0.0,0.217418,0.0,0.0,2428.501709,0.217418,132.0,0.0,66.0,0.0,0.0,0.217418,0.217418,0.0,0.0,0.0,0.0,0.0,VIDEO
0.0,0.000999,0.0,148.333328,0.387501,0.185768,-0.0,15318.669922,10239.973633,1509.0,0.0,619.0,5.0,0.0,0.186767,64128.0,1721542400.0,64.0,0.0,0.0,0.0,0.0,0.0,62.0,0.0,12.903193,0.0,6.0,0.0,0.0,25.806385,31872.0,11.0,0.0,0.0,0.0,0.0,0.387501,0.0,0.0,25558.644531,0.387501,890.0,0.0,123.800003,0.0,0.0,0.387501,0.387501,0.0,0.0,0.0,10.322554,0.0,VIDEO
0.0,0.00172,0.0,151.166672,0.662284,0.321892,-0.0,9132.03418,6148.419434,1543.0,0.0,636.0,5.0,0.0,0.323612,64128.0,1721542400.0,64.0,0.0,0.0,0.0,0.0,0.0,62.0,0.0,7.549631,0.0,6.0,0.0,0.0,15.099262,31872.0,11.0,0.0,0.0,0.0,0.0,0.662284,0.0,0.0,15280.453125,0.662284,907.0,0.0,127.199997,0.0,0.0,0.662284,0.662284,0.0,0.0,0.0,6.039705,0.0,VIDEO
0.0,0.001527,0.0,70.0,0.32361,0.322083,-0.0,1730.478027,0.0,214.0,0.0,74.0,1.0,0.0,0.32361,64256.0,1721542400.0,64.0,0.0,0.0,0.0,0.0,0.0,62.0,0.0,3.090139,0.0,2.0,0.0,0.0,6.180279,4077568.0,3.0,0.0,0.0,0.0,0.0,0.32361,0.0,0.0,1730.478027,0.32361,140.0,0.0,74.0,0.0,0.0,0.32361,0.32361,0.0,0.0,0.0,0.0,0.0,VIDEO
0.0,0.001527,0.0,66.0,0.960879,0.322083,-0.0,1098.993652,1165.599365,408.0,1.0,210.0,3.0,1.0,0.32361,64256.0,1721542400.0,64.0,0.0,0.0,0.0,0.0,0.0,62.0,0.0,2.081428,1.0,3.0,0.0,0.0,5.203568,31872.0,6.0,0.0,0.0,0.0,0.0,0.960879,0.0,0.0,2264.593018,0.960879,198.0,0.0,70.0,0.0,0.0,0.960879,0.960879,0.0,0.0,0.0,2.081428,0.0,VIDEO
0.0,0.001019,0.0,151.833328,0.245162,0.106314,-0.0,24799.927734,16772.583984,1553.0,0.0,642.0,5.0,0.0,0.107333,64128.0,1721542400.0,64.0,0.0,0.0,0.0,0.0,0.0,62.0,0.0,20.394678,0.0,6.0,0.0,0.0,40.789356,31872.0,11.0,0.0,0.0,0.0,0.0,0.245162,0.0,0.0,41572.511719,0.245162,911.0,0.0,128.399994,0.0,0.0,0.245162,0.245162,0.0,0.0,0.0,16.315742,0.0,VIDEO
0.0,0.001005,0.0,74.0,0.001005,0.0,-0.0,0.0,0.0,148.0,0.0,74.0,1.0,0.0,0.001005,8222720.0,1721542400.0,64.0,0.0,0.0,0.0,0.0,1.0,61.0,0.0,0.0,0.0,1.0,0.0,0.0,995.024902,4077568.0,2.0,0.0,0.0,0.0,0.0,0.001005,0.0,0.0,0.0,0.001005,74.0,0.0,74.0,0.0,0.0,0.001005,0.001005,0.0,0.0,0.0,0.0,0.0,VIDEO
0.0,0.001078,0.0,236.666672,0.745161,0.726037,-0.0,5088.833008,4605.716309,1281.0,0.0,571.0,4.0,0.0,0.727115,64256.0,1721542400.0,64.0,0.0,0.0,0.0,0.0,0.0,61.0,0.0,2.683984,0.0,3.0,0.0,0.0,8.051951,31872.0,7.0,0.0,0.0,0.0,0.0,0.745161,0.0,0.0,9694.548828,0.745161,710.0,0.0,142.75,0.0,0.0,0.745161,0.745161,0.0,0.0,0.0,4.025976,0.0,VIDEO
0.0,0.001005,1.0,66.0,0.688574,0.688574,-0.0,0.0,0.0,140.0,0.0,74.0,1.0,0.0,0.689579,64256.0,1721542400.0,64.0,0.0,0.0,0.0,0.0,0.0,61.0,0.0,0.0,1.0,1.0,1.0,0.0,1.452277,4077568.0,2.0,0.0,0.0,33.333333,0.0,0.688574,0.0,0.0,0.0,0.688574,66.0,0.0,74.0,0.0,0.0,0.688574,0.688574,1.0,0.0,0.0,0.0,0.0,VIDEO
0.0,0.001078,1.0,78.0,0.158354,0.726037,-0.0,0.0,0.0,443.0,1.0,365.0,1.0,0.0,0.727115,64256.0,1721542400.0,64.0,0.0,0.0,0.0,0.0,0.0,61.0,0.0,0.0,1.0,1.0,1.0,1.0,6.314965,31872.0,2.0,0.0,0.0,33.333333,0.0,0.158354,0.0,0.0,0.0,0.158354,78.0,0.0,365.0,0.0,0.0,0.158354,0.158354,1.0,0.0,0.0,0.0,0.0,VIDEO
0.0,0.001078,0.0,0.0,0.0,0.726037,-0.0,0.0,0.0,365.0,1.0,365.0,1.0,0.0,0.727115,905590.6520605112,1721542400.0,64.0,0.0,0.0,0.0,0.0,0.0,61.0,0.0,0.0,1.0,0.0,0.0,0.0,0.0,931391.4917946004,1.0,0.0,0.0,0.0,0.0,0.0,0.0,1.0,0.0,0.0,0.0,0.0,365.0,0.0,0.0,0.0,0.0,0.0,0.0,0.0,0.0,0.0,VIDEO
0.0,0.001078,0.0,66.0,0.146352,0.726037,-0.0,3607.740479,11807.150391,563.0,1.0,431.0,2.0,0.0,0.727115,64128.0,1721542400.0,64.0,0.0,0.0,0.0,0.0,0.0,62.0,0.0,6.832842,1.0,2.0,0.0,0.0,20.498526,31872.0,4.0,0.0,0.0,0.0,0.0,0.146352,0.0,0.0,15414.890625,0.146352,132.0,0.0,215.5,0.0,0.0,0.146352,0.146352,0.0,0.0,0.0,6.832842,0.0,VIDEO
0.0,0.001005,0.0,66.0,0.16873,0.688574,-0.0,3129.259766,0.0,198.0,0.0,66.0,1.0,1.0,0.689579,64256.0,1721542400.0,64.0,0.0,0.0,0.0,0.0,0.0,62.0,0.0,5.926628,1.0,2.0,0.0,0.0,11.853256,4077568.0,3.0,0.0,0.0,0.0,0.0,0.16873,0.0,0.0,3129.259766,0.16873,132.0,0.0,66.0,0.0,0.0,0.16873,0.16873,0.0,0.0,0.0,0.0,0.0,VIDEO
0.0,0.000516,0.0,69.536583,0.276092,0.060849,-0.0,80610.8125,2651087.5,95796.0,0.0,92945.0,64.0,0.0,0.061365,98944.0,1721542400.0,64.0,0.0,0.0,0.0,0.0,0.0,62.0,0.0,144.879242,0.0,41.0,0.0,0.0,376.686035,31872.0,105.0,0.0,0.0,0.0,0.0,0.276092,0.0,0.0,2731698.25,0.276092,2851.0,0.0,1452.265625,0.0,0.0,0.276092,0.276092,0.0,0.0,0.0,228.184814,0.0,VIDEO
0.0,0.001011,0.0,148.5,0.987702,0.167887,-0.0,6018.009277,4632.976074,1577.0,0.0,686.0,6.0,0.0,0.168898,64128.0,1721542400.0,64.0,0.0,0.0,0.0,0.0,0.0,62.0,0.0,5.062255,0.0,6.0,0.0,0.0,11.136962,31872.0,12.0,0.0,0.0,0.0,0.0,0.987702,0.0,0.0,10650.985352,0.987702,891.0,0.0,114.333336,0.0,0.0,0.987702,0.987702,0.0,0.0,0.0,5.062255,0.0,VIDEO
0.0,0.000981,0.0,70.0,0.170604,0.169623,-0.0,3282.455078,0.0,214.0,0.0,74.0,1.0,0.0,0.170604,64256.0,1721542400.0,64.0,0.0,0.0,0.0,0.0,0.0,62.0,0.0,5.861527,0.0,2.0,0.0,0.0,11.723054,4077568.0,3.0,0.0,0.0,0.0,0.0,0.170604,0.0,0.0,3282.455078,0.170604,140.0,0.0,74.0,0.0,0.0,0.170604,0.170604,0.0,0.0,0.0,0.0,0.0,VIDEO
0.0,0.0,0.0,148.5,0.138201,0.060732,-0.0,43009.820312,28711.804688,1511.0,0.0,620.0,5.0,0.0,0.060732,64128.0,1721542400.0,64.0,0.0,0.0,0.0,0.0,0.0,62.0,0.0,36.179188,0.0,6.0,0.0,0.0,72.358376,31872.0,11.0,0.0,0.0,0.0,0.0,0.138201,0.0,0.0,71721.625,0.138201,891.0,0.0,124.0,0.0,0.0,0.138201,0.138201,0.0,0.0,0.0,28.943352,0.0,VIDEO
0.0,0.000981,0.0,66.0,0.155457,0.169623,-0.0,3396.4375,0.0,198.0,0.0,66.0,1.0,1.0,0.170604,64256.0,1721542400.0,64.0,0.0,0.0,0.0,0.0,0.0,62.0,0.0,6.432647,1.0,2.0,0.0,0.0,12.865294,4077568.0,3.0,0.0,0.0,0.0,0.0,0.155457,0.0,0.0,3396.4375,0.155457,132.0,0.0,66.0,0.0,0.0,0.155457,0.155457,0.0,0.0,0.0,0.0,0.0,VIDEO
0.0,0.000882,0.0,148.333328,0.478177,0.215326,-0.0,12413.813477,8298.182617,1509.0,0.0,619.0,5.0,0.0,0.216208,64128.0,1721542400.0,64.0,0.0,0.0,0.0,0.0,0.0,62.0,0.0,10.456379,0.0,6.0,0.0,0.0,20.912758,31872.0,11.0,0.0,0.0,0.0,0.0,0.478177,0.0,0.0,20711.996094,0.478177,890.0,0.0,123.800003,0.0,0.0,0.478177,0.478177,0.0,0.0,0.0,8.365103,0.0,VIDEO
0.0,0.000497,0.0,148.5,0.353965,0.168817,-0.0,16792.619141,11210.147461,1511.0,0.0,620.0,5.0,0.0,0.169314,64128.0,1721542400.0,64.0,0.0,0.0,0.0,0.0,0.0,62.0,0.0,14.12569,0.0,6.0,0.0,0.0,28.251379,31872.0,11.0,0.0,0.0,0.0,0.0,0.353965,0.0,0.0,28002.767578,0.353965,891.0,0.0,124.0,0.0,0.0,0.353965,0.353965,0.0,0.0,0.0,11.300551,0.0,VIDEO
0.0,0.001011,7.0,91.434784,0.878619,0.166618,-0.0,18319.658203,709094.625,81423.0,1.0,79320.0,55.0,0.0,0.167629,63488.0,1721542400.0,64.0,0.0,0.0,0.0,0.0,0.0,62.0,0.0,25.039293,0.0,23.0,7.0,0.0,87.637527,31872.0,78.0,0.0,0.0,8.235294,0.0,0.878619,0.0,0.0,727414.25,0.878619,2103.0,0.0,1442.181763,0.0,0.0,0.878619,0.878619,1.0,0.0,1.0,61.460087,0.0,VIDEO
0.0,0.001011,0.0,57.0,0.185904,0.166618,-0.0,17170.152344,65151.90625,3484.0,1.0,3028.0,2.0,0.0,0.167629,50048.0,1721542400.0,64.0,0.0,0.0,0.0,0.0,0.0,62.0,0.0,37.653843,1.0,8.0,0.0,0.0,48.412086,31872.0,10.0,0.0,0.0,0.0,0.0,0.185904,0.0,0.0,82322.0625,0.185904,456.0,0.0,1514.0,0.0,0.0,0.185904,0.185904,0.0,0.0,0.0,5.37912,0.0,VIDEO
0.0,0.001498,0.0,139.142853,0.942082,0.16861,-0.0,7090.677734,4976.212402,1677.0,0.0,703.0,6.0,0.0,0.170108,64128.0,1721542400.0,64.0,0.0,0.0,0.0,0.0,0.0,62.0,0.0,6.368873,0.0,7.0,0.0,0.0,12.737745,31872.0,13.0,0.0,0.0,0.0,0.0,0.942082,0.0,0.0,12066.890625,0.942082,974.0,0.0,117.166664,0.0,0.0,0.942082,0.942082,0.0,0.0,0.0,5.307394,0.0,VIDEO
0.0,0.000953,0.0,86.526314,0.829068,0.169206,-0.0,15033.749023,897306.375,96087.0,0.0,94443.0,65.0,0.0,0.170159,93056.0,1721542400.0,64.0,0.0,0.0,0.0,0.0,0.0,62.0,0.0,21.711126,0.0,19.0,0.0,0.0,100.112411,31872.0,84.0,0.0,0.0,0.0,0.0,0.829068,0.0,0.0,912340.125,0.829068,1644.0,0.0,1452.969238,0.0,0.0,0.829068,0.829068,0.0,0.0,1.0,77.195114,0.0,VIDEO
0.0,0.000953,0.0,0.0,0.97574,0.169206,-0.0,0.0,12413.142578,3028.0,0.0,3028.0,2.0,0.0,0.170159,905590.6520605112,1721542400.0,64.0,0.0,0.0,0.0,0.0,0.0,62.0,0.0,0.0,1.0,0.0,2.0,0.0,1.024863,931391.4917946004,2.0,0.0,0.0,0.0,0.0,0.97574,0.0,0.0,12413.142578,0.97574,0.0,0.0,1514.0,1.0,0.0,0.97574,0.97574,1.0,0.0,0.0,1.024863,0.0,VIDEO
0.0,0.000953,1.0,54.0,0.0,0.169206,-0.0,0.0,0.0,1568.0,0.0,1514.0,1.0,0.0,0.170159,93056.0,1721542400.0,64.0,0.0,0.0,0.0,0.0,0.0,62.0,0.0,0.0,1.0,1.0,1.0,0.0,0.0,31872.0,2.0,0.0,0.0,33.333333,0.0,0.0,0.0,0.0,0.0,0.0,54.0,0.0,1514.0,0.0,0.0,0.0,0.0,1.0,0.0,0.0,0.0,0.0,VIDEO
0.0,0.000503,0.0,74.0,0.000503,0.0,-0.0,0.0,0.0,148.0,0.0,74.0,1.0,0.0,0.000503,8222720.0,1721542400.0,64.0,0.0,0.0,0.0,0.0,1.0,62.0,0.0,0.0,0.0,1.0,0.0,0.0,1988.071655,4077568.0,2.0,0.0,0.0,0.0,0.0,0.000503,0.0,0.0,0.0,0.000503,74.0,0.0,74.0,0.0,0.0,0.000503,0.000503,0.0,0.0,0.0,0.0,0.0,VIDEO
0.0,0.000503,0.0,0.0,0.0,0.0,-0.0,0.0,0.0,74.0,0.0,74.0,1.0,0.0,0.000503,905590.6520605112,1721542400.0,64.0,1.0,0.0,0.0,0.0,0.0,62.0,0.0,0.0,1.0,0.0,1.0,0.0,0.0,931391.4917946004,1.0,0.0,0.0,0.0,0.0,0.0,0.0,0.0,0.0,0.0,0.0,0.0,74.0,0.0,0.0,0.0,0.0,1.0,0.0,0.0,0.0,0.0,VIDEO
0.0,0.0005,0.0,202.666672,0.848649,0.278673,-0.0,3827.259521,136914.078125,16342.0,0.0,15734.0,13.0,0.0,0.279173,64256.0,1721542400.0,64.0,0.0,0.0,0.0,0.0,0.0,62.0,0.0,2.356687,0.0,3.0,0.0,0.0,17.675152,31872.0,16.0,0.0,0.0,0.0,0.0,0.848649,0.0,0.0,140741.34375,0.848649,608.0,0.0,1210.307739,0.0,0.0,0.848649,0.848649,0.0,0.0,1.0,14.140121,0.0,VIDEO
0.0,0.000503,0.0,0.0,0.0,0.0,-0.0,0.0,0.0,74.0,0.0,74.0,1.0,0.0,0.000503,905590.6520605112,1721542400.0,64.0,1.0,0.0,0.0,0.0,0.0,62.0,0.0,0.0,1.0,0.0,1.0,0.0,0.0,931391.4917946004,1.0,0.0,0.0,0.0,0.0,0.0,0.0,0.0,0.0,0.0,0.0,0.0,74.0,0.0,0.0,0.0,0.0,1.0,0.0,0.0,0.0,0.0,VIDEO
0.0,0.0005,0.0,0.0,0.0,0.278673,-0.0,0.0,0.0,454.0,0.0,454.0,1.0,0.0,0.279173,905590.6520605112,1721542400.0,64.0,0.0,0.0,0.0,0.0,0.0,62.0,0.0,0.0,1.0,0.0,1.0,0.0,0.0,931391.4917946004,1.0,0.0,0.0,0.0,0.0,0.0,0.0,1.0,0.0,0.0,0.0,0.0,454.0,0.0,0.0,0.0,0.0,1.0,0.0,0.0,0.0,0.0,VIDEO
0.0,0.0005,5.0,65.448273,0.521526,0.278673,-0.0,28117.486328,891445.5,61464.0,1.0,59566.0,41.0,0.0,0.279173,54784.0,1721542400.0,64.0,0.0,0.0,0.0,0.0,0.0,62.0,0.0,53.688602,1.0,29.0,5.0,0.0,132.304047,31872.0,70.0,0.0,0.0,6.666667,0.0,0.521526,0.0,0.0,919563.0,0.521526,1898.0,0.0,1452.829224,0.0,0.0,0.521526,0.521526,1.0,0.0,0.0,76.697998,0.0,VIDEO
0.0,0.000503,1.0,66.0,0.0,0.167724,-0.0,0.0,0.0,140.0,0.0,74.0,1.0,0.0,0.168227,64256.0,1721542400.0,64.0,0.0,0.0,0.0,0.0,0.0,62.0,0.0,0.0,1.0,1.0,1.0,0.0,0.0,4077568.0,2.0,0.0,0.0,33.333333,0.0,0.0,0.0,0.0,0.0,0.0,66.0,0.0,74.0,0.0,0.0,0.0,0.0,1.0,0.0,0.0,0.0,0.0,VIDEO
0.0,0.000503,0.0,66.0,0.000997,0.167724,-0.0,0.0,0.0,132.0,0.0,66.0,1.0,1.0,0.168227,64256.0,1721542400.0,64.0,0.0,0.0,0.0,0.0,0.0,62.0,0.0,0.0,1.0,1.0,0.0,0.0,1003.008972,4077568.0,2.0,0.0,0.0,0.0,0.0,0.000997,0.0,0.0,0.0,0.000997,66.0,0.0,66.0,0.0,0.0,0.000997,0.000997,0.0,0.0,0.0,0.0,0.0,VIDEO
0.0,0.001007,0.0,74.0,0.001007,0.0,-0.0,0.0,0.0,148.0,0.0,74.0,1.0,0.0,0.001007,8222720.0,1721542400.0,64.0,0.0,0.0,0.0,0.0,1.0,62.0,0.0,0.0,0.0,1.0,0.0,0.0,993.048645,4077568.0,2.0,0.0,0.0,0.0,0.0,0.001007,0.0,0.0,0.0,0.001007,74.0,0.0,74.0,0.0,0.0,0.001007,0.001007,0.0,0.0,0.0,0.0,0.0,VIDEO
0.0,0.0,0.0,74.0,0.0,0.0,-0.0,0.0,0.0,148.0,0.0,74.0,1.0,0.0,0.0,8222720.0,1721542400.0,64.0,0.0,0.0,0.0,0.0,1.0,62.0,0.0,0.0,0.0,1.0,0.0,0.0,0.0,4077568.0,2.0,0.0,0.0,0.0,0.0,0.0,0.0,0.0,0.0,0.0,74.0,0.0,74.0,0.0,0.0,0.0,0.0,0.0,0.0,0.0,0.0,0.0,VIDEO
0.0,0.001007,1.0,192.0,0.399247,0.183995,-0.0,11541.727539,10219.238281,1405.0,0.0,637.0,5.0,0.0,0.185002,64128.0,1721542400.0,64.0,0.0,0.0,0.0,0.0,0.0,62.0,0.0,7.514145,1.0,4.0,1.0,0.0,20.037722,31872.0,9.0,0.0,0.0,10.0,0.0,0.399247,0.0,0.0,21760.964844,0.399247,768.0,0.0,127.400002,0.0,0.0,0.399247,0.399247,1.0,0.0,0.0,10.018861,0.0,VIDEO
0.0,0.0,1.0,66.0,0.0,0.238225,-0.0,0.0,0.0,140.0,0.0,74.0,1.0,0.0,0.238225,64256.0,1721542400.0,64.0,0.0,0.0,0.0,0.0,0.0,62.0,0.0,0.0,1.0,1.0,1.0,0.0,0.0,4077568.0,2.0,0.0,0.0,33.333333,0.0,0.0,0.0,0.0,0.0,0.0,66.0,0.0,74.0,0.0,0.0,0.0,0.0,1.0,0.0,0.0,0.0,0.0,VIDEO
0.0,0.0,0.0,66.0,0.276285,0.238225,-0.0,1911.07019,0.0,198.0,0.0,66.0,1.0,1.0,0.238225,64256.0,1721542400.0,64.0,0.0,0.0,0.0,0.0,0.0,62.0,0.0,3.619451,1.0,2.0,0.0,0.0,7.238902,4077568.0,3.0,0.0,0.0,0.0,0.0,0.276285,0.0,0.0,1911.07019,0.276285,132.0,0.0,66.0,0.0,0.0,0.276285,0.276285,0.0,0.0,0.0,0.0,0.0,VIDEO
0.0,0.000503,0.0,66.0,0.0,0.167724,-0.0,0.0,0.0,132.0,0.0,66.0,1.0,0.0,0.168227,64256.0,1721542400.0,64.0,0.0,0.0,0.0,0.0,0.0,62.0,0.0,0.0,1.0,1.0,0.0,0.0,0.0,4077568.0,2.0,0.0,0.0,0.0,0.0,0.0,0.0,0.0,0.0,0.0,66.0,0.0,66.0,0.0,0.0,0.0,0.0,0.0,0.0,0.0,0.0,0.0,VIDEO
0.0,0.02076,0.0,74.0,0.02076,0.0,-0.0,0.0,0.0,148.0,0.0,74.0,1.0,0.0,0.02076,8222720.0,1721542400.0,64.0,0.0,0.0,0.0,0.0,1.0,62.0,0.0,0.0,0.0,1.0,0.0,0.0,48.169556,4077568.0,2.0,0.0,0.0,0.0,0.0,0.02076,0.0,0.0,0.0,0.02076,74.0,0.0,74.0,0.0,0.0,0.02076,0.02076,0.0,0.0,0.0,0.0,0.0,VIDEO
0.0,0.02076,1.0,66.0,0.0,0.200422,-0.0,0.0,0.0,140.0,0.0,74.0,1.0,0.0,0.221182,64256.0,1721542400.0,64.0,0.0,0.0,0.0,0.0,0.0,62.0,0.0,0.0,1.0,1.0,1.0,0.0,0.0,4077568.0,2.0,0.0,0.0,33.333333,0.0,0.0,0.0,0.0,0.0,0.0,66.0,0.0,74.0,0.0,0.0,0.0,0.0,1.0,0.0,0.0,0.0,0.0,VIDEO
0.0,0.010709,0.0,70.0,0.496341,0.485632,-0.0,1128.256592,0.0,214.0,0.0,74.0,1.0,0.0,0.496341,64256.0,1721542400.0,64.0,0.0,0.0,0.0,0.0,0.0,62.0,0.0,2.014744,0.0,2.0,0.0,0.0,4.029488,4077568.0,3.0,0.0,0.0,0.0,0.0,0.496341,0.0,0.0,1128.256592,0.496341,140.0,0.0,74.0,0.0,0.0,0.496341,0.496341,0.0,0.0,0.0,0.0,0.0,VIDEO
0.0,0.010709,0.0,66.0,0.10247,0.485632,-0.0,5152.727539,5152.727539,264.0,0.0,132.0,2.0,1.0,0.496341,64256.0,1721542400.0,64.0,0.0,0.0,0.0,0.0,0.0,62.0,0.0,9.758953,1.0,2.0,0.0,0.0,29.276861,31872.0,4.0,0.0,0.0,0.0,0.0,0.10247,0.0,0.0,10305.455078,0.10247,132.0,0.0,66.0,0.0,0.0,0.10247,0.10247,0.0,0.0,0.0,9.758953,0.0,VIDEO
0.0,0.02076,0.0,157.25,0.244855,0.200422,-0.0,15421.37207,55445.058594,2750.0,0.0,2121.0,5.0,0.0,0.221182,64000.0,1721542400.0,64.0,0.0,0.0,0.0,1.0,0.0,62.0,0.0,12.25215,1.0,4.0,0.0,0.0,32.672398,31872.0,9.0,0.0,0.0,0.0,0.0,0.244855,0.0,0.0,70866.429688,0.244855,629.0,0.0,424.200012,0.0,0.0,0.244855,0.244855,0.0,0.0,0.0,16.336199,0.0,VIDEO
0.0,0.032842,0.0,132.199997,0.337796,0.101279,-0.0,12528.271484,13759.78418,1387.0,0.0,726.0,5.0,0.0,0.134121,64128.0,1721542400.0,64.0,0.0,0.0,0.0,0.0,0.0,62.0,0.0,11.841466,0.0,5.0,0.0,0.0,26.643299,31872.0,10.0,0.0,0.0,0.0,0.0,0.337796,0.0,0.0,26288.054688,0.337796,661.0,0.0,145.199997,0.0,0.0,0.337796,0.337796,0.0,0.0,0.0,11.841466,0.0,VIDEO
0.0,0.023218,0.0,74.0,0.023218,0.0,-0.0,0.0,0.0,148.0,0.0,74.0,1.0,0.0,0.023218,8222720.0,1721542400.0,64.0,0.0,0.0,0.0,0.0,1.0,62.0,0.0,0.0,0.0,1.0,0.0,0.0,43.07003,4077568.0,2.0,0.0,0.0,0.0,0.0,0.023218,0.0,0.0,0.0,0.023218,74.0,0.0,74.0,0.0,0.0,0.023218,0.023218,0.0,0.0,0.0,0.0,0.0,VIDEO
0.0,0.005649,0.0,74.0,0.005649,0.0,-0.0,0.0,0.0,148.0,0.0,74.0,1.0,0.0,0.005649,8222720.0,1721542400.0,64.0,0.0,0.0,0.0,0.0,1.0,62.0,0.0,0.0,0.0,1.0,0.0,0.0,177.022476,4077568.0,2.0,0.0,0.0,0.0,0.0,0.005649,0.0,0.0,0.0,0.005649,74.0,0.0,74.0,0.0,0.0,0.005649,0.005649,0.0,0.0,0.0,0.0,0.0,VIDEO
0.0,0.023218,1.0,66.0,0.0,0.265241,-0.0,0.0,0.0,140.0,0.0,74.0,1.0,0.0,0.288459,64256.0,1721542400.0,64.0,0.0,0.0,0.0,0.0,0.0,62.0,0.0,0.0,1.0,1.0,1.0,0.0,0.0,4077568.0,2.0,0.0,0.0,33.333333,0.0,0.0,0.0,0.0,0.0,0.0,66.0,0.0,74.0,0.0,0.0,0.0,0.0,1.0,0.0,0.0,0.0,0.0,VIDEO
0.0,0.005649,0.0,0.0,0.0,0.0,-0.0,0.0,0.0,74.0,0.0,74.0,1.0,0.0,0.005649,905590.6520605112,1721542400.0,64.0,1.0,0.0,0.0,0.0,0.0,62.0,0.0,0.0,1.0,0.0,1.0,0.0,0.0,931391.4917946004,1.0,0.0,0.0,0.0,0.0,0.0,0.0,0.0,0.0,0.0,0.0,0.0,74.0,0.0,0.0,0.0,0.0,1.0,0.0,0.0,0.0,0.0,VIDEO
0.0,0.005649,1.0,66.0,0.0,0.166315,-0.0,0.0,0.0,140.0,0.0,74.0,1.0,0.0,0.171964,64256.0,1721542400.0,64.0,0.0,0.0,0.0,0.0,0.0,62.0,0.0,0.0,1.0,1.0,1.0,0.0,0.0,4077568.0,2.0,0.0,0.0,33.333333,0.0,0.0,0.0,0.0,0.0,0.0,66.0,0.0,74.0,0.0,0.0,0.0,0.0,1.0,0.0,0.0,0.0,0.0,VIDEO
0.0,0.005649,0.0,66.0,0.000589,0.166315,-0.0,0.0,0.0,132.0,0.0,66.0,1.0,1.0,0.171964,64256.0,1721542400.0,64.0,0.0,0.0,0.0,0.0,0.0,62.0,0.0,0.0,1.0,1.0,0.0,0.0,1697.792847,4077568.0,2.0,0.0,0.0,0.0,0.0,0.000589,0.0,0.0,0.0,0.000589,66.0,0.0,66.0,0.0,0.0,0.000589,0.000589,0.0,0.0,0.0,0.0,0.0,VIDEO
0.0,0.023218,0.0,85.150002,0.739791,0.265241,-0.0,17496.833984,1218236.0,115821.0,0.0,114118.0,78.0,0.0,0.288459,87296.0,1721542400.0,64.0,0.0,0.0,0.0,0.0,0.0,62.0,0.0,25.68293,1.0,20.0,0.0,0.0,131.118118,31872.0,98.0,1.0,0.0,0.0,0.0,0.739791,0.0,0.0,1235732.875,0.739791,1703.0,0.0,1463.05127,0.0,0.0,0.739791,0.739791,0.0,0.0,0.0,104.08345,0.0,VIDEO
0.0,0.023218,0.0,66.0,0.473419,0.265241,-0.0,8922.329102,1611798.375,97490.0,0.0,96896.0,64.0,0.0,0.288459,260608.0,1721542400.0,64.0,0.0,0.0,0.0,0.0,0.0,62.0,0.0,16.89835,1.0,9.0,0.0,1.0,152.085144,31872.0,73.0,0.0,0.0,0.0,0.0,0.473419,0.0,0.0,1620720.75,0.473419,594.0,0.0,1514.0,0.0,0.0,0.473419,0.473419,0.0,0.0,0.0,133.074509,0.0,VIDEO
0.0,0.023218,0.0,0.0,0.0,0.265241,-0.0,0.0,0.0,1514.0,0.0,1514.0,1.0,0.0,0.288459,905590.6520605112,1721542400.0,64.0,0.0,0.0,0.0,0.0,0.0,62.0,0.0,0.0,1.0,0.0,0.0,0.0,0.0,931391.4917946004,1.0,0.0,0.0,0.0,0.0,0.0,0.0,0.0,0.0,0.0,0.0,0.0,1514.0,1.0,0.0,0.0,0.0,0.0,0.0,0.0,0.0,0.0,VIDEO
0.0,0.023218,21.0,67.62162,0.761005,0.265241,-0.0,25597.730469,1416505.875,138762.0,1.0,136260.0,90.0,0.0,0.288459,544384.0,1721542400.0,64.0,0.0,0.0,0.0,0.0,0.0,62.0,0.0,47.305866,1.0,37.0,21.0,1.0,165.570526,31872.0,127.0,0.0,0.0,14.189189,0.0,0.761005,0.0,0.0,1442103.625,0.761005,2502.0,0.0,1514.0,0.0,0.0,0.761005,0.761005,1.0,0.0,0.0,116.950615,0.0,VIDEO
0.0,0.023218,0.0,66.0,0.73126,0.265241,-0.0,12996.745117,1921330.25,178392.0,1.0,177138.0,117.0,0.0,0.288459,642048.0,1721542400.0,64.0,0.0,0.0,0.0,0.0,0.0,62.0,0.0,24.615047,1.0,19.0,0.0,1.0,184.612854,31872.0,136.0,0.0,0.0,0.0,0.0,0.73126,0.0,0.0,1934327.0,0.73126,1254.0,0.0,1514.0,0.0,0.0,0.73126,0.73126,0.0,0.0,0.0,158.63031,0.0,VIDEO
0.0,0.005649,0.0,0.0,0.0,0.166315,-0.0,0.0,0.0,66.0,0.0,66.0,1.0,0.0,0.171964,905590.6520605112,1721542400.0,64.0,0.0,0.0,0.0,0.0,0.0,62.0,0.0,0.0,1.0,0.0,0.0,0.0,0.0,931391.4917946004,1.0,0.0,0.0,0.0,0.0,0.0,0.0,0.0,0.0,0.0,0.0,0.0,66.0,0.0,0.0,0.0,0.0,0.0,0.0,0.0,0.0,0.0,VIDEO
0.0,0.023218,0.0,0.0,0.0,0.265241,-0.0,0.0,0.0,1514.0,1.0,1514.0,1.0,0.0,0.288459,905590.6520605112,1721542400.0,64.0,0.0,0.0,0.0,0.0,0.0,62.0,0.0,0.0,1.0,0.0,0.0,0.0,0.0,931391.4917946004,1.0,0.0,0.0,0.0,0.0,0.0,0.0,0.0,0.0,0.0,0.0,0.0,1514.0,1.0,0.0,0.0,0.0,0.0,0.0,0.0,0.0,0.0,VIDEO
0.0,0.023218,1.0,54.444443,0.723867,0.265241,-0.0,15649.283203,803153.0625,75656.0,1.0,74186.0,49.0,0.0,0.288459,642048.0,1721542400.0,64.0,0.0,0.0,0.0,0.0,0.0,62.0,0.0,35.918201,1.0,27.0,1.0,0.0,103.610191,31872.0,76.0,0.0,0.0,1.298701,0.0,0.723867,0.0,0.0,818802.375,0.723867,1470.0,0.0,1514.0,0.0,0.0,0.723867,0.723867,1.0,0.0,0.0,66.310524,0.0,VIDEO
0.0,0.003994,0.0,64.0,0.115597,0.0,-0.0,4429.180664,0.0,202.0,0.0,74.0,1.0,0.0,0.003994,8222720.0,1721542400.0,64.0,0.0,0.0,0.0,0.0,0.0,62.0,0.0,8.650743,0.0,2.0,0.0,0.0,17.301487,4077568.0,3.0,0.0,0.0,0.0,0.0,0.115597,0.0,0.0,4429.180664,0.115597,128.0,0.0,74.0,0.0,0.0,0.115597,0.115597,0.0,0.0,0.0,0.0,0.0,VIDEO
0.0,0.000995,4.0,72.375,0.773361,0.053483,-0.0,59149.605469,3168414.0,313567.0,1.0,307777.0,207.0,0.0,0.054478,389504.0,1721542400.0,64.0,0.0,0.0,0.0,0.0,0.0,62.0,0.0,102.151512,0.0,80.0,4.0,0.0,369.814331,31872.0,287.0,0.0,0.0,1.37457,0.0,0.773361,0.0,0.0,3227563.75,0.773361,5790.0,0.0,1486.845459,0.0,0.0,0.773361,0.773361,1.0,0.0,0.0,266.369781,0.0,VIDEO
0.0,0.005649,0.0,66.0,0.0,0.166315,-0.0,0.0,0.0,132.0,0.0,66.0,1.0,0.0,0.171964,64256.0,1721542400.0,64.0,0.0,0.0,0.0,0.0,0.0,62.0,0.0,0.0,1.0,1.0,0.0,0.0,0.0,4077568.0,2.0,0.0,0.0,0.0,0.0,0.0,0.0,0.0,0.0,0.0,66.0,0.0,66.0,0.0,0.0,0.0,0.0,0.0,0.0,0.0,0.0,0.0,VIDEO
0.0,0.015318,0.0,71.970589,0.976865,0.057399,-0.0,39497.78125,2869104.75,356732.0,0.0,351838.0,235.0,0.0,0.072717,351232.0,1721542400.0,64.0,0.0,0.0,0.0,0.0,0.0,62.0,0.0,68.586754,0.0,68.0,0.0,0.0,309.152252,31872.0,303.0,0.0,0.0,0.0,0.0,0.976865,0.0,0.0,2908602.5,0.976865,4894.0,0.0,1497.182983,0.0,0.0,0.976865,0.976865,0.0,0.0,1.0,239.541794,0.0,VIDEO
0.0,0.015318,30.0,71.199997,0.990157,0.057399,-0.0,51199.960938,4281341.0,537822.0,1.0,531414.0,351.0,0.0,0.072717,706176.0,1721542400.0,64.0,0.0,0.0,0.0,0.0,0.0,62.0,0.0,89.884735,1.0,90.0,30.0,1.0,444.373962,31872.0,441.0,0.0,0.0,6.369427,0.0,0.990157,0.0,0.0,4332541.0,0.990157,6408.0,0.0,1514.0,0.0,0.0,0.990157,0.990157,1.0,0.0,0.0,353.479279,0.0,VIDEO
0.0,0.015318,0.0,66.0,0.495164,0.057399,-0.0,29856.773438,4249436.5,266437.0,1.0,264523.0,176.0,0.0,0.072717,706176.0,1721542400.0,64.0,0.0,0.0,0.0,0.0,0.0,62.0,0.0,56.546921,1.0,29.0,0.0,0.0,411.984711,31872.0,205.0,0.0,0.0,0.0,0.0,0.495164,0.0,0.0,4279293.5,0.495164,1914.0,0.0,1502.971558,0.0,0.0,0.495164,0.495164,0.0,0.0,0.0,353.418243,0.0,VIDEO
0.0,0.019548,21.0,71.246033,0.971328,0.040689,-0.0,73351.125,3895508.0,483455.0,1.0,474478.0,316.0,0.0,0.060237,672384.0,1721542400.0,64.0,0.0,0.0,0.0,0.0,0.0,62.0,0.0,128.689789,0.0,126.0,21.0,0.0,454.017578,31872.0,442.0,0.0,0.0,4.535637,0.0,0.971328,0.0,0.0,3968859.0,0.971328,8977.0,0.0,1501.512695,0.0,0.0,0.971328,0.971328,1.0,0.0,1.0,324.298279,0.0,VIDEO
0.0,0.019548,1.0,68.769234,0.94928,0.040689,-0.0,44631.71875,2819770.75,341472.0,1.0,336108.0,222.0,0.0,0.060237,1007616.0,1721542400.0,64.0,0.0,0.0,0.0,0.0,0.0,62.0,0.0,81.114105,1.0,78.0,1.0,1.0,314.975555,31872.0,300.0,0.0,0.0,0.332226,0.0,0.94928,0.0,0.0,2864402.5,0.94928,5364.0,0.0,1514.0,0.0,0.0,0.94928,0.94928,1.0,0.0,0.0,232.808014,0.0,VIDEO
0.0,0.019548,1.0,67.199997,0.85682,0.040689,-0.0,5648.794434,1229831.25,133904.0,1.0,133232.0,88.0,0.0,0.060237,1006592.0,1721542400.0,64.0,0.0,0.0,0.0,0.0,0.0,62.0,0.0,10.503957,1.0,10.0,1.0,1.0,113.209312,31872.0,98.0,0.0,0.0,1.010101,0.0,0.85682,0.0,0.0,1235480.0,0.85682,672.0,0.0,1514.0,0.0,0.0,0.85682,0.85682,1.0,0.0,0.0,101.538246,0.0,VIDEO
0.0,0.019548,0.0,66.0,0.775482,0.040689,-0.0,2723.467529,2374038.25,231972.0,1.0,231642.0,153.0,0.0,0.060237,1007616.0,1721542400.0,64.0,0.0,0.0,0.0,0.0,0.0,62.0,0.0,5.158082,1.0,5.0,0.0,1.0,202.454727,31872.0,158.0,0.0,0.0,0.0,0.0,0.775482,0.0,0.0,2376761.75,0.775482,330.0,0.0,1514.0,0.0,0.0,0.775482,0.775482,0.0,0.0,0.0,196.007126,0.0,VIDEO
0.0,0.019548,0.0,66.0,0.601136,0.040689,-0.0,0.0,362673.3125,28832.0,1.0,28766.0,19.0,0.0,0.060237,1007616.0,1721542400.0,64.0,0.0,0.0,0.0,0.0,0.0,62.0,0.0,0.0,1.0,1.0,0.0,1.0,31.606823,31872.0,20.0,0.0,0.0,0.0,0.0,0.601136,0.0,0.0,362673.3125,0.601136,66.0,0.0,1514.0,0.0,0.0,0.601136,0.601136,0.0,0.0,0.0,29.943306,0.0,VIDEO
0.0,0.019548,1.0,66.85714,0.929811,0.040689,-0.0,7485.39209,1901840.25,223494.0,1.0,222558.0,147.0,0.0,0.060237,993152.0,1721542400.0,64.0,0.0,0.0,0.0,0.0,0.0,62.0,0.0,13.981336,1.0,14.0,1.0,1.0,172.077988,31872.0,161.0,0.0,0.0,0.617284,0.0,0.929811,0.0,0.0,1909325.625,0.929811,936.0,0.0,1514.0,0.0,0.0,0.929811,0.929811,1.0,0.0,0.0,157.021164,0.0,VIDEO
0.0,0.019548,0.0,66.0,0.902363,0.040689,-0.0,5851.303711,3073760.75,348946.0,1.0,348220.0,230.0,0.0,0.060237,1007616.0,1721542400.0,64.0,0.0,0.0,0.0,0.0,0.0,62.0,0.0,11.082015,1.0,11.0,0.0,1.0,265.968353,31872.0,241.0,0.0,0.0,0.0,0.0,0.902363,0.0,0.0,3079612.0,0.902363,726.0,0.0,1514.0,0.0,0.0,0.902363,0.902363,0.0,0.0,0.0,253.778137,0.0,VIDEO
0.0,0.019548,7.0,70.235291,0.314886,0.040689,-0.0,28556.365234,3115641.75,125342.0,1.0,124148.0,82.0,0.0,0.060237,988288.0,1721542400.0,64.0,0.0,0.0,0.0,0.0,0.0,62.0,0.0,50.812038,1.0,17.0,7.0,1.0,311.223755,31872.0,99.0,0.0,0.0,6.603774,0.0,0.314886,0.0,0.0,3144198.25,0.314886,1194.0,0.0,1514.0,0.0,0.0,0.314886,0.314886,1.0,0.0,0.0,257.235962,0.0,VIDEO
0.0,0.019548,29.0,74.666664,0.733774,0.040689,-0.0,38267.914062,3037185.75,283674.0,1.0,280090.0,185.0,0.0,0.060237,1007616.0,1721542400.0,64.0,0.0,0.0,0.0,0.0,0.0,62.0,0.0,64.052422,1.0,48.0,29.0,1.0,316.173645,31872.0,233.0,0.0,0.0,11.068702,0.0,0.733774,0.0,0.0,3075453.75,0.733774,3584.0,0.0,1514.0,0.0,0.0,0.733774,0.733774,1.0,0.0,0.0,250.758408,0.0,VIDEO
0.0,0.019548,0.0,66.0,0.396409,0.040689,-0.0,15983.491211,2117187.0,107244.0,1.0,106386.0,72.0,0.0,0.060237,1007616.0,1721542400.0,64.0,0.0,0.0,0.0,0.0,0.0,62.0,0.0,30.271765,1.0,13.0,0.0,0.0,211.902344,31872.0,85.0,0.0,0.0,0.0,0.0,0.396409,0.0,0.0,2133170.5,0.396409,858.0,0.0,1477.583374,0.0,0.0,0.396409,0.396409,0.0,0.0,0.0,179.107941,0.0,VIDEO
0.0,0.018638,0.0,74.0,0.018638,0.0,-0.0,0.0,0.0,148.0,0.0,74.0,1.0,0.0,0.018638,8222720.0,1721542400.0,64.0,0.0,0.0,0.0,0.0,1.0,62.0,0.0,0.0,0.0,1.0,0.0,0.0,53.653828,4077568.0,2.0,0.0,0.0,0.0,0.0,0.018638,0.0,0.0,0.0,0.018638,74.0,0.0,74.0,0.0,0.0,0.018638,0.018638,0.0,0.0,0.0,0.0,0.0,VIDEO
0.0,0.018638,1.0,66.0,0.0,0.188586,-0.0,0.0,0.0,140.0,0.0,74.0,1.0,0.0,0.207224,64256.0,1721542400.0,64.0,0.0,0.0,0.0,0.0,0.0,62.0,0.0,0.0,1.0,1.0,1.0,0.0,0.0,4077568.0,2.0,0.0,0.0,33.333333,0.0,0.0,0.0,0.0,0.0,0.0,66.0,0.0,74.0,0.0,0.0,0.0,0.0,1.0,0.0,0.0,0.0,0.0,VIDEO
0.0,0.018638,0.0,84.952377,0.822424,0.188586,-0.0,16536.482422,1595790.0,167327.0,0.0,165543.0,111.0,0.0,0.207224,126336.0,1721542400.0,64.0,0.0,0.0,0.0,0.0,0.0,62.0,0.0,24.318357,1.0,21.0,0.0,0.0,159.285233,31872.0,132.0,1.0,0.0,0.0,0.0,0.822424,0.0,0.0,1612326.5,0.822424,1784.0,0.0,1491.378418,0.0,0.0,0.822424,0.822424,0.0,0.0,0.0,133.750961,0.0,VIDEO
0.0,0.018638,15.0,78.0,0.316494,0.188586,-0.0,21687.615234,1683848.75,69066.0,1.0,68130.0,45.0,0.0,0.207224,264320.0,1721542400.0,64.0,0.0,0.0,0.0,0.0,0.0,62.0,0.0,34.755795,1.0,12.0,15.0,1.0,176.938583,31872.0,57.0,0.0,0.0,20.833333,0.0,0.316494,0.0,0.0,1705536.375,0.316494,936.0,0.0,1514.0,0.0,0.0,0.316494,0.316494,1.0,0.0,0.0,139.023178,0.0,VIDEO
0.0,0.018638,0.0,0.0,0.0,0.188586,-0.0,0.0,0.0,1514.0,1.0,1514.0,1.0,0.0,0.207224,905590.6520605112,1721542400.0,64.0,0.0,0.0,0.0,0.0,0.0,62.0,0.0,0.0,1.0,0.0,1.0,0.0,0.0,931391.4917946004,1.0,0.0,0.0,0.0,0.0,0.0,0.0,0.0,0.0,0.0,0.0,0.0,1514.0,1.0,0.0,0.0,0.0,1.0,0.0,0.0,0.0,0.0,VIDEO
0.0,0.018638,27.0,77.307693,0.706314,0.188586,-0.0,44660.023438,5710344.0,509696.0,1.0,505676.0,334.0,0.0,0.207224,565760.0,1721542400.0,64.0,0.0,0.0,0.0,0.0,0.0,62.0,0.0,72.205841,1.0,52.0,27.0,1.0,545.083313,31872.0,386.0,0.0,0.0,6.53753,0.0,0.706314,0.0,0.0,5755004.0,0.706314,4020.0,0.0,1514.0,0.0,0.0,0.706314,0.706314,1.0,0.0,0.0,471.46167,0.0,VIDEO
0.0,0.018638,26.0,72.5,0.989793,0.188586,-0.0,36920.851562,3431028.5,430651.0,1.0,426011.0,282.0,0.0,0.207224,1177984.0,1721542400.0,64.0,0.0,0.0,0.0,0.0,0.0,62.0,0.0,63.649673,1.0,64.0,26.0,0.0,348.557739,31872.0,346.0,0.0,0.0,6.989247,0.0,0.989793,0.0,0.0,3467949.25,0.989793,4640.0,0.0,1510.677246,0.0,0.0,0.989793,0.989793,1.0,0.0,0.0,283.897736,0.0,VIDEO
0.0,0.018638,0.0,70.0,0.240983,0.188586,-0.0,25561.96875,0.0,906.0,1.0,66.0,1.0,0.0,0.207224,1325696.0,1721542400.0,64.0,0.0,0.0,0.0,0.0,0.0,62.0,0.0,45.646374,1.0,12.0,0.0,0.0,49.796043,31872.0,13.0,0.0,0.0,0.0,0.0,0.240983,0.0,0.0,25561.96875,0.240983,840.0,0.0,66.0,0.0,0.0,0.240983,0.240983,0.0,0.0,0.0,0.0,0.0,VIDEO
0.0,0.001492,0.0,168.25,0.999727,0.222225,-0.0,4041.103271,128146.984375,17918.0,0.0,17245.0,14.0,0.0,0.223717,64128.0,1721542400.0,64.0,0.0,0.0,0.0,0.0,0.0,62.0,0.0,3.000819,0.0,4.0,0.0,0.0,17.004642,31872.0,18.0,0.0,0.0,0.0,0.0,0.999727,0.0,0.0,132188.078125,0.999727,673.0,0.0,1231.785767,0.0,0.0,0.999727,0.999727,0.0,0.0,1.0,13.00355,0.0,VIDEO
0.0,0.001492,0.0,58.645161,0.627069,0.222225,-0.0,22453.669922,1081654.5,88116.0,0.0,86298.0,57.0,0.0,0.223717,64128.0,1721542400.0,64.0,0.0,0.0,0.0,0.0,0.0,62.0,0.0,47.841625,1.0,31.0,0.0,0.0,138.740707,31872.0,88.0,0.0,0.0,0.0,0.0,0.627069,0.0,0.0,1104108.125,0.627069,1818.0,0.0,1514.0,0.0,0.0,0.627069,0.627069,0.0,0.0,0.0,89.304367,0.0,VIDEO
0.0,0.002537,0.0,85.5,0.982445,0.183379,-0.0,13232.292969,1040628.25,130973.0,0.0,129263.0,88.0,0.0,0.185916,110464.0,1721542400.0,64.0,0.0,0.0,0.0,0.0,0.0,62.0,0.0,19.339504,0.0,20.0,0.0,0.0,108.911949,31872.0,108.0,0.0,0.0,0.0,0.0,0.982445,0.0,0.0,1053860.5,0.982445,1710.0,0.0,1468.897705,0.0,0.0,0.982445,0.982445,0.0,0.0,1.0,88.554573,0.0,VIDEO
0.0,0.002537,0.0,66.0,0.459339,0.183379,-0.0,5747.38916,1371152.875,80638.0,0.0,80242.0,53.0,0.0,0.185916,191616.0,1721542400.0,64.0,0.0,0.0,0.0,0.0,0.0,62.0,0.0,10.885207,1.0,6.0,0.0,1.0,126.268402,31872.0,59.0,0.0,0.0,0.0,0.0,0.459339,5791.0,0.0,1376900.25,0.459339,396.0,0.0,1514.0,0.0,0.0,0.459339,0.459339,0.0,1.0,0.0,113.206154,0.0,VIDEO
0.0,0.002537,24.0,94.0,0.14465,0.183379,-0.0,0.0,4437857.0,81850.0,1.0,81756.0,54.0,0.0,0.185916,347904.0,1721542400.0,64.0,0.0,0.0,0.0,0.0,0.0,62.0,0.0,0.0,1.0,1.0,24.0,1.0,373.314911,31872.0,55.0,0.0,0.0,30.379747,0.0,0.14465,0.0,0.0,4437857.0,0.14465,94.0,0.0,1514.0,0.0,0.0,0.14465,0.14465,1.0,0.0,0.0,366.401672,0.0,VIDEO
0.0,0.002537,0.0,0.0,0.0,0.183379,-0.0,0.0,0.0,1514.0,1.0,1514.0,1.0,0.0,0.185916,905590.6520605112,1721542400.0,64.0,0.0,0.0,0.0,0.0,0.0,62.0,0.0,0.0,1.0,0.0,1.0,0.0,0.0,931391.4917946004,1.0,0.0,0.0,0.0,0.0,0.0,0.0,0.0,0.0,0.0,0.0,0.0,1514.0,1.0,0.0,0.0,0.0,1.0,0.0,0.0,0.0,0.0,VIDEO
0.0,0.016434,0.0,70.0,0.195115,0.178681,-0.0,2870.102295,0.0,214.0,0.0,74.0,1.0,0.0,0.195115,64256.0,1721542400.0,64.0,0.0,0.0,0.0,0.0,0.0,62.0,0.0,5.125183,0.0,2.0,0.0,0.0,10.250365,4077568.0,3.0,0.0,0.0,0.0,0.0,0.195115,0.0,0.0,2870.102295,0.195115,140.0,0.0,74.0,0.0,0.0,0.195115,0.195115,0.0,0.0,0.0,0.0,0.0,VIDEO
0.0,0.002537,1.0,66.46154,0.137755,0.183379,-0.0,96519.179688,4086094.75,73553.0,1.0,71825.0,49.0,0.0,0.185916,589952.0,1721542400.0,64.0,0.0,0.0,0.0,0.0,0.0,62.0,0.0,181.481613,1.0,26.0,1.0,0.0,537.185547,31872.0,75.0,0.0,0.0,1.315789,0.0,0.137755,0.0,0.0,4182613.75,0.137755,1728.0,0.0,1465.816284,0.0,0.0,0.137755,0.137755,1.0,0.0,0.0,348.444672,0.0,VIDEO
0.0,0.016434,0.0,66.0,0.045891,0.178681,-0.0,11505.523438,0.0,198.0,0.0,66.0,1.0,1.0,0.195115,64256.0,1721542400.0,64.0,0.0,0.0,0.0,0.0,0.0,62.0,0.0,21.790764,1.0,2.0,0.0,0.0,43.581528,4077568.0,3.0,0.0,0.0,0.0,0.0,0.045891,0.0,0.0,11505.523438,0.045891,132.0,0.0,66.0,0.0,0.0,0.045891,0.045891,0.0,0.0,0.0,0.0,0.0,VIDEO
0.0,0.002983,0.0,70.0,0.317391,0.314408,-0.0,1764.385254,0.0,214.0,0.0,74.0,1.0,0.0,0.317391,64256.0,1721542400.0,64.0,0.0,0.0,0.0,0.0,0.0,62.0,0.0,3.150688,0.0,2.0,0.0,0.0,6.301376,4077568.0,3.0,0.0,0.0,0.0,0.0,0.317391,0.0,0.0,1764.385254,0.317391,140.0,0.0,74.0,0.0,0.0,0.317391,0.317391,0.0,0.0,0.0,0.0,0.0,VIDEO
0.0,0.002983,0.0,448.0,0.69827,0.314408,-0.0,0.0,164245.921875,16087.0,0.0,15639.0,12.0,0.0,0.317391,64256.0,1721542400.0,64.0,0.0,0.0,0.0,0.0,0.0,62.0,0.0,0.0,1.0,1.0,0.0,0.0,17.185329,31872.0,13.0,1.0,0.0,0.0,0.0,0.69827,0.0,0.0,164245.921875,0.69827,448.0,0.0,1303.25,0.0,0.0,0.69827,0.69827,0.0,0.0,0.0,15.753218,0.0,VIDEO
0.0,0.002492,0.0,70.0,0.170128,0.167636,-0.0,3291.63916,0.0,214.0,0.0,74.0,1.0,0.0,0.170128,64256.0,1721542400.0,64.0,0.0,0.0,0.0,0.0,0.0,62.0,0.0,5.877927,0.0,2.0,0.0,0.0,11.755855,4077568.0,3.0,0.0,0.0,0.0,0.0,0.170128,0.0,0.0,3291.63916,0.170128,140.0,0.0,74.0,0.0,0.0,0.170128,0.170128,0.0,0.0,0.0,0.0,0.0,VIDEO
0.0,0.002492,0.0,66.0,0.202311,0.167636,-0.0,2609.843262,0.0,198.0,0.0,66.0,1.0,1.0,0.170128,64256.0,1721542400.0,64.0,0.0,0.0,0.0,0.0,0.0,62.0,0.0,4.942885,1.0,2.0,0.0,0.0,9.88577,4077568.0,3.0,0.0,0.0,0.0,0.0,0.202311,0.0,0.0,2609.843262,0.202311,132.0,0.0,66.0,0.0,0.0,0.202311,0.202311,0.0,0.0,0.0,0.0,0.0,VIDEO
0.0,0.002983,0.0,0.0,0.0,0.314408,-0.0,0.0,0.0,433.0,0.0,433.0,1.0,0.0,0.317391,905590.6520605112,1721542400.0,64.0,0.0,0.0,0.0,0.0,0.0,62.0,0.0,0.0,1.0,0.0,1.0,0.0,0.0,931391.4917946004,1.0,0.0,0.0,0.0,0.0,0.0,0.0,1.0,0.0,0.0,0.0,0.0,433.0,0.0,0.0,0.0,0.0,1.0,0.0,0.0,0.0,0.0,VIDEO
0.0,0.002983,0.0,66.0,0.036819,0.314408,-0.0,0.0,0.0,132.0,0.0,66.0,1.0,0.0,0.317391,64128.0,1721542400.0,64.0,0.0,0.0,0.0,0.0,0.0,62.0,0.0,0.0,1.0,1.0,0.0,0.0,27.159891,31872.0,2.0,0.0,0.0,0.0,0.0,0.036819,0.0,0.0,0.0,0.036819,66.0,1.0,66.0,0.0,0.0,0.036819,0.036819,0.0,0.0,0.0,0.0,0.0,VIDEO
0.0,0.002983,0.0,66.0,0.001,0.314408,-0.0,0.0,0.0,132.0,0.0,66.0,1.0,0.0,0.317391,64128.0,1721542400.0,64.0,0.0,0.0,0.0,0.0,0.0,62.0,0.0,0.0,1.0,1.0,0.0,0.0,999.999939,31872.0,2.0,0.0,0.0,0.0,0.0,0.001,0.0,0.0,0.0,0.001,66.0,1.0,66.0,0.0,0.0,0.001,0.001,0.0,0.0,0.0,0.0,0.0,VIDEO
0.0,0.002983,0.0,66.571426,0.793739,0.314408,-0.0,13425.067383,2110245.25,212277.0,1.0,210879.0,140.0,0.0,0.317391,188672.0,1721542400.0,64.0,0.0,0.0,0.0,0.0,0.0,62.0,0.0,25.197199,1.0,21.0,0.0,1.0,201.577591,31872.0,161.0,0.0,0.0,0.0,0.0,0.793739,0.0,0.0,2123670.25,0.793739,1398.0,0.0,1506.278564,0.0,0.0,0.793739,0.793739,0.0,0.0,0.0,175.120529,0.0,VIDEO
0.0,0.002983,0.0,66.0,0.495505,0.314408,-0.0,52213.398438,1437160.0,93798.0,1.0,90498.0,61.0,0.0,0.317391,593280.0,1721542400.0,64.0,0.0,0.0,0.0,0.0,0.0,62.0,0.0,98.889008,1.0,50.0,0.0,0.0,221.995743,31872.0,111.0,0.0,0.0,0.0,0.0,0.495505,0.0,0.0,1489373.5,0.495505,3300.0,0.0,1483.57373,0.0,0.0,0.495505,0.495505,0.0,0.0,0.0,121.088585,0.0,VIDEO
0.0,0.000505,0.0,78.580643,0.948954,0.153235,-0.0,19878.730469,1677737.875,202922.0,0.0,200486.0,136.0,0.0,0.15374,156288.0,1721542400.0,64.0,0.0,0.0,0.0,0.0,0.0,62.0,0.0,31.613756,0.0,31.0,0.0,0.0,174.929459,31872.0,167.0,0.0,0.0,0.0,0.0,0.948954,0.0,0.0,1697616.5,0.948954,2436.0,0.0,1474.161743,0.0,0.0,0.948954,0.948954,0.0,0.0,1.0,142.261902,0.0,VIDEO
0.0,0.000505,0.0,0.0,0.629086,0.153235,-0.0,0.0,19253.328125,3028.0,0.0,3028.0,2.0,0.0,0.15374,905590.6520605112,1721542400.0,64.0,0.0,0.0,0.0,0.0,0.0,62.0,0.0,0.0,1.0,0.0,1.0,0.0,1.589608,931391.4917946004,2.0,0.0,0.0,0.0,0.0,0.629086,0.0,0.0,19253.328125,0.629086,0.0,0.0,1514.0,1.0,0.0,0.629086,0.629086,1.0,0.0,0.0,1.589608,0.0,VIDEO
0.0,0.000505,0.0,0.0,0.0,0.153235,-0.0,0.0,0.0,1514.0,0.0,1514.0,1.0,0.0,0.15374,905590.6520605112,1721542400.0,64.0,0.0,0.0,0.0,0.0,0.0,62.0,0.0,0.0,1.0,0.0,1.0,0.0,0.0,931391.4917946004,1.0,0.0,0.0,0.0,0.0,0.0,0.0,0.0,0.0,0.0,0.0,0.0,1514.0,1.0,0.0,0.0,0.0,1.0,0.0,0.0,0.0,0.0,VIDEO
0.0,0.000505,0.0,0.0,0.0,0.153235,-0.0,0.0,0.0,1514.0,0.0,1514.0,1.0,0.0,0.15374,905590.6520605112,1721542400.0,64.0,0.0,0.0,0.0,0.0,0.0,62.0,0.0,0.0,1.0,0.0,1.0,0.0,0.0,931391.4917946004,1.0,0.0,0.0,0.0,0.0,0.0,0.0,0.0,0.0,0.0,0.0,0.0,1514.0,1.0,0.0,0.0,0.0,1.0,0.0,0.0,0.0,0.0,VIDEO
0.0,0.000505,10.0,72.095238,0.460652,0.153235,-0.0,25042.765625,3081614.75,180461.0,1.0,178947.0,119.0,0.0,0.15374,500736.0,1721542400.0,64.0,0.0,0.0,0.0,0.0,0.0,62.0,0.0,43.416721,1.0,21.0,10.0,0.0,301.746216,31872.0,140.0,0.0,0.0,6.666667,0.0,0.460652,0.0,0.0,3106657.5,0.460652,1514.0,0.0,1503.756348,0.0,0.0,0.460652,0.460652,1.0,0.0,0.0,256.158661,0.0,VIDEO
0.0,0.000505,2.0,66.0,0.748039,0.153235,-0.0,1411.69104,0.0,493.0,1.0,295.0,1.0,0.0,0.15374,518016.0,1721542400.0,64.0,0.0,0.0,0.0,0.0,0.0,62.0,0.0,2.673657,1.0,3.0,2.0,0.0,4.010486,31872.0,4.0,0.0,0.0,33.333333,0.0,0.748039,0.0,0.0,1411.69104,0.748039,198.0,0.0,295.0,0.0,0.0,0.748039,0.748039,1.0,0.0,0.0,0.0,0.0,VIDEO
0.0,0.000505,0.0,0.0,0.0,0.153235,-0.0,0.0,0.0,1514.0,1.0,1514.0,1.0,0.0,0.15374,905590.6520605112,1721542400.0,64.0,0.0,0.0,0.0,0.0,0.0,62.0,0.0,0.0,1.0,0.0,1.0,0.0,0.0,931391.4917946004,1.0,0.0,0.0,0.0,0.0,0.0,0.0,0.0,0.0,0.0,0.0,0.0,1514.0,1.0,0.0,0.0,0.0,1.0,0.0,0.0,0.0,0.0,VIDEO
0.0,0.000505,0.0,78.0,0.000993,0.153235,-0.0,0.0,0.0,144.0,1.0,66.0,1.0,0.0,0.15374,561536.0,1721542400.0,64.0,0.0,0.0,0.0,0.0,0.0,62.0,0.0,0.0,1.0,1.0,0.0,0.0,1007.049377,31872.0,2.0,0.0,0.0,0.0,0.0,0.000993,0.0,0.0,0.0,0.000993,78.0,1.0,66.0,0.0,0.0,0.000993,0.000993,0.0,0.0,0.0,0.0,0.0,VIDEO
0.0,0.000505,0.0,78.0,0.024651,0.153235,-0.0,0.0,0.0,144.0,1.0,66.0,1.0,0.0,0.15374,561536.0,1721542400.0,64.0,0.0,0.0,0.0,0.0,0.0,62.0,0.0,0.0,1.0,1.0,0.0,0.0,40.566307,31872.0,2.0,0.0,0.0,0.0,0.0,0.024651,0.0,0.0,0.0,0.024651,78.0,1.0,66.0,0.0,0.0,0.024651,0.024651,0.0,0.0,0.0,0.0,0.0,VIDEO
0.0,0.000505,3.0,82.0,0.46789,0.153235,-0.0,1402.03894,77659.28125,6220.0,1.0,6056.0,4.0,0.0,0.15374,564352.0,1721542400.0,64.0,0.0,0.0,0.0,0.0,0.0,62.0,0.0,2.137254,1.0,2.0,3.0,1.0,10.686273,31872.0,6.0,0.0,0.0,33.333333,0.0,0.46789,0.0,0.0,79061.320312,0.46789,164.0,0.0,1514.0,0.0,0.0,0.46789,0.46789,1.0,0.0,0.0,6.411764,0.0,VIDEO
0.0,0.000505,0.0,78.0,0.008963,0.153235,-0.0,0.0,0.0,144.0,1.0,66.0,1.0,0.0,0.15374,570240.0,1721542400.0,64.0,0.0,0.0,0.0,0.0,0.0,62.0,0.0,0.0,1.0,1.0,0.0,0.0,111.569786,31872.0,2.0,0.0,0.0,0.0,0.0,0.008963,0.0,0.0,0.0,0.008963,78.0,1.0,66.0,0.0,0.0,0.008963,0.008963,0.0,0.0,0.0,0.0,0.0,VIDEO
0.0,0.000505,0.0,54.0,0.0,0.153235,-0.0,0.0,0.0,1568.0,1.0,1514.0,1.0,0.0,0.15374,570240.0,1721542400.0,64.0,0.0,0.0,0.0,0.0,0.0,62.0,0.0,0.0,1.0,1.0,0.0,0.0,0.0,31872.0,2.0,0.0,0.0,0.0,0.0,0.0,0.0,0.0,0.0,0.0,54.0,0.0,1514.0,0.0,0.0,0.0,0.0,0.0,0.0,0.0,0.0,0.0,VIDEO
0.0,0.001498,0.0,196.0,0.589914,0.180582,-0.0,5316.028809,196706.625,16301.0,0.0,15713.0,13.0,0.0,0.18208,64256.0,1721542400.0,64.0,0.0,0.0,0.0,0.0,0.0,62.0,0.0,3.390325,0.0,3.0,0.0,0.0,25.427435,31872.0,16.0,0.0,0.0,0.0,0.0,0.589914,0.0,0.0,202022.65625,0.589914,588.0,0.0,1208.692261,0.0,0.0,0.589914,0.589914,0.0,0.0,1.0,20.341948,0.0,VIDEO
0.0,0.001498,1.0,66.599998,0.672174,0.180582,-0.0,15067.527344,1736086.25,148689.0,1.0,147357.0,99.0,0.0,0.18208,127872.0,1721542400.0,64.0,0.0,0.0,0.0,0.0,0.0,62.0,0.0,28.266491,1.0,20.0,1.0,1.0,175.549789,31872.0,119.0,0.0,0.0,0.833333,0.0,0.672174,0.0,0.0,1751153.75,0.672174,1332.0,0.0,1488.45459,0.0,0.0,0.672174,0.672174,1.0,0.0,0.0,145.795593,0.0,VIDEO
0.0,0.001498,8.0,69.199997,0.990036,0.180582,-0.0,32992.738281,1494337.625,190574.0,1.0,186422.0,125.0,0.0,0.18208,614144.0,1721542400.0,64.0,0.0,0.0,0.0,0.0,0.0,62.0,0.0,59.593792,1.0,60.0,8.0,0.0,185.851822,31872.0,185.0,0.0,0.0,4.145078,0.0,0.990036,0.0,0.0,1527330.25,0.990036,4152.0,0.0,1491.375977,0.0,0.0,0.990036,0.990036,1.0,0.0,0.0,125.247971,0.0,VIDEO
0.0,0.005471,0.0,106.900002,0.801933,0.181685,-0.0,9606.788086,1033492.8125,106127.0,0.0,105058.0,72.0,0.0,0.187156,55808.0,1721542400.0,64.0,0.0,0.0,0.0,0.0,0.0,62.0,0.0,11.222883,0.0,10.0,0.0,0.0,101.005943,31872.0,82.0,0.0,0.0,0.0,0.0,0.801933,0.0,0.0,1043099.625,0.801933,1069.0,0.0,1459.138916,0.0,0.0,0.801933,0.801933,0.0,0.0,0.0,88.536079,0.0,VIDEO
0.0,0.018238,0.0,74.0,0.018238,0.0,-0.0,0.0,0.0,148.0,0.0,74.0,1.0,0.0,0.018238,8222720.0,1721542400.0,64.0,0.0,0.0,0.0,0.0,1.0,62.0,0.0,0.0,0.0,1.0,0.0,0.0,54.83057,4077568.0,2.0,0.0,0.0,0.0,0.0,0.018238,0.0,0.0,0.0,0.018238,74.0,0.0,74.0,0.0,0.0,0.018238,0.018238,0.0,0.0,0.0,0.0,0.0,VIDEO
0.0,0.018238,0.0,0.0,0.0,0.0,-0.0,0.0,0.0,74.0,0.0,74.0,1.0,0.0,0.018238,905590.6520605112,1721542400.0,64.0,1.0,0.0,0.0,0.0,0.0,62.0,0.0,0.0,1.0,0.0,1.0,0.0,0.0,931391.4917946004,1.0,0.0,0.0,0.0,0.0,0.0,0.0,0.0,0.0,0.0,0.0,0.0,74.0,0.0,0.0,0.0,0.0,1.0,0.0,0.0,0.0,0.0,VIDEO
0.0,0.005471,0.0,0.0,0.0,0.181685,-0.0,0.0,0.0,1514.0,0.0,1514.0,1.0,0.0,0.187156,905590.6520605112,1721542400.0,64.0,0.0,0.0,0.0,0.0,0.0,62.0,0.0,0.0,1.0,0.0,1.0,0.0,0.0,931391.4917946004,1.0,0.0,0.0,0.0,0.0,0.0,0.0,0.0,0.0,0.0,0.0,0.0,1514.0,1.0,0.0,0.0,0.0,1.0,0.0,0.0,0.0,0.0,VIDEO
0.0,0.005471,1.0,54.0,0.0,0.181685,-0.0,0.0,0.0,1568.0,0.0,1514.0,1.0,0.0,0.187156,55808.0,1721542400.0,64.0,0.0,0.0,0.0,0.0,0.0,62.0,0.0,0.0,1.0,1.0,1.0,0.0,0.0,31872.0,2.0,0.0,0.0,33.333333,0.0,0.0,0.0,0.0,0.0,0.0,54.0,0.0,1514.0,0.0,0.0,0.0,0.0,1.0,0.0,0.0,0.0,0.0,VIDEO
0.0,0.018238,1.0,66.0,0.0,0.166052,-0.0,0.0,0.0,140.0,0.0,74.0,1.0,0.0,0.18429,64256.0,1721542400.0,64.0,0.0,0.0,0.0,0.0,0.0,62.0,0.0,0.0,1.0,1.0,1.0,0.0,0.0,4077568.0,2.0,0.0,0.0,33.333333,0.0,0.0,0.0,0.0,0.0,0.0,66.0,0.0,74.0,0.0,0.0,0.0,0.0,1.0,0.0,0.0,0.0,0.0,VIDEO
0.0,0.019458,0.0,74.0,0.019458,0.0,-0.0,0.0,0.0,148.0,0.0,74.0,1.0,0.0,0.019458,8222720.0,1721542400.0,64.0,0.0,0.0,0.0,0.0,1.0,62.0,0.0,0.0,0.0,1.0,0.0,0.0,51.392746,4077568.0,2.0,0.0,0.0,0.0,0.0,0.019458,0.0,0.0,0.0,0.019458,74.0,0.0,74.0,0.0,0.0,0.019458,0.019458,0.0,0.0,0.0,0.0,0.0,VIDEO
0.0,0.019458,1.0,464.0,0.029897,0.0,-0.0,0.0,3487440.25,14681.0,0.0,14217.0,12.0,0.0,0.019458,64256.0,1721542400.0,64.0,0.0,0.0,0.0,0.0,0.0,62.0,0.0,0.0,1.0,1.0,1.0,0.0,401.378052,31872.0,13.0,0.0,0.0,7.142857,0.0,0.029897,0.0,0.0,3487440.25,0.029897,464.0,0.0,1184.75,0.0,0.0,0.029897,0.029897,1.0,0.0,0.0,367.929871,0.0,VIDEO
0.0,0.018238,0.0,66.0,0.003974,0.166052,-0.0,0.0,0.0,132.0,0.0,66.0,1.0,1.0,0.18429,64256.0,1721542400.0,64.0,0.0,0.0,0.0,0.0,0.0,62.0,0.0,0.0,1.0,1.0,0.0,0.0,251.635635,4077568.0,2.0,0.0,0.0,0.0,0.0,0.003974,0.0,0.0,0.0,0.003974,66.0,0.0,66.0,0.0,0.0,0.003974,0.003974,0.0,0.0,0.0,0.0,0.0,VIDEO
0.0,0.019458,0.0,66.0,0.490276,0.0,-0.0,9692.5,2989238.75,185368.0,0.0,184708.0,122.0,0.0,0.019458,200320.0,1721542400.0,64.0,0.0,0.0,0.0,0.0,0.0,62.0,0.0,18.357006,1.0,10.0,0.0,1.0,267.196442,31872.0,132.0,0.0,0.0,0.0,0.0,0.490276,31855.0,0.0,2998931.25,0.490276,660.0,0.0,1514.0,0.0,0.0,0.490276,0.490276,0.0,1.0,0.0,246.799759,0.0,VIDEO
0.0,0.019458,38.0,80.596489,0.929648,0.0,-0.0,38844.8125,2696917.5,319506.0,1.0,314912.0,208.0,0.0,0.019458,663424.0,1721542400.0,64.0,0.0,0.0,0.0,0.0,0.0,62.0,0.0,60.237854,1.0,57.0,38.0,1.0,283.978455,31872.0,265.0,0.0,0.0,12.541254,0.0,0.929648,0.0,0.0,2735762.5,0.929648,4594.0,0.0,1514.0,0.0,0.0,0.929648,0.929648,1.0,0.0,0.0,222.664932,0.0,VIDEO
0.0,0.019458,11.0,68.470589,0.946694,0.0,-0.0,19098.039062,1765571.5,212774.0,1.0,210446.0,139.0,0.0,0.019458,1014528.0,1721542400.0,64.0,0.0,0.0,0.0,0.0,0.0,62.0,0.0,34.858147,1.0,34.0,11.0,1.0,181.684891,31872.0,173.0,0.0,0.0,5.978261,0.0,0.946694,0.0,0.0,1784669.625,0.946694,2328.0,0.0,1514.0,0.0,0.0,0.946694,0.946694,1.0,0.0,0.0,145.770432,0.0,VIDEO
0.0,0.019458,18.0,69.5,0.99222,0.0,-0.0,39789.5625,1818838.625,232104.0,1.0,227100.0,150.0,0.0,0.019458,1422848.0,1721542400.0,64.0,0.0,0.0,0.0,0.0,0.0,62.0,0.0,71.556709,1.0,72.0,18.0,1.0,222.732864,31872.0,222.0,0.0,0.0,7.5,0.0,0.99222,0.0,0.0,1858628.125,0.99222,5004.0,0.0,1514.0,0.0,0.0,0.99222,0.99222,1.0,0.0,0.0,150.168304,0.0,VIDEO
0.0,0.019458,10.0,66.800003,0.984236,0.0,-0.0,56474.261719,3691797.5,462728.0,1.0,455714.0,301.0,0.0,0.019458,1874432.0,1721542400.0,64.0,0.0,0.0,0.0,0.0,0.0,62.0,0.0,105.66571,1.0,105.0,10.0,1.0,411.486664,31872.0,406.0,0.0,0.0,2.403846,0.0,0.984236,0.0,0.0,3748271.75,0.984236,7014.0,0.0,1514.0,0.0,0.0,0.984236,0.984236,1.0,0.0,0.0,304.804932,0.0,VIDEO
0.0,0.019458,0.0,66.0,0.895181,0.0,-0.0,14745.621094,3964355.75,446832.0,1.0,445116.0,294.0,0.0,0.019458,1874432.0,1721542400.0,64.0,0.0,0.0,0.0,0.0,0.0,62.0,0.0,27.927313,1.0,26.0,0.0,1.0,356.352509,31872.0,320.0,0.0,0.0,0.0,0.0,0.895181,0.0,0.0,3979101.5,0.895181,1716.0,0.0,1514.0,0.0,0.0,0.895181,0.895181,0.0,0.0,0.0,327.308105,0.0,VIDEO
0.0,0.019458,0.0,66.0,0.852909,0.0,-0.0,19809.849609,3942404.0,423998.0,1.0,421820.0,280.0,0.0,0.019458,1874432.0,1721542400.0,64.0,0.0,0.0,0.0,0.0,0.0,62.0,0.0,37.518654,1.0,33.0,0.0,0.0,365.806885,31872.0,313.0,0.0,0.0,0.0,0.0,0.852909,0.0,0.0,3962214.0,0.852909,2178.0,0.0,1506.5,0.0,0.0,0.852909,0.852909,0.0,0.0,0.0,327.115784,0.0,VIDEO
0.0,0.018238,0.0,66.0,0.062414,0.166052,-0.0,0.0,0.0,132.0,0.0,66.0,1.0,0.0,0.18429,64256.0,1721542400.0,64.0,0.0,0.0,0.0,0.0,0.0,62.0,0.0,0.0,1.0,1.0,0.0,0.0,16.022045,4077568.0,2.0,0.0,0.0,0.0,0.0,0.062414,0.0,0.0,0.0,0.062414,66.0,0.0,66.0,0.0,0.0,0.062414,0.062414,0.0,0.0,0.0,0.0,0.0,VIDEO
0.0,0.002986,0.0,65.739128,0.748136,0.074425,-0.0,47809.488281,1934707.125,186923.0,0.0,182387.0,125.0,0.0,0.077411,156288.0,1721542400.0,64.0,0.0,0.0,0.0,0.0,0.0,62.0,0.0,90.89257,0.0,69.0,0.0,0.0,257.974487,31872.0,194.0,0.0,0.0,0.0,0.0,0.748136,0.0,0.0,1982516.625,0.748136,4536.0,0.0,1459.095947,0.0,0.0,0.748136,0.748136,0.0,0.0,0.0,165.74527,0.0,VIDEO
0.0,0.020383,0.0,74.0,0.020383,0.0,-0.0,0.0,0.0,148.0,0.0,74.0,1.0,0.0,0.020383,8222720.0,1721542400.0,64.0,0.0,0.0,0.0,0.0,1.0,62.0,0.0,0.0,0.0,1.0,0.0,0.0,49.06049,4077568.0,2.0,0.0,0.0,0.0,0.0,0.020383,0.0,0.0,0.0,0.020383,74.0,0.0,74.0,0.0,0.0,0.020383,0.020383,0.0,0.0,0.0,0.0,0.0,VIDEO
0.0,0.020383,0.0,0.0,0.0,0.0,-0.0,0.0,0.0,74.0,0.0,74.0,1.0,0.0,0.020383,905590.6520605112,1721542400.0,64.0,1.0,0.0,0.0,0.0,0.0,62.0,0.0,0.0,1.0,0.0,1.0,0.0,0.0,931391.4917946004,1.0,0.0,0.0,0.0,0.0,0.0,0.0,0.0,0.0,0.0,0.0,0.0,74.0,0.0,0.0,0.0,0.0,1.0,0.0,0.0,0.0,0.0,VIDEO
0.0,0.020383,0.0,0.0,0.0,0.0,-0.0,0.0,0.0,74.0,0.0,74.0,1.0,0.0,0.020383,905590.6520605112,1721542400.0,64.0,1.0,0.0,0.0,0.0,0.0,62.0,0.0,0.0,1.0,0.0,1.0,0.0,0.0,931391.4917946004,1.0,0.0,0.0,0.0,0.0,0.0,0.0,0.0,0.0,0.0,0.0,0.0,74.0,0.0,0.0,0.0,0.0,1.0,0.0,0.0,0.0,0.0,VIDEO
0.0,0.020383,0.0,0.0,0.0,0.0,-0.0,0.0,0.0,74.0,0.0,74.0,1.0,0.0,0.020383,905590.6520605112,1721542400.0,64.0,1.0,0.0,0.0,0.0,0.0,62.0,0.0,0.0,1.0,0.0,1.0,0.0,0.0,931391.4917946004,1.0,0.0,0.0,0.0,0.0,0.0,0.0,0.0,0.0,0.0,0.0,0.0,74.0,0.0,0.0,0.0,0.0,1.0,0.0,0.0,0.0,0.0,VIDEO
0.0,0.016044,0.0,70.0,0.15772,0.141676,-0.0,3550.595947,0.0,214.0,0.0,74.0,1.0,0.0,0.15772,64256.0,1721542400.0,64.0,0.0,0.0,0.0,0.0,0.0,62.0,0.0,6.34035,0.0,2.0,0.0,0.0,12.6807,4077568.0,3.0,0.0,0.0,0.0,0.0,0.15772,0.0,0.0,3550.595947,0.15772,140.0,0.0,74.0,0.0,0.0,0.15772,0.15772,0.0,0.0,0.0,0.0,0.0,VIDEO
0.0,0.020383,1.0,70.263161,0.428477,0.0,-0.0,48544.03125,1934311.625,107730.0,0.0,105060.0,72.0,0.0,0.020383,75776.0,1721542400.0,64.0,0.0,0.0,0.0,0.0,0.0,62.0,0.0,86.352364,1.0,38.0,1.0,0.0,254.389389,31872.0,110.0,0.0,0.0,0.900901,0.0,0.428477,0.0,0.0,1982855.625,0.428477,2670.0,0.0,1459.166626,0.0,0.0,0.428477,0.428477,1.0,0.0,0.0,165.703186,0.0,VIDEO
0.0,0.016044,0.0,66.0,0.186583,0.141676,-0.0,2829.839844,0.0,198.0,0.0,66.0,1.0,1.0,0.15772,64256.0,1721542400.0,64.0,0.0,0.0,0.0,0.0,0.0,62.0,0.0,5.359545,1.0,2.0,0.0,0.0,10.71909,4077568.0,3.0,0.0,0.0,0.0,0.0,0.186583,0.0,0.0,2829.839844,0.186583,132.0,0.0,66.0,0.0,0.0,0.186583,0.186583,0.0,0.0,0.0,0.0,0.0,VIDEO
0.0,0.003483,0.0,116.75,0.946835,0.179586,-0.0,6911.447266,594105.625,72683.0,0.0,71749.0,50.0,0.0,0.183069,57728.0,1721542400.0,64.0,0.0,0.0,0.0,0.0,0.0,62.0,0.0,7.393052,0.0,8.0,0.0,0.0,60.200565,31872.0,58.0,0.0,0.0,0.0,0.0,0.946835,0.0,0.0,601017.0625,0.946835,934.0,0.0,1434.97998,0.0,0.0,0.946835,0.946835,0.0,0.0,1.0,51.751362,0.0,VIDEO
0.0,0.016468,0.0,70.0,0.183471,0.167003,-0.0,3052.253662,0.0,214.0,0.0,74.0,1.0,0.0,0.183471,64256.0,1721542400.0,64.0,0.0,0.0,0.0,0.0,0.0,62.0,0.0,5.450453,0.0,2.0,0.0,0.0,10.900906,4077568.0,3.0,0.0,0.0,0.0,0.0,0.183471,0.0,0.0,3052.253662,0.183471,140.0,0.0,74.0,0.0,0.0,0.183471,0.183471,0.0,0.0,0.0,0.0,0.0,VIDEO
0.0,0.003483,3.0,66.75,0.873165,0.179586,-0.0,9180.395508,1844893.0,203944.0,1.0,202876.0,134.0,0.0,0.183069,353792.0,1721542400.0,64.0,0.0,0.0,0.0,0.0,0.0,62.0,0.0,17.178883,1.0,16.0,3.0,1.0,170.64357,31872.0,150.0,0.0,0.0,1.960784,0.0,0.873165,0.0,0.0,1854073.375,0.873165,1068.0,0.0,1514.0,0.0,0.0,0.873165,0.873165,1.0,0.0,0.0,152.319427,0.0,VIDEO
0.0,0.003483,1.0,68.0,0.673429,0.179586,-0.0,4039.030029,2823733.5,239620.0,1.0,239212.0,158.0,0.0,0.183069,768256.0,1721542400.0,64.0,0.0,0.0,0.0,0.0,0.0,62.0,0.0,7.424687,1.0,6.0,1.0,1.0,242.044815,31872.0,164.0,0.0,0.0,0.606061,0.0,0.673429,0.0,0.0,2827772.5,0.673429,408.0,0.0,1514.0,0.0,0.0,0.673429,0.673429,1.0,0.0,0.0,233.135193,0.0,VIDEO
0.0,0.003483,28.0,72.0,0.973155,0.179586,-0.0,19532.345703,1207273.25,150820.0,1.0,148372.0,98.0,0.0,0.183069,972032.0,1721542400.0,64.0,0.0,0.0,0.0,0.0,0.0,62.0,0.0,33.91032,1.0,34.0,28.0,1.0,134.613708,31872.0,132.0,0.0,0.0,17.5,0.0,0.973155,0.0,0.0,1226805.625,0.973155,2448.0,0.0,1514.0,0.0,0.0,0.973155,0.973155,1.0,0.0,0.0,99.675797,0.0,VIDEO
0.0,0.003483,8.0,73.599998,0.971398,0.179586,-0.0,17582.90625,1196988.25,149066.0,1.0,146858.0,97.0,0.0,0.183069,1012608.0,1721542400.0,64.0,0.0,0.0,0.0,0.0,0.0,62.0,0.0,29.85388,1.0,30.0,8.0,1.0,129.709961,31872.0,127.0,0.0,0.0,5.925926,0.0,0.971398,0.0,0.0,1214571.125,0.971398,2208.0,0.0,1514.0,0.0,0.0,0.971398,0.971398,1.0,0.0,0.0,98.826637,0.0,VIDEO
0.0,0.016468,0.0,66.0,0.156989,0.167003,-0.0,3363.293213,0.0,198.0,0.0,66.0,1.0,1.0,0.183471,64256.0,1721542400.0,64.0,0.0,0.0,0.0,0.0,0.0,62.0,0.0,6.369874,1.0,2.0,0.0,0.0,12.739747,4077568.0,3.0,0.0,0.0,0.0,0.0,0.156989,0.0,0.0,3363.293213,0.156989,132.0,0.0,66.0,0.0,0.0,0.156989,0.156989,0.0,0.0,0.0,0.0,0.0,VIDEO
0.0,0.003483,11.0,70.457146,0.985845,0.179586,-0.0,19443.21875,2948617.5,367340.0,1.0,364874.0,241.0,0.0,0.183069,1014656.0,1721542400.0,64.0,0.0,0.0,0.0,0.0,0.0,62.0,0.0,34.488178,1.0,35.0,11.0,1.0,278.948517,31872.0,276.0,0.0,0.0,3.832753,0.0,0.985845,0.0,0.0,2968060.75,0.985845,2466.0,0.0,1514.0,0.0,0.0,0.985845,0.985845,1.0,0.0,0.0,243.445969,0.0,VIDEO
0.0,0.003483,1.0,67.5,0.998205,0.179586,-0.0,16774.109375,2608762.75,329184.0,1.0,327024.0,216.0,0.0,0.183069,1014656.0,1721542400.0,64.0,0.0,0.0,0.0,0.0,0.0,62.0,0.0,31.055744,1.0,32.0,1.0,1.0,247.444168,31872.0,248.0,0.0,0.0,0.401606,0.0,0.998205,0.0,0.0,2625536.75,0.998205,2160.0,0.0,1514.0,0.0,0.0,0.998205,0.998205,1.0,0.0,0.0,215.386612,0.0,VIDEO
0.0,0.003483,0.0,66.0,0.898932,0.179586,-0.0,11747.273438,2896860.0,328410.0,1.0,327024.0,216.0,0.0,0.183069,1014656.0,1721542400.0,64.0,0.0,0.0,0.0,0.0,0.0,62.0,0.0,22.248625,1.0,21.0,0.0,1.0,262.533783,31872.0,237.0,0.0,0.0,0.0,0.0,0.898932,0.0,0.0,2908607.25,0.898932,1386.0,0.0,1514.0,0.0,0.0,0.898932,0.898932,0.0,0.0,0.0,239.172714,0.0,VIDEO
0.0,0.003483,0.0,66.0,0.975795,0.179586,-0.0,17315.113281,3276885.0,403388.0,1.0,401210.0,265.0,0.0,0.183069,1014656.0,1721542400.0,64.0,0.0,0.0,0.0,0.0,0.0,62.0,0.0,32.793774,1.0,33.0,0.0,1.0,304.367218,31872.0,298.0,0.0,0.0,0.0,0.0,0.975795,0.0,0.0,3294200.25,0.975795,2178.0,0.0,1514.0,0.0,0.0,0.975795,0.975795,0.0,0.0,0.0,270.548645,0.0,VIDEO
0.0,0.003483,0.0,66.0,0.27294,0.179586,-0.0,17410.419922,1389843.875,49514.0,1.0,48854.0,34.0,0.0,0.183069,1012608.0,1721542400.0,64.0,0.0,0.0,0.0,0.0,0.0,62.0,0.0,32.974277,1.0,10.0,0.0,0.0,157.543777,31872.0,44.0,0.0,0.0,0.0,0.0,0.27294,0.0,0.0,1407254.25,0.27294,660.0,0.0,1436.882324,0.0,0.0,0.27294,0.27294,0.0,0.0,0.0,120.905685,0.0,VIDEO
0.0,0.01046,0.0,196.333328,0.677354,0.190875,-0.0,4641.59082,171349.109375,16305.0,0.0,15716.0,13.0,0.0,0.201335,64256.0,1721542400.0,64.0,0.0,0.0,0.0,0.0,0.0,62.0,0.0,2.952666,0.0,3.0,0.0,0.0,22.144995,31872.0,16.0,0.0,0.0,0.0,0.0,0.677354,0.0,0.0,175990.703125,0.677354,589.0,0.0,1208.923096,0.0,0.0,0.677354,0.677354,0.0,0.0,1.0,17.715996,0.0,VIDEO
0.0,0.01046,0.0,55.04348,0.60311,0.190875,-0.0,16063.404297,1245119.375,96648.0,0.0,95382.0,63.0,0.0,0.201335,64128.0,1721542400.0,64.0,0.0,0.0,0.0,0.0,0.0,62.0,0.0,36.477589,1.0,23.0,0.0,0.0,140.936142,31872.0,86.0,0.0,0.0,0.0,0.0,0.60311,0.0,0.0,1261182.75,0.60311,1266.0,0.0,1514.0,0.0,0.0,0.60311,0.60311,0.0,0.0,0.0,102.800484,0.0,VIDEO
0.0,0.017907,0.0,164.800003,0.390265,0.09817,-0.0,13529.268555,10167.450195,1443.0,0.0,619.0,5.0,0.0,0.116077,64128.0,1721542400.0,64.0,0.0,0.0,0.0,0.0,0.0,62.0,0.0,10.249446,0.0,5.0,0.0,0.0,23.061255,31872.0,10.0,0.0,0.0,0.0,0.0,0.390265,0.0,0.0,23696.71875,0.390265,824.0,0.0,123.800003,0.0,0.0,0.390265,0.390265,0.0,0.0,0.0,10.249446,0.0,VIDEO
0.0,0.001489,0.0,70.0,0.109271,0.107782,-0.0,5124.873047,0.0,214.0,0.0,74.0,1.0,0.0,0.109271,64256.0,1721542400.0,64.0,0.0,0.0,0.0,0.0,0.0,62.0,0.0,9.151559,0.0,2.0,0.0,0.0,18.303118,4077568.0,3.0,0.0,0.0,0.0,0.0,0.109271,0.0,0.0,5124.873047,0.109271,140.0,0.0,74.0,0.0,0.0,0.109271,0.109271,0.0,0.0,0.0,0.0,0.0,VIDEO
0.0,0.001489,0.0,191.75,0.646782,0.107782,-0.0,7124.50293,6221.570801,1395.0,0.0,628.0,5.0,0.0,0.109271,64128.0,1721542400.0,64.0,0.0,0.0,0.0,1.0,0.0,62.0,0.0,4.638348,1.0,4.0,0.0,0.0,12.368928,31872.0,9.0,0.0,0.0,0.0,0.0,0.646782,0.0,0.0,13346.073242,0.646782,767.0,0.0,125.599998,0.0,0.0,0.646782,0.646782,0.0,0.0,0.0,6.184464,0.0,VIDEO
0.0,0.001489,0.0,78.0,0.0,0.107782,-0.0,0.0,0.0,78.0,1.0,0.0,0.0,0.0,0.109271,64128.0,1721542400.0,64.0,0.0,0.0,0.0,0.0,0.0,62.0,0.0,0.0,1.0,1.0,0.0,0.0,0.0,931391.4917946004,1.0,0.0,0.0,0.0,0.0,0.0,0.0,0.0,0.0,0.0,78.0,0.0,0.0,0.0,0.0,0.0,0.0,0.0,0.0,0.0,0.0,0.0,VIDEO
0.0,0.038393,0.0,151.833328,0.572703,0.178126,-0.0,10616.323242,7179.986816,1553.0,0.0,642.0,5.0,0.0,0.216519,64128.0,1721542400.0,64.0,0.0,0.0,0.0,0.0,0.0,62.0,0.0,8.730529,0.0,6.0,0.0,0.0,17.461058,31872.0,11.0,0.0,0.0,0.0,0.0,0.572703,0.0,0.0,17796.310547,0.572703,911.0,0.0,128.399994,0.0,0.0,0.572703,0.572703,0.0,0.0,0.0,6.984423,0.0,VIDEO
0.0,0.00453,0.0,151.333328,0.278072,0.084592,-0.0,21778.53125,14672.458984,1545.0,0.0,637.0,5.0,0.0,0.089122,64128.0,1721542400.0,64.0,0.0,0.0,0.0,0.0,0.0,62.0,0.0,17.980955,0.0,6.0,0.0,0.0,35.96191,31872.0,11.0,0.0,0.0,0.0,0.0,0.278072,0.0,0.0,36450.992188,0.278072,908.0,0.0,127.400002,0.0,0.0,0.278072,0.278072,0.0,0.0,0.0,14.384764,0.0,VIDEO
0.0,0.001114,0.0,117.125,0.904174,0.199218,-0.0,7255.240723,1023741.0625,118106.0,0.0,117169.0,80.0,0.0,0.200332,69632.0,1721542400.0,64.0,0.0,0.0,0.0,0.0,0.0,62.0,0.0,7.741873,0.0,8.0,0.0,0.0,96.220421,31872.0,88.0,0.0,0.0,0.0,0.0,0.904174,0.0,0.0,1030996.25,0.904174,937.0,0.0,1464.612549,0.0,0.0,0.904174,0.904174,0.0,0.0,1.0,87.372566,0.0,VIDEO
0.0,0.001114,0.0,54.0,0.031501,0.199218,-0.0,178280.0625,0.0,756.0,0.0,0.0,0.0,0.0,0.200332,69632.0,1721542400.0,64.0,0.0,0.0,0.0,0.0,0.0,62.0,0.0,412.685333,1.0,14.0,0.0,0.0,412.685333,931391.4917946004,14.0,0.0,0.0,0.0,0.0,0.031501,0.0,0.0,178280.0625,0.031501,756.0,0.0,0.0,0.0,0.0,0.031501,0.031501,0.0,0.0,0.0,0.0,0.0,VIDEO
0.0,0.003477,0.0,165.0,0.554593,0.19873,-0.0,9520.495117,7154.795898,1445.0,0.0,620.0,5.0,0.0,0.202207,64128.0,1721542400.0,64.0,0.0,0.0,0.0,0.0,0.0,62.0,0.0,7.212496,0.0,5.0,0.0,0.0,16.228117,31872.0,10.0,0.0,0.0,0.0,0.0,0.554593,0.0,0.0,16675.291016,0.554593,825.0,0.0,124.0,0.0,0.0,0.554593,0.554593,0.0,0.0,0.0,7.212496,0.0,VIDEO
0.0,0.000999,0.0,70.0,0.08024,0.079241,-0.0,6979.062988,0.0,214.0,0.0,74.0,1.0,0.0,0.08024,64256.0,1721542400.0,64.0,0.0,0.0,0.0,0.0,0.0,62.0,0.0,12.462613,0.0,2.0,0.0,0.0,24.925226,4077568.0,3.0,0.0,0.0,0.0,0.0,0.08024,0.0,0.0,6979.062988,0.08024,140.0,0.0,74.0,0.0,0.0,0.08024,0.08024,0.0,0.0,0.0,0.0,0.0,VIDEO
0.0,0.001002,0.0,148.5,0.666345,0.215458,-0.0,8920.303711,5954.873047,1511.0,0.0,620.0,5.0,0.0,0.21646,64128.0,1721542400.0,64.0,0.0,0.0,0.0,0.0,0.0,62.0,0.0,7.503621,0.0,6.0,0.0,0.0,15.007241,31872.0,11.0,0.0,0.0,0.0,0.0,0.666345,0.0,0.0,14875.177734,0.666345,891.0,0.0,124.0,0.0,0.0,0.666345,0.666345,0.0,0.0,0.0,6.002896,0.0,VIDEO
0.0,0.000999,0.0,66.0,0.381993,0.079241,-0.0,0.0,1382.224243,198.0,0.0,132.0,2.0,1.0,0.08024,64256.0,1721542400.0,64.0,0.0,0.0,0.0,0.0,0.0,62.0,0.0,0.0,1.0,1.0,0.0,0.0,5.235698,4077568.0,3.0,0.0,0.0,0.0,0.0,0.381993,0.0,0.0,1382.224243,0.381993,66.0,0.0,66.0,0.0,0.0,0.381993,0.381993,0.0,0.0,0.0,2.617849,0.0,VIDEO
0.0,0.000999,0.0,0.0,0.0,0.079241,-0.0,0.0,0.0,66.0,0.0,66.0,1.0,0.0,0.08024,905590.6520605112,1721542400.0,64.0,0.0,0.0,0.0,0.0,0.0,62.0,0.0,0.0,1.0,0.0,0.0,0.0,0.0,931391.4917946004,1.0,0.0,0.0,0.0,0.0,0.0,0.0,0.0,0.0,0.0,0.0,0.0,66.0,0.0,0.0,0.0,0.0,0.0,0.0,0.0,0.0,0.0,VIDEO
0.0,0.004488,0.0,163.5,0.896887,0.194842,-0.0,4379.592773,411280.34375,48160.0,0.0,47506.0,34.0,0.0,0.19933,64128.0,1721542400.0,64.0,0.0,0.0,0.0,0.0,0.0,62.0,0.0,3.344903,0.0,4.0,0.0,0.0,41.253803,31872.0,38.0,0.0,0.0,0.0,0.0,0.896887,0.0,0.0,415659.9375,0.896887,654.0,0.0,1397.235352,0.0,0.0,0.896887,0.896887,0.0,0.0,1.0,36.793934,0.0,VIDEO
0.0,0.004488,13.0,72.529411,0.993286,0.194842,-0.0,39142.804688,2207090.25,280480.0,1.0,275548.0,182.0,0.0,0.19933,466688.0,1721542400.0,64.0,0.0,0.0,0.0,0.0,0.0,62.0,0.0,67.452881,1.0,68.0,13.0,1.0,250.68309,31872.0,250.0,0.0,0.0,4.942966,0.0,0.993286,0.0,0.0,2246233.25,0.993286,4932.0,0.0,1514.0,0.0,0.0,0.993286,0.993286,1.0,0.0,0.0,182.22345,0.0,VIDEO
0.0,0.004488,2.0,66.480003,0.821986,0.194842,-0.0,15533.111328,595698.6875,64326.0,1.0,62664.0,43.0,0.0,0.19933,660736.0,1721542400.0,64.0,0.0,0.0,0.0,0.0,0.0,62.0,0.0,29.197577,1.0,25.0,2.0,0.0,81.509903,31872.0,68.0,0.0,0.0,2.857143,0.0,0.821986,0.0,0.0,611231.8125,0.821986,1662.0,0.0,1457.302368,0.0,0.0,0.821986,0.821986,1.0,0.0,0.0,51.09576,0.0,VIDEO
0.0,0.000999,0.0,66.0,0.0,0.079241,-0.0,0.0,0.0,132.0,0.0,66.0,1.0,0.0,0.08024,64256.0,1721542400.0,64.0,0.0,0.0,0.0,0.0,0.0,62.0,0.0,0.0,1.0,1.0,0.0,0.0,0.0,4077568.0,2.0,0.0,0.0,0.0,0.0,0.0,0.0,0.0,0.0,0.0,66.0,0.0,66.0,0.0,0.0,0.0,0.0,0.0,0.0,0.0,0.0,0.0,VIDEO
0.0,0.004488,0.0,66.0,0.00547,0.194842,-0.0,0.0,0.0,132.0,1.0,66.0,1.0,0.0,0.19933,660736.0,1721542400.0,64.0,0.0,0.0,0.0,0.0,0.0,62.0,0.0,0.0,1.0,1.0,0.0,0.0,182.815353,31872.0,2.0,0.0,0.0,0.0,0.0,0.00547,0.0,0.0,0.0,0.00547,66.0,0.0,66.0,0.0,0.0,0.00547,0.00547,0.0,0.0,0.0,0.0,0.0,VIDEO
0.0,0.005469,0.0,70.0,0.214644,0.209175,-0.0,2608.971191,0.0,214.0,0.0,74.0,1.0,0.0,0.214644,64256.0,1721542400.0,64.0,0.0,0.0,0.0,0.0,0.0,62.0,0.0,4.658877,0.0,2.0,0.0,0.0,9.317754,4077568.0,3.0,0.0,0.0,0.0,0.0,0.214644,0.0,0.0,2608.971191,0.214644,140.0,0.0,74.0,0.0,0.0,0.214644,0.214644,0.0,0.0,0.0,0.0,0.0,VIDEO
0.0,0.005469,0.0,66.0,0.064204,0.209175,-0.0,8223.787109,0.0,198.0,0.0,66.0,1.0,1.0,0.214644,64256.0,1721542400.0,64.0,0.0,0.0,0.0,0.0,0.0,62.0,0.0,15.575354,1.0,2.0,0.0,0.0,31.150707,4077568.0,3.0,0.0,0.0,0.0,0.0,0.064204,0.0,0.0,8223.787109,0.064204,132.0,0.0,66.0,0.0,0.0,0.064204,0.064204,0.0,0.0,0.0,0.0,0.0,VIDEO
0.0,0.001014,0.0,165.0,0.180943,0.070806,-0.0,29180.460938,21929.558594,1445.0,0.0,620.0,5.0,0.0,0.07182,64128.0,1721542400.0,64.0,0.0,0.0,0.0,0.0,0.0,62.0,0.0,22.106409,0.0,5.0,0.0,0.0,49.739422,31872.0,10.0,0.0,0.0,0.0,0.0,0.180943,0.0,0.0,51110.019531,0.180943,825.0,0.0,124.0,0.0,0.0,0.180943,0.180943,0.0,0.0,0.0,22.106409,0.0,VIDEO
0.0,0.012536,0.0,74.0,0.012536,0.0,-0.0,0.0,0.0,148.0,0.0,74.0,1.0,0.0,0.012536,8222720.0,1721542400.0,64.0,0.0,0.0,0.0,0.0,1.0,62.0,0.0,0.0,0.0,1.0,0.0,0.0,79.770256,4077568.0,2.0,0.0,0.0,0.0,0.0,0.012536,0.0,0.0,0.0,0.012536,74.0,0.0,74.0,0.0,0.0,0.012536,0.012536,0.0,0.0,0.0,0.0,0.0,VIDEO
0.0,0.012536,1.0,132.833328,0.459005,0.0,-0.0,11590.288086,751329.5,45295.0,0.0,44498.0,32.0,0.0,0.012536,61440.0,1721542400.0,64.0,0.0,0.0,0.0,0.0,0.0,62.0,0.0,10.893127,1.0,6.0,1.0,0.0,80.609146,31872.0,38.0,0.0,0.0,2.564103,0.0,0.459005,0.0,0.0,762919.8125,0.459005,797.0,0.0,1390.5625,0.0,0.0,0.459005,0.459005,1.0,0.0,0.0,67.537392,0.0,VIDEO
0.0,0.012536,0.0,58.799999,0.290086,0.0,-0.0,6508.414551,1628372.25,60854.0,0.0,60560.0,40.0,0.0,0.012536,75776.0,1721542400.0,64.0,0.0,0.0,0.0,0.0,0.0,62.0,0.0,13.789014,1.0,5.0,0.0,0.0,151.679153,31872.0,45.0,0.0,0.0,0.0,0.0,0.290086,0.0,0.0,1634880.625,0.290086,294.0,0.0,1514.0,0.0,0.0,0.290086,0.290086,0.0,0.0,0.0,134.442886,0.0,VIDEO
0.0,0.035498,0.0,151.333328,0.564593,0.16621,-0.0,10726.310547,7226.444336,1545.0,0.0,637.0,5.0,0.0,0.201708,64128.0,1721542400.0,64.0,0.0,0.0,0.0,0.0,0.0,62.0,0.0,8.855937,0.0,6.0,0.0,0.0,17.711874,31872.0,11.0,0.0,0.0,0.0,0.0,0.564593,0.0,0.0,17952.753906,0.564593,908.0,0.0,127.400002,0.0,0.0,0.564593,0.564593,0.0,0.0,0.0,7.084749,0.0,VIDEO
0.0,0.002987,0.0,74.0,0.002987,0.0,-0.0,0.0,0.0,148.0,0.0,74.0,1.0,0.0,0.002987,8222720.0,1721542400.0,64.0,0.0,0.0,0.0,0.0,1.0,62.0,0.0,0.0,0.0,1.0,0.0,0.0,334.784058,4077568.0,2.0,0.0,0.0,0.0,0.0,0.002987,0.0,0.0,0.0,0.002987,74.0,0.0,74.0,0.0,0.0,0.002987,0.002987,0.0,0.0,0.0,0.0,0.0,VIDEO
0.0,0.002987,1.0,66.0,0.140912,0.140912,-0.0,0.0,0.0,140.0,0.0,74.0,1.0,0.0,0.143899,64256.0,1721542400.0,64.0,0.0,0.0,0.0,0.0,0.0,62.0,0.0,0.0,1.0,1.0,1.0,0.0,7.096628,4077568.0,2.0,0.0,0.0,33.333333,0.0,0.140912,0.0,0.0,0.0,0.140912,66.0,0.0,74.0,0.0,0.0,0.140912,0.140912,1.0,0.0,0.0,0.0,0.0,VIDEO
0.0,0.002987,0.0,64.727272,0.900301,0.140912,-0.0,43718.710938,1995688.125,231071.0,0.0,226087.0,151.0,0.0,0.143899,174848.0,1721542400.0,64.0,0.0,0.0,0.0,0.0,0.0,62.0,0.0,84.416214,1.0,77.0,0.0,0.0,252.137909,31872.0,228.0,0.0,0.0,0.0,0.0,0.900301,0.0,0.0,2039406.875,0.900301,4984.0,0.0,1497.264893,0.0,0.0,0.900301,0.900301,0.0,0.0,0.0,166.610947,0.0,VIDEO
0.0,0.002505,0.0,86.5,0.687698,0.166936,-0.0,19124.673828,1205191.75,106790.0,0.0,105060.0,72.0,0.0,0.169441,64128.0,1721542400.0,64.0,0.0,0.0,0.0,0.0,0.0,62.0,0.0,27.628407,0.0,20.0,0.0,0.0,132.325531,31872.0,92.0,0.0,0.0,0.0,0.0,0.687698,0.0,0.0,1224316.375,0.687698,1730.0,0.0,1459.166626,0.0,0.0,0.687698,0.687698,0.0,0.0,1.0,103.242989,0.0,VIDEO
0.0,0.058852,0.0,74.0,0.058852,0.0,-0.0,0.0,0.0,148.0,0.0,74.0,1.0,0.0,0.058852,8222720.0,1721542400.0,64.0,0.0,0.0,0.0,0.0,1.0,62.0,0.0,0.0,0.0,1.0,0.0,0.0,16.991777,4077568.0,2.0,0.0,0.0,0.0,0.0,0.058852,0.0,0.0,0.0,0.058852,74.0,0.0,74.0,0.0,0.0,0.058852,0.058852,0.0,0.0,0.0,0.0,0.0,VIDEO
0.0,0.002505,0.0,54.0,0.271391,0.166936,-0.0,0.0,0.0,1568.0,0.0,1514.0,1.0,0.0,0.169441,64128.0,1721542400.0,64.0,0.0,0.0,0.0,0.0,0.0,62.0,0.0,0.0,1.0,1.0,0.0,0.0,3.684721,31872.0,2.0,0.0,0.0,0.0,0.0,0.271391,0.0,0.0,0.0,0.271391,54.0,0.0,1514.0,0.0,0.0,0.271391,0.271391,0.0,0.0,0.0,0.0,0.0,VIDEO
0.0,0.058852,1.0,66.0,0.0,0.168436,-0.0,0.0,0.0,140.0,0.0,74.0,1.0,0.0,0.227288,64256.0,1721542400.0,64.0,0.0,0.0,0.0,0.0,0.0,62.0,0.0,0.0,1.0,1.0,1.0,0.0,0.0,4077568.0,2.0,0.0,0.0,33.333333,0.0,0.0,0.0,0.0,0.0,0.0,66.0,0.0,74.0,0.0,0.0,0.0,0.0,1.0,0.0,0.0,0.0,0.0,VIDEO
0.0,0.003518,0.0,74.0,0.003518,0.0,-0.0,0.0,0.0,148.0,0.0,74.0,1.0,0.0,0.003518,8222720.0,1721542400.0,64.0,0.0,0.0,0.0,0.0,1.0,62.0,0.0,0.0,0.0,1.0,0.0,0.0,284.252411,4077568.0,2.0,0.0,0.0,0.0,0.0,0.003518,0.0,0.0,0.0,0.003518,74.0,0.0,74.0,0.0,0.0,0.003518,0.003518,0.0,0.0,0.0,0.0,0.0,VIDEO
0.0,0.003518,0.0,0.0,0.0,0.0,-0.0,0.0,0.0,74.0,0.0,74.0,1.0,0.0,0.003518,905590.6520605112,1721542400.0,64.0,1.0,0.0,0.0,0.0,0.0,62.0,0.0,0.0,1.0,0.0,1.0,0.0,0.0,931391.4917946004,1.0,0.0,0.0,0.0,0.0,0.0,0.0,0.0,0.0,0.0,0.0,0.0,74.0,0.0,0.0,0.0,0.0,1.0,0.0,0.0,0.0,0.0,VIDEO
0.0,0.003518,1.0,192.0,0.33998,0.0,-0.0,13553.738281,12000.706055,1405.0,0.0,637.0,5.0,0.0,0.003518,64128.0,1721542400.0,64.0,0.0,0.0,0.0,0.0,0.0,62.0,0.0,8.824048,1.0,4.0,1.0,0.0,23.530796,31872.0,9.0,0.0,0.0,10.0,0.0,0.33998,0.0,0.0,25554.443359,0.33998,768.0,0.0,127.400002,0.0,0.0,0.33998,0.33998,1.0,0.0,0.0,11.765398,0.0,VIDEO
0.0,0.007778,0.0,70.0,0.185259,0.177481,-0.0,3022.795166,0.0,214.0,0.0,74.0,1.0,0.0,0.185259,64256.0,1721542400.0,64.0,0.0,0.0,0.0,0.0,0.0,62.0,0.0,5.397849,0.0,2.0,0.0,0.0,10.795697,4077568.0,3.0,0.0,0.0,0.0,0.0,0.185259,0.0,0.0,3022.795166,0.185259,140.0,0.0,74.0,0.0,0.0,0.185259,0.185259,0.0,0.0,0.0,0.0,0.0,VIDEO
0.0,0.003518,0.0,66.0,0.163269,0.0,-0.0,0.0,0.0,132.0,0.0,66.0,1.0,0.0,0.003518,64128.0,1721542400.0,64.0,0.0,0.0,0.0,0.0,0.0,62.0,0.0,0.0,1.0,1.0,0.0,0.0,6.124862,31872.0,2.0,0.0,0.0,0.0,0.0,0.163269,0.0,0.0,0.0,0.163269,66.0,0.0,66.0,0.0,0.0,0.163269,0.163269,0.0,0.0,0.0,0.0,0.0,VIDEO
0.0,0.007778,0.0,66.0,0.065269,0.177481,-0.0,8089.598145,8089.598145,264.0,0.0,132.0,2.0,1.0,0.185259,64256.0,1721542400.0,64.0,0.0,0.0,0.0,0.0,0.0,62.0,0.0,15.321209,1.0,2.0,0.0,0.0,45.963627,31872.0,4.0,0.0,0.0,0.0,0.0,0.065269,0.0,0.0,16179.196289,0.065269,132.0,0.0,66.0,0.0,0.0,0.065269,0.065269,0.0,0.0,0.0,15.321209,0.0,VIDEO
0.0,0.058852,0.0,66.0,0.215993,0.168436,-0.0,2444.523682,0.0,198.0,0.0,66.0,1.0,1.0,0.227288,64256.0,1721542400.0,64.0,0.0,0.0,0.0,0.0,0.0,62.0,0.0,4.62978,1.0,2.0,0.0,0.0,9.25956,4077568.0,3.0,0.0,0.0,0.0,0.0,0.215993,0.0,0.0,2444.523682,0.215993,132.0,0.0,66.0,0.0,0.0,0.215993,0.215993,0.0,0.0,0.0,0.0,0.0,VIDEO
