TotBytes,SrcBytes,DstBytes,SrcGap,DstGap,sMeanPktSz,dMeanPktSz,SrcWin,DstWin,Dur,IdleTime,Mean,StdDev,Sum,Min,Max,sTtl,dTtl,TcpRtt,SynAck,AckDat,TotPkts,SrcPkts,DstPkts,SrcRetra,DstRetra,Loss,SrcLoss,DstLoss,PCRatio,Load,SrcLoad,DstLoad,pLoss,pRetran,Rate,SrcRate,DstRate,Flgs_ e *      ,Flgs_ e d      ,Flgs_ e g      ,Flgs_ e s      ,Cause_Status,State_A_A,State_A_FA,State_A_PA,State_FA_A,State_FA_FPA,State_FA_PA,State_FPA_FPA,State_FPA_FSPA,State_FPA_PA,State_FRPA_FPA,State_FSPA_FSPA,State_PA_A,State_PA_FPA,State_PA_PA,State_PA_SPA,State_RA_PA,State_R_,State_R_PA,State_SA_SPA,State_SPA_FSPA,State_SPA_SPA,State_S_RA,State_S_SA,State__FA,State__PA,State__SA,TcpOpt_MwsS  T,label
134.0,74.0,60.0,0.0,0.0,74.0,60.0,8222720.0,0.0,0.010647,1721542656.0,0.010647,0.0,0.010647,0.010647,0.010647,62.0,64.0,0.0,0.0,0.0,2.0,1.0,1.0,0.0,0.0,0.0,0.0,0.0,-0.0,0.0,0.0,0.0,0.0,0.0,93.923172,0.0,0.0,0.0,0.0,0.0,0.0,0.0,0.0,0.0,0.0,0.0,0.0,0.0,0.0,0.0,0.0,0.0,0.0,0.0,0.0,0.0,0.0,0.0,0.0,0.0,0.0,0.0,0.0,1.0,0.0,0.0,0.0,0.0,0.0,1.0
1373.0,633.0,740.0,0.0,0.0,79.125,82.222221,64256.0,31872.0,4.974273,1721542656.0,4.974273,0.0,4.974273,4.974273,4.974273,62.0,64.0,0.287893,0.018243,0.26965,17.0,8.0,9.0,0.0,0.0,2.0,0.0,2.0,-0.0,1949.229492,890.984436,1058.244995,10.526316,0.0,3.21655,1.407241,1.608275,0.0,1.0,0.0,0.0,0.0,0.0,0.0,0.0,0.0,0.0,0.0,0.0,0.0,0.0,0.0,0.0,0.0,0.0,0.0,0.0,0.0,0.0,0.0,0.0,0.0,1.0,0.0,0.0,0.0,0.0,0.0,1.0,1.0
1462.0,806.0,656.0,0.0,0.0,161.199997,72.888885,64256.0,31872.0,4.116523,1721542656.0,4.116523,0.0,4.116523,4.116523,4.116523,62.0,64.0,0.287893,0.018243,0.26965,14.0,5.0,9.0,0.0,0.0,0.0,0.0,0.0,-0.0,2388.423584,1253.485107,1134.938477,0.0,0.0,3.158005,0.971694,1.943388,0.0,0.0,0.0,0.0,1.0,0.0,0.0,0.0,0.0,0.0,0.0,1.0,0.0,0.0,0.0,0.0,0.0,0.0,0.0,0.0,0.0,0.0,0.0,0.0,0.0,0.0,0.0,0.0,0.0,0.0,0.0,1.0,1.0
2519.0,1463.0,1056.0,0.0,0.0,112.53846,81.230766,64256.0,31872.0,3.741898,1721542656.0,3.741898,0.0,3.741898,3.741898,3.741898,62.0,64.0,0.227827,0.034451,0.193376,26.0,13.0,13.0,0.0,0.0,1.0,0.0,1.0,-0.0,4972.877441,2888.373779,2084.503662,3.703704,0.0,6.681101,3.206929,3.206929,0.0,1.0,0.0,0.0,0.0,0.0,0.0,0.0,0.0,0.0,0.0,0.0,0.0,0.0,0.0,1.0,0.0,0.0,0.0,0.0,0.0,0.0,0.0,0.0,0.0,0.0,0.0,0.0,0.0,0.0,0.0,1.0,1.0
2438.0,1403.0,1035.0,0.0,0.0,116.916664,79.615387,64256.0,31872.0,2.976371,1721542656.0,2.976371,0.0,2.976371,2.976371,2.976371,62.0,64.0,0.093395,0.001993,0.091402,25.0,12.0,13.0,0.0,0.0,2.0,0.0,2.0,-0.0,6028.818359,3459.246094,2569.572021,7.407407,0.0,8.063511,3.695776,4.031755,0.0,1.0,0.0,0.0,0.0,0.0,0.0,0.0,0.0,0.0,0.0,0.0,0.0,0.0,0.0,1.0,0.0,0.0,0.0,0.0,0.0,0.0,0.0,0.0,0.0,0.0,0.0,0.0,0.0,0.0,0.0,1.0,1.0
2116.0,1229.0,887.0,0.0,0.0,122.900002,80.63636,64256.0,31872.0,1.283217,1721542656.0,1.283217,0.0,1.283217,1.283217,1.283217,62.0,64.0,0.200341,0.00149,0.198851,21.0,10.0,11.0,0.0,0.0,0.0,0.0,0.0,-0.0,11932.510742,6901.405273,5031.105469,0.0,0.0,15.585829,7.013623,7.792914,0.0,0.0,0.0,0.0,0.0,0.0,0.0,0.0,0.0,0.0,0.0,0.0,0.0,0.0,0.0,1.0,0.0,0.0,0.0,0.0,0.0,0.0,0.0,0.0,0.0,0.0,0.0,0.0,0.0,0.0,0.0,0.0,1.0
2128.0,1241.0,887.0,0.0,0.0,124.099998,80.63636,64256.0,31872.0,0.89339,1721542656.0,0.89339,0.0,0.89339,0.89339,0.89339,62.0,64.0,0.095386,0.004967,0.090419,21.0,10.0,11.0,0.0,0.0,0.0,0.0,0.0,-0.0,17228.757812,10002.350586,7226.407227,0.0,0.0,22.386641,10.073988,11.19332,0.0,0.0,0.0,0.0,0.0,0.0,0.0,0.0,0.0,0.0,0.0,0.0,0.0,0.0,0.0,1.0,0.0,0.0,0.0,0.0,0.0,0.0,0.0,0.0,0.0,0.0,0.0,0.0,0.0,0.0,0.0,0.0,1.0
2146.0,1259.0,887.0,0.0,0.0,125.900002,80.63636,64256.0,31872.0,1.644163,1721542656.0,1.644163,0.0,1.644163,1.644163,1.644163,62.0,64.0,0.278358,0.003476,0.274882,21.0,10.0,11.0,0.0,0.0,0.0,0.0,0.0,-0.0,9444.319336,5517.701172,3926.61792,0.0,0.0,12.164244,5.47391,6.082122,0.0,0.0,0.0,0.0,0.0,0.0,0.0,0.0,0.0,0.0,0.0,0.0,0.0,0.0,0.0,1.0,0.0,0.0,0.0,0.0,0.0,0.0,0.0,0.0,0.0,0.0,0.0,0.0,0.0,0.0,0.0,0.0,1.0
2302.0,1283.0,1019.0,0.0,0.0,128.300003,78.384613,64256.0,31872.0,0.633001,1721542656.0,0.633001,0.0,0.633001,0.633001,0.633001,62.0,64.0,0.136686,0.035442,0.101244,23.0,10.0,13.0,0.0,0.0,0.0,0.0,0.0,-0.0,26489.6875,14597.132812,11892.555664,0.0,0.0,34.755077,14.217986,18.957315,0.0,0.0,0.0,0.0,0.0,0.0,0.0,0.0,0.0,0.0,0.0,0.0,0.0,0.0,0.0,1.0,0.0,0.0,0.0,0.0,0.0,0.0,0.0,0.0,0.0,0.0,0.0,0.0,0.0,0.0,0.0,0.0,1.0
2332.0,1313.0,1019.0,0.0,0.0,131.300003,78.384613,64256.0,31872.0,0.633811,1721542656.0,0.633811,0.0,0.633811,0.633811,0.633811,62.0,64.0,0.060804,0.001989,0.058815,23.0,10.0,13.0,0.0,0.0,0.0,0.0,0.0,-0.0,26796.632812,14919.274414,11877.357422,0.0,0.0,34.710663,14.199817,18.933088,0.0,0.0,0.0,0.0,0.0,0.0,0.0,0.0,0.0,0.0,0.0,0.0,0.0,0.0,0.0,1.0,0.0,0.0,0.0,0.0,0.0,0.0,0.0,0.0,0.0,0.0,0.0,0.0,0.0,0.0,0.0,0.0,1.0
2368.0,1349.0,1019.0,0.0,0.0,134.899994,78.384613,64256.0,31872.0,0.873176,1721542656.0,0.873176,0.0,0.873176,0.873176,0.873176,62.0,64.0,0.189364,0.010939,0.178425,23.0,10.0,13.0,0.0,0.0,0.0,0.0,0.0,-0.0,19753.177734,11131.776367,8621.400391,0.0,0.0,25.195379,10.3072,13.742934,0.0,0.0,0.0,0.0,0.0,0.0,0.0,0.0,0.0,0.0,0.0,0.0,0.0,0.0,0.0,1.0,0.0,0.0,0.0,0.0,0.0,0.0,0.0,0.0,0.0,0.0,0.0,0.0,0.0,0.0,0.0,0.0,1.0
2278.0,1391.0,887.0,0.0,0.0,139.100006,80.63636,64256.0,31872.0,0.527078,1721542656.0,0.527078,0.0,0.527078,0.527078,0.527078,62.0,64.0,0.060919,0.001,0.059919,21.0,10.0,11.0,0.0,0.0,0.0,0.0,0.0,-0.0,31251.542969,19002.880859,12248.662109,0.0,0.0,37.945049,17.075272,18.972525,0.0,0.0,0.0,0.0,0.0,0.0,0.0,0.0,0.0,0.0,0.0,0.0,0.0,0.0,0.0,1.0,0.0,0.0,0.0,0.0,0.0,0.0,0.0,0.0,0.0,0.0,0.0,0.0,0.0,0.0,0.0,0.0,1.0
2602.0,1517.0,1085.0,0.0,0.0,137.909088,77.5,64256.0,31872.0,1.129602,1721542656.0,1.129602,0.0,1.129602,1.129602,1.129602,62.0,64.0,0.060844,0.002022,0.058822,25.0,11.0,14.0,0.0,0.0,0.0,0.0,0.0,-0.0,16912.152344,9773.354492,7138.797852,0.0,0.0,21.246422,8.852675,11.508479,0.0,0.0,0.0,0.0,0.0,0.0,0.0,0.0,0.0,0.0,0.0,0.0,0.0,0.0,0.0,1.0,0.0,0.0,0.0,0.0,0.0,0.0,0.0,0.0,0.0,0.0,0.0,0.0,0.0,0.0,0.0,1.0,1.0
2512.0,1493.0,1019.0,0.0,0.0,149.300003,78.384613,64256.0,31872.0,0.839606,1721542656.0,0.839606,0.0,0.839606,0.839606,0.839606,62.0,64.0,0.109079,0.000993,0.108086,23.0,10.0,13.0,0.0,0.0,0.0,0.0,0.0,-0.0,21772.117188,12806.006836,8966.110352,0.0,0.0,26.202766,10.719314,14.292418,0.0,0.0,0.0,0.0,0.0,0.0,0.0,0.0,0.0,0.0,0.0,0.0,0.0,0.0,0.0,1.0,0.0,0.0,0.0,0.0,0.0,0.0,0.0,0.0,0.0,0.0,0.0,0.0,0.0,0.0,0.0,0.0,1.0
2572.0,1553.0,1019.0,0.0,0.0,155.300003,78.384613,64256.0,31872.0,0.801495,1721542656.0,0.801495,0.0,0.801495,0.801495,0.801495,62.0,64.0,0.107858,0.020458,0.0874,23.0,10.0,13.0,0.0,0.0,0.0,0.0,0.0,-0.0,23346.371094,13953.922852,9392.447266,0.0,0.0,27.448704,11.229015,14.972021,0.0,0.0,0.0,0.0,0.0,0.0,0.0,0.0,0.0,0.0,0.0,0.0,0.0,0.0,0.0,1.0,0.0,0.0,0.0,0.0,0.0,0.0,0.0,0.0,0.0,0.0,0.0,0.0,0.0,0.0,0.0,0.0,1.0
2638.0,1619.0,1019.0,0.0,0.0,161.899994,78.384613,64256.0,31872.0,0.932048,1721542656.0,0.932048,0.0,0.932048,0.932048,0.932048,62.0,64.0,0.095944,0.005514,0.09043,23.0,10.0,13.0,0.0,0.0,0.0,0.0,0.0,-0.0,20591.212891,12514.376953,8076.836914,0.0,0.0,23.603933,9.656155,12.874873,0.0,0.0,0.0,0.0,0.0,0.0,0.0,0.0,0.0,0.0,0.0,0.0,0.0,0.0,0.0,1.0,0.0,0.0,0.0,0.0,0.0,0.0,0.0,0.0,0.0,0.0,0.0,0.0,0.0,0.0,0.0,0.0,1.0
2710.0,1691.0,1019.0,0.0,0.0,169.100006,78.384613,64256.0,31872.0,1.264466,1721542656.0,1.264466,0.0,1.264466,1.264466,1.264466,62.0,64.0,0.107671,0.003481,0.10419,23.0,10.0,13.0,0.0,0.0,0.0,0.0,0.0,-0.0,15582.862305,9629.361328,5953.500977,0.0,0.0,17.398649,7.117629,9.490171,0.0,0.0,0.0,0.0,0.0,0.0,0.0,0.0,0.0,0.0,0.0,0.0,0.0,0.0,0.0,1.0,0.0,0.0,0.0,0.0,0.0,0.0,0.0,0.0,0.0,0.0,0.0,0.0,0.0,0.0,0.0,0.0,1.0
2788.0,1769.0,1019.0,0.0,0.0,176.899994,78.384613,64256.0,31872.0,0.740374,1721542656.0,0.740374,0.0,0.740374,0.740374,0.740374,62.0,64.0,0.046574,0.003499,0.043075,23.0,10.0,13.0,0.0,0.0,0.0,0.0,0.0,-0.0,27380.755859,17212.921875,10167.833984,0.0,0.0,29.71471,12.156018,16.208023,0.0,0.0,0.0,0.0,0.0,0.0,0.0,0.0,0.0,0.0,0.0,0.0,0.0,0.0,0.0,1.0,0.0,0.0,0.0,0.0,0.0,0.0,0.0,0.0,0.0,0.0,0.0,0.0,0.0,0.0,0.0,0.0,1.0
2872.0,1853.0,1019.0,0.0,0.0,185.300003,78.384613,64256.0,31872.0,0.627161,1721542656.0,0.627161,0.0,0.627161,0.627161,0.627161,62.0,64.0,0.063274,0.0015,0.061774,23.0,10.0,13.0,0.0,0.0,0.0,0.0,0.0,-0.0,33280.128906,21276.832031,12003.296875,0.0,0.0,35.078709,14.350382,19.133842,0.0,0.0,0.0,0.0,0.0,0.0,0.0,0.0,0.0,0.0,0.0,0.0,0.0,0.0,0.0,1.0,0.0,0.0,0.0,0.0,0.0,0.0,0.0,0.0,0.0,0.0,0.0,0.0,0.0,0.0,0.0,0.0,1.0
2962.0,1943.0,1019.0,0.0,0.0,194.300003,78.384613,64256.0,31872.0,0.58204,1721542656.0,0.58204,0.0,0.58204,0.58204,0.58204,62.0,64.0,0.056939,0.012407,0.044532,23.0,10.0,13.0,0.0,0.0,0.0,0.0,0.0,-0.0,36973.402344,24039.583984,12933.818359,0.0,0.0,37.798088,15.462854,20.61714,0.0,0.0,0.0,0.0,0.0,0.0,0.0,0.0,0.0,0.0,0.0,0.0,0.0,0.0,0.0,1.0,0.0,0.0,0.0,0.0,0.0,0.0,0.0,0.0,0.0,0.0,0.0,0.0,0.0,0.0,0.0,0.0,1.0
3058.0,2039.0,1019.0,0.0,0.0,203.899994,78.384613,64256.0,31872.0,0.639252,1721542656.0,0.639252,0.0,0.639252,0.639252,0.639252,62.0,64.0,0.045908,0.00349,0.042418,23.0,10.0,13.0,0.0,0.0,0.0,0.0,0.0,-0.0,34753.117188,22976.853516,11776.263672,0.0,0.0,34.415222,14.078955,18.77194,0.0,0.0,0.0,0.0,0.0,0.0,0.0,0.0,0.0,0.0,0.0,0.0,0.0,0.0,0.0,1.0,0.0,0.0,0.0,0.0,0.0,0.0,0.0,0.0,0.0,0.0,0.0,0.0,0.0,0.0,0.0,0.0,1.0
3160.0,2141.0,1019.0,0.0,0.0,214.100006,78.384613,64256.0,31872.0,0.653944,1721542656.0,0.653944,0.0,0.653944,0.653944,0.653944,62.0,64.0,0.06226,0.004477,0.057783,23.0,10.0,13.0,0.0,0.0,0.0,0.0,0.0,-0.0,35085.570312,23573.882812,11511.688477,0.0,0.0,33.642025,13.762646,18.350195,0.0,0.0,0.0,0.0,0.0,0.0,0.0,0.0,0.0,0.0,0.0,0.0,0.0,0.0,0.0,1.0,0.0,0.0,0.0,0.0,0.0,0.0,0.0,0.0,0.0,0.0,0.0,0.0,0.0,0.0,0.0,0.0,1.0
3268.0,2315.0,953.0,0.0,0.0,210.454544,79.416664,64256.0,31872.0,0.623629,1721542656.0,0.623629,0.0,0.623629,0.623629,0.623629,62.0,64.0,0.091729,0.002495,0.089234,23.0,11.0,12.0,0.0,0.0,0.0,0.0,0.0,-0.0,38215.03125,27003.236328,11211.794922,0.0,0.0,35.277386,16.035175,17.638693,0.0,0.0,0.0,0.0,0.0,0.0,0.0,0.0,0.0,0.0,0.0,0.0,0.0,0.0,0.0,1.0,0.0,0.0,0.0,0.0,0.0,0.0,0.0,0.0,0.0,0.0,0.0,0.0,0.0,0.0,0.0,0.0,1.0
3382.0,2429.0,953.0,0.0,0.0,220.818176,79.416664,64256.0,31872.0,0.654942,1721542656.0,0.654942,0.0,0.654942,0.654942,0.654942,62.0,64.0,0.076191,0.019239,0.056952,23.0,11.0,12.0,0.0,0.0,0.0,0.0,0.0,-0.0,37658.296875,26982.542969,10675.754883,0.0,0.0,33.590763,15.268528,16.795382,0.0,0.0,0.0,0.0,0.0,0.0,0.0,0.0,0.0,0.0,0.0,0.0,0.0,0.0,0.0,1.0,0.0,0.0,0.0,0.0,0.0,0.0,0.0,0.0,0.0,0.0,0.0,0.0,0.0,0.0,0.0,0.0,1.0
3502.0,2549.0,953.0,0.0,0.0,231.72728,79.416664,64256.0,31872.0,0.63617,1721542656.0,0.63617,0.0,0.63617,0.63617,0.63617,62.0,64.0,0.061939,0.001987,0.059952,23.0,11.0,12.0,0.0,0.0,0.0,0.0,0.0,-0.0,40140.210938,29149.439453,10990.772461,0.0,0.0,34.581951,15.719069,17.290976,0.0,0.0,0.0,0.0,0.0,0.0,0.0,0.0,0.0,0.0,0.0,0.0,0.0,0.0,0.0,1.0,0.0,0.0,0.0,0.0,0.0,0.0,0.0,0.0,0.0,0.0,0.0,0.0,0.0,0.0,0.0,0.0,1.0
3628.0,2675.0,953.0,0.0,0.0,243.181824,79.416664,64256.0,31872.0,0.638192,1721542656.0,0.638192,0.0,0.638192,0.638192,0.638192,62.0,64.0,0.04609,0.002505,0.043585,23.0,11.0,12.0,0.0,0.0,0.0,0.0,0.0,-0.0,41442.074219,30486.123047,10955.950195,0.0,0.0,34.472385,15.669266,17.236193,0.0,0.0,0.0,0.0,0.0,0.0,0.0,0.0,0.0,0.0,0.0,0.0,0.0,0.0,0.0,1.0,0.0,0.0,0.0,0.0,0.0,0.0,0.0,0.0,0.0,0.0,0.0,0.0,0.0,0.0,0.0,0.0,1.0
3760.0,2807.0,953.0,0.0,0.0,255.181824,79.416664,64256.0,31872.0,0.79023,1721542656.0,0.79023,0.0,0.79023,0.79023,0.79023,62.0,64.0,0.047236,0.002269,0.044967,23.0,11.0,12.0,0.0,0.0,0.0,0.0,0.0,-0.0,34683.574219,25835.517578,8848.057617,0.0,0.0,27.839996,12.654544,13.919998,0.0,0.0,0.0,0.0,0.0,0.0,0.0,0.0,0.0,0.0,0.0,0.0,0.0,0.0,0.0,1.0,0.0,0.0,0.0,0.0,0.0,0.0,0.0,0.0,0.0,0.0,0.0,0.0,0.0,0.0,0.0,0.0,1.0
3898.0,2945.0,953.0,0.0,0.0,267.727264,79.416664,64256.0,31872.0,0.498932,1721542656.0,0.498932,0.0,0.498932,0.498932,0.498932,62.0,64.0,0.062396,0.002012,0.060384,23.0,11.0,12.0,0.0,0.0,0.0,0.0,0.0,-0.0,56953.652344,42939.71875,14013.933594,0.0,0.0,44.094185,20.04281,22.047092,0.0,0.0,0.0,0.0,0.0,0.0,0.0,0.0,0.0,0.0,0.0,0.0,0.0,0.0,0.0,1.0,0.0,0.0,0.0,0.0,0.0,0.0,0.0,0.0,0.0,0.0,0.0,0.0,0.0,0.0,0.0,0.0,1.0
622.0,218.0,404.0,0.0,0.0,72.666664,101.0,64256.0,31872.0,1.330459,1721542656.0,1.330459,0.0,1.330459,1.330459,1.330459,62.0,64.0,0.152339,0.001547,0.150792,7.0,3.0,4.0,0.0,0.0,2.0,0.0,2.0,-0.0,2699.820068,877.892517,1821.927612,22.222222,0.0,4.509722,1.503241,2.254861,0.0,1.0,0.0,0.0,0.0,0.0,0.0,0.0,0.0,0.0,0.0,0.0,0.0,0.0,0.0,0.0,0.0,0.0,0.0,0.0,0.0,0.0,0.0,1.0,0.0,0.0,0.0,0.0,0.0,0.0,0.0,1.0,1.0
3718.0,2949.0,769.0,0.0,0.0,327.666656,76.900002,64256.0,31872.0,0.561436,1721542656.0,0.561436,0.0,0.561436,0.561436,0.561436,62.0,64.0,0.152339,0.001547,0.150792,19.0,9.0,10.0,0.0,0.0,0.0,0.0,0.0,-0.0,47236.011719,37361.335938,9874.678711,0.0,0.0,32.060646,14.249175,16.030323,0.0,0.0,0.0,0.0,1.0,0.0,0.0,0.0,0.0,0.0,0.0,1.0,0.0,0.0,0.0,0.0,0.0,0.0,0.0,0.0,0.0,0.0,0.0,0.0,0.0,0.0,0.0,0.0,0.0,0.0,0.0,1.0,1.0
4192.0,3239.0,953.0,0.0,0.0,294.454559,79.416664,64256.0,31872.0,0.775567,1721542656.0,0.775567,0.0,0.775567,0.775567,0.775567,62.0,64.0,0.093869,0.002555,0.091314,23.0,11.0,12.0,0.0,0.0,0.0,0.0,0.0,-0.0,39393.113281,30377.775391,9015.339844,0.0,0.0,28.366344,12.893792,14.183172,0.0,0.0,0.0,0.0,0.0,0.0,0.0,0.0,0.0,0.0,0.0,0.0,0.0,0.0,0.0,1.0,0.0,0.0,0.0,0.0,0.0,0.0,0.0,0.0,0.0,0.0,0.0,0.0,0.0,0.0,0.0,0.0,1.0
4348.0,3395.0,953.0,0.0,0.0,308.636353,79.416664,64256.0,31872.0,0.728516,1721542656.0,0.728516,0.0,0.728516,0.728516,0.728516,62.0,64.0,0.062033,0.001489,0.060544,23.0,11.0,12.0,0.0,0.0,0.0,0.0,0.0,-0.0,43496.644531,33899.050781,9597.592773,0.0,0.0,30.198376,13.726535,15.099188,0.0,0.0,0.0,0.0,0.0,0.0,0.0,0.0,0.0,0.0,0.0,0.0,0.0,0.0,0.0,1.0,0.0,0.0,0.0,0.0,0.0,0.0,0.0,0.0,0.0,0.0,0.0,0.0,0.0,0.0,0.0,0.0,1.0
4510.0,3557.0,953.0,0.0,0.0,323.363647,79.416664,64256.0,31872.0,0.544422,1721542656.0,0.544422,0.0,0.544422,0.544422,0.544422,62.0,64.0,0.062456,0.001489,0.060967,23.0,11.0,12.0,0.0,0.0,0.0,0.0,0.0,-0.0,60364.941406,47521.960938,12842.979492,0.0,0.0,40.409832,18.368105,20.204916,0.0,0.0,0.0,0.0,0.0,0.0,0.0,0.0,0.0,0.0,0.0,0.0,0.0,0.0,0.0,1.0,0.0,0.0,0.0,0.0,0.0,0.0,0.0,0.0,0.0,0.0,0.0,0.0,0.0,0.0,0.0,0.0,1.0
4678.0,3725.0,953.0,0.0,0.0,338.636353,79.416664,64256.0,31872.0,0.595333,1721542656.0,0.595333,0.0,0.595333,0.595333,0.595333,62.0,64.0,0.045825,0.001496,0.044329,23.0,11.0,12.0,0.0,0.0,0.0,0.0,0.0,-0.0,57258.710938,45514.023438,11744.6875,0.0,0.0,36.954109,16.797323,18.477055,0.0,0.0,0.0,0.0,0.0,0.0,0.0,0.0,0.0,0.0,0.0,0.0,0.0,0.0,0.0,1.0,0.0,0.0,0.0,0.0,0.0,0.0,0.0,0.0,0.0,0.0,0.0,0.0,0.0,0.0,0.0,0.0,1.0
5050.0,3965.0,1085.0,0.0,0.0,330.416656,77.5,64256.0,31872.0,0.640419,1721542656.0,0.640419,0.0,0.640419,0.640419,0.640419,62.0,64.0,0.061858,0.001497,0.060361,26.0,12.0,14.0,0.0,0.0,0.0,0.0,0.0,-0.0,57999.527344,45407.773438,12591.755859,0.0,0.0,39.036942,17.176254,20.29921,0.0,0.0,0.0,0.0,0.0,0.0,0.0,0.0,0.0,0.0,0.0,0.0,0.0,0.0,0.0,1.0,0.0,0.0,0.0,0.0,0.0,0.0,0.0,0.0,0.0,0.0,0.0,0.0,0.0,0.0,0.0,0.0,1.0
5230.0,4145.0,1085.0,0.0,0.0,345.416656,77.5,64256.0,31872.0,0.696121,1721542656.0,0.696121,0.0,0.696121,0.696121,0.696121,62.0,64.0,0.029959,0.000993,0.028966,26.0,12.0,14.0,0.0,0.0,0.0,0.0,0.0,-0.0,55254.761719,43670.570312,11584.193359,0.0,0.0,35.9133,15.801851,18.674915,0.0,0.0,0.0,0.0,0.0,0.0,0.0,0.0,0.0,0.0,0.0,0.0,0.0,0.0,0.0,1.0,0.0,0.0,0.0,0.0,0.0,0.0,0.0,0.0,0.0,0.0,0.0,0.0,0.0,0.0,0.0,0.0,1.0
5284.0,4331.0,953.0,0.0,0.0,360.916656,79.416664,64256.0,31872.0,0.605768,1721542656.0,0.605768,0.0,0.605768,0.605768,0.605768,62.0,64.0,0.062324,0.002104,0.06022,24.0,12.0,12.0,0.0,0.0,0.0,0.0,0.0,-0.0,63984.890625,52442.515625,11542.37207,0.0,0.0,37.96833,18.158766,18.158766,0.0,0.0,0.0,0.0,0.0,0.0,0.0,0.0,0.0,0.0,0.0,0.0,0.0,0.0,0.0,1.0,0.0,0.0,0.0,0.0,0.0,0.0,0.0,0.0,0.0,0.0,0.0,0.0,0.0,0.0,0.0,0.0,1.0
2928.0,2153.0,775.0,0.0,0.0,239.222229,86.111115,64256.0,31872.0,2.871244,1721542656.0,2.871244,0.0,2.871244,2.871244,2.871244,62.0,64.0,0.059041,0.002012,0.057029,18.0,9.0,9.0,0.0,0.0,1.0,0.0,1.0,-0.0,7252.605469,5332.880371,1919.725464,5.263158,0.0,5.920779,2.786249,2.786249,0.0,1.0,0.0,0.0,0.0,0.0,0.0,0.0,0.0,0.0,0.0,0.0,0.0,0.0,0.0,0.0,0.0,0.0,0.0,0.0,0.0,0.0,0.0,0.0,0.0,1.0,0.0,0.0,0.0,0.0,0.0,1.0,1.0
2993.0,2514.0,479.0,0.0,0.0,502.799988,68.428574,64256.0,31872.0,1.951296,1721542656.0,1.951296,0.0,1.951296,1.951296,1.951296,62.0,64.0,0.059041,0.002012,0.057029,12.0,5.0,7.0,0.0,0.0,0.0,0.0,0.0,-0.0,9933.911133,8248.876953,1685.033936,0.0,0.0,5.637279,2.04992,3.074879,0.0,0.0,0.0,0.0,1.0,0.0,0.0,0.0,0.0,0.0,0.0,1.0,0.0,0.0,0.0,0.0,0.0,0.0,0.0,0.0,0.0,0.0,0.0,0.0,0.0,0.0,0.0,0.0,0.0,0.0,0.0,1.0,1.0
5806.0,4721.0,1085.0,0.0,0.0,393.416656,77.5,64256.0,31872.0,0.525729,1721542656.0,0.525729,0.0,0.525729,0.525729,0.525729,62.0,64.0,0.045891,0.000993,0.044898,26.0,12.0,14.0,0.0,0.0,0.0,0.0,0.0,-0.0,81197.726562,65859.023438,15338.701172,0.0,0.0,47.553017,20.923326,24.72757,0.0,0.0,0.0,0.0,0.0,0.0,0.0,0.0,0.0,0.0,0.0,0.0,0.0,0.0,0.0,1.0,0.0,0.0,0.0,0.0,0.0,0.0,0.0,0.0,0.0,0.0,0.0,0.0,0.0,0.0,0.0,0.0,1.0
5878.0,4925.0,953.0,0.0,0.0,410.416656,79.416664,64256.0,31872.0,0.556053,1721542656.0,0.556053,0.0,0.556053,0.556053,0.556053,62.0,64.0,0.060921,0.0,0.060921,24.0,12.0,12.0,0.0,0.0,0.0,0.0,0.0,-0.0,77532.179688,64957.839844,12574.341797,0.0,0.0,41.362965,19.782288,19.782288,0.0,0.0,0.0,0.0,0.0,0.0,0.0,0.0,0.0,0.0,0.0,0.0,0.0,0.0,0.0,1.0,0.0,0.0,0.0,0.0,0.0,0.0,0.0,0.0,0.0,0.0,0.0,0.0,0.0,0.0,0.0,0.0,1.0
6088.0,5135.0,953.0,0.0,0.0,427.916656,79.416664,64256.0,31872.0,0.512451,1721542656.0,0.512451,0.0,0.512451,0.512451,0.512451,62.0,64.0,0.0613,0.000497,0.060803,24.0,12.0,12.0,0.0,0.0,0.0,0.0,0.0,-0.0,87141.992188,73497.757812,13644.231445,0.0,0.0,44.882339,21.465467,21.465467,0.0,0.0,0.0,0.0,0.0,0.0,0.0,0.0,0.0,0.0,0.0,0.0,0.0,0.0,0.0,1.0,0.0,0.0,0.0,0.0,0.0,0.0,0.0,0.0,0.0,0.0,0.0,0.0,0.0,0.0,0.0,0.0,1.0
6436.0,5417.0,1019.0,0.0,0.0,416.692322,78.384613,64256.0,31872.0,0.526492,1721542656.0,0.526492,0.0,0.526492,0.526492,0.526492,62.0,64.0,0.060912,0.0,0.060912,26.0,13.0,13.0,0.0,0.0,0.0,0.0,0.0,-0.0,90288.171875,75989.757812,14298.413086,0.0,0.0,47.484104,22.79237,22.79237,0.0,0.0,0.0,0.0,0.0,0.0,0.0,0.0,0.0,0.0,0.0,0.0,0.0,0.0,0.0,1.0,0.0,0.0,0.0,0.0,0.0,0.0,0.0,0.0,0.0,0.0,0.0,0.0,0.0,0.0,0.0,0.0,1.0
6658.0,5639.0,1019.0,0.0,0.0,433.769226,78.384613,64256.0,31872.0,0.978051,1721542656.0,0.978051,0.0,0.978051,0.978051,0.978051,62.0,64.0,0.061227,0.000497,0.06073,26.0,13.0,13.0,0.0,0.0,0.0,0.0,0.0,-0.0,50279.585938,42582.644531,7696.939941,0.0,0.0,25.561039,12.269299,12.269299,0.0,0.0,0.0,0.0,0.0,0.0,0.0,0.0,0.0,0.0,0.0,0.0,0.0,0.0,0.0,1.0,0.0,0.0,0.0,0.0,0.0,0.0,0.0,0.0,0.0,0.0,0.0,0.0,0.0,0.0,0.0,0.0,1.0
7074.0,5945.0,1129.0,0.0,0.0,424.642853,80.64286,64256.0,31872.0,2.59873,1721542656.0,2.59873,0.0,2.59873,2.59873,2.59873,62.0,64.0,0.224599,0.004029,0.22057,28.0,14.0,14.0,0.0,0.0,1.0,0.0,1.0,-0.0,20225.263672,16995.994141,3229.269531,3.448276,0.0,10.38969,5.002443,5.002443,0.0,1.0,0.0,0.0,0.0,0.0,0.0,0.0,0.0,0.0,0.0,0.0,0.0,0.0,0.0,1.0,0.0,0.0,0.0,0.0,0.0,0.0,0.0,0.0,0.0,0.0,0.0,0.0,0.0,0.0,0.0,1.0,1.0
7288.0,6101.0,1187.0,0.0,0.0,469.307678,79.133331,64256.0,31872.0,3.305525,1721542656.0,3.305525,0.0,3.305525,3.305525,3.305525,62.0,64.0,0.201433,0.003014,0.198419,28.0,13.0,15.0,0.0,0.0,3.0,3.0,0.0,-0.0,16312.083008,13630.512695,2681.571045,9.677419,0.0,8.168142,3.630286,4.235333,0.0,0.0,0.0,1.0,0.0,0.0,0.0,0.0,0.0,0.0,0.0,0.0,0.0,0.0,0.0,1.0,0.0,0.0,0.0,0.0,0.0,0.0,0.0,0.0,0.0,0.0,0.0,0.0,0.0,0.0,0.0,1.0,1.0
7360.0,6341.0,1019.0,0.0,0.0,487.769226,78.384613,64256.0,31872.0,1.801433,1721542656.0,1.801433,0.0,1.801433,1.801433,1.801433,62.0,64.0,0.232625,0.00149,0.231135,26.0,13.0,13.0,0.0,0.0,0.0,0.0,0.0,-0.0,30175.976562,25997.082031,4178.895508,0.0,0.0,13.877841,6.661364,6.661364,0.0,0.0,0.0,0.0,0.0,0.0,0.0,0.0,0.0,0.0,0.0,0.0,0.0,0.0,0.0,1.0,0.0,0.0,0.0,0.0,0.0,0.0,0.0,0.0,0.0,0.0,0.0,0.0,0.0,0.0,0.0,0.0,1.0
7606.0,6587.0,1019.0,0.0,0.0,506.692322,78.384613,64256.0,31872.0,0.742922,1721542656.0,0.742922,0.0,0.742922,0.742922,0.742922,62.0,64.0,0.074827,0.001143,0.073684,26.0,13.0,13.0,0.0,0.0,0.0,0.0,0.0,-0.0,75614.9375,65481.972656,10132.960938,0.0,0.0,33.650909,16.152435,16.152435,0.0,0.0,0.0,0.0,0.0,0.0,0.0,0.0,0.0,0.0,0.0,0.0,0.0,0.0,0.0,1.0,0.0,0.0,0.0,0.0,0.0,0.0,0.0,0.0,0.0,0.0,0.0,0.0,0.0,0.0,0.0,0.0,1.0
8002.0,6839.0,1163.0,0.0,0.0,526.076904,83.071426,64256.0,31872.0,4.788457,1721542656.0,4.788457,0.0,4.788457,4.788457,4.788457,62.0,64.0,0.21659,0.00453,0.21206,27.0,13.0,14.0,0.0,0.0,2.0,0.0,2.0,-0.0,12351.369141,10547.030273,1804.339111,6.896552,0.0,5.429724,2.506027,2.714862,0.0,1.0,0.0,0.0,0.0,0.0,0.0,0.0,0.0,0.0,0.0,0.0,0.0,0.0,0.0,0.0,0.0,0.0,0.0,0.0,0.0,0.0,0.0,0.0,1.0,0.0,0.0,0.0,0.0,0.0,0.0,0.0,1.0
132.0,66.0,66.0,0.0,0.0,66.0,66.0,64256.0,31872.0,0.003005,1721542656.0,0.003005,0.0,0.003005,0.003005,0.003005,62.0,64.0,0.21659,0.00453,0.21206,2.0,1.0,1.0,0.0,0.0,0.0,0.0,0.0,-0.0,0.0,0.0,0.0,0.0,0.0,332.778687,0.0,0.0,0.0,0.0,0.0,0.0,1.0,0.0,0.0,0.0,1.0,0.0,0.0,0.0,0.0,0.0,0.0,0.0,0.0,0.0,0.0,0.0,0.0,0.0,0.0,0.0,0.0,0.0,0.0,0.0,0.0,0.0,0.0,0.0,1.0
8314.0,7163.0,1151.0,0.0,0.0,511.642853,76.73333,64256.0,31872.0,1.773325,1721542656.0,1.773325,0.0,1.773325,1.773325,1.773325,62.0,64.0,0.169677,0.007005,0.162672,29.0,14.0,15.0,0.0,0.0,0.0,0.0,0.0,-0.0,34858.8125,30009.164062,4849.646973,0.0,0.0,15.789548,7.330862,7.894774,0.0,0.0,0.0,0.0,0.0,0.0,0.0,0.0,0.0,0.0,0.0,0.0,0.0,0.0,0.0,1.0,0.0,0.0,0.0,0.0,0.0,0.0,0.0,0.0,0.0,0.0,0.0,0.0,0.0,0.0,0.0,0.0,1.0
8446.0,7427.0,1019.0,0.0,0.0,530.5,78.384613,64256.0,31872.0,0.696853,1721542656.0,0.696853,0.0,0.696853,0.696853,0.696853,62.0,64.0,0.154424,0.017995,0.136429,27.0,14.0,13.0,0.0,0.0,0.0,0.0,0.0,-0.0,89981.679688,79178.828125,10802.852539,0.0,0.0,37.310596,18.655298,17.220276,0.0,0.0,0.0,0.0,0.0,0.0,0.0,0.0,0.0,0.0,0.0,0.0,0.0,0.0,0.0,1.0,0.0,0.0,0.0,0.0,0.0,0.0,0.0,0.0,0.0,0.0,0.0,0.0,0.0,0.0,0.0,0.0,1.0
9802.0,8639.0,1163.0,0.0,0.0,575.93335,77.533333,64256.0,31872.0,0.978412,1721542656.0,0.978412,0.0,0.978412,0.978412,0.978412,62.0,64.0,0.046379,0.000999,0.04538,30.0,15.0,15.0,0.0,0.0,0.0,0.0,0.0,-0.0,74815.109375,65935.414062,8879.695312,0.0,0.0,29.639866,14.308901,14.308901,0.0,0.0,0.0,0.0,0.0,0.0,0.0,0.0,0.0,0.0,0.0,0.0,0.0,0.0,0.0,1.0,0.0,0.0,0.0,0.0,0.0,0.0,0.0,0.0,0.0,0.0,0.0,0.0,0.0,0.0,0.0,1.0,1.0
9527.0,8195.0,1332.0,0.0,0.0,482.058838,78.352943,64256.0,31872.0,3.849976,1721542656.0,3.849976,0.0,3.849976,3.849976,3.849976,62.0,64.0,0.200245,0.011467,0.188778,34.0,17.0,17.0,0.0,0.0,3.0,2.0,1.0,-0.0,18632.84375,16027.112305,2605.730469,8.108108,0.0,8.571482,4.15587,4.15587,1.0,0.0,0.0,0.0,0.0,0.0,0.0,0.0,0.0,0.0,0.0,0.0,0.0,0.0,0.0,1.0,0.0,0.0,0.0,0.0,0.0,0.0,0.0,0.0,0.0,0.0,0.0,0.0,0.0,0.0,0.0,1.0,1.0
9689.0,8321.0,1368.0,0.0,0.0,554.733337,80.470589,64256.0,31872.0,3.259746,1721542656.0,3.259746,0.0,3.259746,3.259746,3.259746,62.0,64.0,0.185949,0.004252,0.181697,32.0,15.0,17.0,0.0,0.0,5.0,4.0,1.0,-0.0,22222.589844,19061.607422,3160.982422,13.513514,0.0,9.509943,4.294813,4.908358,1.0,0.0,0.0,0.0,0.0,0.0,0.0,0.0,0.0,0.0,0.0,0.0,0.0,0.0,0.0,1.0,0.0,0.0,0.0,0.0,0.0,0.0,0.0,0.0,0.0,0.0,0.0,0.0,0.0,0.0,0.0,1.0,1.0
9914.0,8609.0,1305.0,0.0,0.0,573.93335,81.5625,64256.0,31872.0,3.260172,1721542656.0,3.260172,0.0,3.260172,3.260172,3.260172,62.0,64.0,0.199558,0.004033,0.195525,31.0,15.0,16.0,0.0,0.0,2.0,0.0,2.0,-0.0,22722.728516,19719.205078,3003.522705,6.060606,0.0,9.201969,4.294252,4.600985,0.0,1.0,0.0,0.0,0.0,0.0,0.0,0.0,0.0,0.0,0.0,0.0,0.0,0.0,0.0,1.0,0.0,0.0,0.0,0.0,0.0,0.0,0.0,0.0,0.0,0.0,0.0,0.0,0.0,0.0,0.0,0.0,1.0
9988.0,8903.0,1085.0,0.0,0.0,593.533325,77.5,64256.0,31872.0,0.683043,1721542656.0,0.683043,0.0,0.683043,0.683043,0.683043,62.0,64.0,0.059984,0.000497,0.059487,29.0,15.0,14.0,0.0,0.0,0.0,0.0,0.0,-0.0,109135.148438,97329.15625,11805.991211,0.0,0.0,40.993027,20.496513,19.032476,0.0,0.0,0.0,0.0,0.0,0.0,0.0,0.0,0.0,0.0,0.0,0.0,0.0,0.0,0.0,1.0,0.0,0.0,0.0,0.0,0.0,0.0,0.0,0.0,0.0,0.0,0.0,0.0,0.0,0.0,0.0,0.0,1.0
10288.0,9203.0,1085.0,0.0,0.0,613.533325,77.5,64256.0,31872.0,0.580941,1721542656.0,0.580941,0.0,0.580941,0.580941,0.580941,62.0,64.0,0.076716,0.001522,0.075194,29.0,15.0,14.0,0.0,0.0,0.0,0.0,0.0,-0.0,132171.765625,118290.835938,13880.926758,0.0,0.0,48.197662,24.098831,22.377487,0.0,0.0,0.0,0.0,0.0,0.0,0.0,0.0,0.0,0.0,0.0,0.0,0.0,0.0,0.0,1.0,0.0,0.0,0.0,0.0,0.0,0.0,0.0,0.0,0.0,0.0,0.0,0.0,0.0,0.0,0.0,0.0,1.0
10812.0,9521.0,1291.0,0.0,0.0,634.733337,75.941177,64256.0,31872.0,4.953624,1721542656.0,4.953624,0.0,4.953624,4.953624,4.953624,62.0,64.0,0.200951,0.001496,0.199455,32.0,15.0,17.0,0.0,0.0,1.0,0.0,1.0,-0.0,16316.135742,14352.321289,1963.814819,3.030303,0.0,6.258045,2.826214,3.229959,0.0,1.0,0.0,0.0,0.0,0.0,0.0,0.0,0.0,0.0,0.0,0.0,0.0,0.0,0.0,0.0,0.0,0.0,0.0,0.0,0.0,0.0,0.0,0.0,1.0,0.0,0.0,0.0,0.0,0.0,0.0,1.0,1.0
210.0,144.0,66.0,0.0,0.0,72.0,66.0,64256.0,31872.0,3.515625,1721542656.0,3.515625,0.0,3.515625,3.515625,3.515625,62.0,64.0,0.200951,0.001496,0.199455,3.0,2.0,1.0,0.0,0.0,0.0,0.0,0.0,-0.0,163.839996,163.839996,0.0,0.0,0.0,0.568889,0.284444,0.0,0.0,0.0,0.0,0.0,1.0,0.0,0.0,0.0,1.0,0.0,0.0,0.0,0.0,0.0,0.0,0.0,0.0,0.0,0.0,0.0,0.0,0.0,0.0,0.0,0.0,0.0,0.0,0.0,0.0,0.0,0.0,1.0,1.0
1393.0,711.0,682.0,0.0,0.0,79.0,85.25,64256.0,31872.0,2.651036,1721542656.0,2.651036,0.0,2.651036,2.651036,2.651036,62.0,64.0,0.154395,0.028527,0.125868,17.0,9.0,8.0,0.0,0.0,2.0,0.0,2.0,-0.0,3708.73877,1907.178955,1801.559814,10.526316,0.0,6.035376,3.017688,2.640477,0.0,1.0,0.0,0.0,0.0,0.0,0.0,0.0,0.0,0.0,0.0,0.0,0.0,0.0,0.0,0.0,0.0,0.0,0.0,0.0,0.0,0.0,0.0,0.0,0.0,1.0,0.0,0.0,0.0,0.0,0.0,1.0,1.0
10046.0,9464.0,582.0,0.0,0.0,860.363647,72.75,64256.0,31872.0,0.391947,1721542656.0,0.391947,0.0,0.391947,0.391947,0.391947,62.0,64.0,0.154395,0.028527,0.125868,19.0,11.0,8.0,0.0,0.0,0.0,0.0,0.0,-0.0,186025.15625,175615.578125,10409.570312,0.0,0.0,45.924576,25.513653,17.859558,0.0,0.0,0.0,0.0,1.0,0.0,0.0,0.0,0.0,0.0,0.0,1.0,0.0,0.0,0.0,0.0,0.0,0.0,0.0,0.0,0.0,0.0,0.0,0.0,0.0,0.0,0.0,0.0,0.0,0.0,0.0,1.0,1.0
11290.0,10205.0,1085.0,0.0,0.0,637.8125,77.5,64256.0,31872.0,0.829586,1721542656.0,0.829586,0.0,0.829586,0.829586,0.829586,62.0,64.0,0.047584,0.004966,0.042618,30.0,16.0,14.0,0.0,0.0,0.0,0.0,0.0,-0.0,101988.21875,92267.703125,9720.510742,0.0,0.0,34.957195,18.081306,15.670466,0.0,0.0,0.0,0.0,0.0,0.0,0.0,0.0,0.0,0.0,0.0,0.0,0.0,0.0,0.0,1.0,0.0,0.0,0.0,0.0,0.0,0.0,0.0,0.0,0.0,0.0,0.0,0.0,0.0,0.0,0.0,0.0,1.0
11746.0,10529.0,1217.0,0.0,0.0,658.0625,76.0625,64256.0,31872.0,0.655128,1721542656.0,0.655128,0.0,0.655128,0.655128,0.655128,62.0,64.0,0.064574,0.004029,0.060545,32.0,16.0,16.0,0.0,0.0,0.0,0.0,0.0,-0.0,134471.4375,120538.273438,13933.155273,0.0,0.0,47.318996,22.89629,22.89629,0.0,0.0,0.0,0.0,0.0,0.0,0.0,0.0,0.0,0.0,0.0,0.0,0.0,0.0,0.0,1.0,0.0,0.0,0.0,0.0,0.0,0.0,0.0,0.0,0.0,0.0,0.0,0.0,0.0,0.0,0.0,0.0,1.0
12076.0,10859.0,1217.0,0.0,0.0,678.6875,76.0625,64256.0,31872.0,0.695413,1721542656.0,0.695413,0.0,0.695413,0.695413,0.695413,62.0,64.0,0.075874,0.015979,0.059895,32.0,16.0,16.0,0.0,0.0,0.0,0.0,0.0,-0.0,130247.78125,117121.765625,13126.012695,0.0,0.0,44.577827,21.569916,21.569916,0.0,0.0,0.0,0.0,0.0,0.0,0.0,0.0,0.0,0.0,0.0,0.0,0.0,0.0,0.0,1.0,0.0,0.0,0.0,0.0,0.0,0.0,0.0,0.0,0.0,0.0,0.0,0.0,0.0,0.0,0.0,0.0,1.0
11927.0,11057.0,870.0,0.0,0.0,789.785706,79.090912,64256.0,31872.0,0.551417,1721542656.0,0.551417,0.0,0.551417,0.551417,0.551417,62.0,64.0,0.045547,0.00552,0.040027,25.0,14.0,11.0,0.0,0.0,0.0,0.0,0.0,-0.0,160444.8125,148968.9375,11475.888672,0.0,0.0,43.524231,23.575624,18.135096,0.0,0.0,0.0,0.0,0.0,0.0,0.0,0.0,0.0,0.0,0.0,0.0,0.0,0.0,0.0,0.0,0.0,0.0,0.0,0.0,0.0,0.0,0.0,0.0,0.0,1.0,0.0,0.0,0.0,0.0,0.0,0.0,1.0
485.0,138.0,347.0,0.0,0.0,69.0,69.400002,64256.0,31872.0,0.08619,1721542656.0,0.08619,0.0,0.08619,0.08619,0.08619,62.0,64.0,0.045547,0.00552,0.040027,7.0,2.0,5.0,0.0,0.0,0.0,0.0,0.0,-0.0,32207.912109,6404.455078,25803.457031,0.0,0.0,69.613647,11.602274,46.409096,0.0,0.0,0.0,0.0,1.0,0.0,0.0,0.0,0.0,0.0,0.0,1.0,0.0,0.0,0.0,0.0,0.0,0.0,0.0,0.0,0.0,0.0,0.0,0.0,0.0,0.0,0.0,0.0,0.0,0.0,0.0,0.0,1.0
12754.0,11603.0,1151.0,0.0,0.0,682.529419,76.73333,64256.0,31872.0,1.546685,1721542656.0,1.546685,0.0,1.546685,1.546685,1.546685,62.0,64.0,0.18764,0.010487,0.177153,32.0,17.0,15.0,0.0,0.0,0.0,0.0,0.0,-0.0,62047.542969,56487.261719,5560.278809,0.0,0.0,20.042866,10.344705,9.051617,0.0,0.0,0.0,0.0,0.0,0.0,0.0,0.0,0.0,0.0,0.0,0.0,0.0,0.0,0.0,1.0,0.0,0.0,0.0,0.0,0.0,0.0,0.0,0.0,0.0,0.0,0.0,0.0,0.0,0.0,0.0,0.0,1.0
13682.0,12251.0,1431.0,0.0,0.0,583.380981,75.315788,64256.0,31872.0,3.490962,1721542656.0,3.490962,0.0,3.490962,3.490962,3.490962,62.0,64.0,0.153995,0.003477,0.150518,40.0,21.0,19.0,0.0,0.0,2.0,0.0,2.0,-0.0,29846.214844,26738.761719,3107.452881,4.761905,0.0,11.171705,5.72908,5.156172,0.0,1.0,0.0,0.0,0.0,0.0,0.0,0.0,0.0,0.0,0.0,0.0,0.0,0.0,0.0,1.0,0.0,0.0,0.0,0.0,0.0,0.0,0.0,0.0,0.0,0.0,0.0,0.0,0.0,0.0,0.0,1.0,1.0
13740.0,12449.0,1291.0,0.0,0.0,655.21051,75.941177,64256.0,31872.0,3.129486,1721542656.0,3.129486,0.0,3.129486,3.129486,3.129486,62.0,64.0,0.231835,0.001523,0.230312,36.0,19.0,17.0,0.0,0.0,1.0,0.0,1.0,-0.0,33257.855469,30149.359375,3108.497559,2.702703,0.0,11.183945,5.751743,5.11266,0.0,1.0,0.0,0.0,0.0,0.0,0.0,0.0,0.0,0.0,0.0,0.0,0.0,0.0,0.0,1.0,0.0,0.0,0.0,0.0,0.0,0.0,0.0,0.0,0.0,0.0,0.0,0.0,0.0,0.0,0.0,1.0,1.0
13816.0,12665.0,1151.0,0.0,0.0,745.0,76.73333,64256.0,31872.0,0.874881,1721542656.0,0.874881,0.0,0.874881,0.874881,0.874881,62.0,64.0,0.22528,0.009159,0.216121,32.0,17.0,15.0,0.0,0.0,0.0,0.0,0.0,-0.0,118827.585938,108997.679688,9829.908203,0.0,0.0,35.433388,18.2882,16.002176,0.0,0.0,0.0,0.0,0.0,0.0,0.0,0.0,0.0,0.0,0.0,0.0,0.0,0.0,0.0,1.0,0.0,0.0,0.0,0.0,0.0,0.0,0.0,0.0,0.0,0.0,0.0,0.0,0.0,0.0,0.0,0.0,1.0
9504.0,8419.0,1085.0,0.0,0.0,526.1875,83.46154,64256.0,31872.0,4.624876,1721542656.0,4.624876,0.0,4.624876,4.624876,4.624876,62.0,64.0,0.063861,0.004523,0.059338,29.0,16.0,13.0,0.0,0.0,3.0,1.0,2.0,-0.0,15386.358398,13653.123047,1733.235596,9.375,0.0,6.054216,3.24333,2.594664,1.0,0.0,0.0,0.0,0.0,0.0,0.0,0.0,0.0,0.0,0.0,0.0,0.0,0.0,0.0,0.0,0.0,0.0,0.0,0.0,0.0,0.0,0.0,0.0,0.0,1.0,0.0,0.0,0.0,0.0,0.0,1.0,1.0
1580.0,1514.0,66.0,0.0,0.0,1514.0,66.0,64256.0,31872.0,0.00998,1721542656.0,0.00998,0.0,0.00998,0.00998,0.00998,62.0,64.0,0.063861,0.004523,0.059338,2.0,1.0,1.0,0.0,0.0,1.0,1.0,0.0,-0.0,0.0,0.0,0.0,33.333333,0.0,100.200401,0.0,0.0,0.0,0.0,0.0,1.0,1.0,1.0,0.0,0.0,0.0,0.0,0.0,0.0,0.0,0.0,0.0,0.0,0.0,0.0,0.0,0.0,0.0,0.0,0.0,0.0,0.0,0.0,0.0,0.0,0.0,0.0,0.0,1.0,1.0
3960.0,3392.0,568.0,0.0,0.0,848.0,71.0,64256.0,31872.0,4.301812,1721542656.0,4.301812,0.0,4.301812,4.301812,4.301812,62.0,64.0,0.063861,0.004523,0.059338,12.0,4.0,8.0,0.0,0.0,4.0,0.0,4.0,-0.0,5655.291016,4731.029297,924.261658,25.0,0.0,2.557062,0.697381,1.627221,0.0,1.0,0.0,0.0,1.0,0.0,0.0,0.0,0.0,0.0,0.0,0.0,0.0,0.0,0.0,0.0,0.0,0.0,1.0,0.0,0.0,0.0,0.0,0.0,0.0,0.0,0.0,0.0,0.0,0.0,0.0,1.0,1.0
411.0,204.0,207.0,0.0,0.0,68.0,69.0,64256.0,31872.0,0.188362,1721542656.0,0.188362,0.0,0.188362,0.188362,0.188362,62.0,64.0,0.063861,0.004523,0.059338,6.0,3.0,3.0,0.0,0.0,0.0,0.0,0.0,-0.0,11637.166992,5776.111816,5861.054688,0.0,0.0,26.544632,10.617853,10.617853,0.0,0.0,0.0,0.0,1.0,0.0,0.0,0.0,0.0,0.0,0.0,1.0,0.0,0.0,0.0,0.0,0.0,0.0,0.0,0.0,0.0,0.0,0.0,0.0,0.0,0.0,0.0,0.0,0.0,0.0,0.0,1.0,1.0
14752.0,13469.0,1283.0,0.0,0.0,748.277771,75.470589,64256.0,31872.0,0.944749,1721542656.0,0.944749,0.0,0.944749,0.944749,0.944749,62.0,64.0,0.150582,0.020903,0.129679,35.0,18.0,17.0,0.0,0.0,0.0,0.0,0.0,-0.0,117948.789062,107719.617188,10229.171875,0.0,0.0,35.988396,17.994198,16.935715,0.0,0.0,0.0,0.0,0.0,0.0,0.0,0.0,0.0,0.0,0.0,0.0,0.0,0.0,0.0,1.0,0.0,0.0,0.0,0.0,0.0,0.0,0.0,0.0,0.0,0.0,0.0,0.0,0.0,0.0,0.0,0.0,1.0
15130.0,13847.0,1283.0,0.0,0.0,769.277771,75.470589,64256.0,31872.0,0.584925,1721542656.0,0.584925,0.0,0.584925,0.584925,0.584925,62.0,64.0,0.047968,0.002037,0.045931,35.0,18.0,17.0,0.0,0.0,0.0,0.0,0.0,-0.0,195389.15625,178867.375,16521.777344,0.0,0.0,58.12711,29.063555,27.353935,0.0,0.0,0.0,0.0,0.0,0.0,0.0,0.0,0.0,0.0,0.0,0.0,0.0,0.0,0.0,1.0,0.0,0.0,0.0,0.0,0.0,0.0,0.0,0.0,0.0,0.0,0.0,0.0,0.0,0.0,0.0,0.0,1.0
15514.0,14231.0,1283.0,0.0,0.0,790.611084,75.470589,64256.0,31872.0,1.089029,1721542656.0,1.089029,0.0,1.089029,1.089029,1.089029,62.0,64.0,0.105078,0.002009,0.103069,35.0,18.0,17.0,0.0,0.0,0.0,0.0,0.0,-0.0,107611.460938,98737.5,8873.960938,0.0,0.0,31.220474,15.610237,14.691988,0.0,0.0,0.0,0.0,0.0,0.0,0.0,0.0,0.0,0.0,0.0,0.0,0.0,0.0,0.0,1.0,0.0,0.0,0.0,0.0,0.0,0.0,0.0,0.0,0.0,0.0,0.0,0.0,0.0,0.0,0.0,0.0,1.0
16048.0,14765.0,1283.0,0.0,0.0,738.25,75.470589,64256.0,31872.0,0.936821,1721542656.0,0.936821,0.0,0.936821,0.936821,0.936821,62.0,64.0,0.107647,0.003038,0.104609,37.0,20.0,17.0,0.0,0.0,0.0,0.0,0.0,-0.0,130099.5625,119783.820312,10315.738281,0.0,0.0,38.427834,20.281357,17.079037,0.0,0.0,0.0,0.0,0.0,0.0,0.0,0.0,0.0,0.0,0.0,0.0,0.0,0.0,0.0,1.0,0.0,0.0,0.0,0.0,0.0,0.0,0.0,0.0,0.0,0.0,0.0,0.0,0.0,0.0,0.0,1.0,1.0
16300.0,15083.0,1217.0,0.0,0.0,793.842102,76.0625,64256.0,31872.0,0.994966,1721542656.0,0.994966,0.0,0.994966,0.994966,0.994966,62.0,64.0,0.109374,0.001986,0.107388,35.0,19.0,16.0,0.0,0.0,0.0,0.0,0.0,-0.0,124072.585938,114898.398438,9174.183594,0.0,0.0,34.172024,18.09107,15.075892,0.0,0.0,0.0,0.0,0.0,0.0,0.0,0.0,0.0,0.0,0.0,0.0,0.0,0.0,0.0,1.0,0.0,0.0,0.0,0.0,0.0,0.0,0.0,0.0,0.0,0.0,0.0,0.0,0.0,0.0,0.0,0.0,1.0
16702.0,15485.0,1217.0,0.0,0.0,815.0,76.0625,64256.0,31872.0,1.253279,1721542656.0,1.253279,0.0,1.253279,1.253279,1.253279,62.0,64.0,0.107468,0.000995,0.106473,35.0,19.0,16.0,0.0,0.0,0.0,0.0,0.0,-0.0,100925.65625,93642.359375,7283.294434,0.0,0.0,27.128836,14.362325,11.968604,0.0,0.0,0.0,0.0,0.0,0.0,0.0,0.0,0.0,0.0,0.0,0.0,0.0,0.0,0.0,1.0,0.0,0.0,0.0,0.0,0.0,0.0,0.0,0.0,0.0,0.0,0.0,0.0,0.0,0.0,0.0,0.0,1.0
17308.0,15959.0,1349.0,0.0,0.0,797.950012,74.944443,64256.0,31872.0,0.639561,1721542656.0,0.639561,0.0,0.639561,0.639561,0.639561,62.0,64.0,0.045344,0.000496,0.044848,38.0,20.0,18.0,0.0,0.0,0.0,0.0,0.0,-0.0,205603.53125,189655.09375,15948.439453,0.0,0.0,57.852184,29.707878,26.580732,0.0,0.0,0.0,0.0,0.0,0.0,0.0,0.0,0.0,0.0,0.0,0.0,0.0,0.0,0.0,1.0,0.0,0.0,0.0,0.0,0.0,0.0,0.0,0.0,0.0,0.0,0.0,0.0,0.0,0.0,0.0,0.0,1.0
842.0,218.0,624.0,0.0,0.0,72.666664,104.0,64256.0,31872.0,4.694973,1721542656.0,4.694973,0.0,4.694973,4.694973,4.694973,62.0,64.0,0.175012,0.003477,0.171535,9.0,3.0,6.0,0.0,0.0,4.0,0.0,4.0,-0.0,1134.830811,248.776718,886.054077,30.769231,0.0,1.70395,0.425988,1.064969,0.0,1.0,0.0,0.0,0.0,0.0,0.0,0.0,0.0,0.0,0.0,0.0,0.0,0.0,0.0,0.0,0.0,0.0,0.0,0.0,0.0,0.0,0.0,1.0,0.0,0.0,0.0,0.0,0.0,0.0,0.0,1.0,1.0
5747.0,5107.0,640.0,2896.0,0.0,510.700012,80.0,64256.0,31872.0,2.315438,1721542656.0,2.315438,0.0,2.315438,2.315438,2.315438,62.0,64.0,0.175012,0.003477,0.171535,18.0,10.0,8.0,0.0,0.0,1.0,0.0,1.0,-0.0,17817.794922,15882.956055,1934.839111,5.263158,0.0,7.342023,3.886954,3.023186,0.0,1.0,0.0,0.0,1.0,0.0,0.0,0.0,0.0,0.0,0.0,0.0,0.0,0.0,0.0,0.0,0.0,0.0,1.0,0.0,0.0,0.0,0.0,0.0,0.0,0.0,0.0,0.0,0.0,0.0,0.0,1.0,1.0
12037.0,11270.0,767.0,0.0,0.0,1127.0,69.727272,64256.0,31872.0,0.349478,1721542656.0,0.349478,0.0,0.349478,0.349478,0.349478,62.0,64.0,0.175012,0.003477,0.171535,21.0,10.0,11.0,0.0,0.0,2.0,2.0,0.0,-0.0,248164.40625,232186.28125,15978.115234,8.695652,0.0,57.228207,25.752693,28.614103,0.0,0.0,0.0,1.0,1.0,0.0,0.0,0.0,0.0,0.0,0.0,1.0,0.0,0.0,0.0,0.0,0.0,0.0,0.0,0.0,0.0,0.0,0.0,0.0,0.0,0.0,0.0,0.0,0.0,0.0,0.0,1.0,1.0
18010.0,16793.0,1217.0,0.0,0.0,839.650024,76.0625,64256.0,31872.0,0.558075,1721542656.0,0.558075,0.0,0.558075,0.558075,0.558075,62.0,64.0,0.061887,0.000994,0.060893,36.0,20.0,16.0,0.0,0.0,0.0,0.0,0.0,-0.0,245056.65625,228700.4375,16356.224609,0.0,0.0,62.715584,34.045601,26.878107,0.0,0.0,0.0,0.0,0.0,0.0,0.0,0.0,0.0,0.0,0.0,0.0,0.0,0.0,0.0,1.0,0.0,0.0,0.0,0.0,0.0,0.0,0.0,0.0,0.0,0.0,0.0,0.0,0.0,0.0,0.0,0.0,1.0
18568.0,17219.0,1349.0,0.0,0.0,860.950012,74.944443,64256.0,31872.0,0.627639,1721542656.0,0.627639,0.0,0.627639,0.627639,0.627639,62.0,64.0,0.057041,0.003476,0.053565,38.0,20.0,18.0,0.0,0.0,0.0,0.0,0.0,-0.0,224766.15625,208514.765625,16251.379883,0.0,0.0,58.951084,30.272179,27.085634,0.0,0.0,0.0,0.0,0.0,0.0,0.0,0.0,0.0,0.0,0.0,0.0,0.0,0.0,0.0,1.0,0.0,0.0,0.0,0.0,0.0,0.0,0.0,0.0,0.0,0.0,0.0,0.0,0.0,0.0,0.0,0.0,1.0
19000.0,17717.0,1283.0,0.0,0.0,843.666687,75.470589,64256.0,31872.0,0.666091,1721542656.0,0.666091,0.0,0.666091,0.666091,0.666091,61.0,64.0,0.043927,0.002476,0.041451,38.0,21.0,17.0,0.0,0.0,0.0,0.0,0.0,-0.0,217171.515625,202662.984375,14508.527344,0.0,0.0,55.547962,30.025927,24.020741,0.0,0.0,0.0,0.0,0.0,0.0,0.0,0.0,0.0,0.0,0.0,0.0,0.0,0.0,0.0,1.0,0.0,0.0,0.0,0.0,0.0,0.0,0.0,0.0,0.0,0.0,0.0,0.0,0.0,0.0,0.0,0.0,1.0
19438.0,18155.0,1283.0,0.0,0.0,864.523804,75.470589,64256.0,31872.0,0.766827,1721542656.0,0.766827,0.0,0.766827,0.766827,0.766827,61.0,64.0,0.091333,0.001986,0.089347,38.0,21.0,17.0,0.0,0.0,0.0,0.0,0.0,-0.0,192992.6875,180390.109375,12602.582031,0.0,0.0,48.250778,26.081503,20.865202,0.0,0.0,0.0,0.0,0.0,0.0,0.0,0.0,0.0,0.0,0.0,0.0,0.0,0.0,0.0,1.0,0.0,0.0,0.0,0.0,0.0,0.0,0.0,0.0,0.0,0.0,0.0,0.0,0.0,0.0,0.0,0.0,1.0
19882.0,18599.0,1283.0,0.0,0.0,885.666687,75.470589,64256.0,31872.0,0.760475,1721542656.0,0.760475,0.0,0.760475,0.760475,0.760475,61.0,64.0,0.077289,0.011654,0.065635,38.0,21.0,17.0,0.0,0.0,0.0,0.0,0.0,-0.0,199054.546875,186346.703125,12707.847656,0.0,0.0,48.653805,26.299353,21.039482,0.0,0.0,0.0,0.0,0.0,0.0,0.0,0.0,0.0,0.0,0.0,0.0,0.0,0.0,0.0,1.0,0.0,0.0,0.0,0.0,0.0,0.0,0.0,0.0,0.0,0.0,0.0,0.0,0.0,0.0,0.0,0.0,1.0
20398.0,19115.0,1283.0,0.0,0.0,868.863647,75.470589,64256.0,31872.0,0.735675,1721542656.0,0.735675,0.0,0.735675,0.735675,0.735675,61.0,64.0,0.061827,0.004523,0.057304,39.0,22.0,17.0,0.0,0.0,0.0,0.0,0.0,-0.0,211560.8125,198424.578125,13136.235352,0.0,0.0,51.653244,28.545214,21.748735,0.0,0.0,0.0,0.0,0.0,0.0,0.0,0.0,0.0,0.0,0.0,0.0,0.0,0.0,0.0,1.0,0.0,0.0,0.0,0.0,0.0,0.0,0.0,0.0,0.0,0.0,0.0,0.0,0.0,0.0,0.0,0.0,1.0
20998.0,19649.0,1349.0,0.0,0.0,854.304321,74.944443,64256.0,31872.0,0.679369,1721542656.0,0.679369,0.0,0.679369,0.679369,0.679369,62.0,64.0,0.061815,0.000994,0.060821,41.0,23.0,18.0,0.0,0.0,0.0,0.0,0.0,-0.0,236336.96875,221323.03125,15013.932617,0.0,0.0,58.878166,32.382992,25.023222,0.0,0.0,0.0,0.0,0.0,0.0,0.0,0.0,0.0,0.0,0.0,0.0,0.0,0.0,0.0,1.0,0.0,0.0,0.0,0.0,0.0,0.0,0.0,0.0,0.0,0.0,0.0,0.0,0.0,0.0,0.0,1.0,1.0
2965.0,2219.0,746.0,0.0,0.0,221.899994,82.888885,64256.0,31872.0,2.936989,1721542656.0,2.936989,0.0,2.936989,2.936989,2.936989,62.0,64.0,0.196587,0.012756,0.183831,19.0,10.0,9.0,0.0,0.0,1.0,0.0,1.0,-0.0,7250.963379,5442.308105,1808.655029,5.0,0.0,6.128726,3.064363,2.723878,0.0,1.0,0.0,0.0,0.0,0.0,0.0,0.0,0.0,0.0,0.0,0.0,0.0,0.0,0.0,0.0,0.0,0.0,0.0,0.0,0.0,0.0,0.0,0.0,0.0,1.0,0.0,0.0,0.0,0.0,0.0,1.0,1.0
18839.0,17958.0,881.0,0.0,0.0,1282.714233,73.416664,64256.0,31872.0,2.067183,1721542656.0,2.067183,0.0,2.067183,2.067183,2.067183,62.0,64.0,0.196587,0.012756,0.183831,26.0,14.0,12.0,0.0,0.0,7.0,7.0,0.0,-0.0,67663.09375,64536.132812,3126.960693,21.212121,0.0,12.093753,6.288751,5.321251,0.0,0.0,0.0,1.0,1.0,0.0,0.0,0.0,0.0,0.0,0.0,1.0,0.0,0.0,0.0,0.0,0.0,0.0,0.0,0.0,0.0,0.0,0.0,0.0,0.0,0.0,0.0,0.0,0.0,0.0,0.0,1.0,1.0
21916.0,20567.0,1349.0,0.0,0.0,894.217407,74.944443,64256.0,31872.0,0.568022,1721542656.0,0.568022,0.0,0.568022,0.568022,0.568022,62.0,64.0,0.032003,0.000497,0.031506,41.0,23.0,18.0,0.0,0.0,0.0,0.0,0.0,-0.0,295030.8125,277073.78125,17957.050781,0.0,0.0,70.419807,38.730892,29.928417,0.0,0.0,0.0,0.0,0.0,0.0,0.0,0.0,0.0,0.0,0.0,0.0,0.0,0.0,0.0,1.0,0.0,0.0,0.0,0.0,0.0,0.0,0.0,0.0,0.0,0.0,0.0,0.0,0.0,0.0,0.0,0.0,1.0
22872.0,21185.0,1687.0,0.0,0.0,847.400024,73.347824,64256.0,31872.0,2.51409,1721542656.0,2.51409,0.0,2.51409,2.51409,2.51409,62.0,64.0,0.246806,0.00298,0.243826,48.0,25.0,23.0,0.0,0.0,1.0,0.0,1.0,-0.0,69852.710938,64716.855469,5135.854004,2.040816,0.0,18.694637,9.546197,8.750681,0.0,1.0,0.0,0.0,0.0,0.0,0.0,0.0,0.0,0.0,0.0,0.0,0.0,0.0,0.0,1.0,0.0,0.0,0.0,0.0,0.0,0.0,0.0,0.0,0.0,0.0,0.0,0.0,0.0,0.0,0.0,1.0,1.0
22870.0,21521.0,1349.0,0.0,0.0,935.695679,74.944443,64256.0,31872.0,0.536584,1721542656.0,0.536584,0.0,0.536584,0.536584,0.536584,62.0,64.0,0.048002,0.000492,0.04751,41.0,23.0,18.0,0.0,0.0,0.0,0.0,0.0,-0.0,325928.46875,306919.3125,19009.138672,0.0,0.0,74.545639,41.000103,31.681898,0.0,0.0,0.0,0.0,0.0,0.0,0.0,0.0,0.0,0.0,0.0,0.0,0.0,0.0,0.0,1.0,0.0,0.0,0.0,0.0,0.0,0.0,0.0,0.0,0.0,0.0,0.0,0.0,0.0,0.0,0.0,0.0,1.0
23422.0,22073.0,1349.0,0.0,0.0,919.708313,74.944443,64256.0,31872.0,0.447535,1721542656.0,0.447535,0.0,0.447535,0.447535,0.447535,62.0,64.0,0.046343,0.001007,0.045336,42.0,24.0,18.0,0.0,0.0,0.0,0.0,0.0,-0.0,400934.0,378142.5,22791.513672,0.0,0.0,91.612946,51.392628,37.985855,0.0,0.0,0.0,0.0,0.0,0.0,0.0,0.0,0.0,0.0,0.0,0.0,0.0,0.0,0.0,1.0,0.0,0.0,0.0,0.0,0.0,0.0,0.0,0.0,0.0,0.0,0.0,0.0,0.0,0.0,0.0,0.0,1.0
24287.0,22709.0,1578.0,0.0,0.0,873.423096,78.900002,64256.0,31872.0,3.220648,1721542656.0,3.220648,0.0,3.220648,3.220648,3.220648,62.0,64.0,0.197623,0.000993,0.19663,46.0,26.0,20.0,0.0,0.0,11.0,10.0,1.0,-0.0,57965.972656,54240.015625,3725.958252,19.298246,0.0,13.972343,7.762413,5.899434,1.0,0.0,0.0,0.0,0.0,0.0,0.0,0.0,0.0,0.0,0.0,0.0,0.0,0.0,0.0,1.0,0.0,0.0,0.0,0.0,0.0,0.0,0.0,0.0,0.0,0.0,0.0,0.0,0.0,0.0,0.0,1.0,1.0
762.0,302.0,460.0,0.0,0.0,75.5,92.0,64256.0,31872.0,1.287497,1721542656.0,1.287497,0.0,1.287497,1.287497,1.287497,62.0,64.0,0.212474,0.003023,0.209451,9.0,4.0,5.0,0.0,0.0,1.0,0.0,1.0,-0.0,3697.095947,1410.488647,2286.607178,10.0,0.0,6.213606,2.330102,3.106803,0.0,1.0,0.0,0.0,0.0,0.0,0.0,0.0,0.0,0.0,0.0,0.0,0.0,0.0,0.0,0.0,0.0,0.0,0.0,0.0,0.0,0.0,0.0,0.0,0.0,1.0,0.0,0.0,0.0,0.0,0.0,1.0,1.0
24043.0,22839.0,1204.0,0.0,0.0,1087.571411,70.823532,64256.0,31872.0,3.228772,1721542656.0,3.228772,0.0,3.228772,3.228772,3.228772,62.0,64.0,0.212474,0.003023,0.209451,38.0,21.0,17.0,0.0,0.0,1.0,1.0,0.0,-0.0,56705.152344,53895.414062,2809.737061,2.564103,0.0,11.459465,6.194305,4.955444,0.0,0.0,0.0,1.0,1.0,0.0,0.0,0.0,0.0,0.0,0.0,1.0,0.0,0.0,0.0,0.0,0.0,0.0,0.0,0.0,0.0,0.0,0.0,0.0,0.0,0.0,0.0,0.0,0.0,0.0,0.0,1.0,1.0
25048.0,23633.0,1415.0,0.0,0.0,945.320007,74.473686,64256.0,31872.0,0.729357,1721542656.0,0.729357,0.0,0.729357,0.729357,0.729357,62.0,64.0,0.114279,0.024265,0.090014,44.0,25.0,19.0,0.0,0.0,0.0,0.0,0.0,-0.0,263563.65625,248854.8125,14708.84668,0.0,0.0,58.956039,32.905697,24.679272,0.0,0.0,0.0,0.0,0.0,0.0,0.0,0.0,0.0,0.0,0.0,0.0,0.0,0.0,0.0,1.0,0.0,0.0,0.0,0.0,0.0,0.0,0.0,0.0,0.0,0.0,0.0,0.0,0.0,0.0,0.0,0.0,1.0
25558.0,24143.0,1415.0,0.0,0.0,965.719971,74.473686,64256.0,31872.0,1.36788,1721542656.0,1.36788,0.0,1.36788,1.36788,1.36788,62.0,64.0,0.132045,0.002484,0.129561,44.0,25.0,19.0,0.0,0.0,0.0,0.0,0.0,-0.0,143398.546875,135555.75,7842.793457,0.0,0.0,31.435507,17.545399,13.159049,0.0,0.0,0.0,0.0,0.0,0.0,0.0,0.0,0.0,0.0,0.0,0.0,0.0,0.0,0.0,1.0,0.0,0.0,0.0,0.0,0.0,0.0,0.0,0.0,0.0,0.0,0.0,0.0,0.0,0.0,0.0,0.0,1.0
26389.0,24803.0,1586.0,0.0,0.0,918.629639,75.523811,64256.0,31872.0,2.738581,1721542656.0,2.738581,0.0,2.738581,2.738581,2.738581,62.0,64.0,0.271999,0.012021,0.259978,48.0,27.0,21.0,0.0,0.0,1.0,0.0,1.0,-0.0,74187.328125,69773.359375,4413.964844,2.040816,0.0,17.162172,9.493968,7.303052,0.0,1.0,0.0,0.0,0.0,0.0,0.0,0.0,0.0,0.0,0.0,0.0,0.0,0.0,0.0,1.0,0.0,0.0,0.0,0.0,0.0,0.0,0.0,0.0,0.0,0.0,0.0,0.0,0.0,0.0,0.0,1.0,1.0
26662.0,25247.0,1415.0,0.0,0.0,971.038452,74.473686,64256.0,31872.0,1.694087,1721542656.0,1.694087,0.0,1.694087,1.694087,1.694087,62.0,64.0,0.09885,0.00447,0.09438,45.0,26.0,19.0,0.0,0.0,0.0,0.0,0.0,-0.0,120971.351562,114638.742188,6332.614258,0.0,0.0,25.972692,14.757211,10.625192,0.0,0.0,0.0,0.0,0.0,0.0,0.0,0.0,0.0,0.0,0.0,0.0,0.0,0.0,0.0,1.0,0.0,0.0,0.0,0.0,0.0,0.0,0.0,0.0,0.0,0.0,0.0,0.0,0.0,0.0,0.0,0.0,1.0
27190.0,25775.0,1415.0,0.0,0.0,991.34613,74.473686,64256.0,31872.0,1.208505,1721542656.0,1.208505,0.0,1.208505,1.208505,1.208505,62.0,64.0,0.090724,0.005483,0.085241,45.0,26.0,19.0,0.0,0.0,0.0,0.0,0.0,-0.0,172940.9375,164063.859375,8877.083008,0.0,0.0,36.408619,20.686716,14.894435,0.0,0.0,0.0,0.0,0.0,0.0,0.0,0.0,0.0,0.0,0.0,0.0,0.0,0.0,0.0,1.0,0.0,0.0,0.0,0.0,0.0,0.0,0.0,0.0,0.0,0.0,0.0,0.0,0.0,0.0,0.0,0.0,1.0
28086.0,26531.0,1555.0,0.0,0.0,914.862061,74.047623,64256.0,31872.0,1.410178,1721542656.0,1.410178,0.0,1.410178,1.410178,1.410178,62.0,64.0,0.09341,0.004469,0.088941,50.0,29.0,21.0,0.0,0.0,1.0,0.0,1.0,-0.0,153728.109375,145326.34375,8401.776367,1.960784,0.0,34.747387,19.85565,14.182608,0.0,1.0,0.0,0.0,0.0,0.0,0.0,0.0,0.0,0.0,0.0,0.0,0.0,0.0,0.0,1.0,0.0,0.0,0.0,0.0,0.0,0.0,0.0,0.0,0.0,0.0,0.0,0.0,0.0,0.0,0.0,1.0,1.0
28396.0,26915.0,1481.0,0.0,0.0,996.851868,74.050003,64256.0,31872.0,0.638792,1721542656.0,0.638792,0.0,0.638792,0.638792,0.638792,62.0,64.0,0.058363,0.000994,0.057369,47.0,27.0,20.0,0.0,0.0,0.0,0.0,0.0,-0.0,342220.96875,324600.1875,17620.759766,0.0,0.0,72.010925,40.701824,29.743643,0.0,0.0,0.0,0.0,0.0,0.0,0.0,0.0,0.0,0.0,0.0,0.0,0.0,0.0,0.0,1.0,0.0,0.0,0.0,0.0,0.0,0.0,0.0,0.0,0.0,0.0,0.0,0.0,0.0,0.0,0.0,0.0,1.0
28942.0,27461.0,1481.0,0.0,0.0,1017.074097,74.050003,64256.0,31872.0,0.594004,1721542656.0,0.594004,0.0,0.594004,0.594004,0.594004,62.0,64.0,0.062525,0.000994,0.061531,47.0,27.0,20.0,0.0,0.0,0.0,0.0,0.0,-0.0,375095.09375,356145.75,18949.367188,0.0,0.0,77.440559,43.770752,31.986319,0.0,0.0,0.0,0.0,0.0,0.0,0.0,0.0,0.0,0.0,0.0,0.0,0.0,0.0,0.0,1.0,0.0,0.0,0.0,0.0,0.0,0.0,0.0,0.0,0.0,0.0,0.0,0.0,0.0,0.0,0.0,0.0,1.0
29560.0,28079.0,1481.0,0.0,0.0,1002.821411,74.050003,64256.0,31872.0,1.362505,1721542656.0,1.362505,0.0,1.362505,1.362505,1.362505,62.0,64.0,0.154006,0.007504,0.146502,48.0,28.0,20.0,0.0,0.0,0.0,0.0,0.0,-0.0,167244.890625,158983.640625,8261.253906,0.0,0.0,34.495289,19.816442,13.944903,0.0,0.0,0.0,0.0,0.0,0.0,0.0,0.0,0.0,0.0,0.0,0.0,0.0,0.0,0.0,1.0,0.0,0.0,0.0,0.0,0.0,0.0,0.0,0.0,0.0,0.0,0.0,0.0,0.0,0.0,0.0,0.0,1.0
30412.0,28637.0,1775.0,0.0,0.0,1022.75,77.173912,64256.0,31872.0,2.088371,1721542656.0,2.088371,0.0,2.088371,2.088371,2.088371,62.0,64.0,0.198253,0.003007,0.195246,51.0,28.0,23.0,0.0,0.0,3.0,3.0,0.0,-0.0,112290.390625,105785.796875,6504.591309,5.555556,0.0,23.942106,12.928737,10.534527,0.0,0.0,0.0,1.0,0.0,0.0,0.0,0.0,0.0,0.0,0.0,0.0,0.0,0.0,0.0,1.0,0.0,0.0,0.0,0.0,0.0,0.0,0.0,0.0,0.0,0.0,0.0,0.0,0.0,0.0,0.0,1.0,1.0
30682.0,29201.0,1481.0,0.0,0.0,1042.892822,74.050003,64256.0,31872.0,0.62095,1721542656.0,0.62095,0.0,0.62095,0.62095,0.62095,62.0,64.0,0.077499,0.000499,0.077,48.0,28.0,20.0,0.0,0.0,0.0,0.0,0.0,-0.0,380913.125,362786.0625,18127.064453,0.0,0.0,75.690475,43.481762,30.598278,0.0,0.0,0.0,0.0,0.0,0.0,0.0,0.0,0.0,0.0,0.0,0.0,0.0,0.0,0.0,1.0,0.0,0.0,0.0,0.0,0.0,0.0,0.0,0.0,0.0,0.0,0.0,0.0,0.0,0.0,0.0,0.0,1.0
31384.0,29837.0,1547.0,0.0,0.0,1028.862061,73.666664,64256.0,31872.0,0.645363,1721542656.0,0.645363,0.0,0.645363,0.645363,0.645363,62.0,64.0,0.070489,0.010046,0.060443,50.0,29.0,21.0,0.0,0.0,0.0,0.0,0.0,-0.0,375391.84375,357119.96875,18271.888672,0.0,0.0,75.926262,43.386436,30.990313,0.0,0.0,0.0,0.0,0.0,0.0,0.0,0.0,0.0,0.0,0.0,0.0,0.0,0.0,0.0,1.0,0.0,0.0,0.0,0.0,0.0,0.0,0.0,0.0,0.0,0.0,0.0,0.0,0.0,0.0,0.0,0.0,1.0
32026.0,30413.0,1613.0,0.0,0.0,1048.724121,73.318184,64256.0,31872.0,0.995885,1721542656.0,0.995885,0.0,0.995885,0.995885,0.995885,62.0,64.0,0.109474,0.019477,0.089997,51.0,29.0,22.0,0.0,0.0,0.0,0.0,0.0,-0.0,248261.59375,235890.6875,12370.90625,0.0,0.0,50.2066,28.115696,21.086771,0.0,0.0,0.0,0.0,0.0,0.0,0.0,0.0,0.0,0.0,0.0,0.0,0.0,0.0,0.0,1.0,0.0,0.0,0.0,0.0,0.0,0.0,0.0,0.0,0.0,0.0,0.0,0.0,0.0,0.0,0.0,0.0,1.0
32752.0,31139.0,1613.0,0.0,0.0,1004.483887,73.318184,64256.0,31872.0,0.821492,1721542656.0,0.821492,0.0,0.821492,0.821492,0.821492,62.0,64.0,0.060483,0.008939,0.051544,53.0,31.0,22.0,0.0,0.0,0.0,0.0,0.0,-0.0,308463.125,293466.03125,14997.102539,0.0,0.0,63.299458,36.518917,25.563244,0.0,0.0,0.0,0.0,0.0,0.0,0.0,0.0,0.0,0.0,0.0,0.0,0.0,0.0,0.0,1.0,0.0,0.0,0.0,0.0,0.0,0.0,0.0,0.0,0.0,0.0,0.0,0.0,0.0,0.0,0.0,1.0,1.0
33196.0,31649.0,1547.0,0.0,0.0,1054.966675,73.666664,64256.0,31872.0,0.752407,1721542656.0,0.752407,0.0,0.752407,0.752407,0.752407,62.0,64.0,0.065201,0.00303,0.062171,51.0,30.0,21.0,0.0,0.0,0.0,0.0,0.0,-0.0,340975.03125,325302.65625,15672.368164,0.0,0.0,66.453392,38.542969,26.581358,0.0,0.0,0.0,0.0,0.0,0.0,0.0,0.0,0.0,0.0,0.0,0.0,0.0,0.0,0.0,1.0,0.0,0.0,0.0,0.0,0.0,0.0,0.0,0.0,0.0,0.0,0.0,0.0,0.0,0.0,0.0,0.0,1.0
33790.0,32243.0,1547.0,0.0,0.0,1074.766724,73.666664,64256.0,34816.0,0.636473,1721542656.0,0.636473,0.0,0.636473,0.636473,0.636473,62.0,64.0,0.061262,0.00149,0.059772,51.0,30.0,21.0,0.0,0.0,0.0,0.0,0.0,-0.0,410298.625,391771.53125,18527.101562,0.0,0.0,78.55793,45.563599,31.423172,0.0,0.0,0.0,0.0,0.0,0.0,0.0,0.0,0.0,0.0,0.0,0.0,0.0,0.0,0.0,1.0,0.0,0.0,0.0,0.0,0.0,0.0,0.0,0.0,0.0,0.0,0.0,0.0,0.0,0.0,0.0,0.0,1.0
34636.0,32843.0,1793.0,0.0,0.0,1094.766724,74.708336,64256.0,31872.0,2.857143,1721542656.0,2.857143,0.0,2.857143,2.857143,2.857143,62.0,64.0,0.190064,0.004058,0.186006,54.0,30.0,24.0,0.0,0.0,2.0,2.0,0.0,-0.0,93710.398438,88897.195312,4813.199707,3.571429,0.0,18.549999,10.15,8.05,0.0,0.0,0.0,1.0,0.0,0.0,0.0,0.0,0.0,0.0,0.0,0.0,0.0,0.0,0.0,1.0,0.0,0.0,0.0,0.0,0.0,0.0,0.0,0.0,0.0,0.0,0.0,0.0,0.0,0.0,0.0,1.0,1.0
2248.0,1229.0,1019.0,0.0,0.0,122.900002,78.384613,64256.0,31872.0,1.377548,1721542656.0,1.377548,0.0,1.377548,1.377548,1.377548,62.0,64.0,0.160092,0.001505,0.158587,23.0,10.0,13.0,0.0,0.0,0.0,0.0,0.0,-0.0,11893.59668,6428.813965,5464.782227,0.0,0.0,15.970406,6.533348,8.71113,0.0,0.0,0.0,0.0,0.0,0.0,0.0,0.0,0.0,0.0,0.0,0.0,0.0,0.0,0.0,1.0,0.0,0.0,0.0,0.0,0.0,0.0,0.0,0.0,0.0,0.0,0.0,0.0,0.0,0.0,0.0,0.0,10.0
620.0,214.0,406.0,0.0,0.0,71.333336,81.199997,64256.0,31872.0,4.629745,1721542656.0,4.629745,0.0,4.629745,4.629745,4.629745,61.0,64.0,0.51034,0.000995,0.509345,8.0,3.0,5.0,0.0,0.0,4.0,1.0,3.0,-0.0,808.683838,247.097839,561.585999,33.333333,0.0,1.511962,0.431989,0.863978,1.0,0.0,0.0,0.0,0.0,0.0,0.0,0.0,0.0,0.0,0.0,0.0,0.0,0.0,0.0,0.0,0.0,0.0,0.0,0.0,0.0,0.0,0.0,1.0,0.0,0.0,0.0,0.0,0.0,0.0,0.0,0.0,10.0
321.0,150.0,171.0,0.0,0.0,75.0,85.5,64256.0,31872.0,3.7948,1721542656.0,3.7948,0.0,3.7948,3.7948,3.7948,61.0,64.0,0.51034,0.000995,0.509345,4.0,2.0,2.0,0.0,0.0,0.0,0.0,0.0,-0.0,339.411835,158.111099,181.30072,0.0,0.0,0.790555,0.263518,0.263518,0.0,0.0,0.0,0.0,1.0,0.0,0.0,0.0,0.0,0.0,0.0,0.0,0.0,0.0,0.0,0.0,0.0,0.0,1.0,0.0,0.0,0.0,0.0,0.0,0.0,0.0,0.0,0.0,0.0,0.0,0.0,0.0,10.0
1816.0,1035.0,781.0,0.0,0.0,147.857147,78.099998,64256.0,31872.0,4.023772,1721542656.0,4.023772,0.0,4.023772,4.023772,4.023772,62.0,64.0,0.51034,0.000995,0.509345,17.0,7.0,10.0,0.0,0.0,1.0,0.0,1.0,-0.0,3163.201172,1765.50769,1397.693604,5.555556,0.0,3.976369,1.491138,2.236707,0.0,1.0,0.0,0.0,1.0,0.0,0.0,0.0,0.0,0.0,0.0,1.0,0.0,0.0,0.0,0.0,0.0,0.0,0.0,0.0,0.0,0.0,0.0,0.0,0.0,0.0,0.0,0.0,0.0,0.0,0.0,1.0,10.0
1102.0,489.0,613.0,0.0,0.0,81.5,87.571426,64256.0,31872.0,4.770407,1721542656.0,4.770407,0.0,4.770407,4.770407,4.770407,62.0,64.0,0.33936,0.001131,0.338229,13.0,6.0,7.0,0.0,0.0,1.0,0.0,1.0,-0.0,1566.323364,684.218323,882.10498,7.142857,0.0,2.515508,1.048129,1.257754,0.0,1.0,0.0,0.0,0.0,0.0,0.0,0.0,0.0,0.0,0.0,0.0,0.0,0.0,0.0,0.0,0.0,0.0,0.0,0.0,0.0,0.0,0.0,0.0,0.0,1.0,0.0,0.0,0.0,0.0,0.0,0.0,10.0
1154.0,770.0,384.0,0.0,0.0,192.5,76.800003,64256.0,31872.0,0.896117,1721542656.0,0.896117,0.0,0.896117,0.896117,0.896117,62.0,64.0,0.33936,0.001131,0.338229,9.0,4.0,5.0,0.0,0.0,0.0,0.0,0.0,-0.0,7909.681641,5160.040527,2749.641113,0.0,0.0,8.927406,3.347777,4.463703,0.0,0.0,0.0,0.0,1.0,0.0,0.0,0.0,0.0,0.0,0.0,1.0,0.0,0.0,0.0,0.0,0.0,0.0,0.0,0.0,0.0,0.0,0.0,0.0,0.0,0.0,0.0,0.0,0.0,0.0,0.0,0.0,10.0
960.0,290.0,670.0,0.0,0.0,72.5,95.714287,64256.0,31872.0,4.288615,1721542656.0,4.288615,0.0,4.288615,4.288615,4.288615,62.0,64.0,0.308046,0.0,0.308046,11.0,4.0,7.0,0.0,0.0,3.0,0.0,3.0,-0.0,1479.265381,406.658081,1072.6073,21.428571,0.0,2.331755,0.699526,1.399053,0.0,1.0,0.0,0.0,0.0,0.0,0.0,0.0,0.0,0.0,0.0,0.0,0.0,0.0,0.0,0.0,0.0,0.0,0.0,0.0,0.0,0.0,0.0,0.0,0.0,1.0,0.0,0.0,0.0,0.0,0.0,0.0,10.0
1704.0,993.0,711.0,0.0,0.0,165.5,79.0,64256.0,31872.0,3.883827,1721542656.0,3.883827,0.0,3.883827,3.883827,3.883827,62.0,64.0,0.308046,0.0,0.308046,15.0,6.0,9.0,0.0,0.0,1.0,0.0,1.0,-0.0,3007.343018,1705.534302,1301.808716,6.25,0.0,3.604692,1.28739,2.059824,0.0,1.0,0.0,0.0,1.0,0.0,0.0,0.0,0.0,0.0,0.0,1.0,0.0,0.0,0.0,0.0,0.0,0.0,0.0,0.0,0.0,0.0,0.0,0.0,0.0,0.0,0.0,0.0,0.0,0.0,0.0,0.0,10.0
2422.0,1387.0,1035.0,0.0,0.0,126.090912,79.615387,64256.0,31872.0,3.334306,1721542656.0,3.334306,0.0,3.334306,3.334306,3.334306,62.0,64.0,0.156925,0.000803,0.156122,24.0,11.0,13.0,0.0,0.0,3.0,1.0,2.0,-0.0,5319.248047,3025.51709,2293.730713,11.111111,0.0,6.897987,2.999125,3.59895,1.0,0.0,0.0,0.0,0.0,0.0,0.0,0.0,0.0,0.0,0.0,0.0,0.0,0.0,0.0,1.0,0.0,0.0,0.0,0.0,0.0,0.0,0.0,0.0,0.0,0.0,0.0,0.0,0.0,0.0,0.0,0.0,10.0
2236.0,1349.0,887.0,0.0,0.0,134.899994,80.63636,64256.0,31872.0,1.486048,1721542656.0,1.486048,0.0,1.486048,1.486048,1.486048,62.0,64.0,0.169648,0.000993,0.168655,21.0,10.0,11.0,0.0,0.0,0.0,0.0,0.0,-0.0,10885.24707,6540.838379,4344.408691,0.0,0.0,13.458515,6.056332,6.729258,0.0,0.0,0.0,0.0,0.0,0.0,0.0,0.0,0.0,0.0,0.0,0.0,0.0,0.0,0.0,1.0,0.0,0.0,0.0,0.0,0.0,0.0,0.0,0.0,0.0,0.0,0.0,0.0,0.0,0.0,0.0,0.0,10.0
3188.0,2083.0,1105.0,0.0,0.0,189.363632,78.928574,64256.0,31872.0,3.431074,1721542656.0,3.431074,0.0,3.431074,3.431074,3.431074,62.0,64.0,0.325598,0.000994,0.324604,25.0,11.0,14.0,0.0,0.0,1.0,0.0,1.0,-0.0,6810.695801,4416.109863,2394.585449,3.846154,0.0,6.994895,2.914539,3.788901,0.0,1.0,0.0,0.0,0.0,0.0,0.0,0.0,0.0,0.0,0.0,0.0,0.0,0.0,0.0,1.0,0.0,0.0,0.0,0.0,0.0,0.0,0.0,0.0,0.0,0.0,0.0,0.0,0.0,0.0,0.0,1.0,10.0
2326.0,1439.0,887.0,0.0,0.0,143.899994,80.63636,64256.0,31872.0,2.635409,1721542656.0,2.635409,0.0,2.635409,2.635409,2.635409,62.0,64.0,0.307011,0.000496,0.306515,21.0,10.0,11.0,0.0,0.0,0.0,0.0,0.0,-0.0,6383.828613,3934.114014,2449.7146,0.0,0.0,7.588954,3.41503,3.794477,0.0,0.0,0.0,0.0,0.0,0.0,0.0,0.0,0.0,0.0,0.0,0.0,0.0,0.0,0.0,1.0,0.0,0.0,0.0,0.0,0.0,0.0,0.0,0.0,0.0,0.0,0.0,0.0,0.0,0.0,0.0,0.0,10.0
518.0,222.0,296.0,0.0,0.0,74.0,74.0,8222720.0,4077568.0,3.02943,1721542656.0,3.02943,0.0,3.02943,3.02943,3.02943,62.0,64.0,0.000505,0.000505,0.0,7.0,3.0,4.0,0.0,0.0,5.0,2.0,3.0,-0.0,977.081543,390.832611,586.248901,41.666667,0.0,1.980571,0.66019,0.990285,1.0,0.0,0.0,0.0,0.0,0.0,0.0,0.0,0.0,0.0,0.0,0.0,0.0,0.0,0.0,0.0,0.0,0.0,0.0,0.0,0.0,0.0,0.0,0.0,0.0,0.0,0.0,1.0,0.0,0.0,0.0,0.0,10.0
2438.0,1419.0,1019.0,0.0,0.0,157.666672,78.384613,64256.0,31872.0,1.436602,1721542656.0,1.436602,0.0,1.436602,1.436602,1.436602,62.0,64.0,0.164331,0.000505,0.163826,22.0,9.0,13.0,0.0,0.0,1.0,0.0,1.0,-0.0,12267.837891,7027.694336,5240.143066,4.347826,0.0,14.617827,5.568696,8.353045,0.0,1.0,0.0,0.0,1.0,0.0,0.0,0.0,0.0,0.0,0.0,0.0,1.0,0.0,0.0,0.0,0.0,0.0,0.0,0.0,0.0,0.0,0.0,0.0,0.0,0.0,0.0,0.0,0.0,0.0,0.0,0.0,10.0
296.0,74.0,222.0,0.0,0.0,74.0,74.0,8222720.0,4077568.0,3.071007,1721542656.0,3.071007,0.0,3.071007,3.071007,3.071007,62.0,64.0,0.000996,0.000996,0.0,4.0,1.0,3.0,0.0,0.0,2.0,0.0,2.0,-0.0,385.54129,0.0,385.54129,33.333333,0.0,0.976878,0.0,0.651252,0.0,1.0,0.0,0.0,0.0,0.0,0.0,0.0,0.0,0.0,0.0,0.0,0.0,0.0,0.0,0.0,0.0,0.0,0.0,0.0,0.0,0.0,0.0,0.0,0.0,0.0,0.0,1.0,0.0,0.0,0.0,0.0,10.0
2366.0,1479.0,887.0,0.0,0.0,164.333328,80.63636,64256.0,31872.0,1.188813,1721542656.0,1.188813,0.0,1.188813,1.188813,1.188813,62.0,64.0,0.155305,0.000996,0.154309,20.0,9.0,11.0,0.0,0.0,1.0,0.0,1.0,-0.0,14279.790039,8849.163086,5430.626953,4.761905,0.0,15.982329,6.729402,8.411752,0.0,1.0,0.0,0.0,1.0,0.0,0.0,0.0,0.0,0.0,0.0,0.0,1.0,0.0,0.0,0.0,0.0,0.0,0.0,0.0,0.0,0.0,0.0,0.0,0.0,0.0,0.0,0.0,0.0,0.0,0.0,0.0,10.0
434.0,140.0,294.0,0.0,0.0,70.0,98.0,64256.0,31872.0,1.131908,1721542656.0,1.131908,0.0,1.131908,1.131908,1.131908,62.0,64.0,0.308247,0.001544,0.306703,5.0,2.0,3.0,0.0,0.0,1.0,0.0,1.0,-0.0,1880.011353,494.739838,1385.271484,16.666667,0.0,3.533856,0.883464,1.766928,0.0,1.0,0.0,0.0,0.0,0.0,0.0,0.0,0.0,0.0,0.0,0.0,0.0,0.0,0.0,0.0,0.0,0.0,0.0,0.0,0.0,0.0,0.0,1.0,0.0,0.0,0.0,0.0,0.0,0.0,0.0,0.0,10.0
132.0,66.0,66.0,0.0,0.0,66.0,66.0,64256.0,31872.0,0.0,1721542656.0,0.0,0.0,0.0,0.0,0.0,62.0,64.0,0.164331,0.000505,0.163826,2.0,1.0,1.0,0.0,0.0,0.0,0.0,0.0,-0.0,0.0,0.0,0.0,0.0,0.0,0.0,0.0,0.0,0.0,0.0,0.0,0.0,1.0,0.0,0.0,0.0,1.0,0.0,0.0,0.0,0.0,0.0,0.0,0.0,0.0,0.0,0.0,0.0,0.0,0.0,0.0,0.0,0.0,0.0,0.0,0.0,0.0,0.0,0.0,0.0,10.0
2658.0,1551.0,1107.0,0.0,0.0,172.333328,79.071426,64256.0,31872.0,4.367879,1721542656.0,4.367879,0.0,4.367879,4.367879,4.367879,62.0,64.0,0.308247,0.001544,0.306703,23.0,9.0,14.0,0.0,0.0,4.0,0.0,4.0,-0.0,4408.546875,2525.710938,1882.83606,14.814815,0.0,5.03677,1.831553,2.976273,0.0,1.0,0.0,0.0,1.0,0.0,0.0,0.0,0.0,0.0,0.0,1.0,0.0,0.0,0.0,0.0,0.0,0.0,0.0,0.0,0.0,0.0,0.0,0.0,0.0,0.0,0.0,0.0,0.0,0.0,0.0,1.0,10.0
2866.0,1831.0,1035.0,0.0,0.0,152.583328,79.615387,64256.0,31872.0,2.383054,1721542656.0,2.383054,0.0,2.383054,2.383054,2.383054,62.0,64.0,0.170644,0.000984,0.16966,25.0,12.0,13.0,0.0,0.0,3.0,1.0,2.0,-0.0,8845.791992,5636.464844,3209.327148,10.714286,0.0,10.071111,4.615926,5.035555,1.0,0.0,0.0,0.0,0.0,0.0,0.0,0.0,0.0,0.0,0.0,0.0,0.0,0.0,0.0,1.0,0.0,0.0,0.0,0.0,0.0,0.0,0.0,0.0,0.0,0.0,0.0,0.0,0.0,0.0,0.0,0.0,10.0
2656.0,1769.0,887.0,0.0,0.0,176.899994,80.63636,64256.0,31872.0,1.842241,1721542656.0,1.842241,0.0,1.842241,1.842241,1.842241,61.0,64.0,0.200783,0.001543,0.19924,21.0,10.0,11.0,0.0,0.0,0.0,0.0,0.0,-0.0,10422.088867,6917.661621,3504.42749,0.0,0.0,10.856342,4.885354,5.428171,0.0,0.0,0.0,0.0,0.0,0.0,0.0,0.0,0.0,0.0,0.0,0.0,0.0,0.0,0.0,1.0,0.0,0.0,0.0,0.0,0.0,0.0,0.0,0.0,0.0,0.0,0.0,0.0,0.0,0.0,0.0,0.0,10.0
2872.0,1853.0,1019.0,0.0,0.0,185.300003,78.384613,64256.0,31872.0,1.996076,1721542656.0,1.996076,0.0,1.996076,1.996076,1.996076,61.0,64.0,0.232081,0.001003,0.231078,23.0,10.0,13.0,0.0,0.0,0.0,0.0,0.0,-0.0,10456.515625,6685.116211,3771.399414,0.0,0.0,11.021625,4.508846,6.011795,0.0,0.0,0.0,0.0,0.0,0.0,0.0,0.0,0.0,0.0,0.0,0.0,0.0,0.0,0.0,1.0,0.0,0.0,0.0,0.0,0.0,0.0,0.0,0.0,0.0,0.0,0.0,0.0,0.0,0.0,0.0,0.0,10.0
1115.0,390.0,725.0,0.0,0.0,78.0,80.555557,64256.0,31872.0,4.509239,1721542656.0,4.509239,0.0,4.509239,4.509239,4.509239,62.0,64.0,0.161031,0.001004,0.160027,14.0,5.0,9.0,0.0,0.0,4.0,0.0,4.0,-0.0,1697.847656,553.530212,1144.317261,22.222222,0.0,2.88297,0.887068,1.774135,0.0,1.0,0.0,0.0,0.0,0.0,0.0,0.0,0.0,0.0,0.0,0.0,0.0,0.0,0.0,0.0,0.0,0.0,0.0,0.0,0.0,0.0,0.0,0.0,0.0,1.0,0.0,0.0,0.0,0.0,0.0,0.0,10.0
2229.0,1697.0,532.0,0.0,0.0,242.428574,76.0,64256.0,31872.0,4.818559,1721542656.0,4.818559,0.0,4.818559,4.818559,4.818559,62.0,64.0,0.161031,0.001004,0.160027,14.0,7.0,7.0,0.0,0.0,0.0,0.0,0.0,-0.0,3172.732666,2415.659912,757.072754,0.0,0.0,2.697902,1.245185,1.245185,0.0,0.0,0.0,0.0,1.0,0.0,0.0,0.0,0.0,0.0,0.0,1.0,0.0,0.0,0.0,0.0,0.0,0.0,0.0,0.0,0.0,0.0,0.0,0.0,0.0,0.0,0.0,0.0,0.0,0.0,0.0,1.0,10.0
2926.0,2039.0,887.0,0.0,0.0,203.899994,80.63636,64256.0,31872.0,1.362248,1721542656.0,1.362248,0.0,1.362248,1.362248,1.362248,62.0,64.0,0.169884,0.001004,0.16888,21.0,10.0,11.0,0.0,0.0,0.0,0.0,0.0,-0.0,15521.40332,10782.177734,4739.225586,0.0,0.0,14.681615,6.606727,7.340807,0.0,0.0,0.0,0.0,0.0,0.0,0.0,0.0,0.0,0.0,0.0,0.0,0.0,0.0,0.0,1.0,0.0,0.0,0.0,0.0,0.0,0.0,0.0,0.0,0.0,0.0,0.0,0.0,0.0,0.0,0.0,0.0,10.0
3160.0,2141.0,1019.0,0.0,0.0,214.100006,78.384613,64256.0,31872.0,1.409994,1721542656.0,1.409994,0.0,1.409994,1.409994,1.409994,62.0,64.0,0.155112,0.001004,0.154108,23.0,10.0,13.0,0.0,0.0,0.0,0.0,0.0,-0.0,16272.40918,10933.379883,5339.029785,0.0,0.0,15.602903,6.383006,8.510674,0.0,0.0,0.0,0.0,0.0,0.0,0.0,0.0,0.0,0.0,0.0,0.0,0.0,0.0,0.0,1.0,0.0,0.0,0.0,0.0,0.0,0.0,0.0,0.0,0.0,0.0,0.0,0.0,0.0,0.0,0.0,0.0,10.0
3634.0,2459.0,1175.0,0.0,0.0,189.153839,78.333336,64256.0,31872.0,3.23309,1721542656.0,3.23309,0.0,3.23309,3.23309,3.23309,62.0,64.0,0.184908,0.001491,0.183417,28.0,13.0,15.0,0.0,0.0,3.0,0.0,3.0,-0.0,8331.348633,5616.91748,2714.431152,9.677419,0.0,8.351144,3.71162,4.330223,0.0,1.0,0.0,0.0,0.0,0.0,0.0,0.0,0.0,0.0,0.0,0.0,0.0,0.0,0.0,1.0,0.0,0.0,0.0,0.0,0.0,0.0,0.0,0.0,0.0,0.0,0.0,0.0,0.0,0.0,0.0,1.0,10.0
3382.0,2429.0,953.0,0.0,0.0,220.818176,79.416664,64256.0,31872.0,1.544631,1721542656.0,1.544631,0.0,1.544631,1.544631,1.544631,62.0,64.0,0.168268,0.000497,0.167771,23.0,11.0,12.0,0.0,0.0,0.0,0.0,0.0,-0.0,15967.567383,11440.919922,4526.647461,0.0,0.0,14.242884,6.474038,7.121442,0.0,0.0,0.0,0.0,0.0,0.0,0.0,0.0,0.0,0.0,0.0,0.0,0.0,0.0,0.0,1.0,0.0,0.0,0.0,0.0,0.0,0.0,0.0,0.0,0.0,0.0,0.0,0.0,0.0,0.0,0.0,0.0,10.0
3568.0,2615.0,953.0,0.0,0.0,217.916672,79.416664,64256.0,31872.0,0.574198,1721542656.0,0.574198,0.0,0.574198,0.574198,0.574198,62.0,64.0,0.062842,0.000501,0.062341,24.0,12.0,12.0,0.0,0.0,0.0,0.0,0.0,-0.0,45587.0625,33410.078125,12176.984375,0.0,0.0,40.05587,19.157154,19.157154,0.0,0.0,0.0,0.0,0.0,0.0,0.0,0.0,0.0,0.0,0.0,0.0,0.0,0.0,0.0,1.0,0.0,0.0,0.0,0.0,0.0,0.0,0.0,0.0,0.0,0.0,0.0,0.0,0.0,0.0,0.0,0.0,10.0
3628.0,2675.0,953.0,0.0,0.0,243.181824,79.416664,64256.0,31872.0,1.376516,1721542656.0,1.376516,0.0,1.376516,1.376516,1.376516,62.0,64.0,0.169814,0.001501,0.168313,23.0,11.0,12.0,0.0,0.0,0.0,0.0,0.0,-0.0,19213.724609,14134.234375,5079.490723,0.0,0.0,15.982379,7.264718,7.991189,0.0,0.0,0.0,0.0,0.0,0.0,0.0,0.0,0.0,0.0,0.0,0.0,0.0,0.0,0.0,1.0,0.0,0.0,0.0,0.0,0.0,0.0,0.0,0.0,0.0,0.0,0.0,0.0,0.0,0.0,0.0,0.0,10.0
960.0,290.0,670.0,0.0,0.0,72.5,95.714287,64256.0,31872.0,4.808036,1721542656.0,4.808036,0.0,4.808036,4.808036,4.808036,62.0,64.0,0.3399,0.0,0.3399,11.0,4.0,7.0,0.0,0.0,3.0,0.0,3.0,-0.0,1319.457764,362.726074,956.731628,21.428571,0.0,2.079851,0.623955,1.247911,0.0,1.0,0.0,0.0,0.0,0.0,0.0,0.0,0.0,0.0,0.0,0.0,0.0,0.0,0.0,0.0,0.0,0.0,0.0,0.0,0.0,0.0,0.0,0.0,0.0,1.0,0.0,0.0,0.0,0.0,0.0,0.0,10.0
841.0,409.0,432.0,0.0,0.0,81.800003,86.400002,64256.0,31872.0,2.406555,1721542656.0,2.406555,0.0,2.406555,2.406555,2.406555,62.0,64.0,0.3399,0.0,0.3399,10.0,5.0,5.0,0.0,0.0,1.0,0.0,1.0,-0.0,2240.547119,1090.355347,1150.191895,9.090909,0.0,3.739786,1.662127,1.662127,0.0,1.0,0.0,0.0,1.0,0.0,0.0,0.0,0.0,0.0,0.0,0.0,0.0,0.0,0.0,0.0,0.0,0.0,1.0,0.0,0.0,0.0,0.0,0.0,0.0,0.0,0.0,0.0,0.0,0.0,0.0,1.0,10.0
2762.0,2246.0,516.0,0.0,0.0,561.5,73.714287,64256.0,31872.0,0.616453,1721542656.0,0.616453,0.0,0.616453,0.616453,0.616453,62.0,64.0,0.3399,0.0,0.3399,11.0,4.0,7.0,0.0,0.0,0.0,0.0,0.0,-0.0,27616.054688,21867.037109,5749.019043,0.0,0.0,16.221838,4.866551,9.733102,0.0,0.0,0.0,0.0,1.0,0.0,0.0,0.0,0.0,0.0,0.0,1.0,0.0,0.0,0.0,0.0,0.0,0.0,0.0,0.0,0.0,0.0,0.0,0.0,0.0,0.0,0.0,0.0,0.0,0.0,0.0,1.0,10.0
4432.0,3095.0,1337.0,0.0,0.0,238.07692,78.647057,64256.0,31872.0,4.482398,1721542656.0,4.482398,0.0,4.482398,4.482398,4.482398,62.0,64.0,0.167754,0.000501,0.167253,30.0,13.0,17.0,0.0,0.0,4.0,0.0,4.0,-0.0,7346.067871,5099.056152,2247.011475,11.764706,0.0,6.469751,2.677138,3.569518,0.0,1.0,0.0,0.0,0.0,0.0,0.0,0.0,0.0,0.0,0.0,0.0,0.0,0.0,0.0,0.0,0.0,0.0,0.0,0.0,0.0,0.0,0.0,0.0,1.0,0.0,0.0,0.0,0.0,0.0,0.0,1.0,10.0
207.0,66.0,141.0,0.0,0.0,66.0,70.5,64256.0,31872.0,0.000987,1721542656.0,0.000987,0.0,0.000987,0.000987,0.000987,62.0,64.0,0.167754,0.000501,0.167253,3.0,1.0,2.0,0.0,0.0,1.0,0.0,1.0,-0.0,575481.3125,0.0,575481.3125,25.0,0.0,2026.342529,0.0,1013.171265,0.0,1.0,0.0,0.0,1.0,0.0,0.0,0.0,0.0,1.0,0.0,0.0,0.0,0.0,0.0,0.0,0.0,0.0,0.0,0.0,0.0,0.0,0.0,0.0,0.0,0.0,0.0,0.0,0.0,0.0,0.0,1.0,10.0
4042.0,3089.0,953.0,0.0,0.0,280.818176,79.416664,64256.0,31872.0,0.712696,1721542656.0,0.712696,0.0,0.712696,0.712696,0.712696,62.0,64.0,0.062835,0.000993,0.061842,23.0,11.0,12.0,0.0,0.0,0.0,0.0,0.0,-0.0,41341.609375,31530.974609,9810.634766,0.0,0.0,30.8687,14.031228,15.43435,0.0,0.0,0.0,0.0,0.0,0.0,0.0,0.0,0.0,0.0,0.0,0.0,0.0,0.0,0.0,1.0,0.0,0.0,0.0,0.0,0.0,0.0,0.0,0.0,0.0,0.0,0.0,0.0,0.0,0.0,0.0,0.0,10.0
4192.0,3239.0,953.0,0.0,0.0,294.454559,79.416664,64256.0,31872.0,1.486276,1721542656.0,1.486276,0.0,1.486276,1.486276,1.486276,62.0,64.0,0.155818,0.001639,0.154179,23.0,11.0,12.0,0.0,0.0,0.0,0.0,0.0,-0.0,20556.074219,15851.699219,4704.375,0.0,0.0,14.802095,6.728225,7.401048,0.0,0.0,0.0,0.0,0.0,0.0,0.0,0.0,0.0,0.0,0.0,0.0,0.0,0.0,0.0,1.0,0.0,0.0,0.0,0.0,0.0,0.0,0.0,0.0,0.0,0.0,0.0,0.0,0.0,0.0,0.0,0.0,10.0
1389.0,458.0,931.0,0.0,0.0,76.333336,93.099998,64256.0,31872.0,4.440031,1721542656.0,4.440031,0.0,4.440031,4.440031,4.440031,62.0,64.0,0.169925,0.001502,0.168423,16.0,6.0,10.0,0.0,0.0,4.0,0.0,4.0,-0.0,2198.182861,688.283447,1509.899292,20.0,0.0,3.378355,1.126118,2.027013,0.0,1.0,0.0,0.0,0.0,0.0,0.0,0.0,0.0,0.0,0.0,0.0,0.0,0.0,0.0,0.0,0.0,0.0,0.0,0.0,0.0,0.0,0.0,0.0,0.0,1.0,0.0,0.0,0.0,0.0,0.0,1.0,10.0
3874.0,3105.0,769.0,0.0,0.0,443.571442,76.900002,64256.0,31872.0,2.102721,1721542656.0,2.102721,0.0,2.102721,2.102721,2.102721,62.0,64.0,0.169925,0.001502,0.168423,17.0,7.0,10.0,0.0,0.0,0.0,0.0,0.0,-0.0,12764.413086,10127.830078,2636.58374,0.0,0.0,7.609189,2.853446,4.280169,0.0,0.0,0.0,0.0,1.0,0.0,0.0,0.0,0.0,0.0,0.0,1.0,0.0,0.0,0.0,0.0,0.0,0.0,0.0,0.0,0.0,0.0,0.0,0.0,0.0,0.0,0.0,0.0,0.0,0.0,0.0,1.0,10.0
296.0,74.0,222.0,0.0,0.0,74.0,74.0,8222720.0,4077568.0,3.116071,1721542656.0,3.116071,0.0,3.116071,3.116071,3.116071,62.0,64.0,0.000501,0.000501,0.0,4.0,1.0,3.0,0.0,0.0,2.0,0.0,2.0,-0.0,379.965668,0.0,379.965668,33.333333,0.0,0.962751,0.0,0.641834,0.0,1.0,0.0,0.0,0.0,0.0,0.0,0.0,0.0,0.0,0.0,0.0,0.0,0.0,0.0,0.0,0.0,0.0,0.0,0.0,0.0,0.0,0.0,0.0,0.0,0.0,0.0,1.0,0.0,0.0,0.0,0.0,10.0
4436.0,3483.0,953.0,0.0,0.0,348.299988,79.416664,64256.0,31872.0,1.221445,1721542656.0,1.221445,0.0,1.221445,1.221445,1.221445,62.0,64.0,0.17157,0.000501,0.171069,22.0,10.0,12.0,0.0,0.0,1.0,0.0,1.0,-0.0,26257.427734,20533.058594,5724.367676,4.347826,0.0,17.192751,7.368322,9.005727,0.0,1.0,0.0,0.0,1.0,0.0,0.0,0.0,0.0,0.0,0.0,0.0,1.0,0.0,0.0,0.0,0.0,0.0,0.0,0.0,0.0,0.0,0.0,0.0,0.0,0.0,0.0,0.0,0.0,0.0,0.0,0.0,10.0
4752.0,3725.0,1027.0,0.0,0.0,338.636353,79.0,64256.0,31872.0,2.023793,1721542656.0,2.023793,0.0,2.023793,2.023793,2.023793,62.0,64.0,0.16105,0.001001,0.160049,24.0,11.0,13.0,0.0,0.0,1.0,0.0,1.0,-0.0,17136.140625,13388.72168,3747.418945,4.0,0.0,11.364799,4.941217,5.92946,0.0,1.0,0.0,0.0,0.0,0.0,0.0,0.0,0.0,0.0,0.0,0.0,0.0,0.0,0.0,1.0,0.0,0.0,0.0,0.0,0.0,0.0,0.0,0.0,0.0,0.0,0.0,0.0,0.0,0.0,0.0,0.0,10.0
4918.0,3965.0,953.0,0.0,0.0,330.416656,79.416664,64256.0,31872.0,1.42576,1721542656.0,1.42576,0.0,1.42576,1.42576,1.42576,62.0,64.0,0.169544,0.000998,0.168546,24.0,12.0,12.0,0.0,0.0,0.0,0.0,0.0,-0.0,25300.189453,20396.138672,4904.05127,0.0,0.0,16.131746,7.715183,7.715183,0.0,0.0,0.0,0.0,0.0,0.0,0.0,0.0,0.0,0.0,0.0,0.0,0.0,0.0,0.0,1.0,0.0,0.0,0.0,0.0,0.0,0.0,0.0,0.0,0.0,0.0,0.0,0.0,0.0,0.0,0.0,0.0,10.0
2179.0,849.0,1330.0,0.0,0.0,77.181816,88.666664,64256.0,31872.0,4.583824,1721542656.0,4.583824,0.0,4.583824,4.583824,4.583824,62.0,64.0,0.159225,0.001029,0.158196,26.0,11.0,15.0,0.0,0.0,4.0,0.0,4.0,-0.0,3514.968994,1347.34668,2167.622314,13.333333,0.0,5.453961,2.181585,3.054218,0.0,1.0,0.0,0.0,0.0,0.0,0.0,0.0,0.0,0.0,0.0,0.0,0.0,0.0,0.0,0.0,0.0,0.0,0.0,0.0,0.0,0.0,0.0,0.0,0.0,1.0,0.0,0.0,0.0,0.0,0.0,1.0,10.0
103.0,0.0,103.0,0.0,0.0,0.0,103.0,197300.1840419336,95686.87047841308,0.0,1721542656.0,0.0,0.0,0.0,0.0,0.0,62.0,64.0,0.159225,0.001029,0.158196,1.0,0.0,1.0,0.0,0.0,0.0,0.0,0.0,-0.0,0.0,0.0,0.0,0.0,0.0,0.0,0.0,0.0,0.0,0.0,0.0,0.0,1.0,0.0,0.0,0.0,0.0,0.0,0.0,0.0,0.0,0.0,0.0,0.0,0.0,0.0,0.0,0.0,0.0,0.0,0.0,0.0,0.0,0.0,0.0,0.0,0.0,1.0,0.0,1.0,10.0
4166.0,3584.0,582.0,0.0,0.0,716.799988,72.75,64256.0,31872.0,0.186078,1721542656.0,0.186078,0.0,0.186078,0.186078,0.186078,62.0,64.0,0.159225,0.001029,0.158196,13.0,5.0,8.0,0.0,0.0,0.0,0.0,0.0,-0.0,145229.421875,123303.132812,21926.289062,0.0,0.0,64.48909,21.496363,37.618633,0.0,0.0,0.0,0.0,1.0,0.0,0.0,0.0,0.0,0.0,0.0,1.0,0.0,0.0,0.0,0.0,0.0,0.0,0.0,0.0,0.0,0.0,0.0,0.0,0.0,0.0,0.0,0.0,0.0,0.0,0.0,1.0,10.0
6689.0,5079.0,1610.0,0.0,0.0,338.600006,76.666664,64256.0,31872.0,3.554462,1721542656.0,3.554462,0.0,3.554462,3.554462,3.554462,62.0,64.0,0.046941,0.000498,0.046443,36.0,15.0,21.0,0.0,0.0,6.0,0.0,6.0,-0.0,14123.09375,10670.532227,3452.562012,14.285714,0.0,9.846779,3.938711,5.62673,0.0,1.0,0.0,0.0,0.0,0.0,0.0,0.0,0.0,0.0,0.0,0.0,0.0,0.0,0.0,1.0,0.0,0.0,0.0,0.0,0.0,0.0,0.0,0.0,0.0,0.0,0.0,0.0,0.0,0.0,0.0,1.0,10.0
1315.0,561.0,754.0,0.0,0.0,80.14286,83.777779,64256.0,31872.0,4.745211,1721542656.0,4.745211,0.0,4.745211,4.745211,4.745211,62.0,64.0,0.321124,0.000496,0.320628,16.0,7.0,9.0,0.0,0.0,2.0,0.0,2.0,-0.0,1942.168579,810.922852,1131.245728,11.111111,0.0,3.161082,1.264433,1.68591,0.0,1.0,0.0,0.0,0.0,0.0,0.0,0.0,0.0,0.0,0.0,0.0,0.0,0.0,0.0,0.0,0.0,0.0,0.0,0.0,0.0,0.0,0.0,0.0,0.0,1.0,0.0,0.0,0.0,0.0,0.0,0.0,10.0
4309.0,3962.0,347.0,0.0,0.0,792.400024,69.400002,64256.0,31872.0,0.974893,1721542656.0,0.974893,0.0,0.974893,0.974893,0.974893,62.0,64.0,0.321124,0.000496,0.320628,10.0,5.0,5.0,0.0,0.0,0.0,0.0,0.0,-0.0,28294.388672,26013.111328,2281.276123,0.0,0.0,9.231783,4.103014,4.103014,0.0,0.0,0.0,0.0,1.0,0.0,0.0,0.0,0.0,0.0,0.0,1.0,0.0,0.0,0.0,0.0,0.0,0.0,0.0,0.0,0.0,0.0,0.0,0.0,0.0,0.0,0.0,0.0,0.0,0.0,0.0,0.0,10.0
1315.0,561.0,754.0,0.0,0.0,80.14286,83.777779,64256.0,31872.0,4.701976,1721542656.0,4.701976,0.0,4.701976,4.701976,4.701976,62.0,64.0,0.30766,0.000493,0.307167,16.0,7.0,9.0,0.0,0.0,2.0,0.0,2.0,-0.0,1960.0271,818.379395,1141.647705,11.111111,0.0,3.190148,1.276059,1.701412,0.0,1.0,0.0,0.0,0.0,0.0,0.0,0.0,0.0,0.0,0.0,0.0,0.0,0.0,0.0,0.0,0.0,0.0,0.0,0.0,0.0,0.0,0.0,0.0,0.0,1.0,0.0,0.0,0.0,0.0,0.0,0.0,10.0
7420.0,7050.0,370.0,0.0,0.0,1410.0,74.0,64256.0,31872.0,4.505456,1721542656.0,4.505456,0.0,4.505456,4.505456,4.505456,62.0,64.0,0.30766,0.000493,0.307167,10.0,5.0,5.0,0.0,0.0,1.0,0.0,1.0,-0.0,10540.109375,10014.524414,525.584961,9.090909,0.0,1.997578,0.887812,0.887812,0.0,1.0,0.0,0.0,1.0,0.0,0.0,0.0,0.0,0.0,0.0,0.0,0.0,0.0,0.0,0.0,0.0,0.0,1.0,0.0,0.0,0.0,0.0,0.0,0.0,0.0,0.0,0.0,0.0,0.0,0.0,1.0,10.0
485.0,138.0,347.0,0.0,0.0,69.0,69.400002,64256.0,31872.0,4.564734,1721542656.0,4.564734,0.0,4.564734,4.564734,4.564734,62.0,64.0,0.30766,0.000493,0.307167,7.0,2.0,5.0,0.0,0.0,0.0,0.0,0.0,-0.0,608.140564,120.927094,487.213501,0.0,0.0,1.314425,0.219071,0.876283,0.0,0.0,0.0,0.0,1.0,0.0,0.0,0.0,0.0,0.0,0.0,1.0,0.0,0.0,0.0,0.0,0.0,0.0,0.0,0.0,0.0,0.0,0.0,0.0,0.0,0.0,0.0,0.0,0.0,0.0,0.0,1.0,10.0
6121.0,4931.0,1190.0,0.0,0.0,410.916656,79.333336,64256.0,31872.0,4.93689,1721542656.0,4.93689,0.0,4.93689,4.93689,4.93689,62.0,64.0,0.169342,0.001016,0.168326,27.0,12.0,15.0,0.0,0.0,6.0,0.0,6.0,-0.0,9126.393555,7326.069336,1800.323608,18.181818,0.0,5.266473,2.228123,2.835793,0.0,1.0,0.0,0.0,0.0,0.0,0.0,0.0,0.0,0.0,0.0,0.0,0.0,0.0,0.0,0.0,0.0,0.0,0.0,0.0,0.0,0.0,0.0,0.0,0.0,1.0,0.0,0.0,0.0,0.0,0.0,1.0,10.0
609.0,270.0,339.0,0.0,0.0,67.5,67.800003,64256.0,31872.0,2.782971,1721542656.0,2.782971,0.0,2.782971,2.782971,2.782971,62.0,64.0,0.169342,0.001016,0.168326,9.0,4.0,5.0,0.0,0.0,0.0,0.0,0.0,-0.0,1365.447266,583.549011,781.898193,0.0,0.0,2.874626,1.077985,1.437313,0.0,0.0,0.0,0.0,1.0,0.0,0.0,0.0,0.0,0.0,0.0,1.0,0.0,0.0,0.0,0.0,0.0,0.0,0.0,0.0,0.0,0.0,0.0,0.0,0.0,0.0,0.0,0.0,0.0,0.0,0.0,1.0,10.0
6732.0,5207.0,1525.0,0.0,0.0,400.538452,80.263161,64256.0,31872.0,4.994531,1721542656.0,4.994531,0.0,4.994531,4.994531,4.994531,62.0,64.0,0.216017,0.000992,0.215025,32.0,13.0,19.0,0.0,0.0,5.0,0.0,5.0,-0.0,10014.15332,7699.621582,2314.531494,13.513514,0.0,6.206789,2.402628,3.603942,0.0,1.0,0.0,0.0,0.0,0.0,0.0,0.0,0.0,0.0,0.0,0.0,0.0,0.0,0.0,1.0,0.0,0.0,0.0,0.0,0.0,0.0,0.0,0.0,0.0,0.0,0.0,0.0,0.0,0.0,0.0,1.0,10.0
6842.0,5639.0,1203.0,0.0,0.0,352.4375,80.199997,64256.0,31872.0,2.590609,1721542656.0,2.590609,0.0,2.590609,2.590609,2.590609,62.0,64.0,0.107126,0.003555,0.103571,31.0,16.0,15.0,0.0,0.0,2.0,0.0,2.0,-0.0,19794.572266,16326.662109,3467.9104,6.060606,0.0,11.580288,5.790144,5.404135,0.0,1.0,0.0,0.0,0.0,0.0,0.0,0.0,0.0,0.0,0.0,0.0,0.0,0.0,0.0,1.0,0.0,0.0,0.0,0.0,0.0,0.0,0.0,0.0,0.0,0.0,0.0,0.0,0.0,0.0,0.0,1.0,10.0
296.0,74.0,222.0,0.0,0.0,74.0,74.0,8222720.0,4077568.0,3.102163,1721542656.0,3.102163,0.0,3.102163,3.102163,3.102163,62.0,64.0,0.001487,0.001487,0.0,4.0,1.0,3.0,0.0,0.0,2.0,0.0,2.0,-0.0,381.669159,0.0,381.669159,33.333333,0.0,0.967067,0.0,0.644711,0.0,1.0,0.0,0.0,0.0,0.0,0.0,0.0,0.0,0.0,0.0,0.0,0.0,0.0,0.0,0.0,0.0,0.0,0.0,0.0,0.0,0.0,0.0,0.0,0.0,0.0,0.0,1.0,0.0,0.0,0.0,0.0,10.0
74.0,0.0,74.0,0.0,0.0,0.0,74.0,197300.1840419336,95686.87047841308,0.0,1721542656.0,0.0,0.0,0.0,0.0,0.0,62.0,64.0,0.001487,0.001487,0.0,1.0,0.0,1.0,0.0,0.0,0.0,0.0,1.0,-0.0,0.0,0.0,0.0,0.0,0.0,0.0,0.0,0.0,0.0,1.0,0.0,0.0,1.0,0.0,0.0,0.0,0.0,0.0,0.0,0.0,0.0,0.0,0.0,0.0,0.0,0.0,0.0,0.0,0.0,0.0,0.0,0.0,0.0,0.0,0.0,0.0,0.0,0.0,1.0,0.0,10.0
1093.0,487.0,606.0,0.0,0.0,81.166664,86.571426,64256.0,31872.0,1.200161,1721542656.0,1.200161,0.0,1.200161,1.200161,1.200161,62.0,64.0,0.167117,0.001487,0.16563,13.0,6.0,7.0,0.0,0.0,1.0,0.0,1.0,-0.0,6172.505371,2706.303711,3466.20166,7.142857,0.0,9.998659,4.166108,4.99933,0.0,1.0,0.0,0.0,1.0,0.0,0.0,0.0,0.0,0.0,0.0,0.0,0.0,0.0,0.0,0.0,0.0,0.0,0.0,1.0,0.0,0.0,0.0,0.0,0.0,0.0,0.0,0.0,0.0,0.0,0.0,0.0,10.0
150.0,72.0,78.0,0.0,0.0,72.0,78.0,64256.0,31872.0,0.000575,1721542656.0,0.000575,0.0,0.000575,0.000575,0.000575,62.0,64.0,0.167117,0.001487,0.16563,2.0,1.0,1.0,0.0,0.0,0.0,0.0,0.0,-0.0,0.0,0.0,0.0,0.0,0.0,1739.130371,0.0,0.0,0.0,0.0,0.0,0.0,1.0,0.0,0.0,0.0,0.0,0.0,0.0,0.0,0.0,0.0,0.0,0.0,1.0,0.0,0.0,0.0,0.0,0.0,0.0,0.0,0.0,0.0,0.0,0.0,0.0,0.0,0.0,1.0,10.0
103.0,0.0,103.0,0.0,0.0,0.0,103.0,197300.1840419336,95686.87047841308,0.0,1721542656.0,0.0,0.0,0.0,0.0,0.0,62.0,64.0,0.167117,0.001487,0.16563,1.0,0.0,1.0,0.0,0.0,0.0,0.0,0.0,-0.0,0.0,0.0,0.0,0.0,0.0,0.0,0.0,0.0,0.0,0.0,0.0,0.0,1.0,0.0,0.0,0.0,0.0,0.0,0.0,0.0,0.0,0.0,0.0,0.0,0.0,0.0,0.0,0.0,0.0,0.0,0.0,0.0,0.0,0.0,0.0,0.0,0.0,1.0,0.0,1.0,10.0
103.0,0.0,103.0,0.0,0.0,0.0,103.0,197300.1840419336,95686.87047841308,0.0,1721542656.0,0.0,0.0,0.0,0.0,0.0,62.0,64.0,0.167117,0.001487,0.16563,1.0,0.0,1.0,0.0,0.0,0.0,0.0,0.0,-0.0,0.0,0.0,0.0,0.0,0.0,0.0,0.0,0.0,0.0,0.0,0.0,0.0,1.0,0.0,0.0,0.0,0.0,0.0,0.0,0.0,0.0,0.0,0.0,0.0,0.0,0.0,0.0,0.0,0.0,0.0,0.0,0.0,0.0,0.0,0.0,0.0,0.0,1.0,0.0,1.0,10.0
103.0,0.0,103.0,0.0,0.0,0.0,103.0,197300.1840419336,95686.87047841308,0.0,1721542656.0,0.0,0.0,0.0,0.0,0.0,62.0,64.0,0.167117,0.001487,0.16563,1.0,0.0,1.0,0.0,0.0,0.0,0.0,0.0,-0.0,0.0,0.0,0.0,0.0,0.0,0.0,0.0,0.0,0.0,0.0,0.0,0.0,1.0,0.0,0.0,0.0,0.0,0.0,0.0,0.0,0.0,0.0,0.0,0.0,0.0,0.0,0.0,0.0,0.0,0.0,0.0,0.0,0.0,0.0,0.0,0.0,0.0,1.0,0.0,1.0,10.0
103.0,0.0,103.0,0.0,0.0,0.0,103.0,197300.1840419336,95686.87047841308,0.0,1721542656.0,0.0,0.0,0.0,0.0,0.0,62.0,64.0,0.167117,0.001487,0.16563,1.0,0.0,1.0,0.0,0.0,0.0,0.0,0.0,-0.0,0.0,0.0,0.0,0.0,0.0,0.0,0.0,0.0,0.0,0.0,0.0,0.0,1.0,0.0,0.0,0.0,0.0,0.0,0.0,0.0,0.0,0.0,0.0,0.0,0.0,0.0,0.0,0.0,0.0,0.0,0.0,0.0,0.0,0.0,0.0,0.0,0.0,1.0,0.0,1.0,10.0
103.0,0.0,103.0,0.0,0.0,0.0,103.0,197300.1840419336,95686.87047841308,0.0,1721542656.0,0.0,0.0,0.0,0.0,0.0,62.0,64.0,0.167117,0.001487,0.16563,1.0,0.0,1.0,0.0,0.0,0.0,0.0,0.0,-0.0,0.0,0.0,0.0,0.0,0.0,0.0,0.0,0.0,0.0,0.0,0.0,0.0,1.0,0.0,0.0,0.0,0.0,0.0,0.0,0.0,0.0,0.0,0.0,0.0,0.0,0.0,0.0,0.0,0.0,0.0,0.0,0.0,0.0,0.0,0.0,0.0,0.0,1.0,0.0,1.0,10.0
6434.0,5114.0,1320.0,0.0,0.0,730.571411,264.0,64128.0,31872.0,0.184506,1721542656.0,0.184506,0.0,0.184506,0.184506,0.184506,62.0,64.0,0.167117,0.001487,0.16563,12.0,7.0,5.0,0.0,0.0,0.0,0.0,0.0,-0.0,235873.09375,190085.953125,45787.128906,0.0,0.0,59.618656,32.519268,21.679512,0.0,0.0,0.0,0.0,1.0,0.0,0.0,0.0,0.0,0.0,0.0,0.0,0.0,0.0,1.0,0.0,0.0,0.0,0.0,0.0,0.0,0.0,0.0,0.0,0.0,0.0,0.0,0.0,0.0,0.0,0.0,1.0,10.0
6886.0,5867.0,1019.0,0.0,0.0,451.307678,78.384613,64256.0,31872.0,0.632384,1721542656.0,0.632384,0.0,0.632384,0.632384,0.632384,62.0,64.0,0.061897,0.001057,0.06084,26.0,13.0,13.0,0.0,0.0,0.0,0.0,0.0,-0.0,80419.5,68515.335938,11904.15918,0.0,0.0,39.532944,18.975813,18.975813,0.0,0.0,0.0,0.0,0.0,0.0,0.0,0.0,0.0,0.0,0.0,0.0,0.0,0.0,0.0,1.0,0.0,0.0,0.0,0.0,0.0,0.0,0.0,0.0,0.0,0.0,0.0,0.0,0.0,0.0,0.0,0.0,10.0
7120.0,6101.0,1019.0,0.0,0.0,469.307678,78.384613,64256.0,31872.0,1.807248,1721542656.0,1.807248,0.0,1.807248,1.807248,1.807248,62.0,64.0,0.154945,0.001986,0.152959,26.0,13.0,13.0,0.0,0.0,0.0,0.0,0.0,-0.0,29096.171875,24930.722656,4165.449219,0.0,0.0,13.833187,6.63993,6.63993,0.0,0.0,0.0,0.0,0.0,0.0,0.0,0.0,0.0,0.0,0.0,0.0,0.0,0.0,0.0,1.0,0.0,0.0,0.0,0.0,0.0,0.0,0.0,0.0,0.0,0.0,0.0,0.0,0.0,0.0,0.0,0.0,10.0
7360.0,6341.0,1019.0,0.0,0.0,487.769226,78.384613,64256.0,31872.0,2.438585,1721542656.0,2.438585,0.0,2.438585,2.438585,2.438585,62.0,64.0,0.292058,0.000495,0.291563,26.0,13.0,13.0,0.0,0.0,0.0,0.0,0.0,-0.0,22291.615234,19204.580078,3087.036133,0.0,0.0,10.251846,4.920887,4.920887,0.0,0.0,0.0,0.0,0.0,0.0,0.0,0.0,0.0,0.0,0.0,0.0,0.0,0.0,0.0,1.0,0.0,0.0,0.0,0.0,0.0,0.0,0.0,0.0,0.0,0.0,0.0,0.0,0.0,0.0,0.0,0.0,10.0
4549.0,3655.0,894.0,0.0,0.0,365.5,81.272728,64256.0,31872.0,4.797155,1721542656.0,4.797155,0.0,4.797155,4.797155,4.797155,62.0,64.0,0.293553,0.000653,0.2929,21.0,10.0,11.0,0.0,0.0,3.0,0.0,3.0,-0.0,6842.38916,5486.585449,1355.803589,12.5,0.0,4.169138,1.876112,2.084569,0.0,1.0,0.0,0.0,0.0,0.0,0.0,0.0,0.0,0.0,0.0,0.0,0.0,0.0,0.0,0.0,0.0,0.0,0.0,0.0,0.0,0.0,0.0,0.0,0.0,1.0,0.0,0.0,0.0,0.0,0.0,0.0,10.0
3345.0,2998.0,347.0,0.0,0.0,749.5,69.400002,64256.0,31872.0,0.602489,1721542656.0,0.602489,0.0,0.602489,0.602489,0.602489,62.0,64.0,0.293553,0.000653,0.2929,9.0,4.0,5.0,0.0,0.0,0.0,0.0,0.0,-0.0,33554.140625,29862.787109,3691.35376,0.0,0.0,13.278251,4.979344,6.639125,0.0,0.0,0.0,0.0,1.0,0.0,0.0,0.0,0.0,0.0,0.0,1.0,0.0,0.0,0.0,0.0,0.0,0.0,0.0,0.0,0.0,0.0,0.0,0.0,0.0,0.0,0.0,0.0,0.0,0.0,0.0,0.0,10.0
296.0,74.0,222.0,0.0,0.0,74.0,74.0,8222720.0,4077568.0,3.078395,1721542656.0,3.078395,0.0,3.078395,3.078395,3.078395,62.0,64.0,0.000497,0.000497,0.0,4.0,1.0,3.0,0.0,0.0,2.0,0.0,2.0,-0.0,384.616028,0.0,384.616028,33.333333,0.0,0.974534,0.0,0.649689,0.0,1.0,0.0,0.0,0.0,0.0,0.0,0.0,0.0,0.0,0.0,0.0,0.0,0.0,0.0,0.0,0.0,0.0,0.0,0.0,0.0,0.0,0.0,0.0,0.0,0.0,0.0,1.0,0.0,0.0,0.0,0.0,10.0
745.0,316.0,429.0,0.0,0.0,79.0,85.800003,64256.0,31872.0,0.876782,1721542656.0,0.876782,0.0,0.876782,0.876782,0.876782,62.0,64.0,0.287825,0.000497,0.287328,9.0,4.0,5.0,0.0,0.0,1.0,0.0,1.0,-0.0,5301.203613,2162.453125,3138.750488,10.0,0.0,9.124275,3.421603,4.562138,0.0,1.0,0.0,0.0,1.0,0.0,0.0,0.0,0.0,0.0,0.0,0.0,0.0,0.0,0.0,0.0,0.0,0.0,0.0,1.0,0.0,0.0,0.0,0.0,0.0,0.0,0.0,0.0,0.0,0.0,0.0,0.0,10.0
422.0,171.0,251.0,0.0,0.0,85.5,83.666664,64256.0,31872.0,0.570445,1721542656.0,0.570445,0.0,0.570445,0.570445,0.570445,62.0,64.0,0.287825,0.000497,0.287328,5.0,2.0,3.0,0.0,0.0,0.0,0.0,0.0,-0.0,3562.131348,1206.075928,2356.05542,0.0,0.0,7.01207,1.753017,3.506035,0.0,0.0,0.0,0.0,1.0,0.0,0.0,0.0,0.0,0.0,0.0,0.0,0.0,0.0,0.0,0.0,0.0,0.0,1.0,0.0,0.0,0.0,0.0,0.0,0.0,0.0,0.0,0.0,0.0,0.0,0.0,0.0,10.0
103.0,0.0,103.0,0.0,0.0,0.0,103.0,197300.1840419336,95686.87047841308,0.0,1721542656.0,0.0,0.0,0.0,0.0,0.0,62.0,64.0,0.287825,0.000497,0.287328,1.0,0.0,1.0,0.0,0.0,0.0,0.0,0.0,-0.0,0.0,0.0,0.0,0.0,0.0,0.0,0.0,0.0,0.0,0.0,0.0,0.0,1.0,0.0,0.0,0.0,0.0,0.0,0.0,0.0,0.0,0.0,0.0,0.0,0.0,0.0,0.0,0.0,0.0,0.0,0.0,0.0,0.0,0.0,0.0,0.0,0.0,1.0,0.0,0.0,10.0
4777.0,4542.0,235.0,0.0,0.0,1514.0,78.333336,64256.0,31872.0,0.041619,1721542656.0,0.041619,0.0,0.041619,0.041619,0.041619,61.0,64.0,0.287825,0.000497,0.287328,6.0,3.0,3.0,0.0,0.0,0.0,0.0,0.0,-0.0,612220.375,582041.875,30178.525391,0.0,0.0,120.137444,48.054977,48.054977,0.0,0.0,0.0,0.0,1.0,0.0,0.0,0.0,0.0,0.0,0.0,0.0,0.0,0.0,0.0,0.0,0.0,0.0,1.0,0.0,0.0,0.0,0.0,0.0,0.0,0.0,0.0,0.0,0.0,0.0,0.0,0.0,10.0
228.0,150.0,78.0,1447.0,0.0,150.0,78.0,64256.0,31872.0,0.00164,1721542656.0,0.00164,0.0,0.00164,0.00164,0.00164,62.0,64.0,0.287825,0.000497,0.287328,2.0,1.0,1.0,0.0,0.0,0.0,0.0,0.0,-0.0,0.0,0.0,0.0,0.0,0.0,609.756104,0.0,0.0,0.0,0.0,1.0,0.0,1.0,0.0,0.0,0.0,0.0,0.0,0.0,0.0,0.0,0.0,0.0,0.0,1.0,0.0,0.0,0.0,0.0,0.0,0.0,0.0,0.0,0.0,0.0,0.0,0.0,0.0,0.0,1.0,10.0
1999.0,1652.0,347.0,0.0,0.0,550.666687,69.400002,64256.0,31872.0,0.617413,1721542656.0,0.617413,0.0,0.617413,0.617413,0.617413,62.0,64.0,0.287825,0.000497,0.287328,8.0,3.0,5.0,0.0,0.0,1.0,1.0,0.0,-0.0,17881.0625,14278.935547,3602.126953,11.111111,0.0,11.33763,3.239323,6.478646,0.0,0.0,0.0,1.0,1.0,0.0,0.0,0.0,0.0,0.0,0.0,1.0,0.0,0.0,0.0,0.0,0.0,0.0,0.0,0.0,0.0,0.0,0.0,0.0,0.0,0.0,0.0,0.0,0.0,0.0,0.0,1.0,10.0
8314.0,7163.0,1151.0,0.0,0.0,511.642853,76.73333,64256.0,31872.0,0.60512,1721542656.0,0.60512,0.0,0.60512,0.60512,0.60512,62.0,64.0,0.061832,0.000483,0.061349,29.0,14.0,15.0,0.0,0.0,0.0,0.0,0.0,-0.0,102154.953125,87942.890625,14212.056641,0.0,0.0,46.271812,21.483341,23.135906,0.0,0.0,0.0,0.0,0.0,0.0,0.0,0.0,0.0,0.0,0.0,0.0,0.0,0.0,0.0,1.0,0.0,0.0,0.0,0.0,0.0,0.0,0.0,0.0,0.0,0.0,0.0,0.0,0.0,0.0,0.0,0.0,10.0
8446.0,7427.0,1019.0,0.0,0.0,530.5,78.384613,64256.0,31872.0,1.371881,1721542656.0,1.371881,0.0,1.371881,1.371881,1.371881,62.0,64.0,0.16971,0.000994,0.168716,27.0,14.0,13.0,0.0,0.0,0.0,0.0,0.0,-0.0,45706.589844,40219.230469,5487.356445,0.0,0.0,18.952082,9.476041,8.747114,0.0,0.0,0.0,0.0,0.0,0.0,0.0,0.0,0.0,0.0,0.0,0.0,0.0,0.0,0.0,1.0,0.0,0.0,0.0,0.0,0.0,0.0,0.0,0.0,0.0,0.0,0.0,0.0,0.0,0.0,0.0,0.0,10.0
8821.0,7697.0,1124.0,0.0,0.0,549.785706,80.285713,64256.0,31872.0,3.643901,1721542656.0,3.643901,0.0,3.643901,3.643901,3.643901,62.0,64.0,0.368206,0.000491,0.367715,28.0,14.0,14.0,0.0,0.0,1.0,0.0,1.0,-0.0,17985.121094,15693.071289,2292.049072,3.448276,0.0,7.409641,3.567605,3.567605,0.0,1.0,0.0,0.0,0.0,0.0,0.0,0.0,0.0,0.0,0.0,0.0,0.0,0.0,0.0,1.0,0.0,0.0,0.0,0.0,0.0,0.0,0.0,0.0,0.0,0.0,0.0,0.0,0.0,0.0,0.0,0.0,10.0
10428.0,9191.0,1237.0,0.0,0.0,612.733337,77.3125,64256.0,31872.0,1.862143,1721542656.0,1.862143,0.0,1.862143,1.862143,1.862143,62.0,64.0,0.168159,0.0,0.168159,31.0,15.0,16.0,0.0,0.0,1.0,0.0,1.0,-0.0,41839.964844,36856.460938,4983.505371,3.125,0.0,16.11047,7.518219,8.055235,0.0,1.0,0.0,0.0,0.0,0.0,0.0,0.0,0.0,0.0,0.0,0.0,0.0,0.0,0.0,1.0,0.0,0.0,0.0,0.0,0.0,0.0,0.0,0.0,0.0,0.0,0.0,0.0,0.0,0.0,0.0,1.0,10.0
9205.0,8183.0,1022.0,0.0,0.0,629.461548,85.166664,64256.0,31872.0,4.905523,1721542656.0,4.905523,0.0,4.905523,4.905523,4.905523,62.0,64.0,0.321231,0.000991,0.32024,25.0,13.0,12.0,0.0,0.0,2.0,0.0,2.0,-0.0,13847.25,12319.175781,1528.073608,7.407407,0.0,4.892445,2.446223,2.242371,0.0,1.0,0.0,0.0,0.0,0.0,0.0,0.0,0.0,0.0,0.0,0.0,0.0,0.0,0.0,0.0,0.0,0.0,0.0,0.0,0.0,0.0,0.0,0.0,0.0,1.0,0.0,0.0,0.0,0.0,0.0,0.0,10.0
345.0,138.0,207.0,0.0,0.0,69.0,69.0,64256.0,31872.0,0.185633,1721542656.0,0.185633,0.0,0.185633,0.185633,0.185633,62.0,64.0,0.321231,0.000991,0.32024,5.0,2.0,3.0,0.0,0.0,0.0,0.0,0.0,-0.0,8920.827148,2973.609131,5947.218262,0.0,0.0,21.547892,5.386973,10.773946,0.0,0.0,0.0,0.0,1.0,0.0,0.0,0.0,0.0,0.0,0.0,1.0,0.0,0.0,0.0,0.0,0.0,0.0,0.0,0.0,0.0,0.0,0.0,0.0,0.0,0.0,0.0,0.0,0.0,0.0,0.0,0.0,10.0
9694.0,8609.0,1085.0,0.0,0.0,573.93335,77.5,64256.0,31872.0,1.463267,1721542656.0,1.463267,0.0,1.463267,1.463267,1.463267,62.0,64.0,0.187332,0.000983,0.186349,29.0,15.0,14.0,0.0,0.0,0.0,0.0,0.0,-0.0,49445.523438,43934.566406,5510.956055,0.0,0.0,19.135263,9.567632,8.88423,0.0,0.0,0.0,0.0,0.0,0.0,0.0,0.0,0.0,0.0,0.0,0.0,0.0,0.0,0.0,1.0,0.0,0.0,0.0,0.0,0.0,0.0,0.0,0.0,0.0,0.0,0.0,0.0,0.0,0.0,0.0,0.0,10.0
10066.0,8903.0,1163.0,0.0,0.0,593.533325,77.533333,64256.0,31872.0,2.235431,1721542656.0,2.235431,0.0,2.235431,2.235431,2.235431,62.0,64.0,0.169118,0.004,0.165118,30.0,15.0,15.0,0.0,0.0,1.0,1.0,0.0,-0.0,33625.730469,29739.232422,3886.499023,3.225806,0.0,12.97289,6.262774,6.262774,0.0,0.0,0.0,1.0,0.0,0.0,0.0,0.0,0.0,0.0,0.0,0.0,0.0,0.0,0.0,1.0,0.0,0.0,0.0,0.0,0.0,0.0,0.0,0.0,0.0,0.0,0.0,0.0,0.0,0.0,0.0,1.0,10.0
10506.0,9347.0,1159.0,0.0,0.0,549.823547,77.26667,64256.0,31872.0,1.819727,1721542656.0,1.819727,0.0,1.819727,1.819727,1.819727,62.0,64.0,0.157309,0.000944,0.156365,32.0,17.0,15.0,0.0,0.0,1.0,0.0,1.0,-0.0,43435.089844,38678.332031,4756.757812,3.030303,0.0,17.035522,8.792528,7.693462,0.0,1.0,0.0,0.0,0.0,0.0,0.0,0.0,0.0,0.0,0.0,0.0,0.0,0.0,0.0,1.0,0.0,0.0,0.0,0.0,0.0,0.0,0.0,0.0,0.0,0.0,0.0,0.0,0.0,0.0,0.0,1.0,10.0
941.0,364.0,577.0,0.0,0.0,72.800003,82.428574,64256.0,31872.0,4.794724,1721542656.0,4.794724,0.0,4.794724,4.794724,4.794724,62.0,64.0,0.307056,0.001599,0.305457,12.0,5.0,7.0,0.0,0.0,4.0,1.0,3.0,-0.0,1313.109985,487.202179,825.907837,25.0,0.0,2.294188,0.83425,1.251375,1.0,0.0,0.0,0.0,0.0,0.0,0.0,0.0,0.0,0.0,0.0,0.0,0.0,0.0,0.0,0.0,0.0,0.0,0.0,0.0,0.0,0.0,0.0,0.0,0.0,1.0,0.0,0.0,0.0,0.0,0.0,0.0,10.0
831.0,271.0,560.0,0.0,0.0,90.333336,93.333336,64256.0,31872.0,3.642904,1721542656.0,3.642904,0.0,3.642904,3.642904,3.642904,62.0,64.0,0.307056,0.001599,0.305457,9.0,3.0,6.0,0.0,0.0,3.0,0.0,3.0,-0.0,1423.040527,397.485077,1025.55542,25.0,0.0,2.19605,0.549013,1.372531,0.0,1.0,0.0,0.0,1.0,0.0,0.0,0.0,0.0,0.0,0.0,0.0,0.0,0.0,0.0,0.0,0.0,0.0,1.0,0.0,0.0,0.0,0.0,0.0,0.0,0.0,0.0,0.0,0.0,0.0,0.0,0.0,10.0
1592.0,1514.0,78.0,2895.0,0.0,1514.0,78.0,64256.0,31872.0,0.000499,1721542656.0,0.000499,0.0,0.000499,0.000499,0.000499,62.0,64.0,0.307056,0.001599,0.305457,2.0,1.0,1.0,0.0,0.0,0.0,0.0,0.0,-0.0,0.0,0.0,0.0,0.0,0.0,2004.007935,0.0,0.0,0.0,0.0,1.0,0.0,1.0,1.0,0.0,0.0,0.0,0.0,0.0,0.0,0.0,0.0,0.0,0.0,0.0,0.0,0.0,0.0,0.0,0.0,0.0,0.0,0.0,0.0,0.0,0.0,0.0,0.0,0.0,1.0,10.0
6137.0,5782.0,355.0,0.0,0.0,1445.5,88.75,64256.0,31872.0,0.124513,1721542656.0,0.124513,0.0,0.124513,0.124513,0.124513,62.0,64.0,0.307056,0.001599,0.305457,8.0,4.0,4.0,0.0,0.0,1.0,1.0,0.0,-0.0,295808.46875,278653.625,17154.835938,11.111111,0.0,56.219028,24.09387,24.09387,0.0,0.0,0.0,1.0,1.0,0.0,0.0,0.0,0.0,0.0,0.0,0.0,0.0,1.0,0.0,0.0,0.0,0.0,0.0,0.0,0.0,0.0,0.0,0.0,0.0,0.0,0.0,0.0,0.0,0.0,0.0,1.0,10.0
11104.0,9887.0,1217.0,0.0,0.0,617.9375,76.0625,64256.0,31872.0,0.630837,1721542656.0,0.630837,0.0,0.630837,0.630837,0.630837,62.0,64.0,0.061148,0.000495,0.060653,32.0,16.0,16.0,0.0,0.0,0.0,0.0,0.0,-0.0,132027.765625,117558.09375,14469.664062,0.0,0.0,49.14106,23.777933,23.777933,0.0,0.0,0.0,0.0,0.0,0.0,0.0,0.0,0.0,0.0,0.0,0.0,0.0,0.0,0.0,1.0,0.0,0.0,0.0,0.0,0.0,0.0,0.0,0.0,0.0,0.0,0.0,0.0,0.0,0.0,0.0,0.0,10.0
444.0,148.0,296.0,0.0,0.0,74.0,74.0,8222720.0,4077568.0,3.05209,1721542656.0,3.05209,0.0,3.05209,3.05209,3.05209,62.0,64.0,0.000514,0.000514,0.0,6.0,2.0,4.0,0.0,0.0,4.0,1.0,3.0,-0.0,775.861816,193.965454,581.896362,40.0,0.0,1.638222,0.327644,0.982933,1.0,0.0,0.0,0.0,0.0,0.0,0.0,0.0,0.0,0.0,0.0,0.0,0.0,0.0,0.0,0.0,0.0,0.0,0.0,0.0,0.0,0.0,0.0,0.0,0.0,0.0,0.0,1.0,0.0,0.0,0.0,0.0,10.0
11216.0,10131.0,1085.0,0.0,0.0,675.400024,77.5,64256.0,31872.0,1.190956,1721542656.0,1.190956,0.0,1.190956,1.190956,1.190956,62.0,64.0,0.164968,0.000514,0.164454,29.0,15.0,14.0,0.0,0.0,1.0,0.0,1.0,-0.0,70289.75,63518.71875,6771.03125,3.333333,0.0,23.510525,11.755262,10.915601,0.0,1.0,0.0,0.0,1.0,0.0,0.0,0.0,0.0,0.0,0.0,0.0,1.0,0.0,0.0,0.0,0.0,0.0,0.0,0.0,0.0,0.0,0.0,0.0,0.0,0.0,0.0,0.0,0.0,0.0,0.0,0.0,10.0
11832.0,10673.0,1159.0,0.0,0.0,592.944458,77.26667,64256.0,31872.0,3.007278,1721542656.0,3.007278,0.0,3.007278,3.007278,3.007278,62.0,64.0,0.29198,0.00056,0.29142,33.0,18.0,15.0,0.0,0.0,1.0,0.0,1.0,-0.0,29695.957031,26817.607422,2878.350586,2.941176,0.0,10.640852,5.652953,4.655373,0.0,1.0,0.0,0.0,0.0,0.0,0.0,0.0,0.0,0.0,0.0,0.0,0.0,0.0,0.0,1.0,0.0,0.0,0.0,0.0,0.0,0.0,0.0,0.0,0.0,0.0,0.0,0.0,0.0,0.0,0.0,1.0,10.0
11944.0,10859.0,1085.0,0.0,0.0,678.6875,77.5,64256.0,31872.0,1.361213,1721542656.0,1.361213,0.0,1.361213,1.361213,1.361213,62.0,64.0,0.169985,0.00099,0.168995,30.0,16.0,14.0,0.0,0.0,0.0,0.0,0.0,-0.0,65759.0,59834.871094,5924.12793,0.0,0.0,21.304527,11.019584,9.550305,0.0,0.0,0.0,0.0,0.0,0.0,0.0,0.0,0.0,0.0,0.0,0.0,0.0,0.0,0.0,1.0,0.0,0.0,0.0,0.0,0.0,0.0,0.0,0.0,0.0,0.0,0.0,0.0,0.0,0.0,0.0,0.0,10.0
12560.0,11269.0,1291.0,0.0,0.0,662.882324,75.941177,64256.0,31872.0,1.634902,1721542656.0,1.634902,0.0,1.634902,1.634902,1.634902,62.0,64.0,0.061992,0.001016,0.060976,34.0,17.0,17.0,0.0,0.0,2.0,1.0,1.0,-0.0,57853.007812,51902.804688,5950.203613,5.555556,0.0,20.184696,9.786519,9.786519,1.0,0.0,0.0,0.0,0.0,0.0,0.0,0.0,0.0,0.0,0.0,0.0,0.0,0.0,0.0,1.0,0.0,0.0,0.0,0.0,0.0,0.0,0.0,0.0,0.0,0.0,0.0,0.0,0.0,0.0,0.0,0.0,10.0
13345.0,11741.0,1604.0,0.0,0.0,617.947388,76.380951,64256.0,31872.0,1.667722,1721542656.0,1.667722,0.0,1.667722,1.667722,1.667722,62.0,64.0,0.077034,0.002357,0.074677,40.0,19.0,21.0,0.0,0.0,2.0,0.0,2.0,-0.0,60691.171875,53361.410156,7329.758789,4.761905,0.0,23.385193,10.793166,11.992407,0.0,1.0,0.0,0.0,0.0,0.0,0.0,0.0,0.0,0.0,0.0,0.0,0.0,0.0,0.0,1.0,0.0,0.0,0.0,0.0,0.0,0.0,0.0,0.0,0.0,0.0,0.0,0.0,0.0,0.0,0.0,1.0,10.0
13420.0,12051.0,1369.0,0.0,0.0,669.5,76.055557,64256.0,31872.0,1.945812,1721542656.0,1.945812,0.0,1.945812,1.945812,1.945812,62.0,64.0,0.169046,0.001752,0.167294,36.0,18.0,18.0,0.0,0.0,1.0,0.0,1.0,-0.0,52111.921875,46795.886719,5316.032715,2.702703,0.0,17.987349,8.736712,8.736712,0.0,1.0,0.0,0.0,0.0,0.0,0.0,0.0,0.0,0.0,0.0,0.0,0.0,0.0,0.0,1.0,0.0,0.0,0.0,0.0,0.0,0.0,0.0,0.0,0.0,0.0,0.0,0.0,0.0,0.0,0.0,1.0,10.0
13678.0,12379.0,1299.0,0.0,0.0,687.722229,76.411766,64256.0,31872.0,2.686595,1721542656.0,2.686595,0.0,2.686595,2.686595,2.686595,62.0,64.0,0.048289,0.000921,0.047368,35.0,18.0,17.0,0.0,0.0,3.0,1.0,2.0,-0.0,38457.601562,34815.816406,3641.784424,7.894737,0.0,12.655425,6.327713,5.955494,1.0,0.0,0.0,0.0,0.0,0.0,0.0,0.0,0.0,0.0,0.0,0.0,0.0,0.0,0.0,1.0,0.0,0.0,0.0,0.0,0.0,0.0,0.0,0.0,0.0,0.0,0.0,0.0,0.0,0.0,0.0,0.0,10.0
14134.0,12765.0,1369.0,0.0,0.0,709.166687,76.055557,64256.0,31872.0,1.779047,1721542656.0,1.779047,0.0,1.779047,1.779047,1.779047,62.0,64.0,0.153458,0.0,0.153458,36.0,18.0,18.0,0.0,0.0,1.0,0.0,1.0,-0.0,60027.644531,54213.292969,5814.349121,2.702703,0.0,19.673454,9.555677,9.555677,0.0,1.0,0.0,0.0,0.0,0.0,0.0,0.0,0.0,0.0,0.0,0.0,0.0,0.0,0.0,1.0,0.0,0.0,0.0,0.0,0.0,0.0,0.0,0.0,0.0,0.0,0.0,0.0,0.0,0.0,0.0,1.0,10.0
14687.0,13241.0,1446.0,0.0,0.0,662.049988,80.333336,64256.0,31872.0,4.148937,1721542656.0,4.148937,0.0,4.148937,4.148937,4.148937,62.0,64.0,0.154958,0.001008,0.15395,38.0,20.0,18.0,0.0,0.0,4.0,0.0,4.0,-0.0,26888.814453,24254.886719,2633.92749,9.52381,0.0,8.917947,4.579486,4.097435,0.0,1.0,0.0,0.0,0.0,0.0,0.0,0.0,0.0,0.0,0.0,0.0,0.0,0.0,0.0,1.0,0.0,0.0,0.0,0.0,0.0,0.0,0.0,0.0,0.0,0.0,0.0,0.0,0.0,0.0,0.0,1.0,10.0
14900.0,13543.0,1357.0,0.0,0.0,712.78949,75.388885,64256.0,31872.0,1.679304,1721542656.0,1.679304,0.0,1.679304,1.679304,1.679304,62.0,64.0,0.046151,0.000992,0.045159,37.0,19.0,18.0,0.0,0.0,2.0,1.0,1.0,-0.0,67232.617188,61125.324219,6107.291992,5.128205,0.0,21.437452,10.718726,10.123241,1.0,0.0,0.0,0.0,0.0,0.0,0.0,0.0,0.0,0.0,0.0,0.0,0.0,0.0,0.0,1.0,0.0,0.0,0.0,0.0,0.0,0.0,0.0,0.0,0.0,0.0,0.0,0.0,0.0,0.0,0.0,0.0,10.0
15130.0,13847.0,1283.0,0.0,0.0,769.277771,75.470589,64256.0,31872.0,0.583244,1721542656.0,0.583244,0.0,0.583244,0.583244,0.583244,62.0,64.0,0.060934,0.000995,0.059939,35.0,18.0,17.0,0.0,0.0,0.0,0.0,0.0,-0.0,195952.28125,179382.890625,16569.394531,0.0,0.0,58.29464,29.14732,27.432772,0.0,0.0,0.0,0.0,0.0,0.0,0.0,0.0,0.0,0.0,0.0,0.0,0.0,0.0,0.0,1.0,0.0,0.0,0.0,0.0,0.0,0.0,0.0,0.0,0.0,0.0,0.0,0.0,0.0,0.0,0.0,0.0,10.0
242.0,0.0,242.0,0.0,0.0,0.0,121.0,197300.1840419336,95686.87047841308,1.606018,1721542656.0,1.606018,0.0,1.606018,1.606018,1.606018,62.0,64.0,0.307056,0.001599,0.305457,2.0,0.0,2.0,0.0,0.0,0.0,0.0,1.0,-0.0,602.732971,0.0,602.732971,0.0,0.0,0.622658,0.0,0.622658,0.0,1.0,0.0,0.0,1.0,0.0,0.0,0.0,0.0,0.0,0.0,0.0,0.0,0.0,0.0,0.0,0.0,0.0,0.0,0.0,0.0,0.0,0.0,0.0,0.0,0.0,0.0,0.0,0.0,1.0,0.0,1.0,10.0
15448.0,14297.0,1151.0,0.0,0.0,752.473694,76.73333,64256.0,31872.0,2.619084,1721542656.0,2.619084,0.0,2.619084,2.619084,2.619084,62.0,64.0,0.307852,0.000774,0.307078,34.0,19.0,15.0,0.0,0.0,0.0,0.0,0.0,-0.0,44656.835938,41373.246094,3283.59082,0.0,0.0,12.599826,6.872632,5.34538,0.0,0.0,0.0,0.0,0.0,0.0,0.0,0.0,0.0,0.0,0.0,0.0,0.0,0.0,0.0,1.0,0.0,0.0,0.0,0.0,0.0,0.0,0.0,0.0,0.0,0.0,0.0,0.0,0.0,0.0,0.0,0.0,10.0
15904.0,14687.0,1217.0,0.0,0.0,773.0,76.0625,64256.0,31872.0,1.407457,1721542656.0,1.407457,0.0,1.407457,1.407457,1.407457,62.0,64.0,0.169981,0.001005,0.168976,35.0,19.0,16.0,0.0,0.0,0.0,0.0,0.0,-0.0,85572.773438,79087.320312,6485.455566,0.0,0.0,24.157043,12.789023,10.657519,0.0,0.0,0.0,0.0,0.0,0.0,0.0,0.0,0.0,0.0,0.0,0.0,0.0,0.0,0.0,1.0,0.0,0.0,0.0,0.0,0.0,0.0,0.0,0.0,0.0,0.0,0.0,0.0,0.0,0.0,0.0,0.0,10.0
121.0,0.0,121.0,0.0,0.0,0.0,121.0,197300.1840419336,95686.87047841308,0.0,1721542656.0,0.0,0.0,0.0,0.0,0.0,62.0,64.0,0.307056,0.001599,0.305457,1.0,0.0,1.0,0.0,0.0,0.0,0.0,0.0,-0.0,0.0,0.0,0.0,0.0,0.0,0.0,0.0,0.0,0.0,0.0,0.0,0.0,1.0,0.0,0.0,0.0,0.0,0.0,0.0,0.0,0.0,0.0,0.0,0.0,0.0,0.0,0.0,0.0,0.0,0.0,0.0,0.0,0.0,0.0,0.0,0.0,0.0,1.0,0.0,1.0,10.0
175.0,54.0,121.0,0.0,0.0,54.0,121.0,64256.0,31872.0,0.0,1721542656.0,0.0,0.0,0.0,0.0,0.0,62.0,64.0,0.307056,0.001599,0.305457,2.0,1.0,1.0,0.0,0.0,0.0,0.0,0.0,-0.0,0.0,0.0,0.0,0.0,0.0,0.0,0.0,0.0,0.0,0.0,0.0,0.0,1.0,0.0,0.0,0.0,0.0,0.0,0.0,0.0,0.0,0.0,0.0,0.0,0.0,0.0,0.0,0.0,0.0,0.0,1.0,0.0,0.0,0.0,0.0,0.0,0.0,0.0,0.0,1.0,10.0
15881.0,14945.0,936.0,0.0,0.0,879.117676,78.0,64256.0,31872.0,1.900386,1721542656.0,1.900386,0.0,1.900386,1.900386,1.900386,62.0,64.0,0.275763,0.001008,0.274755,29.0,17.0,12.0,0.0,0.0,0.0,0.0,0.0,-0.0,62825.132812,59213.234375,3611.897949,0.0,0.0,14.733849,8.419342,5.788298,0.0,0.0,0.0,0.0,0.0,0.0,0.0,0.0,0.0,0.0,0.0,0.0,0.0,0.0,0.0,0.0,0.0,0.0,0.0,0.0,0.0,0.0,0.0,0.0,0.0,1.0,0.0,0.0,0.0,0.0,0.0,0.0,10.0
419.0,138.0,281.0,0.0,0.0,69.0,70.25,64256.0,31872.0,0.172187,1721542656.0,0.172187,0.0,0.172187,0.172187,0.172187,62.0,64.0,0.275763,0.001008,0.274755,6.0,2.0,4.0,0.0,0.0,0.0,0.0,0.0,-0.0,13009.112305,3205.816895,9803.294922,0.0,0.0,29.038197,5.807639,17.422918,0.0,0.0,0.0,0.0,1.0,0.0,0.0,0.0,0.0,0.0,0.0,1.0,0.0,0.0,0.0,0.0,0.0,0.0,0.0,0.0,0.0,0.0,0.0,0.0,0.0,0.0,0.0,0.0,0.0,0.0,0.0,0.0,10.0
16702.0,15485.0,1217.0,0.0,0.0,815.0,76.0625,64256.0,31872.0,1.360797,1721542656.0,1.360797,0.0,1.360797,1.360797,1.360797,62.0,64.0,0.170073,0.000992,0.169081,35.0,19.0,16.0,0.0,0.0,0.0,0.0,0.0,-0.0,92951.398438,86243.570312,6707.833496,0.0,0.0,24.985357,13.227542,11.022952,0.0,0.0,0.0,0.0,0.0,0.0,0.0,0.0,0.0,0.0,0.0,0.0,0.0,0.0,0.0,1.0,0.0,0.0,0.0,0.0,0.0,0.0,0.0,0.0,0.0,0.0,0.0,0.0,0.0,0.0,0.0,0.0,10.0
1541.0,666.0,875.0,0.0,0.0,83.25,87.5,64256.0,31872.0,3.533661,1721542656.0,3.533661,0.0,3.533661,3.533661,3.533661,62.0,64.0,0.185763,0.001,0.184763,18.0,8.0,10.0,0.0,0.0,3.0,0.0,3.0,-0.0,3103.863281,1319.877686,1783.985596,14.285714,0.0,4.810875,1.980948,2.546934,0.0,1.0,0.0,0.0,0.0,0.0,0.0,0.0,0.0,0.0,0.0,0.0,0.0,0.0,0.0,0.0,0.0,0.0,0.0,0.0,0.0,0.0,0.0,0.0,0.0,1.0,0.0,0.0,0.0,0.0,0.0,1.0,10.0
16456.0,15470.0,986.0,0.0,0.0,1105.0,70.428574,64256.0,31872.0,0.324744,1721542656.0,0.324744,0.0,0.324744,0.324744,0.324744,62.0,64.0,0.185763,0.001,0.184763,28.0,14.0,14.0,0.0,0.0,0.0,0.0,0.0,-0.0,376444.21875,353878.75,22565.46875,0.0,0.0,83.142418,40.031536,40.031536,0.0,0.0,0.0,0.0,1.0,0.0,0.0,0.0,0.0,0.0,0.0,1.0,0.0,0.0,0.0,0.0,0.0,0.0,0.0,0.0,0.0,0.0,0.0,0.0,0.0,0.0,0.0,0.0,0.0,0.0,0.0,1.0,10.0
17590.0,16373.0,1217.0,0.0,0.0,818.650024,76.0625,64256.0,31872.0,1.469873,1721542656.0,1.469873,0.0,1.469873,1.469873,1.469873,62.0,64.0,0.170728,0.000994,0.169734,36.0,20.0,16.0,0.0,0.0,0.0,0.0,0.0,-0.0,90870.4375,84660.375,6210.060547,0.0,0.0,23.811583,12.926288,10.204964,0.0,0.0,0.0,0.0,0.0,0.0,0.0,0.0,0.0,0.0,0.0,0.0,0.0,0.0,0.0,1.0,0.0,0.0,0.0,0.0,0.0,0.0,0.0,0.0,0.0,0.0,0.0,0.0,0.0,0.0,0.0,0.0,10.0
18377.0,17011.0,1366.0,0.0,0.0,739.608704,75.888885,64256.0,31872.0,2.629794,1721542656.0,2.629794,0.0,2.629794,2.629794,2.629794,62.0,64.0,0.1391,0.0008,0.1383,41.0,23.0,18.0,0.0,0.0,4.0,1.0,3.0,-0.0,53427.761719,49500.457031,3927.303955,8.888889,0.0,15.210318,8.365675,6.464385,1.0,0.0,0.0,0.0,0.0,0.0,0.0,0.0,0.0,0.0,0.0,0.0,0.0,0.0,0.0,1.0,0.0,0.0,0.0,0.0,0.0,0.0,0.0,0.0,0.0,0.0,0.0,0.0,0.0,0.0,0.0,1.0,10.0
18436.0,17219.0,1217.0,0.0,0.0,860.950012,76.0625,64256.0,31872.0,1.486251,1721542656.0,1.486251,0.0,1.486251,1.486251,1.486251,62.0,64.0,0.168824,0.00149,0.167334,36.0,20.0,16.0,0.0,0.0,0.0,0.0,0.0,-0.0,94196.742188,88055.117188,6141.627441,0.0,0.0,23.549185,12.783843,10.092508,0.0,0.0,0.0,0.0,0.0,0.0,0.0,0.0,0.0,0.0,0.0,0.0,0.0,0.0,0.0,1.0,0.0,0.0,0.0,0.0,0.0,0.0,0.0,0.0,0.0,0.0,0.0,0.0,0.0,0.0,0.0,0.0,10.0
19171.0,17729.0,1442.0,0.0,0.0,844.238098,75.894737,64256.0,31872.0,3.490594,1721542656.0,3.490594,0.0,3.490594,3.490594,3.490594,62.0,64.0,0.169777,0.00099,0.168787,40.0,21.0,19.0,0.0,0.0,6.0,0.0,6.0,-0.0,41831.277344,38698.285156,3132.991211,13.043478,0.0,11.172884,5.729684,5.156715,0.0,1.0,0.0,0.0,0.0,0.0,0.0,0.0,0.0,0.0,0.0,0.0,0.0,0.0,0.0,0.0,0.0,0.0,0.0,0.0,0.0,0.0,0.0,0.0,1.0,0.0,0.0,0.0,0.0,0.0,0.0,1.0,10.0
150.0,0.0,150.0,0.0,0.0,0.0,75.0,197300.1840419336,95686.87047841308,3.967118,1721542656.0,3.967118,0.0,3.967118,3.967118,3.967118,62.0,64.0,0.169777,0.00099,0.168787,2.0,0.0,2.0,0.0,0.0,0.0,0.0,1.0,-0.0,151.243301,0.0,151.243301,0.0,0.0,0.252072,0.0,0.252072,0.0,1.0,0.0,0.0,1.0,0.0,0.0,0.0,0.0,0.0,0.0,0.0,0.0,0.0,0.0,0.0,0.0,0.0,0.0,0.0,0.0,0.0,0.0,0.0,0.0,0.0,0.0,0.0,0.0,1.0,0.0,1.0,10.0
132.0,66.0,66.0,0.0,0.0,66.0,66.0,64256.0,31872.0,0.001991,1721542656.0,0.001991,0.0,0.001991,0.001991,0.001991,62.0,64.0,0.169777,0.00099,0.168787,2.0,1.0,1.0,0.0,0.0,0.0,0.0,0.0,-0.0,0.0,0.0,0.0,0.0,0.0,502.260162,0.0,0.0,0.0,0.0,0.0,0.0,1.0,0.0,0.0,0.0,1.0,0.0,0.0,0.0,0.0,0.0,0.0,0.0,0.0,0.0,0.0,0.0,0.0,0.0,0.0,0.0,0.0,0.0,0.0,0.0,0.0,0.0,0.0,1.0,10.0
296.0,74.0,222.0,0.0,0.0,74.0,74.0,8222720.0,4077568.0,3.064683,1721542656.0,3.064683,0.0,3.064683,3.064683,3.064683,62.0,64.0,0.001895,0.001895,0.0,4.0,1.0,3.0,0.0,0.0,2.0,0.0,2.0,-0.0,386.336853,0.0,386.336853,33.333333,0.0,0.978894,0.0,0.652596,0.0,1.0,0.0,0.0,0.0,0.0,0.0,0.0,0.0,0.0,0.0,0.0,0.0,0.0,0.0,0.0,0.0,0.0,0.0,0.0,0.0,0.0,0.0,0.0,0.0,0.0,0.0,1.0,0.0,0.0,0.0,0.0,10.0
732.0,218.0,514.0,0.0,0.0,72.666664,102.800003,64256.0,31872.0,4.246332,1721542656.0,4.246332,0.0,4.246332,4.246332,4.246332,62.0,64.0,0.294281,0.001895,0.292386,8.0,3.0,5.0,0.0,0.0,5.0,1.0,4.0,-0.0,1051.260254,275.060913,776.19928,38.461538,0.0,1.648481,0.470995,0.941989,1.0,0.0,0.0,0.0,1.0,0.0,0.0,0.0,0.0,0.0,0.0,0.0,0.0,0.0,0.0,0.0,0.0,0.0,0.0,0.0,0.0,0.0,0.0,1.0,0.0,0.0,0.0,0.0,0.0,0.0,0.0,1.0,10.0
16418.0,15561.0,857.0,0.0,0.0,1037.400024,77.909088,64256.0,31872.0,2.112832,1721542656.0,2.112832,0.0,2.112832,2.112832,2.112832,62.0,64.0,0.294281,0.001895,0.292386,26.0,15.0,11.0,0.0,0.0,1.0,0.0,1.0,-0.0,57946.867188,54993.484375,2953.381836,3.703704,0.0,11.832459,6.626177,4.732984,0.0,1.0,0.0,0.0,1.0,0.0,0.0,0.0,0.0,0.0,0.0,0.0,0.0,0.0,0.0,0.0,0.0,0.0,1.0,0.0,0.0,0.0,0.0,0.0,0.0,0.0,0.0,0.0,0.0,0.0,0.0,1.0,10.0
1580.0,1514.0,66.0,0.0,0.0,1514.0,66.0,64256.0,31872.0,0.042623,1721542656.0,0.042623,0.0,0.042623,0.042623,0.042623,61.0,64.0,0.294281,0.001895,0.292386,2.0,1.0,1.0,0.0,0.0,0.0,0.0,0.0,-0.0,0.0,0.0,0.0,0.0,0.0,23.461512,0.0,0.0,0.0,0.0,0.0,0.0,1.0,1.0,0.0,0.0,0.0,0.0,0.0,0.0,0.0,0.0,0.0,0.0,0.0,0.0,0.0,0.0,0.0,0.0,0.0,0.0,0.0,0.0,0.0,0.0,0.0,0.0,0.0,1.0,10.0
2879.0,2454.0,425.0,0.0,0.0,613.5,70.833336,64256.0,31872.0,0.178201,1721542656.0,0.178201,0.0,0.178201,0.178201,0.178201,62.0,64.0,0.294281,0.001895,0.292386,10.0,4.0,6.0,0.0,0.0,0.0,0.0,0.0,-0.0,98585.304688,82648.242188,15937.05957,0.0,0.0,50.504765,16.834923,28.058203,0.0,0.0,0.0,0.0,1.0,0.0,0.0,0.0,0.0,0.0,0.0,1.0,0.0,0.0,0.0,0.0,0.0,0.0,0.0,0.0,0.0,0.0,0.0,0.0,0.0,0.0,0.0,0.0,0.0,0.0,0.0,1.0,10.0
1819.0,786.0,1033.0,0.0,0.0,87.333336,79.46154,64256.0,31872.0,4.885742,1721542656.0,4.885742,0.0,4.885742,4.885742,4.885742,62.0,64.0,0.195688,0.001537,0.194151,22.0,9.0,13.0,0.0,0.0,4.0,0.0,4.0,-0.0,2706.651123,1144.55481,1562.096313,15.384615,0.0,4.298221,1.637418,2.456126,0.0,1.0,0.0,0.0,0.0,0.0,0.0,0.0,0.0,0.0,0.0,0.0,0.0,0.0,0.0,0.0,0.0,0.0,0.0,0.0,0.0,0.0,0.0,0.0,0.0,1.0,0.0,0.0,0.0,0.0,0.0,1.0,10.0
19418.0,18374.0,1044.0,0.0,0.0,967.052612,69.599998,64256.0,31872.0,4.181456,1721542656.0,4.181456,0.0,4.181456,4.181456,4.181456,62.0,64.0,0.195688,0.001537,0.194151,34.0,19.0,15.0,0.0,0.0,0.0,0.0,0.0,-0.0,35168.609375,33303.230469,1865.378906,0.0,0.0,7.891988,4.30472,3.348116,0.0,0.0,0.0,0.0,1.0,0.0,0.0,0.0,0.0,0.0,0.0,1.0,0.0,0.0,0.0,0.0,0.0,0.0,0.0,0.0,0.0,0.0,0.0,0.0,0.0,0.0,0.0,0.0,0.0,0.0,0.0,1.0,10.0
20789.0,19255.0,1534.0,0.0,0.0,802.291687,76.699997,64256.0,31872.0,2.945049,1721542656.0,2.945049,0.0,2.945049,2.945049,2.945049,62.0,64.0,0.062433,0.000501,0.061932,44.0,24.0,20.0,0.0,0.0,4.0,1.0,3.0,-0.0,54086.707031,50126.160156,3960.545166,8.333333,0.0,14.600776,7.809717,6.451506,1.0,0.0,0.0,0.0,0.0,0.0,0.0,0.0,0.0,0.0,0.0,0.0,0.0,0.0,0.0,1.0,0.0,0.0,0.0,0.0,0.0,0.0,0.0,0.0,0.0,0.0,0.0,0.0,0.0,0.0,0.0,0.0,10.0
21105.0,19645.0,1460.0,0.0,0.0,854.130432,76.842102,64256.0,31872.0,3.047974,1721542656.0,3.047974,0.0,3.047974,3.047974,3.047974,62.0,64.0,0.171177,0.001071,0.170106,42.0,23.0,19.0,0.0,0.0,3.0,1.0,2.0,-0.0,52953.207031,49320.628906,3632.576904,6.666667,0.0,13.451558,7.217909,5.905562,1.0,0.0,0.0,0.0,0.0,0.0,0.0,0.0,0.0,0.0,0.0,0.0,0.0,0.0,0.0,1.0,0.0,0.0,0.0,0.0,0.0,0.0,0.0,0.0,0.0,0.0,0.0,0.0,0.0,0.0,0.0,0.0,10.0
16379.0,15353.0,1026.0,4344.0,0.0,903.117676,78.92308,64256.0,31872.0,1.327908,1721542656.0,1.327908,0.0,1.327908,1.327908,1.327908,62.0,64.0,0.16914,0.00098,0.16816,30.0,17.0,13.0,0.0,0.0,0.0,0.0,0.0,-0.0,92765.460938,87054.21875,5711.23877,0.0,0.0,21.838861,12.049027,9.036771,0.0,0.0,1.0,0.0,0.0,0.0,0.0,0.0,0.0,0.0,0.0,0.0,0.0,0.0,0.0,0.0,0.0,0.0,0.0,0.0,0.0,0.0,0.0,0.0,0.0,1.0,0.0,0.0,0.0,0.0,0.0,1.0,10.0
5303.0,4812.0,491.0,0.0,0.0,687.428589,70.14286,64256.0,31872.0,1.728513,1721542656.0,1.728513,0.0,1.728513,1.728513,1.728513,62.0,64.0,0.16914,0.00098,0.16816,14.0,7.0,7.0,0.0,0.0,3.0,3.0,0.0,-0.0,21040.050781,19091.554688,1948.495605,17.647059,0.0,7.520916,3.471192,3.471192,0.0,0.0,0.0,1.0,1.0,0.0,0.0,0.0,0.0,0.0,0.0,1.0,0.0,0.0,0.0,0.0,0.0,0.0,0.0,0.0,0.0,0.0,0.0,0.0,0.0,0.0,0.0,0.0,0.0,0.0,0.0,1.0,10.0
1626.0,633.0,993.0,0.0,0.0,79.125,90.272728,64256.0,31872.0,4.728905,1721542656.0,4.728905,0.0,4.728905,4.728905,4.728905,62.0,64.0,0.322412,0.001,0.321412,19.0,8.0,11.0,0.0,0.0,3.0,0.0,3.0,-0.0,2464.841064,937.214783,1527.626343,13.636364,0.0,3.806378,1.480258,2.114654,0.0,1.0,0.0,0.0,0.0,0.0,0.0,0.0,0.0,0.0,0.0,0.0,0.0,0.0,0.0,0.0,0.0,0.0,0.0,0.0,0.0,0.0,0.0,0.0,0.0,1.0,0.0,0.0,0.0,0.0,0.0,1.0,10.0
20971.0,20006.0,965.0,0.0,0.0,1250.375,68.928574,64256.0,31872.0,1.175368,1721542656.0,1.175368,0.0,1.175368,1.175368,1.175368,62.0,64.0,0.322412,0.001,0.321412,30.0,16.0,14.0,0.0,0.0,2.0,2.0,0.0,-0.0,133765.765625,127660.445312,6105.322266,6.25,0.0,24.673124,12.761961,11.060367,0.0,0.0,0.0,1.0,1.0,0.0,0.0,0.0,0.0,0.0,0.0,1.0,0.0,0.0,0.0,0.0,0.0,0.0,0.0,0.0,0.0,0.0,0.0,0.0,0.0,0.0,0.0,0.0,0.0,0.0,0.0,1.0,10.0
22775.0,21113.0,1662.0,0.0,0.0,879.708313,75.545456,64256.0,31872.0,2.484239,1721542656.0,2.484239,0.0,2.484239,2.484239,2.484239,62.0,64.0,0.154393,0.000993,0.1534,46.0,24.0,22.0,0.0,0.0,1.0,0.0,1.0,-0.0,70270.210938,65159.589844,5110.619141,2.12766,0.0,18.114199,9.258368,8.453293,0.0,1.0,0.0,0.0,0.0,0.0,0.0,0.0,0.0,0.0,0.0,0.0,0.0,0.0,0.0,1.0,0.0,0.0,0.0,0.0,0.0,0.0,0.0,0.0,0.0,0.0,0.0,0.0,0.0,0.0,0.0,1.0,10.0
22870.0,21521.0,1349.0,0.0,0.0,935.695679,74.944443,64256.0,31872.0,1.586409,1721542656.0,1.586409,0.0,1.586409,1.586409,1.586409,62.0,64.0,0.12213,0.002001,0.120129,41.0,23.0,18.0,0.0,0.0,0.0,0.0,0.0,-0.0,110241.4375,103811.820312,6429.615723,0.0,0.0,25.21418,13.867799,10.716026,0.0,0.0,0.0,0.0,0.0,0.0,0.0,0.0,0.0,0.0,0.0,0.0,0.0,0.0,0.0,1.0,0.0,0.0,0.0,0.0,0.0,0.0,0.0,0.0,0.0,0.0,0.0,0.0,0.0,0.0,0.0,0.0,10.0
23554.0,22139.0,1415.0,0.0,0.0,885.559998,74.473686,64256.0,31872.0,1.914152,1721542656.0,1.914152,0.0,1.914152,1.914152,1.914152,62.0,64.0,0.169767,0.000752,0.169015,44.0,25.0,19.0,0.0,0.0,0.0,0.0,0.0,-0.0,94433.460938,88828.890625,5604.570312,0.0,0.0,22.464256,12.538189,9.403642,0.0,0.0,0.0,0.0,0.0,0.0,0.0,0.0,0.0,0.0,0.0,0.0,0.0,0.0,0.0,1.0,0.0,0.0,0.0,0.0,0.0,0.0,0.0,0.0,0.0,0.0,0.0,0.0,0.0,0.0,0.0,0.0,10.0
23988.0,22565.0,1423.0,0.0,0.0,940.208313,74.894737,64256.0,31872.0,2.935327,1721542656.0,2.935327,0.0,2.935327,2.935327,2.935327,61.0,64.0,0.169121,0.000983,0.168138,43.0,24.0,19.0,0.0,0.0,1.0,0.0,1.0,-0.0,62613.804688,58937.214844,3676.592041,2.272727,0.0,14.308456,7.835583,6.132196,0.0,1.0,0.0,0.0,0.0,0.0,0.0,0.0,0.0,0.0,0.0,0.0,0.0,0.0,0.0,1.0,0.0,0.0,0.0,0.0,0.0,0.0,0.0,0.0,0.0,0.0,0.0,0.0,0.0,0.0,0.0,0.0,10.0
819.0,390.0,429.0,0.0,0.0,78.0,85.800003,64256.0,31872.0,3.742095,1721542656.0,3.742095,0.0,3.742095,3.742095,3.742095,61.0,64.0,0.744335,0.001499,0.742836,10.0,5.0,5.0,0.0,0.0,0.0,0.0,0.0,-0.0,1402.422974,667.006042,735.416931,0.0,0.0,2.40507,1.06892,1.06892,0.0,0.0,0.0,0.0,0.0,0.0,0.0,0.0,0.0,0.0,0.0,0.0,0.0,0.0,0.0,0.0,0.0,0.0,0.0,0.0,0.0,0.0,0.0,0.0,0.0,1.0,0.0,0.0,0.0,0.0,0.0,0.0,10.0
326.0,100.0,226.0,0.0,0.0,100.0,75.333336,64256.0,31872.0,4.10505,1721542656.0,4.10505,0.0,4.10505,4.10505,4.10505,62.0,64.0,0.744335,0.001499,0.742836,4.0,1.0,3.0,0.0,0.0,1.0,0.0,1.0,-0.0,294.271698,0.0,294.271698,20.0,0.0,0.730807,0.0,0.487205,0.0,1.0,0.0,0.0,1.0,0.0,0.0,0.0,0.0,0.0,0.0,0.0,0.0,0.0,0.0,0.0,0.0,0.0,1.0,0.0,0.0,0.0,0.0,0.0,0.0,0.0,0.0,0.0,0.0,0.0,0.0,1.0,10.0
23865.0,22673.0,1192.0,0.0,0.0,1193.315796,70.117645,64256.0,31872.0,2.157999,1721542656.0,2.157999,0.0,2.157999,2.157999,2.157999,62.0,64.0,0.744335,0.001499,0.742836,36.0,19.0,17.0,0.0,0.0,0.0,0.0,0.0,-0.0,83788.734375,79629.320312,4159.408691,0.0,0.0,16.218729,8.341061,7.414276,0.0,0.0,0.0,0.0,1.0,0.0,0.0,0.0,0.0,0.0,0.0,1.0,0.0,0.0,0.0,0.0,0.0,0.0,0.0,0.0,0.0,0.0,0.0,0.0,0.0,0.0,0.0,0.0,0.0,0.0,0.0,1.0,10.0
25048.0,23633.0,1415.0,0.0,0.0,945.320007,74.473686,64256.0,31872.0,0.615636,1721542656.0,0.615636,0.0,0.615636,0.615636,0.615636,62.0,64.0,0.061672,0.001471,0.060201,44.0,25.0,19.0,0.0,0.0,0.0,0.0,0.0,-0.0,312249.4375,294823.5625,17425.880859,0.0,0.0,69.846466,38.984077,29.238056,0.0,0.0,0.0,0.0,0.0,0.0,0.0,0.0,0.0,0.0,0.0,0.0,0.0,0.0,0.0,1.0,0.0,0.0,0.0,0.0,0.0,0.0,0.0,0.0,0.0,0.0,0.0,0.0,0.0,0.0,0.0,0.0,10.0
25558.0,24143.0,1415.0,0.0,0.0,965.719971,74.473686,64256.0,31872.0,0.66291,1721542656.0,0.66291,0.0,0.66291,0.66291,0.66291,62.0,64.0,0.062224,0.004208,0.058016,44.0,25.0,19.0,0.0,0.0,0.0,0.0,0.0,-0.0,295895.375,279712.1875,16183.192383,0.0,0.0,64.865517,36.20401,27.153008,0.0,0.0,0.0,0.0,0.0,0.0,0.0,0.0,0.0,0.0,0.0,0.0,0.0,0.0,0.0,1.0,0.0,0.0,0.0,0.0,0.0,0.0,0.0,0.0,0.0,0.0,0.0,0.0,0.0,0.0,0.0,0.0,10.0
26496.0,24659.0,1837.0,0.0,0.0,986.359985,76.541664,64256.0,31872.0,3.416256,1721542656.0,3.416256,0.0,3.416256,3.416256,3.416256,62.0,64.0,0.168387,0.000497,0.16789,49.0,25.0,24.0,0.0,0.0,4.0,3.0,1.0,-0.0,59559.941406,55436.128906,4123.812988,7.54717,0.0,14.050469,7.025235,6.732517,1.0,0.0,0.0,0.0,0.0,0.0,0.0,0.0,0.0,0.0,0.0,0.0,0.0,0.0,0.0,1.0,0.0,0.0,0.0,0.0,0.0,0.0,0.0,0.0,0.0,0.0,0.0,0.0,0.0,0.0,0.0,1.0,10.0
26662.0,25247.0,1415.0,0.0,0.0,971.038452,74.473686,64256.0,31872.0,1.499354,1721542656.0,1.499354,0.0,1.499354,1.499354,1.499354,62.0,64.0,0.168579,0.000987,0.167592,45.0,26.0,19.0,0.0,0.0,0.0,0.0,0.0,-0.0,136682.859375,129527.78125,7155.081543,0.0,0.0,29.345972,16.673847,12.00517,0.0,0.0,0.0,0.0,0.0,0.0,0.0,0.0,0.0,0.0,0.0,0.0,0.0,0.0,0.0,1.0,0.0,0.0,0.0,0.0,0.0,0.0,0.0,0.0,0.0,0.0,0.0,0.0,0.0,0.0,0.0,0.0,10.0
27448.0,25849.0,1599.0,0.0,0.0,957.370361,76.14286,64256.0,31872.0,3.105919,1721542656.0,3.105919,0.0,3.105919,3.105919,3.105919,62.0,64.0,0.291279,0.000783,0.290496,48.0,27.0,21.0,0.0,0.0,3.0,1.0,2.0,-0.0,68037.835938,64115.003906,3922.832764,5.882353,0.0,15.132398,8.371114,6.439318,1.0,0.0,0.0,0.0,0.0,0.0,0.0,0.0,0.0,0.0,0.0,0.0,0.0,0.0,0.0,1.0,0.0,0.0,0.0,0.0,0.0,0.0,0.0,0.0,0.0,0.0,0.0,0.0,0.0,0.0,0.0,0.0,10.0
27856.0,26309.0,1547.0,0.0,0.0,1011.884644,73.666664,64256.0,31872.0,0.651836,1721542656.0,0.651836,0.0,0.651836,0.651836,0.651836,62.0,64.0,0.062469,0.000994,0.061475,47.0,26.0,21.0,0.0,0.0,0.0,0.0,0.0,-0.0,328573.4375,310483.0,18090.441406,0.0,0.0,70.569901,38.353207,30.682566,0.0,0.0,0.0,0.0,0.0,0.0,0.0,0.0,0.0,0.0,0.0,0.0,0.0,0.0,0.0,1.0,0.0,0.0,0.0,0.0,0.0,0.0,0.0,0.0,0.0,0.0,0.0,0.0,0.0,0.0,0.0,0.0,10.0
28777.0,26855.0,1922.0,0.0,0.0,1032.884644,76.879997,64256.0,31872.0,4.487705,1721542656.0,4.487705,0.0,4.487705,4.487705,4.487705,62.0,64.0,0.169707,0.001493,0.168214,51.0,26.0,25.0,0.0,0.0,4.0,1.0,3.0,-0.0,49324.09375,46033.328125,3290.768799,7.272727,0.0,11.141552,5.570776,5.347945,1.0,0.0,0.0,0.0,0.0,0.0,0.0,0.0,0.0,0.0,0.0,0.0,0.0,0.0,0.0,0.0,0.0,0.0,0.0,0.0,0.0,0.0,0.0,0.0,0.0,1.0,0.0,0.0,0.0,0.0,0.0,1.0,10.0
411.0,204.0,207.0,0.0,0.0,68.0,69.0,64256.0,31872.0,0.326744,1721542656.0,0.326744,0.0,0.326744,0.326744,0.326744,62.0,64.0,0.169707,0.001493,0.168214,6.0,3.0,3.0,0.0,0.0,0.0,0.0,0.0,-0.0,6708.616211,3329.823975,3378.791992,0.0,0.0,15.302501,6.121,6.121,0.0,0.0,0.0,0.0,1.0,0.0,0.0,0.0,0.0,0.0,0.0,1.0,0.0,0.0,0.0,0.0,0.0,0.0,0.0,0.0,0.0,0.0,0.0,0.0,0.0,0.0,0.0,0.0,0.0,0.0,0.0,1.0,10.0
30864.0,28975.0,1889.0,0.0,0.0,1034.821411,72.653847,64256.0,31872.0,3.229752,1721542656.0,3.229752,0.0,3.229752,3.229752,3.229752,62.0,64.0,0.292578,0.000997,0.291581,54.0,28.0,26.0,0.0,0.0,0.0,0.0,0.0,-0.0,73709.6875,69209.03125,4500.655273,0.0,0.0,16.409929,8.359775,7.740532,0.0,0.0,0.0,0.0,0.0,0.0,0.0,0.0,0.0,0.0,0.0,0.0,0.0,0.0,0.0,1.0,0.0,0.0,0.0,0.0,0.0,0.0,0.0,0.0,0.0,0.0,0.0,0.0,0.0,0.0,0.0,1.0,10.0
29560.0,28079.0,1481.0,0.0,0.0,1002.821411,74.050003,64256.0,31872.0,1.681018,1721542656.0,1.681018,0.0,1.681018,1.681018,1.681018,62.0,64.0,0.169613,0.000993,0.16862,48.0,28.0,20.0,0.0,0.0,0.0,0.0,0.0,-0.0,135555.953125,128860.015625,6695.942383,0.0,0.0,27.959249,16.061695,11.302675,0.0,0.0,0.0,0.0,0.0,0.0,0.0,0.0,0.0,0.0,0.0,0.0,0.0,0.0,0.0,1.0,0.0,0.0,0.0,0.0,0.0,0.0,0.0,0.0,0.0,0.0,0.0,0.0,0.0,0.0,0.0,0.0,10.0
30069.0,28573.0,1496.0,0.0,0.0,1058.259277,74.800003,64256.0,31872.0,4.710975,1721542656.0,4.710975,0.0,4.710975,4.710975,4.710975,62.0,64.0,0.275966,0.001003,0.274963,47.0,27.0,20.0,0.0,0.0,4.0,1.0,3.0,-0.0,49139.71875,46724.933594,2414.786621,7.843137,0.0,9.764433,5.519027,4.033135,1.0,0.0,0.0,0.0,0.0,0.0,0.0,0.0,0.0,0.0,0.0,0.0,0.0,0.0,0.0,0.0,0.0,0.0,0.0,0.0,0.0,0.0,0.0,0.0,0.0,1.0,0.0,0.0,0.0,0.0,0.0,0.0,10.0
563.0,282.0,281.0,0.0,0.0,70.5,70.25,64256.0,31872.0,1.172977,1721542656.0,1.172977,0.0,1.172977,1.172977,1.172977,62.0,64.0,0.275966,0.001003,0.274963,8.0,4.0,4.0,0.0,0.0,0.0,0.0,0.0,-0.0,2884.967041,1445.893677,1439.073486,0.0,0.0,5.967721,2.557595,2.557595,0.0,0.0,0.0,0.0,1.0,0.0,0.0,0.0,0.0,0.0,0.0,1.0,0.0,0.0,0.0,0.0,0.0,0.0,0.0,0.0,0.0,0.0,0.0,0.0,0.0,0.0,0.0,0.0,0.0,0.0,0.0,1.0,10.0
31083.0,29063.0,2020.0,0.0,0.0,1117.807739,74.814812,64256.0,31872.0,4.929705,1721542656.0,4.929705,0.0,4.929705,4.929705,4.929705,62.0,64.0,0.307243,0.00203,0.305213,53.0,26.0,27.0,0.0,0.0,3.0,0.0,3.0,-0.0,48509.1875,45351.191406,3157.998291,5.357143,0.0,10.548298,5.071297,5.274149,0.0,1.0,0.0,0.0,0.0,0.0,0.0,0.0,0.0,0.0,0.0,0.0,0.0,0.0,0.0,0.0,0.0,0.0,0.0,0.0,0.0,0.0,0.0,0.0,0.0,1.0,0.0,0.0,0.0,0.0,0.0,0.0,10.0
711.0,282.0,429.0,0.0,0.0,70.5,71.5,64256.0,31872.0,3.243248,1721542656.0,3.243248,0.0,3.243248,3.243248,3.243248,62.0,64.0,0.307243,0.00203,0.305213,10.0,4.0,6.0,0.0,0.0,2.0,0.0,2.0,-0.0,1405.997925,522.932556,883.065369,16.666667,0.0,2.774996,0.924999,1.541664,0.0,1.0,0.0,0.0,1.0,0.0,0.0,0.0,0.0,0.0,0.0,1.0,0.0,0.0,0.0,0.0,0.0,0.0,0.0,0.0,0.0,0.0,0.0,0.0,0.0,0.0,0.0,0.0,0.0,0.0,0.0,1.0,10.0
31788.0,29837.0,1951.0,0.0,0.0,1028.862061,72.259262,64256.0,31872.0,3.916064,1721542656.0,3.916064,0.0,3.916064,3.916064,3.916064,62.0,64.0,0.1596,0.00049,0.15911,56.0,29.0,27.0,0.0,0.0,1.0,0.0,1.0,-0.0,62691.519531,58852.96875,3838.548096,1.754386,0.0,14.044714,7.150036,6.639319,0.0,1.0,0.0,0.0,0.0,0.0,0.0,0.0,0.0,0.0,0.0,0.0,0.0,0.0,0.0,1.0,0.0,0.0,0.0,0.0,0.0,0.0,0.0,0.0,0.0,0.0,0.0,0.0,0.0,0.0,0.0,0.0,10.0
32311.0,30623.0,1688.0,0.0,0.0,956.96875,73.391304,64256.0,34816.0,2.08841,1721542656.0,2.08841,0.0,2.08841,2.08841,2.08841,62.0,64.0,0.169607,0.001486,0.168121,55.0,32.0,23.0,0.0,0.0,2.0,0.0,2.0,-0.0,119830.882812,113644.359375,6186.524902,3.508772,0.0,25.856993,14.843829,10.53433,0.0,1.0,0.0,0.0,0.0,0.0,0.0,0.0,0.0,0.0,0.0,0.0,0.0,0.0,0.0,1.0,0.0,0.0,0.0,0.0,0.0,0.0,0.0,0.0,0.0,0.0,0.0,0.0,0.0,0.0,0.0,1.0,10.0
32838.0,31069.0,1769.0,0.0,0.0,1035.633301,73.708336,64256.0,31872.0,4.807827,1721542656.0,4.807827,0.0,4.807827,4.807827,4.807827,62.0,64.0,0.154281,0.000514,0.153767,54.0,30.0,24.0,0.0,0.0,4.0,1.0,3.0,-0.0,52797.242188,49975.175781,2822.064941,6.896552,0.0,11.023691,6.031831,4.783866,1.0,0.0,0.0,0.0,0.0,0.0,0.0,0.0,0.0,0.0,0.0,0.0,0.0,0.0,0.0,0.0,0.0,0.0,0.0,0.0,0.0,0.0,0.0,0.0,1.0,0.0,0.0,0.0,0.0,0.0,0.0,0.0,10.0
132.0,66.0,66.0,0.0,0.0,66.0,66.0,64256.0,31872.0,0.00088,1721542656.0,0.00088,0.0,0.00088,0.00088,0.00088,62.0,64.0,0.154281,0.000514,0.153767,2.0,1.0,1.0,0.0,0.0,0.0,0.0,0.0,-0.0,0.0,0.0,0.0,0.0,0.0,1136.363647,0.0,0.0,0.0,0.0,0.0,0.0,1.0,0.0,0.0,0.0,1.0,0.0,0.0,0.0,0.0,0.0,0.0,0.0,0.0,0.0,0.0,0.0,0.0,0.0,0.0,0.0,0.0,0.0,0.0,0.0,0.0,0.0,0.0,0.0,10.0
32717.0,30919.0,1798.0,0.0,0.0,1104.25,78.173912,64256.0,31872.0,4.858182,1721542656.0,4.858182,0.0,4.858182,4.858182,4.858182,62.0,64.0,0.309896,0.001337,0.308559,51.0,28.0,23.0,0.0,0.0,3.0,1.0,2.0,-0.0,51928.890625,49096.554688,2832.335205,5.555556,0.0,10.291916,5.557634,4.528443,1.0,0.0,0.0,0.0,0.0,0.0,0.0,0.0,0.0,0.0,0.0,0.0,0.0,0.0,0.0,0.0,0.0,0.0,0.0,0.0,0.0,0.0,0.0,0.0,0.0,1.0,0.0,0.0,0.0,0.0,0.0,1.0,10.0
1155.0,808.0,347.0,0.0,0.0,269.333344,69.400002,64256.0,31872.0,0.32624,1721542656.0,0.32624,0.0,0.32624,0.32624,0.32624,62.0,64.0,0.309896,0.001337,0.308559,8.0,3.0,5.0,0.0,0.0,0.0,0.0,0.0,-0.0,20034.330078,13217.263672,6817.066895,0.0,0.0,21.456596,6.130456,12.260912,0.0,0.0,0.0,0.0,1.0,0.0,0.0,0.0,0.0,0.0,0.0,1.0,0.0,0.0,0.0,0.0,0.0,0.0,0.0,0.0,0.0,0.0,0.0,0.0,0.0,0.0,0.0,0.0,0.0,0.0,0.0,1.0,10.0
34216.0,32243.0,1973.0,0.0,0.0,1074.766724,75.884613,64256.0,31872.0,2.233959,1721542656.0,2.233959,0.0,2.233959,2.233959,2.233959,62.0,64.0,0.168811,0.000486,0.168325,56.0,30.0,26.0,0.0,0.0,3.0,3.0,0.0,-0.0,118415.78125,111618.882812,6796.901855,5.084746,0.0,24.619968,12.981438,11.190895,0.0,0.0,0.0,1.0,0.0,0.0,0.0,0.0,0.0,0.0,0.0,0.0,0.0,0.0,0.0,1.0,0.0,0.0,0.0,0.0,0.0,0.0,0.0,0.0,0.0,0.0,0.0,0.0,0.0,0.0,0.0,1.0,10.0
34648.0,32975.0,1673.0,0.0,0.0,1030.46875,76.045456,64256.0,34816.0,4.587154,1721542656.0,4.587154,0.0,4.587154,4.587154,4.587154,62.0,64.0,0.294729,0.000993,0.293736,54.0,32.0,22.0,0.0,0.0,2.0,2.0,0.0,-0.0,58497.273438,55712.105469,2785.169189,3.571429,0.0,11.554006,6.758003,4.578002,0.0,0.0,0.0,1.0,0.0,0.0,0.0,0.0,0.0,0.0,0.0,0.0,0.0,0.0,0.0,1.0,0.0,0.0,0.0,0.0,0.0,0.0,0.0,0.0,0.0,0.0,0.0,0.0,0.0,0.0,0.0,1.0,10.0
132.0,66.0,66.0,0.0,0.0,66.0,66.0,64256.0,34816.0,0.000767,1721542656.0,0.000767,0.0,0.000767,0.000767,0.000767,62.0,64.0,0.294729,0.000993,0.293736,2.0,1.0,1.0,0.0,0.0,0.0,0.0,0.0,-0.0,0.0,0.0,0.0,0.0,0.0,1303.780884,0.0,0.0,0.0,0.0,0.0,0.0,1.0,0.0,0.0,0.0,1.0,0.0,0.0,0.0,0.0,0.0,0.0,0.0,0.0,0.0,0.0,0.0,0.0,0.0,0.0,0.0,0.0,0.0,0.0,0.0,0.0,0.0,0.0,1.0,10.0
132.0,66.0,66.0,0.0,0.0,66.0,66.0,64256.0,34816.0,0.001176,1721542656.0,0.001176,0.0,0.001176,0.001176,0.001176,62.0,64.0,0.294729,0.000993,0.293736,2.0,1.0,1.0,0.0,0.0,0.0,0.0,0.0,-0.0,0.0,0.0,0.0,0.0,0.0,850.340149,0.0,0.0,0.0,0.0,0.0,0.0,1.0,0.0,0.0,0.0,1.0,0.0,0.0,0.0,0.0,0.0,0.0,0.0,0.0,0.0,0.0,0.0,0.0,0.0,0.0,0.0,0.0,0.0,0.0,0.0,0.0,0.0,0.0,1.0,10.0
2410.0,1307.0,1103.0,0.0,0.0,118.818184,78.785713,64256.0,31872.0,3.044405,1721542656.0,3.044405,0.0,3.044405,3.044405,3.044405,62.0,64.0,0.171041,0.000993,0.170048,25.0,11.0,14.0,0.0,0.0,4.0,0.0,4.0,-0.0,5817.885742,3124.420166,2693.465576,13.793103,0.0,7.883314,3.284714,4.270128,0.0,1.0,0.0,0.0,0.0,0.0,0.0,0.0,0.0,0.0,0.0,0.0,0.0,0.0,0.0,1.0,0.0,0.0,0.0,0.0,0.0,0.0,0.0,0.0,0.0,0.0,0.0,0.0,0.0,0.0,0.0,1.0,11.0
2478.0,1385.0,1093.0,0.0,0.0,115.416664,78.071426,64256.0,31872.0,2.855863,1721542656.0,2.855863,0.0,2.855863,2.855863,2.855863,62.0,64.0,0.107113,0.00149,0.105623,26.0,12.0,14.0,0.0,0.0,1.0,0.0,1.0,-0.0,6400.867188,3557.593506,2843.273438,3.703704,0.0,8.753921,3.851725,4.552039,0.0,1.0,0.0,0.0,0.0,0.0,0.0,0.0,0.0,0.0,0.0,0.0,0.0,0.0,0.0,1.0,0.0,0.0,0.0,0.0,0.0,0.0,0.0,0.0,0.0,0.0,0.0,0.0,0.0,0.0,0.0,1.0,11.0
2278.0,1259.0,1019.0,0.0,0.0,125.900002,78.384613,64256.0,31872.0,0.448248,1721542656.0,0.448248,0.0,0.448248,0.448248,0.448248,62.0,64.0,0.045684,0.000496,0.045188,23.0,10.0,13.0,0.0,0.0,0.0,0.0,0.0,-0.0,37033.070312,20238.796875,16794.275391,0.0,0.0,49.079975,20.078171,26.770895,0.0,0.0,0.0,0.0,0.0,0.0,0.0,0.0,0.0,0.0,0.0,0.0,0.0,0.0,0.0,1.0,0.0,0.0,0.0,0.0,0.0,0.0,0.0,0.0,0.0,0.0,0.0,0.0,0.0,0.0,0.0,0.0,11.0
2520.0,1427.0,1093.0,0.0,0.0,118.916664,78.071426,64256.0,31872.0,1.806836,1721542656.0,1.806836,0.0,1.806836,1.806836,1.806836,62.0,64.0,0.155958,0.0005,0.155458,26.0,12.0,14.0,0.0,0.0,1.0,0.0,1.0,-0.0,10289.810547,5795.766602,4494.043945,3.703704,0.0,13.836342,6.08799,7.194898,0.0,1.0,0.0,0.0,0.0,0.0,0.0,0.0,0.0,0.0,0.0,0.0,0.0,0.0,0.0,1.0,0.0,0.0,0.0,0.0,0.0,0.0,0.0,0.0,0.0,0.0,0.0,0.0,0.0,0.0,0.0,1.0,11.0
2332.0,1313.0,1019.0,0.0,0.0,131.300003,78.384613,64256.0,31872.0,1.468848,1721542656.0,1.468848,0.0,1.468848,1.468848,1.468848,62.0,64.0,0.170262,0.000998,0.169264,23.0,10.0,13.0,0.0,0.0,0.0,0.0,0.0,-0.0,11562.802734,6437.698242,5125.10498,0.0,0.0,14.977724,6.127251,8.169667,0.0,0.0,0.0,0.0,0.0,0.0,0.0,0.0,0.0,0.0,0.0,0.0,0.0,0.0,0.0,1.0,0.0,0.0,0.0,0.0,0.0,0.0,0.0,0.0,0.0,0.0,0.0,0.0,0.0,0.0,0.0,0.0,11.0
2368.0,1349.0,1019.0,0.0,0.0,134.899994,78.384613,64256.0,31872.0,1.206151,1721542656.0,1.206151,0.0,1.206151,1.206151,1.206151,62.0,64.0,0.169994,0.000993,0.169001,23.0,10.0,13.0,0.0,0.0,0.0,0.0,0.0,-0.0,14300.033203,8058.692383,6241.341309,0.0,0.0,18.23984,7.461752,9.949003,0.0,0.0,0.0,0.0,0.0,0.0,0.0,0.0,0.0,0.0,0.0,0.0,0.0,0.0,0.0,1.0,0.0,0.0,0.0,0.0,0.0,0.0,0.0,0.0,0.0,0.0,0.0,0.0,0.0,0.0,0.0,0.0,11.0
2410.0,1391.0,1019.0,0.0,0.0,139.100006,78.384613,64256.0,31872.0,0.740794,1721542656.0,0.740794,0.0,0.740794,0.740794,0.740794,62.0,64.0,0.170077,0.001025,0.169052,23.0,10.0,13.0,0.0,0.0,0.0,0.0,0.0,-0.0,23682.697266,13520.62793,10162.069336,0.0,0.0,29.697865,12.149126,16.198835,0.0,0.0,0.0,0.0,0.0,0.0,0.0,0.0,0.0,0.0,0.0,0.0,0.0,0.0,0.0,1.0,0.0,0.0,0.0,0.0,0.0,0.0,0.0,0.0,0.0,0.0,0.0,0.0,0.0,0.0,0.0,0.0,11.0
2458.0,1439.0,1019.0,0.0,0.0,143.899994,78.384613,64256.0,31872.0,0.66573,1721542656.0,0.66573,0.0,0.66573,0.66573,0.66573,62.0,64.0,0.061473,0.000505,0.060968,23.0,10.0,13.0,0.0,0.0,0.0,0.0,0.0,-0.0,26881.769531,15573.880859,11307.887695,0.0,0.0,33.046429,13.518994,18.025326,0.0,0.0,0.0,0.0,0.0,0.0,0.0,0.0,0.0,0.0,0.0,0.0,0.0,0.0,0.0,1.0,0.0,0.0,0.0,0.0,0.0,0.0,0.0,0.0,0.0,0.0,0.0,0.0,0.0,0.0,0.0,0.0,11.0
2512.0,1493.0,1019.0,0.0,0.0,149.300003,78.384613,64256.0,31872.0,1.406604,1721542656.0,1.406604,0.0,1.406604,1.406604,1.406604,62.0,64.0,0.168834,0.000496,0.168338,23.0,10.0,13.0,0.0,0.0,0.0,0.0,0.0,-0.0,12995.838867,7643.942383,5351.896973,0.0,0.0,15.640507,6.398389,8.531185,0.0,0.0,0.0,0.0,0.0,0.0,0.0,0.0,0.0,0.0,0.0,0.0,0.0,0.0,0.0,1.0,0.0,0.0,0.0,0.0,0.0,0.0,0.0,0.0,0.0,0.0,0.0,0.0,0.0,0.0,0.0,0.0,11.0
2440.0,1553.0,887.0,0.0,0.0,155.300003,80.63636,64256.0,31872.0,1.401354,1721542656.0,1.401354,0.0,1.401354,1.401354,1.401354,62.0,64.0,0.169719,0.000967,0.168752,21.0,10.0,11.0,0.0,0.0,0.0,0.0,0.0,-0.0,12587.826172,7980.853027,4606.973145,0.0,0.0,14.271912,6.42236,7.135956,0.0,0.0,0.0,0.0,0.0,0.0,0.0,0.0,0.0,0.0,0.0,0.0,0.0,0.0,0.0,1.0,0.0,0.0,0.0,0.0,0.0,0.0,0.0,0.0,0.0,0.0,0.0,0.0,0.0,0.0,0.0,0.0,11.0
3000.0,1841.0,1159.0,0.0,0.0,141.615387,77.26667,64256.0,31872.0,1.698365,1721542656.0,1.698365,0.0,1.698365,1.698365,1.698365,62.0,64.0,0.062928,0.000569,0.062359,28.0,13.0,15.0,0.0,0.0,1.0,0.0,1.0,-0.0,13104.368164,8007.70166,5096.666504,3.448276,0.0,15.897643,7.065619,8.243222,0.0,1.0,0.0,0.0,0.0,0.0,0.0,0.0,0.0,0.0,0.0,0.0,0.0,0.0,0.0,1.0,0.0,0.0,0.0,0.0,0.0,0.0,0.0,0.0,0.0,0.0,0.0,0.0,0.0,0.0,0.0,1.0,11.0
1554.0,639.0,915.0,0.0,0.0,79.875,91.5,64256.0,31872.0,2.779059,1721542656.0,2.779059,0.0,2.779059,2.779059,2.779059,62.0,64.0,0.170484,0.00099,0.169494,18.0,8.0,10.0,0.0,0.0,3.0,0.0,3.0,-0.0,3984.08252,1612.056519,2372.025879,14.285714,0.0,6.117178,2.518838,3.238506,0.0,1.0,0.0,0.0,0.0,0.0,0.0,0.0,0.0,0.0,0.0,0.0,0.0,0.0,0.0,0.0,0.0,0.0,0.0,0.0,0.0,0.0,0.0,0.0,0.0,1.0,0.0,0.0,0.0,0.0,0.0,1.0,11.0
1477.0,1196.0,281.0,0.0,0.0,299.0,70.25,64256.0,31872.0,0.138747,1721542656.0,0.138747,0.0,0.138747,0.138747,0.138747,62.0,64.0,0.170484,0.00099,0.169494,8.0,4.0,4.0,0.0,0.0,0.0,0.0,0.0,-0.0,63886.0625,51720.035156,12166.02832,0.0,0.0,50.451538,21.622087,21.622087,0.0,0.0,0.0,0.0,1.0,0.0,0.0,0.0,0.0,0.0,0.0,1.0,0.0,0.0,0.0,0.0,0.0,0.0,0.0,0.0,0.0,0.0,0.0,0.0,0.0,0.0,0.0,0.0,0.0,0.0,0.0,1.0,11.0
2788.0,1769.0,1019.0,0.0,0.0,176.899994,78.384613,64256.0,31872.0,1.35708,1721542656.0,1.35708,0.0,1.35708,1.35708,1.35708,62.0,64.0,0.15568,0.000732,0.154948,23.0,10.0,13.0,0.0,0.0,0.0,0.0,0.0,-0.0,14937.955078,9390.750977,5547.20459,0.0,0.0,16.211277,6.631886,8.842515,0.0,0.0,0.0,0.0,0.0,0.0,0.0,0.0,0.0,0.0,0.0,0.0,0.0,0.0,0.0,1.0,0.0,0.0,0.0,0.0,0.0,0.0,0.0,0.0,0.0,0.0,0.0,0.0,0.0,0.0,0.0,0.0,11.0
2740.0,1853.0,887.0,0.0,0.0,185.300003,80.63636,64256.0,31872.0,0.540479,1721542656.0,0.540479,0.0,0.540479,0.540479,0.540479,62.0,64.0,0.077777,0.000496,0.077281,21.0,10.0,11.0,0.0,0.0,0.0,0.0,0.0,-0.0,36634.171875,24689.210938,11944.959961,0.0,0.0,37.004211,16.651896,18.502106,0.0,0.0,0.0,0.0,0.0,0.0,0.0,0.0,0.0,0.0,0.0,0.0,0.0,0.0,0.0,1.0,0.0,0.0,0.0,0.0,0.0,0.0,0.0,0.0,0.0,0.0,0.0,0.0,0.0,0.0,0.0,0.0,11.0
2830.0,1943.0,887.0,0.0,0.0,194.300003,80.63636,64256.0,31872.0,0.510385,1721542656.0,0.510385,0.0,0.510385,0.510385,0.510385,62.0,64.0,0.062184,0.000611,0.061573,21.0,10.0,11.0,0.0,0.0,0.0,0.0,0.0,-0.0,40063.875,27414.599609,12649.275391,0.0,0.0,39.186108,17.633747,19.593054,0.0,0.0,0.0,0.0,0.0,0.0,0.0,0.0,0.0,0.0,0.0,0.0,0.0,0.0,0.0,1.0,0.0,0.0,0.0,0.0,0.0,0.0,0.0,0.0,0.0,0.0,0.0,0.0,0.0,0.0,0.0,0.0,11.0
3058.0,2039.0,1019.0,0.0,0.0,203.899994,78.384613,64256.0,31872.0,0.600255,1721542656.0,0.600255,0.0,0.600255,0.600255,0.600255,62.0,64.0,0.06199,0.0,0.06199,23.0,10.0,13.0,0.0,0.0,0.0,0.0,0.0,-0.0,37010.9375,24469.599609,12541.335938,0.0,0.0,36.651089,14.993628,19.991503,0.0,0.0,0.0,0.0,0.0,0.0,0.0,0.0,0.0,0.0,0.0,0.0,0.0,0.0,0.0,1.0,0.0,0.0,0.0,0.0,0.0,0.0,0.0,0.0,0.0,0.0,0.0,0.0,0.0,0.0,0.0,0.0,11.0
3028.0,2141.0,887.0,0.0,0.0,214.100006,80.63636,64256.0,31872.0,1.360258,1721542656.0,1.360258,0.0,1.360258,1.360258,1.360258,62.0,64.0,0.171077,0.0,0.171077,21.0,10.0,11.0,0.0,0.0,0.0,0.0,0.0,-0.0,16079.302734,11333.144531,4746.158691,0.0,0.0,14.703094,6.616392,7.351547,0.0,0.0,0.0,0.0,0.0,0.0,0.0,0.0,0.0,0.0,0.0,0.0,0.0,0.0,0.0,1.0,0.0,0.0,0.0,0.0,0.0,0.0,0.0,0.0,0.0,0.0,0.0,0.0,0.0,0.0,0.0,0.0,11.0
3202.0,2249.0,953.0,0.0,0.0,224.899994,79.416664,64256.0,31872.0,1.354249,1721542656.0,1.354249,0.0,1.354249,1.354249,1.354249,62.0,64.0,0.168716,0.000726,0.16799,22.0,10.0,12.0,0.0,0.0,0.0,0.0,0.0,-0.0,17125.359375,11962.349609,5163.009277,0.0,0.0,15.506749,6.64575,8.122583,0.0,0.0,0.0,0.0,0.0,0.0,0.0,0.0,0.0,0.0,0.0,0.0,0.0,0.0,0.0,1.0,0.0,0.0,0.0,0.0,0.0,0.0,0.0,0.0,0.0,0.0,0.0,0.0,0.0,0.0,0.0,0.0,11.0
3456.0,2429.0,1027.0,0.0,0.0,220.818176,79.0,64256.0,31872.0,2.468706,1721542656.0,2.468706,0.0,2.468706,2.468706,2.468706,62.0,64.0,0.158064,0.00096,0.157104,24.0,11.0,13.0,0.0,0.0,1.0,0.0,1.0,-0.0,10230.460938,7158.40625,3072.054932,4.0,0.0,9.316622,4.050705,4.860847,0.0,1.0,0.0,0.0,0.0,0.0,0.0,0.0,0.0,0.0,0.0,0.0,0.0,0.0,0.0,1.0,0.0,0.0,0.0,0.0,0.0,0.0,0.0,0.0,0.0,0.0,0.0,0.0,0.0,0.0,0.0,0.0,11.0
3502.0,2549.0,953.0,0.0,0.0,231.72728,79.416664,64256.0,31872.0,1.200404,1721542656.0,1.200404,0.0,1.200404,1.200404,1.200404,62.0,64.0,0.167779,0.000496,0.167283,23.0,11.0,12.0,0.0,0.0,0.0,0.0,0.0,-0.0,21272.837891,15448.131836,5824.705566,0.0,0.0,18.327162,8.330528,9.163581,0.0,0.0,0.0,0.0,0.0,0.0,0.0,0.0,0.0,0.0,0.0,0.0,0.0,0.0,0.0,1.0,0.0,0.0,0.0,0.0,0.0,0.0,0.0,0.0,0.0,0.0,0.0,0.0,0.0,0.0,0.0,0.0,11.0
3628.0,2675.0,953.0,0.0,0.0,243.181824,79.416664,64256.0,31872.0,0.693312,1721542656.0,0.693312,0.0,0.693312,0.693312,0.693312,62.0,64.0,0.061106,0.000497,0.060609,23.0,11.0,12.0,0.0,0.0,0.0,0.0,0.0,-0.0,38147.328125,28062.402344,10084.925781,0.0,0.0,31.731747,14.423521,15.865873,0.0,0.0,0.0,0.0,0.0,0.0,0.0,0.0,0.0,0.0,0.0,0.0,0.0,0.0,0.0,1.0,0.0,0.0,0.0,0.0,0.0,0.0,0.0,0.0,0.0,0.0,0.0,0.0,0.0,0.0,0.0,0.0,11.0
3760.0,2807.0,953.0,0.0,0.0,255.181824,79.416664,64256.0,31872.0,1.294514,1721542656.0,1.294514,0.0,1.294514,1.294514,1.294514,62.0,64.0,0.154563,0.0,0.154563,23.0,11.0,12.0,0.0,0.0,0.0,0.0,0.0,-0.0,21172.425781,15771.170898,5401.254883,0.0,0.0,16.994795,7.724907,8.497397,0.0,0.0,0.0,0.0,0.0,0.0,0.0,0.0,0.0,0.0,0.0,0.0,0.0,0.0,0.0,1.0,0.0,0.0,0.0,0.0,0.0,0.0,0.0,0.0,0.0,0.0,0.0,0.0,0.0,0.0,0.0,0.0,11.0
4116.0,3089.0,1027.0,0.0,0.0,237.615387,79.0,64256.0,31872.0,1.752235,1721542656.0,1.752235,0.0,1.752235,1.752235,1.752235,62.0,64.0,0.153431,0.0,0.153431,26.0,13.0,13.0,0.0,0.0,1.0,0.0,1.0,-0.0,17349.271484,13021.083984,4328.186523,3.703704,0.0,14.267492,6.848396,6.848396,0.0,1.0,0.0,0.0,0.0,0.0,0.0,0.0,0.0,0.0,0.0,0.0,0.0,0.0,0.0,1.0,0.0,0.0,0.0,0.0,0.0,0.0,0.0,0.0,0.0,0.0,0.0,0.0,0.0,0.0,0.0,1.0,11.0
4291.0,3233.0,1058.0,0.0,0.0,248.692307,81.384613,64256.0,31872.0,2.354703,1721542656.0,2.354703,0.0,2.354703,2.354703,2.354703,62.0,64.0,0.168475,0.000577,0.167898,26.0,13.0,13.0,0.0,0.0,1.0,0.0,1.0,-0.0,13460.72168,10141.40625,3319.314697,3.703704,0.0,10.61705,5.096184,5.096184,0.0,1.0,0.0,0.0,0.0,0.0,0.0,0.0,0.0,0.0,0.0,0.0,0.0,0.0,0.0,1.0,0.0,0.0,0.0,0.0,0.0,0.0,0.0,0.0,0.0,0.0,0.0,0.0,0.0,0.0,0.0,1.0,11.0
4287.0,3245.0,1042.0,0.0,0.0,295.0,80.153847,64256.0,31872.0,4.98599,1721542656.0,4.98599,0.0,4.98599,4.98599,4.98599,62.0,64.0,0.171991,0.001109,0.170882,24.0,11.0,13.0,0.0,0.0,4.0,0.0,4.0,-0.0,6276.787598,4733.262695,1543.524902,14.285714,0.0,4.612926,2.00562,2.406744,0.0,1.0,0.0,0.0,0.0,0.0,0.0,0.0,0.0,0.0,0.0,0.0,0.0,0.0,0.0,0.0,0.0,0.0,0.0,0.0,0.0,0.0,0.0,0.0,0.0,1.0,0.0,0.0,0.0,0.0,0.0,1.0,11.0
345.0,138.0,207.0,0.0,0.0,69.0,69.0,64256.0,31872.0,0.171279,1721542656.0,0.171279,0.0,0.171279,0.171279,0.171279,62.0,64.0,0.171991,0.001109,0.170882,5.0,2.0,3.0,0.0,0.0,0.0,0.0,0.0,-0.0,9668.435547,3222.812012,6445.624023,0.0,0.0,23.35371,5.838428,11.676855,0.0,0.0,0.0,0.0,1.0,0.0,0.0,0.0,0.0,0.0,0.0,1.0,0.0,0.0,0.0,0.0,0.0,0.0,0.0,0.0,0.0,0.0,0.0,0.0,0.0,0.0,0.0,0.0,0.0,0.0,0.0,1.0,11.0
4414.0,3461.0,953.0,0.0,0.0,288.416656,79.416664,64256.0,31872.0,1.368513,1721542656.0,1.368513,0.0,1.368513,1.368513,1.368513,62.0,64.0,0.164966,0.000503,0.164463,24.0,12.0,12.0,0.0,0.0,0.0,0.0,0.0,-0.0,23657.794922,18548.599609,5109.195312,0.0,0.0,16.806562,8.037922,8.037922,0.0,0.0,0.0,0.0,0.0,0.0,0.0,0.0,0.0,0.0,0.0,0.0,0.0,0.0,0.0,1.0,0.0,0.0,0.0,0.0,0.0,0.0,0.0,0.0,0.0,0.0,0.0,0.0,0.0,0.0,0.0,0.0,11.0
4510.0,3557.0,953.0,0.0,0.0,323.363647,79.416664,64256.0,31872.0,1.372478,1721542656.0,1.372478,0.0,1.372478,1.372478,1.372478,62.0,64.0,0.172495,0.002484,0.170011,23.0,11.0,12.0,0.0,0.0,0.0,0.0,0.0,-0.0,23945.009766,18850.576172,5094.435059,0.0,0.0,16.0294,7.286091,8.0147,0.0,0.0,0.0,0.0,0.0,0.0,0.0,0.0,0.0,0.0,0.0,0.0,0.0,0.0,0.0,1.0,0.0,0.0,0.0,0.0,0.0,0.0,0.0,0.0,0.0,0.0,0.0,0.0,0.0,0.0,0.0,0.0,11.0
4678.0,3725.0,953.0,0.0,0.0,338.636353,79.416664,64256.0,31872.0,0.556076,1721542656.0,0.556076,0.0,0.556076,0.556076,0.556076,62.0,64.0,0.061968,0.00099,0.060978,23.0,11.0,12.0,0.0,0.0,0.0,0.0,0.0,-0.0,61300.972656,48727.152344,12573.821289,0.0,0.0,39.562939,17.983154,19.781469,0.0,0.0,0.0,0.0,0.0,0.0,0.0,0.0,0.0,0.0,0.0,0.0,0.0,0.0,0.0,1.0,0.0,0.0,0.0,0.0,0.0,0.0,0.0,0.0,0.0,0.0,0.0,0.0,0.0,0.0,0.0,0.0,11.0
4918.0,3965.0,953.0,0.0,0.0,330.416656,79.416664,64256.0,31872.0,0.525086,1721542656.0,0.525086,0.0,0.525086,0.525086,0.525086,62.0,64.0,0.061838,0.00149,0.060348,24.0,12.0,12.0,0.0,0.0,0.0,0.0,0.0,-0.0,68697.320312,55381.40625,13315.914062,0.0,0.0,43.802349,20.94895,20.94895,0.0,0.0,0.0,0.0,0.0,0.0,0.0,0.0,0.0,0.0,0.0,0.0,0.0,0.0,0.0,1.0,0.0,0.0,0.0,0.0,0.0,0.0,0.0,0.0,0.0,0.0,0.0,0.0,0.0,0.0,0.0,0.0,11.0
5230.0,4145.0,1085.0,0.0,0.0,345.416656,77.5,64256.0,31872.0,0.983959,1721542656.0,0.983959,0.0,0.983959,0.983959,0.983959,62.0,64.0,0.167098,0.00249,0.164608,26.0,12.0,14.0,0.0,0.0,0.0,0.0,0.0,-0.0,39091.058594,30895.595703,8195.462891,0.0,0.0,25.407562,11.179327,13.211932,0.0,0.0,0.0,0.0,0.0,0.0,0.0,0.0,0.0,0.0,0.0,0.0,0.0,0.0,0.0,1.0,0.0,0.0,0.0,0.0,0.0,0.0,0.0,0.0,0.0,0.0,0.0,0.0,0.0,0.0,0.0,0.0,11.0
5284.0,4331.0,953.0,0.0,0.0,360.916656,79.416664,64256.0,31872.0,1.309777,1721542656.0,1.309777,0.0,1.309777,1.309777,1.309777,62.0,64.0,0.169165,0.000998,0.168167,24.0,12.0,12.0,0.0,0.0,0.0,0.0,0.0,-0.0,29592.824219,24254.509766,5338.312988,0.0,0.0,17.560242,8.398376,8.398376,0.0,0.0,0.0,0.0,0.0,0.0,0.0,0.0,0.0,0.0,0.0,0.0,0.0,0.0,0.0,1.0,0.0,0.0,0.0,0.0,0.0,0.0,0.0,0.0,0.0,0.0,0.0,0.0,0.0,0.0,0.0,0.0,11.0
5476.0,4523.0,953.0,0.0,0.0,376.916656,79.416664,64256.0,31872.0,1.371056,1721542656.0,1.371056,0.0,1.371056,1.371056,1.371056,62.0,64.0,0.168465,0.000517,0.167948,24.0,12.0,12.0,0.0,0.0,0.0,0.0,0.0,-0.0,29297.126953,24197.408203,5099.71875,0.0,0.0,16.775391,8.023013,8.023013,0.0,0.0,0.0,0.0,0.0,0.0,0.0,0.0,0.0,0.0,0.0,0.0,0.0,0.0,0.0,1.0,0.0,0.0,0.0,0.0,0.0,0.0,0.0,0.0,0.0,0.0,0.0,0.0,0.0,0.0,0.0,0.0,11.0
5806.0,4721.0,1085.0,0.0,0.0,393.416656,77.5,64256.0,31872.0,0.681533,1721542656.0,0.681533,0.0,0.681533,0.681533,0.681533,62.0,64.0,0.060816,0.000494,0.060322,26.0,12.0,14.0,0.0,0.0,0.0,0.0,0.0,-0.0,62635.265625,50803.117188,11832.149414,0.0,0.0,36.682011,16.140085,19.074646,0.0,0.0,0.0,0.0,0.0,0.0,0.0,0.0,0.0,0.0,0.0,0.0,0.0,0.0,0.0,1.0,0.0,0.0,0.0,0.0,0.0,0.0,0.0,0.0,0.0,0.0,0.0,0.0,0.0,0.0,0.0,0.0,11.0
5952.0,4925.0,1027.0,0.0,0.0,410.416656,79.0,64256.0,31872.0,3.252546,1721542656.0,3.252546,0.0,3.252546,3.252546,3.252546,62.0,64.0,0.150119,0.000977,0.149142,25.0,12.0,13.0,0.0,0.0,1.0,0.0,1.0,-0.0,13436.858398,11105.146484,2331.71167,3.846154,0.0,7.378835,3.381966,3.689417,0.0,1.0,0.0,0.0,0.0,0.0,0.0,0.0,0.0,0.0,0.0,0.0,0.0,0.0,0.0,1.0,0.0,0.0,0.0,0.0,0.0,0.0,0.0,0.0,0.0,0.0,0.0,0.0,0.0,0.0,0.0,0.0,11.0
6088.0,5135.0,953.0,0.0,0.0,427.916656,79.416664,64256.0,31872.0,1.482153,1721542656.0,1.482153,0.0,1.482153,1.482153,1.482153,62.0,64.0,0.168331,0.001991,0.16634,24.0,12.0,12.0,0.0,0.0,0.0,0.0,0.0,-0.0,30129.142578,25411.679688,4717.461426,0.0,0.0,15.517965,7.421636,7.421636,0.0,0.0,0.0,0.0,0.0,0.0,0.0,0.0,0.0,0.0,0.0,0.0,0.0,0.0,0.0,1.0,0.0,0.0,0.0,0.0,0.0,0.0,0.0,0.0,0.0,0.0,0.0,0.0,0.0,0.0,0.0,0.0,11.0
6436.0,5417.0,1019.0,0.0,0.0,416.692322,78.384613,64256.0,31872.0,1.41438,1721542656.0,1.41438,0.0,1.41438,1.41438,1.41438,62.0,64.0,0.167827,0.000529,0.167298,26.0,13.0,13.0,0.0,0.0,0.0,0.0,0.0,-0.0,33609.074219,28286.599609,5322.473633,0.0,0.0,17.675591,8.484283,8.484283,0.0,0.0,0.0,0.0,0.0,0.0,0.0,0.0,0.0,0.0,0.0,0.0,0.0,0.0,0.0,1.0,0.0,0.0,0.0,0.0,0.0,0.0,0.0,0.0,0.0,0.0,0.0,0.0,0.0,0.0,0.0,0.0,11.0
6658.0,5639.0,1019.0,0.0,0.0,433.769226,78.384613,64256.0,31872.0,1.475134,1721542656.0,1.475134,0.0,1.475134,1.475134,1.475134,62.0,64.0,0.167451,0.000468,0.166983,26.0,13.0,13.0,0.0,0.0,0.0,0.0,0.0,-0.0,33336.632812,28233.367188,5103.265137,0.0,0.0,16.947613,8.134854,8.134854,0.0,0.0,0.0,0.0,0.0,0.0,0.0,0.0,0.0,0.0,0.0,0.0,0.0,0.0,0.0,1.0,0.0,0.0,0.0,0.0,0.0,0.0,0.0,0.0,0.0,0.0,0.0,0.0,0.0,0.0,0.0,0.0,11.0
1288.0,489.0,799.0,0.0,0.0,81.5,79.900002,64256.0,31872.0,4.324465,1721542656.0,4.324465,0.0,4.324465,4.324465,4.324465,62.0,64.0,0.168124,0.0,0.168124,16.0,6.0,10.0,0.0,0.0,4.0,0.0,4.0,-0.0,2086.732178,754.775452,1331.956787,20.0,0.0,3.468637,1.156212,2.081182,0.0,1.0,0.0,0.0,0.0,0.0,0.0,0.0,0.0,0.0,0.0,0.0,0.0,0.0,0.0,0.0,0.0,0.0,0.0,0.0,0.0,0.0,0.0,0.0,0.0,1.0,0.0,0.0,0.0,0.0,0.0,0.0,11.0
6112.0,5522.0,590.0,0.0,0.0,613.555542,73.75,64256.0,31872.0,0.352943,1721542656.0,0.352943,0.0,0.352943,0.352943,0.352943,62.0,64.0,0.168124,0.0,0.168124,17.0,9.0,8.0,0.0,0.0,0.0,0.0,0.0,-0.0,122988.695312,111270.09375,11718.606445,0.0,0.0,45.333099,22.66655,19.833231,0.0,0.0,0.0,0.0,1.0,0.0,0.0,0.0,0.0,0.0,0.0,1.0,0.0,0.0,0.0,0.0,0.0,0.0,0.0,0.0,0.0,0.0,0.0,0.0,0.0,0.0,0.0,0.0,0.0,0.0,0.0,1.0,11.0
8124.0,6961.0,1163.0,0.0,0.0,497.214294,77.533333,64256.0,31872.0,1.107749,1721542656.0,1.107749,0.0,1.107749,1.107749,1.107749,62.0,64.0,0.061225,0.000489,0.060736,29.0,14.0,15.0,0.0,0.0,0.0,0.0,0.0,-0.0,54524.988281,46682.054688,7842.932129,0.0,0.0,25.276484,11.735511,12.638242,0.0,0.0,0.0,0.0,0.0,0.0,0.0,0.0,0.0,0.0,0.0,0.0,0.0,0.0,0.0,1.0,0.0,0.0,0.0,0.0,0.0,0.0,0.0,0.0,0.0,0.0,0.0,0.0,0.0,0.0,0.0,1.0,11.0
6941.0,6203.0,738.0,0.0,0.0,563.909119,82.0,64256.0,31872.0,1.021107,1721542656.0,1.021107,0.0,1.021107,1.021107,1.021107,62.0,64.0,0.168388,0.000496,0.167892,20.0,11.0,9.0,0.0,0.0,0.0,0.0,0.0,-0.0,49326.859375,44187.339844,5139.520508,0.0,0.0,18.607258,9.793293,7.834635,0.0,0.0,0.0,0.0,0.0,0.0,0.0,0.0,0.0,0.0,0.0,0.0,0.0,0.0,0.0,0.0,0.0,0.0,0.0,0.0,0.0,0.0,0.0,0.0,0.0,1.0,0.0,0.0,0.0,0.0,0.0,0.0,11.0
419.0,138.0,281.0,0.0,0.0,69.0,70.25,64256.0,31872.0,0.141019,1721542656.0,0.141019,0.0,0.141019,0.141019,0.141019,62.0,64.0,0.168388,0.000496,0.167892,6.0,2.0,4.0,0.0,0.0,0.0,0.0,0.0,-0.0,15884.383789,3914.366211,11970.018555,0.0,0.0,35.456215,7.091243,21.273729,0.0,0.0,0.0,0.0,1.0,0.0,0.0,0.0,0.0,0.0,0.0,1.0,0.0,0.0,0.0,0.0,0.0,0.0,0.0,0.0,0.0,0.0,0.0,0.0,0.0,0.0,0.0,0.0,0.0,0.0,0.0,0.0,11.0
7987.0,6653.0,1334.0,0.0,0.0,475.214294,83.375,64256.0,31872.0,3.994771,1721542656.0,3.994771,0.0,3.994771,3.994771,3.994771,62.0,64.0,0.187152,0.001003,0.186149,30.0,14.0,16.0,0.0,0.0,3.0,0.0,3.0,-0.0,14877.448242,12372.173828,2505.274902,9.090909,0.0,7.25949,3.254254,3.754909,0.0,1.0,0.0,0.0,0.0,0.0,0.0,0.0,0.0,0.0,0.0,0.0,0.0,0.0,0.0,1.0,0.0,0.0,0.0,0.0,0.0,0.0,0.0,0.0,0.0,0.0,0.0,0.0,0.0,0.0,0.0,0.0,11.0
7924.0,6905.0,1019.0,0.0,0.0,493.214294,78.384613,64256.0,31872.0,1.406564,1721542656.0,1.406564,0.0,1.406564,1.406564,1.406564,62.0,64.0,0.247106,0.000584,0.246522,27.0,14.0,13.0,0.0,0.0,0.0,0.0,0.0,-0.0,41821.0625,36469.011719,5352.049316,0.0,0.0,18.484762,9.242381,8.531428,0.0,0.0,0.0,0.0,0.0,0.0,0.0,0.0,0.0,0.0,0.0,0.0,0.0,0.0,0.0,1.0,0.0,0.0,0.0,0.0,0.0,0.0,0.0,0.0,0.0,0.0,0.0,0.0,0.0,0.0,0.0,0.0,11.0
8314.0,7163.0,1151.0,0.0,0.0,511.642853,76.73333,64256.0,31872.0,0.759666,1721542656.0,0.759666,0.0,0.759666,0.759666,0.759666,62.0,64.0,0.061418,0.000497,0.060921,29.0,14.0,15.0,0.0,0.0,0.0,0.0,0.0,-0.0,81372.601562,70051.835938,11320.764648,0.0,0.0,36.858303,17.112783,18.429152,0.0,0.0,0.0,0.0,0.0,0.0,0.0,0.0,0.0,0.0,0.0,0.0,0.0,0.0,0.0,1.0,0.0,0.0,0.0,0.0,0.0,0.0,0.0,0.0,0.0,0.0,0.0,0.0,0.0,0.0,0.0,0.0,11.0
8380.0,7361.0,1019.0,0.0,0.0,566.230774,78.384613,64256.0,31872.0,1.38775,1721542656.0,1.38775,0.0,1.38775,1.38775,1.38775,62.0,64.0,0.169442,0.000494,0.168948,26.0,13.0,13.0,0.0,0.0,0.0,0.0,0.0,-0.0,44595.925781,39171.320312,5424.60791,0.0,0.0,18.014772,8.64709,8.64709,0.0,0.0,0.0,0.0,0.0,0.0,0.0,0.0,0.0,0.0,0.0,0.0,0.0,0.0,0.0,1.0,0.0,0.0,0.0,0.0,0.0,0.0,0.0,0.0,0.0,0.0,0.0,0.0,0.0,0.0,0.0,0.0,11.0
8934.0,7841.0,1093.0,0.0,0.0,490.0625,78.071426,64256.0,31872.0,1.862106,1721542656.0,1.862106,0.0,1.862106,1.862106,1.862106,62.0,64.0,0.18431,0.001006,0.183304,30.0,16.0,14.0,0.0,0.0,1.0,0.0,1.0,-0.0,35942.101562,31581.447266,4360.654297,3.225806,0.0,15.573765,8.055395,6.981343,0.0,1.0,0.0,0.0,0.0,0.0,0.0,0.0,0.0,0.0,0.0,0.0,0.0,0.0,0.0,1.0,0.0,0.0,0.0,0.0,0.0,0.0,0.0,0.0,0.0,0.0,0.0,0.0,0.0,0.0,0.0,1.0,11.0
9004.0,7985.0,1019.0,0.0,0.0,570.357117,78.384613,64256.0,31872.0,1.865116,1721542656.0,1.865116,0.0,1.865116,1.865116,1.865116,62.0,64.0,0.168356,0.000775,0.167581,27.0,14.0,13.0,0.0,0.0,0.0,0.0,0.0,-0.0,35841.203125,31804.992188,4036.209961,0.0,0.0,13.940152,6.970076,6.433916,0.0,0.0,0.0,0.0,0.0,0.0,0.0,0.0,0.0,0.0,0.0,0.0,0.0,0.0,0.0,0.0,0.0,0.0,0.0,0.0,0.0,0.0,0.0,0.0,1.0,0.0,0.0,0.0,0.0,0.0,0.0,1.0,11.0
9406.0,8255.0,1151.0,0.0,0.0,589.642883,76.73333,64256.0,31872.0,1.126949,1721542656.0,1.126949,0.0,1.126949,1.126949,1.126949,62.0,64.0,0.170017,0.000992,0.169025,29.0,14.0,15.0,0.0,0.0,0.0,0.0,0.0,-0.0,62050.726562,54419.5,7631.224121,0.0,0.0,24.845846,11.535571,12.422923,0.0,0.0,0.0,0.0,0.0,0.0,0.0,0.0,0.0,0.0,0.0,0.0,0.0,0.0,0.0,1.0,0.0,0.0,0.0,0.0,0.0,0.0,0.0,0.0,0.0,0.0,0.0,0.0,0.0,0.0,0.0,0.0,11.0
9694.0,8609.0,1085.0,0.0,0.0,573.93335,77.5,64256.0,31872.0,0.663396,1721542656.0,0.663396,0.0,0.663396,0.663396,0.663396,62.0,64.0,0.061246,0.000502,0.060744,29.0,15.0,14.0,0.0,0.0,0.0,0.0,0.0,-0.0,109063.0625,96907.429688,12155.635742,0.0,0.0,42.207069,21.103535,19.596138,0.0,0.0,0.0,0.0,0.0,0.0,0.0,0.0,0.0,0.0,0.0,0.0,0.0,0.0,0.0,1.0,0.0,0.0,0.0,0.0,0.0,0.0,0.0,0.0,0.0,0.0,0.0,0.0,0.0,0.0,0.0,0.0,11.0
132.0,66.0,66.0,0.0,0.0,66.0,66.0,64256.0,31872.0,0.001095,1721542656.0,0.001095,0.0,0.001095,0.001095,0.001095,62.0,64.0,0.168356,0.000775,0.167581,2.0,1.0,1.0,0.0,0.0,0.0,0.0,0.0,-0.0,0.0,0.0,0.0,0.0,0.0,913.242065,0.0,0.0,0.0,0.0,0.0,0.0,1.0,0.0,0.0,0.0,1.0,0.0,0.0,0.0,0.0,0.0,0.0,0.0,0.0,0.0,0.0,0.0,0.0,0.0,0.0,0.0,0.0,0.0,0.0,0.0,0.0,0.0,0.0,1.0,11.0
9988.0,8903.0,1085.0,0.0,0.0,593.533325,77.5,64256.0,31872.0,1.510329,1721542656.0,1.510329,0.0,1.510329,1.510329,1.510329,62.0,64.0,0.155971,0.003024,0.152947,29.0,15.0,14.0,0.0,0.0,0.0,0.0,0.0,-0.0,49356.132812,44016.898438,5339.233887,0.0,0.0,18.539007,9.269504,8.607396,0.0,0.0,0.0,0.0,0.0,0.0,0.0,0.0,0.0,0.0,0.0,0.0,0.0,0.0,0.0,1.0,0.0,0.0,0.0,0.0,0.0,0.0,0.0,0.0,0.0,0.0,0.0,0.0,0.0,0.0,0.0,0.0,11.0
10288.0,9203.0,1085.0,0.0,0.0,613.533325,77.5,64256.0,31872.0,1.649882,1721542656.0,1.649882,0.0,1.649882,1.649882,1.649882,62.0,64.0,0.16902,0.000997,0.168023,29.0,15.0,14.0,0.0,0.0,0.0,0.0,0.0,-0.0,46539.085938,41651.464844,4887.622559,0.0,0.0,16.970911,8.485456,7.879352,0.0,0.0,0.0,0.0,0.0,0.0,0.0,0.0,0.0,0.0,0.0,0.0,0.0,0.0,0.0,1.0,0.0,0.0,0.0,0.0,0.0,0.0,0.0,0.0,0.0,0.0,0.0,0.0,0.0,0.0,0.0,0.0,11.0
10594.0,9509.0,1085.0,0.0,0.0,633.93335,77.5,64256.0,31872.0,1.77242,1721542656.0,1.77242,0.0,1.77242,1.77242,1.77242,62.0,64.0,0.215947,0.0005,0.215447,29.0,15.0,14.0,0.0,0.0,0.0,0.0,0.0,-0.0,44612.449219,40062.738281,4549.711426,0.0,0.0,15.797609,7.898805,7.334604,0.0,0.0,0.0,0.0,0.0,0.0,0.0,0.0,0.0,0.0,0.0,0.0,0.0,0.0,0.0,1.0,0.0,0.0,0.0,0.0,0.0,0.0,0.0,0.0,0.0,0.0,0.0,0.0,0.0,0.0,0.0,0.0,11.0
11038.0,9953.0,1085.0,0.0,0.0,585.470581,77.5,64256.0,31872.0,1.723004,1721542656.0,1.723004,0.0,1.723004,1.723004,1.723004,62.0,64.0,0.213774,0.000995,0.212779,31.0,17.0,14.0,0.0,0.0,0.0,0.0,0.0,-0.0,48176.324219,43496.125,4680.198242,0.0,0.0,17.411451,9.286107,7.544962,0.0,0.0,0.0,0.0,0.0,0.0,0.0,0.0,0.0,0.0,0.0,0.0,0.0,0.0,0.0,1.0,0.0,0.0,0.0,0.0,0.0,0.0,0.0,0.0,0.0,0.0,0.0,0.0,0.0,0.0,0.0,0.0,11.0
11548.0,10205.0,1343.0,0.0,0.0,637.8125,79.0,64256.0,31872.0,1.528353,1721542656.0,1.528353,0.0,1.528353,1.528353,1.528353,62.0,64.0,0.170601,0.0,0.170601,33.0,16.0,17.0,0.0,0.0,1.0,1.0,0.0,-0.0,56698.945312,50082.671875,6616.272461,2.941176,0.0,20.937572,9.814487,10.468786,0.0,0.0,0.0,1.0,0.0,0.0,0.0,0.0,0.0,0.0,0.0,0.0,0.0,0.0,0.0,1.0,0.0,0.0,0.0,0.0,0.0,0.0,0.0,0.0,0.0,0.0,0.0,0.0,0.0,0.0,0.0,1.0,11.0
11746.0,10529.0,1217.0,0.0,0.0,658.0625,76.0625,64256.0,31872.0,0.740085,1721542656.0,0.740085,0.0,0.740085,0.740085,0.740085,62.0,64.0,0.061482,0.001018,0.060464,32.0,16.0,16.0,0.0,0.0,0.0,0.0,0.0,-0.0,119034.976562,106701.257812,12333.71875,0.0,0.0,41.887081,20.267942,20.267942,0.0,0.0,0.0,0.0,0.0,0.0,0.0,0.0,0.0,0.0,0.0,0.0,0.0,0.0,0.0,1.0,0.0,0.0,0.0,0.0,0.0,0.0,0.0,0.0,0.0,0.0,0.0,0.0,0.0,0.0,0.0,0.0,11.0
12076.0,10859.0,1217.0,0.0,0.0,678.6875,76.0625,64256.0,31872.0,1.406423,1721542656.0,1.406423,0.0,1.406423,1.406423,1.406423,62.0,64.0,0.169386,0.000883,0.168503,32.0,16.0,16.0,0.0,0.0,0.0,0.0,0.0,-0.0,64401.679688,57911.453125,6490.224121,0.0,0.0,22.041733,10.665355,10.665355,0.0,0.0,0.0,0.0,0.0,0.0,0.0,0.0,0.0,0.0,0.0,0.0,0.0,0.0,0.0,1.0,0.0,0.0,0.0,0.0,0.0,0.0,0.0,0.0,0.0,0.0,0.0,0.0,0.0,0.0,0.0,0.0,11.0
12280.0,11195.0,1085.0,0.0,0.0,699.6875,77.5,64256.0,31872.0,1.38782,1721542656.0,1.38782,0.0,1.38782,1.38782,1.38782,62.0,64.0,0.167532,0.001007,0.166525,30.0,16.0,14.0,0.0,0.0,0.0,0.0,0.0,-0.0,66314.078125,60503.523438,5810.551758,0.0,0.0,20.896082,10.808318,9.367209,0.0,0.0,0.0,0.0,0.0,0.0,0.0,0.0,0.0,0.0,0.0,0.0,0.0,0.0,0.0,1.0,0.0,0.0,0.0,0.0,0.0,0.0,0.0,0.0,0.0,0.0,0.0,0.0,0.0,0.0,0.0,0.0,11.0
12754.0,11603.0,1151.0,0.0,0.0,682.529419,76.73333,64256.0,31872.0,1.369724,1721542656.0,1.369724,0.0,1.369724,1.369724,1.369724,62.0,64.0,0.16738,0.0,0.16738,32.0,17.0,15.0,0.0,0.0,0.0,0.0,0.0,-0.0,70063.75,63785.109375,6278.637207,0.0,0.0,22.632296,11.681185,10.221037,0.0,0.0,0.0,0.0,0.0,0.0,0.0,0.0,0.0,0.0,0.0,0.0,0.0,0.0,0.0,1.0,0.0,0.0,0.0,0.0,0.0,0.0,0.0,0.0,0.0,0.0,0.0,0.0,0.0,0.0,0.0,0.0,11.0
13102.0,11951.0,1151.0,0.0,0.0,703.0,76.73333,64256.0,31872.0,1.390552,1721542656.0,1.390552,0.0,1.390552,1.390552,1.390552,62.0,64.0,0.170162,0.000501,0.169661,32.0,17.0,15.0,0.0,0.0,0.0,0.0,0.0,-0.0,70895.585938,64710.992188,6184.594238,0.0,0.0,22.293304,11.506222,10.067944,0.0,0.0,0.0,0.0,0.0,0.0,0.0,0.0,0.0,0.0,0.0,0.0,0.0,0.0,0.0,1.0,0.0,0.0,0.0,0.0,0.0,0.0,0.0,0.0,0.0,0.0,0.0,0.0,0.0,0.0,0.0,0.0,11.0
13530.0,12305.0,1225.0,0.0,0.0,723.823547,76.5625,64256.0,31872.0,2.759009,1721542656.0,2.759009,0.0,2.759009,2.759009,2.759009,62.0,64.0,0.169165,0.000998,0.168167,33.0,17.0,16.0,0.0,0.0,1.0,0.0,1.0,-0.0,36914.707031,33583.074219,3331.631104,2.941176,0.0,11.598368,5.799184,5.436735,0.0,1.0,0.0,0.0,0.0,0.0,0.0,0.0,0.0,0.0,0.0,0.0,0.0,0.0,0.0,1.0,0.0,0.0,0.0,0.0,0.0,0.0,0.0,0.0,0.0,0.0,0.0,0.0,0.0,0.0,0.0,0.0,11.0
13816.0,12665.0,1151.0,0.0,0.0,745.0,76.73333,64256.0,31872.0,1.09592,1721542656.0,1.09592,0.0,1.09592,1.09592,1.09592,62.0,64.0,0.169224,0.000496,0.168728,32.0,17.0,15.0,0.0,0.0,0.0,0.0,0.0,-0.0,94860.945312,87013.65625,7847.288574,0.0,0.0,28.286737,14.599607,12.774655,0.0,0.0,0.0,0.0,0.0,0.0,0.0,0.0,0.0,0.0,0.0,0.0,0.0,0.0,0.0,1.0,0.0,0.0,0.0,0.0,0.0,0.0,0.0,0.0,0.0,0.0,0.0,0.0,0.0,0.0,0.0,0.0,11.0
14446.0,13163.0,1283.0,0.0,0.0,692.78949,75.470589,64256.0,31872.0,0.601957,1721542656.0,0.601957,0.0,0.601957,0.601957,0.601957,62.0,64.0,0.061303,0.000512,0.060791,36.0,19.0,17.0,0.0,0.0,0.0,0.0,0.0,-0.0,181793.703125,165739.40625,16054.302734,0.0,0.0,58.143684,29.902468,26.579971,0.0,0.0,0.0,0.0,0.0,0.0,0.0,0.0,0.0,0.0,0.0,0.0,0.0,0.0,0.0,1.0,0.0,0.0,0.0,0.0,0.0,0.0,0.0,0.0,0.0,0.0,0.0,0.0,0.0,0.0,0.0,0.0,11.0
14752.0,13469.0,1283.0,0.0,0.0,748.277771,75.470589,64256.0,31872.0,0.587006,1721542656.0,0.587006,0.0,0.587006,0.587006,0.587006,62.0,64.0,0.062854,0.000994,0.06186,35.0,18.0,17.0,0.0,0.0,0.0,0.0,0.0,-0.0,189831.125,173367.90625,16463.205078,0.0,0.0,57.921047,28.960524,27.256964,0.0,0.0,0.0,0.0,0.0,0.0,0.0,0.0,0.0,0.0,0.0,0.0,0.0,0.0,0.0,1.0,0.0,0.0,0.0,0.0,0.0,0.0,0.0,0.0,0.0,0.0,0.0,0.0,0.0,0.0,0.0,0.0,11.0
14998.0,13847.0,1151.0,0.0,0.0,769.277771,76.73333,64256.0,31872.0,1.341669,1721542656.0,1.341669,0.0,1.341669,1.341669,1.341669,62.0,64.0,0.168007,0.000886,0.167121,33.0,18.0,15.0,0.0,0.0,0.0,0.0,0.0,-0.0,84390.40625,77980.484375,6409.926758,0.0,0.0,23.850891,12.670786,10.434765,0.0,0.0,0.0,0.0,0.0,0.0,0.0,0.0,0.0,0.0,0.0,0.0,0.0,0.0,0.0,1.0,0.0,0.0,0.0,0.0,0.0,0.0,0.0,0.0,0.0,0.0,0.0,0.0,0.0,0.0,0.0,0.0,11.0
15382.0,14231.0,1151.0,0.0,0.0,790.611084,76.73333,64256.0,31872.0,1.355414,1721542656.0,1.355414,0.0,1.355414,1.355414,1.355414,62.0,64.0,0.168913,0.001505,0.167408,33.0,18.0,15.0,0.0,0.0,0.0,0.0,0.0,-0.0,85677.140625,79332.21875,6344.924805,0.0,0.0,23.609022,12.542293,10.328947,0.0,0.0,0.0,0.0,0.0,0.0,0.0,0.0,0.0,0.0,0.0,0.0,0.0,0.0,0.0,1.0,0.0,0.0,0.0,0.0,0.0,0.0,0.0,0.0,0.0,0.0,0.0,0.0,0.0,0.0,0.0,0.0,11.0
15995.0,14549.0,1446.0,0.0,0.0,855.823547,76.105263,64256.0,31872.0,4.631447,1721542656.0,4.631447,0.0,4.631447,4.631447,4.631447,62.0,64.0,0.168531,0.000499,0.168032,36.0,17.0,19.0,0.0,0.0,3.0,1.0,2.0,-0.0,26020.378906,23653.947266,2366.431152,7.692308,0.0,7.557034,3.454644,3.886475,1.0,0.0,0.0,0.0,0.0,0.0,0.0,0.0,0.0,0.0,0.0,0.0,0.0,0.0,0.0,0.0,0.0,0.0,0.0,0.0,0.0,0.0,0.0,0.0,0.0,1.0,0.0,0.0,0.0,0.0,0.0,1.0,11.0
361.0,72.0,289.0,0.0,0.0,72.0,72.25,64256.0,31872.0,4.893385,1721542656.0,4.893385,0.0,4.893385,4.893385,4.893385,62.0,64.0,0.168531,0.000499,0.168032,5.0,1.0,4.0,0.0,0.0,1.0,0.0,1.0,-0.0,354.764648,0.0,354.764648,16.666667,0.0,0.81743,0.0,0.613073,0.0,1.0,0.0,0.0,1.0,0.0,0.0,0.0,0.0,0.0,0.0,0.0,0.0,0.0,0.0,0.0,0.0,1.0,0.0,0.0,0.0,0.0,0.0,0.0,0.0,0.0,0.0,0.0,0.0,0.0,0.0,1.0,11.0
198.0,132.0,66.0,0.0,0.0,66.0,66.0,64256.0,31872.0,0.014144,1721542656.0,0.014144,0.0,0.014144,0.014144,0.014144,62.0,64.0,0.168531,0.000499,0.168032,3.0,2.0,1.0,0.0,0.0,0.0,0.0,0.0,-0.0,37330.316406,37330.316406,0.0,0.0,0.0,141.402725,70.701363,0.0,0.0,0.0,0.0,0.0,1.0,0.0,0.0,0.0,1.0,0.0,0.0,0.0,0.0,0.0,0.0,0.0,0.0,0.0,0.0,0.0,0.0,0.0,0.0,0.0,0.0,0.0,0.0,0.0,0.0,0.0,0.0,1.0,11.0
16300.0,15083.0,1217.0,0.0,0.0,793.842102,76.0625,64256.0,31872.0,1.357196,1721542656.0,1.357196,0.0,1.357196,1.357196,1.357196,62.0,64.0,0.168037,0.000544,0.167493,35.0,19.0,16.0,0.0,0.0,0.0,0.0,0.0,-0.0,90958.125,84232.492188,6725.631348,0.0,0.0,25.051651,13.262639,11.052199,0.0,0.0,0.0,0.0,0.0,0.0,0.0,0.0,0.0,0.0,0.0,0.0,0.0,0.0,0.0,1.0,0.0,0.0,0.0,0.0,0.0,0.0,0.0,0.0,0.0,0.0,0.0,0.0,0.0,0.0,0.0,0.0,11.0
16702.0,15485.0,1217.0,0.0,0.0,815.0,76.0625,64256.0,31872.0,1.000983,1721542656.0,1.000983,0.0,1.000983,1.000983,1.000983,62.0,64.0,0.168803,0.000501,0.168302,35.0,19.0,16.0,0.0,0.0,0.0,0.0,0.0,-0.0,126363.78125,117244.75,9119.036133,0.0,0.0,33.96661,17.982323,14.98527,0.0,0.0,0.0,0.0,0.0,0.0,0.0,0.0,0.0,0.0,0.0,0.0,0.0,0.0,0.0,1.0,0.0,0.0,0.0,0.0,0.0,0.0,0.0,0.0,0.0,0.0,0.0,0.0,0.0,0.0,0.0,0.0,11.0
17176.0,15959.0,1217.0,0.0,0.0,797.950012,76.0625,64256.0,31872.0,0.539069,1721542656.0,0.539069,0.0,0.539069,0.539069,0.539069,62.0,64.0,0.061888,0.001516,0.060372,36.0,20.0,16.0,0.0,0.0,0.0,0.0,0.0,-0.0,241943.0625,225010.15625,16932.896484,0.0,0.0,64.92675,35.245953,27.825752,0.0,0.0,0.0,0.0,0.0,0.0,0.0,0.0,0.0,0.0,0.0,0.0,0.0,0.0,0.0,1.0,0.0,0.0,0.0,0.0,0.0,0.0,0.0,0.0,0.0,0.0,0.0,0.0,0.0,0.0,0.0,0.0,11.0
17839.0,16517.0,1322.0,0.0,0.0,750.772705,77.764709,64256.0,31872.0,2.87859,1721542656.0,2.87859,0.0,2.87859,2.87859,2.87859,62.0,64.0,0.165123,0.000468,0.164655,39.0,22.0,17.0,0.0,0.0,1.0,0.0,1.0,-0.0,47278.699219,43818.671875,3460.0271,2.5,0.0,13.200907,7.295238,5.558277,0.0,1.0,0.0,0.0,0.0,0.0,0.0,0.0,0.0,0.0,0.0,0.0,0.0,0.0,0.0,1.0,0.0,0.0,0.0,0.0,0.0,0.0,0.0,0.0,0.0,0.0,0.0,0.0,0.0,0.0,0.0,1.0,11.0
18010.0,16793.0,1217.0,0.0,0.0,839.650024,76.0625,64256.0,31872.0,1.526035,1721542656.0,1.526035,0.0,1.526035,1.526035,1.526035,62.0,64.0,0.167589,0.00109,0.166499,36.0,20.0,16.0,0.0,0.0,0.0,0.0,0.0,-0.0,89617.867188,83636.351562,5981.51416,0.0,0.0,22.935255,12.450566,9.829394,0.0,0.0,0.0,0.0,0.0,0.0,0.0,0.0,0.0,0.0,0.0,0.0,0.0,0.0,0.0,1.0,0.0,0.0,0.0,0.0,0.0,0.0,0.0,0.0,0.0,0.0,0.0,0.0,0.0,0.0,0.0,0.0,11.0
18580.0,17297.0,1283.0,0.0,0.0,823.666687,75.470589,64256.0,31872.0,1.928322,1721542656.0,1.928322,0.0,1.928322,1.928322,1.928322,62.0,64.0,0.168837,0.0,0.168837,38.0,21.0,17.0,0.0,0.0,0.0,0.0,0.0,-0.0,73357.046875,68345.429688,5011.611328,0.0,0.0,19.187668,10.371712,8.29737,0.0,0.0,0.0,0.0,0.0,0.0,0.0,0.0,0.0,0.0,0.0,0.0,0.0,0.0,0.0,1.0,0.0,0.0,0.0,0.0,0.0,0.0,0.0,0.0,0.0,0.0,0.0,0.0,0.0,0.0,0.0,1.0,11.0
19000.0,17717.0,1283.0,0.0,0.0,843.666687,75.470589,64256.0,31872.0,1.525861,1721542656.0,1.525861,0.0,1.525861,1.525861,1.525861,62.0,64.0,0.169843,0.000511,0.169332,38.0,21.0,17.0,0.0,0.0,0.0,0.0,0.0,-0.0,94802.867188,88469.390625,6333.473145,0.0,0.0,24.248604,13.107353,10.485883,0.0,0.0,0.0,0.0,0.0,0.0,0.0,0.0,0.0,0.0,0.0,0.0,0.0,0.0,0.0,1.0,0.0,0.0,0.0,0.0,0.0,0.0,0.0,0.0,0.0,0.0,0.0,0.0,0.0,0.0,0.0,0.0,11.0
19438.0,18155.0,1283.0,0.0,0.0,864.523804,75.470589,64256.0,31872.0,0.789444,1721542656.0,0.789444,0.0,0.789444,0.789444,0.789444,62.0,64.0,0.16919,0.001689,0.167501,38.0,21.0,17.0,0.0,0.0,0.0,0.0,0.0,-0.0,187463.578125,175222.046875,12241.526367,0.0,0.0,46.868427,25.334286,20.267427,0.0,0.0,0.0,0.0,0.0,0.0,0.0,0.0,0.0,0.0,0.0,0.0,0.0,0.0,0.0,1.0,0.0,0.0,0.0,0.0,0.0,0.0,0.0,0.0,0.0,0.0,0.0,0.0,0.0,0.0,0.0,0.0,11.0
19882.0,18599.0,1283.0,0.0,0.0,885.666687,75.470589,64256.0,31872.0,0.527074,1721542656.0,0.527074,0.0,0.527074,0.527074,0.527074,62.0,64.0,0.062996,0.001091,0.061905,38.0,21.0,17.0,0.0,0.0,0.0,0.0,0.0,-0.0,287200.65625,268865.46875,18335.1875,0.0,0.0,70.198875,37.945339,30.35627,0.0,0.0,0.0,0.0,0.0,0.0,0.0,0.0,0.0,0.0,0.0,0.0,0.0,0.0,0.0,1.0,0.0,0.0,0.0,0.0,0.0,0.0,0.0,0.0,0.0,0.0,0.0,0.0,0.0,0.0,0.0,0.0,11.0
20530.0,19115.0,1415.0,0.0,0.0,868.863647,74.473686,64256.0,31872.0,0.603373,1721542656.0,0.603373,0.0,0.603373,0.603373,0.603373,62.0,64.0,0.06078,0.000492,0.060288,41.0,22.0,19.0,0.0,0.0,0.0,0.0,0.0,-0.0,259713.3125,241933.265625,17780.046875,0.0,0.0,66.293983,34.80434,29.832293,0.0,0.0,0.0,0.0,0.0,0.0,0.0,0.0,0.0,0.0,0.0,0.0,0.0,0.0,0.0,1.0,0.0,0.0,0.0,0.0,0.0,0.0,0.0,0.0,0.0,0.0,0.0,0.0,0.0,0.0,0.0,0.0,11.0
21178.0,19571.0,1607.0,0.0,0.0,889.590881,76.523811,64256.0,31872.0,1.715873,1721542656.0,1.715873,0.0,1.715873,1.715873,1.715873,62.0,64.0,0.167553,0.0,0.167553,43.0,22.0,21.0,0.0,0.0,3.0,3.0,0.0,-0.0,94240.078125,87102.015625,7138.057617,6.521739,0.0,24.477337,12.238668,11.655874,0.0,0.0,0.0,1.0,0.0,0.0,0.0,0.0,0.0,0.0,0.0,0.0,0.0,0.0,0.0,1.0,0.0,0.0,0.0,0.0,0.0,0.0,0.0,0.0,0.0,0.0,0.0,0.0,0.0,0.0,0.0,1.0,11.0
21316.0,20033.0,1283.0,0.0,0.0,910.590881,75.470589,64256.0,31872.0,1.523583,1721542656.0,1.523583,0.0,1.523583,1.523583,1.523583,62.0,64.0,0.167984,0.000506,0.167478,39.0,22.0,17.0,0.0,0.0,0.0,0.0,0.0,-0.0,106753.617188,100410.671875,6342.942871,0.0,0.0,24.941206,13.783298,10.501561,0.0,0.0,0.0,0.0,0.0,0.0,0.0,0.0,0.0,0.0,0.0,0.0,0.0,0.0,0.0,1.0,0.0,0.0,0.0,0.0,0.0,0.0,0.0,0.0,0.0,0.0,0.0,0.0,0.0,0.0,0.0,0.0,11.0
21916.0,20567.0,1349.0,0.0,0.0,894.217407,74.944443,64256.0,31872.0,1.529652,1721542656.0,1.529652,0.0,1.529652,1.529652,1.529652,62.0,64.0,0.169831,0.000988,0.168843,41.0,23.0,18.0,0.0,0.0,0.0,0.0,0.0,-0.0,109556.945312,102888.757812,6668.183594,0.0,0.0,26.149738,14.382357,11.113639,0.0,0.0,0.0,0.0,0.0,0.0,0.0,0.0,0.0,0.0,0.0,0.0,0.0,0.0,0.0,1.0,0.0,0.0,0.0,0.0,0.0,0.0,0.0,0.0,0.0,0.0,0.0,0.0,0.0,0.0,0.0,0.0,11.0
22390.0,21041.0,1349.0,0.0,0.0,914.826111,74.944443,64256.0,31872.0,1.700344,1721542656.0,1.700344,0.0,1.700344,1.700344,1.700344,62.0,64.0,0.170519,0.000998,0.169521,41.0,23.0,18.0,0.0,0.0,0.0,0.0,0.0,-0.0,100694.921875,94696.132812,5998.786133,0.0,0.0,23.524652,12.938559,9.997977,0.0,0.0,0.0,0.0,0.0,0.0,0.0,0.0,0.0,0.0,0.0,0.0,0.0,0.0,0.0,1.0,0.0,0.0,0.0,0.0,0.0,0.0,0.0,0.0,0.0,0.0,0.0,0.0,0.0,0.0,0.0,0.0,11.0
22870.0,21521.0,1349.0,0.0,0.0,935.695679,74.944443,64256.0,31872.0,1.519547,1721542656.0,1.519547,0.0,1.519547,1.519547,1.519547,62.0,64.0,0.168312,0.000595,0.167717,41.0,23.0,18.0,0.0,0.0,0.0,0.0,0.0,-0.0,115092.195312,108379.671875,6712.526855,0.0,0.0,26.323635,14.477999,11.187545,0.0,0.0,0.0,0.0,0.0,0.0,0.0,0.0,0.0,0.0,0.0,0.0,0.0,0.0,0.0,1.0,0.0,0.0,0.0,0.0,0.0,0.0,0.0,0.0,0.0,0.0,0.0,0.0,0.0,0.0,0.0,0.0,11.0
23422.0,22073.0,1349.0,0.0,0.0,919.708313,74.944443,64256.0,31872.0,1.558474,1721542656.0,1.558474,0.0,1.558474,1.558474,1.558474,62.0,64.0,0.169354,0.001085,0.168269,42.0,24.0,18.0,0.0,0.0,0.0,0.0,0.0,-0.0,115133.140625,108588.273438,6544.86377,0.0,0.0,26.307787,14.758027,10.908107,0.0,0.0,0.0,0.0,0.0,0.0,0.0,0.0,0.0,0.0,0.0,0.0,0.0,0.0,0.0,1.0,0.0,0.0,0.0,0.0,0.0,0.0,0.0,0.0,0.0,0.0,0.0,0.0,0.0,0.0,0.0,0.0,11.0
24046.0,22565.0,1481.0,0.0,0.0,940.208313,74.050003,64256.0,31872.0,0.653253,1721542656.0,0.653253,0.0,0.653253,0.653253,0.653253,62.0,64.0,0.061549,0.001094,0.060455,44.0,24.0,20.0,0.0,0.0,0.0,0.0,0.0,-0.0,282059.15625,264828.46875,17230.689453,0.0,0.0,65.824417,35.208408,29.085209,0.0,0.0,0.0,0.0,0.0,0.0,0.0,0.0,0.0,0.0,0.0,0.0,0.0,0.0,0.0,1.0,0.0,0.0,0.0,0.0,0.0,0.0,0.0,0.0,0.0,0.0,0.0,0.0,0.0,0.0,0.0,0.0,11.0
24544.0,23063.0,1481.0,0.0,0.0,960.958313,74.050003,64256.0,31872.0,0.665122,1721542656.0,0.665122,0.0,0.665122,0.665122,0.665122,62.0,64.0,0.06036,0.0,0.06036,44.0,24.0,20.0,0.0,0.0,0.0,0.0,0.0,-0.0,282775.1875,265852.0,16923.210938,0.0,0.0,64.649796,34.580124,28.566189,0.0,0.0,0.0,0.0,0.0,0.0,0.0,0.0,0.0,0.0,0.0,0.0,0.0,0.0,0.0,1.0,0.0,0.0,0.0,0.0,0.0,0.0,0.0,0.0,0.0,0.0,0.0,0.0,0.0,0.0,0.0,0.0,11.0
25048.0,23633.0,1415.0,0.0,0.0,945.320007,74.473686,64256.0,31872.0,1.156324,1721542656.0,1.156324,0.0,1.156324,1.156324,1.156324,62.0,64.0,0.170653,0.000991,0.169662,44.0,25.0,19.0,0.0,0.0,0.0,0.0,0.0,-0.0,166244.046875,156966.375,9277.675781,0.0,0.0,37.18681,20.755428,15.566571,0.0,0.0,0.0,0.0,0.0,0.0,0.0,0.0,0.0,0.0,0.0,0.0,0.0,0.0,0.0,1.0,0.0,0.0,0.0,0.0,0.0,0.0,0.0,0.0,0.0,0.0,0.0,0.0,0.0,0.0,0.0,0.0,11.0
25558.0,24143.0,1415.0,0.0,0.0,965.719971,74.473686,64256.0,31872.0,0.552893,1721542656.0,0.552893,0.0,0.552893,0.552893,0.552893,62.0,64.0,0.061587,0.00051,0.061077,44.0,25.0,19.0,0.0,0.0,0.0,0.0,0.0,-0.0,354773.90625,335370.5,19403.392578,0.0,0.0,77.772736,43.408039,32.55603,0.0,0.0,0.0,0.0,0.0,0.0,0.0,0.0,0.0,0.0,0.0,0.0,0.0,0.0,0.0,1.0,0.0,0.0,0.0,0.0,0.0,0.0,0.0,0.0,0.0,0.0,0.0,0.0,0.0,0.0,0.0,0.0,11.0
26074.0,24659.0,1415.0,0.0,0.0,986.359985,74.473686,64256.0,31872.0,1.835139,1721542656.0,1.835139,0.0,1.835139,1.835139,1.835139,62.0,64.0,0.155974,0.000511,0.155463,44.0,25.0,19.0,0.0,0.0,0.0,0.0,0.0,-0.0,109044.601562,103198.71875,5845.878418,0.0,0.0,23.431467,13.078028,9.808521,0.0,0.0,0.0,0.0,0.0,0.0,0.0,0.0,0.0,0.0,0.0,0.0,0.0,0.0,0.0,1.0,0.0,0.0,0.0,0.0,0.0,0.0,0.0,0.0,0.0,0.0,0.0,0.0,0.0,0.0,0.0,0.0,11.0
27184.0,25391.0,1793.0,0.0,0.0,906.821411,74.708336,64256.0,31872.0,4.195415,1721542656.0,4.195415,0.0,4.195415,4.195415,4.195415,62.0,64.0,0.167964,0.000941,0.167023,52.0,28.0,24.0,0.0,0.0,4.0,1.0,3.0,-0.0,49966.929688,46689.0625,3277.864014,7.142857,0.0,12.156128,6.435597,5.482175,1.0,0.0,0.0,0.0,0.0,0.0,0.0,0.0,0.0,0.0,0.0,0.0,0.0,0.0,0.0,1.0,0.0,0.0,0.0,0.0,0.0,0.0,0.0,0.0,0.0,0.0,0.0,0.0,0.0,0.0,0.0,1.0,11.0
27346.0,25775.0,1571.0,0.0,0.0,991.34613,74.809525,64256.0,31872.0,1.69585,1721542656.0,1.69585,0.0,1.69585,1.69585,1.69585,62.0,64.0,0.169331,0.001492,0.167839,47.0,26.0,21.0,0.0,0.0,1.0,1.0,0.0,-0.0,123977.945312,116916.0,7061.945312,2.083333,0.0,27.12504,14.74187,11.793496,0.0,0.0,0.0,1.0,0.0,0.0,0.0,0.0,0.0,0.0,0.0,0.0,0.0,0.0,0.0,1.0,0.0,0.0,0.0,0.0,0.0,0.0,0.0,0.0,0.0,0.0,0.0,0.0,0.0,0.0,0.0,1.0,11.0
27724.0,26309.0,1415.0,0.0,0.0,1011.884644,74.473686,64256.0,31872.0,1.514961,1721542656.0,1.514961,0.0,1.514961,1.514961,1.514961,62.0,64.0,0.155701,0.00201,0.153691,45.0,26.0,19.0,0.0,0.0,0.0,0.0,0.0,-0.0,140671.609375,133590.234375,7081.370605,0.0,0.0,29.043652,16.502075,11.881494,0.0,0.0,0.0,0.0,0.0,0.0,0.0,0.0,0.0,0.0,0.0,0.0,0.0,0.0,0.0,1.0,0.0,0.0,0.0,0.0,0.0,0.0,0.0,0.0,0.0,0.0,0.0,0.0,0.0,0.0,0.0,0.0,11.0
28600.0,26915.0,1685.0,0.0,0.0,996.851868,76.590912,64256.0,31872.0,2.717566,1721542656.0,2.717566,0.0,2.717566,2.717566,2.717566,62.0,64.0,0.154458,0.000994,0.153464,49.0,27.0,22.0,0.0,0.0,8.0,8.0,0.0,-0.0,81037.21875,76300.632812,4736.591309,14.035088,0.0,17.662865,9.567385,7.727503,0.0,0.0,0.0,1.0,0.0,0.0,0.0,0.0,0.0,0.0,0.0,0.0,0.0,0.0,0.0,1.0,0.0,0.0,0.0,0.0,0.0,0.0,0.0,0.0,0.0,0.0,0.0,0.0,0.0,0.0,0.0,1.0,11.0
28942.0,27461.0,1481.0,0.0,0.0,1017.074097,74.050003,64256.0,31872.0,0.743334,1721542656.0,0.743334,0.0,0.743334,0.743334,0.743334,61.0,64.0,0.077273,0.001088,0.076185,47.0,27.0,20.0,0.0,0.0,0.0,0.0,0.0,-0.0,299741.4375,284598.84375,15142.587891,0.0,0.0,61.883354,34.977547,25.560514,0.0,0.0,0.0,0.0,0.0,0.0,0.0,0.0,0.0,0.0,0.0,0.0,0.0,0.0,0.0,1.0,0.0,0.0,0.0,0.0,0.0,0.0,0.0,0.0,0.0,0.0,0.0,0.0,0.0,0.0,0.0,0.0,11.0
29560.0,28079.0,1481.0,0.0,0.0,1002.821411,74.050003,64256.0,31872.0,1.800923,1721542656.0,1.800923,0.0,1.800923,1.800923,1.800923,61.0,64.0,0.200167,0.000994,0.199173,48.0,28.0,20.0,0.0,0.0,0.0,0.0,0.0,-0.0,126530.671875,120280.546875,6250.128418,0.0,0.0,26.097729,14.992312,10.550146,0.0,0.0,0.0,0.0,0.0,0.0,0.0,0.0,0.0,0.0,0.0,0.0,0.0,0.0,0.0,1.0,0.0,0.0,0.0,0.0,0.0,0.0,0.0,0.0,0.0,0.0,0.0,0.0,0.0,0.0,0.0,0.0,11.0
30250.0,28637.0,1613.0,0.0,0.0,1022.75,73.318184,64256.0,31872.0,0.740898,1721542656.0,0.740898,0.0,0.740898,0.740898,0.740898,61.0,64.0,0.077289,0.00099,0.076299,50.0,28.0,22.0,0.0,0.0,0.0,0.0,0.0,-0.0,314807.15625,298178.6875,16628.46875,0.0,0.0,66.135956,36.442265,28.343983,0.0,0.0,0.0,0.0,0.0,0.0,0.0,0.0,0.0,0.0,0.0,0.0,0.0,0.0,0.0,1.0,0.0,0.0,0.0,0.0,0.0,0.0,0.0,0.0,0.0,0.0,0.0,0.0,0.0,0.0,0.0,0.0,11.0
30682.0,29201.0,1481.0,0.0,0.0,1042.892822,74.050003,64256.0,31872.0,0.55763,1721542656.0,0.55763,0.0,0.55763,0.55763,0.55763,62.0,64.0,0.062587,0.001,0.061587,48.0,28.0,20.0,0.0,0.0,0.0,0.0,0.0,-0.0,424166.5625,403981.125,20185.427734,0.0,0.0,84.285278,48.419201,34.072773,0.0,0.0,0.0,0.0,0.0,0.0,0.0,0.0,0.0,0.0,0.0,0.0,0.0,0.0,0.0,1.0,0.0,0.0,0.0,0.0,0.0,0.0,0.0,0.0,0.0,0.0,0.0,0.0,0.0,0.0,0.0,0.0,11.0
31384.0,29837.0,1547.0,0.0,0.0,1028.862061,73.666664,64256.0,31872.0,1.220187,1721542656.0,1.220187,0.0,1.220187,1.220187,1.220187,62.0,64.0,0.157851,0.000766,0.157085,50.0,29.0,21.0,0.0,0.0,0.0,0.0,0.0,-0.0,198546.625,188882.53125,9664.092773,0.0,0.0,40.15778,22.947304,16.39093,0.0,0.0,0.0,0.0,0.0,0.0,0.0,0.0,0.0,0.0,0.0,0.0,0.0,0.0,0.0,1.0,0.0,0.0,0.0,0.0,0.0,0.0,0.0,0.0,0.0,0.0,0.0,0.0,0.0,0.0,0.0,0.0,11.0
31960.0,30413.0,1547.0,0.0,0.0,1048.724121,73.666664,64256.0,31872.0,0.542708,1721542656.0,0.542708,0.0,0.542708,0.542708,0.542708,62.0,64.0,0.046695,0.000495,0.0462,50.0,29.0,21.0,0.0,0.0,0.0,0.0,0.0,-0.0,454594.375,432866.3125,21728.076172,0.0,0.0,90.287964,51.593124,36.85223,0.0,0.0,0.0,0.0,0.0,0.0,0.0,0.0,0.0,0.0,0.0,0.0,0.0,0.0,0.0,1.0,0.0,0.0,0.0,0.0,0.0,0.0,0.0,0.0,0.0,0.0,0.0,0.0,0.0,0.0,0.0,0.0,11.0
32686.0,31061.0,1625.0,0.0,0.0,1035.366699,73.86364,64256.0,31872.0,2.100048,1721542656.0,2.100048,0.0,2.100048,2.100048,2.100048,62.0,64.0,0.108496,0.002023,0.106473,52.0,30.0,22.0,0.0,0.0,1.0,1.0,0.0,-0.0,120294.390625,114382.140625,5912.245605,1.886792,0.0,24.285158,13.809208,9.999771,0.0,0.0,0.0,1.0,0.0,0.0,0.0,0.0,0.0,0.0,0.0,0.0,0.0,0.0,0.0,1.0,0.0,0.0,0.0,0.0,0.0,0.0,0.0,0.0,0.0,0.0,0.0,0.0,0.0,0.0,0.0,1.0,11.0
33196.0,31649.0,1547.0,0.0,0.0,1054.966675,73.666664,64256.0,31872.0,1.497129,1721542656.0,1.497129,0.0,1.497129,1.497129,1.497129,62.0,64.0,0.155672,0.001518,0.154154,51.0,30.0,21.0,0.0,0.0,0.0,0.0,0.0,-0.0,171362.65625,163486.25,7876.40918,0.0,0.0,33.397255,19.370409,13.358903,0.0,0.0,0.0,0.0,0.0,0.0,0.0,0.0,0.0,0.0,0.0,0.0,0.0,0.0,0.0,1.0,0.0,0.0,0.0,0.0,0.0,0.0,0.0,0.0,0.0,0.0,0.0,0.0,0.0,0.0,0.0,0.0,11.0
34466.0,32243.0,2223.0,0.0,0.0,1074.766724,76.655174,64256.0,31872.0,4.755128,1721542656.0,4.755128,0.0,4.755128,4.755128,4.755128,62.0,64.0,0.168884,0.000982,0.167902,59.0,30.0,29.0,0.0,0.0,5.0,3.0,2.0,-0.0,56050.648438,52438.546875,3612.100586,7.8125,0.0,12.197358,6.098679,5.88838,1.0,0.0,0.0,0.0,0.0,0.0,0.0,0.0,0.0,0.0,0.0,0.0,0.0,0.0,0.0,1.0,0.0,0.0,0.0,0.0,0.0,0.0,0.0,0.0,0.0,0.0,0.0,0.0,0.0,0.0,0.0,1.0,11.0
34522.0,32909.0,1613.0,0.0,0.0,1061.580688,73.318184,64256.0,49280.0,1.510565,1721542656.0,1.510565,0.0,1.510565,1.510565,1.510565,62.0,64.0,0.168573,0.001014,0.167559,53.0,31.0,22.0,0.0,0.0,0.0,0.0,0.0,-0.0,176823.90625,168668.015625,8155.888672,0.0,0.0,34.424206,19.860119,13.902082,0.0,0.0,0.0,0.0,0.0,0.0,0.0,0.0,0.0,0.0,0.0,0.0,0.0,0.0,0.0,1.0,0.0,0.0,0.0,0.0,0.0,0.0,0.0,0.0,0.0,0.0,0.0,0.0,0.0,0.0,0.0,0.0,11.0
2116.0,1229.0,887.0,0.0,0.0,122.900002,80.63636,64256.0,31872.0,1.480827,1721542656.0,1.480827,0.0,1.480827,1.480827,1.480827,62.0,64.0,0.184634,0.000994,0.18364,21.0,10.0,11.0,0.0,0.0,0.0,0.0,0.0,-0.0,10340.167969,5980.441895,4359.726074,0.0,0.0,13.505967,6.077685,6.752984,0.0,0.0,0.0,0.0,0.0,0.0,0.0,0.0,0.0,0.0,0.0,0.0,0.0,0.0,0.0,1.0,0.0,0.0,0.0,0.0,0.0,0.0,0.0,0.0,0.0,0.0,0.0,0.0,0.0,0.0,0.0,0.0,12.0
1315.0,561.0,754.0,0.0,0.0,80.14286,83.777779,64256.0,31872.0,4.465477,1721542656.0,4.465477,0.0,4.465477,4.465477,4.465477,62.0,64.0,0.231191,0.000487,0.230704,16.0,7.0,9.0,0.0,0.0,2.0,0.0,2.0,-0.0,2063.833252,861.722046,1202.111206,11.111111,0.0,3.359104,1.343641,1.791522,0.0,1.0,0.0,0.0,0.0,0.0,0.0,0.0,0.0,0.0,0.0,0.0,0.0,0.0,0.0,0.0,0.0,0.0,0.0,0.0,0.0,0.0,0.0,0.0,0.0,1.0,0.0,0.0,0.0,0.0,0.0,0.0,12.0
1077.0,620.0,457.0,0.0,0.0,310.0,91.400002,64256.0,31872.0,4.543362,1721542656.0,4.543362,0.0,4.543362,4.543362,4.543362,62.0,64.0,0.231191,0.000487,0.230704,7.0,2.0,5.0,0.0,0.0,3.0,0.0,3.0,-0.0,1190.307983,545.851257,644.456665,30.0,0.0,1.320608,0.220101,0.880405,0.0,1.0,0.0,0.0,1.0,0.0,0.0,0.0,0.0,0.0,0.0,0.0,0.0,0.0,0.0,0.0,0.0,0.0,1.0,0.0,0.0,0.0,0.0,0.0,0.0,0.0,0.0,0.0,0.0,0.0,0.0,1.0,12.0
551.0,270.0,281.0,0.0,0.0,67.5,70.25,64256.0,31872.0,0.170146,1721542656.0,0.170146,0.0,0.170146,0.170146,0.170146,62.0,64.0,0.231191,0.000487,0.230704,8.0,4.0,4.0,0.0,0.0,0.0,0.0,0.0,-0.0,19465.634766,9544.744141,9920.891602,0.0,0.0,41.141136,17.631916,17.631916,0.0,0.0,0.0,0.0,1.0,0.0,0.0,0.0,0.0,0.0,0.0,1.0,0.0,0.0,0.0,0.0,0.0,0.0,0.0,0.0,0.0,0.0,0.0,0.0,0.0,0.0,0.0,0.0,0.0,0.0,0.0,1.0,12.0
2278.0,1259.0,1019.0,0.0,0.0,125.900002,78.384613,64256.0,31872.0,1.326574,1721542656.0,1.326574,0.0,1.326574,1.326574,1.326574,62.0,64.0,0.108605,0.00348,0.105125,23.0,10.0,13.0,0.0,0.0,0.0,0.0,0.0,-0.0,12513.4375,6838.668945,5674.768555,0.0,0.0,16.584074,6.784394,9.045858,0.0,0.0,0.0,0.0,0.0,0.0,0.0,0.0,0.0,0.0,0.0,0.0,0.0,0.0,0.0,1.0,0.0,0.0,0.0,0.0,0.0,0.0,0.0,0.0,0.0,0.0,0.0,0.0,0.0,0.0,0.0,0.0,12.0
2302.0,1349.0,953.0,0.0,0.0,122.63636,79.416664,64256.0,31872.0,2.049145,1721542656.0,2.049145,0.0,2.049145,2.049145,2.049145,62.0,64.0,0.153866,0.000487,0.153379,23.0,11.0,12.0,0.0,0.0,0.0,0.0,0.0,-0.0,8202.445312,4790.290527,3412.154785,0.0,0.0,10.736185,4.880084,5.368093,0.0,0.0,0.0,0.0,0.0,0.0,0.0,0.0,0.0,0.0,0.0,0.0,0.0,0.0,0.0,1.0,0.0,0.0,0.0,0.0,0.0,0.0,0.0,0.0,0.0,0.0,0.0,0.0,0.0,0.0,0.0,0.0,12.0
2200.0,1313.0,887.0,0.0,0.0,131.300003,80.63636,64256.0,31872.0,1.370625,1721542656.0,1.370625,0.0,1.370625,1.370625,1.370625,62.0,64.0,0.168207,0.0,0.168207,21.0,10.0,11.0,0.0,0.0,0.0,0.0,0.0,-0.0,11609.301758,6899.04248,4710.259766,0.0,0.0,14.591883,6.566348,7.295941,0.0,0.0,0.0,0.0,0.0,0.0,0.0,0.0,0.0,0.0,0.0,0.0,0.0,0.0,0.0,1.0,0.0,0.0,0.0,0.0,0.0,0.0,0.0,0.0,0.0,0.0,0.0,0.0,0.0,0.0,0.0,0.0,12.0
799.0,224.0,575.0,0.0,0.0,74.666664,95.833336,64256.0,31872.0,4.659887,1721542656.0,4.659887,0.0,4.659887,4.659887,4.659887,62.0,64.0,0.277509,0.0005,0.277009,9.0,3.0,6.0,0.0,0.0,2.0,0.0,2.0,-0.0,1081.571289,257.516998,824.054321,18.181818,0.0,1.71678,0.429195,1.072987,0.0,1.0,0.0,0.0,0.0,0.0,0.0,0.0,0.0,0.0,0.0,0.0,0.0,0.0,0.0,0.0,0.0,0.0,0.0,0.0,0.0,0.0,0.0,0.0,0.0,1.0,0.0,0.0,0.0,0.0,0.0,0.0,12.0
372.0,84.0,288.0,0.0,0.0,84.0,96.0,64256.0,31872.0,4.955664,1721542656.0,4.955664,0.0,4.955664,4.955664,4.955664,62.0,64.0,0.277509,0.0005,0.277009,4.0,1.0,3.0,0.0,0.0,1.0,0.0,1.0,-0.0,309.948364,0.0,309.948364,20.0,0.0,0.605368,0.0,0.403579,0.0,1.0,0.0,0.0,1.0,0.0,0.0,0.0,0.0,0.0,0.0,0.0,0.0,0.0,0.0,0.0,0.0,0.0,1.0,0.0,0.0,0.0,0.0,0.0,0.0,0.0,0.0,0.0,0.0,0.0,0.0,1.0,12.0
1855.0,1125.0,730.0,0.0,0.0,160.714279,73.0,64256.0,31872.0,0.927195,1721542656.0,0.927195,0.0,0.927195,0.927195,0.927195,62.0,64.0,0.277509,0.0005,0.277009,17.0,7.0,10.0,0.0,0.0,0.0,0.0,0.0,-0.0,13994.898438,8326.188477,5668.710449,0.0,0.0,17.256348,6.47113,9.706696,0.0,0.0,0.0,0.0,1.0,0.0,0.0,0.0,0.0,0.0,0.0,1.0,0.0,0.0,0.0,0.0,0.0,0.0,0.0,0.0,0.0,0.0,0.0,0.0,0.0,0.0,0.0,0.0,0.0,0.0,0.0,1.0,12.0
2729.0,1529.0,1200.0,0.0,0.0,127.416664,80.0,64256.0,31872.0,2.177686,1721542656.0,2.177686,0.0,2.177686,2.177686,2.177686,62.0,64.0,0.169652,0.001506,0.168146,27.0,12.0,15.0,0.0,0.0,1.0,0.0,1.0,-0.0,9264.879883,5150.421387,4114.458984,3.571429,0.0,11.939279,5.051233,6.428843,0.0,1.0,0.0,0.0,0.0,0.0,0.0,0.0,0.0,0.0,0.0,0.0,0.0,0.0,0.0,1.0,0.0,0.0,0.0,0.0,0.0,0.0,0.0,0.0,0.0,0.0,0.0,0.0,0.0,0.0,0.0,1.0,12.0
2606.0,1513.0,1093.0,0.0,0.0,137.545456,78.071426,64256.0,31872.0,1.667375,1721542656.0,1.667375,0.0,1.667375,1.667375,1.667375,62.0,64.0,0.060403,0.001018,0.059385,25.0,11.0,14.0,0.0,0.0,2.0,1.0,1.0,-0.0,11471.924805,6601.994141,4869.930176,7.407407,0.0,14.393883,5.997451,7.796687,1.0,0.0,0.0,0.0,0.0,0.0,0.0,0.0,0.0,0.0,0.0,0.0,0.0,0.0,0.0,1.0,0.0,0.0,0.0,0.0,0.0,0.0,0.0,0.0,0.0,0.0,0.0,0.0,0.0,0.0,0.0,0.0,12.0
1297.0,568.0,729.0,0.0,0.0,81.14286,81.0,64256.0,31872.0,4.401741,1721542656.0,4.401741,0.0,4.401741,4.401741,4.401741,62.0,64.0,0.293153,0.001671,0.291482,16.0,7.0,9.0,0.0,0.0,3.0,0.0,3.0,-0.0,2062.820068,885.104309,1177.71582,15.789474,0.0,3.407743,1.363097,1.817463,0.0,1.0,0.0,0.0,0.0,0.0,0.0,0.0,0.0,0.0,0.0,0.0,0.0,0.0,0.0,0.0,0.0,0.0,0.0,0.0,0.0,0.0,0.0,0.0,0.0,1.0,0.0,0.0,0.0,0.0,0.0,1.0,12.0
2163.0,1301.0,862.0,0.0,0.0,162.625,71.833336,64256.0,31872.0,3.421476,1721542656.0,3.421476,0.0,3.421476,3.421476,3.421476,62.0,64.0,0.293153,0.001671,0.291482,20.0,8.0,12.0,0.0,0.0,1.0,0.0,1.0,-0.0,4512.672363,2663.178223,1849.494263,4.761905,0.0,5.553159,2.045901,3.214987,0.0,1.0,0.0,0.0,1.0,0.0,0.0,0.0,0.0,0.0,0.0,1.0,0.0,0.0,0.0,0.0,0.0,0.0,0.0,0.0,0.0,0.0,0.0,0.0,0.0,0.0,0.0,0.0,0.0,0.0,0.0,1.0,12.0
2662.0,1627.0,1035.0,0.0,0.0,147.909088,79.615387,64256.0,31872.0,3.466879,1721542656.0,3.466879,0.0,3.466879,3.466879,3.466879,62.0,64.0,0.179418,0.000497,0.178921,24.0,11.0,13.0,0.0,0.0,3.0,1.0,2.0,-0.0,5621.194336,3415.175537,2206.018799,11.111111,0.0,6.634209,2.884439,3.461327,1.0,0.0,0.0,0.0,0.0,0.0,0.0,0.0,0.0,0.0,0.0,0.0,0.0,0.0,0.0,1.0,0.0,0.0,0.0,0.0,0.0,0.0,0.0,0.0,0.0,0.0,0.0,0.0,0.0,0.0,0.0,0.0,12.0
132.0,66.0,66.0,0.0,0.0,66.0,66.0,64256.0,31872.0,0.0,1721542656.0,0.0,0.0,0.0,0.0,0.0,62.0,64.0,0.293153,0.001671,0.291482,2.0,1.0,1.0,0.0,0.0,0.0,0.0,0.0,-0.0,0.0,0.0,0.0,0.0,0.0,0.0,0.0,0.0,0.0,0.0,0.0,0.0,1.0,0.0,0.0,0.0,1.0,0.0,0.0,0.0,0.0,0.0,0.0,0.0,0.0,0.0,0.0,0.0,0.0,0.0,0.0,0.0,0.0,0.0,0.0,0.0,0.0,0.0,0.0,1.0,12.0
2506.0,1619.0,887.0,0.0,0.0,161.899994,80.63636,64256.0,31872.0,2.285386,1721542656.0,2.285386,0.0,2.285386,2.285386,2.285386,62.0,64.0,0.260322,0.001123,0.259199,21.0,10.0,11.0,0.0,0.0,0.0,0.0,0.0,-0.0,7928.638672,5103.73291,2824.905518,0.0,0.0,8.751257,3.938066,4.375628,0.0,0.0,0.0,0.0,0.0,0.0,0.0,0.0,0.0,0.0,0.0,0.0,0.0,0.0,0.0,1.0,0.0,0.0,0.0,0.0,0.0,0.0,0.0,0.0,0.0,0.0,0.0,0.0,0.0,0.0,0.0,0.0,12.0
296.0,74.0,222.0,0.0,0.0,74.0,74.0,8222720.0,4077568.0,3.069118,1721542656.0,3.069118,0.0,3.069118,3.069118,3.069118,62.0,64.0,0.00228,0.00228,0.0,4.0,1.0,3.0,0.0,0.0,2.0,0.0,2.0,-0.0,385.778595,0.0,385.778595,33.333333,0.0,0.97748,0.0,0.651653,0.0,1.0,0.0,0.0,0.0,0.0,0.0,0.0,0.0,0.0,0.0,0.0,0.0,0.0,0.0,0.0,0.0,0.0,0.0,0.0,0.0,0.0,0.0,0.0,0.0,0.0,0.0,1.0,0.0,0.0,0.0,0.0,12.0
2702.0,1683.0,1019.0,0.0,0.0,168.300003,78.384613,64256.0,31872.0,0.643902,1721542656.0,0.643902,0.0,0.643902,0.643902,0.643902,62.0,64.0,0.053719,0.00228,0.051439,23.0,10.0,13.0,0.0,0.0,1.0,0.0,1.0,-0.0,30513.960938,18822.740234,11691.219727,4.166667,0.0,34.166691,13.977283,18.636375,0.0,1.0,0.0,0.0,1.0,0.0,0.0,0.0,0.0,0.0,0.0,0.0,1.0,0.0,0.0,0.0,0.0,0.0,0.0,0.0,0.0,0.0,0.0,0.0,0.0,0.0,0.0,0.0,0.0,0.0,0.0,0.0,12.0
2788.0,1769.0,1019.0,0.0,0.0,176.899994,78.384613,64256.0,31872.0,0.555685,1721542656.0,0.555685,0.0,0.555685,0.555685,0.555685,62.0,64.0,0.046958,0.001016,0.045942,23.0,10.0,13.0,0.0,0.0,0.0,0.0,0.0,-0.0,36481.101562,22933.857422,13547.244141,0.0,0.0,39.590778,16.196226,21.594969,0.0,0.0,0.0,0.0,0.0,0.0,0.0,0.0,0.0,0.0,0.0,0.0,0.0,0.0,0.0,1.0,0.0,0.0,0.0,0.0,0.0,0.0,0.0,0.0,0.0,0.0,0.0,0.0,0.0,0.0,0.0,0.0,12.0
2806.0,1919.0,887.0,0.0,0.0,174.454544,80.63636,64256.0,31872.0,1.452487,1721542656.0,1.452487,0.0,1.452487,1.452487,1.452487,62.0,64.0,0.180648,0.000992,0.179656,22.0,11.0,11.0,0.0,0.0,0.0,0.0,0.0,-0.0,14055.891602,9611.101562,4444.790039,0.0,0.0,14.457961,6.884743,6.884743,0.0,0.0,0.0,0.0,0.0,0.0,0.0,0.0,0.0,0.0,0.0,0.0,0.0,0.0,0.0,1.0,0.0,0.0,0.0,0.0,0.0,0.0,0.0,0.0,0.0,0.0,0.0,0.0,0.0,0.0,0.0,0.0,12.0
4029.0,3049.0,980.0,0.0,0.0,338.777771,81.666664,64256.0,31872.0,4.987103,1721542656.0,4.987103,0.0,4.987103,4.987103,4.987103,62.0,64.0,0.32388,0.000982,0.322898,21.0,9.0,12.0,0.0,0.0,3.0,0.0,3.0,-0.0,5790.937012,4348.817383,1442.119751,12.5,0.0,4.010345,1.604138,2.205689,0.0,1.0,0.0,0.0,0.0,0.0,0.0,0.0,0.0,0.0,0.0,0.0,0.0,0.0,0.0,0.0,0.0,0.0,0.0,0.0,0.0,0.0,0.0,0.0,0.0,1.0,0.0,0.0,0.0,0.0,0.0,1.0,12.0
74.0,0.0,74.0,0.0,0.0,0.0,74.0,197300.1840419336,95686.87047841308,0.0,1721542656.0,0.0,0.0,0.0,0.0,0.0,62.0,64.0,0.32388,0.000982,0.322898,1.0,0.0,1.0,0.0,0.0,0.0,0.0,0.0,-0.0,0.0,0.0,0.0,0.0,0.0,0.0,0.0,0.0,0.0,0.0,0.0,0.0,1.0,0.0,0.0,0.0,0.0,0.0,0.0,0.0,0.0,0.0,0.0,0.0,0.0,0.0,0.0,0.0,0.0,0.0,0.0,0.0,0.0,0.0,0.0,0.0,0.0,1.0,0.0,1.0,12.0
74.0,0.0,74.0,0.0,0.0,0.0,74.0,197300.1840419336,95686.87047841308,0.0,1721542656.0,0.0,0.0,0.0,0.0,0.0,62.0,64.0,0.32388,0.000982,0.322898,1.0,0.0,1.0,0.0,0.0,0.0,0.0,0.0,-0.0,0.0,0.0,0.0,0.0,0.0,0.0,0.0,0.0,0.0,0.0,0.0,0.0,1.0,0.0,0.0,0.0,0.0,0.0,0.0,0.0,0.0,0.0,0.0,0.0,0.0,0.0,0.0,0.0,0.0,0.0,0.0,0.0,0.0,0.0,0.0,0.0,0.0,1.0,0.0,1.0,12.0
1396.0,1244.0,152.0,0.0,0.0,1244.0,76.0,64256.0,31872.0,2.071387,1721542656.0,2.071387,0.0,2.071387,2.071387,2.071387,62.0,64.0,0.32388,0.000982,0.322898,3.0,1.0,2.0,0.0,0.0,0.0,0.0,0.0,-0.0,293.523132,0.0,293.523132,0.0,0.0,0.965537,0.0,0.482768,0.0,0.0,0.0,0.0,1.0,0.0,0.0,0.0,0.0,0.0,0.0,0.0,0.0,0.0,0.0,0.0,0.0,0.0,1.0,0.0,0.0,0.0,0.0,0.0,0.0,0.0,0.0,0.0,0.0,0.0,0.0,1.0,12.0
74.0,0.0,74.0,0.0,0.0,0.0,74.0,197300.1840419336,95686.87047841308,0.0,1721542656.0,0.0,0.0,0.0,0.0,0.0,62.0,64.0,0.32388,0.000982,0.322898,1.0,0.0,1.0,0.0,0.0,0.0,0.0,0.0,-0.0,0.0,0.0,0.0,0.0,0.0,0.0,0.0,0.0,0.0,0.0,0.0,0.0,1.0,0.0,0.0,0.0,0.0,0.0,0.0,0.0,0.0,0.0,0.0,0.0,0.0,0.0,0.0,0.0,0.0,0.0,0.0,0.0,0.0,0.0,0.0,0.0,0.0,1.0,0.0,1.0,12.0
516.0,192.0,324.0,0.0,0.0,64.0,81.0,64256.0,31872.0,0.169347,1721542656.0,0.169347,0.0,0.169347,0.169347,0.169347,62.0,64.0,0.32388,0.000982,0.322898,7.0,3.0,4.0,0.0,0.0,0.0,0.0,0.0,-0.0,17526.144531,6046.755859,11479.388672,0.0,0.0,35.43021,11.81007,17.715105,0.0,0.0,0.0,0.0,1.0,0.0,0.0,0.0,0.0,0.0,0.0,0.0,0.0,0.0,1.0,0.0,0.0,0.0,0.0,0.0,0.0,0.0,0.0,0.0,0.0,0.0,0.0,0.0,0.0,0.0,0.0,1.0,12.0
2926.0,2039.0,887.0,0.0,0.0,203.899994,80.63636,64256.0,31872.0,1.358521,1721542656.0,1.358521,0.0,1.358521,1.358521,1.358521,62.0,64.0,0.17038,0.000706,0.169674,21.0,10.0,11.0,0.0,0.0,0.0,0.0,0.0,-0.0,15563.984375,10811.757812,4752.227051,0.0,0.0,14.721892,6.624852,7.360946,0.0,0.0,0.0,0.0,0.0,0.0,0.0,0.0,0.0,0.0,0.0,0.0,0.0,0.0,0.0,1.0,0.0,0.0,0.0,0.0,0.0,0.0,0.0,0.0,0.0,0.0,0.0,0.0,0.0,0.0,0.0,0.0,12.0
3347.0,2213.0,1134.0,0.0,0.0,201.181824,81.0,64256.0,31872.0,1.759559,1721542656.0,1.759559,0.0,1.759559,1.759559,1.759559,62.0,64.0,0.168738,0.000999,0.167739,25.0,11.0,14.0,0.0,0.0,1.0,0.0,1.0,-0.0,13935.30957,9147.746094,4787.562988,3.846154,0.0,13.639781,5.683242,7.388215,0.0,1.0,0.0,0.0,0.0,0.0,0.0,0.0,0.0,0.0,0.0,0.0,0.0,0.0,0.0,1.0,0.0,0.0,0.0,0.0,0.0,0.0,0.0,0.0,0.0,0.0,0.0,0.0,0.0,0.0,0.0,1.0,12.0
3268.0,2315.0,953.0,0.0,0.0,210.454544,79.416664,64256.0,31872.0,1.280249,1721542656.0,1.280249,0.0,1.280249,1.280249,1.280249,62.0,64.0,0.153405,0.001188,0.152217,23.0,11.0,12.0,0.0,0.0,0.0,0.0,0.0,-0.0,18615.128906,13153.691406,5461.4375,0.0,0.0,17.184156,7.81098,8.592078,0.0,0.0,0.0,0.0,0.0,0.0,0.0,0.0,0.0,0.0,0.0,0.0,0.0,0.0,0.0,1.0,0.0,0.0,0.0,0.0,0.0,0.0,0.0,0.0,0.0,0.0,0.0,0.0,0.0,0.0,0.0,0.0,12.0
3382.0,2429.0,953.0,0.0,0.0,220.818176,79.416664,64256.0,31872.0,0.634859,1721542656.0,0.634859,0.0,0.634859,0.634859,0.634859,62.0,64.0,0.062169,0.0005,0.061669,23.0,11.0,12.0,0.0,0.0,0.0,0.0,0.0,-0.0,38849.570312,27836.101562,11013.46875,0.0,0.0,34.653362,15.751529,17.326681,0.0,0.0,0.0,0.0,0.0,0.0,0.0,0.0,0.0,0.0,0.0,0.0,0.0,0.0,0.0,1.0,0.0,0.0,0.0,0.0,0.0,0.0,0.0,0.0,0.0,0.0,0.0,0.0,0.0,0.0,0.0,0.0,12.0
3502.0,2549.0,953.0,0.0,0.0,231.72728,79.416664,64256.0,31872.0,0.539244,1721542656.0,0.539244,0.0,0.539244,0.539244,0.539244,62.0,64.0,0.061111,0.0,0.061111,23.0,11.0,12.0,0.0,0.0,0.0,0.0,0.0,-0.0,47355.1875,34388.886719,12966.300781,0.0,0.0,40.797859,18.544481,20.39893,0.0,0.0,0.0,0.0,0.0,0.0,0.0,0.0,0.0,0.0,0.0,0.0,0.0,0.0,0.0,1.0,0.0,0.0,0.0,0.0,0.0,0.0,0.0,0.0,0.0,0.0,0.0,0.0,0.0,0.0,0.0,0.0,12.0
3847.0,2819.0,1028.0,0.0,0.0,216.846161,79.07692,64256.0,31872.0,1.375817,1721542656.0,1.375817,0.0,1.375817,1.375817,1.375817,62.0,64.0,0.076956,0.001911,0.075045,26.0,13.0,13.0,0.0,0.0,2.0,0.0,2.0,-0.0,20653.910156,15135.734375,5518.175781,7.142857,0.0,18.171022,8.722091,8.722091,0.0,1.0,0.0,0.0,0.0,0.0,0.0,0.0,0.0,0.0,0.0,0.0,0.0,0.0,0.0,1.0,0.0,0.0,0.0,0.0,0.0,0.0,0.0,0.0,0.0,0.0,0.0,0.0,0.0,0.0,0.0,1.0,12.0
4233.0,2881.0,1352.0,0.0,0.0,240.083328,79.529411,64256.0,31872.0,4.735369,1721542656.0,4.735369,0.0,4.735369,4.735369,4.735369,62.0,64.0,0.168153,0.000496,0.167657,29.0,12.0,17.0,0.0,0.0,6.0,1.0,5.0,-0.0,6612.366699,4461.742676,2150.624268,17.142857,0.0,5.91295,2.322945,3.378829,1.0,0.0,0.0,0.0,0.0,0.0,0.0,0.0,0.0,0.0,0.0,0.0,0.0,0.0,0.0,1.0,0.0,0.0,0.0,0.0,0.0,0.0,0.0,0.0,0.0,0.0,0.0,0.0,0.0,0.0,0.0,0.0,12.0
3898.0,2945.0,953.0,0.0,0.0,267.727264,79.416664,64256.0,31872.0,2.207688,1721542656.0,2.207688,0.0,2.207688,2.207688,2.207688,62.0,64.0,0.278959,0.001134,0.277825,23.0,11.0,12.0,0.0,0.0,0.0,0.0,0.0,-0.0,12871.383789,9704.269531,3167.114014,0.0,0.0,9.965176,4.529625,4.982588,0.0,0.0,0.0,0.0,0.0,0.0,0.0,0.0,0.0,0.0,0.0,0.0,0.0,0.0,0.0,1.0,0.0,0.0,0.0,0.0,0.0,0.0,0.0,0.0,0.0,0.0,0.0,0.0,0.0,0.0,0.0,0.0,12.0
4174.0,3155.0,1019.0,0.0,0.0,262.916656,78.384613,64256.0,31872.0,1.684145,1721542656.0,1.684145,0.0,1.684145,1.684145,1.684145,62.0,64.0,0.155064,0.000502,0.154562,25.0,12.0,13.0,0.0,0.0,0.0,0.0,0.0,-0.0,18212.208984,13742.285156,4469.923828,0.0,0.0,14.250555,6.531504,7.125278,0.0,0.0,0.0,0.0,0.0,0.0,0.0,0.0,0.0,0.0,0.0,0.0,0.0,0.0,0.0,1.0,0.0,0.0,0.0,0.0,0.0,0.0,0.0,0.0,0.0,0.0,0.0,0.0,0.0,0.0,0.0,0.0,12.0
4546.0,3383.0,1163.0,0.0,0.0,260.230774,83.071426,64256.0,31872.0,4.394442,1721542656.0,4.394442,0.0,4.394442,4.394442,4.394442,62.0,64.0,0.292444,0.00063,0.291814,27.0,13.0,14.0,0.0,0.0,2.0,0.0,2.0,-0.0,7651.483398,5685.363281,1966.119873,6.896552,0.0,5.916564,2.730722,2.958282,0.0,1.0,0.0,0.0,0.0,0.0,0.0,0.0,0.0,0.0,0.0,0.0,0.0,0.0,0.0,1.0,0.0,0.0,0.0,0.0,0.0,0.0,0.0,0.0,0.0,0.0,0.0,0.0,0.0,0.0,0.0,1.0,12.0
4348.0,3395.0,953.0,0.0,0.0,308.636353,79.416664,64256.0,31872.0,1.297509,1721542656.0,1.297509,0.0,1.297509,1.297509,1.297509,62.0,64.0,0.155199,0.001286,0.153913,23.0,11.0,12.0,0.0,0.0,0.0,0.0,0.0,-0.0,24422.181641,19033.394531,5388.787598,0.0,0.0,16.955566,7.707076,8.477783,0.0,0.0,0.0,0.0,0.0,0.0,0.0,0.0,0.0,0.0,0.0,0.0,0.0,0.0,0.0,1.0,0.0,0.0,0.0,0.0,0.0,0.0,0.0,0.0,0.0,0.0,0.0,0.0,0.0,0.0,0.0,0.0,12.0
4601.0,3559.0,1042.0,0.0,0.0,323.545441,80.153847,64256.0,31872.0,4.029793,1721542656.0,4.029793,0.0,4.029793,4.029793,4.029793,62.0,64.0,0.249928,0.001001,0.248927,24.0,11.0,13.0,0.0,0.0,5.0,1.0,4.0,-0.0,8333.927734,6424.151855,1909.775635,17.241379,0.0,5.707489,2.481517,2.977821,1.0,0.0,0.0,0.0,0.0,0.0,0.0,0.0,0.0,0.0,0.0,0.0,0.0,0.0,0.0,0.0,0.0,0.0,0.0,0.0,0.0,0.0,0.0,0.0,0.0,1.0,0.0,0.0,0.0,0.0,0.0,0.0,12.0
419.0,138.0,281.0,0.0,0.0,69.0,70.25,64256.0,31872.0,0.277688,1721542656.0,0.277688,0.0,0.277688,0.277688,0.277688,62.0,64.0,0.249928,0.001001,0.248927,6.0,2.0,4.0,0.0,0.0,0.0,0.0,0.0,-0.0,8066.607422,1987.842529,6078.764648,0.0,0.0,18.005819,3.601164,10.803492,0.0,0.0,0.0,0.0,1.0,0.0,0.0,0.0,0.0,0.0,0.0,1.0,0.0,0.0,0.0,0.0,0.0,0.0,0.0,0.0,0.0,0.0,0.0,0.0,0.0,0.0,0.0,0.0,0.0,0.0,0.0,0.0,12.0
4966.0,3865.0,1101.0,0.0,0.0,297.307678,78.64286,64256.0,31872.0,2.343276,1721542656.0,2.343276,0.0,2.343276,2.343276,2.343276,62.0,64.0,0.154262,0.000993,0.153269,27.0,13.0,14.0,0.0,0.0,3.0,1.0,2.0,-0.0,15673.783203,12181.236328,3492.546387,10.0,0.0,11.095577,5.121036,5.547789,1.0,0.0,0.0,0.0,0.0,0.0,0.0,0.0,0.0,0.0,0.0,0.0,0.0,0.0,0.0,1.0,0.0,0.0,0.0,0.0,0.0,0.0,0.0,0.0,0.0,0.0,0.0,0.0,0.0,0.0,0.0,0.0,12.0
4984.0,3899.0,1085.0,0.0,0.0,354.454559,77.5,64256.0,31872.0,1.496429,1721542656.0,1.496429,0.0,1.496429,1.496429,1.496429,62.0,64.0,0.170047,0.00095,0.169097,25.0,11.0,14.0,0.0,0.0,0.0,0.0,0.0,-0.0,24340.613281,18951.785156,5388.829102,0.0,0.0,16.038181,6.682576,8.687348,0.0,0.0,0.0,0.0,0.0,0.0,0.0,0.0,0.0,0.0,0.0,0.0,0.0,0.0,0.0,1.0,0.0,0.0,0.0,0.0,0.0,0.0,0.0,0.0,0.0,0.0,0.0,0.0,0.0,0.0,0.0,0.0,12.0
5201.0,4145.0,1056.0,0.0,0.0,345.416656,81.230766,64256.0,31872.0,2.916569,1721542656.0,2.916569,0.0,2.916569,2.916569,2.916569,62.0,64.0,0.278213,0.002017,0.276196,25.0,12.0,13.0,0.0,0.0,1.0,0.0,1.0,-0.0,13097.581055,10423.206055,2674.375244,3.846154,0.0,8.228847,3.771555,4.114423,0.0,1.0,0.0,0.0,0.0,0.0,0.0,0.0,0.0,0.0,0.0,0.0,0.0,0.0,0.0,1.0,0.0,0.0,0.0,0.0,0.0,0.0,0.0,0.0,0.0,0.0,0.0,0.0,0.0,0.0,0.0,0.0,12.0
5416.0,4397.0,1019.0,0.0,0.0,338.230774,78.384613,64256.0,31872.0,1.990654,1721542656.0,1.990654,0.0,1.990654,1.990654,1.990654,62.0,64.0,0.169148,0.000881,0.168267,26.0,13.0,13.0,0.0,0.0,0.0,0.0,0.0,-0.0,20093.898438,16312.227539,3781.671875,0.0,0.0,12.558687,6.02817,6.02817,0.0,0.0,0.0,0.0,0.0,0.0,0.0,0.0,0.0,0.0,0.0,0.0,0.0,0.0,0.0,1.0,0.0,0.0,0.0,0.0,0.0,0.0,0.0,0.0,0.0,0.0,0.0,0.0,0.0,0.0,0.0,0.0,12.0
5476.0,4523.0,953.0,0.0,0.0,376.916656,79.416664,64256.0,31872.0,1.453013,1721542656.0,1.453013,0.0,1.453013,1.453013,1.453013,62.0,64.0,0.168947,0.0,0.168947,24.0,12.0,12.0,0.0,0.0,0.0,0.0,0.0,-0.0,27644.626953,22832.556641,4812.069824,0.0,0.0,15.829178,7.570476,7.570476,0.0,0.0,0.0,0.0,0.0,0.0,0.0,0.0,0.0,0.0,0.0,0.0,0.0,0.0,0.0,1.0,0.0,0.0,0.0,0.0,0.0,0.0,0.0,0.0,0.0,0.0,0.0,0.0,0.0,0.0,0.0,0.0,12.0
5806.0,4721.0,1085.0,0.0,0.0,393.416656,77.5,64256.0,31872.0,0.604229,1721542656.0,0.604229,0.0,0.604229,0.604229,0.604229,62.0,64.0,0.06228,0.000641,0.061639,26.0,12.0,14.0,0.0,0.0,0.0,0.0,0.0,-0.0,70648.710938,57302.78125,13345.933594,0.0,0.0,41.375042,18.205019,21.515022,0.0,0.0,0.0,0.0,0.0,0.0,0.0,0.0,0.0,0.0,0.0,0.0,0.0,0.0,0.0,1.0,0.0,0.0,0.0,0.0,0.0,0.0,0.0,0.0,0.0,0.0,0.0,0.0,0.0,0.0,0.0,0.0,12.0
6076.0,4991.0,1085.0,0.0,0.0,383.923065,77.5,64256.0,31872.0,1.493887,1721542656.0,1.493887,0.0,1.493887,1.493887,1.493887,62.0,64.0,0.169385,0.002587,0.166798,27.0,13.0,14.0,0.0,0.0,0.0,0.0,0.0,-0.0,30074.564453,24676.566406,5397.999023,0.0,0.0,17.404263,8.032737,8.702131,0.0,0.0,0.0,0.0,0.0,0.0,0.0,0.0,0.0,0.0,0.0,0.0,0.0,0.0,0.0,1.0,0.0,0.0,0.0,0.0,0.0,0.0,0.0,0.0,0.0,0.0,0.0,0.0,0.0,0.0,0.0,0.0,12.0
1366.0,567.0,799.0,0.0,0.0,81.0,79.900002,64256.0,31872.0,4.457408,1721542656.0,4.457408,0.0,4.457408,4.457408,4.457408,62.0,64.0,0.169245,0.001725,0.16752,17.0,7.0,10.0,0.0,0.0,4.0,0.0,4.0,-0.0,2164.486572,872.255798,1292.230835,19.047619,0.0,3.58953,1.346074,2.019111,0.0,1.0,0.0,0.0,0.0,0.0,0.0,0.0,0.0,0.0,0.0,0.0,0.0,0.0,0.0,0.0,0.0,0.0,0.0,0.0,0.0,0.0,0.0,0.0,0.0,1.0,0.0,0.0,0.0,0.0,0.0,1.0,12.0
5162.0,4712.0,450.0,0.0,0.0,673.142883,75.0,64256.0,31872.0,1.221893,1721542656.0,1.221893,0.0,1.221893,1.221893,1.221893,62.0,64.0,0.169245,0.001725,0.16752,13.0,7.0,6.0,0.0,0.0,0.0,0.0,0.0,-0.0,28899.421875,26444.214844,2455.206787,0.0,0.0,9.820827,4.910414,4.092011,0.0,0.0,0.0,0.0,1.0,0.0,0.0,0.0,0.0,0.0,0.0,1.0,0.0,0.0,0.0,0.0,0.0,0.0,0.0,0.0,0.0,0.0,0.0,0.0,0.0,0.0,0.0,0.0,0.0,0.0,0.0,1.0,12.0
6436.0,5417.0,1019.0,0.0,0.0,416.692322,78.384613,64256.0,31872.0,1.81725,1721542656.0,1.81725,0.0,1.81725,1.81725,1.81725,62.0,64.0,0.183573,0.000751,0.182822,26.0,13.0,13.0,0.0,0.0,0.0,0.0,0.0,-0.0,26158.205078,22015.683594,4142.522949,0.0,0.0,13.757051,6.603384,6.603384,0.0,0.0,0.0,0.0,0.0,0.0,0.0,0.0,0.0,0.0,0.0,0.0,0.0,0.0,0.0,1.0,0.0,0.0,0.0,0.0,0.0,0.0,0.0,0.0,0.0,0.0,0.0,0.0,0.0,0.0,0.0,0.0,12.0
6658.0,5639.0,1019.0,0.0,0.0,433.769226,78.384613,64256.0,31872.0,1.405884,1721542656.0,1.405884,0.0,1.405884,1.405884,1.405884,62.0,64.0,0.156143,0.000992,0.155151,26.0,13.0,13.0,0.0,0.0,0.0,0.0,0.0,-0.0,34978.703125,29624.064453,5354.638184,0.0,0.0,17.782406,8.535555,8.535555,0.0,0.0,0.0,0.0,0.0,0.0,0.0,0.0,0.0,0.0,0.0,0.0,0.0,0.0,0.0,1.0,0.0,0.0,0.0,0.0,0.0,0.0,0.0,0.0,0.0,0.0,0.0,0.0,0.0,0.0,0.0,0.0,12.0
6886.0,5867.0,1019.0,0.0,0.0,451.307678,78.384613,64256.0,31872.0,1.666386,1721542656.0,1.666386,0.0,1.666386,1.666386,1.666386,62.0,64.0,0.169938,0.001002,0.168936,26.0,13.0,13.0,0.0,0.0,0.0,0.0,0.0,-0.0,30518.738281,26001.177734,4517.560547,0.0,0.0,15.002526,7.201213,7.201213,0.0,0.0,0.0,0.0,0.0,0.0,0.0,0.0,0.0,0.0,0.0,0.0,0.0,0.0,0.0,1.0,0.0,0.0,0.0,0.0,0.0,0.0,0.0,0.0,0.0,0.0,0.0,0.0,0.0,0.0,0.0,0.0,12.0
296.0,74.0,222.0,0.0,0.0,74.0,74.0,8222720.0,4077568.0,3.056257,1721542656.0,3.056257,0.0,3.056257,3.056257,3.056257,62.0,64.0,0.000686,0.000686,0.0,4.0,1.0,3.0,0.0,0.0,2.0,0.0,2.0,-0.0,387.401978,0.0,387.401978,33.333333,0.0,0.981593,0.0,0.654395,0.0,1.0,0.0,0.0,0.0,0.0,0.0,0.0,0.0,0.0,0.0,0.0,0.0,0.0,0.0,0.0,0.0,0.0,0.0,0.0,0.0,0.0,0.0,0.0,0.0,0.0,0.0,1.0,0.0,0.0,0.0,0.0,12.0
74.0,0.0,74.0,0.0,0.0,0.0,74.0,197300.1840419336,95686.87047841308,0.0,1721542656.0,0.0,0.0,0.0,0.0,0.0,62.0,64.0,0.000686,0.000686,0.0,1.0,0.0,1.0,0.0,0.0,0.0,0.0,1.0,-0.0,0.0,0.0,0.0,0.0,0.0,0.0,0.0,0.0,0.0,1.0,0.0,0.0,1.0,0.0,0.0,0.0,0.0,0.0,0.0,0.0,0.0,0.0,0.0,0.0,0.0,0.0,0.0,0.0,0.0,0.0,0.0,0.0,0.0,0.0,0.0,0.0,0.0,0.0,1.0,0.0,12.0
7265.0,6171.0,1094.0,0.0,0.0,440.785706,78.14286,64256.0,31872.0,2.499323,1721542656.0,2.499323,0.0,2.499323,2.499323,2.499323,61.0,64.0,0.301334,0.000686,0.300648,28.0,14.0,14.0,0.0,0.0,3.0,0.0,3.0,-0.0,21596.25,18344.167969,3252.080811,9.677419,0.0,10.802926,5.201409,5.201409,0.0,1.0,0.0,0.0,1.0,0.0,0.0,0.0,0.0,0.0,0.0,0.0,1.0,0.0,0.0,0.0,0.0,0.0,0.0,0.0,0.0,0.0,0.0,0.0,0.0,0.0,0.0,0.0,0.0,0.0,0.0,1.0,12.0
7360.0,6341.0,1019.0,0.0,0.0,487.769226,78.384613,64256.0,31872.0,1.72891,1721542656.0,1.72891,0.0,1.72891,1.72891,1.72891,62.0,64.0,0.214533,0.002069,0.212464,26.0,13.0,13.0,0.0,0.0,0.0,0.0,0.0,-0.0,31441.775391,27087.587891,4354.188477,0.0,0.0,14.459978,6.940789,6.940789,0.0,0.0,0.0,0.0,0.0,0.0,0.0,0.0,0.0,0.0,0.0,0.0,0.0,0.0,0.0,1.0,0.0,0.0,0.0,0.0,0.0,0.0,0.0,0.0,0.0,0.0,0.0,0.0,0.0,0.0,0.0,0.0,12.0
7606.0,6587.0,1019.0,0.0,0.0,506.692322,78.384613,64256.0,31872.0,1.726932,1721542656.0,1.726932,0.0,1.726932,1.726932,1.726932,62.0,64.0,0.217206,0.000863,0.216343,26.0,13.0,13.0,0.0,0.0,0.0,0.0,0.0,-0.0,32529.363281,28170.1875,4359.175781,0.0,0.0,14.47654,6.948739,6.948739,0.0,0.0,0.0,0.0,0.0,0.0,0.0,0.0,0.0,0.0,0.0,0.0,0.0,0.0,0.0,1.0,0.0,0.0,0.0,0.0,0.0,0.0,0.0,0.0,0.0,0.0,0.0,0.0,0.0,0.0,0.0,0.0,12.0
1219.0,490.0,729.0,0.0,0.0,81.666664,81.0,64256.0,31872.0,3.54142,1721542656.0,3.54142,0.0,3.54142,3.54142,3.54142,62.0,64.0,0.201811,0.001783,0.200028,15.0,6.0,9.0,0.0,0.0,3.0,0.0,3.0,-0.0,2387.742676,923.923157,1463.81958,16.666667,0.0,3.953217,1.411863,2.258981,0.0,1.0,0.0,0.0,0.0,0.0,0.0,0.0,0.0,0.0,0.0,0.0,0.0,0.0,0.0,0.0,0.0,0.0,0.0,0.0,0.0,0.0,0.0,0.0,0.0,1.0,0.0,0.0,0.0,0.0,0.0,1.0,12.0
7537.0,6659.0,878.0,0.0,0.0,605.363647,73.166664,64256.0,31872.0,4.589001,1721542656.0,4.589001,0.0,4.589001,4.589001,4.589001,62.0,64.0,0.201811,0.001783,0.200028,23.0,11.0,12.0,0.0,0.0,2.0,0.0,2.0,-0.0,11957.286133,10553.930664,1403.355469,8.0,0.0,4.794072,2.179123,2.397036,0.0,1.0,0.0,0.0,1.0,0.0,0.0,0.0,0.0,0.0,0.0,1.0,0.0,0.0,0.0,0.0,0.0,0.0,0.0,0.0,0.0,0.0,0.0,0.0,0.0,0.0,0.0,0.0,0.0,0.0,0.0,1.0,12.0
8388.0,7163.0,1225.0,0.0,0.0,511.642853,76.5625,64256.0,31872.0,2.050216,1721542656.0,2.050216,0.0,2.050216,2.050216,2.050216,62.0,64.0,0.091612,0.001005,0.090607,30.0,14.0,16.0,0.0,0.0,1.0,0.0,1.0,-0.0,30439.720703,25956.289062,4483.430176,3.225806,0.0,14.144852,6.340796,7.316302,0.0,1.0,0.0,0.0,0.0,0.0,0.0,0.0,0.0,0.0,0.0,0.0,0.0,0.0,0.0,1.0,0.0,0.0,0.0,0.0,0.0,0.0,0.0,0.0,0.0,0.0,0.0,0.0,0.0,0.0,0.0,0.0,12.0
8726.0,7567.0,1159.0,0.0,0.0,472.9375,77.26667,64256.0,31872.0,3.67096,1721542656.0,3.67096,0.0,3.67096,3.67096,3.67096,62.0,64.0,0.15236,0.000633,0.151727,31.0,16.0,15.0,0.0,0.0,2.0,1.0,1.0,-0.0,17819.861328,15461.895508,2357.966309,6.060606,0.0,8.17225,4.086125,3.813716,1.0,0.0,0.0,0.0,0.0,0.0,0.0,0.0,0.0,0.0,0.0,0.0,0.0,0.0,0.0,1.0,0.0,0.0,0.0,0.0,0.0,0.0,0.0,0.0,0.0,0.0,0.0,0.0,0.0,0.0,0.0,0.0,12.0
8716.0,7697.0,1019.0,0.0,0.0,549.785706,78.384613,64256.0,31872.0,1.342649,1721542656.0,1.342649,0.0,1.342649,1.342649,1.342649,62.0,64.0,0.154002,0.000493,0.153509,27.0,14.0,13.0,0.0,0.0,0.0,0.0,0.0,-0.0,48197.261719,42590.433594,5606.82666,0.0,0.0,19.364704,9.682352,8.937555,0.0,0.0,0.0,0.0,0.0,0.0,0.0,0.0,0.0,0.0,0.0,0.0,0.0,0.0,0.0,1.0,0.0,0.0,0.0,0.0,0.0,0.0,0.0,0.0,0.0,0.0,0.0,0.0,0.0,0.0,0.0,0.0,12.0
9346.0,8047.0,1299.0,0.0,0.0,536.466675,76.411766,64256.0,31872.0,3.53479,1721542656.0,3.53479,0.0,3.53479,3.53479,3.53479,62.0,64.0,0.153117,0.000575,0.152542,32.0,15.0,17.0,0.0,0.0,3.0,1.0,2.0,-0.0,19766.945312,16999.029297,2767.915527,8.571429,0.0,8.769969,3.960631,4.526436,1.0,0.0,0.0,0.0,0.0,0.0,0.0,0.0,0.0,0.0,0.0,0.0,0.0,0.0,0.0,1.0,0.0,0.0,0.0,0.0,0.0,0.0,0.0,0.0,0.0,0.0,0.0,0.0,0.0,0.0,0.0,0.0,12.0
9406.0,8255.0,1151.0,0.0,0.0,589.642883,76.73333,64256.0,31872.0,1.592206,1721542656.0,1.592206,0.0,1.592206,1.592206,1.592206,62.0,64.0,0.169104,0.002178,0.166926,29.0,14.0,15.0,0.0,0.0,0.0,0.0,0.0,-0.0,43918.941406,38517.628906,5401.311035,0.0,0.0,17.585665,8.164773,8.792832,0.0,0.0,0.0,0.0,0.0,0.0,0.0,0.0,0.0,0.0,0.0,0.0,0.0,0.0,0.0,1.0,0.0,0.0,0.0,0.0,0.0,0.0,0.0,0.0,0.0,0.0,0.0,0.0,0.0,0.0,0.0,0.0,12.0
10064.0,8757.0,1307.0,0.0,0.0,515.117676,76.882355,64256.0,31872.0,3.724763,1721542656.0,3.724763,0.0,3.724763,3.724763,3.724763,62.0,64.0,0.062626,0.000995,0.061631,34.0,17.0,17.0,0.0,0.0,5.0,2.0,3.0,-0.0,20345.992188,17702.066406,2643.926758,12.820513,0.0,8.859624,4.295576,4.295576,1.0,0.0,0.0,0.0,0.0,0.0,0.0,0.0,0.0,0.0,0.0,0.0,0.0,0.0,0.0,1.0,0.0,0.0,0.0,0.0,0.0,0.0,0.0,0.0,0.0,0.0,0.0,0.0,0.0,0.0,0.0,0.0,12.0
10342.0,9043.0,1299.0,0.0,0.0,531.941162,76.411766,64256.0,31872.0,3.589338,1721542656.0,3.589338,0.0,3.589338,3.589338,3.589338,62.0,64.0,0.168168,0.000994,0.167174,34.0,17.0,17.0,0.0,0.0,3.0,1.0,2.0,-0.0,21697.59375,18971.744141,2725.85083,8.108108,0.0,9.193895,4.457646,4.457646,1.0,0.0,0.0,0.0,0.0,0.0,0.0,0.0,0.0,0.0,0.0,0.0,0.0,0.0,0.0,1.0,0.0,0.0,0.0,0.0,0.0,0.0,0.0,0.0,0.0,0.0,0.0,0.0,0.0,0.0,0.0,0.0,12.0
10658.0,9351.0,1307.0,0.0,0.0,550.058838,76.882355,64256.0,31872.0,3.939705,1721542656.0,3.939705,0.0,3.939705,3.939705,3.939705,62.0,64.0,0.154474,0.000496,0.153978,34.0,17.0,17.0,0.0,0.0,5.0,2.0,3.0,-0.0,20371.068359,17871.388672,2499.679688,12.820513,0.0,8.376262,4.061218,4.061218,1.0,0.0,0.0,0.0,0.0,0.0,0.0,0.0,0.0,0.0,0.0,0.0,0.0,0.0,0.0,1.0,0.0,0.0,0.0,0.0,0.0,0.0,0.0,0.0,0.0,0.0,0.0,0.0,0.0,0.0,0.0,0.0,12.0
865.0,290.0,575.0,0.0,0.0,72.5,95.833336,64256.0,31872.0,4.968813,1721542656.0,4.968813,0.0,4.968813,4.968813,4.968813,62.0,64.0,0.151202,0.0,0.151202,10.0,4.0,6.0,0.0,0.0,2.0,0.0,2.0,-0.0,1123.809692,350.989258,772.820374,16.666667,0.0,1.811298,0.603766,1.006277,0.0,1.0,0.0,0.0,0.0,0.0,0.0,0.0,0.0,0.0,0.0,0.0,0.0,0.0,0.0,0.0,0.0,0.0,0.0,0.0,0.0,0.0,0.0,0.0,0.0,1.0,0.0,0.0,0.0,0.0,0.0,0.0,12.0
9949.0,9219.0,730.0,0.0,0.0,838.090881,73.0,64256.0,31872.0,0.525712,1721542656.0,0.525712,0.0,0.525712,0.525712,0.525712,62.0,64.0,0.151202,0.0,0.151202,21.0,11.0,10.0,0.0,0.0,0.0,0.0,0.0,-0.0,137535.375,127537.507812,9997.869141,0.0,0.0,38.043644,19.021822,17.119638,0.0,0.0,0.0,0.0,1.0,0.0,0.0,0.0,0.0,0.0,0.0,1.0,0.0,0.0,0.0,0.0,0.0,0.0,0.0,0.0,0.0,0.0,0.0,0.0,0.0,0.0,0.0,0.0,0.0,0.0,0.0,0.0,12.0
11104.0,9887.0,1217.0,0.0,0.0,617.9375,76.0625,64256.0,31872.0,1.497163,1721542656.0,1.497163,0.0,1.497163,1.497163,1.497163,62.0,64.0,0.168504,0.000501,0.168003,32.0,16.0,16.0,0.0,0.0,0.0,0.0,0.0,-0.0,55630.546875,49533.683594,6096.864258,0.0,0.0,20.705828,10.018949,10.018949,0.0,0.0,0.0,0.0,0.0,0.0,0.0,0.0,0.0,0.0,0.0,0.0,0.0,0.0,0.0,1.0,0.0,0.0,0.0,0.0,0.0,0.0,0.0,0.0,0.0,0.0,0.0,0.0,0.0,0.0,0.0,0.0,12.0
544.0,140.0,404.0,0.0,0.0,70.0,101.0,64256.0,31872.0,4.245371,1721542656.0,4.245371,0.0,4.245371,4.245371,4.245371,62.0,64.0,0.27848,0.000992,0.277488,6.0,2.0,4.0,0.0,0.0,2.0,0.0,2.0,-0.0,702.88324,131.908386,570.974854,25.0,0.0,1.177753,0.235551,0.706652,0.0,1.0,0.0,0.0,0.0,0.0,0.0,0.0,0.0,0.0,0.0,0.0,0.0,0.0,0.0,0.0,0.0,0.0,0.0,0.0,0.0,0.0,0.0,1.0,0.0,0.0,0.0,0.0,0.0,0.0,0.0,0.0,12.0
110.0,0.0,110.0,0.0,0.0,0.0,110.0,197300.1840419336,95686.87047841308,0.0,1721542656.0,0.0,0.0,0.0,0.0,0.0,62.0,64.0,0.27848,0.000992,0.277488,1.0,0.0,1.0,0.0,0.0,0.0,0.0,0.0,-0.0,0.0,0.0,0.0,0.0,0.0,0.0,0.0,0.0,0.0,0.0,0.0,0.0,1.0,0.0,0.0,0.0,0.0,0.0,0.0,0.0,0.0,0.0,0.0,0.0,0.0,0.0,0.0,0.0,0.0,0.0,0.0,0.0,0.0,0.0,0.0,0.0,0.0,1.0,0.0,0.0,12.0
11076.0,10065.0,1011.0,0.0,0.0,718.928589,77.769234,64256.0,31872.0,1.006274,1721542656.0,1.006274,0.0,1.006274,1.006274,1.006274,62.0,64.0,0.27848,0.000992,0.277488,27.0,14.0,13.0,0.0,0.0,0.0,0.0,0.0,-0.0,81735.195312,74309.78125,7425.413086,0.0,0.0,25.837893,12.918946,11.925181,0.0,0.0,0.0,0.0,1.0,0.0,0.0,0.0,0.0,0.0,0.0,1.0,0.0,0.0,0.0,0.0,0.0,0.0,0.0,0.0,0.0,0.0,0.0,0.0,0.0,0.0,0.0,0.0,0.0,0.0,0.0,0.0,12.0
11812.0,10595.0,1217.0,0.0,0.0,623.235291,76.0625,64256.0,31872.0,0.650008,1721542656.0,0.650008,0.0,0.650008,0.650008,0.650008,62.0,64.0,0.060918,0.0042,0.056718,33.0,17.0,16.0,0.0,0.0,0.0,0.0,0.0,-0.0,136773.703125,122730.789062,14042.90332,0.0,0.0,49.23016,24.61508,23.076639,0.0,0.0,0.0,0.0,0.0,0.0,0.0,0.0,0.0,0.0,0.0,0.0,0.0,0.0,0.0,1.0,0.0,0.0,0.0,0.0,0.0,0.0,0.0,0.0,0.0,0.0,0.0,0.0,0.0,0.0,0.0,0.0,12.0
12076.0,10859.0,1217.0,0.0,0.0,678.6875,76.0625,64256.0,31872.0,1.400499,1721542656.0,1.400499,0.0,1.400499,1.400499,1.400499,62.0,64.0,0.167997,0.000502,0.167495,32.0,16.0,16.0,0.0,0.0,0.0,0.0,0.0,-0.0,64674.09375,58156.414062,6517.676758,0.0,0.0,22.134968,10.710468,10.710468,0.0,0.0,0.0,0.0,0.0,0.0,0.0,0.0,0.0,0.0,0.0,0.0,0.0,0.0,0.0,1.0,0.0,0.0,0.0,0.0,0.0,0.0,0.0,0.0,0.0,0.0,0.0,0.0,0.0,0.0,0.0,0.0,12.0
12280.0,11195.0,1085.0,0.0,0.0,699.6875,77.5,64256.0,31872.0,1.356801,1721542656.0,1.356801,0.0,1.356801,1.356801,1.356801,62.0,64.0,0.169404,0.0,0.169404,30.0,16.0,14.0,0.0,0.0,0.0,0.0,0.0,-0.0,67830.140625,61886.746094,5943.391602,0.0,0.0,21.373804,11.055416,9.581361,0.0,0.0,0.0,0.0,0.0,0.0,0.0,0.0,0.0,0.0,0.0,0.0,0.0,0.0,0.0,1.0,0.0,0.0,0.0,0.0,0.0,0.0,0.0,0.0,0.0,0.0,0.0,0.0,0.0,0.0,0.0,0.0,12.0
12754.0,11603.0,1151.0,0.0,0.0,682.529419,76.73333,64256.0,31872.0,1.681876,1721542656.0,1.681876,0.0,1.681876,1.681876,1.681876,62.0,64.0,0.169273,0.001938,0.167335,32.0,17.0,15.0,0.0,0.0,0.0,0.0,0.0,-0.0,57060.09375,51946.757812,5113.337891,0.0,0.0,18.431799,9.513186,8.324039,0.0,0.0,0.0,0.0,0.0,0.0,0.0,0.0,0.0,0.0,0.0,0.0,0.0,0.0,0.0,1.0,0.0,0.0,0.0,0.0,0.0,0.0,0.0,0.0,0.0,0.0,0.0,0.0,0.0,0.0,0.0,0.0,12.0
13320.0,12095.0,1225.0,0.0,0.0,636.578918,76.5625,64256.0,31872.0,1.864052,1721542656.0,1.864052,0.0,1.864052,1.864052,1.864052,62.0,64.0,0.167926,0.000888,0.167038,35.0,19.0,16.0,0.0,0.0,1.0,0.0,1.0,-0.0,54110.078125,49178.882812,4931.192871,2.777778,0.0,18.239834,9.656383,8.046986,0.0,1.0,0.0,0.0,0.0,0.0,0.0,0.0,0.0,0.0,0.0,0.0,0.0,0.0,0.0,1.0,0.0,0.0,0.0,0.0,0.0,0.0,0.0,0.0,0.0,0.0,0.0,0.0,0.0,0.0,0.0,1.0,12.0
13456.0,12305.0,1151.0,0.0,0.0,723.823547,76.73333,64256.0,31872.0,1.354272,1721542656.0,1.354272,0.0,1.354272,1.354272,1.354272,62.0,64.0,0.168293,0.00051,0.167783,32.0,17.0,15.0,0.0,0.0,0.0,0.0,0.0,-0.0,74767.84375,68417.570312,6350.275391,0.0,0.0,22.890528,11.814466,10.337657,0.0,0.0,0.0,0.0,0.0,0.0,0.0,0.0,0.0,0.0,0.0,0.0,0.0,0.0,0.0,1.0,0.0,0.0,0.0,0.0,0.0,0.0,0.0,0.0,0.0,0.0,0.0,0.0,0.0,0.0,0.0,0.0,12.0
13816.0,12665.0,1151.0,0.0,0.0,745.0,76.73333,64256.0,31872.0,1.357637,1721542656.0,1.357637,0.0,1.357637,1.357637,1.357637,62.0,64.0,0.169007,0.001504,0.167503,32.0,17.0,15.0,0.0,0.0,0.0,0.0,0.0,-0.0,76574.21875,70239.6875,6334.535645,0.0,0.0,22.83379,11.785182,10.312035,0.0,0.0,0.0,0.0,0.0,0.0,0.0,0.0,0.0,0.0,0.0,0.0,0.0,0.0,0.0,1.0,0.0,0.0,0.0,0.0,0.0,0.0,0.0,0.0,0.0,0.0,0.0,0.0,0.0,0.0,0.0,0.0,12.0
544.0,140.0,404.0,0.0,0.0,70.0,101.0,64256.0,31872.0,2.547207,1721542656.0,2.547207,0.0,2.547207,2.547207,2.547207,62.0,64.0,0.27848,0.001749,0.276731,6.0,2.0,4.0,0.0,0.0,2.0,0.0,2.0,-0.0,1171.479126,219.848633,951.630493,25.0,0.0,1.962934,0.392587,1.17776,0.0,1.0,0.0,0.0,0.0,0.0,0.0,0.0,0.0,0.0,0.0,0.0,0.0,0.0,0.0,0.0,0.0,0.0,0.0,0.0,0.0,0.0,0.0,1.0,0.0,0.0,0.0,0.0,0.0,0.0,0.0,0.0,12.0
14244.0,13035.0,1209.0,0.0,0.0,766.764709,75.5625,64256.0,31872.0,4.501335,1721542656.0,4.501335,0.0,4.501335,4.501335,4.501335,62.0,64.0,0.27848,0.001749,0.276731,33.0,17.0,16.0,0.0,0.0,0.0,0.0,0.0,-0.0,23820.488281,21805.085938,2015.401978,0.0,0.0,7.109002,3.554501,3.332345,0.0,0.0,0.0,0.0,1.0,0.0,0.0,0.0,0.0,0.0,0.0,1.0,0.0,0.0,0.0,0.0,0.0,0.0,0.0,0.0,0.0,0.0,0.0,0.0,0.0,0.0,0.0,0.0,0.0,0.0,0.0,1.0,12.0
14904.0,13613.0,1291.0,0.0,0.0,680.650024,75.941177,64256.0,31872.0,3.917909,1721542656.0,3.917909,0.0,3.917909,3.917909,3.917909,62.0,64.0,0.167772,0.001008,0.166764,37.0,20.0,17.0,0.0,0.0,1.0,0.0,1.0,-0.0,28890.921875,26407.964844,2482.957275,2.631579,0.0,9.188575,4.849526,4.083811,0.0,1.0,0.0,0.0,0.0,0.0,0.0,0.0,0.0,0.0,0.0,0.0,0.0,0.0,0.0,1.0,0.0,0.0,0.0,0.0,0.0,0.0,0.0,0.0,0.0,0.0,0.0,0.0,0.0,0.0,0.0,1.0,12.0
15684.0,13919.0,1765.0,0.0,0.0,732.578918,76.739128,64256.0,31872.0,3.564217,1721542656.0,3.564217,0.0,3.564217,3.564217,3.564217,62.0,64.0,0.292934,0.000817,0.292117,42.0,19.0,23.0,0.0,0.0,2.0,0.0,2.0,-0.0,33389.660156,29598.646484,3791.014893,4.545455,0.0,11.503227,5.050198,6.172463,0.0,1.0,0.0,0.0,0.0,0.0,0.0,0.0,0.0,0.0,0.0,0.0,0.0,0.0,0.0,1.0,0.0,0.0,0.0,0.0,0.0,0.0,0.0,0.0,0.0,0.0,0.0,0.0,0.0,0.0,0.0,1.0,12.0
16954.0,15585.0,1369.0,0.0,0.0,865.833313,76.055557,64256.0,31872.0,2.899869,1721542656.0,2.899869,0.0,2.899869,2.899869,2.899869,62.0,64.0,0.308388,0.0005,0.307888,36.0,18.0,18.0,0.0,0.0,1.0,0.0,1.0,-0.0,44175.789062,40608.730469,3567.057617,2.702703,0.0,12.06951,5.862334,5.862334,0.0,1.0,0.0,0.0,0.0,0.0,0.0,0.0,0.0,0.0,0.0,0.0,0.0,0.0,0.0,1.0,0.0,0.0,0.0,0.0,0.0,0.0,0.0,0.0,0.0,0.0,0.0,0.0,0.0,0.0,0.0,1.0,12.0
16124.0,14687.0,1437.0,0.0,0.0,773.0,79.833336,64256.0,31872.0,2.484249,1721542656.0,2.484249,0.0,2.484249,2.484249,2.484249,62.0,64.0,0.154547,0.000992,0.153555,37.0,19.0,18.0,0.0,0.0,2.0,0.0,2.0,-0.0,49180.253906,44807.101562,4373.152344,5.128205,0.0,14.491301,7.24565,6.843114,0.0,1.0,0.0,0.0,0.0,0.0,0.0,0.0,0.0,0.0,0.0,0.0,0.0,0.0,0.0,1.0,0.0,0.0,0.0,0.0,0.0,0.0,0.0,0.0,0.0,0.0,0.0,0.0,0.0,0.0,0.0,0.0,12.0
18032.0,16597.0,1435.0,0.0,0.0,829.849976,75.526314,64256.0,31872.0,4.916221,1721542656.0,4.916221,0.0,4.916221,4.916221,4.916221,62.0,64.0,0.148289,0.000496,0.147793,39.0,20.0,19.0,0.0,0.0,1.0,0.0,1.0,-0.0,27871.814453,25658.732422,2213.081787,2.5,0.0,7.729514,3.864757,3.661349,0.0,1.0,0.0,0.0,0.0,0.0,0.0,0.0,0.0,0.0,0.0,0.0,0.0,0.0,0.0,1.0,0.0,0.0,0.0,0.0,0.0,0.0,0.0,0.0,0.0,0.0,0.0,0.0,0.0,0.0,0.0,1.0,12.0
18380.0,16717.0,1663.0,0.0,0.0,796.047607,75.590912,64256.0,31872.0,3.56061,1721542656.0,3.56061,0.0,3.56061,3.56061,3.56061,62.0,64.0,0.215721,0.000496,0.215225,43.0,21.0,22.0,0.0,0.0,5.0,0.0,5.0,-0.0,39339.324219,35771.398438,3567.927979,10.416667,0.0,11.795732,5.617015,5.897866,0.0,1.0,0.0,0.0,0.0,0.0,0.0,0.0,0.0,0.0,0.0,0.0,0.0,0.0,0.0,1.0,0.0,0.0,0.0,0.0,0.0,0.0,0.0,0.0,0.0,0.0,0.0,0.0,0.0,0.0,0.0,1.0,12.0
17464.0,16099.0,1365.0,0.0,0.0,731.772705,75.833336,64256.0,31872.0,3.809352,1721542656.0,3.809352,0.0,3.809352,3.809352,3.809352,62.0,64.0,0.18526,0.0,0.18526,40.0,22.0,18.0,0.0,0.0,3.0,1.0,2.0,-0.0,34983.378906,32274.255859,2709.122314,6.976744,0.0,10.237962,5.512749,4.462701,1.0,0.0,0.0,0.0,0.0,0.0,0.0,0.0,0.0,0.0,0.0,0.0,0.0,0.0,0.0,1.0,0.0,0.0,0.0,0.0,0.0,0.0,0.0,0.0,0.0,0.0,0.0,0.0,0.0,0.0,0.0,0.0,12.0
12620.0,11231.0,1389.0,0.0,0.0,748.733337,81.705879,64256.0,31872.0,4.999837,1721542656.0,4.999837,0.0,4.999837,4.999837,4.999837,62.0,64.0,0.322334,0.000514,0.32182,32.0,15.0,17.0,0.0,0.0,3.0,0.0,3.0,-0.0,18866.214844,16773.347656,2092.868164,8.571429,0.0,6.200202,2.800091,3.200104,0.0,1.0,0.0,0.0,0.0,0.0,0.0,0.0,0.0,0.0,0.0,0.0,0.0,0.0,0.0,0.0,0.0,0.0,0.0,0.0,0.0,0.0,0.0,0.0,0.0,1.0,0.0,0.0,0.0,0.0,0.0,1.0,12.0
5833.0,5214.0,619.0,0.0,0.0,869.0,68.777779,64256.0,31872.0,1.525031,1721542656.0,1.525031,0.0,1.525031,1.525031,1.525031,62.0,64.0,0.322334,0.000514,0.32182,15.0,6.0,9.0,0.0,0.0,1.0,0.0,1.0,-0.0,25683.412109,22792.980469,2890.433105,6.25,0.0,9.180141,3.278622,5.245795,0.0,1.0,0.0,0.0,1.0,0.0,0.0,0.0,0.0,0.0,0.0,1.0,0.0,0.0,0.0,0.0,0.0,0.0,0.0,0.0,0.0,0.0,0.0,0.0,0.0,0.0,0.0,0.0,0.0,0.0,0.0,1.0,12.0
544.0,140.0,404.0,0.0,0.0,70.0,101.0,64256.0,31872.0,2.391594,1721542656.0,2.391594,0.0,2.391594,2.391594,2.391594,62.0,64.0,0.185536,0.0,0.185536,6.0,2.0,4.0,0.0,0.0,2.0,0.0,2.0,-0.0,1247.703491,234.153458,1013.549988,25.0,0.0,2.090656,0.418131,1.254394,0.0,1.0,0.0,0.0,0.0,0.0,0.0,0.0,0.0,0.0,0.0,0.0,0.0,0.0,0.0,0.0,0.0,0.0,0.0,0.0,0.0,0.0,0.0,1.0,0.0,0.0,0.0,0.0,0.0,0.0,0.0,0.0,12.0
5517.0,4963.0,554.0,0.0,0.0,620.375,79.14286,64256.0,31872.0,3.96717,1721542656.0,3.96717,0.0,3.96717,3.96717,3.96717,62.0,64.0,0.185536,0.0,0.185536,15.0,8.0,7.0,0.0,0.0,0.0,0.0,0.0,-0.0,9715.742188,8757.879883,957.861633,0.0,0.0,3.528964,1.764482,1.512413,0.0,0.0,0.0,0.0,1.0,0.0,0.0,0.0,0.0,0.0,0.0,0.0,0.0,0.0,0.0,0.0,0.0,0.0,1.0,0.0,0.0,0.0,0.0,0.0,0.0,0.0,0.0,0.0,0.0,0.0,0.0,0.0,12.0
1592.0,1514.0,78.0,0.0,0.0,1514.0,78.0,64256.0,31872.0,0.000496,1721542656.0,0.000496,0.0,0.000496,0.000496,0.000496,62.0,64.0,0.185536,0.0,0.185536,2.0,1.0,1.0,0.0,0.0,0.0,0.0,0.0,-0.0,0.0,0.0,0.0,0.0,0.0,2016.129028,0.0,0.0,0.0,0.0,0.0,0.0,1.0,1.0,0.0,0.0,0.0,0.0,0.0,0.0,0.0,0.0,0.0,0.0,0.0,0.0,0.0,0.0,0.0,0.0,0.0,0.0,0.0,0.0,0.0,0.0,0.0,0.0,0.0,1.0,12.0
1592.0,1514.0,78.0,0.0,0.0,1514.0,78.0,64256.0,31872.0,0.00109,1721542656.0,0.00109,0.0,0.00109,0.00109,0.00109,62.0,64.0,0.185536,0.0,0.185536,2.0,1.0,1.0,0.0,0.0,0.0,0.0,0.0,-0.0,0.0,0.0,0.0,0.0,0.0,917.431152,0.0,0.0,0.0,0.0,0.0,0.0,1.0,1.0,0.0,0.0,0.0,0.0,0.0,0.0,0.0,0.0,0.0,0.0,0.0,0.0,0.0,0.0,0.0,0.0,0.0,0.0,0.0,0.0,0.0,0.0,0.0,0.0,0.0,1.0,12.0
13917.0,13204.0,713.0,0.0,0.0,1200.363647,71.300003,64256.0,31872.0,0.314741,1721542656.0,0.314741,0.0,0.314741,0.314741,0.314741,62.0,64.0,0.185536,0.0,0.185536,21.0,11.0,10.0,0.0,0.0,4.0,4.0,0.0,-0.0,321432.5625,305114.375,16318.179688,16.0,0.0,63.544315,31.772158,28.594942,0.0,0.0,0.0,1.0,1.0,0.0,0.0,0.0,0.0,0.0,0.0,1.0,0.0,0.0,0.0,0.0,0.0,0.0,0.0,0.0,0.0,0.0,0.0,0.0,0.0,0.0,0.0,0.0,0.0,0.0,0.0,1.0,12.0
18436.0,17219.0,1217.0,0.0,0.0,860.950012,76.0625,64256.0,31872.0,1.576763,1721542656.0,1.576763,0.0,1.576763,1.576763,1.576763,62.0,64.0,0.169467,0.001483,0.167984,36.0,20.0,16.0,0.0,0.0,0.0,0.0,0.0,-0.0,88789.5,83000.421875,5789.075195,0.0,0.0,22.197374,12.050003,9.513161,0.0,0.0,0.0,0.0,0.0,0.0,0.0,0.0,0.0,0.0,0.0,0.0,0.0,0.0,0.0,1.0,0.0,0.0,0.0,0.0,0.0,0.0,0.0,0.0,0.0,0.0,0.0,0.0,0.0,0.0,0.0,0.0,12.0
19649.0,17789.0,1860.0,0.0,0.0,808.590881,74.400002,64256.0,31872.0,2.053488,1721542656.0,2.053488,0.0,2.053488,2.053488,2.053488,62.0,64.0,0.167471,0.000504,0.166967,47.0,22.0,25.0,0.0,0.0,1.0,0.0,1.0,-0.0,73112.671875,66154.757812,6957.91748,2.083333,0.0,22.400909,10.226502,11.687431,0.0,1.0,0.0,0.0,0.0,0.0,0.0,0.0,0.0,0.0,0.0,0.0,0.0,0.0,0.0,1.0,0.0,0.0,0.0,0.0,0.0,0.0,0.0,0.0,0.0,0.0,0.0,0.0,0.0,0.0,0.0,1.0,12.0
19636.0,18287.0,1349.0,0.0,0.0,795.086975,74.944443,64256.0,31872.0,2.065213,1721542656.0,2.065213,0.0,2.065213,2.065213,2.065213,62.0,64.0,0.184664,0.002228,0.182436,41.0,23.0,18.0,0.0,0.0,0.0,0.0,0.0,-0.0,72697.585938,67758.632812,4938.958008,0.0,0.0,19.368464,10.652655,8.231597,0.0,0.0,0.0,0.0,0.0,0.0,0.0,0.0,0.0,0.0,0.0,0.0,0.0,0.0,0.0,1.0,0.0,0.0,0.0,0.0,0.0,0.0,0.0,0.0,0.0,0.0,0.0,0.0,0.0,0.0,0.0,0.0,12.0
19882.0,18599.0,1283.0,0.0,0.0,885.666687,75.470589,64256.0,31872.0,0.552889,1721542656.0,0.552889,0.0,0.552889,0.552889,0.552889,62.0,64.0,0.060808,0.0,0.060808,38.0,21.0,17.0,0.0,0.0,0.0,0.0,0.0,-0.0,273790.9375,256311.84375,17479.095703,0.0,0.0,66.921211,36.173626,28.938902,0.0,0.0,0.0,0.0,0.0,0.0,0.0,0.0,0.0,0.0,0.0,0.0,0.0,0.0,0.0,1.0,0.0,0.0,0.0,0.0,0.0,0.0,0.0,0.0,0.0,0.0,0.0,0.0,0.0,0.0,0.0,0.0,12.0
21187.0,19187.0,2000.0,0.0,0.0,834.217407,74.074074,64256.0,31872.0,1.755557,1721542656.0,1.755557,0.0,1.755557,1.755557,1.755557,62.0,64.0,0.062385,0.00051,0.061875,50.0,23.0,27.0,0.0,0.0,2.0,0.0,2.0,-0.0,92410.5625,83633.859375,8776.702148,3.846154,0.0,27.911371,12.531635,14.810115,0.0,1.0,0.0,0.0,0.0,0.0,0.0,0.0,0.0,0.0,0.0,0.0,0.0,0.0,0.0,1.0,0.0,0.0,0.0,0.0,0.0,0.0,0.0,0.0,0.0,0.0,0.0,0.0,0.0,0.0,0.0,1.0,12.0
20986.0,19571.0,1415.0,0.0,0.0,889.590881,74.473686,64256.0,31872.0,0.61867,1721542656.0,0.61867,0.0,0.61867,0.61867,0.61867,62.0,64.0,0.062182,0.00049,0.061692,41.0,22.0,19.0,0.0,0.0,0.0,0.0,0.0,-0.0,258916.71875,241576.296875,17340.423828,0.0,0.0,64.654823,33.943783,29.094671,0.0,0.0,0.0,0.0,0.0,0.0,0.0,0.0,0.0,0.0,0.0,0.0,0.0,0.0,0.0,1.0,0.0,0.0,0.0,0.0,0.0,0.0,0.0,0.0,0.0,0.0,0.0,0.0,0.0,0.0,0.0,0.0,12.0
21316.0,20033.0,1283.0,0.0,0.0,910.590881,75.470589,64256.0,31872.0,1.528859,1721542656.0,1.528859,0.0,1.528859,1.528859,1.528859,62.0,64.0,0.184316,0.001064,0.183252,39.0,22.0,17.0,0.0,0.0,0.0,0.0,0.0,-0.0,106385.21875,100064.164062,6321.053711,0.0,0.0,24.855137,13.735733,10.465321,0.0,0.0,0.0,0.0,0.0,0.0,0.0,0.0,0.0,0.0,0.0,0.0,0.0,0.0,0.0,1.0,0.0,0.0,0.0,0.0,0.0,0.0,0.0,0.0,0.0,0.0,0.0,0.0,0.0,0.0,0.0,0.0,12.0
22048.0,20633.0,1415.0,0.0,0.0,859.708313,74.473686,64256.0,31872.0,1.974708,1721542656.0,1.974708,0.0,1.974708,1.974708,1.974708,62.0,64.0,0.169187,0.000992,0.168195,43.0,24.0,19.0,0.0,0.0,0.0,0.0,0.0,-0.0,85541.765625,80109.0625,5432.702148,0.0,0.0,21.268969,11.647292,9.115272,0.0,0.0,0.0,0.0,0.0,0.0,0.0,0.0,0.0,0.0,0.0,0.0,0.0,0.0,0.0,1.0,0.0,0.0,0.0,0.0,0.0,0.0,0.0,0.0,0.0,0.0,0.0,0.0,0.0,0.0,0.0,0.0,12.0
22825.0,21257.0,1568.0,0.0,0.0,817.576904,74.666664,64256.0,31872.0,2.144755,1721542656.0,2.144755,0.0,2.144755,2.144755,2.144755,62.0,64.0,0.153268,0.000983,0.152285,47.0,26.0,21.0,0.0,0.0,2.0,0.0,2.0,-0.0,81814.476562,76241.8125,5572.664551,4.081633,0.0,21.447672,11.656343,9.325075,0.0,1.0,0.0,0.0,0.0,0.0,0.0,0.0,0.0,0.0,0.0,0.0,0.0,0.0,0.0,1.0,0.0,0.0,0.0,0.0,0.0,0.0,0.0,0.0,0.0,0.0,0.0,0.0,0.0,0.0,0.0,1.0,12.0
22870.0,21521.0,1349.0,0.0,0.0,935.695679,74.944443,64256.0,31872.0,0.991935,1721542656.0,0.991935,0.0,0.991935,0.991935,0.991935,62.0,64.0,0.061663,0.001223,0.06044,41.0,23.0,18.0,0.0,0.0,0.0,0.0,0.0,-0.0,176309.9375,166027.0,10282.931641,0.0,0.0,40.325222,22.178873,17.13822,0.0,0.0,0.0,0.0,0.0,0.0,0.0,0.0,0.0,0.0,0.0,0.0,0.0,0.0,0.0,1.0,0.0,0.0,0.0,0.0,0.0,0.0,0.0,0.0,0.0,0.0,0.0,0.0,0.0,0.0,0.0,0.0,12.0
23686.0,22205.0,1481.0,0.0,0.0,854.038452,74.050003,64256.0,31872.0,4.718941,1721542656.0,4.718941,0.0,4.718941,4.718941,4.718941,62.0,64.0,0.293682,0.000999,0.292683,46.0,26.0,20.0,0.0,0.0,0.0,0.0,0.0,-0.0,38581.535156,36196.253906,2385.280762,0.0,0.0,9.536037,5.297799,4.026327,0.0,0.0,0.0,0.0,0.0,0.0,0.0,0.0,0.0,0.0,0.0,0.0,0.0,0.0,0.0,1.0,0.0,0.0,0.0,0.0,0.0,0.0,0.0,0.0,0.0,0.0,0.0,0.0,0.0,0.0,0.0,0.0,12.0
15123.0,14187.0,936.0,0.0,0.0,886.6875,78.0,64256.0,31872.0,1.704367,1721542656.0,1.704367,0.0,1.704367,1.704367,1.704367,62.0,64.0,0.276176,0.000572,0.275604,28.0,16.0,12.0,0.0,0.0,0.0,0.0,0.0,-0.0,66459.859375,62432.5625,4027.301514,0.0,0.0,15.841659,8.800921,6.454009,0.0,0.0,0.0,0.0,0.0,0.0,0.0,0.0,0.0,0.0,0.0,0.0,0.0,0.0,0.0,0.0,0.0,0.0,0.0,0.0,0.0,0.0,0.0,0.0,0.0,1.0,0.0,0.0,0.0,0.0,0.0,0.0,12.0
132.0,66.0,66.0,0.0,0.0,66.0,66.0,64256.0,31872.0,0.0,1721542656.0,0.0,0.0,0.0,0.0,0.0,62.0,64.0,0.293682,0.000999,0.292683,2.0,1.0,1.0,0.0,0.0,0.0,0.0,0.0,-0.0,0.0,0.0,0.0,0.0,0.0,0.0,0.0,0.0,0.0,0.0,0.0,0.0,1.0,0.0,0.0,0.0,1.0,0.0,0.0,0.0,0.0,0.0,0.0,0.0,0.0,0.0,0.0,0.0,0.0,0.0,0.0,0.0,0.0,0.0,0.0,0.0,0.0,0.0,0.0,0.0,12.0
1580.0,1514.0,66.0,0.0,0.0,1514.0,66.0,64256.0,31872.0,0.000671,1721542656.0,0.000671,0.0,0.000671,0.000671,0.000671,62.0,64.0,0.276176,0.000572,0.275604,2.0,1.0,1.0,0.0,0.0,0.0,0.0,0.0,-0.0,0.0,0.0,0.0,0.0,0.0,1490.312988,0.0,0.0,0.0,0.0,0.0,0.0,1.0,1.0,0.0,0.0,0.0,0.0,0.0,0.0,0.0,0.0,0.0,0.0,0.0,0.0,0.0,0.0,0.0,0.0,0.0,0.0,0.0,0.0,0.0,0.0,0.0,0.0,0.0,0.0,12.0
9067.0,8378.0,689.0,0.0,0.0,1047.25,68.900002,64256.0,31872.0,0.247535,1721542656.0,0.247535,0.0,0.247535,0.247535,0.247535,62.0,64.0,0.276176,0.000572,0.275604,18.0,8.0,10.0,0.0,0.0,0.0,0.0,0.0,-0.0,256998.0,236928.109375,20069.888672,0.0,0.0,68.677155,28.27883,36.358494,0.0,0.0,0.0,0.0,1.0,0.0,0.0,0.0,0.0,0.0,0.0,1.0,0.0,0.0,0.0,0.0,0.0,0.0,0.0,0.0,0.0,0.0,0.0,0.0,0.0,0.0,0.0,0.0,0.0,0.0,0.0,1.0,12.0
24412.0,23063.0,1349.0,0.0,0.0,960.958313,74.944443,64256.0,31872.0,0.524285,1721542656.0,0.524285,0.0,0.524285,0.524285,0.524285,62.0,64.0,0.046343,0.000502,0.045841,42.0,24.0,18.0,0.0,0.0,0.0,0.0,0.0,-0.0,356722.0,337266.9375,19455.066406,0.0,0.0,78.201736,43.869267,32.42511,0.0,0.0,0.0,0.0,0.0,0.0,0.0,0.0,0.0,0.0,0.0,0.0,0.0,0.0,0.0,1.0,0.0,0.0,0.0,0.0,0.0,0.0,0.0,0.0,0.0,0.0,0.0,0.0,0.0,0.0,0.0,0.0,12.0
25021.0,23595.0,1426.0,0.0,0.0,983.125,75.052635,64256.0,31872.0,3.703877,1721542656.0,3.703877,0.0,3.703877,3.703877,3.703877,62.0,64.0,0.231295,0.001768,0.229527,43.0,24.0,19.0,0.0,0.0,2.0,0.0,2.0,-0.0,51757.660156,48839.636719,2918.023438,4.444444,0.0,11.33947,6.20971,4.859773,0.0,1.0,0.0,0.0,0.0,0.0,0.0,0.0,0.0,0.0,0.0,0.0,0.0,0.0,0.0,0.0,0.0,0.0,0.0,0.0,0.0,0.0,0.0,0.0,0.0,1.0,0.0,0.0,0.0,0.0,0.0,1.0,12.0
2217.0,1718.0,499.0,0.0,0.0,429.5,71.285713,64256.0,31872.0,3.025654,1721542656.0,3.025654,0.0,3.025654,3.025654,3.025654,62.0,64.0,0.231295,0.001768,0.229527,11.0,4.0,7.0,0.0,0.0,1.0,0.0,1.0,-0.0,4539.844727,3408.188721,1131.656128,8.333333,0.0,3.30507,0.991521,1.983042,0.0,1.0,0.0,0.0,1.0,0.0,0.0,0.0,0.0,0.0,0.0,1.0,0.0,0.0,0.0,0.0,0.0,0.0,0.0,0.0,0.0,0.0,0.0,0.0,0.0,0.0,0.0,0.0,0.0,0.0,0.0,1.0,12.0
25668.0,24143.0,1525.0,0.0,0.0,965.719971,76.25,64256.0,31872.0,2.970337,1721542656.0,2.970337,0.0,2.970337,2.970337,2.970337,62.0,64.0,0.215423,0.000985,0.214438,45.0,25.0,20.0,0.0,0.0,1.0,0.0,1.0,-0.0,66327.828125,62425.242188,3902.587646,2.173913,0.0,14.813134,8.079891,6.396581,0.0,1.0,0.0,0.0,0.0,0.0,0.0,0.0,0.0,0.0,0.0,0.0,0.0,0.0,0.0,1.0,0.0,0.0,0.0,0.0,0.0,0.0,0.0,0.0,0.0,0.0,0.0,0.0,0.0,0.0,0.0,0.0,12.0
26266.0,24659.0,1607.0,0.0,0.0,986.359985,76.523811,64256.0,31872.0,1.931277,1721542656.0,1.931277,0.0,1.931277,1.931277,1.931277,62.0,64.0,0.169116,0.001517,0.167599,46.0,25.0,21.0,0.0,0.0,2.0,2.0,0.0,-0.0,104403.460938,98061.539062,6341.91748,4.166667,0.0,23.300644,12.427011,10.355842,0.0,0.0,0.0,1.0,0.0,0.0,0.0,0.0,0.0,0.0,0.0,0.0,0.0,0.0,0.0,1.0,0.0,0.0,0.0,0.0,0.0,0.0,0.0,0.0,0.0,0.0,0.0,0.0,0.0,0.0,0.0,1.0,12.0
30332.0,28275.0,2057.0,0.0,0.0,1009.821411,73.464287,64256.0,31872.0,4.963615,1721542656.0,4.963615,0.0,4.963615,4.963615,4.963615,62.0,64.0,0.169595,0.000487,0.169108,56.0,28.0,28.0,0.0,0.0,3.0,0.0,3.0,-0.0,47143.0625,43945.390625,3197.669434,5.084746,0.0,11.080634,5.439584,5.439584,0.0,1.0,0.0,0.0,0.0,0.0,0.0,0.0,0.0,0.0,0.0,0.0,0.0,0.0,0.0,1.0,0.0,0.0,0.0,0.0,0.0,0.0,0.0,0.0,0.0,0.0,0.0,0.0,0.0,0.0,0.0,1.0,12.0
30712.0,28869.0,1843.0,0.0,0.0,995.482788,73.720001,64256.0,31872.0,3.713286,1721542656.0,3.713286,0.0,3.713286,3.713286,3.713286,62.0,64.0,0.16966,0.001855,0.167805,54.0,29.0,25.0,0.0,0.0,1.0,0.0,1.0,-0.0,63865.804688,60052.472656,3813.334229,1.818182,0.0,14.273072,7.540491,6.463278,0.0,1.0,0.0,0.0,0.0,0.0,0.0,0.0,0.0,0.0,0.0,0.0,0.0,0.0,0.0,1.0,0.0,0.0,0.0,0.0,0.0,0.0,0.0,0.0,0.0,0.0,0.0,0.0,0.0,0.0,0.0,1.0,12.0
27724.0,26309.0,1415.0,0.0,0.0,1011.884644,74.473686,64256.0,31872.0,2.637226,1721542656.0,2.637226,0.0,2.637226,2.637226,2.637226,62.0,64.0,0.261221,0.000544,0.260677,45.0,26.0,19.0,0.0,0.0,0.0,0.0,0.0,-0.0,80809.148438,76741.242188,4067.910645,0.0,0.0,16.684196,9.479657,6.825353,0.0,0.0,0.0,0.0,0.0,0.0,0.0,0.0,0.0,0.0,0.0,0.0,0.0,0.0,0.0,1.0,0.0,0.0,0.0,0.0,0.0,0.0,0.0,0.0,0.0,0.0,0.0,0.0,0.0,0.0,0.0,0.0,12.0
16962.0,15775.0,1187.0,0.0,0.0,876.388916,79.133331,64256.0,31872.0,4.995687,1721542656.0,4.995687,0.0,4.995687,4.995687,4.995687,62.0,64.0,0.244856,0.037487,0.207369,33.0,18.0,15.0,0.0,0.0,4.0,1.0,3.0,-0.0,25633.310547,23858.980469,1774.330566,10.810811,0.0,6.405525,3.402935,2.802417,1.0,0.0,0.0,0.0,0.0,0.0,0.0,0.0,0.0,0.0,0.0,0.0,0.0,0.0,0.0,0.0,0.0,0.0,0.0,0.0,0.0,0.0,0.0,0.0,0.0,1.0,0.0,0.0,0.0,0.0,0.0,0.0,12.0
11759.0,11214.0,545.0,0.0,0.0,1121.400024,68.125,64256.0,31872.0,0.527456,1721542656.0,0.527456,0.0,0.527456,0.527456,0.527456,62.0,64.0,0.244856,0.037487,0.207369,18.0,10.0,8.0,0.0,0.0,0.0,0.0,0.0,-0.0,160316.6875,153081.96875,7234.727051,0.0,0.0,32.230179,17.063036,13.27125,0.0,0.0,0.0,0.0,1.0,0.0,0.0,0.0,0.0,0.0,0.0,1.0,0.0,0.0,0.0,0.0,0.0,0.0,0.0,0.0,0.0,0.0,0.0,0.0,0.0,0.0,0.0,0.0,0.0,0.0,0.0,0.0,12.0
1323.0,590.0,733.0,0.0,0.0,84.285713,81.444443,64256.0,31872.0,3.107345,1721542656.0,3.107345,0.0,3.107345,3.107345,3.107345,62.0,64.0,0.367675,0.002975,0.3647,16.0,7.0,9.0,0.0,0.0,2.0,0.0,2.0,-0.0,2981.323242,1302.719849,1678.603394,11.111111,0.0,4.827272,1.930909,2.574545,0.0,1.0,0.0,0.0,0.0,0.0,0.0,0.0,0.0,0.0,0.0,0.0,0.0,0.0,0.0,0.0,0.0,0.0,0.0,0.0,0.0,0.0,0.0,0.0,0.0,1.0,0.0,0.0,0.0,0.0,0.0,1.0,12.0
28563.0,27071.0,1492.0,0.0,0.0,1230.5,71.047623,64256.0,31872.0,1.549064,1721542656.0,1.549064,0.0,1.549064,1.549064,1.549064,62.0,64.0,0.367675,0.002975,0.3647,43.0,22.0,21.0,0.0,0.0,1.0,1.0,0.0,-0.0,140792.109375,133453.484375,7338.625,2.272727,0.0,27.113146,13.556573,12.911022,0.0,0.0,0.0,1.0,1.0,0.0,0.0,0.0,0.0,0.0,0.0,1.0,0.0,0.0,0.0,0.0,0.0,0.0,0.0,0.0,0.0,0.0,0.0,0.0,0.0,0.0,0.0,0.0,0.0,0.0,0.0,1.0,12.0
29560.0,28079.0,1481.0,0.0,0.0,1002.821411,74.050003,64256.0,31872.0,0.679837,1721542656.0,0.679837,0.0,0.679837,0.679837,0.679837,62.0,64.0,0.081532,0.003025,0.078507,48.0,28.0,20.0,0.0,0.0,0.0,0.0,0.0,-0.0,335186.21875,318629.3125,16556.910156,0.0,0.0,69.134216,39.715405,27.947876,0.0,0.0,0.0,0.0,0.0,0.0,0.0,0.0,0.0,0.0,0.0,0.0,0.0,0.0,0.0,1.0,0.0,0.0,0.0,0.0,0.0,0.0,0.0,0.0,0.0,0.0,0.0,0.0,0.0,0.0,0.0,0.0,12.0
1403.0,604.0,799.0,0.0,0.0,75.5,79.900002,64256.0,31872.0,4.958147,1721542656.0,4.958147,0.0,4.958147,4.958147,4.958147,62.0,64.0,0.183562,0.020569,0.162993,18.0,8.0,10.0,0.0,0.0,7.0,2.0,5.0,-0.0,2015.269043,853.544678,1161.724365,28.0,0.0,3.4287,1.411818,1.815194,1.0,0.0,0.0,0.0,0.0,0.0,0.0,0.0,0.0,0.0,0.0,0.0,0.0,0.0,0.0,0.0,0.0,0.0,0.0,0.0,0.0,0.0,0.0,0.0,0.0,1.0,0.0,0.0,0.0,0.0,0.0,0.0,12.0
326.0,100.0,226.0,0.0,0.0,100.0,75.333336,64256.0,31872.0,4.484281,1721542656.0,4.484281,0.0,4.484281,4.484281,4.484281,62.0,64.0,0.183562,0.020569,0.162993,4.0,1.0,3.0,0.0,0.0,1.0,0.0,1.0,-0.0,269.385437,0.0,269.385437,20.0,0.0,0.669004,0.0,0.446002,0.0,1.0,0.0,0.0,1.0,0.0,0.0,0.0,0.0,0.0,0.0,0.0,0.0,0.0,0.0,0.0,0.0,0.0,1.0,0.0,0.0,0.0,0.0,0.0,0.0,0.0,0.0,0.0,0.0,0.0,0.0,1.0,12.0
11453.0,10769.0,684.0,0.0,0.0,1196.555542,76.0,64256.0,31872.0,1.619916,1721542656.0,1.619916,0.0,1.619916,1.619916,1.619916,62.0,64.0,0.183562,0.020569,0.162993,18.0,9.0,9.0,0.0,0.0,1.0,0.0,1.0,-0.0,50279.152344,47276.527344,3002.625,5.263158,0.0,10.494371,4.938528,4.938528,0.0,1.0,0.0,0.0,1.0,0.0,0.0,0.0,0.0,0.0,0.0,0.0,0.0,0.0,0.0,0.0,0.0,0.0,1.0,0.0,0.0,0.0,0.0,0.0,0.0,0.0,0.0,0.0,0.0,0.0,0.0,1.0,12.0
18501.0,17478.0,1023.0,0.0,0.0,1248.428589,68.199997,64256.0,31872.0,3.876175,1721542656.0,3.876175,0.0,3.876175,3.876175,3.876175,62.0,64.0,0.183562,0.020569,0.162993,29.0,14.0,15.0,0.0,0.0,2.0,0.0,2.0,-0.0,35467.957031,33496.941406,1971.015259,6.451613,0.0,7.223616,3.353822,3.611808,0.0,1.0,0.0,0.0,1.0,0.0,0.0,0.0,0.0,0.0,0.0,1.0,0.0,0.0,0.0,0.0,0.0,0.0,0.0,0.0,0.0,0.0,0.0,0.0,0.0,0.0,0.0,0.0,0.0,0.0,0.0,1.0,12.0
32216.0,30451.0,1765.0,0.0,0.0,1050.034424,73.541664,64256.0,31872.0,3.845875,1721542656.0,3.845875,0.0,3.845875,3.845875,3.845875,62.0,64.0,0.358584,0.042491,0.316093,53.0,29.0,24.0,0.0,0.0,1.0,0.0,1.0,-0.0,64678.128906,61158.511719,3519.615234,1.851852,0.0,13.52098,7.280528,5.980433,0.0,1.0,0.0,0.0,0.0,0.0,0.0,0.0,0.0,0.0,0.0,0.0,0.0,0.0,0.0,1.0,0.0,0.0,0.0,0.0,0.0,0.0,0.0,0.0,0.0,0.0,0.0,0.0,0.0,0.0,0.0,1.0,12.0
31643.0,29911.0,1732.0,0.0,0.0,997.033325,75.304344,64256.0,31872.0,4.809184,1721542656.0,4.809184,0.0,4.809184,4.809184,4.809184,62.0,64.0,0.207643,0.067552,0.140091,53.0,30.0,23.0,0.0,0.0,4.0,1.0,3.0,-0.0,50854.363281,48097.972656,2756.392822,7.017544,0.0,10.812645,6.030129,4.574581,1.0,0.0,0.0,0.0,0.0,0.0,0.0,0.0,0.0,0.0,0.0,0.0,0.0,0.0,0.0,1.0,0.0,0.0,0.0,0.0,0.0,0.0,0.0,0.0,0.0,0.0,0.0,0.0,0.0,0.0,0.0,0.0,12.0
31960.0,30413.0,1547.0,0.0,0.0,1048.724121,73.666664,64256.0,31872.0,0.650882,1721542656.0,0.650882,0.0,0.650882,0.650882,0.650882,62.0,64.0,0.047303,0.000994,0.046309,50.0,29.0,21.0,0.0,0.0,0.0,0.0,0.0,-0.0,379042.59375,360925.625,18116.955078,0.0,0.0,75.282463,43.018551,30.727535,0.0,0.0,0.0,0.0,0.0,0.0,0.0,0.0,0.0,0.0,0.0,0.0,0.0,0.0,0.0,1.0,0.0,0.0,0.0,0.0,0.0,0.0,0.0,0.0,0.0,0.0,0.0,0.0,0.0,0.0,0.0,0.0,12.0
804.0,288.0,516.0,0.0,0.0,72.0,86.0,64256.0,31872.0,4.581821,1721542656.0,4.581821,0.0,4.581821,4.581821,4.581821,62.0,64.0,0.356586,0.006018,0.350568,10.0,4.0,6.0,0.0,0.0,6.0,2.0,4.0,-0.0,1127.935791,377.142639,750.793213,37.5,0.0,1.964285,0.654761,1.091269,1.0,0.0,0.0,0.0,0.0,0.0,0.0,0.0,0.0,0.0,0.0,0.0,0.0,0.0,0.0,0.0,0.0,0.0,0.0,0.0,0.0,0.0,0.0,1.0,0.0,0.0,0.0,0.0,0.0,0.0,0.0,0.0,12.0
32504.0,30921.0,1583.0,0.0,0.0,1104.321411,75.380951,64256.0,31872.0,3.572575,1721542656.0,3.572575,0.0,3.572575,3.572575,3.572575,62.0,64.0,0.356586,0.006018,0.350568,49.0,28.0,21.0,0.0,0.0,1.0,0.0,1.0,-0.0,70145.484375,66768.648438,3376.835938,2.0,0.0,13.435687,7.557574,5.598203,0.0,1.0,0.0,0.0,1.0,0.0,0.0,0.0,0.0,0.0,0.0,1.0,0.0,0.0,0.0,0.0,0.0,0.0,0.0,0.0,0.0,0.0,0.0,0.0,0.0,0.0,0.0,0.0,0.0,0.0,0.0,0.0,12.0
33196.0,31649.0,1547.0,0.0,0.0,1054.966675,73.666664,64256.0,31872.0,0.67356,1721542656.0,0.67356,0.0,0.67356,0.67356,0.67356,62.0,64.0,0.061037,0.00149,0.059547,51.0,30.0,21.0,0.0,0.0,0.0,0.0,0.0,-0.0,380889.625,363382.625,17506.976562,0.0,0.0,74.232437,43.054813,29.692974,0.0,0.0,0.0,0.0,0.0,0.0,0.0,0.0,0.0,0.0,0.0,0.0,0.0,0.0,0.0,1.0,0.0,0.0,0.0,0.0,0.0,0.0,0.0,0.0,0.0,0.0,0.0,0.0,0.0,0.0,0.0,0.0,12.0
33790.0,32243.0,1547.0,0.0,0.0,1074.766724,73.666664,64256.0,31872.0,0.471832,1721542656.0,0.471832,0.0,0.471832,0.471832,0.471832,62.0,64.0,0.047853,0.000496,0.047357,51.0,30.0,21.0,0.0,0.0,0.0,0.0,0.0,-0.0,553468.1875,528476.25,24991.945312,0.0,0.0,105.969917,61.462555,42.387966,0.0,0.0,0.0,0.0,0.0,0.0,0.0,0.0,0.0,0.0,0.0,0.0,0.0,0.0,0.0,1.0,0.0,0.0,0.0,0.0,0.0,0.0,0.0,0.0,0.0,0.0,0.0,0.0,0.0,0.0,0.0,0.0,12.0
518.0,222.0,296.0,0.0,0.0,74.0,74.0,8222720.0,4077568.0,3.084322,1721542656.0,3.084322,0.0,3.084322,3.084322,3.084322,62.0,64.0,0.009557,0.009557,0.0,7.0,3.0,4.0,0.0,0.0,5.0,2.0,3.0,-0.0,959.692261,383.876923,575.815369,41.666667,0.0,1.945322,0.648441,0.972661,1.0,0.0,0.0,0.0,0.0,0.0,0.0,0.0,0.0,0.0,0.0,0.0,0.0,0.0,0.0,0.0,0.0,0.0,0.0,0.0,0.0,0.0,0.0,0.0,0.0,0.0,0.0,1.0,0.0,0.0,0.0,0.0,12.0
222.0,74.0,148.0,0.0,0.0,74.0,74.0,8222720.0,4077568.0,2.070471,1721542656.0,2.070471,0.0,2.070471,2.070471,2.070471,62.0,64.0,0.009557,0.009557,0.0,3.0,1.0,2.0,0.0,0.0,3.0,1.0,2.0,-0.0,285.925262,0.0,285.925262,50.0,0.0,0.965964,0.0,0.482982,1.0,0.0,0.0,0.0,1.0,0.0,0.0,0.0,0.0,0.0,0.0,0.0,0.0,0.0,0.0,0.0,0.0,0.0,0.0,0.0,0.0,0.0,0.0,0.0,0.0,0.0,0.0,1.0,0.0,0.0,0.0,0.0,12.0
34632.0,32697.0,1935.0,0.0,0.0,1167.75,77.400002,64256.0,31872.0,4.671368,1721542656.0,4.671368,0.0,4.671368,4.671368,4.671368,62.0,64.0,0.228342,0.009557,0.218785,53.0,28.0,25.0,0.0,0.0,5.0,0.0,5.0,-0.0,57178.964844,53997.027344,3181.937256,8.62069,0.0,11.131642,5.779891,5.137681,0.0,1.0,0.0,0.0,1.0,0.0,0.0,0.0,0.0,0.0,0.0,0.0,0.0,0.0,0.0,0.0,0.0,0.0,0.0,1.0,0.0,0.0,0.0,0.0,0.0,0.0,0.0,0.0,0.0,0.0,0.0,0.0,12.0
345.0,138.0,207.0,0.0,0.0,69.0,69.0,64256.0,31872.0,0.309921,1721542656.0,0.309921,0.0,0.309921,0.309921,0.309921,62.0,64.0,0.228342,0.009557,0.218785,5.0,2.0,3.0,0.0,0.0,0.0,0.0,0.0,-0.0,5343.297363,1781.099121,3562.198242,0.0,0.0,12.906515,3.226629,6.453258,0.0,0.0,0.0,0.0,1.0,0.0,0.0,0.0,0.0,0.0,0.0,1.0,0.0,0.0,0.0,0.0,0.0,0.0,0.0,0.0,0.0,0.0,0.0,0.0,0.0,0.0,0.0,0.0,0.0,0.0,0.0,0.0,12.0
2923.0,1673.0,1250.0,0.0,0.0,104.5625,83.333336,64256.0,31872.0,4.610201,1721542656.0,4.610201,0.0,4.610201,4.610201,4.610201,62.0,64.0,0.092921,0.011228,0.081693,31.0,16.0,15.0,0.0,0.0,4.0,0.0,4.0,-0.0,4747.732422,2722.657959,2025.074463,11.428571,0.0,6.507308,3.253654,3.036744,0.0,1.0,0.0,0.0,0.0,0.0,0.0,0.0,0.0,0.0,0.0,0.0,0.0,0.0,0.0,1.0,0.0,0.0,0.0,0.0,0.0,0.0,0.0,0.0,0.0,0.0,0.0,0.0,0.0,0.0,0.0,1.0,13.0
2404.0,1319.0,1085.0,0.0,0.0,119.909088,77.5,64256.0,31872.0,0.863914,1721542656.0,0.863914,0.0,0.863914,0.863914,0.863914,62.0,64.0,0.045958,0.001727,0.044231,25.0,11.0,14.0,0.0,0.0,0.0,0.0,0.0,-0.0,20446.478516,11112.216797,9334.262695,0.0,0.0,27.780542,11.575226,15.047794,0.0,0.0,0.0,0.0,0.0,0.0,0.0,0.0,0.0,0.0,0.0,0.0,0.0,0.0,0.0,1.0,0.0,0.0,0.0,0.0,0.0,0.0,0.0,0.0,0.0,0.0,0.0,0.0,0.0,0.0,0.0,1.0,13.0
893.0,390.0,503.0,0.0,0.0,78.0,83.833336,64256.0,31872.0,2.427089,1721542656.0,2.427089,0.0,2.427089,2.427089,2.427089,62.0,64.0,0.35782,0.003846,0.353974,11.0,5.0,6.0,0.0,0.0,1.0,0.0,1.0,-0.0,2412.766846,1028.392456,1384.374512,8.333333,0.0,4.120162,1.648065,2.060081,0.0,1.0,0.0,0.0,0.0,0.0,0.0,0.0,0.0,0.0,0.0,0.0,0.0,0.0,0.0,0.0,0.0,0.0,0.0,0.0,0.0,0.0,0.0,0.0,0.0,1.0,0.0,0.0,0.0,0.0,0.0,0.0,13.0
152.0,78.0,74.0,0.0,0.0,78.0,74.0,64256.0,31872.0,0.0,1721542656.0,0.0,0.0,0.0,0.0,0.0,62.0,64.0,0.35782,0.003846,0.353974,2.0,1.0,1.0,0.0,0.0,0.0,0.0,0.0,-0.0,0.0,0.0,0.0,0.0,0.0,0.0,0.0,0.0,0.0,0.0,0.0,0.0,1.0,0.0,0.0,1.0,0.0,0.0,0.0,0.0,0.0,0.0,0.0,0.0,0.0,0.0,0.0,0.0,0.0,0.0,0.0,0.0,0.0,0.0,0.0,0.0,0.0,0.0,0.0,1.0,13.0
1405.0,947.0,458.0,0.0,0.0,157.833328,76.333336,64256.0,31872.0,3.870909,1721542656.0,3.870909,0.0,3.870909,3.870909,3.870909,62.0,64.0,0.35782,0.003846,0.353974,12.0,6.0,6.0,0.0,0.0,0.0,0.0,0.0,-0.0,2422.170166,1632.691406,789.478638,0.0,0.0,2.84171,1.291686,1.291686,0.0,0.0,0.0,0.0,1.0,0.0,0.0,0.0,0.0,0.0,0.0,0.0,0.0,0.0,0.0,0.0,0.0,1.0,0.0,0.0,0.0,0.0,0.0,0.0,0.0,0.0,0.0,0.0,0.0,0.0,0.0,1.0,13.0
132.0,66.0,66.0,0.0,0.0,66.0,66.0,64256.0,31872.0,0.03317,1721542656.0,0.03317,0.0,0.03317,0.03317,0.03317,62.0,64.0,0.35782,0.003846,0.353974,2.0,1.0,1.0,0.0,0.0,0.0,0.0,0.0,-0.0,0.0,0.0,0.0,0.0,0.0,30.147724,0.0,0.0,0.0,0.0,0.0,0.0,1.0,0.0,0.0,0.0,1.0,0.0,0.0,0.0,0.0,0.0,0.0,0.0,0.0,0.0,0.0,0.0,0.0,0.0,0.0,0.0,0.0,0.0,0.0,0.0,0.0,0.0,0.0,1.0,13.0
2170.0,1283.0,887.0,0.0,0.0,128.300003,80.63636,64256.0,31872.0,0.496392,1721542656.0,0.496392,0.0,0.496392,0.496392,0.496392,62.0,64.0,0.061894,0.000993,0.060901,21.0,10.0,11.0,0.0,0.0,0.0,0.0,0.0,-0.0,31620.169922,18614.320312,13005.849609,0.0,0.0,40.290737,18.130831,20.145369,0.0,0.0,0.0,0.0,0.0,0.0,0.0,0.0,0.0,0.0,0.0,0.0,0.0,0.0,0.0,1.0,0.0,0.0,0.0,0.0,0.0,0.0,0.0,0.0,0.0,0.0,0.0,0.0,0.0,0.0,0.0,0.0,13.0
2688.0,1481.0,1207.0,0.0,0.0,123.416664,86.214287,64256.0,31872.0,4.863669,1721542656.0,4.863669,0.0,4.863669,4.863669,4.863669,62.0,64.0,0.184814,0.008441,0.176373,26.0,12.0,14.0,0.0,0.0,3.0,0.0,3.0,-0.0,4077.580078,2233.70459,1843.875488,10.344828,0.0,5.140152,2.261667,2.672879,0.0,1.0,0.0,0.0,0.0,0.0,0.0,0.0,0.0,0.0,0.0,0.0,0.0,0.0,0.0,0.0,0.0,0.0,0.0,0.0,0.0,0.0,0.0,0.0,1.0,0.0,0.0,0.0,0.0,0.0,0.0,1.0,13.0
132.0,66.0,66.0,0.0,0.0,66.0,66.0,64256.0,31872.0,0.001977,1721542656.0,0.001977,0.0,0.001977,0.001977,0.001977,62.0,64.0,0.184814,0.008441,0.176373,2.0,1.0,1.0,0.0,0.0,0.0,0.0,0.0,-0.0,0.0,0.0,0.0,0.0,0.0,505.816925,0.0,0.0,0.0,0.0,0.0,0.0,1.0,0.0,0.0,0.0,1.0,0.0,0.0,0.0,0.0,0.0,0.0,0.0,0.0,0.0,0.0,0.0,0.0,0.0,0.0,0.0,0.0,0.0,0.0,0.0,0.0,0.0,0.0,1.0,13.0
586.0,218.0,368.0,0.0,0.0,72.666664,92.0,64256.0,31872.0,4.130424,1721542656.0,4.130424,0.0,4.130424,4.130424,4.130424,62.0,64.0,0.267829,0.001001,0.266828,7.0,3.0,4.0,0.0,0.0,2.0,0.0,2.0,-0.0,817.349487,282.779694,534.569824,22.222222,0.0,1.452635,0.484212,0.726318,0.0,1.0,0.0,0.0,0.0,0.0,0.0,0.0,0.0,0.0,0.0,0.0,0.0,0.0,0.0,0.0,0.0,0.0,0.0,0.0,0.0,0.0,0.0,1.0,0.0,0.0,0.0,0.0,0.0,0.0,0.0,1.0,13.0
1912.0,1209.0,703.0,0.0,0.0,151.125,78.111115,64256.0,31872.0,0.43598,1721542656.0,0.43598,0.0,0.43598,0.43598,0.43598,62.0,64.0,0.267829,0.001001,0.266828,17.0,8.0,9.0,0.0,0.0,0.0,0.0,0.0,-0.0,30882.150391,19413.734375,11468.416016,0.0,0.0,36.698933,16.055782,18.349466,0.0,0.0,0.0,0.0,1.0,0.0,0.0,0.0,0.0,0.0,0.0,1.0,0.0,0.0,0.0,0.0,0.0,0.0,0.0,0.0,0.0,0.0,0.0,0.0,0.0,0.0,0.0,0.0,0.0,0.0,0.0,1.0,13.0
508.0,140.0,368.0,0.0,0.0,70.0,92.0,64256.0,31872.0,4.117026,1721542656.0,4.117026,0.0,4.117026,4.117026,4.117026,62.0,64.0,0.200944,0.007166,0.193778,6.0,2.0,4.0,0.0,0.0,2.0,0.0,2.0,-0.0,672.330017,136.020523,536.309509,25.0,0.0,1.214469,0.242894,0.728681,0.0,1.0,0.0,0.0,0.0,0.0,0.0,0.0,0.0,0.0,0.0,0.0,0.0,0.0,0.0,0.0,0.0,0.0,0.0,0.0,0.0,0.0,0.0,1.0,0.0,0.0,0.0,0.0,0.0,0.0,0.0,0.0,13.0
2086.0,1251.0,835.0,0.0,0.0,156.375,75.909088,64256.0,31872.0,0.506805,1721542656.0,0.506805,0.0,0.506805,0.506805,0.506805,62.0,64.0,0.200944,0.007166,0.193778,19.0,8.0,11.0,0.0,0.0,0.0,0.0,0.0,-0.0,29281.478516,17284.753906,11996.724609,0.0,0.0,35.516617,13.812018,19.731455,0.0,0.0,0.0,0.0,1.0,0.0,0.0,0.0,0.0,0.0,0.0,1.0,0.0,0.0,0.0,0.0,0.0,0.0,0.0,0.0,0.0,0.0,0.0,0.0,0.0,0.0,0.0,0.0,0.0,0.0,0.0,0.0,13.0
2688.0,1661.0,1027.0,0.0,0.0,127.769234,79.0,64256.0,31872.0,1.624143,1721542656.0,1.624143,0.0,1.624143,1.624143,1.624143,62.0,64.0,0.047642,0.002076,0.045566,26.0,13.0,13.0,0.0,0.0,1.0,0.0,1.0,-0.0,12225.524414,7555.984863,4669.539551,3.703704,0.0,15.392734,7.388512,7.388512,0.0,1.0,0.0,0.0,0.0,0.0,0.0,0.0,0.0,0.0,0.0,0.0,0.0,0.0,0.0,1.0,0.0,0.0,0.0,0.0,0.0,0.0,0.0,0.0,0.0,0.0,0.0,0.0,0.0,0.0,0.0,1.0,13.0
2512.0,1493.0,1019.0,0.0,0.0,149.300003,78.384613,64256.0,31872.0,0.53966,1721542656.0,0.53966,0.0,0.53966,0.53966,0.53966,62.0,64.0,0.060994,0.000994,0.06,23.0,10.0,13.0,0.0,0.0,0.0,0.0,0.0,-0.0,33873.179688,19923.65625,13949.524414,0.0,0.0,40.766411,16.677168,22.236223,0.0,0.0,0.0,0.0,0.0,0.0,0.0,0.0,0.0,0.0,0.0,0.0,0.0,0.0,0.0,1.0,0.0,0.0,0.0,0.0,0.0,0.0,0.0,0.0,0.0,0.0,0.0,0.0,0.0,0.0,0.0,0.0,13.0
2831.0,1775.0,1056.0,0.0,0.0,136.538467,81.230766,64256.0,31872.0,2.276593,1721542656.0,2.276593,0.0,2.276593,2.276593,2.276593,62.0,64.0,0.045923,0.001,0.044923,26.0,13.0,13.0,0.0,0.0,1.0,0.0,1.0,-0.0,9185.65625,5759.483887,3426.172363,3.703704,0.0,10.981321,5.271034,5.271034,0.0,1.0,0.0,0.0,0.0,0.0,0.0,0.0,0.0,0.0,0.0,0.0,0.0,0.0,0.0,1.0,0.0,0.0,0.0,0.0,0.0,0.0,0.0,0.0,0.0,0.0,0.0,0.0,0.0,0.0,0.0,1.0,13.0
2638.0,1619.0,1019.0,0.0,0.0,161.899994,78.384613,64256.0,31872.0,0.639014,1721542656.0,0.639014,0.0,0.639014,0.639014,0.639014,62.0,64.0,0.03213,0.001704,0.030426,23.0,10.0,13.0,0.0,0.0,0.0,0.0,0.0,-0.0,30033.771484,18253.121094,11780.649414,0.0,0.0,34.42804,14.084198,18.778931,0.0,0.0,0.0,0.0,0.0,0.0,0.0,0.0,0.0,0.0,0.0,0.0,0.0,0.0,0.0,1.0,0.0,0.0,0.0,0.0,0.0,0.0,0.0,0.0,0.0,0.0,0.0,0.0,0.0,0.0,0.0,0.0,13.0
1218.0,567.0,651.0,0.0,0.0,81.0,81.375,64256.0,31872.0,2.223844,1721542656.0,2.223844,0.0,2.223844,2.223844,2.223844,62.0,64.0,0.229297,0.003467,0.22583,15.0,7.0,8.0,0.0,0.0,2.0,0.0,2.0,-0.0,3798.827637,1748.323975,2050.503418,11.764706,0.0,6.295405,2.698031,3.147703,0.0,1.0,0.0,0.0,0.0,0.0,0.0,0.0,0.0,0.0,0.0,0.0,0.0,0.0,0.0,0.0,0.0,0.0,0.0,0.0,0.0,0.0,0.0,0.0,0.0,1.0,0.0,0.0,0.0,0.0,0.0,1.0,13.0
1784.0,1268.0,516.0,0.0,0.0,253.600006,73.714287,64256.0,31872.0,0.232898,1721542656.0,0.232898,0.0,0.232898,0.232898,0.232898,62.0,64.0,0.229297,0.003467,0.22583,12.0,5.0,7.0,0.0,0.0,0.0,0.0,0.0,-0.0,50082.011719,34865.046875,15216.961914,0.0,0.0,47.230976,17.1749,25.762352,0.0,0.0,0.0,0.0,1.0,0.0,0.0,0.0,0.0,0.0,0.0,1.0,0.0,0.0,0.0,0.0,0.0,0.0,0.0,0.0,0.0,0.0,0.0,0.0,0.0,0.0,0.0,0.0,0.0,0.0,0.0,1.0,13.0
793.0,290.0,503.0,0.0,0.0,72.5,83.833336,64256.0,31872.0,3.563461,1721542656.0,3.563461,0.0,3.563461,3.563461,3.563461,62.0,64.0,0.228554,0.003668,0.224886,10.0,4.0,6.0,0.0,0.0,2.0,0.0,2.0,-0.0,1432.315308,489.411835,942.903503,16.666667,0.0,2.525635,0.841878,1.40313,0.0,1.0,0.0,0.0,0.0,0.0,0.0,0.0,0.0,0.0,0.0,0.0,0.0,0.0,0.0,0.0,0.0,0.0,0.0,0.0,0.0,0.0,0.0,0.0,0.0,1.0,0.0,0.0,0.0,0.0,0.0,0.0,13.0
2011.0,1479.0,532.0,0.0,0.0,246.5,76.0,64256.0,31872.0,2.525844,1721542656.0,2.525844,0.0,2.525844,2.525844,2.525844,62.0,64.0,0.228554,0.003668,0.224886,13.0,6.0,7.0,0.0,0.0,0.0,0.0,0.0,-0.0,5349.499023,3905.229248,1444.269653,0.0,0.0,4.750887,1.979536,2.375443,0.0,0.0,0.0,0.0,1.0,0.0,0.0,0.0,0.0,0.0,0.0,1.0,0.0,0.0,0.0,0.0,0.0,0.0,0.0,0.0,0.0,0.0,0.0,0.0,0.0,0.0,0.0,0.0,0.0,0.0,0.0,0.0,13.0
2872.0,1853.0,1019.0,0.0,0.0,185.300003,78.384613,64256.0,31872.0,0.451157,1721542656.0,0.451157,0.0,0.451157,0.451157,0.451157,62.0,64.0,0.045538,0.000576,0.044962,23.0,10.0,13.0,0.0,0.0,0.0,0.0,0.0,-0.0,46263.273438,29577.287109,16685.986328,0.0,0.0,48.763512,19.948709,26.59828,0.0,0.0,0.0,0.0,0.0,0.0,0.0,0.0,0.0,0.0,0.0,0.0,0.0,0.0,0.0,1.0,0.0,0.0,0.0,0.0,0.0,0.0,0.0,0.0,0.0,0.0,0.0,0.0,0.0,0.0,0.0,0.0,13.0
2962.0,1943.0,1019.0,0.0,0.0,194.300003,78.384613,64256.0,31872.0,0.553078,1721542656.0,0.553078,0.0,0.553078,0.553078,0.553078,62.0,64.0,0.045046,0.000955,0.044091,23.0,10.0,13.0,0.0,0.0,0.0,0.0,0.0,-0.0,38909.519531,25298.421875,13611.100586,0.0,0.0,39.777393,16.27257,21.696758,0.0,0.0,0.0,0.0,0.0,0.0,0.0,0.0,0.0,0.0,0.0,0.0,0.0,0.0,0.0,1.0,0.0,0.0,0.0,0.0,0.0,0.0,0.0,0.0,0.0,0.0,0.0,0.0,0.0,0.0,0.0,0.0,13.0
3288.0,2261.0,1027.0,0.0,0.0,173.92308,79.0,64256.0,31872.0,2.108875,1721542656.0,2.108875,0.0,2.108875,2.108875,2.108875,62.0,64.0,0.045896,0.001554,0.044342,26.0,13.0,13.0,0.0,0.0,1.0,0.0,1.0,-0.0,11517.041016,7920.810547,3596.230225,3.703704,0.0,11.854662,5.690238,5.690238,0.0,1.0,0.0,0.0,0.0,0.0,0.0,0.0,0.0,0.0,0.0,0.0,0.0,0.0,0.0,1.0,0.0,0.0,0.0,0.0,0.0,0.0,0.0,0.0,0.0,0.0,0.0,0.0,0.0,0.0,0.0,1.0,13.0
1181.0,468.0,713.0,0.0,0.0,78.0,89.125,64256.0,31872.0,4.920185,1721542656.0,4.920185,0.0,4.920185,4.920185,4.920185,62.0,64.0,0.26273,0.006073,0.256657,14.0,6.0,8.0,0.0,0.0,3.0,0.0,3.0,-0.0,1648.718506,634.122498,1014.595947,17.647059,0.0,2.642177,1.016222,1.422711,0.0,1.0,0.0,0.0,0.0,0.0,0.0,0.0,0.0,0.0,0.0,0.0,0.0,0.0,0.0,0.0,0.0,0.0,0.0,0.0,0.0,0.0,0.0,0.0,0.0,1.0,0.0,0.0,0.0,0.0,0.0,1.0,13.0
2407.0,1817.0,590.0,0.0,0.0,302.833344,73.75,64256.0,31872.0,0.291691,1721542656.0,0.291691,0.0,0.291691,0.291691,0.291691,62.0,64.0,0.26273,0.006073,0.256657,14.0,6.0,8.0,0.0,0.0,0.0,0.0,0.0,-0.0,55730.210938,41550.820312,14179.388672,0.0,0.0,44.567711,17.141426,23.997997,0.0,0.0,0.0,0.0,1.0,0.0,0.0,0.0,0.0,0.0,0.0,1.0,0.0,0.0,0.0,0.0,0.0,0.0,0.0,0.0,0.0,0.0,0.0,0.0,0.0,0.0,0.0,0.0,0.0,0.0,0.0,1.0,13.0
3268.0,2315.0,953.0,0.0,0.0,210.454544,79.416664,64256.0,31872.0,0.583964,1721542656.0,0.583964,0.0,0.583964,0.583964,0.583964,62.0,64.0,0.028254,0.000991,0.027263,23.0,11.0,12.0,0.0,0.0,0.0,0.0,0.0,-0.0,40810.734375,28837.394531,11973.34082,0.0,0.0,37.673557,17.124344,18.836779,0.0,0.0,0.0,0.0,0.0,0.0,0.0,0.0,0.0,0.0,0.0,0.0,0.0,0.0,0.0,1.0,0.0,0.0,0.0,0.0,0.0,0.0,0.0,0.0,0.0,0.0,0.0,0.0,0.0,0.0,0.0,0.0,13.0
3382.0,2429.0,953.0,0.0,0.0,220.818176,79.416664,64256.0,31872.0,0.525184,1721542656.0,0.525184,0.0,0.525184,0.525184,0.525184,62.0,64.0,0.031141,0.000996,0.030145,23.0,11.0,12.0,0.0,0.0,0.0,0.0,0.0,-0.0,46962.589844,33649.160156,13313.429688,0.0,0.0,41.890083,19.040947,20.945042,0.0,0.0,0.0,0.0,0.0,0.0,0.0,0.0,0.0,0.0,0.0,0.0,0.0,0.0,0.0,1.0,0.0,0.0,0.0,0.0,0.0,0.0,0.0,0.0,0.0,0.0,0.0,0.0,0.0,0.0,0.0,0.0,13.0
512.0,218.0,294.0,0.0,0.0,72.666664,98.0,64256.0,31872.0,1.08508,1721542656.0,1.08508,0.0,1.08508,1.08508,1.08508,62.0,64.0,0.201263,0.004569,0.196694,6.0,3.0,3.0,0.0,0.0,1.0,0.0,1.0,-0.0,2521.4729,1076.418335,1445.054688,14.285714,0.0,4.607955,1.843182,1.843182,0.0,1.0,0.0,0.0,0.0,0.0,0.0,0.0,0.0,0.0,0.0,0.0,0.0,0.0,0.0,0.0,0.0,0.0,0.0,0.0,0.0,0.0,0.0,1.0,0.0,0.0,0.0,0.0,0.0,0.0,0.0,1.0,13.0
717.0,250.0,467.0,0.0,0.0,83.333336,77.833336,64256.0,31872.0,4.022511,1721542656.0,4.022511,0.0,4.022511,4.022511,4.022511,62.0,64.0,0.201263,0.004569,0.196694,9.0,3.0,6.0,0.0,0.0,3.0,0.0,3.0,-0.0,1107.765747,332.130859,775.634949,25.0,0.0,1.988807,0.497202,1.243005,0.0,1.0,0.0,0.0,1.0,0.0,0.0,0.0,0.0,0.0,0.0,0.0,0.0,0.0,0.0,0.0,0.0,0.0,1.0,0.0,0.0,0.0,0.0,0.0,0.0,0.0,0.0,0.0,0.0,0.0,0.0,1.0,13.0
148.0,0.0,148.0,0.0,0.0,0.0,74.0,197300.1840419336,95686.87047841308,4.928464,1721542656.0,4.928464,0.0,4.928464,4.928464,4.928464,62.0,64.0,0.201263,0.004569,0.196694,2.0,0.0,2.0,0.0,0.0,0.0,0.0,1.0,-0.0,120.118561,0.0,120.118561,0.0,0.0,0.202903,0.0,0.202903,0.0,1.0,0.0,0.0,1.0,0.0,0.0,0.0,0.0,0.0,0.0,0.0,0.0,0.0,0.0,0.0,0.0,0.0,0.0,0.0,0.0,0.0,0.0,0.0,0.0,0.0,0.0,0.0,0.0,1.0,0.0,1.0,13.0
747.0,393.0,354.0,0.0,0.0,78.599998,88.5,64256.0,31872.0,2.702791,1721542656.0,2.702791,0.0,2.702791,2.702791,2.702791,62.0,64.0,0.201263,0.004569,0.196694,9.0,5.0,4.0,0.0,0.0,1.0,0.0,1.0,-0.0,1719.703857,932.369568,787.33429,10.0,0.0,2.959903,1.479952,1.109964,0.0,1.0,0.0,0.0,1.0,0.0,0.0,0.0,0.0,0.0,0.0,0.0,0.0,0.0,0.0,0.0,0.0,0.0,1.0,0.0,0.0,0.0,0.0,0.0,0.0,0.0,0.0,0.0,0.0,0.0,0.0,1.0,13.0
2467.0,2054.0,413.0,0.0,0.0,410.799988,68.833336,64256.0,31872.0,0.204983,1721542656.0,0.204983,0.0,0.204983,0.204983,0.204983,62.0,64.0,0.201263,0.004569,0.196694,11.0,5.0,6.0,0.0,0.0,0.0,0.0,0.0,-0.0,77625.953125,64161.417969,13464.53125,0.0,0.0,48.784534,19.513813,24.392267,0.0,0.0,0.0,0.0,1.0,0.0,0.0,0.0,0.0,0.0,0.0,1.0,0.0,0.0,0.0,0.0,0.0,0.0,0.0,0.0,0.0,0.0,0.0,0.0,0.0,0.0,0.0,0.0,0.0,0.0,0.0,1.0,13.0
3628.0,2675.0,953.0,0.0,0.0,243.181824,79.416664,64256.0,31872.0,0.572546,1721542656.0,0.572546,0.0,0.572546,0.572546,0.572546,62.0,64.0,0.060032,0.001087,0.058945,23.0,11.0,12.0,0.0,0.0,0.0,0.0,0.0,-0.0,46193.664062,33981.546875,12212.119141,0.0,0.0,38.424858,17.465845,19.212429,0.0,0.0,0.0,0.0,0.0,0.0,0.0,0.0,0.0,0.0,0.0,0.0,0.0,0.0,0.0,1.0,0.0,0.0,0.0,0.0,0.0,0.0,0.0,0.0,0.0,0.0,0.0,0.0,0.0,0.0,0.0,0.0,13.0
1188.0,501.0,687.0,0.0,0.0,83.5,85.875,64256.0,31872.0,4.102564,1721542656.0,4.102564,0.0,4.102564,4.102564,4.102564,62.0,64.0,0.188407,0.00396,0.184447,14.0,6.0,8.0,0.0,0.0,2.0,0.0,2.0,-0.0,1989.000122,815.100037,1173.900024,12.5,0.0,3.16875,1.21875,1.70625,0.0,1.0,0.0,0.0,0.0,0.0,0.0,0.0,0.0,0.0,0.0,0.0,0.0,0.0,0.0,0.0,0.0,0.0,0.0,0.0,0.0,0.0,0.0,0.0,0.0,1.0,0.0,0.0,0.0,0.0,0.0,1.0,13.0
3052.0,2528.0,524.0,0.0,0.0,316.0,74.85714,64256.0,31872.0,1.830813,1721542656.0,1.830813,0.0,1.830813,1.830813,1.830813,62.0,64.0,0.188407,0.00396,0.184447,15.0,8.0,7.0,0.0,0.0,1.0,0.0,1.0,-0.0,11631.990234,9665.651367,1966.339478,6.25,0.0,7.646876,3.823438,3.277232,0.0,1.0,0.0,0.0,1.0,0.0,0.0,0.0,0.0,0.0,0.0,1.0,0.0,0.0,0.0,0.0,0.0,0.0,0.0,0.0,0.0,0.0,0.0,0.0,0.0,0.0,0.0,0.0,0.0,0.0,0.0,1.0,13.0
4257.0,3089.0,1168.0,0.0,0.0,237.615387,77.866669,64256.0,31872.0,2.486519,1721542656.0,2.486519,0.0,2.486519,2.486519,2.486519,62.0,64.0,0.062798,0.000998,0.0618,28.0,13.0,15.0,0.0,0.0,3.0,0.0,3.0,-0.0,12686.007812,9175.879883,3510.12793,9.677419,0.0,10.858553,4.826024,5.630361,0.0,1.0,0.0,0.0,0.0,0.0,0.0,0.0,0.0,0.0,0.0,0.0,0.0,0.0,0.0,1.0,0.0,0.0,0.0,0.0,0.0,0.0,0.0,0.0,0.0,0.0,0.0,0.0,0.0,0.0,0.0,1.0,13.0
4116.0,3089.0,1027.0,0.0,0.0,280.818176,79.0,64256.0,31872.0,2.46484,1721542656.0,2.46484,0.0,2.46484,2.46484,2.46484,62.0,64.0,0.216636,0.011336,0.2053,24.0,11.0,13.0,0.0,0.0,1.0,0.0,1.0,-0.0,12193.896484,9117.022461,3076.873291,4.0,0.0,9.331235,4.057059,4.86847,0.0,1.0,0.0,0.0,0.0,0.0,0.0,0.0,0.0,0.0,0.0,0.0,0.0,0.0,0.0,1.0,0.0,0.0,0.0,0.0,0.0,0.0,0.0,0.0,0.0,0.0,0.0,0.0,0.0,0.0,0.0,0.0,13.0
4192.0,3239.0,953.0,0.0,0.0,294.454559,79.416664,64256.0,31872.0,0.43454,1721542656.0,0.43454,0.0,0.43454,0.43454,0.43454,62.0,64.0,0.045825,0.000505,0.04532,23.0,11.0,12.0,0.0,0.0,0.0,0.0,0.0,-0.0,70308.828125,54218.253906,16090.578125,0.0,0.0,50.62825,23.01284,25.314125,0.0,0.0,0.0,0.0,0.0,0.0,0.0,0.0,0.0,0.0,0.0,0.0,0.0,0.0,0.0,1.0,0.0,0.0,0.0,0.0,0.0,0.0,0.0,0.0,0.0,0.0,0.0,0.0,0.0,0.0,0.0,0.0,13.0
758.0,224.0,534.0,0.0,0.0,74.666664,89.0,64256.0,31872.0,4.941297,1721542656.0,4.941297,0.0,4.941297,4.941297,4.941297,62.0,64.0,0.220335,0.00348,0.216855,9.0,3.0,6.0,0.0,0.0,2.0,0.0,2.0,-0.0,963.309814,242.851212,720.458618,18.181818,0.0,1.619008,0.404752,1.01188,0.0,1.0,0.0,0.0,0.0,0.0,0.0,0.0,0.0,0.0,0.0,0.0,0.0,0.0,0.0,0.0,0.0,0.0,0.0,0.0,0.0,0.0,0.0,0.0,0.0,1.0,0.0,0.0,0.0,0.0,0.0,0.0,13.0
78.0,78.0,0.0,0.0,0.0,78.0,0.0,64256.0,95686.87047841308,0.0,1721542656.0,0.0,0.0,0.0,0.0,0.0,62.0,64.0,0.220335,0.00348,0.216855,1.0,1.0,0.0,0.0,0.0,0.0,0.0,0.0,-0.0,0.0,0.0,0.0,0.0,0.0,0.0,0.0,0.0,0.0,0.0,0.0,0.0,1.0,0.0,0.0,0.0,0.0,0.0,0.0,0.0,0.0,0.0,0.0,0.0,0.0,0.0,0.0,0.0,0.0,0.0,0.0,0.0,0.0,0.0,0.0,0.0,0.0,0.0,0.0,1.0,13.0
3769.0,3171.0,598.0,0.0,0.0,396.375,74.75,64256.0,31872.0,2.067736,1721542656.0,2.067736,0.0,2.067736,2.067736,2.067736,62.0,64.0,0.220335,0.00348,0.216855,16.0,8.0,8.0,0.0,0.0,0.0,0.0,0.0,-0.0,12763.71875,10736.380859,2027.338257,0.0,0.0,7.254311,3.385345,3.385345,0.0,0.0,0.0,0.0,1.0,0.0,0.0,0.0,0.0,0.0,0.0,1.0,0.0,0.0,0.0,0.0,0.0,0.0,0.0,0.0,0.0,0.0,0.0,0.0,0.0,0.0,0.0,0.0,0.0,0.0,0.0,1.0,13.0
4879.0,3707.0,1172.0,0.0,0.0,285.153839,78.133331,64256.0,31872.0,2.844612,1721542656.0,2.844612,0.0,2.844612,2.844612,2.844612,62.0,64.0,0.067898,0.001494,0.066404,28.0,13.0,15.0,0.0,0.0,2.0,0.0,2.0,-0.0,12700.501953,9623.808594,3076.693848,6.666667,0.0,9.491629,4.218502,4.921585,0.0,1.0,0.0,0.0,0.0,0.0,0.0,0.0,0.0,0.0,0.0,0.0,0.0,0.0,0.0,1.0,0.0,0.0,0.0,0.0,0.0,0.0,0.0,0.0,0.0,0.0,0.0,0.0,0.0,0.0,0.0,1.0,13.0
4678.0,3725.0,953.0,0.0,0.0,338.636353,79.416664,64256.0,31872.0,0.524938,1721542656.0,0.524938,0.0,0.524938,0.524938,0.524938,62.0,64.0,0.047583,0.002493,0.04509,23.0,11.0,12.0,0.0,0.0,0.0,0.0,0.0,-0.0,64937.195312,51617.527344,13319.668945,0.0,0.0,41.909714,19.04987,20.954857,0.0,0.0,0.0,0.0,0.0,0.0,0.0,0.0,0.0,0.0,0.0,0.0,0.0,0.0,0.0,1.0,0.0,0.0,0.0,0.0,0.0,0.0,0.0,0.0,0.0,0.0,0.0,0.0,0.0,0.0,0.0,0.0,13.0
5050.0,3965.0,1085.0,0.0,0.0,330.416656,77.5,64256.0,31872.0,0.551464,1721542656.0,0.551464,0.0,0.551464,0.551464,0.551464,62.0,64.0,0.057191,0.001026,0.056165,26.0,12.0,14.0,0.0,0.0,0.0,0.0,0.0,-0.0,67355.257812,52732.359375,14622.894531,0.0,0.0,45.333874,19.946905,23.573614,0.0,0.0,0.0,0.0,0.0,0.0,0.0,0.0,0.0,0.0,0.0,0.0,0.0,0.0,0.0,1.0,0.0,0.0,0.0,0.0,0.0,0.0,0.0,0.0,0.0,0.0,0.0,0.0,0.0,0.0,0.0,0.0,13.0
1241.0,561.0,680.0,0.0,0.0,80.14286,85.0,64256.0,31872.0,3.658956,1721542656.0,3.658956,0.0,3.658956,3.658956,3.658956,62.0,64.0,0.177275,0.002484,0.174791,15.0,7.0,8.0,0.0,0.0,1.0,0.0,1.0,-0.0,2352.583496,1051.666138,1300.91748,6.25,0.0,3.826228,1.639812,1.913114,0.0,1.0,0.0,0.0,0.0,0.0,0.0,0.0,0.0,0.0,0.0,0.0,0.0,0.0,0.0,0.0,0.0,0.0,0.0,0.0,0.0,0.0,0.0,0.0,0.0,1.0,0.0,0.0,0.0,0.0,0.0,0.0,13.0
3997.0,3584.0,413.0,0.0,0.0,716.799988,68.833336,64256.0,31872.0,0.587997,1721542656.0,0.587997,0.0,0.587997,0.587997,0.587997,62.0,64.0,0.177275,0.002484,0.174791,11.0,5.0,6.0,0.0,0.0,0.0,0.0,0.0,-0.0,43714.507812,39020.605469,4693.901367,0.0,0.0,17.006889,6.802755,8.503445,0.0,0.0,0.0,0.0,1.0,0.0,0.0,0.0,0.0,0.0,0.0,1.0,0.0,0.0,0.0,0.0,0.0,0.0,0.0,0.0,0.0,0.0,0.0,0.0,0.0,0.0,0.0,0.0,0.0,0.0,0.0,0.0,13.0
5416.0,4331.0,1085.0,0.0,0.0,360.916656,77.5,64256.0,31872.0,0.491431,1721542656.0,0.491431,0.0,0.491431,0.491431,0.491431,62.0,64.0,0.05961,0.0011,0.05851,26.0,12.0,14.0,0.0,0.0,0.0,0.0,0.0,-0.0,81053.085938,64643.867188,16409.220703,0.0,0.0,50.871841,22.38361,26.453358,0.0,0.0,0.0,0.0,0.0,0.0,0.0,0.0,0.0,0.0,0.0,0.0,0.0,0.0,0.0,1.0,0.0,0.0,0.0,0.0,0.0,0.0,0.0,0.0,0.0,0.0,0.0,0.0,0.0,0.0,0.0,0.0,13.0
828.0,368.0,460.0,0.0,0.0,73.599998,92.0,64256.0,31872.0,1.328036,1721542656.0,1.328036,0.0,1.328036,1.328036,1.328036,62.0,64.0,0.215003,0.003477,0.211526,10.0,5.0,5.0,0.0,0.0,1.0,0.0,1.0,-0.0,3993.867676,1777.060303,2216.807373,9.090909,0.0,6.776925,3.011967,3.011967,0.0,1.0,0.0,0.0,0.0,0.0,0.0,0.0,0.0,0.0,0.0,0.0,0.0,0.0,0.0,0.0,0.0,0.0,0.0,0.0,0.0,0.0,0.0,0.0,0.0,1.0,0.0,0.0,0.0,0.0,0.0,1.0,13.0
4897.0,4299.0,598.0,0.0,0.0,477.666656,74.75,64256.0,31872.0,1.46984,1721542656.0,1.46984,0.0,1.46984,1.46984,1.46984,62.0,64.0,0.215003,0.003477,0.211526,17.0,9.0,8.0,0.0,0.0,0.0,0.0,0.0,-0.0,23654.275391,20802.263672,2852.010986,0.0,0.0,10.885538,5.442769,4.762423,0.0,0.0,0.0,0.0,1.0,0.0,0.0,0.0,0.0,0.0,0.0,1.0,0.0,0.0,0.0,0.0,0.0,0.0,0.0,0.0,0.0,0.0,0.0,0.0,0.0,0.0,0.0,0.0,0.0,0.0,0.0,1.0,13.0
6190.0,4943.0,1247.0,0.0,0.0,329.533325,83.133331,64256.0,31872.0,4.845219,1721542656.0,4.845219,0.0,4.845219,4.845219,4.845219,62.0,64.0,0.234473,0.002068,0.232405,30.0,15.0,15.0,0.0,0.0,3.0,0.0,3.0,-0.0,9540.125977,7618.231445,1921.894531,9.090909,0.0,5.985281,2.889446,2.889446,0.0,1.0,0.0,0.0,0.0,0.0,0.0,0.0,0.0,0.0,0.0,0.0,0.0,0.0,0.0,1.0,0.0,0.0,0.0,0.0,0.0,0.0,0.0,0.0,0.0,0.0,0.0,0.0,0.0,0.0,0.0,1.0,13.0
6010.0,4925.0,1085.0,0.0,0.0,410.416656,77.5,64256.0,31872.0,0.571903,1721542656.0,0.571903,0.0,0.571903,0.571903,0.571903,62.0,64.0,0.046239,0.003972,0.042267,26.0,12.0,14.0,0.0,0.0,0.0,0.0,0.0,-0.0,77257.859375,63157.566406,14100.293945,0.0,0.0,43.713707,19.234032,22.731129,0.0,0.0,0.0,0.0,0.0,0.0,0.0,0.0,0.0,0.0,0.0,0.0,0.0,0.0,0.0,1.0,0.0,0.0,0.0,0.0,0.0,0.0,0.0,0.0,0.0,0.0,0.0,0.0,0.0,0.0,0.0,0.0,13.0
6220.0,5135.0,1085.0,0.0,0.0,427.916656,77.5,64256.0,31872.0,0.682388,1721542656.0,0.682388,0.0,0.682388,0.682388,0.682388,62.0,64.0,0.061392,0.000995,0.060397,26.0,12.0,14.0,0.0,0.0,0.0,0.0,0.0,-0.0,67011.726562,55194.40625,11817.324219,0.0,0.0,36.636047,16.119862,19.050745,0.0,0.0,0.0,0.0,0.0,0.0,0.0,0.0,0.0,0.0,0.0,0.0,0.0,0.0,0.0,1.0,0.0,0.0,0.0,0.0,0.0,0.0,0.0,0.0,0.0,0.0,0.0,0.0,0.0,0.0,0.0,0.0,13.0
1385.0,573.0,812.0,0.0,0.0,81.85714,90.222221,64256.0,31872.0,2.789057,1721542656.0,2.789057,0.0,2.789057,2.789057,2.789057,62.0,64.0,0.246591,0.018683,0.227908,16.0,7.0,9.0,0.0,0.0,2.0,0.0,2.0,-0.0,3482.18042,1411.229614,2070.950928,11.111111,0.0,5.378162,2.151265,2.868353,0.0,1.0,0.0,0.0,0.0,0.0,0.0,0.0,0.0,0.0,0.0,0.0,0.0,0.0,0.0,0.0,0.0,0.0,0.0,0.0,0.0,0.0,0.0,0.0,0.0,1.0,0.0,0.0,0.0,0.0,0.0,1.0,13.0
5689.0,5144.0,545.0,0.0,0.0,734.857117,68.125,64256.0,31872.0,0.267721,1721542656.0,0.267721,0.0,0.267721,0.267721,0.267721,62.0,64.0,0.246591,0.018683,0.227908,15.0,7.0,8.0,0.0,0.0,0.0,0.0,0.0,-0.0,146032.625,131778.984375,14253.644531,0.0,0.0,52.293247,22.41139,26.146624,0.0,0.0,0.0,0.0,1.0,0.0,0.0,0.0,0.0,0.0,0.0,1.0,0.0,0.0,0.0,0.0,0.0,0.0,0.0,0.0,0.0,0.0,0.0,0.0,0.0,0.0,0.0,0.0,0.0,0.0,0.0,1.0,13.0
390.0,206.0,184.0,0.0,0.0,68.666664,92.0,64256.0,31872.0,0.338117,1721542656.0,0.338117,0.0,0.338117,0.338117,0.338117,62.0,64.0,0.121925,0.014217,0.107708,5.0,3.0,2.0,0.0,0.0,0.0,0.0,0.0,-0.0,5441.90332,3265.141846,2176.76123,0.0,0.0,11.830224,5.915112,2.957556,0.0,0.0,0.0,0.0,0.0,0.0,0.0,0.0,0.0,0.0,0.0,0.0,0.0,0.0,0.0,0.0,0.0,0.0,0.0,0.0,0.0,0.0,0.0,1.0,0.0,0.0,0.0,0.0,0.0,0.0,0.0,0.0,13.0
1050.0,361.0,689.0,0.0,0.0,90.25,76.555557,64256.0,31872.0,3.430327,1721542656.0,3.430327,0.0,3.430327,3.430327,3.430327,62.0,64.0,0.121925,0.014217,0.107708,13.0,4.0,9.0,0.0,0.0,5.0,0.0,5.0,-0.0,2061.611084,632.009705,1429.601318,27.777778,0.0,3.498209,0.874552,2.332139,0.0,1.0,0.0,0.0,1.0,0.0,0.0,0.0,0.0,0.0,0.0,0.0,0.0,0.0,0.0,0.0,0.0,0.0,1.0,0.0,0.0,0.0,0.0,0.0,0.0,0.0,0.0,0.0,0.0,0.0,0.0,1.0,13.0
226.0,78.0,148.0,0.0,0.0,78.0,74.0,64256.0,31872.0,3.937089,1721542656.0,3.937089,0.0,3.937089,3.937089,3.937089,62.0,64.0,0.121925,0.014217,0.107708,3.0,1.0,2.0,0.0,0.0,1.0,0.0,1.0,-0.0,150.364899,0.0,150.364899,25.0,0.0,0.50799,0.0,0.253995,0.0,1.0,0.0,0.0,1.0,0.0,0.0,1.0,0.0,0.0,0.0,0.0,0.0,0.0,0.0,0.0,0.0,0.0,0.0,0.0,0.0,0.0,0.0,0.0,0.0,0.0,0.0,0.0,0.0,0.0,0.0,1.0,13.0
6104.0,5522.0,582.0,0.0,0.0,613.555542,72.75,64256.0,31872.0,1.308184,1721542656.0,1.308184,0.0,1.308184,1.308184,1.308184,62.0,64.0,0.121925,0.014217,0.107708,17.0,9.0,8.0,0.0,0.0,0.0,0.0,0.0,-0.0,33139.070312,30020.240234,3118.827148,0.0,0.0,12.230695,6.115347,5.350929,0.0,0.0,0.0,0.0,1.0,0.0,0.0,0.0,0.0,0.0,0.0,1.0,0.0,0.0,0.0,0.0,0.0,0.0,0.0,0.0,0.0,0.0,0.0,0.0,0.0,0.0,0.0,0.0,0.0,0.0,0.0,1.0,13.0
7308.0,6179.0,1129.0,0.0,0.0,441.357147,80.64286,64256.0,31872.0,2.545981,1721542656.0,2.545981,0.0,2.545981,2.545981,2.545981,62.0,64.0,0.201871,0.001478,0.200393,28.0,14.0,14.0,0.0,0.0,1.0,0.0,1.0,-0.0,21326.162109,18029.986328,3296.175537,3.448276,0.0,10.60495,5.106087,5.106087,0.0,1.0,0.0,0.0,0.0,0.0,0.0,0.0,0.0,0.0,0.0,0.0,0.0,0.0,0.0,1.0,0.0,0.0,0.0,0.0,0.0,0.0,0.0,0.0,0.0,0.0,0.0,0.0,0.0,0.0,0.0,1.0,13.0
7360.0,6341.0,1019.0,0.0,0.0,487.769226,78.384613,64256.0,31872.0,0.633017,1721542656.0,0.633017,0.0,0.633017,0.633017,0.633017,62.0,64.0,0.077827,0.000987,0.07684,26.0,13.0,13.0,0.0,0.0,0.0,0.0,0.0,-0.0,85874.476562,73982.21875,11892.255859,0.0,0.0,39.493408,18.956837,18.956837,0.0,0.0,0.0,0.0,0.0,0.0,0.0,0.0,0.0,0.0,0.0,0.0,0.0,0.0,0.0,1.0,0.0,0.0,0.0,0.0,0.0,0.0,0.0,0.0,0.0,0.0,0.0,0.0,0.0,0.0,0.0,0.0,13.0
7606.0,6587.0,1019.0,0.0,0.0,506.692322,78.384613,64256.0,31872.0,0.423326,1721542656.0,0.423326,0.0,0.423326,0.423326,0.423326,62.0,64.0,0.047438,0.000499,0.046939,26.0,13.0,13.0,0.0,0.0,0.0,0.0,0.0,-0.0,132701.515625,114918.53125,17782.986328,0.0,0.0,59.056145,28.346949,28.346949,0.0,0.0,0.0,0.0,0.0,0.0,0.0,0.0,0.0,0.0,0.0,0.0,0.0,0.0,0.0,1.0,0.0,0.0,0.0,0.0,0.0,0.0,0.0,0.0,0.0,0.0,0.0,0.0,0.0,0.0,0.0,0.0,13.0
1003.0,390.0,613.0,0.0,0.0,78.0,87.571426,64256.0,31872.0,4.855809,1721542656.0,4.855809,0.0,4.855809,4.855809,4.855809,62.0,64.0,0.229744,0.014989,0.214755,12.0,5.0,7.0,0.0,0.0,2.0,0.0,2.0,-0.0,1380.61438,514.023499,866.590881,14.285714,0.0,2.265328,0.823756,1.235633,0.0,1.0,0.0,0.0,0.0,0.0,0.0,0.0,0.0,0.0,0.0,0.0,0.0,0.0,0.0,0.0,0.0,0.0,0.0,0.0,0.0,0.0,0.0,0.0,0.0,1.0,0.0,0.0,0.0,0.0,0.0,0.0,13.0
7105.0,6515.0,590.0,0.0,0.0,723.888916,73.75,64256.0,31872.0,0.887974,1721542656.0,0.887974,0.0,0.887974,0.887974,0.887974,62.0,64.0,0.229744,0.014989,0.214755,17.0,9.0,8.0,0.0,0.0,0.0,0.0,0.0,-0.0,56839.5,52181.707031,4657.793945,0.0,0.0,18.018545,9.009273,7.883113,0.0,0.0,0.0,0.0,1.0,0.0,0.0,0.0,0.0,0.0,0.0,1.0,0.0,0.0,0.0,0.0,0.0,0.0,0.0,0.0,0.0,0.0,0.0,0.0,0.0,0.0,0.0,0.0,0.0,0.0,0.0,0.0,13.0
8314.0,7163.0,1151.0,0.0,0.0,511.642853,76.73333,64256.0,31872.0,0.464477,1721542656.0,0.464477,0.0,0.464477,0.464477,0.464477,62.0,64.0,0.046251,0.000987,0.045264,29.0,14.0,15.0,0.0,0.0,0.0,0.0,0.0,-0.0,133087.328125,114571.875,18515.449219,0.0,0.0,60.282856,27.988468,30.141428,0.0,0.0,0.0,0.0,0.0,0.0,0.0,0.0,0.0,0.0,0.0,0.0,0.0,0.0,0.0,1.0,0.0,0.0,0.0,0.0,0.0,0.0,0.0,0.0,0.0,0.0,0.0,0.0,0.0,0.0,0.0,0.0,13.0
8578.0,7427.0,1151.0,0.0,0.0,530.5,76.73333,64256.0,31872.0,0.536414,1721542656.0,0.536414,0.0,0.536414,0.536414,0.536414,62.0,64.0,0.059158,0.001783,0.057375,29.0,14.0,15.0,0.0,0.0,0.0,0.0,0.0,-0.0,118893.234375,102860.84375,16032.391602,0.0,0.0,52.198486,24.235012,26.099243,0.0,0.0,0.0,0.0,0.0,0.0,0.0,0.0,0.0,0.0,0.0,0.0,0.0,0.0,0.0,1.0,0.0,0.0,0.0,0.0,0.0,0.0,0.0,0.0,0.0,0.0,0.0,0.0,0.0,0.0,0.0,0.0,13.0
1000.0,423.0,577.0,0.0,0.0,84.599998,82.428574,64256.0,31872.0,4.477485,1721542656.0,4.477485,0.0,4.477485,4.477485,4.477485,62.0,64.0,0.347961,0.013497,0.334464,12.0,5.0,7.0,0.0,0.0,1.0,0.0,1.0,-0.0,1490.122192,605.697144,884.425049,7.692308,0.0,2.456736,0.893359,1.340038,0.0,1.0,0.0,0.0,0.0,0.0,0.0,0.0,0.0,0.0,0.0,0.0,0.0,0.0,0.0,0.0,0.0,0.0,0.0,0.0,0.0,0.0,0.0,0.0,0.0,1.0,0.0,0.0,0.0,0.0,0.0,0.0,13.0
3347.0,3100.0,247.0,1447.0,0.0,1033.333374,82.333336,64256.0,31872.0,0.448815,1721542656.0,0.448815,0.0,0.448815,0.448815,0.448815,62.0,64.0,0.347961,0.013497,0.334464,6.0,3.0,3.0,0.0,0.0,0.0,0.0,0.0,-0.0,39784.769531,36843.6875,2941.078369,0.0,0.0,11.140448,4.456179,4.456179,0.0,0.0,1.0,0.0,1.0,0.0,0.0,0.0,0.0,0.0,0.0,0.0,0.0,0.0,0.0,0.0,0.0,0.0,1.0,0.0,0.0,0.0,0.0,0.0,0.0,0.0,0.0,0.0,0.0,0.0,0.0,1.0,13.0
4858.0,4198.0,660.0,0.0,0.0,599.714294,132.0,64256.0,31872.0,2.676973,1721542656.0,2.676973,0.0,2.676973,2.676973,2.676973,62.0,64.0,0.347961,0.013497,0.334464,12.0,7.0,5.0,0.0,0.0,1.0,1.0,0.0,-0.0,12333.333008,10755.431641,1577.901489,7.692308,0.0,4.109118,2.241338,1.494225,0.0,0.0,0.0,1.0,1.0,0.0,0.0,0.0,0.0,0.0,0.0,0.0,0.0,0.0,1.0,0.0,0.0,0.0,0.0,0.0,0.0,0.0,0.0,0.0,0.0,0.0,0.0,0.0,0.0,0.0,0.0,1.0,13.0
9124.0,7973.0,1151.0,0.0,0.0,569.5,76.73333,64256.0,31872.0,0.615706,1721542656.0,0.615706,0.0,0.615706,0.615706,0.615706,62.0,64.0,0.057983,0.0,0.057983,29.0,14.0,15.0,0.0,0.0,0.0,0.0,0.0,-0.0,110169.460938,96201.757812,13967.705078,0.0,0.0,45.47625,21.113972,22.738125,0.0,0.0,0.0,0.0,0.0,0.0,0.0,0.0,0.0,0.0,0.0,0.0,0.0,0.0,0.0,1.0,0.0,0.0,0.0,0.0,0.0,0.0,0.0,0.0,0.0,0.0,0.0,0.0,0.0,0.0,0.0,0.0,13.0
390.0,206.0,184.0,0.0,0.0,68.666664,92.0,64256.0,31872.0,0.912975,1721542656.0,0.912975,0.0,0.912975,0.912975,0.912975,61.0,64.0,0.46646,0.008361,0.458099,5.0,3.0,2.0,0.0,0.0,0.0,0.0,0.0,-0.0,2015.38916,1209.233521,806.155701,0.0,0.0,4.381281,2.19064,1.09532,0.0,0.0,0.0,0.0,0.0,0.0,0.0,0.0,0.0,0.0,0.0,0.0,0.0,0.0,0.0,0.0,0.0,0.0,0.0,0.0,0.0,0.0,0.0,1.0,0.0,0.0,0.0,0.0,0.0,0.0,0.0,0.0,13.0
750.0,283.0,467.0,0.0,0.0,94.333336,77.833336,64256.0,31872.0,4.88336,1721542656.0,4.88336,0.0,4.88336,4.88336,4.88336,62.0,64.0,0.46646,0.008361,0.458099,9.0,3.0,6.0,0.0,0.0,2.0,0.0,2.0,-0.0,948.527283,309.622894,638.904358,18.181818,0.0,1.638216,0.409554,1.023885,0.0,1.0,0.0,0.0,1.0,0.0,0.0,0.0,0.0,0.0,0.0,0.0,0.0,0.0,0.0,0.0,0.0,0.0,1.0,0.0,0.0,0.0,0.0,0.0,0.0,0.0,0.0,0.0,0.0,0.0,0.0,0.0,13.0
422.0,216.0,206.0,0.0,0.0,72.0,103.0,64256.0,31872.0,1.646408,1721542656.0,1.646408,0.0,1.646408,1.646408,1.646408,62.0,64.0,0.46646,0.008361,0.458099,5.0,3.0,2.0,0.0,0.0,1.0,0.0,1.0,-0.0,1200.188599,699.705078,500.48349,16.666667,0.0,2.429532,1.214766,0.607383,0.0,1.0,0.0,0.0,1.0,0.0,0.0,0.0,0.0,0.0,0.0,0.0,0.0,0.0,0.0,0.0,0.0,0.0,1.0,0.0,0.0,0.0,0.0,0.0,0.0,0.0,0.0,0.0,0.0,0.0,0.0,1.0,13.0
8251.0,7760.0,491.0,0.0,0.0,970.0,70.14286,64256.0,31872.0,0.345573,1721542656.0,0.345573,0.0,0.345573,0.345573,0.345573,62.0,64.0,0.46646,0.008361,0.458099,15.0,8.0,7.0,0.0,0.0,2.0,2.0,0.0,-0.0,166934.328125,157188.203125,9746.131836,11.764706,0.0,40.512424,20.256212,17.362467,0.0,0.0,0.0,1.0,1.0,0.0,0.0,0.0,0.0,0.0,0.0,1.0,0.0,0.0,0.0,0.0,0.0,0.0,0.0,0.0,0.0,0.0,0.0,0.0,0.0,0.0,0.0,0.0,0.0,0.0,0.0,1.0,13.0
10532.0,9015.0,1517.0,0.0,0.0,530.294128,75.849998,64256.0,31872.0,1.80499,1721542656.0,1.80499,0.0,1.80499,1.80499,1.80499,62.0,64.0,0.043398,0.002497,0.040901,37.0,17.0,20.0,0.0,0.0,3.0,0.0,3.0,-0.0,43998.027344,37606.855469,6391.170898,7.5,0.0,19.944708,8.864315,10.526374,0.0,1.0,0.0,0.0,0.0,0.0,0.0,0.0,0.0,0.0,0.0,0.0,0.0,0.0,0.0,1.0,0.0,0.0,0.0,0.0,0.0,0.0,0.0,0.0,0.0,0.0,0.0,0.0,0.0,0.0,0.0,1.0,13.0
10207.0,8981.0,1226.0,0.0,0.0,561.3125,76.625,64256.0,31872.0,1.425354,1721542656.0,1.425354,0.0,1.425354,1.425354,1.425354,62.0,64.0,0.093125,0.000983,0.092142,32.0,16.0,16.0,0.0,0.0,2.0,0.0,2.0,-0.0,53712.972656,47258.433594,6454.537109,5.882353,0.0,21.748983,10.523702,10.523702,0.0,1.0,0.0,0.0,0.0,0.0,0.0,0.0,0.0,0.0,0.0,0.0,0.0,0.0,0.0,1.0,0.0,0.0,0.0,0.0,0.0,0.0,0.0,0.0,0.0,0.0,0.0,0.0,0.0,0.0,0.0,1.0,13.0
1276.0,558.0,718.0,0.0,0.0,79.714287,89.75,64256.0,31872.0,4.737997,1721542656.0,4.737997,0.0,4.737997,4.737997,4.737997,61.0,64.0,0.343232,0.004203,0.339029,15.0,7.0,8.0,0.0,0.0,3.0,0.0,3.0,-0.0,1870.832764,808.780579,1062.052124,16.666667,0.0,2.954835,1.266358,1.477418,0.0,1.0,0.0,0.0,0.0,0.0,0.0,0.0,0.0,0.0,0.0,0.0,0.0,0.0,0.0,0.0,0.0,0.0,0.0,0.0,0.0,0.0,0.0,0.0,0.0,1.0,0.0,0.0,0.0,0.0,0.0,1.0,13.0
3582.0,3199.0,383.0,0.0,0.0,799.75,76.599998,64256.0,31872.0,3.191839,1721542656.0,3.191839,0.0,3.191839,3.191839,3.191839,62.0,64.0,0.343232,0.004203,0.339029,9.0,4.0,5.0,0.0,0.0,1.0,0.0,1.0,-0.0,6784.803223,6015.34082,769.462402,10.0,0.0,2.506392,0.939897,1.253196,0.0,1.0,0.0,0.0,1.0,0.0,0.0,0.0,0.0,0.0,0.0,0.0,0.0,0.0,0.0,0.0,0.0,0.0,1.0,0.0,0.0,0.0,0.0,0.0,0.0,0.0,0.0,0.0,0.0,0.0,0.0,1.0,13.0
4106.0,3962.0,144.0,1447.0,0.0,1320.666626,72.0,64256.0,31872.0,0.237237,1721542656.0,0.237237,0.0,0.237237,0.237237,0.237237,62.0,64.0,0.343232,0.004203,0.339029,5.0,3.0,2.0,0.0,0.0,0.0,0.0,0.0,-0.0,91520.289062,89092.335938,2427.95166,0.0,0.0,16.860775,8.430387,4.215194,0.0,0.0,1.0,0.0,1.0,0.0,0.0,0.0,0.0,0.0,0.0,0.0,0.0,0.0,0.0,0.0,1.0,0.0,0.0,0.0,0.0,0.0,0.0,0.0,0.0,0.0,0.0,0.0,0.0,0.0,0.0,1.0,13.0
1999.0,1652.0,347.0,0.0,0.0,550.666687,69.400002,64256.0,31872.0,0.972671,1721542656.0,0.972671,0.0,0.972671,0.972671,0.972671,62.0,64.0,0.343232,0.004203,0.339029,8.0,3.0,5.0,0.0,0.0,1.0,1.0,0.0,-0.0,11350.189453,9063.702148,2286.487549,11.111111,0.0,7.196678,2.056194,4.112388,0.0,0.0,0.0,1.0,1.0,0.0,0.0,0.0,0.0,0.0,0.0,1.0,0.0,0.0,0.0,0.0,0.0,0.0,0.0,0.0,0.0,0.0,0.0,0.0,0.0,0.0,0.0,0.0,0.0,0.0,0.0,1.0,13.0
10594.0,9509.0,1085.0,0.0,0.0,633.93335,77.5,64256.0,31872.0,0.52733,1721542656.0,0.52733,0.0,0.52733,0.52733,0.52733,62.0,64.0,0.046316,0.001495,0.044821,29.0,15.0,14.0,0.0,0.0,0.0,0.0,0.0,-0.0,149947.859375,134655.71875,15292.132812,0.0,0.0,53.097683,26.548841,24.652496,0.0,0.0,0.0,0.0,0.0,0.0,0.0,0.0,0.0,0.0,0.0,0.0,0.0,0.0,0.0,1.0,0.0,0.0,0.0,0.0,0.0,0.0,0.0,0.0,0.0,0.0,0.0,0.0,0.0,0.0,0.0,0.0,13.0
11104.0,9887.0,1217.0,0.0,0.0,617.9375,76.0625,64256.0,31872.0,0.421954,1721542656.0,0.421954,0.0,0.421954,0.421954,0.421954,62.0,64.0,0.046645,0.000995,0.04565,32.0,16.0,16.0,0.0,0.0,0.0,0.0,0.0,-0.0,197386.4375,175753.75,21632.689453,0.0,0.0,73.46772,35.548897,35.548897,0.0,0.0,0.0,0.0,0.0,0.0,0.0,0.0,0.0,0.0,0.0,0.0,0.0,0.0,0.0,1.0,0.0,0.0,0.0,0.0,0.0,0.0,0.0,0.0,0.0,0.0,0.0,0.0,0.0,0.0,0.0,0.0,13.0
296.0,74.0,222.0,0.0,0.0,74.0,74.0,8222720.0,4077568.0,3.105911,1721542656.0,3.105911,0.0,3.105911,3.105911,3.105911,62.0,64.0,0.004675,0.004675,0.0,4.0,1.0,3.0,0.0,0.0,2.0,0.0,2.0,-0.0,381.208618,0.0,381.208618,33.333333,0.0,0.9659,0.0,0.643933,0.0,1.0,0.0,0.0,0.0,0.0,0.0,0.0,0.0,0.0,0.0,0.0,0.0,0.0,0.0,0.0,0.0,0.0,0.0,0.0,0.0,0.0,0.0,0.0,0.0,0.0,0.0,1.0,0.0,0.0,0.0,0.0,13.0
74.0,0.0,74.0,0.0,0.0,0.0,74.0,197300.1840419336,95686.87047841308,0.0,1721542656.0,0.0,0.0,0.0,0.0,0.0,62.0,64.0,0.004675,0.004675,0.0,1.0,0.0,1.0,0.0,0.0,0.0,0.0,1.0,-0.0,0.0,0.0,0.0,0.0,0.0,0.0,0.0,0.0,0.0,1.0,0.0,0.0,1.0,0.0,0.0,0.0,0.0,0.0,0.0,0.0,0.0,0.0,0.0,0.0,0.0,0.0,0.0,0.0,0.0,0.0,0.0,0.0,0.0,0.0,0.0,0.0,0.0,0.0,1.0,0.0,13.0
11216.0,10131.0,1085.0,0.0,0.0,675.400024,77.5,64256.0,31872.0,0.634077,1721542656.0,0.634077,0.0,0.634077,0.634077,0.634077,62.0,64.0,0.153827,0.004675,0.149152,29.0,15.0,14.0,0.0,0.0,1.0,0.0,1.0,-0.0,132021.8125,119304.117188,12717.698242,3.333333,0.0,44.158672,22.079336,20.502241,0.0,1.0,0.0,0.0,1.0,0.0,0.0,0.0,0.0,0.0,0.0,0.0,1.0,0.0,0.0,0.0,0.0,0.0,0.0,0.0,0.0,0.0,0.0,0.0,0.0,0.0,0.0,0.0,0.0,0.0,0.0,0.0,13.0
1254.0,567.0,687.0,0.0,0.0,81.0,85.875,64256.0,31872.0,4.385933,1721542656.0,4.385933,0.0,4.385933,4.385933,4.385933,62.0,64.0,0.29279,0.001877,0.290913,15.0,7.0,8.0,0.0,0.0,2.0,0.0,2.0,-0.0,1984.526489,886.470459,1098.05603,11.764706,0.0,3.192023,1.36801,1.596012,0.0,1.0,0.0,0.0,0.0,0.0,0.0,0.0,0.0,0.0,0.0,0.0,0.0,0.0,0.0,0.0,0.0,0.0,0.0,0.0,0.0,0.0,0.0,0.0,0.0,1.0,0.0,0.0,0.0,0.0,0.0,1.0,13.0
3433.0,3100.0,333.0,0.0,0.0,1033.333374,83.25,64256.0,31872.0,2.039135,1721542656.0,2.039135,0.0,2.039135,2.039135,2.039135,62.0,64.0,0.29279,0.001877,0.290913,7.0,3.0,4.0,0.0,0.0,1.0,1.0,0.0,-0.0,9090.128906,8109.320801,980.808044,12.5,0.0,2.942424,0.980808,1.471212,0.0,0.0,0.0,1.0,1.0,0.0,0.0,0.0,0.0,0.0,0.0,0.0,0.0,0.0,0.0,0.0,0.0,0.0,1.0,0.0,0.0,0.0,0.0,0.0,0.0,0.0,0.0,0.0,0.0,0.0,0.0,1.0,13.0
7431.0,6940.0,491.0,0.0,0.0,991.428589,70.14286,64256.0,31872.0,1.991644,1721542656.0,1.991644,0.0,1.991644,1.991644,1.991644,62.0,64.0,0.29279,0.001877,0.290913,14.0,7.0,7.0,0.0,0.0,2.0,2.0,0.0,-0.0,25586.902344,23895.835938,1691.065308,12.5,0.0,6.527271,3.012587,3.012587,0.0,0.0,0.0,1.0,1.0,0.0,0.0,0.0,0.0,0.0,0.0,1.0,0.0,0.0,0.0,0.0,0.0,0.0,0.0,0.0,0.0,0.0,0.0,0.0,0.0,0.0,0.0,0.0,0.0,0.0,0.0,1.0,13.0
11944.0,10859.0,1085.0,0.0,0.0,678.6875,77.5,64256.0,31872.0,0.693912,1721542656.0,0.693912,0.0,0.693912,0.693912,0.693912,62.0,64.0,0.062346,0.002022,0.060324,30.0,16.0,14.0,0.0,0.0,0.0,0.0,0.0,-0.0,128996.179688,117375.109375,11621.069336,0.0,0.0,41.792042,21.616573,18.734364,0.0,0.0,0.0,0.0,0.0,0.0,0.0,0.0,0.0,0.0,0.0,0.0,0.0,0.0,0.0,1.0,0.0,0.0,0.0,0.0,0.0,0.0,0.0,0.0,0.0,0.0,0.0,0.0,0.0,0.0,0.0,0.0,13.0
296.0,74.0,222.0,0.0,0.0,74.0,74.0,8222720.0,4077568.0,3.063477,1721542656.0,3.063477,0.0,3.063477,3.063477,3.063477,62.0,64.0,0.043393,0.043393,0.0,4.0,1.0,3.0,0.0,0.0,2.0,0.0,2.0,-0.0,386.488953,0.0,386.488953,33.333333,0.0,0.979279,0.0,0.652853,0.0,1.0,0.0,0.0,0.0,0.0,0.0,0.0,0.0,0.0,0.0,0.0,0.0,0.0,0.0,0.0,0.0,0.0,0.0,0.0,0.0,0.0,0.0,0.0,0.0,0.0,0.0,1.0,0.0,0.0,0.0,0.0,13.0
918.0,415.0,503.0,0.0,0.0,83.0,83.833336,64256.0,31872.0,1.015235,1721542656.0,1.015235,0.0,1.015235,1.015235,1.015235,62.0,64.0,0.288909,0.043393,0.245516,11.0,5.0,6.0,0.0,0.0,1.0,0.0,1.0,-0.0,5925.722168,2616.143311,3309.578857,8.333333,0.0,9.849936,3.939975,4.924968,0.0,1.0,0.0,0.0,1.0,0.0,0.0,0.0,0.0,0.0,0.0,0.0,0.0,0.0,0.0,0.0,0.0,0.0,0.0,1.0,0.0,0.0,0.0,0.0,0.0,0.0,0.0,0.0,0.0,0.0,0.0,0.0,13.0
152.0,78.0,74.0,0.0,0.0,78.0,74.0,64256.0,31872.0,0.0,1721542656.0,0.0,0.0,0.0,0.0,0.0,62.0,64.0,0.288909,0.043393,0.245516,2.0,1.0,1.0,0.0,0.0,0.0,0.0,0.0,-0.0,0.0,0.0,0.0,0.0,0.0,0.0,0.0,0.0,0.0,0.0,0.0,0.0,1.0,0.0,0.0,1.0,0.0,0.0,0.0,0.0,0.0,0.0,0.0,0.0,0.0,0.0,0.0,0.0,0.0,0.0,0.0,0.0,0.0,0.0,0.0,0.0,0.0,0.0,0.0,1.0,13.0
9523.0,9222.0,301.0,0.0,0.0,1152.75,75.25,64256.0,31872.0,0.49245,1721542656.0,0.49245,0.0,0.49245,0.49245,0.49245,62.0,64.0,0.288909,0.043393,0.245516,12.0,8.0,4.0,0.0,0.0,0.0,0.0,0.0,-0.0,134771.046875,131099.609375,3671.438721,0.0,0.0,22.337294,14.214642,6.091989,0.0,0.0,0.0,0.0,1.0,0.0,0.0,0.0,0.0,0.0,0.0,0.0,0.0,0.0,0.0,0.0,0.0,0.0,1.0,0.0,0.0,0.0,0.0,0.0,0.0,0.0,0.0,0.0,0.0,0.0,0.0,1.0,13.0
1831.0,1550.0,281.0,0.0,0.0,516.666687,70.25,64256.0,31872.0,0.142732,1721542656.0,0.142732,0.0,0.142732,0.142732,0.142732,62.0,64.0,0.288909,0.043393,0.245516,7.0,3.0,4.0,0.0,0.0,0.0,0.0,0.0,-0.0,69781.132812,57954.769531,11826.360352,0.0,0.0,42.036827,14.012276,21.018414,0.0,0.0,0.0,0.0,1.0,0.0,0.0,0.0,0.0,0.0,0.0,1.0,0.0,0.0,0.0,0.0,0.0,0.0,0.0,0.0,0.0,0.0,0.0,0.0,0.0,0.0,0.0,0.0,0.0,0.0,0.0,1.0,13.0
13182.0,11759.0,1423.0,0.0,0.0,618.894714,74.894737,64256.0,31872.0,4.577377,1721542656.0,4.577377,0.0,4.577377,4.577377,4.577377,62.0,64.0,0.055178,0.00149,0.053688,38.0,19.0,19.0,0.0,0.0,1.0,0.0,1.0,-0.0,21829.095703,19471.414062,2357.682129,2.564103,0.0,8.083232,3.932383,3.932383,0.0,1.0,0.0,0.0,0.0,0.0,0.0,0.0,0.0,0.0,0.0,0.0,0.0,0.0,0.0,1.0,0.0,0.0,0.0,0.0,0.0,0.0,0.0,0.0,0.0,0.0,0.0,0.0,0.0,0.0,0.0,1.0,13.0
793.0,290.0,503.0,0.0,0.0,72.5,83.833336,64256.0,31872.0,3.427931,1721542656.0,3.427931,0.0,3.427931,3.427931,3.427931,62.0,64.0,0.137303,0.018814,0.118489,10.0,4.0,6.0,0.0,0.0,2.0,0.0,2.0,-0.0,1488.944702,508.761688,980.183044,16.666667,0.0,2.62549,0.875163,1.458606,0.0,1.0,0.0,0.0,0.0,0.0,0.0,0.0,0.0,0.0,0.0,0.0,0.0,0.0,0.0,0.0,0.0,0.0,0.0,0.0,0.0,0.0,0.0,0.0,0.0,1.0,0.0,0.0,0.0,0.0,0.0,0.0,13.0
522.0,271.0,251.0,0.0,0.0,90.333336,83.666664,64256.0,31872.0,4.148066,1721542656.0,4.148066,0.0,4.148066,4.148066,4.148066,62.0,64.0,0.137303,0.018814,0.118489,6.0,3.0,3.0,0.0,0.0,0.0,0.0,0.0,-0.0,673.084778,349.078339,324.006409,0.0,0.0,1.205381,0.482152,0.482152,0.0,0.0,0.0,0.0,1.0,0.0,0.0,0.0,0.0,0.0,0.0,0.0,0.0,0.0,0.0,0.0,0.0,0.0,1.0,0.0,0.0,0.0,0.0,0.0,0.0,0.0,0.0,0.0,0.0,0.0,0.0,0.0,13.0
12416.0,11534.0,882.0,0.0,0.0,961.166687,73.5,64256.0,31872.0,1.326034,1721542656.0,1.326034,0.0,1.326034,1.326034,1.326034,62.0,64.0,0.137303,0.018814,0.118489,24.0,12.0,12.0,0.0,0.0,2.0,2.0,0.0,-0.0,68667.921875,63787.207031,4880.719727,7.692308,0.0,17.344955,8.295414,8.295414,0.0,0.0,0.0,1.0,1.0,0.0,0.0,0.0,0.0,0.0,0.0,1.0,0.0,0.0,0.0,0.0,0.0,0.0,0.0,0.0,0.0,0.0,0.0,0.0,0.0,0.0,0.0,0.0,0.0,0.0,0.0,1.0,13.0
13814.0,12449.0,1365.0,0.0,0.0,655.21051,75.833336,64256.0,31872.0,4.885369,1721542656.0,4.885369,0.0,4.885369,4.885369,4.885369,62.0,64.0,0.263451,0.003483,0.259968,37.0,19.0,18.0,0.0,0.0,2.0,0.0,2.0,-0.0,21425.609375,19313.177734,2112.430176,5.128205,0.0,7.368942,3.684471,3.479778,0.0,1.0,0.0,0.0,0.0,0.0,0.0,0.0,0.0,0.0,0.0,0.0,0.0,0.0,0.0,1.0,0.0,0.0,0.0,0.0,0.0,0.0,0.0,0.0,0.0,0.0,0.0,0.0,0.0,0.0,0.0,1.0,13.0
13956.0,12731.0,1225.0,0.0,0.0,707.277771,76.5625,64256.0,31872.0,1.786325,1721542656.0,1.786325,0.0,1.786325,1.786325,1.786325,62.0,64.0,0.067274,0.003469,0.063805,34.0,18.0,16.0,0.0,0.0,1.0,0.0,1.0,-0.0,58994.863281,53849.105469,5145.760254,2.857143,0.0,18.473682,9.516746,8.397128,0.0,1.0,0.0,0.0,0.0,0.0,0.0,0.0,0.0,0.0,0.0,0.0,0.0,0.0,0.0,1.0,0.0,0.0,0.0,0.0,0.0,0.0,0.0,0.0,0.0,0.0,0.0,0.0,0.0,0.0,0.0,0.0,13.0
14524.0,13175.0,1349.0,0.0,0.0,693.421082,74.944443,64256.0,31872.0,0.60444,1721542656.0,0.60444,0.0,0.60444,0.60444,0.60444,62.0,64.0,0.030926,0.000964,0.029962,37.0,19.0,18.0,0.0,0.0,0.0,0.0,0.0,-0.0,182079.28125,165204.15625,16875.125,0.0,0.0,59.559265,29.779633,28.125208,0.0,0.0,0.0,0.0,0.0,0.0,0.0,0.0,0.0,0.0,0.0,0.0,0.0,0.0,0.0,1.0,0.0,0.0,0.0,0.0,0.0,0.0,0.0,0.0,0.0,0.0,0.0,0.0,0.0,0.0,0.0,1.0,13.0
14842.0,13481.0,1361.0,0.0,0.0,748.944458,80.058823,64256.0,31872.0,4.795542,1721542656.0,4.795542,0.0,4.795542,4.795542,4.795542,62.0,64.0,0.20314,0.002476,0.200664,35.0,18.0,17.0,0.0,0.0,2.0,0.0,2.0,-0.0,23378.382812,21241.396484,2136.984863,5.405405,0.0,7.089919,3.544959,3.336432,0.0,1.0,0.0,0.0,0.0,0.0,0.0,0.0,0.0,0.0,0.0,0.0,0.0,0.0,0.0,0.0,0.0,0.0,0.0,0.0,0.0,0.0,0.0,0.0,1.0,0.0,0.0,0.0,0.0,0.0,0.0,1.0,13.0
14998.0,13847.0,1151.0,0.0,0.0,769.277771,76.73333,64256.0,31872.0,0.637276,1721542656.0,0.637276,0.0,0.637276,0.637276,0.637276,62.0,64.0,0.045496,0.000498,0.044998,33.0,18.0,15.0,0.0,0.0,0.0,0.0,0.0,-0.0,177668.703125,164173.765625,13494.9375,0.0,0.0,50.213722,26.676041,21.968504,0.0,0.0,0.0,0.0,0.0,0.0,0.0,0.0,0.0,0.0,0.0,0.0,0.0,0.0,0.0,1.0,0.0,0.0,0.0,0.0,0.0,0.0,0.0,0.0,0.0,0.0,0.0,0.0,0.0,0.0,0.0,0.0,13.0
132.0,66.0,66.0,0.0,0.0,66.0,66.0,64256.0,31872.0,0.000952,1721542656.0,0.000952,0.0,0.000952,0.000952,0.000952,62.0,64.0,0.20314,0.002476,0.200664,2.0,1.0,1.0,0.0,0.0,0.0,0.0,0.0,-0.0,0.0,0.0,0.0,0.0,0.0,1050.420166,0.0,0.0,0.0,0.0,0.0,0.0,1.0,0.0,0.0,0.0,1.0,0.0,0.0,0.0,0.0,0.0,0.0,0.0,0.0,0.0,0.0,0.0,0.0,0.0,0.0,0.0,0.0,0.0,0.0,0.0,0.0,0.0,0.0,1.0,13.0
1401.0,645.0,756.0,0.0,0.0,80.625,84.0,64256.0,31872.0,2.964679,1721542656.0,2.964679,0.0,2.964679,2.964679,2.964679,62.0,64.0,0.186351,0.017808,0.168543,17.0,8.0,9.0,0.0,0.0,3.0,0.0,3.0,-0.0,3337.966797,1524.616943,1813.349731,15.0,0.0,5.396874,2.361133,2.698437,0.0,1.0,0.0,0.0,0.0,0.0,0.0,0.0,0.0,0.0,0.0,0.0,0.0,0.0,0.0,0.0,0.0,0.0,0.0,0.0,0.0,0.0,0.0,0.0,0.0,1.0,0.0,0.0,0.0,0.0,0.0,1.0,13.0
14892.0,13808.0,1084.0,0.0,0.0,1062.153809,72.26667,64256.0,31872.0,3.741763,1721542656.0,3.741763,0.0,3.741763,3.741763,3.741763,62.0,64.0,0.186351,0.017808,0.168543,28.0,13.0,15.0,0.0,0.0,3.0,1.0,2.0,-0.0,29415.009766,27251.324219,2163.685791,9.677419,0.0,7.215849,3.207044,3.741552,1.0,0.0,0.0,0.0,1.0,0.0,0.0,0.0,0.0,0.0,0.0,1.0,0.0,0.0,0.0,0.0,0.0,0.0,0.0,0.0,0.0,0.0,0.0,0.0,0.0,0.0,0.0,0.0,0.0,0.0,0.0,1.0,13.0
15904.0,14687.0,1217.0,0.0,0.0,773.0,76.0625,64256.0,31872.0,0.506162,1721542656.0,0.506162,0.0,0.506162,0.506162,0.506162,62.0,64.0,0.046702,0.003477,0.043225,35.0,19.0,16.0,0.0,0.0,0.0,0.0,0.0,-0.0,237947.546875,219913.78125,18033.751953,0.0,0.0,67.172173,35.561737,29.634781,0.0,0.0,0.0,0.0,0.0,0.0,0.0,0.0,0.0,0.0,0.0,0.0,0.0,0.0,0.0,1.0,0.0,0.0,0.0,0.0,0.0,0.0,0.0,0.0,0.0,0.0,0.0,0.0,0.0,0.0,0.0,0.0,13.0
7647.0,6683.0,964.0,0.0,0.0,556.916687,80.333336,64256.0,31872.0,4.06045,1721542656.0,4.06045,0.0,4.06045,4.06045,4.06045,62.0,64.0,0.062444,0.001004,0.06144,24.0,12.0,12.0,0.0,0.0,3.0,1.0,2.0,-0.0,13813.24707,12071.568359,1741.678833,11.111111,0.0,5.664397,2.709059,2.709059,1.0,0.0,0.0,0.0,0.0,0.0,0.0,0.0,0.0,0.0,0.0,0.0,0.0,0.0,0.0,0.0,0.0,0.0,0.0,0.0,0.0,0.0,0.0,0.0,0.0,1.0,0.0,0.0,0.0,0.0,0.0,1.0,13.0
175.0,66.0,109.0,0.0,0.0,66.0,109.0,64256.0,31872.0,0.0,1721542656.0,0.0,0.0,0.0,0.0,0.0,62.0,64.0,0.062444,0.001004,0.06144,2.0,1.0,1.0,0.0,0.0,0.0,0.0,0.0,-0.0,0.0,0.0,0.0,0.0,0.0,0.0,0.0,0.0,0.0,0.0,0.0,0.0,1.0,0.0,0.0,1.0,0.0,0.0,0.0,0.0,0.0,0.0,0.0,0.0,0.0,0.0,0.0,0.0,0.0,0.0,0.0,0.0,0.0,0.0,0.0,0.0,0.0,0.0,0.0,1.0,13.0
472.0,140.0,332.0,0.0,0.0,70.0,83.0,64256.0,31872.0,3.543377,1721542656.0,3.543377,0.0,3.543377,3.543377,3.543377,62.0,64.0,0.399774,0.037132,0.362642,6.0,2.0,4.0,0.0,0.0,2.0,0.0,2.0,-0.0,720.216919,158.041336,562.175598,25.0,0.0,1.411083,0.282217,0.84665,0.0,1.0,0.0,0.0,0.0,0.0,0.0,0.0,0.0,0.0,0.0,0.0,0.0,0.0,0.0,0.0,0.0,0.0,0.0,0.0,0.0,0.0,0.0,1.0,0.0,0.0,0.0,0.0,0.0,0.0,0.0,0.0,13.0
16312.0,15279.0,1033.0,0.0,0.0,954.9375,73.785713,64256.0,31872.0,2.431822,1721542656.0,2.431822,0.0,2.431822,2.431822,2.431822,62.0,64.0,0.399774,0.037132,0.362642,30.0,16.0,14.0,0.0,0.0,0.0,0.0,0.0,-0.0,50283.289062,47125.160156,3158.125732,0.0,0.0,11.925215,6.168214,5.345786,0.0,0.0,0.0,0.0,1.0,0.0,0.0,0.0,0.0,0.0,0.0,1.0,0.0,0.0,0.0,0.0,0.0,0.0,0.0,0.0,0.0,0.0,0.0,0.0,0.0,0.0,0.0,0.0,0.0,0.0,0.0,0.0,13.0
4896.0,4650.0,246.0,2895.0,0.0,930.0,82.0,64256.0,31872.0,0.122223,1721542656.0,0.122223,0.0,0.122223,0.122223,0.122223,62.0,64.0,0.062444,0.001004,0.06144,8.0,5.0,3.0,0.0,0.0,0.0,0.0,0.0,-0.0,254223.84375,243489.359375,10734.477539,0.0,0.0,57.272366,32.727066,16.363533,0.0,0.0,1.0,0.0,1.0,0.0,0.0,0.0,0.0,0.0,0.0,0.0,0.0,0.0,0.0,0.0,0.0,0.0,0.0,0.0,1.0,0.0,0.0,0.0,0.0,0.0,0.0,0.0,0.0,0.0,0.0,1.0,13.0
17176.0,15959.0,1217.0,0.0,0.0,797.950012,76.0625,64256.0,31872.0,0.809419,1721542656.0,0.809419,0.0,0.809419,0.809419,0.809419,62.0,64.0,0.061534,0.001038,0.060496,36.0,20.0,16.0,0.0,0.0,0.0,0.0,0.0,-0.0,161132.859375,149855.640625,11277.225586,0.0,0.0,43.240894,23.473629,18.531811,0.0,0.0,0.0,0.0,0.0,0.0,0.0,0.0,0.0,0.0,0.0,0.0,0.0,0.0,0.0,1.0,0.0,0.0,0.0,0.0,0.0,0.0,0.0,0.0,0.0,0.0,0.0,0.0,0.0,0.0,0.0,0.0,13.0
901.0,324.0,577.0,0.0,0.0,81.0,82.428574,64256.0,31872.0,4.849248,1721542656.0,4.849248,0.0,4.849248,4.849248,4.849248,62.0,64.0,0.34739,0.003761,0.343629,11.0,4.0,7.0,0.0,0.0,2.0,0.0,2.0,-0.0,1217.508423,400.886902,816.62146,15.384615,0.0,2.062176,0.618653,1.237305,0.0,1.0,0.0,0.0,0.0,0.0,0.0,0.0,0.0,0.0,0.0,0.0,0.0,0.0,0.0,0.0,0.0,0.0,0.0,0.0,0.0,0.0,0.0,0.0,0.0,1.0,0.0,0.0,0.0,0.0,0.0,0.0,13.0
6614.0,6227.0,387.0,4343.0,0.0,1037.833374,77.400002,64256.0,31872.0,2.632618,1721542656.0,2.632618,0.0,2.632618,2.632618,2.632618,62.0,64.0,0.34739,0.003761,0.343629,11.0,6.0,5.0,0.0,0.0,0.0,0.0,0.0,-0.0,16713.400391,15771.373047,942.028076,0.0,0.0,3.7985,1.89925,1.5194,0.0,0.0,1.0,0.0,1.0,0.0,0.0,0.0,0.0,0.0,0.0,0.0,0.0,0.0,0.0,0.0,0.0,0.0,1.0,0.0,0.0,0.0,0.0,0.0,0.0,0.0,0.0,0.0,0.0,0.0,0.0,1.0,13.0
1592.0,1514.0,78.0,0.0,0.0,1514.0,78.0,64256.0,31872.0,0.006861,1721542656.0,0.006861,0.0,0.006861,0.006861,0.006861,62.0,64.0,0.34739,0.003761,0.343629,2.0,1.0,1.0,0.0,0.0,1.0,1.0,0.0,-0.0,0.0,0.0,0.0,33.333333,0.0,145.751358,0.0,0.0,0.0,0.0,0.0,1.0,1.0,1.0,0.0,0.0,0.0,0.0,0.0,0.0,0.0,0.0,0.0,0.0,0.0,0.0,0.0,0.0,0.0,0.0,0.0,0.0,0.0,0.0,0.0,0.0,0.0,0.0,0.0,1.0,13.0
8909.0,8242.0,667.0,0.0,0.0,1030.25,74.111115,64256.0,31872.0,1.643959,1721542656.0,1.643959,0.0,1.643959,1.643959,1.643959,62.0,64.0,0.34739,0.003761,0.343629,17.0,8.0,9.0,0.0,0.0,4.0,4.0,0.0,-0.0,37981.480469,35095.765625,2885.716553,19.047619,0.0,9.732602,4.258014,4.866301,0.0,0.0,0.0,1.0,1.0,0.0,0.0,0.0,0.0,0.0,0.0,1.0,0.0,0.0,0.0,0.0,0.0,0.0,0.0,0.0,0.0,0.0,0.0,0.0,0.0,0.0,0.0,0.0,0.0,0.0,0.0,1.0,13.0
18311.0,16859.0,1452.0,0.0,0.0,802.809509,76.421051,64256.0,31872.0,3.361689,1721542656.0,3.361689,0.0,3.361689,3.361689,3.361689,62.0,64.0,0.245187,0.004173,0.241014,40.0,21.0,19.0,0.0,0.0,1.0,0.0,1.0,-0.0,41486.289062,38211.742188,3274.544434,2.439024,0.0,11.601311,5.94939,5.354451,0.0,1.0,0.0,0.0,0.0,0.0,0.0,0.0,0.0,0.0,0.0,0.0,0.0,0.0,0.0,1.0,0.0,0.0,0.0,0.0,0.0,0.0,0.0,0.0,0.0,0.0,0.0,0.0,0.0,0.0,0.0,0.0,13.0
18568.0,17219.0,1349.0,0.0,0.0,860.950012,74.944443,64256.0,31872.0,0.752797,1721542656.0,0.752797,0.0,0.752797,0.752797,0.752797,62.0,64.0,0.060317,0.000991,0.059326,38.0,20.0,18.0,0.0,0.0,0.0,0.0,0.0,-0.0,187397.125,173847.65625,13549.469727,0.0,0.0,49.150036,25.239208,22.582449,0.0,0.0,0.0,0.0,0.0,0.0,0.0,0.0,0.0,0.0,0.0,0.0,0.0,0.0,0.0,1.0,0.0,0.0,0.0,0.0,0.0,0.0,0.0,0.0,0.0,0.0,0.0,0.0,0.0,0.0,0.0,0.0,13.0
15499.0,14551.0,948.0,2896.0,0.0,855.941162,79.0,64256.0,31872.0,2.891177,1721542656.0,2.891177,0.0,2.891177,2.891177,2.891177,62.0,64.0,0.208838,0.000994,0.207844,29.0,17.0,12.0,0.0,0.0,0.0,0.0,0.0,-0.0,40301.929688,37897.371094,2404.557129,0.0,0.0,9.684637,5.534079,3.804679,0.0,0.0,1.0,0.0,0.0,0.0,0.0,0.0,0.0,0.0,0.0,0.0,0.0,0.0,0.0,0.0,0.0,0.0,0.0,0.0,0.0,0.0,0.0,0.0,0.0,1.0,0.0,0.0,0.0,0.0,0.0,1.0,13.0
3591.0,3166.0,425.0,0.0,0.0,791.5,70.833336,64256.0,31872.0,0.145112,1721542656.0,0.145112,0.0,0.145112,0.145112,0.145112,62.0,64.0,0.208838,0.000994,0.207844,10.0,4.0,6.0,0.0,0.0,2.0,2.0,0.0,-0.0,150504.4375,130933.351562,19571.091797,16.666667,0.0,62.021061,20.673687,34.456146,0.0,0.0,0.0,1.0,1.0,0.0,0.0,0.0,0.0,0.0,0.0,1.0,0.0,0.0,0.0,0.0,0.0,0.0,0.0,0.0,0.0,0.0,0.0,0.0,0.0,0.0,0.0,0.0,0.0,0.0,0.0,1.0,13.0
19438.0,18155.0,1283.0,0.0,0.0,864.523804,75.470589,64256.0,31872.0,0.547403,1721542656.0,0.547403,0.0,0.547403,0.547403,0.547403,62.0,64.0,0.045184,0.000549,0.044635,38.0,21.0,17.0,0.0,0.0,0.0,0.0,0.0,-0.0,270352.9375,252698.65625,17654.269531,0.0,0.0,67.591888,36.536156,29.228924,0.0,0.0,0.0,0.0,0.0,0.0,0.0,0.0,0.0,0.0,0.0,0.0,0.0,0.0,0.0,1.0,0.0,0.0,0.0,0.0,0.0,0.0,0.0,0.0,0.0,0.0,0.0,0.0,0.0,0.0,0.0,0.0,13.0
971.0,468.0,503.0,0.0,0.0,78.0,83.833336,64256.0,31872.0,1.500228,1721542656.0,1.500228,0.0,1.500228,1.500228,1.500228,62.0,64.0,0.216414,0.003482,0.212932,12.0,6.0,6.0,0.0,0.0,1.0,0.0,1.0,-0.0,4319.343262,2079.683838,2239.659424,7.692308,0.0,7.332219,3.332827,3.332827,0.0,1.0,0.0,0.0,0.0,0.0,0.0,0.0,0.0,0.0,0.0,0.0,0.0,0.0,0.0,0.0,0.0,0.0,0.0,0.0,0.0,0.0,0.0,0.0,0.0,1.0,0.0,0.0,0.0,0.0,0.0,1.0,13.0
19129.0,18275.0,854.0,0.0,0.0,1075.0,71.166664,64256.0,31872.0,0.381681,1721542656.0,0.381681,0.0,0.381681,0.381681,0.381681,62.0,64.0,0.216414,0.003482,0.212932,29.0,17.0,12.0,0.0,0.0,0.0,0.0,0.0,-0.0,376922.09375,360510.46875,16411.611328,0.0,0.0,73.359688,41.919823,28.81988,0.0,0.0,0.0,0.0,1.0,0.0,0.0,0.0,0.0,0.0,0.0,1.0,0.0,0.0,0.0,0.0,0.0,0.0,0.0,0.0,0.0,0.0,0.0,0.0,0.0,0.0,0.0,0.0,0.0,0.0,0.0,1.0,13.0
20398.0,19115.0,1283.0,0.0,0.0,868.863647,75.470589,64256.0,31872.0,1.046263,1721542656.0,1.046263,0.0,1.046263,1.046263,1.046263,62.0,64.0,0.213702,0.019544,0.194158,39.0,22.0,17.0,0.0,0.0,0.0,0.0,0.0,-0.0,148758.015625,139521.328125,9236.683594,0.0,0.0,36.31974,20.071436,15.292522,0.0,0.0,0.0,0.0,0.0,0.0,0.0,0.0,0.0,0.0,0.0,0.0,0.0,0.0,0.0,1.0,0.0,0.0,0.0,0.0,0.0,0.0,0.0,0.0,0.0,0.0,0.0,0.0,0.0,0.0,0.0,0.0,13.0
472.0,140.0,332.0,0.0,0.0,70.0,83.0,64256.0,31872.0,3.307614,1721542656.0,3.307614,0.0,3.307614,3.307614,3.307614,62.0,64.0,0.235831,0.010033,0.225798,6.0,2.0,4.0,0.0,0.0,2.0,0.0,2.0,-0.0,771.553101,169.306335,602.246826,25.0,0.0,1.511664,0.302333,0.906998,0.0,1.0,0.0,0.0,0.0,0.0,0.0,0.0,0.0,0.0,0.0,0.0,0.0,0.0,0.0,0.0,0.0,0.0,0.0,0.0,0.0,0.0,0.0,1.0,0.0,0.0,0.0,0.0,0.0,0.0,0.0,0.0,13.0
110.0,0.0,110.0,0.0,0.0,0.0,110.0,197300.1840419336,95686.87047841308,0.0,1721542656.0,0.0,0.0,0.0,0.0,0.0,62.0,64.0,0.235831,0.010033,0.225798,1.0,0.0,1.0,0.0,0.0,0.0,0.0,0.0,-0.0,0.0,0.0,0.0,0.0,0.0,0.0,0.0,0.0,0.0,0.0,0.0,0.0,1.0,0.0,0.0,0.0,0.0,0.0,0.0,0.0,0.0,0.0,0.0,0.0,0.0,0.0,0.0,0.0,0.0,0.0,0.0,0.0,0.0,0.0,0.0,0.0,0.0,1.0,0.0,0.0,13.0
110.0,0.0,110.0,0.0,0.0,0.0,110.0,197300.1840419336,95686.87047841308,0.0,1721542656.0,0.0,0.0,0.0,0.0,0.0,62.0,64.0,0.235831,0.010033,0.225798,1.0,0.0,1.0,0.0,0.0,0.0,0.0,0.0,-0.0,0.0,0.0,0.0,0.0,0.0,0.0,0.0,0.0,0.0,0.0,0.0,0.0,1.0,0.0,0.0,0.0,0.0,0.0,0.0,0.0,0.0,0.0,0.0,0.0,0.0,0.0,0.0,0.0,0.0,0.0,0.0,0.0,0.0,0.0,0.0,0.0,0.0,1.0,0.0,0.0,13.0
110.0,0.0,110.0,0.0,0.0,0.0,110.0,197300.1840419336,95686.87047841308,0.0,1721542656.0,0.0,0.0,0.0,0.0,0.0,62.0,64.0,0.235831,0.010033,0.225798,1.0,0.0,1.0,0.0,0.0,0.0,0.0,0.0,-0.0,0.0,0.0,0.0,0.0,0.0,0.0,0.0,0.0,0.0,0.0,0.0,0.0,1.0,0.0,0.0,0.0,0.0,0.0,0.0,0.0,0.0,0.0,0.0,0.0,0.0,0.0,0.0,0.0,0.0,0.0,0.0,0.0,0.0,0.0,0.0,0.0,0.0,1.0,0.0,0.0,13.0
1658.0,649.0,1009.0,0.0,0.0,81.125,91.727272,64256.0,31872.0,4.613976,1721542656.0,4.613976,0.0,4.613976,4.613976,4.613976,62.0,64.0,0.235831,0.010033,0.225798,19.0,8.0,11.0,0.0,0.0,1.0,1.0,0.0,-0.0,2576.519775,984.833923,1591.685791,5.0,0.0,3.901191,1.51713,2.167328,0.0,0.0,0.0,1.0,1.0,0.0,0.0,0.0,0.0,0.0,0.0,1.0,0.0,0.0,0.0,0.0,0.0,0.0,0.0,0.0,0.0,0.0,0.0,0.0,0.0,0.0,0.0,0.0,0.0,0.0,0.0,1.0,13.0
54.0,54.0,0.0,0.0,0.0,54.0,0.0,64256.0,95686.87047841308,0.0,1721542656.0,0.0,0.0,0.0,0.0,0.0,62.0,64.0,0.235831,0.010033,0.225798,1.0,1.0,0.0,0.0,0.0,0.0,0.0,0.0,-0.0,0.0,0.0,0.0,0.0,0.0,0.0,0.0,0.0,0.0,0.0,0.0,0.0,1.0,0.0,0.0,0.0,0.0,0.0,0.0,0.0,0.0,0.0,0.0,0.0,0.0,0.0,0.0,0.0,0.0,1.0,0.0,0.0,0.0,0.0,0.0,0.0,0.0,0.0,0.0,1.0,13.0
1277.0,561.0,716.0,0.0,0.0,80.14286,89.5,64256.0,31872.0,3.978641,1721542656.0,3.978641,0.0,3.978641,3.978641,3.978641,62.0,64.0,0.183403,0.009036,0.174367,15.0,7.0,8.0,0.0,0.0,1.0,0.0,1.0,-0.0,2227.896484,967.164429,1260.731934,6.25,0.0,3.51879,1.508053,1.759395,0.0,1.0,0.0,0.0,0.0,0.0,0.0,0.0,0.0,0.0,0.0,0.0,0.0,0.0,0.0,0.0,0.0,0.0,0.0,0.0,0.0,0.0,0.0,0.0,0.0,1.0,0.0,0.0,0.0,0.0,0.0,0.0,13.0
12713.0,12190.0,523.0,0.0,0.0,1354.444458,74.714287,64256.0,31872.0,2.561593,1721542656.0,2.561593,0.0,2.561593,2.561593,2.561593,62.0,64.0,0.183403,0.009036,0.174367,16.0,9.0,7.0,0.0,0.0,1.0,1.0,0.0,-0.0,35243.691406,33841.441406,1402.252441,5.882353,0.0,5.855731,3.123057,2.342292,0.0,0.0,0.0,1.0,1.0,0.0,0.0,1.0,0.0,0.0,0.0,0.0,0.0,0.0,0.0,0.0,0.0,0.0,0.0,0.0,0.0,0.0,0.0,0.0,0.0,0.0,0.0,0.0,0.0,0.0,0.0,1.0,13.0
7995.0,7426.0,569.0,0.0,0.0,928.25,71.125,64256.0,31872.0,0.200318,1721542656.0,0.200318,0.0,0.200318,0.200318,0.200318,62.0,64.0,0.183403,0.009036,0.174367,16.0,8.0,8.0,0.0,0.0,2.0,2.0,0.0,-0.0,279395.78125,259507.390625,19888.378906,11.111111,0.0,74.880943,34.944439,34.944439,0.0,0.0,0.0,1.0,1.0,0.0,0.0,0.0,0.0,0.0,0.0,1.0,0.0,0.0,0.0,0.0,0.0,0.0,0.0,0.0,0.0,0.0,0.0,0.0,0.0,0.0,0.0,0.0,0.0,0.0,0.0,1.0,13.0
21916.0,20567.0,1349.0,0.0,0.0,894.217407,74.944443,64256.0,31872.0,0.564935,1721542656.0,0.564935,0.0,0.564935,0.564935,0.564935,62.0,64.0,0.077818,0.001076,0.076742,41.0,23.0,18.0,0.0,0.0,0.0,0.0,0.0,-0.0,296642.96875,278587.78125,18055.173828,0.0,0.0,70.804604,38.942532,30.091955,0.0,0.0,0.0,0.0,0.0,0.0,0.0,0.0,0.0,0.0,0.0,0.0,0.0,0.0,0.0,1.0,0.0,0.0,0.0,0.0,0.0,0.0,0.0,0.0,0.0,0.0,0.0,0.0,0.0,0.0,0.0,0.0,13.0
22390.0,21041.0,1349.0,0.0,0.0,914.826111,74.944443,64256.0,31872.0,0.670687,1721542656.0,0.670687,0.0,0.670687,0.670687,0.670687,62.0,64.0,0.061497,0.002128,0.059369,41.0,23.0,18.0,0.0,0.0,0.0,0.0,0.0,-0.0,255284.5,240076.21875,15208.286133,0.0,0.0,59.640339,32.802185,25.347143,0.0,0.0,0.0,0.0,0.0,0.0,0.0,0.0,0.0,0.0,0.0,0.0,0.0,0.0,0.0,1.0,0.0,0.0,0.0,0.0,0.0,0.0,0.0,0.0,0.0,0.0,0.0,0.0,0.0,0.0,0.0,0.0,13.0
22870.0,21521.0,1349.0,0.0,0.0,935.695679,74.944443,64256.0,31872.0,0.722583,1721542656.0,0.722583,0.0,0.722583,0.722583,0.722583,62.0,64.0,0.092735,0.001488,0.091247,41.0,23.0,18.0,0.0,0.0,0.0,0.0,0.0,-0.0,242031.71875,227915.6875,14116.025391,0.0,0.0,55.356964,30.446329,23.526709,0.0,0.0,0.0,0.0,0.0,0.0,0.0,0.0,0.0,0.0,0.0,0.0,0.0,0.0,0.0,1.0,0.0,0.0,0.0,0.0,0.0,0.0,0.0,0.0,0.0,0.0,0.0,0.0,0.0,0.0,0.0,0.0,13.0
23722.0,22151.0,1571.0,0.0,0.0,886.039978,74.809525,64256.0,31872.0,2.174111,1721542656.0,2.174111,0.0,2.174111,2.174111,2.174111,62.0,64.0,0.06105,0.001515,0.059535,46.0,25.0,21.0,0.0,0.0,3.0,3.0,0.0,-0.0,83756.539062,78248.078125,5508.458496,6.122449,0.0,20.698116,11.038996,9.199162,0.0,0.0,0.0,1.0,0.0,0.0,0.0,0.0,0.0,0.0,0.0,0.0,0.0,0.0,0.0,1.0,0.0,0.0,0.0,0.0,0.0,0.0,0.0,0.0,0.0,0.0,0.0,0.0,0.0,0.0,0.0,1.0,13.0
544.0,140.0,404.0,0.0,0.0,70.0,101.0,64256.0,31872.0,2.415283,1721542656.0,2.415283,0.0,2.415283,2.415283,2.415283,62.0,64.0,0.229989,0.0105,0.219489,6.0,2.0,4.0,0.0,0.0,2.0,0.0,2.0,-0.0,1235.466064,231.856888,1003.609131,25.0,0.0,2.070151,0.41403,1.24209,0.0,1.0,0.0,0.0,0.0,0.0,0.0,0.0,0.0,0.0,0.0,0.0,0.0,0.0,0.0,0.0,0.0,0.0,0.0,0.0,0.0,0.0,0.0,1.0,0.0,0.0,0.0,0.0,0.0,0.0,0.0,0.0,13.0
110.0,0.0,110.0,0.0,0.0,0.0,110.0,197300.1840419336,95686.87047841308,0.0,1721542656.0,0.0,0.0,0.0,0.0,0.0,62.0,64.0,0.229989,0.0105,0.219489,1.0,0.0,1.0,0.0,0.0,0.0,0.0,0.0,-0.0,0.0,0.0,0.0,0.0,0.0,0.0,0.0,0.0,0.0,0.0,0.0,0.0,1.0,0.0,0.0,0.0,0.0,0.0,0.0,0.0,0.0,0.0,0.0,0.0,0.0,0.0,0.0,0.0,0.0,0.0,0.0,0.0,0.0,0.0,0.0,0.0,0.0,1.0,0.0,0.0,13.0
188.0,78.0,110.0,0.0,0.0,78.0,110.0,64256.0,31872.0,0.0,1721542656.0,0.0,0.0,0.0,0.0,0.0,62.0,64.0,0.229989,0.0105,0.219489,2.0,1.0,1.0,0.0,0.0,0.0,0.0,0.0,-0.0,0.0,0.0,0.0,0.0,0.0,0.0,0.0,0.0,0.0,0.0,0.0,0.0,1.0,0.0,0.0,1.0,0.0,0.0,0.0,0.0,0.0,0.0,0.0,0.0,0.0,0.0,0.0,0.0,0.0,0.0,0.0,0.0,0.0,0.0,0.0,0.0,0.0,0.0,0.0,1.0,13.0
22579.0,21617.0,962.0,0.0,0.0,1137.736816,74.0,64256.0,31872.0,2.263331,1721542656.0,2.263331,0.0,2.263331,2.263331,2.263331,62.0,64.0,0.229989,0.0105,0.219489,32.0,19.0,13.0,0.0,0.0,1.0,1.0,0.0,-0.0,75527.617188,72388.882812,3138.736816,3.030303,0.0,13.696628,7.95288,5.30192,0.0,0.0,0.0,1.0,1.0,0.0,0.0,0.0,0.0,0.0,0.0,0.0,0.0,0.0,0.0,0.0,0.0,0.0,1.0,0.0,0.0,0.0,0.0,0.0,0.0,0.0,0.0,0.0,0.0,0.0,0.0,1.0,13.0
296.0,78.0,218.0,0.0,0.0,78.0,109.0,64256.0,31872.0,0.784645,1721542656.0,0.784645,0.0,0.784645,0.784645,0.784645,62.0,64.0,0.229989,0.0105,0.219489,3.0,1.0,2.0,0.0,0.0,1.0,0.0,1.0,-0.0,1111.330566,0.0,1111.330566,25.0,0.0,2.548923,0.0,1.274462,0.0,1.0,0.0,0.0,1.0,0.0,0.0,1.0,0.0,0.0,0.0,0.0,0.0,0.0,0.0,0.0,0.0,0.0,0.0,0.0,0.0,0.0,0.0,0.0,0.0,0.0,0.0,0.0,0.0,0.0,0.0,1.0,13.0
24412.0,23063.0,1349.0,0.0,0.0,960.958313,74.944443,64256.0,31872.0,0.638535,1721542656.0,0.638535,0.0,0.638535,0.638535,0.638535,62.0,64.0,0.068197,0.018218,0.049979,42.0,24.0,18.0,0.0,0.0,0.0,0.0,0.0,-0.0,292895.4375,276921.375,15974.06543,0.0,0.0,64.20948,36.019951,26.623442,0.0,0.0,0.0,0.0,0.0,0.0,0.0,0.0,0.0,0.0,0.0,0.0,0.0,0.0,0.0,1.0,0.0,0.0,0.0,0.0,0.0,0.0,0.0,0.0,0.0,0.0,0.0,0.0,0.0,0.0,0.0,0.0,13.0
25258.0,23711.0,1547.0,0.0,0.0,911.961548,73.666664,64256.0,31872.0,0.762372,1721542656.0,0.762372,0.0,0.762372,0.762372,0.762372,62.0,64.0,0.046226,0.001002,0.045224,47.0,26.0,21.0,0.0,0.0,0.0,0.0,0.0,-0.0,254720.78125,239253.265625,15467.514648,0.0,0.0,60.337997,32.792389,26.233912,0.0,0.0,0.0,0.0,0.0,0.0,0.0,0.0,0.0,0.0,0.0,0.0,0.0,0.0,0.0,1.0,0.0,0.0,0.0,0.0,0.0,0.0,0.0,0.0,0.0,0.0,0.0,0.0,0.0,0.0,0.0,1.0,13.0
3080.0,2231.0,849.0,0.0,0.0,223.100006,84.900002,64256.0,31872.0,4.247899,1721542656.0,4.247899,0.0,4.247899,4.247899,4.247899,62.0,64.0,0.215877,0.003223,0.212654,20.0,10.0,10.0,0.0,0.0,2.0,0.0,2.0,-0.0,5222.346191,3781.634033,1440.712158,9.090909,0.0,4.472799,2.118694,2.118694,0.0,1.0,0.0,0.0,0.0,0.0,0.0,0.0,0.0,0.0,0.0,0.0,0.0,0.0,0.0,0.0,0.0,0.0,0.0,0.0,0.0,0.0,0.0,0.0,0.0,1.0,0.0,0.0,0.0,0.0,0.0,1.0,13.0
1005.0,778.0,227.0,0.0,0.0,259.333344,113.5,64256.0,31872.0,0.295922,1721542656.0,0.295922,0.0,0.295922,0.295922,0.295922,62.0,64.0,0.229989,0.0105,0.219489,5.0,3.0,2.0,0.0,0.0,0.0,0.0,0.0,-0.0,17112.617188,14030.723633,3081.893066,0.0,0.0,13.517075,6.758537,3.379269,0.0,0.0,0.0,0.0,1.0,0.0,0.0,0.0,0.0,0.0,0.0,0.0,0.0,0.0,1.0,0.0,0.0,0.0,0.0,0.0,0.0,0.0,0.0,0.0,0.0,0.0,0.0,0.0,0.0,0.0,0.0,1.0,13.0
14124.0,13626.0,498.0,0.0,0.0,1514.0,71.14286,64256.0,31872.0,2.589874,1721542656.0,2.589874,0.0,2.589874,2.589874,2.589874,62.0,64.0,0.215877,0.003223,0.212654,16.0,9.0,7.0,0.0,0.0,2.0,2.0,0.0,-0.0,38732.386719,37413.402344,1318.983032,11.111111,0.0,5.791788,3.088953,2.316715,0.0,0.0,0.0,1.0,1.0,1.0,0.0,0.0,0.0,0.0,0.0,0.0,0.0,0.0,0.0,0.0,0.0,0.0,0.0,0.0,0.0,0.0,0.0,0.0,0.0,0.0,0.0,0.0,0.0,0.0,0.0,1.0,13.0
187.0,66.0,121.0,0.0,0.0,66.0,121.0,64256.0,31872.0,0.0,1721542656.0,0.0,0.0,0.0,0.0,0.0,62.0,64.0,0.215877,0.003223,0.212654,2.0,1.0,1.0,0.0,0.0,0.0,0.0,0.0,-0.0,0.0,0.0,0.0,0.0,0.0,0.0,0.0,0.0,0.0,0.0,0.0,0.0,1.0,0.0,0.0,1.0,0.0,0.0,0.0,0.0,0.0,0.0,0.0,0.0,0.0,0.0,0.0,0.0,0.0,0.0,0.0,0.0,0.0,0.0,0.0,0.0,0.0,0.0,0.0,1.0,13.0
1605.0,717.0,888.0,0.0,0.0,79.666664,88.800003,64256.0,31872.0,4.813818,1721542656.0,4.813818,0.0,4.813818,4.813818,4.813818,62.0,64.0,0.252616,0.016793,0.235823,19.0,9.0,10.0,0.0,0.0,3.0,0.0,3.0,-0.0,2389.787109,1060.281006,1329.505981,13.636364,0.0,3.739236,1.661883,1.869618,0.0,1.0,0.0,0.0,0.0,0.0,0.0,0.0,0.0,0.0,0.0,0.0,0.0,0.0,0.0,0.0,0.0,0.0,0.0,0.0,0.0,0.0,0.0,0.0,0.0,1.0,0.0,0.0,0.0,0.0,0.0,1.0,13.0
3250.0,3106.0,144.0,4343.0,0.0,1035.333374,72.0,64256.0,31872.0,2.176802,1721542656.0,2.176802,0.0,2.176802,2.176802,2.176802,62.0,64.0,0.252616,0.016793,0.235823,5.0,3.0,2.0,0.0,0.0,0.0,0.0,0.0,-0.0,7875.773926,7611.165527,264.608368,0.0,0.0,1.837558,0.918779,0.45939,0.0,0.0,1.0,0.0,1.0,1.0,0.0,0.0,0.0,0.0,0.0,0.0,0.0,0.0,0.0,0.0,0.0,0.0,0.0,0.0,0.0,0.0,0.0,0.0,0.0,0.0,0.0,0.0,0.0,0.0,0.0,1.0,13.0
22167.0,21136.0,1031.0,0.0,0.0,1243.294067,68.73333,64256.0,31872.0,0.417083,1721542656.0,0.417083,0.0,0.417083,0.417083,0.417083,62.0,64.0,0.252616,0.016793,0.235823,32.0,17.0,15.0,0.0,0.0,3.0,3.0,0.0,-0.0,400035.5,381564.34375,18471.144531,8.571429,0.0,74.325737,38.361668,33.56646,0.0,0.0,0.0,1.0,1.0,0.0,0.0,0.0,0.0,0.0,0.0,1.0,0.0,0.0,0.0,0.0,0.0,0.0,0.0,0.0,0.0,0.0,0.0,0.0,0.0,0.0,0.0,0.0,0.0,0.0,0.0,1.0,13.0
20111.0,18729.0,1382.0,0.0,0.0,985.736816,81.294121,64256.0,31872.0,4.327824,1721542656.0,4.327824,0.0,4.327824,4.327824,4.327824,62.0,64.0,0.319899,0.010576,0.309323,36.0,19.0,17.0,0.0,0.0,4.0,3.0,1.0,-0.0,35204.757812,32799.855469,2404.903564,10.0,0.0,8.087205,4.159134,3.697008,1.0,0.0,0.0,0.0,0.0,0.0,0.0,0.0,0.0,0.0,0.0,0.0,0.0,0.0,0.0,0.0,0.0,0.0,0.0,0.0,0.0,0.0,0.0,0.0,0.0,1.0,0.0,0.0,0.0,0.0,0.0,1.0,13.0
7021.0,6518.0,503.0,0.0,0.0,931.142883,71.85714,64256.0,31872.0,0.233644,1721542656.0,0.233644,0.0,0.233644,0.233644,0.233644,62.0,64.0,0.319899,0.010576,0.309323,14.0,7.0,7.0,0.0,0.0,2.0,2.0,0.0,-0.0,206091.328125,191299.59375,14791.734375,12.5,0.0,55.640205,25.680096,25.680096,0.0,0.0,0.0,1.0,1.0,0.0,0.0,0.0,0.0,0.0,0.0,1.0,0.0,0.0,0.0,0.0,0.0,0.0,0.0,0.0,0.0,0.0,0.0,0.0,0.0,0.0,0.0,0.0,0.0,0.0,0.0,1.0,13.0
828.0,368.0,460.0,0.0,0.0,73.599998,92.0,64256.0,31872.0,1.036216,1721542656.0,1.036216,0.0,1.036216,1.036216,1.036216,62.0,64.0,0.153213,0.047588,0.105625,10.0,5.0,5.0,0.0,0.0,1.0,0.0,1.0,-0.0,5118.624023,2277.517334,2841.106445,9.090909,0.0,8.685448,3.860199,3.860199,0.0,1.0,0.0,0.0,0.0,0.0,0.0,0.0,0.0,0.0,0.0,0.0,0.0,0.0,0.0,0.0,0.0,0.0,0.0,0.0,0.0,0.0,0.0,0.0,0.0,1.0,0.0,0.0,0.0,0.0,0.0,1.0,13.0
175.0,54.0,121.0,0.0,0.0,54.0,121.0,64256.0,31872.0,0.0,1721542656.0,0.0,0.0,0.0,0.0,0.0,62.0,64.0,0.215877,0.003223,0.212654,2.0,1.0,1.0,0.0,0.0,0.0,0.0,0.0,-0.0,0.0,0.0,0.0,0.0,0.0,0.0,0.0,0.0,0.0,0.0,0.0,0.0,1.0,0.0,0.0,0.0,0.0,0.0,0.0,0.0,0.0,0.0,0.0,0.0,0.0,0.0,0.0,0.0,0.0,0.0,1.0,0.0,0.0,0.0,0.0,0.0,0.0,0.0,0.0,1.0,13.0
26743.0,25551.0,1192.0,0.0,0.0,1110.913086,70.117645,64256.0,31872.0,1.844246,1721542656.0,1.844246,0.0,1.844246,1.844246,1.844246,62.0,64.0,0.153213,0.047588,0.105625,40.0,23.0,17.0,0.0,0.0,0.0,0.0,0.0,-0.0,110887.59375,106020.5625,4867.029785,0.0,0.0,21.146852,11.928994,8.675632,0.0,0.0,0.0,0.0,1.0,0.0,0.0,0.0,0.0,0.0,0.0,1.0,0.0,0.0,0.0,0.0,0.0,0.0,0.0,0.0,0.0,0.0,0.0,0.0,0.0,0.0,0.0,0.0,0.0,0.0,0.0,1.0,13.0
27724.0,26309.0,1415.0,0.0,0.0,1011.884644,74.473686,64256.0,34816.0,0.605824,1721542656.0,0.605824,0.0,0.605824,0.605824,0.605824,62.0,64.0,0.061081,0.001077,0.060004,45.0,26.0,19.0,0.0,0.0,0.0,0.0,0.0,-0.0,351772.125,334064.03125,17708.113281,0.0,0.0,72.628357,41.266109,29.711599,0.0,0.0,0.0,0.0,0.0,0.0,0.0,0.0,0.0,0.0,0.0,0.0,0.0,0.0,0.0,1.0,0.0,0.0,0.0,0.0,0.0,0.0,0.0,0.0,0.0,0.0,0.0,0.0,0.0,0.0,0.0,0.0,13.0
28396.0,26915.0,1481.0,0.0,0.0,996.851868,74.050003,64256.0,31872.0,0.620508,1721542656.0,0.620508,0.0,0.620508,0.620508,0.620508,62.0,64.0,0.062311,0.001056,0.061255,47.0,27.0,20.0,0.0,0.0,0.0,0.0,0.0,-0.0,352304.875,334164.90625,18139.974609,0.0,0.0,74.132805,41.90115,30.620071,0.0,0.0,0.0,0.0,0.0,0.0,0.0,0.0,0.0,0.0,0.0,0.0,0.0,0.0,0.0,1.0,0.0,0.0,0.0,0.0,0.0,0.0,0.0,0.0,0.0,0.0,0.0,0.0,0.0,0.0,0.0,0.0,13.0
622.0,218.0,404.0,0.0,0.0,72.666664,101.0,64256.0,31872.0,1.99054,1721542656.0,1.99054,0.0,1.99054,1.99054,1.99054,62.0,64.0,0.214608,0.001478,0.21313,7.0,3.0,4.0,0.0,0.0,2.0,0.0,2.0,-0.0,1804.5354,586.775452,1217.76001,22.222222,0.0,3.014257,1.004753,1.507129,0.0,1.0,0.0,0.0,0.0,0.0,0.0,0.0,0.0,0.0,0.0,0.0,0.0,0.0,0.0,0.0,0.0,0.0,0.0,0.0,0.0,0.0,0.0,1.0,0.0,0.0,0.0,0.0,0.0,0.0,0.0,1.0,13.0
570.0,84.0,486.0,0.0,0.0,84.0,97.199997,64256.0,31872.0,2.828843,1721542656.0,2.828843,0.0,2.828843,2.828843,2.828843,62.0,64.0,0.214608,0.001478,0.21313,6.0,1.0,5.0,0.0,0.0,3.0,0.0,3.0,-0.0,1100.096313,0.0,1100.096313,33.333333,0.0,1.767507,0.0,1.414006,0.0,1.0,0.0,0.0,1.0,0.0,0.0,0.0,0.0,0.0,0.0,0.0,0.0,0.0,0.0,0.0,0.0,0.0,1.0,0.0,0.0,0.0,0.0,0.0,0.0,0.0,0.0,0.0,0.0,0.0,0.0,1.0,13.0
105.0,0.0,105.0,0.0,0.0,0.0,105.0,197300.1840419336,95686.87047841308,0.0,1721542656.0,0.0,0.0,0.0,0.0,0.0,62.0,64.0,0.214608,0.001478,0.21313,1.0,0.0,1.0,0.0,0.0,0.0,0.0,0.0,-0.0,0.0,0.0,0.0,0.0,0.0,0.0,0.0,0.0,0.0,0.0,0.0,0.0,1.0,0.0,0.0,0.0,0.0,0.0,0.0,0.0,0.0,0.0,0.0,0.0,0.0,0.0,0.0,0.0,0.0,0.0,0.0,0.0,0.0,0.0,0.0,0.0,0.0,1.0,0.0,1.0,13.0
28468.0,27237.0,1231.0,0.0,0.0,1134.875,72.411766,64256.0,31872.0,2.710434,1721542656.0,2.710434,0.0,2.710434,2.710434,2.710434,62.0,64.0,0.214608,0.001478,0.21313,41.0,24.0,17.0,0.0,0.0,0.0,0.0,0.0,-0.0,80465.351562,77044.492188,3420.854492,0.0,0.0,14.757785,8.485726,5.903114,0.0,0.0,0.0,0.0,1.0,0.0,0.0,0.0,0.0,0.0,0.0,1.0,0.0,0.0,0.0,0.0,0.0,0.0,0.0,0.0,0.0,0.0,0.0,0.0,0.0,0.0,0.0,0.0,0.0,0.0,0.0,1.0,13.0
29560.0,28079.0,1481.0,0.0,0.0,1002.821411,74.050003,64256.0,31872.0,0.575402,1721542656.0,0.575402,0.0,0.575402,0.575402,0.575402,62.0,64.0,0.06199,0.000997,0.060993,48.0,28.0,20.0,0.0,0.0,0.0,0.0,0.0,-0.0,396022.25,376460.28125,19561.974609,0.0,0.0,81.682022,46.923714,33.020393,0.0,0.0,0.0,0.0,0.0,0.0,0.0,0.0,0.0,0.0,0.0,0.0,0.0,0.0,0.0,1.0,0.0,0.0,0.0,0.0,0.0,0.0,0.0,0.0,0.0,0.0,0.0,0.0,0.0,0.0,0.0,0.0,13.0
512.0,218.0,294.0,0.0,0.0,72.666664,98.0,64256.0,31872.0,1.244925,1721542656.0,1.244925,0.0,1.244925,1.244925,1.244925,62.0,64.0,0.231884,0.005958,0.225926,6.0,3.0,3.0,0.0,0.0,1.0,0.0,1.0,-0.0,2197.722656,938.209106,1259.51355,14.285714,0.0,4.016306,1.606522,1.606522,0.0,1.0,0.0,0.0,0.0,0.0,0.0,0.0,0.0,0.0,0.0,0.0,0.0,0.0,0.0,0.0,0.0,0.0,0.0,0.0,0.0,0.0,0.0,1.0,0.0,0.0,0.0,0.0,0.0,0.0,0.0,1.0,13.0
30058.0,28497.0,1561.0,0.0,0.0,1096.038452,70.954544,64256.0,31872.0,0.648033,1721542656.0,0.648033,0.0,0.648033,0.648033,0.648033,62.0,64.0,0.231884,0.005958,0.225926,48.0,26.0,22.0,0.0,0.0,0.0,0.0,0.0,-0.0,356673.1875,338266.71875,18406.46875,0.0,0.0,72.527168,38.578281,32.405754,0.0,0.0,0.0,0.0,1.0,0.0,0.0,0.0,0.0,0.0,0.0,1.0,0.0,0.0,0.0,0.0,0.0,0.0,0.0,0.0,0.0,0.0,0.0,0.0,0.0,0.0,0.0,0.0,0.0,0.0,0.0,1.0,13.0
30958.0,29279.0,1679.0,0.0,0.0,1009.620667,73.0,64256.0,31872.0,0.77154,1721542656.0,0.77154,0.0,0.77154,0.77154,0.77154,62.0,64.0,0.046729,0.001003,0.045726,52.0,29.0,23.0,0.0,0.0,0.0,0.0,0.0,-0.0,309780.4375,293128.03125,16652.410156,0.0,0.0,66.101562,36.291054,28.5144,0.0,0.0,0.0,0.0,0.0,0.0,0.0,0.0,0.0,0.0,0.0,0.0,0.0,0.0,0.0,1.0,0.0,0.0,0.0,0.0,0.0,0.0,0.0,0.0,0.0,0.0,0.0,0.0,0.0,0.0,0.0,1.0,13.0
29310.0,27813.0,1497.0,0.0,0.0,1112.52002,78.789474,64256.0,31872.0,4.300495,1721542656.0,4.300495,0.0,4.300495,4.300495,4.300495,62.0,64.0,0.309672,0.021665,0.288007,44.0,25.0,19.0,0.0,0.0,8.0,7.0,1.0,-0.0,52310.253906,49670.558594,2639.696045,15.384615,0.0,9.998849,5.580753,4.185565,1.0,0.0,0.0,0.0,0.0,0.0,0.0,0.0,0.0,0.0,0.0,0.0,0.0,0.0,0.0,0.0,0.0,0.0,0.0,0.0,0.0,0.0,0.0,0.0,0.0,1.0,0.0,0.0,0.0,0.0,0.0,1.0,13.0
2437.0,2024.0,413.0,0.0,0.0,506.0,68.833336,64256.0,31872.0,4.579556,1721542656.0,4.579556,0.0,4.579556,4.579556,4.579556,62.0,64.0,0.309672,0.021665,0.288007,10.0,4.0,6.0,0.0,0.0,0.0,0.0,0.0,-0.0,3254.463867,2651.7854,602.678528,0.0,0.0,1.965256,0.655085,1.091809,0.0,0.0,0.0,0.0,1.0,0.0,0.0,0.0,0.0,0.0,0.0,1.0,0.0,0.0,0.0,0.0,0.0,0.0,0.0,0.0,0.0,0.0,0.0,0.0,0.0,0.0,0.0,0.0,0.0,0.0,0.0,1.0,13.0
31749.0,30209.0,1540.0,0.0,0.0,1161.884644,77.0,64256.0,31872.0,4.955483,1721542656.0,4.955483,0.0,4.955483,4.955483,4.955483,62.0,64.0,0.251447,0.00253,0.248917,46.0,26.0,20.0,0.0,0.0,2.0,1.0,1.0,-0.0,49256.148438,46894.320312,2361.828369,4.166667,0.0,9.080851,5.044917,3.834137,1.0,0.0,0.0,0.0,0.0,0.0,0.0,0.0,0.0,0.0,0.0,0.0,0.0,0.0,0.0,0.0,0.0,0.0,0.0,0.0,0.0,0.0,0.0,0.0,0.0,1.0,0.0,0.0,0.0,0.0,0.0,1.0,13.0
357.0,150.0,207.0,0.0,0.0,75.0,69.0,64256.0,31872.0,0.990615,1721542656.0,0.990615,0.0,0.990615,0.990615,0.990615,62.0,64.0,0.251447,0.00253,0.248917,5.0,2.0,3.0,0.0,0.0,0.0,0.0,0.0,-0.0,1720.143555,605.684326,1114.459229,0.0,0.0,4.037896,1.009474,2.018948,0.0,0.0,0.0,0.0,1.0,0.0,0.0,0.0,0.0,0.0,0.0,0.0,0.0,0.0,0.0,0.0,0.0,1.0,0.0,0.0,0.0,0.0,0.0,0.0,0.0,0.0,0.0,0.0,0.0,0.0,0.0,1.0,13.0
132.0,66.0,66.0,0.0,0.0,66.0,66.0,64256.0,31872.0,0.002105,1721542656.0,0.002105,0.0,0.002105,0.002105,0.002105,62.0,64.0,0.251447,0.00253,0.248917,2.0,1.0,1.0,0.0,0.0,0.0,0.0,0.0,-0.0,0.0,0.0,0.0,0.0,0.0,475.059387,0.0,0.0,0.0,0.0,0.0,0.0,1.0,0.0,0.0,0.0,1.0,0.0,0.0,0.0,0.0,0.0,0.0,0.0,0.0,0.0,0.0,0.0,0.0,0.0,0.0,0.0,0.0,0.0,0.0,0.0,0.0,0.0,0.0,1.0,13.0
1045.0,468.0,577.0,0.0,0.0,78.0,82.428574,64256.0,31872.0,2.980409,1721542656.0,2.980409,0.0,2.980409,2.980409,2.980409,62.0,64.0,0.218373,0.001984,0.216389,13.0,6.0,7.0,0.0,0.0,2.0,0.0,2.0,-0.0,2375.512939,1046.836182,1328.676758,13.333333,0.0,4.026293,1.677622,2.013147,0.0,1.0,0.0,0.0,0.0,0.0,0.0,0.0,0.0,0.0,0.0,0.0,0.0,0.0,0.0,0.0,0.0,0.0,0.0,0.0,0.0,0.0,0.0,0.0,0.0,1.0,0.0,0.0,0.0,0.0,0.0,1.0,13.0
8362.0,7807.0,555.0,0.0,0.0,975.875,79.285713,64256.0,31872.0,3.714212,1721542656.0,3.714212,0.0,3.714212,3.714212,3.714212,62.0,64.0,0.218373,0.001984,0.216389,15.0,8.0,7.0,0.0,0.0,2.0,2.0,0.0,-0.0,15740.620117,14715.369141,1025.251099,11.764706,0.0,3.769306,1.884653,1.615417,0.0,0.0,0.0,1.0,1.0,0.0,0.0,0.0,0.0,0.0,0.0,0.0,0.0,0.0,0.0,0.0,0.0,0.0,1.0,0.0,0.0,0.0,0.0,0.0,0.0,0.0,0.0,0.0,0.0,0.0,0.0,1.0,13.0
24039.0,22930.0,1109.0,0.0,0.0,1273.888916,69.3125,64256.0,31872.0,2.866506,1721542656.0,2.866506,0.0,2.866506,2.866506,2.866506,62.0,64.0,0.218373,0.001984,0.216389,34.0,18.0,16.0,0.0,0.0,5.0,5.0,0.0,-0.0,63344.011719,60441.523438,2902.488037,12.820513,0.0,11.512273,5.930565,5.232851,0.0,0.0,0.0,1.0,1.0,0.0,0.0,0.0,0.0,0.0,0.0,1.0,0.0,0.0,0.0,0.0,0.0,0.0,0.0,0.0,0.0,0.0,0.0,0.0,0.0,0.0,0.0,0.0,0.0,0.0,0.0,1.0,13.0
33196.0,31649.0,1547.0,0.0,0.0,1054.966675,73.666664,64256.0,31872.0,0.525355,1721542656.0,0.525355,0.0,0.525355,0.525355,0.525355,62.0,64.0,0.062058,0.00096,0.061098,51.0,30.0,21.0,0.0,0.0,0.0,0.0,0.0,-0.0,488340.28125,465894.5,22445.775391,0.0,0.0,95.173744,55.200771,38.069496,0.0,0.0,0.0,0.0,0.0,0.0,0.0,0.0,0.0,0.0,0.0,0.0,0.0,0.0,0.0,1.0,0.0,0.0,0.0,0.0,0.0,0.0,0.0,0.0,0.0,0.0,0.0,0.0,0.0,0.0,0.0,0.0,13.0
33790.0,32243.0,1547.0,0.0,0.0,1074.766724,73.666664,64256.0,43520.0,0.657773,1721542656.0,0.657773,0.0,0.657773,0.657773,0.657773,62.0,64.0,0.06186,0.000992,0.060868,51.0,30.0,21.0,0.0,0.0,0.0,0.0,0.0,-0.0,397012.34375,379085.1875,17927.15625,0.0,0.0,76.014061,44.088158,30.405626,0.0,0.0,0.0,0.0,0.0,0.0,0.0,0.0,0.0,0.0,0.0,0.0,0.0,0.0,0.0,1.0,0.0,0.0,0.0,0.0,0.0,0.0,0.0,0.0,0.0,0.0,0.0,0.0,0.0,0.0,0.0,0.0,13.0
34522.0,32909.0,1613.0,0.0,0.0,1061.580688,73.318184,64256.0,31872.0,0.637436,1721542656.0,0.637436,0.0,0.637436,0.637436,0.637436,62.0,64.0,0.138669,0.001498,0.137171,53.0,31.0,22.0,0.0,0.0,0.0,0.0,0.0,-0.0,419028.75,399701.3125,19327.431641,0.0,0.0,81.57682,47.063549,32.944485,0.0,0.0,0.0,0.0,0.0,0.0,0.0,0.0,0.0,0.0,0.0,0.0,0.0,0.0,0.0,1.0,0.0,0.0,0.0,0.0,0.0,0.0,0.0,0.0,0.0,0.0,0.0,0.0,0.0,0.0,0.0,0.0,13.0
2392.0,1307.0,1085.0,0.0,0.0,118.818184,77.5,64256.0,31872.0,1.409352,1721542656.0,1.409352,0.0,1.409352,1.409352,1.409352,62.0,64.0,0.04675,0.000993,0.045757,25.0,11.0,14.0,0.0,0.0,0.0,0.0,0.0,-0.0,12470.980469,6749.201172,5721.778809,0.0,0.0,17.029104,7.09546,9.224097,0.0,0.0,0.0,0.0,0.0,0.0,0.0,0.0,0.0,0.0,0.0,0.0,0.0,0.0,0.0,1.0,0.0,0.0,0.0,0.0,0.0,0.0,0.0,0.0,0.0,0.0,0.0,0.0,0.0,0.0,0.0,1.0,14.0
2260.0,1241.0,1019.0,0.0,0.0,124.099998,78.384613,64256.0,31872.0,0.915265,1721542656.0,0.915265,0.0,0.915265,0.915265,0.915265,62.0,64.0,0.062029,0.000496,0.061533,23.0,10.0,13.0,0.0,0.0,0.0,0.0,0.0,-0.0,17988.232422,9763.291992,8224.94043,0.0,0.0,24.036755,9.833218,13.110956,0.0,0.0,0.0,0.0,0.0,0.0,0.0,0.0,0.0,0.0,0.0,0.0,0.0,0.0,0.0,1.0,0.0,0.0,0.0,0.0,0.0,0.0,0.0,0.0,0.0,0.0,0.0,0.0,0.0,0.0,0.0,0.0,14.0
2278.0,1259.0,1019.0,0.0,0.0,125.900002,78.384613,64256.0,31872.0,1.404032,1721542656.0,1.404032,0.0,1.404032,1.404032,1.404032,62.0,64.0,0.169637,0.001741,0.167896,23.0,10.0,13.0,0.0,0.0,0.0,0.0,0.0,-0.0,11823.092773,6461.391113,5361.701172,0.0,0.0,15.669159,6.41011,8.546814,0.0,0.0,0.0,0.0,0.0,0.0,0.0,0.0,0.0,0.0,0.0,0.0,0.0,0.0,0.0,1.0,0.0,0.0,0.0,0.0,0.0,0.0,0.0,0.0,0.0,0.0,0.0,0.0,0.0,0.0,0.0,0.0,14.0
2479.0,1729.0,750.0,0.0,0.0,192.111115,83.333336,64256.0,31872.0,2.894434,1721542656.0,2.894434,0.0,2.894434,2.894434,2.894434,61.0,64.0,0.232448,0.002168,0.23028,18.0,9.0,9.0,0.0,0.0,0.0,0.0,0.0,-0.0,6091.691895,4248.15332,1843.53833,0.0,0.0,5.873342,2.763926,2.763926,0.0,0.0,0.0,0.0,0.0,0.0,0.0,0.0,0.0,0.0,0.0,0.0,0.0,0.0,0.0,0.0,0.0,0.0,0.0,0.0,0.0,0.0,0.0,0.0,0.0,1.0,0.0,0.0,0.0,0.0,0.0,1.0,14.0
559.0,138.0,421.0,0.0,0.0,69.0,70.166664,64256.0,31872.0,1.579273,1721542656.0,1.579273,0.0,1.579273,1.579273,1.579273,61.0,64.0,0.232448,0.002168,0.23028,8.0,2.0,6.0,0.0,0.0,1.0,0.0,1.0,-0.0,2127.561279,349.527924,1778.033325,11.111111,0.0,4.432419,0.633203,3.166014,0.0,1.0,0.0,0.0,1.0,0.0,0.0,0.0,0.0,0.0,0.0,1.0,0.0,0.0,0.0,0.0,0.0,0.0,0.0,0.0,0.0,0.0,0.0,0.0,0.0,0.0,0.0,0.0,0.0,0.0,0.0,1.0,14.0
2909.0,1789.0,1120.0,0.0,0.0,198.777771,80.0,64256.0,31872.0,4.390308,1721542656.0,4.390308,0.0,4.390308,4.390308,4.390308,62.0,64.0,0.168607,0.00149,0.167117,23.0,9.0,14.0,0.0,0.0,4.0,0.0,4.0,-0.0,4794.196777,2899.113281,1895.083496,14.814815,0.0,5.011038,1.822196,2.961068,0.0,1.0,0.0,0.0,0.0,0.0,0.0,0.0,0.0,0.0,0.0,0.0,0.0,0.0,0.0,0.0,0.0,0.0,0.0,0.0,0.0,0.0,0.0,0.0,0.0,1.0,0.0,0.0,0.0,0.0,0.0,1.0,14.0
74.0,0.0,74.0,0.0,0.0,0.0,74.0,197300.1840419336,95686.87047841308,0.0,1721542656.0,0.0,0.0,0.0,0.0,0.0,62.0,64.0,0.168607,0.00149,0.167117,1.0,0.0,1.0,0.0,0.0,0.0,0.0,0.0,-0.0,0.0,0.0,0.0,0.0,0.0,0.0,0.0,0.0,0.0,0.0,0.0,0.0,1.0,0.0,0.0,0.0,0.0,0.0,0.0,0.0,0.0,0.0,0.0,0.0,0.0,0.0,0.0,0.0,0.0,0.0,0.0,0.0,0.0,0.0,0.0,0.0,0.0,1.0,0.0,1.0,14.0
485.0,138.0,347.0,0.0,0.0,69.0,69.400002,64256.0,31872.0,0.261871,1721542656.0,0.261871,0.0,0.261871,0.261871,0.261871,62.0,64.0,0.168607,0.00149,0.167117,7.0,2.0,5.0,0.0,0.0,0.0,0.0,0.0,-0.0,10600.638672,2107.907959,8492.730469,0.0,0.0,22.912045,3.818674,15.274695,0.0,0.0,0.0,0.0,1.0,0.0,0.0,0.0,0.0,0.0,0.0,1.0,0.0,0.0,0.0,0.0,0.0,0.0,0.0,0.0,0.0,0.0,0.0,0.0,0.0,0.0,0.0,0.0,0.0,0.0,0.0,1.0,14.0
3236.0,2065.0,1171.0,0.0,0.0,172.083328,78.066666,64256.0,31872.0,4.07137,1721542656.0,4.07137,0.0,4.07137,4.07137,4.07137,62.0,64.0,0.276449,0.000501,0.275948,27.0,12.0,15.0,0.0,0.0,1.0,0.0,1.0,-0.0,5867.3125,3719.632324,2147.679932,3.571429,0.0,6.386056,2.701793,3.438646,0.0,1.0,0.0,0.0,0.0,0.0,0.0,0.0,0.0,0.0,0.0,0.0,0.0,0.0,0.0,1.0,0.0,0.0,0.0,0.0,0.0,0.0,0.0,0.0,0.0,0.0,0.0,0.0,0.0,0.0,0.0,1.0,14.0
2410.0,1391.0,1019.0,0.0,0.0,139.100006,78.384613,64256.0,31872.0,1.359012,1721542656.0,1.359012,0.0,1.359012,1.359012,1.359012,62.0,64.0,0.169639,0.000494,0.169145,23.0,10.0,13.0,0.0,0.0,0.0,0.0,0.0,-0.0,12909.37793,7370.060059,5539.318359,0.0,0.0,16.188231,6.622458,8.829944,0.0,0.0,0.0,0.0,0.0,0.0,0.0,0.0,0.0,0.0,0.0,0.0,0.0,0.0,0.0,1.0,0.0,0.0,0.0,0.0,0.0,0.0,0.0,0.0,0.0,0.0,0.0,0.0,0.0,0.0,0.0,0.0,14.0
2458.0,1439.0,1019.0,0.0,0.0,143.899994,78.384613,64256.0,31872.0,0.557171,1721542656.0,0.557171,0.0,0.557171,0.557171,0.557171,62.0,64.0,0.062567,0.000989,0.061578,23.0,10.0,13.0,0.0,0.0,0.0,0.0,0.0,-0.0,32119.404297,18608.291016,13511.112305,0.0,0.0,39.485188,16.15303,21.537374,0.0,0.0,0.0,0.0,0.0,0.0,0.0,0.0,0.0,0.0,0.0,0.0,0.0,0.0,0.0,1.0,0.0,0.0,0.0,0.0,0.0,0.0,0.0,0.0,0.0,0.0,0.0,0.0,0.0,0.0,0.0,0.0,14.0
2380.0,1493.0,887.0,0.0,0.0,149.300003,80.63636,64256.0,31872.0,1.375146,1721542656.0,1.375146,0.0,1.375146,1.375146,1.375146,62.0,64.0,0.168935,0.000484,0.168451,21.0,10.0,11.0,0.0,0.0,0.0,0.0,0.0,-0.0,12513.580078,7818.806152,4694.773926,0.0,0.0,14.54391,6.544759,7.271955,0.0,0.0,0.0,0.0,0.0,0.0,0.0,0.0,0.0,0.0,0.0,0.0,0.0,0.0,0.0,1.0,0.0,0.0,0.0,0.0,0.0,0.0,0.0,0.0,0.0,0.0,0.0,0.0,0.0,0.0,0.0,0.0,14.0
3803.0,2479.0,1324.0,0.0,0.0,206.583328,77.882355,64256.0,31872.0,2.209243,1721542656.0,2.209243,0.0,2.209243,2.209243,2.209243,62.0,64.0,0.1547,0.001173,0.153527,29.0,12.0,17.0,0.0,0.0,3.0,0.0,3.0,-0.0,12746.447266,8230.873047,4515.57373,9.375,0.0,12.674025,4.979081,7.2423,0.0,1.0,0.0,0.0,0.0,0.0,0.0,0.0,0.0,0.0,0.0,0.0,0.0,0.0,0.0,1.0,0.0,0.0,0.0,0.0,0.0,0.0,0.0,0.0,0.0,0.0,0.0,0.0,0.0,0.0,0.0,1.0,14.0
2569.0,1559.0,1010.0,0.0,0.0,173.222229,91.818184,64256.0,31872.0,4.990449,1721542656.0,4.990449,0.0,4.990449,4.990449,4.990449,62.0,64.0,0.261675,0.000496,0.261179,20.0,9.0,11.0,0.0,0.0,3.0,0.0,3.0,-0.0,3695.05835,2221.844238,1473.214111,13.043478,0.0,3.807273,1.603062,2.003828,0.0,1.0,0.0,0.0,0.0,0.0,0.0,0.0,0.0,0.0,0.0,0.0,0.0,0.0,0.0,0.0,0.0,0.0,0.0,0.0,0.0,0.0,0.0,0.0,0.0,1.0,0.0,0.0,0.0,0.0,0.0,1.0,14.0
1631.0,1058.0,573.0,0.0,0.0,352.666656,71.625,64256.0,31872.0,2.141364,1721542656.0,2.141364,0.0,2.141364,2.141364,2.141364,62.0,64.0,0.261675,0.000496,0.261179,11.0,3.0,8.0,0.0,0.0,2.0,0.0,2.0,-0.0,4513.01123,2637.571045,1875.440063,15.384615,0.0,4.66992,0.933984,3.268944,0.0,1.0,0.0,0.0,1.0,0.0,0.0,0.0,0.0,0.0,0.0,1.0,0.0,0.0,0.0,0.0,0.0,0.0,0.0,0.0,0.0,0.0,0.0,0.0,0.0,0.0,0.0,0.0,0.0,0.0,0.0,1.0,14.0
2710.0,1691.0,1019.0,0.0,0.0,169.100006,78.384613,64256.0,31872.0,1.577142,1721542656.0,1.577142,0.0,1.577142,1.577142,1.577142,62.0,64.0,0.169809,0.000996,0.168813,23.0,10.0,13.0,0.0,0.0,0.0,0.0,0.0,-0.0,12493.485352,7720.293945,4773.190918,0.0,0.0,13.949283,5.706525,7.6087,0.0,0.0,0.0,0.0,0.0,0.0,0.0,0.0,0.0,0.0,0.0,0.0,0.0,0.0,0.0,1.0,0.0,0.0,0.0,0.0,0.0,0.0,0.0,0.0,0.0,0.0,0.0,0.0,0.0,0.0,0.0,0.0,14.0
4829.0,3771.0,1058.0,0.0,0.0,377.100006,81.384613,64256.0,31872.0,4.422114,1721542656.0,4.422114,0.0,4.422114,4.422114,4.422114,62.0,64.0,0.276797,0.000748,0.276049,23.0,10.0,13.0,0.0,0.0,3.0,0.0,3.0,-0.0,7907.530273,6140.049805,1767.480469,11.538462,0.0,4.974996,2.035226,2.713634,0.0,1.0,0.0,0.0,0.0,0.0,0.0,0.0,0.0,0.0,0.0,0.0,0.0,0.0,0.0,0.0,0.0,0.0,0.0,0.0,0.0,0.0,0.0,0.0,0.0,1.0,0.0,0.0,0.0,0.0,0.0,1.0,14.0
353.0,72.0,281.0,0.0,0.0,72.0,70.25,64256.0,31872.0,4.90412,1721542656.0,4.90412,0.0,4.90412,4.90412,4.90412,62.0,64.0,0.276797,0.000748,0.276049,5.0,1.0,4.0,0.0,0.0,0.0,0.0,0.0,-0.0,344.200378,0.0,344.200378,0.0,0.0,0.815641,0.0,0.611731,0.0,0.0,0.0,0.0,1.0,0.0,0.0,0.0,0.0,0.0,0.0,0.0,0.0,0.0,0.0,0.0,0.0,1.0,0.0,0.0,0.0,0.0,0.0,0.0,0.0,0.0,0.0,0.0,0.0,0.0,0.0,1.0,14.0
132.0,66.0,66.0,0.0,0.0,66.0,66.0,64256.0,31872.0,0.000992,1721542656.0,0.000992,0.0,0.000992,0.000992,0.000992,62.0,64.0,0.276797,0.000748,0.276049,2.0,1.0,1.0,0.0,0.0,0.0,0.0,0.0,-0.0,0.0,0.0,0.0,0.0,0.0,1008.064514,0.0,0.0,0.0,0.0,0.0,0.0,1.0,0.0,0.0,0.0,1.0,0.0,0.0,0.0,0.0,0.0,0.0,0.0,0.0,0.0,0.0,0.0,0.0,0.0,0.0,0.0,0.0,0.0,0.0,0.0,0.0,0.0,0.0,1.0,14.0
2905.0,1863.0,1042.0,0.0,0.0,186.300003,80.153847,64256.0,31872.0,4.626431,1721542656.0,4.626431,0.0,4.626431,4.626431,4.626431,62.0,64.0,0.167794,0.000496,0.167298,23.0,10.0,13.0,0.0,0.0,6.0,2.0,4.0,-0.0,4563.344727,2899.859619,1663.485352,20.689655,0.0,4.755285,1.945344,2.593792,1.0,0.0,0.0,0.0,0.0,0.0,0.0,0.0,0.0,0.0,0.0,0.0,0.0,0.0,0.0,0.0,0.0,0.0,0.0,0.0,0.0,0.0,0.0,0.0,0.0,1.0,0.0,0.0,0.0,0.0,0.0,0.0,14.0
485.0,138.0,347.0,0.0,0.0,69.0,69.400002,64256.0,31872.0,0.062829,1721542656.0,0.062829,0.0,0.062829,0.062829,0.062829,62.0,64.0,0.167794,0.000496,0.167298,7.0,2.0,5.0,0.0,0.0,0.0,0.0,0.0,-0.0,44183.417969,8785.750977,35397.664062,0.0,0.0,95.497299,15.916216,63.664864,0.0,0.0,0.0,0.0,1.0,0.0,0.0,0.0,0.0,0.0,0.0,1.0,0.0,0.0,0.0,0.0,0.0,0.0,0.0,0.0,0.0,0.0,0.0,0.0,0.0,0.0,0.0,0.0,0.0,0.0,0.0,0.0,14.0
2975.0,1883.0,1092.0,0.0,0.0,209.222229,91.0,64256.0,31872.0,4.574733,1721542656.0,4.574733,0.0,4.574733,4.574733,4.574733,62.0,64.0,0.16646,0.001005,0.165455,21.0,9.0,12.0,0.0,0.0,4.0,0.0,4.0,-0.0,4677.868652,2927.384033,1750.484741,16.0,0.0,4.37184,1.748736,2.404512,0.0,1.0,0.0,0.0,0.0,0.0,0.0,0.0,0.0,0.0,0.0,0.0,0.0,0.0,0.0,0.0,0.0,0.0,0.0,0.0,0.0,0.0,0.0,0.0,0.0,1.0,0.0,0.0,0.0,0.0,0.0,1.0,14.0
1947.0,1448.0,499.0,0.0,0.0,362.0,71.285713,64256.0,31872.0,2.761891,1721542656.0,2.761891,0.0,2.761891,2.761891,2.761891,62.0,64.0,0.16646,0.001005,0.165455,11.0,4.0,7.0,0.0,0.0,1.0,0.0,1.0,-0.0,4385.401367,3145.670898,1239.730347,8.333333,0.0,3.620708,1.086212,2.172425,0.0,1.0,0.0,0.0,1.0,0.0,0.0,0.0,0.0,0.0,0.0,1.0,0.0,0.0,0.0,0.0,0.0,0.0,0.0,0.0,0.0,0.0,0.0,0.0,0.0,0.0,0.0,0.0,0.0,0.0,0.0,1.0,14.0
2926.0,2039.0,887.0,0.0,0.0,203.899994,80.63636,64256.0,31872.0,2.038851,1721542656.0,2.038851,0.0,2.038851,2.038851,2.038851,62.0,64.0,0.324605,0.001,0.323605,21.0,10.0,11.0,0.0,0.0,0.0,0.0,0.0,-0.0,10370.546875,7204.057617,3166.489258,0.0,0.0,9.809446,4.414251,4.904723,0.0,0.0,0.0,0.0,0.0,0.0,0.0,0.0,0.0,0.0,0.0,0.0,0.0,0.0,0.0,1.0,0.0,0.0,0.0,0.0,0.0,0.0,0.0,0.0,0.0,0.0,0.0,0.0,0.0,0.0,0.0,0.0,14.0
6600.0,5125.0,1475.0,0.0,0.0,394.230774,77.631577,64256.0,31872.0,3.242605,1721542656.0,3.242605,0.0,3.242605,3.242605,3.242605,62.0,64.0,0.19925,0.000555,0.198695,32.0,13.0,19.0,0.0,0.0,3.0,0.0,3.0,-0.0,15121.175781,11672.09668,3449.078857,8.571429,0.0,9.560215,3.700728,5.551093,0.0,1.0,0.0,0.0,0.0,0.0,0.0,0.0,0.0,0.0,0.0,0.0,0.0,0.0,0.0,1.0,0.0,0.0,0.0,0.0,0.0,0.0,0.0,0.0,0.0,0.0,0.0,0.0,0.0,0.0,0.0,1.0,14.0
296.0,74.0,222.0,0.0,0.0,74.0,74.0,8222720.0,4077568.0,3.096699,1721542656.0,3.096699,0.0,3.096699,3.096699,3.096699,62.0,64.0,0.001505,0.001505,0.0,4.0,1.0,3.0,0.0,0.0,2.0,0.0,2.0,-0.0,382.342621,0.0,382.342621,33.333333,0.0,0.968774,0.0,0.645849,0.0,1.0,0.0,0.0,0.0,0.0,0.0,0.0,0.0,0.0,0.0,0.0,0.0,0.0,0.0,0.0,0.0,0.0,0.0,0.0,0.0,0.0,0.0,0.0,0.0,0.0,0.0,1.0,0.0,0.0,0.0,0.0,14.0
74.0,0.0,74.0,0.0,0.0,0.0,74.0,197300.1840419336,95686.87047841308,0.0,1721542656.0,0.0,0.0,0.0,0.0,0.0,62.0,64.0,0.001505,0.001505,0.0,1.0,0.0,1.0,0.0,0.0,0.0,0.0,1.0,-0.0,0.0,0.0,0.0,0.0,0.0,0.0,0.0,0.0,0.0,1.0,0.0,0.0,1.0,0.0,0.0,0.0,0.0,0.0,0.0,0.0,0.0,0.0,0.0,0.0,0.0,0.0,0.0,0.0,0.0,0.0,0.0,0.0,0.0,0.0,0.0,0.0,0.0,0.0,1.0,0.0,14.0
3260.0,2307.0,953.0,0.0,0.0,209.72728,79.416664,64256.0,31872.0,1.189376,1721542656.0,1.189376,0.0,1.189376,1.189376,1.189376,62.0,64.0,0.15006,0.001505,0.148555,23.0,11.0,12.0,0.0,0.0,1.0,0.0,1.0,-0.0,19990.314453,14111.601562,5878.712891,4.166667,0.0,18.497095,8.40777,9.248548,0.0,1.0,0.0,0.0,1.0,0.0,0.0,0.0,0.0,0.0,0.0,0.0,1.0,0.0,0.0,0.0,0.0,0.0,0.0,0.0,0.0,0.0,0.0,0.0,0.0,0.0,0.0,0.0,0.0,0.0,0.0,0.0,14.0
3456.0,2429.0,1027.0,0.0,0.0,220.818176,79.0,64256.0,31872.0,3.069439,1721542656.0,3.069439,0.0,3.069439,3.069439,3.069439,62.0,64.0,0.293494,0.00102,0.292474,24.0,11.0,13.0,0.0,0.0,1.0,0.0,1.0,-0.0,8228.213867,5757.403809,2470.809814,4.0,0.0,7.493226,3.257924,3.909509,0.0,1.0,0.0,0.0,0.0,0.0,0.0,0.0,0.0,0.0,0.0,0.0,0.0,0.0,0.0,1.0,0.0,0.0,0.0,0.0,0.0,0.0,0.0,0.0,0.0,0.0,0.0,0.0,0.0,0.0,0.0,0.0,14.0
3502.0,2549.0,953.0,0.0,0.0,231.72728,79.416664,64256.0,31872.0,0.494952,1721542656.0,0.494952,0.0,0.494952,0.494952,0.494952,62.0,64.0,0.061738,0.000672,0.061066,23.0,11.0,12.0,0.0,0.0,0.0,0.0,0.0,-0.0,51592.882812,37466.261719,14126.623047,0.0,0.0,44.448753,20.203979,22.224377,0.0,0.0,0.0,0.0,0.0,0.0,0.0,0.0,0.0,0.0,0.0,0.0,0.0,0.0,0.0,1.0,0.0,0.0,0.0,0.0,0.0,0.0,0.0,0.0,0.0,0.0,0.0,0.0,0.0,0.0,0.0,0.0,14.0
3628.0,2675.0,953.0,0.0,0.0,243.181824,79.416664,64256.0,31872.0,0.556253,1721542656.0,0.556253,0.0,0.556253,0.556253,0.556253,62.0,64.0,0.061734,0.000502,0.061232,23.0,11.0,12.0,0.0,0.0,0.0,0.0,0.0,-0.0,47546.707031,34976.890625,12569.819336,0.0,0.0,39.550346,17.97743,19.775173,0.0,0.0,0.0,0.0,0.0,0.0,0.0,0.0,0.0,0.0,0.0,0.0,0.0,0.0,0.0,1.0,0.0,0.0,0.0,0.0,0.0,0.0,0.0,0.0,0.0,0.0,0.0,0.0,0.0,0.0,0.0,0.0,14.0
434.0,140.0,294.0,0.0,0.0,70.0,98.0,64256.0,31872.0,1.017438,1721542656.0,1.017438,0.0,1.017438,1.017438,1.017438,62.0,64.0,0.264689,0.001908,0.262781,5.0,2.0,3.0,0.0,0.0,1.0,0.0,1.0,-0.0,2091.527832,550.402039,1541.125732,16.666667,0.0,3.931443,0.982861,1.965722,0.0,1.0,0.0,0.0,0.0,0.0,0.0,0.0,0.0,0.0,0.0,0.0,0.0,0.0,0.0,0.0,0.0,0.0,0.0,0.0,0.0,0.0,0.0,1.0,0.0,0.0,0.0,0.0,0.0,0.0,0.0,0.0,14.0
110.0,0.0,110.0,0.0,0.0,0.0,110.0,197300.1840419336,95686.87047841308,0.0,1721542656.0,0.0,0.0,0.0,0.0,0.0,62.0,64.0,0.264689,0.001908,0.262781,1.0,0.0,1.0,0.0,0.0,0.0,0.0,0.0,-0.0,0.0,0.0,0.0,0.0,0.0,0.0,0.0,0.0,0.0,0.0,0.0,0.0,1.0,0.0,0.0,0.0,0.0,0.0,0.0,0.0,0.0,0.0,0.0,0.0,0.0,0.0,0.0,0.0,0.0,0.0,0.0,0.0,0.0,0.0,0.0,0.0,0.0,1.0,0.0,0.0,14.0
3546.0,2667.0,879.0,0.0,0.0,296.333344,79.909088,64256.0,31872.0,1.12655,1721542656.0,1.12655,0.0,1.12655,1.12655,1.12655,62.0,64.0,0.264689,0.001908,0.262781,20.0,9.0,11.0,0.0,0.0,0.0,0.0,0.0,-0.0,22518.310547,16837.248047,5681.062012,0.0,0.0,16.865652,7.101327,8.876659,0.0,0.0,0.0,0.0,1.0,0.0,0.0,0.0,0.0,0.0,0.0,1.0,0.0,0.0,0.0,0.0,0.0,0.0,0.0,0.0,0.0,0.0,0.0,0.0,0.0,0.0,0.0,0.0,0.0,0.0,0.0,0.0,14.0
4104.0,3011.0,1093.0,0.0,0.0,250.916672,78.071426,64256.0,31872.0,2.329099,1721542656.0,2.329099,0.0,2.329099,2.329099,2.329099,62.0,64.0,0.186384,0.000993,0.185391,26.0,12.0,14.0,0.0,0.0,1.0,0.0,1.0,-0.0,12969.822266,9483.496094,3486.32666,3.703704,0.0,10.733765,4.722857,5.581558,0.0,1.0,0.0,0.0,0.0,0.0,0.0,0.0,0.0,0.0,0.0,0.0,0.0,0.0,0.0,1.0,0.0,0.0,0.0,0.0,0.0,0.0,0.0,0.0,0.0,0.0,0.0,0.0,0.0,0.0,0.0,0.0,14.0
5286.0,3965.0,1321.0,0.0,0.0,330.416656,77.705879,64256.0,31872.0,2.180147,1721542656.0,2.180147,0.0,2.180147,2.180147,2.180147,62.0,64.0,0.061882,0.000993,0.060889,29.0,12.0,17.0,0.0,0.0,5.0,0.0,5.0,-0.0,17903.380859,13338.550781,4564.830078,14.705882,0.0,12.843171,5.045531,7.338955,0.0,1.0,0.0,0.0,0.0,0.0,0.0,0.0,0.0,0.0,0.0,0.0,0.0,0.0,0.0,1.0,0.0,0.0,0.0,0.0,0.0,0.0,0.0,0.0,0.0,0.0,0.0,0.0,0.0,0.0,0.0,1.0,14.0
4809.0,3323.0,1486.0,0.0,0.0,276.916656,82.555557,64256.0,31872.0,4.241298,1721542656.0,4.241298,0.0,4.241298,4.241298,4.241298,62.0,64.0,0.185234,0.000497,0.184737,30.0,12.0,18.0,0.0,0.0,4.0,0.0,4.0,-0.0,8395.542969,5747.296875,2648.24585,11.764706,0.0,6.837529,2.593545,4.008207,0.0,1.0,0.0,0.0,0.0,0.0,0.0,0.0,0.0,0.0,0.0,0.0,0.0,0.0,0.0,1.0,0.0,0.0,0.0,0.0,0.0,0.0,0.0,0.0,0.0,0.0,0.0,0.0,0.0,0.0,0.0,1.0,14.0
4348.0,3395.0,953.0,0.0,0.0,308.636353,79.416664,64256.0,31872.0,0.679705,1721542656.0,0.679705,0.0,0.679705,0.679705,0.679705,62.0,64.0,0.061754,0.000414,0.06134,23.0,11.0,12.0,0.0,0.0,0.0,0.0,0.0,-0.0,46620.21875,36333.40625,10286.81543,0.0,0.0,32.366982,14.712264,16.183491,0.0,0.0,0.0,0.0,0.0,0.0,0.0,0.0,0.0,0.0,0.0,0.0,0.0,0.0,0.0,1.0,0.0,0.0,0.0,0.0,0.0,0.0,0.0,0.0,0.0,0.0,0.0,0.0,0.0,0.0,0.0,0.0,14.0
4510.0,3557.0,953.0,0.0,0.0,323.363647,79.416664,64256.0,31872.0,0.652504,1721542656.0,0.652504,0.0,0.652504,0.652504,0.652504,62.0,64.0,0.061255,0.0,0.061255,23.0,11.0,12.0,0.0,0.0,0.0,0.0,0.0,-0.0,50365.972656,39650.328125,10715.642578,0.0,0.0,33.716267,15.325576,16.858133,0.0,0.0,0.0,0.0,0.0,0.0,0.0,0.0,0.0,0.0,0.0,0.0,0.0,0.0,0.0,1.0,0.0,0.0,0.0,0.0,0.0,0.0,0.0,0.0,0.0,0.0,0.0,0.0,0.0,0.0,0.0,0.0,14.0
4892.0,3791.0,1101.0,0.0,0.0,315.916656,78.64286,64256.0,31872.0,1.761058,1721542656.0,1.761058,0.0,1.761058,1.761058,1.761058,62.0,64.0,0.062999,0.000993,0.062006,26.0,12.0,14.0,0.0,0.0,2.0,0.0,2.0,-0.0,20437.714844,15790.507812,4647.206543,7.142857,0.0,14.196012,6.246245,7.381926,0.0,1.0,0.0,0.0,0.0,0.0,0.0,0.0,0.0,0.0,0.0,0.0,0.0,0.0,0.0,1.0,0.0,0.0,0.0,0.0,0.0,0.0,0.0,0.0,0.0,0.0,0.0,0.0,0.0,0.0,0.0,0.0,14.0
5050.0,3965.0,1085.0,0.0,0.0,330.416656,77.5,64256.0,31872.0,0.772119,1721542656.0,0.772119,0.0,0.772119,0.772119,0.772119,62.0,64.0,0.061966,0.001197,0.060769,26.0,12.0,14.0,0.0,0.0,0.0,0.0,0.0,-0.0,48106.574219,37662.589844,10443.986328,0.0,0.0,32.378429,14.246509,16.836782,0.0,0.0,0.0,0.0,0.0,0.0,0.0,0.0,0.0,0.0,0.0,0.0,0.0,0.0,0.0,1.0,0.0,0.0,0.0,0.0,0.0,0.0,0.0,0.0,0.0,0.0,0.0,0.0,0.0,0.0,0.0,0.0,14.0
5568.0,4343.0,1225.0,0.0,0.0,289.533325,76.5625,64256.0,31872.0,4.906579,1721542656.0,4.906579,0.0,4.906579,4.906579,4.906579,62.0,64.0,0.184251,0.001198,0.183053,31.0,15.0,16.0,0.0,0.0,1.0,0.0,1.0,-0.0,8483.303711,6609.900879,1873.403076,3.125,0.0,6.11424,2.853312,3.05712,0.0,1.0,0.0,0.0,0.0,0.0,0.0,0.0,0.0,0.0,0.0,0.0,0.0,0.0,0.0,1.0,0.0,0.0,0.0,0.0,0.0,0.0,0.0,0.0,0.0,0.0,0.0,0.0,0.0,0.0,0.0,0.0,14.0
6057.0,4871.0,1186.0,0.0,0.0,405.916656,79.066666,64256.0,31872.0,3.779323,1721542656.0,3.779323,0.0,3.779323,3.779323,3.779323,62.0,64.0,0.154055,0.000494,0.153561,27.0,12.0,15.0,0.0,0.0,5.0,1.0,4.0,-0.0,11796.821289,9453.544922,2343.276855,15.625,0.0,6.879539,2.910574,3.704367,1.0,0.0,0.0,0.0,0.0,0.0,0.0,0.0,0.0,0.0,0.0,0.0,0.0,0.0,0.0,0.0,0.0,0.0,0.0,0.0,0.0,0.0,0.0,0.0,0.0,1.0,0.0,0.0,0.0,0.0,0.0,1.0,14.0
132.0,66.0,66.0,0.0,0.0,66.0,66.0,64256.0,31872.0,0.0,1721542656.0,0.0,0.0,0.0,0.0,0.0,62.0,64.0,0.184251,0.001198,0.183053,2.0,1.0,1.0,0.0,0.0,0.0,0.0,0.0,-0.0,0.0,0.0,0.0,0.0,0.0,0.0,0.0,0.0,0.0,0.0,0.0,0.0,1.0,0.0,0.0,0.0,1.0,0.0,0.0,0.0,0.0,0.0,0.0,0.0,0.0,0.0,0.0,0.0,0.0,0.0,0.0,0.0,0.0,0.0,0.0,0.0,0.0,0.0,0.0,0.0,14.0
1373.0,808.0,565.0,0.0,0.0,202.0,70.625,64256.0,31872.0,4.972846,1721542656.0,4.972846,0.0,4.972846,4.972846,4.972846,62.0,64.0,0.154055,0.000494,0.153561,12.0,4.0,8.0,0.0,0.0,1.0,0.0,1.0,-0.0,1771.219116,974.89447,796.324646,7.692308,0.0,2.212013,0.603276,1.407645,0.0,1.0,0.0,0.0,1.0,0.0,0.0,0.0,0.0,0.0,0.0,1.0,0.0,0.0,0.0,0.0,0.0,0.0,0.0,0.0,0.0,0.0,0.0,0.0,0.0,0.0,0.0,0.0,0.0,0.0,0.0,1.0,14.0
1451.0,633.0,818.0,0.0,0.0,79.125,90.888885,64256.0,31872.0,4.911556,1721542656.0,4.911556,0.0,4.911556,4.911556,4.911556,62.0,64.0,0.324598,0.000993,0.323605,17.0,8.0,9.0,0.0,0.0,3.0,0.0,3.0,-0.0,2088.136719,902.361755,1185.775024,15.0,0.0,3.257624,1.42521,1.628812,0.0,1.0,0.0,0.0,0.0,0.0,0.0,0.0,0.0,0.0,0.0,0.0,0.0,0.0,0.0,0.0,0.0,0.0,0.0,0.0,0.0,0.0,0.0,0.0,0.0,1.0,0.0,0.0,0.0,0.0,0.0,1.0,14.0
4484.0,4034.0,450.0,0.0,0.0,672.333313,75.0,64256.0,31872.0,0.677445,1721542656.0,0.677445,0.0,0.677445,0.677445,0.677445,62.0,64.0,0.324598,0.000993,0.323605,12.0,6.0,6.0,0.0,0.0,0.0,0.0,0.0,-0.0,44130.519531,39702.117188,4428.403809,0.0,0.0,16.23748,7.380673,7.380673,0.0,0.0,0.0,0.0,1.0,0.0,0.0,0.0,0.0,0.0,0.0,1.0,0.0,0.0,0.0,0.0,0.0,0.0,0.0,0.0,0.0,0.0,0.0,0.0,0.0,0.0,0.0,0.0,0.0,0.0,0.0,1.0,14.0
5674.0,4721.0,953.0,0.0,0.0,393.416656,79.416664,64256.0,31872.0,1.356496,1721542656.0,1.356496,0.0,1.356496,1.356496,1.356496,62.0,64.0,0.154885,0.000496,0.154389,24.0,12.0,12.0,0.0,0.0,0.0,0.0,0.0,-0.0,30679.044922,25524.587891,5154.457031,0.0,0.0,16.95545,8.109128,8.109128,0.0,0.0,0.0,0.0,0.0,0.0,0.0,0.0,0.0,0.0,0.0,0.0,0.0,0.0,0.0,1.0,0.0,0.0,0.0,0.0,0.0,0.0,0.0,0.0,0.0,0.0,0.0,0.0,0.0,0.0,0.0,0.0,14.0
6484.0,5091.0,1393.0,0.0,0.0,363.642853,77.388885,64256.0,31872.0,3.515859,1721542656.0,3.515859,0.0,3.515859,3.515859,3.515859,62.0,64.0,0.154318,0.0005,0.153818,32.0,14.0,18.0,0.0,0.0,4.0,0.0,4.0,-0.0,13752.542969,10758.111328,2994.431885,11.111111,0.0,8.817191,3.697532,4.835234,0.0,1.0,0.0,0.0,0.0,0.0,0.0,0.0,0.0,0.0,0.0,0.0,0.0,0.0,0.0,1.0,0.0,0.0,0.0,0.0,0.0,0.0,0.0,0.0,0.0,0.0,0.0,0.0,0.0,0.0,0.0,1.0,14.0
132.0,66.0,66.0,0.0,0.0,66.0,66.0,64256.0,31872.0,0.000496,1721542656.0,0.000496,0.0,0.000496,0.000496,0.000496,62.0,64.0,0.184251,0.001198,0.183053,2.0,1.0,1.0,0.0,0.0,0.0,0.0,0.0,-0.0,0.0,0.0,0.0,0.0,0.0,2016.129028,0.0,0.0,0.0,0.0,0.0,0.0,1.0,0.0,0.0,0.0,1.0,0.0,0.0,0.0,0.0,0.0,0.0,0.0,0.0,0.0,0.0,0.0,0.0,0.0,0.0,0.0,0.0,0.0,0.0,0.0,0.0,0.0,0.0,0.0,14.0
296.0,74.0,222.0,0.0,0.0,74.0,74.0,8222720.0,4077568.0,3.062877,1721542656.0,3.062877,0.0,3.062877,3.062877,3.062877,62.0,64.0,0.000497,0.000497,0.0,4.0,1.0,3.0,0.0,0.0,2.0,0.0,2.0,-0.0,386.564667,0.0,386.564667,33.333333,0.0,0.979471,0.0,0.652981,0.0,1.0,0.0,0.0,0.0,0.0,0.0,0.0,0.0,0.0,0.0,0.0,0.0,0.0,0.0,0.0,0.0,0.0,0.0,0.0,0.0,0.0,0.0,0.0,0.0,0.0,0.0,1.0,0.0,0.0,0.0,0.0,14.0
6146.0,5061.0,1085.0,0.0,0.0,460.090912,77.5,64256.0,31872.0,0.572849,1721542656.0,0.572849,0.0,0.572849,0.572849,0.572849,62.0,64.0,0.047574,0.000497,0.047077,25.0,11.0,14.0,0.0,0.0,1.0,0.0,1.0,-0.0,78331.289062,64254.28125,14077.008789,3.846154,0.0,41.895859,17.456608,22.69359,0.0,1.0,0.0,0.0,1.0,0.0,0.0,0.0,0.0,0.0,0.0,0.0,1.0,0.0,0.0,0.0,0.0,0.0,0.0,0.0,0.0,0.0,0.0,0.0,0.0,0.0,0.0,0.0,0.0,0.0,0.0,0.0,14.0
6313.0,5279.0,1034.0,0.0,0.0,479.909088,79.53846,64256.0,31872.0,3.923951,1721542656.0,3.923951,0.0,3.923951,3.923951,3.923951,62.0,64.0,0.215607,0.001869,0.213738,24.0,11.0,13.0,0.0,0.0,3.0,0.0,3.0,-0.0,11733.072266,9786.054688,1947.017212,11.111111,0.0,5.861439,2.548452,3.058142,0.0,1.0,0.0,0.0,0.0,0.0,0.0,0.0,0.0,0.0,0.0,0.0,0.0,0.0,0.0,0.0,0.0,0.0,0.0,0.0,0.0,0.0,0.0,0.0,0.0,1.0,0.0,0.0,0.0,0.0,0.0,0.0,14.0
148.0,0.0,148.0,0.0,0.0,0.0,74.0,197300.1840419336,95686.87047841308,4.928452,1721542656.0,4.928452,0.0,4.928452,4.928452,4.928452,62.0,64.0,0.215607,0.001869,0.213738,2.0,0.0,2.0,0.0,0.0,0.0,0.0,1.0,-0.0,120.118851,0.0,120.118851,0.0,0.0,0.202903,0.0,0.202903,0.0,1.0,0.0,0.0,1.0,0.0,0.0,0.0,0.0,0.0,0.0,0.0,0.0,0.0,0.0,0.0,0.0,0.0,0.0,0.0,0.0,0.0,0.0,0.0,0.0,0.0,0.0,0.0,0.0,1.0,0.0,0.0,14.0
609.0,270.0,339.0,0.0,0.0,67.5,67.800003,64256.0,31872.0,2.576958,1721542656.0,2.576958,0.0,2.576958,2.576958,2.576958,62.0,64.0,0.215607,0.001869,0.213738,9.0,4.0,5.0,0.0,0.0,0.0,0.0,0.0,-0.0,1474.606934,630.200439,844.406494,0.0,0.0,3.104436,1.164163,1.552218,0.0,0.0,0.0,0.0,1.0,0.0,0.0,0.0,0.0,0.0,0.0,1.0,0.0,0.0,0.0,0.0,0.0,0.0,0.0,0.0,0.0,0.0,0.0,0.0,0.0,0.0,0.0,0.0,0.0,0.0,0.0,0.0,14.0
8537.0,7231.0,1306.0,0.0,0.0,482.066681,81.625,64256.0,31872.0,4.964465,1721542656.0,4.964465,0.0,4.964465,4.964465,4.964465,62.0,64.0,0.292035,0.001494,0.290541,31.0,15.0,16.0,0.0,0.0,5.0,3.0,2.0,-0.0,12849.722656,10875.693359,1974.029419,13.888889,0.0,6.042947,2.820042,3.021474,1.0,0.0,0.0,0.0,0.0,0.0,0.0,0.0,0.0,0.0,0.0,0.0,0.0,0.0,0.0,0.0,0.0,0.0,0.0,0.0,0.0,0.0,0.0,0.0,1.0,0.0,0.0,0.0,0.0,0.0,0.0,1.0,14.0
300.0,72.0,228.0,0.0,0.0,72.0,76.0,64256.0,31872.0,2.192098,1721542656.0,2.192098,0.0,2.192098,2.192098,2.192098,62.0,64.0,0.292035,0.001494,0.290541,4.0,1.0,3.0,0.0,0.0,3.0,0.0,3.0,-0.0,554.719727,0.0,554.719727,42.857143,0.0,1.368552,0.0,0.912368,0.0,1.0,0.0,0.0,1.0,0.0,0.0,0.0,0.0,0.0,0.0,0.0,0.0,0.0,0.0,0.0,0.0,1.0,0.0,0.0,0.0,0.0,0.0,0.0,0.0,0.0,0.0,0.0,0.0,0.0,0.0,1.0,14.0
207.0,66.0,141.0,0.0,0.0,66.0,70.5,64256.0,31872.0,0.001507,1721542656.0,0.001507,0.0,0.001507,0.001507,0.001507,62.0,64.0,0.292035,0.001494,0.290541,3.0,1.0,2.0,0.0,0.0,1.0,0.0,1.0,-0.0,376907.78125,0.0,376907.78125,25.0,0.0,1327.140015,0.0,663.570007,0.0,1.0,0.0,0.0,1.0,0.0,0.0,0.0,0.0,1.0,0.0,0.0,0.0,0.0,0.0,0.0,0.0,0.0,0.0,0.0,0.0,0.0,0.0,0.0,0.0,0.0,0.0,0.0,0.0,0.0,0.0,1.0,14.0
6886.0,5867.0,1019.0,0.0,0.0,451.307678,78.384613,64256.0,31872.0,2.100768,1721542656.0,2.100768,0.0,2.100768,2.100768,2.100768,61.0,64.0,0.511328,0.001224,0.510104,26.0,13.0,13.0,0.0,0.0,0.0,0.0,0.0,-0.0,24208.289062,20624.837891,3583.451172,0.0,0.0,11.90041,5.712196,5.712196,0.0,0.0,0.0,0.0,0.0,0.0,0.0,0.0,0.0,0.0,0.0,0.0,0.0,0.0,0.0,1.0,0.0,0.0,0.0,0.0,0.0,0.0,0.0,0.0,0.0,0.0,0.0,0.0,0.0,0.0,0.0,0.0,14.0
7120.0,6101.0,1019.0,0.0,0.0,469.307678,78.384613,64256.0,31872.0,0.849557,1721542656.0,0.849557,0.0,0.849557,0.849557,0.849557,61.0,64.0,0.09305,0.000993,0.092057,26.0,13.0,13.0,0.0,0.0,0.0,0.0,0.0,-0.0,61895.789062,53034.699219,8861.088867,0.0,0.0,29.427101,14.125009,14.125009,0.0,0.0,0.0,0.0,0.0,0.0,0.0,0.0,0.0,0.0,0.0,0.0,0.0,0.0,0.0,1.0,0.0,0.0,0.0,0.0,0.0,0.0,0.0,0.0,0.0,0.0,0.0,0.0,0.0,0.0,0.0,0.0,14.0
1193.0,542.0,651.0,0.0,0.0,77.428574,81.375,64256.0,31872.0,3.43997,1721542656.0,3.43997,0.0,3.43997,3.43997,3.43997,61.0,64.0,0.200101,0.002114,0.197987,15.0,7.0,8.0,0.0,0.0,4.0,1.0,3.0,-0.0,2406.997803,1081.404785,1325.592896,21.052632,0.0,4.069803,1.744201,2.034901,1.0,0.0,0.0,0.0,0.0,0.0,0.0,0.0,0.0,0.0,0.0,0.0,0.0,0.0,0.0,0.0,0.0,0.0,0.0,0.0,0.0,0.0,0.0,0.0,0.0,1.0,0.0,0.0,0.0,0.0,0.0,1.0,14.0
6673.0,6083.0,590.0,0.0,0.0,608.299988,73.75,64256.0,31872.0,1.662997,1721542656.0,1.662997,0.0,1.662997,1.662997,1.662997,62.0,64.0,0.200101,0.002114,0.197987,18.0,10.0,8.0,0.0,0.0,0.0,0.0,0.0,-0.0,28825.066406,26337.990234,2487.075928,0.0,0.0,10.222507,5.411916,4.209268,0.0,0.0,0.0,0.0,1.0,0.0,0.0,0.0,0.0,0.0,0.0,1.0,0.0,0.0,0.0,0.0,0.0,0.0,0.0,0.0,0.0,0.0,0.0,0.0,0.0,0.0,0.0,0.0,0.0,0.0,0.0,1.0,14.0
7606.0,6587.0,1019.0,0.0,0.0,506.692322,78.384613,64256.0,31872.0,1.87954,1721542656.0,1.87954,0.0,1.87954,1.87954,1.87954,62.0,64.0,0.321186,0.00096,0.320226,26.0,13.0,13.0,0.0,0.0,0.0,0.0,0.0,-0.0,29888.164062,25882.929688,4005.235352,0.0,0.0,13.301127,6.384541,6.384541,0.0,0.0,0.0,0.0,0.0,0.0,0.0,0.0,0.0,0.0,0.0,0.0,0.0,0.0,0.0,1.0,0.0,0.0,0.0,0.0,0.0,0.0,0.0,0.0,0.0,0.0,0.0,0.0,0.0,0.0,0.0,0.0,14.0
8003.0,6701.0,1302.0,0.0,0.0,558.416687,86.800003,64256.0,31872.0,4.885768,1721542656.0,4.885768,0.0,4.885768,4.885768,4.885768,62.0,64.0,0.107735,0.000496,0.107239,27.0,12.0,15.0,0.0,0.0,4.0,0.0,4.0,-0.0,12049.691406,10058.602539,1991.089233,12.903226,0.0,5.321579,2.251437,2.865466,0.0,1.0,0.0,0.0,0.0,0.0,0.0,0.0,0.0,0.0,0.0,0.0,0.0,0.0,0.0,0.0,0.0,0.0,0.0,0.0,0.0,0.0,0.0,0.0,0.0,1.0,0.0,0.0,0.0,0.0,0.0,1.0,14.0
791.0,288.0,503.0,0.0,0.0,96.0,71.85714,64256.0,31872.0,3.609847,1721542656.0,3.609847,0.0,3.609847,3.609847,3.609847,62.0,64.0,0.107735,0.000496,0.107239,10.0,3.0,7.0,0.0,0.0,3.0,0.0,3.0,-0.0,1382.884033,425.502777,957.381287,23.076923,0.0,2.493181,0.55404,1.66212,0.0,1.0,0.0,0.0,1.0,0.0,0.0,0.0,0.0,0.0,0.0,1.0,0.0,0.0,0.0,0.0,0.0,0.0,0.0,0.0,0.0,0.0,0.0,0.0,0.0,0.0,0.0,0.0,0.0,0.0,0.0,1.0,14.0
296.0,74.0,222.0,0.0,0.0,74.0,74.0,8222720.0,4077568.0,3.097374,1721542656.0,3.097374,0.0,3.097374,3.097374,3.097374,62.0,64.0,0.0,0.0,0.0,4.0,1.0,3.0,0.0,0.0,2.0,0.0,2.0,-0.0,382.259308,0.0,382.259308,33.333333,0.0,0.968562,0.0,0.645708,0.0,1.0,0.0,0.0,0.0,0.0,0.0,0.0,0.0,0.0,0.0,0.0,0.0,0.0,0.0,0.0,0.0,0.0,0.0,0.0,0.0,0.0,0.0,0.0,0.0,0.0,0.0,1.0,0.0,0.0,0.0,0.0,14.0
8306.0,7155.0,1151.0,0.0,0.0,511.071442,76.73333,64256.0,31872.0,1.046695,1721542656.0,1.046695,0.0,1.046695,1.046695,1.046695,62.0,64.0,0.182028,0.0,0.182028,29.0,14.0,15.0,0.0,0.0,1.0,0.0,1.0,-0.0,58997.128906,50780.792969,8216.337891,3.333333,0.0,26.750868,12.420046,13.375434,0.0,1.0,0.0,0.0,1.0,0.0,0.0,0.0,0.0,0.0,0.0,0.0,1.0,0.0,0.0,0.0,0.0,0.0,0.0,0.0,0.0,0.0,0.0,0.0,0.0,0.0,0.0,0.0,0.0,0.0,0.0,0.0,14.0
8446.0,7427.0,1019.0,0.0,0.0,530.5,78.384613,64256.0,31872.0,1.961931,1721542656.0,1.961931,0.0,1.961931,1.961931,1.961931,61.0,64.0,0.214365,0.004069,0.210296,27.0,14.0,13.0,0.0,0.0,0.0,0.0,0.0,-0.0,31960.349609,28123.3125,3837.036133,0.0,0.0,13.25225,6.626125,6.116423,0.0,0.0,0.0,0.0,0.0,0.0,0.0,0.0,0.0,0.0,0.0,0.0,0.0,0.0,0.0,1.0,0.0,0.0,0.0,0.0,0.0,0.0,0.0,0.0,0.0,0.0,0.0,0.0,0.0,0.0,0.0,0.0,14.0
3014.0,2153.0,861.0,2896.0,0.0,239.222229,86.099998,64256.0,31872.0,4.695669,1721542656.0,4.695669,0.0,4.695669,4.695669,4.695669,62.0,64.0,0.293012,0.002032,0.29098,19.0,9.0,10.0,0.0,0.0,2.0,0.0,2.0,-0.0,4581.242676,3260.877197,1320.365601,9.52381,0.0,3.833319,1.703698,1.91666,0.0,1.0,0.0,0.0,0.0,0.0,0.0,0.0,0.0,0.0,0.0,0.0,0.0,0.0,0.0,0.0,0.0,0.0,0.0,0.0,0.0,0.0,0.0,0.0,0.0,1.0,0.0,0.0,0.0,0.0,0.0,1.0,14.0
6463.0,5766.0,697.0,0.0,0.0,720.75,69.699997,64256.0,31872.0,4.712237,1721542656.0,4.712237,0.0,4.712237,4.712237,4.712237,62.0,64.0,0.293012,0.002032,0.29098,18.0,8.0,10.0,0.0,0.0,3.0,2.0,1.0,-0.0,9632.792969,8566.631836,1066.160278,14.285714,0.0,3.607629,1.485494,1.909921,1.0,0.0,0.0,0.0,1.0,0.0,0.0,0.0,0.0,0.0,0.0,1.0,0.0,0.0,0.0,0.0,0.0,0.0,0.0,0.0,0.0,0.0,0.0,0.0,0.0,0.0,0.0,0.0,0.0,0.0,0.0,1.0,14.0
8992.0,7973.0,1019.0,0.0,0.0,569.5,78.384613,64256.0,31872.0,1.342362,1721542656.0,1.342362,0.0,1.342362,1.342362,1.342362,62.0,64.0,0.156268,0.0,0.156268,27.0,14.0,13.0,0.0,0.0,0.0,0.0,0.0,-0.0,49733.230469,44125.203125,5608.024902,0.0,0.0,19.368843,9.684422,8.939466,0.0,0.0,0.0,0.0,0.0,0.0,0.0,0.0,0.0,0.0,0.0,0.0,0.0,0.0,0.0,1.0,0.0,0.0,0.0,0.0,0.0,0.0,0.0,0.0,0.0,0.0,0.0,0.0,0.0,0.0,0.0,0.0,14.0
9604.0,8255.0,1349.0,0.0,0.0,589.642883,84.3125,64256.0,31872.0,4.059677,1721542656.0,4.059677,0.0,4.059677,4.059677,4.059677,62.0,64.0,0.277749,0.001545,0.276204,30.0,14.0,16.0,0.0,0.0,3.0,0.0,3.0,-0.0,17599.429688,15106.620117,2492.809082,9.090909,0.0,7.143425,3.202225,3.694875,0.0,1.0,0.0,0.0,0.0,0.0,0.0,0.0,0.0,0.0,0.0,0.0,0.0,0.0,0.0,1.0,0.0,0.0,0.0,0.0,0.0,0.0,0.0,0.0,0.0,0.0,0.0,0.0,0.0,0.0,0.0,0.0,14.0
9842.0,8609.0,1233.0,0.0,0.0,573.93335,77.0625,64256.0,31872.0,3.338594,1721542656.0,3.338594,0.0,3.338594,3.338594,3.338594,62.0,64.0,0.169614,0.000993,0.168621,31.0,15.0,16.0,0.0,0.0,2.0,0.0,2.0,-0.0,22026.039062,19256.009766,2770.02832,6.060606,0.0,8.985819,4.193382,4.492909,0.0,1.0,0.0,0.0,0.0,0.0,0.0,0.0,0.0,0.0,0.0,0.0,0.0,0.0,0.0,1.0,0.0,0.0,0.0,0.0,0.0,0.0,0.0,0.0,0.0,0.0,0.0,0.0,0.0,0.0,0.0,0.0,14.0
10062.0,8903.0,1159.0,0.0,0.0,593.533325,77.26667,64256.0,31872.0,2.331682,1721542656.0,2.331682,0.0,2.331682,2.331682,2.331682,62.0,64.0,0.150353,0.0,0.150353,30.0,15.0,15.0,0.0,0.0,1.0,0.0,1.0,-0.0,32223.949219,28511.607422,3712.341553,3.225806,0.0,12.437374,6.00425,6.00425,0.0,1.0,0.0,0.0,0.0,0.0,0.0,0.0,0.0,0.0,0.0,0.0,0.0,0.0,0.0,1.0,0.0,0.0,0.0,0.0,0.0,0.0,0.0,0.0,0.0,0.0,0.0,0.0,0.0,0.0,0.0,0.0,14.0
10288.0,9203.0,1085.0,0.0,0.0,613.533325,77.5,64256.0,31872.0,1.340753,1721542656.0,1.340753,0.0,1.340753,1.340753,1.340753,62.0,64.0,0.155509,0.000495,0.155014,29.0,15.0,14.0,0.0,0.0,0.0,0.0,0.0,-0.0,57269.3125,51254.78125,6014.530762,0.0,0.0,20.883787,10.441894,9.696044,0.0,0.0,0.0,0.0,0.0,0.0,0.0,0.0,0.0,0.0,0.0,0.0,0.0,0.0,0.0,1.0,0.0,0.0,0.0,0.0,0.0,0.0,0.0,0.0,0.0,0.0,0.0,0.0,0.0,0.0,0.0,0.0,14.0
10471.0,9371.0,1100.0,0.0,0.0,720.84613,78.571426,64256.0,31872.0,4.235245,1721542656.0,4.235245,0.0,4.235245,4.235245,4.235245,62.0,64.0,0.277605,0.0005,0.277105,27.0,13.0,14.0,0.0,0.0,3.0,0.0,3.0,-0.0,18271.433594,16340.966797,1930.466675,10.0,0.0,6.13896,2.833366,3.06948,0.0,1.0,0.0,0.0,0.0,0.0,0.0,0.0,0.0,0.0,0.0,0.0,0.0,0.0,0.0,0.0,0.0,0.0,0.0,0.0,0.0,0.0,0.0,0.0,0.0,1.0,0.0,0.0,0.0,0.0,0.0,0.0,14.0
74.0,0.0,74.0,0.0,0.0,0.0,74.0,197300.1840419336,95686.87047841308,0.0,1721542656.0,0.0,0.0,0.0,0.0,0.0,62.0,64.0,0.277605,0.0005,0.277105,1.0,0.0,1.0,0.0,0.0,0.0,0.0,0.0,-0.0,0.0,0.0,0.0,0.0,0.0,0.0,0.0,0.0,0.0,0.0,0.0,0.0,1.0,0.0,0.0,0.0,0.0,0.0,0.0,0.0,0.0,0.0,0.0,0.0,0.0,0.0,0.0,0.0,0.0,0.0,0.0,0.0,0.0,0.0,0.0,0.0,0.0,1.0,0.0,0.0,14.0
551.0,204.0,347.0,0.0,0.0,68.0,69.400002,64256.0,31872.0,0.74124,1721542656.0,0.74124,0.0,0.74124,0.74124,0.74124,62.0,64.0,0.277605,0.0005,0.277105,8.0,3.0,5.0,0.0,0.0,0.0,0.0,0.0,-0.0,4468.188477,1467.810669,3000.377686,0.0,0.0,9.443635,2.698181,5.396363,0.0,0.0,0.0,0.0,1.0,0.0,0.0,0.0,0.0,0.0,0.0,1.0,0.0,0.0,0.0,0.0,0.0,0.0,0.0,0.0,0.0,0.0,0.0,0.0,0.0,0.0,0.0,0.0,0.0,0.0,0.0,0.0,14.0
10775.0,9749.0,1026.0,0.0,0.0,696.357117,78.92308,64256.0,31872.0,4.842861,1721542656.0,4.842861,0.0,4.842861,4.842861,4.842861,62.0,64.0,0.279267,0.000509,0.278758,27.0,14.0,13.0,0.0,0.0,2.0,0.0,2.0,-0.0,16520.8125,14954.795898,1566.016357,6.896552,0.0,5.368727,2.684364,2.477874,0.0,1.0,0.0,0.0,0.0,0.0,0.0,0.0,0.0,0.0,0.0,0.0,0.0,0.0,0.0,0.0,0.0,0.0,0.0,0.0,0.0,0.0,0.0,0.0,0.0,1.0,0.0,0.0,0.0,0.0,0.0,0.0,14.0
419.0,138.0,281.0,0.0,0.0,69.0,70.25,64256.0,31872.0,0.308355,1721542656.0,0.308355,0.0,0.308355,0.308355,0.308355,62.0,64.0,0.279267,0.000509,0.278758,6.0,2.0,4.0,0.0,0.0,0.0,0.0,0.0,-0.0,7264.354492,1790.144409,5474.209961,0.0,0.0,16.215076,3.243015,9.729046,0.0,0.0,0.0,0.0,1.0,0.0,0.0,0.0,0.0,0.0,0.0,1.0,0.0,0.0,0.0,0.0,0.0,0.0,0.0,0.0,0.0,0.0,0.0,0.0,0.0,0.0,0.0,0.0,0.0,0.0,0.0,0.0,14.0
1292.0,567.0,725.0,0.0,0.0,81.0,80.555557,64256.0,31872.0,4.896041,1721542656.0,4.896041,0.0,4.896041,4.896041,4.896041,62.0,64.0,0.320966,0.0,0.320966,16.0,7.0,9.0,0.0,0.0,3.0,0.0,3.0,-0.0,1848.023804,794.111023,1053.91272,15.789474,0.0,3.0637,1.22548,1.633973,0.0,1.0,0.0,0.0,0.0,0.0,0.0,0.0,0.0,0.0,0.0,0.0,0.0,0.0,0.0,0.0,0.0,0.0,0.0,0.0,0.0,0.0,0.0,0.0,0.0,1.0,0.0,0.0,0.0,0.0,0.0,1.0,14.0
12480.0,11374.0,1106.0,0.0,0.0,874.923096,73.73333,64256.0,31872.0,4.675034,1721542656.0,4.675034,0.0,4.675034,4.675034,4.675034,62.0,64.0,0.320966,0.0,0.320966,28.0,13.0,15.0,0.0,0.0,5.0,0.0,5.0,-0.0,19735.470703,17967.783203,1767.687622,15.151515,0.0,5.775359,2.566826,2.994631,0.0,1.0,0.0,0.0,1.0,0.0,0.0,0.0,0.0,0.0,0.0,0.0,0.0,0.0,0.0,0.0,0.0,1.0,0.0,0.0,0.0,0.0,0.0,0.0,0.0,0.0,0.0,0.0,0.0,0.0,0.0,1.0,14.0
489.0,204.0,285.0,0.0,0.0,68.0,71.25,64256.0,31872.0,1.06535,1721542656.0,1.06535,0.0,1.06535,1.06535,1.06535,62.0,64.0,0.320966,0.0,0.320966,7.0,3.0,4.0,0.0,0.0,2.0,0.0,2.0,-0.0,2628.244141,1021.260559,1606.983521,22.222222,0.0,5.631952,1.877317,2.815976,0.0,1.0,0.0,0.0,1.0,0.0,0.0,0.0,0.0,0.0,0.0,1.0,0.0,0.0,0.0,0.0,0.0,0.0,0.0,0.0,0.0,0.0,0.0,0.0,0.0,0.0,0.0,0.0,0.0,0.0,0.0,1.0,14.0
12271.0,10733.0,1538.0,0.0,0.0,564.894714,76.900002,64256.0,31872.0,3.745364,1721542656.0,3.745364,0.0,3.745364,3.745364,3.745364,62.0,64.0,0.183318,0.001005,0.182313,39.0,19.0,20.0,0.0,0.0,2.0,0.0,2.0,-0.0,24843.513672,21720.71875,3122.793945,4.878049,0.0,10.145877,4.805942,5.072938,0.0,1.0,0.0,0.0,0.0,0.0,0.0,0.0,0.0,0.0,0.0,0.0,0.0,0.0,0.0,1.0,0.0,0.0,0.0,0.0,0.0,0.0,0.0,0.0,0.0,0.0,0.0,0.0,0.0,0.0,0.0,1.0,14.0
11944.0,10859.0,1085.0,0.0,0.0,678.6875,77.5,64256.0,31872.0,0.527829,1721542656.0,0.527829,0.0,0.527829,0.527829,0.527829,62.0,64.0,0.061953,0.000983,0.06097,30.0,16.0,14.0,0.0,0.0,0.0,0.0,0.0,-0.0,169585.234375,154307.546875,15277.675781,0.0,0.0,54.942036,28.418295,24.629189,0.0,0.0,0.0,0.0,0.0,0.0,0.0,0.0,0.0,0.0,0.0,0.0,0.0,0.0,0.0,1.0,0.0,0.0,0.0,0.0,0.0,0.0,0.0,0.0,0.0,0.0,0.0,0.0,0.0,0.0,0.0,0.0,14.0
132.0,66.0,66.0,0.0,0.0,66.0,66.0,64256.0,31872.0,0.000488,1721542656.0,0.000488,0.0,0.000488,0.000488,0.000488,62.0,64.0,0.183318,0.001005,0.182313,2.0,1.0,1.0,0.0,0.0,0.0,0.0,0.0,-0.0,0.0,0.0,0.0,0.0,0.0,2049.18042,0.0,0.0,0.0,0.0,0.0,0.0,1.0,0.0,0.0,0.0,1.0,0.0,0.0,0.0,0.0,0.0,0.0,0.0,0.0,0.0,0.0,0.0,0.0,0.0,0.0,0.0,0.0,0.0,0.0,0.0,0.0,0.0,0.0,1.0,14.0
12412.0,11195.0,1217.0,0.0,0.0,699.6875,76.0625,64256.0,31872.0,0.618911,1721542656.0,0.618911,0.0,0.618911,0.618911,0.618911,62.0,64.0,0.062026,0.000493,0.061533,32.0,16.0,16.0,0.0,0.0,0.0,0.0,0.0,-0.0,150419.03125,135670.546875,14748.485352,0.0,0.0,50.087975,24.236116,24.236116,0.0,0.0,0.0,0.0,0.0,0.0,0.0,0.0,0.0,0.0,0.0,0.0,0.0,0.0,0.0,1.0,0.0,0.0,0.0,0.0,0.0,0.0,0.0,0.0,0.0,0.0,0.0,0.0,0.0,0.0,0.0,0.0,14.0
13140.0,11685.0,1455.0,0.0,0.0,649.166687,76.578949,64256.0,31872.0,4.98646,1721542656.0,4.98646,0.0,4.98646,4.98646,4.98646,62.0,64.0,0.154039,0.000992,0.153047,37.0,18.0,19.0,0.0,0.0,7.0,2.0,5.0,-0.0,19917.935547,17705.544922,2212.391113,15.909091,0.0,7.21955,3.409232,3.609775,1.0,0.0,0.0,0.0,0.0,0.0,0.0,0.0,0.0,0.0,0.0,0.0,0.0,0.0,0.0,0.0,0.0,0.0,0.0,0.0,0.0,0.0,0.0,0.0,1.0,0.0,0.0,0.0,0.0,0.0,0.0,0.0,14.0
132.0,66.0,66.0,0.0,0.0,66.0,66.0,64256.0,31872.0,0.001983,1721542656.0,0.001983,0.0,0.001983,0.001983,0.001983,62.0,64.0,0.154039,0.000992,0.153047,2.0,1.0,1.0,0.0,0.0,0.0,0.0,0.0,-0.0,0.0,0.0,0.0,0.0,0.0,504.286438,0.0,0.0,0.0,0.0,0.0,0.0,1.0,0.0,0.0,0.0,1.0,0.0,0.0,0.0,0.0,0.0,0.0,0.0,0.0,0.0,0.0,0.0,0.0,0.0,0.0,0.0,0.0,0.0,0.0,0.0,0.0,0.0,0.0,0.0,14.0
14067.0,12260.0,1807.0,0.0,0.0,583.809509,75.291664,64256.0,31872.0,4.57387,1721542656.0,4.57387,0.0,4.57387,4.57387,4.57387,62.0,64.0,0.169569,0.00099,0.168579,45.0,21.0,24.0,0.0,0.0,8.0,0.0,8.0,-0.0,23453.222656,20423.841797,3029.38208,15.09434,0.0,9.619862,4.372664,5.028564,0.0,1.0,0.0,0.0,0.0,0.0,0.0,0.0,0.0,0.0,0.0,0.0,0.0,0.0,0.0,1.0,0.0,0.0,0.0,0.0,0.0,0.0,0.0,0.0,0.0,0.0,0.0,0.0,0.0,0.0,0.0,1.0,14.0
13530.0,12305.0,1225.0,0.0,0.0,723.823547,76.5625,64256.0,31872.0,1.729627,1721542656.0,1.729627,0.0,1.729627,1.729627,1.729627,62.0,64.0,0.1553,0.000508,0.154792,33.0,17.0,16.0,0.0,0.0,1.0,0.0,1.0,-0.0,58884.371094,53569.929688,5314.44043,2.941176,0.0,18.501099,9.250549,8.67239,0.0,1.0,0.0,0.0,0.0,0.0,0.0,0.0,0.0,0.0,0.0,0.0,0.0,0.0,0.0,1.0,0.0,0.0,0.0,0.0,0.0,0.0,0.0,0.0,0.0,0.0,0.0,0.0,0.0,0.0,0.0,0.0,14.0
14463.0,12949.0,1514.0,0.0,0.0,616.619019,75.699997,64256.0,31872.0,4.19584,1721542656.0,4.19584,0.0,4.19584,4.19584,4.19584,62.0,64.0,0.15389,0.0,0.15389,41.0,21.0,20.0,0.0,0.0,6.0,1.0,5.0,-0.0,26258.390625,23514.720703,2743.669922,12.765957,0.0,9.533253,4.766626,4.528295,1.0,0.0,0.0,0.0,0.0,0.0,0.0,0.0,0.0,0.0,0.0,0.0,0.0,0.0,0.0,1.0,0.0,0.0,0.0,0.0,0.0,0.0,0.0,0.0,0.0,0.0,0.0,0.0,0.0,0.0,0.0,1.0,14.0
14544.0,13171.0,1373.0,0.0,0.0,693.21051,76.277779,64256.0,31872.0,3.776631,1721542656.0,3.776631,0.0,3.776631,3.776631,3.776631,62.0,64.0,0.160683,0.000997,0.159686,37.0,19.0,18.0,0.0,0.0,4.0,1.0,3.0,-0.0,29179.445312,26432.023438,2747.422119,9.756098,0.0,9.532305,4.766152,4.501366,1.0,0.0,0.0,0.0,0.0,0.0,0.0,0.0,0.0,0.0,0.0,0.0,0.0,0.0,0.0,1.0,0.0,0.0,0.0,0.0,0.0,0.0,0.0,0.0,0.0,0.0,0.0,0.0,0.0,0.0,0.0,0.0,14.0
132.0,66.0,66.0,0.0,0.0,66.0,66.0,64256.0,31872.0,0.000497,1721542656.0,0.000497,0.0,0.000497,0.000497,0.000497,62.0,64.0,0.15389,0.0,0.15389,2.0,1.0,1.0,0.0,0.0,0.0,0.0,0.0,-0.0,0.0,0.0,0.0,0.0,0.0,2012.072388,0.0,0.0,0.0,0.0,0.0,0.0,1.0,0.0,0.0,0.0,1.0,0.0,0.0,0.0,0.0,0.0,0.0,0.0,0.0,0.0,0.0,0.0,0.0,0.0,0.0,0.0,0.0,0.0,0.0,0.0,0.0,0.0,0.0,1.0,14.0
132.0,66.0,66.0,0.0,0.0,66.0,66.0,64256.0,31872.0,0.001092,1721542656.0,0.001092,0.0,0.001092,0.001092,0.001092,62.0,64.0,0.160683,0.000997,0.159686,2.0,1.0,1.0,0.0,0.0,0.0,0.0,0.0,-0.0,0.0,0.0,0.0,0.0,0.0,915.750854,0.0,0.0,0.0,0.0,0.0,0.0,1.0,0.0,0.0,0.0,1.0,0.0,0.0,0.0,0.0,0.0,0.0,0.0,0.0,0.0,0.0,0.0,0.0,0.0,0.0,0.0,0.0,0.0,0.0,0.0,0.0,0.0,0.0,0.0,14.0
14752.0,13469.0,1283.0,0.0,0.0,748.277771,75.470589,64256.0,31872.0,1.282851,1721542656.0,1.282851,0.0,1.282851,1.282851,1.282851,62.0,64.0,0.169557,0.000998,0.168559,35.0,18.0,17.0,0.0,0.0,0.0,0.0,0.0,-0.0,86862.78125,79329.554688,7533.221191,0.0,0.0,26.503468,13.251734,12.47222,0.0,0.0,0.0,0.0,0.0,0.0,0.0,0.0,0.0,0.0,0.0,0.0,0.0,0.0,0.0,1.0,0.0,0.0,0.0,0.0,0.0,0.0,0.0,0.0,0.0,0.0,0.0,0.0,0.0,0.0,0.0,0.0,14.0
15130.0,13847.0,1283.0,0.0,0.0,769.277771,75.470589,64256.0,31872.0,0.653321,1721542656.0,0.653321,0.0,0.653321,0.653321,0.653321,62.0,64.0,0.06201,0.000562,0.061448,35.0,18.0,17.0,0.0,0.0,0.0,0.0,0.0,-0.0,174933.90625,160141.796875,14792.115234,0.0,0.0,52.041798,26.020899,24.490257,0.0,0.0,0.0,0.0,0.0,0.0,0.0,0.0,0.0,0.0,0.0,0.0,0.0,0.0,0.0,1.0,0.0,0.0,0.0,0.0,0.0,0.0,0.0,0.0,0.0,0.0,0.0,0.0,0.0,0.0,0.0,0.0,14.0
132.0,66.0,66.0,0.0,0.0,66.0,66.0,64256.0,31872.0,0.000509,1721542656.0,0.000509,0.0,0.000509,0.000509,0.000509,62.0,64.0,0.160683,0.000997,0.159686,2.0,1.0,1.0,0.0,0.0,0.0,0.0,0.0,-0.0,0.0,0.0,0.0,0.0,0.0,1964.636597,0.0,0.0,0.0,0.0,0.0,0.0,1.0,0.0,0.0,0.0,1.0,0.0,0.0,0.0,0.0,0.0,0.0,0.0,0.0,0.0,0.0,0.0,0.0,0.0,0.0,0.0,0.0,0.0,0.0,0.0,0.0,0.0,0.0,0.0,14.0
15514.0,14231.0,1283.0,0.0,0.0,790.611084,75.470589,64256.0,31872.0,1.421538,1721542656.0,1.421538,0.0,1.421538,1.421538,1.421538,62.0,64.0,0.155035,0.001485,0.15355,35.0,18.0,17.0,0.0,0.0,0.0,0.0,0.0,-0.0,82440.289062,75642.015625,6798.270508,0.0,0.0,23.917757,11.958879,11.255415,0.0,0.0,0.0,0.0,0.0,0.0,0.0,0.0,0.0,0.0,0.0,0.0,0.0,0.0,0.0,1.0,0.0,0.0,0.0,0.0,0.0,0.0,0.0,0.0,0.0,0.0,0.0,0.0,0.0,0.0,0.0,0.0,14.0
16421.0,14759.0,1662.0,0.0,0.0,737.950012,75.545456,64256.0,31872.0,1.826611,1721542656.0,1.826611,0.0,1.826611,1.826611,1.826611,62.0,64.0,0.169333,0.002377,0.166956,42.0,20.0,22.0,0.0,0.0,1.0,0.0,1.0,-0.0,68362.664062,61412.089844,6950.57666,2.325581,0.0,22.445938,10.401776,11.4967,0.0,1.0,0.0,0.0,0.0,0.0,0.0,0.0,0.0,0.0,0.0,0.0,0.0,0.0,0.0,1.0,0.0,0.0,0.0,0.0,0.0,0.0,0.0,0.0,0.0,0.0,0.0,0.0,0.0,0.0,0.0,1.0,14.0
16448.0,15083.0,1365.0,0.0,0.0,793.842102,75.833336,64256.0,31872.0,2.127816,1721542656.0,2.127816,0.0,2.127816,2.127816,2.127816,62.0,64.0,0.15372,0.000496,0.153224,37.0,19.0,18.0,0.0,0.0,2.0,0.0,2.0,-0.0,58576.496094,53726.449219,4850.043457,5.128205,0.0,16.918756,8.459378,7.989413,0.0,1.0,0.0,0.0,0.0,0.0,0.0,0.0,0.0,0.0,0.0,0.0,0.0,0.0,0.0,1.0,0.0,0.0,0.0,0.0,0.0,0.0,0.0,0.0,0.0,0.0,0.0,0.0,0.0,0.0,0.0,0.0,14.0
17093.0,15584.0,1509.0,0.0,0.0,779.200012,75.449997,64256.0,31872.0,2.274328,1721542656.0,2.274328,0.0,2.274328,2.274328,2.274328,62.0,64.0,0.171202,0.000495,0.170707,40.0,20.0,20.0,0.0,0.0,2.0,0.0,2.0,-0.0,57121.046875,52076.921875,5044.127441,4.761905,0.0,17.147923,8.354116,8.354116,0.0,1.0,0.0,0.0,0.0,0.0,0.0,0.0,0.0,0.0,0.0,0.0,0.0,0.0,0.0,1.0,0.0,0.0,0.0,0.0,0.0,0.0,0.0,0.0,0.0,0.0,0.0,0.0,0.0,0.0,0.0,1.0,14.0
17746.0,16159.0,1587.0,0.0,0.0,734.5,75.571426,64256.0,31872.0,2.469749,1721542656.0,2.469749,0.0,2.469749,2.469749,2.469749,62.0,64.0,0.168894,0.000497,0.168397,43.0,22.0,21.0,0.0,0.0,2.0,0.0,2.0,-0.0,54862.253906,49964.59375,4897.663574,4.444444,0.0,17.005777,8.502889,8.097989,0.0,1.0,0.0,0.0,0.0,0.0,0.0,0.0,0.0,0.0,0.0,0.0,0.0,0.0,0.0,1.0,0.0,0.0,0.0,0.0,0.0,0.0,0.0,0.0,0.0,0.0,0.0,0.0,0.0,0.0,0.0,1.0,14.0
17237.0,16235.0,1002.0,0.0,0.0,901.944458,77.07692,64256.0,31872.0,1.185363,1721542656.0,1.185363,0.0,1.185363,1.185363,1.185363,62.0,64.0,0.154453,0.000497,0.153956,31.0,18.0,13.0,0.0,0.0,0.0,0.0,0.0,-0.0,109731.78125,103488.96875,6242.812988,0.0,0.0,25.308702,14.341598,10.123481,0.0,0.0,0.0,0.0,0.0,0.0,0.0,0.0,0.0,0.0,0.0,0.0,0.0,0.0,0.0,0.0,0.0,0.0,0.0,0.0,0.0,0.0,0.0,0.0,0.0,1.0,0.0,0.0,0.0,0.0,0.0,0.0,14.0
559.0,138.0,421.0,0.0,0.0,69.0,70.166664,64256.0,31872.0,0.790445,1721542656.0,0.790445,0.0,0.790445,0.790445,0.790445,62.0,64.0,0.154453,0.000497,0.153956,8.0,2.0,6.0,0.0,0.0,1.0,0.0,1.0,-0.0,4250.77002,698.340759,3552.429199,11.111111,0.0,8.855771,1.26511,6.325551,0.0,1.0,0.0,0.0,1.0,0.0,0.0,0.0,0.0,0.0,0.0,1.0,0.0,0.0,0.0,0.0,0.0,0.0,0.0,0.0,0.0,0.0,0.0,0.0,0.0,0.0,0.0,0.0,0.0,0.0,0.0,0.0,14.0
1824.0,687.0,1137.0,0.0,0.0,85.875,87.46154,64256.0,31872.0,4.809859,1721542656.0,4.809859,0.0,4.809859,4.809859,4.809859,62.0,64.0,0.199803,0.000914,0.198889,21.0,8.0,13.0,0.0,0.0,5.0,0.0,5.0,-0.0,2747.689697,1001.276794,1746.412964,19.230769,0.0,4.158126,1.455344,2.494876,0.0,1.0,0.0,0.0,0.0,0.0,0.0,0.0,0.0,0.0,0.0,0.0,0.0,0.0,0.0,0.0,0.0,0.0,0.0,0.0,0.0,0.0,0.0,0.0,0.0,1.0,0.0,0.0,0.0,0.0,0.0,1.0,14.0
5240.0,4713.0,527.0,0.0,0.0,942.599976,75.285713,64256.0,31872.0,3.281552,1721542656.0,3.281552,0.0,3.281552,3.281552,3.281552,62.0,64.0,0.199803,0.000914,0.198889,12.0,5.0,7.0,0.0,0.0,1.0,0.0,1.0,-0.0,10295.12793,9193.210938,1101.917603,7.692308,0.0,3.352072,1.218935,1.828403,0.0,1.0,0.0,0.0,1.0,0.0,0.0,0.0,0.0,0.0,0.0,0.0,0.0,0.0,0.0,0.0,0.0,0.0,1.0,0.0,0.0,0.0,0.0,0.0,0.0,0.0,0.0,0.0,0.0,0.0,0.0,1.0,14.0
1592.0,1514.0,78.0,0.0,0.0,1514.0,78.0,64256.0,31872.0,0.000498,1721542656.0,0.000498,0.0,0.000498,0.000498,0.000498,62.0,64.0,0.199803,0.000914,0.198889,2.0,1.0,1.0,0.0,0.0,0.0,0.0,0.0,-0.0,0.0,0.0,0.0,0.0,0.0,2008.032104,0.0,0.0,0.0,0.0,0.0,0.0,1.0,1.0,0.0,0.0,0.0,0.0,0.0,0.0,0.0,0.0,0.0,0.0,0.0,0.0,0.0,0.0,0.0,0.0,0.0,0.0,0.0,0.0,0.0,0.0,0.0,0.0,0.0,1.0,14.0
3184.0,3028.0,156.0,7239.0,0.0,1514.0,78.0,64256.0,31872.0,3.326148,1721542656.0,3.326148,0.0,3.326148,3.326148,3.326148,62.0,64.0,0.199803,0.000914,0.198889,4.0,2.0,2.0,0.0,0.0,0.0,0.0,0.0,-0.0,3829.053955,3641.449463,187.604401,0.0,0.0,0.901944,0.300648,0.300648,0.0,0.0,1.0,0.0,1.0,1.0,0.0,0.0,0.0,0.0,0.0,0.0,0.0,0.0,0.0,0.0,0.0,0.0,0.0,0.0,0.0,0.0,0.0,0.0,0.0,0.0,0.0,0.0,0.0,0.0,0.0,1.0,14.0
10971.0,10176.0,795.0,0.0,0.0,1130.666626,72.272728,64256.0,31872.0,1.637408,1721542656.0,1.637408,0.0,1.637408,1.637408,1.637408,62.0,64.0,0.199803,0.000914,0.198889,20.0,9.0,11.0,0.0,0.0,8.0,6.0,2.0,-0.0,47729.09375,44196.679688,3532.412109,28.571429,0.0,11.603705,4.885771,6.107213,1.0,0.0,0.0,0.0,1.0,0.0,0.0,0.0,0.0,0.0,0.0,1.0,0.0,0.0,0.0,0.0,0.0,0.0,0.0,0.0,0.0,0.0,0.0,0.0,0.0,0.0,0.0,0.0,0.0,0.0,0.0,1.0,14.0
18436.0,17219.0,1217.0,0.0,0.0,860.950012,76.0625,64256.0,31872.0,0.557679,1721542656.0,0.557679,0.0,0.557679,0.557679,0.557679,62.0,64.0,0.061949,0.000496,0.061453,36.0,20.0,16.0,0.0,0.0,0.0,0.0,0.0,-0.0,251040.46875,234672.640625,16367.838867,0.0,0.0,62.76012,34.069778,26.897194,0.0,0.0,0.0,0.0,0.0,0.0,0.0,0.0,0.0,0.0,0.0,0.0,0.0,0.0,0.0,1.0,0.0,0.0,0.0,0.0,0.0,0.0,0.0,0.0,0.0,0.0,0.0,0.0,0.0,0.0,0.0,0.0,14.0
19000.0,17717.0,1283.0,0.0,0.0,843.666687,75.470589,64256.0,31872.0,0.602983,1721542656.0,0.602983,0.0,0.602983,0.602983,0.602983,62.0,64.0,0.062133,0.000501,0.061632,38.0,21.0,17.0,0.0,0.0,0.0,0.0,0.0,-0.0,239900.625,223873.640625,16026.986328,0.0,0.0,61.361599,33.16843,26.534744,0.0,0.0,0.0,0.0,0.0,0.0,0.0,0.0,0.0,0.0,0.0,0.0,0.0,0.0,0.0,1.0,0.0,0.0,0.0,0.0,0.0,0.0,0.0,0.0,0.0,0.0,0.0,0.0,0.0,0.0,0.0,0.0,14.0
518.0,222.0,296.0,0.0,0.0,74.0,74.0,8222720.0,4077568.0,3.028271,1721542656.0,3.028271,0.0,3.028271,3.028271,3.028271,62.0,64.0,0.000955,0.000955,0.0,7.0,3.0,4.0,0.0,0.0,5.0,2.0,3.0,-0.0,977.455444,390.982178,586.473267,41.666667,0.0,1.981329,0.660443,0.990664,1.0,0.0,0.0,0.0,0.0,0.0,0.0,0.0,0.0,0.0,0.0,0.0,0.0,0.0,0.0,0.0,0.0,0.0,0.0,0.0,0.0,0.0,0.0,0.0,0.0,0.0,0.0,1.0,0.0,0.0,0.0,0.0,14.0
222.0,74.0,148.0,0.0,0.0,74.0,74.0,8222720.0,4077568.0,2.035374,1721542656.0,2.035374,0.0,2.035374,2.035374,2.035374,62.0,64.0,0.000955,0.000955,0.0,3.0,1.0,2.0,0.0,0.0,3.0,1.0,2.0,-0.0,290.855652,0.0,290.855652,50.0,0.0,0.98262,0.0,0.49131,1.0,0.0,0.0,0.0,1.0,0.0,0.0,0.0,0.0,0.0,0.0,0.0,0.0,0.0,0.0,0.0,0.0,0.0,0.0,0.0,0.0,0.0,0.0,0.0,0.0,0.0,0.0,1.0,0.0,0.0,0.0,0.0,14.0
19724.0,18147.0,1577.0,0.0,0.0,864.142883,78.849998,64256.0,31872.0,2.917338,1721542656.0,2.917338,0.0,2.917338,2.917338,2.917338,62.0,64.0,0.165682,0.000955,0.164727,41.0,21.0,20.0,0.0,0.0,4.0,0.0,4.0,-0.0,51504.488281,47393.894531,4110.59668,8.888889,0.0,13.71113,6.855565,6.512787,0.0,1.0,0.0,0.0,1.0,0.0,0.0,0.0,0.0,0.0,0.0,0.0,1.0,0.0,0.0,0.0,0.0,0.0,0.0,0.0,0.0,0.0,0.0,0.0,0.0,0.0,0.0,0.0,0.0,0.0,0.0,0.0,14.0
518.0,222.0,296.0,0.0,0.0,74.0,74.0,8222720.0,4077568.0,2.993986,1721542656.0,2.993986,0.0,2.993986,2.993986,2.993986,62.0,64.0,0.000993,0.000993,0.0,7.0,3.0,4.0,0.0,0.0,5.0,2.0,3.0,-0.0,988.648621,395.459442,593.189148,41.666667,0.0,2.004017,0.668006,1.002009,1.0,0.0,0.0,0.0,0.0,0.0,0.0,0.0,0.0,0.0,0.0,0.0,0.0,0.0,0.0,0.0,0.0,0.0,0.0,0.0,0.0,0.0,0.0,0.0,0.0,0.0,0.0,1.0,0.0,0.0,0.0,0.0,14.0
222.0,74.0,148.0,0.0,0.0,74.0,74.0,8222720.0,4077568.0,2.225415,1721542656.0,2.225415,0.0,2.225415,2.225415,2.225415,62.0,64.0,0.000993,0.000993,0.0,3.0,1.0,2.0,0.0,0.0,3.0,1.0,2.0,-0.0,266.017792,0.0,266.017792,50.0,0.0,0.898709,0.0,0.449354,1.0,0.0,0.0,0.0,1.0,0.0,0.0,0.0,0.0,0.0,0.0,0.0,0.0,0.0,0.0,0.0,0.0,0.0,0.0,0.0,0.0,0.0,0.0,0.0,0.0,0.0,0.0,1.0,0.0,0.0,0.0,0.0,14.0
19808.0,18525.0,1283.0,0.0,0.0,926.25,75.470589,64256.0,31872.0,0.56088,1721542656.0,0.56088,0.0,0.56088,0.56088,0.56088,62.0,64.0,0.050194,0.000993,0.049201,37.0,20.0,17.0,0.0,0.0,1.0,0.0,1.0,-0.0,268249.875,251019.828125,17230.066406,2.631579,0.0,64.184853,33.87534,28.5266,0.0,1.0,0.0,0.0,1.0,0.0,0.0,0.0,0.0,0.0,0.0,0.0,1.0,0.0,0.0,0.0,0.0,0.0,0.0,0.0,0.0,0.0,0.0,0.0,0.0,0.0,0.0,0.0,0.0,0.0,0.0,0.0,14.0
20596.0,19181.0,1415.0,0.0,0.0,833.956543,74.473686,64256.0,31872.0,0.619183,1721542656.0,0.619183,0.0,0.619183,0.619183,0.619183,62.0,64.0,0.062012,0.000498,0.061514,42.0,23.0,19.0,0.0,0.0,0.0,0.0,0.0,-0.0,254386.828125,237060.765625,17326.056641,0.0,0.0,66.216286,35.530689,29.070566,0.0,0.0,0.0,0.0,0.0,0.0,0.0,0.0,0.0,0.0,0.0,0.0,0.0,0.0,0.0,1.0,0.0,0.0,0.0,0.0,0.0,0.0,0.0,0.0,0.0,0.0,0.0,0.0,0.0,0.0,0.0,0.0,14.0
21246.0,19671.0,1575.0,0.0,0.0,855.260864,75.0,64256.0,31872.0,3.257213,1721542656.0,3.257213,0.0,3.257213,3.257213,3.257213,62.0,64.0,0.170103,0.002557,0.167546,44.0,23.0,21.0,0.0,0.0,2.0,0.0,2.0,-0.0,49897.871094,46213.738281,3684.131104,4.347826,0.0,13.201469,6.75424,6.140218,0.0,1.0,0.0,0.0,0.0,0.0,0.0,0.0,0.0,0.0,0.0,0.0,0.0,0.0,0.0,1.0,0.0,0.0,0.0,0.0,0.0,0.0,0.0,0.0,0.0,0.0,0.0,0.0,0.0,0.0,0.0,1.0,14.0
21316.0,20033.0,1283.0,0.0,0.0,910.590881,75.470589,64256.0,31872.0,1.527181,1721542656.0,1.527181,0.0,1.527181,1.527181,1.527181,62.0,64.0,0.168914,0.001174,0.16774,39.0,22.0,17.0,0.0,0.0,0.0,0.0,0.0,-0.0,106502.109375,100174.109375,6327.999023,0.0,0.0,24.882446,13.750826,10.476819,0.0,0.0,0.0,0.0,0.0,0.0,0.0,0.0,0.0,0.0,0.0,0.0,0.0,0.0,0.0,1.0,0.0,0.0,0.0,0.0,0.0,0.0,0.0,0.0,0.0,0.0,0.0,0.0,0.0,0.0,0.0,0.0,14.0
22212.0,20641.0,1571.0,0.0,0.0,860.041687,74.809525,64256.0,31872.0,3.226524,1721542656.0,3.226524,0.0,3.226524,3.226524,3.226524,62.0,64.0,0.170757,0.00192,0.168837,45.0,24.0,21.0,0.0,0.0,4.0,1.0,3.0,-0.0,52757.703125,49045.96875,3711.734131,8.163265,0.0,13.636966,7.128414,6.198621,1.0,0.0,0.0,0.0,0.0,0.0,0.0,0.0,0.0,0.0,0.0,0.0,0.0,0.0,0.0,1.0,0.0,0.0,0.0,0.0,0.0,0.0,0.0,0.0,0.0,0.0,0.0,0.0,0.0,0.0,0.0,0.0,14.0
22538.0,21041.0,1497.0,0.0,0.0,914.826111,74.849998,64256.0,31872.0,3.701744,1721542656.0,3.701744,0.0,3.701744,3.701744,3.701744,62.0,64.0,0.053243,0.00151,0.051733,43.0,23.0,20.0,0.0,0.0,2.0,0.0,2.0,-0.0,46572.640625,43497.335938,3075.307129,4.444444,0.0,11.346004,5.943144,5.132716,0.0,1.0,0.0,0.0,0.0,0.0,0.0,0.0,0.0,0.0,0.0,0.0,0.0,0.0,0.0,1.0,0.0,0.0,0.0,0.0,0.0,0.0,0.0,0.0,0.0,0.0,0.0,0.0,0.0,0.0,0.0,0.0,14.0
22870.0,21521.0,1349.0,0.0,0.0,935.695679,74.944443,64256.0,31872.0,0.542083,1721542656.0,0.542083,0.0,0.542083,0.542083,0.542083,62.0,64.0,0.063471,0.000497,0.062974,41.0,23.0,18.0,0.0,0.0,0.0,0.0,0.0,-0.0,322622.15625,303805.875,18816.306641,0.0,0.0,73.789436,40.58419,31.36051,0.0,0.0,0.0,0.0,0.0,0.0,0.0,0.0,0.0,0.0,0.0,0.0,0.0,0.0,0.0,1.0,0.0,0.0,0.0,0.0,0.0,0.0,0.0,0.0,0.0,0.0,0.0,0.0,0.0,0.0,0.0,0.0,14.0
1387.0,561.0,826.0,0.0,0.0,80.14286,91.777779,64256.0,31872.0,4.818758,1721542656.0,4.818758,0.0,4.818758,4.818758,4.818758,62.0,64.0,0.169392,0.002006,0.167386,16.0,7.0,9.0,0.0,0.0,2.0,0.0,2.0,-0.0,2018.777466,798.546021,1220.231445,11.111111,0.0,3.112835,1.245134,1.660179,0.0,1.0,0.0,0.0,0.0,0.0,0.0,0.0,0.0,0.0,0.0,0.0,0.0,0.0,0.0,0.0,0.0,0.0,0.0,0.0,0.0,0.0,0.0,0.0,0.0,1.0,0.0,0.0,0.0,0.0,0.0,0.0,14.0
24457.0,23092.0,1365.0,0.0,0.0,1215.368408,68.25,64256.0,31872.0,2.378926,1721542656.0,2.378926,0.0,2.378926,2.378926,2.378926,62.0,64.0,0.169392,0.002006,0.167386,39.0,19.0,20.0,0.0,0.0,2.0,0.0,2.0,-0.0,77930.96875,73569.335938,4361.631836,4.878049,0.0,15.973595,7.56644,7.986797,0.0,1.0,0.0,0.0,1.0,0.0,0.0,0.0,0.0,0.0,0.0,1.0,0.0,0.0,0.0,0.0,0.0,0.0,0.0,0.0,0.0,0.0,0.0,0.0,0.0,0.0,0.0,0.0,0.0,0.0,0.0,1.0,14.0
24802.0,23235.0,1567.0,0.0,0.0,929.400024,74.619049,64256.0,31872.0,1.938864,1721542656.0,1.938864,0.0,1.938864,1.938864,1.938864,62.0,64.0,0.168086,0.000512,0.167574,46.0,25.0,21.0,0.0,0.0,1.0,0.0,1.0,-0.0,98197.710938,92037.398438,6160.308105,2.12766,0.0,23.209467,12.378383,10.315319,0.0,1.0,0.0,0.0,0.0,0.0,0.0,0.0,0.0,0.0,0.0,0.0,0.0,0.0,0.0,1.0,0.0,0.0,0.0,0.0,0.0,0.0,0.0,0.0,0.0,0.0,0.0,0.0,0.0,0.0,0.0,1.0,14.0
25489.0,23069.0,2420.0,0.0,0.0,961.208313,75.625,64256.0,31872.0,4.862197,1721542656.0,4.862197,0.0,4.862197,4.862197,4.862197,62.0,64.0,0.169347,0.000501,0.168846,56.0,24.0,32.0,0.0,0.0,6.0,0.0,6.0,-0.0,40233.667969,36375.328125,3858.338135,9.677419,0.0,11.311759,4.730372,6.375719,0.0,1.0,0.0,0.0,0.0,0.0,0.0,0.0,0.0,0.0,0.0,0.0,0.0,0.0,0.0,0.0,0.0,0.0,0.0,0.0,0.0,0.0,0.0,0.0,1.0,0.0,0.0,0.0,0.0,0.0,0.0,1.0,14.0
198.0,132.0,66.0,0.0,0.0,66.0,66.0,64256.0,31872.0,0.000761,1721542656.0,0.000761,0.0,0.000761,0.000761,0.000761,62.0,64.0,0.169347,0.000501,0.168846,3.0,2.0,1.0,0.0,0.0,0.0,0.0,0.0,-0.0,693823.9375,693823.9375,0.0,0.0,0.0,2628.121094,1314.060547,0.0,0.0,0.0,0.0,0.0,1.0,0.0,0.0,0.0,1.0,0.0,0.0,0.0,0.0,0.0,0.0,0.0,0.0,0.0,0.0,0.0,0.0,0.0,0.0,0.0,0.0,0.0,0.0,0.0,0.0,0.0,0.0,1.0,14.0
25336.0,23773.0,1563.0,0.0,0.0,880.481506,74.428574,64256.0,31872.0,1.789666,1721542656.0,1.789666,0.0,1.789666,1.789666,1.789666,62.0,64.0,0.169923,0.001056,0.168867,48.0,27.0,21.0,0.0,0.0,3.0,1.0,2.0,-0.0,108990.164062,102334.171875,6655.990234,5.882353,0.0,26.261883,14.52785,11.175269,1.0,0.0,0.0,0.0,0.0,0.0,0.0,0.0,0.0,0.0,0.0,0.0,0.0,0.0,0.0,1.0,0.0,0.0,0.0,0.0,0.0,0.0,0.0,0.0,0.0,0.0,0.0,0.0,0.0,0.0,0.0,0.0,14.0
25558.0,24143.0,1415.0,0.0,0.0,965.719971,74.473686,64256.0,31872.0,0.623756,1721542656.0,0.623756,0.0,0.623756,0.623756,0.623756,62.0,64.0,0.061311,0.000989,0.060322,44.0,25.0,19.0,0.0,0.0,0.0,0.0,0.0,-0.0,314469.125,297270.09375,17199.033203,0.0,0.0,68.93721,38.476585,28.857439,0.0,0.0,0.0,0.0,0.0,0.0,0.0,0.0,0.0,0.0,0.0,0.0,0.0,0.0,0.0,1.0,0.0,0.0,0.0,0.0,0.0,0.0,0.0,0.0,0.0,0.0,0.0,0.0,0.0,0.0,0.0,0.0,14.0
26222.0,24733.0,1489.0,0.0,0.0,951.269226,74.449997,64256.0,31872.0,1.590667,1721542656.0,1.590667,0.0,1.590667,1.590667,1.590667,62.0,64.0,0.061917,0.000497,0.06142,46.0,26.0,20.0,0.0,0.0,2.0,1.0,1.0,-0.0,126724.195312,119607.6875,7116.51123,4.166667,0.0,28.29002,15.716678,11.944674,1.0,0.0,0.0,0.0,0.0,0.0,0.0,0.0,0.0,0.0,0.0,0.0,0.0,0.0,0.0,1.0,0.0,0.0,0.0,0.0,0.0,0.0,0.0,0.0,0.0,0.0,0.0,0.0,0.0,0.0,0.0,0.0,14.0
26794.0,25247.0,1547.0,0.0,0.0,971.038452,73.666664,64256.0,31872.0,0.664942,1721542656.0,0.664942,0.0,0.664942,0.664942,0.664942,62.0,64.0,0.06558,0.000496,0.065084,47.0,26.0,21.0,0.0,0.0,0.0,0.0,0.0,-0.0,309801.4375,292067.5625,17733.876953,0.0,0.0,69.178963,37.597263,30.07781,0.0,0.0,0.0,0.0,0.0,0.0,0.0,0.0,0.0,0.0,0.0,0.0,0.0,0.0,0.0,1.0,0.0,0.0,0.0,0.0,0.0,0.0,0.0,0.0,0.0,0.0,0.0,0.0,0.0,0.0,0.0,0.0,14.0
27190.0,25775.0,1415.0,0.0,0.0,991.34613,74.473686,64256.0,31872.0,1.17635,1721542656.0,1.17635,0.0,1.17635,1.17635,1.17635,62.0,64.0,0.138545,0.000993,0.137552,45.0,26.0,19.0,0.0,0.0,0.0,0.0,0.0,-0.0,177668.21875,168548.484375,9119.734375,0.0,0.0,37.403835,21.252178,15.301568,0.0,0.0,0.0,0.0,0.0,0.0,0.0,0.0,0.0,0.0,0.0,0.0,0.0,0.0,0.0,1.0,0.0,0.0,0.0,0.0,0.0,0.0,0.0,0.0,0.0,0.0,0.0,0.0,0.0,0.0,0.0,0.0,14.0
27856.0,26309.0,1547.0,0.0,0.0,1011.884644,73.666664,64256.0,31872.0,0.539026,1721542656.0,0.539026,0.0,0.539026,0.539026,0.539026,62.0,64.0,0.045664,0.000496,0.045168,47.0,26.0,21.0,0.0,0.0,0.0,0.0,0.0,-0.0,397338.875,375462.40625,21876.494141,0.0,0.0,85.339111,46.379951,37.103962,0.0,0.0,0.0,0.0,0.0,0.0,0.0,0.0,0.0,0.0,0.0,0.0,0.0,0.0,0.0,1.0,0.0,0.0,0.0,0.0,0.0,0.0,0.0,0.0,0.0,0.0,0.0,0.0,0.0,0.0,0.0,0.0,14.0
28396.0,26915.0,1481.0,0.0,0.0,996.851868,74.050003,64256.0,43520.0,0.492508,1721542656.0,0.492508,0.0,0.492508,0.492508,0.492508,62.0,64.0,0.067057,0.000497,0.06656,47.0,27.0,20.0,0.0,0.0,0.0,0.0,0.0,-0.0,443866.90625,421012.46875,22854.451172,0.0,0.0,93.399498,52.791019,38.578053,0.0,0.0,0.0,0.0,0.0,0.0,0.0,0.0,0.0,0.0,0.0,0.0,0.0,0.0,0.0,1.0,0.0,0.0,0.0,0.0,0.0,0.0,0.0,0.0,0.0,0.0,0.0,0.0,0.0,0.0,0.0,0.0,14.0
29016.0,27461.0,1555.0,0.0,0.0,1017.074097,74.047623,64256.0,31872.0,1.941603,1721542656.0,1.941603,0.0,1.941603,1.941603,1.941603,62.0,64.0,0.170324,0.001495,0.168829,48.0,27.0,21.0,0.0,0.0,1.0,0.0,1.0,-0.0,115059.570312,108957.398438,6102.174316,2.040816,0.0,24.206802,13.390997,10.300767,0.0,1.0,0.0,0.0,0.0,0.0,0.0,0.0,0.0,0.0,0.0,0.0,0.0,0.0,0.0,1.0,0.0,0.0,0.0,0.0,0.0,0.0,0.0,0.0,0.0,0.0,0.0,0.0,0.0,0.0,0.0,0.0,14.0
30266.0,28079.0,2187.0,0.0,0.0,1002.821411,75.413795,64256.0,31872.0,4.24212,1721542656.0,4.24212,0.0,4.24212,4.24212,4.24212,62.0,64.0,0.154976,0.000995,0.153981,57.0,28.0,29.0,0.0,0.0,5.0,3.0,2.0,-0.0,55046.066406,51063.148438,3982.914307,8.064516,0.0,13.200948,6.364742,6.600474,1.0,0.0,0.0,0.0,0.0,0.0,0.0,0.0,0.0,0.0,0.0,0.0,0.0,0.0,0.0,1.0,0.0,0.0,0.0,0.0,0.0,0.0,0.0,0.0,0.0,0.0,0.0,0.0,0.0,0.0,0.0,1.0,14.0
132.0,66.0,66.0,0.0,0.0,66.0,66.0,64256.0,31872.0,0.001491,1721542656.0,0.001491,0.0,0.001491,0.001491,0.001491,62.0,64.0,0.154976,0.000995,0.153981,2.0,1.0,1.0,0.0,0.0,0.0,0.0,0.0,-0.0,0.0,0.0,0.0,0.0,0.0,670.690857,0.0,0.0,0.0,0.0,0.0,0.0,1.0,0.0,0.0,0.0,1.0,0.0,0.0,0.0,0.0,0.0,0.0,0.0,0.0,0.0,0.0,0.0,0.0,0.0,0.0,0.0,0.0,0.0,0.0,0.0,0.0,0.0,0.0,1.0,14.0
18217.0,17215.0,1002.0,0.0,0.0,956.388916,77.07692,64256.0,31872.0,4.626913,1721542656.0,4.626913,0.0,4.626913,4.626913,4.626913,62.0,64.0,0.168912,0.000826,0.168086,31.0,18.0,13.0,0.0,0.0,0.0,0.0,0.0,-0.0,29711.386719,28112.046875,1599.338501,0.0,0.0,6.483805,3.674156,2.593522,0.0,0.0,0.0,0.0,0.0,0.0,0.0,0.0,0.0,0.0,0.0,0.0,0.0,0.0,0.0,0.0,0.0,0.0,0.0,0.0,0.0,0.0,0.0,0.0,0.0,1.0,0.0,0.0,0.0,0.0,0.0,0.0,14.0
6332.0,6056.0,276.0,0.0,0.0,1514.0,69.0,64256.0,31872.0,0.326784,1721542656.0,0.326784,0.0,0.326784,0.326784,0.326784,62.0,64.0,0.168912,0.000826,0.168086,8.0,4.0,4.0,0.0,0.0,0.0,0.0,0.0,-0.0,116260.273438,111192.710938,5067.567383,0.0,0.0,21.420876,9.180376,9.180376,0.0,0.0,0.0,0.0,1.0,0.0,0.0,0.0,0.0,0.0,0.0,0.0,0.0,0.0,0.0,0.0,1.0,0.0,0.0,0.0,0.0,0.0,0.0,0.0,0.0,0.0,0.0,0.0,0.0,0.0,0.0,1.0,14.0
9083.0,8394.0,689.0,0.0,0.0,1049.25,68.900002,64256.0,31872.0,0.678553,1721542656.0,0.678553,0.0,0.678553,0.678553,0.678553,62.0,64.0,0.168912,0.000826,0.168086,18.0,8.0,10.0,0.0,0.0,0.0,0.0,0.0,-0.0,93917.5,86596.039062,7321.461914,0.0,0.0,25.053312,10.31607,13.263518,0.0,0.0,0.0,0.0,1.0,0.0,0.0,0.0,0.0,0.0,0.0,1.0,0.0,0.0,0.0,0.0,0.0,0.0,0.0,0.0,0.0,0.0,0.0,0.0,0.0,0.0,0.0,0.0,0.0,0.0,0.0,1.0,14.0
30904.0,29275.0,1629.0,0.0,0.0,1009.482788,74.045456,64256.0,31872.0,2.612186,1721542656.0,2.612186,0.0,2.612186,2.612186,2.612186,62.0,64.0,0.093053,0.000497,0.092556,51.0,29.0,22.0,0.0,0.0,3.0,1.0,2.0,-0.0,91328.875,86566.578125,4762.294922,5.555556,0.0,19.141056,10.718992,8.039244,1.0,0.0,0.0,0.0,0.0,0.0,0.0,0.0,0.0,0.0,0.0,0.0,0.0,0.0,0.0,1.0,0.0,0.0,0.0,0.0,0.0,0.0,0.0,0.0,0.0,0.0,0.0,0.0,0.0,0.0,0.0,0.0,14.0
32699.0,30341.0,2358.0,0.0,0.0,978.741943,73.6875,64256.0,31872.0,4.94322,1721542656.0,4.94322,0.0,4.94322,4.94322,4.94322,62.0,64.0,0.168243,0.000982,0.167261,63.0,31.0,32.0,0.0,0.0,7.0,0.0,7.0,-0.0,51218.433594,47520.441406,3697.994385,10.0,0.0,12.542432,6.068919,6.271216,0.0,1.0,0.0,0.0,0.0,0.0,0.0,0.0,0.0,0.0,0.0,0.0,0.0,0.0,0.0,0.0,0.0,0.0,0.0,0.0,0.0,0.0,0.0,0.0,1.0,0.0,0.0,0.0,0.0,0.0,0.0,1.0,14.0
207.0,66.0,141.0,0.0,0.0,66.0,70.5,64256.0,31872.0,1.045834,1721542656.0,1.045834,0.0,1.045834,1.045834,1.045834,62.0,64.0,0.168243,0.000982,0.167261,3.0,1.0,2.0,0.0,0.0,1.0,0.0,1.0,-0.0,543.107239,0.0,543.107239,25.0,0.0,1.912349,0.0,0.956175,0.0,1.0,0.0,0.0,1.0,0.0,0.0,0.0,0.0,1.0,0.0,0.0,0.0,0.0,0.0,0.0,0.0,0.0,0.0,0.0,0.0,0.0,0.0,0.0,0.0,0.0,0.0,0.0,0.0,0.0,0.0,1.0,14.0
4409.0,3589.0,820.0,0.0,0.0,398.777771,82.0,64256.0,31872.0,4.990298,1721542656.0,4.990298,0.0,4.990298,4.990298,4.990298,62.0,64.0,0.2926,0.000497,0.292103,19.0,9.0,10.0,0.0,0.0,2.0,0.0,2.0,-0.0,6298.62207,5115.526367,1183.095703,9.52381,0.0,3.606999,1.603111,1.8035,0.0,1.0,0.0,0.0,0.0,0.0,0.0,0.0,0.0,0.0,0.0,0.0,0.0,0.0,0.0,0.0,0.0,0.0,0.0,0.0,0.0,0.0,0.0,0.0,0.0,1.0,0.0,0.0,0.0,0.0,0.0,0.0,14.0
27934.0,26836.0,1098.0,0.0,0.0,1341.800049,68.625,64256.0,31872.0,4.614286,1721542656.0,4.614286,0.0,4.614286,4.614286,4.614286,62.0,64.0,0.2926,0.000497,0.292103,36.0,20.0,16.0,0.0,0.0,4.0,0.0,4.0,-0.0,45987.613281,44201.855469,1785.758423,10.0,0.0,7.585139,4.117647,3.250774,0.0,1.0,0.0,0.0,1.0,0.0,0.0,0.0,0.0,0.0,0.0,0.0,0.0,0.0,0.0,0.0,0.0,1.0,0.0,0.0,0.0,0.0,0.0,0.0,0.0,0.0,0.0,0.0,0.0,0.0,0.0,1.0,14.0
207.0,66.0,141.0,0.0,0.0,66.0,70.5,64256.0,31872.0,0.001005,1721542656.0,0.001005,0.0,0.001005,0.001005,0.001005,62.0,64.0,0.2926,0.000497,0.292103,3.0,1.0,2.0,0.0,0.0,1.0,0.0,1.0,-0.0,565174.125,0.0,565174.125,25.0,0.0,1990.049805,0.0,995.024902,0.0,1.0,0.0,0.0,1.0,0.0,0.0,0.0,0.0,1.0,0.0,0.0,0.0,0.0,0.0,0.0,0.0,0.0,0.0,0.0,0.0,0.0,0.0,0.0,0.0,0.0,0.0,0.0,0.0,0.0,0.0,1.0,14.0
32608.0,31061.0,1547.0,0.0,0.0,1035.366699,73.666664,64256.0,46336.0,0.635738,1721542656.0,0.635738,0.0,0.635738,0.635738,0.635738,62.0,64.0,0.062024,0.000995,0.061029,51.0,30.0,21.0,0.0,0.0,0.0,0.0,0.0,-0.0,396389.6875,377841.1875,18548.521484,0.0,0.0,78.64875,45.616276,31.459499,0.0,0.0,0.0,0.0,0.0,0.0,0.0,0.0,0.0,0.0,0.0,0.0,0.0,0.0,0.0,1.0,0.0,0.0,0.0,0.0,0.0,0.0,0.0,0.0,0.0,0.0,0.0,0.0,0.0,0.0,0.0,0.0,14.0
32851.0,31445.0,1406.0,0.0,0.0,1164.629639,74.0,64256.0,31872.0,3.545287,1721542656.0,3.545287,0.0,3.545287,3.545287,3.545287,62.0,64.0,0.279075,0.001004,0.278071,46.0,27.0,19.0,0.0,0.0,1.0,0.0,1.0,-0.0,71335.273438,68329.59375,3005.680664,2.12766,0.0,12.692908,7.33368,5.077163,0.0,1.0,0.0,0.0,0.0,0.0,0.0,0.0,0.0,0.0,0.0,0.0,0.0,0.0,0.0,0.0,0.0,0.0,0.0,0.0,0.0,0.0,0.0,0.0,0.0,1.0,0.0,0.0,0.0,0.0,0.0,0.0,14.0
370.0,0.0,370.0,0.0,0.0,0.0,74.0,197300.1840419336,95686.87047841308,4.949501,1721542656.0,4.949501,0.0,4.949501,4.949501,4.949501,62.0,64.0,0.279075,0.001004,0.278071,5.0,0.0,5.0,0.0,0.0,0.0,0.0,4.0,-0.0,478.432068,0.0,478.432068,0.0,0.0,0.808162,0.0,0.808162,0.0,1.0,0.0,0.0,1.0,0.0,0.0,0.0,0.0,0.0,0.0,0.0,0.0,0.0,0.0,0.0,0.0,0.0,0.0,0.0,0.0,0.0,0.0,0.0,0.0,0.0,0.0,0.0,0.0,1.0,0.0,0.0,14.0
78.0,78.0,0.0,0.0,0.0,78.0,0.0,64256.0,95686.87047841308,0.0,1721542656.0,0.0,0.0,0.0,0.0,0.0,62.0,64.0,0.279075,0.001004,0.278071,1.0,1.0,0.0,0.0,0.0,0.0,0.0,0.0,-0.0,0.0,0.0,0.0,0.0,0.0,0.0,0.0,0.0,0.0,0.0,0.0,0.0,1.0,0.0,0.0,0.0,0.0,0.0,0.0,0.0,0.0,0.0,0.0,0.0,0.0,0.0,0.0,0.0,0.0,0.0,0.0,0.0,0.0,0.0,0.0,0.0,0.0,0.0,0.0,1.0,14.0
477.0,204.0,273.0,0.0,0.0,68.0,68.25,64256.0,31872.0,0.154409,1721542656.0,0.154409,0.0,0.154409,0.154409,0.154409,62.0,64.0,0.279075,0.001004,0.278071,7.0,3.0,4.0,0.0,0.0,0.0,0.0,0.0,-0.0,17667.363281,7046.221191,10621.142578,0.0,0.0,38.857838,12.952612,19.428919,0.0,0.0,0.0,0.0,1.0,0.0,0.0,0.0,0.0,0.0,0.0,1.0,0.0,0.0,0.0,0.0,0.0,0.0,0.0,0.0,0.0,0.0,0.0,0.0,0.0,0.0,0.0,0.0,0.0,0.0,0.0,1.0,14.0
33953.0,32105.0,1848.0,0.0,0.0,1146.607178,77.0,64256.0,31872.0,4.1861,1721542656.0,4.1861,0.0,4.1861,4.1861,4.1861,62.0,64.0,0.155704,0.000626,0.155078,52.0,28.0,24.0,0.0,0.0,12.0,10.0,2.0,-0.0,62549.867188,59165.332031,3384.534424,18.75,0.0,12.183178,6.449918,5.494374,1.0,0.0,0.0,0.0,0.0,0.0,0.0,0.0,0.0,0.0,0.0,0.0,0.0,0.0,0.0,0.0,0.0,0.0,0.0,0.0,0.0,0.0,0.0,0.0,0.0,1.0,0.0,0.0,0.0,0.0,0.0,1.0,14.0
222.0,0.0,222.0,0.0,0.0,0.0,74.0,197300.1840419336,95686.87047841308,4.926178,1721542656.0,4.926178,0.0,4.926178,4.926178,4.926178,62.0,64.0,0.155704,0.000626,0.155078,3.0,0.0,3.0,0.0,0.0,0.0,0.0,2.0,-0.0,240.348602,0.0,240.348602,0.0,0.0,0.405994,0.0,0.405994,0.0,1.0,0.0,0.0,1.0,0.0,0.0,0.0,0.0,0.0,0.0,0.0,0.0,0.0,0.0,0.0,0.0,0.0,0.0,0.0,0.0,0.0,0.0,0.0,0.0,0.0,0.0,0.0,0.0,1.0,0.0,1.0,14.0
683.0,270.0,413.0,0.0,0.0,67.5,68.833336,64256.0,31872.0,2.184243,1721542656.0,2.184243,0.0,2.184243,2.184243,2.184243,62.0,64.0,0.155704,0.000626,0.155078,10.0,4.0,6.0,0.0,0.0,0.0,0.0,0.0,-0.0,2007.102783,743.507019,1263.595703,0.0,0.0,4.120421,1.373474,2.289123,0.0,0.0,0.0,0.0,1.0,0.0,0.0,0.0,0.0,0.0,0.0,1.0,0.0,0.0,0.0,0.0,0.0,0.0,0.0,0.0,0.0,0.0,0.0,0.0,0.0,0.0,0.0,0.0,0.0,0.0,0.0,1.0,14.0
35266.0,33009.0,2257.0,0.0,0.0,1031.53125,75.23333,64256.0,38400.0,4.028188,1721542656.0,4.028188,0.0,4.028188,4.028188,4.028188,62.0,64.0,0.170271,0.000491,0.16978,62.0,32.0,30.0,0.0,0.0,2.0,1.0,1.0,-0.0,67841.914062,63508.453125,4333.461914,3.125,0.0,15.143285,7.695767,7.199266,1.0,0.0,0.0,0.0,0.0,0.0,0.0,0.0,0.0,0.0,0.0,0.0,0.0,0.0,0.0,1.0,0.0,0.0,0.0,0.0,0.0,0.0,0.0,0.0,0.0,0.0,0.0,0.0,0.0,0.0,0.0,1.0,14.0
132.0,66.0,66.0,0.0,0.0,66.0,66.0,64256.0,31872.0,0.001446,1721542656.0,0.001446,0.0,0.001446,0.001446,0.001446,62.0,64.0,0.155704,0.000626,0.155078,2.0,1.0,1.0,0.0,0.0,0.0,0.0,0.0,-0.0,0.0,0.0,0.0,0.0,0.0,691.562927,0.0,0.0,0.0,0.0,0.0,0.0,1.0,0.0,0.0,0.0,1.0,0.0,0.0,0.0,0.0,0.0,0.0,0.0,0.0,0.0,0.0,0.0,0.0,0.0,0.0,0.0,0.0,0.0,0.0,0.0,0.0,0.0,0.0,1.0,14.0
132.0,66.0,66.0,0.0,0.0,66.0,66.0,64256.0,31872.0,0.000601,1721542656.0,0.000601,0.0,0.000601,0.000601,0.000601,62.0,64.0,0.155704,0.000626,0.155078,2.0,1.0,1.0,0.0,0.0,0.0,0.0,0.0,-0.0,0.0,0.0,0.0,0.0,0.0,1663.893555,0.0,0.0,0.0,0.0,0.0,0.0,1.0,0.0,0.0,0.0,1.0,0.0,0.0,0.0,0.0,0.0,0.0,0.0,0.0,0.0,0.0,0.0,0.0,0.0,0.0,0.0,0.0,0.0,0.0,0.0,0.0,0.0,0.0,1.0,14.0
2116.0,1229.0,887.0,0.0,0.0,122.900002,80.63636,64256.0,31872.0,1.342234,1721542656.0,1.342234,0.0,1.342234,1.342234,1.342234,62.0,64.0,0.167658,0.000521,0.167137,21.0,10.0,11.0,0.0,0.0,0.0,0.0,0.0,-0.0,11407.84668,6597.955078,4809.891602,0.0,0.0,14.900532,6.705239,7.450266,0.0,0.0,0.0,0.0,0.0,0.0,0.0,0.0,0.0,0.0,0.0,0.0,0.0,0.0,0.0,1.0,0.0,0.0,0.0,0.0,0.0,0.0,0.0,0.0,0.0,0.0,0.0,0.0,0.0,0.0,0.0,0.0,2.0
2194.0,1307.0,887.0,0.0,0.0,118.818184,80.63636,64256.0,31872.0,1.359606,1721542656.0,1.359606,0.0,1.359606,1.359606,1.359606,62.0,64.0,0.170214,0.001491,0.168723,22.0,11.0,11.0,0.0,0.0,0.0,0.0,0.0,-0.0,11744.579102,6996.144531,4748.43457,0.0,0.0,15.445651,7.355072,7.355072,0.0,0.0,0.0,0.0,0.0,0.0,0.0,0.0,0.0,0.0,0.0,0.0,0.0,0.0,0.0,1.0,0.0,0.0,0.0,0.0,0.0,0.0,0.0,0.0,0.0,0.0,0.0,0.0,0.0,0.0,0.0,0.0,2.0
2278.0,1259.0,1019.0,0.0,0.0,125.900002,78.384613,64256.0,31872.0,1.356975,1721542656.0,1.356975,0.0,1.356975,1.356975,1.356975,62.0,64.0,0.153765,0.000976,0.152789,23.0,10.0,13.0,0.0,0.0,0.0,0.0,0.0,-0.0,12233.092773,6685.458496,5547.633789,0.0,0.0,16.212532,6.6324,8.8432,0.0,0.0,0.0,0.0,0.0,0.0,0.0,0.0,0.0,0.0,0.0,0.0,0.0,0.0,0.0,1.0,0.0,0.0,0.0,0.0,0.0,0.0,0.0,0.0,0.0,0.0,0.0,0.0,0.0,0.0,0.0,0.0,2.0
2302.0,1283.0,1019.0,0.0,0.0,128.300003,78.384613,64256.0,31872.0,0.61648,1721542656.0,0.61648,0.0,0.61648,0.61648,0.61648,62.0,64.0,0.061587,0.000489,0.061098,23.0,10.0,13.0,0.0,0.0,0.0,0.0,0.0,-0.0,27199.585938,14988.321289,12211.263672,0.0,0.0,35.686478,14.599014,19.465351,0.0,0.0,0.0,0.0,0.0,0.0,0.0,0.0,0.0,0.0,0.0,0.0,0.0,0.0,0.0,1.0,0.0,0.0,0.0,0.0,0.0,0.0,0.0,0.0,0.0,0.0,0.0,0.0,0.0,0.0,0.0,0.0,2.0
2332.0,1313.0,1019.0,0.0,0.0,131.300003,78.384613,64256.0,31872.0,0.663623,1721542656.0,0.663623,0.0,0.663623,0.663623,0.663623,62.0,64.0,0.062293,0.000736,0.061557,23.0,10.0,13.0,0.0,0.0,0.0,0.0,0.0,-0.0,25592.845703,14249.054688,11343.790039,0.0,0.0,33.151352,13.561917,18.082556,0.0,0.0,0.0,0.0,0.0,0.0,0.0,0.0,0.0,0.0,0.0,0.0,0.0,0.0,0.0,1.0,0.0,0.0,0.0,0.0,0.0,0.0,0.0,0.0,0.0,0.0,0.0,0.0,0.0,0.0,0.0,0.0,2.0
2368.0,1349.0,1019.0,0.0,0.0,134.899994,78.384613,64256.0,31872.0,0.661495,1721542656.0,0.661495,0.0,0.661495,0.661495,0.661495,62.0,64.0,0.061425,0.00061,0.060815,23.0,10.0,13.0,0.0,0.0,0.0,0.0,0.0,-0.0,26074.271484,14693.989258,11380.283203,0.0,0.0,33.257999,13.605546,18.140728,0.0,0.0,0.0,0.0,0.0,0.0,0.0,0.0,0.0,0.0,0.0,0.0,0.0,0.0,0.0,1.0,0.0,0.0,0.0,0.0,0.0,0.0,0.0,0.0,0.0,0.0,0.0,0.0,0.0,0.0,0.0,0.0,2.0
2410.0,1391.0,1019.0,0.0,0.0,139.100006,78.384613,64256.0,31872.0,0.557071,1721542656.0,0.557071,0.0,0.557071,0.557071,0.557071,62.0,64.0,0.060875,0.000942,0.059933,23.0,10.0,13.0,0.0,0.0,0.0,0.0,0.0,-0.0,31493.294922,17979.755859,13513.538086,0.0,0.0,39.492275,16.155931,21.541241,0.0,0.0,0.0,0.0,0.0,0.0,0.0,0.0,0.0,0.0,0.0,0.0,0.0,0.0,0.0,1.0,0.0,0.0,0.0,0.0,0.0,0.0,0.0,0.0,0.0,0.0,0.0,0.0,0.0,0.0,0.0,0.0,2.0
2458.0,1439.0,1019.0,0.0,0.0,143.899994,78.384613,64256.0,31872.0,0.556168,1721542656.0,0.556168,0.0,0.556168,0.556168,0.556168,62.0,64.0,0.061504,0.000493,0.061011,23.0,10.0,13.0,0.0,0.0,0.0,0.0,0.0,-0.0,32177.322266,18641.847656,13535.477539,0.0,0.0,39.556393,16.182159,21.576214,0.0,0.0,0.0,0.0,0.0,0.0,0.0,0.0,0.0,0.0,0.0,0.0,0.0,0.0,0.0,1.0,0.0,0.0,0.0,0.0,0.0,0.0,0.0,0.0,0.0,0.0,0.0,0.0,0.0,0.0,0.0,0.0,2.0
2380.0,1493.0,887.0,0.0,0.0,149.300003,80.63636,64256.0,31872.0,1.004352,1721542656.0,1.004352,0.0,1.004352,1.004352,1.004352,62.0,64.0,0.061665,0.0,0.061665,21.0,10.0,11.0,0.0,0.0,0.0,0.0,0.0,-0.0,17133.435547,10705.410156,6428.025391,0.0,0.0,19.913338,8.961002,9.956669,0.0,0.0,0.0,0.0,0.0,0.0,0.0,0.0,0.0,0.0,0.0,0.0,0.0,0.0,0.0,1.0,0.0,0.0,0.0,0.0,0.0,0.0,0.0,0.0,0.0,0.0,0.0,0.0,0.0,0.0,0.0,0.0,2.0
2550.0,1553.0,997.0,0.0,0.0,155.300003,83.083336,64256.0,31872.0,1.924286,1721542656.0,1.924286,0.0,1.924286,1.924286,1.924286,62.0,64.0,0.169959,0.00215,0.167809,22.0,10.0,12.0,0.0,0.0,1.0,0.0,1.0,-0.0,9611.876953,5812.025879,3799.85083,4.347826,0.0,10.913138,4.67706,5.716406,0.0,1.0,0.0,0.0,0.0,0.0,0.0,0.0,0.0,0.0,0.0,0.0,0.0,0.0,0.0,1.0,0.0,0.0,0.0,0.0,0.0,0.0,0.0,0.0,0.0,0.0,0.0,0.0,0.0,0.0,0.0,0.0,2.0
3784.0,2539.0,1245.0,0.0,0.0,230.818176,77.8125,64256.0,31872.0,2.264546,1721542656.0,2.264546,0.0,2.264546,2.264546,2.264546,62.0,64.0,0.168434,0.00056,0.167874,27.0,11.0,16.0,0.0,0.0,2.0,0.0,2.0,-0.0,12283.256836,8157.043457,4126.213379,6.896552,0.0,11.481331,4.415896,6.623845,0.0,1.0,0.0,0.0,0.0,0.0,0.0,0.0,0.0,0.0,0.0,0.0,0.0,0.0,0.0,1.0,0.0,0.0,0.0,0.0,0.0,0.0,0.0,0.0,0.0,0.0,0.0,0.0,0.0,0.0,0.0,1.0,2.0
2578.0,1691.0,887.0,0.0,0.0,169.100006,80.63636,64256.0,31872.0,1.359837,1721542656.0,1.359837,0.0,1.359837,1.359837,1.359837,62.0,64.0,0.168969,0.0,0.168969,21.0,10.0,11.0,0.0,0.0,0.0,0.0,0.0,-0.0,13701.641602,8954.013672,4747.627441,0.0,0.0,14.707644,6.61844,7.353822,0.0,0.0,0.0,0.0,0.0,0.0,0.0,0.0,0.0,0.0,0.0,0.0,0.0,0.0,0.0,1.0,0.0,0.0,0.0,0.0,0.0,0.0,0.0,0.0,0.0,0.0,0.0,0.0,0.0,0.0,0.0,0.0,2.0
3158.0,1917.0,1241.0,0.0,0.0,159.75,77.5625,64256.0,31872.0,3.607592,1721542656.0,3.607592,0.0,3.607592,3.607592,3.607592,62.0,64.0,0.062863,0.001987,0.060876,28.0,12.0,16.0,0.0,0.0,5.0,2.0,3.0,-0.0,6479.668457,3898.445068,2581.223145,15.151515,0.0,7.484216,3.049125,4.157898,1.0,0.0,0.0,0.0,0.0,0.0,0.0,0.0,0.0,0.0,0.0,0.0,0.0,0.0,0.0,1.0,0.0,0.0,0.0,0.0,0.0,0.0,0.0,0.0,0.0,0.0,0.0,0.0,0.0,0.0,0.0,0.0,2.0
2872.0,1853.0,1019.0,0.0,0.0,185.300003,78.384613,64256.0,31872.0,1.390921,1721542656.0,1.390921,0.0,1.390921,1.390921,1.390921,62.0,64.0,0.16916,0.000522,0.168638,23.0,10.0,13.0,0.0,0.0,0.0,0.0,0.0,-0.0,15005.884766,9593.643555,5412.241211,0.0,0.0,15.816858,6.470533,8.627378,0.0,0.0,0.0,0.0,0.0,0.0,0.0,0.0,0.0,0.0,0.0,0.0,0.0,0.0,0.0,1.0,0.0,0.0,0.0,0.0,0.0,0.0,0.0,0.0,0.0,0.0,0.0,0.0,0.0,0.0,0.0,0.0,2.0
3209.0,2025.0,1184.0,0.0,0.0,184.090912,78.933334,64256.0,31872.0,4.970452,1721542656.0,4.970452,0.0,4.970452,4.970452,4.970452,62.0,64.0,0.169585,0.000992,0.168593,26.0,11.0,15.0,0.0,0.0,7.0,2.0,5.0,-0.0,4743.230957,2963.11084,1780.119873,21.212121,0.0,5.029724,2.011889,2.816645,1.0,0.0,0.0,0.0,0.0,0.0,0.0,0.0,0.0,0.0,0.0,0.0,0.0,0.0,0.0,0.0,0.0,0.0,0.0,0.0,0.0,0.0,0.0,0.0,1.0,0.0,0.0,0.0,0.0,0.0,0.0,0.0,2.0
282.0,66.0,216.0,0.0,0.0,66.0,72.0,64256.0,31872.0,1.827597,1721542656.0,1.827597,0.0,1.827597,1.827597,1.827597,62.0,64.0,0.169585,0.000992,0.168593,4.0,1.0,3.0,0.0,0.0,3.0,0.0,3.0,-0.0,630.335876,0.0,630.335876,42.857143,0.0,1.6415,0.0,1.094333,0.0,1.0,0.0,0.0,1.0,0.0,0.0,0.0,0.0,1.0,0.0,0.0,0.0,0.0,0.0,0.0,0.0,0.0,0.0,0.0,0.0,0.0,0.0,0.0,0.0,0.0,0.0,0.0,0.0,0.0,0.0,0.0,2.0
3148.0,2113.0,1035.0,0.0,0.0,192.090912,79.615387,64256.0,31872.0,3.402807,1721542656.0,3.402807,0.0,3.402807,3.402807,3.402807,62.0,64.0,0.162147,0.000995,0.161152,24.0,11.0,13.0,0.0,0.0,3.0,1.0,2.0,-0.0,6763.827637,4516.271484,2247.556152,11.111111,0.0,6.759126,2.93875,3.5265,1.0,0.0,0.0,0.0,0.0,0.0,0.0,0.0,0.0,0.0,0.0,0.0,0.0,0.0,0.0,1.0,0.0,0.0,0.0,0.0,0.0,0.0,0.0,0.0,0.0,0.0,0.0,0.0,0.0,0.0,0.0,0.0,2.0
132.0,66.0,66.0,0.0,0.0,66.0,66.0,64256.0,31872.0,0.001571,1721542656.0,0.001571,0.0,0.001571,0.001571,0.001571,62.0,64.0,0.169585,0.000992,0.168593,2.0,1.0,1.0,0.0,0.0,0.0,0.0,0.0,-0.0,0.0,0.0,0.0,0.0,0.0,636.537231,0.0,0.0,0.0,0.0,0.0,0.0,1.0,0.0,0.0,0.0,1.0,0.0,0.0,0.0,0.0,0.0,0.0,0.0,0.0,0.0,0.0,0.0,0.0,0.0,0.0,0.0,0.0,0.0,0.0,0.0,0.0,0.0,0.0,0.0,2.0
6752.0,5223.0,1529.0,0.0,0.0,348.200012,76.449997,64256.0,31872.0,4.669768,1721542656.0,4.669768,0.0,4.669768,4.669768,4.669768,62.0,64.0,0.169386,0.000521,0.168865,35.0,15.0,20.0,0.0,0.0,3.0,0.0,3.0,-0.0,10840.795898,8351.592773,2489.202881,7.894737,0.0,7.280876,2.998008,4.068725,0.0,1.0,0.0,0.0,0.0,0.0,0.0,0.0,0.0,0.0,0.0,0.0,0.0,0.0,0.0,1.0,0.0,0.0,0.0,0.0,0.0,0.0,0.0,0.0,0.0,0.0,0.0,0.0,0.0,0.0,0.0,1.0,2.0
3416.0,2389.0,1027.0,0.0,0.0,199.083328,79.0,64256.0,31872.0,1.62157,1721542656.0,1.62157,0.0,1.62157,1.62157,1.62157,62.0,64.0,0.062147,0.001493,0.060654,25.0,12.0,13.0,0.0,0.0,2.0,1.0,1.0,-0.0,15481.292969,10804.34375,4676.94873,7.407407,0.0,14.800471,6.783549,7.400236,1.0,0.0,0.0,0.0,0.0,0.0,0.0,0.0,0.0,0.0,0.0,0.0,0.0,0.0,0.0,1.0,0.0,0.0,0.0,0.0,0.0,0.0,0.0,0.0,0.0,0.0,0.0,0.0,0.0,0.0,0.0,0.0,2.0
132.0,66.0,66.0,0.0,0.0,66.0,66.0,64256.0,31872.0,0.0,1721542656.0,0.0,0.0,0.0,0.0,0.0,62.0,64.0,0.169386,0.000521,0.168865,2.0,1.0,1.0,0.0,0.0,0.0,0.0,0.0,-0.0,0.0,0.0,0.0,0.0,0.0,0.0,0.0,0.0,0.0,0.0,0.0,0.0,1.0,0.0,0.0,0.0,1.0,0.0,0.0,0.0,0.0,0.0,0.0,0.0,0.0,0.0,0.0,0.0,0.0,0.0,0.0,0.0,0.0,0.0,0.0,0.0,0.0,0.0,0.0,1.0,2.0
3382.0,2429.0,953.0,0.0,0.0,220.818176,79.416664,64256.0,31872.0,0.56076,1721542656.0,0.56076,0.0,0.56076,0.56076,0.56076,62.0,64.0,0.062149,0.001493,0.060656,23.0,11.0,12.0,0.0,0.0,0.0,0.0,0.0,-0.0,43983.164062,31514.373047,12468.791992,0.0,0.0,39.232468,17.832941,19.616234,0.0,0.0,0.0,0.0,0.0,0.0,0.0,0.0,0.0,0.0,0.0,0.0,0.0,0.0,0.0,1.0,0.0,0.0,0.0,0.0,0.0,0.0,0.0,0.0,0.0,0.0,0.0,0.0,0.0,0.0,0.0,0.0,2.0
3502.0,2549.0,953.0,0.0,0.0,231.72728,79.416664,64256.0,31872.0,0.666118,1721542656.0,0.666118,0.0,0.666118,0.666118,0.666118,62.0,64.0,0.075544,0.000997,0.074547,23.0,11.0,12.0,0.0,0.0,0.0,0.0,0.0,-0.0,38335.546875,27838.910156,10496.638672,0.0,0.0,33.02718,15.012355,16.51359,0.0,0.0,0.0,0.0,0.0,0.0,0.0,0.0,0.0,0.0,0.0,0.0,0.0,0.0,0.0,1.0,0.0,0.0,0.0,0.0,0.0,0.0,0.0,0.0,0.0,0.0,0.0,0.0,0.0,0.0,0.0,0.0,2.0
3628.0,2675.0,953.0,0.0,0.0,243.181824,79.416664,64256.0,31872.0,0.571062,1721542656.0,0.571062,0.0,0.571062,0.571062,0.571062,62.0,64.0,0.061128,0.001578,0.05955,23.0,11.0,12.0,0.0,0.0,0.0,0.0,0.0,-0.0,46313.707031,34069.855469,12243.853516,0.0,0.0,38.524712,17.511232,19.262356,0.0,0.0,0.0,0.0,0.0,0.0,0.0,0.0,0.0,0.0,0.0,0.0,0.0,0.0,0.0,1.0,0.0,0.0,0.0,0.0,0.0,0.0,0.0,0.0,0.0,0.0,0.0,0.0,0.0,0.0,0.0,0.0,2.0
3760.0,2807.0,953.0,0.0,0.0,255.181824,79.416664,64256.0,31872.0,0.676335,1721542656.0,0.676335,0.0,0.676335,0.676335,0.676335,62.0,64.0,0.061471,0.001616,0.059855,23.0,11.0,12.0,0.0,0.0,0.0,0.0,0.0,-0.0,40524.296875,30186.224609,10338.072266,0.0,0.0,32.528259,14.785573,16.26413,0.0,0.0,0.0,0.0,0.0,0.0,0.0,0.0,0.0,0.0,0.0,0.0,0.0,0.0,0.0,1.0,0.0,0.0,0.0,0.0,0.0,0.0,0.0,0.0,0.0,0.0,0.0,0.0,0.0,0.0,0.0,0.0,2.0
3898.0,2945.0,953.0,0.0,0.0,267.727264,79.416664,64256.0,31872.0,0.666,1721542656.0,0.666,0.0,0.666,0.666,0.666,62.0,64.0,0.046807,0.001022,0.045785,23.0,11.0,12.0,0.0,0.0,0.0,0.0,0.0,-0.0,42666.667969,32168.167969,10498.498047,0.0,0.0,33.033031,15.015015,16.516516,0.0,0.0,0.0,0.0,0.0,0.0,0.0,0.0,0.0,0.0,0.0,0.0,0.0,0.0,0.0,1.0,0.0,0.0,0.0,0.0,0.0,0.0,0.0,0.0,0.0,0.0,0.0,0.0,0.0,0.0,0.0,0.0,2.0
4042.0,3089.0,953.0,0.0,0.0,280.818176,79.416664,64256.0,31872.0,0.554557,1721542656.0,0.554557,0.0,0.554557,0.554557,0.554557,62.0,64.0,0.061226,0.00149,0.059736,23.0,11.0,12.0,0.0,0.0,0.0,0.0,0.0,-0.0,53130.695312,40522.433594,12608.261719,0.0,0.0,39.671303,18.032412,19.835651,0.0,0.0,0.0,0.0,0.0,0.0,0.0,0.0,0.0,0.0,0.0,0.0,0.0,0.0,0.0,1.0,0.0,0.0,0.0,0.0,0.0,0.0,0.0,0.0,0.0,0.0,0.0,0.0,0.0,0.0,0.0,0.0,2.0
4192.0,3239.0,953.0,0.0,0.0,294.454559,79.416664,64256.0,31872.0,0.572105,1721542656.0,0.572105,0.0,0.572105,0.572105,0.572105,62.0,64.0,0.061516,0.000493,0.061023,23.0,11.0,12.0,0.0,0.0,0.0,0.0,0.0,-0.0,53402.785156,41181.253906,12221.533203,0.0,0.0,38.454479,17.479309,19.22724,0.0,0.0,0.0,0.0,0.0,0.0,0.0,0.0,0.0,0.0,0.0,0.0,0.0,0.0,0.0,1.0,0.0,0.0,0.0,0.0,0.0,0.0,0.0,0.0,0.0,0.0,0.0,0.0,0.0,0.0,0.0,0.0,2.0
4348.0,3395.0,953.0,0.0,0.0,308.636353,79.416664,64256.0,31872.0,0.741261,1721542656.0,0.741261,0.0,0.741261,0.741261,0.741261,62.0,64.0,0.06152,0.001106,0.060414,23.0,11.0,12.0,0.0,0.0,0.0,0.0,0.0,-0.0,42748.773438,33316.199219,9432.575195,0.0,0.0,29.679155,13.490525,14.839578,0.0,0.0,0.0,0.0,0.0,0.0,0.0,0.0,0.0,0.0,0.0,0.0,0.0,0.0,0.0,1.0,0.0,0.0,0.0,0.0,0.0,0.0,0.0,0.0,0.0,0.0,0.0,0.0,0.0,0.0,0.0,0.0,2.0
4510.0,3557.0,953.0,0.0,0.0,323.363647,79.416664,64256.0,31872.0,0.556633,1721542656.0,0.556633,0.0,0.556633,0.556633,0.556633,62.0,64.0,0.06141,0.000992,0.060418,23.0,11.0,12.0,0.0,0.0,0.0,0.0,0.0,-0.0,59040.695312,46479.457031,12561.239258,0.0,0.0,39.52335,17.965158,19.761675,0.0,0.0,0.0,0.0,0.0,0.0,0.0,0.0,0.0,0.0,0.0,0.0,0.0,0.0,0.0,1.0,0.0,0.0,0.0,0.0,0.0,0.0,0.0,0.0,0.0,0.0,0.0,0.0,0.0,0.0,0.0,0.0,2.0
4678.0,3725.0,953.0,0.0,0.0,338.636353,79.416664,64256.0,31872.0,0.589411,1721542656.0,0.589411,0.0,0.589411,0.589411,0.589411,62.0,64.0,0.062966,0.000996,0.06197,23.0,11.0,12.0,0.0,0.0,0.0,0.0,0.0,-0.0,57834.003906,45971.316406,11862.689453,0.0,0.0,37.325397,16.966089,18.662699,0.0,0.0,0.0,0.0,0.0,0.0,0.0,0.0,0.0,0.0,0.0,0.0,0.0,0.0,0.0,1.0,0.0,0.0,0.0,0.0,0.0,0.0,0.0,0.0,0.0,0.0,0.0,0.0,0.0,0.0,0.0,0.0,2.0
5374.0,4203.0,1171.0,0.0,0.0,323.307678,78.066666,64256.0,31872.0,1.924512,1721542656.0,1.924512,0.0,1.924512,1.924512,1.924512,62.0,64.0,0.184054,0.001996,0.182058,28.0,13.0,15.0,0.0,0.0,2.0,1.0,1.0,-0.0,20672.253906,16128.763672,4543.489258,6.666667,0.0,14.029531,6.235347,7.274571,1.0,0.0,0.0,0.0,0.0,0.0,0.0,0.0,0.0,0.0,0.0,0.0,0.0,0.0,0.0,1.0,0.0,0.0,0.0,0.0,0.0,0.0,0.0,0.0,0.0,0.0,0.0,0.0,0.0,0.0,0.0,1.0,2.0
9047.0,7553.0,1494.0,0.0,0.0,539.5,78.631577,64256.0,31872.0,4.963282,1721542656.0,4.963282,0.0,4.963282,4.963282,4.963282,62.0,64.0,0.169411,0.001001,0.16841,33.0,14.0,19.0,0.0,0.0,5.0,0.0,5.0,-0.0,13587.783203,11305.421875,2282.360596,13.157895,0.0,6.447347,2.619235,3.626632,0.0,1.0,0.0,0.0,0.0,0.0,0.0,0.0,0.0,0.0,0.0,0.0,0.0,0.0,0.0,0.0,0.0,0.0,0.0,0.0,0.0,0.0,0.0,0.0,0.0,1.0,0.0,0.0,0.0,0.0,0.0,1.0,2.0
411.0,138.0,273.0,0.0,0.0,69.0,68.25,64256.0,31872.0,0.171581,1721542656.0,0.171581,0.0,0.171581,0.171581,0.171581,62.0,64.0,0.169411,0.001001,0.16841,6.0,2.0,4.0,0.0,0.0,0.0,0.0,0.0,-0.0,12775.307617,3217.139404,9558.167969,0.0,0.0,29.140757,5.828151,17.484453,0.0,0.0,0.0,0.0,1.0,0.0,0.0,0.0,0.0,0.0,0.0,1.0,0.0,0.0,0.0,0.0,0.0,0.0,0.0,0.0,0.0,0.0,0.0,0.0,0.0,0.0,0.0,0.0,0.0,0.0,0.0,1.0,2.0
5331.0,3985.0,1346.0,0.0,0.0,306.538452,79.176468,64256.0,31872.0,4.461464,1721542656.0,4.461464,0.0,4.461464,4.461464,4.461464,62.0,64.0,0.154894,0.000994,0.1539,30.0,13.0,17.0,0.0,0.0,4.0,0.0,4.0,-0.0,8868.837891,6596.937988,2271.899902,11.764706,0.0,6.500109,2.6897,3.586267,0.0,1.0,0.0,0.0,0.0,0.0,0.0,0.0,0.0,0.0,0.0,0.0,0.0,0.0,0.0,0.0,0.0,0.0,0.0,0.0,0.0,0.0,0.0,0.0,0.0,1.0,0.0,0.0,0.0,0.0,0.0,1.0,2.0
2977.0,2256.0,721.0,0.0,0.0,564.0,72.099998,64256.0,31872.0,3.372569,1721542656.0,3.372569,0.0,3.372569,3.372569,3.372569,62.0,64.0,0.154894,0.000994,0.1539,14.0,4.0,10.0,0.0,0.0,4.0,0.0,4.0,-0.0,5553.036621,4013.557617,1539.479248,22.222222,0.0,3.854628,0.88953,2.668589,0.0,1.0,0.0,0.0,1.0,0.0,0.0,0.0,0.0,0.0,0.0,1.0,0.0,0.0,0.0,0.0,0.0,0.0,0.0,0.0,0.0,0.0,0.0,0.0,0.0,0.0,0.0,0.0,0.0,0.0,0.0,1.0,2.0
5608.0,4523.0,1085.0,0.0,0.0,376.916656,77.5,64256.0,31872.0,0.616402,1721542656.0,0.616402,0.0,0.616402,0.616402,0.616402,62.0,64.0,0.061245,0.0,0.061245,26.0,12.0,14.0,0.0,0.0,0.0,0.0,0.0,-0.0,66904.390625,53822.019531,13082.37207,0.0,0.0,40.557949,17.845497,21.090134,0.0,0.0,0.0,0.0,0.0,0.0,0.0,0.0,0.0,0.0,0.0,0.0,0.0,0.0,0.0,1.0,0.0,0.0,0.0,0.0,0.0,0.0,0.0,0.0,0.0,0.0,0.0,0.0,0.0,0.0,0.0,0.0,2.0
5806.0,4721.0,1085.0,0.0,0.0,393.416656,77.5,64256.0,31872.0,0.648573,1721542656.0,0.648573,0.0,0.648573,0.648573,0.648573,62.0,64.0,0.060798,0.0,0.060798,26.0,12.0,14.0,0.0,0.0,0.0,0.0,0.0,-0.0,65818.34375,53384.894531,12433.450195,0.0,0.0,38.546162,16.960312,20.044004,0.0,0.0,0.0,0.0,0.0,0.0,0.0,0.0,0.0,0.0,0.0,0.0,0.0,0.0,0.0,1.0,0.0,0.0,0.0,0.0,0.0,0.0,0.0,0.0,0.0,0.0,0.0,0.0,0.0,0.0,0.0,0.0,2.0
6010.0,4925.0,1085.0,0.0,0.0,410.416656,77.5,64256.0,31872.0,0.677112,1721542656.0,0.677112,0.0,0.677112,0.677112,0.677112,62.0,64.0,0.060269,0.000491,0.059778,26.0,12.0,14.0,0.0,0.0,0.0,0.0,0.0,-0.0,65253.609375,53344.203125,11909.40332,0.0,0.0,36.921516,16.245466,19.199188,0.0,0.0,0.0,0.0,0.0,0.0,0.0,0.0,0.0,0.0,0.0,0.0,0.0,0.0,0.0,1.0,0.0,0.0,0.0,0.0,0.0,0.0,0.0,0.0,0.0,0.0,0.0,0.0,0.0,0.0,0.0,0.0,2.0
6286.0,5201.0,1085.0,0.0,0.0,400.076935,77.5,64256.0,31872.0,0.678611,1721542656.0,0.678611,0.0,0.678611,0.678611,0.678611,62.0,64.0,0.060887,0.001097,0.05979,27.0,13.0,14.0,0.0,0.0,0.0,0.0,0.0,-0.0,68481.0625,56597.964844,11883.09668,0.0,0.0,38.313557,17.68318,19.156778,0.0,0.0,0.0,0.0,0.0,0.0,0.0,0.0,0.0,0.0,0.0,0.0,0.0,0.0,0.0,1.0,0.0,0.0,0.0,0.0,0.0,0.0,0.0,0.0,0.0,0.0,0.0,0.0,0.0,0.0,0.0,0.0,2.0
6436.0,5417.0,1019.0,0.0,0.0,416.692322,78.384613,64256.0,31872.0,0.755247,1721542656.0,0.755247,0.0,0.755247,0.755247,0.755247,62.0,64.0,0.061518,0.000502,0.061016,26.0,13.0,13.0,0.0,0.0,0.0,0.0,0.0,-0.0,62941.0,52973.398438,9967.599609,0.0,0.0,33.101753,15.888842,15.888842,0.0,0.0,0.0,0.0,0.0,0.0,0.0,0.0,0.0,0.0,0.0,0.0,0.0,0.0,0.0,1.0,0.0,0.0,0.0,0.0,0.0,0.0,0.0,0.0,0.0,0.0,0.0,0.0,0.0,0.0,0.0,0.0,2.0
6658.0,5639.0,1019.0,0.0,0.0,433.769226,78.384613,64256.0,31872.0,0.58399,1721542656.0,0.58399,0.0,0.58399,0.58399,0.58399,62.0,64.0,0.059737,0.000993,0.058744,26.0,13.0,13.0,0.0,0.0,0.0,0.0,0.0,-0.0,84206.921875,71316.289062,12890.631836,0.0,0.0,42.808952,20.548298,20.548298,0.0,0.0,0.0,0.0,0.0,0.0,0.0,0.0,0.0,0.0,0.0,0.0,0.0,0.0,0.0,1.0,0.0,0.0,0.0,0.0,0.0,0.0,0.0,0.0,0.0,0.0,0.0,0.0,0.0,0.0,0.0,0.0,2.0
6886.0,5867.0,1019.0,0.0,0.0,451.307678,78.384613,64256.0,31872.0,0.647742,1721542656.0,0.647742,0.0,0.647742,0.647742,0.647742,62.0,64.0,0.061214,0.000496,0.060718,26.0,13.0,13.0,0.0,0.0,0.0,0.0,0.0,-0.0,78512.75,66890.835938,11621.912109,0.0,0.0,38.595615,18.525896,18.525896,0.0,0.0,0.0,0.0,0.0,0.0,0.0,0.0,0.0,0.0,0.0,0.0,0.0,0.0,0.0,1.0,0.0,0.0,0.0,0.0,0.0,0.0,0.0,0.0,0.0,0.0,0.0,0.0,0.0,0.0,0.0,0.0,2.0
7120.0,6101.0,1019.0,0.0,0.0,469.307678,78.384613,64256.0,31872.0,0.571315,1721542656.0,0.571315,0.0,0.571315,0.571315,0.571315,62.0,64.0,0.059777,0.000501,0.059276,26.0,13.0,13.0,0.0,0.0,0.0,0.0,0.0,-0.0,92040.289062,78863.671875,13176.619141,0.0,0.0,43.758698,21.004175,21.004175,0.0,0.0,0.0,0.0,0.0,0.0,0.0,0.0,0.0,0.0,0.0,0.0,0.0,0.0,0.0,1.0,0.0,0.0,0.0,0.0,0.0,0.0,0.0,0.0,0.0,0.0,0.0,0.0,0.0,0.0,0.0,0.0,2.0
7360.0,6341.0,1019.0,0.0,0.0,487.769226,78.384613,64256.0,31872.0,0.665541,1721542656.0,0.665541,0.0,0.665541,0.665541,0.665541,62.0,64.0,0.061862,0.000992,0.06087,26.0,13.0,13.0,0.0,0.0,0.0,0.0,0.0,-0.0,81677.914062,70366.8125,11311.098633,0.0,0.0,37.563427,18.030445,18.030445,0.0,0.0,0.0,0.0,0.0,0.0,0.0,0.0,0.0,0.0,0.0,0.0,0.0,0.0,0.0,1.0,0.0,0.0,0.0,0.0,0.0,0.0,0.0,0.0,0.0,0.0,0.0,0.0,0.0,0.0,0.0,0.0,2.0
7606.0,6587.0,1019.0,0.0,0.0,506.692322,78.384613,64256.0,31872.0,0.572941,1721542656.0,0.572941,0.0,0.572941,0.572941,0.572941,62.0,64.0,0.060925,0.000502,0.060423,26.0,13.0,13.0,0.0,0.0,0.0,0.0,0.0,-0.0,98048.492188,84909.265625,13139.223633,0.0,0.0,43.63451,20.944565,20.944565,0.0,0.0,0.0,0.0,0.0,0.0,0.0,0.0,0.0,0.0,0.0,0.0,0.0,0.0,0.0,1.0,0.0,0.0,0.0,0.0,0.0,0.0,0.0,0.0,0.0,0.0,0.0,0.0,0.0,0.0,0.0,0.0,2.0
8056.0,6905.0,1151.0,0.0,0.0,493.214294,76.73333,64256.0,31872.0,0.570744,1721542656.0,0.570744,0.0,0.570744,0.570744,0.570744,62.0,64.0,0.060343,0.000996,0.059347,29.0,14.0,15.0,0.0,0.0,0.0,0.0,0.0,-0.0,104943.726562,89875.671875,15068.051758,0.0,0.0,49.058773,22.777288,24.529387,0.0,0.0,0.0,0.0,0.0,0.0,0.0,0.0,0.0,0.0,0.0,0.0,0.0,0.0,0.0,1.0,0.0,0.0,0.0,0.0,0.0,0.0,0.0,0.0,0.0,0.0,0.0,0.0,0.0,0.0,0.0,0.0,2.0
8314.0,7163.0,1151.0,0.0,0.0,511.642853,76.73333,64256.0,31872.0,0.648279,1721542656.0,0.648279,0.0,0.648279,0.648279,0.648279,62.0,64.0,0.061957,0.001693,0.060264,29.0,14.0,15.0,0.0,0.0,0.0,0.0,0.0,-0.0,95354.007812,82088.109375,13265.892578,0.0,0.0,43.19128,20.053095,21.59564,0.0,0.0,0.0,0.0,0.0,0.0,0.0,0.0,0.0,0.0,0.0,0.0,0.0,0.0,0.0,1.0,0.0,0.0,0.0,0.0,0.0,0.0,0.0,0.0,0.0,0.0,0.0,0.0,0.0,0.0,0.0,0.0,2.0
8578.0,7427.0,1151.0,0.0,0.0,530.5,76.73333,64256.0,31872.0,0.663878,1721542656.0,0.663878,0.0,0.663878,0.663878,0.663878,62.0,64.0,0.045984,0.000595,0.045389,29.0,14.0,15.0,0.0,0.0,0.0,0.0,0.0,-0.0,96065.84375,83111.65625,12954.186523,0.0,0.0,42.176422,19.581911,21.088211,0.0,0.0,0.0,0.0,0.0,0.0,0.0,0.0,0.0,0.0,0.0,0.0,0.0,0.0,0.0,1.0,0.0,0.0,0.0,0.0,0.0,0.0,0.0,0.0,0.0,0.0,0.0,0.0,0.0,0.0,0.0,0.0,2.0
8914.0,7763.0,1151.0,0.0,0.0,517.533325,76.73333,64256.0,31872.0,0.773738,1721542656.0,0.773738,0.0,0.773738,0.773738,0.773738,62.0,64.0,0.061457,0.000494,0.060963,30.0,15.0,15.0,0.0,0.0,0.0,0.0,0.0,-0.0,86034.289062,74919.414062,11114.873047,0.0,0.0,37.480385,18.093979,18.093979,0.0,0.0,0.0,0.0,0.0,0.0,0.0,0.0,0.0,0.0,0.0,0.0,0.0,0.0,0.0,1.0,0.0,0.0,0.0,0.0,0.0,0.0,0.0,0.0,0.0,0.0,0.0,0.0,0.0,0.0,0.0,0.0,2.0
9124.0,7973.0,1151.0,0.0,0.0,569.5,76.73333,64256.0,31872.0,0.555705,1721542656.0,0.555705,0.0,0.555705,0.555705,0.555705,62.0,64.0,0.06137,0.000492,0.060878,29.0,14.0,15.0,0.0,0.0,0.0,0.0,0.0,-0.0,122064.765625,106588.921875,15475.836914,0.0,0.0,50.386444,23.393707,25.193222,0.0,0.0,0.0,0.0,0.0,0.0,0.0,0.0,0.0,0.0,0.0,0.0,0.0,0.0,0.0,1.0,0.0,0.0,0.0,0.0,0.0,0.0,0.0,0.0,0.0,0.0,0.0,0.0,0.0,0.0,0.0,0.0,2.0
9406.0,8255.0,1151.0,0.0,0.0,589.642883,76.73333,64256.0,31872.0,0.570548,1721542656.0,0.570548,0.0,0.570548,0.570548,0.570548,62.0,64.0,0.061329,0.000982,0.060347,29.0,14.0,15.0,0.0,0.0,0.0,0.0,0.0,-0.0,122562.867188,107489.640625,15073.227539,0.0,0.0,49.075626,22.785112,24.537813,0.0,0.0,0.0,0.0,0.0,0.0,0.0,0.0,0.0,0.0,0.0,0.0,0.0,0.0,0.0,1.0,0.0,0.0,0.0,0.0,0.0,0.0,0.0,0.0,0.0,0.0,0.0,0.0,0.0,0.0,0.0,0.0,2.0
9694.0,8609.0,1085.0,0.0,0.0,573.93335,77.5,64256.0,31872.0,0.679493,1721542656.0,0.679493,0.0,0.679493,0.679493,0.679493,62.0,64.0,0.061981,0.000981,0.061,29.0,15.0,14.0,0.0,0.0,0.0,0.0,0.0,-0.0,106479.390625,94611.71875,11867.671875,0.0,0.0,41.207195,20.603598,19.131912,0.0,0.0,0.0,0.0,0.0,0.0,0.0,0.0,0.0,0.0,0.0,0.0,0.0,0.0,0.0,1.0,0.0,0.0,0.0,0.0,0.0,0.0,0.0,0.0,0.0,0.0,0.0,0.0,0.0,0.0,0.0,0.0,2.0
9988.0,8903.0,1085.0,0.0,0.0,593.533325,77.5,64256.0,31872.0,0.650649,1721542656.0,0.650649,0.0,0.650649,0.650649,0.650649,62.0,64.0,0.079141,0.000996,0.078145,29.0,15.0,14.0,0.0,0.0,0.0,0.0,0.0,-0.0,114568.679688,102174.90625,12393.779297,0.0,0.0,43.033955,21.516977,19.980051,0.0,0.0,0.0,0.0,0.0,0.0,0.0,0.0,0.0,0.0,0.0,0.0,0.0,0.0,0.0,1.0,0.0,0.0,0.0,0.0,0.0,0.0,0.0,0.0,0.0,0.0,0.0,0.0,0.0,0.0,0.0,0.0,2.0
10288.0,9203.0,1085.0,0.0,0.0,613.533325,77.5,64256.0,31872.0,0.665719,1721542656.0,0.665719,0.0,0.665719,0.665719,0.665719,62.0,64.0,0.063359,0.001086,0.062273,29.0,15.0,14.0,0.0,0.0,0.0,0.0,0.0,-0.0,115339.960938,103226.742188,12113.219727,0.0,0.0,42.059792,21.029896,19.52776,0.0,0.0,0.0,0.0,0.0,0.0,0.0,0.0,0.0,0.0,0.0,0.0,0.0,0.0,0.0,1.0,0.0,0.0,0.0,0.0,0.0,0.0,0.0,0.0,0.0,0.0,0.0,0.0,0.0,0.0,0.0,0.0,2.0
10594.0,9509.0,1085.0,0.0,0.0,633.93335,77.5,64256.0,31872.0,0.55916,1721542656.0,0.55916,0.0,0.55916,0.55916,0.55916,62.0,64.0,0.061578,0.000552,0.061026,29.0,15.0,14.0,0.0,0.0,0.0,0.0,0.0,-0.0,141412.125,126990.484375,14421.632812,0.0,0.0,50.075111,25.037556,23.249159,0.0,0.0,0.0,0.0,0.0,0.0,0.0,0.0,0.0,0.0,0.0,0.0,0.0,0.0,0.0,1.0,0.0,0.0,0.0,0.0,0.0,0.0,0.0,0.0,0.0,0.0,0.0,0.0,0.0,0.0,0.0,0.0,2.0
10972.0,9887.0,1085.0,0.0,0.0,617.9375,77.5,64256.0,31872.0,1.493676,1721542656.0,1.493676,0.0,1.493676,1.493676,1.493676,62.0,64.0,0.183997,0.006182,0.177815,30.0,16.0,14.0,0.0,0.0,0.0,0.0,0.0,-0.0,55048.085938,49649.324219,5398.76123,0.0,0.0,19.415188,10.042339,8.703361,0.0,0.0,0.0,0.0,0.0,0.0,0.0,0.0,0.0,0.0,0.0,0.0,0.0,0.0,0.0,1.0,0.0,0.0,0.0,0.0,0.0,0.0,0.0,0.0,0.0,0.0,0.0,0.0,0.0,0.0,0.0,0.0,2.0
11290.0,10205.0,1085.0,0.0,0.0,637.8125,77.5,64256.0,31872.0,1.450613,1721542656.0,1.450613,0.0,1.450613,1.450613,1.450613,62.0,64.0,0.168895,0.001976,0.166919,30.0,16.0,14.0,0.0,0.0,0.0,0.0,0.0,-0.0,58325.6875,52766.65625,5559.029297,0.0,0.0,19.991549,10.340456,8.961728,0.0,0.0,0.0,0.0,0.0,0.0,0.0,0.0,0.0,0.0,0.0,0.0,0.0,0.0,0.0,1.0,0.0,0.0,0.0,0.0,0.0,0.0,0.0,0.0,0.0,0.0,0.0,0.0,0.0,0.0,0.0,0.0,2.0
11894.0,10603.0,1291.0,0.0,0.0,623.705872,75.941177,64256.0,31872.0,2.00583,1721542656.0,2.00583,0.0,2.00583,2.00583,2.00583,62.0,64.0,0.076179,0.001005,0.075174,34.0,17.0,17.0,0.0,0.0,2.0,1.0,1.0,-0.0,44653.832031,39803.96875,4849.862305,5.555556,0.0,16.452042,7.976748,7.976748,1.0,0.0,0.0,0.0,0.0,0.0,0.0,0.0,0.0,0.0,0.0,0.0,0.0,0.0,0.0,1.0,0.0,0.0,0.0,0.0,0.0,0.0,0.0,0.0,0.0,0.0,0.0,0.0,0.0,0.0,0.0,0.0,2.0
12076.0,10859.0,1217.0,0.0,0.0,678.6875,76.0625,64256.0,31872.0,1.623075,1721542656.0,1.623075,0.0,1.623075,1.623075,1.623075,62.0,64.0,0.176097,0.019629,0.156468,32.0,16.0,16.0,0.0,0.0,0.0,0.0,0.0,-0.0,55805.183594,50181.292969,5623.893066,0.0,0.0,19.099548,9.241717,9.241717,0.0,0.0,0.0,0.0,0.0,0.0,0.0,0.0,0.0,0.0,0.0,0.0,0.0,0.0,0.0,1.0,0.0,0.0,0.0,0.0,0.0,0.0,0.0,0.0,0.0,0.0,0.0,0.0,0.0,0.0,0.0,0.0,2.0
12544.0,11261.0,1283.0,0.0,0.0,662.411743,75.470589,64256.0,31872.0,0.763482,1721542656.0,0.763482,0.0,0.763482,0.763482,0.763482,62.0,64.0,0.046304,0.000997,0.045307,34.0,17.0,17.0,0.0,0.0,0.0,0.0,0.0,-0.0,123717.390625,111059.59375,12657.796875,0.0,0.0,43.223026,20.956617,20.956617,0.0,0.0,0.0,0.0,0.0,0.0,0.0,0.0,0.0,0.0,0.0,0.0,0.0,0.0,0.0,1.0,0.0,0.0,0.0,0.0,0.0,0.0,0.0,0.0,0.0,0.0,0.0,0.0,0.0,0.0,0.0,0.0,2.0
12976.0,11603.0,1373.0,0.0,0.0,682.529419,76.277779,64256.0,31872.0,3.101753,1721542656.0,3.101753,0.0,3.101753,3.101753,3.101753,62.0,64.0,0.171625,0.001002,0.170623,35.0,17.0,18.0,0.0,0.0,3.0,0.0,3.0,-0.0,31512.501953,28167.296875,3345.205078,7.894737,0.0,10.961543,5.158373,5.480772,0.0,1.0,0.0,0.0,0.0,0.0,0.0,0.0,0.0,0.0,0.0,0.0,0.0,0.0,0.0,1.0,0.0,0.0,0.0,0.0,0.0,0.0,0.0,0.0,0.0,0.0,0.0,0.0,0.0,0.0,0.0,0.0,2.0
13495.0,12037.0,1458.0,0.0,0.0,668.722229,76.736839,64256.0,31872.0,4.108769,1721542656.0,4.108769,0.0,4.108769,4.108769,4.108769,62.0,64.0,0.171525,0.001414,0.170111,37.0,18.0,19.0,0.0,0.0,9.0,1.0,8.0,-0.0,24826.900391,22136.070312,2690.830322,19.565217,0.0,8.761748,4.137492,4.380874,1.0,0.0,0.0,0.0,0.0,0.0,0.0,0.0,0.0,0.0,0.0,0.0,0.0,0.0,0.0,0.0,0.0,0.0,0.0,0.0,0.0,0.0,0.0,0.0,1.0,0.0,0.0,0.0,0.0,0.0,0.0,1.0,2.0
348.0,132.0,216.0,0.0,0.0,66.0,72.0,64256.0,31872.0,3.427496,1721542656.0,3.427496,0.0,3.427496,3.427496,3.427496,62.0,64.0,0.171525,0.001414,0.170111,5.0,2.0,3.0,0.0,0.0,1.0,0.0,1.0,-0.0,490.153748,154.048325,336.105438,16.666667,0.0,1.167033,0.291758,0.583516,0.0,1.0,0.0,0.0,1.0,0.0,0.0,0.0,0.0,0.0,1.0,0.0,0.0,0.0,0.0,0.0,0.0,0.0,0.0,0.0,0.0,0.0,0.0,0.0,0.0,0.0,0.0,0.0,0.0,0.0,0.0,1.0,2.0
1996.0,885.0,1111.0,0.0,0.0,88.5,79.35714,64256.0,31872.0,4.631009,1721542656.0,4.631009,0.0,4.631009,4.631009,4.631009,62.0,64.0,0.169962,0.000502,0.16946,24.0,10.0,14.0,0.0,0.0,4.0,0.0,4.0,-0.0,3159.570557,1376.805786,1782.764771,14.285714,0.0,4.96652,1.943421,2.807163,0.0,1.0,0.0,0.0,0.0,0.0,0.0,0.0,0.0,0.0,0.0,0.0,0.0,0.0,0.0,0.0,0.0,0.0,0.0,0.0,0.0,0.0,0.0,0.0,0.0,1.0,0.0,0.0,0.0,0.0,0.0,1.0,2.0
12670.0,11882.0,788.0,0.0,0.0,990.166687,71.63636,64256.0,31872.0,0.35656,1721542656.0,0.35656,0.0,0.35656,0.35656,0.35656,62.0,64.0,0.169962,0.000502,0.16946,23.0,12.0,11.0,0.0,0.0,0.0,0.0,0.0,-0.0,260466.6875,244379.640625,16087.054688,0.0,0.0,61.700699,30.850349,28.045771,0.0,0.0,0.0,0.0,1.0,0.0,0.0,0.0,0.0,0.0,0.0,1.0,0.0,0.0,0.0,0.0,0.0,0.0,0.0,0.0,0.0,0.0,0.0,0.0,0.0,0.0,0.0,0.0,0.0,0.0,0.0,1.0,2.0
13816.0,12665.0,1151.0,0.0,0.0,745.0,76.73333,64256.0,31872.0,0.585108,1721542656.0,0.585108,0.0,0.585108,0.585108,0.585108,62.0,64.0,0.06124,0.000983,0.060257,32.0,17.0,15.0,0.0,0.0,0.0,0.0,0.0,-0.0,177676.609375,162978.46875,14698.141602,0.0,0.0,52.981674,27.345379,23.927208,0.0,0.0,0.0,0.0,0.0,0.0,0.0,0.0,0.0,0.0,0.0,0.0,0.0,0.0,0.0,1.0,0.0,0.0,0.0,0.0,0.0,0.0,0.0,0.0,0.0,0.0,0.0,0.0,0.0,0.0,0.0,0.0,2.0
14380.0,13097.0,1283.0,0.0,0.0,727.611084,75.470589,64256.0,31872.0,0.59076,1721542656.0,0.59076,0.0,0.59076,0.59076,0.59076,62.0,64.0,0.061418,0.000989,0.060429,35.0,18.0,17.0,0.0,0.0,0.0,0.0,0.0,-0.0,183871.625,167513.03125,16358.588867,0.0,0.0,57.552982,28.776491,27.083757,0.0,0.0,0.0,0.0,0.0,0.0,0.0,0.0,0.0,0.0,0.0,0.0,0.0,0.0,0.0,1.0,0.0,0.0,0.0,0.0,0.0,0.0,0.0,0.0,0.0,0.0,0.0,0.0,0.0,0.0,0.0,0.0,2.0
14752.0,13469.0,1283.0,0.0,0.0,748.277771,75.470589,64256.0,31872.0,0.64763,1721542656.0,0.64763,0.0,0.64763,0.64763,0.64763,62.0,64.0,0.061469,0.001344,0.060125,35.0,18.0,17.0,0.0,0.0,0.0,0.0,0.0,-0.0,172061.21875,157139.109375,14922.101562,0.0,0.0,52.499115,26.249557,24.705465,0.0,0.0,0.0,0.0,0.0,0.0,0.0,0.0,0.0,0.0,0.0,0.0,0.0,0.0,0.0,1.0,0.0,0.0,0.0,0.0,0.0,0.0,0.0,0.0,0.0,0.0,0.0,0.0,0.0,0.0,0.0,0.0,2.0
15130.0,13847.0,1283.0,0.0,0.0,769.277771,75.470589,64256.0,31872.0,0.678474,1721542656.0,0.678474,0.0,0.678474,0.678474,0.678474,62.0,64.0,0.061801,0.001414,0.060387,35.0,18.0,17.0,0.0,0.0,0.0,0.0,0.0,-0.0,168448.609375,154204.875,14243.729492,0.0,0.0,50.112457,25.056229,23.582333,0.0,0.0,0.0,0.0,0.0,0.0,0.0,0.0,0.0,0.0,0.0,0.0,0.0,0.0,0.0,1.0,0.0,0.0,0.0,0.0,0.0,0.0,0.0,0.0,0.0,0.0,0.0,0.0,0.0,0.0,0.0,0.0,2.0
15580.0,14297.0,1283.0,0.0,0.0,752.473694,75.470589,64256.0,31872.0,0.75591,1721542656.0,0.75591,0.0,0.75591,0.75591,0.75591,62.0,64.0,0.060979,0.000715,0.060264,36.0,19.0,17.0,0.0,0.0,0.0,0.0,0.0,-0.0,156135.0,143350.40625,12784.59082,0.0,0.0,46.301811,23.812359,21.166542,0.0,0.0,0.0,0.0,0.0,0.0,0.0,0.0,0.0,0.0,0.0,0.0,0.0,0.0,0.0,1.0,0.0,0.0,0.0,0.0,0.0,0.0,0.0,0.0,0.0,0.0,0.0,0.0,0.0,0.0,0.0,0.0,2.0
15904.0,14687.0,1217.0,0.0,0.0,773.0,76.0625,64256.0,31872.0,0.664456,1721542656.0,0.664456,0.0,0.664456,0.664456,0.664456,62.0,64.0,0.061655,0.000939,0.060716,35.0,19.0,16.0,0.0,0.0,0.0,0.0,0.0,-0.0,181261.0625,167523.5,13737.553711,0.0,0.0,51.169678,27.08983,22.574858,0.0,0.0,0.0,0.0,0.0,0.0,0.0,0.0,0.0,0.0,0.0,0.0,0.0,0.0,0.0,1.0,0.0,0.0,0.0,0.0,0.0,0.0,0.0,0.0,0.0,0.0,0.0,0.0,0.0,0.0,0.0,0.0,2.0
16366.0,15149.0,1217.0,0.0,0.0,757.450012,76.0625,64256.0,31872.0,0.555608,1721542656.0,0.555608,0.0,0.555608,0.555608,0.555608,62.0,64.0,0.061521,0.001495,0.060026,36.0,20.0,16.0,0.0,0.0,0.0,0.0,0.0,-0.0,223654.09375,207225.25,16428.849609,0.0,0.0,62.994057,34.196774,26.997452,0.0,0.0,0.0,0.0,0.0,0.0,0.0,0.0,0.0,0.0,0.0,0.0,0.0,0.0,0.0,1.0,0.0,0.0,0.0,0.0,0.0,0.0,0.0,0.0,0.0,0.0,0.0,0.0,0.0,0.0,0.0,0.0,2.0
16702.0,15485.0,1217.0,0.0,0.0,815.0,76.0625,64256.0,31872.0,0.585841,1721542656.0,0.585841,0.0,0.585841,0.585841,0.585841,62.0,64.0,0.061135,0.0,0.061135,35.0,19.0,16.0,0.0,0.0,0.0,0.0,0.0,-0.0,215908.40625,200327.390625,15581.019531,0.0,0.0,58.036224,30.72506,25.604218,0.0,0.0,0.0,0.0,0.0,0.0,0.0,0.0,0.0,0.0,0.0,0.0,0.0,0.0,0.0,1.0,0.0,0.0,0.0,0.0,0.0,0.0,0.0,0.0,0.0,0.0,0.0,0.0,0.0,0.0,0.0,0.0,2.0
17308.0,15959.0,1349.0,0.0,0.0,797.950012,74.944443,64256.0,31872.0,0.583949,1721542656.0,0.583949,0.0,0.583949,0.583949,0.583949,62.0,64.0,0.061028,0.000584,0.060444,38.0,20.0,18.0,0.0,0.0,0.0,0.0,0.0,-0.0,225184.03125,207716.765625,17467.277344,0.0,0.0,63.361694,32.537086,29.112129,0.0,0.0,0.0,0.0,0.0,0.0,0.0,0.0,0.0,0.0,0.0,0.0,0.0,0.0,0.0,1.0,0.0,0.0,0.0,0.0,0.0,0.0,0.0,0.0,0.0,0.0,0.0,0.0,0.0,0.0,0.0,0.0,2.0
17722.0,16373.0,1349.0,0.0,0.0,818.650024,74.944443,64256.0,31872.0,0.738563,1721542656.0,0.738563,0.0,0.738563,0.738563,0.738563,62.0,64.0,0.060925,0.002752,0.058173,38.0,20.0,18.0,0.0,0.0,0.0,0.0,0.0,-0.0,182299.953125,168489.34375,13810.602539,0.0,0.0,50.097282,25.725632,23.017672,0.0,0.0,0.0,0.0,0.0,0.0,0.0,0.0,0.0,0.0,0.0,0.0,0.0,0.0,0.0,1.0,0.0,0.0,0.0,0.0,0.0,0.0,0.0,0.0,0.0,0.0,0.0,0.0,0.0,0.0,0.0,0.0,2.0
18010.0,16793.0,1217.0,0.0,0.0,839.650024,76.0625,64256.0,31872.0,1.546487,1721542656.0,1.546487,0.0,1.546487,1.546487,1.546487,62.0,64.0,0.154173,0.000857,0.153316,36.0,20.0,16.0,0.0,0.0,0.0,0.0,0.0,-0.0,88432.6875,82530.28125,5902.409668,0.0,0.0,22.631939,12.285911,9.699403,0.0,0.0,0.0,0.0,0.0,0.0,0.0,0.0,0.0,0.0,0.0,0.0,0.0,0.0,0.0,1.0,0.0,0.0,0.0,0.0,0.0,0.0,0.0,0.0,0.0,0.0,0.0,0.0,0.0,0.0,0.0,0.0,2.0
18798.0,17359.0,1439.0,0.0,0.0,789.045471,75.736839,64256.0,31872.0,2.866956,1721542656.0,2.866956,0.0,2.866956,2.866956,2.866956,62.0,64.0,0.108437,0.000979,0.107458,41.0,22.0,19.0,0.0,0.0,4.0,1.0,3.0,-0.0,50043.320312,46237.195312,3806.127441,8.888889,0.0,13.95208,7.324842,6.278436,1.0,0.0,0.0,0.0,0.0,0.0,0.0,0.0,0.0,0.0,0.0,0.0,0.0,0.0,0.0,1.0,0.0,0.0,0.0,0.0,0.0,0.0,0.0,0.0,0.0,0.0,0.0,0.0,0.0,0.0,0.0,0.0,2.0
19420.0,17923.0,1497.0,0.0,0.0,746.791687,74.849998,64256.0,31872.0,3.683453,1721542656.0,3.683453,0.0,3.683453,3.683453,3.683453,62.0,64.0,0.168935,0.000493,0.168442,44.0,24.0,20.0,0.0,0.0,3.0,1.0,2.0,-0.0,40396.875,37306.296875,3090.578369,6.382979,0.0,11.673829,6.244141,5.158203,1.0,0.0,0.0,0.0,0.0,0.0,0.0,0.0,0.0,0.0,0.0,0.0,0.0,0.0,0.0,1.0,0.0,0.0,0.0,0.0,0.0,0.0,0.0,0.0,0.0,0.0,0.0,0.0,0.0,0.0,0.0,0.0,2.0
19660.0,18229.0,1431.0,0.0,0.0,828.590881,75.315788,64256.0,31872.0,3.566024,1721542656.0,3.566024,0.0,3.566024,3.566024,3.566024,62.0,64.0,0.155123,0.000494,0.154629,41.0,22.0,19.0,0.0,0.0,3.0,1.0,2.0,-0.0,42079.355469,39037.3125,3042.043457,6.818182,0.0,11.216974,5.888911,5.047638,1.0,0.0,0.0,0.0,0.0,0.0,0.0,0.0,0.0,0.0,0.0,0.0,0.0,0.0,0.0,1.0,0.0,0.0,0.0,0.0,0.0,0.0,0.0,0.0,0.0,0.0,0.0,0.0,0.0,0.0,0.0,0.0,2.0
20178.0,18673.0,1505.0,0.0,0.0,848.772705,75.25,64256.0,31872.0,3.661676,1721542656.0,3.661676,0.0,3.661676,3.661676,3.661676,62.0,64.0,0.146788,0.000966,0.145822,42.0,22.0,20.0,0.0,0.0,4.0,1.0,3.0,-0.0,42068.167969,38943.917969,3124.252441,8.695652,0.0,11.197059,5.735079,5.188881,1.0,0.0,0.0,0.0,0.0,0.0,0.0,0.0,0.0,0.0,0.0,0.0,0.0,0.0,0.0,1.0,0.0,0.0,0.0,0.0,0.0,0.0,0.0,0.0,0.0,0.0,0.0,0.0,0.0,0.0,0.0,0.0,2.0
20530.0,19115.0,1415.0,0.0,0.0,868.863647,74.473686,64256.0,31872.0,0.678308,1721542656.0,0.678308,0.0,0.678308,0.678308,0.678308,62.0,64.0,0.061585,0.0,0.061585,41.0,22.0,19.0,0.0,0.0,0.0,0.0,0.0,-0.0,231021.890625,215206.0625,15815.824219,0.0,0.0,58.970261,30.959387,26.536617,0.0,0.0,0.0,0.0,0.0,0.0,0.0,0.0,0.0,0.0,0.0,0.0,0.0,0.0,0.0,1.0,0.0,0.0,0.0,0.0,0.0,0.0,0.0,0.0,0.0,0.0,0.0,0.0,0.0,0.0,0.0,0.0,2.0
20986.0,19571.0,1415.0,0.0,0.0,889.590881,74.473686,64256.0,31872.0,0.5578,1721542656.0,0.5578,0.0,0.5578,0.5578,0.5578,62.0,64.0,0.061128,0.002068,0.05906,41.0,22.0,19.0,0.0,0.0,0.0,0.0,0.0,-0.0,287171.03125,267938.34375,19232.699219,0.0,0.0,71.710289,37.647903,32.26963,0.0,0.0,0.0,0.0,0.0,0.0,0.0,0.0,0.0,0.0,0.0,0.0,0.0,0.0,0.0,1.0,0.0,0.0,0.0,0.0,0.0,0.0,0.0,0.0,0.0,0.0,0.0,0.0,0.0,0.0,0.0,0.0,2.0
21316.0,20033.0,1283.0,0.0,0.0,910.590881,75.470589,64256.0,31872.0,0.571399,1721542656.0,0.571399,0.0,0.571399,0.571399,0.571399,62.0,64.0,0.061383,0.001118,0.060265,39.0,22.0,17.0,0.0,0.0,0.0,0.0,0.0,-0.0,284648.75,267735.875,16912.876953,0.0,0.0,66.503441,36.751904,28.00145,0.0,0.0,0.0,0.0,0.0,0.0,0.0,0.0,0.0,0.0,0.0,0.0,0.0,0.0,0.0,1.0,0.0,0.0,0.0,0.0,0.0,0.0,0.0,0.0,0.0,0.0,0.0,0.0,0.0,0.0,0.0,0.0,2.0
21916.0,20567.0,1349.0,0.0,0.0,894.217407,74.944443,64256.0,31872.0,0.557279,1721542656.0,0.557279,0.0,0.557279,0.557279,0.557279,62.0,64.0,0.061715,0.001475,0.06024,41.0,23.0,18.0,0.0,0.0,0.0,0.0,0.0,-0.0,300718.3125,282415.09375,18303.220703,0.0,0.0,71.777336,39.477535,30.505367,0.0,0.0,0.0,0.0,0.0,0.0,0.0,0.0,0.0,0.0,0.0,0.0,0.0,0.0,0.0,1.0,0.0,0.0,0.0,0.0,0.0,0.0,0.0,0.0,0.0,0.0,0.0,0.0,0.0,0.0,0.0,0.0,2.0
22390.0,21041.0,1349.0,0.0,0.0,914.826111,74.944443,64256.0,31872.0,0.648359,1721542656.0,0.648359,0.0,0.648359,0.648359,0.648359,62.0,64.0,0.061769,0.000918,0.060851,41.0,23.0,18.0,0.0,0.0,0.0,0.0,0.0,-0.0,264075.90625,248343.890625,15732.025391,0.0,0.0,61.694214,33.93182,26.220041,0.0,0.0,0.0,0.0,0.0,0.0,0.0,0.0,0.0,0.0,0.0,0.0,0.0,0.0,0.0,1.0,0.0,0.0,0.0,0.0,0.0,0.0,0.0,0.0,0.0,0.0,0.0,0.0,0.0,0.0,0.0,0.0,2.0
22870.0,21521.0,1349.0,0.0,0.0,935.695679,74.944443,64256.0,31872.0,0.680366,1721542656.0,0.680366,0.0,0.680366,0.680366,0.680366,62.0,64.0,0.062234,0.0,0.062234,41.0,23.0,18.0,0.0,0.0,0.0,0.0,0.0,-0.0,257049.890625,242057.953125,14991.931641,0.0,0.0,58.791889,32.335537,24.986551,0.0,0.0,0.0,0.0,0.0,0.0,0.0,0.0,0.0,0.0,0.0,0.0,0.0,0.0,0.0,1.0,0.0,0.0,0.0,0.0,0.0,0.0,0.0,0.0,0.0,0.0,0.0,0.0,0.0,0.0,0.0,0.0,2.0
23554.0,22073.0,1481.0,0.0,0.0,919.708313,74.050003,64256.0,31872.0,0.710678,1721542656.0,0.710678,0.0,0.710678,0.710678,0.710678,62.0,64.0,0.062188,0.002044,0.060144,44.0,24.0,20.0,0.0,0.0,0.0,0.0,0.0,-0.0,253965.9375,238127.546875,15838.397461,0.0,0.0,60.505604,32.363461,26.735035,0.0,0.0,0.0,0.0,0.0,0.0,0.0,0.0,0.0,0.0,0.0,0.0,0.0,0.0,0.0,1.0,0.0,0.0,0.0,0.0,0.0,0.0,0.0,0.0,0.0,0.0,0.0,0.0,0.0,0.0,0.0,0.0,2.0
24046.0,22565.0,1481.0,0.0,0.0,940.208313,74.050003,64256.0,31872.0,0.647635,1721542656.0,0.647635,0.0,0.647635,0.647635,0.647635,62.0,64.0,0.061905,0.000986,0.060919,44.0,24.0,20.0,0.0,0.0,0.0,0.0,0.0,-0.0,284505.9375,267125.78125,17380.160156,0.0,0.0,66.395424,35.513832,29.337513,0.0,0.0,0.0,0.0,0.0,0.0,0.0,0.0,0.0,0.0,0.0,0.0,0.0,0.0,0.0,1.0,0.0,0.0,0.0,0.0,0.0,0.0,0.0,0.0,0.0,0.0,0.0,0.0,0.0,0.0,0.0,0.0,2.0
24544.0,23063.0,1481.0,0.0,0.0,960.958313,74.050003,64256.0,31872.0,0.642204,1721542656.0,0.642204,0.0,0.642204,0.642204,0.642204,62.0,64.0,0.061576,0.001494,0.060082,44.0,24.0,20.0,0.0,0.0,0.0,0.0,0.0,-0.0,292866.4375,275339.3125,17527.140625,0.0,0.0,66.956917,35.814167,29.585615,0.0,0.0,0.0,0.0,0.0,0.0,0.0,0.0,0.0,0.0,0.0,0.0,0.0,0.0,0.0,1.0,0.0,0.0,0.0,0.0,0.0,0.0,0.0,0.0,0.0,0.0,0.0,0.0,0.0,0.0,0.0,0.0,2.0
25122.0,23633.0,1489.0,0.0,0.0,945.320007,74.449997,64256.0,31872.0,2.077659,1721542656.0,2.077659,0.0,2.077659,2.077659,2.077659,62.0,64.0,0.169239,0.0,0.169239,45.0,25.0,20.0,0.0,0.0,1.0,0.0,1.0,-0.0,92808.304688,87359.867188,5448.439941,2.173913,0.0,21.177683,11.551463,9.144908,0.0,1.0,0.0,0.0,0.0,0.0,0.0,0.0,0.0,0.0,0.0,0.0,0.0,0.0,0.0,1.0,0.0,0.0,0.0,0.0,0.0,0.0,0.0,0.0,0.0,0.0,0.0,0.0,0.0,0.0,0.0,0.0,2.0
25846.0,24283.0,1563.0,0.0,0.0,899.370361,74.428574,64256.0,31872.0,2.992041,1721542656.0,2.992041,0.0,2.992041,2.992041,2.992041,62.0,64.0,0.169315,0.000911,0.168404,48.0,27.0,21.0,0.0,0.0,3.0,1.0,2.0,-0.0,66504.4375,62523.207031,3981.22876,5.882353,0.0,15.708341,8.68972,6.6844,1.0,0.0,0.0,0.0,0.0,0.0,0.0,0.0,0.0,0.0,0.0,0.0,0.0,0.0,0.0,1.0,0.0,0.0,0.0,0.0,0.0,0.0,0.0,0.0,0.0,0.0,0.0,0.0,0.0,0.0,0.0,0.0,2.0
26140.0,24725.0,1415.0,0.0,0.0,950.961548,74.473686,64256.0,31872.0,1.650996,1721542656.0,1.650996,0.0,1.650996,1.650996,1.650996,62.0,64.0,0.183111,0.000494,0.182617,45.0,26.0,19.0,0.0,0.0,0.0,0.0,0.0,-0.0,121701.085938,115203.1875,6497.895996,0.0,0.0,26.650579,15.142375,10.90251,0.0,0.0,0.0,0.0,0.0,0.0,0.0,0.0,0.0,0.0,0.0,0.0,0.0,0.0,0.0,1.0,0.0,0.0,0.0,0.0,0.0,0.0,0.0,0.0,0.0,0.0,0.0,0.0,0.0,0.0,0.0,0.0,2.0
27106.0,25395.0,1711.0,0.0,0.0,906.964294,74.391304,64256.0,31872.0,4.953137,1721542656.0,4.953137,0.0,4.953137,4.953137,4.953137,62.0,64.0,0.168726,0.000998,0.167728,51.0,28.0,23.0,0.0,0.0,6.0,2.0,4.0,-0.0,42197.097656,39553.117188,2643.980957,10.526316,0.0,10.094613,5.451091,4.44163,1.0,0.0,0.0,0.0,0.0,0.0,0.0,0.0,0.0,0.0,0.0,0.0,0.0,0.0,0.0,1.0,0.0,0.0,0.0,0.0,0.0,0.0,0.0,0.0,0.0,0.0,0.0,0.0,0.0,0.0,0.0,0.0,2.0
27462.0,25907.0,1555.0,0.0,0.0,925.25,74.047623,64256.0,31872.0,2.486896,1721542656.0,2.486896,0.0,2.486896,2.486896,2.486896,62.0,64.0,0.153619,0.000978,0.152641,49.0,28.0,21.0,0.0,0.0,1.0,0.0,1.0,-0.0,85127.804688,80363.632812,4764.171875,2.0,0.0,19.301168,10.856908,8.042153,0.0,1.0,0.0,0.0,0.0,0.0,0.0,0.0,0.0,0.0,0.0,0.0,0.0,0.0,0.0,1.0,0.0,0.0,0.0,0.0,0.0,0.0,0.0,0.0,0.0,0.0,0.0,0.0,0.0,0.0,0.0,0.0,2.0
28086.0,26449.0,1637.0,0.0,0.0,944.607117,74.409088,64256.0,31872.0,3.331265,1721542656.0,3.331265,0.0,3.331265,3.331265,3.331265,62.0,64.0,0.106743,0.000503,0.10624,50.0,28.0,22.0,0.0,0.0,4.0,1.0,3.0,-0.0,65003.535156,61250.007812,3753.529053,7.407407,0.0,14.709127,8.105029,6.303912,1.0,0.0,0.0,0.0,0.0,0.0,0.0,0.0,0.0,0.0,0.0,0.0,0.0,0.0,0.0,1.0,0.0,0.0,0.0,0.0,0.0,0.0,0.0,0.0,0.0,0.0,0.0,0.0,0.0,0.0,0.0,0.0,2.0
28396.0,26915.0,1481.0,0.0,0.0,996.851868,74.050003,64256.0,31872.0,0.81896,1721542656.0,0.81896,0.0,0.81896,0.81896,0.81896,62.0,64.0,0.078374,0.000527,0.077847,47.0,27.0,20.0,0.0,0.0,0.0,0.0,0.0,-0.0,266933.65625,253189.40625,13744.260742,0.0,0.0,56.1688,31.747581,23.200155,0.0,0.0,0.0,0.0,0.0,0.0,0.0,0.0,0.0,0.0,0.0,0.0,0.0,0.0,0.0,1.0,0.0,0.0,0.0,0.0,0.0,0.0,0.0,0.0,0.0,0.0,0.0,0.0,0.0,0.0,0.0,0.0,2.0
28942.0,27461.0,1481.0,0.0,0.0,1017.074097,74.050003,64256.0,31872.0,1.065278,1721542656.0,1.065278,0.0,1.065278,1.065278,1.065278,62.0,64.0,0.105647,0.000978,0.104669,47.0,27.0,20.0,0.0,0.0,0.0,0.0,0.0,-0.0,209154.78125,198588.53125,10566.255859,0.0,0.0,43.181213,24.406773,17.835718,0.0,0.0,0.0,0.0,0.0,0.0,0.0,0.0,0.0,0.0,0.0,0.0,0.0,0.0,0.0,1.0,0.0,0.0,0.0,0.0,0.0,0.0,0.0,0.0,0.0,0.0,0.0,0.0,0.0,0.0,0.0,0.0,2.0
29560.0,28079.0,1481.0,0.0,0.0,1002.821411,74.050003,64256.0,31872.0,1.295379,1721542656.0,1.295379,0.0,1.295379,1.295379,1.295379,62.0,64.0,0.139536,0.013336,0.1262,48.0,28.0,20.0,0.0,0.0,0.0,0.0,0.0,-0.0,175911.453125,167222.09375,8689.348633,0.0,0.0,36.282818,20.843321,14.667521,0.0,0.0,0.0,0.0,0.0,0.0,0.0,0.0,0.0,0.0,0.0,0.0,0.0,0.0,0.0,1.0,0.0,0.0,0.0,0.0,0.0,0.0,0.0,0.0,0.0,0.0,0.0,0.0,0.0,0.0,0.0,0.0,2.0
30118.0,28637.0,1481.0,0.0,0.0,1022.75,74.050003,64256.0,31872.0,1.466517,1721542656.0,1.466517,0.0,1.466517,1.466517,1.466517,62.0,64.0,0.154731,0.000993,0.153738,48.0,28.0,20.0,0.0,0.0,0.0,0.0,0.0,-0.0,158317.96875,150642.640625,7675.328613,0.0,0.0,32.048725,18.410971,12.955868,0.0,0.0,0.0,0.0,0.0,0.0,0.0,0.0,0.0,0.0,0.0,0.0,0.0,0.0,0.0,1.0,0.0,0.0,0.0,0.0,0.0,0.0,0.0,0.0,0.0,0.0,0.0,0.0,0.0,0.0,0.0,0.0,2.0
30682.0,29201.0,1481.0,0.0,0.0,1042.892822,74.050003,64256.0,31872.0,1.451443,1721542656.0,1.451443,0.0,1.451443,1.451443,1.451443,62.0,64.0,0.167816,0.0,0.167816,48.0,28.0,20.0,0.0,0.0,0.0,0.0,0.0,-0.0,162960.59375,155205.546875,7755.041016,0.0,0.0,32.381569,18.602179,13.090422,0.0,0.0,0.0,0.0,0.0,0.0,0.0,0.0,0.0,0.0,0.0,0.0,0.0,0.0,0.0,1.0,0.0,0.0,0.0,0.0,0.0,0.0,0.0,0.0,0.0,0.0,0.0,0.0,0.0,0.0,0.0,0.0,2.0
31450.0,29903.0,1547.0,0.0,0.0,996.766663,73.666664,64256.0,31872.0,1.45156,1721542656.0,1.45156,0.0,1.45156,1.45156,1.45156,62.0,64.0,0.154819,0.000501,0.154318,51.0,30.0,21.0,0.0,0.0,0.0,0.0,0.0,-0.0,167439.171875,159315.5,8123.673828,0.0,0.0,34.445698,19.978506,13.778279,0.0,0.0,0.0,0.0,0.0,0.0,0.0,0.0,0.0,0.0,0.0,0.0,0.0,0.0,0.0,1.0,0.0,0.0,0.0,0.0,0.0,0.0,0.0,0.0,0.0,0.0,0.0,0.0,0.0,0.0,0.0,0.0,2.0
31960.0,30413.0,1547.0,0.0,0.0,1048.724121,73.666664,64256.0,31872.0,0.943007,1721542656.0,0.943007,0.0,0.943007,0.943007,0.943007,62.0,64.0,0.090602,0.006869,0.083733,50.0,29.0,21.0,0.0,0.0,0.0,0.0,0.0,-0.0,261622.65625,249117.984375,12504.679688,0.0,0.0,51.961437,29.692251,21.20875,0.0,0.0,0.0,0.0,0.0,0.0,0.0,0.0,0.0,0.0,0.0,0.0,0.0,0.0,0.0,1.0,0.0,0.0,0.0,0.0,0.0,0.0,0.0,0.0,0.0,0.0,0.0,0.0,0.0,0.0,0.0,0.0,2.0
32740.0,31061.0,1679.0,0.0,0.0,1035.366699,73.0,64256.0,31872.0,1.31223,1721542656.0,1.31223,0.0,1.31223,1.31223,1.31223,62.0,64.0,0.124375,0.00147,0.122905,53.0,30.0,23.0,0.0,0.0,0.0,0.0,0.0,-0.0,192844.25,183053.28125,9790.966797,0.0,0.0,39.627201,22.099785,16.765354,0.0,0.0,0.0,0.0,0.0,0.0,0.0,0.0,0.0,0.0,0.0,0.0,0.0,0.0,0.0,1.0,0.0,0.0,0.0,0.0,0.0,0.0,0.0,0.0,0.0,0.0,0.0,0.0,0.0,0.0,0.0,0.0,2.0
33328.0,31649.0,1679.0,0.0,0.0,1054.966675,73.0,64256.0,31872.0,0.635444,1721542656.0,0.635444,0.0,0.635444,0.635444,0.635444,62.0,64.0,0.060659,0.000498,0.060161,53.0,30.0,23.0,0.0,0.0,0.0,0.0,0.0,-0.0,405398.4375,385179.5,20218.933594,0.0,0.0,81.83255,45.637383,34.621464,0.0,0.0,0.0,0.0,0.0,0.0,0.0,0.0,0.0,0.0,0.0,0.0,0.0,0.0,0.0,1.0,0.0,0.0,0.0,0.0,0.0,0.0,0.0,0.0,0.0,0.0,0.0,0.0,0.0,0.0,0.0,0.0,2.0
33988.0,32309.0,1679.0,0.0,0.0,1042.22583,73.0,64256.0,31872.0,0.573986,1721542656.0,0.573986,0.0,0.573986,0.573986,0.573986,62.0,64.0,0.062293,0.001982,0.060311,54.0,31.0,23.0,0.0,0.0,0.0,0.0,0.0,-0.0,458171.46875,435787.625,22383.822266,0.0,0.0,92.336746,52.266083,38.328461,0.0,0.0,0.0,0.0,0.0,0.0,0.0,0.0,0.0,0.0,0.0,0.0,0.0,0.0,0.0,1.0,0.0,0.0,0.0,0.0,0.0,0.0,0.0,0.0,0.0,0.0,0.0,0.0,0.0,0.0,0.0,0.0,2.0
34522.0,32909.0,1613.0,0.0,0.0,1061.580688,73.318184,64256.0,31872.0,0.557386,1721542656.0,0.557386,0.0,0.557386,0.557386,0.557386,62.0,64.0,0.062523,0.000496,0.062027,53.0,31.0,22.0,0.0,0.0,0.0,0.0,0.0,-0.0,479208.3125,457105.15625,22103.175781,0.0,0.0,93.292625,53.822666,37.675865,0.0,0.0,0.0,0.0,0.0,0.0,0.0,0.0,0.0,0.0,0.0,0.0,0.0,0.0,0.0,1.0,0.0,0.0,0.0,0.0,0.0,0.0,0.0,0.0,0.0,0.0,0.0,0.0,0.0,0.0,0.0,0.0,2.0
2248.0,1229.0,1019.0,0.0,0.0,122.900002,78.384613,64256.0,31872.0,1.525481,1721542656.0,1.525481,0.0,1.525481,1.525481,1.525481,62.0,64.0,0.169874,0.0,0.169874,23.0,10.0,13.0,0.0,0.0,0.0,0.0,0.0,-0.0,10740.21875,5805.382324,4934.836914,0.0,0.0,14.42168,5.899778,7.866372,0.0,0.0,0.0,0.0,0.0,0.0,0.0,0.0,0.0,0.0,0.0,0.0,0.0,0.0,0.0,1.0,0.0,0.0,0.0,0.0,0.0,0.0,0.0,0.0,0.0,0.0,0.0,0.0,0.0,0.0,0.0,0.0,3.0
2260.0,1241.0,1019.0,0.0,0.0,124.099998,78.384613,64256.0,31872.0,0.647669,1721542656.0,0.647669,0.0,0.647669,0.647669,0.647669,62.0,64.0,0.060929,0.0,0.060929,23.0,10.0,13.0,0.0,0.0,0.0,0.0,0.0,-0.0,25420.390625,13797.170898,11623.220703,0.0,0.0,33.967968,13.895987,18.527983,0.0,0.0,0.0,0.0,0.0,0.0,0.0,0.0,0.0,0.0,0.0,0.0,0.0,0.0,0.0,1.0,0.0,0.0,0.0,0.0,0.0,0.0,0.0,0.0,0.0,0.0,0.0,0.0,0.0,0.0,0.0,0.0,3.0
2146.0,1259.0,887.0,0.0,0.0,125.900002,80.63636,64256.0,31872.0,1.362646,1721542656.0,1.362646,0.0,1.362646,1.362646,1.362646,62.0,64.0,0.169208,0.001004,0.168204,21.0,10.0,11.0,0.0,0.0,0.0,0.0,0.0,-0.0,11395.476562,6657.635254,4737.84082,0.0,0.0,14.677326,6.604797,7.338663,0.0,0.0,0.0,0.0,0.0,0.0,0.0,0.0,0.0,0.0,0.0,0.0,0.0,0.0,0.0,1.0,0.0,0.0,0.0,0.0,0.0,0.0,0.0,0.0,0.0,0.0,0.0,0.0,0.0,0.0,0.0,0.0,3.0
2170.0,1283.0,887.0,0.0,0.0,128.300003,80.63636,64256.0,31872.0,1.376383,1721542656.0,1.376383,0.0,1.376383,1.376383,1.376383,62.0,64.0,0.168725,0.000993,0.167732,21.0,10.0,11.0,0.0,0.0,0.0,0.0,0.0,-0.0,11403.802734,6713.248047,4690.555176,0.0,0.0,14.53084,6.538878,7.26542,0.0,0.0,0.0,0.0,0.0,0.0,0.0,0.0,0.0,0.0,0.0,0.0,0.0,0.0,0.0,1.0,0.0,0.0,0.0,0.0,0.0,0.0,0.0,0.0,0.0,0.0,0.0,0.0,0.0,0.0,0.0,0.0,3.0
2332.0,1313.0,1019.0,0.0,0.0,131.300003,78.384613,64256.0,31872.0,0.556869,1721542656.0,0.556869,0.0,0.556869,0.556869,0.556869,62.0,64.0,0.045834,0.001,0.044834,23.0,10.0,13.0,0.0,0.0,0.0,0.0,0.0,-0.0,30499.095703,16980.654297,13518.44043,0.0,0.0,39.506599,16.161791,21.549055,0.0,0.0,0.0,0.0,0.0,0.0,0.0,0.0,0.0,0.0,0.0,0.0,0.0,0.0,0.0,1.0,0.0,0.0,0.0,0.0,0.0,0.0,0.0,0.0,0.0,0.0,0.0,0.0,0.0,0.0,0.0,0.0,3.0
2368.0,1349.0,1019.0,0.0,0.0,134.899994,78.384613,64256.0,31872.0,0.555409,1721542656.0,0.555409,0.0,0.555409,0.555409,0.555409,62.0,64.0,0.045744,0.000994,0.04475,23.0,10.0,13.0,0.0,0.0,0.0,0.0,0.0,-0.0,31054.591797,17500.617188,13553.975586,0.0,0.0,39.610447,16.204275,21.6057,0.0,0.0,0.0,0.0,0.0,0.0,0.0,0.0,0.0,0.0,0.0,0.0,0.0,0.0,0.0,1.0,0.0,0.0,0.0,0.0,0.0,0.0,0.0,0.0,0.0,0.0,0.0,0.0,0.0,0.0,0.0,0.0,3.0
2476.0,1457.0,1019.0,0.0,0.0,132.454544,78.384613,64256.0,31872.0,0.63352,1721542656.0,0.63352,0.0,0.63352,0.63352,0.63352,62.0,64.0,0.060497,0.000998,0.059499,24.0,11.0,13.0,0.0,0.0,0.0,0.0,0.0,-0.0,28614.724609,16731.910156,11882.813477,0.0,0.0,36.305088,15.784822,18.941786,0.0,0.0,0.0,0.0,0.0,0.0,0.0,0.0,0.0,0.0,0.0,0.0,0.0,0.0,0.0,1.0,0.0,0.0,0.0,0.0,0.0,0.0,0.0,0.0,0.0,0.0,0.0,0.0,0.0,0.0,0.0,0.0,3.0
2458.0,1439.0,1019.0,0.0,0.0,143.899994,78.384613,64256.0,31872.0,0.588603,1721542656.0,0.588603,0.0,0.588603,0.588603,0.588603,62.0,64.0,0.06137,0.001004,0.060366,23.0,10.0,13.0,0.0,0.0,0.0,0.0,0.0,-0.0,30404.193359,17614.587891,12789.604492,0.0,0.0,37.376637,15.290442,20.387255,0.0,0.0,0.0,0.0,0.0,0.0,0.0,0.0,0.0,0.0,0.0,0.0,0.0,0.0,0.0,1.0,0.0,0.0,0.0,0.0,0.0,0.0,0.0,0.0,0.0,0.0,0.0,0.0,0.0,0.0,0.0,0.0,3.0
2512.0,1493.0,1019.0,0.0,0.0,149.300003,78.384613,64256.0,31872.0,0.695254,1721542656.0,0.695254,0.0,0.695254,0.695254,0.695254,62.0,64.0,0.06073,0.001002,0.059728,23.0,10.0,13.0,0.0,0.0,0.0,0.0,0.0,-0.0,26292.548828,15464.851562,10827.697266,0.0,0.0,31.64311,12.944909,17.259878,0.0,0.0,0.0,0.0,0.0,0.0,0.0,0.0,0.0,0.0,0.0,0.0,0.0,0.0,0.0,1.0,0.0,0.0,0.0,0.0,0.0,0.0,0.0,0.0,0.0,0.0,0.0,0.0,0.0,0.0,0.0,0.0,3.0
2572.0,1553.0,1019.0,0.0,0.0,155.300003,78.384613,64256.0,31872.0,0.864058,1721542656.0,0.864058,0.0,0.864058,0.864058,0.864058,62.0,64.0,0.060054,0.000513,0.059541,23.0,10.0,13.0,0.0,0.0,0.0,0.0,0.0,-0.0,21655.953125,12943.575195,8712.37793,0.0,0.0,25.461254,10.415967,13.887957,0.0,0.0,0.0,0.0,0.0,0.0,0.0,0.0,0.0,0.0,0.0,0.0,0.0,0.0,0.0,1.0,0.0,0.0,0.0,0.0,0.0,0.0,0.0,0.0,0.0,0.0,0.0,0.0,0.0,0.0,0.0,0.0,3.0
2638.0,1619.0,1019.0,0.0,0.0,161.899994,78.384613,64256.0,31872.0,0.646504,1721542656.0,0.646504,0.0,0.646504,0.646504,0.646504,62.0,64.0,0.061269,0.000869,0.0604,23.0,10.0,13.0,0.0,0.0,0.0,0.0,0.0,-0.0,29685.818359,18041.652344,11644.166016,0.0,0.0,34.029179,13.921028,18.561371,0.0,0.0,0.0,0.0,0.0,0.0,0.0,0.0,0.0,0.0,0.0,0.0,0.0,0.0,0.0,1.0,0.0,0.0,0.0,0.0,0.0,0.0,0.0,0.0,0.0,0.0,0.0,0.0,0.0,0.0,0.0,0.0,3.0
2710.0,1691.0,1019.0,0.0,0.0,169.100006,78.384613,64256.0,31872.0,0.665745,1721542656.0,0.665745,0.0,0.665745,0.665745,0.665745,62.0,64.0,0.060923,0.0,0.060923,23.0,10.0,13.0,0.0,0.0,0.0,0.0,0.0,-0.0,29596.916016,18289.285156,11307.632812,0.0,0.0,33.045685,13.518689,18.02492,0.0,0.0,0.0,0.0,0.0,0.0,0.0,0.0,0.0,0.0,0.0,0.0,0.0,0.0,0.0,1.0,0.0,0.0,0.0,0.0,0.0,0.0,0.0,0.0,0.0,0.0,0.0,0.0,0.0,0.0,0.0,0.0,3.0
2788.0,1769.0,1019.0,0.0,0.0,176.899994,78.384613,64256.0,31872.0,0.589359,1721542656.0,0.589359,0.0,0.589359,0.589359,0.589359,62.0,64.0,0.062713,0.0,0.062713,23.0,10.0,13.0,0.0,0.0,0.0,0.0,0.0,-0.0,34396.691406,21623.494141,12773.199219,0.0,0.0,37.328693,15.270828,20.361105,0.0,0.0,0.0,0.0,0.0,0.0,0.0,0.0,0.0,0.0,0.0,0.0,0.0,0.0,0.0,1.0,0.0,0.0,0.0,0.0,0.0,0.0,0.0,0.0,0.0,0.0,0.0,0.0,0.0,0.0,0.0,0.0,3.0
2872.0,1853.0,1019.0,0.0,0.0,185.300003,78.384613,64256.0,31872.0,0.554443,1721542656.0,0.554443,0.0,0.554443,0.554443,0.554443,62.0,64.0,0.059396,0.000507,0.058889,23.0,10.0,13.0,0.0,0.0,0.0,0.0,0.0,-0.0,37644.988281,24067.396484,13577.59082,0.0,0.0,39.679462,16.232508,21.643343,0.0,0.0,0.0,0.0,0.0,0.0,0.0,0.0,0.0,0.0,0.0,0.0,0.0,0.0,0.0,1.0,0.0,0.0,0.0,0.0,0.0,0.0,0.0,0.0,0.0,0.0,0.0,0.0,0.0,0.0,0.0,0.0,3.0
3028.0,2009.0,1019.0,0.0,0.0,182.636368,78.384613,64256.0,31872.0,0.663297,1721542656.0,0.663297,0.0,0.663297,0.663297,0.663297,62.0,64.0,0.061091,0.000496,0.060595,24.0,11.0,13.0,0.0,0.0,0.0,0.0,0.0,-0.0,33384.742188,22035.376953,11349.365234,0.0,0.0,34.675266,15.076202,18.091444,0.0,0.0,0.0,0.0,0.0,0.0,0.0,0.0,0.0,0.0,0.0,0.0,0.0,0.0,0.0,1.0,0.0,0.0,0.0,0.0,0.0,0.0,0.0,0.0,0.0,0.0,0.0,0.0,0.0,0.0,0.0,0.0,3.0
3058.0,2039.0,1019.0,0.0,0.0,203.899994,78.384613,64256.0,31872.0,0.664018,1721542656.0,0.664018,0.0,0.664018,0.664018,0.664018,62.0,64.0,0.061813,0.000949,0.060864,23.0,10.0,13.0,0.0,0.0,0.0,0.0,0.0,-0.0,33456.925781,22119.882812,11337.042969,0.0,0.0,33.131634,13.55385,18.0718,0.0,0.0,0.0,0.0,0.0,0.0,0.0,0.0,0.0,0.0,0.0,0.0,0.0,0.0,0.0,1.0,0.0,0.0,0.0,0.0,0.0,0.0,0.0,0.0,0.0,0.0,0.0,0.0,0.0,0.0,0.0,0.0,3.0
3160.0,2141.0,1019.0,0.0,0.0,214.100006,78.384613,64256.0,31872.0,0.685663,1721542656.0,0.685663,0.0,0.685663,0.685663,0.685663,62.0,64.0,0.061622,0.000999,0.060623,23.0,10.0,13.0,0.0,0.0,0.0,0.0,0.0,-0.0,33462.503906,22483.349609,10979.154297,0.0,0.0,32.085735,13.125982,17.501308,0.0,0.0,0.0,0.0,0.0,0.0,0.0,0.0,0.0,0.0,0.0,0.0,0.0,0.0,0.0,1.0,0.0,0.0,0.0,0.0,0.0,0.0,0.0,0.0,0.0,0.0,0.0,0.0,0.0,0.0,0.0,0.0,3.0
3268.0,2315.0,953.0,0.0,0.0,210.454544,79.416664,64256.0,31872.0,0.674305,1721542656.0,0.674305,0.0,0.674305,0.674305,0.674305,62.0,64.0,0.061914,0.000914,0.061,23.0,11.0,12.0,0.0,0.0,0.0,0.0,0.0,-0.0,35343.054688,24973.861328,10369.194336,0.0,0.0,32.626183,14.830084,16.313091,0.0,0.0,0.0,0.0,0.0,0.0,0.0,0.0,0.0,0.0,0.0,0.0,0.0,0.0,0.0,1.0,0.0,0.0,0.0,0.0,0.0,0.0,0.0,0.0,0.0,0.0,0.0,0.0,0.0,0.0,0.0,0.0,3.0
3382.0,2429.0,953.0,0.0,0.0,220.818176,79.416664,64256.0,31872.0,0.541272,1721542656.0,0.541272,0.0,0.541272,0.541272,0.541272,62.0,64.0,0.062051,0.000704,0.061347,23.0,11.0,12.0,0.0,0.0,0.0,0.0,0.0,-0.0,45566.742188,32649.019531,12917.719727,0.0,0.0,40.645,18.475,20.3225,0.0,0.0,0.0,0.0,0.0,0.0,0.0,0.0,0.0,0.0,0.0,0.0,0.0,0.0,0.0,1.0,0.0,0.0,0.0,0.0,0.0,0.0,0.0,0.0,0.0,0.0,0.0,0.0,0.0,0.0,0.0,0.0,3.0
3502.0,2549.0,953.0,0.0,0.0,231.72728,79.416664,64256.0,31872.0,0.580822,1721542656.0,0.580822,0.0,0.580822,0.580822,0.580822,62.0,64.0,0.045796,0.000993,0.044803,23.0,11.0,12.0,0.0,0.0,0.0,0.0,0.0,-0.0,43965.277344,31927.166016,12038.111328,0.0,0.0,37.877354,17.216978,18.938677,0.0,0.0,0.0,0.0,0.0,0.0,0.0,0.0,0.0,0.0,0.0,0.0,0.0,0.0,0.0,1.0,0.0,0.0,0.0,0.0,0.0,0.0,0.0,0.0,0.0,0.0,0.0,0.0,0.0,0.0,0.0,0.0,3.0
3628.0,2675.0,953.0,0.0,0.0,243.181824,79.416664,64256.0,31872.0,1.433768,1721542656.0,1.433768,0.0,1.433768,1.433768,1.433768,62.0,64.0,0.166429,0.000989,0.16544,23.0,11.0,12.0,0.0,0.0,0.0,0.0,0.0,-0.0,18446.498047,13569.837891,4876.660645,0.0,0.0,15.344184,6.974629,7.672092,0.0,0.0,0.0,0.0,0.0,0.0,0.0,0.0,0.0,0.0,0.0,0.0,0.0,0.0,0.0,1.0,0.0,0.0,0.0,0.0,0.0,0.0,0.0,0.0,0.0,0.0,0.0,0.0,0.0,0.0,0.0,0.0,3.0
3826.0,2873.0,953.0,0.0,0.0,239.416672,79.416664,64256.0,31872.0,0.647264,1721542656.0,0.647264,0.0,0.647264,0.647264,0.647264,62.0,64.0,0.061891,0.000649,0.061242,24.0,12.0,12.0,0.0,0.0,0.0,0.0,0.0,-0.0,43357.886719,32555.494141,10802.392578,0.0,0.0,35.534187,16.994612,16.994612,0.0,0.0,0.0,0.0,0.0,0.0,0.0,0.0,0.0,0.0,0.0,0.0,0.0,0.0,0.0,1.0,0.0,0.0,0.0,0.0,0.0,0.0,0.0,0.0,0.0,0.0,0.0,0.0,0.0,0.0,0.0,0.0,3.0
3898.0,2945.0,953.0,0.0,0.0,267.727264,79.416664,64256.0,31872.0,0.686105,1721542656.0,0.686105,0.0,0.686105,0.686105,0.686105,62.0,64.0,0.046631,0.00109,0.045541,23.0,11.0,12.0,0.0,0.0,0.0,0.0,0.0,-0.0,41416.402344,31225.541016,10190.859375,0.0,0.0,32.065063,14.575028,16.032532,0.0,0.0,0.0,0.0,0.0,0.0,0.0,0.0,0.0,0.0,0.0,0.0,0.0,0.0,0.0,1.0,0.0,0.0,0.0,0.0,0.0,0.0,0.0,0.0,0.0,0.0,0.0,0.0,0.0,0.0,0.0,0.0,3.0
4042.0,3089.0,953.0,0.0,0.0,280.818176,79.416664,64256.0,31872.0,1.497622,1721542656.0,1.497622,0.0,1.497622,1.497622,1.497622,62.0,64.0,0.168525,0.001495,0.16703,23.0,11.0,12.0,0.0,0.0,0.0,0.0,0.0,-0.0,19673.855469,15005.121094,4668.734863,0.0,0.0,14.689955,6.677252,7.344977,0.0,0.0,0.0,0.0,0.0,0.0,0.0,0.0,0.0,0.0,0.0,0.0,0.0,0.0,0.0,1.0,0.0,0.0,0.0,0.0,0.0,0.0,0.0,0.0,0.0,0.0,0.0,0.0,0.0,0.0,0.0,0.0,3.0
4192.0,3239.0,953.0,0.0,0.0,294.454559,79.416664,64256.0,31872.0,1.406337,1721542656.0,1.406337,0.0,1.406337,1.406337,1.406337,62.0,64.0,0.168167,0.000755,0.167412,23.0,11.0,12.0,0.0,0.0,0.0,0.0,0.0,-0.0,21724.521484,16752.740234,4971.78125,0.0,0.0,15.643476,7.110671,7.821738,0.0,0.0,0.0,0.0,0.0,0.0,0.0,0.0,0.0,0.0,0.0,0.0,0.0,0.0,0.0,1.0,0.0,0.0,0.0,0.0,0.0,0.0,0.0,0.0,0.0,0.0,0.0,0.0,0.0,0.0,0.0,0.0,3.0
4348.0,3395.0,953.0,0.0,0.0,308.636353,79.416664,64256.0,31872.0,1.433421,1721542656.0,1.433421,0.0,1.433421,1.433421,1.433421,62.0,64.0,0.167752,0.001555,0.166197,23.0,11.0,12.0,0.0,0.0,0.0,0.0,0.0,-0.0,22106.554688,17228.712891,4877.841309,0.0,0.0,15.347898,6.976317,7.673949,0.0,0.0,0.0,0.0,0.0,0.0,0.0,0.0,0.0,0.0,0.0,0.0,0.0,0.0,0.0,1.0,0.0,0.0,0.0,0.0,0.0,0.0,0.0,0.0,0.0,0.0,0.0,0.0,0.0,0.0,0.0,0.0,3.0
4584.0,3557.0,1027.0,0.0,0.0,323.363647,79.0,64256.0,31872.0,2.401407,1721542656.0,2.401407,0.0,2.401407,2.401407,2.401407,62.0,64.0,0.158384,0.000496,0.157888,24.0,11.0,13.0,0.0,0.0,1.0,0.0,1.0,-0.0,13931.832031,10773.683594,3158.148438,4.0,0.0,9.577719,4.164226,4.99707,0.0,1.0,0.0,0.0,0.0,0.0,0.0,0.0,0.0,0.0,0.0,0.0,0.0,0.0,0.0,1.0,0.0,0.0,0.0,0.0,0.0,0.0,0.0,0.0,0.0,0.0,0.0,0.0,0.0,0.0,0.0,0.0,3.0
4678.0,3725.0,953.0,0.0,0.0,338.636353,79.416664,64256.0,31872.0,1.388988,1721542656.0,1.388988,0.0,1.388988,1.388988,1.388988,62.0,64.0,0.169022,0.000454,0.168568,23.0,11.0,12.0,0.0,0.0,0.0,0.0,0.0,-0.0,24541.607422,19507.728516,5033.880859,0.0,0.0,15.838869,7.199486,7.919435,0.0,0.0,0.0,0.0,0.0,0.0,0.0,0.0,0.0,0.0,0.0,0.0,0.0,0.0,0.0,1.0,0.0,0.0,0.0,0.0,0.0,0.0,0.0,0.0,0.0,0.0,0.0,0.0,0.0,0.0,0.0,0.0,3.0
5050.0,3965.0,1085.0,0.0,0.0,330.416656,77.5,64256.0,31872.0,0.650282,1721542656.0,0.650282,0.0,0.650282,0.650282,0.650282,62.0,64.0,0.061838,0.000501,0.061337,26.0,12.0,14.0,0.0,0.0,0.0,0.0,0.0,-0.0,57119.832031,44719.058594,12400.773438,0.0,0.0,38.444859,16.915737,19.991325,0.0,0.0,0.0,0.0,0.0,0.0,0.0,0.0,0.0,0.0,0.0,0.0,0.0,0.0,0.0,1.0,0.0,0.0,0.0,0.0,0.0,0.0,0.0,0.0,0.0,0.0,0.0,0.0,0.0,0.0,0.0,0.0,3.0
5954.0,4641.0,1313.0,0.0,0.0,331.5,77.235291,64256.0,31872.0,4.212722,1721542656.0,4.212722,0.0,4.212722,4.212722,4.212722,62.0,64.0,0.061699,0.000493,0.061206,31.0,14.0,17.0,0.0,0.0,5.0,1.0,4.0,-0.0,10531.908203,8184.732422,2347.176025,13.888889,0.0,7.121287,3.085891,3.79802,1.0,0.0,0.0,0.0,0.0,0.0,0.0,0.0,0.0,0.0,0.0,0.0,0.0,0.0,0.0,1.0,0.0,0.0,0.0,0.0,0.0,0.0,0.0,0.0,0.0,0.0,0.0,0.0,0.0,0.0,0.0,1.0,3.0
5416.0,4331.0,1085.0,0.0,0.0,360.916656,77.5,64256.0,31872.0,1.527475,1721542656.0,1.527475,0.0,1.527475,1.527475,1.527475,62.0,64.0,0.171535,0.002476,0.169059,26.0,12.0,14.0,0.0,0.0,0.0,0.0,0.0,-0.0,26077.023438,20797.722656,5279.300781,0.0,0.0,16.36688,7.201427,8.510777,0.0,0.0,0.0,0.0,0.0,0.0,0.0,0.0,0.0,0.0,0.0,0.0,0.0,0.0,0.0,1.0,0.0,0.0,0.0,0.0,0.0,0.0,0.0,0.0,0.0,0.0,0.0,0.0,0.0,0.0,0.0,0.0,3.0
5608.0,4523.0,1085.0,0.0,0.0,376.916656,77.5,64256.0,31872.0,0.586871,1721542656.0,0.586871,0.0,0.586871,0.586871,0.586871,62.0,64.0,0.046109,0.0005,0.045609,26.0,12.0,14.0,0.0,0.0,0.0,0.0,0.0,-0.0,70270.976562,56530.308594,13740.667969,0.0,0.0,42.598797,18.743471,22.151375,0.0,0.0,0.0,0.0,0.0,0.0,0.0,0.0,0.0,0.0,0.0,0.0,0.0,0.0,0.0,1.0,0.0,0.0,0.0,0.0,0.0,0.0,0.0,0.0,0.0,0.0,0.0,0.0,0.0,0.0,0.0,0.0,3.0
5806.0,4721.0,1085.0,0.0,0.0,393.416656,77.5,64256.0,31872.0,0.665193,1721542656.0,0.665193,0.0,0.665193,0.665193,0.665193,62.0,64.0,0.060867,0.000487,0.06038,26.0,12.0,14.0,0.0,0.0,0.0,0.0,0.0,-0.0,64173.855469,52051.058594,12122.796875,0.0,0.0,37.583076,16.536554,19.5432,0.0,0.0,0.0,0.0,0.0,0.0,0.0,0.0,0.0,0.0,0.0,0.0,0.0,0.0,0.0,1.0,0.0,0.0,0.0,0.0,0.0,0.0,0.0,0.0,0.0,0.0,0.0,0.0,0.0,0.0,0.0,0.0,3.0
6010.0,4925.0,1085.0,0.0,0.0,410.416656,77.5,64256.0,31872.0,0.663292,1721542656.0,0.663292,0.0,0.663292,0.663292,0.663292,62.0,64.0,0.060894,0.00058,0.060314,26.0,12.0,14.0,0.0,0.0,0.0,0.0,0.0,-0.0,66613.195312,54455.65625,12157.541992,0.0,0.0,37.690792,16.583948,19.599211,0.0,0.0,0.0,0.0,0.0,0.0,0.0,0.0,0.0,0.0,0.0,0.0,0.0,0.0,0.0,1.0,0.0,0.0,0.0,0.0,0.0,0.0,0.0,0.0,0.0,0.0,0.0,0.0,0.0,0.0,0.0,0.0,3.0
6220.0,5135.0,1085.0,0.0,0.0,427.916656,77.5,64256.0,31872.0,0.570792,1721542656.0,0.570792,0.0,0.570792,0.570792,0.570792,62.0,64.0,0.061082,0.001445,0.059637,26.0,12.0,14.0,0.0,0.0,0.0,0.0,0.0,-0.0,80113.242188,65985.507812,14127.738281,0.0,0.0,43.79879,19.271467,22.775372,0.0,0.0,0.0,0.0,0.0,0.0,0.0,0.0,0.0,0.0,0.0,0.0,0.0,0.0,0.0,1.0,0.0,0.0,0.0,0.0,0.0,0.0,0.0,0.0,0.0,0.0,0.0,0.0,0.0,0.0,0.0,0.0,3.0
6436.0,5417.0,1019.0,0.0,0.0,416.692322,78.384613,64256.0,31872.0,0.759396,1721542656.0,0.759396,0.0,0.759396,0.759396,0.759396,62.0,64.0,0.061623,0.000984,0.060639,26.0,13.0,13.0,0.0,0.0,0.0,0.0,0.0,-0.0,62597.117188,52683.972656,9913.141602,0.0,0.0,32.920898,15.802032,15.802032,0.0,0.0,0.0,0.0,0.0,0.0,0.0,0.0,0.0,0.0,0.0,0.0,0.0,0.0,0.0,1.0,0.0,0.0,0.0,0.0,0.0,0.0,0.0,0.0,0.0,0.0,0.0,0.0,0.0,0.0,0.0,0.0,3.0
6658.0,5639.0,1019.0,0.0,0.0,433.769226,78.384613,64256.0,31872.0,0.570589,1721542656.0,0.570589,0.0,0.570589,0.570589,0.570589,62.0,64.0,0.060987,0.000995,0.059992,26.0,13.0,13.0,0.0,0.0,0.0,0.0,0.0,-0.0,86184.625,72991.242188,13193.383789,0.0,0.0,43.814373,21.030899,21.030899,0.0,0.0,0.0,0.0,0.0,0.0,0.0,0.0,0.0,0.0,0.0,0.0,0.0,0.0,0.0,1.0,0.0,0.0,0.0,0.0,0.0,0.0,0.0,0.0,0.0,0.0,0.0,0.0,0.0,0.0,0.0,0.0,3.0
6886.0,5867.0,1019.0,0.0,0.0,451.307678,78.384613,64256.0,31872.0,0.539355,1721542656.0,0.539355,0.0,0.539355,0.539355,0.539355,62.0,64.0,0.061846,0.001485,0.060361,26.0,13.0,13.0,0.0,0.0,0.0,0.0,0.0,-0.0,94290.40625,80332.992188,13957.413086,0.0,0.0,46.351662,22.248798,22.248798,0.0,0.0,0.0,0.0,0.0,0.0,0.0,0.0,0.0,0.0,0.0,0.0,0.0,0.0,0.0,1.0,0.0,0.0,0.0,0.0,0.0,0.0,0.0,0.0,0.0,0.0,0.0,0.0,0.0,0.0,0.0,0.0,3.0
7120.0,6101.0,1019.0,0.0,0.0,469.307678,78.384613,64256.0,31872.0,0.5706,1721542656.0,0.5706,0.0,0.5706,0.5706,0.5706,62.0,64.0,0.061979,0.001086,0.060893,26.0,13.0,13.0,0.0,0.0,0.0,0.0,0.0,-0.0,92155.632812,78962.5,13193.130859,0.0,0.0,43.81353,21.030495,21.030495,0.0,0.0,0.0,0.0,0.0,0.0,0.0,0.0,0.0,0.0,0.0,0.0,0.0,0.0,0.0,1.0,0.0,0.0,0.0,0.0,0.0,0.0,0.0,0.0,0.0,0.0,0.0,0.0,0.0,0.0,0.0,0.0,3.0
7360.0,6341.0,1019.0,0.0,0.0,487.769226,78.384613,64256.0,31872.0,0.570975,1721542656.0,0.570975,0.0,0.570975,0.570975,0.570975,62.0,64.0,0.060958,0.000986,0.059972,26.0,13.0,13.0,0.0,0.0,0.0,0.0,0.0,-0.0,95205.570312,82021.101562,13184.464844,0.0,0.0,43.784752,21.016682,21.016682,0.0,0.0,0.0,0.0,0.0,0.0,0.0,0.0,0.0,0.0,0.0,0.0,0.0,0.0,0.0,1.0,0.0,0.0,0.0,0.0,0.0,0.0,0.0,0.0,0.0,0.0,0.0,0.0,0.0,0.0,0.0,0.0,3.0
7606.0,6587.0,1019.0,0.0,0.0,506.692322,78.384613,64256.0,31872.0,0.555265,1721542656.0,0.555265,0.0,0.555265,0.555265,0.555265,62.0,64.0,0.061335,0.000989,0.060346,26.0,13.0,13.0,0.0,0.0,0.0,0.0,0.0,-0.0,101169.710938,87612.21875,13557.490234,0.0,0.0,45.023548,21.611301,21.611301,0.0,0.0,0.0,0.0,0.0,0.0,0.0,0.0,0.0,0.0,0.0,0.0,0.0,0.0,0.0,1.0,0.0,0.0,0.0,0.0,0.0,0.0,0.0,0.0,0.0,0.0,0.0,0.0,0.0,0.0,0.0,0.0,3.0
8056.0,6905.0,1151.0,0.0,0.0,493.214294,76.73333,64256.0,31872.0,0.57158,1721542656.0,0.57158,0.0,0.57158,0.57158,0.57158,62.0,64.0,0.061905,0.000994,0.060911,29.0,14.0,15.0,0.0,0.0,0.0,0.0,0.0,-0.0,104790.234375,89744.21875,15046.012695,0.0,0.0,48.987019,22.743973,24.493509,0.0,0.0,0.0,0.0,0.0,0.0,0.0,0.0,0.0,0.0,0.0,0.0,0.0,0.0,0.0,1.0,0.0,0.0,0.0,0.0,0.0,0.0,0.0,0.0,0.0,0.0,0.0,0.0,0.0,0.0,0.0,0.0,3.0
8314.0,7163.0,1151.0,0.0,0.0,511.642853,76.73333,64256.0,31872.0,0.57165,1721542656.0,0.57165,0.0,0.57165,0.57165,0.57165,62.0,64.0,0.060688,0.000961,0.059727,29.0,14.0,15.0,0.0,0.0,0.0,0.0,0.0,-0.0,108136.09375,93091.921875,15044.169922,0.0,0.0,48.981018,22.741186,24.490509,0.0,0.0,0.0,0.0,0.0,0.0,0.0,0.0,0.0,0.0,0.0,0.0,0.0,0.0,0.0,1.0,0.0,0.0,0.0,0.0,0.0,0.0,0.0,0.0,0.0,0.0,0.0,0.0,0.0,0.0,0.0,0.0,3.0
8578.0,7427.0,1151.0,0.0,0.0,530.5,76.73333,64256.0,31872.0,0.556496,1721542656.0,0.556496,0.0,0.556496,0.556496,0.556496,62.0,64.0,0.061135,0.000991,0.060144,29.0,14.0,15.0,0.0,0.0,0.0,0.0,0.0,-0.0,114602.796875,99148.953125,15453.838867,0.0,0.0,50.314823,23.360455,25.157412,0.0,0.0,0.0,0.0,0.0,0.0,0.0,0.0,0.0,0.0,0.0,0.0,0.0,0.0,0.0,1.0,0.0,0.0,0.0,0.0,0.0,0.0,0.0,0.0,0.0,0.0,0.0,0.0,0.0,0.0,0.0,0.0,3.0
8848.0,7697.0,1151.0,0.0,0.0,549.785706,76.73333,64256.0,31872.0,0.664412,1721542656.0,0.664412,0.0,0.664412,0.664412,0.664412,62.0,64.0,0.061329,0.000976,0.060353,29.0,14.0,15.0,0.0,0.0,0.0,0.0,0.0,-0.0,99010.851562,86067.078125,12943.775391,0.0,0.0,42.142525,19.566172,21.071262,0.0,0.0,0.0,0.0,0.0,0.0,0.0,0.0,0.0,0.0,0.0,0.0,0.0,0.0,0.0,1.0,0.0,0.0,0.0,0.0,0.0,0.0,0.0,0.0,0.0,0.0,0.0,0.0,0.0,0.0,0.0,0.0,3.0
9124.0,7973.0,1151.0,0.0,0.0,569.5,76.73333,64256.0,31872.0,0.556724,1721542656.0,0.556724,0.0,0.556724,0.556724,0.556724,62.0,64.0,0.060981,0.0,0.060981,29.0,14.0,15.0,0.0,0.0,0.0,0.0,0.0,-0.0,121841.34375,106393.828125,15447.510742,0.0,0.0,50.29422,23.350887,25.14711,0.0,0.0,0.0,0.0,0.0,0.0,0.0,0.0,0.0,0.0,0.0,0.0,0.0,0.0,0.0,1.0,0.0,0.0,0.0,0.0,0.0,0.0,0.0,0.0,0.0,0.0,0.0,0.0,0.0,0.0,0.0,0.0,3.0
9406.0,8255.0,1151.0,0.0,0.0,589.642883,76.73333,64256.0,31872.0,0.569361,1721542656.0,0.569361,0.0,0.569361,0.569361,0.569361,62.0,64.0,0.061432,0.001046,0.060386,29.0,14.0,15.0,0.0,0.0,0.0,0.0,0.0,-0.0,122818.390625,107713.742188,15104.65332,0.0,0.0,49.17794,22.832615,24.58897,0.0,0.0,0.0,0.0,0.0,0.0,0.0,0.0,0.0,0.0,0.0,0.0,0.0,0.0,0.0,1.0,0.0,0.0,0.0,0.0,0.0,0.0,0.0,0.0,0.0,0.0,0.0,0.0,0.0,0.0,0.0,0.0,3.0
9760.0,8675.0,1085.0,0.0,0.0,542.1875,77.5,64256.0,31872.0,0.555685,1721542656.0,0.555685,0.0,0.555685,0.555685,0.555685,62.0,64.0,0.061297,0.000987,0.06031,30.0,16.0,14.0,0.0,0.0,0.0,0.0,0.0,-0.0,131599.734375,117087.921875,14511.819336,0.0,0.0,52.187843,26.993711,23.39455,0.0,0.0,0.0,0.0,0.0,0.0,0.0,0.0,0.0,0.0,0.0,0.0,0.0,0.0,0.0,1.0,0.0,0.0,0.0,0.0,0.0,0.0,0.0,0.0,0.0,0.0,0.0,0.0,0.0,0.0,0.0,0.0,3.0
9988.0,8903.0,1085.0,0.0,0.0,593.533325,77.5,64256.0,31872.0,0.556525,1721542656.0,0.556525,0.0,0.556525,0.556525,0.556525,62.0,64.0,0.061613,0.00092,0.060693,29.0,15.0,14.0,0.0,0.0,0.0,0.0,0.0,-0.0,133945.46875,119455.554688,14489.915039,0.0,0.0,50.312206,25.156103,23.359238,0.0,0.0,0.0,0.0,0.0,0.0,0.0,0.0,0.0,0.0,0.0,0.0,0.0,0.0,0.0,1.0,0.0,0.0,0.0,0.0,0.0,0.0,0.0,0.0,0.0,0.0,0.0,0.0,0.0,0.0,0.0,0.0,3.0
10288.0,9203.0,1085.0,0.0,0.0,613.533325,77.5,64256.0,31872.0,0.56971,1721542656.0,0.56971,0.0,0.56971,0.56971,0.56971,62.0,64.0,0.059893,0.00049,0.059403,29.0,15.0,14.0,0.0,0.0,0.0,0.0,0.0,-0.0,134777.34375,120622.773438,14154.569336,0.0,0.0,49.147812,24.573906,22.818626,0.0,0.0,0.0,0.0,0.0,0.0,0.0,0.0,0.0,0.0,0.0,0.0,0.0,0.0,0.0,1.0,0.0,0.0,0.0,0.0,0.0,0.0,0.0,0.0,0.0,0.0,0.0,0.0,0.0,0.0,0.0,0.0,3.0
10594.0,9509.0,1085.0,0.0,0.0,633.93335,77.5,64256.0,31872.0,0.570384,1721542656.0,0.570384,0.0,0.570384,0.570384,0.570384,62.0,64.0,0.061934,0.000989,0.060945,29.0,15.0,14.0,0.0,0.0,0.0,0.0,0.0,-0.0,138629.40625,124491.5625,14137.84375,0.0,0.0,49.089733,24.544867,22.791662,0.0,0.0,0.0,0.0,0.0,0.0,0.0,0.0,0.0,0.0,0.0,0.0,0.0,0.0,0.0,1.0,0.0,0.0,0.0,0.0,0.0,0.0,0.0,0.0,0.0,0.0,0.0,0.0,0.0,0.0,0.0,0.0,3.0
11104.0,9887.0,1217.0,0.0,0.0,617.9375,76.0625,64256.0,31872.0,0.665299,1721542656.0,0.665299,0.0,0.665299,0.665299,0.665299,62.0,64.0,0.061763,0.000999,0.060764,32.0,16.0,16.0,0.0,0.0,0.0,0.0,0.0,-0.0,125188.828125,111468.679688,13720.146484,0.0,0.0,46.595592,22.546253,22.546253,0.0,0.0,0.0,0.0,0.0,0.0,0.0,0.0,0.0,0.0,0.0,0.0,0.0,0.0,0.0,1.0,0.0,0.0,0.0,0.0,0.0,0.0,0.0,0.0,0.0,0.0,0.0,0.0,0.0,0.0,0.0,0.0,3.0
11290.0,10205.0,1085.0,0.0,0.0,637.8125,77.5,64256.0,31872.0,1.386399,1721542656.0,1.386399,0.0,1.386399,1.386399,1.386399,62.0,64.0,0.170377,0.002981,0.167396,30.0,16.0,14.0,0.0,0.0,0.0,0.0,0.0,-0.0,61027.164062,55210.65625,5816.507324,0.0,0.0,20.9175,10.819396,9.37681,0.0,0.0,0.0,0.0,0.0,0.0,0.0,0.0,0.0,0.0,0.0,0.0,0.0,0.0,0.0,1.0,0.0,0.0,0.0,0.0,0.0,0.0,0.0,0.0,0.0,0.0,0.0,0.0,0.0,0.0,0.0,0.0,3.0
11980.0,10673.0,1307.0,0.0,0.0,592.944458,76.882355,64256.0,31872.0,3.457785,1721542656.0,3.457785,0.0,3.457785,3.457785,3.457785,62.0,64.0,0.16981,0.0,0.16981,35.0,18.0,17.0,0.0,0.0,3.0,0.0,3.0,-0.0,26171.667969,23323.601562,2848.066162,7.894737,0.0,9.832885,4.916442,4.62724,0.0,1.0,0.0,0.0,0.0,0.0,0.0,0.0,0.0,0.0,0.0,0.0,0.0,0.0,0.0,1.0,0.0,0.0,0.0,0.0,0.0,0.0,0.0,0.0,0.0,0.0,0.0,0.0,0.0,0.0,0.0,1.0,3.0
11944.0,10859.0,1085.0,0.0,0.0,678.6875,77.5,64256.0,31872.0,1.677517,1721542656.0,1.677517,0.0,1.677517,1.677517,1.677517,62.0,64.0,0.15474,0.000506,0.154234,30.0,16.0,14.0,0.0,0.0,0.0,0.0,0.0,-0.0,53359.816406,48552.710938,4807.104492,0.0,0.0,17.287455,8.941787,7.749548,0.0,0.0,0.0,0.0,0.0,0.0,0.0,0.0,0.0,0.0,0.0,0.0,0.0,0.0,0.0,1.0,0.0,0.0,0.0,0.0,0.0,0.0,0.0,0.0,0.0,0.0,0.0,0.0,0.0,0.0,0.0,0.0,3.0
12354.0,11195.0,1159.0,0.0,0.0,699.6875,77.26667,64256.0,31872.0,2.678176,1721542656.0,2.678176,0.0,2.678176,2.678176,2.678176,62.0,64.0,0.203371,0.000494,0.202877,31.0,16.0,15.0,0.0,0.0,1.0,0.0,1.0,-0.0,34584.734375,31352.683594,3232.050537,3.125,0.0,11.201654,5.600827,5.227438,0.0,1.0,0.0,0.0,0.0,0.0,0.0,0.0,0.0,0.0,0.0,0.0,0.0,0.0,0.0,1.0,0.0,0.0,0.0,0.0,0.0,0.0,0.0,0.0,0.0,0.0,0.0,0.0,0.0,0.0,0.0,0.0,3.0
12754.0,11603.0,1151.0,0.0,0.0,682.529419,76.73333,64256.0,31872.0,1.108014,1721542656.0,1.108014,0.0,1.108014,1.108014,1.108014,62.0,64.0,0.061268,0.000575,0.060693,32.0,17.0,15.0,0.0,0.0,0.0,0.0,0.0,-0.0,86612.625,78850.992188,7761.634766,0.0,0.0,27.977985,14.440251,12.63522,0.0,0.0,0.0,0.0,0.0,0.0,0.0,0.0,0.0,0.0,0.0,0.0,0.0,0.0,0.0,1.0,0.0,0.0,0.0,0.0,0.0,0.0,0.0,0.0,0.0,0.0,0.0,0.0,0.0,0.0,0.0,0.0,3.0
13102.0,11951.0,1151.0,0.0,0.0,703.0,76.73333,64256.0,31872.0,1.375194,1721542656.0,1.375194,0.0,1.375194,1.375194,1.375194,62.0,64.0,0.15694,0.001481,0.155459,32.0,17.0,15.0,0.0,0.0,0.0,0.0,0.0,-0.0,71687.34375,65433.679688,6253.663574,0.0,0.0,22.542274,11.634723,10.180382,0.0,0.0,0.0,0.0,0.0,0.0,0.0,0.0,0.0,0.0,0.0,0.0,0.0,0.0,0.0,1.0,0.0,0.0,0.0,0.0,0.0,0.0,0.0,0.0,0.0,0.0,0.0,0.0,0.0,0.0,0.0,0.0,3.0
13456.0,12305.0,1151.0,0.0,0.0,723.823547,76.73333,64256.0,31872.0,0.557086,1721542656.0,0.557086,0.0,0.557086,0.557086,0.557086,62.0,64.0,0.061631,0.00051,0.061121,32.0,17.0,15.0,0.0,0.0,0.0,0.0,0.0,-0.0,181760.078125,166322.609375,15437.472656,0.0,0.0,55.646706,28.720881,25.13077,0.0,0.0,0.0,0.0,0.0,0.0,0.0,0.0,0.0,0.0,0.0,0.0,0.0,0.0,0.0,1.0,0.0,0.0,0.0,0.0,0.0,0.0,0.0,0.0,0.0,0.0,0.0,0.0,0.0,0.0,0.0,0.0,3.0
13816.0,12665.0,1151.0,0.0,0.0,745.0,76.73333,64256.0,31872.0,0.665707,1721542656.0,0.665707,0.0,0.665707,0.665707,0.665707,62.0,64.0,0.061364,0.000512,0.060852,32.0,17.0,15.0,0.0,0.0,0.0,0.0,0.0,-0.0,156164.796875,143246.203125,12918.59668,0.0,0.0,46.567036,24.034597,21.030273,0.0,0.0,0.0,0.0,0.0,0.0,0.0,0.0,0.0,0.0,0.0,0.0,0.0,0.0,0.0,1.0,0.0,0.0,0.0,0.0,0.0,0.0,0.0,0.0,0.0,0.0,0.0,0.0,0.0,0.0,0.0,0.0,3.0
14380.0,13097.0,1283.0,0.0,0.0,727.611084,75.470589,64256.0,31872.0,0.571043,1721542656.0,0.571043,0.0,0.571043,0.571043,0.571043,62.0,64.0,0.061552,0.00096,0.060592,35.0,18.0,17.0,0.0,0.0,0.0,0.0,0.0,-0.0,190220.34375,173296.921875,16923.417969,0.0,0.0,59.540173,29.770086,28.018906,0.0,0.0,0.0,0.0,0.0,0.0,0.0,0.0,0.0,0.0,0.0,0.0,0.0,0.0,0.0,1.0,0.0,0.0,0.0,0.0,0.0,0.0,0.0,0.0,0.0,0.0,0.0,0.0,0.0,0.0,0.0,0.0,3.0
14752.0,13469.0,1283.0,0.0,0.0,748.277771,75.470589,64256.0,31872.0,0.57,1721542656.0,0.57,0.0,0.57,0.57,0.57,62.0,64.0,0.059917,0.0,0.059917,35.0,18.0,17.0,0.0,0.0,0.0,0.0,0.0,-0.0,195494.734375,178540.359375,16954.386719,0.0,0.0,59.649124,29.824562,28.070175,0.0,0.0,0.0,0.0,0.0,0.0,0.0,0.0,0.0,0.0,0.0,0.0,0.0,0.0,0.0,1.0,0.0,0.0,0.0,0.0,0.0,0.0,0.0,0.0,0.0,0.0,0.0,0.0,0.0,0.0,0.0,0.0,3.0
15130.0,13847.0,1283.0,0.0,0.0,769.277771,75.470589,64256.0,31872.0,0.555628,1721542656.0,0.555628,0.0,0.555628,0.555628,0.555628,62.0,64.0,0.061521,0.001088,0.060433,35.0,18.0,17.0,0.0,0.0,0.0,0.0,0.0,-0.0,205691.578125,188298.640625,17392.931641,0.0,0.0,61.19202,30.59601,28.796246,0.0,0.0,0.0,0.0,0.0,0.0,0.0,0.0,0.0,0.0,0.0,0.0,0.0,0.0,0.0,1.0,0.0,0.0,0.0,0.0,0.0,0.0,0.0,0.0,0.0,0.0,0.0,0.0,0.0,0.0,0.0,0.0,3.0
15514.0,14231.0,1283.0,0.0,0.0,790.611084,75.470589,64256.0,31872.0,0.680015,1721542656.0,0.680015,0.0,0.680015,0.680015,0.680015,62.0,64.0,0.061393,0.000505,0.060888,35.0,18.0,17.0,0.0,0.0,0.0,0.0,0.0,-0.0,172337.375,158125.921875,14211.450195,0.0,0.0,49.998894,24.999447,23.528893,0.0,0.0,0.0,0.0,0.0,0.0,0.0,0.0,0.0,0.0,0.0,0.0,0.0,0.0,0.0,1.0,0.0,0.0,0.0,0.0,0.0,0.0,0.0,0.0,0.0,0.0,0.0,0.0,0.0,0.0,0.0,0.0,3.0
15904.0,14687.0,1217.0,0.0,0.0,773.0,76.0625,64256.0,31872.0,0.555587,1721542656.0,0.555587,0.0,0.555587,0.555587,0.555587,62.0,64.0,0.061157,0.000993,0.060164,35.0,19.0,16.0,0.0,0.0,0.0,0.0,0.0,-0.0,216779.734375,200350.265625,16429.470703,0.0,0.0,61.196537,32.398167,26.998472,0.0,0.0,0.0,0.0,0.0,0.0,0.0,0.0,0.0,0.0,0.0,0.0,0.0,0.0,0.0,1.0,0.0,0.0,0.0,0.0,0.0,0.0,0.0,0.0,0.0,0.0,0.0,0.0,0.0,0.0,0.0,0.0,3.0
16300.0,15083.0,1217.0,0.0,0.0,793.842102,76.0625,64256.0,31872.0,0.541795,1721542656.0,0.541795,0.0,0.541795,0.541795,0.541795,62.0,64.0,0.061593,0.0,0.061593,35.0,19.0,16.0,0.0,0.0,0.0,0.0,0.0,-0.0,227850.015625,211002.3125,16847.701172,0.0,0.0,62.75436,33.222897,27.685747,0.0,0.0,0.0,0.0,0.0,0.0,0.0,0.0,0.0,0.0,0.0,0.0,0.0,0.0,0.0,1.0,0.0,0.0,0.0,0.0,0.0,0.0,0.0,0.0,0.0,0.0,0.0,0.0,0.0,0.0,0.0,0.0,3.0
16702.0,15485.0,1217.0,0.0,0.0,815.0,76.0625,64256.0,31872.0,0.587182,1721542656.0,0.587182,0.0,0.587182,0.587182,0.587182,62.0,64.0,0.045733,0.000497,0.045236,35.0,19.0,16.0,0.0,0.0,0.0,0.0,0.0,-0.0,215415.328125,199869.890625,15545.436523,0.0,0.0,57.903683,30.654892,25.545742,0.0,0.0,0.0,0.0,0.0,0.0,0.0,0.0,0.0,0.0,0.0,0.0,0.0,0.0,0.0,1.0,0.0,0.0,0.0,0.0,0.0,0.0,0.0,0.0,0.0,0.0,0.0,0.0,0.0,0.0,0.0,0.0,3.0
17374.0,16025.0,1349.0,0.0,0.0,763.095215,74.944443,64256.0,31872.0,0.651873,1721542656.0,0.651873,0.0,0.651873,0.651873,0.651873,62.0,64.0,0.06299,0.000997,0.061993,39.0,21.0,18.0,0.0,0.0,0.0,0.0,0.0,-0.0,202947.515625,187300.296875,15647.219727,0.0,0.0,58.293564,30.680822,26.078699,0.0,0.0,0.0,0.0,0.0,0.0,0.0,0.0,0.0,0.0,0.0,0.0,0.0,0.0,0.0,1.0,0.0,0.0,0.0,0.0,0.0,0.0,0.0,0.0,0.0,0.0,0.0,0.0,0.0,0.0,0.0,0.0,3.0
17722.0,16373.0,1349.0,0.0,0.0,818.650024,74.944443,64256.0,31872.0,0.666478,1721542656.0,0.666478,0.0,0.666478,0.666478,0.666478,62.0,64.0,0.062365,0.00099,0.061375,38.0,20.0,18.0,0.0,0.0,0.0,0.0,0.0,-0.0,202017.171875,186712.84375,15304.332031,0.0,0.0,55.515713,28.508068,25.507219,0.0,0.0,0.0,0.0,0.0,0.0,0.0,0.0,0.0,0.0,0.0,0.0,0.0,0.0,0.0,1.0,0.0,0.0,0.0,0.0,0.0,0.0,0.0,0.0,0.0,0.0,0.0,0.0,0.0,0.0,0.0,0.0,3.0
18142.0,16793.0,1349.0,0.0,0.0,839.650024,74.944443,64256.0,31872.0,0.647526,1721542656.0,0.647526,0.0,0.647526,0.647526,0.647526,62.0,64.0,0.063128,0.000495,0.062633,38.0,20.0,18.0,0.0,0.0,0.0,0.0,0.0,-0.0,212859.390625,197107.140625,15752.262695,0.0,0.0,57.14056,29.342449,26.253771,0.0,0.0,0.0,0.0,0.0,0.0,0.0,0.0,0.0,0.0,0.0,0.0,0.0,0.0,0.0,1.0,0.0,0.0,0.0,0.0,0.0,0.0,0.0,0.0,0.0,0.0,0.0,0.0,0.0,0.0,0.0,0.0,3.0
18436.0,17219.0,1217.0,0.0,0.0,860.950012,76.0625,64256.0,31872.0,0.553971,1721542656.0,0.553971,0.0,0.553971,0.553971,0.553971,62.0,64.0,0.06192,0.0,0.06192,36.0,20.0,16.0,0.0,0.0,0.0,0.0,0.0,-0.0,252720.8125,236243.421875,16477.396484,0.0,0.0,63.180202,34.297825,27.07723,0.0,0.0,0.0,0.0,0.0,0.0,0.0,0.0,0.0,0.0,0.0,0.0,0.0,0.0,0.0,1.0,0.0,0.0,0.0,0.0,0.0,0.0,0.0,0.0,0.0,0.0,0.0,0.0,0.0,0.0,0.0,0.0,3.0
19000.0,17717.0,1283.0,0.0,0.0,843.666687,75.470589,64256.0,31872.0,0.587765,1721542656.0,0.587765,0.0,0.587765,0.587765,0.587765,62.0,64.0,0.061933,0.00047,0.061463,38.0,21.0,17.0,0.0,0.0,0.0,0.0,0.0,-0.0,246111.96875,229670.03125,16441.945312,0.0,0.0,62.950333,34.027206,27.221766,0.0,0.0,0.0,0.0,0.0,0.0,0.0,0.0,0.0,0.0,0.0,0.0,0.0,0.0,0.0,1.0,0.0,0.0,0.0,0.0,0.0,0.0,0.0,0.0,0.0,0.0,0.0,0.0,0.0,0.0,0.0,0.0,3.0
19438.0,18155.0,1283.0,0.0,0.0,864.523804,75.470589,64256.0,31872.0,0.695372,1721542656.0,0.695372,0.0,0.695372,0.695372,0.695372,62.0,64.0,0.06129,0.000509,0.060781,38.0,21.0,17.0,0.0,0.0,0.0,0.0,0.0,-0.0,212824.21875,198926.625,13897.597656,0.0,0.0,53.208931,28.761585,23.009268,0.0,0.0,0.0,0.0,0.0,0.0,0.0,0.0,0.0,0.0,0.0,0.0,0.0,0.0,0.0,1.0,0.0,0.0,0.0,0.0,0.0,0.0,0.0,0.0,0.0,0.0,0.0,0.0,0.0,0.0,0.0,0.0,3.0
19882.0,18599.0,1283.0,0.0,0.0,885.666687,75.470589,64256.0,31872.0,0.650191,1721542656.0,0.650191,0.0,0.650191,0.650191,0.650191,62.0,64.0,0.06197,0.001972,0.059998,38.0,21.0,17.0,0.0,0.0,0.0,0.0,0.0,-0.0,232817.734375,217954.40625,14863.324219,0.0,0.0,56.906353,30.760191,24.608152,0.0,0.0,0.0,0.0,0.0,0.0,0.0,0.0,0.0,0.0,0.0,0.0,0.0,0.0,0.0,1.0,0.0,0.0,0.0,0.0,0.0,0.0,0.0,0.0,0.0,0.0,0.0,0.0,0.0,0.0,0.0,0.0,3.0
20398.0,19115.0,1283.0,0.0,0.0,868.863647,75.470589,64256.0,31872.0,0.573305,1721542656.0,0.573305,0.0,0.573305,0.573305,0.573305,62.0,64.0,0.06141,0.000509,0.060901,39.0,22.0,17.0,0.0,0.0,0.0,0.0,0.0,-0.0,271478.53125,254621.875,16856.646484,0.0,0.0,66.282341,36.629715,27.908356,0.0,0.0,0.0,0.0,0.0,0.0,0.0,0.0,0.0,0.0,0.0,0.0,0.0,0.0,0.0,1.0,0.0,0.0,0.0,0.0,0.0,0.0,0.0,0.0,0.0,0.0,0.0,0.0,0.0,0.0,0.0,0.0,3.0
20854.0,19571.0,1283.0,0.0,0.0,889.590881,75.470589,64256.0,31872.0,0.55579,1721542656.0,0.55579,0.0,0.55579,0.55579,0.55579,62.0,64.0,0.06063,0.000519,0.060111,39.0,22.0,17.0,0.0,0.0,0.0,0.0,0.0,-0.0,286295.1875,268907.3125,17387.861328,0.0,0.0,68.371147,37.784054,28.787851,0.0,0.0,0.0,0.0,0.0,0.0,0.0,0.0,0.0,0.0,0.0,0.0,0.0,0.0,0.0,1.0,0.0,0.0,0.0,0.0,0.0,0.0,0.0,0.0,0.0,0.0,0.0,0.0,0.0,0.0,0.0,0.0,3.0
21514.0,20099.0,1415.0,0.0,0.0,873.869568,74.473686,64256.0,31872.0,0.585959,1721542656.0,0.585959,0.0,0.585959,0.585959,0.585959,62.0,64.0,0.061097,0.0,0.061097,42.0,23.0,19.0,0.0,0.0,0.0,0.0,0.0,-0.0,280797.78125,262489.34375,18308.447266,0.0,0.0,69.970764,37.545288,30.718872,0.0,0.0,0.0,0.0,0.0,0.0,0.0,0.0,0.0,0.0,0.0,0.0,0.0,0.0,0.0,1.0,0.0,0.0,0.0,0.0,0.0,0.0,0.0,0.0,0.0,0.0,0.0,0.0,0.0,0.0,0.0,0.0,3.0
21916.0,20567.0,1349.0,0.0,0.0,894.217407,74.944443,64256.0,31872.0,0.6656,1721542656.0,0.6656,0.0,0.6656,0.6656,0.6656,62.0,64.0,0.062022,0.001503,0.060519,41.0,23.0,18.0,0.0,0.0,0.0,0.0,0.0,-0.0,251778.84375,236454.328125,15324.519531,0.0,0.0,60.096153,33.052883,25.540865,0.0,0.0,0.0,0.0,0.0,0.0,0.0,0.0,0.0,0.0,0.0,0.0,0.0,0.0,0.0,1.0,0.0,0.0,0.0,0.0,0.0,0.0,0.0,0.0,0.0,0.0,0.0,0.0,0.0,0.0,0.0,0.0,3.0
22390.0,21041.0,1349.0,0.0,0.0,914.826111,74.944443,64256.0,31872.0,0.569438,1721542656.0,0.569438,0.0,0.569438,0.569438,0.569438,62.0,64.0,0.062851,0.00099,0.061861,41.0,23.0,18.0,0.0,0.0,0.0,0.0,0.0,-0.0,300675.375,282763.0,17912.398438,0.0,0.0,70.244698,38.634586,29.853998,0.0,0.0,0.0,0.0,0.0,0.0,0.0,0.0,0.0,0.0,0.0,0.0,0.0,0.0,0.0,1.0,0.0,0.0,0.0,0.0,0.0,0.0,0.0,0.0,0.0,0.0,0.0,0.0,0.0,0.0,0.0,0.0,3.0
22870.0,21521.0,1349.0,0.0,0.0,935.695679,74.944443,64256.0,31872.0,0.543834,1721542656.0,0.543834,0.0,0.543834,0.543834,0.543834,62.0,64.0,0.048418,0.0,0.048418,41.0,23.0,18.0,0.0,0.0,0.0,0.0,0.0,-0.0,321583.4375,302827.71875,18755.724609,0.0,0.0,73.551857,40.453522,31.259541,0.0,0.0,0.0,0.0,0.0,0.0,0.0,0.0,0.0,0.0,0.0,0.0,0.0,0.0,0.0,1.0,0.0,0.0,0.0,0.0,0.0,0.0,0.0,0.0,0.0,0.0,0.0,0.0,0.0,0.0,0.0,0.0,3.0
23422.0,22073.0,1349.0,0.0,0.0,919.708313,74.944443,64256.0,31872.0,0.572564,1721542656.0,0.572564,0.0,0.572564,0.572564,0.572564,62.0,64.0,0.062095,0.001411,0.060684,42.0,24.0,18.0,0.0,0.0,0.0,0.0,0.0,-0.0,313383.28125,295568.6875,17814.601562,0.0,0.0,71.607712,40.170181,29.691004,0.0,0.0,0.0,0.0,0.0,0.0,0.0,0.0,0.0,0.0,0.0,0.0,0.0,0.0,0.0,1.0,0.0,0.0,0.0,0.0,0.0,0.0,0.0,0.0,0.0,0.0,0.0,0.0,0.0,0.0,0.0,0.0,3.0
23980.0,22631.0,1349.0,0.0,0.0,905.23999,74.944443,64256.0,31872.0,0.55618,1721542656.0,0.55618,0.0,0.55618,0.55618,0.55618,62.0,64.0,0.060992,0.000515,0.060477,43.0,25.0,18.0,0.0,0.0,0.0,0.0,0.0,-0.0,330842.53125,312503.15625,18339.386719,0.0,0.0,75.515121,43.151497,30.565643,0.0,0.0,0.0,0.0,0.0,0.0,0.0,0.0,0.0,0.0,0.0,0.0,0.0,0.0,0.0,1.0,0.0,0.0,0.0,0.0,0.0,0.0,0.0,0.0,0.0,0.0,0.0,0.0,0.0,0.0,0.0,0.0,3.0
24544.0,23063.0,1481.0,0.0,0.0,960.958313,74.050003,64256.0,31872.0,0.671882,1721542656.0,0.671882,0.0,0.671882,0.671882,0.671882,62.0,64.0,0.061134,0.001013,0.060121,44.0,24.0,20.0,0.0,0.0,0.0,0.0,0.0,-0.0,279930.15625,263177.1875,16752.943359,0.0,0.0,63.999336,34.232204,28.278776,0.0,0.0,0.0,0.0,0.0,0.0,0.0,0.0,0.0,0.0,0.0,0.0,0.0,0.0,0.0,1.0,0.0,0.0,0.0,0.0,0.0,0.0,0.0,0.0,0.0,0.0,0.0,0.0,0.0,0.0,0.0,0.0,3.0
25048.0,23633.0,1415.0,0.0,0.0,945.320007,74.473686,64256.0,31872.0,0.540336,1721542656.0,0.540336,0.0,0.540336,0.540336,0.540336,62.0,64.0,0.045376,0.000503,0.044873,44.0,25.0,19.0,0.0,0.0,0.0,0.0,0.0,-0.0,355763.8125,335909.5,19854.3125,0.0,0.0,79.580109,44.416805,33.312603,0.0,0.0,0.0,0.0,0.0,0.0,0.0,0.0,0.0,0.0,0.0,0.0,0.0,0.0,0.0,1.0,0.0,0.0,0.0,0.0,0.0,0.0,0.0,0.0,0.0,0.0,0.0,0.0,0.0,0.0,0.0,0.0,3.0
25558.0,24143.0,1415.0,0.0,0.0,965.719971,74.473686,64256.0,31872.0,0.58902,1721542656.0,0.58902,0.0,0.58902,0.58902,0.58902,62.0,64.0,0.061929,0.000515,0.061414,44.0,25.0,19.0,0.0,0.0,0.0,0.0,0.0,-0.0,333014.15625,314800.84375,18213.302734,0.0,0.0,73.002609,40.745644,30.559233,0.0,0.0,0.0,0.0,0.0,0.0,0.0,0.0,0.0,0.0,0.0,0.0,0.0,0.0,0.0,1.0,0.0,0.0,0.0,0.0,0.0,0.0,0.0,0.0,0.0,0.0,0.0,0.0,0.0,0.0,0.0,0.0,3.0
26074.0,24659.0,1415.0,0.0,0.0,986.359985,74.473686,64256.0,31872.0,0.588536,1721542656.0,0.588536,0.0,0.588536,0.588536,0.588536,62.0,64.0,0.061517,0.000497,0.06102,44.0,25.0,19.0,0.0,0.0,0.0,0.0,0.0,-0.0,340016.5625,321788.28125,18228.28125,0.0,0.0,73.062645,40.779152,30.584364,0.0,0.0,0.0,0.0,0.0,0.0,0.0,0.0,0.0,0.0,0.0,0.0,0.0,0.0,0.0,1.0,0.0,0.0,0.0,0.0,0.0,0.0,0.0,0.0,0.0,0.0,0.0,0.0,0.0,0.0,0.0,0.0,3.0
26794.0,25247.0,1547.0,0.0,0.0,971.038452,73.666664,64256.0,31872.0,0.650304,1721542656.0,0.650304,0.0,0.650304,0.650304,0.650304,62.0,64.0,0.06263,0.000994,0.061636,47.0,26.0,21.0,0.0,0.0,0.0,0.0,0.0,-0.0,316774.875,298641.84375,18133.056641,0.0,0.0,70.736145,38.443558,30.754847,0.0,0.0,0.0,0.0,0.0,0.0,0.0,0.0,0.0,0.0,0.0,0.0,0.0,0.0,0.0,1.0,0.0,0.0,0.0,0.0,0.0,0.0,0.0,0.0,0.0,0.0,0.0,0.0,0.0,0.0,0.0,0.0,3.0
27190.0,25775.0,1415.0,0.0,0.0,991.34613,74.473686,64256.0,31872.0,0.557263,1721542656.0,0.557263,0.0,0.557263,0.557263,0.557263,62.0,64.0,0.062238,0.001004,0.061234,45.0,26.0,19.0,0.0,0.0,0.0,0.0,0.0,-0.0,375047.3125,355796.09375,19251.232422,0.0,0.0,78.957329,44.862118,32.300728,0.0,0.0,0.0,0.0,0.0,0.0,0.0,0.0,0.0,0.0,0.0,0.0,0.0,0.0,0.0,1.0,0.0,0.0,0.0,0.0,0.0,0.0,0.0,0.0,0.0,0.0,0.0,0.0,0.0,0.0,0.0,0.0,3.0
27724.0,26309.0,1415.0,0.0,0.0,1011.884644,74.473686,64256.0,31872.0,0.572903,1721542656.0,0.572903,0.0,0.572903,0.572903,0.572903,62.0,64.0,0.061143,0.00051,0.060633,45.0,26.0,19.0,0.0,0.0,0.0,0.0,0.0,-0.0,371986.1875,353260.5,18725.683594,0.0,0.0,76.801834,43.637405,31.418932,0.0,0.0,0.0,0.0,0.0,0.0,0.0,0.0,0.0,0.0,0.0,0.0,0.0,0.0,0.0,1.0,0.0,0.0,0.0,0.0,0.0,0.0,0.0,0.0,0.0,0.0,0.0,0.0,0.0,0.0,0.0,0.0,3.0
28462.0,26981.0,1481.0,0.0,0.0,963.607117,74.050003,64256.0,31872.0,0.65185,1721542656.0,0.65185,0.0,0.65185,0.65185,0.65185,62.0,64.0,0.046322,0.001414,0.044908,48.0,28.0,20.0,0.0,0.0,0.0,0.0,0.0,-0.0,336580.5,319312.71875,17267.777344,0.0,0.0,72.102478,41.420574,29.14781,0.0,0.0,0.0,0.0,0.0,0.0,0.0,0.0,0.0,0.0,0.0,0.0,0.0,0.0,0.0,1.0,0.0,0.0,0.0,0.0,0.0,0.0,0.0,0.0,0.0,0.0,0.0,0.0,0.0,0.0,0.0,0.0,3.0
28942.0,27461.0,1481.0,0.0,0.0,1017.074097,74.050003,64256.0,31872.0,0.644704,1721542656.0,0.644704,0.0,0.644704,0.644704,0.644704,62.0,64.0,0.060061,0.000511,0.05955,47.0,27.0,20.0,0.0,0.0,0.0,0.0,0.0,-0.0,345597.375,328138.1875,17459.175781,0.0,0.0,71.350578,40.328587,29.47089,0.0,0.0,0.0,0.0,0.0,0.0,0.0,0.0,0.0,0.0,0.0,0.0,0.0,0.0,0.0,1.0,0.0,0.0,0.0,0.0,0.0,0.0,0.0,0.0,0.0,0.0,0.0,0.0,0.0,0.0,0.0,0.0,3.0
29560.0,28079.0,1481.0,0.0,0.0,1002.821411,74.050003,64256.0,31872.0,0.571917,1721542656.0,0.571917,0.0,0.571917,0.571917,0.571917,62.0,64.0,0.061909,0.000993,0.060916,48.0,28.0,20.0,0.0,0.0,0.0,0.0,0.0,-0.0,398435.4375,378754.25,19681.177734,0.0,0.0,82.179756,47.209648,33.221603,0.0,0.0,0.0,0.0,0.0,0.0,0.0,0.0,0.0,0.0,0.0,0.0,0.0,0.0,0.0,1.0,0.0,0.0,0.0,0.0,0.0,0.0,0.0,0.0,0.0,0.0,0.0,0.0,0.0,0.0,0.0,0.0,3.0
30118.0,28637.0,1481.0,0.0,0.0,1022.75,74.050003,64256.0,46336.0,0.571869,1721542656.0,0.571869,0.0,0.571869,0.571869,0.571869,62.0,64.0,0.060391,0.000509,0.059882,48.0,28.0,20.0,0.0,0.0,0.0,0.0,0.0,-0.0,405995.0625,386312.25,19682.828125,0.0,0.0,82.186653,47.213608,33.224392,0.0,0.0,0.0,0.0,0.0,0.0,0.0,0.0,0.0,0.0,0.0,0.0,0.0,0.0,0.0,1.0,0.0,0.0,0.0,0.0,0.0,0.0,0.0,0.0,0.0,0.0,0.0,0.0,0.0,0.0,0.0,0.0,3.0
30682.0,29201.0,1481.0,0.0,0.0,1042.892822,74.050003,64256.0,31872.0,0.587337,1721542656.0,0.587337,0.0,0.587337,0.587337,0.587337,62.0,64.0,0.061283,0.000994,0.060289,48.0,28.0,20.0,0.0,0.0,0.0,0.0,0.0,-0.0,402712.5625,383548.09375,19164.464844,0.0,0.0,80.022202,45.9702,32.3494,0.0,0.0,0.0,0.0,0.0,0.0,0.0,0.0,0.0,0.0,0.0,0.0,0.0,0.0,0.0,1.0,0.0,0.0,0.0,0.0,0.0,0.0,0.0,0.0,0.0,0.0,0.0,0.0,0.0,0.0,0.0,0.0,3.0
31384.0,29837.0,1547.0,0.0,0.0,1028.862061,73.666664,64256.0,31872.0,0.619217,1721542656.0,0.619217,0.0,0.619217,0.619217,0.619217,62.0,64.0,0.061784,0.000994,0.06079,50.0,29.0,21.0,0.0,0.0,0.0,0.0,0.0,-0.0,391242.5,372199.09375,19043.40625,0.0,0.0,79.132195,45.218399,32.298855,0.0,0.0,0.0,0.0,0.0,0.0,0.0,0.0,0.0,0.0,0.0,0.0,0.0,0.0,0.0,1.0,0.0,0.0,0.0,0.0,0.0,0.0,0.0,0.0,0.0,0.0,0.0,0.0,0.0,0.0,0.0,0.0,3.0
31960.0,30413.0,1547.0,0.0,0.0,1048.724121,73.666664,64256.0,31872.0,0.680265,1721542656.0,0.680265,0.0,0.680265,0.680265,0.680265,62.0,64.0,0.06167,0.000508,0.061162,50.0,29.0,21.0,0.0,0.0,0.0,0.0,0.0,-0.0,362670.4375,345336.0,17334.421875,0.0,0.0,72.030754,41.160431,29.400307,0.0,0.0,0.0,0.0,0.0,0.0,0.0,0.0,0.0,0.0,0.0,0.0,0.0,0.0,0.0,1.0,0.0,0.0,0.0,0.0,0.0,0.0,0.0,0.0,0.0,0.0,0.0,0.0,0.0,0.0,0.0,0.0,3.0
32608.0,31061.0,1547.0,0.0,0.0,1035.366699,73.666664,64256.0,31872.0,0.555478,1721542656.0,0.555478,0.0,0.555478,0.555478,0.555478,62.0,64.0,0.06102,0.000499,0.060521,51.0,30.0,21.0,0.0,0.0,0.0,0.0,0.0,-0.0,453663.34375,432434.78125,21228.564453,0.0,0.0,90.012573,52.207291,36.005028,0.0,0.0,0.0,0.0,0.0,0.0,0.0,0.0,0.0,0.0,0.0,0.0,0.0,0.0,0.0,1.0,0.0,0.0,0.0,0.0,0.0,0.0,0.0,0.0,0.0,0.0,0.0,0.0,0.0,0.0,0.0,0.0,3.0
33328.0,31649.0,1679.0,0.0,0.0,1054.966675,73.0,64256.0,31872.0,0.678728,1721542656.0,0.678728,0.0,0.678728,0.678728,0.678728,62.0,64.0,0.062573,0.000505,0.062068,53.0,30.0,23.0,0.0,0.0,0.0,0.0,0.0,-0.0,379545.28125,360615.75,18929.527344,0.0,0.0,76.613907,42.726986,32.413574,0.0,0.0,0.0,0.0,0.0,0.0,0.0,0.0,0.0,0.0,0.0,0.0,0.0,0.0,0.0,1.0,0.0,0.0,0.0,0.0,0.0,0.0,0.0,0.0,0.0,0.0,0.0,0.0,0.0,0.0,0.0,0.0,3.0
34306.0,32243.0,2063.0,0.0,0.0,1074.766724,76.40741,64256.0,31872.0,1.665379,1721542656.0,1.665379,0.0,1.665379,1.665379,1.665379,62.0,64.0,0.165412,0.0,0.165412,57.0,30.0,27.0,0.0,0.0,2.0,2.0,0.0,-0.0,159271.84375,149726.875,9544.974609,3.389831,0.0,33.62598,17.413454,15.612062,0.0,0.0,0.0,1.0,0.0,0.0,0.0,0.0,0.0,0.0,0.0,0.0,0.0,0.0,0.0,1.0,0.0,0.0,0.0,0.0,0.0,0.0,0.0,0.0,0.0,0.0,0.0,0.0,0.0,0.0,0.0,1.0,3.0
35050.0,32909.0,2141.0,0.0,0.0,1061.580688,76.464287,64256.0,31872.0,1.672852,1721542656.0,1.672852,0.0,1.672852,1.672852,1.672852,62.0,64.0,0.168621,0.000486,0.168135,59.0,31.0,28.0,0.0,0.0,1.0,1.0,0.0,-0.0,162180.515625,152305.15625,9875.350586,1.666667,0.0,34.671326,17.933445,16.1401,0.0,0.0,0.0,1.0,0.0,0.0,0.0,0.0,0.0,0.0,0.0,0.0,0.0,0.0,0.0,1.0,0.0,0.0,0.0,0.0,0.0,0.0,0.0,0.0,0.0,0.0,0.0,0.0,0.0,0.0,0.0,1.0,3.0
2542.0,1259.0,1283.0,0.0,0.0,125.900002,85.533333,64256.0,31872.0,4.984366,1721542656.0,4.984366,0.0,4.984366,4.984366,4.984366,62.0,64.0,0.323747,0.000496,0.323251,25.0,10.0,15.0,0.0,0.0,3.0,0.0,3.0,-0.0,3742.90332,1820.091064,1922.812256,10.714286,0.0,4.815056,1.805646,2.808783,0.0,1.0,0.0,0.0,0.0,0.0,0.0,0.0,0.0,0.0,0.0,0.0,0.0,0.0,0.0,0.0,0.0,0.0,0.0,0.0,0.0,0.0,0.0,0.0,0.0,1.0,0.0,0.0,0.0,0.0,0.0,1.0,4.0
411.0,138.0,273.0,0.0,0.0,69.0,68.25,64256.0,31872.0,0.06319,1721542656.0,0.06319,0.0,0.06319,0.06319,0.06319,62.0,64.0,0.323747,0.000496,0.323251,6.0,2.0,4.0,0.0,0.0,0.0,0.0,0.0,-0.0,34689.035156,8735.55957,25953.474609,0.0,0.0,79.12645,15.825289,47.475868,0.0,0.0,0.0,0.0,1.0,0.0,0.0,0.0,0.0,0.0,0.0,1.0,0.0,0.0,0.0,0.0,0.0,0.0,0.0,0.0,0.0,0.0,0.0,0.0,0.0,0.0,0.0,0.0,0.0,0.0,0.0,1.0,4.0
2350.0,1315.0,1035.0,0.0,0.0,119.545456,79.615387,64256.0,31872.0,2.754134,1721542656.0,2.754134,0.0,2.754134,2.754134,2.754134,62.0,64.0,0.214771,0.001075,0.213696,24.0,11.0,13.0,0.0,0.0,3.0,1.0,2.0,-0.0,6250.966797,3474.050293,2776.916504,11.111111,0.0,8.351083,3.630905,4.357087,1.0,0.0,0.0,0.0,0.0,0.0,0.0,0.0,0.0,0.0,0.0,0.0,0.0,0.0,0.0,1.0,0.0,0.0,0.0,0.0,0.0,0.0,0.0,0.0,0.0,0.0,0.0,0.0,0.0,0.0,0.0,0.0,4.0
2146.0,1259.0,887.0,0.0,0.0,125.900002,80.63636,64256.0,31872.0,1.620653,1721542656.0,1.620653,0.0,1.620653,1.620653,1.620653,62.0,64.0,0.19994,0.000522,0.199418,21.0,10.0,11.0,0.0,0.0,0.0,0.0,0.0,-0.0,9581.323242,5597.743652,3983.579346,0.0,0.0,12.340704,5.553317,6.170352,0.0,0.0,0.0,0.0,0.0,0.0,0.0,0.0,0.0,0.0,0.0,0.0,0.0,0.0,0.0,1.0,0.0,0.0,0.0,0.0,0.0,0.0,0.0,0.0,0.0,0.0,0.0,0.0,0.0,0.0,0.0,0.0,4.0
2104.0,1217.0,887.0,0.0,0.0,135.222229,80.63636,64256.0,31872.0,1.265506,1721542656.0,1.265506,0.0,1.265506,1.265506,1.265506,62.0,64.0,0.155504,0.000994,0.15451,20.0,9.0,11.0,0.0,0.0,0.0,0.0,0.0,-0.0,11941.467773,6839.95166,5101.516602,0.0,0.0,15.013757,6.321582,7.901978,0.0,0.0,0.0,0.0,0.0,0.0,0.0,0.0,0.0,0.0,0.0,0.0,0.0,0.0,0.0,1.0,0.0,0.0,0.0,0.0,0.0,0.0,0.0,0.0,0.0,0.0,0.0,0.0,0.0,0.0,0.0,0.0,4.0
2200.0,1313.0,887.0,0.0,0.0,131.300003,80.63636,64256.0,31872.0,1.328609,1721542656.0,1.328609,0.0,1.328609,1.328609,1.328609,62.0,64.0,0.154891,0.001004,0.153887,21.0,10.0,11.0,0.0,0.0,0.0,0.0,0.0,-0.0,11976.435547,7117.218262,4859.217285,0.0,0.0,15.053338,6.774002,7.526669,0.0,0.0,0.0,0.0,0.0,0.0,0.0,0.0,0.0,0.0,0.0,0.0,0.0,0.0,0.0,1.0,0.0,0.0,0.0,0.0,0.0,0.0,0.0,0.0,0.0,0.0,0.0,0.0,0.0,0.0,0.0,0.0,4.0
2236.0,1349.0,887.0,0.0,0.0,134.899994,80.63636,64256.0,31872.0,1.804574,1721542656.0,1.804574,0.0,1.804574,1.804574,1.804574,62.0,64.0,0.246612,0.0,0.246612,21.0,10.0,11.0,0.0,0.0,0.0,0.0,0.0,-0.0,8963.888672,5386.3125,3577.575684,0.0,0.0,11.082948,4.987327,5.541474,0.0,0.0,0.0,0.0,0.0,0.0,0.0,0.0,0.0,0.0,0.0,0.0,0.0,0.0,0.0,1.0,0.0,0.0,0.0,0.0,0.0,0.0,0.0,0.0,0.0,0.0,0.0,0.0,0.0,0.0,0.0,0.0,4.0
2278.0,1391.0,887.0,0.0,0.0,139.100006,80.63636,64256.0,31872.0,1.345561,1721542656.0,1.345561,0.0,1.345561,1.345561,1.345561,62.0,64.0,0.169564,0.001501,0.168063,21.0,10.0,11.0,0.0,0.0,0.0,0.0,0.0,-0.0,12241.733398,7443.735352,4797.998535,0.0,0.0,14.863688,6.68866,7.431844,0.0,0.0,0.0,0.0,0.0,0.0,0.0,0.0,0.0,0.0,0.0,0.0,0.0,0.0,0.0,1.0,0.0,0.0,0.0,0.0,0.0,0.0,0.0,0.0,0.0,0.0,0.0,0.0,0.0,0.0,0.0,0.0,4.0
2680.0,1513.0,1167.0,0.0,0.0,137.545456,77.800003,64256.0,31872.0,3.442697,1721542656.0,3.442697,0.0,3.442697,3.442697,3.442697,62.0,64.0,0.152248,0.000517,0.151731,26.0,11.0,15.0,0.0,0.0,3.0,1.0,2.0,-0.0,5730.391113,3197.493164,2532.897949,10.344828,0.0,7.261748,2.904699,4.066579,1.0,0.0,0.0,0.0,0.0,0.0,0.0,0.0,0.0,0.0,0.0,0.0,0.0,0.0,0.0,1.0,0.0,0.0,0.0,0.0,0.0,0.0,0.0,0.0,0.0,0.0,0.0,0.0,0.0,0.0,0.0,0.0,4.0
2380.0,1493.0,887.0,0.0,0.0,149.300003,80.63636,64256.0,31872.0,1.466296,1721542656.0,1.466296,0.0,1.466296,1.466296,1.466296,62.0,64.0,0.184382,0.000497,0.183885,21.0,10.0,11.0,0.0,0.0,0.0,0.0,0.0,-0.0,11735.693359,7332.762695,4402.931152,0.0,0.0,13.639812,6.137915,6.819906,0.0,0.0,0.0,0.0,0.0,0.0,0.0,0.0,0.0,0.0,0.0,0.0,0.0,0.0,0.0,1.0,0.0,0.0,0.0,0.0,0.0,0.0,0.0,0.0,0.0,0.0,0.0,0.0,0.0,0.0,0.0,0.0,4.0
2942.0,1701.0,1241.0,0.0,0.0,141.75,77.5625,64256.0,31872.0,4.392516,1721542656.0,4.392516,0.0,4.392516,4.392516,4.392516,62.0,64.0,0.122271,0.001133,0.121138,28.0,12.0,16.0,0.0,0.0,5.0,2.0,3.0,-0.0,4961.165527,2841.196045,2119.969482,15.151515,0.0,6.146819,2.504259,3.414899,1.0,0.0,0.0,0.0,0.0,0.0,0.0,0.0,0.0,0.0,0.0,0.0,0.0,0.0,0.0,1.0,0.0,0.0,0.0,0.0,0.0,0.0,0.0,0.0,0.0,0.0,0.0,0.0,0.0,0.0,0.0,0.0,4.0
2506.0,1619.0,887.0,0.0,0.0,161.899994,80.63636,64256.0,31872.0,1.637048,1721542656.0,1.637048,0.0,1.637048,1.637048,1.637048,62.0,64.0,0.21425,0.001703,0.212547,21.0,10.0,11.0,0.0,0.0,0.0,0.0,0.0,-0.0,11068.704102,7125.02002,3943.684082,0.0,0.0,12.217113,5.497701,6.108556,0.0,0.0,0.0,0.0,0.0,0.0,0.0,0.0,0.0,0.0,0.0,0.0,0.0,0.0,0.0,1.0,0.0,0.0,0.0,0.0,0.0,0.0,0.0,0.0,0.0,0.0,0.0,0.0,0.0,0.0,0.0,0.0,4.0
2710.0,1691.0,1019.0,0.0,0.0,169.100006,78.384613,64256.0,31872.0,0.682073,1721542656.0,0.682073,0.0,0.682073,0.682073,0.682073,62.0,64.0,0.060419,0.000497,0.059922,23.0,10.0,13.0,0.0,0.0,0.0,0.0,0.0,-0.0,28888.400391,17851.460938,11036.941406,0.0,0.0,32.254612,13.195068,17.593426,0.0,0.0,0.0,0.0,0.0,0.0,0.0,0.0,0.0,0.0,0.0,0.0,0.0,0.0,0.0,1.0,0.0,0.0,0.0,0.0,0.0,0.0,0.0,0.0,0.0,0.0,0.0,0.0,0.0,0.0,0.0,0.0,4.0
2788.0,1769.0,1019.0,0.0,0.0,176.899994,78.384613,64256.0,31872.0,0.558049,1721542656.0,0.558049,0.0,0.558049,0.558049,0.558049,62.0,64.0,0.061612,0.000488,0.061124,23.0,10.0,13.0,0.0,0.0,0.0,0.0,0.0,-0.0,36326.558594,22836.703125,13489.854492,0.0,0.0,39.423061,16.127615,21.503487,0.0,0.0,0.0,0.0,0.0,0.0,0.0,0.0,0.0,0.0,0.0,0.0,0.0,0.0,0.0,1.0,0.0,0.0,0.0,0.0,0.0,0.0,0.0,0.0,0.0,0.0,0.0,0.0,0.0,0.0,0.0,0.0,4.0
2872.0,1853.0,1019.0,0.0,0.0,185.300003,78.384613,64256.0,31872.0,0.571984,1721542656.0,0.571984,0.0,0.571984,0.571984,0.571984,62.0,64.0,0.047489,0.00049,0.046999,23.0,10.0,13.0,0.0,0.0,0.0,0.0,0.0,-0.0,36490.53125,23329.324219,13161.207031,0.0,0.0,38.462616,15.734706,20.979609,0.0,0.0,0.0,0.0,0.0,0.0,0.0,0.0,0.0,0.0,0.0,0.0,0.0,0.0,0.0,1.0,0.0,0.0,0.0,0.0,0.0,0.0,0.0,0.0,0.0,0.0,0.0,0.0,0.0,0.0,0.0,0.0,4.0
3637.0,2093.0,1544.0,0.0,0.0,174.416672,81.263161,64256.0,31872.0,4.029834,1721542656.0,4.029834,0.0,4.029834,4.029834,4.029834,62.0,64.0,0.15373,0.000993,0.152737,31.0,12.0,19.0,0.0,0.0,3.0,0.0,3.0,-0.0,6713.924316,3809.586426,2904.338135,8.823529,0.0,7.444476,2.729641,4.466685,0.0,1.0,0.0,0.0,0.0,0.0,0.0,0.0,0.0,0.0,0.0,0.0,0.0,0.0,0.0,1.0,0.0,0.0,0.0,0.0,0.0,0.0,0.0,0.0,0.0,0.0,0.0,0.0,0.0,0.0,0.0,1.0,4.0
3058.0,2105.0,953.0,0.0,0.0,191.363632,79.416664,64256.0,31872.0,1.852808,1721542656.0,1.852808,0.0,1.852808,1.852808,1.852808,62.0,64.0,0.168941,0.001018,0.167923,23.0,11.0,12.0,0.0,0.0,0.0,0.0,0.0,-0.0,12037.944336,8264.212891,3773.731445,0.0,0.0,11.873869,5.397213,5.936934,0.0,0.0,0.0,0.0,0.0,0.0,0.0,0.0,0.0,0.0,0.0,0.0,0.0,0.0,0.0,1.0,0.0,0.0,0.0,0.0,0.0,0.0,0.0,0.0,0.0,0.0,0.0,0.0,0.0,0.0,0.0,0.0,4.0
132.0,66.0,66.0,0.0,0.0,66.0,66.0,64256.0,31872.0,0.000497,1721542656.0,0.000497,0.0,0.000497,0.000497,0.000497,62.0,64.0,0.15373,0.000993,0.152737,2.0,1.0,1.0,0.0,0.0,0.0,0.0,0.0,-0.0,0.0,0.0,0.0,0.0,0.0,2012.072388,0.0,0.0,0.0,0.0,0.0,0.0,1.0,0.0,0.0,0.0,1.0,0.0,0.0,0.0,0.0,0.0,0.0,0.0,0.0,0.0,0.0,0.0,0.0,0.0,0.0,0.0,0.0,0.0,0.0,0.0,0.0,0.0,0.0,1.0,4.0
3013.0,2003.0,1010.0,0.0,0.0,250.375,91.818184,64256.0,31872.0,4.889562,1721542656.0,4.889562,0.0,4.889562,4.889562,4.889562,62.0,64.0,0.258997,0.000994,0.258003,19.0,8.0,11.0,0.0,0.0,3.0,0.0,3.0,-0.0,4371.761719,2868.150391,1503.611084,13.636364,0.0,3.681311,1.431621,2.045173,0.0,1.0,0.0,0.0,0.0,0.0,0.0,0.0,0.0,0.0,0.0,0.0,0.0,0.0,0.0,0.0,0.0,0.0,0.0,0.0,0.0,0.0,0.0,0.0,0.0,1.0,0.0,0.0,0.0,0.0,0.0,0.0,4.0
345.0,138.0,207.0,0.0,0.0,69.0,69.0,64256.0,31872.0,0.279128,1721542656.0,0.279128,0.0,0.279128,0.279128,0.279128,62.0,64.0,0.258997,0.000994,0.258003,5.0,2.0,3.0,0.0,0.0,0.0,0.0,0.0,-0.0,5932.762207,1977.587402,3955.174805,0.0,0.0,14.330344,3.582586,7.165172,0.0,0.0,0.0,0.0,1.0,0.0,0.0,0.0,0.0,0.0,0.0,1.0,0.0,0.0,0.0,0.0,0.0,0.0,0.0,0.0,0.0,0.0,0.0,0.0,0.0,0.0,0.0,0.0,0.0,0.0,0.0,0.0,4.0
592.0,222.0,370.0,0.0,0.0,74.0,74.0,8222720.0,4077568.0,3.058873,1721542656.0,3.058873,0.0,3.058873,3.058873,3.058873,62.0,64.0,0.000499,0.000499,0.0,8.0,3.0,5.0,0.0,0.0,6.0,2.0,4.0,-0.0,1161.212036,387.070679,774.141357,42.857143,0.0,2.288424,0.653836,1.307671,1.0,0.0,0.0,0.0,0.0,0.0,0.0,0.0,0.0,0.0,0.0,0.0,0.0,0.0,0.0,0.0,0.0,0.0,0.0,0.0,0.0,0.0,0.0,0.0,0.0,0.0,0.0,1.0,0.0,0.0,0.0,0.0,4.0
1381.0,489.0,892.0,0.0,0.0,81.5,89.199997,64256.0,31872.0,4.855926,1721542656.0,4.855926,0.0,4.855926,4.855926,4.855926,62.0,64.0,0.323136,0.000499,0.322637,16.0,6.0,10.0,0.0,0.0,6.0,1.0,5.0,-0.0,1995.088013,672.168396,1322.919678,27.272727,0.0,3.089009,1.02967,1.853405,1.0,0.0,0.0,0.0,1.0,0.0,0.0,0.0,0.0,0.0,0.0,0.0,0.0,0.0,0.0,0.0,0.0,0.0,0.0,0.0,0.0,0.0,0.0,0.0,0.0,1.0,0.0,0.0,0.0,0.0,0.0,0.0,4.0
2585.0,1826.0,759.0,0.0,0.0,365.200012,84.333336,64256.0,31872.0,3.47166,1721542656.0,3.47166,0.0,3.47166,3.47166,3.47166,62.0,64.0,0.323136,0.000499,0.322637,14.0,5.0,9.0,0.0,0.0,3.0,0.0,3.0,-0.0,4922.141113,3366.689209,1555.451904,17.647059,0.0,3.744606,1.152187,2.304373,0.0,1.0,0.0,0.0,1.0,0.0,0.0,0.0,0.0,0.0,0.0,1.0,0.0,0.0,0.0,0.0,0.0,0.0,0.0,0.0,0.0,0.0,0.0,0.0,0.0,0.0,0.0,0.0,0.0,0.0,0.0,0.0,4.0
3382.0,2429.0,953.0,0.0,0.0,220.818176,79.416664,64256.0,31872.0,0.664608,1721542656.0,0.664608,0.0,0.664608,0.664608,0.664608,62.0,64.0,0.061721,0.000988,0.060733,23.0,11.0,12.0,0.0,0.0,0.0,0.0,0.0,-0.0,37110.597656,26590.109375,10520.487305,0.0,0.0,33.102219,15.046463,16.551109,0.0,0.0,0.0,0.0,0.0,0.0,0.0,0.0,0.0,0.0,0.0,0.0,0.0,0.0,0.0,1.0,0.0,0.0,0.0,0.0,0.0,0.0,0.0,0.0,0.0,0.0,0.0,0.0,0.0,0.0,0.0,0.0,4.0
3717.0,2549.0,1168.0,0.0,0.0,231.72728,83.428574,64256.0,31872.0,4.21977,1721542656.0,4.21977,0.0,4.21977,4.21977,4.21977,61.0,64.0,0.274229,0.001024,0.273205,25.0,11.0,14.0,0.0,0.0,2.0,0.0,2.0,-0.0,6451.536621,4394.552246,2056.984131,7.407407,0.0,5.687514,2.369797,3.080737,0.0,1.0,0.0,0.0,0.0,0.0,0.0,0.0,0.0,0.0,0.0,0.0,0.0,0.0,0.0,1.0,0.0,0.0,0.0,0.0,0.0,0.0,0.0,0.0,0.0,0.0,0.0,0.0,0.0,0.0,0.0,0.0,4.0
3628.0,2675.0,953.0,0.0,0.0,243.181824,79.416664,64256.0,31872.0,1.810048,1721542656.0,1.810048,0.0,1.810048,1.810048,1.810048,61.0,64.0,0.279483,0.001987,0.277496,23.0,11.0,12.0,0.0,0.0,0.0,0.0,0.0,-0.0,14611.767578,10748.886719,3862.881104,0.0,0.0,12.154374,5.524715,6.077187,0.0,0.0,0.0,0.0,0.0,0.0,0.0,0.0,0.0,0.0,0.0,0.0,0.0,0.0,0.0,1.0,0.0,0.0,0.0,0.0,0.0,0.0,0.0,0.0,0.0,0.0,0.0,0.0,0.0,0.0,0.0,0.0,4.0
3826.0,2873.0,953.0,0.0,0.0,239.416672,79.416664,64256.0,31872.0,0.616401,1721542656.0,0.616401,0.0,0.616401,0.616401,0.616401,62.0,64.0,0.061181,0.000497,0.060684,24.0,12.0,12.0,0.0,0.0,0.0,0.0,0.0,-0.0,45528.804688,34185.539062,11343.264648,0.0,0.0,37.31337,17.845526,17.845526,0.0,0.0,0.0,0.0,0.0,0.0,0.0,0.0,0.0,0.0,0.0,0.0,0.0,0.0,0.0,1.0,0.0,0.0,0.0,0.0,0.0,0.0,0.0,0.0,0.0,0.0,0.0,0.0,0.0,0.0,0.0,0.0,4.0
3964.0,3011.0,953.0,0.0,0.0,250.916672,79.416664,64256.0,31872.0,0.56868,1721542656.0,0.56868,0.0,0.56868,0.56868,0.56868,62.0,64.0,0.060962,0.000988,0.059974,24.0,12.0,12.0,0.0,0.0,0.0,0.0,0.0,-0.0,51135.964844,38840.824219,12295.139648,0.0,0.0,40.444538,19.34304,19.34304,0.0,0.0,0.0,0.0,0.0,0.0,0.0,0.0,0.0,0.0,0.0,0.0,0.0,0.0,0.0,1.0,0.0,0.0,0.0,0.0,0.0,0.0,0.0,0.0,0.0,0.0,0.0,0.0,0.0,0.0,0.0,0.0,4.0
4042.0,3089.0,953.0,0.0,0.0,280.818176,79.416664,64256.0,31872.0,1.503157,1721542656.0,1.503157,0.0,1.503157,1.503157,1.503157,62.0,64.0,0.154702,0.000993,0.153709,23.0,11.0,12.0,0.0,0.0,0.0,0.0,0.0,-0.0,19601.412109,14949.868164,4651.543457,0.0,0.0,14.635863,6.652665,7.317932,0.0,0.0,0.0,0.0,0.0,0.0,0.0,0.0,0.0,0.0,0.0,0.0,0.0,0.0,0.0,1.0,0.0,0.0,0.0,0.0,0.0,0.0,0.0,0.0,0.0,0.0,0.0,0.0,0.0,0.0,0.0,0.0,4.0
4414.0,3313.0,1101.0,0.0,0.0,276.083344,78.64286,64256.0,31872.0,3.191156,1721542656.0,3.191156,0.0,3.191156,3.191156,3.191156,62.0,64.0,0.068438,0.000993,0.067445,26.0,12.0,14.0,0.0,0.0,3.0,1.0,2.0,-0.0,10178.129883,7613.541992,2564.587891,10.344828,0.0,7.834152,3.447027,4.073759,1.0,0.0,0.0,0.0,0.0,0.0,0.0,0.0,0.0,0.0,0.0,0.0,0.0,0.0,0.0,1.0,0.0,0.0,0.0,0.0,0.0,0.0,0.0,0.0,0.0,0.0,0.0,0.0,0.0,0.0,0.0,0.0,4.0
4348.0,3395.0,953.0,0.0,0.0,308.636353,79.416664,64256.0,31872.0,0.58622,1721542656.0,0.58622,0.0,0.58622,0.58622,0.58622,62.0,64.0,0.061769,0.000497,0.061272,23.0,11.0,12.0,0.0,0.0,0.0,0.0,0.0,-0.0,54054.789062,42127.527344,11927.262695,0.0,0.0,37.528572,17.058441,18.764286,0.0,0.0,0.0,0.0,0.0,0.0,0.0,0.0,0.0,0.0,0.0,0.0,0.0,0.0,0.0,1.0,0.0,0.0,0.0,0.0,0.0,0.0,0.0,0.0,0.0,0.0,0.0,0.0,0.0,0.0,0.0,0.0,4.0
132.0,66.0,66.0,0.0,0.0,66.0,66.0,64256.0,31872.0,0.00101,1721542656.0,0.00101,0.0,0.00101,0.00101,0.00101,62.0,64.0,0.068438,0.000993,0.067445,2.0,1.0,1.0,0.0,0.0,0.0,0.0,0.0,-0.0,0.0,0.0,0.0,0.0,0.0,990.098999,0.0,0.0,0.0,0.0,0.0,0.0,1.0,0.0,0.0,0.0,1.0,0.0,0.0,0.0,0.0,0.0,0.0,0.0,0.0,0.0,0.0,0.0,0.0,0.0,0.0,0.0,0.0,0.0,0.0,0.0,0.0,0.0,0.0,0.0,4.0
4510.0,3557.0,953.0,0.0,0.0,323.363647,79.416664,64256.0,31872.0,0.787464,1721542656.0,0.787464,0.0,0.787464,0.787464,0.787464,62.0,64.0,0.06083,0.0,0.06083,23.0,11.0,12.0,0.0,0.0,0.0,0.0,0.0,-0.0,41733.96875,32854.835938,8879.135742,0.0,0.0,27.937784,12.698993,13.968892,0.0,0.0,0.0,0.0,0.0,0.0,0.0,0.0,0.0,0.0,0.0,0.0,0.0,0.0,0.0,1.0,0.0,0.0,0.0,0.0,0.0,0.0,0.0,0.0,0.0,0.0,0.0,0.0,0.0,0.0,0.0,0.0,4.0
4678.0,3725.0,953.0,0.0,0.0,338.636353,79.416664,64256.0,31872.0,0.664677,1721542656.0,0.664677,0.0,0.664677,0.664677,0.664677,62.0,64.0,0.061182,0.000993,0.060189,23.0,11.0,12.0,0.0,0.0,0.0,0.0,0.0,-0.0,51285.058594,40765.664062,10519.394531,0.0,0.0,33.098782,15.044901,16.549391,0.0,0.0,0.0,0.0,0.0,0.0,0.0,0.0,0.0,0.0,0.0,0.0,0.0,0.0,0.0,1.0,0.0,0.0,0.0,0.0,0.0,0.0,0.0,0.0,0.0,0.0,0.0,0.0,0.0,0.0,0.0,0.0,4.0
5116.0,4031.0,1085.0,0.0,0.0,310.076935,77.5,64256.0,31872.0,0.570815,1721542656.0,0.570815,0.0,0.570815,0.570815,0.570815,62.0,64.0,0.060633,0.000997,0.059636,27.0,13.0,14.0,0.0,0.0,0.0,0.0,0.0,-0.0,66277.164062,52149.992188,14127.167969,0.0,0.0,45.548904,21.022572,22.774452,0.0,0.0,0.0,0.0,0.0,0.0,0.0,0.0,0.0,0.0,0.0,0.0,0.0,0.0,0.0,1.0,0.0,0.0,0.0,0.0,0.0,0.0,0.0,0.0,0.0,0.0,0.0,0.0,0.0,0.0,0.0,0.0,4.0
5230.0,4145.0,1085.0,0.0,0.0,345.416656,77.5,64256.0,31872.0,0.560484,1721542656.0,0.560484,0.0,0.560484,0.560484,0.560484,62.0,64.0,0.062514,0.000992,0.061522,26.0,12.0,14.0,0.0,0.0,0.0,0.0,0.0,-0.0,68626.40625,54238.835938,14387.56543,0.0,0.0,44.604305,19.625895,23.194239,0.0,0.0,0.0,0.0,0.0,0.0,0.0,0.0,0.0,0.0,0.0,0.0,0.0,0.0,0.0,1.0,0.0,0.0,0.0,0.0,0.0,0.0,0.0,0.0,0.0,0.0,0.0,0.0,0.0,0.0,0.0,0.0,4.0
5416.0,4331.0,1085.0,0.0,0.0,360.916656,77.5,64256.0,31872.0,0.558884,1721542656.0,0.558884,0.0,0.558884,0.558884,0.558884,62.0,64.0,0.062425,0.001346,0.061079,26.0,12.0,14.0,0.0,0.0,0.0,0.0,0.0,-0.0,71270.601562,56841.847656,14428.753906,0.0,0.0,44.731998,19.682079,23.260639,0.0,0.0,0.0,0.0,0.0,0.0,0.0,0.0,0.0,0.0,0.0,0.0,0.0,0.0,0.0,1.0,0.0,0.0,0.0,0.0,0.0,0.0,0.0,0.0,0.0,0.0,0.0,0.0,0.0,0.0,0.0,0.0,4.0
5608.0,4523.0,1085.0,0.0,0.0,376.916656,77.5,64256.0,31872.0,0.665229,1721542656.0,0.665229,0.0,0.665229,0.665229,0.665229,62.0,64.0,0.046224,0.000915,0.045309,26.0,12.0,14.0,0.0,0.0,0.0,0.0,0.0,-0.0,61993.6875,49871.546875,12122.140625,0.0,0.0,37.581043,16.535658,19.542143,0.0,0.0,0.0,0.0,0.0,0.0,0.0,0.0,0.0,0.0,0.0,0.0,0.0,0.0,0.0,1.0,0.0,0.0,0.0,0.0,0.0,0.0,0.0,0.0,0.0,0.0,0.0,0.0,0.0,0.0,0.0,0.0,4.0
5806.0,4721.0,1085.0,0.0,0.0,393.416656,77.5,64256.0,31872.0,0.666328,1721542656.0,0.666328,0.0,0.666328,0.666328,0.666328,62.0,64.0,0.061022,0.000488,0.060534,26.0,12.0,14.0,0.0,0.0,0.0,0.0,0.0,-0.0,64064.542969,51962.394531,12102.147461,0.0,0.0,37.519058,16.508387,19.509911,0.0,0.0,0.0,0.0,0.0,0.0,0.0,0.0,0.0,0.0,0.0,0.0,0.0,0.0,0.0,1.0,0.0,0.0,0.0,0.0,0.0,0.0,0.0,0.0,0.0,0.0,0.0,0.0,0.0,0.0,0.0,0.0,4.0
6010.0,4925.0,1085.0,0.0,0.0,410.416656,77.5,64256.0,31872.0,0.572983,1721542656.0,0.572983,0.0,0.572983,0.572983,0.572983,62.0,64.0,0.060923,0.001007,0.059916,26.0,12.0,14.0,0.0,0.0,0.0,0.0,0.0,-0.0,77112.234375,63038.515625,14073.714844,0.0,0.0,43.63131,19.197777,22.688282,0.0,0.0,0.0,0.0,0.0,0.0,0.0,0.0,0.0,0.0,0.0,0.0,0.0,0.0,0.0,1.0,0.0,0.0,0.0,0.0,0.0,0.0,0.0,0.0,0.0,0.0,0.0,0.0,0.0,0.0,0.0,0.0,4.0
6154.0,5201.0,953.0,0.0,0.0,400.076935,79.416664,64256.0,31872.0,0.495727,1721542656.0,0.495727,0.0,0.495727,0.495727,0.495727,62.0,64.0,0.047604,0.000502,0.047102,25.0,13.0,12.0,0.0,0.0,0.0,0.0,0.0,-0.0,91582.664062,77478.125,14104.537109,0.0,0.0,48.413742,24.206871,22.189632,0.0,0.0,0.0,0.0,0.0,0.0,0.0,0.0,0.0,0.0,0.0,0.0,0.0,0.0,0.0,1.0,0.0,0.0,0.0,0.0,0.0,0.0,0.0,0.0,0.0,0.0,0.0,0.0,0.0,0.0,0.0,0.0,4.0
6436.0,5417.0,1019.0,0.0,0.0,416.692322,78.384613,64256.0,31872.0,0.620112,1721542656.0,0.620112,0.0,0.620112,0.620112,0.620112,62.0,64.0,0.061205,0.001268,0.059937,26.0,13.0,13.0,0.0,0.0,0.0,0.0,0.0,-0.0,76657.117188,64517.378906,12139.742188,0.0,0.0,40.315296,19.351343,19.351343,0.0,0.0,0.0,0.0,0.0,0.0,0.0,0.0,0.0,0.0,0.0,0.0,0.0,0.0,0.0,1.0,0.0,0.0,0.0,0.0,0.0,0.0,0.0,0.0,0.0,0.0,0.0,0.0,0.0,0.0,0.0,0.0,4.0
6658.0,5639.0,1019.0,0.0,0.0,433.769226,78.384613,64256.0,31872.0,0.677766,1721542656.0,0.677766,0.0,0.677766,0.677766,0.677766,62.0,64.0,0.060047,0.001125,0.058922,26.0,13.0,13.0,0.0,0.0,0.0,0.0,0.0,-0.0,72556.015625,61448.933594,11107.078125,0.0,0.0,36.885887,17.705225,17.705225,0.0,0.0,0.0,0.0,0.0,0.0,0.0,0.0,0.0,0.0,0.0,0.0,0.0,0.0,0.0,1.0,0.0,0.0,0.0,0.0,0.0,0.0,0.0,0.0,0.0,0.0,0.0,0.0,0.0,0.0,0.0,0.0,4.0
6886.0,5867.0,1019.0,0.0,0.0,451.307678,78.384613,64256.0,31872.0,0.55716,1721542656.0,0.55716,0.0,0.55716,0.55716,0.55716,62.0,64.0,0.05972,0.000509,0.059211,26.0,13.0,13.0,0.0,0.0,0.0,0.0,0.0,-0.0,91277.1875,77765.8125,13511.378906,0.0,0.0,44.870411,21.537798,21.537798,0.0,0.0,0.0,0.0,0.0,0.0,0.0,0.0,0.0,0.0,0.0,0.0,0.0,0.0,0.0,1.0,0.0,0.0,0.0,0.0,0.0,0.0,0.0,0.0,0.0,0.0,0.0,0.0,0.0,0.0,0.0,0.0,4.0
7186.0,6167.0,1019.0,0.0,0.0,440.5,78.384613,64256.0,31872.0,2.001764,1721542656.0,2.001764,0.0,2.001764,2.001764,2.001764,62.0,64.0,0.230881,0.001005,0.229876,27.0,14.0,13.0,0.0,0.0,0.0,0.0,0.0,-0.0,26648.496094,22887.8125,3760.682861,0.0,0.0,12.988544,6.494272,5.994712,0.0,0.0,0.0,0.0,0.0,0.0,0.0,0.0,0.0,0.0,0.0,0.0,0.0,0.0,0.0,1.0,0.0,0.0,0.0,0.0,0.0,0.0,0.0,0.0,0.0,0.0,0.0,0.0,0.0,0.0,0.0,0.0,4.0
7360.0,6341.0,1019.0,0.0,0.0,487.769226,78.384613,64256.0,31872.0,0.57367,1721542656.0,0.57367,0.0,0.57367,0.57367,0.57367,62.0,64.0,0.060002,0.000497,0.059505,26.0,13.0,13.0,0.0,0.0,0.0,0.0,0.0,-0.0,94758.304688,81635.78125,13122.526367,0.0,0.0,43.57906,20.917948,20.917948,0.0,0.0,0.0,0.0,0.0,0.0,0.0,0.0,0.0,0.0,0.0,0.0,0.0,0.0,0.0,1.0,0.0,0.0,0.0,0.0,0.0,0.0,0.0,0.0,0.0,0.0,0.0,0.0,0.0,0.0,0.0,0.0,4.0
7606.0,6587.0,1019.0,0.0,0.0,506.692322,78.384613,64256.0,31872.0,0.559627,1721542656.0,0.559627,0.0,0.559627,0.559627,0.559627,62.0,64.0,0.062844,0.001028,0.061816,26.0,13.0,13.0,0.0,0.0,0.0,0.0,0.0,-0.0,100381.148438,86929.328125,13451.817383,0.0,0.0,44.672611,21.442854,21.442854,0.0,0.0,0.0,0.0,0.0,0.0,0.0,0.0,0.0,0.0,0.0,0.0,0.0,0.0,0.0,1.0,0.0,0.0,0.0,0.0,0.0,0.0,0.0,0.0,0.0,0.0,0.0,0.0,0.0,0.0,0.0,0.0,4.0
7990.0,6971.0,1019.0,0.0,0.0,464.733337,78.384613,64256.0,31872.0,1.712092,1721542656.0,1.712092,0.0,1.712092,1.712092,1.712092,62.0,64.0,0.213238,0.000497,0.212741,28.0,15.0,13.0,0.0,0.0,0.0,0.0,0.0,-0.0,34801.867188,30404.908203,4396.959961,0.0,0.0,15.77018,8.177131,7.008969,0.0,0.0,0.0,0.0,0.0,0.0,0.0,0.0,0.0,0.0,0.0,0.0,0.0,0.0,0.0,1.0,0.0,0.0,0.0,0.0,0.0,0.0,0.0,0.0,0.0,0.0,0.0,0.0,0.0,0.0,0.0,0.0,4.0
8314.0,7163.0,1151.0,0.0,0.0,511.642853,76.73333,64256.0,31872.0,1.49701,1721542656.0,1.49701,0.0,1.49701,1.49701,1.49701,62.0,64.0,0.155169,0.000994,0.154175,29.0,14.0,15.0,0.0,0.0,0.0,0.0,0.0,-0.0,41292.976562,35548.191406,5744.784668,0.0,0.0,18.703951,8.683977,9.351975,0.0,0.0,0.0,0.0,0.0,0.0,0.0,0.0,0.0,0.0,0.0,0.0,0.0,0.0,0.0,1.0,0.0,0.0,0.0,0.0,0.0,0.0,0.0,0.0,0.0,0.0,0.0,0.0,0.0,0.0,0.0,0.0,4.0
8512.0,7493.0,1019.0,0.0,0.0,499.533325,78.384613,64256.0,31872.0,1.438194,1721542656.0,1.438194,0.0,1.438194,1.438194,1.438194,62.0,64.0,0.200448,0.000997,0.199451,28.0,15.0,13.0,0.0,0.0,0.0,0.0,0.0,-0.0,44138.691406,38904.347656,5234.342285,0.0,0.0,18.773544,9.73443,8.343798,0.0,0.0,0.0,0.0,0.0,0.0,0.0,0.0,0.0,0.0,0.0,0.0,0.0,0.0,0.0,1.0,0.0,0.0,0.0,0.0,0.0,0.0,0.0,0.0,0.0,0.0,0.0,0.0,0.0,0.0,0.0,0.0,4.0
9097.0,7763.0,1334.0,0.0,0.0,517.533325,83.375,64256.0,31872.0,4.148653,1721542656.0,4.148653,0.0,4.148653,4.148653,4.148653,62.0,64.0,0.121866,0.000486,0.12138,31.0,15.0,16.0,0.0,0.0,3.0,0.0,3.0,-0.0,16385.078125,13972.727539,2412.349365,8.823529,0.0,7.231263,3.374589,3.615631,0.0,1.0,0.0,0.0,0.0,0.0,0.0,0.0,0.0,0.0,0.0,0.0,0.0,0.0,0.0,1.0,0.0,0.0,0.0,0.0,0.0,0.0,0.0,0.0,0.0,0.0,0.0,0.0,0.0,0.0,0.0,0.0,4.0
9124.0,7973.0,1151.0,0.0,0.0,569.5,76.73333,64256.0,31872.0,0.588544,1721542656.0,0.588544,0.0,0.588544,0.588544,0.588544,62.0,64.0,0.046846,0.00099,0.045856,29.0,14.0,15.0,0.0,0.0,0.0,0.0,0.0,-0.0,115253.914062,100641.578125,14612.331055,0.0,0.0,47.575031,22.088408,23.787516,0.0,0.0,0.0,0.0,0.0,0.0,0.0,0.0,0.0,0.0,0.0,0.0,0.0,0.0,0.0,1.0,0.0,0.0,0.0,0.0,0.0,0.0,0.0,0.0,0.0,0.0,0.0,0.0,0.0,0.0,0.0,0.0,4.0
9406.0,8255.0,1151.0,0.0,0.0,589.642883,76.73333,64256.0,31872.0,0.775023,1721542656.0,0.775023,0.0,0.775023,0.775023,0.775023,62.0,64.0,0.061217,0.000994,0.060223,29.0,14.0,15.0,0.0,0.0,0.0,0.0,0.0,-0.0,90227.0,79130.554688,11096.445312,0.0,0.0,36.12796,16.773697,18.06398,0.0,0.0,0.0,0.0,0.0,0.0,0.0,0.0,0.0,0.0,0.0,0.0,0.0,0.0,0.0,1.0,0.0,0.0,0.0,0.0,0.0,0.0,0.0,0.0,0.0,0.0,0.0,0.0,0.0,0.0,0.0,0.0,4.0
9694.0,8609.0,1085.0,0.0,0.0,573.93335,77.5,64256.0,31872.0,0.55816,1721542656.0,0.55816,0.0,0.55816,0.55816,0.55816,62.0,64.0,0.061155,0.000802,0.060353,29.0,15.0,14.0,0.0,0.0,0.0,0.0,0.0,-0.0,129625.914062,115178.445312,14447.469727,0.0,0.0,50.164825,25.082413,23.290812,0.0,0.0,0.0,0.0,0.0,0.0,0.0,0.0,0.0,0.0,0.0,0.0,0.0,0.0,0.0,1.0,0.0,0.0,0.0,0.0,0.0,0.0,0.0,0.0,0.0,0.0,0.0,0.0,0.0,0.0,0.0,0.0,4.0
9988.0,8903.0,1085.0,0.0,0.0,593.533325,77.5,64256.0,31872.0,0.574125,1721542656.0,0.574125,0.0,0.574125,0.574125,0.574125,62.0,64.0,0.061199,0.000489,0.06071,29.0,15.0,14.0,0.0,0.0,0.0,0.0,0.0,-0.0,129839.320312,115793.601562,14045.72168,0.0,0.0,48.769867,24.384933,22.643152,0.0,0.0,0.0,0.0,0.0,0.0,0.0,0.0,0.0,0.0,0.0,0.0,0.0,0.0,0.0,1.0,0.0,0.0,0.0,0.0,0.0,0.0,0.0,0.0,0.0,0.0,0.0,0.0,0.0,0.0,0.0,0.0,4.0
10507.0,9347.0,1160.0,0.0,0.0,549.823547,77.333336,64256.0,31872.0,1.559904,1721542656.0,1.559904,0.0,1.559904,1.559904,1.559904,62.0,64.0,0.154079,0.000497,0.153582,32.0,17.0,15.0,0.0,0.0,2.0,0.0,2.0,-0.0,50674.914062,45120.726562,5554.187988,5.882353,0.0,19.873018,10.257042,8.974912,0.0,1.0,0.0,0.0,0.0,0.0,0.0,0.0,0.0,0.0,0.0,0.0,0.0,0.0,0.0,1.0,0.0,0.0,0.0,0.0,0.0,0.0,0.0,0.0,0.0,0.0,0.0,0.0,0.0,0.0,0.0,1.0,4.0
10594.0,9509.0,1085.0,0.0,0.0,633.93335,77.5,64256.0,31872.0,0.58574,1721542656.0,0.58574,0.0,0.58574,0.58574,0.58574,62.0,64.0,0.060244,0.000482,0.059762,29.0,15.0,14.0,0.0,0.0,0.0,0.0,0.0,-0.0,134995.0625,121227.851562,13767.201172,0.0,0.0,47.80278,23.90139,22.194149,0.0,0.0,0.0,0.0,0.0,0.0,0.0,0.0,0.0,0.0,0.0,0.0,0.0,0.0,0.0,1.0,0.0,0.0,0.0,0.0,0.0,0.0,0.0,0.0,0.0,0.0,0.0,0.0,0.0,0.0,0.0,0.0,4.0
11104.0,9887.0,1217.0,0.0,0.0,617.9375,76.0625,64256.0,31872.0,0.662843,1721542656.0,0.662843,0.0,0.662843,0.662843,0.662843,62.0,64.0,0.060883,0.000993,0.05989,32.0,16.0,16.0,0.0,0.0,0.0,0.0,0.0,-0.0,125652.679688,111881.703125,13770.983398,0.0,0.0,46.768242,22.629793,22.629793,0.0,0.0,0.0,0.0,0.0,0.0,0.0,0.0,0.0,0.0,0.0,0.0,0.0,0.0,0.0,1.0,0.0,0.0,0.0,0.0,0.0,0.0,0.0,0.0,0.0,0.0,0.0,0.0,0.0,0.0,0.0,0.0,4.0
11422.0,10205.0,1217.0,0.0,0.0,637.8125,76.0625,64256.0,31872.0,0.556481,1721542656.0,0.556481,0.0,0.556481,0.556481,0.556481,62.0,64.0,0.045871,0.000992,0.044879,32.0,16.0,16.0,0.0,0.0,0.0,0.0,0.0,-0.0,153953.140625,137550.0625,16403.076172,0.0,0.0,55.707203,26.955097,26.955097,0.0,0.0,0.0,0.0,0.0,0.0,0.0,0.0,0.0,0.0,0.0,0.0,0.0,0.0,0.0,1.0,0.0,0.0,0.0,0.0,0.0,0.0,0.0,0.0,0.0,0.0,0.0,0.0,0.0,0.0,0.0,0.0,4.0
11746.0,10529.0,1217.0,0.0,0.0,658.0625,76.0625,64256.0,31872.0,0.60602,1721542656.0,0.60602,0.0,0.60602,0.60602,0.60602,62.0,64.0,0.063118,0.001703,0.061415,32.0,16.0,16.0,0.0,0.0,0.0,0.0,0.0,-0.0,145368.140625,130305.9375,15062.209961,0.0,0.0,51.153431,24.751659,24.751659,0.0,0.0,0.0,0.0,0.0,0.0,0.0,0.0,0.0,0.0,0.0,0.0,0.0,0.0,0.0,1.0,0.0,0.0,0.0,0.0,0.0,0.0,0.0,0.0,0.0,0.0,0.0,0.0,0.0,0.0,0.0,0.0,4.0
12076.0,10859.0,1217.0,0.0,0.0,678.6875,76.0625,64256.0,31872.0,0.649197,1721542656.0,0.649197,0.0,0.649197,0.649197,0.649197,62.0,64.0,0.060397,0.000992,0.059405,32.0,16.0,16.0,0.0,0.0,0.0,0.0,0.0,-0.0,139520.0625,125459.609375,14060.447266,0.0,0.0,47.751301,23.105469,23.105469,0.0,0.0,0.0,0.0,0.0,0.0,0.0,0.0,0.0,0.0,0.0,0.0,0.0,0.0,0.0,1.0,0.0,0.0,0.0,0.0,0.0,0.0,0.0,0.0,0.0,0.0,0.0,0.0,0.0,0.0,0.0,0.0,4.0
12412.0,11195.0,1217.0,0.0,0.0,699.6875,76.0625,64256.0,31872.0,0.556487,1721542656.0,0.556487,0.0,0.556487,0.556487,0.556487,62.0,64.0,0.077117,0.00099,0.076127,32.0,16.0,16.0,0.0,0.0,0.0,0.0,0.0,-0.0,167292.3125,150889.40625,16402.898438,0.0,0.0,55.7066,26.954807,26.954807,0.0,0.0,0.0,0.0,0.0,0.0,0.0,0.0,0.0,0.0,0.0,0.0,0.0,0.0,0.0,1.0,0.0,0.0,0.0,0.0,0.0,0.0,0.0,0.0,0.0,0.0,0.0,0.0,0.0,0.0,0.0,0.0,4.0
12754.0,11603.0,1151.0,0.0,0.0,682.529419,76.73333,64256.0,31872.0,0.772294,1721542656.0,0.772294,0.0,0.772294,0.772294,0.772294,62.0,64.0,0.061139,0.000635,0.060504,32.0,17.0,15.0,0.0,0.0,0.0,0.0,0.0,-0.0,124263.5625,113127.90625,11135.65625,0.0,0.0,40.140156,20.717499,18.127811,0.0,0.0,0.0,0.0,0.0,0.0,0.0,0.0,0.0,0.0,0.0,0.0,0.0,0.0,0.0,1.0,0.0,0.0,0.0,0.0,0.0,0.0,0.0,0.0,0.0,0.0,0.0,0.0,0.0,0.0,0.0,0.0,4.0
13102.0,11951.0,1151.0,0.0,0.0,703.0,76.73333,64256.0,31872.0,0.569779,1721542656.0,0.569779,0.0,0.569779,0.569779,0.569779,62.0,64.0,0.060714,0.00099,0.059724,32.0,17.0,15.0,0.0,0.0,0.0,0.0,0.0,-0.0,173021.46875,157927.90625,15093.572266,0.0,0.0,54.407063,28.081064,24.57093,0.0,0.0,0.0,0.0,0.0,0.0,0.0,0.0,0.0,0.0,0.0,0.0,0.0,0.0,0.0,1.0,0.0,0.0,0.0,0.0,0.0,0.0,0.0,0.0,0.0,0.0,0.0,0.0,0.0,0.0,0.0,0.0,4.0
13456.0,12305.0,1151.0,0.0,0.0,723.823547,76.73333,64256.0,31872.0,0.569128,1721542656.0,0.569128,0.0,0.569128,0.569128,0.569128,62.0,64.0,0.046282,0.0005,0.045782,32.0,17.0,15.0,0.0,0.0,0.0,0.0,0.0,-0.0,177914.296875,162803.453125,15110.836914,0.0,0.0,54.469296,28.113184,24.599037,0.0,0.0,0.0,0.0,0.0,0.0,0.0,0.0,0.0,0.0,0.0,0.0,0.0,0.0,0.0,1.0,0.0,0.0,0.0,0.0,0.0,0.0,0.0,0.0,0.0,0.0,0.0,0.0,0.0,0.0,0.0,0.0,4.0
13816.0,12665.0,1151.0,0.0,0.0,745.0,76.73333,64256.0,31872.0,0.567335,1721542656.0,0.567335,0.0,0.567335,0.567335,0.567335,62.0,64.0,0.060508,0.000517,0.059991,32.0,17.0,15.0,0.0,0.0,0.0,0.0,0.0,-0.0,183242.703125,168084.109375,15158.591797,0.0,0.0,54.641438,28.202032,24.676779,0.0,0.0,0.0,0.0,0.0,0.0,0.0,0.0,0.0,0.0,0.0,0.0,0.0,0.0,0.0,1.0,0.0,0.0,0.0,0.0,0.0,0.0,0.0,0.0,0.0,0.0,0.0,0.0,0.0,0.0,0.0,0.0,4.0
14380.0,13097.0,1283.0,0.0,0.0,727.611084,75.470589,64256.0,31872.0,0.572692,1721542656.0,0.572692,0.0,0.572692,0.572692,0.572692,62.0,64.0,0.06177,0.00098,0.06079,35.0,18.0,17.0,0.0,0.0,0.0,0.0,0.0,-0.0,189672.640625,172797.953125,16874.691406,0.0,0.0,59.368736,29.684368,27.938231,0.0,0.0,0.0,0.0,0.0,0.0,0.0,0.0,0.0,0.0,0.0,0.0,0.0,0.0,0.0,1.0,0.0,0.0,0.0,0.0,0.0,0.0,0.0,0.0,0.0,0.0,0.0,0.0,0.0,0.0,0.0,0.0,4.0
14752.0,13469.0,1283.0,0.0,0.0,748.277771,75.470589,64256.0,31872.0,0.661816,1721542656.0,0.661816,0.0,0.661816,0.661816,0.661816,62.0,64.0,0.05995,0.000487,0.059463,35.0,18.0,17.0,0.0,0.0,0.0,0.0,0.0,-0.0,168373.09375,153770.84375,14602.246094,0.0,0.0,51.373795,25.686897,24.175903,0.0,0.0,0.0,0.0,0.0,0.0,0.0,0.0,0.0,0.0,0.0,0.0,0.0,0.0,0.0,1.0,0.0,0.0,0.0,0.0,0.0,0.0,0.0,0.0,0.0,0.0,0.0,0.0,0.0,0.0,0.0,0.0,4.0
15130.0,13847.0,1283.0,0.0,0.0,769.277771,75.470589,64256.0,31872.0,0.556458,1721542656.0,0.556458,0.0,0.556458,0.556458,0.556458,62.0,64.0,0.062007,0.001009,0.060998,35.0,18.0,17.0,0.0,0.0,0.0,0.0,0.0,-0.0,205384.78125,188017.78125,17366.988281,0.0,0.0,61.10075,30.550375,28.753294,0.0,0.0,0.0,0.0,0.0,0.0,0.0,0.0,0.0,0.0,0.0,0.0,0.0,0.0,0.0,1.0,0.0,0.0,0.0,0.0,0.0,0.0,0.0,0.0,0.0,0.0,0.0,0.0,0.0,0.0,0.0,0.0,4.0
15646.0,14297.0,1349.0,0.0,0.0,752.473694,74.944443,64256.0,31872.0,1.912562,1721542656.0,1.912562,0.0,1.912562,1.912562,1.912562,62.0,64.0,0.15601,0.000587,0.155423,37.0,19.0,18.0,0.0,0.0,0.0,0.0,0.0,-0.0,61990.148438,56656.988281,5333.160645,0.0,0.0,18.82292,9.41146,8.8886,0.0,0.0,0.0,0.0,0.0,0.0,0.0,0.0,0.0,0.0,0.0,0.0,0.0,0.0,0.0,1.0,0.0,0.0,0.0,0.0,0.0,0.0,0.0,0.0,0.0,0.0,0.0,0.0,0.0,0.0,0.0,0.0,4.0
15904.0,14687.0,1217.0,0.0,0.0,773.0,76.0625,64256.0,31872.0,1.390997,1721542656.0,1.390997,0.0,1.390997,1.390997,1.390997,62.0,64.0,0.184092,0.000919,0.183173,35.0,19.0,16.0,0.0,0.0,0.0,0.0,0.0,-0.0,86585.375,80023.171875,6562.199219,0.0,0.0,24.442898,12.940358,10.783631,0.0,0.0,0.0,0.0,0.0,0.0,0.0,0.0,0.0,0.0,0.0,0.0,0.0,0.0,0.0,1.0,0.0,0.0,0.0,0.0,0.0,0.0,0.0,0.0,0.0,0.0,0.0,0.0,0.0,0.0,0.0,0.0,4.0
16300.0,15083.0,1217.0,0.0,0.0,793.842102,76.0625,64256.0,31872.0,1.344092,1721542656.0,1.344092,0.0,1.344092,1.344092,1.344092,62.0,64.0,0.17025,0.000994,0.169256,35.0,19.0,16.0,0.0,0.0,0.0,0.0,0.0,-0.0,91844.90625,85053.703125,6791.20166,0.0,0.0,25.295887,13.39194,11.15995,0.0,0.0,0.0,0.0,0.0,0.0,0.0,0.0,0.0,0.0,0.0,0.0,0.0,0.0,0.0,1.0,0.0,0.0,0.0,0.0,0.0,0.0,0.0,0.0,0.0,0.0,0.0,0.0,0.0,0.0,0.0,0.0,4.0
16645.0,15413.0,1232.0,0.0,0.0,856.277771,77.0,64256.0,31872.0,4.944112,1721542656.0,4.944112,0.0,4.944112,4.944112,4.944112,62.0,64.0,0.168759,0.0,0.168759,34.0,18.0,16.0,0.0,0.0,3.0,0.0,3.0,-0.0,25423.375,23554.484375,1868.889771,8.108108,0.0,6.674606,3.438434,3.033912,0.0,1.0,0.0,0.0,0.0,0.0,0.0,0.0,0.0,0.0,0.0,0.0,0.0,0.0,0.0,0.0,0.0,0.0,0.0,0.0,0.0,0.0,0.0,0.0,0.0,1.0,0.0,0.0,0.0,0.0,0.0,0.0,4.0
345.0,138.0,207.0,0.0,0.0,69.0,69.0,64256.0,31872.0,0.058232,1721542656.0,0.058232,0.0,0.058232,0.058232,0.058232,62.0,64.0,0.168759,0.0,0.168759,5.0,2.0,3.0,0.0,0.0,0.0,0.0,0.0,-0.0,28437.972656,9479.324219,18958.648438,0.0,0.0,68.690758,17.172689,34.345379,0.0,0.0,0.0,0.0,1.0,0.0,0.0,0.0,0.0,0.0,0.0,1.0,0.0,0.0,0.0,0.0,0.0,0.0,0.0,0.0,0.0,0.0,0.0,0.0,0.0,0.0,0.0,0.0,0.0,0.0,0.0,0.0,4.0
17176.0,15959.0,1217.0,0.0,0.0,797.950012,76.0625,64256.0,31872.0,0.587173,1721542656.0,0.587173,0.0,0.587173,0.587173,0.587173,62.0,64.0,0.0613,0.001153,0.060147,36.0,20.0,16.0,0.0,0.0,0.0,0.0,0.0,-0.0,222121.9375,206576.265625,15545.674805,0.0,0.0,59.607647,32.358437,25.546135,0.0,0.0,0.0,0.0,0.0,0.0,0.0,0.0,0.0,0.0,0.0,0.0,0.0,0.0,0.0,1.0,0.0,0.0,0.0,0.0,0.0,0.0,0.0,0.0,0.0,0.0,0.0,0.0,0.0,0.0,0.0,0.0,4.0
17722.0,16373.0,1349.0,0.0,0.0,818.650024,74.944443,64256.0,31872.0,0.771302,1721542656.0,0.771302,0.0,0.771302,0.771302,0.771302,62.0,64.0,0.06098,0.000503,0.060477,38.0,20.0,18.0,0.0,0.0,0.0,0.0,0.0,-0.0,174561.984375,161337.578125,13224.392578,0.0,0.0,47.970833,24.633673,22.040653,0.0,0.0,0.0,0.0,0.0,0.0,0.0,0.0,0.0,0.0,0.0,0.0,0.0,0.0,0.0,1.0,0.0,0.0,0.0,0.0,0.0,0.0,0.0,0.0,0.0,0.0,0.0,0.0,0.0,0.0,0.0,0.0,4.0
18142.0,16793.0,1349.0,0.0,0.0,839.650024,74.944443,64256.0,31872.0,0.661892,1721542656.0,0.661892,0.0,0.661892,0.661892,0.661892,62.0,64.0,0.060043,0.000529,0.059514,38.0,20.0,18.0,0.0,0.0,0.0,0.0,0.0,-0.0,208239.40625,192829.046875,15410.369141,0.0,0.0,55.90036,28.705589,25.683949,0.0,0.0,0.0,0.0,0.0,0.0,0.0,0.0,0.0,0.0,0.0,0.0,0.0,0.0,0.0,1.0,0.0,0.0,0.0,0.0,0.0,0.0,0.0,0.0,0.0,0.0,0.0,0.0,0.0,0.0,0.0,0.0,4.0
18436.0,17219.0,1217.0,0.0,0.0,860.950012,76.0625,64256.0,31872.0,0.570789,1721542656.0,0.570789,0.0,0.570789,0.570789,0.570789,62.0,64.0,0.060864,0.000462,0.060402,36.0,20.0,16.0,0.0,0.0,0.0,0.0,0.0,-0.0,245274.53125,229282.625,15991.899414,0.0,0.0,61.318634,33.287258,26.279413,0.0,0.0,0.0,0.0,0.0,0.0,0.0,0.0,0.0,0.0,0.0,0.0,0.0,0.0,0.0,1.0,0.0,0.0,0.0,0.0,0.0,0.0,0.0,0.0,0.0,0.0,0.0,0.0,0.0,0.0,0.0,0.0,4.0
19000.0,17717.0,1283.0,0.0,0.0,843.666687,75.470589,64256.0,31872.0,0.557411,1721542656.0,0.557411,0.0,0.557411,0.557411,0.557411,62.0,64.0,0.061619,0.013251,0.048368,38.0,21.0,17.0,0.0,0.0,0.0,0.0,0.0,-0.0,259514.0625,242176.765625,17337.296875,0.0,0.0,66.378311,35.880165,28.704134,0.0,0.0,0.0,0.0,0.0,0.0,0.0,0.0,0.0,0.0,0.0,0.0,0.0,0.0,0.0,1.0,0.0,0.0,0.0,0.0,0.0,0.0,0.0,0.0,0.0,0.0,0.0,0.0,0.0,0.0,0.0,0.0,4.0
19438.0,18155.0,1283.0,0.0,0.0,864.523804,75.470589,64256.0,31872.0,0.556561,1721542656.0,0.556561,0.0,0.556561,0.556561,0.556561,62.0,64.0,0.061287,0.001015,0.060272,38.0,21.0,17.0,0.0,0.0,0.0,0.0,0.0,-0.0,265904.375,248540.59375,17363.775391,0.0,0.0,66.479683,35.934967,28.747972,0.0,0.0,0.0,0.0,0.0,0.0,0.0,0.0,0.0,0.0,0.0,0.0,0.0,0.0,0.0,1.0,0.0,0.0,0.0,0.0,0.0,0.0,0.0,0.0,0.0,0.0,0.0,0.0,0.0,0.0,0.0,0.0,4.0
19948.0,18665.0,1283.0,0.0,0.0,848.409119,75.470589,64256.0,31872.0,0.666797,1721542656.0,0.666797,0.0,0.666797,0.666797,0.666797,62.0,64.0,0.061807,0.000995,0.060812,39.0,22.0,17.0,0.0,0.0,0.0,0.0,0.0,-0.0,228255.375,213762.21875,14493.166992,0.0,0.0,56.988861,31.493843,23.99531,0.0,0.0,0.0,0.0,0.0,0.0,0.0,0.0,0.0,0.0,0.0,0.0,0.0,0.0,0.0,1.0,0.0,0.0,0.0,0.0,0.0,0.0,0.0,0.0,0.0,0.0,0.0,0.0,0.0,0.0,0.0,0.0,4.0
20596.0,19181.0,1415.0,0.0,0.0,833.956543,74.473686,64256.0,31872.0,0.668176,1721542656.0,0.668176,0.0,0.668176,0.668176,0.668176,62.0,64.0,0.060226,0.001,0.059226,42.0,23.0,19.0,0.0,0.0,0.0,0.0,0.0,-0.0,235734.296875,219678.65625,16055.650391,0.0,0.0,61.36108,32.925457,26.939011,0.0,0.0,0.0,0.0,0.0,0.0,0.0,0.0,0.0,0.0,0.0,0.0,0.0,0.0,0.0,1.0,0.0,0.0,0.0,0.0,0.0,0.0,0.0,0.0,0.0,0.0,0.0,0.0,0.0,0.0,0.0,0.0,4.0
20854.0,19571.0,1283.0,0.0,0.0,889.590881,75.470589,64256.0,31872.0,0.55566,1721542656.0,0.55566,0.0,0.55566,0.55566,0.55566,62.0,64.0,0.061286,0.001013,0.060273,39.0,22.0,17.0,0.0,0.0,0.0,0.0,0.0,-0.0,286362.15625,268970.21875,17391.929688,0.0,0.0,68.387138,37.792892,28.794586,0.0,0.0,0.0,0.0,0.0,0.0,0.0,0.0,0.0,0.0,0.0,0.0,0.0,0.0,0.0,1.0,0.0,0.0,0.0,0.0,0.0,0.0,0.0,0.0,0.0,0.0,0.0,0.0,0.0,0.0,0.0,0.0,4.0
21448.0,20033.0,1415.0,0.0,0.0,910.590881,74.473686,64256.0,31872.0,0.574774,1721542656.0,0.574774,0.0,0.574774,0.574774,0.574774,62.0,64.0,0.062614,0.000985,0.061629,41.0,22.0,19.0,0.0,0.0,0.0,0.0,0.0,-0.0,284828.46875,266163.71875,18664.726562,0.0,0.0,69.592567,36.536098,31.316656,0.0,0.0,0.0,0.0,0.0,0.0,0.0,0.0,0.0,0.0,0.0,0.0,0.0,0.0,0.0,1.0,0.0,0.0,0.0,0.0,0.0,0.0,0.0,0.0,0.0,0.0,0.0,0.0,0.0,0.0,0.0,0.0,4.0
21916.0,20567.0,1349.0,0.0,0.0,894.217407,74.944443,64256.0,31872.0,0.665571,1721542656.0,0.665571,0.0,0.665571,0.665571,0.665571,62.0,64.0,0.061445,0.000987,0.060458,41.0,23.0,18.0,0.0,0.0,0.0,0.0,0.0,-0.0,251789.828125,236464.640625,15325.1875,0.0,0.0,60.098774,33.054325,25.541979,0.0,0.0,0.0,0.0,0.0,0.0,0.0,0.0,0.0,0.0,0.0,0.0,0.0,0.0,0.0,1.0,0.0,0.0,0.0,0.0,0.0,0.0,0.0,0.0,0.0,0.0,0.0,0.0,0.0,0.0,0.0,0.0,4.0
22390.0,21041.0,1349.0,0.0,0.0,914.826111,74.944443,64256.0,31872.0,0.554675,1721542656.0,0.554675,0.0,0.554675,0.554675,0.554675,62.0,64.0,0.06099,0.000997,0.059993,41.0,23.0,18.0,0.0,0.0,0.0,0.0,0.0,-0.0,308678.0625,290288.90625,18389.146484,0.0,0.0,72.114304,39.662868,30.648579,0.0,0.0,0.0,0.0,0.0,0.0,0.0,0.0,0.0,0.0,0.0,0.0,0.0,0.0,0.0,1.0,0.0,0.0,0.0,0.0,0.0,0.0,0.0,0.0,0.0,0.0,0.0,0.0,0.0,0.0,0.0,0.0,4.0
22870.0,21521.0,1349.0,0.0,0.0,935.695679,74.944443,64256.0,31872.0,0.662288,1721542656.0,0.662288,0.0,0.662288,0.662288,0.662288,62.0,64.0,0.060854,0.000992,0.059862,41.0,23.0,18.0,0.0,0.0,0.0,0.0,0.0,-0.0,264066.375,248665.234375,15401.154297,0.0,0.0,60.396683,33.218178,25.668591,0.0,0.0,0.0,0.0,0.0,0.0,0.0,0.0,0.0,0.0,0.0,0.0,0.0,0.0,0.0,1.0,0.0,0.0,0.0,0.0,0.0,0.0,0.0,0.0,0.0,0.0,0.0,0.0,0.0,0.0,0.0,0.0,4.0
23422.0,22073.0,1349.0,0.0,0.0,919.708313,74.944443,64256.0,31872.0,0.57359,1721542656.0,0.57359,0.0,0.57359,0.57359,0.57359,62.0,64.0,0.06215,0.000494,0.061656,42.0,24.0,18.0,0.0,0.0,0.0,0.0,0.0,-0.0,312822.75,295040.03125,17782.738281,0.0,0.0,71.47963,40.098328,29.637896,0.0,0.0,0.0,0.0,0.0,0.0,0.0,0.0,0.0,0.0,0.0,0.0,0.0,0.0,0.0,1.0,0.0,0.0,0.0,0.0,0.0,0.0,0.0,0.0,0.0,0.0,0.0,0.0,0.0,0.0,0.0,0.0,4.0
24046.0,22565.0,1481.0,0.0,0.0,940.208313,74.050003,64256.0,31872.0,0.664659,1721542656.0,0.664659,0.0,0.664659,0.664659,0.664659,62.0,64.0,0.061751,0.000991,0.06076,44.0,24.0,20.0,0.0,0.0,0.0,0.0,0.0,-0.0,277218.84375,260283.828125,16935.0,0.0,0.0,64.694824,34.60421,28.586086,0.0,0.0,0.0,0.0,0.0,0.0,0.0,0.0,0.0,0.0,0.0,0.0,0.0,0.0,0.0,1.0,0.0,0.0,0.0,0.0,0.0,0.0,0.0,0.0,0.0,0.0,0.0,0.0,0.0,0.0,0.0,0.0,4.0
24544.0,23063.0,1481.0,0.0,0.0,960.958313,74.050003,64256.0,31872.0,0.759353,1721542656.0,0.759353,0.0,0.759353,0.759353,0.759353,62.0,64.0,0.060913,0.001003,0.05991,44.0,24.0,20.0,0.0,0.0,0.0,0.0,0.0,-0.0,247684.546875,232861.40625,14823.145508,0.0,0.0,56.627155,30.288944,25.021301,0.0,0.0,0.0,0.0,0.0,0.0,0.0,0.0,0.0,0.0,0.0,0.0,0.0,0.0,0.0,1.0,0.0,0.0,0.0,0.0,0.0,0.0,0.0,0.0,0.0,0.0,0.0,0.0,0.0,0.0,0.0,0.0,4.0
25048.0,23633.0,1415.0,0.0,0.0,945.320007,74.473686,64256.0,31872.0,0.567066,1721542656.0,0.567066,0.0,0.567066,0.567066,0.567066,62.0,64.0,0.059325,0.000503,0.058822,44.0,25.0,19.0,0.0,0.0,0.0,0.0,0.0,-0.0,338994.0625,320075.625,18918.431641,0.0,0.0,75.828911,42.323116,31.742336,0.0,0.0,0.0,0.0,0.0,0.0,0.0,0.0,0.0,0.0,0.0,0.0,0.0,0.0,0.0,1.0,0.0,0.0,0.0,0.0,0.0,0.0,0.0,0.0,0.0,0.0,0.0,0.0,0.0,0.0,0.0,0.0,4.0
25558.0,24143.0,1415.0,0.0,0.0,965.719971,74.473686,64256.0,31872.0,1.53201,1721542656.0,1.53201,0.0,1.53201,1.53201,1.53201,62.0,64.0,0.171041,0.000999,0.170042,44.0,25.0,19.0,0.0,0.0,0.0,0.0,0.0,-0.0,128035.71875,121033.15625,7002.56543,0.0,0.0,28.067703,15.665694,11.74927,0.0,0.0,0.0,0.0,0.0,0.0,0.0,0.0,0.0,0.0,0.0,0.0,0.0,0.0,0.0,1.0,0.0,0.0,0.0,0.0,0.0,0.0,0.0,0.0,0.0,0.0,0.0,0.0,0.0,0.0,0.0,0.0,4.0
26140.0,24725.0,1415.0,0.0,0.0,950.961548,74.473686,64256.0,31872.0,1.496782,1721542656.0,1.496782,0.0,1.496782,1.496782,1.496782,62.0,64.0,0.168871,0.000516,0.168355,45.0,26.0,19.0,0.0,0.0,0.0,0.0,0.0,-0.0,134240.0,127072.617188,7167.376465,0.0,0.0,29.396399,16.702499,12.0258,0.0,0.0,0.0,0.0,0.0,0.0,0.0,0.0,0.0,0.0,0.0,0.0,0.0,0.0,0.0,1.0,0.0,0.0,0.0,0.0,0.0,0.0,0.0,0.0,0.0,0.0,0.0,0.0,0.0,0.0,0.0,0.0,4.0
27388.0,25321.0,2067.0,0.0,0.0,937.814819,76.555557,64256.0,31872.0,3.265813,1721542656.0,3.265813,0.0,3.265813,3.265813,3.265813,62.0,64.0,0.052915,0.002972,0.049943,54.0,27.0,27.0,0.0,0.0,6.0,4.0,2.0,-0.0,64608.71875,59731.527344,4877.192871,10.0,0.0,16.228731,7.961264,7.961264,1.0,0.0,0.0,0.0,0.0,0.0,0.0,0.0,0.0,0.0,0.0,0.0,0.0,0.0,0.0,1.0,0.0,0.0,0.0,0.0,0.0,0.0,0.0,0.0,0.0,0.0,0.0,0.0,0.0,0.0,0.0,1.0,4.0
27708.0,25853.0,1855.0,0.0,0.0,957.518494,74.199997,64256.0,31872.0,2.004875,1721542656.0,2.004875,0.0,2.004875,2.004875,2.004875,62.0,64.0,0.122406,0.001007,0.121399,52.0,27.0,25.0,0.0,0.0,1.0,0.0,1.0,-0.0,106448.53125,99341.859375,7106.677734,1.886792,0.0,25.437996,12.96839,11.970821,0.0,1.0,0.0,0.0,0.0,0.0,0.0,0.0,0.0,0.0,0.0,0.0,0.0,0.0,0.0,1.0,0.0,0.0,0.0,0.0,0.0,0.0,0.0,0.0,0.0,0.0,0.0,0.0,0.0,0.0,0.0,1.0,4.0
28288.0,26453.0,1835.0,0.0,0.0,944.75,73.400002,64256.0,31872.0,3.792935,1721542656.0,3.792935,0.0,3.792935,3.792935,3.792935,62.0,64.0,0.168691,0.000665,0.168026,53.0,28.0,25.0,0.0,0.0,3.0,0.0,3.0,-0.0,57519.574219,53803.191406,3716.383301,5.357143,0.0,13.709701,7.118498,6.327554,0.0,1.0,0.0,0.0,0.0,0.0,0.0,0.0,0.0,0.0,0.0,0.0,0.0,0.0,0.0,1.0,0.0,0.0,0.0,0.0,0.0,0.0,0.0,0.0,0.0,0.0,0.0,0.0,0.0,0.0,0.0,1.0,4.0
1348.0,639.0,709.0,0.0,0.0,79.875,88.625,64256.0,31872.0,1.44973,1721542656.0,1.44973,0.0,1.44973,1.44973,1.44973,62.0,64.0,0.166898,0.000994,0.165904,16.0,8.0,8.0,0.0,0.0,1.0,0.0,1.0,-0.0,6517.075195,3090.230469,3426.844971,5.882353,0.0,10.346754,4.828485,4.828485,0.0,1.0,0.0,0.0,0.0,0.0,0.0,0.0,0.0,0.0,0.0,0.0,0.0,0.0,0.0,0.0,0.0,0.0,0.0,0.0,0.0,0.0,0.0,0.0,0.0,1.0,0.0,0.0,0.0,0.0,0.0,1.0,4.0
27739.0,26420.0,1319.0,0.0,0.0,1258.095215,69.421051,64256.0,31872.0,1.315589,1721542656.0,1.315589,0.0,1.315589,1.315589,1.315589,62.0,64.0,0.166898,0.000994,0.165904,40.0,21.0,19.0,0.0,0.0,3.0,3.0,0.0,-0.0,160609.4375,153008.28125,7601.158203,6.976744,0.0,29.644518,15.202317,13.682085,0.0,0.0,0.0,1.0,1.0,0.0,0.0,0.0,0.0,0.0,0.0,1.0,0.0,0.0,0.0,0.0,0.0,0.0,0.0,0.0,0.0,0.0,0.0,0.0,0.0,0.0,0.0,0.0,0.0,0.0,0.0,1.0,4.0
29090.0,27461.0,1629.0,0.0,0.0,1017.074097,74.045456,64256.0,31872.0,4.76937,1721542656.0,4.76937,0.0,4.76937,4.76937,4.76937,62.0,64.0,0.166871,0.000496,0.166375,49.0,27.0,22.0,0.0,0.0,2.0,0.0,2.0,-0.0,46964.691406,44356.382812,2608.310791,3.921569,0.0,10.064222,5.451454,4.403097,0.0,1.0,0.0,0.0,0.0,0.0,0.0,0.0,0.0,0.0,0.0,0.0,0.0,0.0,0.0,1.0,0.0,0.0,0.0,0.0,0.0,0.0,0.0,0.0,0.0,0.0,0.0,0.0,0.0,0.0,0.0,0.0,4.0
30064.0,28079.0,1985.0,0.0,0.0,1002.821411,76.346153,64256.0,31872.0,1.979702,1721542656.0,1.979702,0.0,1.979702,1.979702,1.979702,62.0,64.0,0.199774,0.000495,0.199279,54.0,28.0,26.0,0.0,0.0,1.0,1.0,0.0,-0.0,117132.78125,109418.492188,7714.29248,1.818182,0.0,26.771706,13.638416,12.628163,0.0,0.0,0.0,1.0,0.0,0.0,0.0,0.0,0.0,0.0,0.0,0.0,0.0,0.0,0.0,1.0,0.0,0.0,0.0,0.0,0.0,0.0,0.0,0.0,0.0,0.0,0.0,0.0,0.0,0.0,0.0,1.0,4.0
30118.0,28637.0,1481.0,0.0,0.0,1022.75,74.050003,64256.0,31872.0,0.66473,1721542656.0,0.66473,0.0,0.66473,0.66473,0.66473,62.0,64.0,0.061901,0.001005,0.060896,48.0,28.0,20.0,0.0,0.0,0.0,0.0,0.0,-0.0,349278.65625,332345.46875,16933.191406,0.0,0.0,70.705399,40.617996,28.583033,0.0,0.0,0.0,0.0,0.0,0.0,0.0,0.0,0.0,0.0,0.0,0.0,0.0,0.0,0.0,1.0,0.0,0.0,0.0,0.0,0.0,0.0,0.0,0.0,0.0,0.0,0.0,0.0,0.0,0.0,0.0,0.0,4.0
30329.0,29063.0,1266.0,0.0,0.0,1117.807739,74.470589,64256.0,31872.0,0.47542,1721542656.0,0.47542,0.0,0.47542,0.47542,0.47542,62.0,64.0,0.062542,0.0,0.062542,43.0,26.0,17.0,0.0,0.0,0.0,0.0,0.0,-0.0,490311.71875,470253.6875,20058.054688,0.0,0.0,88.342941,52.585083,33.654453,0.0,0.0,0.0,0.0,0.0,0.0,0.0,0.0,0.0,0.0,0.0,0.0,0.0,0.0,0.0,0.0,0.0,0.0,0.0,0.0,0.0,0.0,0.0,0.0,0.0,1.0,0.0,0.0,0.0,0.0,0.0,0.0,4.0
485.0,138.0,347.0,0.0,0.0,69.0,69.400002,64256.0,31872.0,0.077833,1721542656.0,0.077833,0.0,0.077833,0.077833,0.077833,61.0,64.0,0.062542,0.0,0.062542,7.0,2.0,5.0,0.0,0.0,0.0,0.0,0.0,-0.0,35666.105469,7092.10791,28574.0,0.0,0.0,77.088127,12.848022,51.392086,0.0,0.0,0.0,0.0,1.0,0.0,0.0,0.0,0.0,0.0,0.0,1.0,0.0,0.0,0.0,0.0,0.0,0.0,0.0,0.0,0.0,0.0,0.0,0.0,0.0,0.0,0.0,0.0,0.0,0.0,0.0,0.0,4.0
31384.0,29837.0,1547.0,0.0,0.0,1028.862061,73.666664,64256.0,31872.0,0.68009,1721542656.0,0.68009,0.0,0.68009,0.68009,0.68009,61.0,64.0,0.076446,0.001532,0.074914,50.0,29.0,21.0,0.0,0.0,0.0,0.0,0.0,-0.0,356223.4375,338884.5625,17338.880859,0.0,0.0,72.049286,41.171021,29.407871,0.0,0.0,0.0,0.0,0.0,0.0,0.0,0.0,0.0,0.0,0.0,0.0,0.0,0.0,0.0,1.0,0.0,0.0,0.0,0.0,0.0,0.0,0.0,0.0,0.0,0.0,0.0,0.0,0.0,0.0,0.0,0.0,4.0
31960.0,30413.0,1547.0,0.0,0.0,1048.724121,73.666664,64256.0,31872.0,0.756723,1721542656.0,0.756723,0.0,0.756723,0.756723,0.756723,61.0,64.0,0.075185,0.000994,0.074191,50.0,29.0,21.0,0.0,0.0,0.0,0.0,0.0,-0.0,326026.84375,310443.84375,15582.981445,0.0,0.0,64.752892,37.001652,26.42975,0.0,0.0,0.0,0.0,0.0,0.0,0.0,0.0,0.0,0.0,0.0,0.0,0.0,0.0,0.0,1.0,0.0,0.0,0.0,0.0,0.0,0.0,0.0,0.0,0.0,0.0,0.0,0.0,0.0,0.0,0.0,0.0,4.0
32740.0,31061.0,1679.0,0.0,0.0,1035.366699,73.0,64256.0,31872.0,0.620609,1721542656.0,0.620609,0.0,0.620609,0.620609,0.620609,62.0,64.0,0.075953,0.001016,0.074937,53.0,30.0,23.0,0.0,0.0,0.0,0.0,0.0,-0.0,407754.34375,387052.09375,20702.246094,0.0,0.0,83.788666,46.728294,35.449051,0.0,0.0,0.0,0.0,0.0,0.0,0.0,0.0,0.0,0.0,0.0,0.0,0.0,0.0,0.0,1.0,0.0,0.0,0.0,0.0,0.0,0.0,0.0,0.0,0.0,0.0,0.0,0.0,0.0,0.0,0.0,0.0,4.0
33328.0,31649.0,1679.0,0.0,0.0,1054.966675,73.0,64256.0,31872.0,0.572018,1721542656.0,0.572018,0.0,0.572018,0.572018,0.572018,62.0,64.0,0.047582,0.000499,0.047083,53.0,30.0,23.0,0.0,0.0,0.0,0.0,0.0,-0.0,450349.4375,427888.625,22460.830078,0.0,0.0,90.906227,50.697704,38.460327,0.0,0.0,0.0,0.0,0.0,0.0,0.0,0.0,0.0,0.0,0.0,0.0,0.0,0.0,0.0,1.0,0.0,0.0,0.0,0.0,0.0,0.0,0.0,0.0,0.0,0.0,0.0,0.0,0.0,0.0,0.0,0.0,4.0
33988.0,32309.0,1679.0,0.0,0.0,1042.22583,73.0,64256.0,31872.0,0.710165,1721542656.0,0.710165,0.0,0.710165,0.710165,0.710165,62.0,64.0,0.122068,0.025293,0.096775,54.0,31.0,23.0,0.0,0.0,0.0,0.0,0.0,-0.0,370313.9375,352222.34375,18091.570312,0.0,0.0,74.630539,42.243702,30.978716,0.0,0.0,0.0,0.0,0.0,0.0,0.0,0.0,0.0,0.0,0.0,0.0,0.0,0.0,0.0,1.0,0.0,0.0,0.0,0.0,0.0,0.0,0.0,0.0,0.0,0.0,0.0,0.0,0.0,0.0,0.0,0.0,4.0
34522.0,32909.0,1613.0,0.0,0.0,1061.580688,73.318184,64256.0,52096.0,0.555635,1721542656.0,0.555635,0.0,0.555635,0.555635,0.555635,62.0,64.0,0.061161,0.000496,0.060665,53.0,31.0,22.0,0.0,0.0,0.0,0.0,0.0,-0.0,480718.46875,458545.65625,22172.830078,0.0,0.0,93.586624,53.992283,37.794598,0.0,0.0,0.0,0.0,0.0,0.0,0.0,0.0,0.0,0.0,0.0,0.0,0.0,0.0,0.0,1.0,0.0,0.0,0.0,0.0,0.0,0.0,0.0,0.0,0.0,0.0,0.0,0.0,0.0,0.0,0.0,0.0,4.0
2116.0,1229.0,887.0,0.0,0.0,122.900002,80.63636,64256.0,31872.0,1.309406,1721542656.0,1.309406,0.0,1.309406,1.309406,1.309406,62.0,64.0,0.152895,0.000447,0.152448,21.0,10.0,11.0,0.0,0.0,0.0,0.0,0.0,-0.0,11693.851562,6763.37207,4930.47998,0.0,0.0,15.274101,6.873345,7.637051,0.0,0.0,0.0,0.0,0.0,0.0,0.0,0.0,0.0,0.0,0.0,0.0,0.0,0.0,0.0,1.0,0.0,0.0,0.0,0.0,0.0,0.0,0.0,0.0,0.0,0.0,0.0,0.0,0.0,0.0,0.0,0.0,5.0
2128.0,1241.0,887.0,0.0,0.0,124.099998,80.63636,64256.0,31872.0,1.358784,1721542656.0,1.358784,0.0,1.358784,1.358784,1.358784,62.0,64.0,0.155336,0.0,0.155336,21.0,10.0,11.0,0.0,0.0,0.0,0.0,0.0,-0.0,11327.775391,6576.46875,4751.307129,0.0,0.0,14.719044,6.623569,7.359522,0.0,0.0,0.0,0.0,0.0,0.0,0.0,0.0,0.0,0.0,0.0,0.0,0.0,0.0,0.0,1.0,0.0,0.0,0.0,0.0,0.0,0.0,0.0,0.0,0.0,0.0,0.0,0.0,0.0,0.0,0.0,0.0,5.0
296.0,74.0,222.0,0.0,0.0,74.0,74.0,8222720.0,4077568.0,3.102542,1721542656.0,3.102542,0.0,3.102542,3.102542,3.102542,62.0,64.0,0.002023,0.002023,0.0,4.0,1.0,3.0,0.0,0.0,2.0,0.0,2.0,-0.0,381.622559,0.0,381.622559,33.333333,0.0,0.966949,0.0,0.644633,0.0,1.0,0.0,0.0,0.0,0.0,0.0,0.0,0.0,0.0,0.0,0.0,0.0,0.0,0.0,0.0,0.0,0.0,0.0,0.0,0.0,0.0,0.0,0.0,0.0,0.0,0.0,1.0,0.0,0.0,0.0,0.0,5.0
2204.0,1185.0,1019.0,0.0,0.0,131.666672,78.384613,64256.0,31872.0,1.422016,1721542656.0,1.422016,0.0,1.422016,1.422016,1.422016,62.0,64.0,0.158586,0.002023,0.156563,22.0,9.0,13.0,0.0,0.0,1.0,0.0,1.0,-0.0,11223.501953,5929.609863,5293.892578,4.347826,0.0,14.767766,5.625816,8.438724,0.0,1.0,0.0,0.0,1.0,0.0,0.0,0.0,0.0,0.0,0.0,0.0,1.0,0.0,0.0,0.0,0.0,0.0,0.0,0.0,0.0,0.0,0.0,0.0,0.0,0.0,0.0,0.0,0.0,0.0,0.0,0.0,5.0
2376.0,1283.0,1093.0,0.0,0.0,128.300003,78.071426,64256.0,31872.0,2.701848,1721542656.0,2.701848,0.0,2.701848,2.701848,2.701848,62.0,64.0,0.143236,0.000494,0.142742,24.0,10.0,14.0,0.0,0.0,1.0,0.0,1.0,-0.0,6425.231934,3419.881348,3005.350342,4.0,0.0,8.512691,3.331053,4.811522,0.0,1.0,0.0,0.0,0.0,0.0,0.0,0.0,0.0,0.0,0.0,0.0,0.0,0.0,0.0,1.0,0.0,0.0,0.0,0.0,0.0,0.0,0.0,0.0,0.0,0.0,0.0,0.0,0.0,0.0,0.0,0.0,5.0
2274.0,1313.0,961.0,0.0,0.0,131.300003,80.083336,64256.0,31872.0,2.853184,1721542656.0,2.853184,0.0,2.853184,2.853184,2.853184,62.0,64.0,0.16079,0.000489,0.160301,22.0,10.0,12.0,0.0,0.0,1.0,0.0,1.0,-0.0,5784.415039,3314.192139,2470.222656,4.347826,0.0,7.360198,3.154371,3.855342,0.0,1.0,0.0,0.0,0.0,0.0,0.0,0.0,0.0,0.0,0.0,0.0,0.0,0.0,0.0,1.0,0.0,0.0,0.0,0.0,0.0,0.0,0.0,0.0,0.0,0.0,0.0,0.0,0.0,0.0,0.0,0.0,5.0
2368.0,1349.0,1019.0,0.0,0.0,134.899994,78.384613,64256.0,31872.0,0.649302,1721542656.0,0.649302,0.0,0.649302,0.649302,0.649302,62.0,64.0,0.061363,0.000503,0.06086,23.0,10.0,13.0,0.0,0.0,0.0,0.0,0.0,-0.0,26563.910156,14969.921875,11593.988281,0.0,0.0,33.882538,13.861038,18.481384,0.0,0.0,0.0,0.0,0.0,0.0,0.0,0.0,0.0,0.0,0.0,0.0,0.0,0.0,0.0,1.0,0.0,0.0,0.0,0.0,0.0,0.0,0.0,0.0,0.0,0.0,0.0,0.0,0.0,0.0,0.0,0.0,5.0
2278.0,1391.0,887.0,0.0,0.0,139.100006,80.63636,64256.0,31872.0,1.078841,1721542656.0,1.078841,0.0,1.078841,1.078841,1.078841,62.0,64.0,0.0627,0.000487,0.062213,21.0,10.0,11.0,0.0,0.0,0.0,0.0,0.0,-0.0,15268.237305,9284.037109,5984.199707,0.0,0.0,18.538414,8.342286,9.269207,0.0,0.0,0.0,0.0,0.0,0.0,0.0,0.0,0.0,0.0,0.0,0.0,0.0,0.0,0.0,1.0,0.0,0.0,0.0,0.0,0.0,0.0,0.0,0.0,0.0,0.0,0.0,0.0,0.0,0.0,0.0,0.0,5.0
2779.0,1583.0,1196.0,0.0,0.0,131.916672,85.428574,64256.0,31872.0,3.04242,1721542656.0,3.04242,0.0,3.04242,3.04242,3.04242,62.0,64.0,0.157667,0.00049,0.157177,26.0,12.0,14.0,0.0,0.0,3.0,0.0,3.0,-0.0,6739.37207,3818.013428,2921.358643,10.344828,0.0,8.217143,3.615543,4.272914,0.0,1.0,0.0,0.0,0.0,0.0,0.0,0.0,0.0,0.0,0.0,0.0,0.0,0.0,0.0,1.0,0.0,0.0,0.0,0.0,0.0,0.0,0.0,0.0,0.0,0.0,0.0,0.0,0.0,0.0,0.0,1.0,5.0
2380.0,1493.0,887.0,0.0,0.0,149.300003,80.63636,64256.0,31872.0,1.37411,1721542656.0,1.37411,0.0,1.37411,1.37411,1.37411,62.0,64.0,0.169407,0.0,0.169407,21.0,10.0,11.0,0.0,0.0,0.0,0.0,0.0,-0.0,12523.014648,7824.701172,4698.313965,0.0,0.0,14.554875,6.549694,7.277438,0.0,0.0,0.0,0.0,0.0,0.0,0.0,0.0,0.0,0.0,0.0,0.0,0.0,0.0,0.0,1.0,0.0,0.0,0.0,0.0,0.0,0.0,0.0,0.0,0.0,0.0,0.0,0.0,0.0,0.0,0.0,0.0,5.0
2440.0,1553.0,887.0,0.0,0.0,155.300003,80.63636,64256.0,31872.0,1.38977,1721542656.0,1.38977,0.0,1.38977,1.38977,1.38977,62.0,64.0,0.16948,0.0,0.16948,21.0,10.0,11.0,0.0,0.0,0.0,0.0,0.0,-0.0,12692.74707,8047.374512,4645.373047,0.0,0.0,14.39087,6.475892,7.195435,0.0,0.0,0.0,0.0,0.0,0.0,0.0,0.0,0.0,0.0,0.0,0.0,0.0,0.0,0.0,1.0,0.0,0.0,0.0,0.0,0.0,0.0,0.0,0.0,0.0,0.0,0.0,0.0,0.0,0.0,0.0,0.0,5.0
2638.0,1619.0,1019.0,0.0,0.0,161.899994,78.384613,64256.0,31872.0,1.420636,1721542656.0,1.420636,0.0,1.420636,1.420636,1.420636,62.0,64.0,0.170097,0.000496,0.169601,23.0,10.0,13.0,0.0,0.0,0.0,0.0,0.0,-0.0,13509.441406,8210.407227,5299.034668,0.0,0.0,15.486021,6.33519,8.44692,0.0,0.0,0.0,0.0,0.0,0.0,0.0,0.0,0.0,0.0,0.0,0.0,0.0,0.0,0.0,1.0,0.0,0.0,0.0,0.0,0.0,0.0,0.0,0.0,0.0,0.0,0.0,0.0,0.0,0.0,0.0,0.0,5.0
2688.0,1691.0,997.0,0.0,0.0,169.100006,83.083336,64256.0,31872.0,3.702446,1721542656.0,3.702446,0.0,3.702446,3.702446,3.702446,62.0,64.0,0.168443,0.000494,0.167949,22.0,10.0,12.0,0.0,0.0,1.0,0.0,1.0,-0.0,5263.547363,3288.636719,1974.910645,4.347826,0.0,5.671926,2.430825,2.971009,0.0,1.0,0.0,0.0,0.0,0.0,0.0,0.0,0.0,0.0,0.0,0.0,0.0,0.0,0.0,1.0,0.0,0.0,0.0,0.0,0.0,0.0,0.0,0.0,0.0,0.0,0.0,0.0,0.0,0.0,0.0,0.0,5.0
2788.0,1769.0,1019.0,0.0,0.0,176.899994,78.384613,64256.0,31872.0,0.588158,1721542656.0,0.588158,0.0,0.588158,0.588158,0.588158,62.0,64.0,0.046919,0.000509,0.04641,23.0,10.0,13.0,0.0,0.0,0.0,0.0,0.0,-0.0,34466.929688,21667.646484,12799.28125,0.0,0.0,37.404915,15.302011,20.402681,0.0,0.0,0.0,0.0,0.0,0.0,0.0,0.0,0.0,0.0,0.0,0.0,0.0,0.0,0.0,1.0,0.0,0.0,0.0,0.0,0.0,0.0,0.0,0.0,0.0,0.0,0.0,0.0,0.0,0.0,0.0,0.0,5.0
2872.0,1853.0,1019.0,0.0,0.0,185.300003,78.384613,64256.0,31872.0,0.664211,1721542656.0,0.664211,0.0,0.664211,0.664211,0.664211,62.0,64.0,0.061082,0.000577,0.060505,23.0,10.0,13.0,0.0,0.0,0.0,0.0,0.0,-0.0,31423.75,20090.001953,11333.748047,0.0,0.0,33.122005,13.549911,18.066549,0.0,0.0,0.0,0.0,0.0,0.0,0.0,0.0,0.0,0.0,0.0,0.0,0.0,0.0,0.0,1.0,0.0,0.0,0.0,0.0,0.0,0.0,0.0,0.0,0.0,0.0,0.0,0.0,0.0,0.0,0.0,0.0,5.0
2962.0,1943.0,1019.0,0.0,0.0,194.300003,78.384613,64256.0,31872.0,0.664739,1721542656.0,0.664739,0.0,0.664739,0.664739,0.664739,62.0,64.0,0.060895,0.000498,0.060397,23.0,10.0,13.0,0.0,0.0,0.0,0.0,0.0,-0.0,32373.607422,21048.863281,11324.745117,0.0,0.0,33.095695,13.539148,18.052198,0.0,0.0,0.0,0.0,0.0,0.0,0.0,0.0,0.0,0.0,0.0,0.0,0.0,0.0,0.0,1.0,0.0,0.0,0.0,0.0,0.0,0.0,0.0,0.0,0.0,0.0,0.0,0.0,0.0,0.0,0.0,0.0,5.0
3058.0,2039.0,1019.0,0.0,0.0,203.899994,78.384613,64256.0,31872.0,0.572336,1721542656.0,0.572336,0.0,0.572336,0.572336,0.572336,62.0,64.0,0.06187,0.000504,0.061366,23.0,10.0,13.0,0.0,0.0,0.0,0.0,0.0,-0.0,38816.359375,25663.246094,13153.112305,0.0,0.0,38.438957,15.725028,20.966703,0.0,0.0,0.0,0.0,0.0,0.0,0.0,0.0,0.0,0.0,0.0,0.0,0.0,0.0,0.0,1.0,0.0,0.0,0.0,0.0,0.0,0.0,0.0,0.0,0.0,0.0,0.0,0.0,0.0,0.0,0.0,0.0,5.0
3160.0,2141.0,1019.0,0.0,0.0,214.100006,78.384613,64256.0,31872.0,0.542863,1721542656.0,0.542863,0.0,0.542863,0.542863,0.542863,62.0,64.0,0.062603,0.000478,0.062125,23.0,10.0,13.0,0.0,0.0,0.0,0.0,0.0,-0.0,42264.804688,28397.587891,13867.21875,0.0,0.0,40.525879,16.578768,22.105024,0.0,0.0,0.0,0.0,0.0,0.0,0.0,0.0,0.0,0.0,0.0,0.0,0.0,0.0,0.0,1.0,0.0,0.0,0.0,0.0,0.0,0.0,0.0,0.0,0.0,0.0,0.0,0.0,0.0,0.0,0.0,0.0,5.0
3268.0,2315.0,953.0,0.0,0.0,210.454544,79.416664,64256.0,31872.0,0.661538,1721542656.0,0.661538,0.0,0.661538,0.661538,0.661538,62.0,64.0,0.153752,0.100801,0.052951,23.0,11.0,12.0,0.0,0.0,0.0,0.0,0.0,-0.0,36025.140625,25455.832031,10569.30957,0.0,0.0,33.255836,15.116289,16.627918,0.0,0.0,0.0,0.0,0.0,0.0,0.0,0.0,0.0,0.0,0.0,0.0,0.0,0.0,0.0,1.0,0.0,0.0,0.0,0.0,0.0,0.0,0.0,0.0,0.0,0.0,0.0,0.0,0.0,0.0,0.0,0.0,5.0
3382.0,2429.0,953.0,0.0,0.0,220.818176,79.416664,64256.0,31872.0,0.572682,1721542656.0,0.572682,0.0,0.572682,0.572682,0.572682,62.0,64.0,0.062392,0.00169,0.060702,23.0,11.0,12.0,0.0,0.0,0.0,0.0,0.0,-0.0,43067.53125,30858.310547,12209.21875,0.0,0.0,38.415733,17.461697,19.207867,0.0,0.0,0.0,0.0,0.0,0.0,0.0,0.0,0.0,0.0,0.0,0.0,0.0,0.0,0.0,1.0,0.0,0.0,0.0,0.0,0.0,0.0,0.0,0.0,0.0,0.0,0.0,0.0,0.0,0.0,0.0,0.0,5.0
3502.0,2549.0,953.0,0.0,0.0,231.72728,79.416664,64256.0,31872.0,0.66312,1721542656.0,0.66312,0.0,0.66312,0.66312,0.66312,62.0,64.0,0.060625,0.000499,0.060126,23.0,11.0,12.0,0.0,0.0,0.0,0.0,0.0,-0.0,38508.867188,27964.773438,10544.094727,0.0,0.0,33.176502,15.080228,16.588251,0.0,0.0,0.0,0.0,0.0,0.0,0.0,0.0,0.0,0.0,0.0,0.0,0.0,0.0,0.0,1.0,0.0,0.0,0.0,0.0,0.0,0.0,0.0,0.0,0.0,0.0,0.0,0.0,0.0,0.0,0.0,0.0,5.0
3628.0,2675.0,953.0,0.0,0.0,243.181824,79.416664,64256.0,31872.0,0.548178,1721542656.0,0.548178,0.0,0.548178,0.548178,0.548178,62.0,64.0,0.061554,0.000494,0.06106,23.0,11.0,12.0,0.0,0.0,0.0,0.0,0.0,-0.0,48247.101562,35492.121094,12754.980469,0.0,0.0,40.13295,18.242249,20.066475,0.0,0.0,0.0,0.0,0.0,0.0,0.0,0.0,0.0,0.0,0.0,0.0,0.0,0.0,0.0,1.0,0.0,0.0,0.0,0.0,0.0,0.0,0.0,0.0,0.0,0.0,0.0,0.0,0.0,0.0,0.0,0.0,5.0
3760.0,2807.0,953.0,0.0,0.0,255.181824,79.416664,64256.0,31872.0,0.563275,1721542656.0,0.563275,0.0,0.563275,0.563275,0.563275,62.0,64.0,0.061561,0.000495,0.061066,23.0,11.0,12.0,0.0,0.0,0.0,0.0,0.0,-0.0,48658.292969,36245.175781,12413.120117,0.0,0.0,39.057301,17.753319,19.52865,0.0,0.0,0.0,0.0,0.0,0.0,0.0,0.0,0.0,0.0,0.0,0.0,0.0,0.0,0.0,1.0,0.0,0.0,0.0,0.0,0.0,0.0,0.0,0.0,0.0,0.0,0.0,0.0,0.0,0.0,0.0,0.0,5.0
3898.0,2945.0,953.0,0.0,0.0,267.727264,79.416664,64256.0,31872.0,0.587851,1721542656.0,0.587851,0.0,0.587851,0.587851,0.587851,62.0,64.0,0.061234,0.000505,0.060729,23.0,11.0,12.0,0.0,0.0,0.0,0.0,0.0,-0.0,48338.78125,36444.609375,11894.170898,0.0,0.0,37.42445,17.011114,18.712225,0.0,0.0,0.0,0.0,0.0,0.0,0.0,0.0,0.0,0.0,0.0,0.0,0.0,0.0,0.0,1.0,0.0,0.0,0.0,0.0,0.0,0.0,0.0,0.0,0.0,0.0,0.0,0.0,0.0,0.0,0.0,0.0,5.0
4042.0,3089.0,953.0,0.0,0.0,280.818176,79.416664,64256.0,31872.0,0.646292,1721542656.0,0.646292,0.0,0.646292,0.646292,0.646292,62.0,64.0,0.06106,0.0005,0.06056,23.0,11.0,12.0,0.0,0.0,0.0,0.0,0.0,-0.0,45589.304688,34770.664062,10818.639648,0.0,0.0,34.040344,15.472883,17.020172,0.0,0.0,0.0,0.0,0.0,0.0,0.0,0.0,0.0,0.0,0.0,0.0,0.0,0.0,0.0,1.0,0.0,0.0,0.0,0.0,0.0,0.0,0.0,0.0,0.0,0.0,0.0,0.0,0.0,0.0,0.0,0.0,5.0
4192.0,3239.0,953.0,0.0,0.0,294.454559,79.416664,64256.0,31872.0,0.569993,1721542656.0,0.569993,0.0,0.569993,0.569993,0.569993,62.0,64.0,0.061087,0.000494,0.060593,23.0,11.0,12.0,0.0,0.0,0.0,0.0,0.0,-0.0,53600.65625,41333.839844,12266.817383,0.0,0.0,38.596966,17.544075,19.298483,0.0,0.0,0.0,0.0,0.0,0.0,0.0,0.0,0.0,0.0,0.0,0.0,0.0,0.0,0.0,1.0,0.0,0.0,0.0,0.0,0.0,0.0,0.0,0.0,0.0,0.0,0.0,0.0,0.0,0.0,0.0,0.0,5.0
4348.0,3395.0,953.0,0.0,0.0,308.636353,79.416664,64256.0,31872.0,0.556062,1721542656.0,0.556062,0.0,0.556062,0.556062,0.556062,62.0,64.0,0.061685,0.001076,0.060609,23.0,11.0,12.0,0.0,0.0,0.0,0.0,0.0,-0.0,56986.453125,44412.316406,12574.137695,0.0,0.0,39.563934,17.983606,19.781967,0.0,0.0,0.0,0.0,0.0,0.0,0.0,0.0,0.0,0.0,0.0,0.0,0.0,0.0,0.0,1.0,0.0,0.0,0.0,0.0,0.0,0.0,0.0,0.0,0.0,0.0,0.0,0.0,0.0,0.0,0.0,0.0,5.0
4510.0,3557.0,953.0,0.0,0.0,323.363647,79.416664,64256.0,31872.0,0.570204,1721542656.0,0.570204,0.0,0.570204,0.570204,0.570204,62.0,64.0,0.060917,0.000484,0.060433,23.0,11.0,12.0,0.0,0.0,0.0,0.0,0.0,-0.0,57635.511719,45373.234375,12262.277344,0.0,0.0,38.58268,17.537582,19.29134,0.0,0.0,0.0,0.0,0.0,0.0,0.0,0.0,0.0,0.0,0.0,0.0,0.0,0.0,0.0,1.0,0.0,0.0,0.0,0.0,0.0,0.0,0.0,0.0,0.0,0.0,0.0,0.0,0.0,0.0,0.0,0.0,5.0
4678.0,3725.0,953.0,0.0,0.0,338.636353,79.416664,64256.0,31872.0,0.557921,1721542656.0,0.557921,0.0,0.557921,0.557921,0.557921,62.0,64.0,0.061754,0.00107,0.060684,23.0,11.0,12.0,0.0,0.0,0.0,0.0,0.0,-0.0,61098.257812,48566.015625,12532.240234,0.0,0.0,39.432106,17.923685,19.716053,0.0,0.0,0.0,0.0,0.0,0.0,0.0,0.0,0.0,0.0,0.0,0.0,0.0,0.0,0.0,1.0,0.0,0.0,0.0,0.0,0.0,0.0,0.0,0.0,0.0,0.0,0.0,0.0,0.0,0.0,0.0,0.0,5.0
5050.0,3965.0,1085.0,0.0,0.0,330.416656,77.5,64256.0,31872.0,0.665111,1721542656.0,0.665111,0.0,0.665111,0.665111,0.665111,62.0,64.0,0.061792,0.000996,0.060796,26.0,12.0,14.0,0.0,0.0,0.0,0.0,0.0,-0.0,55846.316406,43722.023438,12124.291992,0.0,0.0,37.587711,16.538593,19.54561,0.0,0.0,0.0,0.0,0.0,0.0,0.0,0.0,0.0,0.0,0.0,0.0,0.0,0.0,0.0,1.0,0.0,0.0,0.0,0.0,0.0,0.0,0.0,0.0,0.0,0.0,0.0,0.0,0.0,0.0,0.0,0.0,5.0
5296.0,4211.0,1085.0,0.0,0.0,323.923065,77.5,64256.0,31872.0,0.664986,1721542656.0,0.664986,0.0,0.664986,0.664986,0.664986,62.0,64.0,0.062348,0.000975,0.061373,27.0,13.0,14.0,0.0,0.0,0.0,0.0,0.0,-0.0,58900.492188,46773.917969,12126.571289,0.0,0.0,39.098568,18.045492,19.549284,0.0,0.0,0.0,0.0,0.0,0.0,0.0,0.0,0.0,0.0,0.0,0.0,0.0,0.0,0.0,1.0,0.0,0.0,0.0,0.0,0.0,0.0,0.0,0.0,0.0,0.0,0.0,0.0,0.0,0.0,0.0,0.0,5.0
5416.0,4331.0,1085.0,0.0,0.0,360.916656,77.5,64256.0,31872.0,0.663775,1721542656.0,0.663775,0.0,0.663775,0.663775,0.663775,62.0,64.0,0.061145,0.001483,0.059662,26.0,12.0,14.0,0.0,0.0,0.0,0.0,0.0,-0.0,60008.285156,47859.589844,12148.694336,0.0,0.0,37.663364,16.57188,19.584949,0.0,0.0,0.0,0.0,0.0,0.0,0.0,0.0,0.0,0.0,0.0,0.0,0.0,0.0,0.0,1.0,0.0,0.0,0.0,0.0,0.0,0.0,0.0,0.0,0.0,0.0,0.0,0.0,0.0,0.0,0.0,0.0,5.0
5608.0,4523.0,1085.0,0.0,0.0,376.916656,77.5,64256.0,31872.0,0.649482,1721542656.0,0.649482,0.0,0.649482,0.649482,0.649482,62.0,64.0,0.04746,0.0,0.04746,26.0,12.0,14.0,0.0,0.0,0.0,0.0,0.0,-0.0,63496.753906,51080.707031,12416.047852,0.0,0.0,38.492214,16.936573,20.015951,0.0,0.0,0.0,0.0,0.0,0.0,0.0,0.0,0.0,0.0,0.0,0.0,0.0,0.0,0.0,1.0,0.0,0.0,0.0,0.0,0.0,0.0,0.0,0.0,0.0,0.0,0.0,0.0,0.0,0.0,0.0,0.0,5.0
5806.0,4721.0,1085.0,0.0,0.0,393.416656,77.5,64256.0,31872.0,0.570449,1721542656.0,0.570449,0.0,0.570449,0.570449,0.570449,62.0,64.0,0.061622,0.000587,0.061035,26.0,12.0,14.0,0.0,0.0,0.0,0.0,0.0,-0.0,74832.28125,60696.046875,14136.233398,0.0,0.0,43.825127,19.283056,22.789066,0.0,0.0,0.0,0.0,0.0,0.0,0.0,0.0,0.0,0.0,0.0,0.0,0.0,0.0,0.0,1.0,0.0,0.0,0.0,0.0,0.0,0.0,0.0,0.0,0.0,0.0,0.0,0.0,0.0,0.0,0.0,0.0,5.0
6010.0,4925.0,1085.0,0.0,0.0,410.416656,77.5,64256.0,31872.0,0.571539,1721542656.0,0.571539,0.0,0.571539,0.571539,0.571539,62.0,64.0,0.061263,0.000501,0.060762,26.0,12.0,14.0,0.0,0.0,0.0,0.0,0.0,-0.0,77307.0625,63197.789062,14109.273438,0.0,0.0,43.741547,19.246281,22.745605,0.0,0.0,0.0,0.0,0.0,0.0,0.0,0.0,0.0,0.0,0.0,0.0,0.0,0.0,0.0,1.0,0.0,0.0,0.0,0.0,0.0,0.0,0.0,0.0,0.0,0.0,0.0,0.0,0.0,0.0,0.0,0.0,5.0
6220.0,5135.0,1085.0,0.0,0.0,427.916656,77.5,64256.0,31872.0,0.571504,1721542656.0,0.571504,0.0,0.571504,0.571504,0.571504,62.0,64.0,0.06272,0.0005,0.06222,26.0,12.0,14.0,0.0,0.0,0.0,0.0,0.0,-0.0,80013.445312,65903.304688,14110.137695,0.0,0.0,43.744225,19.247459,22.746998,0.0,0.0,0.0,0.0,0.0,0.0,0.0,0.0,0.0,0.0,0.0,0.0,0.0,0.0,0.0,1.0,0.0,0.0,0.0,0.0,0.0,0.0,0.0,0.0,0.0,0.0,0.0,0.0,0.0,0.0,0.0,0.0,5.0
6436.0,5417.0,1019.0,0.0,0.0,416.692322,78.384613,64256.0,31872.0,0.633191,1721542656.0,0.633191,0.0,0.633191,0.633191,0.633191,62.0,64.0,0.061086,0.000498,0.060588,26.0,13.0,13.0,0.0,0.0,0.0,0.0,0.0,-0.0,75073.71875,63184.726562,11888.988281,0.0,0.0,39.482559,18.951628,18.951628,0.0,0.0,0.0,0.0,0.0,0.0,0.0,0.0,0.0,0.0,0.0,0.0,0.0,0.0,0.0,1.0,0.0,0.0,0.0,0.0,0.0,0.0,0.0,0.0,0.0,0.0,0.0,0.0,0.0,0.0,0.0,0.0,5.0
6810.0,5717.0,1093.0,0.0,0.0,408.357147,78.071426,64256.0,31872.0,4.680835,1721542656.0,4.680835,0.0,4.680835,4.680835,4.680835,62.0,64.0,0.169233,0.00084,0.168393,28.0,14.0,14.0,0.0,0.0,1.0,0.0,1.0,-0.0,10808.329102,9073.595703,1734.733276,3.448276,0.0,5.768202,2.777282,2.777282,0.0,1.0,0.0,0.0,0.0,0.0,0.0,0.0,0.0,0.0,0.0,0.0,0.0,0.0,0.0,1.0,0.0,0.0,0.0,0.0,0.0,0.0,0.0,0.0,0.0,0.0,0.0,0.0,0.0,0.0,0.0,1.0,5.0
6886.0,5867.0,1019.0,0.0,0.0,451.307678,78.384613,64256.0,31872.0,0.447234,1721542656.0,0.447234,0.0,0.447234,0.447234,0.447234,62.0,64.0,0.044812,0.000496,0.044316,26.0,13.0,13.0,0.0,0.0,0.0,0.0,0.0,-0.0,113712.28125,96879.929688,16832.351562,0.0,0.0,55.899147,26.831591,26.831591,0.0,0.0,0.0,0.0,0.0,0.0,0.0,0.0,0.0,0.0,0.0,0.0,0.0,0.0,0.0,1.0,0.0,0.0,0.0,0.0,0.0,0.0,0.0,0.0,0.0,0.0,0.0,0.0,0.0,0.0,0.0,0.0,5.0
7120.0,6101.0,1019.0,0.0,0.0,469.307678,78.384613,64256.0,31872.0,0.818022,1721542656.0,0.818022,0.0,0.818022,0.818022,0.818022,62.0,64.0,0.091261,0.000503,0.090758,26.0,13.0,13.0,0.0,0.0,0.0,0.0,0.0,-0.0,64281.890625,55079.203125,9202.686523,0.0,0.0,30.561525,14.669532,14.669532,0.0,0.0,0.0,0.0,0.0,0.0,0.0,0.0,0.0,0.0,0.0,0.0,0.0,0.0,0.0,1.0,0.0,0.0,0.0,0.0,0.0,0.0,0.0,0.0,0.0,0.0,0.0,0.0,0.0,0.0,0.0,0.0,5.0
7360.0,6341.0,1019.0,0.0,0.0,487.769226,78.384613,64256.0,31872.0,0.634257,1721542656.0,0.634257,0.0,0.634257,0.634257,0.634257,62.0,64.0,0.061819,0.000499,0.06132,26.0,13.0,13.0,0.0,0.0,0.0,0.0,0.0,-0.0,85706.585938,73837.578125,11869.005859,0.0,0.0,39.416199,18.919775,18.919775,0.0,0.0,0.0,0.0,0.0,0.0,0.0,0.0,0.0,0.0,0.0,0.0,0.0,0.0,0.0,1.0,0.0,0.0,0.0,0.0,0.0,0.0,0.0,0.0,0.0,0.0,0.0,0.0,0.0,0.0,0.0,0.0,5.0
7606.0,6587.0,1019.0,0.0,0.0,506.692322,78.384613,64256.0,31872.0,0.66332,1721542656.0,0.66332,0.0,0.66332,0.66332,0.66332,62.0,64.0,0.047625,0.0,0.047625,26.0,13.0,13.0,0.0,0.0,0.0,0.0,0.0,-0.0,84689.132812,73340.164062,11348.97168,0.0,0.0,37.689201,18.090816,18.090816,0.0,0.0,0.0,0.0,0.0,0.0,0.0,0.0,0.0,0.0,0.0,0.0,0.0,0.0,0.0,1.0,0.0,0.0,0.0,0.0,0.0,0.0,0.0,0.0,0.0,0.0,0.0,0.0,0.0,0.0,0.0,0.0,5.0
8056.0,6905.0,1151.0,0.0,0.0,493.214294,76.73333,64256.0,31872.0,0.556038,1721542656.0,0.556038,0.0,0.556038,0.556038,0.556038,62.0,64.0,0.062101,0.00089,0.061211,29.0,14.0,15.0,0.0,0.0,0.0,0.0,0.0,-0.0,107719.25,92252.6875,15466.568359,0.0,0.0,50.35627,23.379696,25.178135,0.0,0.0,0.0,0.0,0.0,0.0,0.0,0.0,0.0,0.0,0.0,0.0,0.0,0.0,0.0,1.0,0.0,0.0,0.0,0.0,0.0,0.0,0.0,0.0,0.0,0.0,0.0,0.0,0.0,0.0,0.0,0.0,5.0
8314.0,7163.0,1151.0,0.0,0.0,511.642853,76.73333,64256.0,31872.0,0.663212,1721542656.0,0.663212,0.0,0.663212,0.663212,0.663212,62.0,64.0,0.061493,0.001144,0.060349,29.0,14.0,15.0,0.0,0.0,0.0,0.0,0.0,-0.0,93207.0,80239.804688,12967.196289,0.0,0.0,42.218777,19.601576,21.109388,0.0,0.0,0.0,0.0,0.0,0.0,0.0,0.0,0.0,0.0,0.0,0.0,0.0,0.0,0.0,1.0,0.0,0.0,0.0,0.0,0.0,0.0,0.0,0.0,0.0,0.0,0.0,0.0,0.0,0.0,0.0,0.0,5.0
8578.0,7427.0,1151.0,0.0,0.0,530.5,76.73333,64256.0,31872.0,0.67886,1721542656.0,0.67886,0.0,0.67886,0.67886,0.67886,62.0,64.0,0.060517,0.0,0.060517,29.0,14.0,15.0,0.0,0.0,0.0,0.0,0.0,-0.0,93945.734375,81277.4375,12668.296875,0.0,0.0,41.245617,19.149752,20.622808,0.0,0.0,0.0,0.0,0.0,0.0,0.0,0.0,0.0,0.0,0.0,0.0,0.0,0.0,0.0,1.0,0.0,0.0,0.0,0.0,0.0,0.0,0.0,0.0,0.0,0.0,0.0,0.0,0.0,0.0,0.0,0.0,5.0
8914.0,7763.0,1151.0,0.0,0.0,517.533325,76.73333,64256.0,31872.0,0.543438,1721542656.0,0.543438,0.0,0.543438,0.543438,0.543438,62.0,64.0,0.061852,0.000453,0.061399,30.0,15.0,15.0,0.0,0.0,0.0,0.0,0.0,-0.0,122494.1875,106669.015625,15825.171875,0.0,0.0,53.363953,25.761908,25.761908,0.0,0.0,0.0,0.0,0.0,0.0,0.0,0.0,0.0,0.0,0.0,0.0,0.0,0.0,0.0,1.0,0.0,0.0,0.0,0.0,0.0,0.0,0.0,0.0,0.0,0.0,0.0,0.0,0.0,0.0,0.0,0.0,5.0
9124.0,7973.0,1151.0,0.0,0.0,569.5,76.73333,64256.0,31872.0,0.569881,1721542656.0,0.569881,0.0,0.569881,0.569881,0.569881,62.0,64.0,0.060374,0.0005,0.059874,29.0,14.0,15.0,0.0,0.0,0.0,0.0,0.0,-0.0,119028.351562,103937.484375,15090.869141,0.0,0.0,49.133064,22.811779,24.566532,0.0,0.0,0.0,0.0,0.0,0.0,0.0,0.0,0.0,0.0,0.0,0.0,0.0,0.0,0.0,1.0,0.0,0.0,0.0,0.0,0.0,0.0,0.0,0.0,0.0,0.0,0.0,0.0,0.0,0.0,0.0,0.0,5.0
9406.0,8255.0,1151.0,0.0,0.0,589.642883,76.73333,64256.0,31872.0,0.573148,1721542656.0,0.573148,0.0,0.573148,0.573148,0.573148,62.0,64.0,0.062163,0.000563,0.0616,29.0,14.0,15.0,0.0,0.0,0.0,0.0,0.0,-0.0,122006.875,107002.03125,15004.849609,0.0,0.0,48.853001,22.681749,24.4265,0.0,0.0,0.0,0.0,0.0,0.0,0.0,0.0,0.0,0.0,0.0,0.0,0.0,0.0,0.0,1.0,0.0,0.0,0.0,0.0,0.0,0.0,0.0,0.0,0.0,0.0,0.0,0.0,0.0,0.0,0.0,0.0,5.0
9694.0,8609.0,1085.0,0.0,0.0,573.93335,77.5,64256.0,31872.0,0.664602,1721542656.0,0.664602,0.0,0.664602,0.664602,0.664602,62.0,64.0,0.060937,0.0005,0.060437,29.0,15.0,14.0,0.0,0.0,0.0,0.0,0.0,-0.0,108865.15625,96731.578125,12133.578125,0.0,0.0,42.130478,21.065239,19.560579,0.0,0.0,0.0,0.0,0.0,0.0,0.0,0.0,0.0,0.0,0.0,0.0,0.0,0.0,0.0,1.0,0.0,0.0,0.0,0.0,0.0,0.0,0.0,0.0,0.0,0.0,0.0,0.0,0.0,0.0,0.0,0.0,5.0
9988.0,8903.0,1085.0,0.0,0.0,593.533325,77.5,64256.0,31872.0,0.57099,1721542656.0,0.57099,0.0,0.57099,0.57099,0.57099,62.0,64.0,0.061134,0.000496,0.060638,29.0,15.0,14.0,0.0,0.0,0.0,0.0,0.0,-0.0,130552.195312,116429.351562,14122.838867,0.0,0.0,49.037636,24.518818,22.767473,0.0,0.0,0.0,0.0,0.0,0.0,0.0,0.0,0.0,0.0,0.0,0.0,0.0,0.0,0.0,1.0,0.0,0.0,0.0,0.0,0.0,0.0,0.0,0.0,0.0,0.0,0.0,0.0,0.0,0.0,0.0,0.0,5.0
10288.0,9203.0,1085.0,0.0,0.0,613.533325,77.5,64256.0,31872.0,0.771662,1721542656.0,0.771662,0.0,0.771662,0.771662,0.771662,62.0,64.0,0.060898,0.0,0.060898,29.0,15.0,14.0,0.0,0.0,0.0,0.0,0.0,-0.0,99504.703125,89054.53125,10450.170898,0.0,0.0,36.285316,18.142658,16.846754,0.0,0.0,0.0,0.0,0.0,0.0,0.0,0.0,0.0,0.0,0.0,0.0,0.0,0.0,0.0,1.0,0.0,0.0,0.0,0.0,0.0,0.0,0.0,0.0,0.0,0.0,0.0,0.0,0.0,0.0,0.0,0.0,5.0
10594.0,9509.0,1085.0,0.0,0.0,633.93335,77.5,64256.0,31872.0,0.662228,1721542656.0,0.662228,0.0,0.662228,0.662228,0.662228,62.0,64.0,0.061337,0.000497,0.06084,29.0,15.0,14.0,0.0,0.0,0.0,0.0,0.0,-0.0,119402.984375,107225.914062,12177.075195,0.0,0.0,42.281509,21.140755,19.630701,0.0,0.0,0.0,0.0,0.0,0.0,0.0,0.0,0.0,0.0,0.0,0.0,0.0,0.0,0.0,1.0,0.0,0.0,0.0,0.0,0.0,0.0,0.0,0.0,0.0,0.0,0.0,0.0,0.0,0.0,0.0,0.0,5.0
11104.0,9887.0,1217.0,0.0,0.0,617.9375,76.0625,64256.0,31872.0,0.557888,1721542656.0,0.557888,0.0,0.557888,0.557888,0.557888,62.0,64.0,0.062279,0.001551,0.060728,32.0,16.0,16.0,0.0,0.0,0.0,0.0,0.0,-0.0,149291.609375,132929.90625,16361.708008,0.0,0.0,55.566711,26.887119,26.887119,0.0,0.0,0.0,0.0,0.0,0.0,0.0,0.0,0.0,0.0,0.0,0.0,0.0,0.0,0.0,1.0,0.0,0.0,0.0,0.0,0.0,0.0,0.0,0.0,0.0,0.0,0.0,0.0,0.0,0.0,0.0,0.0,5.0
11671.0,10349.0,1322.0,0.0,0.0,574.944458,77.764709,64256.0,31872.0,1.896847,1721542656.0,1.896847,0.0,1.896847,1.896847,1.896847,62.0,64.0,0.15469,0.000451,0.154239,35.0,18.0,17.0,0.0,0.0,1.0,0.0,1.0,-0.0,46477.128906,41226.308594,5250.818848,2.777778,0.0,17.924482,8.962241,8.43505,0.0,1.0,0.0,0.0,0.0,0.0,0.0,0.0,0.0,0.0,0.0,0.0,0.0,0.0,0.0,1.0,0.0,0.0,0.0,0.0,0.0,0.0,0.0,0.0,0.0,0.0,0.0,0.0,0.0,0.0,0.0,1.0,5.0
11614.0,10529.0,1085.0,0.0,0.0,658.0625,77.5,64256.0,31872.0,2.081776,1721542656.0,2.081776,0.0,2.081776,2.081776,2.081776,62.0,64.0,0.154955,0.0,0.154955,30.0,16.0,14.0,0.0,0.0,0.0,0.0,0.0,-0.0,41806.613281,37932.996094,3873.615723,0.0,0.0,13.930414,7.205387,6.244668,0.0,0.0,0.0,0.0,0.0,0.0,0.0,0.0,0.0,0.0,0.0,0.0,0.0,0.0,0.0,1.0,0.0,0.0,0.0,0.0,0.0,0.0,0.0,0.0,0.0,0.0,0.0,0.0,0.0,0.0,0.0,0.0,5.0
11944.0,10859.0,1085.0,0.0,0.0,678.6875,77.5,64256.0,31872.0,1.359269,1721542656.0,1.359269,0.0,1.359269,1.359269,1.359269,62.0,64.0,0.170788,0.000906,0.169882,30.0,16.0,14.0,0.0,0.0,0.0,0.0,0.0,-0.0,65853.039062,59920.441406,5932.600586,0.0,0.0,21.334997,11.035343,9.563964,0.0,0.0,0.0,0.0,0.0,0.0,0.0,0.0,0.0,0.0,0.0,0.0,0.0,0.0,0.0,1.0,0.0,0.0,0.0,0.0,0.0,0.0,0.0,0.0,0.0,0.0,0.0,0.0,0.0,0.0,0.0,0.0,5.0
12280.0,11195.0,1085.0,0.0,0.0,699.6875,77.5,64256.0,31872.0,1.375638,1721542656.0,1.375638,0.0,1.375638,1.375638,1.375638,62.0,64.0,0.169002,0.0,0.169002,30.0,16.0,14.0,0.0,0.0,0.0,0.0,0.0,-0.0,66901.320312,61039.3125,5862.007324,0.0,0.0,21.081127,10.904032,9.450161,0.0,0.0,0.0,0.0,0.0,0.0,0.0,0.0,0.0,0.0,0.0,0.0,0.0,0.0,0.0,1.0,0.0,0.0,0.0,0.0,0.0,0.0,0.0,0.0,0.0,0.0,0.0,0.0,0.0,0.0,0.0,0.0,5.0
12754.0,11603.0,1151.0,0.0,0.0,682.529419,76.73333,64256.0,31872.0,1.386686,1721542656.0,1.386686,0.0,1.386686,1.386686,1.386686,62.0,64.0,0.168441,0.0,0.168441,32.0,17.0,15.0,0.0,0.0,0.0,0.0,0.0,-0.0,69206.726562,63004.890625,6201.836914,0.0,0.0,22.355457,11.538301,10.096013,0.0,0.0,0.0,0.0,0.0,0.0,0.0,0.0,0.0,0.0,0.0,0.0,0.0,0.0,0.0,1.0,0.0,0.0,0.0,0.0,0.0,0.0,0.0,0.0,0.0,0.0,0.0,0.0,0.0,0.0,0.0,0.0,5.0
13102.0,11951.0,1151.0,0.0,0.0,703.0,76.73333,64256.0,31872.0,1.153738,1721542656.0,1.153738,0.0,1.153738,1.153738,1.153738,62.0,64.0,0.107514,0.000522,0.106992,32.0,17.0,15.0,0.0,0.0,0.0,0.0,0.0,-0.0,85447.476562,77993.445312,7454.031738,0.0,0.0,26.869184,13.867967,12.134471,0.0,0.0,0.0,0.0,0.0,0.0,0.0,0.0,0.0,0.0,0.0,0.0,0.0,0.0,0.0,1.0,0.0,0.0,0.0,0.0,0.0,0.0,0.0,0.0,0.0,0.0,0.0,0.0,0.0,0.0,0.0,0.0,5.0
13740.0,12449.0,1291.0,0.0,0.0,655.21051,75.941177,64256.0,31872.0,1.352343,1721542656.0,1.352343,0.0,1.352343,1.352343,1.352343,62.0,64.0,0.168293,0.0,0.168293,36.0,19.0,17.0,0.0,0.0,1.0,0.0,1.0,-0.0,76962.726562,69769.28125,7193.441406,2.702703,0.0,25.881008,13.310233,11.831318,0.0,1.0,0.0,0.0,0.0,0.0,0.0,0.0,0.0,0.0,0.0,0.0,0.0,0.0,0.0,1.0,0.0,0.0,0.0,0.0,0.0,0.0,0.0,0.0,0.0,0.0,0.0,0.0,0.0,0.0,0.0,1.0,5.0
13816.0,12665.0,1151.0,0.0,0.0,745.0,76.73333,64256.0,31872.0,0.556038,1721542656.0,0.556038,0.0,0.556038,0.556038,0.556038,62.0,64.0,0.06155,0.0,0.06155,32.0,17.0,15.0,0.0,0.0,0.0,0.0,0.0,-0.0,186965.625,171499.0625,15466.568359,0.0,0.0,55.751583,28.775011,25.178135,0.0,0.0,0.0,0.0,0.0,0.0,0.0,0.0,0.0,0.0,0.0,0.0,0.0,0.0,0.0,1.0,0.0,0.0,0.0,0.0,0.0,0.0,0.0,0.0,0.0,0.0,0.0,0.0,0.0,0.0,0.0,0.0,5.0
14380.0,13097.0,1283.0,0.0,0.0,727.611084,75.470589,64256.0,31872.0,0.692104,1721542656.0,0.692104,0.0,0.692104,0.692104,0.692104,62.0,64.0,0.060677,0.000768,0.059909,35.0,18.0,17.0,0.0,0.0,0.0,0.0,0.0,-0.0,156947.515625,142984.296875,13963.219727,0.0,0.0,49.125565,24.562782,23.117914,0.0,0.0,0.0,0.0,0.0,0.0,0.0,0.0,0.0,0.0,0.0,0.0,0.0,0.0,0.0,1.0,0.0,0.0,0.0,0.0,0.0,0.0,0.0,0.0,0.0,0.0,0.0,0.0,0.0,0.0,0.0,0.0,5.0
14267.0,13331.0,936.0,0.0,0.0,833.1875,78.0,64256.0,31872.0,0.409276,1721542656.0,0.409276,0.0,0.409276,0.409276,0.409276,62.0,64.0,0.061613,0.000564,0.061049,28.0,16.0,12.0,0.0,0.0,0.0,0.0,0.0,-0.0,261065.875,244294.796875,16771.078125,0.0,0.0,65.970154,36.650085,26.876728,0.0,0.0,0.0,0.0,0.0,0.0,0.0,0.0,0.0,0.0,0.0,0.0,0.0,0.0,0.0,0.0,0.0,0.0,0.0,0.0,0.0,0.0,0.0,0.0,0.0,1.0,0.0,0.0,0.0,0.0,0.0,0.0,5.0
485.0,138.0,347.0,0.0,0.0,69.0,69.400002,64256.0,31872.0,0.04732,1721542656.0,0.04732,0.0,0.04732,0.04732,0.04732,62.0,64.0,0.061613,0.000564,0.061049,7.0,2.0,5.0,0.0,0.0,0.0,0.0,0.0,-0.0,58664.410156,11665.257812,46999.152344,0.0,0.0,126.79628,21.132713,84.530853,0.0,0.0,0.0,0.0,1.0,0.0,0.0,0.0,0.0,0.0,0.0,1.0,0.0,0.0,0.0,0.0,0.0,0.0,0.0,0.0,0.0,0.0,0.0,0.0,0.0,0.0,0.0,0.0,0.0,0.0,0.0,0.0,5.0
15130.0,13847.0,1283.0,0.0,0.0,769.277771,75.470589,64256.0,31872.0,0.525893,1721542656.0,0.525893,0.0,0.525893,0.525893,0.525893,62.0,64.0,0.046206,0.000489,0.045717,35.0,18.0,17.0,0.0,0.0,0.0,0.0,0.0,-0.0,217321.78125,198945.421875,18376.363281,0.0,0.0,64.651939,32.32597,30.424442,0.0,0.0,0.0,0.0,0.0,0.0,0.0,0.0,0.0,0.0,0.0,0.0,0.0,0.0,0.0,1.0,0.0,0.0,0.0,0.0,0.0,0.0,0.0,0.0,0.0,0.0,0.0,0.0,0.0,0.0,0.0,0.0,5.0
15382.0,14231.0,1151.0,0.0,0.0,790.611084,76.73333,64256.0,31872.0,1.677065,1721542656.0,1.677065,0.0,1.677065,1.677065,1.677065,62.0,64.0,0.153455,0.0,0.153455,33.0,18.0,15.0,0.0,0.0,0.0,0.0,0.0,-0.0,69244.78125,64116.773438,5128.006348,0.0,0.0,19.080954,10.136757,8.347918,0.0,0.0,0.0,0.0,0.0,0.0,0.0,0.0,0.0,0.0,0.0,0.0,0.0,0.0,0.0,1.0,0.0,0.0,0.0,0.0,0.0,0.0,0.0,0.0,0.0,0.0,0.0,0.0,0.0,0.0,0.0,0.0,5.0
16084.0,14687.0,1397.0,0.0,0.0,773.0,77.611115,64256.0,31872.0,2.004775,1721542656.0,2.004775,0.0,2.004775,2.004775,2.004775,62.0,64.0,0.167966,0.000739,0.167227,37.0,19.0,18.0,0.0,0.0,1.0,1.0,0.0,-0.0,60790.859375,55523.4375,5267.423828,2.631579,0.0,17.957127,8.978563,8.479754,0.0,0.0,0.0,1.0,0.0,0.0,0.0,0.0,0.0,0.0,0.0,0.0,0.0,0.0,0.0,1.0,0.0,0.0,0.0,0.0,0.0,0.0,0.0,0.0,0.0,0.0,0.0,0.0,0.0,0.0,0.0,1.0,5.0
16300.0,15083.0,1217.0,0.0,0.0,793.842102,76.0625,64256.0,31872.0,1.328084,1721542656.0,1.328084,0.0,1.328084,1.328084,1.328084,62.0,64.0,0.155825,0.000503,0.155322,35.0,19.0,16.0,0.0,0.0,0.0,0.0,0.0,-0.0,92951.953125,86078.890625,6873.059082,0.0,0.0,25.60079,13.55336,11.294466,0.0,0.0,0.0,0.0,0.0,0.0,0.0,0.0,0.0,0.0,0.0,0.0,0.0,0.0,0.0,1.0,0.0,0.0,0.0,0.0,0.0,0.0,0.0,0.0,0.0,0.0,0.0,0.0,0.0,0.0,0.0,0.0,5.0
16702.0,15485.0,1217.0,0.0,0.0,815.0,76.0625,64256.0,31872.0,0.557655,1721542656.0,0.557655,0.0,0.557655,0.557655,0.557655,62.0,64.0,0.060976,0.000498,0.060478,35.0,19.0,16.0,0.0,0.0,0.0,0.0,0.0,-0.0,226821.25,210452.703125,16368.543945,0.0,0.0,60.969597,32.278023,26.898352,0.0,0.0,0.0,0.0,0.0,0.0,0.0,0.0,0.0,0.0,0.0,0.0,0.0,0.0,0.0,1.0,0.0,0.0,0.0,0.0,0.0,0.0,0.0,0.0,0.0,0.0,0.0,0.0,0.0,0.0,0.0,0.0,5.0
17308.0,15959.0,1349.0,0.0,0.0,797.950012,74.944443,64256.0,31872.0,0.554713,1721542656.0,0.554713,0.0,0.554713,0.554713,0.554713,62.0,64.0,0.062292,0.000477,0.061815,38.0,20.0,18.0,0.0,0.0,0.0,0.0,0.0,-0.0,237052.3125,218664.421875,18387.886719,0.0,0.0,66.701157,34.251945,30.646479,0.0,0.0,0.0,0.0,0.0,0.0,0.0,0.0,0.0,0.0,0.0,0.0,0.0,0.0,0.0,1.0,0.0,0.0,0.0,0.0,0.0,0.0,0.0,0.0,0.0,0.0,0.0,0.0,0.0,0.0,0.0,0.0,5.0
17664.0,16373.0,1291.0,0.0,0.0,818.650024,75.941177,64256.0,31872.0,2.884411,1721542656.0,2.884411,0.0,2.884411,2.884411,2.884411,62.0,64.0,0.147875,0.001015,0.14686,37.0,20.0,17.0,0.0,0.0,1.0,0.0,1.0,-0.0,46514.867188,43142.253906,3372.612061,2.631579,0.0,12.480884,6.587133,5.54706,0.0,1.0,0.0,0.0,0.0,0.0,0.0,0.0,0.0,0.0,0.0,0.0,0.0,0.0,0.0,1.0,0.0,0.0,0.0,0.0,0.0,0.0,0.0,0.0,0.0,0.0,0.0,0.0,0.0,0.0,0.0,0.0,5.0
18010.0,16793.0,1217.0,0.0,0.0,839.650024,76.0625,64256.0,31872.0,4.714942,1721542656.0,4.714942,0.0,4.714942,4.714942,4.714942,62.0,64.0,0.170295,0.000981,0.169314,36.0,20.0,16.0,0.0,0.0,0.0,0.0,0.0,-0.0,29005.658203,27069.685547,1935.9729,0.0,0.0,7.423209,4.029742,3.181375,0.0,0.0,0.0,0.0,0.0,0.0,0.0,0.0,0.0,0.0,0.0,0.0,0.0,0.0,0.0,1.0,0.0,0.0,0.0,0.0,0.0,0.0,0.0,0.0,0.0,0.0,0.0,0.0,0.0,0.0,0.0,0.0,5.0
18856.0,17219.0,1637.0,0.0,0.0,860.950012,74.409088,64256.0,31872.0,2.175036,1721542656.0,2.175036,0.0,2.175036,2.175036,2.175036,62.0,64.0,0.168742,0.001071,0.167671,42.0,20.0,22.0,0.0,0.0,1.0,1.0,0.0,-0.0,65918.914062,60170.039062,5748.870605,2.325581,0.0,18.850264,8.735488,9.655013,0.0,0.0,0.0,1.0,0.0,0.0,0.0,0.0,0.0,0.0,0.0,0.0,0.0,0.0,0.0,1.0,0.0,0.0,0.0,0.0,0.0,0.0,0.0,0.0,0.0,0.0,0.0,0.0,0.0,0.0,0.0,1.0,5.0
19000.0,17717.0,1283.0,0.0,0.0,843.666687,75.470589,64256.0,31872.0,1.495845,1721542656.0,1.495845,0.0,1.495845,1.495845,1.495845,62.0,64.0,0.169125,0.0,0.169125,38.0,21.0,17.0,0.0,0.0,0.0,0.0,0.0,-0.0,96705.210938,90244.648438,6460.5625,0.0,0.0,24.735184,13.37037,10.696296,0.0,0.0,0.0,0.0,0.0,0.0,0.0,0.0,0.0,0.0,0.0,0.0,0.0,0.0,0.0,1.0,0.0,0.0,0.0,0.0,0.0,0.0,0.0,0.0,0.0,0.0,0.0,0.0,0.0,0.0,0.0,0.0,5.0
19438.0,18155.0,1283.0,0.0,0.0,864.523804,75.470589,64256.0,31872.0,1.216025,1721542656.0,1.216025,0.0,1.216025,1.216025,1.216025,62.0,64.0,0.169767,0.000964,0.168803,38.0,21.0,17.0,0.0,0.0,0.0,0.0,0.0,-0.0,121701.445312,113754.242188,7947.205078,0.0,0.0,30.427006,16.447031,13.157624,0.0,0.0,0.0,0.0,0.0,0.0,0.0,0.0,0.0,0.0,0.0,0.0,0.0,0.0,0.0,1.0,0.0,0.0,0.0,0.0,0.0,0.0,0.0,0.0,0.0,0.0,0.0,0.0,0.0,0.0,0.0,0.0,5.0
19882.0,18599.0,1283.0,0.0,0.0,885.666687,75.470589,64256.0,31872.0,0.564725,1721542656.0,0.564725,0.0,0.564725,0.564725,0.564725,62.0,64.0,0.061832,0.000994,0.060838,38.0,21.0,17.0,0.0,0.0,0.0,0.0,0.0,-0.0,268052.59375,250939.84375,17112.753906,0.0,0.0,65.518616,35.41547,28.332375,0.0,0.0,0.0,0.0,0.0,0.0,0.0,0.0,0.0,0.0,0.0,0.0,0.0,0.0,0.0,1.0,0.0,0.0,0.0,0.0,0.0,0.0,0.0,0.0,0.0,0.0,0.0,0.0,0.0,0.0,0.0,0.0,5.0
20398.0,19115.0,1283.0,0.0,0.0,868.863647,75.470589,64256.0,31872.0,1.479528,1721542656.0,1.479528,0.0,1.479528,1.479528,1.479528,62.0,64.0,0.167754,0.004663,0.163091,39.0,22.0,17.0,0.0,0.0,0.0,0.0,0.0,-0.0,105195.710938,98663.898438,6531.812988,0.0,0.0,25.683868,14.193716,10.81426,0.0,0.0,0.0,0.0,0.0,0.0,0.0,0.0,0.0,0.0,0.0,0.0,0.0,0.0,0.0,1.0,0.0,0.0,0.0,0.0,0.0,0.0,0.0,0.0,0.0,0.0,0.0,0.0,0.0,0.0,0.0,0.0,5.0
20928.0,19571.0,1357.0,0.0,0.0,889.590881,75.388885,64256.0,31872.0,2.57347,1721542656.0,2.57347,0.0,2.57347,2.57347,2.57347,62.0,64.0,0.169271,0.000989,0.168282,40.0,22.0,18.0,0.0,0.0,1.0,0.0,1.0,-0.0,62060.949219,58075.667969,3985.280273,2.439024,0.0,15.154634,8.160188,6.605866,0.0,1.0,0.0,0.0,0.0,0.0,0.0,0.0,0.0,0.0,0.0,0.0,0.0,0.0,0.0,1.0,0.0,0.0,0.0,0.0,0.0,0.0,0.0,0.0,0.0,0.0,0.0,0.0,0.0,0.0,0.0,0.0,5.0
21496.0,20033.0,1463.0,0.0,0.0,910.590881,77.0,64256.0,31872.0,1.621158,1721542656.0,1.621158,0.0,1.621158,1.621158,1.621158,62.0,64.0,0.078643,0.000989,0.077654,41.0,22.0,19.0,0.0,0.0,1.0,1.0,0.0,-0.0,101206.671875,94367.109375,6839.555176,2.380952,0.0,24.673721,12.953704,11.103174,0.0,0.0,0.0,1.0,0.0,0.0,0.0,0.0,0.0,0.0,0.0,0.0,0.0,0.0,0.0,1.0,0.0,0.0,0.0,0.0,0.0,0.0,0.0,0.0,0.0,0.0,0.0,0.0,0.0,0.0,0.0,1.0,5.0
21916.0,20567.0,1349.0,0.0,0.0,894.217407,74.944443,64256.0,31872.0,1.529223,1721542656.0,1.529223,0.0,1.529223,1.529223,1.529223,62.0,64.0,0.168538,0.000498,0.16804,41.0,23.0,18.0,0.0,0.0,0.0,0.0,0.0,-0.0,109587.679688,102917.625,6670.054199,0.0,0.0,26.157076,14.386392,11.116757,0.0,0.0,0.0,0.0,0.0,0.0,0.0,0.0,0.0,0.0,0.0,0.0,0.0,0.0,0.0,1.0,0.0,0.0,0.0,0.0,0.0,0.0,0.0,0.0,0.0,0.0,0.0,0.0,0.0,0.0,0.0,0.0,5.0
22534.0,21119.0,1415.0,0.0,0.0,879.958313,74.473686,64256.0,31872.0,1.173856,1721542656.0,1.173856,0.0,1.173856,1.173856,1.173856,62.0,64.0,0.061828,0.000503,0.061325,43.0,24.0,19.0,0.0,0.0,0.0,0.0,0.0,-0.0,147077.65625,137938.546875,9139.110352,0.0,0.0,35.779514,19.593544,15.334078,0.0,0.0,0.0,0.0,0.0,0.0,0.0,0.0,0.0,0.0,0.0,0.0,0.0,0.0,0.0,1.0,0.0,0.0,0.0,0.0,0.0,0.0,0.0,0.0,0.0,0.0,0.0,0.0,0.0,0.0,0.0,1.0,5.0
22870.0,21521.0,1349.0,0.0,0.0,935.695679,74.944443,64256.0,31872.0,1.451964,1721542656.0,1.451964,0.0,1.451964,1.451964,1.451964,62.0,64.0,0.155787,0.000543,0.155244,41.0,23.0,18.0,0.0,0.0,0.0,0.0,0.0,-0.0,120449.265625,113424.296875,7024.967285,0.0,0.0,27.548891,15.151891,11.708279,0.0,0.0,0.0,0.0,0.0,0.0,0.0,0.0,0.0,0.0,0.0,0.0,0.0,0.0,0.0,1.0,0.0,0.0,0.0,0.0,0.0,0.0,0.0,0.0,0.0,0.0,0.0,0.0,0.0,0.0,0.0,0.0,5.0
23422.0,22073.0,1349.0,0.0,0.0,919.708313,74.944443,64256.0,31872.0,0.569554,1721542656.0,0.569554,0.0,0.569554,0.569554,0.569554,62.0,64.0,0.061641,0.000982,0.060659,42.0,24.0,18.0,0.0,0.0,0.0,0.0,0.0,-0.0,315039.5,297130.75,17908.75,0.0,0.0,71.986153,40.382477,29.847918,0.0,0.0,0.0,0.0,0.0,0.0,0.0,0.0,0.0,0.0,0.0,0.0,0.0,0.0,0.0,1.0,0.0,0.0,0.0,0.0,0.0,0.0,0.0,0.0,0.0,0.0,0.0,0.0,0.0,0.0,0.0,0.0,5.0
24214.0,22565.0,1649.0,0.0,0.0,940.208313,74.954544,64256.0,31872.0,2.230441,1721542656.0,2.230441,0.0,2.230441,2.230441,2.230441,62.0,64.0,0.168752,0.000498,0.168254,46.0,24.0,22.0,0.0,0.0,1.0,1.0,0.0,-0.0,83212.242188,77563.132812,5649.106934,2.12766,0.0,20.175381,10.311862,9.415178,0.0,0.0,0.0,1.0,0.0,0.0,0.0,0.0,0.0,0.0,0.0,0.0,0.0,0.0,0.0,1.0,0.0,0.0,0.0,0.0,0.0,0.0,0.0,0.0,0.0,0.0,0.0,0.0,0.0,0.0,0.0,1.0,5.0
24630.0,23207.0,1423.0,0.0,0.0,892.576904,74.894737,64256.0,31872.0,4.794672,1721542656.0,4.794672,0.0,4.794672,4.794672,4.794672,62.0,64.0,0.16958,0.0,0.16958,45.0,26.0,19.0,0.0,0.0,1.0,0.0,1.0,-0.0,39483.828125,37232.996094,2250.831787,2.173913,0.0,9.176853,5.214121,3.754167,0.0,1.0,0.0,0.0,0.0,0.0,0.0,0.0,0.0,0.0,0.0,0.0,0.0,0.0,0.0,1.0,0.0,0.0,0.0,0.0,0.0,0.0,0.0,0.0,0.0,0.0,0.0,0.0,0.0,0.0,0.0,1.0,5.0
25048.0,23633.0,1415.0,0.0,0.0,945.320007,74.473686,64256.0,31872.0,1.52664,1721542656.0,1.52664,0.0,1.52664,1.52664,1.52664,62.0,64.0,0.169119,0.001454,0.167665,44.0,25.0,19.0,0.0,0.0,0.0,0.0,0.0,-0.0,125918.351562,118891.15625,7027.196777,0.0,0.0,28.16643,15.720798,11.790599,0.0,0.0,0.0,0.0,0.0,0.0,0.0,0.0,0.0,0.0,0.0,0.0,0.0,0.0,0.0,1.0,0.0,0.0,0.0,0.0,0.0,0.0,0.0,0.0,0.0,0.0,0.0,0.0,0.0,0.0,0.0,0.0,5.0
25558.0,24143.0,1415.0,0.0,0.0,965.719971,74.473686,64256.0,31872.0,1.52819,1721542656.0,1.52819,0.0,1.52819,1.52819,1.52819,62.0,64.0,0.170628,0.000496,0.170132,44.0,25.0,19.0,0.0,0.0,0.0,0.0,0.0,-0.0,128355.765625,121335.695312,7020.069336,0.0,0.0,28.137861,15.704853,11.77864,0.0,0.0,0.0,0.0,0.0,0.0,0.0,0.0,0.0,0.0,0.0,0.0,0.0,0.0,0.0,1.0,0.0,0.0,0.0,0.0,0.0,0.0,0.0,0.0,0.0,0.0,0.0,0.0,0.0,0.0,0.0,0.0,5.0
26074.0,24659.0,1415.0,0.0,0.0,986.359985,74.473686,64256.0,31872.0,1.527383,1721542656.0,1.527383,0.0,1.527383,1.527383,1.527383,62.0,64.0,0.169095,0.000959,0.168136,44.0,25.0,19.0,0.0,0.0,0.0,0.0,0.0,-0.0,131016.257812,123992.476562,7023.778809,0.0,0.0,28.152729,15.713152,11.784863,0.0,0.0,0.0,0.0,0.0,0.0,0.0,0.0,0.0,0.0,0.0,0.0,0.0,0.0,0.0,1.0,0.0,0.0,0.0,0.0,0.0,0.0,0.0,0.0,0.0,0.0,0.0,0.0,0.0,0.0,0.0,0.0,5.0
26794.0,25247.0,1547.0,0.0,0.0,971.038452,73.666664,64256.0,31872.0,0.630343,1721542656.0,0.630343,0.0,0.630343,0.630343,0.630343,62.0,64.0,0.061908,0.000584,0.061324,47.0,26.0,21.0,0.0,0.0,0.0,0.0,0.0,-0.0,326806.1875,308098.90625,18707.275391,0.0,0.0,72.976143,39.660946,31.728756,0.0,0.0,0.0,0.0,0.0,0.0,0.0,0.0,0.0,0.0,0.0,0.0,0.0,0.0,0.0,1.0,0.0,0.0,0.0,0.0,0.0,0.0,0.0,0.0,0.0,0.0,0.0,0.0,0.0,0.0,0.0,0.0,5.0
27190.0,25775.0,1415.0,0.0,0.0,991.34613,74.473686,64256.0,31872.0,0.586755,1721542656.0,0.586755,0.0,0.586755,0.586755,0.586755,62.0,64.0,0.062478,0.000495,0.061983,45.0,26.0,19.0,0.0,0.0,0.0,0.0,0.0,-0.0,356196.375,337912.78125,18283.611328,0.0,0.0,74.988708,42.607224,30.6772,0.0,0.0,0.0,0.0,0.0,0.0,0.0,0.0,0.0,0.0,0.0,0.0,0.0,0.0,0.0,1.0,0.0,0.0,0.0,0.0,0.0,0.0,0.0,0.0,0.0,0.0,0.0,0.0,0.0,0.0,0.0,0.0,5.0
27856.0,26309.0,1547.0,0.0,0.0,1011.884644,73.666664,64256.0,31872.0,0.638679,1721542656.0,0.638679,0.0,0.638679,0.638679,0.638679,62.0,64.0,0.061142,0.000502,0.06064,47.0,26.0,21.0,0.0,0.0,0.0,0.0,0.0,-0.0,335342.125,316879.03125,18463.107422,0.0,0.0,72.023659,39.143291,31.314634,0.0,0.0,0.0,0.0,0.0,0.0,0.0,0.0,0.0,0.0,0.0,0.0,0.0,0.0,0.0,1.0,0.0,0.0,0.0,0.0,0.0,0.0,0.0,0.0,0.0,0.0,0.0,0.0,0.0,0.0,0.0,0.0,5.0
28396.0,26915.0,1481.0,0.0,0.0,996.851868,74.050003,64256.0,31872.0,0.662658,1721542656.0,0.662658,0.0,0.662658,0.662658,0.662658,62.0,64.0,0.047152,0.000478,0.046674,47.0,27.0,20.0,0.0,0.0,0.0,0.0,0.0,-0.0,329895.6875,312909.53125,16986.138672,0.0,0.0,69.417412,39.235928,28.672409,0.0,0.0,0.0,0.0,0.0,0.0,0.0,0.0,0.0,0.0,0.0,0.0,0.0,0.0,0.0,1.0,0.0,0.0,0.0,0.0,0.0,0.0,0.0,0.0,0.0,0.0,0.0,0.0,0.0,0.0,0.0,0.0,5.0
28942.0,27461.0,1481.0,0.0,0.0,1017.074097,74.050003,64256.0,31872.0,0.664606,1721542656.0,0.664606,0.0,0.664606,0.664606,0.664606,62.0,64.0,0.060939,0.000502,0.060437,47.0,27.0,20.0,0.0,0.0,0.0,0.0,0.0,-0.0,335248.25,318311.90625,16936.351562,0.0,0.0,69.213943,39.120926,28.588367,0.0,0.0,0.0,0.0,0.0,0.0,0.0,0.0,0.0,0.0,0.0,0.0,0.0,0.0,0.0,1.0,0.0,0.0,0.0,0.0,0.0,0.0,0.0,0.0,0.0,0.0,0.0,0.0,0.0,0.0,0.0,0.0,5.0
29560.0,28079.0,1481.0,0.0,0.0,1002.821411,74.050003,64256.0,31872.0,0.553195,1721542656.0,0.553195,0.0,0.553195,0.553195,0.553195,62.0,64.0,0.047015,0.000498,0.046517,48.0,28.0,20.0,0.0,0.0,0.0,0.0,0.0,-0.0,411919.84375,391572.59375,20347.255859,0.0,0.0,84.960999,48.807384,34.345936,0.0,0.0,0.0,0.0,0.0,0.0,0.0,0.0,0.0,0.0,0.0,0.0,0.0,0.0,0.0,1.0,0.0,0.0,0.0,0.0,0.0,0.0,0.0,0.0,0.0,0.0,0.0,0.0,0.0,0.0,0.0,0.0,5.0
30118.0,28637.0,1481.0,0.0,0.0,1022.75,74.050003,64256.0,31872.0,0.57086,1721542656.0,0.57086,0.0,0.57086,0.57086,0.57086,62.0,64.0,0.061345,0.000495,0.06085,48.0,28.0,20.0,0.0,0.0,0.0,0.0,0.0,-0.0,406712.65625,386995.03125,19717.617188,0.0,0.0,82.331917,47.297058,33.283115,0.0,0.0,0.0,0.0,0.0,0.0,0.0,0.0,0.0,0.0,0.0,0.0,0.0,0.0,0.0,1.0,0.0,0.0,0.0,0.0,0.0,0.0,0.0,0.0,0.0,0.0,0.0,0.0,0.0,0.0,0.0,0.0,5.0
30814.0,29201.0,1613.0,0.0,0.0,1042.892822,73.318184,64256.0,31872.0,0.663444,1721542656.0,0.663444,0.0,0.663444,0.663444,0.663444,62.0,64.0,0.061063,0.000531,0.060532,50.0,28.0,22.0,0.0,0.0,0.0,0.0,0.0,-0.0,358119.125,339549.375,18569.767578,0.0,0.0,73.857025,40.696728,31.653011,0.0,0.0,0.0,0.0,0.0,0.0,0.0,0.0,0.0,0.0,0.0,0.0,0.0,0.0,0.0,1.0,0.0,0.0,0.0,0.0,0.0,0.0,0.0,0.0,0.0,0.0,0.0,0.0,0.0,0.0,0.0,0.0,5.0
31450.0,29837.0,1613.0,0.0,0.0,1028.862061,73.318184,64256.0,31872.0,0.66376,1721542656.0,0.66376,0.0,0.66376,0.66376,0.66376,62.0,64.0,0.061298,0.000514,0.060784,51.0,29.0,22.0,0.0,0.0,0.0,0.0,0.0,-0.0,365782.8125,347221.875,18560.925781,0.0,0.0,75.32843,42.183922,31.637941,0.0,0.0,0.0,0.0,0.0,0.0,0.0,0.0,0.0,0.0,0.0,0.0,0.0,0.0,0.0,1.0,0.0,0.0,0.0,0.0,0.0,0.0,0.0,0.0,0.0,0.0,0.0,0.0,0.0,0.0,0.0,0.0,5.0
31960.0,30413.0,1547.0,0.0,0.0,1048.724121,73.666664,64256.0,31872.0,0.572493,1721542656.0,0.572493,0.0,0.572493,0.572493,0.572493,62.0,64.0,0.061713,0.000502,0.061211,50.0,29.0,21.0,0.0,0.0,0.0,0.0,0.0,-0.0,430943.25,410345.625,20597.630859,0.0,0.0,85.590561,48.908894,34.934925,0.0,0.0,0.0,0.0,0.0,0.0,0.0,0.0,0.0,0.0,0.0,0.0,0.0,0.0,0.0,1.0,0.0,0.0,0.0,0.0,0.0,0.0,0.0,0.0,0.0,0.0,0.0,0.0,0.0,0.0,0.0,0.0,5.0
32740.0,31061.0,1679.0,0.0,0.0,1035.366699,73.0,64256.0,31872.0,0.661295,1721542656.0,0.661295,0.0,0.661295,0.661295,0.661295,62.0,64.0,0.060492,0.000496,0.059996,53.0,30.0,23.0,0.0,0.0,0.0,0.0,0.0,-0.0,382667.375,363238.8125,19428.544922,0.0,0.0,78.633591,43.853348,33.268059,0.0,0.0,0.0,0.0,0.0,0.0,0.0,0.0,0.0,0.0,0.0,0.0,0.0,0.0,0.0,1.0,0.0,0.0,0.0,0.0,0.0,0.0,0.0,0.0,0.0,0.0,0.0,0.0,0.0,0.0,0.0,0.0,5.0
33196.0,31649.0,1547.0,0.0,0.0,1054.966675,73.666664,64256.0,31872.0,0.555538,1721542656.0,0.555538,0.0,0.555538,0.555538,0.555538,62.0,64.0,0.061202,0.0,0.061202,51.0,30.0,21.0,0.0,0.0,0.0,0.0,0.0,-0.0,461808.1875,440581.9375,21226.271484,0.0,0.0,90.002846,52.201649,36.001137,0.0,0.0,0.0,0.0,0.0,0.0,0.0,0.0,0.0,0.0,0.0,0.0,0.0,0.0,0.0,1.0,0.0,0.0,0.0,0.0,0.0,0.0,0.0,0.0,0.0,0.0,0.0,0.0,0.0,0.0,0.0,0.0,5.0
33922.0,32243.0,1679.0,0.0,0.0,1074.766724,73.0,64256.0,31872.0,0.664773,1721542656.0,0.664773,0.0,0.664773,0.664773,0.664773,62.0,64.0,0.061831,0.001487,0.060344,53.0,30.0,23.0,0.0,0.0,0.0,0.0,0.0,-0.0,394420.34375,375093.46875,19326.898438,0.0,0.0,78.222191,43.623913,33.094006,0.0,0.0,0.0,0.0,0.0,0.0,0.0,0.0,0.0,0.0,0.0,0.0,0.0,0.0,0.0,1.0,0.0,0.0,0.0,0.0,0.0,0.0,0.0,0.0,0.0,0.0,0.0,0.0,0.0,0.0,0.0,0.0,5.0
34456.0,32909.0,1547.0,0.0,0.0,1061.580688,73.666664,64256.0,34816.0,0.5587,1721542656.0,0.5587,0.0,0.5587,0.5587,0.5587,62.0,64.0,0.061887,0.000587,0.0613,52.0,31.0,21.0,0.0,0.0,0.0,0.0,0.0,-0.0,477136.1875,456030.0625,21106.138672,0.0,0.0,91.283333,53.696079,35.797386,0.0,0.0,0.0,0.0,0.0,0.0,0.0,0.0,0.0,0.0,0.0,0.0,0.0,0.0,0.0,1.0,0.0,0.0,0.0,0.0,0.0,0.0,0.0,0.0,0.0,0.0,0.0,0.0,0.0,0.0,0.0,0.0,5.0
2248.0,1229.0,1019.0,0.0,0.0,122.900002,78.384613,64256.0,31872.0,1.460819,1721542656.0,1.460819,0.0,1.460819,1.460819,1.460819,61.0,64.0,0.184949,0.0,0.184949,23.0,10.0,13.0,0.0,0.0,0.0,0.0,0.0,-0.0,11215.625977,6062.352539,5153.273438,0.0,0.0,15.060045,6.160927,8.21457,0.0,0.0,0.0,0.0,0.0,0.0,0.0,0.0,0.0,0.0,0.0,0.0,0.0,0.0,0.0,1.0,0.0,0.0,0.0,0.0,0.0,0.0,0.0,0.0,0.0,0.0,0.0,0.0,0.0,0.0,0.0,0.0,6.0
2326.0,1307.0,1019.0,0.0,0.0,118.818184,78.384613,64256.0,31872.0,0.863205,1721542656.0,0.863205,0.0,0.863205,0.863205,0.863205,62.0,64.0,0.091766,0.000711,0.091055,24.0,11.0,13.0,0.0,0.0,0.0,0.0,0.0,-0.0,19740.386719,11019.398438,8720.987305,0.0,0.0,26.644886,11.584733,13.90168,0.0,0.0,0.0,0.0,0.0,0.0,0.0,0.0,0.0,0.0,0.0,0.0,0.0,0.0,0.0,1.0,0.0,0.0,0.0,0.0,0.0,0.0,0.0,0.0,0.0,0.0,0.0,0.0,0.0,0.0,0.0,0.0,6.0
2146.0,1259.0,887.0,0.0,0.0,125.900002,80.63636,64256.0,31872.0,0.866655,1721542656.0,0.866655,0.0,0.866655,0.866655,0.866655,62.0,64.0,0.092799,0.0,0.092799,21.0,10.0,11.0,0.0,0.0,0.0,0.0,0.0,-0.0,17917.164062,10467.833008,7449.331055,0.0,0.0,23.077234,10.384755,11.538617,0.0,0.0,0.0,0.0,0.0,0.0,0.0,0.0,0.0,0.0,0.0,0.0,0.0,0.0,0.0,1.0,0.0,0.0,0.0,0.0,0.0,0.0,0.0,0.0,0.0,0.0,0.0,0.0,0.0,0.0,0.0,0.0,6.0
2302.0,1283.0,1019.0,0.0,0.0,128.300003,78.384613,64256.0,31872.0,0.728525,1721542656.0,0.728525,0.0,0.728525,0.728525,0.728525,62.0,64.0,0.061731,0.000494,0.061237,23.0,10.0,13.0,0.0,0.0,0.0,0.0,0.0,-0.0,23016.369141,12683.161133,10333.208008,0.0,0.0,30.198004,12.353728,16.471638,0.0,0.0,0.0,0.0,0.0,0.0,0.0,0.0,0.0,0.0,0.0,0.0,0.0,0.0,0.0,1.0,0.0,0.0,0.0,0.0,0.0,0.0,0.0,0.0,0.0,0.0,0.0,0.0,0.0,0.0,0.0,0.0,6.0
2332.0,1313.0,1019.0,0.0,0.0,131.300003,78.384613,64256.0,31872.0,1.449892,1721542656.0,1.449892,0.0,1.449892,1.449892,1.449892,62.0,64.0,0.168408,0.000882,0.167526,23.0,10.0,13.0,0.0,0.0,0.0,0.0,0.0,-0.0,11713.975586,6521.864746,5192.11084,0.0,0.0,15.173544,6.207359,8.276478,0.0,0.0,0.0,0.0,0.0,0.0,0.0,0.0,0.0,0.0,0.0,0.0,0.0,0.0,0.0,1.0,0.0,0.0,0.0,0.0,0.0,0.0,0.0,0.0,0.0,0.0,0.0,0.0,0.0,0.0,0.0,0.0,6.0
5576.0,3949.0,1627.0,0.0,0.0,282.071442,77.476189,64256.0,31872.0,4.601337,1721542656.0,4.601337,0.0,4.601337,4.601337,4.601337,62.0,64.0,0.152626,0.0,0.152626,35.0,14.0,21.0,0.0,0.0,4.0,0.0,4.0,-0.0,9070.407227,6375.538086,2694.868896,10.25641,0.0,7.389157,2.825266,4.346563,0.0,1.0,0.0,0.0,0.0,0.0,0.0,0.0,0.0,0.0,0.0,0.0,0.0,0.0,0.0,1.0,0.0,0.0,0.0,0.0,0.0,0.0,0.0,0.0,0.0,0.0,0.0,0.0,0.0,0.0,0.0,1.0,6.0
2166.0,861.0,1305.0,0.0,0.0,86.099998,81.5625,64256.0,31872.0,4.991922,1721542656.0,4.991922,0.0,4.991922,4.991922,4.991922,62.0,64.0,0.154629,0.00059,0.154039,26.0,10.0,16.0,0.0,0.0,5.0,0.0,5.0,-0.0,3203.575684,1242.006592,1961.569092,16.129032,0.0,5.008091,1.802913,3.004855,0.0,1.0,0.0,0.0,0.0,0.0,0.0,0.0,0.0,0.0,0.0,0.0,0.0,0.0,0.0,0.0,0.0,0.0,0.0,0.0,0.0,0.0,0.0,0.0,0.0,1.0,0.0,0.0,0.0,0.0,0.0,1.0,6.0
988.0,692.0,296.0,0.0,0.0,692.0,74.0,64256.0,31872.0,3.367789,1721542656.0,3.367789,0.0,3.367789,3.367789,3.367789,62.0,64.0,0.154629,0.00059,0.154039,5.0,1.0,4.0,0.0,0.0,3.0,0.0,3.0,-0.0,527.348938,0.0,527.348938,37.5,0.0,1.187723,0.0,0.890792,0.0,1.0,0.0,0.0,1.0,0.0,0.0,0.0,0.0,0.0,0.0,0.0,0.0,0.0,0.0,0.0,0.0,0.0,1.0,0.0,0.0,0.0,0.0,0.0,0.0,0.0,0.0,0.0,0.0,0.0,0.0,1.0,6.0
74.0,0.0,74.0,0.0,0.0,0.0,74.0,197300.1840419336,95686.87047841308,0.0,1721542656.0,0.0,0.0,0.0,0.0,0.0,62.0,64.0,0.154629,0.00059,0.154039,1.0,0.0,1.0,0.0,0.0,0.0,0.0,0.0,-0.0,0.0,0.0,0.0,0.0,0.0,0.0,0.0,0.0,0.0,0.0,0.0,0.0,1.0,0.0,0.0,0.0,0.0,0.0,0.0,0.0,0.0,0.0,0.0,0.0,0.0,0.0,0.0,0.0,0.0,0.0,0.0,0.0,0.0,0.0,0.0,0.0,0.0,1.0,0.0,1.0,6.0
74.0,0.0,74.0,0.0,0.0,0.0,74.0,197300.1840419336,95686.87047841308,0.0,1721542656.0,0.0,0.0,0.0,0.0,0.0,62.0,64.0,0.154629,0.00059,0.154039,1.0,0.0,1.0,0.0,0.0,0.0,0.0,0.0,-0.0,0.0,0.0,0.0,0.0,0.0,0.0,0.0,0.0,0.0,0.0,0.0,0.0,1.0,0.0,0.0,0.0,0.0,0.0,0.0,0.0,0.0,0.0,0.0,0.0,0.0,0.0,0.0,0.0,0.0,0.0,0.0,0.0,0.0,0.0,0.0,0.0,0.0,1.0,0.0,1.0,6.0
563.0,282.0,281.0,0.0,0.0,70.5,70.25,64256.0,31872.0,1.33944,1721542656.0,1.33944,0.0,1.33944,1.33944,1.33944,62.0,64.0,0.154629,0.00059,0.154039,8.0,4.0,4.0,0.0,0.0,0.0,0.0,0.0,-0.0,2526.428955,1266.200806,1260.228149,0.0,0.0,5.226065,2.239742,2.239742,0.0,0.0,0.0,0.0,1.0,0.0,0.0,0.0,0.0,0.0,0.0,1.0,0.0,0.0,0.0,0.0,0.0,0.0,0.0,0.0,0.0,0.0,0.0,0.0,0.0,0.0,0.0,0.0,0.0,0.0,0.0,1.0,6.0
2546.0,1439.0,1107.0,0.0,0.0,143.899994,85.153847,64256.0,31872.0,2.329793,1721542656.0,2.329793,0.0,2.329793,2.329793,2.329793,62.0,64.0,0.16995,0.000739,0.169211,23.0,10.0,13.0,0.0,0.0,2.0,0.0,2.0,-0.0,7959.505371,4450.180664,3509.324707,8.0,0.0,9.442899,3.863004,5.150672,0.0,1.0,0.0,0.0,0.0,0.0,0.0,0.0,0.0,0.0,0.0,0.0,0.0,0.0,0.0,1.0,0.0,0.0,0.0,0.0,0.0,0.0,0.0,0.0,0.0,0.0,0.0,0.0,0.0,0.0,0.0,0.0,6.0
2520.0,1559.0,961.0,0.0,0.0,141.72728,80.083336,64256.0,31872.0,1.711917,1721542656.0,1.711917,0.0,1.711917,1.711917,1.711917,62.0,64.0,0.155434,0.000413,0.155021,23.0,11.0,12.0,0.0,0.0,1.0,0.0,1.0,-0.0,10743.511719,6626.489258,4117.021973,4.166667,0.0,12.85109,5.841404,6.425545,0.0,1.0,0.0,0.0,0.0,0.0,0.0,0.0,0.0,0.0,0.0,0.0,0.0,0.0,0.0,1.0,0.0,0.0,0.0,0.0,0.0,0.0,0.0,0.0,0.0,0.0,0.0,0.0,0.0,0.0,0.0,0.0,6.0
2572.0,1553.0,1019.0,0.0,0.0,155.300003,78.384613,64256.0,31872.0,0.616419,1721542656.0,0.616419,0.0,0.616419,0.616419,0.616419,62.0,64.0,0.06109,0.0,0.06109,23.0,10.0,13.0,0.0,0.0,0.0,0.0,0.0,-0.0,30355.974609,18143.501953,12212.47168,0.0,0.0,35.69001,14.600458,19.467278,0.0,0.0,0.0,0.0,0.0,0.0,0.0,0.0,0.0,0.0,0.0,0.0,0.0,0.0,0.0,1.0,0.0,0.0,0.0,0.0,0.0,0.0,0.0,0.0,0.0,0.0,0.0,0.0,0.0,0.0,0.0,0.0,6.0
2638.0,1619.0,1019.0,0.0,0.0,161.899994,78.384613,64256.0,31872.0,0.570532,1721542656.0,0.570532,0.0,0.570532,0.570532,0.570532,62.0,64.0,0.06019,0.0,0.06019,23.0,10.0,13.0,0.0,0.0,0.0,0.0,0.0,-0.0,33638.777344,20444.076172,13194.702148,0.0,0.0,38.560501,15.77475,21.032999,0.0,0.0,0.0,0.0,0.0,0.0,0.0,0.0,0.0,0.0,0.0,0.0,0.0,0.0,0.0,1.0,0.0,0.0,0.0,0.0,0.0,0.0,0.0,0.0,0.0,0.0,0.0,0.0,0.0,0.0,0.0,0.0,6.0
2710.0,1691.0,1019.0,0.0,0.0,169.100006,78.384613,64256.0,31872.0,0.556653,1721542656.0,0.556653,0.0,0.556653,0.556653,0.556653,62.0,64.0,0.061926,0.000497,0.061429,23.0,10.0,13.0,0.0,0.0,0.0,0.0,0.0,-0.0,35397.273438,21873.589844,13523.68457,0.0,0.0,39.521927,16.16806,21.557415,0.0,0.0,0.0,0.0,0.0,0.0,0.0,0.0,0.0,0.0,0.0,0.0,0.0,0.0,0.0,1.0,0.0,0.0,0.0,0.0,0.0,0.0,0.0,0.0,0.0,0.0,0.0,0.0,0.0,0.0,0.0,0.0,6.0
2788.0,1769.0,1019.0,0.0,0.0,176.899994,78.384613,64256.0,31872.0,0.571947,1721542656.0,0.571947,0.0,0.571947,0.571947,0.571947,62.0,64.0,0.061772,0.0,0.061772,23.0,10.0,13.0,0.0,0.0,0.0,0.0,0.0,-0.0,35443.84375,22281.785156,13162.05957,0.0,0.0,38.465103,15.735724,20.980967,0.0,0.0,0.0,0.0,0.0,0.0,0.0,0.0,0.0,0.0,0.0,0.0,0.0,0.0,0.0,1.0,0.0,0.0,0.0,0.0,0.0,0.0,0.0,0.0,0.0,0.0,0.0,0.0,0.0,0.0,0.0,0.0,6.0
2872.0,1853.0,1019.0,0.0,0.0,185.300003,78.384613,64256.0,31872.0,1.12896,1721542656.0,1.12896,0.0,1.12896,1.12896,1.12896,62.0,64.0,0.093684,0.002029,0.091655,23.0,10.0,13.0,0.0,0.0,0.0,0.0,0.0,-0.0,18487.8125,11819.727539,6668.083984,0.0,0.0,19.486961,7.971939,10.629251,0.0,0.0,0.0,0.0,0.0,0.0,0.0,0.0,0.0,0.0,0.0,0.0,0.0,0.0,0.0,1.0,0.0,0.0,0.0,0.0,0.0,0.0,0.0,0.0,0.0,0.0,0.0,0.0,0.0,0.0,0.0,0.0,6.0
2830.0,1943.0,887.0,0.0,0.0,194.300003,80.63636,64256.0,31872.0,2.059179,1721542656.0,2.059179,0.0,2.059179,2.059179,2.059179,62.0,64.0,0.228924,0.0,0.228924,21.0,10.0,11.0,0.0,0.0,0.0,0.0,0.0,-0.0,9930.170898,6794.940918,3135.22998,0.0,0.0,9.712608,4.370674,4.856304,0.0,0.0,0.0,0.0,0.0,0.0,0.0,0.0,0.0,0.0,0.0,0.0,0.0,0.0,0.0,1.0,0.0,0.0,0.0,0.0,0.0,0.0,0.0,0.0,0.0,0.0,0.0,0.0,0.0,0.0,0.0,0.0,6.0
3206.0,2113.0,1093.0,0.0,0.0,192.090912,78.071426,64256.0,31872.0,2.002688,1721542656.0,2.002688,0.0,2.002688,2.002688,2.002688,62.0,64.0,0.154343,0.000583,0.15376,25.0,11.0,14.0,0.0,0.0,2.0,1.0,1.0,-0.0,11728.237305,7673.687012,4054.550781,7.407407,0.0,11.983894,4.993289,6.491276,1.0,0.0,0.0,0.0,0.0,0.0,0.0,0.0,0.0,0.0,0.0,0.0,0.0,0.0,0.0,1.0,0.0,0.0,0.0,0.0,0.0,0.0,0.0,0.0,0.0,0.0,0.0,0.0,0.0,0.0,0.0,0.0,6.0
3160.0,2141.0,1019.0,0.0,0.0,214.100006,78.384613,64256.0,31872.0,0.666121,1721542656.0,0.666121,0.0,0.666121,0.666121,0.666121,62.0,64.0,0.061496,0.000585,0.060911,23.0,10.0,13.0,0.0,0.0,0.0,0.0,0.0,-0.0,34444.191406,23142.941406,11301.25,0.0,0.0,33.027031,13.511059,18.014746,0.0,0.0,0.0,0.0,0.0,0.0,0.0,0.0,0.0,0.0,0.0,0.0,0.0,0.0,0.0,1.0,0.0,0.0,0.0,0.0,0.0,0.0,0.0,0.0,0.0,0.0,0.0,0.0,0.0,0.0,0.0,0.0,6.0
3268.0,2315.0,953.0,0.0,0.0,210.454544,79.416664,64256.0,31872.0,0.664099,1721542656.0,0.664099,0.0,0.664099,0.664099,0.664099,62.0,64.0,0.060493,0.000498,0.059995,23.0,11.0,12.0,0.0,0.0,0.0,0.0,0.0,-0.0,35886.21875,25357.666016,10528.550781,0.0,0.0,33.12759,15.057997,16.563795,0.0,0.0,0.0,0.0,0.0,0.0,0.0,0.0,0.0,0.0,0.0,0.0,0.0,0.0,0.0,1.0,0.0,0.0,0.0,0.0,0.0,0.0,0.0,0.0,0.0,0.0,0.0,0.0,0.0,0.0,0.0,0.0,6.0
3382.0,2429.0,953.0,0.0,0.0,220.818176,79.416664,64256.0,31872.0,0.509448,1721542656.0,0.509448,0.0,0.509448,0.509448,0.509448,62.0,64.0,0.060883,0.000498,0.060385,23.0,11.0,12.0,0.0,0.0,0.0,0.0,0.0,-0.0,48413.183594,34688.527344,13724.65918,0.0,0.0,43.183994,19.629089,21.591997,0.0,0.0,0.0,0.0,0.0,0.0,0.0,0.0,0.0,0.0,0.0,0.0,0.0,0.0,0.0,1.0,0.0,0.0,0.0,0.0,0.0,0.0,0.0,0.0,0.0,0.0,0.0,0.0,0.0,0.0,0.0,0.0,6.0
3502.0,2549.0,953.0,0.0,0.0,231.72728,79.416664,64256.0,31872.0,1.051194,1721542656.0,1.051194,0.0,1.051194,1.051194,1.051194,62.0,64.0,0.06188,0.000495,0.061385,23.0,11.0,12.0,0.0,0.0,0.0,0.0,0.0,-0.0,24292.376953,17640.892578,6651.484375,0.0,0.0,20.928583,9.512992,10.464292,0.0,0.0,0.0,0.0,0.0,0.0,0.0,0.0,0.0,0.0,0.0,0.0,0.0,0.0,0.0,1.0,0.0,0.0,0.0,0.0,0.0,0.0,0.0,0.0,0.0,0.0,0.0,0.0,0.0,0.0,0.0,0.0,6.0
3945.0,2687.0,1258.0,0.0,0.0,244.27272,78.625,64256.0,31872.0,4.782032,1721542656.0,4.782032,0.0,4.782032,4.782032,4.782032,62.0,64.0,0.168827,0.0005,0.168327,27.0,11.0,16.0,0.0,0.0,6.0,0.0,6.0,-0.0,6061.021973,4086.965576,1974.056152,18.181818,0.0,5.437019,2.091161,3.136742,0.0,1.0,0.0,0.0,0.0,0.0,0.0,0.0,0.0,0.0,0.0,0.0,0.0,0.0,0.0,0.0,0.0,0.0,0.0,0.0,0.0,0.0,0.0,0.0,1.0,0.0,0.0,0.0,0.0,0.0,0.0,1.0,6.0
273.0,132.0,141.0,0.0,0.0,66.0,70.5,64256.0,31872.0,0.000993,1721542656.0,0.000993,0.0,0.000993,0.000993,0.000993,62.0,64.0,0.168827,0.0005,0.168327,4.0,2.0,2.0,0.0,0.0,0.0,0.0,0.0,-0.0,1103726.125,531722.0625,572004.0625,0.0,0.0,3021.147949,1007.049377,1007.049377,0.0,0.0,0.0,0.0,1.0,0.0,0.0,0.0,0.0,0.0,1.0,0.0,0.0,0.0,0.0,0.0,0.0,0.0,0.0,0.0,0.0,0.0,0.0,0.0,0.0,0.0,0.0,0.0,0.0,0.0,0.0,1.0,6.0
4276.0,3025.0,1251.0,0.0,0.0,216.071426,78.1875,64256.0,31872.0,3.998961,1721542656.0,3.998961,0.0,3.998961,3.998961,3.998961,62.0,64.0,0.168087,0.000486,0.167601,30.0,14.0,16.0,0.0,0.0,7.0,1.0,6.0,-0.0,7966.069336,5619.459473,2346.609619,18.918919,0.0,7.251884,3.250844,3.750974,1.0,0.0,0.0,0.0,0.0,0.0,0.0,0.0,0.0,0.0,0.0,0.0,0.0,0.0,0.0,1.0,0.0,0.0,0.0,0.0,0.0,0.0,0.0,0.0,0.0,0.0,0.0,0.0,0.0,0.0,0.0,1.0,6.0
3898.0,2945.0,953.0,0.0,0.0,267.727264,79.416664,64256.0,31872.0,1.143076,1721542656.0,1.143076,0.0,1.143076,1.143076,1.143076,62.0,64.0,0.168597,0.0,0.168597,23.0,11.0,12.0,0.0,0.0,0.0,0.0,0.0,-0.0,24859.240234,18742.412109,6116.829102,0.0,0.0,19.246315,8.748325,9.623158,0.0,0.0,0.0,0.0,0.0,0.0,0.0,0.0,0.0,0.0,0.0,0.0,0.0,0.0,0.0,1.0,0.0,0.0,0.0,0.0,0.0,0.0,0.0,0.0,0.0,0.0,0.0,0.0,0.0,0.0,0.0,0.0,6.0
4108.0,3155.0,953.0,0.0,0.0,262.916656,79.416664,64256.0,31872.0,0.971731,1721542656.0,0.971731,0.0,0.971731,0.971731,0.971731,62.0,64.0,0.062893,0.000478,0.062415,24.0,12.0,12.0,0.0,0.0,0.0,0.0,0.0,-0.0,31012.697266,23817.291016,7195.406738,0.0,0.0,23.669102,11.320005,11.320005,0.0,0.0,0.0,0.0,0.0,0.0,0.0,0.0,0.0,0.0,0.0,0.0,0.0,0.0,0.0,1.0,0.0,0.0,0.0,0.0,0.0,0.0,0.0,0.0,0.0,0.0,0.0,0.0,0.0,0.0,0.0,0.0,6.0
4192.0,3239.0,953.0,0.0,0.0,294.454559,79.416664,64256.0,31872.0,1.389596,1721542656.0,1.389596,0.0,1.389596,1.389596,1.389596,62.0,64.0,0.169186,0.001,0.168186,23.0,11.0,12.0,0.0,0.0,0.0,0.0,0.0,-0.0,21986.246094,16954.568359,5031.678223,0.0,0.0,15.83194,7.196336,7.91597,0.0,0.0,0.0,0.0,0.0,0.0,0.0,0.0,0.0,0.0,0.0,0.0,0.0,0.0,0.0,1.0,0.0,0.0,0.0,0.0,0.0,0.0,0.0,0.0,0.0,0.0,0.0,0.0,0.0,0.0,0.0,0.0,6.0
4348.0,3395.0,953.0,0.0,0.0,308.636353,79.416664,64256.0,31872.0,1.360166,1721542656.0,1.360166,0.0,1.360166,1.360166,1.360166,62.0,64.0,0.170148,0.001011,0.169137,23.0,11.0,12.0,0.0,0.0,0.0,0.0,0.0,-0.0,23297.15625,18156.607422,5140.549316,0.0,0.0,16.174498,7.352044,8.087249,0.0,0.0,0.0,0.0,0.0,0.0,0.0,0.0,0.0,0.0,0.0,0.0,0.0,0.0,0.0,1.0,0.0,0.0,0.0,0.0,0.0,0.0,0.0,0.0,0.0,0.0,0.0,0.0,0.0,0.0,0.0,0.0,6.0
4880.0,3705.0,1175.0,0.0,0.0,285.0,78.333336,64256.0,31872.0,3.640619,1721542656.0,3.640619,0.0,3.640619,3.640619,3.640619,62.0,64.0,0.060441,0.0005,0.059941,28.0,13.0,15.0,0.0,0.0,5.0,2.0,3.0,-0.0,9925.78418,7515.205566,2410.579102,15.151515,0.0,7.416321,3.296143,3.8455,1.0,0.0,0.0,0.0,0.0,0.0,0.0,0.0,0.0,0.0,0.0,0.0,0.0,0.0,0.0,1.0,0.0,0.0,0.0,0.0,0.0,0.0,0.0,0.0,0.0,0.0,0.0,0.0,0.0,0.0,0.0,0.0,6.0
4678.0,3725.0,953.0,0.0,0.0,338.636353,79.416664,64256.0,31872.0,0.573337,1721542656.0,0.573337,0.0,0.573337,0.573337,0.573337,62.0,64.0,0.061208,0.0005,0.060708,23.0,11.0,12.0,0.0,0.0,0.0,0.0,0.0,-0.0,59455.433594,47260.160156,12195.270508,0.0,0.0,38.371845,17.441748,19.185923,0.0,0.0,0.0,0.0,0.0,0.0,0.0,0.0,0.0,0.0,0.0,0.0,0.0,0.0,0.0,1.0,0.0,0.0,0.0,0.0,0.0,0.0,0.0,0.0,0.0,0.0,0.0,0.0,0.0,0.0,0.0,0.0,6.0
5050.0,3965.0,1085.0,0.0,0.0,330.416656,77.5,64256.0,31872.0,1.390113,1721542656.0,1.390113,0.0,1.390113,1.390113,1.390113,62.0,64.0,0.169812,0.000496,0.169316,26.0,12.0,14.0,0.0,0.0,0.0,0.0,0.0,-0.0,26720.130859,20919.162109,5800.967285,0.0,0.0,17.98415,7.913026,9.351758,0.0,0.0,0.0,0.0,0.0,0.0,0.0,0.0,0.0,0.0,0.0,0.0,0.0,0.0,0.0,1.0,0.0,0.0,0.0,0.0,0.0,0.0,0.0,0.0,0.0,0.0,0.0,0.0,0.0,0.0,0.0,0.0,6.0
5230.0,4211.0,1019.0,0.0,0.0,323.923065,78.384613,64256.0,31872.0,1.792159,1721542656.0,1.792159,0.0,1.792159,1.792159,1.792159,62.0,64.0,0.168971,0.000492,0.168479,26.0,13.0,13.0,0.0,0.0,0.0,0.0,0.0,-0.0,21556.123047,17355.603516,4200.52002,0.0,0.0,13.949656,6.695835,6.695835,0.0,0.0,0.0,0.0,0.0,0.0,0.0,0.0,0.0,0.0,0.0,0.0,0.0,0.0,0.0,1.0,0.0,0.0,0.0,0.0,0.0,0.0,0.0,0.0,0.0,0.0,0.0,0.0,0.0,0.0,0.0,0.0,6.0
5602.0,4431.0,1171.0,0.0,0.0,340.846161,78.066666,64256.0,31872.0,1.840794,1721542656.0,1.840794,0.0,1.840794,1.840794,1.840794,62.0,64.0,0.169902,0.001,0.168902,28.0,13.0,15.0,0.0,0.0,1.0,0.0,1.0,-0.0,22529.408203,17779.285156,4750.124023,3.448276,0.0,14.667583,6.518926,7.605414,0.0,1.0,0.0,0.0,0.0,0.0,0.0,0.0,0.0,0.0,0.0,0.0,0.0,0.0,0.0,1.0,0.0,0.0,0.0,0.0,0.0,0.0,0.0,0.0,0.0,0.0,0.0,0.0,0.0,0.0,0.0,1.0,6.0
5846.0,4671.0,1175.0,0.0,0.0,333.642853,78.333336,64256.0,31872.0,4.414211,1721542656.0,4.414211,0.0,4.414211,4.414211,4.414211,62.0,64.0,0.16878,0.0,0.16878,29.0,14.0,15.0,0.0,0.0,5.0,2.0,3.0,-0.0,9850.004883,7861.880859,1988.12439,14.705882,0.0,6.34315,2.945034,3.171575,1.0,0.0,0.0,0.0,0.0,0.0,0.0,0.0,0.0,0.0,0.0,0.0,0.0,0.0,0.0,1.0,0.0,0.0,0.0,0.0,0.0,0.0,0.0,0.0,0.0,0.0,0.0,0.0,0.0,0.0,0.0,0.0,6.0
1293.0,490.0,803.0,0.0,0.0,81.666664,80.300003,64256.0,31872.0,4.339516,1721542656.0,4.339516,0.0,4.339516,4.339516,4.339516,62.0,64.0,0.169776,0.000497,0.169279,16.0,6.0,10.0,0.0,0.0,4.0,0.0,4.0,-0.0,2086.868652,754.001099,1332.867432,20.0,0.0,3.456607,1.152202,2.073964,0.0,1.0,0.0,0.0,0.0,0.0,0.0,0.0,0.0,0.0,0.0,0.0,0.0,0.0,0.0,0.0,0.0,0.0,0.0,0.0,0.0,0.0,0.0,0.0,0.0,1.0,0.0,0.0,0.0,0.0,0.0,1.0,6.0
5127.0,4331.0,796.0,0.0,0.0,618.714294,72.36364,64256.0,31872.0,0.311279,1721542656.0,0.311279,0.0,0.311279,0.311279,0.311279,62.0,64.0,0.169776,0.000497,0.169279,18.0,7.0,11.0,0.0,0.0,0.0,0.0,0.0,-0.0,114032.75,95425.648438,18607.101562,0.0,0.0,54.613384,19.275312,32.125523,0.0,0.0,0.0,0.0,1.0,0.0,0.0,0.0,0.0,0.0,0.0,1.0,0.0,0.0,0.0,0.0,0.0,0.0,0.0,0.0,0.0,0.0,0.0,0.0,0.0,0.0,0.0,0.0,0.0,0.0,0.0,1.0,6.0
6010.0,4925.0,1085.0,0.0,0.0,410.416656,77.5,64256.0,31872.0,1.375045,1721542656.0,1.375045,0.0,1.375045,1.375045,1.375045,62.0,64.0,0.170061,0.000992,0.169069,26.0,12.0,14.0,0.0,0.0,0.0,0.0,0.0,-0.0,32132.767578,26268.232422,5864.535645,0.0,0.0,18.181225,7.999739,9.454236,0.0,0.0,0.0,0.0,0.0,0.0,0.0,0.0,0.0,0.0,0.0,0.0,0.0,0.0,0.0,1.0,0.0,0.0,0.0,0.0,0.0,0.0,0.0,0.0,0.0,0.0,0.0,0.0,0.0,0.0,0.0,0.0,6.0
6368.0,5209.0,1159.0,0.0,0.0,400.692322,77.26667,64256.0,31872.0,1.592051,1721542656.0,1.592051,0.0,1.592051,1.592051,1.592051,62.0,64.0,0.060662,0.000567,0.060095,28.0,13.0,15.0,0.0,0.0,2.0,1.0,1.0,-0.0,29602.066406,24165.054688,5437.011719,6.666667,0.0,16.959255,7.537447,8.793688,1.0,0.0,0.0,0.0,0.0,0.0,0.0,0.0,0.0,0.0,0.0,0.0,0.0,0.0,0.0,1.0,0.0,0.0,0.0,0.0,0.0,0.0,0.0,0.0,0.0,0.0,0.0,0.0,0.0,0.0,0.0,0.0,6.0
6436.0,5417.0,1019.0,0.0,0.0,416.692322,78.384613,64256.0,31872.0,0.571239,1721542656.0,0.571239,0.0,0.571239,0.571239,0.571239,62.0,64.0,0.060875,0.000502,0.060373,26.0,13.0,13.0,0.0,0.0,0.0,0.0,0.0,-0.0,83215.609375,70037.234375,13178.37207,0.0,0.0,43.764519,21.006969,21.006969,0.0,0.0,0.0,0.0,0.0,0.0,0.0,0.0,0.0,0.0,0.0,0.0,0.0,0.0,0.0,1.0,0.0,0.0,0.0,0.0,0.0,0.0,0.0,0.0,0.0,0.0,0.0,0.0,0.0,0.0,0.0,0.0,6.0
6658.0,5639.0,1019.0,0.0,0.0,433.769226,78.384613,64256.0,31872.0,1.289136,1721542656.0,1.289136,0.0,1.289136,1.289136,1.289136,62.0,64.0,0.123489,0.000499,0.12299,26.0,13.0,13.0,0.0,0.0,0.0,0.0,0.0,-0.0,38146.476562,32306.908203,5839.569824,0.0,0.0,19.392834,9.308559,9.308559,0.0,0.0,0.0,0.0,0.0,0.0,0.0,0.0,0.0,0.0,0.0,0.0,0.0,0.0,0.0,1.0,0.0,0.0,0.0,0.0,0.0,0.0,0.0,0.0,0.0,0.0,0.0,0.0,0.0,0.0,0.0,0.0,6.0
7256.0,6015.0,1241.0,0.0,0.0,401.0,77.5625,64256.0,31872.0,4.350582,1721542656.0,4.350582,0.0,4.350582,4.350582,4.350582,62.0,64.0,0.153685,0.000496,0.153189,31.0,15.0,16.0,0.0,0.0,5.0,2.0,3.0,-0.0,12463.619141,10323.21582,2140.40332,13.888889,0.0,6.895629,3.21796,3.447814,1.0,0.0,0.0,0.0,0.0,0.0,0.0,0.0,0.0,0.0,0.0,0.0,0.0,0.0,0.0,1.0,0.0,0.0,0.0,0.0,0.0,0.0,0.0,0.0,0.0,0.0,0.0,0.0,0.0,0.0,0.0,0.0,6.0
8326.0,6479.0,1847.0,0.0,0.0,381.117645,76.958336,64256.0,31872.0,4.476707,1721542656.0,4.476707,0.0,4.476707,4.476707,4.476707,62.0,64.0,0.13872,0.000495,0.138225,41.0,17.0,24.0,0.0,0.0,7.0,0.0,7.0,-0.0,14062.12207,10897.295898,3164.826416,14.583333,0.0,8.93514,3.574056,5.137705,0.0,1.0,0.0,0.0,0.0,0.0,0.0,0.0,0.0,0.0,0.0,0.0,0.0,0.0,0.0,0.0,0.0,0.0,0.0,0.0,0.0,0.0,0.0,0.0,1.0,0.0,0.0,0.0,0.0,0.0,0.0,1.0,6.0
207.0,66.0,141.0,0.0,0.0,66.0,70.5,64256.0,31872.0,0.000994,1721542656.0,0.000994,0.0,0.000994,0.000994,0.000994,62.0,64.0,0.13872,0.000495,0.138225,3.0,1.0,2.0,0.0,0.0,1.0,0.0,1.0,-0.0,571428.5625,0.0,571428.5625,25.0,0.0,2012.072388,0.0,1006.036194,0.0,1.0,0.0,0.0,1.0,0.0,0.0,0.0,0.0,1.0,0.0,0.0,0.0,0.0,0.0,0.0,0.0,0.0,0.0,0.0,0.0,0.0,0.0,0.0,0.0,0.0,0.0,0.0,0.0,0.0,0.0,1.0,6.0
1774.0,707.0,1067.0,0.0,0.0,78.555557,88.916664,64256.0,31872.0,3.633014,1721542656.0,3.633014,0.0,3.633014,3.633014,3.633014,62.0,64.0,0.156329,0.000964,0.155365,21.0,9.0,12.0,0.0,0.0,5.0,1.0,4.0,-0.0,3540.861816,1385.075928,2155.785889,19.230769,0.0,5.505071,2.202029,3.027789,1.0,0.0,0.0,0.0,0.0,0.0,0.0,0.0,0.0,0.0,0.0,0.0,0.0,0.0,0.0,0.0,0.0,0.0,0.0,0.0,0.0,0.0,0.0,0.0,0.0,1.0,0.0,0.0,0.0,0.0,0.0,1.0,6.0
6581.0,5924.0,657.0,0.0,0.0,740.5,73.0,64256.0,31872.0,1.122591,1721542656.0,1.122591,0.0,1.122591,1.122591,1.122591,62.0,64.0,0.156329,0.000964,0.155365,17.0,8.0,9.0,0.0,0.0,2.0,0.0,2.0,-0.0,41104.90625,36943.105469,4161.800781,10.526316,0.0,14.252742,6.235575,7.126371,0.0,1.0,0.0,0.0,1.0,0.0,0.0,0.0,0.0,0.0,0.0,1.0,0.0,0.0,0.0,0.0,0.0,0.0,0.0,0.0,0.0,0.0,0.0,0.0,0.0,0.0,0.0,0.0,0.0,0.0,0.0,1.0,6.0
7606.0,6587.0,1019.0,0.0,0.0,506.692322,78.384613,64256.0,31872.0,1.483871,1721542656.0,1.483871,0.0,1.483871,1.483871,1.483871,62.0,64.0,0.155072,0.000505,0.154567,26.0,13.0,13.0,0.0,0.0,0.0,0.0,0.0,-0.0,37857.734375,32784.519531,5073.217285,0.0,0.0,16.847826,8.086956,8.086956,0.0,0.0,0.0,0.0,0.0,0.0,0.0,0.0,0.0,0.0,0.0,0.0,0.0,0.0,0.0,1.0,0.0,0.0,0.0,0.0,0.0,0.0,0.0,0.0,0.0,0.0,0.0,0.0,0.0,0.0,0.0,0.0,6.0
8056.0,6905.0,1151.0,0.0,0.0,493.214294,76.73333,64256.0,31872.0,0.620779,1721542656.0,0.620779,0.0,0.620779,0.620779,0.620779,62.0,64.0,0.061565,0.000506,0.061059,29.0,14.0,15.0,0.0,0.0,0.0,0.0,0.0,-0.0,96485.226562,82631.664062,13853.561523,0.0,0.0,45.104622,20.941431,22.552311,0.0,0.0,0.0,0.0,0.0,0.0,0.0,0.0,0.0,0.0,0.0,0.0,0.0,0.0,0.0,1.0,0.0,0.0,0.0,0.0,0.0,0.0,0.0,0.0,0.0,0.0,0.0,0.0,0.0,0.0,0.0,0.0,6.0
132.0,66.0,66.0,0.0,0.0,66.0,66.0,64256.0,31872.0,0.000994,1721542656.0,0.000994,0.0,0.000994,0.000994,0.000994,62.0,64.0,0.156329,0.000964,0.155365,2.0,1.0,1.0,0.0,0.0,0.0,0.0,0.0,-0.0,0.0,0.0,0.0,0.0,0.0,1006.036194,0.0,0.0,0.0,0.0,0.0,0.0,1.0,0.0,0.0,0.0,1.0,0.0,0.0,0.0,0.0,0.0,0.0,0.0,0.0,0.0,0.0,0.0,0.0,0.0,0.0,0.0,0.0,0.0,0.0,0.0,0.0,0.0,0.0,1.0,6.0
8314.0,7163.0,1151.0,0.0,0.0,511.642853,76.73333,64256.0,31872.0,0.571259,1721542656.0,0.571259,0.0,0.571259,0.571259,0.571259,62.0,64.0,0.06208,0.000631,0.061449,29.0,14.0,15.0,0.0,0.0,0.0,0.0,0.0,-0.0,108210.109375,93155.640625,15054.466797,0.0,0.0,49.014542,22.756752,24.507271,0.0,0.0,0.0,0.0,0.0,0.0,0.0,0.0,0.0,0.0,0.0,0.0,0.0,0.0,0.0,1.0,0.0,0.0,0.0,0.0,0.0,0.0,0.0,0.0,0.0,0.0,0.0,0.0,0.0,0.0,0.0,0.0,6.0
8446.0,7427.0,1019.0,0.0,0.0,530.5,78.384613,64256.0,31872.0,1.311754,1721542656.0,1.311754,0.0,1.311754,1.311754,1.311754,62.0,64.0,0.155631,0.001671,0.15396,27.0,14.0,13.0,0.0,0.0,0.0,0.0,0.0,-0.0,47801.644531,42062.765625,5738.880859,0.0,0.0,19.820789,9.910395,9.148057,0.0,0.0,0.0,0.0,0.0,0.0,0.0,0.0,0.0,0.0,0.0,0.0,0.0,0.0,0.0,1.0,0.0,0.0,0.0,0.0,0.0,0.0,0.0,0.0,0.0,0.0,0.0,0.0,0.0,0.0,0.0,0.0,6.0
8716.0,7697.0,1019.0,0.0,0.0,549.785706,78.384613,64256.0,31872.0,1.248026,1721542656.0,1.248026,0.0,1.248026,1.248026,1.248026,62.0,64.0,0.169502,0.0,0.169502,27.0,14.0,13.0,0.0,0.0,0.0,0.0,0.0,-0.0,51851.484375,45819.558594,6031.925781,0.0,0.0,20.832899,10.41645,9.615184,0.0,0.0,0.0,0.0,0.0,0.0,0.0,0.0,0.0,0.0,0.0,0.0,0.0,0.0,0.0,1.0,0.0,0.0,0.0,0.0,0.0,0.0,0.0,0.0,0.0,0.0,0.0,0.0,0.0,0.0,0.0,0.0,6.0
9190.0,8039.0,1151.0,0.0,0.0,535.93335,76.73333,64256.0,31872.0,0.756449,1721542656.0,0.756449,0.0,0.756449,0.756449,0.756449,62.0,64.0,0.061793,0.000501,0.061292,30.0,15.0,15.0,0.0,0.0,0.0,0.0,0.0,-0.0,90729.1875,79360.273438,11368.90918,0.0,0.0,38.337021,18.507526,18.507526,0.0,0.0,0.0,0.0,0.0,0.0,0.0,0.0,0.0,0.0,0.0,0.0,0.0,0.0,0.0,1.0,0.0,0.0,0.0,0.0,0.0,0.0,0.0,0.0,0.0,0.0,0.0,0.0,0.0,0.0,0.0,0.0,6.0
9406.0,8255.0,1151.0,0.0,0.0,589.642883,76.73333,64256.0,31872.0,0.568048,1721542656.0,0.568048,0.0,0.568048,0.568048,0.568048,62.0,64.0,0.061104,0.0,0.061104,29.0,14.0,15.0,0.0,0.0,0.0,0.0,0.0,-0.0,123102.273438,107962.710938,15139.56543,0.0,0.0,49.291611,22.885389,24.645805,0.0,0.0,0.0,0.0,0.0,0.0,0.0,0.0,0.0,0.0,0.0,0.0,0.0,0.0,0.0,1.0,0.0,0.0,0.0,0.0,0.0,0.0,0.0,0.0,0.0,0.0,0.0,0.0,0.0,0.0,0.0,0.0,6.0
9694.0,8609.0,1085.0,0.0,0.0,573.93335,77.5,64256.0,31872.0,1.324764,1721542656.0,1.324764,0.0,1.324764,1.324764,1.324764,62.0,64.0,0.107756,0.000588,0.107168,29.0,15.0,14.0,0.0,0.0,0.0,0.0,0.0,-0.0,54615.011719,48527.886719,6087.12207,0.0,0.0,21.135839,10.56792,9.813068,0.0,0.0,0.0,0.0,0.0,0.0,0.0,0.0,0.0,0.0,0.0,0.0,0.0,0.0,0.0,1.0,0.0,0.0,0.0,0.0,0.0,0.0,0.0,0.0,0.0,0.0,0.0,0.0,0.0,0.0,0.0,0.0,6.0
9988.0,8903.0,1085.0,0.0,0.0,593.533325,77.5,64256.0,31872.0,1.539354,1721542656.0,1.539354,0.0,1.539354,1.539354,1.539354,62.0,64.0,0.184443,0.000488,0.183955,29.0,15.0,14.0,0.0,0.0,0.0,0.0,0.0,-0.0,48425.507812,43186.949219,5238.561035,0.0,0.0,18.189449,9.094725,8.445101,0.0,0.0,0.0,0.0,0.0,0.0,0.0,0.0,0.0,0.0,0.0,0.0,0.0,0.0,0.0,1.0,0.0,0.0,0.0,0.0,0.0,0.0,0.0,0.0,0.0,0.0,0.0,0.0,0.0,0.0,0.0,0.0,6.0
1041.0,390.0,651.0,0.0,0.0,78.0,81.375,64256.0,31872.0,2.895153,1721542656.0,2.895153,0.0,2.895153,2.895153,2.895153,62.0,64.0,0.19964,0.0,0.19964,13.0,5.0,8.0,0.0,0.0,3.0,0.0,3.0,-0.0,2437.176758,862.130615,1575.046265,18.75,0.0,4.144859,1.38162,2.417834,0.0,1.0,0.0,0.0,0.0,0.0,0.0,0.0,0.0,0.0,0.0,0.0,0.0,0.0,0.0,0.0,0.0,0.0,0.0,0.0,0.0,0.0,0.0,0.0,0.0,1.0,0.0,0.0,0.0,0.0,0.0,0.0,6.0
226.0,78.0,148.0,0.0,0.0,78.0,74.0,64256.0,31872.0,4.868003,1721542656.0,4.868003,0.0,4.868003,4.868003,4.868003,62.0,64.0,0.19964,0.0,0.19964,3.0,1.0,2.0,0.0,0.0,1.0,0.0,1.0,-0.0,121.610443,0.0,121.610443,25.0,0.0,0.410846,0.0,0.205423,0.0,1.0,0.0,0.0,1.0,0.0,0.0,1.0,0.0,0.0,0.0,0.0,0.0,0.0,0.0,0.0,0.0,0.0,0.0,0.0,0.0,0.0,0.0,0.0,0.0,0.0,0.0,0.0,0.0,0.0,0.0,1.0,6.0
9535.0,8879.0,656.0,0.0,0.0,807.181824,72.888885,64256.0,31872.0,0.801767,1721542656.0,0.801767,0.0,0.801767,0.801767,0.801767,62.0,64.0,0.19964,0.0,0.19964,20.0,11.0,9.0,0.0,0.0,0.0,0.0,0.0,-0.0,86369.234375,80542.101562,5827.129395,0.0,0.0,23.697659,12.472451,9.977962,0.0,0.0,0.0,0.0,1.0,0.0,0.0,0.0,0.0,0.0,0.0,1.0,0.0,0.0,0.0,0.0,0.0,0.0,0.0,0.0,0.0,0.0,0.0,0.0,0.0,0.0,0.0,0.0,0.0,0.0,0.0,1.0,6.0
10594.0,9509.0,1085.0,0.0,0.0,633.93335,77.5,64256.0,31872.0,0.538076,1721542656.0,0.538076,0.0,0.538076,0.538076,0.538076,62.0,64.0,0.061788,0.000496,0.061292,29.0,15.0,14.0,0.0,0.0,0.0,0.0,0.0,-0.0,146953.203125,131966.484375,14986.731445,0.0,0.0,52.037262,26.018631,24.160156,0.0,0.0,0.0,0.0,0.0,0.0,0.0,0.0,0.0,0.0,0.0,0.0,0.0,0.0,0.0,1.0,0.0,0.0,0.0,0.0,0.0,0.0,0.0,0.0,0.0,0.0,0.0,0.0,0.0,0.0,0.0,0.0,6.0
11104.0,9887.0,1217.0,0.0,0.0,617.9375,76.0625,64256.0,31872.0,0.662991,1721542656.0,0.662991,0.0,0.662991,0.662991,0.662991,62.0,64.0,0.062244,0.0,0.062244,32.0,16.0,16.0,0.0,0.0,0.0,0.0,0.0,-0.0,125624.632812,111856.726562,13767.90918,0.0,0.0,46.757801,22.624743,22.624743,0.0,0.0,0.0,0.0,0.0,0.0,0.0,0.0,0.0,0.0,0.0,0.0,0.0,0.0,0.0,1.0,0.0,0.0,0.0,0.0,0.0,0.0,0.0,0.0,0.0,0.0,0.0,0.0,0.0,0.0,0.0,0.0,6.0
11290.0,10205.0,1085.0,0.0,0.0,637.8125,77.5,64256.0,31872.0,0.495865,1721542656.0,0.495865,0.0,0.495865,0.495865,0.495865,62.0,64.0,0.062998,0.000496,0.062502,30.0,16.0,14.0,0.0,0.0,0.0,0.0,0.0,-0.0,170627.09375,154364.59375,16262.491211,0.0,0.0,58.483662,30.25017,26.216814,0.0,0.0,0.0,0.0,0.0,0.0,0.0,0.0,0.0,0.0,0.0,0.0,0.0,0.0,0.0,1.0,0.0,0.0,0.0,0.0,0.0,0.0,0.0,0.0,0.0,0.0,0.0,0.0,0.0,0.0,0.0,0.0,6.0
11746.0,10529.0,1217.0,0.0,0.0,658.0625,76.0625,64256.0,31872.0,0.632182,1721542656.0,0.632182,0.0,0.632182,0.632182,0.632182,62.0,64.0,0.062573,0.000502,0.062071,32.0,16.0,16.0,0.0,0.0,0.0,0.0,0.0,-0.0,139352.28125,124913.398438,14438.879883,0.0,0.0,49.03651,23.727345,23.727345,0.0,0.0,0.0,0.0,0.0,0.0,0.0,0.0,0.0,0.0,0.0,0.0,0.0,0.0,0.0,1.0,0.0,0.0,0.0,0.0,0.0,0.0,0.0,0.0,0.0,0.0,0.0,0.0,0.0,0.0,0.0,0.0,6.0
12076.0,10859.0,1217.0,0.0,0.0,678.6875,76.0625,64256.0,31872.0,0.572028,1721542656.0,0.572028,0.0,0.572028,0.572028,0.572028,62.0,64.0,0.061975,0.0,0.061975,32.0,16.0,16.0,0.0,0.0,0.0,0.0,0.0,-0.0,158341.90625,142384.640625,15957.261719,0.0,0.0,54.193153,26.222494,26.222494,0.0,0.0,0.0,0.0,0.0,0.0,0.0,0.0,0.0,0.0,0.0,0.0,0.0,0.0,0.0,1.0,0.0,0.0,0.0,0.0,0.0,0.0,0.0,0.0,0.0,0.0,0.0,0.0,0.0,0.0,0.0,0.0,6.0
12412.0,11195.0,1217.0,0.0,0.0,699.6875,76.0625,64256.0,31872.0,0.75583,1721542656.0,0.75583,0.0,0.75583,0.75583,0.75583,62.0,64.0,0.061699,0.004969,0.05673,32.0,16.0,16.0,0.0,0.0,0.0,0.0,0.0,-0.0,123170.554688,111093.765625,12076.790039,0.0,0.0,41.014515,19.845734,19.845734,0.0,0.0,0.0,0.0,0.0,0.0,0.0,0.0,0.0,0.0,0.0,0.0,0.0,0.0,0.0,1.0,0.0,0.0,0.0,0.0,0.0,0.0,0.0,0.0,0.0,0.0,0.0,0.0,0.0,0.0,0.0,0.0,6.0
12754.0,11603.0,1151.0,0.0,0.0,682.529419,76.73333,64256.0,31872.0,0.584123,1721542656.0,0.584123,0.0,0.584123,0.584123,0.584123,62.0,64.0,0.065595,0.000491,0.065104,32.0,17.0,15.0,0.0,0.0,0.0,0.0,0.0,-0.0,164294.15625,149571.234375,14722.925781,0.0,0.0,53.071014,27.391491,23.967554,0.0,0.0,0.0,0.0,0.0,0.0,0.0,0.0,0.0,0.0,0.0,0.0,0.0,0.0,0.0,1.0,0.0,0.0,0.0,0.0,0.0,0.0,0.0,0.0,0.0,0.0,0.0,0.0,0.0,0.0,0.0,0.0,6.0
13102.0,11951.0,1151.0,0.0,0.0,703.0,76.73333,64256.0,31872.0,0.770613,1721542656.0,0.770613,0.0,0.770613,0.770613,0.770613,62.0,64.0,0.060738,0.000497,0.060241,32.0,17.0,15.0,0.0,0.0,0.0,0.0,0.0,-0.0,127929.320312,116769.375,11159.946289,0.0,0.0,40.227715,20.762691,18.167355,0.0,0.0,0.0,0.0,0.0,0.0,0.0,0.0,0.0,0.0,0.0,0.0,0.0,0.0,0.0,1.0,0.0,0.0,0.0,0.0,0.0,0.0,0.0,0.0,0.0,0.0,0.0,0.0,0.0,0.0,0.0,0.0,6.0
13456.0,12305.0,1151.0,0.0,0.0,723.823547,76.73333,64256.0,31872.0,0.554948,1721542656.0,0.554948,0.0,0.554948,0.554948,0.554948,62.0,64.0,0.061227,0.0,0.061227,32.0,17.0,15.0,0.0,0.0,0.0,0.0,0.0,-0.0,182460.34375,166963.40625,15496.948242,0.0,0.0,55.861092,28.831532,25.227591,0.0,0.0,0.0,0.0,0.0,0.0,0.0,0.0,0.0,0.0,0.0,0.0,0.0,0.0,0.0,1.0,0.0,0.0,0.0,0.0,0.0,0.0,0.0,0.0,0.0,0.0,0.0,0.0,0.0,0.0,0.0,0.0,6.0
13816.0,12665.0,1151.0,0.0,0.0,745.0,76.73333,64256.0,31872.0,0.617514,1721542656.0,0.617514,0.0,0.617514,0.617514,0.617514,62.0,64.0,0.062376,0.001013,0.061363,32.0,17.0,15.0,0.0,0.0,0.0,0.0,0.0,-0.0,168352.453125,154425.640625,13926.80957,0.0,0.0,50.20129,25.910343,22.671551,0.0,0.0,0.0,0.0,0.0,0.0,0.0,0.0,0.0,0.0,0.0,0.0,0.0,0.0,0.0,1.0,0.0,0.0,0.0,0.0,0.0,0.0,0.0,0.0,0.0,0.0,0.0,0.0,0.0,0.0,0.0,0.0,6.0
14888.0,13461.0,1427.0,0.0,0.0,673.049988,75.105263,64256.0,31872.0,0.9853,1721542656.0,0.9853,0.0,0.9853,0.9853,0.9853,62.0,64.0,0.060722,0.000599,0.060123,39.0,20.0,19.0,0.0,0.0,0.0,0.0,0.0,-0.0,114807.671875,103830.304688,10977.367188,0.0,0.0,38.566933,19.283466,18.268547,0.0,0.0,0.0,0.0,0.0,0.0,0.0,0.0,0.0,0.0,0.0,0.0,0.0,0.0,0.0,1.0,0.0,0.0,0.0,0.0,0.0,0.0,0.0,0.0,0.0,0.0,0.0,0.0,0.0,0.0,0.0,1.0,6.0
15188.0,13683.0,1505.0,0.0,0.0,651.571411,75.25,64256.0,31872.0,4.441119,1721542656.0,4.441119,0.0,4.441119,4.441119,4.441119,62.0,64.0,0.168581,0.0,0.168581,41.0,21.0,20.0,0.0,0.0,5.0,2.0,3.0,-0.0,26051.091797,23475.164062,2575.927246,10.869565,0.0,9.006739,4.503369,4.278201,1.0,0.0,0.0,0.0,0.0,0.0,0.0,0.0,0.0,0.0,0.0,0.0,0.0,0.0,0.0,1.0,0.0,0.0,0.0,0.0,0.0,0.0,0.0,0.0,0.0,0.0,0.0,0.0,0.0,0.0,0.0,0.0,6.0
444.0,148.0,296.0,0.0,0.0,74.0,74.0,8222720.0,4077568.0,4.124076,1721542656.0,4.124076,0.0,4.124076,4.124076,4.124076,62.0,64.0,0.0,0.0,0.0,6.0,2.0,4.0,0.0,0.0,4.0,1.0,3.0,-0.0,574.18927,143.547318,430.641937,40.0,0.0,1.212393,0.242479,0.727436,1.0,0.0,0.0,0.0,0.0,0.0,0.0,0.0,0.0,0.0,0.0,0.0,0.0,0.0,0.0,0.0,0.0,0.0,0.0,0.0,0.0,0.0,0.0,0.0,0.0,0.0,0.0,1.0,0.0,0.0,0.0,0.0,6.0
15056.0,13773.0,1283.0,0.0,0.0,810.176453,75.470589,64256.0,31872.0,1.267112,1721542656.0,1.267112,0.0,1.267112,1.267112,1.267112,62.0,64.0,0.167731,0.0,0.167731,34.0,17.0,17.0,0.0,0.0,1.0,0.0,1.0,-0.0,89469.59375,81842.804688,7626.791992,2.857143,0.0,26.043474,12.627139,12.627139,0.0,1.0,0.0,0.0,1.0,0.0,0.0,0.0,0.0,0.0,0.0,0.0,1.0,0.0,0.0,0.0,0.0,0.0,0.0,0.0,0.0,0.0,0.0,0.0,0.0,0.0,0.0,0.0,0.0,0.0,0.0,0.0,6.0
15884.0,14379.0,1505.0,0.0,0.0,718.950012,75.25,64256.0,31872.0,4.467472,1721542656.0,4.467472,0.0,4.467472,4.467472,4.467472,62.0,64.0,0.168764,0.000611,0.168153,40.0,20.0,20.0,0.0,0.0,5.0,2.0,3.0,-0.0,27023.783203,24463.050781,2560.732178,11.111111,0.0,8.729769,4.252964,4.252964,1.0,0.0,0.0,0.0,0.0,0.0,0.0,0.0,0.0,0.0,0.0,0.0,0.0,0.0,0.0,1.0,0.0,0.0,0.0,0.0,0.0,0.0,0.0,0.0,0.0,0.0,0.0,0.0,0.0,0.0,0.0,0.0,6.0
16126.0,14687.0,1439.0,0.0,0.0,773.0,75.736839,64256.0,31872.0,2.912049,1721542656.0,2.912049,0.0,2.912049,2.912049,2.912049,62.0,64.0,0.153012,0.0,0.153012,38.0,19.0,19.0,0.0,0.0,3.0,0.0,3.0,-0.0,41971.816406,38224.628906,3747.189697,7.317073,0.0,12.70583,6.181214,6.181214,0.0,1.0,0.0,0.0,0.0,0.0,0.0,0.0,0.0,0.0,0.0,0.0,0.0,0.0,0.0,1.0,0.0,0.0,0.0,0.0,0.0,0.0,0.0,0.0,0.0,0.0,0.0,0.0,0.0,0.0,0.0,0.0,6.0
16300.0,15083.0,1217.0,0.0,0.0,793.842102,76.0625,64256.0,31872.0,1.076882,1721542656.0,1.076882,0.0,1.076882,1.076882,1.076882,62.0,64.0,0.091671,0.0,0.091671,35.0,19.0,16.0,0.0,0.0,0.0,0.0,0.0,-0.0,114634.65625,106158.335938,8476.323242,0.0,0.0,31.572632,16.714924,13.929103,0.0,0.0,0.0,0.0,0.0,0.0,0.0,0.0,0.0,0.0,0.0,0.0,0.0,0.0,0.0,1.0,0.0,0.0,0.0,0.0,0.0,0.0,0.0,0.0,0.0,0.0,0.0,0.0,0.0,0.0,0.0,0.0,6.0
16768.0,15551.0,1217.0,0.0,0.0,777.549988,76.0625,64256.0,31872.0,1.280172,1721542656.0,1.280172,0.0,1.280172,1.280172,1.280172,62.0,64.0,0.154236,0.000581,0.153655,36.0,20.0,16.0,0.0,0.0,0.0,0.0,0.0,-0.0,99455.382812,92325.09375,7130.291992,0.0,0.0,27.340076,14.841756,11.717175,0.0,0.0,0.0,0.0,0.0,0.0,0.0,0.0,0.0,0.0,0.0,0.0,0.0,0.0,0.0,1.0,0.0,0.0,0.0,0.0,0.0,0.0,0.0,0.0,0.0,0.0,0.0,0.0,0.0,0.0,0.0,0.0,6.0
17543.0,16177.0,1366.0,0.0,0.0,703.347839,75.888885,64256.0,31872.0,2.485403,1721542656.0,2.485403,0.0,2.485403,2.485403,2.485403,62.0,64.0,0.106739,0.000667,0.106072,41.0,23.0,18.0,0.0,0.0,4.0,1.0,3.0,-0.0,53963.078125,49807.617188,4155.462891,8.888889,0.0,16.093969,8.851683,6.839937,1.0,0.0,0.0,0.0,0.0,0.0,0.0,0.0,0.0,0.0,0.0,0.0,0.0,0.0,0.0,1.0,0.0,0.0,0.0,0.0,0.0,0.0,0.0,0.0,0.0,0.0,0.0,0.0,0.0,0.0,0.0,1.0,6.0
17810.0,16373.0,1437.0,0.0,0.0,818.650024,79.833336,64256.0,31872.0,4.273515,1721542656.0,4.273515,0.0,4.273515,4.273515,4.273515,62.0,64.0,0.170189,0.000843,0.169346,38.0,20.0,18.0,0.0,0.0,2.0,0.0,2.0,-0.0,31661.054688,29118.884766,2542.169434,5.0,0.0,8.657978,4.445989,3.97799,0.0,1.0,0.0,0.0,0.0,0.0,0.0,0.0,0.0,0.0,0.0,0.0,0.0,0.0,0.0,1.0,0.0,0.0,0.0,0.0,0.0,0.0,0.0,0.0,0.0,0.0,0.0,0.0,0.0,0.0,0.0,0.0,6.0
18010.0,16793.0,1217.0,0.0,0.0,839.650024,76.0625,64256.0,31872.0,0.555095,1721542656.0,0.555095,0.0,0.555095,0.555095,0.555095,62.0,64.0,0.059943,0.000499,0.059444,36.0,20.0,16.0,0.0,0.0,0.0,0.0,0.0,-0.0,246372.234375,229928.203125,16444.03125,0.0,0.0,63.052269,34.228374,27.0224,0.0,0.0,0.0,0.0,0.0,0.0,0.0,0.0,0.0,0.0,0.0,0.0,0.0,0.0,0.0,1.0,0.0,0.0,0.0,0.0,0.0,0.0,0.0,0.0,0.0,0.0,0.0,0.0,0.0,0.0,0.0,0.0,6.0
18806.0,17293.0,1513.0,0.0,0.0,823.476196,75.650002,64256.0,31872.0,4.973962,1721542656.0,4.973962,0.0,4.973962,4.973962,4.973962,62.0,64.0,0.162467,0.000501,0.161966,41.0,21.0,20.0,0.0,0.0,5.0,1.0,4.0,-0.0,28802.794922,26489.949219,2312.844482,10.869565,0.0,8.041879,4.020939,3.819893,1.0,0.0,0.0,0.0,0.0,0.0,0.0,0.0,0.0,0.0,0.0,0.0,0.0,0.0,0.0,1.0,0.0,0.0,0.0,0.0,0.0,0.0,0.0,0.0,0.0,0.0,0.0,0.0,0.0,0.0,0.0,0.0,6.0
4720.0,3733.0,987.0,0.0,0.0,339.363647,89.727272,64256.0,31872.0,4.996427,1721542656.0,4.996427,0.0,4.996427,4.996427,4.996427,62.0,64.0,0.279254,0.001623,0.277631,22.0,11.0,11.0,0.0,0.0,3.0,0.0,3.0,-0.0,6872.11084,5434.283203,1437.827515,12.0,0.0,4.203003,2.00143,2.00143,0.0,1.0,0.0,0.0,0.0,0.0,0.0,0.0,0.0,0.0,0.0,0.0,0.0,0.0,0.0,0.0,0.0,0.0,0.0,0.0,0.0,0.0,0.0,0.0,0.0,1.0,0.0,0.0,0.0,0.0,0.0,1.0,6.0
14739.0,14128.0,611.0,0.0,0.0,1177.333374,67.888885,64256.0,31872.0,0.603531,1721542656.0,0.603531,0.0,0.603531,0.603531,0.603531,62.0,64.0,0.279254,0.001623,0.277631,21.0,12.0,9.0,0.0,0.0,0.0,0.0,0.0,-0.0,178880.625,171669.71875,7210.896973,0.0,0.0,33.138313,18.226072,13.255325,0.0,0.0,0.0,0.0,1.0,0.0,0.0,0.0,0.0,0.0,0.0,1.0,0.0,0.0,0.0,0.0,0.0,0.0,0.0,0.0,0.0,0.0,0.0,0.0,0.0,0.0,0.0,0.0,0.0,0.0,0.0,1.0,6.0
19730.0,18307.0,1423.0,0.0,0.0,795.956543,74.894737,64256.0,31872.0,4.716257,1721542656.0,4.716257,0.0,4.716257,4.716257,4.716257,62.0,64.0,0.277666,0.002057,0.275609,42.0,23.0,19.0,0.0,0.0,2.0,1.0,1.0,-0.0,31993.166016,29704.912109,2288.255127,4.545455,0.0,8.693335,4.664716,3.816586,1.0,0.0,0.0,0.0,0.0,0.0,0.0,0.0,0.0,0.0,0.0,0.0,0.0,0.0,0.0,1.0,0.0,0.0,0.0,0.0,0.0,0.0,0.0,0.0,0.0,0.0,0.0,0.0,0.0,0.0,0.0,1.0,6.0
132.0,66.0,66.0,0.0,0.0,66.0,66.0,64256.0,31872.0,0.000517,1721542656.0,0.000517,0.0,0.000517,0.000517,0.000517,62.0,64.0,0.277666,0.002057,0.275609,2.0,1.0,1.0,0.0,0.0,0.0,0.0,0.0,-0.0,0.0,0.0,0.0,0.0,0.0,1934.236084,0.0,0.0,0.0,0.0,0.0,0.0,1.0,0.0,0.0,0.0,1.0,0.0,0.0,0.0,0.0,0.0,0.0,0.0,0.0,0.0,0.0,0.0,0.0,0.0,0.0,0.0,0.0,0.0,0.0,0.0,0.0,0.0,0.0,1.0,6.0
296.0,74.0,222.0,0.0,0.0,74.0,74.0,8222720.0,4077568.0,3.093885,1721542656.0,3.093885,0.0,3.093885,3.093885,3.093885,62.0,64.0,0.00126,0.00126,0.0,4.0,1.0,3.0,0.0,0.0,2.0,0.0,2.0,-0.0,382.690369,0.0,382.690369,33.333333,0.0,0.969655,0.0,0.646436,0.0,1.0,0.0,0.0,0.0,0.0,0.0,0.0,0.0,0.0,0.0,0.0,0.0,0.0,0.0,0.0,0.0,0.0,0.0,0.0,0.0,0.0,0.0,0.0,0.0,0.0,0.0,1.0,0.0,0.0,0.0,0.0,6.0
132.0,66.0,66.0,0.0,0.0,66.0,66.0,64256.0,31872.0,0.000461,1721542656.0,0.000461,0.0,0.000461,0.000461,0.000461,62.0,64.0,0.277666,0.002057,0.275609,2.0,1.0,1.0,0.0,0.0,0.0,0.0,0.0,-0.0,0.0,0.0,0.0,0.0,0.0,2169.19751,0.0,0.0,0.0,0.0,0.0,0.0,1.0,0.0,0.0,0.0,1.0,0.0,0.0,0.0,0.0,0.0,0.0,0.0,0.0,0.0,0.0,0.0,0.0,0.0,0.0,0.0,0.0,0.0,0.0,0.0,0.0,0.0,0.0,1.0,6.0
74.0,0.0,74.0,0.0,0.0,0.0,74.0,197300.1840419336,95686.87047841308,0.0,1721542656.0,0.0,0.0,0.0,0.0,0.0,62.0,64.0,0.00126,0.00126,0.0,1.0,0.0,1.0,0.0,0.0,0.0,0.0,1.0,-0.0,0.0,0.0,0.0,0.0,0.0,0.0,0.0,0.0,0.0,1.0,0.0,0.0,1.0,0.0,0.0,0.0,0.0,0.0,0.0,0.0,0.0,0.0,0.0,0.0,0.0,0.0,0.0,0.0,0.0,0.0,0.0,0.0,0.0,0.0,0.0,0.0,0.0,0.0,1.0,0.0,6.0
1272.0,613.0,659.0,0.0,0.0,87.571426,82.375,64256.0,31872.0,3.905814,1721542656.0,3.905814,0.0,3.905814,3.905814,3.905814,62.0,64.0,0.264971,0.00126,0.263711,15.0,7.0,8.0,0.0,0.0,1.0,0.0,1.0,-0.0,2259.196289,1077.368286,1181.827881,6.25,0.0,3.5844,1.536171,1.7922,0.0,1.0,0.0,0.0,1.0,0.0,0.0,0.0,0.0,0.0,0.0,0.0,0.0,0.0,0.0,0.0,0.0,0.0,0.0,1.0,0.0,0.0,0.0,0.0,0.0,0.0,0.0,0.0,0.0,0.0,0.0,1.0,6.0
19030.0,18110.0,920.0,0.0,0.0,1207.333374,70.769234,64256.0,31872.0,1.022524,1721542656.0,1.022524,0.0,1.022524,1.022524,1.022524,62.0,64.0,0.264971,0.00126,0.263711,28.0,15.0,13.0,0.0,0.0,0.0,0.0,0.0,-0.0,138895.515625,132245.3125,6650.210449,0.0,0.0,26.405249,13.69161,11.735666,0.0,0.0,0.0,0.0,1.0,0.0,0.0,0.0,0.0,0.0,0.0,1.0,0.0,0.0,0.0,0.0,0.0,0.0,0.0,0.0,0.0,0.0,0.0,0.0,0.0,0.0,0.0,0.0,0.0,0.0,0.0,1.0,6.0
20398.0,19115.0,1283.0,0.0,0.0,868.863647,75.470589,64256.0,31872.0,1.530509,1721542656.0,1.530509,0.0,1.530509,1.530509,1.530509,62.0,64.0,0.169596,0.000521,0.169075,39.0,22.0,17.0,0.0,0.0,0.0,0.0,0.0,-0.0,101691.65625,95377.421875,6314.239258,0.0,0.0,24.828342,13.720925,10.454039,0.0,0.0,0.0,0.0,0.0,0.0,0.0,0.0,0.0,0.0,0.0,0.0,0.0,0.0,0.0,1.0,0.0,0.0,0.0,0.0,0.0,0.0,0.0,0.0,0.0,0.0,0.0,0.0,0.0,0.0,0.0,0.0,6.0
21073.0,19715.0,1358.0,0.0,0.0,821.458313,75.444443,64256.0,31872.0,1.067432,1721542656.0,1.067432,0.0,1.067432,1.067432,1.067432,62.0,64.0,0.077177,0.001064,0.076113,42.0,24.0,18.0,0.0,0.0,2.0,0.0,2.0,-0.0,151219.0,141603.390625,9615.600586,4.545455,0.0,38.409939,21.547039,15.926072,0.0,1.0,0.0,0.0,0.0,0.0,0.0,0.0,0.0,0.0,0.0,0.0,0.0,0.0,0.0,1.0,0.0,0.0,0.0,0.0,0.0,0.0,0.0,0.0,0.0,0.0,0.0,0.0,0.0,0.0,0.0,1.0,6.0
21448.0,20099.0,1349.0,0.0,0.0,873.869568,74.944443,64256.0,31872.0,1.906764,1721542656.0,1.906764,0.0,1.906764,1.906764,1.906764,62.0,64.0,0.153644,0.000497,0.153147,41.0,23.0,18.0,0.0,0.0,0.0,0.0,0.0,-0.0,86013.789062,80664.414062,5349.376953,0.0,0.0,20.977949,11.537872,8.915628,0.0,0.0,0.0,0.0,0.0,0.0,0.0,0.0,0.0,0.0,0.0,0.0,0.0,0.0,0.0,1.0,0.0,0.0,0.0,0.0,0.0,0.0,0.0,0.0,0.0,0.0,0.0,0.0,0.0,0.0,0.0,0.0,6.0
21916.0,20567.0,1349.0,0.0,0.0,894.217407,74.944443,64256.0,31872.0,1.497579,1721542656.0,1.497579,0.0,1.497579,1.497579,1.497579,62.0,64.0,0.153687,0.000823,0.152864,41.0,23.0,18.0,0.0,0.0,0.0,0.0,0.0,-0.0,111903.28125,105092.289062,6810.993164,0.0,0.0,26.709776,14.690377,11.351655,0.0,0.0,0.0,0.0,0.0,0.0,0.0,0.0,0.0,0.0,0.0,0.0,0.0,0.0,0.0,1.0,0.0,0.0,0.0,0.0,0.0,0.0,0.0,0.0,0.0,0.0,0.0,0.0,0.0,0.0,0.0,0.0,6.0
22609.0,21185.0,1424.0,0.0,0.0,847.400024,74.947365,64256.0,31872.0,1.710614,1721542656.0,1.710614,0.0,1.710614,1.710614,1.710614,62.0,64.0,0.16833,0.0,0.16833,44.0,25.0,19.0,0.0,0.0,2.0,0.0,2.0,-0.0,101427.914062,95114.390625,6313.522461,4.347826,0.0,25.137173,14.03005,10.522538,0.0,1.0,0.0,0.0,0.0,0.0,0.0,0.0,0.0,0.0,0.0,0.0,0.0,0.0,0.0,1.0,0.0,0.0,0.0,0.0,0.0,0.0,0.0,0.0,0.0,0.0,0.0,0.0,0.0,0.0,0.0,1.0,6.0
23240.0,21669.0,1571.0,0.0,0.0,866.76001,74.809525,64256.0,31872.0,4.553021,1721542656.0,4.553021,0.0,4.553021,4.553021,4.553021,62.0,64.0,0.168848,0.0,0.168848,46.0,25.0,21.0,0.0,0.0,5.0,2.0,3.0,-0.0,39182.777344,36552.433594,2630.341553,9.803922,0.0,9.883548,5.271225,4.392688,1.0,0.0,0.0,0.0,0.0,0.0,0.0,0.0,0.0,0.0,0.0,0.0,0.0,0.0,0.0,1.0,0.0,0.0,0.0,0.0,0.0,0.0,0.0,0.0,0.0,0.0,0.0,0.0,0.0,0.0,0.0,0.0,6.0
24198.0,22339.0,1859.0,0.0,0.0,827.370361,74.360001,64256.0,31872.0,3.582535,1721542656.0,3.582535,0.0,3.582535,3.582535,3.582535,62.0,64.0,0.155656,0.0,0.155656,52.0,27.0,25.0,0.0,0.0,3.0,0.0,3.0,-0.0,52023.496094,48037.492188,3986.004395,5.454545,0.0,14.235729,7.257431,6.699167,0.0,1.0,0.0,0.0,0.0,0.0,0.0,0.0,0.0,0.0,0.0,0.0,0.0,0.0,0.0,1.0,0.0,0.0,0.0,0.0,0.0,0.0,0.0,0.0,0.0,0.0,0.0,0.0,0.0,0.0,0.0,1.0,6.0
23914.0,22565.0,1349.0,0.0,0.0,940.208313,74.944443,64256.0,31872.0,0.553964,1721542656.0,0.553964,0.0,0.553964,0.553964,0.553964,62.0,64.0,0.061252,0.00046,0.060792,42.0,24.0,18.0,0.0,0.0,0.0,0.0,0.0,-0.0,330707.40625,312294.65625,18412.748047,0.0,0.0,74.012024,41.518944,30.687914,0.0,0.0,0.0,0.0,0.0,0.0,0.0,0.0,0.0,0.0,0.0,0.0,0.0,0.0,0.0,1.0,0.0,0.0,0.0,0.0,0.0,0.0,0.0,0.0,0.0,0.0,0.0,0.0,0.0,0.0,0.0,0.0,6.0
24544.0,23063.0,1481.0,0.0,0.0,960.958313,74.050003,64256.0,31872.0,0.667541,1721542656.0,0.667541,0.0,0.667541,0.667541,0.667541,62.0,64.0,0.061829,0.000495,0.061334,44.0,24.0,20.0,0.0,0.0,0.0,0.0,0.0,-0.0,281750.46875,264888.59375,16861.884766,0.0,0.0,64.41552,34.454811,28.462669,0.0,0.0,0.0,0.0,0.0,0.0,0.0,0.0,0.0,0.0,0.0,0.0,0.0,0.0,0.0,1.0,0.0,0.0,0.0,0.0,0.0,0.0,0.0,0.0,0.0,0.0,0.0,0.0,0.0,0.0,0.0,0.0,6.0
25048.0,23633.0,1415.0,0.0,0.0,945.320007,74.473686,64256.0,31872.0,0.555422,1721542656.0,0.555422,0.0,0.555422,0.555422,0.555422,62.0,64.0,0.062471,0.000987,0.061484,44.0,25.0,19.0,0.0,0.0,0.0,0.0,0.0,-0.0,346100.8125,326785.75,19315.042969,0.0,0.0,77.41861,43.210388,32.407791,0.0,0.0,0.0,0.0,0.0,0.0,0.0,0.0,0.0,0.0,0.0,0.0,0.0,0.0,0.0,1.0,0.0,0.0,0.0,0.0,0.0,0.0,0.0,0.0,0.0,0.0,0.0,0.0,0.0,0.0,0.0,0.0,6.0
25558.0,24143.0,1415.0,0.0,0.0,965.719971,74.473686,64256.0,31872.0,0.572413,1721542656.0,0.572413,0.0,0.572413,0.572413,0.572413,62.0,64.0,0.059589,0.000528,0.059061,44.0,25.0,19.0,0.0,0.0,0.0,0.0,0.0,-0.0,342675.625,323933.9375,18741.710938,0.0,0.0,75.120583,41.927769,31.445826,0.0,0.0,0.0,0.0,0.0,0.0,0.0,0.0,0.0,0.0,0.0,0.0,0.0,0.0,0.0,1.0,0.0,0.0,0.0,0.0,0.0,0.0,0.0,0.0,0.0,0.0,0.0,0.0,0.0,0.0,0.0,0.0,6.0
26074.0,24659.0,1415.0,0.0,0.0,986.359985,74.473686,64256.0,31872.0,0.557398,1721542656.0,0.557398,0.0,0.557398,0.557398,0.557398,62.0,64.0,0.061196,0.001314,0.059882,44.0,25.0,19.0,0.0,0.0,0.0,0.0,0.0,-0.0,359010.96875,339764.40625,19246.570312,0.0,0.0,77.144157,43.057205,32.292904,0.0,0.0,0.0,0.0,0.0,0.0,0.0,0.0,0.0,0.0,0.0,0.0,0.0,0.0,0.0,1.0,0.0,0.0,0.0,0.0,0.0,0.0,0.0,0.0,0.0,0.0,0.0,0.0,0.0,0.0,0.0,0.0,6.0
26794.0,25247.0,1547.0,0.0,0.0,971.038452,73.666664,64256.0,31872.0,0.650531,1721542656.0,0.650531,0.0,0.650531,0.650531,0.650531,62.0,64.0,0.046729,0.00078,0.045949,47.0,26.0,21.0,0.0,0.0,0.0,0.0,0.0,-0.0,316664.375,298537.65625,18126.730469,0.0,0.0,70.711464,38.430145,30.744116,0.0,0.0,0.0,0.0,0.0,0.0,0.0,0.0,0.0,0.0,0.0,0.0,0.0,0.0,0.0,1.0,0.0,0.0,0.0,0.0,0.0,0.0,0.0,0.0,0.0,0.0,0.0,0.0,0.0,0.0,0.0,0.0,6.0
27322.0,25775.0,1547.0,0.0,0.0,991.34613,73.666664,64256.0,31872.0,0.571423,1721542656.0,0.571423,0.0,0.571423,0.571423,0.571423,62.0,64.0,0.046645,0.0,0.046645,47.0,26.0,21.0,0.0,0.0,0.0,0.0,0.0,-0.0,367615.59375,346979.375,20636.201172,0.0,0.0,80.500786,43.750427,35.000343,0.0,0.0,0.0,0.0,0.0,0.0,0.0,0.0,0.0,0.0,0.0,0.0,0.0,0.0,0.0,1.0,0.0,0.0,0.0,0.0,0.0,0.0,0.0,0.0,0.0,0.0,0.0,0.0,0.0,0.0,0.0,0.0,6.0
27724.0,26309.0,1415.0,0.0,0.0,1011.884644,74.473686,64256.0,31872.0,0.569212,1721542656.0,0.569212,0.0,0.569212,0.569212,0.569212,62.0,64.0,0.060461,0.0,0.060461,45.0,26.0,19.0,0.0,0.0,0.0,0.0,0.0,-0.0,374398.25,355551.15625,18847.107422,0.0,0.0,77.299843,43.920364,31.622663,0.0,0.0,0.0,0.0,0.0,0.0,0.0,0.0,0.0,0.0,0.0,0.0,0.0,0.0,0.0,1.0,0.0,0.0,0.0,0.0,0.0,0.0,0.0,0.0,0.0,0.0,0.0,0.0,0.0,0.0,0.0,0.0,6.0
28396.0,26915.0,1481.0,0.0,0.0,996.851868,74.050003,64256.0,31872.0,0.66407,1721542656.0,0.66407,0.0,0.66407,0.66407,0.66407,62.0,64.0,0.060887,0.000496,0.060391,47.0,27.0,20.0,0.0,0.0,0.0,0.0,0.0,-0.0,329194.21875,312244.1875,16950.019531,0.0,0.0,69.269806,39.1525,28.611441,0.0,0.0,0.0,0.0,0.0,0.0,0.0,0.0,0.0,0.0,0.0,0.0,0.0,0.0,0.0,1.0,0.0,0.0,0.0,0.0,0.0,0.0,0.0,0.0,0.0,0.0,0.0,0.0,0.0,0.0,0.0,0.0,6.0
28942.0,27461.0,1481.0,0.0,0.0,1017.074097,74.050003,64256.0,31872.0,1.004798,1721542656.0,1.004798,0.0,1.004798,1.004798,1.004798,62.0,64.0,0.061259,0.012889,0.04837,47.0,27.0,20.0,0.0,0.0,0.0,0.0,0.0,-0.0,221744.0625,210541.8125,11202.250977,0.0,0.0,45.780342,25.875847,18.909273,0.0,0.0,0.0,0.0,0.0,0.0,0.0,0.0,0.0,0.0,0.0,0.0,0.0,0.0,0.0,1.0,0.0,0.0,0.0,0.0,0.0,0.0,0.0,0.0,0.0,0.0,0.0,0.0,0.0,0.0,0.0,0.0,6.0
29626.0,28145.0,1481.0,0.0,0.0,970.517212,74.050003,64256.0,31872.0,1.498826,1721542656.0,1.498826,0.0,1.498826,1.498826,1.498826,62.0,64.0,0.155129,0.001003,0.154126,49.0,29.0,20.0,0.0,0.0,0.0,0.0,0.0,-0.0,152556.734375,145046.859375,7509.877441,0.0,0.0,32.025063,18.681288,12.676588,0.0,0.0,0.0,0.0,0.0,0.0,0.0,0.0,0.0,0.0,0.0,0.0,0.0,0.0,0.0,1.0,0.0,0.0,0.0,0.0,0.0,0.0,0.0,0.0,0.0,0.0,0.0,0.0,0.0,0.0,0.0,0.0,6.0
30118.0,28637.0,1481.0,0.0,0.0,1022.75,74.050003,64256.0,31872.0,1.479613,1721542656.0,1.479613,0.0,1.479613,1.479613,1.479613,62.0,64.0,0.153281,0.000662,0.152619,48.0,28.0,20.0,0.0,0.0,0.0,0.0,0.0,-0.0,156916.703125,149309.3125,7607.39502,0.0,0.0,31.765064,18.248016,12.841196,0.0,0.0,0.0,0.0,0.0,0.0,0.0,0.0,0.0,0.0,0.0,0.0,0.0,0.0,0.0,1.0,0.0,0.0,0.0,0.0,0.0,0.0,0.0,0.0,0.0,0.0,0.0,0.0,0.0,0.0,0.0,0.0,6.0
31052.0,29349.0,1703.0,0.0,0.0,978.299988,74.04348,64256.0,31872.0,4.472307,1721542656.0,4.472307,0.0,4.472307,4.472307,4.472307,62.0,64.0,0.151991,0.000496,0.151495,53.0,30.0,23.0,0.0,0.0,5.0,2.0,3.0,-0.0,53663.578125,50749.644531,2913.932129,8.62069,0.0,11.627109,6.484349,4.919161,1.0,0.0,0.0,0.0,0.0,0.0,0.0,0.0,0.0,0.0,0.0,0.0,0.0,0.0,0.0,1.0,0.0,0.0,0.0,0.0,0.0,0.0,0.0,0.0,0.0,0.0,0.0,0.0,0.0,0.0,0.0,0.0,6.0
132.0,66.0,66.0,0.0,0.0,66.0,66.0,64256.0,31872.0,0.0,1721542656.0,0.0,0.0,0.0,0.0,0.0,62.0,64.0,0.151991,0.000496,0.151495,2.0,1.0,1.0,0.0,0.0,0.0,0.0,0.0,-0.0,0.0,0.0,0.0,0.0,0.0,0.0,0.0,0.0,0.0,0.0,0.0,0.0,1.0,0.0,0.0,0.0,1.0,0.0,0.0,0.0,0.0,0.0,0.0,0.0,0.0,0.0,0.0,0.0,0.0,0.0,0.0,0.0,0.0,0.0,0.0,0.0,0.0,0.0,0.0,0.0,6.0
31450.0,29903.0,1547.0,0.0,0.0,996.766663,73.666664,64256.0,31872.0,1.479773,1721542656.0,1.479773,0.0,1.479773,1.479773,1.479773,62.0,64.0,0.168025,0.0,0.168025,51.0,30.0,21.0,0.0,0.0,0.0,0.0,0.0,-0.0,164246.8125,156278.015625,7968.789551,0.0,0.0,33.788967,19.597599,13.515586,0.0,0.0,0.0,0.0,0.0,0.0,0.0,0.0,0.0,0.0,0.0,0.0,0.0,0.0,0.0,1.0,0.0,0.0,0.0,0.0,0.0,0.0,0.0,0.0,0.0,0.0,0.0,0.0,0.0,0.0,0.0,0.0,6.0
32248.0,30553.0,1695.0,0.0,0.0,985.580627,73.695656,64256.0,31872.0,2.484805,1721542656.0,2.484805,0.0,2.484805,2.484805,2.484805,62.0,64.0,0.122302,0.000864,0.121438,54.0,31.0,23.0,0.0,0.0,3.0,1.0,2.0,-0.0,100418.335938,95196.195312,5222.140137,5.263158,0.0,21.329641,12.073381,8.853813,1.0,0.0,0.0,0.0,0.0,0.0,0.0,0.0,0.0,0.0,0.0,0.0,0.0,0.0,0.0,1.0,0.0,0.0,0.0,0.0,0.0,0.0,0.0,0.0,0.0,0.0,0.0,0.0,0.0,0.0,0.0,0.0,6.0
32608.0,31061.0,1547.0,0.0,0.0,1035.366699,73.666664,64256.0,31872.0,1.495446,1721542656.0,1.495446,0.0,1.495446,1.495446,1.495446,62.0,64.0,0.154683,0.000658,0.154025,51.0,30.0,21.0,0.0,0.0,0.0,0.0,0.0,-0.0,168511.609375,160626.328125,7885.273438,0.0,0.0,33.434841,19.392208,13.373937,0.0,0.0,0.0,0.0,0.0,0.0,0.0,0.0,0.0,0.0,0.0,0.0,0.0,0.0,0.0,1.0,0.0,0.0,0.0,0.0,0.0,0.0,0.0,0.0,0.0,0.0,0.0,0.0,0.0,0.0,0.0,0.0,6.0
34170.0,31849.0,2321.0,0.0,0.0,995.28125,72.53125,64256.0,55040.0,2.810286,1721542656.0,2.810286,0.0,2.810286,2.810286,2.810286,62.0,64.0,0.153166,0.0,0.153166,64.0,32.0,32.0,0.0,0.0,3.0,0.0,3.0,-0.0,94233.820312,87831.625,6402.195312,4.477612,0.0,22.417646,11.030906,11.030906,0.0,1.0,0.0,0.0,0.0,0.0,0.0,0.0,0.0,0.0,0.0,0.0,0.0,0.0,0.0,1.0,0.0,0.0,0.0,0.0,0.0,0.0,0.0,0.0,0.0,0.0,0.0,0.0,0.0,0.0,0.0,1.0,6.0
33790.0,32243.0,1547.0,0.0,0.0,1074.766724,73.666664,64256.0,31872.0,1.502318,1721542656.0,1.502318,0.0,1.502318,1.502318,1.502318,62.0,64.0,0.170918,0.001577,0.169341,51.0,30.0,21.0,0.0,0.0,0.0,0.0,0.0,-0.0,173827.375,165978.171875,7849.203613,0.0,0.0,33.281902,19.303503,13.31276,0.0,0.0,0.0,0.0,0.0,0.0,0.0,0.0,0.0,0.0,0.0,0.0,0.0,0.0,0.0,1.0,0.0,0.0,0.0,0.0,0.0,0.0,0.0,0.0,0.0,0.0,0.0,0.0,0.0,0.0,0.0,0.0,6.0
34522.0,32909.0,1613.0,0.0,0.0,1061.580688,73.318184,64256.0,31872.0,1.864502,1721542656.0,1.864502,0.0,1.864502,1.864502,1.864502,62.0,64.0,0.168191,0.001004,0.167187,53.0,31.0,22.0,0.0,0.0,0.0,0.0,0.0,-0.0,143257.5625,136649.890625,6607.662598,0.0,0.0,27.889486,16.090088,11.263062,0.0,0.0,0.0,0.0,0.0,0.0,0.0,0.0,0.0,0.0,0.0,0.0,0.0,0.0,0.0,1.0,0.0,0.0,0.0,0.0,0.0,0.0,0.0,0.0,0.0,0.0,0.0,0.0,0.0,0.0,0.0,0.0,6.0
2248.0,1229.0,1019.0,0.0,0.0,122.900002,78.384613,64256.0,31872.0,0.589604,1721542656.0,0.589604,0.0,0.589604,0.589604,0.589604,62.0,64.0,0.06224,0.001009,0.061231,23.0,10.0,13.0,0.0,0.0,0.0,0.0,0.0,-0.0,27788.142578,15020.25,12767.891602,0.0,0.0,37.313179,15.264482,20.352642,0.0,0.0,0.0,0.0,0.0,0.0,0.0,0.0,0.0,0.0,0.0,0.0,0.0,0.0,0.0,1.0,0.0,0.0,0.0,0.0,0.0,0.0,0.0,0.0,0.0,0.0,0.0,0.0,0.0,0.0,0.0,0.0,7.0
2009.0,1181.0,828.0,0.0,0.0,131.222229,82.800003,64256.0,31872.0,3.722352,1721542656.0,3.722352,0.0,3.722352,3.722352,3.722352,62.0,64.0,0.155066,0.001003,0.154063,19.0,9.0,10.0,0.0,0.0,2.0,0.0,2.0,-0.0,3859.925049,2256.637695,1603.287354,9.52381,0.0,4.835652,2.149179,2.417826,0.0,1.0,0.0,0.0,0.0,0.0,0.0,0.0,0.0,0.0,0.0,0.0,0.0,0.0,0.0,0.0,0.0,0.0,0.0,0.0,0.0,0.0,0.0,0.0,0.0,1.0,0.0,0.0,0.0,0.0,0.0,1.0,7.0
411.0,204.0,207.0,0.0,0.0,68.0,69.0,64256.0,31872.0,0.168643,1721542656.0,0.168643,0.0,0.168643,0.168643,0.168643,62.0,64.0,0.155066,0.001003,0.154063,6.0,3.0,3.0,0.0,0.0,0.0,0.0,0.0,-0.0,12997.871094,6451.498047,6546.373047,0.0,0.0,29.64843,11.859372,11.859372,0.0,0.0,0.0,0.0,1.0,0.0,0.0,0.0,0.0,0.0,0.0,1.0,0.0,0.0,0.0,0.0,0.0,0.0,0.0,0.0,0.0,0.0,0.0,0.0,0.0,0.0,0.0,0.0,0.0,0.0,0.0,1.0,7.0
2146.0,1259.0,887.0,0.0,0.0,125.900002,80.63636,64256.0,31872.0,1.309352,1721542656.0,1.309352,0.0,1.309352,1.309352,1.309352,62.0,64.0,0.168662,0.000504,0.168158,21.0,10.0,11.0,0.0,0.0,0.0,0.0,0.0,-0.0,11859.300781,6928.617676,4930.683105,0.0,0.0,15.274731,6.873629,7.637365,0.0,0.0,0.0,0.0,0.0,0.0,0.0,0.0,0.0,0.0,0.0,0.0,0.0,0.0,0.0,1.0,0.0,0.0,0.0,0.0,0.0,0.0,0.0,0.0,0.0,0.0,0.0,0.0,0.0,0.0,0.0,0.0,7.0
2302.0,1283.0,1019.0,0.0,0.0,128.300003,78.384613,64256.0,31872.0,1.499456,1721542656.0,1.499456,0.0,1.499456,1.499456,1.499456,62.0,64.0,0.15498,0.000934,0.154046,23.0,10.0,13.0,0.0,0.0,0.0,0.0,0.0,-0.0,11182.72168,6162.234863,5020.487305,0.0,0.0,14.671988,6.002177,8.002902,0.0,0.0,0.0,0.0,0.0,0.0,0.0,0.0,0.0,0.0,0.0,0.0,0.0,0.0,0.0,1.0,0.0,0.0,0.0,0.0,0.0,0.0,0.0,0.0,0.0,0.0,0.0,0.0,0.0,0.0,0.0,0.0,7.0
2332.0,1313.0,1019.0,0.0,0.0,131.300003,78.384613,64256.0,31872.0,0.710892,1721542656.0,0.710892,0.0,0.710892,0.710892,0.710892,62.0,64.0,0.061611,0.0,0.061611,23.0,10.0,13.0,0.0,0.0,0.0,0.0,0.0,-0.0,23891.111328,13301.598633,10589.512695,0.0,0.0,30.947035,12.660151,16.880201,0.0,0.0,0.0,0.0,0.0,0.0,0.0,0.0,0.0,0.0,0.0,0.0,0.0,0.0,0.0,1.0,0.0,0.0,0.0,0.0,0.0,0.0,0.0,0.0,0.0,0.0,0.0,0.0,0.0,0.0,0.0,0.0,7.0
2236.0,1349.0,887.0,0.0,0.0,134.899994,80.63636,64256.0,31872.0,1.203615,1721542656.0,1.203615,0.0,1.203615,1.203615,1.203615,62.0,64.0,0.07867,0.002349,0.076321,21.0,10.0,11.0,0.0,0.0,0.0,0.0,0.0,-0.0,13439.513672,8075.672363,5363.841797,0.0,0.0,16.61661,7.477474,8.308305,0.0,0.0,0.0,0.0,0.0,0.0,0.0,0.0,0.0,0.0,0.0,0.0,0.0,0.0,0.0,1.0,0.0,0.0,0.0,0.0,0.0,0.0,0.0,0.0,0.0,0.0,0.0,0.0,0.0,0.0,0.0,0.0,7.0
2278.0,1391.0,887.0,0.0,0.0,139.100006,80.63636,64256.0,31872.0,1.371408,1721542656.0,1.371408,0.0,1.371408,1.371408,1.371408,62.0,64.0,0.168598,0.000895,0.167703,21.0,10.0,11.0,0.0,0.0,0.0,0.0,0.0,-0.0,12011.013672,7303.442871,4707.570801,0.0,0.0,14.583552,6.562599,7.291776,0.0,0.0,0.0,0.0,0.0,0.0,0.0,0.0,0.0,0.0,0.0,0.0,0.0,0.0,0.0,1.0,0.0,0.0,0.0,0.0,0.0,0.0,0.0,0.0,0.0,0.0,0.0,0.0,0.0,0.0,0.0,0.0,7.0
2458.0,1439.0,1019.0,0.0,0.0,143.899994,78.384613,64256.0,31872.0,0.571731,1721542656.0,0.571731,0.0,0.571731,0.571731,0.571731,62.0,64.0,0.046188,0.000972,0.045216,23.0,10.0,13.0,0.0,0.0,0.0,0.0,0.0,-0.0,31301.435547,18134.402344,13167.032227,0.0,0.0,38.479637,15.74167,20.988894,0.0,0.0,0.0,0.0,0.0,0.0,0.0,0.0,0.0,0.0,0.0,0.0,0.0,0.0,0.0,1.0,0.0,0.0,0.0,0.0,0.0,0.0,0.0,0.0,0.0,0.0,0.0,0.0,0.0,0.0,0.0,0.0,7.0
2512.0,1493.0,1019.0,0.0,0.0,149.300003,78.384613,64256.0,31872.0,0.66308,1721542656.0,0.66308,0.0,0.66308,0.66308,0.66308,62.0,64.0,0.06146,0.000493,0.060967,23.0,10.0,13.0,0.0,0.0,0.0,0.0,0.0,-0.0,27568.318359,16215.238281,11353.080078,0.0,0.0,33.178501,13.573024,18.097364,0.0,0.0,0.0,0.0,0.0,0.0,0.0,0.0,0.0,0.0,0.0,0.0,0.0,0.0,0.0,1.0,0.0,0.0,0.0,0.0,0.0,0.0,0.0,0.0,0.0,0.0,0.0,0.0,0.0,0.0,0.0,0.0,7.0
2638.0,1619.0,1019.0,0.0,0.0,147.181824,78.384613,64256.0,31872.0,1.525192,1721542656.0,1.525192,0.0,1.525192,1.525192,1.525192,62.0,64.0,0.170547,0.000993,0.169554,24.0,11.0,13.0,0.0,0.0,0.0,0.0,0.0,-0.0,12656.766602,7720.995117,4935.771973,0.0,0.0,15.080069,6.556551,7.867862,0.0,0.0,0.0,0.0,0.0,0.0,0.0,0.0,0.0,0.0,0.0,0.0,0.0,0.0,0.0,1.0,0.0,0.0,0.0,0.0,0.0,0.0,0.0,0.0,0.0,0.0,0.0,0.0,0.0,0.0,0.0,0.0,7.0
2506.0,1619.0,887.0,0.0,0.0,161.899994,80.63636,64256.0,31872.0,1.483086,1721542656.0,1.483086,0.0,1.483086,1.483086,1.483086,62.0,64.0,0.184462,0.000992,0.18347,21.0,10.0,11.0,0.0,0.0,0.0,0.0,0.0,-0.0,12217.767578,7864.682129,4353.085449,0.0,0.0,13.485394,6.068428,6.742697,0.0,0.0,0.0,0.0,0.0,0.0,0.0,0.0,0.0,0.0,0.0,0.0,0.0,0.0,0.0,1.0,0.0,0.0,0.0,0.0,0.0,0.0,0.0,0.0,0.0,0.0,0.0,0.0,0.0,0.0,0.0,0.0,7.0
2578.0,1691.0,887.0,0.0,0.0,169.100006,80.63636,64256.0,31872.0,1.497128,1721542656.0,1.497128,0.0,1.497128,1.497128,1.497128,62.0,64.0,0.185126,0.000999,0.184127,21.0,10.0,11.0,0.0,0.0,0.0,0.0,0.0,-0.0,12445.161133,8132.905273,4312.256348,0.0,0.0,13.358912,6.01151,6.679456,0.0,0.0,0.0,0.0,0.0,0.0,0.0,0.0,0.0,0.0,0.0,0.0,0.0,0.0,0.0,1.0,0.0,0.0,0.0,0.0,0.0,0.0,0.0,0.0,0.0,0.0,0.0,0.0,0.0,0.0,0.0,0.0,7.0
2656.0,1769.0,887.0,0.0,0.0,176.899994,80.63636,64256.0,31872.0,1.306351,1721542656.0,1.306351,0.0,1.306351,1.306351,1.306351,62.0,64.0,0.154725,0.000489,0.154236,21.0,10.0,11.0,0.0,0.0,0.0,0.0,0.0,-0.0,14697.428711,9755.417969,4942.010254,0.0,0.0,15.309822,6.88942,7.654911,0.0,0.0,0.0,0.0,0.0,0.0,0.0,0.0,0.0,0.0,0.0,0.0,0.0,0.0,0.0,1.0,0.0,0.0,0.0,0.0,0.0,0.0,0.0,0.0,0.0,0.0,0.0,0.0,0.0,0.0,0.0,0.0,7.0
2987.0,1997.0,990.0,0.0,0.0,166.416672,82.5,64256.0,31872.0,4.82185,1721542656.0,4.82185,0.0,4.82185,4.82185,4.82185,62.0,64.0,0.168893,0.000966,0.167927,24.0,12.0,12.0,0.0,0.0,1.0,0.0,1.0,-0.0,4544.313965,3037.838379,1506.47583,4.0,0.0,4.769954,2.281282,2.281282,0.0,1.0,0.0,0.0,0.0,0.0,0.0,0.0,0.0,0.0,0.0,0.0,0.0,0.0,0.0,1.0,0.0,0.0,0.0,0.0,0.0,0.0,0.0,0.0,0.0,0.0,0.0,0.0,0.0,0.0,0.0,1.0,7.0
3110.0,1943.0,1167.0,0.0,0.0,194.300003,77.800003,64256.0,31872.0,4.043684,1721542656.0,4.043684,0.0,4.043684,4.043684,4.043684,62.0,64.0,0.147639,0.000491,0.147148,25.0,10.0,15.0,0.0,0.0,2.0,0.0,2.0,-0.0,5616.660645,3460.210938,2156.449463,7.407407,0.0,5.935182,2.225693,3.462189,0.0,1.0,0.0,0.0,0.0,0.0,0.0,0.0,0.0,0.0,0.0,0.0,0.0,0.0,0.0,1.0,0.0,0.0,0.0,0.0,0.0,0.0,0.0,0.0,0.0,0.0,0.0,0.0,0.0,0.0,0.0,0.0,7.0
3058.0,2039.0,1019.0,0.0,0.0,203.899994,78.384613,64256.0,31872.0,1.292227,1721542656.0,1.292227,0.0,1.292227,1.292227,1.292227,62.0,64.0,0.089809,0.001083,0.088726,23.0,10.0,13.0,0.0,0.0,0.0,0.0,0.0,-0.0,17192.025391,11366.423828,5825.601562,0.0,0.0,17.024872,6.96472,9.286294,0.0,0.0,0.0,0.0,0.0,0.0,0.0,0.0,0.0,0.0,0.0,0.0,0.0,0.0,0.0,1.0,0.0,0.0,0.0,0.0,0.0,0.0,0.0,0.0,0.0,0.0,0.0,0.0,0.0,0.0,0.0,0.0,7.0
3028.0,2141.0,887.0,0.0,0.0,214.100006,80.63636,64256.0,31872.0,1.371741,1721542656.0,1.371741,0.0,1.371741,1.371741,1.371741,62.0,64.0,0.168993,0.001004,0.167989,21.0,10.0,11.0,0.0,0.0,0.0,0.0,0.0,-0.0,15944.700195,11238.272461,4706.427734,0.0,0.0,14.580011,6.561005,7.290006,0.0,0.0,0.0,0.0,0.0,0.0,0.0,0.0,0.0,0.0,0.0,0.0,0.0,0.0,0.0,1.0,0.0,0.0,0.0,0.0,0.0,0.0,0.0,0.0,0.0,0.0,0.0,0.0,0.0,0.0,0.0,0.0,7.0
3268.0,2315.0,953.0,0.0,0.0,210.454544,79.416664,64256.0,31872.0,1.386115,1721542656.0,1.386115,0.0,1.386115,1.386115,1.386115,62.0,64.0,0.167814,0.000492,0.167322,23.0,11.0,12.0,0.0,0.0,0.0,0.0,0.0,-0.0,17193.378906,12149.064453,5044.314453,0.0,0.0,15.871699,7.214409,7.93585,0.0,0.0,0.0,0.0,0.0,0.0,0.0,0.0,0.0,0.0,0.0,0.0,0.0,0.0,0.0,1.0,0.0,0.0,0.0,0.0,0.0,0.0,0.0,0.0,0.0,0.0,0.0,0.0,0.0,0.0,0.0,0.0,7.0
3748.0,2573.0,1175.0,0.0,0.0,197.92308,78.333336,64256.0,31872.0,3.113555,1721542656.0,3.113555,0.0,3.113555,3.113555,3.113555,62.0,64.0,0.169466,0.000972,0.168494,28.0,13.0,15.0,0.0,0.0,3.0,0.0,3.0,-0.0,8923.561523,6104.918945,2818.643066,9.677419,0.0,8.67176,3.854115,4.496468,0.0,1.0,0.0,0.0,0.0,0.0,0.0,0.0,0.0,0.0,0.0,0.0,0.0,0.0,0.0,1.0,0.0,0.0,0.0,0.0,0.0,0.0,0.0,0.0,0.0,0.0,0.0,0.0,0.0,0.0,0.0,1.0,7.0
3502.0,2549.0,953.0,0.0,0.0,231.72728,79.416664,64256.0,31872.0,1.387408,1721542656.0,1.387408,0.0,1.387408,1.387408,1.387408,62.0,64.0,0.168154,0.000491,0.167663,23.0,11.0,12.0,0.0,0.0,0.0,0.0,0.0,-0.0,18405.544922,13365.930664,5039.613281,0.0,0.0,15.856907,7.207685,7.928453,0.0,0.0,0.0,0.0,0.0,0.0,0.0,0.0,0.0,0.0,0.0,0.0,0.0,0.0,0.0,1.0,0.0,0.0,0.0,0.0,0.0,0.0,0.0,0.0,0.0,0.0,0.0,0.0,0.0,0.0,0.0,0.0,7.0
3694.0,2675.0,1019.0,0.0,0.0,243.181824,78.384613,64256.0,31872.0,0.740679,1721542656.0,0.740679,0.0,0.740679,0.740679,0.740679,62.0,64.0,0.062206,0.000493,0.061713,24.0,11.0,13.0,0.0,0.0,0.0,0.0,0.0,-0.0,36431.433594,26267.789062,10163.646484,0.0,0.0,31.052588,13.501124,16.201349,0.0,0.0,0.0,0.0,0.0,0.0,0.0,0.0,0.0,0.0,0.0,0.0,0.0,0.0,0.0,1.0,0.0,0.0,0.0,0.0,0.0,0.0,0.0,0.0,0.0,0.0,0.0,0.0,0.0,0.0,0.0,0.0,7.0
3760.0,2807.0,953.0,0.0,0.0,255.181824,79.416664,64256.0,31872.0,1.418831,1721542656.0,1.418831,0.0,1.418831,1.418831,1.418831,62.0,64.0,0.155546,0.001115,0.154431,23.0,11.0,12.0,0.0,0.0,0.0,0.0,0.0,-0.0,19317.310547,14389.310547,4928.000488,0.0,0.0,15.505723,7.048056,7.752861,0.0,0.0,0.0,0.0,0.0,0.0,0.0,0.0,0.0,0.0,0.0,0.0,0.0,0.0,0.0,1.0,0.0,0.0,0.0,0.0,0.0,0.0,0.0,0.0,0.0,0.0,0.0,0.0,0.0,0.0,0.0,0.0,7.0
3898.0,2945.0,953.0,0.0,0.0,267.727264,79.416664,64256.0,31872.0,0.569092,1721542656.0,0.569092,0.0,0.569092,0.569092,0.569092,62.0,64.0,0.060176,0.000989,0.059187,23.0,11.0,12.0,0.0,0.0,0.0,0.0,0.0,-0.0,49932.175781,37645.9375,12286.239258,0.0,0.0,38.658073,17.571852,19.329037,0.0,0.0,0.0,0.0,0.0,0.0,0.0,0.0,0.0,0.0,0.0,0.0,0.0,0.0,0.0,1.0,0.0,0.0,0.0,0.0,0.0,0.0,0.0,0.0,0.0,0.0,0.0,0.0,0.0,0.0,0.0,0.0,7.0
4042.0,3089.0,953.0,0.0,0.0,280.818176,79.416664,64256.0,31872.0,0.695089,1721542656.0,0.695089,0.0,0.695089,0.695089,0.695089,62.0,64.0,0.062543,0.000988,0.061555,23.0,11.0,12.0,0.0,0.0,0.0,0.0,0.0,-0.0,42388.816406,32329.673828,10059.143555,0.0,0.0,31.650623,14.386647,15.825312,0.0,0.0,0.0,0.0,0.0,0.0,0.0,0.0,0.0,0.0,0.0,0.0,0.0,0.0,0.0,1.0,0.0,0.0,0.0,0.0,0.0,0.0,0.0,0.0,0.0,0.0,0.0,0.0,0.0,0.0,0.0,0.0,7.0
4192.0,3239.0,953.0,0.0,0.0,294.454559,79.416664,64256.0,31872.0,0.769849,1721542656.0,0.769849,0.0,0.769849,0.769849,0.769849,62.0,64.0,0.062018,0.001141,0.060877,23.0,11.0,12.0,0.0,0.0,0.0,0.0,0.0,-0.0,39685.703125,30603.404297,9082.300781,0.0,0.0,28.577032,12.98956,14.288516,0.0,0.0,0.0,0.0,0.0,0.0,0.0,0.0,0.0,0.0,0.0,0.0,0.0,0.0,0.0,1.0,0.0,0.0,0.0,0.0,0.0,0.0,0.0,0.0,0.0,0.0,0.0,0.0,0.0,0.0,0.0,0.0,7.0
4348.0,3395.0,953.0,0.0,0.0,308.636353,79.416664,64256.0,31872.0,0.664712,1721542656.0,0.664712,0.0,0.664712,0.664712,0.664712,62.0,64.0,0.061402,0.000996,0.060406,23.0,11.0,12.0,0.0,0.0,0.0,0.0,0.0,-0.0,47671.777344,37152.933594,10518.84082,0.0,0.0,33.097038,15.044109,16.548519,0.0,0.0,0.0,0.0,0.0,0.0,0.0,0.0,0.0,0.0,0.0,0.0,0.0,0.0,0.0,1.0,0.0,0.0,0.0,0.0,0.0,0.0,0.0,0.0,0.0,0.0,0.0,0.0,0.0,0.0,0.0,0.0,7.0
4510.0,3557.0,953.0,0.0,0.0,323.363647,79.416664,64256.0,31872.0,0.787949,1721542656.0,0.787949,0.0,0.787949,0.787949,0.787949,62.0,64.0,0.078073,0.000505,0.077568,23.0,11.0,12.0,0.0,0.0,0.0,0.0,0.0,-0.0,41708.28125,32834.609375,8873.670898,0.0,0.0,27.920588,12.691176,13.960294,0.0,0.0,0.0,0.0,0.0,0.0,0.0,0.0,0.0,0.0,0.0,0.0,0.0,0.0,0.0,1.0,0.0,0.0,0.0,0.0,0.0,0.0,0.0,0.0,0.0,0.0,0.0,0.0,0.0,0.0,0.0,0.0,7.0
4678.0,3725.0,953.0,0.0,0.0,338.636353,79.416664,64256.0,31872.0,0.541098,1721542656.0,0.541098,0.0,0.541098,0.541098,0.541098,62.0,64.0,0.048218,0.000993,0.047225,23.0,11.0,12.0,0.0,0.0,0.0,0.0,0.0,-0.0,62997.832031,50075.957031,12921.874023,0.0,0.0,40.65807,18.48094,20.329035,0.0,0.0,0.0,0.0,0.0,0.0,0.0,0.0,0.0,0.0,0.0,0.0,0.0,0.0,0.0,1.0,0.0,0.0,0.0,0.0,0.0,0.0,0.0,0.0,0.0,0.0,0.0,0.0,0.0,0.0,0.0,0.0,7.0
5050.0,3965.0,1085.0,0.0,0.0,330.416656,77.5,64256.0,31872.0,0.696503,1721542656.0,0.696503,0.0,0.696503,0.696503,0.696503,62.0,64.0,0.061282,0.000991,0.060291,26.0,12.0,14.0,0.0,0.0,0.0,0.0,0.0,-0.0,53329.277344,41751.4375,11577.839844,0.0,0.0,35.8936,15.793184,18.664673,0.0,0.0,0.0,0.0,0.0,0.0,0.0,0.0,0.0,0.0,0.0,0.0,0.0,0.0,0.0,1.0,0.0,0.0,0.0,0.0,0.0,0.0,0.0,0.0,0.0,0.0,0.0,0.0,0.0,0.0,0.0,0.0,7.0
5230.0,4145.0,1085.0,0.0,0.0,345.416656,77.5,64256.0,31872.0,0.53806,1721542656.0,0.53806,0.0,0.53806,0.53806,0.53806,62.0,64.0,0.046096,0.0,0.046096,26.0,12.0,14.0,0.0,0.0,0.0,0.0,0.0,-0.0,71486.453125,56499.273438,14987.175781,0.0,0.0,46.463219,20.443817,24.160873,0.0,0.0,0.0,0.0,0.0,0.0,0.0,0.0,0.0,0.0,0.0,0.0,0.0,0.0,0.0,1.0,0.0,0.0,0.0,0.0,0.0,0.0,0.0,0.0,0.0,0.0,0.0,0.0,0.0,0.0,0.0,0.0,7.0
5284.0,4331.0,953.0,0.0,0.0,360.916656,79.416664,64256.0,31872.0,1.094835,1721542656.0,1.094835,0.0,1.094835,1.094835,1.094835,62.0,64.0,0.095462,0.004702,0.09076,24.0,12.0,12.0,0.0,0.0,0.0,0.0,0.0,-0.0,35402.59375,29016.244141,6386.350098,0.0,0.0,21.00773,10.047175,10.047175,0.0,0.0,0.0,0.0,0.0,0.0,0.0,0.0,0.0,0.0,0.0,0.0,0.0,0.0,0.0,1.0,0.0,0.0,0.0,0.0,0.0,0.0,0.0,0.0,0.0,0.0,0.0,0.0,0.0,0.0,0.0,0.0,7.0
5476.0,4523.0,953.0,0.0,0.0,376.916656,79.416664,64256.0,31872.0,1.344218,1721542656.0,1.344218,0.0,1.344218,1.344218,1.344218,62.0,64.0,0.155826,0.002133,0.153693,24.0,12.0,12.0,0.0,0.0,0.0,0.0,0.0,-0.0,29882.056641,24680.519531,5201.537109,0.0,0.0,17.110319,8.183196,8.183196,0.0,0.0,0.0,0.0,0.0,0.0,0.0,0.0,0.0,0.0,0.0,0.0,0.0,0.0,0.0,1.0,0.0,0.0,0.0,0.0,0.0,0.0,0.0,0.0,0.0,0.0,0.0,0.0,0.0,0.0,0.0,0.0,7.0
5674.0,4721.0,953.0,0.0,0.0,393.416656,79.416664,64256.0,31872.0,1.386952,1721542656.0,1.386952,0.0,1.386952,1.386952,1.386952,62.0,64.0,0.168447,0.000492,0.167955,24.0,12.0,12.0,0.0,0.0,0.0,0.0,0.0,-0.0,30005.363281,24964.09375,5041.27002,0.0,0.0,16.583126,7.93106,7.93106,0.0,0.0,0.0,0.0,0.0,0.0,0.0,0.0,0.0,0.0,0.0,0.0,0.0,0.0,0.0,1.0,0.0,0.0,0.0,0.0,0.0,0.0,0.0,0.0,0.0,0.0,0.0,0.0,0.0,0.0,0.0,0.0,7.0
6026.0,4925.0,1101.0,0.0,0.0,410.416656,78.64286,64256.0,31872.0,4.14721,1721542656.0,4.14721,0.0,4.14721,4.14721,4.14721,62.0,64.0,0.149833,0.001646,0.148187,26.0,12.0,14.0,0.0,0.0,2.0,0.0,2.0,-0.0,10682.844727,8709.469727,1973.374756,7.142857,0.0,6.028149,2.652385,3.134637,0.0,1.0,0.0,0.0,0.0,0.0,0.0,0.0,0.0,0.0,0.0,0.0,0.0,0.0,0.0,1.0,0.0,0.0,0.0,0.0,0.0,0.0,0.0,0.0,0.0,0.0,0.0,0.0,0.0,0.0,0.0,0.0,7.0
6286.0,5201.0,1085.0,0.0,0.0,400.076935,77.5,64256.0,31872.0,0.571439,1721542656.0,0.571439,0.0,0.571439,0.571439,0.571439,62.0,64.0,0.046438,0.000982,0.045456,27.0,13.0,14.0,0.0,0.0,0.0,0.0,0.0,-0.0,81324.515625,67212.773438,14111.742188,0.0,0.0,45.499168,20.999617,22.749584,0.0,0.0,0.0,0.0,0.0,0.0,0.0,0.0,0.0,0.0,0.0,0.0,0.0,0.0,0.0,1.0,0.0,0.0,0.0,0.0,0.0,0.0,0.0,0.0,0.0,0.0,0.0,0.0,0.0,0.0,0.0,0.0,7.0
6724.0,5483.0,1241.0,0.0,0.0,391.642853,77.5625,64256.0,31872.0,3.14651,1721542656.0,3.14651,0.0,3.14651,3.14651,3.14651,62.0,64.0,0.169106,0.000495,0.168611,30.0,14.0,16.0,0.0,0.0,3.0,0.0,3.0,-0.0,15905.876953,12946.408203,2959.469482,9.090909,0.0,9.216561,4.131562,4.767187,0.0,1.0,0.0,0.0,0.0,0.0,0.0,0.0,0.0,0.0,0.0,0.0,0.0,0.0,0.0,1.0,0.0,0.0,0.0,0.0,0.0,0.0,0.0,0.0,0.0,0.0,0.0,0.0,0.0,0.0,0.0,0.0,7.0
6658.0,5639.0,1019.0,0.0,0.0,433.769226,78.384613,64256.0,31872.0,1.356125,1721542656.0,1.356125,0.0,1.356125,1.356125,1.356125,62.0,64.0,0.169565,0.001505,0.16806,26.0,13.0,13.0,0.0,0.0,0.0,0.0,0.0,-0.0,36262.144531,30711.033203,5551.11084,0.0,0.0,18.434879,8.848742,8.848742,0.0,0.0,0.0,0.0,0.0,0.0,0.0,0.0,0.0,0.0,0.0,0.0,0.0,0.0,0.0,1.0,0.0,0.0,0.0,0.0,0.0,0.0,0.0,0.0,0.0,0.0,0.0,0.0,0.0,0.0,0.0,0.0,7.0
6886.0,5867.0,1019.0,0.0,0.0,451.307678,78.384613,64256.0,31872.0,0.555943,1721542656.0,0.555943,0.0,0.555943,0.555943,0.555943,62.0,64.0,0.064128,0.000993,0.063135,26.0,13.0,13.0,0.0,0.0,0.0,0.0,0.0,-0.0,91477.0,77936.046875,13540.956055,0.0,0.0,44.968639,21.584946,21.584946,0.0,0.0,0.0,0.0,0.0,0.0,0.0,0.0,0.0,0.0,0.0,0.0,0.0,0.0,0.0,1.0,0.0,0.0,0.0,0.0,0.0,0.0,0.0,0.0,0.0,0.0,0.0,0.0,0.0,0.0,0.0,0.0,7.0
7120.0,6101.0,1019.0,0.0,0.0,469.307678,78.384613,64256.0,31872.0,0.575898,1721542656.0,0.575898,0.0,0.575898,0.575898,0.575898,62.0,64.0,0.06191,0.000997,0.060913,26.0,13.0,13.0,0.0,0.0,0.0,0.0,0.0,-0.0,91307.835938,78236.078125,13071.759766,0.0,0.0,43.410465,20.837023,20.837023,0.0,0.0,0.0,0.0,0.0,0.0,0.0,0.0,0.0,0.0,0.0,0.0,0.0,0.0,0.0,1.0,0.0,0.0,0.0,0.0,0.0,0.0,0.0,0.0,0.0,0.0,0.0,0.0,0.0,0.0,0.0,0.0,7.0
7504.0,6419.0,1085.0,0.0,0.0,458.5,77.5,64256.0,31872.0,1.034279,1721542656.0,1.034279,0.0,1.034279,1.034279,1.034279,62.0,64.0,0.04712,0.000493,0.046627,28.0,14.0,14.0,0.0,0.0,0.0,0.0,0.0,-0.0,53904.21875,46107.480469,7796.73584,0.0,0.0,26.105143,12.569142,12.569142,0.0,0.0,0.0,0.0,0.0,0.0,0.0,0.0,0.0,0.0,0.0,0.0,0.0,0.0,0.0,1.0,0.0,0.0,0.0,0.0,0.0,0.0,0.0,0.0,0.0,0.0,0.0,0.0,0.0,0.0,0.0,1.0,7.0
7684.0,6587.0,1097.0,0.0,0.0,506.692322,78.35714,64256.0,31872.0,2.054395,1721542656.0,2.054395,0.0,2.054395,2.054395,2.054395,62.0,64.0,0.170902,0.000501,0.170401,27.0,13.0,14.0,0.0,0.0,1.0,1.0,0.0,-0.0,27648.042969,23679.964844,3968.078369,3.571429,0.0,12.655794,5.841136,6.327897,0.0,0.0,0.0,1.0,0.0,0.0,0.0,0.0,0.0,0.0,0.0,0.0,0.0,0.0,0.0,1.0,0.0,0.0,0.0,0.0,0.0,0.0,0.0,0.0,0.0,0.0,0.0,0.0,0.0,0.0,0.0,1.0,7.0
8235.0,6917.0,1318.0,0.0,0.0,494.071442,77.529411,64256.0,31872.0,4.867379,1721542656.0,4.867379,0.0,4.867379,4.867379,4.867379,62.0,64.0,0.12327,0.001493,0.121777,31.0,14.0,17.0,0.0,0.0,7.0,0.0,7.0,-0.0,12596.511719,10556.810547,2039.701416,18.421053,0.0,6.163481,2.670842,3.28719,0.0,1.0,0.0,0.0,0.0,0.0,0.0,0.0,0.0,0.0,0.0,0.0,0.0,0.0,0.0,0.0,0.0,0.0,0.0,0.0,0.0,0.0,0.0,0.0,1.0,0.0,0.0,0.0,0.0,0.0,0.0,1.0,7.0
8182.0,7163.0,1019.0,0.0,0.0,511.642853,78.384613,64256.0,31872.0,1.296378,1721542656.0,1.296378,0.0,1.296378,1.296378,1.296378,62.0,64.0,0.110003,0.001103,0.1089,27.0,14.0,13.0,0.0,0.0,0.0,0.0,0.0,-0.0,46856.703125,41049.753906,5806.948242,0.0,0.0,20.055878,10.027939,9.256559,0.0,0.0,0.0,0.0,0.0,0.0,0.0,0.0,0.0,0.0,0.0,0.0,0.0,0.0,0.0,1.0,0.0,0.0,0.0,0.0,0.0,0.0,0.0,0.0,0.0,0.0,0.0,0.0,0.0,0.0,0.0,0.0,7.0
210.0,144.0,66.0,0.0,0.0,72.0,66.0,64256.0,31872.0,0.433841,1721542656.0,0.433841,0.0,0.433841,0.433841,0.433841,62.0,64.0,0.12327,0.001493,0.121777,3.0,2.0,1.0,0.0,0.0,0.0,0.0,0.0,-0.0,1327.675415,1327.675415,0.0,0.0,0.0,4.609984,2.304992,0.0,0.0,0.0,0.0,0.0,1.0,0.0,0.0,0.0,1.0,0.0,0.0,0.0,0.0,0.0,0.0,0.0,0.0,0.0,0.0,0.0,0.0,0.0,0.0,0.0,0.0,0.0,0.0,0.0,0.0,0.0,0.0,1.0,7.0
544.0,140.0,404.0,0.0,0.0,70.0,101.0,64256.0,31872.0,2.278233,1721542656.0,2.278233,0.0,2.278233,2.278233,2.278233,62.0,64.0,0.168253,0.000487,0.167766,6.0,2.0,4.0,0.0,0.0,2.0,0.0,2.0,-0.0,1309.786987,245.804535,1063.982422,25.0,0.0,2.194683,0.438937,1.31681,0.0,1.0,0.0,0.0,0.0,0.0,0.0,0.0,0.0,0.0,0.0,0.0,0.0,0.0,0.0,0.0,0.0,0.0,0.0,0.0,0.0,0.0,0.0,1.0,0.0,0.0,0.0,0.0,0.0,0.0,0.0,0.0,7.0
8442.0,7365.0,1077.0,0.0,0.0,566.538452,76.928574,64256.0,31872.0,3.979502,1721542656.0,3.979502,0.0,3.979502,3.979502,3.979502,62.0,64.0,0.168253,0.000487,0.167766,27.0,13.0,14.0,0.0,0.0,0.0,0.0,0.0,-0.0,15680.354492,13668.041992,2012.312134,0.0,0.0,6.533481,3.015453,3.266741,0.0,0.0,0.0,0.0,1.0,0.0,0.0,0.0,0.0,0.0,0.0,1.0,0.0,0.0,0.0,0.0,0.0,0.0,0.0,0.0,0.0,0.0,0.0,0.0,0.0,0.0,0.0,0.0,0.0,0.0,0.0,1.0,7.0
8848.0,7697.0,1151.0,0.0,0.0,549.785706,76.73333,64256.0,31872.0,0.664905,1721542656.0,0.664905,0.0,0.664905,0.664905,0.664905,62.0,64.0,0.046459,0.000536,0.045923,29.0,14.0,15.0,0.0,0.0,0.0,0.0,0.0,-0.0,98937.4375,86003.265625,12934.178711,0.0,0.0,42.111279,19.551664,21.055639,0.0,0.0,0.0,0.0,0.0,0.0,0.0,0.0,0.0,0.0,0.0,0.0,0.0,0.0,0.0,1.0,0.0,0.0,0.0,0.0,0.0,0.0,0.0,0.0,0.0,0.0,0.0,0.0,0.0,0.0,0.0,0.0,7.0
8992.0,7973.0,1019.0,0.0,0.0,569.5,78.384613,64256.0,31872.0,1.39122,1721542656.0,1.39122,0.0,1.39122,1.39122,1.39122,62.0,64.0,0.1694,0.001073,0.168327,27.0,14.0,13.0,0.0,0.0,0.0,0.0,0.0,-0.0,47986.660156,42575.582031,5411.078125,0.0,0.0,18.688633,9.344316,8.625523,0.0,0.0,0.0,0.0,0.0,0.0,0.0,0.0,0.0,0.0,0.0,0.0,0.0,0.0,0.0,1.0,0.0,0.0,0.0,0.0,0.0,0.0,0.0,0.0,0.0,0.0,0.0,0.0,0.0,0.0,0.0,0.0,7.0
9554.0,8255.0,1299.0,0.0,0.0,589.642883,76.411766,64256.0,31872.0,3.758901,1721542656.0,3.758901,0.0,3.758901,3.758901,3.758901,62.0,64.0,0.061139,0.00099,0.060149,31.0,14.0,17.0,0.0,0.0,2.0,0.0,2.0,-0.0,18918.296875,16315.407227,2602.888428,6.060606,0.0,7.981056,3.458458,4.256563,0.0,1.0,0.0,0.0,0.0,0.0,0.0,0.0,0.0,0.0,0.0,0.0,0.0,0.0,0.0,1.0,0.0,0.0,0.0,0.0,0.0,0.0,0.0,0.0,0.0,0.0,0.0,0.0,0.0,0.0,0.0,0.0,7.0
9694.0,8609.0,1085.0,0.0,0.0,573.93335,77.5,64256.0,31872.0,3.202543,1721542656.0,3.202543,0.0,3.202543,3.202543,3.202543,62.0,64.0,0.171719,0.000991,0.170728,29.0,15.0,14.0,0.0,0.0,0.0,0.0,0.0,-0.0,22592.046875,20074.046875,2517.999023,0.0,0.0,8.743052,4.371526,4.059274,0.0,0.0,0.0,0.0,0.0,0.0,0.0,0.0,0.0,0.0,0.0,0.0,0.0,0.0,0.0,1.0,0.0,0.0,0.0,0.0,0.0,0.0,0.0,0.0,0.0,0.0,0.0,0.0,0.0,0.0,0.0,0.0,7.0
9988.0,8903.0,1085.0,0.0,0.0,593.533325,77.5,64256.0,31872.0,0.706377,1721542656.0,0.706377,0.0,0.706377,0.706377,0.706377,62.0,64.0,0.064017,0.001084,0.062933,29.0,15.0,14.0,0.0,0.0,0.0,0.0,0.0,-0.0,105530.046875,94114.046875,11416.0,0.0,0.0,39.638889,19.819445,18.403769,0.0,0.0,0.0,0.0,0.0,0.0,0.0,0.0,0.0,0.0,0.0,0.0,0.0,0.0,0.0,1.0,0.0,0.0,0.0,0.0,0.0,0.0,0.0,0.0,0.0,0.0,0.0,0.0,0.0,0.0,0.0,0.0,7.0
10288.0,9203.0,1085.0,0.0,0.0,613.533325,77.5,64256.0,31872.0,1.155679,1721542656.0,1.155679,0.0,1.155679,1.155679,1.155679,62.0,64.0,0.183863,0.000929,0.182934,29.0,15.0,14.0,0.0,0.0,0.0,0.0,0.0,-0.0,66440.59375,59462.878906,6977.716309,0.0,0.0,24.228182,12.114091,11.248798,0.0,0.0,0.0,0.0,0.0,0.0,0.0,0.0,0.0,0.0,0.0,0.0,0.0,0.0,0.0,1.0,0.0,0.0,0.0,0.0,0.0,0.0,0.0,0.0,0.0,0.0,0.0,0.0,0.0,0.0,0.0,0.0,7.0
10594.0,9509.0,1085.0,0.0,0.0,633.93335,77.5,64256.0,31872.0,0.5544,1721542656.0,0.5544,0.0,0.5544,0.5544,0.5544,62.0,64.0,0.062179,0.000587,0.061592,29.0,15.0,14.0,0.0,0.0,0.0,0.0,0.0,-0.0,142626.25,128080.804688,14545.454102,0.0,0.0,50.505047,25.252523,23.448772,0.0,0.0,0.0,0.0,0.0,0.0,0.0,0.0,0.0,0.0,0.0,0.0,0.0,0.0,0.0,1.0,0.0,0.0,0.0,0.0,0.0,0.0,0.0,0.0,0.0,0.0,0.0,0.0,0.0,0.0,0.0,0.0,7.0
11104.0,9887.0,1217.0,0.0,0.0,617.9375,76.0625,64256.0,31872.0,0.557326,1721542656.0,0.557326,0.0,0.557326,0.557326,0.557326,62.0,64.0,0.062311,0.001001,0.06131,32.0,16.0,16.0,0.0,0.0,0.0,0.0,0.0,-0.0,149442.15625,133063.953125,16378.205078,0.0,0.0,55.622738,26.914228,26.914228,0.0,0.0,0.0,0.0,0.0,0.0,0.0,0.0,0.0,0.0,0.0,0.0,0.0,0.0,0.0,1.0,0.0,0.0,0.0,0.0,0.0,0.0,0.0,0.0,0.0,0.0,0.0,0.0,0.0,0.0,0.0,0.0,7.0
11422.0,10205.0,1217.0,0.0,0.0,637.8125,76.0625,64256.0,31872.0,0.679562,1721542656.0,0.679562,0.0,0.679562,0.679562,0.679562,62.0,64.0,0.066976,0.001954,0.065022,32.0,16.0,16.0,0.0,0.0,0.0,0.0,0.0,-0.0,126069.445312,112637.265625,13432.181641,0.0,0.0,45.617619,22.073042,22.073042,0.0,0.0,0.0,0.0,0.0,0.0,0.0,0.0,0.0,0.0,0.0,0.0,0.0,0.0,0.0,1.0,0.0,0.0,0.0,0.0,0.0,0.0,0.0,0.0,0.0,0.0,0.0,0.0,0.0,0.0,0.0,0.0,7.0
11746.0,10529.0,1217.0,0.0,0.0,658.0625,76.0625,64256.0,31872.0,0.788947,1721542656.0,0.788947,0.0,0.788947,0.788947,0.788947,62.0,64.0,0.079806,0.0,0.079806,32.0,16.0,16.0,0.0,0.0,0.0,0.0,0.0,-0.0,111662.765625,100092.914062,11569.852539,0.0,0.0,39.292881,19.012684,19.012684,0.0,0.0,0.0,0.0,0.0,0.0,0.0,0.0,0.0,0.0,0.0,0.0,0.0,0.0,0.0,1.0,0.0,0.0,0.0,0.0,0.0,0.0,0.0,0.0,0.0,0.0,0.0,0.0,0.0,0.0,0.0,0.0,7.0
12076.0,10859.0,1217.0,0.0,0.0,678.6875,76.0625,64256.0,31872.0,0.894662,1721542656.0,0.894662,0.0,0.894662,0.894662,0.894662,62.0,64.0,0.092388,0.0,0.092388,32.0,16.0,16.0,0.0,0.0,0.0,0.0,0.0,-0.0,101240.46875,91037.726562,10202.735352,0.0,0.0,34.649956,16.766108,16.766108,0.0,0.0,0.0,0.0,0.0,0.0,0.0,0.0,0.0,0.0,0.0,0.0,0.0,0.0,0.0,1.0,0.0,0.0,0.0,0.0,0.0,0.0,0.0,0.0,0.0,0.0,0.0,0.0,0.0,0.0,0.0,0.0,7.0
12412.0,11195.0,1217.0,0.0,0.0,699.6875,76.0625,64256.0,31872.0,1.160678,1721542656.0,1.160678,0.0,1.160678,1.160678,1.160678,62.0,64.0,0.126775,0.00088,0.125895,32.0,16.0,16.0,0.0,0.0,0.0,0.0,0.0,-0.0,80208.289062,72343.921875,7864.368652,0.0,0.0,26.708527,12.923481,12.923481,0.0,0.0,0.0,0.0,0.0,0.0,0.0,0.0,0.0,0.0,0.0,0.0,0.0,0.0,0.0,1.0,0.0,0.0,0.0,0.0,0.0,0.0,0.0,0.0,0.0,0.0,0.0,0.0,0.0,0.0,0.0,0.0,7.0
12754.0,11603.0,1151.0,0.0,0.0,682.529419,76.73333,64256.0,31872.0,0.54155,1721542656.0,0.54155,0.0,0.54155,0.54155,0.54155,62.0,64.0,0.061727,0.0,0.061727,32.0,17.0,15.0,0.0,0.0,0.0,0.0,0.0,-0.0,177209.859375,161329.515625,15880.34375,0.0,0.0,57.243099,29.544827,25.851723,0.0,0.0,0.0,0.0,0.0,0.0,0.0,0.0,0.0,0.0,0.0,0.0,0.0,0.0,0.0,1.0,0.0,0.0,0.0,0.0,0.0,0.0,0.0,0.0,0.0,0.0,0.0,0.0,0.0,0.0,0.0,0.0,7.0
13102.0,11951.0,1151.0,0.0,0.0,703.0,76.73333,64256.0,31872.0,0.555912,1721542656.0,0.555912,0.0,0.555912,0.555912,0.555912,62.0,64.0,0.061798,0.000425,0.061373,32.0,17.0,15.0,0.0,0.0,0.0,0.0,0.0,-0.0,177337.421875,161867.34375,15470.074219,0.0,0.0,55.764221,28.781532,25.183842,0.0,0.0,0.0,0.0,0.0,0.0,0.0,0.0,0.0,0.0,0.0,0.0,0.0,0.0,0.0,1.0,0.0,0.0,0.0,0.0,0.0,0.0,0.0,0.0,0.0,0.0,0.0,0.0,0.0,0.0,0.0,0.0,7.0
13456.0,12305.0,1151.0,0.0,0.0,723.823547,76.73333,64256.0,31872.0,0.590311,1721542656.0,0.590311,0.0,0.590311,0.590311,0.590311,62.0,64.0,0.0618,0.001002,0.060798,32.0,17.0,15.0,0.0,0.0,0.0,0.0,0.0,-0.0,171529.921875,156961.328125,14568.591797,0.0,0.0,52.51469,27.104357,23.716312,0.0,0.0,0.0,0.0,0.0,0.0,0.0,0.0,0.0,0.0,0.0,0.0,0.0,0.0,0.0,1.0,0.0,0.0,0.0,0.0,0.0,0.0,0.0,0.0,0.0,0.0,0.0,0.0,0.0,0.0,0.0,0.0,7.0
13816.0,12665.0,1151.0,0.0,0.0,745.0,76.73333,64256.0,31872.0,1.344721,1721542656.0,1.344721,0.0,1.344721,1.344721,1.344721,62.0,64.0,0.156982,0.000732,0.15625,32.0,17.0,15.0,0.0,0.0,0.0,0.0,0.0,-0.0,77309.726562,70914.34375,6395.378906,0.0,0.0,23.05311,11.898379,10.411082,0.0,0.0,0.0,0.0,0.0,0.0,0.0,0.0,0.0,0.0,0.0,0.0,0.0,0.0,0.0,1.0,0.0,0.0,0.0,0.0,0.0,0.0,0.0,0.0,0.0,0.0,0.0,0.0,0.0,0.0,0.0,0.0,7.0
14506.0,13103.0,1403.0,0.0,0.0,727.944458,77.944443,64256.0,31872.0,3.358593,1721542656.0,3.358593,0.0,3.358593,3.358593,3.358593,62.0,64.0,0.166703,0.000519,0.166184,36.0,18.0,18.0,0.0,0.0,4.0,0.0,4.0,-0.0,32637.476562,29479.011719,3158.465576,10.0,0.0,10.42103,5.061644,5.061644,0.0,1.0,0.0,0.0,0.0,0.0,0.0,0.0,0.0,0.0,0.0,0.0,0.0,0.0,0.0,0.0,0.0,0.0,0.0,0.0,0.0,0.0,0.0,0.0,0.0,1.0,0.0,0.0,0.0,0.0,0.0,1.0,7.0
563.0,282.0,281.0,0.0,0.0,70.5,70.25,64256.0,31872.0,0.169438,1721542656.0,0.169438,0.0,0.169438,0.169438,0.169438,62.0,64.0,0.166703,0.000519,0.166184,8.0,4.0,4.0,0.0,0.0,0.0,0.0,0.0,-0.0,19971.90625,10009.560547,9962.345703,0.0,0.0,41.313046,17.705591,17.705591,0.0,0.0,0.0,0.0,1.0,0.0,0.0,0.0,0.0,0.0,0.0,1.0,0.0,0.0,0.0,0.0,0.0,0.0,0.0,0.0,0.0,0.0,0.0,0.0,0.0,0.0,0.0,0.0,0.0,0.0,0.0,1.0,7.0
14620.0,13469.0,1151.0,0.0,0.0,748.277771,76.73333,64256.0,31872.0,1.341981,1721542656.0,1.341981,0.0,1.341981,1.341981,1.341981,62.0,64.0,0.166195,0.009455,0.15674,33.0,18.0,15.0,0.0,0.0,0.0,0.0,0.0,-0.0,82242.59375,75834.15625,6408.436035,0.0,0.0,23.845345,12.667839,10.432338,0.0,0.0,0.0,0.0,0.0,0.0,0.0,0.0,0.0,0.0,0.0,0.0,0.0,0.0,0.0,1.0,0.0,0.0,0.0,0.0,0.0,0.0,0.0,0.0,0.0,0.0,0.0,0.0,0.0,0.0,0.0,0.0,7.0
15130.0,13847.0,1283.0,0.0,0.0,769.277771,75.470589,64256.0,31872.0,0.604354,1721542656.0,0.604354,0.0,0.604354,0.604354,0.604354,62.0,64.0,0.062164,0.000917,0.061247,35.0,18.0,17.0,0.0,0.0,0.0,0.0,0.0,-0.0,189107.703125,173117.078125,15990.626953,0.0,0.0,56.258415,28.129208,26.474548,0.0,0.0,0.0,0.0,0.0,0.0,0.0,0.0,0.0,0.0,0.0,0.0,0.0,0.0,0.0,1.0,0.0,0.0,0.0,0.0,0.0,0.0,0.0,0.0,0.0,0.0,0.0,0.0,0.0,0.0,0.0,0.0,7.0
15768.0,14309.0,1459.0,0.0,0.0,753.105286,76.789474,64256.0,31872.0,2.094403,1721542656.0,2.094403,0.0,2.094403,2.094403,2.094403,62.0,64.0,0.16012,0.0005,0.15962,38.0,19.0,19.0,0.0,0.0,1.0,0.0,1.0,-0.0,57062.5625,51779.910156,5282.650879,2.564103,0.0,17.666132,8.594335,8.594335,0.0,1.0,0.0,0.0,0.0,0.0,0.0,0.0,0.0,0.0,0.0,0.0,0.0,0.0,0.0,1.0,0.0,0.0,0.0,0.0,0.0,0.0,0.0,0.0,0.0,0.0,0.0,0.0,0.0,0.0,0.0,1.0,7.0
15904.0,14687.0,1217.0,0.0,0.0,773.0,76.0625,64256.0,31872.0,1.693767,1721542656.0,1.693767,0.0,1.693767,1.693767,1.693767,62.0,64.0,0.169129,0.000993,0.168136,35.0,19.0,16.0,0.0,0.0,0.0,0.0,0.0,-0.0,71107.773438,65718.601562,5389.171387,0.0,0.0,20.073601,10.6272,8.856,0.0,0.0,0.0,0.0,0.0,0.0,0.0,0.0,0.0,0.0,0.0,0.0,0.0,0.0,0.0,1.0,0.0,0.0,0.0,0.0,0.0,0.0,0.0,0.0,0.0,0.0,0.0,0.0,0.0,0.0,0.0,0.0,7.0
16300.0,15083.0,1217.0,0.0,0.0,793.842102,76.0625,64256.0,31872.0,1.731662,1721542656.0,1.731662,0.0,1.731662,1.731662,1.731662,62.0,64.0,0.168626,0.000992,0.167634,35.0,19.0,16.0,0.0,0.0,0.0,0.0,0.0,-0.0,71288.734375,66017.5,5271.236328,0.0,0.0,19.634315,10.394638,8.662198,0.0,0.0,0.0,0.0,0.0,0.0,0.0,0.0,0.0,0.0,0.0,0.0,0.0,0.0,0.0,1.0,0.0,0.0,0.0,0.0,0.0,0.0,0.0,0.0,0.0,0.0,0.0,0.0,0.0,0.0,0.0,0.0,7.0
16702.0,15485.0,1217.0,0.0,0.0,815.0,76.0625,64256.0,31872.0,1.309184,1721542656.0,1.309184,0.0,1.309184,1.309184,1.309184,62.0,64.0,0.1559,0.000925,0.154975,35.0,19.0,16.0,0.0,0.0,0.0,0.0,0.0,-0.0,96615.90625,89643.625,6972.282227,0.0,0.0,25.970377,13.749022,11.457519,0.0,0.0,0.0,0.0,0.0,0.0,0.0,0.0,0.0,0.0,0.0,0.0,0.0,0.0,0.0,1.0,0.0,0.0,0.0,0.0,0.0,0.0,0.0,0.0,0.0,0.0,0.0,0.0,0.0,0.0,0.0,0.0,7.0
17176.0,15959.0,1217.0,0.0,0.0,797.950012,76.0625,64256.0,31872.0,0.570607,1721542656.0,0.570607,0.0,0.570607,0.570607,0.570607,62.0,64.0,0.061545,0.001996,0.059549,36.0,20.0,16.0,0.0,0.0,0.0,0.0,0.0,-0.0,228570.625,212573.625,15996.999023,0.0,0.0,61.338188,33.297874,26.287794,0.0,0.0,0.0,0.0,0.0,0.0,0.0,0.0,0.0,0.0,0.0,0.0,0.0,0.0,0.0,1.0,0.0,0.0,0.0,0.0,0.0,0.0,0.0,0.0,0.0,0.0,0.0,0.0,0.0,0.0,0.0,0.0,7.0
14155.0,13207.0,948.0,2896.0,0.0,825.4375,79.0,64256.0,31872.0,1.15412,1721542656.0,1.15412,0.0,1.15412,1.15412,1.15412,62.0,64.0,0.155706,0.000509,0.155197,28.0,16.0,12.0,0.0,0.0,0.0,0.0,0.0,-0.0,91851.804688,85828.164062,6023.637207,0.0,0.0,23.394449,12.996916,9.531072,0.0,0.0,1.0,0.0,0.0,0.0,0.0,0.0,0.0,0.0,0.0,0.0,0.0,0.0,0.0,0.0,0.0,0.0,0.0,0.0,0.0,0.0,0.0,0.0,0.0,1.0,0.0,0.0,0.0,0.0,0.0,1.0,7.0
3591.0,3166.0,425.0,0.0,0.0,791.5,70.833336,64256.0,31872.0,0.522587,1721542656.0,0.522587,0.0,0.522587,0.522587,0.522587,62.0,64.0,0.155706,0.000509,0.155197,10.0,4.0,6.0,0.0,0.0,2.0,2.0,0.0,-0.0,41792.085938,36357.582031,5434.501953,16.666667,0.0,17.222013,5.740671,9.567785,0.0,0.0,0.0,1.0,1.0,0.0,0.0,0.0,0.0,0.0,0.0,1.0,0.0,0.0,0.0,0.0,0.0,0.0,0.0,0.0,0.0,0.0,0.0,0.0,0.0,0.0,0.0,0.0,0.0,0.0,0.0,1.0,7.0
18010.0,16793.0,1217.0,0.0,0.0,839.650024,76.0625,64256.0,31872.0,1.526,1721542656.0,1.526,0.0,1.526,1.526,1.526,62.0,64.0,0.170018,0.000488,0.16953,36.0,20.0,16.0,0.0,0.0,0.0,0.0,0.0,-0.0,89619.921875,83638.265625,5981.651367,0.0,0.0,22.93578,12.450851,9.829619,0.0,0.0,0.0,0.0,0.0,0.0,0.0,0.0,0.0,0.0,0.0,0.0,0.0,0.0,0.0,1.0,0.0,0.0,0.0,0.0,0.0,0.0,0.0,0.0,0.0,0.0,0.0,0.0,0.0,0.0,0.0,0.0,7.0
18436.0,17219.0,1217.0,0.0,0.0,860.950012,76.0625,64256.0,31872.0,2.001764,1721542656.0,2.001764,0.0,2.001764,2.001764,2.001764,61.0,64.0,0.16901,0.000991,0.168019,36.0,20.0,16.0,0.0,0.0,0.0,0.0,0.0,-0.0,69938.3125,65378.335938,4559.978027,0.0,0.0,17.484577,9.491628,7.493391,0.0,0.0,0.0,0.0,0.0,0.0,0.0,0.0,0.0,0.0,0.0,0.0,0.0,0.0,0.0,1.0,0.0,0.0,0.0,0.0,0.0,0.0,0.0,0.0,0.0,0.0,0.0,0.0,0.0,0.0,0.0,0.0,7.0
19000.0,17717.0,1283.0,0.0,0.0,843.666687,75.470589,64256.0,31872.0,0.803319,1721542656.0,0.803319,0.0,0.803319,0.803319,0.803319,61.0,64.0,0.093002,0.001019,0.091983,38.0,21.0,17.0,0.0,0.0,0.0,0.0,0.0,-0.0,180072.921875,168042.84375,12030.09082,0.0,0.0,46.058914,24.896711,19.917368,0.0,0.0,0.0,0.0,0.0,0.0,0.0,0.0,0.0,0.0,0.0,0.0,0.0,0.0,0.0,1.0,0.0,0.0,0.0,0.0,0.0,0.0,0.0,0.0,0.0,0.0,0.0,0.0,0.0,0.0,0.0,0.0,7.0
19438.0,18155.0,1283.0,0.0,0.0,864.523804,75.470589,64256.0,31872.0,0.862198,1721542656.0,0.862198,0.0,0.862198,0.862198,0.862198,61.0,64.0,0.093128,0.000495,0.092633,38.0,21.0,17.0,0.0,0.0,0.0,0.0,0.0,-0.0,171645.03125,160436.46875,11208.5625,0.0,0.0,42.913578,23.196527,18.557222,0.0,0.0,0.0,0.0,0.0,0.0,0.0,0.0,0.0,0.0,0.0,0.0,0.0,0.0,0.0,1.0,0.0,0.0,0.0,0.0,0.0,0.0,0.0,0.0,0.0,0.0,0.0,0.0,0.0,0.0,0.0,0.0,7.0
20074.0,18599.0,1475.0,0.0,0.0,885.666687,77.631577,64256.0,31872.0,1.681633,1721542656.0,1.681633,0.0,1.681633,1.681633,1.681633,62.0,64.0,0.12455,0.003775,0.120775,40.0,21.0,19.0,0.0,0.0,2.0,2.0,0.0,-0.0,90921.148438,84270.46875,6650.678223,4.761905,0.0,23.191742,11.893202,10.703881,0.0,0.0,0.0,1.0,0.0,0.0,0.0,0.0,0.0,0.0,0.0,0.0,0.0,0.0,0.0,1.0,0.0,0.0,0.0,0.0,0.0,0.0,0.0,0.0,0.0,0.0,0.0,0.0,0.0,0.0,0.0,1.0,7.0
20398.0,19115.0,1283.0,0.0,0.0,868.863647,75.470589,64256.0,31872.0,1.947097,1721542656.0,1.947097,0.0,1.947097,1.947097,1.947097,62.0,64.0,0.216592,0.000525,0.216067,39.0,22.0,17.0,0.0,0.0,0.0,0.0,0.0,-0.0,79934.382812,74971.101562,4963.286621,0.0,0.0,19.516233,10.785287,8.217361,0.0,0.0,0.0,0.0,0.0,0.0,0.0,0.0,0.0,0.0,0.0,0.0,0.0,0.0,0.0,1.0,0.0,0.0,0.0,0.0,0.0,0.0,0.0,0.0,0.0,0.0,0.0,0.0,0.0,0.0,0.0,0.0,7.0
20854.0,19571.0,1283.0,0.0,0.0,889.590881,75.470589,64256.0,31872.0,1.95992,1721542656.0,1.95992,0.0,1.95992,1.95992,1.95992,62.0,64.0,0.217394,0.000591,0.216803,39.0,22.0,17.0,0.0,0.0,0.0,0.0,0.0,-0.0,81186.984375,76256.171875,4930.813477,0.0,0.0,19.388546,10.714723,8.163598,0.0,0.0,0.0,0.0,0.0,0.0,0.0,0.0,0.0,0.0,0.0,0.0,0.0,0.0,0.0,1.0,0.0,0.0,0.0,0.0,0.0,0.0,0.0,0.0,0.0,0.0,0.0,0.0,0.0,0.0,0.0,0.0,7.0
21316.0,20033.0,1283.0,0.0,0.0,910.590881,75.470589,64256.0,31872.0,1.232904,1721542656.0,1.232904,0.0,1.232904,1.232904,1.232904,62.0,64.0,0.093758,0.000975,0.092783,39.0,22.0,17.0,0.0,0.0,0.0,0.0,0.0,-0.0,131922.6875,124084.28125,7838.404785,0.0,0.0,30.821541,17.032957,12.977491,0.0,0.0,0.0,0.0,0.0,0.0,0.0,0.0,0.0,0.0,0.0,0.0,0.0,0.0,0.0,1.0,0.0,0.0,0.0,0.0,0.0,0.0,0.0,0.0,0.0,0.0,0.0,0.0,0.0,0.0,0.0,0.0,7.0
21916.0,20567.0,1349.0,0.0,0.0,894.217407,74.944443,64256.0,31872.0,1.462919,1721542656.0,1.462919,0.0,1.462919,1.462919,1.462919,62.0,64.0,0.156656,0.001016,0.15564,41.0,23.0,18.0,0.0,0.0,0.0,0.0,0.0,-0.0,114554.53125,107582.171875,6972.361328,0.0,0.0,27.342594,15.038426,11.620603,0.0,0.0,0.0,0.0,0.0,0.0,0.0,0.0,0.0,0.0,0.0,0.0,0.0,0.0,0.0,1.0,0.0,0.0,0.0,0.0,0.0,0.0,0.0,0.0,0.0,0.0,0.0,0.0,0.0,0.0,0.0,0.0,7.0
22390.0,21041.0,1349.0,0.0,0.0,914.826111,74.944443,64256.0,31872.0,1.524268,1721542656.0,1.524268,0.0,1.524268,1.524268,1.524268,62.0,64.0,0.168284,0.001039,0.167245,41.0,23.0,18.0,0.0,0.0,0.0,0.0,0.0,-0.0,112326.703125,105634.96875,6691.736328,0.0,0.0,26.242104,14.433157,11.152894,0.0,0.0,0.0,0.0,0.0,0.0,0.0,0.0,0.0,0.0,0.0,0.0,0.0,0.0,0.0,1.0,0.0,0.0,0.0,0.0,0.0,0.0,0.0,0.0,0.0,0.0,0.0,0.0,0.0,0.0,0.0,0.0,7.0
22870.0,21521.0,1349.0,0.0,0.0,935.695679,74.944443,64256.0,31872.0,0.554436,1721542656.0,0.554436,0.0,0.554436,0.554436,0.554436,62.0,64.0,0.060353,0.002975,0.057378,41.0,23.0,18.0,0.0,0.0,0.0,0.0,0.0,-0.0,315434.03125,297036.96875,18397.072266,0.0,0.0,72.145386,39.679962,30.661789,0.0,0.0,0.0,0.0,0.0,0.0,0.0,0.0,0.0,0.0,0.0,0.0,0.0,0.0,0.0,1.0,0.0,0.0,0.0,0.0,0.0,0.0,0.0,0.0,0.0,0.0,0.0,0.0,0.0,0.0,0.0,0.0,7.0
23554.0,22073.0,1481.0,0.0,0.0,919.708313,74.050003,64256.0,31872.0,0.662435,1721542656.0,0.662435,0.0,0.662435,0.662435,0.662435,62.0,64.0,0.076619,0.0,0.076619,44.0,24.0,20.0,0.0,0.0,0.0,0.0,0.0,-0.0,272461.4375,255469.59375,16991.855469,0.0,0.0,64.912033,34.720387,28.68206,0.0,0.0,0.0,0.0,0.0,0.0,0.0,0.0,0.0,0.0,0.0,0.0,0.0,0.0,0.0,1.0,0.0,0.0,0.0,0.0,0.0,0.0,0.0,0.0,0.0,0.0,0.0,0.0,0.0,0.0,0.0,0.0,7.0
24046.0,22565.0,1481.0,0.0,0.0,940.208313,74.050003,64256.0,31872.0,0.863291,1721542656.0,0.863291,0.0,0.863291,0.863291,0.863291,62.0,64.0,0.16999,0.000494,0.169496,44.0,24.0,20.0,0.0,0.0,0.0,0.0,0.0,-0.0,213434.390625,200395.921875,13038.476562,0.0,0.0,49.809391,26.642233,22.008801,0.0,0.0,0.0,0.0,0.0,0.0,0.0,0.0,0.0,0.0,0.0,0.0,0.0,0.0,0.0,1.0,0.0,0.0,0.0,0.0,0.0,0.0,0.0,0.0,0.0,0.0,0.0,0.0,0.0,0.0,0.0,0.0,7.0
24724.0,23141.0,1583.0,0.0,0.0,925.640015,75.380951,64256.0,31872.0,2.79053,1721542656.0,2.79053,0.0,2.79053,2.79053,2.79053,62.0,64.0,0.167432,0.0005,0.166932,46.0,25.0,21.0,0.0,0.0,4.0,4.0,0.0,-0.0,68012.890625,63689.695312,4323.193359,8.0,0.0,16.125969,8.600517,7.167098,0.0,0.0,0.0,1.0,0.0,0.0,0.0,0.0,0.0,0.0,0.0,0.0,0.0,0.0,0.0,1.0,0.0,0.0,0.0,0.0,0.0,0.0,0.0,0.0,0.0,0.0,0.0,0.0,0.0,0.0,0.0,1.0,7.0
25048.0,23633.0,1415.0,0.0,0.0,945.320007,74.473686,64256.0,31872.0,1.510774,1721542656.0,1.510774,0.0,1.510774,1.510774,1.510774,62.0,64.0,0.154364,0.001002,0.153362,44.0,25.0,19.0,0.0,0.0,0.0,0.0,0.0,-0.0,127240.734375,120139.742188,7100.995605,0.0,0.0,28.462231,15.885897,11.914423,0.0,0.0,0.0,0.0,0.0,0.0,0.0,0.0,0.0,0.0,0.0,0.0,0.0,0.0,0.0,1.0,0.0,0.0,0.0,0.0,0.0,0.0,0.0,0.0,0.0,0.0,0.0,0.0,0.0,0.0,0.0,0.0,7.0
25558.0,24143.0,1415.0,0.0,0.0,965.719971,74.473686,64256.0,31872.0,1.521851,1721542656.0,1.521851,0.0,1.521851,1.521851,1.521851,62.0,64.0,0.167879,0.0,0.167879,44.0,25.0,19.0,0.0,0.0,0.0,0.0,0.0,-0.0,128890.414062,121841.101562,7049.310547,0.0,0.0,28.255066,15.770269,11.827703,0.0,0.0,0.0,0.0,0.0,0.0,0.0,0.0,0.0,0.0,0.0,0.0,0.0,0.0,0.0,1.0,0.0,0.0,0.0,0.0,0.0,0.0,0.0,0.0,0.0,0.0,0.0,0.0,0.0,0.0,0.0,0.0,7.0
26558.0,24659.0,1899.0,0.0,0.0,986.359985,75.959999,64256.0,31872.0,4.751459,1721542656.0,4.751459,0.0,4.751459,4.751459,4.751459,62.0,64.0,0.16731,0.003815,0.163495,50.0,25.0,25.0,0.0,0.0,3.0,1.0,2.0,-0.0,42929.125,39858.070312,3071.056641,5.660377,0.0,10.312622,5.05108,5.05108,1.0,0.0,0.0,0.0,0.0,0.0,0.0,0.0,0.0,0.0,0.0,0.0,0.0,0.0,0.0,1.0,0.0,0.0,0.0,0.0,0.0,0.0,0.0,0.0,0.0,0.0,0.0,0.0,0.0,0.0,0.0,1.0,7.0
26794.0,25247.0,1547.0,0.0,0.0,971.038452,73.666664,64256.0,31872.0,0.527408,1721542656.0,0.527408,0.0,0.527408,0.527408,0.527408,62.0,64.0,0.044362,0.001079,0.043283,47.0,26.0,21.0,0.0,0.0,0.0,0.0,0.0,-0.0,390589.4375,368231.03125,22358.402344,0.0,0.0,87.219002,47.40163,37.921307,0.0,0.0,0.0,0.0,0.0,0.0,0.0,0.0,0.0,0.0,0.0,0.0,0.0,0.0,0.0,1.0,0.0,0.0,0.0,0.0,0.0,0.0,0.0,0.0,0.0,0.0,0.0,0.0,0.0,0.0,0.0,0.0,7.0
27592.0,25853.0,1739.0,0.0,0.0,957.518494,75.608696,64256.0,31872.0,1.927919,1721542656.0,1.927919,0.0,1.927919,1.927919,1.927919,62.0,64.0,0.107631,0.000492,0.107139,50.0,27.0,23.0,0.0,0.0,1.0,1.0,0.0,-0.0,110212.09375,103307.242188,6904.854492,1.960784,0.0,25.416006,13.486044,11.411267,0.0,0.0,0.0,1.0,0.0,0.0,0.0,0.0,0.0,0.0,0.0,0.0,0.0,0.0,0.0,1.0,0.0,0.0,0.0,0.0,0.0,0.0,0.0,0.0,0.0,0.0,0.0,0.0,0.0,0.0,0.0,1.0,7.0
27724.0,26309.0,1415.0,0.0,0.0,1011.884644,74.473686,64256.0,31872.0,1.500585,1721542656.0,1.500585,0.0,1.500585,1.500585,1.500585,62.0,64.0,0.168863,0.000946,0.167917,45.0,26.0,19.0,0.0,0.0,0.0,0.0,0.0,-0.0,142019.296875,134870.078125,7149.211914,0.0,0.0,29.321899,16.66017,11.995322,0.0,0.0,0.0,0.0,0.0,0.0,0.0,0.0,0.0,0.0,0.0,0.0,0.0,0.0,0.0,1.0,0.0,0.0,0.0,0.0,0.0,0.0,0.0,0.0,0.0,0.0,0.0,0.0,0.0,0.0,0.0,0.0,7.0
28396.0,26915.0,1481.0,0.0,0.0,996.851868,74.050003,64256.0,31872.0,1.527252,1721542656.0,1.527252,0.0,1.527252,1.527252,1.527252,62.0,64.0,0.16841,0.0,0.16841,47.0,27.0,20.0,0.0,0.0,0.0,0.0,0.0,-0.0,143138.125,135768.03125,7370.100098,0.0,0.0,30.119457,17.02404,12.440645,0.0,0.0,0.0,0.0,0.0,0.0,0.0,0.0,0.0,0.0,0.0,0.0,0.0,0.0,0.0,1.0,0.0,0.0,0.0,0.0,0.0,0.0,0.0,0.0,0.0,0.0,0.0,0.0,0.0,0.0,0.0,0.0,7.0
28942.0,27461.0,1481.0,0.0,0.0,1017.074097,74.050003,64256.0,39552.0,1.43615,1721542656.0,1.43615,0.0,1.43615,1.43615,1.43615,62.0,64.0,0.154736,0.00093,0.153806,47.0,27.0,20.0,0.0,0.0,0.0,0.0,0.0,-0.0,155142.578125,147304.953125,7837.621582,0.0,0.0,32.030083,18.103958,13.229816,0.0,0.0,0.0,0.0,0.0,0.0,0.0,0.0,0.0,0.0,0.0,0.0,0.0,0.0,0.0,1.0,0.0,0.0,0.0,0.0,0.0,0.0,0.0,0.0,0.0,0.0,0.0,0.0,0.0,0.0,0.0,0.0,7.0
29560.0,28079.0,1481.0,0.0,0.0,1002.821411,74.050003,64256.0,31872.0,1.529454,1721542656.0,1.529454,0.0,1.529454,1.529454,1.529454,62.0,64.0,0.155879,0.000994,0.154885,48.0,28.0,20.0,0.0,0.0,0.0,0.0,0.0,-0.0,148989.109375,141629.625,7359.489258,0.0,0.0,30.729921,17.653358,12.422734,0.0,0.0,0.0,0.0,0.0,0.0,0.0,0.0,0.0,0.0,0.0,0.0,0.0,0.0,0.0,1.0,0.0,0.0,0.0,0.0,0.0,0.0,0.0,0.0,0.0,0.0,0.0,0.0,0.0,0.0,0.0,0.0,7.0
30544.0,28637.0,1907.0,0.0,0.0,1022.75,76.279999,64256.0,31872.0,1.372995,1721542656.0,1.372995,0.0,1.372995,1.372995,1.372995,62.0,64.0,0.075359,0.000488,0.074871,53.0,28.0,25.0,0.0,0.0,1.0,1.0,0.0,-0.0,171572.359375,160903.71875,10668.647461,1.851852,0.0,37.873409,19.665039,17.480034,0.0,0.0,0.0,1.0,0.0,0.0,0.0,0.0,0.0,0.0,0.0,0.0,0.0,0.0,0.0,1.0,0.0,0.0,0.0,0.0,0.0,0.0,0.0,0.0,0.0,0.0,0.0,0.0,0.0,0.0,0.0,1.0,7.0
296.0,74.0,222.0,0.0,0.0,74.0,74.0,8222720.0,4077568.0,3.098415,1721542656.0,3.098415,0.0,3.098415,3.098415,3.098415,62.0,64.0,0.001974,0.001974,0.0,4.0,1.0,3.0,0.0,0.0,2.0,0.0,2.0,-0.0,382.13089,0.0,382.13089,33.333333,0.0,0.968237,0.0,0.645491,0.0,1.0,0.0,0.0,0.0,0.0,0.0,0.0,0.0,0.0,0.0,0.0,0.0,0.0,0.0,0.0,0.0,0.0,0.0,0.0,0.0,0.0,0.0,0.0,0.0,0.0,0.0,1.0,0.0,0.0,0.0,0.0,7.0
30608.0,29127.0,1481.0,0.0,0.0,1078.777832,74.050003,64256.0,31872.0,0.896316,1721542656.0,0.896316,0.0,0.896316,0.896316,0.896316,62.0,64.0,0.052717,0.001974,0.050743,47.0,27.0,20.0,0.0,0.0,1.0,0.0,1.0,-0.0,262907.28125,250349.203125,12558.071289,2.083333,0.0,51.321186,29.007627,21.197882,0.0,1.0,0.0,0.0,1.0,0.0,0.0,0.0,0.0,0.0,0.0,0.0,1.0,0.0,0.0,0.0,0.0,0.0,0.0,0.0,0.0,0.0,0.0,0.0,0.0,0.0,0.0,0.0,0.0,0.0,0.0,0.0,7.0
31384.0,29837.0,1547.0,0.0,0.0,1028.862061,73.666664,64256.0,31872.0,0.631498,1721542656.0,0.631498,0.0,0.631498,0.631498,0.631498,62.0,64.0,0.061272,0.001089,0.060183,50.0,29.0,21.0,0.0,0.0,0.0,0.0,0.0,-0.0,383633.84375,364960.78125,18673.060547,0.0,0.0,77.593277,44.339016,31.670727,0.0,0.0,0.0,0.0,0.0,0.0,0.0,0.0,0.0,0.0,0.0,0.0,0.0,0.0,0.0,1.0,0.0,0.0,0.0,0.0,0.0,0.0,0.0,0.0,0.0,0.0,0.0,0.0,0.0,0.0,0.0,0.0,7.0
31960.0,30413.0,1547.0,0.0,0.0,1048.724121,73.666664,64256.0,31872.0,0.651146,1721542656.0,0.651146,0.0,0.651146,0.651146,0.651146,62.0,64.0,0.061866,0.000531,0.061335,50.0,29.0,21.0,0.0,0.0,0.0,0.0,0.0,-0.0,378888.90625,360779.3125,18109.609375,0.0,0.0,75.251938,43.00111,30.715078,0.0,0.0,0.0,0.0,0.0,0.0,0.0,0.0,0.0,0.0,0.0,0.0,0.0,0.0,0.0,1.0,0.0,0.0,0.0,0.0,0.0,0.0,0.0,0.0,0.0,0.0,0.0,0.0,0.0,0.0,0.0,0.0,7.0
33672.0,31361.0,2311.0,0.0,0.0,922.382324,74.548386,64256.0,46336.0,4.21739,1721542656.0,4.21739,0.0,4.21739,4.21739,4.21739,62.0,64.0,0.061173,0.001075,0.060098,65.0,34.0,31.0,0.0,0.0,7.0,3.0,4.0,-0.0,61983.359375,57739.976562,4243.382812,9.722222,0.0,15.175262,7.824745,7.113404,1.0,0.0,0.0,0.0,0.0,0.0,0.0,0.0,0.0,0.0,0.0,0.0,0.0,0.0,0.0,1.0,0.0,0.0,0.0,0.0,0.0,0.0,0.0,0.0,0.0,0.0,0.0,0.0,0.0,0.0,0.0,1.0,7.0
33790.0,31649.0,2141.0,0.0,0.0,1054.966675,76.464287,64256.0,31872.0,3.212427,1721542656.0,3.212427,0.0,3.212427,3.212427,3.212427,62.0,64.0,0.170154,0.000994,0.16916,58.0,30.0,28.0,0.0,0.0,11.0,11.0,0.0,-0.0,81334.148438,76191.617188,5142.529297,15.942029,0.0,17.743595,9.027443,8.40486,0.0,0.0,0.0,1.0,0.0,0.0,0.0,0.0,0.0,0.0,0.0,0.0,0.0,0.0,0.0,1.0,0.0,0.0,0.0,0.0,0.0,0.0,0.0,0.0,0.0,0.0,0.0,0.0,0.0,0.0,0.0,1.0,7.0
33922.0,32243.0,1679.0,0.0,0.0,1074.766724,73.0,64256.0,31872.0,0.631834,1721542656.0,0.631834,0.0,0.631834,0.631834,0.631834,62.0,64.0,0.076893,0.001494,0.075399,53.0,30.0,23.0,0.0,0.0,0.0,0.0,0.0,-0.0,414982.4375,394647.96875,20334.455078,0.0,0.0,82.300102,45.898132,34.819275,0.0,0.0,0.0,0.0,0.0,0.0,0.0,0.0,0.0,0.0,0.0,0.0,0.0,0.0,0.0,1.0,0.0,0.0,0.0,0.0,0.0,0.0,0.0,0.0,0.0,0.0,0.0,0.0,0.0,0.0,0.0,0.0,7.0
34588.0,32909.0,1679.0,0.0,0.0,1061.580688,73.0,64256.0,31872.0,2.400061,1721542656.0,2.400061,0.0,2.400061,2.400061,2.400061,62.0,64.0,0.168711,0.000976,0.167735,54.0,31.0,23.0,0.0,0.0,0.0,0.0,0.0,-0.0,111510.507812,106157.304688,5353.197754,0.0,0.0,22.082773,12.499682,9.166434,0.0,0.0,0.0,0.0,0.0,0.0,0.0,0.0,0.0,0.0,0.0,0.0,0.0,0.0,0.0,1.0,0.0,0.0,0.0,0.0,0.0,0.0,0.0,0.0,0.0,0.0,0.0,0.0,0.0,0.0,0.0,0.0,7.0
2116.0,1229.0,887.0,0.0,0.0,122.900002,80.63636,64256.0,31872.0,1.341675,1721542656.0,1.341675,0.0,1.341675,1.341675,1.341675,62.0,64.0,0.16774,0.000484,0.167256,21.0,10.0,11.0,0.0,0.0,0.0,0.0,0.0,-0.0,11412.599609,6600.704102,4811.895508,0.0,0.0,14.906739,6.708033,7.45337,0.0,0.0,0.0,0.0,0.0,0.0,0.0,0.0,0.0,0.0,0.0,0.0,0.0,0.0,0.0,1.0,0.0,0.0,0.0,0.0,0.0,0.0,0.0,0.0,0.0,0.0,0.0,0.0,0.0,0.0,0.0,0.0,8.0
1973.0,729.0,1244.0,0.0,0.0,81.0,88.85714,64256.0,31872.0,3.918968,1721542656.0,3.918968,0.0,3.918968,3.918968,3.918968,62.0,64.0,0.248039,0.000497,0.247542,23.0,9.0,14.0,0.0,0.0,4.0,0.0,4.0,-0.0,3682.602295,1322.797241,2359.804932,14.814815,0.0,5.613723,2.041354,3.3172,0.0,1.0,0.0,0.0,0.0,0.0,0.0,0.0,0.0,0.0,0.0,0.0,0.0,0.0,0.0,0.0,0.0,0.0,0.0,0.0,0.0,0.0,0.0,0.0,0.0,1.0,0.0,0.0,0.0,0.0,0.0,1.0,8.0
181.0,78.0,103.0,0.0,0.0,78.0,103.0,64256.0,31872.0,0.0,1721542656.0,0.0,0.0,0.0,0.0,0.0,62.0,64.0,0.248039,0.000497,0.247542,2.0,1.0,1.0,0.0,0.0,0.0,0.0,0.0,-0.0,0.0,0.0,0.0,0.0,0.0,0.0,0.0,0.0,0.0,0.0,0.0,0.0,1.0,0.0,0.0,1.0,0.0,0.0,0.0,0.0,0.0,0.0,0.0,0.0,0.0,0.0,0.0,0.0,0.0,0.0,0.0,0.0,0.0,0.0,0.0,0.0,0.0,0.0,0.0,1.0,8.0
1312.0,890.0,422.0,0.0,0.0,148.333328,70.333336,64256.0,31872.0,1.358248,1721542656.0,1.358248,0.0,1.358248,1.358248,1.358248,62.0,64.0,0.248039,0.000497,0.247542,12.0,6.0,6.0,0.0,0.0,2.0,0.0,2.0,-0.0,6443.595215,4370.335938,2073.259033,14.285714,0.0,8.098668,3.681213,3.681213,0.0,1.0,0.0,0.0,1.0,0.0,0.0,0.0,0.0,0.0,0.0,1.0,0.0,0.0,0.0,0.0,0.0,0.0,0.0,0.0,0.0,0.0,0.0,0.0,0.0,0.0,0.0,0.0,0.0,0.0,0.0,1.0,8.0
2365.0,1403.0,962.0,0.0,0.0,116.916664,80.166664,64256.0,31872.0,2.05957,1721542656.0,2.05957,0.0,2.05957,2.05957,2.05957,62.0,64.0,0.154391,0.00053,0.153861,24.0,12.0,12.0,0.0,0.0,2.0,0.0,2.0,-0.0,8425.05957,4999.101562,3425.957764,7.692308,0.0,11.167379,5.34092,5.34092,0.0,1.0,0.0,0.0,0.0,0.0,0.0,0.0,0.0,0.0,0.0,0.0,0.0,0.0,0.0,1.0,0.0,0.0,0.0,0.0,0.0,0.0,0.0,0.0,0.0,0.0,0.0,0.0,0.0,0.0,0.0,1.0,8.0
444.0,148.0,296.0,0.0,0.0,74.0,74.0,8222720.0,4077568.0,3.053602,1721542656.0,3.053602,0.0,3.053602,3.053602,3.053602,62.0,64.0,0.0,0.0,0.0,6.0,2.0,4.0,0.0,0.0,4.0,1.0,3.0,-0.0,775.4776,193.8694,581.608215,40.0,0.0,1.637411,0.327482,0.982446,1.0,0.0,0.0,0.0,0.0,0.0,0.0,0.0,0.0,0.0,0.0,0.0,0.0,0.0,0.0,0.0,0.0,0.0,0.0,0.0,0.0,0.0,0.0,0.0,0.0,0.0,0.0,1.0,0.0,0.0,0.0,0.0,8.0
2096.0,1209.0,887.0,0.0,0.0,134.333328,80.63636,64256.0,31872.0,1.322155,1721542656.0,1.322155,0.0,1.322155,1.322155,1.322155,62.0,64.0,0.147146,0.0,0.147146,20.0,9.0,11.0,0.0,0.0,1.0,0.0,1.0,-0.0,11387.469727,6504.532227,4882.9375,4.761905,0.0,14.370479,6.050728,7.56341,0.0,1.0,0.0,0.0,1.0,0.0,0.0,0.0,0.0,0.0,0.0,0.0,1.0,0.0,0.0,0.0,0.0,0.0,0.0,0.0,0.0,0.0,0.0,0.0,0.0,0.0,0.0,0.0,0.0,0.0,0.0,0.0,8.0
2266.0,1379.0,887.0,0.0,0.0,125.36364,80.63636,64256.0,31872.0,1.547588,1721542656.0,1.547588,0.0,1.547588,1.547588,1.547588,62.0,64.0,0.155114,0.000513,0.154601,22.0,11.0,11.0,0.0,0.0,0.0,0.0,0.0,-0.0,10653.998047,6482.345703,4171.652832,0.0,0.0,13.569503,6.461668,6.461668,0.0,0.0,0.0,0.0,0.0,0.0,0.0,0.0,0.0,0.0,0.0,0.0,0.0,0.0,0.0,1.0,0.0,0.0,0.0,0.0,0.0,0.0,0.0,0.0,0.0,0.0,0.0,0.0,0.0,0.0,0.0,0.0,8.0
2236.0,1349.0,887.0,0.0,0.0,134.899994,80.63636,64256.0,31872.0,1.500935,1721542656.0,1.500935,0.0,1.500935,1.500935,1.500935,62.0,64.0,0.248175,0.000497,0.247678,21.0,10.0,11.0,0.0,0.0,0.0,0.0,0.0,-0.0,10777.282227,6475.963379,4301.318848,0.0,0.0,13.325027,5.996263,6.662514,0.0,0.0,0.0,0.0,0.0,0.0,0.0,0.0,0.0,0.0,0.0,0.0,0.0,0.0,0.0,1.0,0.0,0.0,0.0,0.0,0.0,0.0,0.0,0.0,0.0,0.0,0.0,0.0,0.0,0.0,0.0,0.0,8.0
132.0,66.0,66.0,0.0,0.0,66.0,66.0,64256.0,31872.0,0.001008,1721542656.0,0.001008,0.0,0.001008,0.001008,0.001008,62.0,64.0,0.155114,0.000513,0.154601,2.0,1.0,1.0,0.0,0.0,0.0,0.0,0.0,-0.0,0.0,0.0,0.0,0.0,0.0,992.063477,0.0,0.0,0.0,0.0,0.0,0.0,1.0,0.0,0.0,0.0,1.0,0.0,0.0,0.0,0.0,0.0,0.0,0.0,0.0,0.0,0.0,0.0,0.0,0.0,0.0,0.0,0.0,0.0,0.0,0.0,0.0,0.0,0.0,0.0,8.0
2344.0,1457.0,887.0,0.0,0.0,132.454544,80.63636,64256.0,31872.0,1.267075,1721542656.0,1.267075,0.0,1.267075,1.267075,1.267075,62.0,64.0,0.154673,0.000414,0.154259,22.0,11.0,11.0,0.0,0.0,0.0,0.0,0.0,-0.0,13460.924805,8365.724609,5095.199707,0.0,0.0,16.573605,7.892193,7.892193,0.0,0.0,0.0,0.0,0.0,0.0,0.0,0.0,0.0,0.0,0.0,0.0,0.0,0.0,0.0,1.0,0.0,0.0,0.0,0.0,0.0,0.0,0.0,0.0,0.0,0.0,0.0,0.0,0.0,0.0,0.0,0.0,8.0
2711.0,1577.0,1134.0,0.0,0.0,131.416672,81.0,64256.0,31872.0,1.702594,1721542656.0,1.702594,0.0,1.702594,1.702594,1.702594,62.0,64.0,0.154621,0.000489,0.154132,26.0,12.0,14.0,0.0,0.0,1.0,0.0,1.0,-0.0,11742.083008,6794.338379,4947.744141,3.703704,0.0,14.683476,6.46073,7.635408,0.0,1.0,0.0,0.0,0.0,0.0,0.0,0.0,0.0,0.0,0.0,0.0,0.0,0.0,0.0,1.0,0.0,0.0,0.0,0.0,0.0,0.0,0.0,0.0,0.0,0.0,0.0,0.0,0.0,0.0,0.0,1.0,8.0
132.0,66.0,66.0,0.0,0.0,66.0,66.0,64256.0,31872.0,0.0,1721542656.0,0.0,0.0,0.0,0.0,0.0,62.0,64.0,0.155114,0.000513,0.154601,2.0,1.0,1.0,0.0,0.0,0.0,0.0,0.0,-0.0,0.0,0.0,0.0,0.0,0.0,0.0,0.0,0.0,0.0,0.0,0.0,0.0,1.0,0.0,0.0,0.0,1.0,0.0,0.0,0.0,0.0,0.0,0.0,0.0,0.0,0.0,0.0,0.0,0.0,0.0,0.0,0.0,0.0,0.0,0.0,0.0,0.0,0.0,0.0,0.0,8.0
2380.0,1493.0,887.0,0.0,0.0,149.300003,80.63636,64256.0,31872.0,1.301749,1721542656.0,1.301749,0.0,1.301749,1.301749,1.301749,62.0,64.0,0.154934,0.000497,0.154437,21.0,10.0,11.0,0.0,0.0,0.0,0.0,0.0,-0.0,13219.138672,8259.657227,4959.481445,0.0,0.0,15.363945,6.913775,7.681973,0.0,0.0,0.0,0.0,0.0,0.0,0.0,0.0,0.0,0.0,0.0,0.0,0.0,0.0,0.0,1.0,0.0,0.0,0.0,0.0,0.0,0.0,0.0,0.0,0.0,0.0,0.0,0.0,0.0,0.0,0.0,0.0,8.0
2770.0,1751.0,1019.0,0.0,0.0,134.692307,78.384613,64256.0,31872.0,2.099609,1721542656.0,2.099609,0.0,2.099609,2.099609,2.099609,62.0,64.0,0.154147,0.000498,0.153649,26.0,13.0,13.0,0.0,0.0,0.0,0.0,0.0,-0.0,9746.577148,6161.147461,3585.429688,0.0,0.0,11.90698,5.71535,5.71535,0.0,0.0,0.0,0.0,0.0,0.0,0.0,0.0,0.0,0.0,0.0,0.0,0.0,0.0,0.0,1.0,0.0,0.0,0.0,0.0,0.0,0.0,0.0,0.0,0.0,0.0,0.0,0.0,0.0,0.0,0.0,0.0,8.0
2506.0,1619.0,887.0,0.0,0.0,161.899994,80.63636,64256.0,31872.0,0.521934,1721542656.0,0.521934,0.0,0.521934,0.521934,0.521934,62.0,64.0,0.061172,0.000494,0.060678,21.0,10.0,11.0,0.0,0.0,0.0,0.0,0.0,-0.0,34717.035156,22347.654297,12369.380859,0.0,0.0,38.319023,17.243561,19.159512,0.0,0.0,0.0,0.0,0.0,0.0,0.0,0.0,0.0,0.0,0.0,0.0,0.0,0.0,0.0,1.0,0.0,0.0,0.0,0.0,0.0,0.0,0.0,0.0,0.0,0.0,0.0,0.0,0.0,0.0,0.0,0.0,8.0
3854.0,2749.0,1105.0,0.0,0.0,229.083328,78.928574,64256.0,31872.0,1.326481,1721542656.0,1.326481,0.0,1.326481,1.326481,1.326481,62.0,64.0,0.061999,0.000422,0.061577,26.0,12.0,14.0,0.0,0.0,1.0,0.0,1.0,-0.0,21391.939453,15198.107422,6193.831543,3.703704,0.0,18.846859,8.292618,9.800366,0.0,1.0,0.0,0.0,0.0,0.0,0.0,0.0,0.0,0.0,0.0,0.0,0.0,0.0,0.0,1.0,0.0,0.0,0.0,0.0,0.0,0.0,0.0,0.0,0.0,0.0,0.0,0.0,0.0,0.0,0.0,1.0,8.0
3944.0,2839.0,1105.0,0.0,0.0,258.090912,78.928574,64256.0,31872.0,1.640069,1721542656.0,1.640069,0.0,1.640069,1.640069,1.640069,62.0,64.0,0.154401,0.00049,0.153911,25.0,11.0,14.0,0.0,0.0,1.0,0.0,1.0,-0.0,17599.259766,12589.713867,5009.54541,3.846154,0.0,14.633531,6.097304,7.926496,0.0,1.0,0.0,0.0,0.0,0.0,0.0,0.0,0.0,0.0,0.0,0.0,0.0,0.0,0.0,1.0,0.0,0.0,0.0,0.0,0.0,0.0,0.0,0.0,0.0,0.0,0.0,0.0,0.0,0.0,0.0,1.0,8.0
132.0,66.0,66.0,0.0,0.0,66.0,66.0,64256.0,31872.0,0.0,1721542656.0,0.0,0.0,0.0,0.0,0.0,62.0,64.0,0.155114,0.000513,0.154601,2.0,1.0,1.0,0.0,0.0,0.0,0.0,0.0,-0.0,0.0,0.0,0.0,0.0,0.0,0.0,0.0,0.0,0.0,0.0,0.0,0.0,1.0,0.0,0.0,0.0,1.0,0.0,0.0,0.0,0.0,0.0,0.0,0.0,0.0,0.0,0.0,0.0,0.0,0.0,0.0,0.0,0.0,0.0,0.0,0.0,0.0,0.0,0.0,0.0,8.0
3094.0,1927.0,1167.0,0.0,0.0,175.181824,77.800003,64256.0,31872.0,2.427259,1721542656.0,2.427259,0.0,2.427259,2.427259,2.427259,62.0,64.0,0.154735,0.000497,0.154238,26.0,11.0,15.0,0.0,0.0,3.0,1.0,2.0,-0.0,9366.944336,5774.414551,3592.529785,10.344828,0.0,10.299684,4.119874,5.767823,1.0,0.0,0.0,0.0,0.0,0.0,0.0,0.0,0.0,0.0,0.0,0.0,0.0,0.0,0.0,1.0,0.0,0.0,0.0,0.0,0.0,0.0,0.0,0.0,0.0,0.0,0.0,0.0,0.0,0.0,0.0,0.0,8.0
3118.0,2083.0,1035.0,0.0,0.0,173.583328,79.615387,64256.0,31872.0,2.336581,1721542656.0,2.336581,0.0,2.336581,2.336581,2.336581,62.0,64.0,0.139365,0.000497,0.138868,25.0,12.0,13.0,0.0,0.0,3.0,1.0,2.0,-0.0,9812.62793,6539.469238,3273.158447,10.714286,0.0,10.271418,4.707733,5.135709,1.0,0.0,0.0,0.0,0.0,0.0,0.0,0.0,0.0,0.0,0.0,0.0,0.0,0.0,0.0,1.0,0.0,0.0,0.0,0.0,0.0,0.0,0.0,0.0,0.0,0.0,0.0,0.0,0.0,0.0,0.0,0.0,8.0
3355.0,2111.0,1244.0,0.0,0.0,191.909088,82.933334,64256.0,31872.0,2.277776,1721542656.0,2.277776,0.0,2.277776,2.277776,2.277776,62.0,64.0,0.154725,0.000489,0.154236,26.0,11.0,15.0,0.0,0.0,2.0,0.0,2.0,-0.0,10824.59375,6743.419922,4081.173828,7.142857,0.0,10.975618,4.390247,6.146346,0.0,1.0,0.0,0.0,0.0,0.0,0.0,0.0,0.0,0.0,0.0,0.0,0.0,0.0,0.0,1.0,0.0,0.0,0.0,0.0,0.0,0.0,0.0,0.0,0.0,0.0,0.0,0.0,0.0,0.0,0.0,1.0,8.0
3358.0,2339.0,1019.0,0.0,0.0,179.92308,78.384613,64256.0,31872.0,3.021266,1721542656.0,3.021266,0.0,3.021266,3.021266,3.021266,62.0,64.0,0.155237,0.000497,0.15474,26.0,13.0,13.0,0.0,0.0,0.0,0.0,0.0,-0.0,8211.126953,5719.456543,2491.670654,0.0,0.0,8.274677,3.971845,3.971845,0.0,0.0,0.0,0.0,0.0,0.0,0.0,0.0,0.0,0.0,0.0,0.0,0.0,0.0,0.0,1.0,0.0,0.0,0.0,0.0,0.0,0.0,0.0,0.0,0.0,0.0,0.0,0.0,0.0,0.0,0.0,0.0,8.0
3576.0,2447.0,1129.0,0.0,0.0,188.230774,80.64286,64256.0,31872.0,2.833907,1721542656.0,2.833907,0.0,2.833907,2.833907,2.833907,62.0,64.0,0.262851,0.000993,0.261858,27.0,13.0,14.0,0.0,0.0,1.0,0.0,1.0,-0.0,9338.344727,6377.062012,2961.282959,3.571429,0.0,9.174613,4.234437,4.587306,0.0,1.0,0.0,0.0,0.0,0.0,0.0,0.0,0.0,0.0,0.0,0.0,0.0,0.0,0.0,1.0,0.0,0.0,0.0,0.0,0.0,0.0,0.0,0.0,0.0,0.0,0.0,0.0,0.0,0.0,0.0,0.0,8.0
132.0,66.0,66.0,0.0,0.0,66.0,66.0,64256.0,31872.0,0.0,1721542656.0,0.0,0.0,0.0,0.0,0.0,62.0,64.0,0.155237,0.000497,0.15474,2.0,1.0,1.0,0.0,0.0,0.0,0.0,0.0,-0.0,0.0,0.0,0.0,0.0,0.0,0.0,0.0,0.0,0.0,0.0,0.0,0.0,1.0,0.0,0.0,0.0,1.0,0.0,0.0,0.0,0.0,0.0,0.0,0.0,0.0,0.0,0.0,0.0,0.0,0.0,0.0,0.0,0.0,0.0,0.0,0.0,0.0,0.0,0.0,0.0,8.0
3382.0,2429.0,953.0,0.0,0.0,220.818176,79.416664,64256.0,31872.0,0.601624,1721542656.0,0.601624,0.0,0.601624,0.601624,0.601624,62.0,64.0,0.061545,0.00048,0.061065,23.0,11.0,12.0,0.0,0.0,0.0,0.0,0.0,-0.0,40995.703125,29373.828125,11621.876953,0.0,0.0,36.567688,16.621677,18.283844,0.0,0.0,0.0,0.0,0.0,0.0,0.0,0.0,0.0,0.0,0.0,0.0,0.0,0.0,0.0,1.0,0.0,0.0,0.0,0.0,0.0,0.0,0.0,0.0,0.0,0.0,0.0,0.0,0.0,0.0,0.0,0.0,8.0
3502.0,2549.0,953.0,0.0,0.0,231.72728,79.416664,64256.0,31872.0,0.539111,1721542656.0,0.539111,0.0,0.539111,0.539111,0.539111,62.0,64.0,0.076614,0.000546,0.076068,23.0,11.0,12.0,0.0,0.0,0.0,0.0,0.0,-0.0,47366.867188,34397.367188,12969.499023,0.0,0.0,40.807922,18.549055,20.403961,0.0,0.0,0.0,0.0,0.0,0.0,0.0,0.0,0.0,0.0,0.0,0.0,0.0,0.0,0.0,1.0,0.0,0.0,0.0,0.0,0.0,0.0,0.0,0.0,0.0,0.0,0.0,0.0,0.0,0.0,0.0,0.0,8.0
3628.0,2675.0,953.0,0.0,0.0,243.181824,79.416664,64256.0,31872.0,2.168489,1721542656.0,2.168489,0.0,2.168489,2.168489,2.168489,62.0,64.0,0.277362,0.000496,0.276866,23.0,11.0,12.0,0.0,0.0,0.0,0.0,0.0,-0.0,12196.510742,8972.146484,3224.36499,0.0,0.0,10.145313,4.611506,5.072657,0.0,0.0,0.0,0.0,0.0,0.0,0.0,0.0,0.0,0.0,0.0,0.0,0.0,0.0,0.0,1.0,0.0,0.0,0.0,0.0,0.0,0.0,0.0,0.0,0.0,0.0,0.0,0.0,0.0,0.0,0.0,0.0,8.0
622.0,218.0,404.0,0.0,0.0,72.666664,101.0,64256.0,31872.0,2.539083,1721542656.0,2.539083,0.0,2.539083,2.539083,2.539083,62.0,64.0,0.278103,0.0,0.278103,7.0,3.0,4.0,0.0,0.0,2.0,0.0,2.0,-0.0,1414.68396,460.008606,954.675354,22.222222,0.0,2.363058,0.787686,1.181529,0.0,1.0,0.0,0.0,0.0,0.0,0.0,0.0,0.0,0.0,0.0,0.0,0.0,0.0,0.0,0.0,0.0,0.0,0.0,0.0,0.0,0.0,0.0,1.0,0.0,0.0,0.0,0.0,0.0,0.0,0.0,1.0,8.0
570.0,84.0,486.0,0.0,0.0,84.0,97.199997,64256.0,31872.0,3.392851,1721542656.0,3.392851,0.0,3.392851,3.392851,3.392851,62.0,64.0,0.278103,0.0,0.278103,6.0,1.0,5.0,0.0,0.0,3.0,0.0,3.0,-0.0,917.222656,0.0,917.222656,33.333333,0.0,1.473687,0.0,1.178949,0.0,1.0,0.0,0.0,1.0,0.0,0.0,0.0,0.0,0.0,0.0,0.0,0.0,0.0,0.0,0.0,0.0,0.0,1.0,0.0,0.0,0.0,0.0,0.0,0.0,0.0,0.0,0.0,0.0,0.0,0.0,1.0,8.0
4030.0,2811.0,1219.0,0.0,0.0,255.545456,76.1875,64256.0,31872.0,4.422664,1721542656.0,4.422664,0.0,4.422664,4.422664,4.422664,62.0,64.0,0.278103,0.0,0.278103,27.0,11.0,16.0,0.0,0.0,5.0,0.0,5.0,-0.0,6690.989746,4623.45752,2067.531982,15.625,0.0,5.878809,2.261081,3.391621,0.0,1.0,0.0,0.0,1.0,0.0,0.0,0.0,0.0,0.0,0.0,1.0,0.0,0.0,0.0,0.0,0.0,0.0,0.0,0.0,0.0,0.0,0.0,0.0,0.0,0.0,0.0,0.0,0.0,0.0,0.0,1.0,8.0
4216.0,3045.0,1171.0,0.0,0.0,253.75,78.066666,64256.0,31872.0,1.751192,1721542656.0,1.751192,0.0,1.751192,1.751192,1.751192,62.0,64.0,0.153874,0.000489,0.153385,27.0,12.0,15.0,0.0,0.0,1.0,0.0,1.0,-0.0,17747.912109,12754.741211,4993.17041,3.571429,0.0,14.84703,6.281436,7.994555,0.0,1.0,0.0,0.0,0.0,0.0,0.0,0.0,0.0,0.0,0.0,0.0,0.0,0.0,0.0,1.0,0.0,0.0,0.0,0.0,0.0,0.0,0.0,0.0,0.0,0.0,0.0,0.0,0.0,0.0,0.0,1.0,8.0
4240.0,3221.0,1019.0,0.0,0.0,247.769226,78.384613,64256.0,31872.0,2.256286,1721542656.0,2.256286,0.0,2.256286,2.256286,2.256286,62.0,64.0,0.154943,0.000497,0.154446,26.0,13.0,13.0,0.0,0.0,0.0,0.0,0.0,-0.0,13881.219727,10544.762695,3336.456543,0.0,0.0,11.080156,5.318475,5.318475,0.0,0.0,0.0,0.0,0.0,0.0,0.0,0.0,0.0,0.0,0.0,0.0,0.0,0.0,0.0,1.0,0.0,0.0,0.0,0.0,0.0,0.0,0.0,0.0,0.0,0.0,0.0,0.0,0.0,0.0,0.0,0.0,8.0
4192.0,3239.0,953.0,0.0,0.0,294.454559,79.416664,64256.0,31872.0,2.228868,1721542656.0,2.228868,0.0,2.228868,2.228868,2.228868,62.0,64.0,0.261854,0.0,0.261854,23.0,11.0,12.0,0.0,0.0,0.0,0.0,0.0,-0.0,13707.405273,10570.387695,3137.018311,0.0,0.0,9.870481,4.486582,4.935241,0.0,0.0,0.0,0.0,0.0,0.0,0.0,0.0,0.0,0.0,0.0,0.0,0.0,0.0,0.0,1.0,0.0,0.0,0.0,0.0,0.0,0.0,0.0,0.0,0.0,0.0,0.0,0.0,0.0,0.0,0.0,0.0,8.0
4620.0,3527.0,1093.0,0.0,0.0,271.307678,78.071426,64256.0,31872.0,4.69729,1721542656.0,4.69729,0.0,4.69729,4.69729,4.69729,62.0,64.0,0.212374,0.000498,0.211876,27.0,13.0,14.0,0.0,0.0,1.0,0.0,1.0,-0.0,7273.981445,5545.325195,1728.656372,3.571429,0.0,5.535107,2.554665,2.767553,0.0,1.0,0.0,0.0,0.0,0.0,0.0,0.0,0.0,0.0,0.0,0.0,0.0,0.0,0.0,1.0,0.0,0.0,0.0,0.0,0.0,0.0,0.0,0.0,0.0,0.0,0.0,0.0,0.0,0.0,0.0,0.0,8.0
4804.0,3701.0,1103.0,0.0,0.0,284.692322,78.785713,64256.0,31872.0,1.871309,1721542656.0,1.871309,0.0,1.871309,1.871309,1.871309,62.0,64.0,0.169901,0.00049,0.169411,27.0,13.0,14.0,0.0,0.0,4.0,0.0,4.0,-0.0,18989.916016,14607.956055,4381.959473,12.903226,0.0,13.894017,6.412623,6.947009,0.0,1.0,0.0,0.0,0.0,0.0,0.0,0.0,0.0,0.0,0.0,0.0,0.0,0.0,0.0,1.0,0.0,0.0,0.0,0.0,0.0,0.0,0.0,0.0,0.0,0.0,0.0,0.0,0.0,0.0,0.0,1.0,8.0
4678.0,3725.0,953.0,0.0,0.0,338.636353,79.416664,64256.0,31872.0,0.494019,1721542656.0,0.494019,0.0,0.494019,0.494019,0.494019,62.0,64.0,0.046092,0.00092,0.045172,23.0,11.0,12.0,0.0,0.0,0.0,0.0,0.0,-0.0,69001.390625,54848.09375,14153.301758,0.0,0.0,44.5327,20.242136,22.26635,0.0,0.0,0.0,0.0,0.0,0.0,0.0,0.0,0.0,0.0,0.0,0.0,0.0,0.0,0.0,1.0,0.0,0.0,0.0,0.0,0.0,0.0,0.0,0.0,0.0,0.0,0.0,0.0,0.0,0.0,0.0,0.0,8.0
5050.0,3965.0,1085.0,0.0,0.0,330.416656,77.5,64256.0,31872.0,1.452407,1721542656.0,1.452407,0.0,1.452407,1.452407,1.452407,62.0,64.0,0.154175,0.0,0.154175,26.0,12.0,14.0,0.0,0.0,0.0,0.0,0.0,-0.0,25574.099609,20021.935547,5552.162598,0.0,0.0,17.212807,7.573635,8.950659,0.0,0.0,0.0,0.0,0.0,0.0,0.0,0.0,0.0,0.0,0.0,0.0,0.0,0.0,0.0,1.0,0.0,0.0,0.0,0.0,0.0,0.0,0.0,0.0,0.0,0.0,0.0,0.0,0.0,0.0,0.0,0.0,8.0
1700.0,633.0,1067.0,0.0,0.0,79.125,88.916664,64256.0,31872.0,4.797961,1721542656.0,4.797961,0.0,4.797961,4.797961,4.797961,62.0,64.0,0.231795,0.000508,0.231287,20.0,8.0,12.0,0.0,0.0,4.0,0.0,4.0,-0.0,2556.085693,923.725708,1632.359985,16.666667,0.0,3.960015,1.458953,2.29264,0.0,1.0,0.0,0.0,0.0,0.0,0.0,0.0,0.0,0.0,0.0,0.0,0.0,0.0,0.0,0.0,0.0,0.0,0.0,0.0,0.0,0.0,0.0,0.0,0.0,1.0,0.0,0.0,0.0,0.0,0.0,1.0,8.0
206.0,0.0,206.0,0.0,0.0,0.0,103.0,197300.1840419336,95686.87047841308,4.992711,1721542656.0,4.992711,0.0,4.992711,4.992711,4.992711,62.0,64.0,0.231795,0.000508,0.231287,2.0,0.0,2.0,0.0,0.0,0.0,0.0,1.0,-0.0,165.040588,0.0,165.040588,0.0,0.0,0.200292,0.0,0.200292,0.0,1.0,0.0,0.0,1.0,0.0,0.0,0.0,0.0,0.0,0.0,0.0,0.0,0.0,0.0,0.0,0.0,0.0,0.0,0.0,0.0,0.0,0.0,0.0,0.0,0.0,0.0,0.0,0.0,1.0,0.0,1.0,8.0
4063.0,3584.0,479.0,0.0,0.0,716.799988,68.428574,64256.0,31872.0,0.837802,1721542656.0,0.837802,0.0,0.837802,0.837802,0.837802,62.0,64.0,0.231795,0.000508,0.231287,12.0,5.0,7.0,0.0,0.0,0.0,0.0,0.0,-0.0,31310.5,27385.945312,3924.554932,0.0,0.0,13.129594,4.774398,7.161597,0.0,0.0,0.0,0.0,1.0,0.0,0.0,0.0,0.0,0.0,0.0,1.0,0.0,0.0,0.0,0.0,0.0,0.0,0.0,0.0,0.0,0.0,0.0,0.0,0.0,0.0,0.0,0.0,0.0,0.0,0.0,1.0,8.0
5350.0,4397.0,953.0,0.0,0.0,338.230774,79.416664,64256.0,31872.0,1.442077,1721542656.0,1.442077,0.0,1.442077,1.442077,1.442077,62.0,64.0,0.15535,0.0005,0.15485,25.0,13.0,12.0,0.0,0.0,0.0,0.0,0.0,-0.0,27366.083984,22517.521484,4848.562012,0.0,0.0,16.642662,8.321331,7.627886,0.0,0.0,0.0,0.0,0.0,0.0,0.0,0.0,0.0,0.0,0.0,0.0,0.0,0.0,0.0,1.0,0.0,0.0,0.0,0.0,0.0,0.0,0.0,0.0,0.0,0.0,0.0,0.0,0.0,0.0,0.0,0.0,8.0
1122.0,374.0,748.0,0.0,0.0,74.800003,93.5,64256.0,31872.0,3.746974,1721542656.0,3.746974,0.0,3.746974,3.746974,3.746974,62.0,64.0,0.264012,0.000498,0.263514,13.0,5.0,8.0,0.0,0.0,3.0,0.0,3.0,-0.0,2038.978638,640.516846,1398.461792,18.75,0.0,3.202584,1.067528,1.868174,0.0,1.0,0.0,0.0,0.0,0.0,0.0,0.0,0.0,0.0,0.0,0.0,0.0,0.0,0.0,0.0,0.0,0.0,0.0,0.0,0.0,0.0,0.0,0.0,0.0,1.0,0.0,0.0,0.0,0.0,0.0,1.0,8.0
5134.0,4233.0,901.0,0.0,0.0,529.125,75.083336,64256.0,31872.0,1.032157,1721542656.0,1.032157,0.0,1.032157,1.032157,1.032157,62.0,64.0,0.264012,0.000498,0.263514,20.0,8.0,12.0,0.0,0.0,0.0,0.0,0.0,-0.0,35110.941406,28708.8125,6402.126953,0.0,0.0,18.408052,6.781914,10.657294,0.0,0.0,0.0,0.0,1.0,0.0,0.0,0.0,0.0,0.0,0.0,1.0,0.0,0.0,0.0,0.0,0.0,0.0,0.0,0.0,0.0,0.0,0.0,0.0,0.0,0.0,0.0,0.0,0.0,0.0,0.0,1.0,8.0
5674.0,4721.0,953.0,0.0,0.0,393.416656,79.416664,64256.0,31872.0,1.343938,1721542656.0,1.343938,0.0,1.343938,1.343938,1.343938,62.0,64.0,0.168906,0.000497,0.168409,24.0,12.0,12.0,0.0,0.0,0.0,0.0,0.0,-0.0,30965.714844,25763.09375,5202.621094,0.0,0.0,17.113884,8.184901,8.184901,0.0,0.0,0.0,0.0,0.0,0.0,0.0,0.0,0.0,0.0,0.0,0.0,0.0,0.0,0.0,1.0,0.0,0.0,0.0,0.0,0.0,0.0,0.0,0.0,0.0,0.0,0.0,0.0,0.0,0.0,0.0,0.0,8.0
1570.0,639.0,931.0,0.0,0.0,79.875,84.63636,64256.0,31872.0,4.640601,1721542656.0,4.640601,0.0,4.640601,4.640601,4.640601,62.0,64.0,0.248423,0.0,0.248423,19.0,8.0,11.0,0.0,0.0,4.0,0.0,4.0,-0.0,2425.547852,965.392151,1460.15564,17.391304,0.0,3.878808,1.508425,2.154893,0.0,1.0,0.0,0.0,0.0,0.0,0.0,0.0,0.0,0.0,0.0,0.0,0.0,0.0,0.0,0.0,0.0,0.0,0.0,0.0,0.0,0.0,0.0,0.0,0.0,1.0,0.0,0.0,0.0,0.0,0.0,1.0,8.0
5368.0,4502.0,866.0,0.0,0.0,643.142883,78.727272,64256.0,31872.0,4.215255,1721542656.0,4.215255,0.0,4.215255,4.215255,4.215255,62.0,64.0,0.248423,0.0,0.248423,18.0,7.0,11.0,0.0,0.0,2.0,0.0,2.0,-0.0,8819.395508,7323.875,1495.520508,10.0,0.0,4.032971,1.423401,2.372336,0.0,1.0,0.0,0.0,1.0,0.0,0.0,0.0,0.0,0.0,0.0,1.0,0.0,0.0,0.0,0.0,0.0,0.0,0.0,0.0,0.0,0.0,0.0,0.0,0.0,0.0,0.0,0.0,0.0,0.0,0.0,1.0,8.0
6306.0,5279.0,1027.0,0.0,0.0,377.071442,79.0,64256.0,31872.0,2.746616,1721542656.0,2.746616,0.0,2.746616,2.746616,2.746616,62.0,64.0,0.092144,0.000492,0.091652,27.0,14.0,13.0,0.0,0.0,1.0,0.0,1.0,-0.0,17039.150391,14277.933594,2761.216064,3.571429,0.0,9.466194,4.733097,4.369013,0.0,1.0,0.0,0.0,0.0,0.0,0.0,0.0,0.0,0.0,0.0,0.0,0.0,0.0,0.0,1.0,0.0,0.0,0.0,0.0,0.0,0.0,0.0,0.0,0.0,0.0,0.0,0.0,0.0,0.0,0.0,1.0,8.0
6658.0,5491.0,1167.0,0.0,0.0,392.214294,77.800003,64256.0,31872.0,4.170818,1721542656.0,4.170818,0.0,4.170818,4.170818,4.170818,62.0,64.0,0.25841,0.000504,0.257906,29.0,14.0,15.0,0.0,0.0,3.0,1.0,2.0,-0.0,11871.052734,9780.335938,2090.717041,9.375,0.0,6.713312,3.116895,3.356656,1.0,0.0,0.0,0.0,0.0,0.0,0.0,0.0,0.0,0.0,0.0,0.0,0.0,0.0,0.0,1.0,0.0,0.0,0.0,0.0,0.0,0.0,0.0,0.0,0.0,0.0,0.0,0.0,0.0,0.0,0.0,0.0,8.0
6658.0,5639.0,1019.0,0.0,0.0,433.769226,78.384613,64256.0,31872.0,1.285081,1721542656.0,1.285081,0.0,1.285081,1.285081,1.285081,62.0,64.0,0.156952,0.000199,0.156753,26.0,13.0,13.0,0.0,0.0,0.0,0.0,0.0,-0.0,38266.847656,32408.851562,5857.996582,0.0,0.0,19.454025,9.337933,9.337933,0.0,0.0,0.0,0.0,0.0,0.0,0.0,0.0,0.0,0.0,0.0,0.0,0.0,0.0,0.0,1.0,0.0,0.0,0.0,0.0,0.0,0.0,0.0,0.0,0.0,0.0,0.0,0.0,0.0,0.0,0.0,0.0,8.0
7084.0,5999.0,1085.0,0.0,0.0,399.933319,77.5,64256.0,31872.0,1.701427,1721542656.0,1.701427,0.0,1.701427,1.701427,1.701427,62.0,64.0,0.154706,0.000498,0.154208,29.0,15.0,14.0,0.0,0.0,0.0,0.0,0.0,-0.0,31070.390625,26330.839844,4739.550781,0.0,0.0,16.456774,8.228387,7.640645,0.0,0.0,0.0,0.0,0.0,0.0,0.0,0.0,0.0,0.0,0.0,0.0,0.0,0.0,0.0,1.0,0.0,0.0,0.0,0.0,0.0,0.0,0.0,0.0,0.0,0.0,0.0,0.0,0.0,0.0,0.0,0.0,8.0
7637.0,6239.0,1398.0,0.0,0.0,415.933319,77.666664,64256.0,31872.0,2.043462,1721542656.0,2.043462,0.0,2.043462,2.043462,2.043462,62.0,64.0,0.154022,0.000496,0.153526,33.0,15.0,18.0,0.0,0.0,1.0,0.0,1.0,-0.0,27972.136719,22800.521484,5171.615723,2.941176,0.0,15.659698,6.851118,8.319215,0.0,1.0,0.0,0.0,0.0,0.0,0.0,0.0,0.0,0.0,0.0,0.0,0.0,0.0,0.0,1.0,0.0,0.0,0.0,0.0,0.0,0.0,0.0,0.0,0.0,0.0,0.0,0.0,0.0,0.0,0.0,1.0,8.0
7500.0,6341.0,1159.0,0.0,0.0,487.769226,77.26667,64256.0,31872.0,4.71489,1721542656.0,4.71489,0.0,4.71489,4.71489,4.71489,62.0,64.0,0.266925,0.0,0.266925,28.0,13.0,15.0,0.0,0.0,1.0,0.0,1.0,-0.0,11768.672852,9932.787109,1835.885864,3.448276,0.0,5.726539,2.545128,2.969316,0.0,1.0,0.0,0.0,0.0,0.0,0.0,0.0,0.0,0.0,0.0,0.0,0.0,0.0,0.0,1.0,0.0,0.0,0.0,0.0,0.0,0.0,0.0,0.0,0.0,0.0,0.0,0.0,0.0,0.0,0.0,0.0,8.0
8248.0,6785.0,1463.0,0.0,0.0,452.333344,77.0,64256.0,31872.0,4.889598,1721542656.0,4.889598,0.0,4.889598,4.889598,4.889598,62.0,64.0,0.278447,0.000497,0.27795,34.0,15.0,19.0,0.0,0.0,3.0,0.0,3.0,-0.0,12629.259766,10361.587891,2267.671143,8.108108,0.0,6.749021,2.863221,3.681284,0.0,1.0,0.0,0.0,0.0,0.0,0.0,0.0,0.0,0.0,0.0,0.0,0.0,0.0,0.0,1.0,0.0,0.0,0.0,0.0,0.0,0.0,0.0,0.0,0.0,0.0,0.0,0.0,0.0,0.0,0.0,1.0,8.0
66.0,0.0,66.0,0.0,0.0,0.0,66.0,197300.1840419336,95686.87047841308,0.0,1721542656.0,0.0,0.0,0.0,0.0,0.0,62.0,64.0,0.266925,0.0,0.266925,1.0,0.0,1.0,0.0,0.0,0.0,0.0,0.0,-0.0,0.0,0.0,0.0,0.0,0.0,0.0,0.0,0.0,0.0,0.0,0.0,0.0,1.0,0.0,0.0,0.0,0.0,0.0,0.0,0.0,0.0,0.0,0.0,0.0,0.0,0.0,0.0,0.0,0.0,0.0,0.0,0.0,0.0,0.0,0.0,0.0,1.0,0.0,0.0,0.0,8.0
8014.0,6839.0,1175.0,0.0,0.0,526.076904,78.333336,64256.0,31872.0,4.828073,1721542656.0,4.828073,0.0,4.828073,4.828073,4.828073,62.0,64.0,0.248838,0.000497,0.248341,28.0,13.0,15.0,0.0,0.0,3.0,0.0,3.0,-0.0,12278.19043,10460.488281,1817.702393,9.677419,0.0,5.592293,2.485464,2.899708,0.0,1.0,0.0,0.0,0.0,0.0,0.0,0.0,0.0,0.0,0.0,0.0,0.0,0.0,0.0,0.0,0.0,0.0,0.0,0.0,0.0,0.0,0.0,0.0,1.0,0.0,0.0,0.0,0.0,0.0,0.0,0.0,8.0
66.0,0.0,66.0,0.0,0.0,0.0,66.0,197300.1840419336,95686.87047841308,0.0,1721542656.0,0.0,0.0,0.0,0.0,0.0,62.0,64.0,0.266925,0.0,0.266925,1.0,0.0,1.0,0.0,0.0,0.0,0.0,0.0,-0.0,0.0,0.0,0.0,0.0,0.0,0.0,0.0,0.0,0.0,0.0,0.0,0.0,1.0,0.0,0.0,0.0,0.0,0.0,0.0,0.0,0.0,0.0,0.0,0.0,0.0,0.0,0.0,0.0,0.0,0.0,0.0,0.0,0.0,0.0,0.0,0.0,1.0,0.0,0.0,0.0,8.0
264.0,132.0,132.0,0.0,0.0,66.0,66.0,64256.0,31872.0,4.322911,1721542656.0,4.322911,0.0,4.322911,4.322911,4.322911,62.0,64.0,0.248838,0.000497,0.248341,4.0,2.0,2.0,0.0,0.0,0.0,0.0,0.0,-0.0,244.279846,122.139923,122.139923,0.0,0.0,0.693977,0.231326,0.231326,0.0,0.0,0.0,0.0,1.0,0.0,0.0,0.0,1.0,0.0,0.0,0.0,0.0,0.0,0.0,0.0,0.0,0.0,0.0,0.0,0.0,0.0,0.0,0.0,0.0,0.0,0.0,0.0,0.0,0.0,0.0,0.0,8.0
8339.0,7097.0,1242.0,0.0,0.0,545.923096,77.625,64256.0,31872.0,4.624643,1721542656.0,4.624643,0.0,4.624643,4.624643,4.624643,62.0,64.0,0.277088,0.000496,0.276592,29.0,13.0,16.0,0.0,0.0,4.0,0.0,4.0,-0.0,13349.355469,11334.064453,2015.290771,12.121212,0.0,6.054522,2.594795,3.243494,0.0,1.0,0.0,0.0,0.0,0.0,0.0,0.0,0.0,0.0,0.0,0.0,0.0,0.0,0.0,0.0,0.0,0.0,0.0,0.0,0.0,0.0,0.0,0.0,1.0,0.0,0.0,0.0,0.0,0.0,0.0,0.0,8.0
282.0,66.0,216.0,0.0,0.0,66.0,72.0,64256.0,31872.0,2.354892,1721542656.0,2.354892,0.0,2.354892,2.354892,2.354892,62.0,64.0,0.277088,0.000496,0.276592,4.0,1.0,3.0,0.0,0.0,3.0,0.0,3.0,-0.0,489.194397,0.0,489.194397,42.857143,0.0,1.273944,0.0,0.849296,0.0,1.0,0.0,0.0,1.0,0.0,0.0,0.0,0.0,1.0,0.0,0.0,0.0,0.0,0.0,0.0,0.0,0.0,0.0,0.0,0.0,0.0,0.0,0.0,0.0,0.0,0.0,0.0,0.0,0.0,0.0,0.0,8.0
132.0,66.0,66.0,0.0,0.0,66.0,66.0,64256.0,31872.0,0.0,1721542656.0,0.0,0.0,0.0,0.0,0.0,62.0,64.0,0.266925,0.0,0.266925,2.0,1.0,1.0,0.0,0.0,0.0,0.0,0.0,-0.0,0.0,0.0,0.0,0.0,0.0,0.0,0.0,0.0,0.0,0.0,0.0,0.0,1.0,0.0,1.0,0.0,0.0,0.0,0.0,0.0,0.0,0.0,0.0,0.0,0.0,0.0,0.0,0.0,0.0,0.0,0.0,0.0,0.0,0.0,0.0,0.0,0.0,0.0,0.0,0.0,8.0
8551.0,7427.0,1124.0,0.0,0.0,530.5,80.285713,64256.0,31872.0,2.070074,1721542656.0,2.070074,0.0,2.070074,2.070074,2.070074,62.0,64.0,0.154413,0.000487,0.153926,28.0,14.0,14.0,0.0,0.0,1.0,0.0,1.0,-0.0,30688.755859,26654.119141,4034.638184,3.448276,0.0,13.043012,6.279968,6.279968,0.0,1.0,0.0,0.0,0.0,0.0,0.0,0.0,0.0,0.0,0.0,0.0,0.0,0.0,0.0,1.0,0.0,0.0,0.0,0.0,0.0,0.0,0.0,0.0,0.0,0.0,0.0,0.0,0.0,0.0,0.0,0.0,8.0
10094.0,8573.0,1521.0,0.0,0.0,612.357117,80.052635,64256.0,31872.0,4.750118,1721542656.0,4.750118,0.0,4.750118,4.750118,4.750118,62.0,64.0,0.264064,0.000496,0.263568,33.0,14.0,19.0,0.0,0.0,4.0,0.0,4.0,-0.0,15834.554688,13407.667969,2426.887207,10.810811,0.0,6.736675,2.736774,3.78938,0.0,1.0,0.0,0.0,0.0,0.0,0.0,0.0,0.0,0.0,0.0,0.0,0.0,0.0,0.0,0.0,0.0,0.0,0.0,0.0,0.0,0.0,0.0,0.0,1.0,0.0,0.0,0.0,0.0,0.0,0.0,1.0,8.0
132.0,66.0,66.0,0.0,0.0,66.0,66.0,64256.0,31872.0,0.0,1721542656.0,0.0,0.0,0.0,0.0,0.0,62.0,64.0,0.264064,0.000496,0.263568,2.0,1.0,1.0,0.0,0.0,0.0,0.0,0.0,-0.0,0.0,0.0,0.0,0.0,0.0,0.0,0.0,0.0,0.0,0.0,0.0,0.0,1.0,0.0,0.0,0.0,1.0,0.0,0.0,0.0,0.0,0.0,0.0,0.0,0.0,0.0,0.0,0.0,0.0,0.0,0.0,0.0,0.0,0.0,0.0,0.0,0.0,0.0,0.0,1.0,8.0
1189.0,464.0,725.0,0.0,0.0,77.333336,80.555557,64256.0,31872.0,4.973048,1721542656.0,4.973048,0.0,4.973048,4.973048,4.973048,62.0,64.0,0.169767,0.000496,0.169271,15.0,6.0,9.0,0.0,0.0,5.0,1.0,4.0,-0.0,1660.148804,622.555786,1037.593018,25.0,0.0,2.815175,1.00542,1.608671,1.0,0.0,0.0,0.0,0.0,0.0,0.0,0.0,0.0,0.0,0.0,0.0,0.0,0.0,0.0,0.0,0.0,0.0,0.0,0.0,0.0,0.0,0.0,0.0,0.0,1.0,0.0,0.0,0.0,0.0,0.0,0.0,8.0
8552.0,7517.0,1035.0,0.0,0.0,939.625,73.928574,64256.0,31872.0,4.352146,1721542656.0,4.352146,0.0,4.352146,4.352146,4.352146,62.0,64.0,0.169767,0.000496,0.169271,22.0,8.0,14.0,0.0,0.0,6.0,0.0,6.0,-0.0,13859.829102,12091.505859,1768.322998,21.428571,0.0,4.825206,1.608402,2.987032,0.0,1.0,0.0,0.0,1.0,0.0,0.0,0.0,0.0,0.0,0.0,0.0,0.0,0.0,0.0,0.0,0.0,1.0,0.0,0.0,0.0,0.0,0.0,0.0,0.0,0.0,0.0,0.0,0.0,0.0,0.0,0.0,8.0
282.0,66.0,216.0,0.0,0.0,66.0,72.0,64256.0,31872.0,1.816877,1721542656.0,1.816877,0.0,1.816877,1.816877,1.816877,62.0,64.0,0.169767,0.000496,0.169271,4.0,1.0,3.0,0.0,0.0,3.0,0.0,3.0,-0.0,634.055054,0.0,634.055054,42.857143,0.0,1.651185,0.0,1.10079,0.0,1.0,0.0,0.0,1.0,0.0,0.0,0.0,0.0,1.0,0.0,0.0,0.0,0.0,0.0,0.0,0.0,0.0,0.0,0.0,0.0,0.0,0.0,0.0,0.0,0.0,0.0,0.0,0.0,0.0,0.0,0.0,8.0
9418.0,8333.0,1085.0,0.0,0.0,555.533325,77.5,64256.0,31872.0,1.716329,1721542656.0,1.716329,0.0,1.716329,1.716329,1.716329,62.0,64.0,0.15439,0.000516,0.153874,29.0,15.0,14.0,0.0,0.0,0.0,0.0,0.0,-0.0,40952.523438,36254.121094,4698.399902,0.0,0.0,16.313889,8.156944,7.574306,0.0,0.0,0.0,0.0,0.0,0.0,0.0,0.0,0.0,0.0,0.0,0.0,0.0,0.0,0.0,1.0,0.0,0.0,0.0,0.0,0.0,0.0,0.0,0.0,0.0,0.0,0.0,0.0,0.0,0.0,0.0,1.0,8.0
654.0,140.0,514.0,0.0,0.0,70.0,102.800003,64256.0,31872.0,3.057369,1721542656.0,3.057369,0.0,3.057369,3.057369,3.057369,62.0,64.0,0.186599,0.0,0.186599,7.0,2.0,5.0,0.0,0.0,3.0,0.0,3.0,-0.0,1261.21521,183.164017,1078.051147,30.0,0.0,1.962472,0.327079,1.308314,0.0,1.0,0.0,0.0,0.0,0.0,0.0,0.0,0.0,0.0,0.0,0.0,0.0,0.0,0.0,0.0,0.0,0.0,0.0,0.0,0.0,0.0,0.0,1.0,0.0,0.0,0.0,0.0,0.0,0.0,0.0,0.0,8.0
110.0,0.0,110.0,0.0,0.0,0.0,110.0,197300.1840419336,95686.87047841308,0.0,1721542656.0,0.0,0.0,0.0,0.0,0.0,62.0,64.0,0.186599,0.0,0.186599,1.0,0.0,1.0,0.0,0.0,0.0,0.0,0.0,-0.0,0.0,0.0,0.0,0.0,0.0,0.0,0.0,0.0,0.0,0.0,0.0,0.0,1.0,0.0,0.0,0.0,0.0,0.0,0.0,0.0,0.0,0.0,0.0,0.0,0.0,0.0,0.0,0.0,0.0,0.0,0.0,0.0,0.0,0.0,0.0,0.0,0.0,1.0,0.0,0.0,8.0
110.0,0.0,110.0,0.0,0.0,0.0,110.0,197300.1840419336,95686.87047841308,0.0,1721542656.0,0.0,0.0,0.0,0.0,0.0,62.0,64.0,0.186599,0.0,0.186599,1.0,0.0,1.0,0.0,0.0,0.0,0.0,0.0,-0.0,0.0,0.0,0.0,0.0,0.0,0.0,0.0,0.0,0.0,0.0,0.0,0.0,1.0,0.0,0.0,0.0,0.0,0.0,0.0,0.0,0.0,0.0,0.0,0.0,0.0,0.0,0.0,0.0,0.0,0.0,0.0,0.0,0.0,0.0,0.0,0.0,0.0,1.0,0.0,0.0,8.0
9678.0,8601.0,1077.0,0.0,0.0,573.400024,76.928574,64256.0,31872.0,1.747418,1721542656.0,1.747418,0.0,1.747418,1.747418,1.747418,62.0,64.0,0.186599,0.0,0.186599,29.0,15.0,14.0,0.0,0.0,0.0,0.0,0.0,-0.0,41336.417969,36753.65625,4582.76123,0.0,0.0,16.023642,8.011821,7.439548,0.0,0.0,0.0,0.0,1.0,0.0,0.0,0.0,0.0,0.0,0.0,1.0,0.0,0.0,0.0,0.0,0.0,0.0,0.0,0.0,0.0,0.0,0.0,0.0,0.0,0.0,0.0,0.0,0.0,0.0,0.0,0.0,8.0
9988.0,8903.0,1085.0,0.0,0.0,593.533325,77.5,64256.0,31872.0,1.048842,1721542656.0,1.048842,0.0,1.048842,1.048842,1.048842,62.0,64.0,0.077126,0.000498,0.076628,29.0,15.0,14.0,0.0,0.0,0.0,0.0,0.0,-0.0,71072.671875,63384.191406,7688.479492,0.0,0.0,26.69611,13.348055,12.394623,0.0,0.0,0.0,0.0,0.0,0.0,0.0,0.0,0.0,0.0,0.0,0.0,0.0,0.0,0.0,1.0,0.0,0.0,0.0,0.0,0.0,0.0,0.0,0.0,0.0,0.0,0.0,0.0,0.0,0.0,0.0,0.0,8.0
10432.0,9281.0,1151.0,0.0,0.0,580.0625,76.73333,64256.0,31872.0,1.684548,1721542656.0,1.684548,0.0,1.684548,1.684548,1.684548,62.0,64.0,0.154414,0.000459,0.153955,31.0,16.0,15.0,0.0,0.0,0.0,0.0,0.0,-0.0,46426.695312,41321.46875,5105.227051,0.0,0.0,17.808931,8.904466,8.310835,0.0,0.0,0.0,0.0,0.0,0.0,0.0,0.0,0.0,0.0,0.0,0.0,0.0,0.0,0.0,1.0,0.0,0.0,0.0,0.0,0.0,0.0,0.0,0.0,0.0,0.0,0.0,0.0,0.0,0.0,0.0,1.0,8.0
10175.0,9371.0,804.0,0.0,0.0,720.84613,80.400002,64256.0,31872.0,1.577478,1721542656.0,1.577478,0.0,1.577478,1.577478,1.577478,62.0,64.0,0.24845,0.000496,0.247954,23.0,13.0,10.0,0.0,0.0,0.0,0.0,0.0,-0.0,47544.242188,43872.558594,3671.68335,0.0,0.0,13.946311,7.607079,5.705309,0.0,0.0,0.0,0.0,0.0,0.0,0.0,0.0,0.0,0.0,0.0,0.0,0.0,0.0,0.0,0.0,0.0,0.0,0.0,0.0,0.0,0.0,0.0,0.0,0.0,1.0,0.0,0.0,0.0,0.0,0.0,0.0,8.0
419.0,138.0,281.0,0.0,0.0,69.0,70.25,64256.0,31872.0,0.524133,1721542656.0,0.524133,0.0,0.524133,0.524133,0.524133,62.0,64.0,0.24845,0.000496,0.247954,6.0,2.0,4.0,0.0,0.0,0.0,0.0,0.0,-0.0,4273.724121,1053.167725,3220.556396,0.0,0.0,9.539563,1.907913,5.723738,0.0,0.0,0.0,0.0,1.0,0.0,0.0,0.0,0.0,0.0,0.0,1.0,0.0,0.0,0.0,0.0,0.0,0.0,0.0,0.0,0.0,0.0,0.0,0.0,0.0,0.0,0.0,0.0,0.0,0.0,0.0,0.0,8.0
1521.0,635.0,886.0,0.0,0.0,79.375,88.599998,64256.0,31872.0,3.733243,1721542656.0,3.733243,0.0,3.733243,3.733243,3.733243,62.0,64.0,0.279074,0.001004,0.27807,18.0,8.0,10.0,0.0,0.0,4.0,1.0,3.0,-0.0,2901.498779,1191.457397,1710.041382,18.181818,0.0,4.553682,1.875045,2.410773,1.0,0.0,0.0,0.0,0.0,0.0,0.0,0.0,0.0,0.0,0.0,0.0,0.0,0.0,0.0,0.0,0.0,0.0,0.0,0.0,0.0,0.0,0.0,0.0,0.0,1.0,0.0,0.0,0.0,0.0,0.0,0.0,8.0
10232.0,9470.0,762.0,0.0,0.0,860.909119,76.199997,64256.0,31872.0,4.184243,1721542656.0,4.184243,0.0,4.184243,4.184243,4.184243,62.0,64.0,0.279074,0.001004,0.27807,21.0,11.0,10.0,0.0,0.0,6.0,6.0,0.0,-0.0,17773.345703,16461.757812,1311.58728,22.222222,0.0,4.779837,2.389918,2.150927,0.0,0.0,0.0,1.0,1.0,0.0,0.0,0.0,0.0,0.0,0.0,1.0,0.0,0.0,0.0,0.0,0.0,0.0,0.0,0.0,0.0,0.0,0.0,0.0,0.0,0.0,0.0,0.0,0.0,0.0,0.0,1.0,8.0
1879.0,777.0,1102.0,0.0,0.0,77.699997,91.833336,64256.0,31872.0,4.780927,1721542656.0,4.780927,0.0,4.780927,4.780927,4.780927,62.0,64.0,0.247172,0.000498,0.246674,22.0,10.0,12.0,0.0,0.0,4.0,0.0,4.0,-0.0,2863.042969,1171.320923,1691.722046,15.384615,0.0,4.392453,1.88248,2.300809,0.0,1.0,0.0,0.0,0.0,0.0,0.0,0.0,0.0,0.0,0.0,0.0,0.0,0.0,0.0,0.0,0.0,0.0,0.0,0.0,0.0,0.0,0.0,0.0,0.0,1.0,0.0,0.0,0.0,0.0,0.0,1.0,8.0
10508.0,9716.0,792.0,0.0,0.0,971.599976,72.0,64256.0,31872.0,0.757054,1721542656.0,0.757054,0.0,0.757054,0.757054,0.757054,62.0,64.0,0.247172,0.000498,0.246674,21.0,10.0,11.0,0.0,0.0,0.0,0.0,0.0,-0.0,100019.289062,92410.851562,7608.44043,0.0,0.0,26.418196,11.888188,13.209098,0.0,0.0,0.0,0.0,1.0,0.0,0.0,0.0,0.0,0.0,0.0,1.0,0.0,0.0,0.0,0.0,0.0,0.0,0.0,0.0,0.0,0.0,0.0,0.0,0.0,0.0,0.0,0.0,0.0,0.0,0.0,1.0,8.0
11614.0,10529.0,1085.0,0.0,0.0,658.0625,77.5,64256.0,31872.0,1.377803,1721542656.0,1.377803,0.0,1.377803,1.377803,1.377803,62.0,64.0,0.169681,0.0,0.169681,30.0,16.0,14.0,0.0,0.0,0.0,0.0,0.0,-0.0,63167.230469,57314.4375,5852.796387,0.0,0.0,21.048002,10.886898,9.435311,0.0,0.0,0.0,0.0,0.0,0.0,0.0,0.0,0.0,0.0,0.0,0.0,0.0,0.0,0.0,1.0,0.0,0.0,0.0,0.0,0.0,0.0,0.0,0.0,0.0,0.0,0.0,0.0,0.0,0.0,0.0,0.0,8.0
13339.0,11881.0,1458.0,0.0,0.0,742.5625,81.0,64256.0,31872.0,4.352897,1721542656.0,4.352897,0.0,4.352897,4.352897,4.352897,62.0,64.0,0.248823,0.000497,0.248326,34.0,16.0,18.0,0.0,0.0,4.0,0.0,4.0,-0.0,23002.611328,20471.882812,2530.728271,10.526316,0.0,7.581158,3.445981,3.905445,0.0,1.0,0.0,0.0,0.0,0.0,0.0,0.0,0.0,0.0,0.0,0.0,0.0,0.0,0.0,0.0,0.0,0.0,0.0,0.0,0.0,0.0,0.0,0.0,0.0,1.0,0.0,0.0,0.0,0.0,0.0,1.0,8.0
2293.0,1652.0,641.0,0.0,0.0,550.666687,71.222221,64256.0,31872.0,3.020924,1721542656.0,3.020924,0.0,3.020924,3.020924,3.020924,62.0,64.0,0.248823,0.000497,0.248326,12.0,3.0,9.0,0.0,0.0,5.0,0.0,5.0,-0.0,4427.78418,2918.312256,1509.471924,29.411765,0.0,3.64127,0.662049,2.648196,0.0,1.0,0.0,0.0,1.0,0.0,0.0,0.0,0.0,0.0,0.0,1.0,0.0,0.0,0.0,0.0,0.0,0.0,0.0,0.0,0.0,0.0,0.0,0.0,0.0,0.0,0.0,0.0,0.0,0.0,0.0,1.0,8.0
971.0,468.0,503.0,0.0,0.0,78.0,83.833336,64256.0,31872.0,1.672142,1721542656.0,1.672142,0.0,1.672142,1.672142,1.672142,62.0,64.0,0.170288,0.000994,0.169294,12.0,6.0,6.0,0.0,0.0,1.0,0.0,1.0,-0.0,3875.268799,1865.870239,2009.398682,7.692308,0.0,6.578389,2.990177,2.990177,0.0,1.0,0.0,0.0,0.0,0.0,0.0,0.0,0.0,0.0,0.0,0.0,0.0,0.0,0.0,0.0,0.0,0.0,0.0,0.0,0.0,0.0,0.0,0.0,0.0,1.0,0.0,0.0,0.0,0.0,0.0,1.0,8.0
11527.0,10871.0,656.0,0.0,0.0,905.916687,72.888885,64256.0,31872.0,0.371342,1721542656.0,0.371342,0.0,0.371342,0.371342,0.371342,62.0,64.0,0.170288,0.000994,0.169294,21.0,12.0,9.0,0.0,0.0,0.0,0.0,0.0,-0.0,227283.734375,214702.34375,12581.393555,0.0,0.0,53.858707,29.622288,21.543482,0.0,0.0,0.0,0.0,1.0,0.0,0.0,0.0,0.0,0.0,0.0,1.0,0.0,0.0,0.0,0.0,0.0,0.0,0.0,0.0,0.0,0.0,0.0,0.0,0.0,0.0,0.0,0.0,0.0,0.0,0.0,1.0,8.0
12754.0,11603.0,1151.0,0.0,0.0,682.529419,76.73333,64256.0,31872.0,0.574547,1721542656.0,0.574547,0.0,0.574547,0.574547,0.574547,62.0,64.0,0.06216,0.000498,0.061662,32.0,17.0,15.0,0.0,0.0,0.0,0.0,0.0,-0.0,167032.46875,152064.15625,14968.314453,0.0,0.0,53.955551,27.848026,24.367023,0.0,0.0,0.0,0.0,0.0,0.0,0.0,0.0,0.0,0.0,0.0,0.0,0.0,0.0,0.0,1.0,0.0,0.0,0.0,0.0,0.0,0.0,0.0,0.0,0.0,0.0,0.0,0.0,0.0,0.0,0.0,0.0,8.0
13102.0,11951.0,1151.0,0.0,0.0,703.0,76.73333,64256.0,31872.0,0.648635,1721542656.0,0.648635,0.0,0.648635,0.648635,0.648635,62.0,64.0,0.061853,0.000496,0.061357,32.0,17.0,15.0,0.0,0.0,0.0,0.0,0.0,-0.0,151986.859375,138728.25,13258.611328,0.0,0.0,47.792671,24.667185,21.583786,0.0,0.0,0.0,0.0,0.0,0.0,0.0,0.0,0.0,0.0,0.0,0.0,0.0,0.0,0.0,1.0,0.0,0.0,0.0,0.0,0.0,0.0,0.0,0.0,0.0,0.0,0.0,0.0,0.0,0.0,0.0,0.0,8.0
13456.0,12305.0,1151.0,0.0,0.0,723.823547,76.73333,64256.0,31872.0,1.269983,1721542656.0,1.269983,0.0,1.269983,1.269983,1.269983,62.0,64.0,0.155126,0.000497,0.154629,32.0,17.0,15.0,0.0,0.0,0.0,0.0,0.0,-0.0,79730.195312,72958.453125,6771.744141,0.0,0.0,24.409775,12.598594,11.023769,0.0,0.0,0.0,0.0,0.0,0.0,0.0,0.0,0.0,0.0,0.0,0.0,0.0,0.0,0.0,1.0,0.0,0.0,0.0,0.0,0.0,0.0,0.0,0.0,0.0,0.0,0.0,0.0,0.0,0.0,0.0,0.0,8.0
14100.0,12809.0,1291.0,0.0,0.0,674.157898,75.941177,64256.0,31872.0,1.980506,1721542656.0,1.980506,0.0,1.980506,1.980506,1.980506,62.0,64.0,0.156247,0.001506,0.154741,36.0,19.0,17.0,0.0,0.0,1.0,0.0,1.0,-0.0,53929.652344,49017.777344,4911.875977,2.702703,0.0,17.672253,9.088587,8.078744,0.0,1.0,0.0,0.0,0.0,0.0,0.0,0.0,0.0,0.0,0.0,0.0,0.0,0.0,0.0,1.0,0.0,0.0,0.0,0.0,0.0,0.0,0.0,0.0,0.0,0.0,0.0,0.0,0.0,0.0,0.0,1.0,8.0
14380.0,13097.0,1283.0,0.0,0.0,727.611084,75.470589,64256.0,31872.0,1.422672,1721542656.0,1.422672,0.0,1.422672,1.422672,1.422672,62.0,64.0,0.170931,0.001004,0.169927,35.0,18.0,17.0,0.0,0.0,0.0,0.0,0.0,-0.0,76352.101562,69559.25,6792.851562,0.0,0.0,23.898691,11.949346,11.246443,0.0,0.0,0.0,0.0,0.0,0.0,0.0,0.0,0.0,0.0,0.0,0.0,0.0,0.0,0.0,1.0,0.0,0.0,0.0,0.0,0.0,0.0,0.0,0.0,0.0,0.0,0.0,0.0,0.0,0.0,0.0,0.0,8.0
14694.0,13469.0,1225.0,0.0,0.0,748.277771,76.5625,64256.0,31872.0,2.407923,1721542656.0,2.407923,0.0,2.407923,2.407923,2.407923,62.0,64.0,0.156709,0.000431,0.156278,34.0,18.0,16.0,0.0,0.0,1.0,0.0,1.0,-0.0,46081.203125,42263.808594,3817.397949,2.857143,0.0,13.704758,7.060027,6.229435,0.0,1.0,0.0,0.0,0.0,0.0,0.0,0.0,0.0,0.0,0.0,0.0,0.0,0.0,0.0,1.0,0.0,0.0,0.0,0.0,0.0,0.0,0.0,0.0,0.0,0.0,0.0,0.0,0.0,0.0,0.0,0.0,8.0
14998.0,13847.0,1151.0,0.0,0.0,769.277771,76.73333,64256.0,31872.0,1.361521,1721542656.0,1.361521,0.0,1.361521,1.361521,1.361521,62.0,64.0,0.170429,0.000508,0.169921,33.0,18.0,15.0,0.0,0.0,0.0,0.0,0.0,-0.0,83159.9375,76843.46875,6316.465332,0.0,0.0,23.503126,12.486035,10.282618,0.0,0.0,0.0,0.0,0.0,0.0,0.0,0.0,0.0,0.0,0.0,0.0,0.0,0.0,0.0,1.0,0.0,0.0,0.0,0.0,0.0,0.0,0.0,0.0,0.0,0.0,0.0,0.0,0.0,0.0,0.0,0.0,8.0
15382.0,14231.0,1151.0,0.0,0.0,790.611084,76.73333,64256.0,31872.0,1.330073,1721542656.0,1.330073,0.0,1.330073,1.330073,1.330073,62.0,64.0,0.169429,0.000502,0.168927,33.0,18.0,15.0,0.0,0.0,0.0,0.0,0.0,-0.0,87309.484375,80843.679688,6465.810547,0.0,0.0,24.05883,12.781254,10.525738,0.0,0.0,0.0,0.0,0.0,0.0,0.0,0.0,0.0,0.0,0.0,0.0,0.0,0.0,0.0,1.0,0.0,0.0,0.0,0.0,0.0,0.0,0.0,0.0,0.0,0.0,0.0,0.0,0.0,0.0,0.0,0.0,8.0
15904.0,14687.0,1217.0,0.0,0.0,773.0,76.0625,64256.0,31872.0,1.083914,1721542656.0,1.083914,0.0,1.083914,1.083914,1.083914,62.0,64.0,0.156083,0.000985,0.155098,35.0,19.0,16.0,0.0,0.0,0.0,0.0,0.0,-0.0,111115.820312,102694.492188,8421.332031,0.0,0.0,31.367802,16.606483,13.838736,0.0,0.0,0.0,0.0,0.0,0.0,0.0,0.0,0.0,0.0,0.0,0.0,0.0,0.0,0.0,1.0,0.0,0.0,0.0,0.0,0.0,0.0,0.0,0.0,0.0,0.0,0.0,0.0,0.0,0.0,0.0,0.0,8.0
16584.0,15227.0,1357.0,0.0,0.0,725.095215,75.388885,64256.0,31872.0,1.110354,1721542656.0,1.110354,0.0,1.110354,1.110354,1.110354,62.0,64.0,0.060681,0.000988,0.059693,39.0,21.0,18.0,0.0,0.0,1.0,0.0,1.0,-0.0,113722.296875,104485.601562,9236.694336,2.5,0.0,34.22332,18.012274,15.310433,0.0,1.0,0.0,0.0,0.0,0.0,0.0,0.0,0.0,0.0,0.0,0.0,0.0,0.0,0.0,1.0,0.0,0.0,0.0,0.0,0.0,0.0,0.0,0.0,0.0,0.0,0.0,0.0,0.0,0.0,0.0,1.0,8.0
17263.0,15545.0,1718.0,0.0,0.0,818.157898,74.695656,64256.0,31872.0,4.999589,1721542656.0,4.999589,0.0,4.999589,4.999589,4.999589,62.0,64.0,0.247761,0.000496,0.247265,42.0,19.0,23.0,0.0,0.0,3.0,0.0,3.0,-0.0,26195.753906,23565.136719,2630.616211,6.666667,0.0,8.200674,3.600296,4.400362,0.0,1.0,0.0,0.0,0.0,0.0,0.0,0.0,0.0,0.0,0.0,0.0,0.0,0.0,0.0,0.0,0.0,0.0,0.0,0.0,0.0,0.0,0.0,0.0,0.0,1.0,0.0,0.0,0.0,0.0,0.0,1.0,8.0
345.0,138.0,207.0,0.0,0.0,69.0,69.0,64256.0,31872.0,0.062321,1721542656.0,0.062321,0.0,0.062321,0.062321,0.062321,62.0,64.0,0.247761,0.000496,0.247265,5.0,2.0,3.0,0.0,0.0,0.0,0.0,0.0,-0.0,26572.103516,8857.367188,17714.734375,0.0,0.0,64.183823,16.045956,32.091911,0.0,0.0,0.0,0.0,1.0,0.0,0.0,0.0,0.0,0.0,0.0,1.0,0.0,0.0,0.0,0.0,0.0,0.0,0.0,0.0,0.0,0.0,0.0,0.0,0.0,0.0,0.0,0.0,0.0,0.0,0.0,1.0,8.0
17176.0,15959.0,1217.0,0.0,0.0,797.950012,76.0625,64256.0,31872.0,0.547409,1721542656.0,0.547409,0.0,0.547409,0.547409,0.547409,62.0,64.0,0.061603,0.000497,0.061106,36.0,20.0,16.0,0.0,0.0,0.0,0.0,0.0,-0.0,238256.953125,221582.03125,16674.917969,0.0,0.0,63.937569,34.708965,27.401815,0.0,0.0,0.0,0.0,0.0,0.0,0.0,0.0,0.0,0.0,0.0,0.0,0.0,0.0,0.0,1.0,0.0,0.0,0.0,0.0,0.0,0.0,0.0,0.0,0.0,0.0,0.0,0.0,0.0,0.0,0.0,0.0,8.0
17656.0,16439.0,1217.0,0.0,0.0,782.809509,76.0625,64256.0,31872.0,2.152555,1721542656.0,2.152555,0.0,2.152555,2.152555,2.152555,62.0,64.0,0.216963,0.0,0.216963,37.0,21.0,16.0,0.0,0.0,0.0,0.0,0.0,-0.0,62429.996094,58189.453125,4240.541992,0.0,0.0,16.724312,9.291285,6.968463,0.0,0.0,0.0,0.0,0.0,0.0,0.0,0.0,0.0,0.0,0.0,0.0,0.0,0.0,0.0,1.0,0.0,0.0,0.0,0.0,0.0,0.0,0.0,0.0,0.0,0.0,0.0,0.0,0.0,0.0,0.0,0.0,8.0
18076.0,16859.0,1217.0,0.0,0.0,802.809509,76.0625,64256.0,31872.0,1.452867,1721542656.0,1.452867,0.0,1.452867,1.452867,1.452867,62.0,64.0,0.154377,0.00049,0.153887,37.0,21.0,16.0,0.0,0.0,0.0,0.0,0.0,-0.0,94698.273438,88415.523438,6282.75,0.0,0.0,24.778593,13.765884,10.324413,0.0,0.0,0.0,0.0,0.0,0.0,0.0,0.0,0.0,0.0,0.0,0.0,0.0,0.0,0.0,1.0,0.0,0.0,0.0,0.0,0.0,0.0,0.0,0.0,0.0,0.0,0.0,0.0,0.0,0.0,0.0,0.0,8.0
19403.0,17523.0,1880.0,0.0,0.0,730.125,75.199997,64256.0,31872.0,3.792994,1721542656.0,3.792994,0.0,3.792994,3.792994,3.792994,62.0,64.0,0.264542,0.000497,0.264045,49.0,24.0,25.0,0.0,0.0,2.0,0.0,2.0,-0.0,39226.003906,35418.984375,3807.018799,3.921569,0.0,12.65491,6.063811,6.327455,0.0,1.0,0.0,0.0,0.0,0.0,0.0,0.0,0.0,0.0,0.0,0.0,0.0,0.0,0.0,1.0,0.0,0.0,0.0,0.0,0.0,0.0,0.0,0.0,0.0,0.0,0.0,0.0,0.0,0.0,0.0,1.0,8.0
18581.0,17579.0,1002.0,0.0,0.0,925.21051,77.07692,64256.0,31872.0,1.095966,1721542656.0,1.095966,0.0,1.095966,1.095966,1.095966,62.0,64.0,0.153755,0.000497,0.153258,32.0,19.0,13.0,0.0,0.0,0.0,0.0,0.0,-0.0,128317.851562,121565.820312,6752.03418,0.0,0.0,28.285549,16.423868,10.949244,0.0,0.0,0.0,0.0,0.0,0.0,0.0,0.0,0.0,0.0,0.0,0.0,0.0,0.0,0.0,0.0,0.0,0.0,0.0,0.0,0.0,0.0,0.0,0.0,0.0,1.0,0.0,0.0,0.0,0.0,0.0,0.0,8.0
851.0,348.0,503.0,0.0,0.0,69.599998,71.85714,64256.0,31872.0,1.949067,1721542656.0,1.949067,0.0,1.949067,1.949067,1.949067,62.0,64.0,0.153755,0.000497,0.153258,12.0,5.0,7.0,0.0,0.0,3.0,0.0,3.0,-0.0,2918.319336,1145.16333,1773.156128,20.0,0.0,5.643726,2.052264,3.078396,0.0,1.0,0.0,0.0,1.0,0.0,0.0,0.0,0.0,0.0,0.0,1.0,0.0,0.0,0.0,0.0,0.0,0.0,0.0,0.0,0.0,0.0,0.0,0.0,0.0,0.0,0.0,0.0,0.0,0.0,0.0,1.0,8.0
19636.0,18287.0,1349.0,0.0,0.0,795.086975,74.944443,64256.0,31872.0,2.946099,1721542656.0,2.946099,0.0,2.946099,2.946099,2.946099,62.0,64.0,0.263749,0.0,0.263749,41.0,23.0,18.0,0.0,0.0,0.0,0.0,0.0,-0.0,50960.949219,47498.742188,3462.205322,0.0,0.0,13.577276,7.467502,5.770342,0.0,0.0,0.0,0.0,0.0,0.0,0.0,0.0,0.0,0.0,0.0,0.0,0.0,0.0,0.0,1.0,0.0,0.0,0.0,0.0,0.0,0.0,0.0,0.0,0.0,0.0,0.0,0.0,0.0,0.0,0.0,0.0,8.0
19960.0,18599.0,1361.0,0.0,0.0,885.666687,75.611115,64256.0,31872.0,1.66898,1721542656.0,1.66898,0.0,1.66898,1.66898,1.66898,62.0,64.0,0.155181,0.000506,0.154675,39.0,21.0,18.0,0.0,0.0,1.0,1.0,0.0,-0.0,91073.585938,84909.34375,6164.244141,2.5,0.0,22.768398,11.983367,10.185862,0.0,0.0,0.0,1.0,0.0,0.0,0.0,0.0,0.0,0.0,0.0,0.0,0.0,0.0,0.0,1.0,0.0,0.0,0.0,0.0,0.0,0.0,0.0,0.0,0.0,0.0,0.0,0.0,0.0,0.0,0.0,1.0,8.0
802.0,214.0,588.0,0.0,0.0,71.333336,98.0,64256.0,31872.0,4.352364,1721542656.0,4.352364,0.0,4.352364,4.352364,4.352364,62.0,64.0,0.231991,0.000482,0.231509,9.0,3.0,6.0,0.0,0.0,5.0,1.0,4.0,-0.0,1163.505615,262.845673,900.659973,35.714286,0.0,1.838081,0.45952,1.148801,1.0,0.0,0.0,0.0,0.0,0.0,0.0,0.0,0.0,0.0,0.0,0.0,0.0,0.0,0.0,0.0,0.0,0.0,0.0,0.0,0.0,0.0,0.0,1.0,0.0,0.0,0.0,0.0,0.0,0.0,0.0,0.0,8.0
20478.0,18975.0,1503.0,0.0,0.0,948.75,71.571426,64256.0,31872.0,3.338203,1721542656.0,3.338203,0.0,3.338203,3.338203,3.338203,62.0,64.0,0.231991,0.000482,0.231509,41.0,20.0,21.0,0.0,0.0,1.0,0.0,1.0,-0.0,46633.472656,43201.6875,3431.786621,2.380952,0.0,11.982495,5.691685,5.991248,0.0,1.0,0.0,0.0,1.0,0.0,0.0,0.0,0.0,0.0,0.0,1.0,0.0,0.0,0.0,0.0,0.0,0.0,0.0,0.0,0.0,0.0,0.0,0.0,0.0,0.0,0.0,0.0,0.0,0.0,0.0,0.0,8.0
20854.0,19571.0,1283.0,0.0,0.0,889.590881,75.470589,64256.0,31872.0,0.602905,1721542656.0,0.602905,0.0,0.602905,0.602905,0.602905,62.0,64.0,0.061648,0.0005,0.061148,39.0,22.0,17.0,0.0,0.0,0.0,0.0,0.0,-0.0,263922.1875,247893.125,16029.05957,0.0,0.0,63.028175,34.83136,26.538179,0.0,0.0,0.0,0.0,0.0,0.0,0.0,0.0,0.0,0.0,0.0,0.0,0.0,0.0,0.0,1.0,0.0,0.0,0.0,0.0,0.0,0.0,0.0,0.0,0.0,0.0,0.0,0.0,0.0,0.0,0.0,0.0,8.0
21316.0,20033.0,1283.0,0.0,0.0,910.590881,75.470589,64256.0,31872.0,0.757687,1721542656.0,0.757687,0.0,0.757687,0.757687,0.757687,62.0,64.0,0.077082,0.000497,0.076585,39.0,22.0,17.0,0.0,0.0,0.0,0.0,0.0,-0.0,214663.84375,201909.234375,12754.607422,0.0,0.0,50.152637,27.715931,21.116899,0.0,0.0,0.0,0.0,0.0,0.0,0.0,0.0,0.0,0.0,0.0,0.0,0.0,0.0,0.0,1.0,0.0,0.0,0.0,0.0,0.0,0.0,0.0,0.0,0.0,0.0,0.0,0.0,0.0,0.0,0.0,0.0,8.0
21982.0,20633.0,1349.0,0.0,0.0,859.708313,74.944443,64256.0,31872.0,2.014263,1721542656.0,2.014263,0.0,2.014263,2.014263,2.014263,62.0,64.0,0.201925,0.00049,0.201435,42.0,24.0,18.0,0.0,0.0,0.0,0.0,0.0,-0.0,83599.8125,78535.921875,5063.887207,0.0,0.0,20.354841,11.418569,8.439812,0.0,0.0,0.0,0.0,0.0,0.0,0.0,0.0,0.0,0.0,0.0,0.0,0.0,0.0,0.0,1.0,0.0,0.0,0.0,0.0,0.0,0.0,0.0,0.0,0.0,0.0,0.0,0.0,0.0,0.0,0.0,0.0,8.0
22500.0,21041.0,1459.0,0.0,0.0,914.826111,76.789474,64256.0,31872.0,2.210237,1721542656.0,2.210237,0.0,2.210237,2.210237,2.210237,62.0,64.0,0.249556,0.0,0.249556,42.0,23.0,19.0,0.0,0.0,1.0,0.0,1.0,-0.0,77855.898438,72850.101562,5005.797852,2.325581,0.0,18.550047,9.953684,8.143923,0.0,1.0,0.0,0.0,0.0,0.0,0.0,0.0,0.0,0.0,0.0,0.0,0.0,0.0,0.0,1.0,0.0,0.0,0.0,0.0,0.0,0.0,0.0,0.0,0.0,0.0,0.0,0.0,0.0,0.0,0.0,0.0,8.0
1784.0,689.0,1095.0,0.0,0.0,86.125,78.214287,64256.0,31872.0,4.945982,1721542656.0,4.945982,0.0,4.945982,4.945982,4.945982,62.0,64.0,0.062184,0.000457,0.061727,22.0,8.0,14.0,0.0,0.0,5.0,0.0,5.0,-0.0,2620.308838,975.337158,1644.97168,18.518519,0.0,4.245871,1.41529,2.628396,0.0,1.0,0.0,0.0,0.0,0.0,0.0,0.0,0.0,0.0,0.0,0.0,0.0,0.0,0.0,0.0,0.0,0.0,0.0,0.0,0.0,0.0,0.0,0.0,0.0,1.0,0.0,0.0,0.0,0.0,0.0,1.0,8.0
21944.0,21098.0,846.0,0.0,0.0,1172.111084,70.5,64256.0,31872.0,0.648936,1721542656.0,0.648936,0.0,0.648936,0.648936,0.648936,62.0,64.0,0.062184,0.000457,0.061727,30.0,18.0,12.0,0.0,0.0,0.0,0.0,0.0,-0.0,255211.625,245645.1875,9566.428711,0.0,0.0,44.688538,26.19673,16.950825,0.0,0.0,0.0,0.0,1.0,0.0,0.0,0.0,0.0,0.0,0.0,1.0,0.0,0.0,0.0,0.0,0.0,0.0,0.0,0.0,0.0,0.0,0.0,0.0,0.0,0.0,0.0,0.0,0.0,0.0,0.0,1.0,8.0
23422.0,22073.0,1349.0,0.0,0.0,919.708313,74.944443,64256.0,31872.0,1.468205,1721542656.0,1.468205,0.0,1.468205,1.468205,1.468205,62.0,64.0,0.153853,0.000488,0.153365,42.0,24.0,18.0,0.0,0.0,0.0,0.0,0.0,-0.0,122211.820312,115264.5625,6947.258789,0.0,0.0,27.925257,15.665387,11.578765,0.0,0.0,0.0,0.0,0.0,0.0,0.0,0.0,0.0,0.0,0.0,0.0,0.0,0.0,0.0,1.0,0.0,0.0,0.0,0.0,0.0,0.0,0.0,0.0,0.0,0.0,0.0,0.0,0.0,0.0,0.0,0.0,8.0
518.0,222.0,296.0,0.0,0.0,74.0,74.0,8222720.0,4077568.0,3.042749,1721542656.0,3.042749,0.0,3.042749,3.042749,3.042749,62.0,64.0,0.000502,0.000502,0.0,7.0,3.0,4.0,0.0,0.0,5.0,2.0,3.0,-0.0,972.804565,389.121826,583.682739,41.666667,0.0,1.971901,0.6573,0.985951,1.0,0.0,0.0,0.0,0.0,0.0,0.0,0.0,0.0,0.0,0.0,0.0,0.0,0.0,0.0,0.0,0.0,0.0,0.0,0.0,0.0,0.0,0.0,0.0,0.0,0.0,0.0,1.0,0.0,0.0,0.0,0.0,8.0
23972.0,22557.0,1415.0,0.0,0.0,939.875,74.473686,64256.0,31872.0,4.37087,1721542656.0,4.37087,0.0,4.37087,4.37087,4.37087,62.0,64.0,0.163691,0.000502,0.163189,43.0,24.0,19.0,0.0,0.0,1.0,0.0,1.0,-0.0,42021.839844,39567.40625,2454.431152,2.272727,0.0,9.609071,5.26211,4.118173,0.0,1.0,0.0,0.0,1.0,0.0,0.0,0.0,0.0,0.0,0.0,0.0,1.0,0.0,0.0,0.0,0.0,0.0,0.0,0.0,0.0,0.0,0.0,0.0,0.0,0.0,0.0,0.0,0.0,0.0,0.0,0.0,8.0
2179.0,849.0,1330.0,0.0,0.0,77.181816,88.666664,64256.0,31872.0,4.424141,1721542656.0,4.424141,0.0,4.424141,4.424141,4.424141,62.0,64.0,0.170043,0.000513,0.16953,26.0,11.0,15.0,0.0,0.0,4.0,0.0,4.0,-0.0,3641.836426,1395.977173,2245.859619,13.333333,0.0,5.650815,2.260326,3.164456,0.0,1.0,0.0,0.0,0.0,0.0,0.0,0.0,0.0,0.0,0.0,0.0,0.0,0.0,0.0,0.0,0.0,0.0,0.0,0.0,0.0,0.0,0.0,0.0,0.0,1.0,0.0,0.0,0.0,0.0,0.0,1.0,8.0
23678.0,22502.0,1176.0,0.0,0.0,1323.647095,69.176468,64256.0,31872.0,0.819567,1721542656.0,0.819567,0.0,0.819567,0.819567,0.819567,62.0,64.0,0.170043,0.000513,0.16953,34.0,17.0,17.0,0.0,0.0,0.0,0.0,0.0,-0.0,217539.25,206733.546875,10805.706055,0.0,0.0,40.265163,19.522503,19.522503,0.0,0.0,0.0,0.0,1.0,0.0,0.0,0.0,0.0,0.0,0.0,1.0,0.0,0.0,0.0,0.0,0.0,0.0,0.0,0.0,0.0,0.0,0.0,0.0,0.0,0.0,0.0,0.0,0.0,0.0,0.0,1.0,8.0
25048.0,23633.0,1415.0,0.0,0.0,945.320007,74.473686,64256.0,31872.0,0.553472,1721542656.0,0.553472,0.0,0.553472,0.553472,0.553472,62.0,64.0,0.06156,0.00091,0.06065,44.0,25.0,19.0,0.0,0.0,0.0,0.0,0.0,-0.0,347320.1875,327937.09375,19383.095703,0.0,0.0,77.691376,43.362629,32.521973,0.0,0.0,0.0,0.0,0.0,0.0,0.0,0.0,0.0,0.0,0.0,0.0,0.0,0.0,0.0,1.0,0.0,0.0,0.0,0.0,0.0,0.0,0.0,0.0,0.0,0.0,0.0,0.0,0.0,0.0,0.0,0.0,8.0
132.0,66.0,66.0,0.0,0.0,66.0,66.0,64256.0,31872.0,0.000497,1721542656.0,0.000497,0.0,0.000497,0.000497,0.000497,62.0,64.0,0.163691,0.000502,0.163189,2.0,1.0,1.0,0.0,0.0,0.0,0.0,0.0,-0.0,0.0,0.0,0.0,0.0,0.0,2012.072388,0.0,0.0,0.0,0.0,0.0,0.0,1.0,0.0,0.0,0.0,1.0,0.0,0.0,0.0,0.0,0.0,0.0,0.0,0.0,0.0,0.0,0.0,0.0,0.0,0.0,0.0,0.0,0.0,0.0,0.0,0.0,0.0,0.0,0.0,8.0
25558.0,24143.0,1415.0,0.0,0.0,965.719971,74.473686,64256.0,31872.0,0.586133,1721542656.0,0.586133,0.0,0.586133,0.586133,0.586133,62.0,64.0,0.061823,0.000425,0.061398,44.0,25.0,19.0,0.0,0.0,0.0,0.0,0.0,-0.0,334654.40625,316351.40625,18303.013672,0.0,0.0,73.36219,40.946339,30.709753,0.0,0.0,0.0,0.0,0.0,0.0,0.0,0.0,0.0,0.0,0.0,0.0,0.0,0.0,0.0,1.0,0.0,0.0,0.0,0.0,0.0,0.0,0.0,0.0,0.0,0.0,0.0,0.0,0.0,0.0,0.0,0.0,8.0
26074.0,24659.0,1415.0,0.0,0.0,986.359985,74.473686,64256.0,31872.0,0.698066,1721542656.0,0.698066,0.0,0.698066,0.698066,0.698066,62.0,64.0,0.061509,0.000497,0.061012,44.0,25.0,19.0,0.0,0.0,0.0,0.0,0.0,-0.0,286666.3125,271298.125,15368.174805,0.0,0.0,61.598759,34.380703,25.785528,0.0,0.0,0.0,0.0,0.0,0.0,0.0,0.0,0.0,0.0,0.0,0.0,0.0,0.0,0.0,1.0,0.0,0.0,0.0,0.0,0.0,0.0,0.0,0.0,0.0,0.0,0.0,0.0,0.0,0.0,0.0,0.0,8.0
26794.0,25313.0,1481.0,0.0,0.0,937.518494,74.050003,64256.0,31872.0,2.305677,1721542656.0,2.305677,0.0,2.305677,2.305677,2.305677,62.0,64.0,0.091748,0.0,0.091748,47.0,27.0,20.0,0.0,0.0,0.0,0.0,0.0,-0.0,89459.195312,84577.328125,4881.863281,0.0,0.0,19.950756,11.276515,8.24053,0.0,0.0,0.0,0.0,0.0,0.0,0.0,0.0,0.0,0.0,0.0,0.0,0.0,0.0,0.0,1.0,0.0,0.0,0.0,0.0,0.0,0.0,0.0,0.0,0.0,0.0,0.0,0.0,0.0,0.0,0.0,0.0,8.0
29589.0,28003.0,1586.0,0.0,0.0,1077.038452,75.523811,64256.0,31872.0,4.186566,1721542656.0,4.186566,0.0,4.186566,4.186566,4.186566,62.0,64.0,0.247232,0.000497,0.246735,47.0,26.0,21.0,0.0,0.0,3.0,0.0,3.0,-0.0,54339.523438,51452.195312,2887.330566,6.0,0.0,10.987526,5.971481,4.777185,0.0,1.0,0.0,0.0,0.0,0.0,0.0,0.0,0.0,0.0,0.0,0.0,0.0,0.0,0.0,0.0,0.0,0.0,0.0,0.0,0.0,0.0,0.0,0.0,0.0,1.0,0.0,0.0,0.0,0.0,0.0,1.0,8.0
485.0,138.0,347.0,0.0,0.0,69.0,69.400002,64256.0,31872.0,0.169876,1721542656.0,0.169876,0.0,0.169876,0.169876,0.169876,62.0,64.0,0.247232,0.000497,0.246735,7.0,2.0,5.0,0.0,0.0,0.0,0.0,0.0,-0.0,16341.332031,3249.429199,13091.902344,0.0,0.0,35.319881,5.886647,23.546587,0.0,0.0,0.0,0.0,1.0,0.0,0.0,0.0,0.0,0.0,0.0,1.0,0.0,0.0,0.0,0.0,0.0,0.0,0.0,0.0,0.0,0.0,0.0,0.0,0.0,0.0,0.0,0.0,0.0,0.0,0.0,1.0,8.0
27724.0,26309.0,1415.0,0.0,0.0,1011.884644,74.473686,64256.0,31872.0,1.734419,1721542656.0,1.734419,0.0,1.734419,1.734419,1.734419,62.0,64.0,0.171012,0.000354,0.170658,45.0,26.0,19.0,0.0,0.0,0.0,0.0,0.0,-0.0,122872.273438,116686.914062,6185.356445,0.0,0.0,25.368727,14.414049,10.378115,0.0,0.0,0.0,0.0,0.0,0.0,0.0,0.0,0.0,0.0,0.0,0.0,0.0,0.0,0.0,1.0,0.0,0.0,0.0,0.0,0.0,0.0,0.0,0.0,0.0,0.0,0.0,0.0,0.0,0.0,0.0,0.0,8.0
28462.0,26981.0,1481.0,0.0,0.0,963.607117,74.050003,64256.0,31872.0,1.470546,1721542656.0,1.470546,0.0,1.470546,1.470546,1.470546,62.0,64.0,0.17027,0.000496,0.169774,48.0,28.0,20.0,0.0,0.0,0.0,0.0,0.0,-0.0,149196.28125,141541.984375,7654.299805,0.0,0.0,31.960918,18.360527,12.920371,0.0,0.0,0.0,0.0,0.0,0.0,0.0,0.0,0.0,0.0,0.0,0.0,0.0,0.0,0.0,1.0,0.0,0.0,0.0,0.0,0.0,0.0,0.0,0.0,0.0,0.0,0.0,0.0,0.0,0.0,0.0,0.0,8.0
28942.0,27461.0,1481.0,0.0,0.0,1017.074097,74.050003,64256.0,31872.0,0.697362,1721542656.0,0.697362,0.0,0.697362,0.697362,0.697362,62.0,64.0,0.062476,0.000416,0.06206,47.0,27.0,20.0,0.0,0.0,0.0,0.0,0.0,-0.0,319501.21875,303360.375,16140.828125,0.0,0.0,65.962868,37.283363,27.245533,0.0,0.0,0.0,0.0,0.0,0.0,0.0,0.0,0.0,0.0,0.0,0.0,0.0,0.0,0.0,1.0,0.0,0.0,0.0,0.0,0.0,0.0,0.0,0.0,0.0,0.0,0.0,0.0,0.0,0.0,0.0,0.0,8.0
1568.0,687.0,881.0,0.0,0.0,85.875,80.090912,64256.0,31872.0,3.740632,1721542656.0,3.740632,0.0,3.740632,3.740632,3.740632,62.0,64.0,0.247748,0.0,0.247748,19.0,8.0,11.0,0.0,0.0,3.0,0.0,3.0,-0.0,3000.5625,1287.48291,1713.079468,13.636364,0.0,4.812021,1.871341,2.673345,0.0,1.0,0.0,0.0,0.0,0.0,0.0,0.0,0.0,0.0,0.0,0.0,0.0,0.0,0.0,0.0,0.0,0.0,0.0,0.0,0.0,0.0,0.0,0.0,0.0,1.0,0.0,0.0,0.0,0.0,0.0,1.0,8.0
74.0,0.0,74.0,0.0,0.0,0.0,74.0,197300.1840419336,95686.87047841308,0.0,1721542656.0,0.0,0.0,0.0,0.0,0.0,62.0,64.0,0.247748,0.0,0.247748,1.0,0.0,1.0,0.0,0.0,0.0,0.0,0.0,-0.0,0.0,0.0,0.0,0.0,0.0,0.0,0.0,0.0,0.0,0.0,0.0,0.0,1.0,0.0,0.0,0.0,0.0,0.0,0.0,0.0,0.0,0.0,0.0,0.0,0.0,0.0,0.0,0.0,0.0,0.0,0.0,0.0,0.0,0.0,0.0,0.0,0.0,1.0,0.0,1.0,8.0
152.0,78.0,74.0,0.0,0.0,78.0,74.0,64256.0,31872.0,0.0,1721542656.0,0.0,0.0,0.0,0.0,0.0,62.0,64.0,0.247748,0.0,0.247748,2.0,1.0,1.0,0.0,0.0,0.0,0.0,0.0,-0.0,0.0,0.0,0.0,0.0,0.0,0.0,0.0,0.0,0.0,0.0,0.0,0.0,1.0,0.0,0.0,1.0,0.0,0.0,0.0,0.0,0.0,0.0,0.0,0.0,0.0,0.0,0.0,0.0,0.0,0.0,0.0,0.0,0.0,0.0,0.0,0.0,0.0,0.0,0.0,1.0,8.0
28634.0,27656.0,978.0,0.0,0.0,1202.434814,69.85714,64256.0,31872.0,0.493524,1721542656.0,0.493524,0.0,0.493524,0.493524,0.493524,62.0,64.0,0.247748,0.0,0.247748,37.0,23.0,14.0,0.0,0.0,0.0,0.0,0.0,-0.0,443552.90625,428818.0625,14734.845703,0.0,0.0,72.944786,44.577366,26.341171,0.0,0.0,0.0,0.0,1.0,0.0,0.0,0.0,0.0,0.0,0.0,1.0,0.0,0.0,0.0,0.0,0.0,0.0,0.0,0.0,0.0,0.0,0.0,0.0,0.0,0.0,0.0,0.0,0.0,0.0,0.0,1.0,8.0
30402.0,28715.0,1687.0,0.0,0.0,990.172424,73.347824,64256.0,31872.0,2.598934,1721542656.0,2.598934,0.0,2.598934,2.598934,2.598934,62.0,64.0,0.15538,0.000584,0.154796,52.0,29.0,23.0,0.0,0.0,1.0,0.0,1.0,-0.0,90310.875,85342.6875,4968.190918,1.886792,0.0,19.62343,10.773648,8.46501,0.0,1.0,0.0,0.0,0.0,0.0,0.0,0.0,0.0,0.0,0.0,0.0,0.0,0.0,0.0,1.0,0.0,0.0,0.0,0.0,0.0,0.0,0.0,0.0,0.0,0.0,0.0,0.0,0.0,0.0,0.0,1.0,8.0
31266.0,29345.0,1921.0,0.0,0.0,978.166687,73.884613,64256.0,31872.0,2.998306,1721542656.0,2.998306,0.0,2.998306,2.998306,2.998306,62.0,64.0,0.154934,0.001973,0.152961,56.0,30.0,26.0,0.0,0.0,2.0,1.0,1.0,-0.0,80618.851562,75688.070312,4930.78418,3.448276,0.0,18.343691,9.672128,8.338041,1.0,0.0,0.0,0.0,0.0,0.0,0.0,0.0,0.0,0.0,0.0,0.0,0.0,0.0,0.0,1.0,0.0,0.0,0.0,0.0,0.0,0.0,0.0,0.0,0.0,0.0,0.0,0.0,0.0,0.0,0.0,1.0,8.0
31384.0,29837.0,1547.0,0.0,0.0,1028.862061,73.666664,64256.0,31872.0,0.68005,1721542656.0,0.68005,0.0,0.68005,0.68005,0.68005,62.0,64.0,0.062259,0.000502,0.061757,50.0,29.0,21.0,0.0,0.0,0.0,0.0,0.0,-0.0,356244.40625,338904.5,17339.900391,0.0,0.0,72.05352,41.173443,29.409601,0.0,0.0,0.0,0.0,0.0,0.0,0.0,0.0,0.0,0.0,0.0,0.0,0.0,0.0,0.0,1.0,0.0,0.0,0.0,0.0,0.0,0.0,0.0,0.0,0.0,0.0,0.0,0.0,0.0,0.0,0.0,0.0,8.0
31960.0,30413.0,1547.0,0.0,0.0,1048.724121,73.666664,64256.0,31872.0,0.585007,1721542656.0,0.585007,0.0,0.585007,0.585007,0.585007,62.0,64.0,0.061866,0.000415,0.061451,50.0,29.0,21.0,0.0,0.0,0.0,0.0,0.0,-0.0,421724.875,401567.84375,20157.023438,0.0,0.0,83.759682,47.862675,34.187626,0.0,0.0,0.0,0.0,0.0,0.0,0.0,0.0,0.0,0.0,0.0,0.0,0.0,0.0,0.0,1.0,0.0,0.0,0.0,0.0,0.0,0.0,0.0,0.0,0.0,0.0,0.0,0.0,0.0,0.0,0.0,0.0,8.0
32608.0,31061.0,1547.0,0.0,0.0,1035.366699,73.666664,64256.0,31872.0,0.539802,1721542656.0,0.539802,0.0,0.539802,0.539802,0.539802,62.0,64.0,0.061034,0.000414,0.06062,51.0,30.0,21.0,0.0,0.0,0.0,0.0,0.0,-0.0,466837.8125,444992.78125,21845.046875,0.0,0.0,92.626556,53.7234,37.050621,0.0,0.0,0.0,0.0,0.0,0.0,0.0,0.0,0.0,0.0,0.0,0.0,0.0,0.0,0.0,1.0,0.0,0.0,0.0,0.0,0.0,0.0,0.0,0.0,0.0,0.0,0.0,0.0,0.0,0.0,0.0,0.0,8.0
33196.0,31649.0,1547.0,0.0,0.0,1054.966675,73.666664,64256.0,31872.0,0.728445,1721542656.0,0.728445,0.0,0.728445,0.728445,0.728445,62.0,64.0,0.061294,0.000986,0.060308,51.0,30.0,21.0,0.0,0.0,0.0,0.0,0.0,-0.0,352191.3125,336003.40625,16187.907227,0.0,0.0,68.639366,39.810829,27.455746,0.0,0.0,0.0,0.0,0.0,0.0,0.0,0.0,0.0,0.0,0.0,0.0,0.0,0.0,0.0,1.0,0.0,0.0,0.0,0.0,0.0,0.0,0.0,0.0,0.0,0.0,0.0,0.0,0.0,0.0,0.0,0.0,8.0
33790.0,32243.0,1547.0,0.0,0.0,1074.766724,73.666664,64256.0,31872.0,1.00523,1721542656.0,1.00523,0.0,1.00523,1.00523,1.00523,62.0,64.0,0.092571,0.000497,0.092074,51.0,30.0,21.0,0.0,0.0,0.0,0.0,0.0,-0.0,259785.328125,248054.6875,11730.649414,0.0,0.0,49.739864,28.849121,19.895945,0.0,0.0,0.0,0.0,0.0,0.0,0.0,0.0,0.0,0.0,0.0,0.0,0.0,0.0,0.0,1.0,0.0,0.0,0.0,0.0,0.0,0.0,0.0,0.0,0.0,0.0,0.0,0.0,0.0,0.0,0.0,0.0,8.0
35164.0,33325.0,1839.0,0.0,0.0,1041.40625,73.559998,64256.0,31872.0,2.479902,1721542656.0,2.479902,0.0,2.479902,2.479902,2.479902,62.0,64.0,0.137444,0.000491,0.136953,57.0,32.0,25.0,0.0,0.0,2.0,0.0,2.0,-0.0,109843.046875,104146.046875,5696.999023,3.389831,0.0,22.581537,12.500494,9.677802,0.0,1.0,0.0,0.0,0.0,0.0,0.0,0.0,0.0,0.0,0.0,0.0,0.0,0.0,0.0,1.0,0.0,0.0,0.0,0.0,0.0,0.0,0.0,0.0,0.0,0.0,0.0,0.0,0.0,0.0,0.0,1.0,8.0
2116.0,1229.0,887.0,0.0,0.0,122.900002,80.63636,64256.0,31872.0,1.358957,1721542656.0,1.358957,0.0,1.358957,1.358957,1.358957,62.0,64.0,0.168671,0.000935,0.167736,21.0,10.0,11.0,0.0,0.0,0.0,0.0,0.0,-0.0,11267.463867,6516.762207,4750.702148,0.0,0.0,14.717169,6.622726,7.358584,0.0,0.0,0.0,0.0,0.0,0.0,0.0,0.0,0.0,0.0,0.0,0.0,0.0,0.0,0.0,1.0,0.0,0.0,0.0,0.0,0.0,0.0,0.0,0.0,0.0,0.0,0.0,0.0,0.0,0.0,0.0,0.0,9.0
2128.0,1241.0,887.0,0.0,0.0,124.099998,80.63636,64256.0,31872.0,1.35984,1721542656.0,1.35984,0.0,1.35984,1.35984,1.35984,62.0,64.0,0.170263,0.000998,0.169265,21.0,10.0,11.0,0.0,0.0,0.0,0.0,0.0,-0.0,11318.978516,6571.361328,4747.617188,0.0,0.0,14.707612,6.618425,7.353806,0.0,0.0,0.0,0.0,0.0,0.0,0.0,0.0,0.0,0.0,0.0,0.0,0.0,0.0,0.0,1.0,0.0,0.0,0.0,0.0,0.0,0.0,0.0,0.0,0.0,0.0,0.0,0.0,0.0,0.0,0.0,0.0,9.0
2146.0,1259.0,887.0,0.0,0.0,125.900002,80.63636,64256.0,31872.0,1.373825,1721542656.0,1.373825,0.0,1.373825,1.373825,1.373825,62.0,64.0,0.16971,0.001008,0.168702,21.0,10.0,11.0,0.0,0.0,0.0,0.0,0.0,-0.0,11302.75,6603.461426,4699.288574,0.0,0.0,14.557896,6.551053,7.278948,0.0,0.0,0.0,0.0,0.0,0.0,0.0,0.0,0.0,0.0,0.0,0.0,0.0,0.0,0.0,1.0,0.0,0.0,0.0,0.0,0.0,0.0,0.0,0.0,0.0,0.0,0.0,0.0,0.0,0.0,0.0,0.0,9.0
2322.0,1361.0,961.0,0.0,0.0,123.727272,80.083336,64256.0,31872.0,1.87852,1721542656.0,1.87852,0.0,1.87852,1.87852,1.87852,62.0,64.0,0.1693,0.0,0.1693,23.0,11.0,12.0,0.0,0.0,1.0,0.0,1.0,-0.0,9024.125,5272.235352,3751.889648,4.166667,0.0,11.711348,5.323339,5.855674,0.0,1.0,0.0,0.0,0.0,0.0,0.0,0.0,0.0,0.0,0.0,0.0,0.0,0.0,0.0,1.0,0.0,0.0,0.0,0.0,0.0,0.0,0.0,0.0,0.0,0.0,0.0,0.0,0.0,0.0,0.0,1.0,9.0
2200.0,1313.0,887.0,0.0,0.0,131.300003,80.63636,64256.0,31872.0,1.391703,1721542656.0,1.391703,0.0,1.391703,1.391703,1.391703,62.0,64.0,0.171298,0.0,0.171298,21.0,10.0,11.0,0.0,0.0,0.0,0.0,0.0,-0.0,11433.473633,6794.553223,4638.920898,0.0,0.0,14.370882,6.466897,7.185441,0.0,0.0,0.0,0.0,0.0,0.0,0.0,0.0,0.0,0.0,0.0,0.0,0.0,0.0,0.0,1.0,0.0,0.0,0.0,0.0,0.0,0.0,0.0,0.0,0.0,0.0,0.0,0.0,0.0,0.0,0.0,0.0,9.0
2368.0,1349.0,1019.0,0.0,0.0,134.899994,78.384613,64256.0,31872.0,0.5425,1721542656.0,0.5425,0.0,0.5425,0.5425,0.5425,62.0,64.0,0.062085,0.000497,0.061588,23.0,10.0,13.0,0.0,0.0,0.0,0.0,0.0,-0.0,31793.546875,17917.050781,13876.49707,0.0,0.0,40.552994,16.589861,22.119816,0.0,0.0,0.0,0.0,0.0,0.0,0.0,0.0,0.0,0.0,0.0,0.0,0.0,0.0,0.0,1.0,0.0,0.0,0.0,0.0,0.0,0.0,0.0,0.0,0.0,0.0,0.0,0.0,0.0,0.0,0.0,0.0,9.0
2476.0,1457.0,1019.0,0.0,0.0,132.454544,78.384613,64256.0,31872.0,0.561788,1721542656.0,0.561788,0.0,0.561788,0.561788,0.561788,62.0,64.0,0.046891,0.000496,0.046395,24.0,11.0,13.0,0.0,0.0,0.0,0.0,0.0,-0.0,32268.398438,18868.326172,13400.072266,0.0,0.0,40.940708,17.800308,21.360371,0.0,0.0,0.0,0.0,0.0,0.0,0.0,0.0,0.0,0.0,0.0,0.0,0.0,0.0,0.0,1.0,0.0,0.0,0.0,0.0,0.0,0.0,0.0,0.0,0.0,0.0,0.0,0.0,0.0,0.0,0.0,0.0,9.0
2701.0,1505.0,1196.0,0.0,0.0,136.818176,85.428574,64256.0,31872.0,2.803183,1721542656.0,2.803183,0.0,2.803183,2.803183,2.803183,62.0,64.0,0.155248,0.001213,0.154035,25.0,11.0,14.0,0.0,0.0,3.0,0.0,3.0,-0.0,7077.668457,3906.987061,3170.681152,10.714286,0.0,8.561695,3.567373,4.637585,0.0,1.0,0.0,0.0,0.0,0.0,0.0,0.0,0.0,0.0,0.0,0.0,0.0,0.0,0.0,1.0,0.0,0.0,0.0,0.0,0.0,0.0,0.0,0.0,0.0,0.0,0.0,0.0,0.0,0.0,0.0,0.0,9.0
2380.0,1493.0,887.0,0.0,0.0,149.300003,80.63636,64256.0,31872.0,1.388006,1721542656.0,1.388006,0.0,1.388006,1.388006,1.388006,62.0,64.0,0.168083,0.000997,0.167086,21.0,10.0,11.0,0.0,0.0,0.0,0.0,0.0,-0.0,12397.641602,7746.364258,4651.276855,0.0,0.0,14.40916,6.484122,7.20458,0.0,0.0,0.0,0.0,0.0,0.0,0.0,0.0,0.0,0.0,0.0,0.0,0.0,0.0,0.0,1.0,0.0,0.0,0.0,0.0,0.0,0.0,0.0,0.0,0.0,0.0,0.0,0.0,0.0,0.0,0.0,0.0,9.0
2893.0,1697.0,1196.0,0.0,0.0,141.416672,85.428574,64256.0,31872.0,3.026865,1721542656.0,3.026865,0.0,3.026865,3.026865,3.026865,62.0,64.0,0.167794,0.000992,0.166802,26.0,12.0,14.0,0.0,0.0,3.0,0.0,3.0,-0.0,7048.877441,4112.505859,2936.371338,10.344828,0.0,8.259371,3.634123,4.294873,0.0,1.0,0.0,0.0,0.0,0.0,0.0,0.0,0.0,0.0,0.0,0.0,0.0,0.0,0.0,1.0,0.0,0.0,0.0,0.0,0.0,0.0,0.0,0.0,0.0,0.0,0.0,0.0,0.0,0.0,0.0,1.0,9.0
2638.0,1619.0,1019.0,0.0,0.0,161.899994,78.384613,64256.0,31872.0,1.469019,1721542656.0,1.469019,0.0,1.469019,1.469019,1.469019,62.0,64.0,0.183502,0.000496,0.183006,23.0,10.0,13.0,0.0,0.0,0.0,0.0,0.0,-0.0,13064.5,7939.992188,5124.508301,0.0,0.0,14.97598,6.126537,8.168716,0.0,0.0,0.0,0.0,0.0,0.0,0.0,0.0,0.0,0.0,0.0,0.0,0.0,0.0,0.0,1.0,0.0,0.0,0.0,0.0,0.0,0.0,0.0,0.0,0.0,0.0,0.0,0.0,0.0,0.0,0.0,0.0,9.0
2710.0,1691.0,1019.0,0.0,0.0,169.100006,78.384613,64256.0,31872.0,0.542222,1721542656.0,0.542222,0.0,0.542222,0.542222,0.542222,62.0,64.0,0.061343,0.000497,0.060846,23.0,10.0,13.0,0.0,0.0,0.0,0.0,0.0,-0.0,36339.359375,22455.746094,13883.611328,0.0,0.0,40.573784,16.598368,22.131155,0.0,0.0,0.0,0.0,0.0,0.0,0.0,0.0,0.0,0.0,0.0,0.0,0.0,0.0,0.0,1.0,0.0,0.0,0.0,0.0,0.0,0.0,0.0,0.0,0.0,0.0,0.0,0.0,0.0,0.0,0.0,0.0,9.0
2788.0,1769.0,1019.0,0.0,0.0,176.899994,78.384613,64256.0,31872.0,0.605772,1721542656.0,0.605772,0.0,0.605772,0.605772,0.605772,62.0,64.0,0.062102,0.001658,0.060444,23.0,10.0,13.0,0.0,0.0,0.0,0.0,0.0,-0.0,33464.734375,21037.617188,12427.117188,0.0,0.0,36.317295,14.857075,19.809433,0.0,0.0,0.0,0.0,0.0,0.0,0.0,0.0,0.0,0.0,0.0,0.0,0.0,0.0,0.0,1.0,0.0,0.0,0.0,0.0,0.0,0.0,0.0,0.0,0.0,0.0,0.0,0.0,0.0,0.0,0.0,0.0,9.0
2740.0,1853.0,887.0,0.0,0.0,185.300003,80.63636,64256.0,31872.0,1.315283,1721542656.0,1.315283,0.0,1.315283,1.315283,1.315283,62.0,64.0,0.123144,0.000993,0.122151,21.0,10.0,11.0,0.0,0.0,0.0,0.0,0.0,-0.0,15053.794922,10145.345703,4908.449707,0.0,0.0,15.205853,6.842634,7.602927,0.0,0.0,0.0,0.0,0.0,0.0,0.0,0.0,0.0,0.0,0.0,0.0,0.0,0.0,0.0,1.0,0.0,0.0,0.0,0.0,0.0,0.0,0.0,0.0,0.0,0.0,0.0,0.0,0.0,0.0,0.0,0.0,9.0
2830.0,1943.0,887.0,0.0,0.0,194.300003,80.63636,64256.0,31872.0,1.389127,1721542656.0,1.389127,0.0,1.389127,1.389127,1.389127,62.0,64.0,0.168145,0.000994,0.167151,21.0,10.0,11.0,0.0,0.0,0.0,0.0,0.0,-0.0,14720.035156,10072.512695,4647.522949,0.0,0.0,14.397532,6.478889,7.198766,0.0,0.0,0.0,0.0,0.0,0.0,0.0,0.0,0.0,0.0,0.0,0.0,0.0,0.0,0.0,1.0,0.0,0.0,0.0,0.0,0.0,0.0,0.0,0.0,0.0,0.0,0.0,0.0,0.0,0.0,0.0,0.0,9.0
3021.0,2045.0,976.0,0.0,0.0,204.5,81.333336,64256.0,31872.0,4.962388,1721542656.0,4.962388,0.0,4.962388,4.962388,4.962388,62.0,64.0,0.170324,0.000995,0.169329,22.0,10.0,12.0,0.0,0.0,4.0,0.0,4.0,-0.0,4410.779785,2967.925781,1442.85376,15.384615,0.0,4.231833,1.813643,2.216675,0.0,1.0,0.0,0.0,0.0,0.0,0.0,0.0,0.0,0.0,0.0,0.0,0.0,0.0,0.0,0.0,0.0,0.0,0.0,0.0,0.0,0.0,0.0,0.0,0.0,1.0,0.0,0.0,0.0,0.0,0.0,1.0,9.0
345.0,138.0,207.0,0.0,0.0,69.0,69.0,64256.0,31872.0,0.170825,1721542656.0,0.170825,0.0,0.170825,0.170825,0.170825,62.0,64.0,0.170324,0.000995,0.169329,5.0,2.0,3.0,0.0,0.0,0.0,0.0,0.0,-0.0,9694.130859,3231.376953,6462.753906,0.0,0.0,23.415775,5.853944,11.707888,0.0,0.0,0.0,0.0,1.0,0.0,0.0,0.0,0.0,0.0,0.0,1.0,0.0,0.0,0.0,0.0,0.0,0.0,0.0,0.0,0.0,0.0,0.0,0.0,0.0,0.0,0.0,0.0,0.0,0.0,0.0,1.0,9.0
3160.0,2141.0,1019.0,0.0,0.0,214.100006,78.384613,64256.0,31872.0,0.696104,1721542656.0,0.696104,0.0,0.696104,0.696104,0.696104,62.0,64.0,0.061931,0.000655,0.061276,23.0,10.0,13.0,0.0,0.0,0.0,0.0,0.0,-0.0,32960.59375,22146.117188,10814.476562,0.0,0.0,31.604473,12.929103,17.238804,0.0,0.0,0.0,0.0,0.0,0.0,0.0,0.0,0.0,0.0,0.0,0.0,0.0,0.0,0.0,1.0,0.0,0.0,0.0,0.0,0.0,0.0,0.0,0.0,0.0,0.0,0.0,0.0,0.0,0.0,0.0,0.0,9.0
3268.0,2315.0,953.0,0.0,0.0,210.454544,79.416664,64256.0,31872.0,1.436813,1721542656.0,1.436813,0.0,1.436813,1.436813,1.436813,62.0,64.0,0.167987,0.000506,0.167481,23.0,11.0,12.0,0.0,0.0,0.0,0.0,0.0,-0.0,16586.708984,11720.383789,4866.325684,0.0,0.0,15.311666,6.959848,7.655833,0.0,0.0,0.0,0.0,0.0,0.0,0.0,0.0,0.0,0.0,0.0,0.0,0.0,0.0,0.0,1.0,0.0,0.0,0.0,0.0,0.0,0.0,0.0,0.0,0.0,0.0,0.0,0.0,0.0,0.0,0.0,0.0,9.0
3181.0,2435.0,746.0,0.0,0.0,221.363632,82.888885,64256.0,31872.0,2.200571,1721542656.0,2.200571,0.0,2.200571,2.200571,2.200571,62.0,64.0,0.185606,0.000992,0.184614,20.0,11.0,9.0,0.0,0.0,1.0,0.0,1.0,-0.0,10462.738281,8048.819824,2413.918945,4.761905,0.0,8.634123,4.544275,3.63542,0.0,1.0,0.0,0.0,0.0,0.0,0.0,0.0,0.0,0.0,0.0,0.0,0.0,0.0,0.0,0.0,0.0,0.0,0.0,0.0,0.0,0.0,0.0,0.0,0.0,1.0,0.0,0.0,0.0,0.0,0.0,1.0,9.0
485.0,204.0,281.0,0.0,0.0,68.0,70.25,64256.0,31872.0,0.185963,1721542656.0,0.185963,0.0,0.185963,0.185963,0.185963,62.0,64.0,0.185606,0.000992,0.184614,7.0,3.0,4.0,0.0,0.0,0.0,0.0,0.0,-0.0,14927.700195,5850.625977,9077.074219,0.0,0.0,32.264481,10.754827,16.13224,0.0,0.0,0.0,0.0,1.0,0.0,0.0,0.0,0.0,0.0,0.0,1.0,0.0,0.0,0.0,0.0,0.0,0.0,0.0,0.0,0.0,0.0,0.0,0.0,0.0,0.0,0.0,0.0,0.0,0.0,0.0,1.0,9.0
3646.0,2627.0,1019.0,0.0,0.0,218.916672,78.384613,64256.0,31872.0,0.94233,1721542656.0,0.94233,0.0,0.94233,0.94233,0.94233,62.0,64.0,0.087512,0.001278,0.086234,25.0,12.0,13.0,0.0,0.0,0.0,0.0,0.0,-0.0,28440.142578,20451.433594,7988.708984,0.0,0.0,25.468784,11.673193,12.734392,0.0,0.0,0.0,0.0,0.0,0.0,0.0,0.0,0.0,0.0,0.0,0.0,0.0,0.0,0.0,1.0,0.0,0.0,0.0,0.0,0.0,0.0,0.0,0.0,0.0,0.0,0.0,0.0,0.0,0.0,0.0,1.0,9.0
3628.0,2675.0,953.0,0.0,0.0,243.181824,79.416664,64256.0,31872.0,1.546698,1721542656.0,1.546698,0.0,1.546698,1.546698,1.546698,62.0,64.0,0.182609,0.000992,0.181617,23.0,11.0,12.0,0.0,0.0,0.0,0.0,0.0,-0.0,17099.654297,12579.055664,4520.598145,0.0,0.0,14.22385,6.465386,7.111925,0.0,0.0,0.0,0.0,0.0,0.0,0.0,0.0,0.0,0.0,0.0,0.0,0.0,0.0,0.0,1.0,0.0,0.0,0.0,0.0,0.0,0.0,0.0,0.0,0.0,0.0,0.0,0.0,0.0,0.0,0.0,0.0,9.0
3760.0,2807.0,953.0,0.0,0.0,255.181824,79.416664,64256.0,31872.0,1.421091,1721542656.0,1.421091,0.0,1.421091,1.421091,1.421091,62.0,64.0,0.168605,0.009947,0.158658,23.0,11.0,12.0,0.0,0.0,0.0,0.0,0.0,-0.0,19286.591797,14366.427734,4920.163574,0.0,0.0,15.481064,7.036847,7.740532,0.0,0.0,0.0,0.0,0.0,0.0,0.0,0.0,0.0,0.0,0.0,0.0,0.0,0.0,0.0,1.0,0.0,0.0,0.0,0.0,0.0,0.0,0.0,0.0,0.0,0.0,0.0,0.0,0.0,0.0,0.0,0.0,9.0
3910.0,2879.0,1031.0,0.0,0.0,287.899994,79.307693,64256.0,31872.0,1.592848,1721542656.0,1.592848,0.0,1.592848,1.592848,1.592848,62.0,64.0,0.169768,0.000497,0.169271,23.0,10.0,13.0,0.0,0.0,1.0,1.0,0.0,-0.0,17799.564453,13018.191406,4781.373047,4.166667,0.0,13.811739,5.650257,7.533676,0.0,0.0,0.0,1.0,0.0,0.0,0.0,0.0,0.0,0.0,0.0,0.0,0.0,0.0,0.0,1.0,0.0,0.0,0.0,0.0,0.0,0.0,0.0,0.0,0.0,0.0,0.0,0.0,0.0,0.0,0.0,1.0,9.0
4090.0,3239.0,851.0,0.0,0.0,249.153839,85.099998,64256.0,31872.0,2.563213,1721542656.0,2.563213,0.0,2.563213,2.563213,2.563213,62.0,64.0,0.170085,0.00149,0.168595,23.0,13.0,10.0,0.0,0.0,2.0,0.0,2.0,-0.0,11722.786133,9332.037109,2390.749268,8.0,0.0,8.582977,4.681624,3.511218,0.0,1.0,0.0,0.0,0.0,0.0,0.0,0.0,0.0,0.0,0.0,0.0,0.0,0.0,0.0,0.0,0.0,0.0,0.0,0.0,0.0,0.0,0.0,0.0,0.0,1.0,0.0,0.0,0.0,0.0,0.0,1.0,9.0
419.0,138.0,281.0,0.0,0.0,69.0,70.25,64256.0,31872.0,0.062261,1721542656.0,0.062261,0.0,0.062261,0.062261,0.062261,62.0,64.0,0.170085,0.00149,0.168595,6.0,2.0,4.0,0.0,0.0,0.0,0.0,0.0,-0.0,35977.578125,8865.90332,27111.675781,0.0,0.0,80.307091,16.061419,48.184258,0.0,0.0,0.0,0.0,1.0,0.0,0.0,0.0,0.0,0.0,0.0,1.0,0.0,0.0,0.0,0.0,0.0,0.0,0.0,0.0,0.0,0.0,0.0,0.0,0.0,0.0,0.0,0.0,0.0,0.0,0.0,1.0,9.0
4192.0,3239.0,953.0,0.0,0.0,294.454559,79.416664,64256.0,31872.0,0.617257,1721542656.0,0.617257,0.0,0.617257,0.617257,0.617257,62.0,64.0,0.046311,0.000994,0.045317,23.0,11.0,12.0,0.0,0.0,0.0,0.0,0.0,-0.0,49496.402344,38168.867188,11327.53418,0.0,0.0,35.641556,16.200706,17.820778,0.0,0.0,0.0,0.0,0.0,0.0,0.0,0.0,0.0,0.0,0.0,0.0,0.0,0.0,0.0,1.0,0.0,0.0,0.0,0.0,0.0,0.0,0.0,0.0,0.0,0.0,0.0,0.0,0.0,0.0,0.0,0.0,9.0
4519.0,3461.0,1058.0,0.0,0.0,288.416656,81.384613,64256.0,31872.0,1.915818,1721542656.0,1.915818,0.0,1.915818,1.915818,1.915818,62.0,64.0,0.156604,0.001812,0.154792,25.0,12.0,13.0,0.0,0.0,1.0,0.0,1.0,-0.0,17329.412109,13249.693359,4079.719482,3.846154,0.0,12.527287,5.741673,6.263643,0.0,1.0,0.0,0.0,0.0,0.0,0.0,0.0,0.0,0.0,0.0,0.0,0.0,0.0,0.0,1.0,0.0,0.0,0.0,0.0,0.0,0.0,0.0,0.0,0.0,0.0,0.0,0.0,0.0,0.0,0.0,0.0,9.0
5008.0,3779.0,1229.0,0.0,0.0,269.928558,81.933334,64256.0,31872.0,3.996572,1721542656.0,3.996572,0.0,3.996572,3.996572,3.996572,62.0,64.0,0.16796,0.000518,0.167442,29.0,14.0,15.0,0.0,0.0,2.0,0.0,2.0,-0.0,9323.990234,7026.021484,2297.969238,6.451613,0.0,7.006004,3.252788,3.503002,0.0,1.0,0.0,0.0,0.0,0.0,0.0,0.0,0.0,0.0,0.0,0.0,0.0,0.0,0.0,1.0,0.0,0.0,0.0,0.0,0.0,0.0,0.0,0.0,0.0,0.0,0.0,0.0,0.0,0.0,0.0,1.0,9.0
4678.0,3725.0,953.0,0.0,0.0,338.636353,79.416664,64256.0,31872.0,0.634648,1721542656.0,0.634648,0.0,0.634648,0.634648,0.634648,62.0,64.0,0.062709,0.000498,0.062211,23.0,11.0,12.0,0.0,0.0,0.0,0.0,0.0,-0.0,53711.660156,42694.53125,11017.129883,0.0,0.0,34.664883,15.756765,17.332441,0.0,0.0,0.0,0.0,0.0,0.0,0.0,0.0,0.0,0.0,0.0,0.0,0.0,0.0,0.0,1.0,0.0,0.0,0.0,0.0,0.0,0.0,0.0,0.0,0.0,0.0,0.0,0.0,0.0,0.0,0.0,0.0,9.0
5194.0,4043.0,1151.0,0.0,0.0,311.0,76.73333,64256.0,31872.0,0.943761,1721542656.0,0.943761,0.0,0.943761,0.943761,0.943761,62.0,64.0,0.062267,0.000994,0.061273,28.0,13.0,15.0,0.0,0.0,0.0,0.0,0.0,-0.0,40747.605469,31635.128906,9112.476562,0.0,0.0,28.608938,12.715084,14.834265,0.0,0.0,0.0,0.0,0.0,0.0,0.0,0.0,0.0,0.0,0.0,0.0,0.0,0.0,0.0,1.0,0.0,0.0,0.0,0.0,0.0,0.0,0.0,0.0,0.0,0.0,0.0,0.0,0.0,0.0,0.0,1.0,9.0
5230.0,4145.0,1085.0,0.0,0.0,345.416656,77.5,64256.0,31872.0,0.773603,1721542656.0,0.773603,0.0,0.773603,0.773603,0.773603,62.0,64.0,0.061932,0.000713,0.061219,26.0,12.0,14.0,0.0,0.0,0.0,0.0,0.0,-0.0,49720.589844,39296.640625,10423.951172,0.0,0.0,32.316315,14.219179,16.804485,0.0,0.0,0.0,0.0,0.0,0.0,0.0,0.0,0.0,0.0,0.0,0.0,0.0,0.0,0.0,1.0,0.0,0.0,0.0,0.0,0.0,0.0,0.0,0.0,0.0,0.0,0.0,0.0,0.0,0.0,0.0,0.0,9.0
5416.0,4331.0,1085.0,0.0,0.0,360.916656,77.5,64256.0,31872.0,0.67048,1721542656.0,0.67048,0.0,0.67048,0.67048,0.67048,62.0,64.0,0.061755,0.000479,0.061276,26.0,12.0,14.0,0.0,0.0,0.0,0.0,0.0,-0.0,59408.183594,47380.980469,12027.204102,0.0,0.0,37.28672,16.406157,19.389093,0.0,0.0,0.0,0.0,0.0,0.0,0.0,0.0,0.0,0.0,0.0,0.0,0.0,0.0,0.0,1.0,0.0,0.0,0.0,0.0,0.0,0.0,0.0,0.0,0.0,0.0,0.0,0.0,0.0,0.0,0.0,0.0,9.0
5616.0,4589.0,1027.0,0.0,0.0,353.0,79.0,64256.0,31872.0,1.794405,1721542656.0,1.794405,0.0,1.794405,1.794405,1.794405,62.0,64.0,0.167671,0.000508,0.167163,26.0,13.0,13.0,0.0,0.0,1.0,0.0,1.0,-0.0,23111.839844,18885.369141,4226.470703,3.703704,0.0,13.932195,6.687454,6.687454,0.0,1.0,0.0,0.0,0.0,0.0,0.0,0.0,0.0,0.0,0.0,0.0,0.0,0.0,0.0,1.0,0.0,0.0,0.0,0.0,0.0,0.0,0.0,0.0,0.0,0.0,0.0,0.0,0.0,0.0,0.0,0.0,9.0
5923.0,4865.0,1058.0,0.0,0.0,347.5,81.384613,64256.0,31872.0,4.852534,1721542656.0,4.852534,0.0,4.852534,4.852534,4.852534,62.0,64.0,0.167651,0.000496,0.167155,27.0,14.0,13.0,0.0,0.0,1.0,0.0,1.0,-0.0,9059.18457,7448.47998,1610.704956,3.571429,0.0,5.358026,2.679013,2.472935,0.0,1.0,0.0,0.0,0.0,0.0,0.0,0.0,0.0,0.0,0.0,0.0,0.0,0.0,0.0,1.0,0.0,0.0,0.0,0.0,0.0,0.0,0.0,0.0,0.0,0.0,0.0,0.0,0.0,0.0,0.0,1.0,9.0
6010.0,4925.0,1085.0,0.0,0.0,410.416656,77.5,64256.0,31872.0,0.683222,1721542656.0,0.683222,0.0,0.683222,0.683222,0.683222,62.0,64.0,0.06175,0.000495,0.061255,26.0,12.0,14.0,0.0,0.0,0.0,0.0,0.0,-0.0,64670.050781,52867.148438,11802.898438,0.0,0.0,36.591328,16.100183,19.027491,0.0,0.0,0.0,0.0,0.0,0.0,0.0,0.0,0.0,0.0,0.0,0.0,0.0,0.0,0.0,1.0,0.0,0.0,0.0,0.0,0.0,0.0,0.0,0.0,0.0,0.0,0.0,0.0,0.0,0.0,0.0,0.0,9.0
6220.0,5135.0,1085.0,0.0,0.0,427.916656,77.5,64256.0,31872.0,0.682153,1721542656.0,0.682153,0.0,0.682153,0.682153,0.682153,62.0,64.0,0.063095,0.000496,0.062599,26.0,12.0,14.0,0.0,0.0,0.0,0.0,0.0,-0.0,67034.8125,55213.421875,11821.395508,0.0,0.0,36.64867,16.125416,19.057308,0.0,0.0,0.0,0.0,0.0,0.0,0.0,0.0,0.0,0.0,0.0,0.0,0.0,0.0,0.0,1.0,0.0,0.0,0.0,0.0,0.0,0.0,0.0,0.0,0.0,0.0,0.0,0.0,0.0,0.0,0.0,0.0,9.0
6654.0,5561.0,1093.0,0.0,0.0,370.733337,78.071426,64256.0,31872.0,1.930265,1721542656.0,1.930265,0.0,1.930265,1.930265,1.930265,62.0,64.0,0.183293,0.000497,0.182796,29.0,15.0,14.0,0.0,0.0,1.0,0.0,1.0,-0.0,25720.822266,21514.144531,4206.67627,3.333333,0.0,14.50578,7.25289,6.734827,0.0,1.0,0.0,0.0,0.0,0.0,0.0,0.0,0.0,0.0,0.0,0.0,0.0,0.0,0.0,1.0,0.0,0.0,0.0,0.0,0.0,0.0,0.0,0.0,0.0,0.0,0.0,0.0,0.0,0.0,0.0,1.0,9.0
6658.0,5639.0,1019.0,0.0,0.0,433.769226,78.384613,64256.0,31872.0,1.589604,1721542656.0,1.589604,0.0,1.589604,1.589604,1.589604,62.0,64.0,0.168762,0.001005,0.167757,26.0,13.0,13.0,0.0,0.0,0.0,0.0,0.0,-0.0,30936.005859,26200.236328,4735.770508,0.0,0.0,15.727187,7.54905,7.54905,0.0,0.0,0.0,0.0,0.0,0.0,0.0,0.0,0.0,0.0,0.0,0.0,0.0,0.0,0.0,1.0,0.0,0.0,0.0,0.0,0.0,0.0,0.0,0.0,0.0,0.0,0.0,0.0,0.0,0.0,0.0,0.0,9.0
6886.0,5867.0,1019.0,0.0,0.0,451.307678,78.384613,64256.0,31872.0,1.389491,1721542656.0,1.389491,0.0,1.389491,1.389491,1.389491,62.0,64.0,0.157628,0.012615,0.145013,26.0,13.0,13.0,0.0,0.0,0.0,0.0,0.0,-0.0,36600.453125,31182.642578,5417.811523,0.0,0.0,17.992201,8.636256,8.636256,0.0,0.0,0.0,0.0,0.0,0.0,0.0,0.0,0.0,0.0,0.0,0.0,0.0,0.0,0.0,1.0,0.0,0.0,0.0,0.0,0.0,0.0,0.0,0.0,0.0,0.0,0.0,0.0,0.0,0.0,0.0,0.0,9.0
7120.0,6101.0,1019.0,0.0,0.0,469.307678,78.384613,64256.0,31872.0,1.389517,1721542656.0,1.389517,0.0,1.389517,1.389517,1.389517,62.0,64.0,0.169036,0.000495,0.168541,26.0,13.0,13.0,0.0,0.0,0.0,0.0,0.0,-0.0,37843.367188,32425.65625,5417.709961,0.0,0.0,17.991863,8.636095,8.636095,0.0,0.0,0.0,0.0,0.0,0.0,0.0,0.0,0.0,0.0,0.0,0.0,0.0,0.0,0.0,1.0,0.0,0.0,0.0,0.0,0.0,0.0,0.0,0.0,0.0,0.0,0.0,0.0,0.0,0.0,0.0,0.0,9.0
7360.0,6341.0,1019.0,0.0,0.0,487.769226,78.384613,64256.0,31872.0,0.650433,1721542656.0,0.650433,0.0,0.650433,0.650433,0.650433,62.0,64.0,0.061913,0.000977,0.060936,26.0,13.0,13.0,0.0,0.0,0.0,0.0,0.0,-0.0,83575.09375,72001.265625,11573.828125,0.0,0.0,38.435932,18.449247,18.449247,0.0,0.0,0.0,0.0,0.0,0.0,0.0,0.0,0.0,0.0,0.0,0.0,0.0,0.0,0.0,1.0,0.0,0.0,0.0,0.0,0.0,0.0,0.0,0.0,0.0,0.0,0.0,0.0,0.0,0.0,0.0,0.0,9.0
7606.0,6587.0,1019.0,0.0,0.0,506.692322,78.384613,64256.0,31872.0,0.571691,1721542656.0,0.571691,0.0,0.571691,0.571691,0.571691,62.0,64.0,0.046572,0.000993,0.045579,26.0,13.0,13.0,0.0,0.0,0.0,0.0,0.0,-0.0,98262.875,85094.921875,13167.953125,0.0,0.0,43.729919,20.99036,20.99036,0.0,0.0,0.0,0.0,0.0,0.0,0.0,0.0,0.0,0.0,0.0,0.0,0.0,0.0,0.0,1.0,0.0,0.0,0.0,0.0,0.0,0.0,0.0,0.0,0.0,0.0,0.0,0.0,0.0,0.0,0.0,0.0,9.0
8056.0,6905.0,1151.0,0.0,0.0,493.214294,76.73333,64256.0,31872.0,1.403234,1721542656.0,1.403234,0.0,1.403234,1.403234,1.403234,62.0,64.0,0.167638,0.0,0.167638,29.0,14.0,15.0,0.0,0.0,0.0,0.0,0.0,-0.0,42684.253906,36555.554688,6128.699707,0.0,0.0,19.953907,9.264314,9.976954,0.0,0.0,0.0,0.0,0.0,0.0,0.0,0.0,0.0,0.0,0.0,0.0,0.0,0.0,0.0,1.0,0.0,0.0,0.0,0.0,0.0,0.0,0.0,0.0,0.0,0.0,0.0,0.0,0.0,0.0,0.0,0.0,9.0
8182.0,7163.0,1019.0,0.0,0.0,511.642853,78.384613,64256.0,31872.0,1.388408,1721542656.0,1.388408,0.0,1.388408,1.388408,1.388408,62.0,64.0,0.169131,0.000493,0.168638,27.0,14.0,13.0,0.0,0.0,0.0,0.0,0.0,-0.0,43750.828125,38328.792969,5422.037598,0.0,0.0,18.726484,9.363242,8.642993,0.0,0.0,0.0,0.0,0.0,0.0,0.0,0.0,0.0,0.0,0.0,0.0,0.0,0.0,0.0,1.0,0.0,0.0,0.0,0.0,0.0,0.0,0.0,0.0,0.0,0.0,0.0,0.0,0.0,0.0,0.0,0.0,9.0
8586.0,7493.0,1093.0,0.0,0.0,499.533325,78.071426,64256.0,31872.0,2.134329,1721542656.0,2.134329,0.0,2.134329,2.134329,2.134329,62.0,64.0,0.171587,0.000994,0.170593,29.0,15.0,14.0,0.0,0.0,1.0,0.0,1.0,-0.0,30019.738281,26215.263672,3804.474121,3.333333,0.0,13.118876,6.559438,6.090907,0.0,1.0,0.0,0.0,0.0,0.0,0.0,0.0,0.0,0.0,0.0,0.0,0.0,0.0,0.0,1.0,0.0,0.0,0.0,0.0,0.0,0.0,0.0,0.0,0.0,0.0,0.0,0.0,0.0,0.0,0.0,0.0,9.0
9089.0,7703.0,1386.0,0.0,0.0,550.214294,86.625,64256.0,31872.0,4.99742,1721542656.0,4.99742,0.0,4.99742,4.99742,4.99742,62.0,64.0,0.169215,0.000992,0.168223,30.0,14.0,16.0,0.0,0.0,6.0,2.0,4.0,-0.0,13531.783203,11450.708984,2081.073975,16.666667,0.0,5.802995,2.601342,3.001549,1.0,0.0,0.0,0.0,0.0,0.0,0.0,0.0,0.0,0.0,0.0,0.0,0.0,0.0,0.0,0.0,0.0,0.0,0.0,0.0,0.0,0.0,0.0,0.0,0.0,1.0,0.0,0.0,0.0,0.0,0.0,1.0,9.0
485.0,204.0,281.0,0.0,0.0,68.0,70.25,64256.0,31872.0,0.063027,1721542656.0,0.063027,0.0,0.063027,0.063027,0.063027,62.0,64.0,0.169215,0.000992,0.168223,7.0,3.0,4.0,0.0,0.0,0.0,0.0,0.0,-0.0,44044.613281,17262.443359,26782.171875,0.0,0.0,95.197296,31.732431,47.598648,0.0,0.0,0.0,0.0,1.0,0.0,0.0,0.0,0.0,0.0,0.0,1.0,0.0,0.0,0.0,0.0,0.0,0.0,0.0,0.0,0.0,0.0,0.0,0.0,0.0,0.0,0.0,0.0,0.0,0.0,0.0,1.0,9.0
9124.0,7973.0,1151.0,0.0,0.0,569.5,76.73333,64256.0,31872.0,0.542468,1721542656.0,0.542468,0.0,0.542468,0.542468,0.542468,62.0,64.0,0.061685,0.000992,0.060693,29.0,14.0,15.0,0.0,0.0,0.0,0.0,0.0,-0.0,125043.320312,109189.851562,15853.469727,0.0,0.0,51.615948,23.964546,25.807974,0.0,0.0,0.0,0.0,0.0,0.0,0.0,0.0,0.0,0.0,0.0,0.0,0.0,0.0,0.0,1.0,0.0,0.0,0.0,0.0,0.0,0.0,0.0,0.0,0.0,0.0,0.0,0.0,0.0,0.0,0.0,0.0,9.0
9406.0,8255.0,1151.0,0.0,0.0,589.642883,76.73333,64256.0,31872.0,0.758167,1721542656.0,0.758167,0.0,0.758167,0.758167,0.758167,62.0,64.0,0.067483,0.000487,0.066996,29.0,14.0,15.0,0.0,0.0,0.0,0.0,0.0,-0.0,92232.976562,80889.828125,11343.146484,0.0,0.0,36.931175,17.146618,18.465588,0.0,0.0,0.0,0.0,0.0,0.0,0.0,0.0,0.0,0.0,0.0,0.0,0.0,0.0,0.0,1.0,0.0,0.0,0.0,0.0,0.0,0.0,0.0,0.0,0.0,0.0,0.0,0.0,0.0,0.0,0.0,0.0,9.0
9694.0,8609.0,1085.0,0.0,0.0,573.93335,77.5,64256.0,31872.0,1.407307,1721542656.0,1.407307,0.0,1.407307,1.407307,1.407307,62.0,64.0,0.16886,0.000497,0.168363,29.0,15.0,14.0,0.0,0.0,0.0,0.0,0.0,-0.0,51411.667969,45681.574219,5730.092773,0.0,0.0,19.896156,9.948078,9.237501,0.0,0.0,0.0,0.0,0.0,0.0,0.0,0.0,0.0,0.0,0.0,0.0,0.0,0.0,0.0,1.0,0.0,0.0,0.0,0.0,0.0,0.0,0.0,0.0,0.0,0.0,0.0,0.0,0.0,0.0,0.0,0.0,9.0
9988.0,8903.0,1085.0,0.0,0.0,593.533325,77.5,64256.0,31872.0,1.42647,1721542656.0,1.42647,0.0,1.42647,1.42647,1.42647,62.0,64.0,0.169795,0.001986,0.167809,29.0,15.0,14.0,0.0,0.0,0.0,0.0,0.0,-0.0,52257.667969,46604.554688,5653.115723,0.0,0.0,19.628874,9.814437,9.113405,0.0,0.0,0.0,0.0,0.0,0.0,0.0,0.0,0.0,0.0,0.0,0.0,0.0,0.0,0.0,1.0,0.0,0.0,0.0,0.0,0.0,0.0,0.0,0.0,0.0,0.0,0.0,0.0,0.0,0.0,0.0,0.0,9.0
10288.0,9203.0,1085.0,0.0,0.0,613.533325,77.5,64256.0,31872.0,0.605136,1721542656.0,0.605136,0.0,0.605136,0.605136,0.605136,62.0,64.0,0.062659,0.000993,0.061666,29.0,15.0,14.0,0.0,0.0,0.0,0.0,0.0,-0.0,126887.1875,113561.25,13325.930664,0.0,0.0,46.270592,23.135296,21.482775,0.0,0.0,0.0,0.0,0.0,0.0,0.0,0.0,0.0,0.0,0.0,0.0,0.0,0.0,0.0,1.0,0.0,0.0,0.0,0.0,0.0,0.0,0.0,0.0,0.0,0.0,0.0,0.0,0.0,0.0,0.0,0.0,9.0
11053.0,9653.0,1400.0,0.0,0.0,567.823547,82.352943,64256.0,31872.0,2.836114,1721542656.0,2.836114,0.0,2.836114,2.836114,2.836114,62.0,64.0,0.169115,0.001379,0.167736,34.0,17.0,17.0,0.0,0.0,3.0,0.0,3.0,-0.0,29347.199219,25629.435547,3717.763184,8.108108,0.0,11.63564,5.641522,5.641522,0.0,1.0,0.0,0.0,0.0,0.0,0.0,0.0,0.0,0.0,0.0,0.0,0.0,0.0,0.0,1.0,0.0,0.0,0.0,0.0,0.0,0.0,0.0,0.0,0.0,0.0,0.0,0.0,0.0,0.0,0.0,1.0,9.0
11046.0,9887.0,1159.0,0.0,0.0,617.9375,77.26667,64256.0,31872.0,2.411168,1721542656.0,2.411168,0.0,2.411168,2.411168,2.411168,62.0,64.0,0.156118,0.001543,0.154575,31.0,16.0,15.0,0.0,0.0,1.0,0.0,1.0,-0.0,34346.839844,30756.876953,3589.961182,3.125,0.0,12.442102,6.221051,5.806314,0.0,1.0,0.0,0.0,0.0,0.0,0.0,0.0,0.0,0.0,0.0,0.0,0.0,0.0,0.0,1.0,0.0,0.0,0.0,0.0,0.0,0.0,0.0,0.0,0.0,0.0,0.0,0.0,0.0,0.0,0.0,0.0,9.0
11539.0,10349.0,1190.0,0.0,0.0,574.944458,79.333336,64256.0,31872.0,2.703629,1721542656.0,2.703629,0.0,2.703629,2.703629,2.703629,62.0,64.0,0.169265,0.00148,0.167785,33.0,18.0,15.0,0.0,0.0,1.0,0.0,1.0,-0.0,32211.519531,28924.085938,3287.43335,2.941176,0.0,11.835943,6.287845,5.178225,0.0,1.0,0.0,0.0,0.0,0.0,0.0,0.0,0.0,0.0,0.0,0.0,0.0,0.0,0.0,1.0,0.0,0.0,0.0,0.0,0.0,0.0,0.0,0.0,0.0,0.0,0.0,0.0,0.0,0.0,0.0,1.0,9.0
11614.0,10529.0,1085.0,0.0,0.0,658.0625,77.5,64256.0,31872.0,1.360312,1721542656.0,1.360312,0.0,1.360312,1.360312,1.360312,62.0,64.0,0.168414,0.000503,0.167911,30.0,16.0,14.0,0.0,0.0,0.0,0.0,0.0,-0.0,63979.441406,58051.390625,5928.051758,0.0,0.0,21.31864,11.026882,9.556631,0.0,0.0,0.0,0.0,0.0,0.0,0.0,0.0,0.0,0.0,0.0,0.0,0.0,0.0,0.0,1.0,0.0,0.0,0.0,0.0,0.0,0.0,0.0,0.0,0.0,0.0,0.0,0.0,0.0,0.0,0.0,0.0,9.0
12100.0,10859.0,1241.0,0.0,0.0,678.6875,77.5625,64256.0,31872.0,2.023559,1721542656.0,2.023559,0.0,2.023559,2.023559,2.023559,62.0,64.0,0.169309,0.000521,0.168788,32.0,16.0,16.0,0.0,0.0,2.0,2.0,0.0,-0.0,44851.667969,40249.875,4601.792969,5.882353,0.0,15.319543,7.412682,7.412682,0.0,0.0,0.0,1.0,0.0,0.0,0.0,0.0,0.0,0.0,0.0,0.0,0.0,0.0,0.0,1.0,0.0,0.0,0.0,0.0,0.0,0.0,0.0,0.0,0.0,0.0,0.0,0.0,0.0,0.0,0.0,1.0,9.0
12556.0,11273.0,1283.0,0.0,0.0,663.117676,75.470589,64256.0,31872.0,1.918525,1721542656.0,1.918525,0.0,1.918525,1.918525,1.918525,62.0,64.0,0.168954,0.000497,0.168457,34.0,17.0,17.0,0.0,0.0,0.0,0.0,0.0,-0.0,49279.523438,44242.320312,5037.203125,0.0,0.0,17.200714,8.33974,8.33974,0.0,0.0,0.0,0.0,0.0,0.0,0.0,0.0,0.0,0.0,0.0,0.0,0.0,0.0,0.0,1.0,0.0,0.0,0.0,0.0,0.0,0.0,0.0,0.0,0.0,0.0,0.0,0.0,0.0,0.0,0.0,1.0,9.0
12754.0,11603.0,1151.0,0.0,0.0,682.529419,76.73333,64256.0,31872.0,1.159224,1721542656.0,1.159224,0.0,1.159224,1.159224,1.159224,62.0,64.0,0.169712,0.000993,0.168719,32.0,17.0,15.0,0.0,0.0,0.0,0.0,0.0,-0.0,82786.414062,75367.65625,7418.755859,0.0,0.0,26.742027,13.802337,12.077044,0.0,0.0,0.0,0.0,0.0,0.0,0.0,0.0,0.0,0.0,0.0,0.0,0.0,0.0,0.0,1.0,0.0,0.0,0.0,0.0,0.0,0.0,0.0,0.0,0.0,0.0,0.0,0.0,0.0,0.0,0.0,0.0,9.0
13246.0,12029.0,1217.0,0.0,0.0,668.277771,76.0625,64256.0,31872.0,0.911272,1721542656.0,0.911272,0.0,0.911272,0.911272,0.911272,62.0,64.0,0.061294,0.000497,0.060797,34.0,18.0,16.0,0.0,0.0,0.0,0.0,0.0,-0.0,109754.28125,99737.507812,10016.767578,0.0,0.0,36.21312,18.655243,16.460508,0.0,0.0,0.0,0.0,0.0,0.0,0.0,0.0,0.0,0.0,0.0,0.0,0.0,0.0,0.0,1.0,0.0,0.0,0.0,0.0,0.0,0.0,0.0,0.0,0.0,0.0,0.0,0.0,0.0,0.0,0.0,1.0,9.0
13456.0,12305.0,1151.0,0.0,0.0,723.823547,76.73333,64256.0,31872.0,1.312316,1721542656.0,1.312316,0.0,1.312316,1.312316,1.312316,62.0,64.0,0.156479,0.000498,0.155981,32.0,17.0,15.0,0.0,0.0,0.0,0.0,0.0,-0.0,77158.242188,70604.945312,6553.299805,0.0,0.0,23.62236,12.192186,10.668162,0.0,0.0,0.0,0.0,0.0,0.0,0.0,0.0,0.0,0.0,0.0,0.0,0.0,0.0,0.0,1.0,0.0,0.0,0.0,0.0,0.0,0.0,0.0,0.0,0.0,0.0,0.0,0.0,0.0,0.0,0.0,0.0,9.0
13816.0,12665.0,1151.0,0.0,0.0,745.0,76.73333,64256.0,31872.0,0.713224,1721542656.0,0.713224,0.0,0.713224,0.713224,0.713224,62.0,64.0,0.06191,0.000489,0.061421,32.0,17.0,15.0,0.0,0.0,0.0,0.0,0.0,-0.0,145760.65625,133702.734375,12057.922852,0.0,0.0,43.464607,22.433346,19.629177,0.0,0.0,0.0,0.0,0.0,0.0,0.0,0.0,0.0,0.0,0.0,0.0,0.0,0.0,0.0,1.0,0.0,0.0,0.0,0.0,0.0,0.0,0.0,0.0,0.0,0.0,0.0,0.0,0.0,0.0,0.0,0.0,9.0
14482.0,13097.0,1385.0,0.0,0.0,727.611084,76.944443,64256.0,31872.0,2.399056,1721542656.0,2.399056,0.0,2.399056,2.399056,2.399056,62.0,64.0,0.172707,0.002028,0.170679,36.0,18.0,18.0,0.0,0.0,3.0,3.0,0.0,-0.0,45614.609375,41249.558594,4365.050293,7.692308,0.0,14.589072,7.086121,7.086121,0.0,0.0,0.0,1.0,0.0,0.0,0.0,0.0,0.0,0.0,0.0,0.0,0.0,0.0,0.0,1.0,0.0,0.0,0.0,0.0,0.0,0.0,0.0,0.0,0.0,0.0,0.0,0.0,0.0,0.0,0.0,1.0,9.0
14812.0,13469.0,1343.0,0.0,0.0,748.277771,79.0,64256.0,31872.0,1.253348,1721542656.0,1.253348,0.0,1.253348,1.253348,1.253348,62.0,64.0,0.076498,0.000994,0.075504,35.0,18.0,17.0,0.0,0.0,1.0,1.0,0.0,-0.0,89264.914062,81196.921875,8067.990723,2.777778,0.0,27.127342,13.563671,12.765808,0.0,0.0,0.0,1.0,0.0,0.0,0.0,0.0,0.0,0.0,0.0,0.0,0.0,0.0,0.0,1.0,0.0,0.0,0.0,0.0,0.0,0.0,0.0,0.0,0.0,0.0,0.0,0.0,0.0,0.0,0.0,1.0,9.0
15130.0,13847.0,1283.0,0.0,0.0,769.277771,75.470589,64256.0,31872.0,0.744419,1721542656.0,0.744419,0.0,0.744419,0.744419,0.744419,62.0,64.0,0.078023,0.0,0.078023,35.0,18.0,17.0,0.0,0.0,0.0,0.0,0.0,-0.0,153526.453125,140544.515625,12981.936523,0.0,0.0,45.673203,22.836601,21.493273,0.0,0.0,0.0,0.0,0.0,0.0,0.0,0.0,0.0,0.0,0.0,0.0,0.0,0.0,0.0,1.0,0.0,0.0,0.0,0.0,0.0,0.0,0.0,0.0,0.0,0.0,0.0,0.0,0.0,0.0,0.0,0.0,9.0
4261.0,3589.0,672.0,0.0,0.0,398.777771,84.0,64256.0,31872.0,1.018005,1721542656.0,1.018005,0.0,1.018005,1.018005,1.018005,62.0,64.0,0.169396,0.000996,0.1684,17.0,9.0,8.0,0.0,0.0,0.0,0.0,0.0,-0.0,29697.298828,25076.498047,4620.802246,0.0,0.0,15.717015,7.858508,6.876194,0.0,0.0,0.0,0.0,0.0,0.0,0.0,0.0,0.0,0.0,0.0,0.0,0.0,0.0,0.0,0.0,0.0,0.0,0.0,0.0,0.0,0.0,0.0,0.0,0.0,1.0,0.0,0.0,0.0,0.0,0.0,0.0,9.0
11367.0,10642.0,725.0,0.0,0.0,1182.444458,72.5,64256.0,31872.0,0.880692,1721542656.0,0.880692,0.0,0.880692,0.880692,0.880692,62.0,64.0,0.169396,0.000996,0.1684,19.0,9.0,10.0,0.0,0.0,4.0,4.0,0.0,-0.0,91864.125,85932.421875,5931.699219,17.391304,0.0,20.438473,9.083766,10.219236,0.0,0.0,0.0,1.0,1.0,0.0,0.0,0.0,0.0,0.0,0.0,1.0,0.0,0.0,0.0,0.0,0.0,0.0,0.0,0.0,0.0,0.0,0.0,0.0,0.0,0.0,0.0,0.0,0.0,0.0,0.0,1.0,9.0
15904.0,14687.0,1217.0,0.0,0.0,773.0,76.0625,64256.0,31872.0,0.632701,1721542656.0,0.632701,0.0,0.632701,0.632701,0.632701,62.0,64.0,0.06132,0.000496,0.060824,35.0,19.0,16.0,0.0,0.0,0.0,0.0,0.0,-0.0,190358.484375,175931.453125,14427.036133,0.0,0.0,53.737865,28.449457,23.707882,0.0,0.0,0.0,0.0,0.0,0.0,0.0,0.0,0.0,0.0,0.0,0.0,0.0,0.0,0.0,1.0,0.0,0.0,0.0,0.0,0.0,0.0,0.0,0.0,0.0,0.0,0.0,0.0,0.0,0.0,0.0,0.0,9.0
16300.0,15083.0,1217.0,0.0,0.0,793.842102,76.0625,64256.0,31872.0,0.542595,1721542656.0,0.542595,0.0,0.542595,0.542595,0.542595,62.0,64.0,0.046327,0.000495,0.045832,35.0,19.0,16.0,0.0,0.0,0.0,0.0,0.0,-0.0,227514.0625,210691.203125,16822.859375,0.0,0.0,62.661835,33.173912,27.644928,0.0,0.0,0.0,0.0,0.0,0.0,0.0,0.0,0.0,0.0,0.0,0.0,0.0,0.0,0.0,1.0,0.0,0.0,0.0,0.0,0.0,0.0,0.0,0.0,0.0,0.0,0.0,0.0,0.0,0.0,0.0,0.0,9.0
12029.0,11159.0,870.0,0.0,0.0,797.071411,79.090912,64256.0,31872.0,1.745678,1721542656.0,1.745678,0.0,1.745678,1.745678,1.745678,62.0,64.0,0.110086,0.001489,0.108597,25.0,14.0,11.0,0.0,0.0,0.0,0.0,0.0,-0.0,51111.375,47486.421875,3624.952637,0.0,0.0,13.74824,7.446963,5.728434,0.0,0.0,0.0,0.0,0.0,0.0,0.0,0.0,0.0,0.0,0.0,0.0,0.0,0.0,0.0,0.0,0.0,0.0,0.0,0.0,0.0,0.0,0.0,0.0,0.0,1.0,0.0,0.0,0.0,0.0,0.0,0.0,9.0
4739.0,4326.0,413.0,0.0,0.0,865.200012,68.833336,64256.0,31872.0,0.277482,1721542656.0,0.277482,0.0,0.277482,0.277482,0.277482,62.0,64.0,0.110086,0.001489,0.108597,11.0,5.0,6.0,0.0,0.0,0.0,0.0,0.0,-0.0,109729.640625,99783.046875,9946.59082,0.0,0.0,36.038372,14.415349,18.019186,0.0,0.0,0.0,0.0,1.0,0.0,0.0,0.0,0.0,0.0,0.0,1.0,0.0,0.0,0.0,0.0,0.0,0.0,0.0,0.0,0.0,0.0,0.0,0.0,0.0,0.0,0.0,0.0,0.0,0.0,0.0,0.0,9.0
17176.0,15959.0,1217.0,0.0,0.0,797.950012,76.0625,64256.0,31872.0,1.439762,1721542656.0,1.439762,0.0,1.439762,1.439762,1.439762,62.0,64.0,0.126179,0.002018,0.124161,36.0,20.0,16.0,0.0,0.0,0.0,0.0,0.0,-0.0,90587.195312,84247.257812,6339.936523,0.0,0.0,24.309574,13.196626,10.418388,0.0,0.0,0.0,0.0,0.0,0.0,0.0,0.0,0.0,0.0,0.0,0.0,0.0,0.0,0.0,1.0,0.0,0.0,0.0,0.0,0.0,0.0,0.0,0.0,0.0,0.0,0.0,0.0,0.0,0.0,0.0,0.0,9.0
17734.0,16373.0,1361.0,0.0,0.0,818.650024,75.611115,64256.0,31872.0,1.691508,1721542656.0,1.691508,0.0,1.691508,1.691508,1.691508,62.0,64.0,0.170834,0.000991,0.169843,38.0,20.0,18.0,0.0,0.0,1.0,1.0,0.0,-0.0,79649.632812,73567.492188,6082.146484,2.564103,0.0,21.873972,11.23258,10.050203,0.0,0.0,0.0,1.0,0.0,0.0,0.0,0.0,0.0,0.0,0.0,0.0,0.0,0.0,0.0,1.0,0.0,0.0,0.0,0.0,0.0,0.0,0.0,0.0,0.0,0.0,0.0,0.0,0.0,0.0,0.0,1.0,9.0
18142.0,16793.0,1349.0,0.0,0.0,839.650024,74.944443,64256.0,31872.0,0.834909,1721542656.0,0.834909,0.0,0.834909,0.834909,0.834909,62.0,64.0,0.154562,0.00149,0.153072,38.0,20.0,18.0,0.0,0.0,0.0,0.0,0.0,-0.0,165086.25,152869.34375,12216.900391,0.0,0.0,44.316204,22.756971,20.3615,0.0,0.0,0.0,0.0,0.0,0.0,0.0,0.0,0.0,0.0,0.0,0.0,0.0,0.0,0.0,1.0,0.0,0.0,0.0,0.0,0.0,0.0,0.0,0.0,0.0,0.0,0.0,0.0,0.0,0.0,0.0,0.0,9.0
18568.0,17219.0,1349.0,0.0,0.0,860.950012,74.944443,64256.0,31872.0,0.55845,1721542656.0,0.55845,0.0,0.55845,0.55845,0.55845,62.0,64.0,0.061335,0.000497,0.060838,38.0,20.0,18.0,0.0,0.0,0.0,0.0,0.0,-0.0,252613.484375,234348.65625,18264.839844,0.0,0.0,66.254814,34.022743,30.441401,0.0,0.0,0.0,0.0,0.0,0.0,0.0,0.0,0.0,0.0,0.0,0.0,0.0,0.0,0.0,1.0,0.0,0.0,0.0,0.0,0.0,0.0,0.0,0.0,0.0,0.0,0.0,0.0,0.0,0.0,0.0,0.0,9.0
19180.0,17717.0,1463.0,0.0,0.0,843.666687,77.0,64256.0,31872.0,1.884708,1721542656.0,1.884708,0.0,1.884708,1.884708,1.884708,62.0,64.0,0.16916,0.001491,0.167669,40.0,21.0,19.0,0.0,0.0,1.0,1.0,0.0,-0.0,77508.023438,71624.882812,5883.13916,2.439024,0.0,20.69286,10.611723,9.55055,0.0,0.0,0.0,1.0,0.0,0.0,0.0,0.0,0.0,0.0,0.0,0.0,0.0,0.0,0.0,1.0,0.0,0.0,0.0,0.0,0.0,0.0,0.0,0.0,0.0,0.0,0.0,0.0,0.0,0.0,0.0,1.0,9.0
19687.0,18299.0,1388.0,0.0,0.0,795.608704,77.111115,64256.0,31872.0,3.985285,1721542656.0,3.985285,0.0,3.985285,3.985285,3.985285,62.0,64.0,0.169039,0.000983,0.168056,41.0,23.0,18.0,0.0,0.0,1.0,0.0,1.0,-0.0,37768.941406,35137.261719,2631.681152,2.380952,0.0,10.036923,5.520308,4.265692,0.0,1.0,0.0,0.0,0.0,0.0,0.0,0.0,0.0,0.0,0.0,0.0,0.0,0.0,0.0,1.0,0.0,0.0,0.0,0.0,0.0,0.0,0.0,0.0,0.0,0.0,0.0,0.0,0.0,0.0,0.0,1.0,9.0
19882.0,18599.0,1283.0,0.0,0.0,885.666687,75.470589,64256.0,31872.0,0.65044,1721542656.0,0.65044,0.0,0.65044,0.65044,0.65044,62.0,64.0,0.062823,0.00101,0.061813,38.0,21.0,17.0,0.0,0.0,0.0,0.0,0.0,-0.0,232728.625,217870.984375,14857.635742,0.0,0.0,56.884571,30.748417,24.598734,0.0,0.0,0.0,0.0,0.0,0.0,0.0,0.0,0.0,0.0,0.0,0.0,0.0,0.0,0.0,1.0,0.0,0.0,0.0,0.0,0.0,0.0,0.0,0.0,0.0,0.0,0.0,0.0,0.0,0.0,0.0,0.0,9.0
20530.0,19115.0,1415.0,0.0,0.0,868.863647,74.473686,64256.0,31872.0,4.953215,1721542656.0,4.953215,0.0,4.953215,4.953215,4.953215,62.0,64.0,0.154658,0.001012,0.153646,41.0,22.0,19.0,0.0,0.0,0.0,0.0,0.0,-0.0,31636.824219,29470.958984,2165.865967,0.0,0.0,8.075562,4.23967,3.634003,0.0,0.0,0.0,0.0,0.0,0.0,0.0,0.0,0.0,0.0,0.0,0.0,0.0,0.0,0.0,1.0,0.0,0.0,0.0,0.0,0.0,0.0,0.0,0.0,0.0,0.0,0.0,0.0,0.0,0.0,0.0,0.0,9.0
20854.0,19571.0,1283.0,0.0,0.0,889.590881,75.470589,64256.0,31872.0,1.542193,1721542656.0,1.542193,0.0,1.542193,1.542193,1.542193,62.0,64.0,0.169286,0.000497,0.168789,39.0,22.0,17.0,0.0,0.0,0.0,0.0,0.0,-0.0,103177.742188,96911.34375,6266.400879,0.0,0.0,24.640236,13.616972,10.374836,0.0,0.0,0.0,0.0,0.0,0.0,0.0,0.0,0.0,0.0,0.0,0.0,0.0,0.0,0.0,1.0,0.0,0.0,0.0,0.0,0.0,0.0,0.0,0.0,0.0,0.0,0.0,0.0,0.0,0.0,0.0,0.0,9.0
21550.0,20033.0,1517.0,0.0,0.0,910.590881,75.849998,64256.0,31872.0,1.656209,1721542656.0,1.656209,0.0,1.656209,1.656209,1.656209,62.0,64.0,0.15615,0.001987,0.154163,42.0,22.0,20.0,0.0,0.0,1.0,1.0,0.0,-0.0,99335.289062,92369.984375,6965.304688,2.325581,0.0,24.755329,12.679559,11.471982,0.0,0.0,0.0,1.0,0.0,0.0,0.0,0.0,0.0,0.0,0.0,0.0,0.0,0.0,0.0,1.0,0.0,0.0,0.0,0.0,0.0,0.0,0.0,0.0,0.0,0.0,0.0,0.0,0.0,0.0,0.0,1.0,9.0
21916.0,20567.0,1349.0,0.0,0.0,894.217407,74.944443,64256.0,31872.0,1.532402,1721542656.0,1.532402,0.0,1.532402,1.532402,1.532402,62.0,64.0,0.168562,0.000994,0.167568,41.0,23.0,18.0,0.0,0.0,0.0,0.0,0.0,-0.0,109360.335938,102704.117188,6656.216797,0.0,0.0,26.10281,14.356545,11.093695,0.0,0.0,0.0,0.0,0.0,0.0,0.0,0.0,0.0,0.0,0.0,0.0,0.0,0.0,0.0,1.0,0.0,0.0,0.0,0.0,0.0,0.0,0.0,0.0,0.0,0.0,0.0,0.0,0.0,0.0,0.0,0.0,9.0
22390.0,21041.0,1349.0,0.0,0.0,914.826111,74.944443,64256.0,31872.0,1.530536,1721542656.0,1.530536,0.0,1.530536,1.530536,1.530536,62.0,64.0,0.166726,0.000994,0.165732,41.0,23.0,18.0,0.0,0.0,0.0,0.0,0.0,-0.0,111866.6875,105202.359375,6664.331543,0.0,0.0,26.134634,14.374049,11.10722,0.0,0.0,0.0,0.0,0.0,0.0,0.0,0.0,0.0,0.0,0.0,0.0,0.0,0.0,0.0,1.0,0.0,0.0,0.0,0.0,0.0,0.0,0.0,0.0,0.0,0.0,0.0,0.0,0.0,0.0,0.0,0.0,9.0
22870.0,21521.0,1349.0,0.0,0.0,935.695679,74.944443,64256.0,34816.0,0.574082,1721542656.0,0.574082,0.0,0.574082,0.574082,0.574082,62.0,64.0,0.062226,0.000489,0.061737,41.0,23.0,18.0,0.0,0.0,0.0,0.0,0.0,-0.0,304639.40625,286871.90625,17767.496094,0.0,0.0,69.676453,38.322052,29.612494,0.0,0.0,0.0,0.0,0.0,0.0,0.0,0.0,0.0,0.0,0.0,0.0,0.0,0.0,0.0,1.0,0.0,0.0,0.0,0.0,0.0,0.0,0.0,0.0,0.0,0.0,0.0,0.0,0.0,0.0,0.0,0.0,9.0
23422.0,22073.0,1349.0,0.0,0.0,919.708313,74.944443,64256.0,31872.0,0.559515,1721542656.0,0.559515,0.0,0.559515,0.559515,0.559515,62.0,64.0,0.062478,0.000992,0.061486,42.0,24.0,18.0,0.0,0.0,0.0,0.0,0.0,-0.0,320692.0625,302461.96875,18230.074219,0.0,0.0,73.277748,41.107029,30.383457,0.0,0.0,0.0,0.0,0.0,0.0,0.0,0.0,0.0,0.0,0.0,0.0,0.0,0.0,0.0,1.0,0.0,0.0,0.0,0.0,0.0,0.0,0.0,0.0,0.0,0.0,0.0,0.0,0.0,0.0,0.0,0.0,9.0
24190.0,22643.0,1547.0,0.0,0.0,905.719971,73.666664,64256.0,31872.0,0.900496,1721542656.0,0.900496,0.0,0.900496,0.900496,0.900496,62.0,64.0,0.046136,0.001007,0.045129,46.0,25.0,21.0,0.0,0.0,0.0,0.0,0.0,-0.0,206215.234375,193120.234375,13095.004883,0.0,0.0,49.972458,26.651978,22.209982,0.0,0.0,0.0,0.0,0.0,0.0,0.0,0.0,0.0,0.0,0.0,0.0,0.0,0.0,0.0,1.0,0.0,0.0,0.0,0.0,0.0,0.0,0.0,0.0,0.0,0.0,0.0,0.0,0.0,0.0,0.0,1.0,9.0
1301.0,468.0,833.0,0.0,0.0,78.0,92.555557,64256.0,31872.0,4.972825,1721542656.0,4.972825,0.0,4.972825,4.972825,4.972825,62.0,64.0,0.168962,0.000488,0.168474,15.0,6.0,9.0,0.0,0.0,4.0,0.0,4.0,-0.0,1819.488892,627.409973,1192.078979,21.052632,0.0,2.815301,1.005465,1.608744,0.0,1.0,0.0,0.0,0.0,0.0,0.0,0.0,0.0,0.0,0.0,0.0,0.0,0.0,0.0,0.0,0.0,0.0,0.0,0.0,0.0,0.0,0.0,0.0,0.0,1.0,0.0,0.0,0.0,0.0,0.0,1.0,9.0
23737.0,22817.0,920.0,0.0,0.0,1086.523804,70.769234,64256.0,31872.0,1.377423,1721542656.0,1.377423,0.0,1.377423,1.377423,1.377423,62.0,64.0,0.168962,0.000488,0.168474,34.0,21.0,13.0,0.0,0.0,0.0,0.0,0.0,-0.0,131149.25,126212.492188,4936.754883,0.0,0.0,23.957781,14.519867,8.711921,0.0,0.0,0.0,0.0,1.0,0.0,0.0,0.0,0.0,0.0,0.0,1.0,0.0,0.0,0.0,0.0,0.0,0.0,0.0,0.0,0.0,0.0,0.0,0.0,0.0,0.0,0.0,0.0,0.0,0.0,0.0,1.0,9.0
25266.0,23711.0,1555.0,0.0,0.0,911.961548,74.047623,64256.0,31872.0,2.814031,1721542656.0,2.814031,0.0,2.814031,2.814031,2.814031,62.0,64.0,0.169279,0.000508,0.168771,47.0,26.0,21.0,0.0,0.0,1.0,0.0,1.0,-0.0,69028.382812,64818.050781,4210.330566,2.083333,0.0,16.346659,8.884053,7.107243,0.0,1.0,0.0,0.0,0.0,0.0,0.0,0.0,0.0,0.0,0.0,0.0,0.0,0.0,0.0,1.0,0.0,0.0,0.0,0.0,0.0,0.0,0.0,0.0,0.0,0.0,0.0,0.0,0.0,0.0,0.0,1.0,9.0
25558.0,24143.0,1415.0,0.0,0.0,965.719971,74.473686,64256.0,37632.0,0.619612,1721542656.0,0.619612,0.0,0.619612,0.619612,0.619612,62.0,64.0,0.061252,0.000496,0.060756,44.0,25.0,19.0,0.0,0.0,0.0,0.0,0.0,-0.0,316572.3125,299258.25,17314.0625,0.0,0.0,69.39827,38.733917,29.05044,0.0,0.0,0.0,0.0,0.0,0.0,0.0,0.0,0.0,0.0,0.0,0.0,0.0,0.0,0.0,1.0,0.0,0.0,0.0,0.0,0.0,0.0,0.0,0.0,0.0,0.0,0.0,0.0,0.0,0.0,0.0,0.0,9.0
26074.0,24659.0,1415.0,0.0,0.0,986.359985,74.473686,64256.0,37632.0,1.00478,1721542656.0,1.00478,0.0,1.00478,1.00478,1.00478,62.0,64.0,0.16988,0.001005,0.168875,44.0,25.0,19.0,0.0,0.0,0.0,0.0,0.0,-0.0,199160.0,188483.046875,10676.963867,0.0,0.0,42.795437,23.885824,17.914368,0.0,0.0,0.0,0.0,0.0,0.0,0.0,0.0,0.0,0.0,0.0,0.0,0.0,0.0,0.0,1.0,0.0,0.0,0.0,0.0,0.0,0.0,0.0,0.0,0.0,0.0,0.0,0.0,0.0,0.0,0.0,0.0,9.0
26794.0,25247.0,1547.0,0.0,0.0,971.038452,73.666664,64256.0,31872.0,0.573715,1721542656.0,0.573715,0.0,0.573715,0.573715,0.573715,62.0,64.0,0.061313,0.001005,0.060308,47.0,26.0,21.0,0.0,0.0,0.0,0.0,0.0,-0.0,359063.3125,338509.5625,20553.759766,0.0,0.0,80.179184,43.575645,34.860516,0.0,0.0,0.0,0.0,0.0,0.0,0.0,0.0,0.0,0.0,0.0,0.0,0.0,0.0,0.0,1.0,0.0,0.0,0.0,0.0,0.0,0.0,0.0,0.0,0.0,0.0,0.0,0.0,0.0,0.0,0.0,0.0,9.0
27190.0,25775.0,1415.0,0.0,0.0,991.34613,74.473686,64256.0,31872.0,0.481381,1721542656.0,0.481381,0.0,0.481381,0.481381,0.481381,62.0,64.0,0.045704,0.000993,0.044711,45.0,26.0,19.0,0.0,0.0,0.0,0.0,0.0,-0.0,434167.53125,411881.65625,22285.880859,0.0,0.0,91.403694,51.933914,37.392418,0.0,0.0,0.0,0.0,0.0,0.0,0.0,0.0,0.0,0.0,0.0,0.0,0.0,0.0,0.0,1.0,0.0,0.0,0.0,0.0,0.0,0.0,0.0,0.0,0.0,0.0,0.0,0.0,0.0,0.0,0.0,0.0,9.0
27994.0,26309.0,1685.0,0.0,0.0,1011.884644,76.590912,64256.0,31872.0,1.750937,1721542656.0,1.750937,0.0,1.750937,1.750937,1.750937,62.0,64.0,0.17099,0.000496,0.170494,48.0,26.0,22.0,0.0,0.0,2.0,2.0,0.0,-0.0,122937.601562,115586.109375,7351.492676,4.0,0.0,26.842772,14.278069,11.993578,0.0,0.0,0.0,1.0,0.0,0.0,0.0,0.0,0.0,0.0,0.0,0.0,0.0,0.0,0.0,1.0,0.0,0.0,0.0,0.0,0.0,0.0,0.0,0.0,0.0,0.0,0.0,0.0,0.0,0.0,0.0,1.0,9.0
28396.0,26915.0,1481.0,0.0,0.0,996.851868,74.050003,64256.0,31872.0,0.542676,1721542656.0,0.542676,0.0,0.542676,0.542676,0.542676,62.0,64.0,0.062005,0.000993,0.061012,47.0,27.0,20.0,0.0,0.0,0.0,0.0,0.0,-0.0,402833.375,382091.71875,20741.658203,0.0,0.0,84.765129,47.910725,35.011684,0.0,0.0,0.0,0.0,0.0,0.0,0.0,0.0,0.0,0.0,0.0,0.0,0.0,0.0,0.0,1.0,0.0,0.0,0.0,0.0,0.0,0.0,0.0,0.0,0.0,0.0,0.0,0.0,0.0,0.0,0.0,0.0,9.0
28942.0,27461.0,1481.0,0.0,0.0,1017.074097,74.050003,64256.0,31872.0,1.439619,1721542656.0,1.439619,0.0,1.439619,1.439619,1.439619,62.0,64.0,0.111409,0.001514,0.109895,47.0,27.0,20.0,0.0,0.0,0.0,0.0,0.0,-0.0,154768.734375,146950.0,7818.73584,0.0,0.0,31.9529,18.060335,13.197937,0.0,0.0,0.0,0.0,0.0,0.0,0.0,0.0,0.0,0.0,0.0,0.0,0.0,0.0,0.0,1.0,0.0,0.0,0.0,0.0,0.0,0.0,0.0,0.0,0.0,0.0,0.0,0.0,0.0,0.0,0.0,0.0,9.0
30060.0,28079.0,1981.0,0.0,0.0,1002.821411,76.192307,64256.0,31872.0,2.719983,1721542656.0,2.719983,0.0,2.719983,2.719983,2.719983,62.0,64.0,0.16878,0.000497,0.168283,54.0,28.0,26.0,0.0,0.0,2.0,1.0,1.0,-0.0,85241.703125,79638.726562,5602.976074,3.571429,0.0,19.485415,9.926532,9.191234,1.0,0.0,0.0,0.0,0.0,0.0,0.0,0.0,0.0,0.0,0.0,0.0,0.0,0.0,0.0,1.0,0.0,0.0,0.0,0.0,0.0,0.0,0.0,0.0,0.0,0.0,0.0,0.0,0.0,0.0,0.0,1.0,9.0
30118.0,28637.0,1481.0,0.0,0.0,1022.75,74.050003,64256.0,31872.0,1.530809,1721542656.0,1.530809,0.0,1.530809,1.530809,1.530809,62.0,64.0,0.169252,0.000995,0.168257,48.0,28.0,20.0,0.0,0.0,0.0,0.0,0.0,-0.0,151668.8125,144315.84375,7352.974609,0.0,0.0,30.702719,17.637732,12.411737,0.0,0.0,0.0,0.0,0.0,0.0,0.0,0.0,0.0,0.0,0.0,0.0,0.0,0.0,0.0,1.0,0.0,0.0,0.0,0.0,0.0,0.0,0.0,0.0,0.0,0.0,0.0,0.0,0.0,0.0,0.0,0.0,9.0
30593.0,29063.0,1530.0,0.0,0.0,1117.807739,72.85714,64256.0,31872.0,4.99903,1721542656.0,4.99903,0.0,4.99903,4.99903,4.99903,62.0,64.0,0.168828,0.000493,0.168335,47.0,26.0,21.0,0.0,0.0,0.0,0.0,0.0,-0.0,47055.523438,44722.273438,2333.252686,0.0,0.0,9.201785,5.00097,4.000776,0.0,0.0,0.0,0.0,0.0,0.0,0.0,0.0,0.0,0.0,0.0,0.0,0.0,0.0,0.0,0.0,0.0,0.0,0.0,0.0,0.0,0.0,0.0,0.0,0.0,1.0,0.0,0.0,0.0,0.0,0.0,0.0,9.0
637.0,282.0,355.0,0.0,0.0,70.5,71.0,64256.0,31872.0,0.753477,1721542656.0,0.753477,0.0,0.753477,0.753477,0.753477,62.0,64.0,0.168828,0.000493,0.168335,9.0,4.0,5.0,0.0,0.0,1.0,0.0,1.0,-0.0,5266.252441,2250.898193,3015.354248,10.0,0.0,10.617444,3.981542,5.308722,0.0,1.0,0.0,0.0,1.0,0.0,0.0,0.0,0.0,0.0,0.0,1.0,0.0,0.0,0.0,0.0,0.0,0.0,0.0,0.0,0.0,0.0,0.0,0.0,0.0,0.0,0.0,0.0,0.0,0.0,0.0,1.0,9.0
31384.0,29837.0,1547.0,0.0,0.0,1028.862061,73.666664,64256.0,31872.0,0.527477,1721542656.0,0.527477,0.0,0.527477,0.527477,0.527477,62.0,64.0,0.062133,0.000501,0.061632,50.0,29.0,21.0,0.0,0.0,0.0,0.0,0.0,-0.0,459288.25,436932.78125,22355.476562,0.0,0.0,92.895042,53.082882,37.916344,0.0,0.0,0.0,0.0,0.0,0.0,0.0,0.0,0.0,0.0,0.0,0.0,0.0,0.0,0.0,1.0,0.0,0.0,0.0,0.0,0.0,0.0,0.0,0.0,0.0,0.0,0.0,0.0,0.0,0.0,0.0,0.0,9.0
31960.0,30413.0,1547.0,0.0,0.0,1048.724121,73.666664,64256.0,31872.0,0.682282,1721542656.0,0.682282,0.0,0.682282,0.682282,0.682282,62.0,64.0,0.062224,0.000498,0.061726,50.0,29.0,21.0,0.0,0.0,0.0,0.0,0.0,-0.0,361598.3125,344315.125,17283.177734,0.0,0.0,71.817818,41.03875,29.313395,0.0,0.0,0.0,0.0,0.0,0.0,0.0,0.0,0.0,0.0,0.0,0.0,0.0,0.0,0.0,1.0,0.0,0.0,0.0,0.0,0.0,0.0,0.0,0.0,0.0,0.0,0.0,0.0,0.0,0.0,0.0,0.0,9.0
32608.0,31061.0,1547.0,0.0,0.0,1035.366699,73.666664,64256.0,31872.0,1.852055,1721542656.0,1.852055,0.0,1.852055,1.852055,1.852055,62.0,64.0,0.166892,0.000993,0.165899,51.0,30.0,21.0,0.0,0.0,0.0,0.0,0.0,-0.0,136065.078125,129698.09375,6366.981934,0.0,0.0,26.99704,15.658282,10.798816,0.0,0.0,0.0,0.0,0.0,0.0,0.0,0.0,0.0,0.0,0.0,0.0,0.0,0.0,0.0,1.0,0.0,0.0,0.0,0.0,0.0,0.0,0.0,0.0,0.0,0.0,0.0,0.0,0.0,0.0,0.0,0.0,9.0
33196.0,31649.0,1547.0,0.0,0.0,1054.966675,73.666664,64256.0,31872.0,1.479975,1721542656.0,1.479975,0.0,1.479975,1.479975,1.479975,62.0,64.0,0.155194,0.001145,0.154049,51.0,30.0,21.0,0.0,0.0,0.0,0.0,0.0,-0.0,173348.875,165381.171875,7967.702148,0.0,0.0,33.784355,19.594925,13.513741,0.0,0.0,0.0,0.0,0.0,0.0,0.0,0.0,0.0,0.0,0.0,0.0,0.0,0.0,0.0,1.0,0.0,0.0,0.0,0.0,0.0,0.0,0.0,0.0,0.0,0.0,0.0,0.0,0.0,0.0,0.0,0.0,9.0
33922.0,32243.0,1679.0,0.0,0.0,1074.766724,73.0,64256.0,31872.0,0.509897,1721542656.0,0.509897,0.0,0.509897,0.509897,0.509897,62.0,64.0,0.04648,0.000994,0.045486,53.0,30.0,23.0,0.0,0.0,0.0,0.0,0.0,-0.0,514221.5,489024.25,25197.246094,0.0,0.0,101.981384,56.874233,43.145969,0.0,0.0,0.0,0.0,0.0,0.0,0.0,0.0,0.0,0.0,0.0,0.0,0.0,0.0,0.0,1.0,0.0,0.0,0.0,0.0,0.0,0.0,0.0,0.0,0.0,0.0,0.0,0.0,0.0,0.0,0.0,0.0,9.0
34522.0,32909.0,1613.0,0.0,0.0,1061.580688,73.318184,64256.0,31872.0,0.571678,1721542656.0,0.571678,0.0,0.571678,0.571678,0.571678,62.0,64.0,0.062256,0.000993,0.061263,53.0,31.0,22.0,0.0,0.0,0.0,0.0,0.0,-0.0,467228.0625,445677.46875,21550.59375,0.0,0.0,90.960297,52.477097,36.733967,0.0,0.0,0.0,0.0,0.0,0.0,0.0,0.0,0.0,0.0,0.0,0.0,0.0,0.0,0.0,1.0,0.0,0.0,0.0,0.0,0.0,0.0,0.0,0.0,0.0,0.0,0.0,0.0,0.0,0.0,0.0,0.0,9.0
