application,window,seed,cluster,training_mapped_level,TcpRtt_mean,TcpRtt_max,TcpRtt_median,TcpRtt_min,TcpRtt_std,SynAck_mean,SynAck_max,SynAck_median,SynAck_min,SynAck_std,AckDat_mean,AckDat_max,AckDat_median,AckDat_min,AckDat_std
HTTP,1,0,0,Low,0.05174839998416235,0.05174839998416235,0.05174839998416235,0.05174839998416235,0.0,0.007418213493823238,0.007418213493823238,0.007418213493823238,0.007418213493823238,0.0,0.04433018649033948,0.04433018649033948,0.04433018649033948,0.04433018649033948,0.0
HTTP,1,0,1,High,0.14635101906833875,0.14635101906833875,0.14635101906833875,0.14635101906833875,0.0,0.012959701177373936,0.012959701177373936,0.012959701177373936,0.012959701177373936,0.0,0.133391317890965,0.133391317890965,0.133391317890965,0.133391317890965,0.0
HTTP,1,0,2,Medium,0.3218933504314462,0.3218933504314462,0.3218933504314462,0.3218933504314462,0.0,0.028755128475551374,0.028755128475551374,0.028755128475551374,0.028755128475551374,0.0,0.29313822195589656,0.29313822195589656,0.29313822195589656,0.29313822195589656,0.0
HTTP,1,21,0,Low,0.049140801338737036,0.049140801338737036,0.049140801338737036,0.049140801338737036,0.0,0.007293211557356915,0.007293211557356915,0.007293211557356915,0.007293211557356915,0.0,0.04184758978138145,0.04184758978138145,0.04184758978138145,0.04184758978138145,0.0
HTTP,1,21,1,High,0.13933675585313884,0.13933675585313884,0.13933675585313884,0.13933675585313884,0.0,0.012767146505853144,0.012767146505853144,0.012767146505853144,0.012767146505853144,0.0,0.12656960934728645,0.12656960934728645,0.12656960934728645,0.12656960934728645,0.0
HTTP,1,21,2,Medium,0.31309281613923934,0.31309281613923934,0.31309281613923934,0.31309281613923934,0.0,0.027722156012658393,0.027722156012658393,0.027722156012658393,0.027722156012658393,0.0,0.2853706601265831,0.2853706601265831,0.2853706601265831,0.2853706601265831,0.0
HTTP,1,42,0,Medium,0.3118862215357448,0.3118862215357448,0.3118862215357448,0.3118862215357448,0.0,0.028507523830538513,0.028507523830538513,0.028507523830538513,0.028507523830538513,0.0,0.28337869770520807,0.28337869770520807,0.28337869770520807,0.28337869770520807,0.0
HTTP,1,42,1,Low,0.05076236498613171,0.05076236498613171,0.05076236498613171,0.05076236498613171,0.0,0.007370489720998515,0.007370489720998515,0.007370489720998515,0.007370489720998515,0.0,0.043391875265133245,0.043391875265133245,0.043391875265133245,0.043391875265133245,0.0
HTTP,1,42,2,High,0.1426530173663165,0.1426530173663165,0.1426530173663165,0.1426530173663165,0.0,0.012634078335832081,0.012634078335832081,0.012634078335832081,0.012634078335832081,0.0,0.13001893903048495,0.13001893903048495,0.13001893903048495,0.13001893903048495,0.0
HTTP,1,84,0,High,0.1335929193307936,0.1335929193307936,0.1335929193307936,0.1335929193307936,0.0,0.01275873115785987,0.01275873115785987,0.01275873115785987,0.01275873115785987,0.0,0.12083418817293355,0.12083418817293355,0.12083418817293355,0.12083418817293355,0.0
HTTP,1,84,1,Low,0.04683874660928557,0.04683874660928557,0.04683874660928557,0.04683874660928557,0.0,0.006636448095983288,0.006636448095983288,0.006636448095983288,0.006636448095983288,0.0,0.040202298513302405,0.040202298513302405,0.040202298513302405,0.040202298513302405,0.0
HTTP,1,84,2,Medium,0.3065724876132926,0.3065724876132926,0.3065724876132926,0.3065724876132926,0.0,0.027439018731117905,0.027439018731117905,0.027439018731117905,0.027439018731117905,0.0,0.2791334688821759,0.2791334688821759,0.2791334688821759,0.2791334688821759,0.0
HTTP,1,123,0,Low,0.04912580004980089,0.04912580004980089,0.04912580004980089,0.04912580004980089,0.0,0.00737307420318725,0.00737307420318725,0.00737307420318725,0.00737307420318725,0.0,0.041752725846613825,0.041752725846613825,0.041752725846613825,0.041752725846613825,0.0
HTTP,1,123,1,Medium,0.30379151229508095,0.30379151229508095,0.30379151229508095,0.30379151229508095,0.0,0.026956608313817427,0.026956608313817427,0.026956608313817427,0.026956608313817427,0.0,0.276834903981265,0.276834903981265,0.276834903981265,0.276834903981265,0.0
HTTP,1,123,2,High,0.13831022544484003,0.13831022544484003,0.13831022544484003,0.13831022544484003,0.0,0.012207164768683276,0.012207164768683276,0.012207164768683276,0.012207164768683276,0.0,0.12610306067615645,0.12610306067615645,0.12610306067615645,0.12610306067615645,0.0
HTTP,3,0,0,Medium,0.29426570949957565,0.35122215224766684,0.2928717031382526,0.23870327311280654,0.05092573420313916,0.026193325699745567,0.03361477650551302,0.025935754452926257,0.019029446140797303,0.006558659175028866,0.2680723837998299,0.3237475084817641,0.26653138252756575,0.21393826039016112,0.04967647820090382
HTTP,3,0,1,High,0.12411806501831492,0.15254898789173782,0.12491940638990635,0.09488580077330082,0.025800947315208232,0.012583215269298599,0.015956512108262114,0.012266729955229948,0.009526403744403758,0.0028646198910548424,0.11153484974901628,0.13937080850630854,0.11231727258852253,0.08291646815221809,0.025307741369575337
HTTP,3,0,2,Low,0.047075910603133736,0.0549928865636409,0.04610405526937067,0.040130789976389705,0.006657530320546825,0.006353348751520344,0.007881345675037617,0.006210613650998075,0.004968086928525397,0.0012986142006824984,0.040722561851612396,0.04808448658510378,0.03981152446877037,0.03427167450096593,0.006193629825486331
HTTP,3,21,0,Low,0.04749867976456965,0.05575211999502634,0.04635745299676666,0.04038646630191492,0.006879228275757715,0.006363524206250531,0.007919652200945104,0.006224009574732619,0.004946910843073839,0.001325338629744043,0.04113515555831834,0.048827134667992184,0.04005995846804293,0.03451837353892089,0.006412061119062168
HTTP,3,21,1,Medium,0.29170616462649074,0.3490324265536724,0.28922829566854963,0.2368577716572493,0.05079328749154063,0.026226739642184582,0.03373258003766466,0.025699811205273086,0.019247827683615836,0.0065149337485454,0.2654794249843061,0.32147463041431384,0.2631133662900185,0.21185027824858793,0.04965110401094806
HTTP,3,21,2,High,0.1242764364868133,0.15168387430437943,0.12560413029276557,0.09554130486329548,0.025129476422788864,0.012532704048713603,0.015834977740140345,0.012219947011855792,0.009543187394144694,0.002811777918973411,0.11174373243809975,0.13852535047181222,0.11308377183643839,0.08362207500604882,0.02459112133026624
HTTP,3,42,0,Low,0.04650720739037488,0.05519410480455059,0.04527176158780037,0.039055755778772835,0.0072390127843341805,0.006326501512767788,0.007954239501391779,0.0061519657509379105,0.004873299285973605,0.0013747762291468283,0.04018070587760635,0.04819300024204247,0.03904906922425284,0.033300048166525764,0.006692443461072246
HTTP,3,42,1,Medium,0.2740540197530866,0.33369041754385864,0.27180980428849877,0.21666183742689982,0.05290004871125949,0.024965061858349596,0.0321069968810915,0.024677976998050688,0.018110211695906417,0.006294692719038725,0.24908895789473612,0.30744198167641357,0.24654205614035068,0.1932828358674466,0.05163018492726226
HTTP,3,42,2,High,0.12107166145108937,0.14617583669448317,0.12173702445526191,0.09530212320352349,0.02276658149047258,0.012114029902642556,0.015220389893370418,0.011871499188687995,0.009250200625869268,0.002662188489685055,0.10895763154844681,0.1335666904265183,0.1095726957579971,0.08373350846082521,0.022324915779609204
HTTP,3,84,0,High,0.13190810539531517,0.1621059114877585,0.13350895886609182,0.10010944583209429,0.02773875724723149,0.013318683582779926,0.016878094459312123,0.013006685697294055,0.010071270591733567,0.0030414726917785116,0.11858942181253491,0.14813718872038867,0.12015430201209204,0.0874767747051243,0.02718368200040877
HTTP,3,84,1,Low,0.0548132450252377,0.06411060264997163,0.05372781304601007,0.04660131937973208,0.007831669078471605,0.006786160818287714,0.008448539021549281,0.006637345515433879,0.0052725979178800285,0.001414198886624556,0.048027084206949455,0.05674111837507256,0.04700574839836942,0.04033438584740817,0.007349476792078695
HTTP,3,84,2,Medium,0.2956491261164693,0.3541950539478376,0.2930901571989996,0.23966216720257133,0.05189765769803735,0.026300667143027257,0.03383380564487311,0.0257844383708467,0.019283757413361913,0.0065671837302556085,0.2693484589734417,0.32675565451947064,0.2668888113612005,0.2144009110396572,0.050880851091557364
HTTP,3,123,0,Low,0.04830578826024802,0.056779090607276386,0.04717842786000798,0.04095984631345978,0.007085367767847687,0.0064578585788721745,0.008006844653479072,0.006330332411121872,0.005036398672015448,0.0013252035499104243,0.04184792968137559,0.04974279084243981,0.04079600843823494,0.035004989763453315,0.00660916521379608
HTTP,3,123,1,High,0.1266125241536013,0.15426657300613492,0.12808406448534423,0.09748693496932517,0.02542130568103452,0.01266372828902522,0.016008384594410365,0.012376510565780496,0.009606289706884808,0.002857055760828129,0.11394879586457607,0.14091013674164968,0.1153749085207906,0.08556134233128829,0.024811481582812656
HTTP,3,123,2,Medium,0.2937547161172162,0.3488027873626377,0.2937153714285707,0.23874598956043863,0.04982922858847067,0.025583037728937795,0.03253342087912082,0.025299643406593433,0.01891604890109891,0.006134587099246488,0.26817167838827904,0.3219283554945068,0.26806752307692294,0.21451915659340653,0.048641112897719635
HTTP,5,0,0,High,0.12751795707007807,0.1717999467904446,0.12821548511264563,0.08012973089550551,0.036079079781779155,0.012996517128948282,0.018322055587003328,0.012726846258349349,0.008423817389335456,0.003848464129090252,0.11452143994112973,0.15815954828484083,0.11510036273066898,0.06813918612023094,0.035499372535411966
HTTP,5,0,1,Medium,0.288342479544459,0.37801718221638014,0.28625160928602816,0.20636384056066548,0.06769533027500538,0.026381625054752486,0.03815405957074018,0.025730111695137933,0.015955341217695915,0.008923272277041846,0.26196085448970685,0.35012934296977627,0.2589990683311435,0.1828313854577317,0.06628081532630818
HTTP,5,0,2,Low,0.05384782377743585,0.06803477791682766,0.05248159491721274,0.04193297535618014,0.010156303972877798,0.006656792587601146,0.009205245379283715,0.006410443973815974,0.004528597805159799,0.001814197595557833,0.0471910311898346,0.06046027416249515,0.04589595783596463,0.036121818348094345,0.009497150215112733
HTTP,5,21,0,Low,0.049455859292589235,0.06262259205099364,0.047962629171353924,0.038589271091113715,0.009334859380009913,0.006418483189601336,0.00895152980877385,0.006180463567054165,0.0043262952130983575,0.0017952916598611287,0.04303737610298747,0.05521369953755713,0.04165114098237738,0.033022815023122765,0.008651616392788795
HTTP,5,21,1,Medium,0.2797885712732211,0.366391059809696,0.27848889669234417,0.1996245505210689,0.06622279686321825,0.02554390385138191,0.03674458722247388,0.024951776166742157,0.015515561395559534,0.00857104219141784,0.25424466742183965,0.33914270367014054,0.25240578840054423,0.17663679610330846,0.06481234619006479
HTTP,5,21,2,High,0.12207661468871596,0.16301446194066144,0.1228085345330738,0.07896067898832684,0.033166199724883494,0.012389653283073936,0.017406388618677052,0.012127083171206232,0.008100196133268494,0.0036207494113933295,0.10968696140564196,0.14993148711089485,0.11024294163424127,0.06754820877918284,0.03253923825486011
HTTP,5,42,0,Medium,0.28278482406150995,0.37116524830393427,0.27960117458163875,0.20368748891904082,0.06639701805997861,0.025442879421076394,0.03651062143826317,0.024810415196743527,0.015467948891904053,0.008473578748997812,0.2573419446404342,0.3445649063772048,0.2533812080506569,0.1808432460425154,0.0651592758013887
HTTP,5,42,1,Low,0.05694378273628831,0.0711145526209274,0.055736423396074285,0.04494925480671935,0.010173937876716194,0.006762064824934247,0.009349594414086148,0.006521057883019671,0.004594568204816841,0.001845587077827545,0.050181717911353896,0.06339587047156416,0.04906713054037657,0.03901632948795861,0.009504718877153734
HTTP,5,42,2,High,0.12688965948662226,0.17293589555887529,0.12750841722124126,0.07803554380008146,0.03742841824679079,0.013222037022952611,0.018720730816243442,0.01296173896509574,0.008471323781067512,0.003987929321208646,0.11366762246366972,0.15907329879125337,0.1139590024446557,0.06596906315360586,0.036793711531222
HTTP,5,84,0,Low,0.061014838664627376,0.07573211152490653,0.059763636962160666,0.04820115574915222,0.010711670835608256,0.007179524413114402,0.00982568238345402,0.0069898787657113395,0.00487544703065772,0.001921240157407885,0.05383531425151281,0.06761912110128396,0.052607508412582354,0.041890911085987914,0.0100367502845458
HTTP,5,84,1,Medium,0.2873790782203085,0.3787368288482206,0.28400729494079713,0.20590243702906336,0.068670129207413,0.02599375206315027,0.0376960283458915,0.0253317944025834,0.015616383566558917,0.008898680979391975,0.26138532615715915,0.3513410014352354,0.256933271618227,0.18273876354503055,0.06726618915739585
HTTP,5,84,2,High,0.13455310350000002,0.1844608806818174,0.1358007968181821,0.08087621375000002,0.04076882392514783,0.013601494636363664,0.01947322113636375,0.013276767613636367,0.008696995454545466,0.004200198236233617,0.12095160886363664,0.17026783079545452,0.12205261261363615,0.06828511761363633,0.04023172448096775
HTTP,5,123,0,Medium,0.28172036763250874,0.3670917653710256,0.2803498565371036,0.2011657208480564,0.06596860543467692,0.02501930572438158,0.035900337809187194,0.02427392791519433,0.015318719434628977,0.008317247217410506,0.256701061908127,0.3411631236749117,0.25437076183745655,0.17867165229682033,0.06488877440546564
HTTP,5,123,1,High,0.12280845765061317,0.16359655749066998,0.1234858393460102,0.08002763017593746,0.032772779589520525,0.012386638777323619,0.017401686156033415,0.012128346898880402,0.008112422605295898,0.003605448292179056,0.11042181887328945,0.1504675285231917,0.11095347716367515,0.06864852265861024,0.03215313688833126
HTTP,5,123,2,Low,0.048653935646206924,0.06174774666412518,0.04712416221883306,0.037928114372855606,0.009250779715207588,0.006419455890202081,0.008929900114372818,0.0061739738848646695,0.004306966831871898,0.0017972343544711785,0.04223447975600443,0.054362001334350415,0.04079822073961147,0.032408178231033556,0.008568518584789808
HTTP,10,0,0,High,0.12518557503207592,0.18945317616114993,0.1264947561585837,0.05961582961252245,0.04461730951350635,0.01271078498845266,0.020871131126507608,0.012278232678983833,0.006600766230433667,0.004703326864728605,0.11247479004362329,0.17564546125224562,0.11359681639722854,0.04817676032845784,0.043961836938937196
HTTP,10,0,1,Medium,0.28085868748577886,0.4100276023890792,0.27702753043230777,0.17496060864618848,0.07809565665460265,0.026400974288964728,0.0439677104664392,0.02441052303754261,0.01267549544937434,0.010700635014551027,0.25445771319681476,0.38228481399317477,0.24976606911262822,0.15207542377701838,0.07606317731501097
HTTP,10,0,2,Low,0.05325593001527502,0.07359609241344105,0.05217199217158918,0.035915691318737064,0.012620768862203056,0.006551069259164998,0.010317278640529427,0.006272022594195479,0.0035217343431772183,0.0022370896097699162,0.04670486075610933,0.06585731491853535,0.04563938098268813,0.03068820392057013,0.011765824440497574
HTTP,10,21,0,Low,0.07213262079043356,0.1005189004182753,0.07125059974260076,0.04599341489703967,0.01831369087883463,0.0082516361111111,0.012831328131703146,0.008027838293650773,0.004479135617760612,0.0027521942613450527,0.06388098467932192,0.09126525943801156,0.06281991910660634,0.038950003485627924,0.01759827972496426
HTTP,10,21,1,High,0.16190282241048573,0.2733859418158575,0.16218640489130381,0.05950232241048597,0.07263944401074544,0.015503988570971912,0.026851361732736667,0.014622430626598407,0.0074523937020460505,0.006427023185722745,0.14639883383951416,0.2558136392263462,0.1470700268542207,0.04600565505115109,0.07129699294284582
HTTP,10,21,2,Medium,0.30682351581395323,0.398997218604651,0.30748739883720827,0.22032669709302324,0.06037599462236326,0.028445442790697648,0.04739779767441861,0.026276587209302246,0.013709763953488443,0.011548725752422745,0.27837807302325607,0.37023437441860446,0.2765141177325583,0.1962871093023258,0.05862306609270894
HTTP,10,42,0,Medium,0.29466219715909076,0.3977853686868692,0.29280463573232135,0.20350809785353496,0.06503783290381615,0.027305013194444373,0.04525564267676769,0.02515220643939392,0.01304719507575764,0.011056798081775933,0.267357183964647,0.36998481060606137,0.2636367743055554,0.18011105681818151,0.06303823550319235
HTTP,10,42,1,High,0.1429218418893617,0.2365010030638296,0.14390119327659562,0.055086110978723346,0.06203288767101926,0.014369622876595768,0.024405620765957474,0.013710791659574438,0.0071429547234042505,0.005694421614435255,0.1285522190127659,0.22068246195744756,0.1295424793191492,0.042506829106383384,0.06112299723541004
HTTP,10,42,2,Low,0.06676842583979332,0.09140070484287595,0.06599381766274987,0.04441346436609137,0.015639827384761676,0.007650471759606579,0.01191134533633402,0.0074435963574226716,0.0041343700091689625,0.002552556426604461,0.059117954080186344,0.08266203992664997,0.05817256439109747,0.03798064607818589,0.014867234409742837
HTTP,10,84,0,Medium,0.2669202322719437,0.4009020542168702,0.2624911576305233,0.15977865777395192,0.08005385340585344,0.02433845714285702,0.04072719678714867,0.022576016351118756,0.011699428858290367,0.009912542768717825,0.2425817751290872,0.37525056167527815,0.23713679905335713,0.13865997676419972,0.07827055573898689
HTTP,10,84,1,High,0.12121961810138684,0.18038524533715927,0.12287070400924607,0.05895900047824004,0.04185054222867718,0.012402682321058515,0.020303977602423143,0.011999877610393742,0.006431158058345293,0.0045698356440185125,0.1088169357803284,0.16699843495934977,0.11030442754662843,0.04782097154471576,0.041194750795183824
HTTP,10,84,2,Low,0.05212070384493697,0.07258324145569646,0.05080910007911529,0.035363473892404365,0.012441579893326647,0.006451083607594961,0.010235149920886064,0.006140075474683531,0.0034671185917721317,0.0022251681308161336,0.04566962023734174,0.06488685158228062,0.04438640154272127,0.030258180537974782,0.011566911328101254
HTTP,10,123,0,Low,0.05563345127774935,0.07664027490965321,0.05443951806917969,0.037943793624160824,0.012940094275870694,0.006682334525038716,0.010484496644295202,0.006393470443985556,0.0036127527103769026,0.002252607472399506,0.048951116752710015,0.06878094127516926,0.047758711732059776,0.03261442423851298,0.0121002702910376
HTTP,10,123,1,High,0.12452104823599175,0.19000775111177004,0.12542118611028769,0.057735351615772285,0.04531561287726287,0.012851948147050107,0.02116784909576049,0.012428500889415946,0.006660542099021642,0.0047920077101926035,0.11166910008894153,0.17594660154165448,0.11246180988734061,0.04630113800770849,0.04454584470866943
HTTP,10,123,2,Medium,0.2724790900529097,0.40040077724867706,0.2693392365079348,0.16929784338624318,0.07700378191671313,0.02458184042328038,0.0408963243386244,0.022825988359788295,0.01192287037037041,0.009888244886465586,0.24789724962963008,0.37505820687830715,0.24359026322751337,0.14787424761904708,0.0753971030263542
HTTP,20,0,0,Medium,0.25474930227272713,0.44080896496212135,0.24980425142045448,0.11851606439393894,0.093884283602066,0.02429106003787879,0.0460838475378786,0.021949341382575746,0.009962205965909143,0.010933827273664615,0.23045824223484795,0.4134069393939382,0.2246301652462125,0.09911598958333273,0.09071707329974335
HTTP,20,0,1,Low,0.05727722775453283,0.08824876696884944,0.05528728376336543,0.03300168723849408,0.016217477202154842,0.006827479695490494,0.012609384937238545,0.006373616457461672,0.0029038726173872594,0.0027031789702096683,0.05044974805904202,0.08004506996745425,0.04851969467689483,0.027488771385402344,0.015284899113221277
HTTP,20,0,2,High,0.12576767709952177,0.20991523684997015,0.12851345606694553,0.04237767319187088,0.05101080099012696,0.012812380641063954,0.02420930558876268,0.012137175508069347,0.005353654512851167,0.00541804585412027,0.11295529645845795,0.19556618634190046,0.11591561259713078,0.031015324118350708,0.050285286416066784
HTTP,20,21,0,Low,0.07240139499500003,0.11304276409999843,0.07061397175000002,0.03648624650000011,0.02262439633642902,0.008156611720000012,0.014782449200000082,0.00778236680000001,0.0035214903999999936,0.0031507041445547734,0.06424478327500022,0.10366514219999956,0.062429260400000054,0.02964494600000022,0.021746935642535024
HTTP,20,21,1,High,0.16548854186746983,0.3151667086527923,0.16863376615553102,0.04315525246440307,0.0809039535024925,0.01641112758762324,0.03213964320920039,0.015029033132530092,0.006363392113910179,0.007530360385582576,0.14907741427984667,0.295736036144576,0.1523642808050385,0.02901612322015373,0.07935309575623678
HTTP,20,21,2,Medium,0.31188132975146227,0.4284763640350887,0.3061821842105263,0.21210035380116887,0.06613030299689013,0.02877907141812865,0.05495714181286546,0.025548555555555526,0.011942978070175404,0.013521020806120457,0.2831022583333334,0.39639978216374194,0.2764530913742684,0.19073211988304098,0.06192060676190965
HTTP,20,42,0,Low,0.05687304424305893,0.08812130969093553,0.05472982221058056,0.03247936563645939,0.01637377464159859,0.006814715646935568,0.012547825563122098,0.0063745696699843415,0.002909509481403872,0.00269259657060487,0.05005832859612347,0.07993184672603153,0.04799293258250449,0.026980906966998543,0.015424479190718543
HTTP,20,42,1,Medium,0.2601344577985947,0.45371982669789207,0.25318291709601937,0.1254931358313813,0.09513427105554893,0.024588493817330227,0.046689141451990435,0.022091354332552698,0.009977882903981307,0.011061443887274447,0.23554596398126443,0.4259969545667447,0.22754368477751807,0.10587218266978843,0.09186166927137163
HTTP,20,42,2,High,0.12778177755915637,0.21414097530864218,0.1305475732381688,0.042695340792181034,0.05201536115683282,0.012966244457304517,0.024585636959876554,0.012248104166666673,0.005362429783950621,0.00552627484739154,0.11481553310185205,0.19962019122942348,0.11777263612397106,0.03125084580761357,0.051234695443858176
HTTP,20,84,0,Medium,0.2908349968628538,0.45616002109939063,0.2820988667406998,0.1713976835091608,0.08472227052985587,0.026623821571349272,0.05117631260410871,0.023867769572459747,0.010279787340366497,0.012581279442857345,0.26421117529150373,0.42705499222653875,0.253437907828984,0.1510080749583558,0.08116264657782365
HTTP,20,84,1,Low,0.06727200644880142,0.10290074267040057,0.06559876791160887,0.03606245571117387,0.019489269094529884,0.007662361372549021,0.014047304637410583,0.007272196202925626,0.0033080916277622077,0.0029926982293197535,0.059609645076252535,0.09392653657018163,0.057794636819172525,0.029504575163398272,0.01860416791484874
HTTP,20,84,2,High,0.14792603989526765,0.2694027734678072,0.15127384167313151,0.039936592061029196,0.06901525354629086,0.014937855449961223,0.028593081329195687,0.0138013654641841,0.006123662141194707,0.006517394653143547,0.13298818444530672,0.2522513708301004,0.13703743211792113,0.027039547970003186,0.06797986394968113
HTTP,20,123,0,Medium,0.2580180864330132,0.4485099089881295,0.25133689768230644,0.1216357642736004,0.09438706790735857,0.024233315291124928,0.0465299977388353,0.021783942057659704,0.009844013566986996,0.010991699384628174,0.23378477114188762,0.4214863041266238,0.226120251554551,0.10191361955907285,0.09129622321813305
HTTP,20,123,1,High,0.12263291750315428,0.20207336240011212,0.12433247315295093,0.04506544749754662,0.047508572765548276,0.012471886289078922,0.023522730968736826,0.011789040305621761,0.005183197392401511,0.005230260682980904,0.1101610312140755,0.18805184368428415,0.112050800574793,0.033858282770223146,0.04676522676055572
HTTP,20,123,2,Low,0.05048658638123227,0.08013659058531923,0.0483827235212138,0.0286490000000003,0.015112383513893834,0.006323752121399827,0.01175483694642315,0.005863485366986712,0.0026924560235366845,0.0025314079578523637,0.044162834259832855,0.07233404413130862,0.04219807866212466,0.02390976029730587,0.014067007584139854
SFTP,1,0,0,Low,0.04434956234161179,0.04434956234161179,0.04434956234161179,0.04434956234161179,0.0,0.005100744551444497,0.005100744551444497,0.005100744551444497,0.005100744551444497,0.0,0.03924881779016702,0.03924881779016702,0.03924881779016702,0.03924881779016702,0.0
SFTP,1,0,1,Medium,0.21120507803753652,0.21120507803753652,0.21120507803753652,0.21120507803753652,0.0,0.015933652946987162,0.015933652946987162,0.015933652946987162,0.015933652946987162,0.0,0.19527142509055018,0.19527142509055018,0.19527142509055018,0.19527142509055018,0.0
SFTP,1,0,2,High,0.11046708432630616,0.11046708432630616,0.11046708432630616,0.11046708432630616,0.0,0.011797076076993577,0.011797076076993577,0.011797076076993577,0.011797076076993577,0.0,0.09867000824931245,0.09867000824931245,0.09867000824931245,0.09867000824931245,0.0
SFTP,1,21,0,Low,0.04442685408921937,0.04442685408921937,0.04442685408921937,0.04442685408921937,0.0,0.005228654142326062,0.005228654142326062,0.005228654142326062,0.005228654142326062,0.0,0.03919819994689312,0.03919819994689312,0.03919819994689312,0.03919819994689312,0.0
SFTP,1,21,1,Medium,0.21300718589025788,0.21300718589025788,0.21300718589025788,0.21300718589025788,0.0,0.0159019287047406,0.0159019287047406,0.0159019287047406,0.0159019287047406,0.0,0.1971052571855176,0.1971052571855176,0.1971052571855176,0.1971052571855176,0.0
SFTP,1,21,2,High,0.11114617304330934,0.11114617304330934,0.11114617304330934,0.11114617304330934,0.0,0.011994232666537187,0.011994232666537187,0.011994232666537187,0.011994232666537187,0.0,0.09915194037677207,0.09915194037677207,0.09915194037677207,0.09915194037677207,0.0
SFTP,1,42,0,High,0.12602246442234075,0.12602246442234075,0.12602246442234075,0.12602246442234075,0.0,0.011701930593507463,0.011701930593507463,0.011701930593507463,0.011701930593507463,0.0,0.1143205338288337,0.1143205338288337,0.1143205338288337,0.1143205338288337,0.0
SFTP,1,42,1,Low,0.04510481875842358,0.04510481875842358,0.04510481875842358,0.04510481875842358,0.0,0.005675033933243454,0.005675033933243454,0.005675033933243454,0.005675033933243454,0.0,0.0394297848251807,0.0394297848251807,0.0394297848251807,0.0394297848251807,0.0
SFTP,1,42,2,Medium,0.23045396481876246,0.23045396481876246,0.23045396481876246,0.23045396481876246,0.0,0.01839573773987198,0.01839573773987198,0.01839573773987198,0.01839573773987198,0.0,0.2120582270788916,0.2120582270788916,0.2120582270788916,0.2120582270788916,0.0
SFTP,1,84,0,Low,0.045444713172371684,0.045444713172371684,0.045444713172371684,0.045444713172371684,0.0,0.005212201482273795,0.005212201482273795,0.005212201482273795,0.005212201482273795,0.0,0.0402325116900985,0.0402325116900985,0.0402325116900985,0.0402325116900985,0.0
SFTP,1,84,1,Medium,0.21136483189840588,0.21136483189840588,0.21136483189840588,0.21136483189840588,0.0,0.015504475032285813,0.015504475032285813,0.015504475032285813,0.015504475032285813,0.0,0.1958603568661211,0.1958603568661211,0.1958603568661211,0.1958603568661211,0.0
SFTP,1,84,2,High,0.11107456906636665,0.11107456906636665,0.11107456906636665,0.11107456906636665,0.0,0.012140487176602887,0.012140487176602887,0.012140487176602887,0.012140487176602887,0.0,0.098934081889764,0.098934081889764,0.098934081889764,0.098934081889764,0.0
SFTP,1,123,0,Low,0.04750735494571779,0.04750735494571779,0.04750735494571779,0.04750735494571779,0.0,0.005921632689987943,0.005921632689987943,0.005921632689987943,0.005921632689987943,0.0,0.04158572225572933,0.04158572225572933,0.04158572225572933,0.04158572225572933,0.0
SFTP,1,123,1,Medium,0.22978487959625193,0.22978487959625193,0.22978487959625193,0.22978487959625193,0.0,0.018798284787310802,0.018798284787310802,0.018798284787310802,0.018798284787310802,0.0,0.2109865948089406,0.2109865948089406,0.2109865948089406,0.2109865948089406,0.0
SFTP,1,123,2,High,0.13020963925977969,0.13020963925977969,0.13020963925977969,0.13020963925977969,0.0,0.011682513000702737,0.011682513000702737,0.011682513000702737,0.011682513000702737,0.0,0.11852712625907737,0.11852712625907737,0.11852712625907737,0.11852712625907737,0.0
SFTP,3,0,0,Medium,0.2077436998597477,0.21600056241234197,0.21133272323515676,0.19589781393174416,0.009476526514079273,0.015561900576593415,0.01646619822346895,0.015661121084618958,0.014558382421692367,0.000899352993794062,0.19218179928315454,0.2002483085554002,0.19567160215053853,0.18062548714352458,0.009250286724232757
SFTP,3,0,1,Low,0.04767599662685246,0.05572931469807572,0.04670620869276706,0.040592466489714346,0.007093290256336707,0.005278567518248178,0.006369182149966819,0.005169408261446572,0.004297112143331128,0.0009699362247682586,0.042397429108604084,0.04989507763769072,0.04153203218314519,0.03576517750497639,0.006624414359514113
SFTP,3,0,2,High,0.11221386540483695,0.12570726352826986,0.11242846250909977,0.09850587017714144,0.01282285979753701,0.012029316104505396,0.013280413249211347,0.012052854889589923,0.010754680174714884,0.0011906419896291038,0.10018454930033169,0.11314703251637945,0.10037560761950957,0.0870310077651055,0.012311212132840884
SFTP,3,21,0,Low,0.052607079866576596,0.06029326006296383,0.052141339667191325,0.045386639869575064,0.006991842144692173,0.006237315306198936,0.007339031032156511,0.006195422981785468,0.005177491904654796,0.0010129564300424057,0.04636976456037784,0.053516416235664194,0.04593989993253855,0.03965297751293022,0.006504553104314107
SFTP,3,21,1,High,0.1601996248272399,0.1632462246513381,0.1604699378062574,0.15688271202412327,0.002999788620579565,0.013207981593164952,0.013669989445910294,0.013226033358462098,0.012727921975122479,0.0004440948646194877,0.14699164323407438,0.14998210817941968,0.1472439044477956,0.14374891707500947,0.0029383544655728283
SFTP,3,21,2,Medium,0.1394934181034483,0.20111539224137923,0.14056881810344826,0.07679604396551724,0.05859970031955108,0.015078850862068964,0.0196139827586207,0.015325202586206895,0.01029736724137931,0.004391525820187581,0.12441456724137924,0.18413856551724156,0.12524361551724125,0.06386152068965525,0.05669453010180871
SFTP,3,42,0,Low,0.051717772887781156,0.061095974762423975,0.05070553567533895,0.04335180822558065,0.008331386065447846,0.006233283533260631,0.007449713428883023,0.0061520984577036215,0.005098038713195182,0.0011030360909932175,0.04548448935452077,0.054243005764137694,0.044545372332138664,0.037665089967285376,0.007785848316018905
SFTP,3,42,1,High,0.13842445275427265,0.14935448344947796,0.13914590131906446,0.12677297349427544,0.010645025879169889,0.01212999651567945,0.013036816948730712,0.01218702600796416,0.011166146590343425,0.0008818424638535644,0.12629445623859292,0.13688972934295685,0.12695887531110023,0.11503476406172247,0.010302529435304762
SFTP,3,42,2,Medium,0.24349063643692082,0.25254971886336175,0.2483326342200719,0.22958955622732768,0.010823524464723648,0.01965436235388954,0.02090169528415962,0.019841269044739988,0.018220122732768997,0.001264105423554656,0.22383627408303136,0.23271548246674761,0.22849136517533297,0.21030197460701303,0.010565828931863898
SFTP,3,84,0,Low,0.05127031357013342,0.0603805001007185,0.05034326549385651,0.04308717511582663,0.008118720127677375,0.006147565724389537,0.007323199355401882,0.0060753186732021,0.005044179144564545,0.001068729596230662,0.045122747845744444,0.05365196944873409,0.04426241529577636,0.03745385879272229,0.007606257232032243
SFTP,3,84,1,Medium,0.24538250559732738,0.25767840050125285,0.250704930325814,0.22776418596491188,0.014101695968343948,0.018705804010025008,0.01983132481203005,0.01891149724310775,0.017374589974937297,0.0011581159085903314,0.22667670158730163,0.23862629122807028,0.23179343308270767,0.20961038045112723,0.013678231515119862
SFTP,3,84,2,High,0.13538336900849104,0.1456344873664756,0.13578901787181652,0.124726601787181,0.009856071782260627,0.0122427288756505,0.013206987263763358,0.012265208709942466,0.011255990653245642,0.0009197086222460468,0.12314064013284019,0.13305960158175859,0.12352380916187367,0.11283850965488931,0.009532314149657158
SFTP,3,123,0,High,0.10101980009330534,0.11557637578726389,0.10041760275250758,0.08706542174014463,0.013438281671264153,0.011557617448098908,0.013016898763704215,0.011613339164917203,0.010042614415675308,0.0014017876460773876,0.08946218264520645,0.10329820317238163,0.0888042635875904,0.07628408117564733,0.012733148877491964
SFTP,3,123,1,Medium,0.19703878149556378,0.20601907794676827,0.200526043726236,0.18457122281368823,0.010110615871005039,0.014764527756653994,0.01561245969581754,0.014866174904942946,0.01381494866920149,0.0008473548241185309,0.18227425373891054,0.1910760589353618,0.1856598688212933,0.17008683346007591,0.009894415776951672
SFTP,3,123,2,Low,0.044789426860299235,0.051409310370508235,0.04416470247626141,0.0387942677341272,0.005908546186785814,0.004954422578042566,0.005891680878793516,0.0048578836343325426,0.0041137032210016725,0.000831720760710158,0.03983500428225637,0.045996007075032604,0.039301251536026656,0.03420775423571005,0.005522862504542566
SFTP,5,0,0,Low,0.05021262644787646,0.06392650699806976,0.04875858228764457,0.038259454633204716,0.010991631593582196,0.0054577211389961544,0.007370739261583024,0.005245424348455616,0.003818319618725861,0.0015129625067744421,0.044754905308879815,0.057534538730695084,0.04344993062258699,0.03354937379343662,0.010296693897579031
SFTP,5,0,1,Medium,0.20016934244415235,0.21817577266754246,0.20479397996057924,0.17563107325886956,0.01889727480384567,0.01457966340341657,0.016308840998685924,0.01476674605781865,0.012626101182654415,0.001645531201378444,0.1855896790407368,0.203128657687253,0.19002848850197007,0.1617719494086732,0.01838288339733902
SFTP,5,0,2,High,0.11095086417260483,0.13716550039588277,0.10956666844813936,0.08694026959619948,0.02237856459814346,0.012416857838479806,0.014732275336500391,0.012449941409342843,0.010158205067300079,0.0020314020302762414,0.09853400633412501,0.12374838262074432,0.09712389449722886,0.07548172070467149,0.021513024679713236
SFTP,5,21,0,Low,0.048527974609190075,0.05967328375177661,0.04746759039949482,0.03841156434549204,0.009022332721729424,0.005458235054476576,0.0071302769619454014,0.0053120885836096966,0.003974177956734567,0.0013407546601403061,0.04306973955471332,0.053410855518711685,0.04210633649139412,0.033640761566398204,0.008402509989497733
SFTP,5,21,1,High,0.17812125834046202,0.188976311947533,0.18143738522954156,0.1618312874251499,0.011962138013674465,0.013707831993156571,0.015009538637011672,0.013805907043056741,0.012252496720844046,0.0012236680153698601,0.1644134263473062,0.17502654776161894,0.16763147818648338,0.1485358234958657,0.011678693158411838
SFTP,5,21,2,Medium,0.10207916497695851,0.1400357883064517,0.09964203859447004,0.06755844873271885,0.032295224671685635,0.01184355201612904,0.01525961952764974,0.01160674711981567,0.008745842741935482,0.002896907120621688,0.0902356129608295,0.12664247753456226,0.08801459274193549,0.05706110656682015,0.03102759392814284
SFTP,5,42,0,Medium,0.2224239905986694,0.23776475476718373,0.22852221685144156,0.19817465188470057,0.01750219672910323,0.017742817649667397,0.019845350332594228,0.017952525055432357,0.01534749800443462,0.0020004301309386537,0.20468117294900307,0.21967420354767114,0.21056969179600854,0.18125875565410238,0.017021938225671388
SFTP,5,42,1,Low,0.05073316988941022,0.06476263019437045,0.049110748994638014,0.038631980563002495,0.011208660554780701,0.005878316772788227,0.007841358746648808,0.005661774044906181,0.004181829004691665,0.0015681215079009511,0.044854853116621594,0.05790423232238584,0.04340329884383444,0.033549511896783714,0.010455519343265576
SFTP,5,42,2,High,0.12833478906081291,0.15285460717284366,0.12909206741033988,0.10315340326256418,0.022227317969095904,0.011906634688736982,0.01384392035504379,0.01198773803526447,0.009913100875614728,0.0017549903726438887,0.11642815437207693,0.1402021048338729,0.1171084489624557,0.09206522034304906,0.02152377396037401
SFTP,5,84,0,Low,0.04898008990004482,0.0628022947187829,0.047334259361479565,0.037207494703863725,0.010928191400801368,0.005776427092346742,0.007692613605848171,0.005585602640608698,0.004101358197821851,0.0015302567242498617,0.043203662807697336,0.056092286662687986,0.04168037557809973,0.03221053960913124,0.010211396540937629
SFTP,5,84,1,Medium,0.21053052472160352,0.2334362218819595,0.21734942204899904,0.1781676002227176,0.02474631160872734,0.016815331514476617,0.01903164281737192,0.017266019766146987,0.014116253897550111,0.0022017361008140066,0.19371519320712696,0.21603145072383112,0.2000923399220485,0.1624907928730514,0.0239744262599723
SFTP,5,84,2,High,0.12030492000831054,0.14158819883648407,0.12034204477456927,0.09944494161645517,0.01875535967994553,0.011421435528776247,0.013338561188447945,0.011403957718678569,0.009584399439019314,0.0016711822439136772,0.10888348447953503,0.12944935944317443,0.10893820049864897,0.08867806877207562,0.018145038867058108
SFTP,5,123,0,Medium,0.08934415394139496,0.11013377465951298,0.08775885307470077,0.0709657674370615,0.017252088525506686,0.010324000701609576,0.012556534461411474,0.010260256912917872,0.008234228642179115,0.0018969138619849512,0.07902015323978537,0.0988239550144449,0.07748510813041688,0.06151954684275682,0.016441797665600034
SFTP,5,123,1,High,0.1831153819105042,0.20637632211996182,0.18695471691526552,0.15295906188511554,0.023805295059341473,0.014374052300856876,0.01643558965407805,0.014441190415741025,0.012165219295461771,0.0018971888278046486,0.16874132960964844,0.19130051285306204,0.17251965756902504,0.13948867597588094,0.02310597515827826
SFTP,5,123,2,Low,0.04192739533908174,0.052834895362386426,0.04063796434397566,0.03218225704963884,0.008715853507171476,0.004504085294803079,0.0061264001398275555,0.00431467886273599,0.003123188068049414,0.0012703746500948602,0.03742331004427877,0.047551041249126375,0.03625595945001126,0.028311213470053533,0.008130665717257866
SFTP,10,0,0,Low,0.05560383247302433,0.08013196923301223,0.054078978346456585,0.03460218955963856,0.016979171012652255,0.006194917351997683,0.009539943423738706,0.00590284237386993,0.003561945027704856,0.002196952942296636,0.0494089151210262,0.07239589967920704,0.0480157029746282,0.02965886716243807,0.015964632361171426
SFTP,10,0,1,Medium,0.15212835432664754,0.24137526418338107,0.15162538309455587,0.0633287994269341,0.0739430028199905,0.015333513008595992,0.021838929512893984,0.015212367048710606,0.009326010315186255,0.005082065583830949,0.13679484131805156,0.2228349266475645,0.13605512578796553,0.051337153008596016,0.07131469870497084
SFTP,10,0,2,High,0.14845509318860195,0.16621753215739501,0.14809726350067826,0.13110387218453184,0.013897274382106266,0.012268761085481663,0.014295909633649937,0.012233925915875155,0.01028866024423335,0.0016139997506528024,0.13618633210312084,0.1536459071913161,0.13574995535956613,0.11927149118046113,0.013630083398959622
SFTP,10,21,0,Medium,0.18881066053737644,0.224052892224558,0.19207739672770985,0.146483471780247,0.03213711548143265,0.014240433428399903,0.01759101771239866,0.014331478835184555,0.010832232963074133,0.0027854541706270088,0.1745702271089761,0.20890446592614795,0.17743653084659256,0.13373165415791016,0.03114257532853737
SFTP,10,21,1,Low,0.048193540757390116,0.06815858438904743,0.0469329415610955,0.03155762743495349,0.013211494534024064,0.005125695497888534,0.008080851450756033,0.004857322776188542,0.002859788448440255,0.0018721691041924467,0.04306784525950148,0.06166120903146662,0.04189727625664022,0.027541639422422035,0.012341546619617887
SFTP,10,21,2,High,0.10419481563303354,0.1462744799967868,0.10123404277795627,0.0661560507712082,0.03205085653604034,0.011610999678663237,0.015559260764781497,0.011345549847365055,0.008183214813624667,0.0029087411429052023,0.09258381595437014,0.13316057005141377,0.0897307792014782,0.05585681209832904,0.030957894532709484
SFTP,10,42,0,Low,0.05495349180795318,0.07812953791615272,0.05353061941276171,0.0352247607120836,0.015872542866536846,0.006081115829223157,0.009429447595561018,0.005798703722256488,0.0034425942509248163,0.002204000649295253,0.04887237597872991,0.07050206635326806,0.047572862939272556,0.030404701834155487,0.014850349218612457
SFTP,10,42,1,High,0.1510101279411762,0.163958995822193,0.15129335787099,0.13741451186497447,0.010513500617555804,0.012243840441176428,0.01385479127673797,0.012255131016042836,0.010656668950534739,0.0012992947110412648,0.13876628750000028,0.15164452038770032,0.13895175350935854,0.1253611473930486,0.010436176104769183
SFTP,10,42,2,Medium,0.14300240298344952,0.21987653876306612,0.14164301121515732,0.06549608601916376,0.06393502287305414,0.014502602852787462,0.020413849956445986,0.014200972560975633,0.009227306402439022,0.004513061408369885,0.12849980013066215,0.20304224564459927,0.1269518964503484,0.0535068828397211,0.06195257408416635
SFTP,10,84,0,Low,0.053739693122507384,0.07728250010494614,0.05215079101658171,0.033764312810466206,0.01622486067099703,0.006067578702861511,0.00936871524522494,0.005790720702441767,0.0034923335199048685,0.002155030428121329,0.047672114419646146,0.0696936144266426,0.04618597862590053,0.02893193801161426,0.0152297125731934
SFTP,10,84,1,High,0.1413893277858479,0.1645538663623164,0.14148270237601246,0.11717427630213847,0.018624614625264213,0.012334951359203131,0.014956858995642265,0.012263920263540156,0.009820952479767543,0.002059816728379399,0.12905437642664483,0.15170780275990864,0.1290388310852877,0.10551576302137416,0.018179596242194576
SFTP,10,84,2,Medium,0.1639065423319718,0.2568095399183066,0.16357519346453836,0.06738660415893058,0.0793949502374664,0.015668494949870028,0.02191559933160049,0.015604033605644298,0.009588010397326405,0.005078629235034639,0.14823804738210183,0.23843964983289972,0.14754158856294106,0.05496230375046418,0.07692915317848055
SFTP,10,123,0,Medium,0.1651891073276482,0.226748751698223,0.16545904711663584,0.10151177135424158,0.051492888723471145,0.014792203179650267,0.01976024642289341,0.014670784289637175,0.010107834658187577,0.003929542360669698,0.15039690414799806,0.21024233227345038,0.15036712219973997,0.08881820711085385,0.0499689413818913
SFTP,10,123,1,Low,0.05287984767434321,0.07712070917937003,0.051021241485566055,0.03258152539733979,0.016582301516628338,0.00582879510866037,0.009139556535841717,0.005544124975673037,0.003226243788517699,0.002167497319702451,0.0470510525656831,0.06968402283490055,0.04531653123580875,0.028047471813169276,0.015527418096857152
SFTP,10,123,2,High,0.12306188497690804,0.140346533822331,0.12292782953001896,0.10627831309426847,0.01317336708782856,0.011506242447704401,0.013567998370008152,0.011450837136647686,0.009565225074707945,0.0015817960926476238,0.11155564252920395,0.1283820514805758,0.11139786382776433,0.09524566055419781,0.01282266318682771
SFTP,20,0,0,Medium,0.17413595456865757,0.268551798366514,0.17342794946401274,0.0785705033180194,0.07047217178045775,0.015547936804492095,0.023569928534966797,0.015268082695252688,0.008495870342011236,0.005343238709504854,0.1585880177641653,0.25066186013272174,0.15764378688106148,0.06609068504338984,0.06844301860060022
SFTP,20,0,1,Low,0.05214600760054544,0.08524075954328571,0.049342038343558464,0.027176047716428033,0.018053614574121135,0.005595018174846618,0.010486184901158786,0.005198216598500354,0.0023532886843898983,0.002480521997414981,0.04655098942569874,0.07741772017723203,0.04382980973074323,0.023192360599863265,0.016848323252271404
SFTP,20,0,2,High,0.12360193088993497,0.1676470750952703,0.12367594754539345,0.07977464357767318,0.030238881723200186,0.01160996671149966,0.016117004931629673,0.011467406971531034,0.007672899574086528,0.0028882264443301424,0.11199196417843531,0.15484818000448328,0.11206792232683274,0.06935331540013444,0.02943244531829246
SFTP,20,21,0,Low,0.05458145516464277,0.08864007249280134,0.05211285194691369,0.02796952898459983,0.019044725115054846,0.0059593783585826995,0.010954012269938616,0.005552624640040088,0.0025658639038437267,0.002583121889137424,0.048622076806060024,0.08037875284837834,0.04618606416677108,0.023713383122573695,0.017783657817595576
SFTP,20,21,1,Medium,0.13874052049571012,0.24066892596123313,0.13630708436606306,0.040624795996186853,0.07243127947364678,0.01453958860819828,0.022884576104226173,0.014101496027963146,0.007539259930092142,0.005400476962160498,0.12420093188751198,0.22337841881156767,0.12200256228153801,0.02875051032729594,0.0704300774864277
SFTP,20,21,2,High,0.14470879891150035,0.17466203715097037,0.14518936606720306,0.11240749124467564,0.021491616448510414,0.011751353135352579,0.015220793658305724,0.01178801490771415,0.008441956696639857,0.002339056584880762,0.13295744577614782,0.16240784382394674,0.1332748318741131,0.10156321840984348,0.0210480896610597
SFTP,20,42,0,Low,0.056539403371800946,0.09055522075679079,0.054180702229549474,0.029755030617051183,0.019133152741354388,0.006095155354058721,0.01106885170356416,0.00573289507772027,0.002674457214633359,0.0025886518740598566,0.05044424801774223,0.08223918904066554,0.04811010998586899,0.02531345768566512,0.017917423203215266
SFTP,20,42,1,Medium,0.13851372471458445,0.23142584563434598,0.1365548427399907,0.04816056632899179,0.06607880262604872,0.013949986283968489,0.021795268692715832,0.013611720775044226,0.007304630648014157,0.005094923738106921,0.12456373843061595,0.21522497121723855,0.12262656825856236,0.03661950506512296,0.06433039538815548
SFTP,20,42,2,High,0.15255339774755158,0.17389574058759544,0.1534198632208922,0.12830236169749695,0.0156828865983872,0.011960813841131658,0.014538159521218712,0.012043918498367789,0.009399377801958684,0.0017763228415925375,0.14059258390642027,0.16184023112078322,0.14119334918389576,0.11692940021762727,0.015510672800817726
SFTP,20,84,0,Low,0.05550692749752114,0.08958619806643561,0.05294962698314324,0.028907410262766425,0.018969936573832898,0.006026656482399594,0.01100145748636584,0.005631894769459617,0.002619683068914209,0.0025774797406198213,0.049480271015121466,0.0813296643529991,0.04691809729796726,0.024580506197322376,0.017744117645679562
SFTP,20,84,1,Medium,0.13543418349937733,0.23703425747198026,0.1324912761519303,0.03876762484433379,0.07161566192099414,0.014038148567870478,0.022089636674968802,0.01360460351805729,0.007245014009962636,0.0052423365617838375,0.12139603493150691,0.22033082098381168,0.11866765909090905,0.02717888542963868,0.0697622854938283
SFTP,20,84,2,High,0.14869507339460794,0.17671765392156882,0.1493886140931372,0.11754882034313713,0.020529263812580162,0.012037743345588235,0.01532741421568627,0.012098690441176474,0.008721572058823528,0.002294513802646885,0.1366573300490197,0.16439997499999973,0.13713594718137306,0.10650787499999984,0.020105800543780875
SFTP,20,123,0,High,0.15045567242063507,0.1752619126984128,0.15128234738756613,0.12233520866402106,0.01834991384095127,0.011985542080026453,0.014899868386243388,0.012016013062169317,0.009067259259259264,0.002026772549587588,0.1384701303406085,0.1632145337301587,0.13899739666005329,0.1111393816137562,0.018090039767199258
SFTP,20,123,1,Low,0.056287001889985956,0.09058262933709452,0.05377583497884319,0.02965921664315931,0.019139882925126646,0.006107432073342736,0.01110657884344144,0.00571799774330043,0.0026883629055006893,0.0025969973844174035,0.05017956981664312,0.08225415458392063,0.047699910648801164,0.025252162059238064,0.017893328964997294
SFTP,20,123,2,Medium,0.13681938528767973,0.23350785334584145,0.13413445121951223,0.04390243339587244,0.06837994388068902,0.014057611397748578,0.022016507191994956,0.013705731707317087,0.007273271106941831,0.005180467456413105,0.12276177388993123,0.21689097498436613,0.12024952564102559,0.03245822983114488,0.06648053099155955
SMTP,1,0,0,High,0.12449844801080319,0.12449844801080319,0.12449844801080319,0.12449844801080319,0.0,0.008139946712371456,0.008139946712371456,0.008139946712371456,0.008139946712371456,0.0,0.11635850129843174,0.11635850129843174,0.11635850129843174,0.11635850129843174,0.0
SMTP,1,0,1,Low,0.05225968026989639,0.05225968026989639,0.05225968026989639,0.05225968026989639,0.0,0.003880407527843267,0.003880407527843267,0.003880407527843267,0.003880407527843267,0.0,0.04837927274205339,0.04837927274205339,0.04837927274205339,0.04837927274205339,0.0
SMTP,1,0,2,Medium,0.2697957124384236,0.2697957124384236,0.2697957124384236,0.2697957124384236,0.0,0.010229183497536907,0.010229183497536907,0.010229183497536907,0.010229183497536907,0.0,0.2595665289408867,0.2595665289408867,0.2595665289408867,0.2595665289408867,0.0
SMTP,1,21,0,Medium,0.28399270349309463,0.28399270349309463,0.28399270349309463,0.28399270349309463,0.0,0.010377484971567808,0.010377484971567808,0.010377484971567808,0.010377484971567808,0.0,0.27361521852152637,0.27361521852152637,0.27361521852152637,0.27361521852152637,0.0
SMTP,1,21,1,Low,0.05490965799816011,0.05490965799816011,0.05490965799816011,0.05490965799816011,0.0,0.003951490174763771,0.003951490174763771,0.003951490174763771,0.003951490174763771,0.0,0.05095816782339644,0.05095816782339644,0.05095816782339644,0.05095816782339644,0.0
SMTP,1,21,2,High,0.12948743360596582,0.12948743360596582,0.12948743360596582,0.12948743360596582,0.0,0.008333499158046665,0.008333499158046665,0.008333499158046665,0.008333499158046665,0.0,0.1211539344479195,0.1211539344479195,0.1211539344479195,0.1211539344479195,0.0
SMTP,1,42,0,Low,0.05497474904942903,0.05497474904942903,0.05497474904942903,0.05497474904942903,0.0,0.003967691879413367,0.003967691879413367,0.003967691879413367,0.003967691879413367,0.0,0.051007057170016655,0.051007057170016655,0.051007057170016655,0.051007057170016655,0.0
SMTP,1,42,1,High,0.13037335142118844,0.13037335142118844,0.13037335142118844,0.13037335142118844,0.0,0.00840134874150635,0.00840134874150635,0.00840134874150635,0.00840134874150635,0.0,0.12197200267968225,0.12197200267968225,0.12197200267968225,0.12197200267968225,0.0
SMTP,1,42,2,Medium,0.28817509329647506,0.28817509329647506,0.28817509329647506,0.28817509329647506,0.0,0.010226621285418073,0.010226621285418073,0.010226621285418073,0.010226621285418073,0.0,0.27794847201105727,0.27794847201105727,0.27794847201105727,0.27794847201105727,0.0
SMTP,1,84,0,Medium,0.2851030840707965,0.2851030840707965,0.2851030840707965,0.2851030840707965,0.0,0.010425682680151668,0.010425682680151668,0.010425682680151668,0.010425682680151668,0.0,0.27467740139064445,0.27467740139064445,0.27467740139064445,0.27467740139064445,0.0
SMTP,1,84,1,Low,0.056454358545546424,0.056454358545546424,0.056454358545546424,0.056454358545546424,0.0,0.003959218294691492,0.003959218294691492,0.003959218294691492,0.003959218294691492,0.0,0.052495140250855665,0.052495140250855665,0.052495140250855665,0.052495140250855665,0.0
SMTP,1,84,2,High,0.13089596245136176,0.13089596245136176,0.13089596245136176,0.13089596245136176,0.0,0.0085253004863813,0.0085253004863813,0.0085253004863813,0.0085253004863813,0.0,0.12237066196498059,0.12237066196498059,0.12237066196498059,0.12237066196498059,0.0
SMTP,1,123,0,Low,0.05247117626637244,0.05247117626637244,0.05247117626637244,0.05247117626637244,0.0,0.0038857306296354553,0.0038857306296354553,0.0038857306296354553,0.0038857306296354553,0.0,0.048585445636736634,0.048585445636736634,0.048585445636736634,0.048585445636736634,0.0
SMTP,1,123,1,Medium,0.27192378966346153,0.27192378966346153,0.27192378966346153,0.27192378966346153,0.0,0.01019786778846154,0.01019786778846154,0.01019786778846154,0.01019786778846154,0.0,0.2617259218749997,0.2617259218749997,0.2617259218749997,0.2617259218749997,0.0
SMTP,1,123,2,High,0.12516362160578237,0.12516362160578237,0.12516362160578237,0.12516362160578237,0.0,0.0080122674350459,0.0080122674350459,0.0080122674350459,0.0080122674350459,0.0,0.11715135417073658,0.11715135417073658,0.11715135417073658,0.11715135417073658,0.0
SMTP,3,0,0,Medium,0.22537821447028436,0.2569782811839323,0.23267362649753337,0.18648273572938703,0.03282065271118026,0.01040728517735495,0.012914628611698377,0.01076658562367864,0.007540641296687824,0.0025162286588076227,0.21497092929292938,0.24598621000704726,0.2219663742071879,0.17696020366455217,0.03214929112438811
SMTP,3,0,1,Low,0.05042465758326464,0.06441485730800986,0.05014916267547473,0.03670995276630875,0.01210324018558366,0.00397768263143408,0.0056476166804293945,0.003848059620148638,0.0024373715937241885,0.0014090469756848634,0.04644697495183035,0.05973900099091654,0.04623691857968629,0.03336500528488821,0.011538787778777586
SMTP,3,0,2,High,0.11116667623627702,0.1368871639463714,0.11355505566890117,0.08305780909355873,0.02438022705187137,0.006913543670455646,0.009290584523462545,0.006840389536578249,0.004609656951326142,0.0021303182059560885,0.1042531325658214,0.12925213392596918,0.10667928694258236,0.07682797682891282,0.02376266069075947
SMTP,3,21,0,High,0.12078442709081577,0.14795226105695233,0.1242403360697794,0.09016068414571587,0.02635243161325901,0.007618221925773904,0.009966827193432524,0.0076417559774243195,0.005246082606464862,0.0021619331110732712,0.11316620516504194,0.1396694752180607,0.11653970682401214,0.08328943345305294,0.025736853166662008
SMTP,3,21,1,Low,0.055771110301998564,0.07184570881407201,0.05508535946661634,0.04038226262530719,0.013782666086212838,0.004161402023832048,0.005997499999999969,0.004010924059012661,0.00247578201248345,0.0015494053022161187,0.05160970827816645,0.06688037270663902,0.051030695195762886,0.03691805693209788,0.013141089647623665
SMTP,3,21,2,Medium,0.274456867791843,0.3006585409282702,0.28137205569620277,0.24134000675105535,0.02776749439278465,0.009679604781997194,0.011571157805907175,0.009796754430379742,0.007670902109704648,0.0018375920518544405,0.2647772630098455,0.29047839240506423,0.2716245637130801,0.23222883291139151,0.027271753158141926
SMTP,3,42,0,Low,0.05336272628013194,0.06861363369930096,0.05254318310498164,0.038931362036112506,0.013008028062770727,0.004057480022986434,0.005829326195445024,0.003906153162144987,0.002436960711369199,0.0014905737932033832,0.049305246257145156,0.06374841774793608,0.048605182106886656,0.03556213891661436,0.012368080979040212
SMTP,3,42,1,Medium,0.2645696668743516,0.29569340311526493,0.2700313333333335,0.22798426417445494,0.031541143524980865,0.009619996261682246,0.01151304984423677,0.009825888473520238,0.007521050467289748,0.0018749514636144267,0.25494967061266943,0.28564606666666836,0.26028557383177564,0.2189173713395633,0.031092789006169897
SMTP,3,42,2,High,0.11692580834030689,0.14338633581589977,0.12008862108786608,0.08730246811715495,0.02549838200595416,0.0074681122175732275,0.009890464769874487,0.007526312384937241,0.004987559497907964,0.002242912875999519,0.10945769612273365,0.13520613899581588,0.11250305782426759,0.0806638915481173,0.02482345363077655
SMTP,3,84,0,Low,0.055781716843933016,0.07291237529845876,0.05528137562405042,0.03915139960928993,0.01483868108379574,0.004164631177194139,0.005970441393531558,0.003996613414369427,0.0025268387236813427,0.00151447287154289,0.051617085666738866,0.06795635402648137,0.051230600173648666,0.03566430280008695,0.014218160681832187
SMTP,3,84,1,Medium,0.2572169359788363,0.2904380087301587,0.2644312000000001,0.21678159920634965,0.034472646584394265,0.009942366931216935,0.012081093650793653,0.010119927777777774,0.007626079365079381,0.002089303703422599,0.24727456904761938,0.27986051587301697,0.25433054365079377,0.20763264761904726,0.03382558582626151
SMTP,3,84,2,High,0.12003399840831036,0.14465703631565732,0.12326550339281221,0.09217945551646153,0.023894658817098638,0.007551114475998989,0.009926547248052276,0.007615370319175665,0.005111425860769044,0.002202715816127671,0.1124828839323113,0.13646095400854497,0.11559863621512925,0.08538906157325975,0.023279016581827537
SMTP,3,123,0,Medium,0.2868932758132957,0.31394636350777905,0.29663014427156986,0.25010331966053767,0.029932964115562767,0.009471473361621883,0.011234628005657705,0.009633691654879777,0.0075461004243281395,0.0017359779994423237,0.2774218024516739,0.30400286421499334,0.287043357850071,0.24121918528995778,0.02944590322504395
SMTP,3,123,1,Low,0.05838754159308072,0.07542899782638234,0.05783902866458325,0.04189459828827584,0.014784439999094382,0.0041997352261921046,0.005968181768781413,0.004034075804917799,0.002596948104877052,0.0014838260487536523,0.05418780636688858,0.07045375234343151,0.05373739193044447,0.038372274826789385,0.014166297554812444
SMTP,3,123,2,High,0.12327169187406936,0.15008901994256552,0.1261331394384174,0.09359291624122537,0.025787115850015592,0.007903872527121892,0.010461091416719841,0.007930090619017227,0.005320435545628592,0.002357797354991502,0.11536781934694736,0.1414104838864073,0.11813800638162082,0.08655496777281443,0.025065926778540942
SMTP,5,0,0,High,0.10842091254470787,0.1447601658497815,0.10776194423102389,0.06866184130348396,0.0297424034638573,0.006889267664591339,0.0106404833752815,0.00653044734401907,0.0035609921843952857,0.0028090388806452406,0.1015316448801166,0.13679441157769218,0.10108414240296726,0.06260519724466823,0.029010414042407888
SMTP,5,0,1,Medium,0.22184704695776647,0.2747998539727986,0.22640254330708628,0.16057915676449527,0.046579088757020756,0.00944459040801717,0.01296546528274875,0.009274541159627756,0.006076949176807454,0.0028386061033035645,0.21240245654974974,0.26402808160343516,0.21719575375805303,0.1521264523979953,0.04576196372363916
SMTP,5,0,2,Low,0.04876470382189237,0.07002960723562081,0.04728036474953602,0.02905041131725402,0.015136987801094574,0.00394737769944341,0.006388055287569561,0.003825571985157719,0.0018221632653061288,0.0017151236896395371,0.0448173261224493,0.06503486975881248,0.04332338330241197,0.02605407142857094,0.014444005616302548
SMTP,5,21,0,Low,0.05008797167819431,0.0719496484649917,0.048583508797475576,0.02998482405047915,0.015494277085860885,0.003952577551268032,0.00644753998301177,0.003819275087974745,0.0017929337459046358,0.0017443656197175502,0.046135394126926445,0.06689318323019033,0.04463961849290179,0.02700419536463934,0.014772891340979524
SMTP,5,21,1,High,0.11211827159252737,0.15041002747759077,0.11094448144424862,0.07079532579375056,0.031219256764741632,0.007158537387953421,0.010967227025215714,0.006804057300829338,0.0037477077155064053,0.002872697182190212,0.10495973420457405,0.1420168692301247,0.10404737898969582,0.06460299849208345,0.030382494983199684
SMTP,5,21,2,Medium,0.25997279004524865,0.31395659577677154,0.26939297360482517,0.1947871319758669,0.049860836426151,0.009143214781297126,0.01189687556561086,0.009171393665158355,0.00629653016591253,0.0024171030562770987,0.2508295752639518,0.30415748416289484,0.26070142307692357,0.1857133921568623,0.04956674858230646
SMTP,5,42,0,High,0.1189261334505186,0.15718283441729675,0.11811817516259406,0.07675144990332208,0.03186974212364575,0.007583159131657575,0.011477096853577078,0.007127437159430464,0.004086233081385118,0.0029738043312014153,0.11134297431886088,0.14844913385480737,0.11075663429425182,0.07024178625417431,0.031007003571790117
SMTP,5,42,1,Low,0.05806881598165757,0.083026802819293,0.056309525050950646,0.034652107591711875,0.018125649516598327,0.004274412041440203,0.006974087635869571,0.004133968495244546,0.0019345787194293559,0.0018998366739651617,0.053794403940217485,0.07757040531589629,0.05211838536005465,0.03127641083559676,0.0173816487867053
SMTP,5,42,2,Medium,0.27045272616033733,0.3205350288326293,0.28273320534458385,0.20588090646976054,0.04775273975589314,0.009030236990154704,0.011731111814345998,0.009124885372714461,0.006116571729957826,0.0024243426019655216,0.2614224891701825,0.3108975140646965,0.2741466533052045,0.19689408790435942,0.04755574173957927
SMTP,5,84,0,Low,0.04767095537148597,0.06836757693273057,0.04606971398092321,0.028804091239959632,0.014569378030026186,0.0038680065763052164,0.006292792168674691,0.0037335527108433627,0.001763000753012057,0.0016950024006455345,0.04380294879518089,0.06346863616967859,0.04217050225903635,0.02593158082329229,0.01387254381932025
SMTP,5,84,1,High,0.10863957392329454,0.145681309258095,0.10801532411191433,0.06822123027349894,0.03035225751204134,0.006899390569003457,0.01059190726186732,0.006553000785916368,0.003587669443571204,0.0027826400855990455,0.10174018335429111,0.13760791574976403,0.10133812165985528,0.06220799284816096,0.029563586127353013
SMTP,5,84,2,Medium,0.23815225566448786,0.2917516459694983,0.2453050789760343,0.1739444967320256,0.04861952964477764,0.009605861655773415,0.013220588235294116,0.009545503812636138,0.006100540305010905,0.002984225922410076,0.22854639400871493,0.28088339814814695,0.23589253267973884,0.1652554602396509,0.047889285025294145
SMTP,5,123,0,High,0.11186279567155495,0.15041063615220626,0.11136179591704848,0.06916150474836875,0.03195185466400142,0.006940893546094701,0.010527161379934102,0.006628465792363836,0.003678320821758505,0.0027342310706081133,0.10492190212546022,0.14237718470185404,0.10462273538342254,0.06312227656825378,0.031164186485771652
SMTP,5,123,1,Low,0.05301102672903945,0.07548522684418899,0.05135942756387115,0.03251358495861806,0.015934126771902736,0.004186198172004317,0.0069351292551277505,0.003982769557394688,0.0018893794170565038,0.0018982937701241382,0.04882482855703456,0.07005797186038137,0.047209321986326096,0.02934356293630675,0.015131865754927731
SMTP,5,123,2,Medium,0.21672324608132,0.263389413376545,0.2218548064230998,0.16105330229817205,0.042284866347016434,0.009943317324690632,0.013920999999999925,0.009620283441367101,0.006149844725987029,0.0032493588203452027,0.20677992875662918,0.25262523158514893,0.21225652681201995,0.15170050088391232,0.04181692713610445
SMTP,10,0,0,High,0.11664627651652516,0.17514638530191037,0.11480574571189515,0.05580844219774087,0.03884920819405636,0.007397342128015617,0.01359879417096632,0.006867069167480139,0.002625163854413608,0.0036225443057993642,0.10924893438850938,0.16575166852600787,0.10770171698507881,0.04964449937247261,0.03773736709162051
SMTP,10,0,1,Low,0.06103099484686458,0.09784550984443402,0.05838609637822108,0.028042392075838692,0.021538845789902734,0.004514473638794356,0.00871773614487119,0.004310568060281961,0.0014418819883325414,0.002249663158067919,0.05651652120807035,0.09179740374331549,0.05391353500243056,0.024809815386484524,0.020683407219429177
SMTP,10,0,2,Medium,0.2599648810152283,0.33516577461928887,0.2650805492385778,0.15832778477157397,0.06256329623396577,0.008868091167512686,0.013418171573604056,0.008453894416243656,0.0050861167512690365,0.0030173914010253183,0.25109678984771566,0.32488165279187875,0.25720536598984756,0.14835271776649744,0.0623682354436359
SMTP,10,21,0,Low,0.06412106560583106,0.10172327863173883,0.06137844454066565,0.0305694889947318,0.02204267023137592,0.004626176935844698,0.008950882225590007,0.004415014000144332,0.0014341223930143781,0.0023343581040374596,0.05949488866998654,0.09555692740131355,0.056825737822039334,0.027266545572634332,0.02116262655366647
SMTP,10,21,1,High,0.1193940919180202,0.18040603973317904,0.11744128335266796,0.05490082424593962,0.04105947241383795,0.007581569325212679,0.013721972254446975,0.007036670533642672,0.002830319025522042,0.0036200303624920544,0.11181252259280747,0.17080648491879363,0.11009090907772608,0.048497741009280684,0.03995180783151508
SMTP,10,21,2,Medium,0.2646356415296641,0.33496397212294454,0.2709407255182264,0.16705478127233772,0.05938976574900265,0.008783830807719809,0.013313386704789145,0.00841360436025733,0.004961571122230157,0.0030695388883416426,0.2558518107219433,0.3248515596854892,0.2630093488205855,0.15693983488205793,0.059302321247056325
SMTP,10,42,0,High,0.10750811029518169,0.15904257278252054,0.10592042906236439,0.05164841940384892,0.034625880283803534,0.006945354326436111,0.012754294168716497,0.006522378526985955,0.002462969107220371,0.003359250367548152,0.10056275596874542,0.15044542548111722,0.09921291618434383,0.04592036637244985,0.03361721399529633
SMTP,10,42,1,Low,0.04965351616126019,0.0840599073812888,0.046808269746121636,0.022632212976022505,0.018768906717166016,0.003986404102021613,0.007827528091208319,0.0037464164903620156,0.0011961801833568703,0.002038969742918515,0.04566711205923865,0.07839189962388304,0.04280854243065362,0.019996378114714983,0.01790049176326785
SMTP,10,42,2,Medium,0.22480070975066813,0.3094554888691007,0.2255719174087255,0.1285365970614427,0.06299249688232775,0.00857015089047196,0.013687663846838824,0.00820824398931434,0.0042816277827248455,0.0033205141776955823,0.2162305588601956,0.29866204051647516,0.217648887577916,0.11983181789848535,0.0622046515077012
SMTP,10,84,0,Low,0.058334186926077926,0.09521769060718258,0.05554181459437851,0.026606010003000967,0.02109437932302594,0.004372176222866848,0.008622344003201006,0.004162865259577874,0.0012553522056617215,0.0022810485733340286,0.0539620107032112,0.08922710873261974,0.051257809392817974,0.023567310593177432,0.020213809105508802
SMTP,10,84,1,High,0.11526254296722592,0.1722287973078423,0.1135122884802964,0.054726194986344075,0.03833724201643734,0.007306732920405765,0.013184354564962865,0.006819326277799445,0.002721630413577837,0.0034568359980178933,0.10795581004682009,0.1630666202692161,0.10639775326765509,0.04862913850955898,0.03727537552802213
SMTP,10,84,2,Medium,0.2630797352191233,0.33810279601593574,0.2699593326693216,0.15694807729083687,0.06372798420287107,0.008758394900398401,0.0133061250996016,0.008308150597609561,0.00497935219123505,0.003032757043643209,0.25432134031872433,0.3280452541832668,0.26196638127489974,0.14694380557768866,0.06362648523883078
SMTP,10,123,0,Low,0.05205928527229383,0.08728172856764263,0.04913259639591887,0.024046719093679055,0.019391245415835902,0.004134661706638404,0.00825121664237448,0.003897404796607942,0.0012351955081489493,0.0021568903968184486,0.047924623565656035,0.08136505021863116,0.04505483586193281,0.021310523055518574,0.018450517371964535
SMTP,10,123,1,Medium,0.2591260640604753,0.33559249287256976,0.2645325224622015,0.15657530107991344,0.06262424930320767,0.008858453563714924,0.013492914038876902,0.008411338444924418,0.005018942548596101,0.0030741564232480193,0.25026761049676105,0.32537215896328614,0.2565695064794808,0.1464243978401714,0.06250230333071398
SMTP,10,123,2,High,0.11181874628191403,0.16667101911361232,0.11004429472631726,0.053297853973864176,0.03672040444626962,0.007088152997256202,0.012870074966283748,0.006654396154025008,0.002555380272520117,0.00339401349711438,0.10473059328465803,0.15792194363577147,0.10313293335813609,0.0473566533506949,0.035739402104030725
SMTP,20,0,0,High,0.10973944681351319,0.1846043791609949,0.10643791925504267,0.03547290063111004,0.039982051440069485,0.006862212071525799,0.01466886561069175,0.006318197809677024,0.0016044927607969336,0.003592468635286988,0.10287723474198734,0.17533116062368517,0.09980681691622345,0.029855128201955294,0.03888768364923944
SMTP,20,0,1,Low,0.05087338860582306,0.1011422592385217,0.04646701838372517,0.015823090705486938,0.02207944505358728,0.004168654413960441,0.010502946435237021,0.003834869260918257,0.000748726203807392,0.002499425947851298,0.04670473419186245,0.09434783221351248,0.042393054591265605,0.013271142030607983,0.020955104728861133
SMTP,20,0,2,Medium,0.2469356113154959,0.35838855852842877,0.25048623857302194,0.10255347268673362,0.07869128124956548,0.008692929208472689,0.014961482720178363,0.008332923076923066,0.0032713868450390165,0.003500021432842021,0.2382426821070233,0.3477769241917501,0.2432403450390189,0.09220081159420247,0.07845836186400307
SMTP,20,21,0,High,0.11040493842203551,0.18633502040816324,0.1070846916766706,0.03665749539815926,0.04004172033470152,0.006952392410297453,0.014820369881285846,0.006384484193677471,0.0016287194877951207,0.003632309515630112,0.10345254601173795,0.17692472295584888,0.10037120461517958,0.03089650086701362,0.03894750706940705
SMTP,20,21,1,Low,0.05486928592051626,0.10591067781929345,0.05074541711956499,0.016493180536684623,0.02338672047522473,0.00431489369904892,0.010609797724184777,0.003989077445652177,0.0008047167119565215,0.002535809628655945,0.05055439222146716,0.09904171297554329,0.04655946908967421,0.013739045006792952,0.022267742897741808
SMTP,20,21,2,Medium,0.24545870804416392,0.35744241009463795,0.2479806267087285,0.09965131756046275,0.07830260240870397,0.008598641167192427,0.014852232386961085,0.008258987907465817,0.003313545741324919,0.003460188813313587,0.2368600668769713,0.34698878128286004,0.24085252103049415,0.08957051524710795,0.07808767644662179
SMTP,20,42,0,Low,0.05573094509774571,0.10694260183522872,0.05145078859964061,0.018354508976660647,0.023335227966395398,0.004284607670057864,0.010528764512268076,0.0039693899361659644,0.0007732119489327824,0.0025207156065234037,0.05144633742768766,0.10013998075005012,0.04728685178535781,0.015595338819069635,0.022248220300321427
SMTP,20,42,1,High,0.11039516231323059,0.18651475923202007,0.10705126000619342,0.03517585251993497,0.04019747211759754,0.006978358910737779,0.014902940078965692,0.006407830107610123,0.0016610503986993826,0.0036400050081140996,0.10341680340249294,0.17698878578617366,0.10030842579546353,0.02946311643570501,0.039060614900590575
SMTP,20,42,2,Medium,0.2460901601653398,0.3561714862216798,0.24965963870177632,0.10145368707899624,0.07787342099261776,0.008588125995101037,0.014883284139620314,0.008246358848744629,0.0032786944274341787,0.003465691321435624,0.23750203417023855,0.3457717715860381,0.242497395590937,0.09143195284751905,0.07765390100227221
SMTP,20,84,0,High,0.10989377783287611,0.18514117144967296,0.10645545953787712,0.03581306172188228,0.03992680782656929,0.006909982200886257,0.014777649398607297,0.006342773053386795,0.0016324821692340146,0.0036209089147351175,0.10298379563198987,0.17570539881831623,0.09975768938594663,0.030122093901667153,0.03882078683141882
SMTP,20,84,1,Low,0.052647120139705905,0.10294300014705876,0.04844101977941151,0.016439381323529262,0.022587271391130103,0.004212528000000007,0.010436004411764694,0.00388860161764706,0.0007596727941176527,0.002494427656779282,0.04843459213970547,0.09616108558823538,0.044332604117647306,0.013795226617646456,0.021489884767431744
SMTP,20,84,2,Medium,0.24607212707964604,0.35814464778761207,0.24789493495575293,0.10145815398230099,0.07830275021056676,0.008603495707964598,0.014857268141592911,0.008285958849557507,0.0032672690265486714,0.0034599141755330656,0.237468631371681,0.3477344318584069,0.24084691194690272,0.0914350769911497,0.07809882155716905
SMTP,20,123,0,Low,0.04997347464913244,0.09922963377168738,0.04565342993700939,0.01569304210409993,0.021496859392837603,0.004134369836446027,0.010319250635429303,0.0038081201790252967,0.0007596476958780102,0.0024455722083509403,0.04583910481268599,0.09242614554094414,0.04160042750580161,0.013125478726930236,0.020396754761935698
SMTP,20,123,1,Medium,0.24684343651134294,0.3579070735744959,0.24993254046597213,0.10146386327406542,0.07824013099024058,0.00867321802575107,0.014912779889638243,0.008319217964438984,0.0033490576333537764,0.0034633734951501367,0.23817021848559136,0.34732463335377073,0.24290463028816672,0.09122545800122535,0.07801288485095578
SMTP,20,123,2,High,0.10838062031501335,0.18277200945040245,0.10504811883378011,0.03516782211796246,0.03954241941747643,0.006814860636729219,0.014681860254691684,0.0062628170576407415,0.0015934006032171564,0.003594026330289842,0.10156575967828427,0.17347972774798961,0.09846408089812363,0.0295890447721181,0.03844448380129963
SSH,1,0,0,Medium,0.10423276494502459,0.10423276494502459,0.10423276494502459,0.10423276494502459,0.0,0.009980402568603882,0.009980402568603882,0.009980402568603882,0.009980402568603882,0.0,0.0942523623764207,0.0942523623764207,0.0942523623764207,0.0942523623764207,0.0
SSH,1,0,1,Low,0.02838996635023524,0.02838996635023524,0.02838996635023524,0.02838996635023524,0.0,0.0030441449409585597,0.0030441449409585597,0.0030441449409585597,0.0030441449409585597,0.0,0.025345821409277686,0.025345821409277686,0.025345821409277686,0.025345821409277686,0.0
SSH,1,0,2,High,0.22338763777596096,0.22338763777596096,0.22338763777596096,0.22338763777596096,0.0,0.01499847403924774,0.01499847403924774,0.01499847403924774,0.01499847403924774,0.0,0.2083891637367113,0.2083891637367113,0.2083891637367113,0.2083891637367113,0.0
SSH,1,21,0,High,0.12645967374631337,0.12645967374631337,0.12645967374631337,0.12645967374631337,0.0,0.01176048591445429,0.01176048591445429,0.01176048591445429,0.01176048591445429,0.0,0.11469918783185871,0.11469918783185871,0.11469918783185871,0.11469918783185871,0.0
SSH,1,21,1,Low,0.035281276949631415,0.035281276949631415,0.035281276949631415,0.035281276949631415,0.0,0.003568469323709433,0.003568469323709433,0.003568469323709433,0.003568469323709433,0.0,0.0317128076259222,0.0317128076259222,0.0317128076259222,0.0317128076259222,0.0
SSH,1,21,2,Medium,0.26511102847200363,0.26511102847200363,0.26511102847200363,0.26511102847200363,0.0,0.014905104713698212,0.014905104713698212,0.014905104713698212,0.014905104713698212,0.0,0.2502059237583025,0.2502059237583025,0.2502059237583025,0.2502059237583025,0.0
SSH,1,42,0,Low,0.03149081302056745,0.03149081302056745,0.03149081302056745,0.03149081302056745,0.0,0.0030897304096549486,0.0030897304096549486,0.0030897304096549486,0.0030897304096549486,0.0,0.028401082610912794,0.028401082610912794,0.028401082610912794,0.028401082610912794,0.0
SSH,1,42,1,High,0.22402090374331546,0.22402090374331546,0.22402090374331546,0.22402090374331546,0.0,0.014489791443850274,0.014489791443850274,0.014489791443850274,0.014489791443850274,0.0,0.2095311122994652,0.2095311122994652,0.2095311122994652,0.2095311122994652,0.0
SSH,1,42,2,Medium,0.10601223965041397,0.10601223965041397,0.10601223965041397,0.10601223965041397,0.0,0.010388895814167423,0.010388895814167423,0.010388895814167423,0.010388895814167423,0.0,0.09562334383624657,0.09562334383624657,0.09562334383624657,0.09562334383624657,0.0
SSH,1,84,0,Low,0.03297876703543351,0.03297876703543351,0.03297876703543351,0.03297876703543351,0.0,0.0033064660894660865,0.0033064660894660865,0.0033064660894660865,0.0033064660894660865,0.0,0.029672300945967442,0.029672300945967442,0.029672300945967442,0.029672300945967442,0.0
SSH,1,84,1,High,0.11455644512195125,0.11455644512195125,0.11455644512195125,0.11455644512195125,0.0,0.010943037940379385,0.010943037940379385,0.010943037940379385,0.010943037940379385,0.0,0.10361340718157185,0.10361340718157185,0.10361340718157185,0.10361340718157185,0.0
SSH,1,84,2,Medium,0.23973028280961156,0.23973028280961156,0.23973028280961156,0.23973028280961156,0.0,0.014764874306839208,0.014764874306839208,0.014764874306839208,0.014764874306839208,0.0,0.22496540850277263,0.22496540850277263,0.22496540850277263,0.22496540850277263,0.0
SSH,1,123,0,Medium,0.10611404892169643,0.10611404892169643,0.10611404892169643,0.10611404892169643,0.0,0.009909928571428564,0.009909928571428564,0.009909928571428564,0.009909928571428564,0.0,0.09620412035026782,0.09620412035026782,0.09620412035026782,0.09620412035026782,0.0
SSH,1,123,1,Low,0.02892974339000367,0.02892974339000367,0.02892974339000367,0.02892974339000367,0.0,0.0031832826519588376,0.0031832826519588376,0.0031832826519588376,0.0031832826519588376,0.0,0.025746460738045582,0.025746460738045582,0.025746460738045582,0.025746460738045582,0.0
SSH,1,123,2,High,0.2222976598796857,0.2222976598796857,0.2222976598796857,0.2222976598796857,0.0,0.015026927039950597,0.015026927039950597,0.015026927039950597,0.015026927039950597,0.0,0.2072707328397359,0.2072707328397359,0.2072707328397359,0.2072707328397359,0.0
SSH,3,0,0,Low,0.03586446876883953,0.04027014681135495,0.035427421483054,0.03189583801210981,0.003947581605124686,0.003554155199077356,0.004092309742863905,0.003524785169458192,0.003045370684910001,0.0004935216710839326,0.03231031356976246,0.036463211056067237,0.03190262326020333,0.028565106393018395,0.0037231203674399404
SSH,3,0,1,Medium,0.24141948203134134,0.2546612774832102,0.24529632661717932,0.22430084199363687,0.014312046542968927,0.014663904677742437,0.0154940579710145,0.014765627783669147,0.013732028278543633,0.000830628762798779,0.22675557735360052,0.2398617030752907,0.23053069883350963,0.2098743301519978,0.01413618316268763
SSH,3,0,2,High,0.11883054540420829,0.13331123743078604,0.11865901029900308,0.10452138848283507,0.013541380527497985,0.011314022960502022,0.012472546511627918,0.011381242524916953,0.010088279844961238,0.0011239540854380047,0.10751652244370609,0.12162314385382028,0.10729971018826141,0.09362671328903623,0.013173008979138982
SSH,3,21,0,Medium,0.13448835807083093,0.18959857608115283,0.13261816230646029,0.08124833582487988,0.05104473456525511,0.012101398469478566,0.015821246663107302,0.011985548318206087,0.008497400427122263,0.0034524942252217214,0.1223869596013525,0.17552446182594786,0.12062295995728783,0.07101345702082221,0.049236983715062785
SSH,3,21,1,Low,0.044489587976210054,0.04855274726477023,0.04433940026931463,0.04057661639454631,0.003759845669761722,0.004381256746900074,0.0049062169668406,0.00435342231947484,0.003884130954384797,0.0004818047710012358,0.04010833122931047,0.043961424086855085,0.03998599259384008,0.03637757700723831,0.0035749487614549335
SSH,3,21,2,High,0.17198090311641243,0.17515751762848583,0.17249189966672498,0.16829329205402543,0.003235826967530089,0.013129804595684951,0.01353796702332927,0.013146119803543254,0.012705326960182398,0.0003925102899591453,0.15885109852072754,0.16202570741975064,0.15934577986318144,0.15518180827924982,0.003226244994670802
SSH,3,42,0,Low,0.03046112747802983,0.03394150582464711,0.030219031575720187,0.027222845033721896,0.003167194619556178,0.0031024670447578244,0.003553602391171082,0.0030824015941140186,0.0026713971489883267,0.0004158734862229884,0.027358660433271953,0.030635677345187406,0.02713661557326793,0.024303688381361155,0.0029849199632755166
SSH,3,42,1,High,0.21795003862720552,0.2292981892455193,0.2214959533138811,0.20305597332221714,0.012370699221818802,0.014737781714603307,0.01555670696123385,0.014853535639849917,0.013803102542726129,0.0008266570505636593,0.2032122569126022,0.21433049729053744,0.2066424176740303,0.18866385577323852,0.012099370844777503
SSH,3,42,2,Medium,0.10557729232095571,0.11985420672455188,0.10471004138185848,0.09216762885645663,0.0130227911420056,0.009848060841184805,0.010992729170515426,0.009846105486791053,0.008705347866247912,0.0010782818876045926,0.0957292314797709,0.10960142730463708,0.09487049953814891,0.08271576759652688,0.012648075388874181
SSH,3,84,0,High,0.12512244188280497,0.13504622622478363,0.12484690369836676,0.11547419572526407,0.00921387453619092,0.01168901432917066,0.012628497598463026,0.011720912584053778,0.010717632804995186,0.0009007903022611437,0.11343342755363427,0.12305441306436139,0.11313588904899133,0.10410998054755032,0.008920852040246327
SSH,3,84,1,Low,0.03851103981195841,0.04387213251065072,0.03796995343029232,0.03369103349493181,0.004799278818472589,0.003766194505655944,0.004391376964889076,0.003714504921404416,0.0031927016306742976,0.0005650518784780202,0.03474484530630232,0.039816000293815074,0.03425549316879664,0.030163042456294878,0.004550334582502624
SSH,3,84,2,Medium,0.24102735105036693,0.26519266211085846,0.24443794381169331,0.2134514472285497,0.02437185434196716,0.014333926600860539,0.015809040242976462,0.014399645406226274,0.012793094153378893,0.001421730621098331,0.22669342444950635,0.25038338192862586,0.23005364616552737,0.1996432452543659,0.023907050901261963
SSH,3,123,0,High,0.1123652464968152,0.12446668585987242,0.11217989732484061,0.10044915630573231,0.011304449349465794,0.010744432823779194,0.011817061783439508,0.010761428407643304,0.009654808280254758,0.0010192960764975145,0.10162081367303598,0.11338271108280266,0.10141768917197451,0.09006204076433112,0.010977741473970319
SSH,3,123,1,Low,0.03203602537848045,0.03618944434306587,0.03157960867802116,0.028339023114355044,0.0037006046145854126,0.0032700163219789163,0.0037704591443633723,0.0032309337996756105,0.002808656021897827,0.00045338799113175666,0.028766009056502076,0.03269307958232032,0.02834867710867847,0.02525627047850834,0.00350565080006393
SSH,3,123,2,Medium,0.23329243926247206,0.24950172631959552,0.2365386605206074,0.2138369309472159,0.016807531484580678,0.014330017715112064,0.015266472523499656,0.014377598336948634,0.013345982284887918,0.0009053277806166035,0.21896242154736117,0.2349791193058563,0.22216130477223395,0.19974684056399183,0.016603649467947686
SSH,5,0,0,Low,0.0298897253012047,0.03760264307228932,0.02928834728915651,0.022969593524096416,0.006490522947424053,0.0030382665662650587,0.0039989141566265105,0.0029860066265060296,0.002165745481927683,0.0008121842476371763,0.026851458734939382,0.034103872439758945,0.026294827560241034,0.02033333358433758,0.006110275350634806
SSH,5,0,1,High,0.1998753883328021,0.23017003952821108,0.20523430985017535,0.1612150102008289,0.030518382930957356,0.014260786228881099,0.016349517373286594,0.01437274944214216,0.01190635256614598,0.0019745634951917365,0.185614602103921,0.2152705176920618,0.19086821772393986,0.14778173956008928,0.029884608450770483
SSH,5,0,2,Medium,0.10002904431309324,0.12119848450653763,0.09815193677234461,0.0813779335482716,0.017644980111442922,0.009510304459967756,0.011457125380619732,0.009473379186817114,0.007604247537166399,0.0017146670090658787,0.09051873985312557,0.11111407021314701,0.08867855758552745,0.07242268941429339,0.01713982363847475
SSH,5,21,0,High,0.11714280909690189,0.13542270904746195,0.11637520665787751,0.09989159912656559,0.015688765560345246,0.010993100708635472,0.01284801013513514,0.010996877307185208,0.009139067897165433,0.0016417680744766653,0.10614970838826629,0.12384973286090938,0.10537592855965712,0.08948777216545822,0.015172646359364479
SSH,5,21,1,Low,0.034934197029114517,0.044319670766488656,0.03401354402852043,0.02686308669043396,0.0077245879723658595,0.0034533801307189537,0.004579395603089747,0.0033640096850860966,0.002475062329174095,0.0009344450916254842,0.031480816898395374,0.04031182959001818,0.030642190552585845,0.023837037373736547,0.007293541925386318
SSH,5,21,2,Medium,0.2131584779527564,0.2565082285536665,0.21926273642768307,0.16119609987567315,0.04236621540472392,0.013941275093244946,0.016364345627849115,0.014082189390799827,0.011348031081641086,0.0022512646515959363,0.19921720285951147,0.24175653046000728,0.2051965393700779,0.1482058968089509,0.041589298258886874
SSH,5,42,0,Low,0.0374891323982468,0.04632504195366329,0.03672247075767063,0.029675659862241695,0.007380773860198815,0.0035817832435817137,0.004649410770194134,0.003507727363807169,0.00261766574827801,0.0009055304992572439,0.03390734915466487,0.042251973324984204,0.03321153074514697,0.02650062517219772,0.006981615648646584
SSH,5,42,1,High,0.12206681630842711,0.15092771699078805,0.12169558973046753,0.09341299215284889,0.025506958202215244,0.011093597714090757,0.01328665250767658,0.011137147048788796,0.0087893242920505,0.0020139104621447403,0.1109732185943365,0.13906102268850185,0.11058092289321049,0.0831709706584784,0.024787728796413215
SSH,5,42,2,Medium,0.24325913364177132,0.2619954421678784,0.24806544282881715,0.21628418572372726,0.02027650493386952,0.015141100594844688,0.016615267680105746,0.015193212822207536,0.013561651685393233,0.0013537183059846283,0.22811803304692668,0.2466641473892921,0.23287223000660967,0.20143856113681424,0.020062944745556952
SSH,5,84,0,Medium,0.22260943682310458,0.24432006377858034,0.22728094885679928,0.19361664019253896,0.02249484683416992,0.015024465583634183,0.016947955475330928,0.015286921780986777,0.01278361732851984,0.0018483714095243926,0.20758497123947045,0.22873477617328494,0.21199402707581239,0.1794703549939827,0.021853767013304548
SSH,5,84,1,Low,0.03713759241057526,0.04570118444790072,0.03645095318818031,0.02942633421461896,0.007227078808528955,0.003633189424572303,0.004717521461897323,0.0035704553654743263,0.0026604578538102675,0.0009140986253986026,0.0335044029860031,0.04156929968895776,0.03287373312597179,0.026203922706065697,0.00683114422337249
SSH,5,84,2,High,0.11658244985700661,0.14450449308865607,0.11633637488083885,0.08865294661582468,0.02478404357227086,0.010680517874165869,0.012786598188751188,0.010721880123927536,0.00848964061010487,0.0019123226309872374,0.10590193198284091,0.133102508102955,0.1056289463775024,0.07874176286939936,0.024131035695259567
SSH,5,123,0,High,0.11320067607387423,0.1380552077194441,0.11242154409628544,0.08885723843120986,0.021694840160074624,0.010841768997717365,0.013006484125337206,0.010857169744760316,0.008663555509441798,0.0019290112597650593,0.10235890707615691,0.12646963062876107,0.10157088711350894,0.07875806038597212,0.021041699232349956
SSH,5,123,1,Medium,0.23027380561224475,0.25797452104591884,0.23682390880102083,0.19491567474489768,0.028151937303247835,0.014328351530612248,0.01616832079081633,0.014531047831632653,0.01234931249999998,0.00170742561860744,0.21594545408163268,0.2431607448979586,0.2222928609693877,0.18121096173469364,0.027662413582760798
SSH,5,123,2,Low,0.033431939332316536,0.041352179461108626,0.032862746483646774,0.026310400779528967,0.0066710094602374995,0.00326542535163533,0.004230355363497681,0.0032133263853584256,0.0023965351635316158,0.0008126936401760264,0.030166513980681035,0.03762036841213331,0.029643668530757138,0.023425441958990323,0.006300280928825192
SSH,10,0,0,Low,0.034641553669331956,0.04884107738435205,0.03358319239006287,0.022265495573957968,0.010376662987525738,0.003191556710451171,0.005042259851513396,0.0029737477155910895,0.0017293522272986799,0.0013022901199164555,0.03144999695888063,0.0448134423186754,0.03048578747858343,0.019707417332952906,0.009822074367504374
SSH,10,0,1,Medium,0.21452254845898538,0.27037326979611115,0.22222476173541944,0.149418381223329,0.05104588434701446,0.014442618824087265,0.018374060218112845,0.014590505215742079,0.0104202332859175,0.0033371996012500488,0.20007992963489787,0.2550726083451879,0.2074193153153154,0.13666998672356612,0.05000969402809344
SSH,10,0,2,High,0.10990352044181204,0.15492303745797997,0.1069359859132383,0.06862637121818464,0.03527209385692031,0.010397977845365763,0.014078558348007048,0.010101029694253225,0.007141137025772364,0.0028518658015527693,0.09950554259644623,0.1432655061629582,0.09672330630702727,0.05917101952937394,0.03439616376057894
SSH,10,21,0,High,0.11957112390499011,0.16279274286336903,0.1176436810852038,0.07912539354979306,0.03430697620339066,0.011546392787099572,0.015368070385704972,0.011338379603399434,0.008043566790150348,0.0030313260186757367,0.10802473111789054,0.14987767879712363,0.10620707082152953,0.06877641795598191,0.0332682344639864
SSH,10,21,1,Low,0.03944903885993999,0.05591828769935296,0.03813818427285645,0.02555156102952815,0.01191991576501517,0.0036392136901942183,0.005667493604926581,0.0033929026527712127,0.002021562450655284,0.0014457122813969232,0.03580982516974571,0.0513349936838782,0.0346203304121268,0.022606848728880795,0.011295985178882341
SSH,10,21,2,Medium,0.22278146303074642,0.29313227525622215,0.2291808949487555,0.14347630966325048,0.06390095323555316,0.01348155387994145,0.01700374816983895,0.013550238653001473,0.009978781844802349,0.0029673040068040465,0.20929990915080526,0.2789656039531481,0.2153689710834556,0.13138325841874096,0.06309269556763321
SSH,10,42,0,Low,0.025955929342296694,0.03698301544331428,0.025205161518895347,0.016540836119186247,0.007965953591611584,0.0026067044513081493,0.004069039244186026,0.0024270160792151116,0.0014375565043604605,0.0010251978879949827,0.0233492248909883,0.033734576489825974,0.022686007539970708,0.014446829215116683,0.007534185937715713
SSH,10,42,1,High,0.18117777504591953,0.2362902755182363,0.18587135817370765,0.11865277171346118,0.04908030565896877,0.013569801495670412,0.01735718341642615,0.013605776436630804,0.009787777486224086,0.0031755703129460137,0.1676079735502491,0.22184612936237216,0.17198802322225146,0.10651440514300718,0.048125232128582114
SSH,10,42,2,Medium,0.09017754863523574,0.126890441191067,0.0863657793217535,0.05931647460711332,0.027438339563066964,0.008315547940446649,0.011811824813895783,0.007966783540115797,0.005317166418527709,0.0026688430504609533,0.08186200069478908,0.1172136524400331,0.07827554226633576,0.052012378329197695,0.02650258500727211
SSH,10,84,0,Low,0.03781863883951167,0.05399168675482363,0.03651028004190999,0.02419199588120516,0.011695581908562064,0.00345259582339764,0.005389790664065346,0.0032329693258183302,0.0018986150733434656,0.0013782076357384179,0.03436604301611392,0.04969344938218126,0.03313971056434714,0.021395731483488577,0.011126123657125918
SSH,10,84,1,High,0.1152700710088906,0.1587044117703904,0.11270528048898329,0.0749694329339003,0.034335176319784874,0.010992133871279473,0.014721798125241638,0.010718418969849226,0.0076400324700425445,0.00293380155043248,0.10427793713761097,0.14644200318902204,0.10186557354078091,0.06504202029377695,0.03339048036762515
SSH,10,84,2,Medium,0.2200292388038143,0.2809326506789933,0.22756884830973728,0.15079898555330773,0.05503991416531695,0.014068363334296447,0.017851965616873737,0.014305040739670618,0.010074510835018789,0.0032648543370489575,0.20596087546951722,0.2660848852932686,0.21307626870846533,0.13829565241259764,0.054085132763018635
SSH,10,123,0,Medium,0.21125168385598178,0.27506616085946545,0.21848175058072017,0.13862685946573775,0.05755973356188772,0.01432410452961674,0.018093173635307776,0.014725654471544721,0.010163833914053443,0.0033651797448238045,0.19692757932636457,0.2598916556329855,0.2035383490127759,0.1260585789779329,0.0564307079444166
SSH,10,123,1,Low,0.03337246413314339,0.047469255606977775,0.032456975525098054,0.021283896226415307,0.01025122784925216,0.0031666850124599556,0.004980762904948403,0.0029374913670345325,0.0017380400498397926,0.00128233088520239,0.030205779120683576,0.04343307244571028,0.02939729449982178,0.01878693912424377,0.009669630078257588
SSH,10,123,2,High,0.11093564854486662,0.1529794989894907,0.10785912520210184,0.07372752425222315,0.03228421122695195,0.010377913439773644,0.013972738480194022,0.010080166228779306,0.007172437954729188,0.002813899930732353,0.10055773510509301,0.14138669967663703,0.09767853779304765,0.06428840400161677,0.03141085714285984
SSH,20,0,0,Low,0.035178891524473184,0.058747256188415725,0.033303538131858997,0.017610099415204573,0.013647167639683822,0.003298500520708166,0.0062616963870864625,0.0030300577986061856,0.0012754043098614377,0.001679378320925126,0.03188039100376495,0.054001357606344516,0.03015731494832992,0.015155610430185026,0.012909511071839307
SSH,20,0,1,High,0.1874120411753368,0.28116229961464356,0.1883755622350683,0.08949511194604964,0.07046348685807588,0.013823349296724484,0.019910429672447043,0.013338046242774574,0.00842837244701352,0.004266583156713657,0.17358869187861276,0.2659938624277469,0.17408193468208039,0.07762818285163703,0.06923834352222696
SSH,20,0,2,Medium,0.10636569567919807,0.16737318496240605,0.10220319027568923,0.05433767799498744,0.04047132680617225,0.009821328060150378,0.01516847388471185,0.009430331478696726,0.005473059949874675,0.003443301574501916,0.09654436761904767,0.1558243288220556,0.09265654155388484,0.04565984160400967,0.03941254482648703
SSH,20,21,0,Medium,0.11006060891949153,0.1740206313559324,0.10648985953389829,0.053952890254237273,0.0432758548922063,0.01006912065677966,0.015482962923728843,0.009690766949152548,0.0056940519067796725,0.0034641446762410707,0.09999148826271186,0.1622780046610167,0.09664051758474584,0.04501533262711855,0.04226156185542326
SSH,20,21,1,Low,0.0360729119982314,0.059684087179487116,0.03420656463306809,0.01830737347480117,0.013676367938888784,0.003422711918656055,0.006468485587975254,0.003124333598585301,0.001356387975243142,0.0017253511832111344,0.03265020007957552,0.0547591821396992,0.03101498390804598,0.015753796463306696,0.012895340890129201
SSH,20,21,2,High,0.19719049260324112,0.2899623951907999,0.19646110297961344,0.10166624046001034,0.06940418250978059,0.014399025588081545,0.02061781599581811,0.013975731834814402,0.008781416100365896,0.004436792696402708,0.18279146701515944,0.2742491604809203,0.18152108180867757,0.08965329325666455,0.06803005996741507
SSH,20,42,0,Medium,0.10139814227430553,0.16218375366512341,0.09653665538194452,0.05154781558641973,0.0393025672688377,0.009191570842978392,0.014575357060185192,0.008748152874228391,0.004923962384259266,0.0034255430317851263,0.09220657143132713,0.15115477507716024,0.08771553356481483,0.04357685937499998,0.03819700317167591
SSH,20,42,1,Low,0.03209897174110393,0.05273399201162009,0.0306290941358024,0.016293984749455356,0.012058422920857327,0.003069412300290478,0.005801402505446671,0.002823846949891051,0.0012230001815541026,0.001535195998620967,0.029029559440813313,0.04835400254175712,0.02770039297385639,0.014013371096586878,0.011363613464633444
SSH,20,42,2,High,0.18600246181297744,0.2751625664122135,0.1878710624045808,0.09149646297709915,0.06766476870785171,0.013865920687022904,0.01980696335877865,0.013483292366412214,0.008412620610686981,0.004226191164744478,0.17213654112595417,0.2602206187022907,0.17336998072519064,0.07969637366412163,0.06653905951921593
SSH,20,84,0,Low,0.027887971714224045,0.04645524383916995,0.02651468255512327,0.013661318201470003,0.01078701151588346,0.0027530777453523593,0.005136105490704707,0.0025233083657587273,0.0011599604409857195,0.0013222996577391887,0.02513489396887148,0.04255479550367415,0.023965927042801434,0.011585253350626806,0.010211908650883002
SSH,20,84,1,High,0.16927392947464903,0.2522960210751371,0.16958956093463695,0.08391104886988383,0.061608397997216346,0.013519663408674427,0.01939015516188153,0.013175258857666466,0.008157174098961491,0.0041304271260491155,0.15575426606597448,0.23742703879047117,0.15577383185705576,0.07197655009163056,0.060483461757770585
SSH,20,84,2,Medium,0.09258953763673655,0.14911523883318137,0.08712421809480402,0.04849847743846854,0.03556822300817539,0.008079725011394713,0.013318773473108475,0.0076508476526891515,0.004112843436645395,0.003245054125613149,0.08450981262534184,0.13907535916134908,0.07928928532360983,0.04172330765724708,0.03443721456521354
SSH,20,123,0,High,0.18622579082435814,0.275517044324772,0.18786805053852562,0.09186590886495422,0.0674408815104316,0.013806004411764725,0.019734388980944532,0.013437063587406798,0.008417044324772142,0.004219620751244065,0.17241978641259348,0.26047537696768935,0.17347163566694299,0.0800953951946971,0.0661913904276768
SSH,20,123,1,Medium,0.10062200690208671,0.16105505196629208,0.09573754394060997,0.05102319221508826,0.0390628409200558,0.009129464014847512,0.014481737158908513,0.008722452949438199,0.004913382624398083,0.0033898395618738317,0.09149254288723913,0.15003688703852291,0.08699322281300159,0.04305308968699845,0.03795024607089069
SSH,20,123,2,Low,0.030039021390593328,0.048880649284253785,0.028840162269938532,0.015432221063394768,0.01102082153770811,0.002920937955010231,0.005492289775051161,0.0026831834355828246,0.001192417177914109,0.0014316403844447391,0.027118083435582786,0.04473020899795413,0.026055142331288368,0.013245076891615453,0.010380626365131873
Video,1,0,0,Medium,0.1023896493591136,0.1023896493591136,0.1023896493591136,0.1023896493591136,0.0,0.011564736548627705,0.011564736548627705,0.011564736548627705,0.011564736548627705,0.0,0.09082491281048606,0.09082491281048606,0.09082491281048606,0.09082491281048606,0.0
Video,1,0,1,Low,0.04488959879563403,0.04488959879563403,0.04488959879563403,0.04488959879563403,0.0,0.0046372270552179976,0.0046372270552179976,0.0046372270552179976,0.0046372270552179976,0.0,0.040252371740416716,0.040252371740416716,0.040252371740416716,0.040252371740416716,0.0
Video,1,0,2,High,0.19272590763403288,0.19272590763403288,0.19272590763403288,0.19272590763403288,0.0,0.014617940559440514,0.014617940559440514,0.014617940559440514,0.014617940559440514,0.0,0.17810796707459164,0.17810796707459164,0.17810796707459164,0.17810796707459164,0.0
Video,1,21,0,Low,0.03833658928214362,0.03833658928214362,0.03833658928214362,0.03833658928214362,0.0,0.004055430713857226,0.004055430713857226,0.004055430713857226,0.004055430713857226,0.0,0.03428115856828635,0.03428115856828635,0.03428115856828635,0.03428115856828635,0.0
Video,1,21,1,High,0.15486578550074703,0.15486578550074703,0.15486578550074703,0.15486578550074703,0.0,0.014823316143497748,0.014823316143497748,0.014823316143497748,0.014823316143497748,0.0,0.1400424693572498,0.1400424693572498,0.1400424693572498,0.1400424693572498,0.0
Video,1,21,2,Medium,0.08599572283669485,0.08599572283669485,0.08599572283669485,0.08599572283669485,0.0,0.00917491064844936,0.00917491064844936,0.00917491064844936,0.00917491064844936,0.0,0.07682081218824552,0.07682081218824552,0.07682081218824552,0.07682081218824552,0.0
Video,1,42,0,High,0.17695069417649156,0.17695069417649156,0.17695069417649156,0.17695069417649156,0.0,0.014827054305108946,0.014827054305108946,0.014827054305108946,0.014827054305108946,0.0,0.16212363987138279,0.16212363987138279,0.16212363987138279,0.16212363987138279,0.0
Video,1,42,1,Medium,0.09266913611416025,0.09266913611416025,0.09266913611416025,0.09266913611416025,0.0,0.010496168191242834,0.010496168191242834,0.010496168191242834,0.010496168191242834,0.0,0.08217296792291737,0.08217296792291737,0.08217296792291737,0.08217296792291737,0.0
Video,1,42,2,Low,0.04001805769685509,0.04001805769685509,0.04001805769685509,0.04001805769685509,0.0,0.00413812378812958,0.00413812378812958,0.00413812378812958,0.00413812378812958,0.0,0.035879933908725445,0.035879933908725445,0.035879933908725445,0.035879933908725445,0.0
Video,1,84,0,High,0.19501555057876144,0.19501555057876144,0.19501555057876144,0.19501555057876144,0.0,0.014354948666331148,0.014354948666331148,0.014354948666331148,0.014354948666331148,0.0,0.18066060191243083,0.18066060191243083,0.18066060191243083,0.18066060191243083,0.0
Video,1,84,1,Low,0.046570929469790405,0.046570929469790405,0.046570929469790405,0.046570929469790405,0.0,0.004723623510069858,0.004723623510069858,0.004723623510069858,0.004723623510069858,0.0,0.04184730595972062,0.04184730595972062,0.04184730595972062,0.04184730595972062,0.0
Video,1,84,2,Medium,0.10362183954154736,0.10362183954154736,0.10362183954154736,0.10362183954154736,0.0,0.011997305754536766,0.011997305754536766,0.011997305754536766,0.011997305754536766,0.0,0.09162453378701049,0.09162453378701049,0.09162453378701049,0.09162453378701049,0.0
Video,1,123,0,Low,0.04836978205692496,0.04836978205692496,0.04836978205692496,0.04836978205692496,0.0,0.005050159404342737,0.005050159404342737,0.005050159404342737,0.005050159404342737,0.0,0.04331962265258235,0.04331962265258235,0.04331962265258235,0.04331962265258235,0.0
Video,1,123,1,Medium,0.1091645218440742,0.1091645218440742,0.1091645218440742,0.1091645218440742,0.0,0.012374706613565071,0.012374706613565071,0.012374706613565071,0.012374706613565071,0.0,0.09678981523050924,0.09678981523050924,0.09678981523050924,0.09678981523050924,0.0
Video,1,123,2,High,0.20606430048959556,0.20606430048959556,0.20606430048959556,0.20606430048959556,0.0,0.014281701958384345,0.014281701958384345,0.014281701958384345,0.014281701958384345,0.0,0.1917825985312116,0.1917825985312116,0.1917825985312116,0.1917825985312116,0.0
Video,3,0,0,Low,0.04853748774357478,0.05813779218627018,0.04798556552181267,0.03948910552264158,0.008485975471387013,0.004878292276035437,0.0062059732361104975,0.004798562953142538,0.0036303406388532157,0.0011722193675147178,0.04365919546753934,0.05273811629448574,0.04316362025106717,0.03507584985706578,0.008034360115669189
Video,3,0,1,High,0.1747463050327333,0.19129179091653048,0.17892748465630073,0.15401963952536796,0.01723802279361357,0.013787198922531389,0.015338745294599007,0.013897189034369909,0.012125662438625201,0.0014791133106768562,0.1609591061102016,0.17713549345335472,0.1649806880114567,0.14076113686579358,0.016830870624791338
Video,3,0,2,Medium,0.10249113816979584,0.12254509462915603,0.10229652180150971,0.08263179807872248,0.018304342603175563,0.011747181959952613,0.014234103986027091,0.011740852410953793,0.009266589482876888,0.002280841922879655,0.09074395620984349,0.11005665728900288,0.09044677998877201,0.07172843135175591,0.017584228191259037
Video,3,21,0,Medium,0.09732150043402779,0.11322604817708332,0.09698990473090277,0.08174854839409718,0.01445234516231163,0.01091074045138889,0.013005986762152784,0.010873585503472236,0.00885264908854166,0.0019106810998922611,0.08641075998263885,0.10182654557291665,0.0859979437934028,0.07140779058159723,0.013970873426865767
Video,3,21,1,High,0.16884617263711774,0.19594831147541047,0.17099241955069805,0.13959778688524577,0.02598260163769716,0.014572890305606153,0.017113931997571368,0.014800744383728004,0.011803994535519124,0.0024330755535260915,0.15427328233151183,0.18049261627200994,0.1561957298117789,0.12613150091074676,0.025078496387921173
Video,3,21,2,Low,0.045900909387259076,0.055633174042764744,0.045294506547323005,0.03677504757168913,0.008568400858938788,0.004546528316481585,0.005892461627714236,0.0044454276479363435,0.0033016956737941133,0.0011783043135610764,0.04135438107077735,0.05054895889275669,0.04082090386209194,0.032693280457483744,0.008111258506596102
Video,3,42,0,High,0.1423035488376732,0.1482399284645321,0.1433576641724032,0.1353130538760849,0.0060393515560161785,0.013260280953806249,0.014185858724932662,0.01329268542352589,0.012302298712960177,0.0008762388680074151,0.12904326788386716,0.1349727635438492,0.1300294573480996,0.12212758275965238,0.005997361882674559
Video,3,42,1,Low,0.05044292458680979,0.05990434161311969,0.05004744730027811,0.04137698484703162,0.008431246224153926,0.005166856302547862,0.006522299319075501,0.005082842428311118,0.0038954271602570268,0.0011962187747722548,0.045276068284261894,0.05422854464371332,0.044940011124964305,0.03665964908410867,0.007991010390584294
Video,3,42,2,Medium,0.1098365717552889,0.1416798402658665,0.11034511556603774,0.07748475943396231,0.02937198120107297,0.011994033662092625,0.01539230874785593,0.01201743910806176,0.008572353130360203,0.0031190745334201877,0.09784253809319604,0.128534890866209,0.09820451908233264,0.06678820433104628,0.028273631211900428
Video,3,84,0,Medium,0.10035459945605608,0.11583594892142647,0.10040130490667258,0.08482654454006941,0.01422102095467575,0.011482483439514166,0.013628155806415559,0.0114924651838605,0.009326829328266438,0.0019764565714930674,0.08887211601654181,0.10379354733430185,0.08879556219962013,0.07402723851570356,0.013654083525766563
Video,3,84,1,Low,0.046432585468564616,0.0564971451957293,0.04569899145907471,0.037101619750889506,0.008827465228419097,0.004600890510083031,0.005958931761565853,0.0045059990213522985,0.0033377407473309663,0.0011915561113583202,0.04183169495848144,0.05132942544483978,0.04116971361210016,0.03299594581850537,0.008341965398060324
Video,3,84,2,High,0.17567235554606303,0.2064470042716791,0.17917752071764173,0.14139254164886778,0.029993677801797437,0.013791234942332333,0.016062076463049958,0.01386740324647588,0.01144422511747116,0.0021158691984793027,0.16188112060373083,0.19167891029474604,0.1653368201623241,0.1286276313541222,0.029095078884593527
Video,3,123,0,Low,0.04455046134822945,0.053810701841668654,0.04376534625120016,0.03607533595181961,0.008061589052982172,0.004368133280963601,0.005704338133891937,0.004247390416339351,0.0031526712926595157,0.0011600057456599693,0.04018232806726585,0.04888319586279115,0.03949333455529419,0.03217045378371306,0.007593652045326702
Video,3,123,1,Medium,0.0912992041366575,0.10783730603878106,0.09113183058171742,0.07492847578947369,0.015065899471856898,0.010671257359187431,0.012809585927977847,0.010690310027700826,0.008513876121883679,0.0019723005365498377,0.08062794677746993,0.09663978238227151,0.08034855368421051,0.06489550426592797,0.014531212738179896
Video,3,123,2,High,0.15957407971014526,0.1814218160723008,0.16228016463116746,0.13502025842696597,0.02143487214188563,0.013745455544699563,0.0159769760625305,0.01380070810942845,0.011458682462139706,0.0020784322761650434,0.14582862416544495,0.16698581021006348,0.14843852686858838,0.12206153541768416,0.02075520581421783
Video,5,0,0,Medium,0.09256810016372358,0.11424624067360559,0.09173643468600168,0.07222593147000356,0.017397534833256737,0.010647850894632199,0.013728363115425074,0.010508057478657469,0.007765405274236923,0.0024785994008036435,0.08192024926909124,0.10286713922348255,0.08104038024792436,0.062424265115191016,0.016746460595895747
Video,5,0,1,Low,0.04467012693625749,0.05905792460589417,0.04359053549397848,0.03196563037305368,0.011053203439081859,0.004351272525212917,0.00631812768040741,0.004179575687848761,0.00265259052188385,0.0014918121483469653,0.04031885441104464,0.05385189821795803,0.03934605571330678,0.028238940712816456,0.010445373644154283
Video,5,0,2,High,0.15649526873007452,0.19436220961742787,0.16033996851753388,0.11464830831562176,0.03338920830985895,0.013638401009564255,0.017070942082890526,0.013835435441020196,0.010023268862911756,0.0029534670072830314,0.14285686772050965,0.17975283979808693,0.14642450292242298,0.10233889479277301,0.032465587387102784
Video,5,21,0,High,0.1548587086453999,0.18958471336107258,0.15866351595006967,0.11620988904299585,0.03086810309219005,0.014119456218215441,0.017712497919556196,0.014276302820157183,0.010373793804900597,0.003080378821848835,0.1407392524271845,0.17444384049930606,0.1443162713823394,0.10341922376329155,0.029912640828568787
Video,5,21,1,Low,0.04485598557915402,0.05906840460467622,0.04376096716044969,0.03230703034088882,0.010878728649803895,0.0043900587185436366,0.006384822773514179,0.004204456005711249,0.00268062127431734,0.0015060189890715638,0.04046592686061043,0.053813957701231395,0.039500407817240846,0.028522799928609503,0.01027124285036584
Video,5,21,2,Medium,0.09187675241043786,0.11540189186200799,0.09055786355594869,0.07057686311366648,0.018552015565225285,0.010265243653250777,0.013336404909332153,0.010094210526315789,0.007455227996461743,0.0024287093384395527,0.08161150875718706,0.10437129743476342,0.08029819460415746,0.06112741994692615,0.01790679818895908
Video,5,42,0,High,0.16153968459530038,0.20197441327862753,0.16565942185751587,0.11679090861618807,0.035690457443142254,0.0136494205147333,0.017206826930249924,0.013765850801939547,0.009942026855650887,0.0030516443311987057,0.14789026408056716,0.1873203114509508,0.15179819768742997,0.10452998135024222,0.03476455261489218
Video,5,42,1,Low,0.04578189121390105,0.06075029784630423,0.044661174865394136,0.0325671639745473,0.011513466777931428,0.00447499887420463,0.006546250244738101,0.004280318649045536,0.002714533284385701,0.0015588743874693609,0.041306892339696366,0.05539463338228109,0.04029303805677931,0.02872442119432184,0.010889132877373798
Video,5,42,2,Medium,0.09564202257818459,0.11752390511060265,0.09495735972540043,0.07484221754385963,0.017612486163441837,0.011058858093058743,0.014201337147215883,0.010909584134248647,0.008111805644546147,0.0025273579231524907,0.08458316448512586,0.10575072814645307,0.08391049260106787,0.06456696048817694,0.016999751980718986
Video,5,84,0,High,0.16231638981994462,0.20771072991689749,0.16640682029085868,0.11212228704986149,0.04023614821757889,0.013428237950138483,0.016882598684210517,0.013604902700831003,0.009810957409972326,0.002958570372622587,0.14888815186980642,0.19303178670360088,0.15275667520775593,0.10024490443213246,0.03911572434520305
Video,5,84,1,Low,0.04611978174258509,0.06115036514829508,0.044849459761618866,0.03295537706735674,0.01154149645128598,0.004517442317287271,0.0065573507345467975,0.004324983276355922,0.002774746003880618,0.001541766975034877,0.04160233942529788,0.055756166682066066,0.04045148618682437,0.029083938187193733,0.010920831340557482
Video,5,84,2,Medium,0.09762107823522745,0.11834784269025754,0.09718714211182947,0.07763085028921426,0.016762979055092227,0.011193780696381973,0.014229848474537846,0.011116217761143243,0.008239116819779973,0.0024877955161973484,0.08642729753884537,0.10649862629012126,0.0859102982873994,0.06730274537824643,0.016136630037458383
Video,5,123,0,Low,0.05023606347444481,0.06577442075374247,0.04907202187661347,0.036540118224057824,0.011925255293138877,0.005098389700567859,0.007263691920495627,0.004900190436241588,0.0032308964894166106,0.0016459705361945047,0.04513767377387701,0.05980162061177112,0.04410290249096542,0.032098141133195576,0.01130669033977566
Video,5,123,1,Medium,0.11242021556557104,0.12982052698691887,0.1126377885017035,0.09485397999340461,0.014438375352968966,0.012141061404858731,0.015189204572936134,0.012130308233483565,0.009148138287347465,0.002516997487162318,0.10027915416071244,0.11722725986588955,0.10035649543805672,0.08341513542926238,0.013946575022469468
Video,5,123,2,High,0.1447149514893617,0.20445758265139097,0.14708546710311,0.08348489198036009,0.05084211964407623,0.012615124975450078,0.016473283797054,0.012661592798690675,0.00872400490998362,0.0032413964809365472,0.13209982651391194,0.19015556104746323,0.13431652667757749,0.07278458527004919,0.049360871559543384
Video,10,0,0,High,0.1536983689683861,0.22188762479201393,0.15293889829450946,0.08591096630615631,0.05065106537255541,0.013331211148086521,0.01886201955074875,0.013186860440931793,0.008055107321131457,0.003984708535480529,0.14036715782029963,0.2068759638103161,0.13917069425956757,0.07496995673876847,0.0492887553089925
Video,10,0,1,Low,0.04758045600794449,0.07068696546397435,0.04598817604545966,0.028446284894626382,0.01476879217750265,0.004643891603221904,0.007857295597484283,0.004373334436720725,0.0021719942623855087,0.0019919265732902696,0.042936564404722585,0.06472512986869663,0.04159632069954797,0.02465563268233496,0.014006684428743747
Video,10,0,2,Medium,0.09989607358219665,0.13276383790380475,0.09818096640344573,0.07021873567839199,0.022781415017180784,0.011192867480258446,0.015920775592246902,0.010924836539842093,0.0070721102656137865,0.0032607895982992765,0.08870320610193833,0.12046452089016525,0.08696308951902373,0.06015641536252671,0.022000813202378622
Video,10,21,0,High,0.13638972010593226,0.18514974661016947,0.13539378760593235,0.09028405953389816,0.03529846888063148,0.012905018262711863,0.018126757838983043,0.012659656355932216,0.008077352330508492,0.003737176000707887,0.12348470184322058,0.17104907923728863,0.12227964703389821,0.07884224343220353,0.034407057834032265
Video,10,21,1,Low,0.044649776345108874,0.06446989415760888,0.043469678328804655,0.027567741304347658,0.012874814617191426,0.004222629904891312,0.00708414755434783,0.004034483220108703,0.0019534650815217227,0.0017927828227393564,0.04042714644021742,0.059153747146738905,0.039444428464674205,0.024122196195652333,0.012227854419716773
Video,10,21,2,Medium,0.0841873763138138,0.12070951858108107,0.08194062152777777,0.05256844388138138,0.02468322113635376,0.009733358370870877,0.014565549174174165,0.009400423704954954,0.005779275525525522,0.003178305628442185,0.07445401794294294,0.10955884496997001,0.07220826388888889,0.0442257357357357,0.023648936429039282
Video,10,42,0,High,0.15223774074262458,0.21601687232960404,0.15141816200406927,0.09048400610376396,0.04681138564040721,0.013288322075279751,0.018908853001017314,0.013078715157680571,0.008027981688708033,0.004051862392777269,0.13894941866734495,0.20143265768056967,0.13771170193285878,0.0792194806714138,0.0456889681696003
Video,10,42,1,Low,0.04698393603946681,0.06994914021118262,0.04541892928855822,0.027906704344815278,0.014819642037119437,0.004534855045871545,0.007719002423403187,0.004295011424614853,0.002074901332871738,0.0019833473019211316,0.04244908099359525,0.0641105565172235,0.04108451566557044,0.024262027696035905,0.014054195958786096
Video,10,42,2,Medium,0.09668182642464243,0.12933014191419134,0.09518055522552255,0.06670643938393854,0.0228060144632825,0.011045539405940595,0.01573682332233222,0.010791148074807494,0.0069880270627062655,0.0031902783350393747,0.08563628701870182,0.11719030957095701,0.0840725161716172,0.05686644048404835,0.022005150051328515
Video,10,84,0,High,0.14834068695224978,0.21512159599135405,0.146443413539006,0.08481791353900535,0.04842937309252679,0.01288477858125369,0.018156756730202377,0.01272207437610532,0.007966719001768553,0.0037770263598271036,0.13545590837099644,0.20057013362153697,0.1332630837099626,0.07391786971900184,0.04717003737341805
Video,10,84,1,Low,0.047030528889739985,0.06992425327204282,0.04550131698908251,0.02799558966992308,0.014777758212189535,0.0045297745514908064,0.007692810189618852,0.004260126157185737,0.0021009101704654205,0.001967230326855289,0.04250075433824943,0.06414961080252789,0.041178162835983065,0.024346227478772266,0.014028987785993322
Video,10,84,2,Medium,0.09652056138482014,0.12705456765978698,0.09525455679926774,0.06823561567909454,0.02129973034869987,0.01106353056757656,0.01578440520972036,0.010806270763981385,0.006971903878162455,0.003207951857519717,0.08545703081724383,0.1149117614846872,0.08410626876664463,0.058369327230359785,0.020518724338406378
Video,10,123,0,Low,0.04660892772847765,0.06902308608966225,0.045081802120548596,0.02788306972455916,0.014481700355254763,0.004472043736314375,0.007595583035611375,0.00420637138411894,0.0020767631669931876,0.0019394493392515559,0.04213688399216324,0.06327250109484814,0.04081105445430476,0.024286301371442002,0.013728749452967995
Video,10,123,1,High,0.1455268124961047,0.20973941757556908,0.143902637114366,0.08402813181676518,0.04684176236019127,0.01285894521657836,0.018302392957307585,0.012648194141477075,0.007793348706762248,0.0038991269207791996,0.13266786727952645,0.19546931473979462,0.13079027313804925,0.07311587535057647,0.04568546610233312
Video,10,123,2,Medium,0.09547550629391989,0.12477579987778792,0.09436357607699355,0.06841179621142686,0.020454910245359885,0.010946226963030865,0.015606324320195505,0.01071938794683779,0.006894952337305228,0.0031658285159673963,0.08452927933088901,0.11275549618087376,0.08332757432019564,0.058600967461044665,0.019678898798909078
Video,20,0,0,Medium,0.09194635223632816,0.14150770566406237,0.08969335039062498,0.04903217226562503,0.028648359736978945,0.010411505820312503,0.01700687910156249,0.010137144042968756,0.005130673828124996,0.0036723082148594224,0.08153484641601563,0.12951597285156247,0.0791494043945313,0.04035261621093743,0.0276688120190384
Video,20,0,1,Low,0.045459246132596526,0.07659066550907698,0.04342016203630606,0.022150913338595177,0.01613743650368795,0.004339975998421476,0.008755099605367056,0.004044506787687471,0.0013942947119179342,0.002171530899011542,0.041119270134175274,0.07047685003946337,0.039291803235990706,0.018717946487766726,0.015321912375213844
Video,20,0,2,High,0.13833430376605343,0.2191368670600478,0.13161279052412336,0.07375200485942401,0.04730023462268079,0.012937969038528287,0.020666683790350582,0.012495219021173214,0.00666647171121138,0.004590786597614112,0.125396334727525,0.20412824227698761,0.11884171728566487,0.06300291912530392,0.046021218765556926
Video,20,21,0,High,0.13079857453516575,0.20643533144705012,0.12556711608730806,0.06931583848019388,0.044431142720394196,0.012646833177041239,0.020192517865804338,0.012230004850444585,0.006598463055780117,0.004416323918653422,0.11815174135812456,0.19196467760711386,0.11271836394502849,0.05876142134195608,0.04329820761300661
Video,20,21,1,Medium,0.08643183506774287,0.13291202089939466,0.084172147160565,0.04709863851253965,0.026433428848924426,0.009806647866820412,0.01629638829633899,0.009553045834534462,0.0047228882963389965,0.0035266933936828845,0.07662518720092247,0.12148443067166327,0.07433052320553474,0.03876261934275003,0.025467778506704244
Video,20,21,2,Low,0.04438160311536404,0.07476473407761924,0.04245528133971269,0.021515101967038836,0.01582041620972673,0.004214930643274859,0.008450573843700201,0.003916168793195097,0.0013511794790005555,0.0021009806178323223,0.040166672472089285,0.0688749256778304,0.03843432658160568,0.01822371802232831,0.015036399244100147
Video,20,42,0,High,0.13431348142985597,0.23589661016186989,0.12811223291366888,0.04513513758992806,0.06162821311620902,0.013563420256294957,0.02295992041366906,0.013091752922661879,0.0057777360611510785,0.005666929806377515,0.12075006117356119,0.21946844154676304,0.1141146479316546,0.03439204631294967,0.05973312157959743
Video,20,42,1,Low,0.048459561970503204,0.0809631594588608,0.046572157518296554,0.023524577733422054,0.017179829124549087,0.004717742986249709,0.00949646784209363,0.004415927644710587,0.001557836549124007,0.002335268120725558,0.043741818984253764,0.07450803171434874,0.042030480372588115,0.019806675759591823,0.016353705022378266
Video,20,42,2,Medium,0.10615425230180814,0.15713985146036133,0.1032447457579973,0.0645848614742701,0.029083447014281033,0.011193610201668994,0.017393475521557723,0.010956502086230885,0.006088623087621696,0.0035290387965325022,0.09496064210013899,0.14466713713490986,0.09190246821974984,0.05506791043115432,0.02827283664699262
Video,20,84,0,High,0.13631964977116692,0.2239989926773459,0.12957619805491963,0.0644380899313503,0.05170831668108722,0.01287733673913042,0.02091205354691075,0.012483786498855825,0.006328670709382167,0.004778872520860119,0.12344231303203668,0.20869136659038942,0.11657705972540078,0.05394230503432514,0.050219188283164476
Video,20,84,1,Low,0.04682038601031307,0.07843967627960347,0.04493362972689056,0.02278918678380445,0.016602047861839133,0.0044869808298319165,0.00909108479755543,0.004171715813598162,0.0014800850840336493,0.0022489016625983345,0.04233340518048116,0.0721578165584409,0.04060441396103899,0.01927445215813572,0.015779414066442572
Video,20,84,2,Medium,0.09452373837496748,0.1409287302888369,0.09237024778818644,0.05533689266198294,0.026557714501080684,0.010694039786625035,0.016965607728337235,0.01044019054124385,0.0056399970075461875,0.003504646938893758,0.08382969858834247,0.1288869979182931,0.08151819633099157,0.04625527491543077,0.025701746769021094
Video,20,123,0,Low,0.0491907703070963,0.08126545123806919,0.047436289251625414,0.02438591879928076,0.01696489453134853,0.004792014656245671,0.009500111080370757,0.004499524484714353,0.0016494805643934305,0.002326224691887401,0.044398755650850816,0.07470958666482189,0.04285861350117588,0.02050963729423185,0.016133323799086212
Video,20,123,1,Medium,0.11108394828813246,0.1603928424697056,0.1080292307174457,0.07120432698595916,0.028689170941486045,0.011450457674552803,0.017652624735526038,0.011227313040969448,0.006324160223119827,0.0035599005010719083,0.09963349061357943,0.14776838853625732,0.09640209694171968,0.061456399115214506,0.02786780049749632
Video,20,123,2,High,0.11943209604297703,0.2195720429769389,0.11279077017819716,0.033607071802935005,0.05867799582283642,0.012616709984276733,0.02164276100628929,0.0120016095387841,0.005354082809224318,0.0052674018969908806,0.10681538605870028,0.20368581918239062,0.10003485193920333,0.023486277777777502,0.05685927735125698
