SrcRate,Sum,SrcWin,SrcLoss,DstRate,AckDat,Flgs_ e *      ,Loss,DstRetra,State_FPA_FPA,pLoss,Load,DstLoad,State_SPA_SPA,dTtl,State_PA_PA,DstBytes,SynAck,IdleTime,DstWin,TcpRtt,SrcGap,SrcLoad,Min,Mean,sTtl,State_A_PA,SrcPkts,SrcRetra,DstPkts,PCRatio,Cause_Status,DstGap,SrcBytes,TcpOpt_MwsS  T,Dur,Max,Rate,Flgs_ e d      ,State__PA,TotPkts,DstLoss,pRetran,sMeanPktSz,StdDev,TotBytes,dMeanPktSz,label
0.0,0.010647,8222720.0,0.0,0.0,0.0,0.0,0.0,0.0,0.0,0.0,0.0,0.0,0.0,64.0,0.0,60.0,0.0,1721542656.0,0.0,0.0,0.0,0.0,0.010647,0.010647,62.0,0.0,1.0,0.0,1.0,-0.0,0.0,0.0,74.0,0.0,0.010647,0.010647,93.923172,0.0,0.0,2.0,0.0,0.0,74.0,0.0,134.0,60.0,1.0
1.407241,4.974273,64256.0,0.0,1.608275,0.26965,0.0,2.0,0.0,0.0,10.526316,1949.229492,1058.244995,1.0,64.0,0.0,740.0,0.018243,1721542656.0,31872.0,0.287893,0.0,890.984436,4.974273,4.974273,62.0,0.0,8.0,0.0,9.0,-0.0,0.0,0.0,633.0,1.0,4.974273,4.974273,3.21655,1.0,0.0,17.0,2.0,0.0,79.125,0.0,1373.0,82.222221,1.0
0.971694,4.116523,64256.0,0.0,1.943388,0.26965,0.0,0.0,0.0,1.0,0.0,2388.423584,1134.938477,0.0,64.0,0.0,656.0,0.018243,1721542656.0,31872.0,0.287893,0.0,1253.485107,4.116523,4.116523,62.0,0.0,5.0,0.0,9.0,-0.0,1.0,0.0,806.0,1.0,4.116523,4.116523,3.158005,0.0,0.0,14.0,0.0,0.0,161.199997,0.0,1462.0,72.888885,1.0
3.206929,3.741898,64256.0,0.0,3.206929,0.193376,0.0,1.0,0.0,0.0,3.703704,4972.877441,2084.503662,0.0,64.0,0.0,1056.0,0.034451,1721542656.0,31872.0,0.227827,0.0,2888.373779,3.741898,3.741898,62.0,0.0,13.0,0.0,13.0,-0.0,0.0,0.0,1463.0,1.0,3.741898,3.741898,6.681101,1.0,0.0,26.0,1.0,0.0,112.53846,0.0,2519.0,81.230766,1.0
3.695776,2.976371,64256.0,0.0,4.031755,0.091402,0.0,2.0,0.0,0.0,7.407407,6028.818359,2569.572021,0.0,64.0,0.0,1035.0,0.001993,1721542656.0,31872.0,0.093395,0.0,3459.246094,2.976371,2.976371,62.0,0.0,12.0,0.0,13.0,-0.0,0.0,0.0,1403.0,1.0,2.976371,2.976371,8.063511,1.0,0.0,25.0,2.0,0.0,116.916664,0.0,2438.0,79.615387,1.0
7.013623,1.283217,64256.0,0.0,7.792914,0.198851,0.0,0.0,0.0,0.0,0.0,11932.510742,5031.105469,0.0,64.0,0.0,887.0,0.00149,1721542656.0,31872.0,0.200341,0.0,6901.405273,1.283217,1.283217,62.0,0.0,10.0,0.0,11.0,-0.0,0.0,0.0,1229.0,0.0,1.283217,1.283217,15.585829,0.0,0.0,21.0,0.0,0.0,122.900002,0.0,2116.0,80.63636,1.0
10.073988,0.89339,64256.0,0.0,11.19332,0.090419,0.0,0.0,0.0,0.0,0.0,17228.757812,7226.407227,0.0,64.0,0.0,887.0,0.004967,1721542656.0,31872.0,0.095386,0.0,10002.350586,0.89339,0.89339,62.0,0.0,10.0,0.0,11.0,-0.0,0.0,0.0,1241.0,0.0,0.89339,0.89339,22.386641,0.0,0.0,21.0,0.0,0.0,124.099998,0.0,2128.0,80.63636,1.0
5.47391,1.644163,64256.0,0.0,6.082122,0.274882,0.0,0.0,0.0,0.0,0.0,9444.319336,3926.61792,0.0,64.0,0.0,887.0,0.003476,1721542656.0,31872.0,0.278358,0.0,5517.701172,1.644163,1.644163,62.0,0.0,10.0,0.0,11.0,-0.0,0.0,0.0,1259.0,0.0,1.644163,1.644163,12.164244,0.0,0.0,21.0,0.0,0.0,125.900002,0.0,2146.0,80.63636,1.0
14.217986,0.633001,64256.0,0.0,18.957315,0.101244,0.0,0.0,0.0,0.0,0.0,26489.6875,11892.555664,0.0,64.0,0.0,1019.0,0.035442,1721542656.0,31872.0,0.136686,0.0,14597.132812,0.633001,0.633001,62.0,0.0,10.0,0.0,13.0,-0.0,0.0,0.0,1283.0,0.0,0.633001,0.633001,34.755077,0.0,0.0,23.0,0.0,0.0,128.300003,0.0,2302.0,78.384613,1.0
14.199817,0.633811,64256.0,0.0,18.933088,0.058815,0.0,0.0,0.0,0.0,0.0,26796.632812,11877.357422,0.0,64.0,0.0,1019.0,0.001989,1721542656.0,31872.0,0.060804,0.0,14919.274414,0.633811,0.633811,62.0,0.0,10.0,0.0,13.0,-0.0,0.0,0.0,1313.0,0.0,0.633811,0.633811,34.710663,0.0,0.0,23.0,0.0,0.0,131.300003,0.0,2332.0,78.384613,1.0
10.3072,0.873176,64256.0,0.0,13.742934,0.178425,0.0,0.0,0.0,0.0,0.0,19753.177734,8621.400391,0.0,64.0,0.0,1019.0,0.010939,1721542656.0,31872.0,0.189364,0.0,11131.776367,0.873176,0.873176,62.0,0.0,10.0,0.0,13.0,-0.0,0.0,0.0,1349.0,0.0,0.873176,0.873176,25.195379,0.0,0.0,23.0,0.0,0.0,134.899994,0.0,2368.0,78.384613,1.0
17.075272,0.527078,64256.0,0.0,18.972525,0.059919,0.0,0.0,0.0,0.0,0.0,31251.542969,12248.662109,0.0,64.0,0.0,887.0,0.001,1721542656.0,31872.0,0.060919,0.0,19002.880859,0.527078,0.527078,62.0,0.0,10.0,0.0,11.0,-0.0,0.0,0.0,1391.0,0.0,0.527078,0.527078,37.945049,0.0,0.0,21.0,0.0,0.0,139.100006,0.0,2278.0,80.63636,1.0
8.852675,1.129602,64256.0,0.0,11.508479,0.058822,0.0,0.0,0.0,0.0,0.0,16912.152344,7138.797852,0.0,64.0,0.0,1085.0,0.002022,1721542656.0,31872.0,0.060844,0.0,9773.354492,1.129602,1.129602,62.0,0.0,11.0,0.0,14.0,-0.0,0.0,0.0,1517.0,1.0,1.129602,1.129602,21.246422,0.0,0.0,25.0,0.0,0.0,137.909088,0.0,2602.0,77.5,1.0
10.719314,0.839606,64256.0,0.0,14.292418,0.108086,0.0,0.0,0.0,0.0,0.0,21772.117188,8966.110352,0.0,64.0,0.0,1019.0,0.000993,1721542656.0,31872.0,0.109079,0.0,12806.006836,0.839606,0.839606,62.0,0.0,10.0,0.0,13.0,-0.0,0.0,0.0,1493.0,0.0,0.839606,0.839606,26.202766,0.0,0.0,23.0,0.0,0.0,149.300003,0.0,2512.0,78.384613,1.0
11.229015,0.801495,64256.0,0.0,14.972021,0.0874,0.0,0.0,0.0,0.0,0.0,23346.371094,9392.447266,0.0,64.0,0.0,1019.0,0.020458,1721542656.0,31872.0,0.107858,0.0,13953.922852,0.801495,0.801495,62.0,0.0,10.0,0.0,13.0,-0.0,0.0,0.0,1553.0,0.0,0.801495,0.801495,27.448704,0.0,0.0,23.0,0.0,0.0,155.300003,0.0,2572.0,78.384613,1.0
9.656155,0.932048,64256.0,0.0,12.874873,0.09043,0.0,0.0,0.0,0.0,0.0,20591.212891,8076.836914,0.0,64.0,0.0,1019.0,0.005514,1721542656.0,31872.0,0.095944,0.0,12514.376953,0.932048,0.932048,62.0,0.0,10.0,0.0,13.0,-0.0,0.0,0.0,1619.0,0.0,0.932048,0.932048,23.603933,0.0,0.0,23.0,0.0,0.0,161.899994,0.0,2638.0,78.384613,1.0
7.117629,1.264466,64256.0,0.0,9.490171,0.10419,0.0,0.0,0.0,0.0,0.0,15582.862305,5953.500977,0.0,64.0,0.0,1019.0,0.003481,1721542656.0,31872.0,0.107671,0.0,9629.361328,1.264466,1.264466,62.0,0.0,10.0,0.0,13.0,-0.0,0.0,0.0,1691.0,0.0,1.264466,1.264466,17.398649,0.0,0.0,23.0,0.0,0.0,169.100006,0.0,2710.0,78.384613,1.0
12.156018,0.740374,64256.0,0.0,16.208023,0.043075,0.0,0.0,0.0,0.0,0.0,27380.755859,10167.833984,0.0,64.0,0.0,1019.0,0.003499,1721542656.0,31872.0,0.046574,0.0,17212.921875,0.740374,0.740374,62.0,0.0,10.0,0.0,13.0,-0.0,0.0,0.0,1769.0,0.0,0.740374,0.740374,29.71471,0.0,0.0,23.0,0.0,0.0,176.899994,0.0,2788.0,78.384613,1.0
14.350382,0.627161,64256.0,0.0,19.133842,0.061774,0.0,0.0,0.0,0.0,0.0,33280.128906,12003.296875,0.0,64.0,0.0,1019.0,0.0015,1721542656.0,31872.0,0.063274,0.0,21276.832031,0.627161,0.627161,62.0,0.0,10.0,0.0,13.0,-0.0,0.0,0.0,1853.0,0.0,0.627161,0.627161,35.078709,0.0,0.0,23.0,0.0,0.0,185.300003,0.0,2872.0,78.384613,1.0
15.462854,0.58204,64256.0,0.0,20.61714,0.044532,0.0,0.0,0.0,0.0,0.0,36973.402344,12933.818359,0.0,64.0,0.0,1019.0,0.012407,1721542656.0,31872.0,0.056939,0.0,24039.583984,0.58204,0.58204,62.0,0.0,10.0,0.0,13.0,-0.0,0.0,0.0,1943.0,0.0,0.58204,0.58204,37.798088,0.0,0.0,23.0,0.0,0.0,194.300003,0.0,2962.0,78.384613,1.0
14.078955,0.639252,64256.0,0.0,18.77194,0.042418,0.0,0.0,0.0,0.0,0.0,34753.117188,11776.263672,0.0,64.0,0.0,1019.0,0.00349,1721542656.0,31872.0,0.045908,0.0,22976.853516,0.639252,0.639252,62.0,0.0,10.0,0.0,13.0,-0.0,0.0,0.0,2039.0,0.0,0.639252,0.639252,34.415222,0.0,0.0,23.0,0.0,0.0,203.899994,0.0,3058.0,78.384613,1.0
13.762646,0.653944,64256.0,0.0,18.350195,0.057783,0.0,0.0,0.0,0.0,0.0,35085.570312,11511.688477,0.0,64.0,0.0,1019.0,0.004477,1721542656.0,31872.0,0.06226,0.0,23573.882812,0.653944,0.653944,62.0,0.0,10.0,0.0,13.0,-0.0,0.0,0.0,2141.0,0.0,0.653944,0.653944,33.642025,0.0,0.0,23.0,0.0,0.0,214.100006,0.0,3160.0,78.384613,1.0
16.035175,0.623629,64256.0,0.0,17.638693,0.089234,0.0,0.0,0.0,0.0,0.0,38215.03125,11211.794922,0.0,64.0,0.0,953.0,0.002495,1721542656.0,31872.0,0.091729,0.0,27003.236328,0.623629,0.623629,62.0,0.0,11.0,0.0,12.0,-0.0,0.0,0.0,2315.0,0.0,0.623629,0.623629,35.277386,0.0,0.0,23.0,0.0,0.0,210.454544,0.0,3268.0,79.416664,1.0
15.268528,0.654942,64256.0,0.0,16.795382,0.056952,0.0,0.0,0.0,0.0,0.0,37658.296875,10675.754883,0.0,64.0,0.0,953.0,0.019239,1721542656.0,31872.0,0.076191,0.0,26982.542969,0.654942,0.654942,62.0,0.0,11.0,0.0,12.0,-0.0,0.0,0.0,2429.0,0.0,0.654942,0.654942,33.590763,0.0,0.0,23.0,0.0,0.0,220.818176,0.0,3382.0,79.416664,1.0
15.719069,0.63617,64256.0,0.0,17.290976,0.059952,0.0,0.0,0.0,0.0,0.0,40140.210938,10990.772461,0.0,64.0,0.0,953.0,0.001987,1721542656.0,31872.0,0.061939,0.0,29149.439453,0.63617,0.63617,62.0,0.0,11.0,0.0,12.0,-0.0,0.0,0.0,2549.0,0.0,0.63617,0.63617,34.581951,0.0,0.0,23.0,0.0,0.0,231.72728,0.0,3502.0,79.416664,1.0
15.669266,0.638192,64256.0,0.0,17.236193,0.043585,0.0,0.0,0.0,0.0,0.0,41442.074219,10955.950195,0.0,64.0,0.0,953.0,0.002505,1721542656.0,31872.0,0.04609,0.0,30486.123047,0.638192,0.638192,62.0,0.0,11.0,0.0,12.0,-0.0,0.0,0.0,2675.0,0.0,0.638192,0.638192,34.472385,0.0,0.0,23.0,0.0,0.0,243.181824,0.0,3628.0,79.416664,1.0
12.654544,0.79023,64256.0,0.0,13.919998,0.044967,0.0,0.0,0.0,0.0,0.0,34683.574219,8848.057617,0.0,64.0,0.0,953.0,0.002269,1721542656.0,31872.0,0.047236,0.0,25835.517578,0.79023,0.79023,62.0,0.0,11.0,0.0,12.0,-0.0,0.0,0.0,2807.0,0.0,0.79023,0.79023,27.839996,0.0,0.0,23.0,0.0,0.0,255.181824,0.0,3760.0,79.416664,1.0
20.04281,0.498932,64256.0,0.0,22.047092,0.060384,0.0,0.0,0.0,0.0,0.0,56953.652344,14013.933594,0.0,64.0,0.0,953.0,0.002012,1721542656.0,31872.0,0.062396,0.0,42939.71875,0.498932,0.498932,62.0,0.0,11.0,0.0,12.0,-0.0,0.0,0.0,2945.0,0.0,0.498932,0.498932,44.094185,0.0,0.0,23.0,0.0,0.0,267.727264,0.0,3898.0,79.416664,1.0
1.503241,1.330459,64256.0,0.0,2.254861,0.150792,0.0,2.0,0.0,0.0,22.222222,2699.820068,1821.927612,0.0,64.0,0.0,404.0,0.001547,1721542656.0,31872.0,0.152339,0.0,877.892517,1.330459,1.330459,62.0,0.0,3.0,0.0,4.0,-0.0,0.0,0.0,218.0,1.0,1.330459,1.330459,4.509722,1.0,0.0,7.0,2.0,0.0,72.666664,0.0,622.0,101.0,1.0
14.249175,0.561436,64256.0,0.0,16.030323,0.150792,0.0,0.0,0.0,1.0,0.0,47236.011719,9874.678711,0.0,64.0,0.0,769.0,0.001547,1721542656.0,31872.0,0.152339,0.0,37361.335938,0.561436,0.561436,62.0,0.0,9.0,0.0,10.0,-0.0,1.0,0.0,2949.0,1.0,0.561436,0.561436,32.060646,0.0,0.0,19.0,0.0,0.0,327.666656,0.0,3718.0,76.900002,1.0
12.893792,0.775567,64256.0,0.0,14.183172,0.091314,0.0,0.0,0.0,0.0,0.0,39393.113281,9015.339844,0.0,64.0,0.0,953.0,0.002555,1721542656.0,31872.0,0.093869,0.0,30377.775391,0.775567,0.775567,62.0,0.0,11.0,0.0,12.0,-0.0,0.0,0.0,3239.0,0.0,0.775567,0.775567,28.366344,0.0,0.0,23.0,0.0,0.0,294.454559,0.0,4192.0,79.416664,1.0
13.726535,0.728516,64256.0,0.0,15.099188,0.060544,0.0,0.0,0.0,0.0,0.0,43496.644531,9597.592773,0.0,64.0,0.0,953.0,0.001489,1721542656.0,31872.0,0.062033,0.0,33899.050781,0.728516,0.728516,62.0,0.0,11.0,0.0,12.0,-0.0,0.0,0.0,3395.0,0.0,0.728516,0.728516,30.198376,0.0,0.0,23.0,0.0,0.0,308.636353,0.0,4348.0,79.416664,1.0
18.368105,0.544422,64256.0,0.0,20.204916,0.060967,0.0,0.0,0.0,0.0,0.0,60364.941406,12842.979492,0.0,64.0,0.0,953.0,0.001489,1721542656.0,31872.0,0.062456,0.0,47521.960938,0.544422,0.544422,62.0,0.0,11.0,0.0,12.0,-0.0,0.0,0.0,3557.0,0.0,0.544422,0.544422,40.409832,0.0,0.0,23.0,0.0,0.0,323.363647,0.0,4510.0,79.416664,1.0
16.797323,0.595333,64256.0,0.0,18.477055,0.044329,0.0,0.0,0.0,0.0,0.0,57258.710938,11744.6875,0.0,64.0,0.0,953.0,0.001496,1721542656.0,31872.0,0.045825,0.0,45514.023438,0.595333,0.595333,62.0,0.0,11.0,0.0,12.0,-0.0,0.0,0.0,3725.0,0.0,0.595333,0.595333,36.954109,0.0,0.0,23.0,0.0,0.0,338.636353,0.0,4678.0,79.416664,1.0
17.176254,0.640419,64256.0,0.0,20.29921,0.060361,0.0,0.0,0.0,0.0,0.0,57999.527344,12591.755859,0.0,64.0,0.0,1085.0,0.001497,1721542656.0,31872.0,0.061858,0.0,45407.773438,0.640419,0.640419,62.0,0.0,12.0,0.0,14.0,-0.0,0.0,0.0,3965.0,0.0,0.640419,0.640419,39.036942,0.0,0.0,26.0,0.0,0.0,330.416656,0.0,5050.0,77.5,1.0
15.801851,0.696121,64256.0,0.0,18.674915,0.028966,0.0,0.0,0.0,0.0,0.0,55254.761719,11584.193359,0.0,64.0,0.0,1085.0,0.000993,1721542656.0,31872.0,0.029959,0.0,43670.570312,0.696121,0.696121,62.0,0.0,12.0,0.0,14.0,-0.0,0.0,0.0,4145.0,0.0,0.696121,0.696121,35.9133,0.0,0.0,26.0,0.0,0.0,345.416656,0.0,5230.0,77.5,1.0
18.158766,0.605768,64256.0,0.0,18.158766,0.06022,0.0,0.0,0.0,0.0,0.0,63984.890625,11542.37207,0.0,64.0,0.0,953.0,0.002104,1721542656.0,31872.0,0.062324,0.0,52442.515625,0.605768,0.605768,62.0,0.0,12.0,0.0,12.0,-0.0,0.0,0.0,4331.0,0.0,0.605768,0.605768,37.96833,0.0,0.0,24.0,0.0,0.0,360.916656,0.0,5284.0,79.416664,1.0
2.786249,2.871244,64256.0,0.0,2.786249,0.057029,0.0,1.0,0.0,0.0,5.263158,7252.605469,1919.725464,1.0,64.0,0.0,775.0,0.002012,1721542656.0,31872.0,0.059041,0.0,5332.880371,2.871244,2.871244,62.0,0.0,9.0,0.0,9.0,-0.0,0.0,0.0,2153.0,1.0,2.871244,2.871244,5.920779,1.0,0.0,18.0,1.0,0.0,239.222229,0.0,2928.0,86.111115,1.0
2.04992,1.951296,64256.0,0.0,3.074879,0.057029,0.0,0.0,0.0,1.0,0.0,9933.911133,1685.033936,0.0,64.0,0.0,479.0,0.002012,1721542656.0,31872.0,0.059041,0.0,8248.876953,1.951296,1.951296,62.0,0.0,5.0,0.0,7.0,-0.0,1.0,0.0,2514.0,1.0,1.951296,1.951296,5.637279,0.0,0.0,12.0,0.0,0.0,502.799988,0.0,2993.0,68.428574,1.0
20.923326,0.525729,64256.0,0.0,24.72757,0.044898,0.0,0.0,0.0,0.0,0.0,81197.726562,15338.701172,0.0,64.0,0.0,1085.0,0.000993,1721542656.0,31872.0,0.045891,0.0,65859.023438,0.525729,0.525729,62.0,0.0,12.0,0.0,14.0,-0.0,0.0,0.0,4721.0,0.0,0.525729,0.525729,47.553017,0.0,0.0,26.0,0.0,0.0,393.416656,0.0,5806.0,77.5,1.0
19.782288,0.556053,64256.0,0.0,19.782288,0.060921,0.0,0.0,0.0,0.0,0.0,77532.179688,12574.341797,0.0,64.0,0.0,953.0,0.0,1721542656.0,31872.0,0.060921,0.0,64957.839844,0.556053,0.556053,62.0,0.0,12.0,0.0,12.0,-0.0,0.0,0.0,4925.0,0.0,0.556053,0.556053,41.362965,0.0,0.0,24.0,0.0,0.0,410.416656,0.0,5878.0,79.416664,1.0
21.465467,0.512451,64256.0,0.0,21.465467,0.060803,0.0,0.0,0.0,0.0,0.0,87141.992188,13644.231445,0.0,64.0,0.0,953.0,0.000497,1721542656.0,31872.0,0.0613,0.0,73497.757812,0.512451,0.512451,62.0,0.0,12.0,0.0,12.0,-0.0,0.0,0.0,5135.0,0.0,0.512451,0.512451,44.882339,0.0,0.0,24.0,0.0,0.0,427.916656,0.0,6088.0,79.416664,1.0
22.79237,0.526492,64256.0,0.0,22.79237,0.060912,0.0,0.0,0.0,0.0,0.0,90288.171875,14298.413086,0.0,64.0,0.0,1019.0,0.0,1721542656.0,31872.0,0.060912,0.0,75989.757812,0.526492,0.526492,62.0,0.0,13.0,0.0,13.0,-0.0,0.0,0.0,5417.0,0.0,0.526492,0.526492,47.484104,0.0,0.0,26.0,0.0,0.0,416.692322,0.0,6436.0,78.384613,1.0
12.269299,0.978051,64256.0,0.0,12.269299,0.06073,0.0,0.0,0.0,0.0,0.0,50279.585938,7696.939941,0.0,64.0,0.0,1019.0,0.000497,1721542656.0,31872.0,0.061227,0.0,42582.644531,0.978051,0.978051,62.0,0.0,13.0,0.0,13.0,-0.0,0.0,0.0,5639.0,0.0,0.978051,0.978051,25.561039,0.0,0.0,26.0,0.0,0.0,433.769226,0.0,6658.0,78.384613,1.0
5.002443,2.59873,64256.0,0.0,5.002443,0.22057,0.0,1.0,0.0,0.0,3.448276,20225.263672,3229.269531,0.0,64.0,0.0,1129.0,0.004029,1721542656.0,31872.0,0.224599,0.0,16995.994141,2.59873,2.59873,62.0,0.0,14.0,0.0,14.0,-0.0,0.0,0.0,5945.0,1.0,2.59873,2.59873,10.38969,1.0,0.0,28.0,1.0,0.0,424.642853,0.0,7074.0,80.64286,1.0
3.630286,3.305525,64256.0,3.0,4.235333,0.198419,0.0,3.0,0.0,0.0,9.677419,16312.083008,2681.571045,0.0,64.0,0.0,1187.0,0.003014,1721542656.0,31872.0,0.201433,0.0,13630.512695,3.305525,3.305525,62.0,0.0,13.0,0.0,15.0,-0.0,0.0,0.0,6101.0,1.0,3.305525,3.305525,8.168142,0.0,0.0,28.0,0.0,0.0,469.307678,0.0,7288.0,79.133331,1.0
6.661364,1.801433,64256.0,0.0,6.661364,0.231135,0.0,0.0,0.0,0.0,0.0,30175.976562,4178.895508,0.0,64.0,0.0,1019.0,0.00149,1721542656.0,31872.0,0.232625,0.0,25997.082031,1.801433,1.801433,62.0,0.0,13.0,0.0,13.0,-0.0,0.0,0.0,6341.0,0.0,1.801433,1.801433,13.877841,0.0,0.0,26.0,0.0,0.0,487.769226,0.0,7360.0,78.384613,1.0
16.152435,0.742922,64256.0,0.0,16.152435,0.073684,0.0,0.0,0.0,0.0,0.0,75614.9375,10132.960938,0.0,64.0,0.0,1019.0,0.001143,1721542656.0,31872.0,0.074827,0.0,65481.972656,0.742922,0.742922,62.0,0.0,13.0,0.0,13.0,-0.0,0.0,0.0,6587.0,0.0,0.742922,0.742922,33.650909,0.0,0.0,26.0,0.0,0.0,506.692322,0.0,7606.0,78.384613,1.0
2.506027,4.788457,64256.0,0.0,2.714862,0.21206,0.0,2.0,0.0,0.0,6.896552,12351.369141,1804.339111,0.0,64.0,0.0,1163.0,0.00453,1721542656.0,31872.0,0.21659,0.0,10547.030273,4.788457,4.788457,62.0,0.0,13.0,0.0,14.0,-0.0,0.0,0.0,6839.0,0.0,4.788457,4.788457,5.429724,1.0,0.0,27.0,2.0,0.0,526.076904,0.0,8002.0,83.071426,1.0
0.0,0.003005,64256.0,0.0,0.0,0.21206,0.0,0.0,0.0,0.0,0.0,0.0,0.0,0.0,64.0,0.0,66.0,0.00453,1721542656.0,31872.0,0.21659,0.0,0.0,0.003005,0.003005,62.0,0.0,1.0,0.0,1.0,-0.0,1.0,0.0,66.0,0.0,0.003005,0.003005,332.778687,0.0,0.0,2.0,0.0,0.0,66.0,0.0,132.0,66.0,1.0
7.330862,1.773325,64256.0,0.0,7.894774,0.162672,0.0,0.0,0.0,0.0,0.0,34858.8125,4849.646973,0.0,64.0,0.0,1151.0,0.007005,1721542656.0,31872.0,0.169677,0.0,30009.164062,1.773325,1.773325,62.0,0.0,14.0,0.0,15.0,-0.0,0.0,0.0,7163.0,0.0,1.773325,1.773325,15.789548,0.0,0.0,29.0,0.0,0.0,511.642853,0.0,8314.0,76.73333,1.0
18.655298,0.696853,64256.0,0.0,17.220276,0.136429,0.0,0.0,0.0,0.0,0.0,89981.679688,10802.852539,0.0,64.0,0.0,1019.0,0.017995,1721542656.0,31872.0,0.154424,0.0,79178.828125,0.696853,0.696853,62.0,0.0,14.0,0.0,13.0,-0.0,0.0,0.0,7427.0,0.0,0.696853,0.696853,37.310596,0.0,0.0,27.0,0.0,0.0,530.5,0.0,8446.0,78.384613,1.0
14.308901,0.978412,64256.0,0.0,14.308901,0.04538,0.0,0.0,0.0,0.0,0.0,74815.109375,8879.695312,0.0,64.0,0.0,1163.0,0.000999,1721542656.0,31872.0,0.046379,0.0,65935.414062,0.978412,0.978412,62.0,0.0,15.0,0.0,15.0,-0.0,0.0,0.0,8639.0,1.0,0.978412,0.978412,29.639866,0.0,0.0,30.0,0.0,0.0,575.93335,0.0,9802.0,77.533333,1.0
4.15587,3.849976,64256.0,2.0,4.15587,0.188778,1.0,3.0,0.0,0.0,8.108108,18632.84375,2605.730469,0.0,64.0,0.0,1332.0,0.011467,1721542656.0,31872.0,0.200245,0.0,16027.112305,3.849976,3.849976,62.0,0.0,17.0,0.0,17.0,-0.0,0.0,0.0,8195.0,1.0,3.849976,3.849976,8.571482,0.0,0.0,34.0,1.0,0.0,482.058838,0.0,9527.0,78.352943,1.0
4.294813,3.259746,64256.0,4.0,4.908358,0.181697,1.0,5.0,0.0,0.0,13.513514,22222.589844,3160.982422,0.0,64.0,0.0,1368.0,0.004252,1721542656.0,31872.0,0.185949,0.0,19061.607422,3.259746,3.259746,62.0,0.0,15.0,0.0,17.0,-0.0,0.0,0.0,8321.0,1.0,3.259746,3.259746,9.509943,0.0,0.0,32.0,1.0,0.0,554.733337,0.0,9689.0,80.470589,1.0
4.294252,3.260172,64256.0,0.0,4.600985,0.195525,0.0,2.0,0.0,0.0,6.060606,22722.728516,3003.522705,0.0,64.0,0.0,1305.0,0.004033,1721542656.0,31872.0,0.199558,0.0,19719.205078,3.260172,3.260172,62.0,0.0,15.0,0.0,16.0,-0.0,0.0,0.0,8609.0,0.0,3.260172,3.260172,9.201969,1.0,0.0,31.0,2.0,0.0,573.93335,0.0,9914.0,81.5625,1.0
20.496513,0.683043,64256.0,0.0,19.032476,0.059487,0.0,0.0,0.0,0.0,0.0,109135.148438,11805.991211,0.0,64.0,0.0,1085.0,0.000497,1721542656.0,31872.0,0.059984,0.0,97329.15625,0.683043,0.683043,62.0,0.0,15.0,0.0,14.0,-0.0,0.0,0.0,8903.0,0.0,0.683043,0.683043,40.993027,0.0,0.0,29.0,0.0,0.0,593.533325,0.0,9988.0,77.5,1.0
24.098831,0.580941,64256.0,0.0,22.377487,0.075194,0.0,0.0,0.0,0.0,0.0,132171.765625,13880.926758,0.0,64.0,0.0,1085.0,0.001522,1721542656.0,31872.0,0.076716,0.0,118290.835938,0.580941,0.580941,62.0,0.0,15.0,0.0,14.0,-0.0,0.0,0.0,9203.0,0.0,0.580941,0.580941,48.197662,0.0,0.0,29.0,0.0,0.0,613.533325,0.0,10288.0,77.5,1.0
2.826214,4.953624,64256.0,0.0,3.229959,0.199455,0.0,1.0,0.0,0.0,3.030303,16316.135742,1963.814819,0.0,64.0,0.0,1291.0,0.001496,1721542656.0,31872.0,0.200951,0.0,14352.321289,4.953624,4.953624,62.0,0.0,15.0,0.0,17.0,-0.0,0.0,0.0,9521.0,1.0,4.953624,4.953624,6.258045,1.0,0.0,32.0,1.0,0.0,634.733337,0.0,10812.0,75.941177,1.0
0.284444,3.515625,64256.0,0.0,0.0,0.199455,0.0,0.0,0.0,0.0,0.0,163.839996,0.0,0.0,64.0,0.0,66.0,0.001496,1721542656.0,31872.0,0.200951,0.0,163.839996,3.515625,3.515625,62.0,0.0,2.0,0.0,1.0,-0.0,1.0,0.0,144.0,1.0,3.515625,3.515625,0.568889,0.0,0.0,3.0,0.0,0.0,72.0,0.0,210.0,66.0,1.0
3.017688,2.651036,64256.0,0.0,2.640477,0.125868,0.0,2.0,0.0,0.0,10.526316,3708.73877,1801.559814,1.0,64.0,0.0,682.0,0.028527,1721542656.0,31872.0,0.154395,0.0,1907.178955,2.651036,2.651036,62.0,0.0,9.0,0.0,8.0,-0.0,0.0,0.0,711.0,1.0,2.651036,2.651036,6.035376,1.0,0.0,17.0,2.0,0.0,79.0,0.0,1393.0,85.25,1.0
25.513653,0.391947,64256.0,0.0,17.859558,0.125868,0.0,0.0,0.0,1.0,0.0,186025.15625,10409.570312,0.0,64.0,0.0,582.0,0.028527,1721542656.0,31872.0,0.154395,0.0,175615.578125,0.391947,0.391947,62.0,0.0,11.0,0.0,8.0,-0.0,1.0,0.0,9464.0,1.0,0.391947,0.391947,45.924576,0.0,0.0,19.0,0.0,0.0,860.363647,0.0,10046.0,72.75,1.0
18.081306,0.829586,64256.0,0.0,15.670466,0.042618,0.0,0.0,0.0,0.0,0.0,101988.21875,9720.510742,0.0,64.0,0.0,1085.0,0.004966,1721542656.0,31872.0,0.047584,0.0,92267.703125,0.829586,0.829586,62.0,0.0,16.0,0.0,14.0,-0.0,0.0,0.0,10205.0,0.0,0.829586,0.829586,34.957195,0.0,0.0,30.0,0.0,0.0,637.8125,0.0,11290.0,77.5,1.0
22.89629,0.655128,64256.0,0.0,22.89629,0.060545,0.0,0.0,0.0,0.0,0.0,134471.4375,13933.155273,0.0,64.0,0.0,1217.0,0.004029,1721542656.0,31872.0,0.064574,0.0,120538.273438,0.655128,0.655128,62.0,0.0,16.0,0.0,16.0,-0.0,0.0,0.0,10529.0,0.0,0.655128,0.655128,47.318996,0.0,0.0,32.0,0.0,0.0,658.0625,0.0,11746.0,76.0625,1.0
21.569916,0.695413,64256.0,0.0,21.569916,0.059895,0.0,0.0,0.0,0.0,0.0,130247.78125,13126.012695,0.0,64.0,0.0,1217.0,0.015979,1721542656.0,31872.0,0.075874,0.0,117121.765625,0.695413,0.695413,62.0,0.0,16.0,0.0,16.0,-0.0,0.0,0.0,10859.0,0.0,0.695413,0.695413,44.577827,0.0,0.0,32.0,0.0,0.0,678.6875,0.0,12076.0,76.0625,1.0
23.575624,0.551417,64256.0,0.0,18.135096,0.040027,0.0,0.0,0.0,0.0,0.0,160444.8125,11475.888672,1.0,64.0,0.0,870.0,0.00552,1721542656.0,31872.0,0.045547,0.0,148968.9375,0.551417,0.551417,62.0,0.0,14.0,0.0,11.0,-0.0,0.0,0.0,11057.0,0.0,0.551417,0.551417,43.524231,0.0,0.0,25.0,0.0,0.0,789.785706,0.0,11927.0,79.090912,1.0
11.602274,0.08619,64256.0,0.0,46.409096,0.040027,0.0,0.0,0.0,1.0,0.0,32207.912109,25803.457031,0.0,64.0,0.0,347.0,0.00552,1721542656.0,31872.0,0.045547,0.0,6404.455078,0.08619,0.08619,62.0,0.0,2.0,0.0,5.0,-0.0,1.0,0.0,138.0,0.0,0.08619,0.08619,69.613647,0.0,0.0,7.0,0.0,0.0,69.0,0.0,485.0,69.400002,1.0
10.344705,1.546685,64256.0,0.0,9.051617,0.177153,0.0,0.0,0.0,0.0,0.0,62047.542969,5560.278809,0.0,64.0,0.0,1151.0,0.010487,1721542656.0,31872.0,0.18764,0.0,56487.261719,1.546685,1.546685,62.0,0.0,17.0,0.0,15.0,-0.0,0.0,0.0,11603.0,0.0,1.546685,1.546685,20.042866,0.0,0.0,32.0,0.0,0.0,682.529419,0.0,12754.0,76.73333,1.0
5.72908,3.490962,64256.0,0.0,5.156172,0.150518,0.0,2.0,0.0,0.0,4.761905,29846.214844,3107.452881,0.0,64.0,0.0,1431.0,0.003477,1721542656.0,31872.0,0.153995,0.0,26738.761719,3.490962,3.490962,62.0,0.0,21.0,0.0,19.0,-0.0,0.0,0.0,12251.0,1.0,3.490962,3.490962,11.171705,1.0,0.0,40.0,2.0,0.0,583.380981,0.0,13682.0,75.315788,1.0
5.751743,3.129486,64256.0,0.0,5.11266,0.230312,0.0,1.0,0.0,0.0,2.702703,33257.855469,3108.497559,0.0,64.0,0.0,1291.0,0.001523,1721542656.0,31872.0,0.231835,0.0,30149.359375,3.129486,3.129486,62.0,0.0,19.0,0.0,17.0,-0.0,0.0,0.0,12449.0,1.0,3.129486,3.129486,11.183945,1.0,0.0,36.0,1.0,0.0,655.21051,0.0,13740.0,75.941177,1.0
18.2882,0.874881,64256.0,0.0,16.002176,0.216121,0.0,0.0,0.0,0.0,0.0,118827.585938,9829.908203,0.0,64.0,0.0,1151.0,0.009159,1721542656.0,31872.0,0.22528,0.0,108997.679688,0.874881,0.874881,62.0,0.0,17.0,0.0,15.0,-0.0,0.0,0.0,12665.0,0.0,0.874881,0.874881,35.433388,0.0,0.0,32.0,0.0,0.0,745.0,0.0,13816.0,76.73333,1.0
3.24333,4.624876,64256.0,1.0,2.594664,0.059338,1.0,3.0,0.0,0.0,9.375,15386.358398,1733.235596,1.0,64.0,0.0,1085.0,0.004523,1721542656.0,31872.0,0.063861,0.0,13653.123047,4.624876,4.624876,62.0,0.0,16.0,0.0,13.0,-0.0,0.0,0.0,8419.0,1.0,4.624876,4.624876,6.054216,0.0,0.0,29.0,2.0,0.0,526.1875,0.0,9504.0,83.46154,1.0
0.0,0.00998,64256.0,1.0,0.0,0.059338,0.0,1.0,0.0,0.0,33.333333,0.0,0.0,0.0,64.0,0.0,66.0,0.004523,1721542656.0,31872.0,0.063861,0.0,0.0,0.00998,0.00998,62.0,0.0,1.0,0.0,1.0,-0.0,1.0,0.0,1514.0,1.0,0.00998,0.00998,100.200401,0.0,0.0,2.0,0.0,0.0,1514.0,0.0,1580.0,66.0,1.0
0.697381,4.301812,64256.0,0.0,1.627221,0.059338,0.0,4.0,0.0,0.0,25.0,5655.291016,924.261658,0.0,64.0,1.0,568.0,0.004523,1721542656.0,31872.0,0.063861,0.0,4731.029297,4.301812,4.301812,62.0,0.0,4.0,0.0,8.0,-0.0,1.0,0.0,3392.0,1.0,4.301812,4.301812,2.557062,1.0,0.0,12.0,4.0,0.0,848.0,0.0,3960.0,71.0,1.0
10.617853,0.188362,64256.0,0.0,10.617853,0.059338,0.0,0.0,0.0,1.0,0.0,11637.166992,5861.054688,0.0,64.0,0.0,207.0,0.004523,1721542656.0,31872.0,0.063861,0.0,5776.111816,0.188362,0.188362,62.0,0.0,3.0,0.0,3.0,-0.0,1.0,0.0,204.0,1.0,0.188362,0.188362,26.544632,0.0,0.0,6.0,0.0,0.0,68.0,0.0,411.0,69.0,1.0
17.994198,0.944749,64256.0,0.0,16.935715,0.129679,0.0,0.0,0.0,0.0,0.0,117948.789062,10229.171875,0.0,64.0,0.0,1283.0,0.020903,1721542656.0,31872.0,0.150582,0.0,107719.617188,0.944749,0.944749,62.0,0.0,18.0,0.0,17.0,-0.0,0.0,0.0,13469.0,0.0,0.944749,0.944749,35.988396,0.0,0.0,35.0,0.0,0.0,748.277771,0.0,14752.0,75.470589,1.0
29.063555,0.584925,64256.0,0.0,27.353935,0.045931,0.0,0.0,0.0,0.0,0.0,195389.15625,16521.777344,0.0,64.0,0.0,1283.0,0.002037,1721542656.0,31872.0,0.047968,0.0,178867.375,0.584925,0.584925,62.0,0.0,18.0,0.0,17.0,-0.0,0.0,0.0,13847.0,0.0,0.584925,0.584925,58.12711,0.0,0.0,35.0,0.0,0.0,769.277771,0.0,15130.0,75.470589,1.0
15.610237,1.089029,64256.0,0.0,14.691988,0.103069,0.0,0.0,0.0,0.0,0.0,107611.460938,8873.960938,0.0,64.0,0.0,1283.0,0.002009,1721542656.0,31872.0,0.105078,0.0,98737.5,1.089029,1.089029,62.0,0.0,18.0,0.0,17.0,-0.0,0.0,0.0,14231.0,0.0,1.089029,1.089029,31.220474,0.0,0.0,35.0,0.0,0.0,790.611084,0.0,15514.0,75.470589,1.0
20.281357,0.936821,64256.0,0.0,17.079037,0.104609,0.0,0.0,0.0,0.0,0.0,130099.5625,10315.738281,0.0,64.0,0.0,1283.0,0.003038,1721542656.0,31872.0,0.107647,0.0,119783.820312,0.936821,0.936821,62.0,0.0,20.0,0.0,17.0,-0.0,0.0,0.0,14765.0,1.0,0.936821,0.936821,38.427834,0.0,0.0,37.0,0.0,0.0,738.25,0.0,16048.0,75.470589,1.0
18.09107,0.994966,64256.0,0.0,15.075892,0.107388,0.0,0.0,0.0,0.0,0.0,124072.585938,9174.183594,0.0,64.0,0.0,1217.0,0.001986,1721542656.0,31872.0,0.109374,0.0,114898.398438,0.994966,0.994966,62.0,0.0,19.0,0.0,16.0,-0.0,0.0,0.0,15083.0,0.0,0.994966,0.994966,34.172024,0.0,0.0,35.0,0.0,0.0,793.842102,0.0,16300.0,76.0625,1.0
14.362325,1.253279,64256.0,0.0,11.968604,0.106473,0.0,0.0,0.0,0.0,0.0,100925.65625,7283.294434,0.0,64.0,0.0,1217.0,0.000995,1721542656.0,31872.0,0.107468,0.0,93642.359375,1.253279,1.253279,62.0,0.0,19.0,0.0,16.0,-0.0,0.0,0.0,15485.0,0.0,1.253279,1.253279,27.128836,0.0,0.0,35.0,0.0,0.0,815.0,0.0,16702.0,76.0625,1.0
29.707878,0.639561,64256.0,0.0,26.580732,0.044848,0.0,0.0,0.0,0.0,0.0,205603.53125,15948.439453,0.0,64.0,0.0,1349.0,0.000496,1721542656.0,31872.0,0.045344,0.0,189655.09375,0.639561,0.639561,62.0,0.0,20.0,0.0,18.0,-0.0,0.0,0.0,15959.0,0.0,0.639561,0.639561,57.852184,0.0,0.0,38.0,0.0,0.0,797.950012,0.0,17308.0,74.944443,1.0
0.425988,4.694973,64256.0,0.0,1.064969,0.171535,0.0,4.0,0.0,0.0,30.769231,1134.830811,886.054077,0.0,64.0,0.0,624.0,0.003477,1721542656.0,31872.0,0.175012,0.0,248.776718,4.694973,4.694973,62.0,0.0,3.0,0.0,6.0,-0.0,0.0,0.0,218.0,1.0,4.694973,4.694973,1.70395,1.0,0.0,9.0,4.0,0.0,72.666664,0.0,842.0,104.0,1.0
3.886954,2.315438,64256.0,0.0,3.023186,0.171535,0.0,1.0,0.0,0.0,5.263158,17817.794922,1934.839111,0.0,64.0,1.0,640.0,0.003477,1721542656.0,31872.0,0.175012,2896.0,15882.956055,2.315438,2.315438,62.0,0.0,10.0,0.0,8.0,-0.0,1.0,0.0,5107.0,1.0,2.315438,2.315438,7.342023,1.0,0.0,18.0,1.0,0.0,510.700012,0.0,5747.0,80.0,1.0
25.752693,0.349478,64256.0,2.0,28.614103,0.171535,0.0,2.0,0.0,1.0,8.695652,248164.40625,15978.115234,0.0,64.0,0.0,767.0,0.003477,1721542656.0,31872.0,0.175012,0.0,232186.28125,0.349478,0.349478,62.0,0.0,10.0,0.0,11.0,-0.0,1.0,0.0,11270.0,1.0,0.349478,0.349478,57.228207,0.0,0.0,21.0,0.0,0.0,1127.0,0.0,12037.0,69.727272,1.0
34.045601,0.558075,64256.0,0.0,26.878107,0.060893,0.0,0.0,0.0,0.0,0.0,245056.65625,16356.224609,0.0,64.0,0.0,1217.0,0.000994,1721542656.0,31872.0,0.061887,0.0,228700.4375,0.558075,0.558075,62.0,0.0,20.0,0.0,16.0,-0.0,0.0,0.0,16793.0,0.0,0.558075,0.558075,62.715584,0.0,0.0,36.0,0.0,0.0,839.650024,0.0,18010.0,76.0625,1.0
30.272179,0.627639,64256.0,0.0,27.085634,0.053565,0.0,0.0,0.0,0.0,0.0,224766.15625,16251.379883,0.0,64.0,0.0,1349.0,0.003476,1721542656.0,31872.0,0.057041,0.0,208514.765625,0.627639,0.627639,62.0,0.0,20.0,0.0,18.0,-0.0,0.0,0.0,17219.0,0.0,0.627639,0.627639,58.951084,0.0,0.0,38.0,0.0,0.0,860.950012,0.0,18568.0,74.944443,1.0
30.025927,0.666091,64256.0,0.0,24.020741,0.041451,0.0,0.0,0.0,0.0,0.0,217171.515625,14508.527344,0.0,64.0,0.0,1283.0,0.002476,1721542656.0,31872.0,0.043927,0.0,202662.984375,0.666091,0.666091,61.0,0.0,21.0,0.0,17.0,-0.0,0.0,0.0,17717.0,0.0,0.666091,0.666091,55.547962,0.0,0.0,38.0,0.0,0.0,843.666687,0.0,19000.0,75.470589,1.0
26.081503,0.766827,64256.0,0.0,20.865202,0.089347,0.0,0.0,0.0,0.0,0.0,192992.6875,12602.582031,0.0,64.0,0.0,1283.0,0.001986,1721542656.0,31872.0,0.091333,0.0,180390.109375,0.766827,0.766827,61.0,0.0,21.0,0.0,17.0,-0.0,0.0,0.0,18155.0,0.0,0.766827,0.766827,48.250778,0.0,0.0,38.0,0.0,0.0,864.523804,0.0,19438.0,75.470589,1.0
26.299353,0.760475,64256.0,0.0,21.039482,0.065635,0.0,0.0,0.0,0.0,0.0,199054.546875,12707.847656,0.0,64.0,0.0,1283.0,0.011654,1721542656.0,31872.0,0.077289,0.0,186346.703125,0.760475,0.760475,61.0,0.0,21.0,0.0,17.0,-0.0,0.0,0.0,18599.0,0.0,0.760475,0.760475,48.653805,0.0,0.0,38.0,0.0,0.0,885.666687,0.0,19882.0,75.470589,1.0
28.545214,0.735675,64256.0,0.0,21.748735,0.057304,0.0,0.0,0.0,0.0,0.0,211560.8125,13136.235352,0.0,64.0,0.0,1283.0,0.004523,1721542656.0,31872.0,0.061827,0.0,198424.578125,0.735675,0.735675,61.0,0.0,22.0,0.0,17.0,-0.0,0.0,0.0,19115.0,0.0,0.735675,0.735675,51.653244,0.0,0.0,39.0,0.0,0.0,868.863647,0.0,20398.0,75.470589,1.0
32.382992,0.679369,64256.0,0.0,25.023222,0.060821,0.0,0.0,0.0,0.0,0.0,236336.96875,15013.932617,0.0,64.0,0.0,1349.0,0.000994,1721542656.0,31872.0,0.061815,0.0,221323.03125,0.679369,0.679369,62.0,0.0,23.0,0.0,18.0,-0.0,0.0,0.0,19649.0,1.0,0.679369,0.679369,58.878166,0.0,0.0,41.0,0.0,0.0,854.304321,0.0,20998.0,74.944443,1.0
3.064363,2.936989,64256.0,0.0,2.723878,0.183831,0.0,1.0,0.0,0.0,5.0,7250.963379,1808.655029,1.0,64.0,0.0,746.0,0.012756,1721542656.0,31872.0,0.196587,0.0,5442.308105,2.936989,2.936989,62.0,0.0,10.0,0.0,9.0,-0.0,0.0,0.0,2219.0,1.0,2.936989,2.936989,6.128726,1.0,0.0,19.0,1.0,0.0,221.899994,0.0,2965.0,82.888885,1.0
6.288751,2.067183,64256.0,7.0,5.321251,0.183831,0.0,7.0,0.0,1.0,21.212121,67663.09375,3126.960693,0.0,64.0,0.0,881.0,0.012756,1721542656.0,31872.0,0.196587,0.0,64536.132812,2.067183,2.067183,62.0,0.0,14.0,0.0,12.0,-0.0,1.0,0.0,17958.0,1.0,2.067183,2.067183,12.093753,0.0,0.0,26.0,0.0,0.0,1282.714233,0.0,18839.0,73.416664,1.0
38.730892,0.568022,64256.0,0.0,29.928417,0.031506,0.0,0.0,0.0,0.0,0.0,295030.8125,17957.050781,0.0,64.0,0.0,1349.0,0.000497,1721542656.0,31872.0,0.032003,0.0,277073.78125,0.568022,0.568022,62.0,0.0,23.0,0.0,18.0,-0.0,0.0,0.0,20567.0,0.0,0.568022,0.568022,70.419807,0.0,0.0,41.0,0.0,0.0,894.217407,0.0,21916.0,74.944443,1.0
9.546197,2.51409,64256.0,0.0,8.750681,0.243826,0.0,1.0,0.0,0.0,2.040816,69852.710938,5135.854004,0.0,64.0,0.0,1687.0,0.00298,1721542656.0,31872.0,0.246806,0.0,64716.855469,2.51409,2.51409,62.0,0.0,25.0,0.0,23.0,-0.0,0.0,0.0,21185.0,1.0,2.51409,2.51409,18.694637,1.0,0.0,48.0,1.0,0.0,847.400024,0.0,22872.0,73.347824,1.0
41.000103,0.536584,64256.0,0.0,31.681898,0.04751,0.0,0.0,0.0,0.0,0.0,325928.46875,19009.138672,0.0,64.0,0.0,1349.0,0.000492,1721542656.0,31872.0,0.048002,0.0,306919.3125,0.536584,0.536584,62.0,0.0,23.0,0.0,18.0,-0.0,0.0,0.0,21521.0,0.0,0.536584,0.536584,74.545639,0.0,0.0,41.0,0.0,0.0,935.695679,0.0,22870.0,74.944443,1.0
51.392628,0.447535,64256.0,0.0,37.985855,0.045336,0.0,0.0,0.0,0.0,0.0,400934.0,22791.513672,0.0,64.0,0.0,1349.0,0.001007,1721542656.0,31872.0,0.046343,0.0,378142.5,0.447535,0.447535,62.0,0.0,24.0,0.0,18.0,-0.0,0.0,0.0,22073.0,0.0,0.447535,0.447535,91.612946,0.0,0.0,42.0,0.0,0.0,919.708313,0.0,23422.0,74.944443,1.0
7.762413,3.220648,64256.0,10.0,5.899434,0.19663,1.0,11.0,0.0,0.0,19.298246,57965.972656,3725.958252,0.0,64.0,0.0,1578.0,0.000993,1721542656.0,31872.0,0.197623,0.0,54240.015625,3.220648,3.220648,62.0,0.0,26.0,0.0,20.0,-0.0,0.0,0.0,22709.0,1.0,3.220648,3.220648,13.972343,0.0,0.0,46.0,1.0,0.0,873.423096,0.0,24287.0,78.900002,1.0
2.330102,1.287497,64256.0,0.0,3.106803,0.209451,0.0,1.0,0.0,0.0,10.0,3697.095947,2286.607178,1.0,64.0,0.0,460.0,0.003023,1721542656.0,31872.0,0.212474,0.0,1410.488647,1.287497,1.287497,62.0,0.0,4.0,0.0,5.0,-0.0,0.0,0.0,302.0,1.0,1.287497,1.287497,6.213606,1.0,0.0,9.0,1.0,0.0,75.5,0.0,762.0,92.0,1.0
6.194305,3.228772,64256.0,1.0,4.955444,0.209451,0.0,1.0,0.0,1.0,2.564103,56705.152344,2809.737061,0.0,64.0,0.0,1204.0,0.003023,1721542656.0,31872.0,0.212474,0.0,53895.414062,3.228772,3.228772,62.0,0.0,21.0,0.0,17.0,-0.0,1.0,0.0,22839.0,1.0,3.228772,3.228772,11.459465,0.0,0.0,38.0,0.0,0.0,1087.571411,0.0,24043.0,70.823532,1.0
32.905697,0.729357,64256.0,0.0,24.679272,0.090014,0.0,0.0,0.0,0.0,0.0,263563.65625,14708.84668,0.0,64.0,0.0,1415.0,0.024265,1721542656.0,31872.0,0.114279,0.0,248854.8125,0.729357,0.729357,62.0,0.0,25.0,0.0,19.0,-0.0,0.0,0.0,23633.0,0.0,0.729357,0.729357,58.956039,0.0,0.0,44.0,0.0,0.0,945.320007,0.0,25048.0,74.473686,1.0
17.545399,1.36788,64256.0,0.0,13.159049,0.129561,0.0,0.0,0.0,0.0,0.0,143398.546875,7842.793457,0.0,64.0,0.0,1415.0,0.002484,1721542656.0,31872.0,0.132045,0.0,135555.75,1.36788,1.36788,62.0,0.0,25.0,0.0,19.0,-0.0,0.0,0.0,24143.0,0.0,1.36788,1.36788,31.435507,0.0,0.0,44.0,0.0,0.0,965.719971,0.0,25558.0,74.473686,1.0
9.493968,2.738581,64256.0,0.0,7.303052,0.259978,0.0,1.0,0.0,0.0,2.040816,74187.328125,4413.964844,0.0,64.0,0.0,1586.0,0.012021,1721542656.0,31872.0,0.271999,0.0,69773.359375,2.738581,2.738581,62.0,0.0,27.0,0.0,21.0,-0.0,0.0,0.0,24803.0,1.0,2.738581,2.738581,17.162172,1.0,0.0,48.0,1.0,0.0,918.629639,0.0,26389.0,75.523811,1.0
14.757211,1.694087,64256.0,0.0,10.625192,0.09438,0.0,0.0,0.0,0.0,0.0,120971.351562,6332.614258,0.0,64.0,0.0,1415.0,0.00447,1721542656.0,31872.0,0.09885,0.0,114638.742188,1.694087,1.694087,62.0,0.0,26.0,0.0,19.0,-0.0,0.0,0.0,25247.0,0.0,1.694087,1.694087,25.972692,0.0,0.0,45.0,0.0,0.0,971.038452,0.0,26662.0,74.473686,1.0
20.686716,1.208505,64256.0,0.0,14.894435,0.085241,0.0,0.0,0.0,0.0,0.0,172940.9375,8877.083008,0.0,64.0,0.0,1415.0,0.005483,1721542656.0,31872.0,0.090724,0.0,164063.859375,1.208505,1.208505,62.0,0.0,26.0,0.0,19.0,-0.0,0.0,0.0,25775.0,0.0,1.208505,1.208505,36.408619,0.0,0.0,45.0,0.0,0.0,991.34613,0.0,27190.0,74.473686,1.0
19.85565,1.410178,64256.0,0.0,14.182608,0.088941,0.0,1.0,0.0,0.0,1.960784,153728.109375,8401.776367,0.0,64.0,0.0,1555.0,0.004469,1721542656.0,31872.0,0.09341,0.0,145326.34375,1.410178,1.410178,62.0,0.0,29.0,0.0,21.0,-0.0,0.0,0.0,26531.0,1.0,1.410178,1.410178,34.747387,1.0,0.0,50.0,1.0,0.0,914.862061,0.0,28086.0,74.047623,1.0
40.701824,0.638792,64256.0,0.0,29.743643,0.057369,0.0,0.0,0.0,0.0,0.0,342220.96875,17620.759766,0.0,64.0,0.0,1481.0,0.000994,1721542656.0,31872.0,0.058363,0.0,324600.1875,0.638792,0.638792,62.0,0.0,27.0,0.0,20.0,-0.0,0.0,0.0,26915.0,0.0,0.638792,0.638792,72.010925,0.0,0.0,47.0,0.0,0.0,996.851868,0.0,28396.0,74.050003,1.0
43.770752,0.594004,64256.0,0.0,31.986319,0.061531,0.0,0.0,0.0,0.0,0.0,375095.09375,18949.367188,0.0,64.0,0.0,1481.0,0.000994,1721542656.0,31872.0,0.062525,0.0,356145.75,0.594004,0.594004,62.0,0.0,27.0,0.0,20.0,-0.0,0.0,0.0,27461.0,0.0,0.594004,0.594004,77.440559,0.0,0.0,47.0,0.0,0.0,1017.074097,0.0,28942.0,74.050003,1.0
19.816442,1.362505,64256.0,0.0,13.944903,0.146502,0.0,0.0,0.0,0.0,0.0,167244.890625,8261.253906,0.0,64.0,0.0,1481.0,0.007504,1721542656.0,31872.0,0.154006,0.0,158983.640625,1.362505,1.362505,62.0,0.0,28.0,0.0,20.0,-0.0,0.0,0.0,28079.0,0.0,1.362505,1.362505,34.495289,0.0,0.0,48.0,0.0,0.0,1002.821411,0.0,29560.0,74.050003,1.0
12.928737,2.088371,64256.0,3.0,10.534527,0.195246,0.0,3.0,0.0,0.0,5.555556,112290.390625,6504.591309,0.0,64.0,0.0,1775.0,0.003007,1721542656.0,31872.0,0.198253,0.0,105785.796875,2.088371,2.088371,62.0,0.0,28.0,0.0,23.0,-0.0,0.0,0.0,28637.0,1.0,2.088371,2.088371,23.942106,0.0,0.0,51.0,0.0,0.0,1022.75,0.0,30412.0,77.173912,1.0
43.481762,0.62095,64256.0,0.0,30.598278,0.077,0.0,0.0,0.0,0.0,0.0,380913.125,18127.064453,0.0,64.0,0.0,1481.0,0.000499,1721542656.0,31872.0,0.077499,0.0,362786.0625,0.62095,0.62095,62.0,0.0,28.0,0.0,20.0,-0.0,0.0,0.0,29201.0,0.0,0.62095,0.62095,75.690475,0.0,0.0,48.0,0.0,0.0,1042.892822,0.0,30682.0,74.050003,1.0
43.386436,0.645363,64256.0,0.0,30.990313,0.060443,0.0,0.0,0.0,0.0,0.0,375391.84375,18271.888672,0.0,64.0,0.0,1547.0,0.010046,1721542656.0,31872.0,0.070489,0.0,357119.96875,0.645363,0.645363,62.0,0.0,29.0,0.0,21.0,-0.0,0.0,0.0,29837.0,0.0,0.645363,0.645363,75.926262,0.0,0.0,50.0,0.0,0.0,1028.862061,0.0,31384.0,73.666664,1.0
28.115696,0.995885,64256.0,0.0,21.086771,0.089997,0.0,0.0,0.0,0.0,0.0,248261.59375,12370.90625,0.0,64.0,0.0,1613.0,0.019477,1721542656.0,31872.0,0.109474,0.0,235890.6875,0.995885,0.995885,62.0,0.0,29.0,0.0,22.0,-0.0,0.0,0.0,30413.0,0.0,0.995885,0.995885,50.2066,0.0,0.0,51.0,0.0,0.0,1048.724121,0.0,32026.0,73.318184,1.0
36.518917,0.821492,64256.0,0.0,25.563244,0.051544,0.0,0.0,0.0,0.0,0.0,308463.125,14997.102539,0.0,64.0,0.0,1613.0,0.008939,1721542656.0,31872.0,0.060483,0.0,293466.03125,0.821492,0.821492,62.0,0.0,31.0,0.0,22.0,-0.0,0.0,0.0,31139.0,1.0,0.821492,0.821492,63.299458,0.0,0.0,53.0,0.0,0.0,1004.483887,0.0,32752.0,73.318184,1.0
38.542969,0.752407,64256.0,0.0,26.581358,0.062171,0.0,0.0,0.0,0.0,0.0,340975.03125,15672.368164,0.0,64.0,0.0,1547.0,0.00303,1721542656.0,31872.0,0.065201,0.0,325302.65625,0.752407,0.752407,62.0,0.0,30.0,0.0,21.0,-0.0,0.0,0.0,31649.0,0.0,0.752407,0.752407,66.453392,0.0,0.0,51.0,0.0,0.0,1054.966675,0.0,33196.0,73.666664,1.0
45.563599,0.636473,64256.0,0.0,31.423172,0.059772,0.0,0.0,0.0,0.0,0.0,410298.625,18527.101562,0.0,64.0,0.0,1547.0,0.00149,1721542656.0,34816.0,0.061262,0.0,391771.53125,0.636473,0.636473,62.0,0.0,30.0,0.0,21.0,-0.0,0.0,0.0,32243.0,0.0,0.636473,0.636473,78.55793,0.0,0.0,51.0,0.0,0.0,1074.766724,0.0,33790.0,73.666664,1.0
10.15,2.857143,64256.0,2.0,8.05,0.186006,0.0,2.0,0.0,0.0,3.571429,93710.398438,4813.199707,0.0,64.0,0.0,1793.0,0.004058,1721542656.0,31872.0,0.190064,0.0,88897.195312,2.857143,2.857143,62.0,0.0,30.0,0.0,24.0,-0.0,0.0,0.0,32843.0,1.0,2.857143,2.857143,18.549999,0.0,0.0,54.0,0.0,0.0,1094.766724,0.0,34636.0,74.708336,1.0
6.533348,1.377548,64256.0,0.0,8.71113,0.158587,0.0,0.0,0.0,0.0,0.0,11893.59668,5464.782227,0.0,64.0,0.0,1019.0,0.001505,1721542656.0,31872.0,0.160092,0.0,6428.813965,1.377548,1.377548,62.0,0.0,10.0,0.0,13.0,-0.0,0.0,0.0,1229.0,0.0,1.377548,1.377548,15.970406,0.0,0.0,23.0,0.0,0.0,122.900002,0.0,2248.0,78.384613,10.0
0.431989,4.629745,64256.0,1.0,0.863978,0.509345,1.0,4.0,0.0,0.0,33.333333,808.683838,561.585999,0.0,64.0,0.0,406.0,0.000995,1721542656.0,31872.0,0.51034,0.0,247.097839,4.629745,4.629745,61.0,0.0,3.0,0.0,5.0,-0.0,0.0,0.0,214.0,0.0,4.629745,4.629745,1.511962,0.0,0.0,8.0,3.0,0.0,71.333336,0.0,620.0,81.199997,10.0
0.263518,3.7948,64256.0,0.0,0.263518,0.509345,0.0,0.0,0.0,0.0,0.0,339.411835,181.30072,0.0,64.0,1.0,171.0,0.000995,1721542656.0,31872.0,0.51034,0.0,158.111099,3.7948,3.7948,61.0,0.0,2.0,0.0,2.0,-0.0,1.0,0.0,150.0,0.0,3.7948,3.7948,0.790555,0.0,0.0,4.0,0.0,0.0,75.0,0.0,321.0,85.5,10.0
1.491138,4.023772,64256.0,0.0,2.236707,0.509345,0.0,1.0,0.0,1.0,5.555556,3163.201172,1397.693604,0.0,64.0,0.0,781.0,0.000995,1721542656.0,31872.0,0.51034,0.0,1765.50769,4.023772,4.023772,62.0,0.0,7.0,0.0,10.0,-0.0,1.0,0.0,1035.0,1.0,4.023772,4.023772,3.976369,1.0,0.0,17.0,1.0,0.0,147.857147,0.0,1816.0,78.099998,10.0
1.048129,4.770407,64256.0,0.0,1.257754,0.338229,0.0,1.0,0.0,0.0,7.142857,1566.323364,882.10498,1.0,64.0,0.0,613.0,0.001131,1721542656.0,31872.0,0.33936,0.0,684.218323,4.770407,4.770407,62.0,0.0,6.0,0.0,7.0,-0.0,0.0,0.0,489.0,0.0,4.770407,4.770407,2.515508,1.0,0.0,13.0,1.0,0.0,81.5,0.0,1102.0,87.571426,10.0
3.347777,0.896117,64256.0,0.0,4.463703,0.338229,0.0,0.0,0.0,1.0,0.0,7909.681641,2749.641113,0.0,64.0,0.0,384.0,0.001131,1721542656.0,31872.0,0.33936,0.0,5160.040527,0.896117,0.896117,62.0,0.0,4.0,0.0,5.0,-0.0,1.0,0.0,770.0,0.0,0.896117,0.896117,8.927406,0.0,0.0,9.0,0.0,0.0,192.5,0.0,1154.0,76.800003,10.0
0.699526,4.288615,64256.0,0.0,1.399053,0.308046,0.0,3.0,0.0,0.0,21.428571,1479.265381,1072.6073,1.0,64.0,0.0,670.0,0.0,1721542656.0,31872.0,0.308046,0.0,406.658081,4.288615,4.288615,62.0,0.0,4.0,0.0,7.0,-0.0,0.0,0.0,290.0,0.0,4.288615,4.288615,2.331755,1.0,0.0,11.0,3.0,0.0,72.5,0.0,960.0,95.714287,10.0
1.28739,3.883827,64256.0,0.0,2.059824,0.308046,0.0,1.0,0.0,1.0,6.25,3007.343018,1301.808716,0.0,64.0,0.0,711.0,0.0,1721542656.0,31872.0,0.308046,0.0,1705.534302,3.883827,3.883827,62.0,0.0,6.0,0.0,9.0,-0.0,1.0,0.0,993.0,0.0,3.883827,3.883827,3.604692,1.0,0.0,15.0,1.0,0.0,165.5,0.0,1704.0,79.0,10.0
2.999125,3.334306,64256.0,1.0,3.59895,0.156122,1.0,3.0,0.0,0.0,11.111111,5319.248047,2293.730713,0.0,64.0,0.0,1035.0,0.000803,1721542656.0,31872.0,0.156925,0.0,3025.51709,3.334306,3.334306,62.0,0.0,11.0,0.0,13.0,-0.0,0.0,0.0,1387.0,0.0,3.334306,3.334306,6.897987,0.0,0.0,24.0,2.0,0.0,126.090912,0.0,2422.0,79.615387,10.0
6.056332,1.486048,64256.0,0.0,6.729258,0.168655,0.0,0.0,0.0,0.0,0.0,10885.24707,4344.408691,0.0,64.0,0.0,887.0,0.000993,1721542656.0,31872.0,0.169648,0.0,6540.838379,1.486048,1.486048,62.0,0.0,10.0,0.0,11.0,-0.0,0.0,0.0,1349.0,0.0,1.486048,1.486048,13.458515,0.0,0.0,21.0,0.0,0.0,134.899994,0.0,2236.0,80.63636,10.0
2.914539,3.431074,64256.0,0.0,3.788901,0.324604,0.0,1.0,0.0,0.0,3.846154,6810.695801,2394.585449,0.0,64.0,0.0,1105.0,0.000994,1721542656.0,31872.0,0.325598,0.0,4416.109863,3.431074,3.431074,62.0,0.0,11.0,0.0,14.0,-0.0,0.0,0.0,2083.0,1.0,3.431074,3.431074,6.994895,1.0,0.0,25.0,1.0,0.0,189.363632,0.0,3188.0,78.928574,10.0
3.41503,2.635409,64256.0,0.0,3.794477,0.306515,0.0,0.0,0.0,0.0,0.0,6383.828613,2449.7146,0.0,64.0,0.0,887.0,0.000496,1721542656.0,31872.0,0.307011,0.0,3934.114014,2.635409,2.635409,62.0,0.0,10.0,0.0,11.0,-0.0,0.0,0.0,1439.0,0.0,2.635409,2.635409,7.588954,0.0,0.0,21.0,0.0,0.0,143.899994,0.0,2326.0,80.63636,10.0
0.66019,3.02943,8222720.0,2.0,0.990285,0.0,1.0,5.0,0.0,0.0,41.666667,977.081543,586.248901,0.0,64.0,0.0,296.0,0.000505,1721542656.0,4077568.0,0.000505,0.0,390.832611,3.02943,3.02943,62.0,0.0,3.0,0.0,4.0,-0.0,0.0,0.0,222.0,0.0,3.02943,3.02943,1.980571,0.0,0.0,7.0,3.0,0.0,74.0,0.0,518.0,74.0,10.0
5.568696,1.436602,64256.0,0.0,8.353045,0.163826,0.0,1.0,0.0,0.0,4.347826,12267.837891,5240.143066,0.0,64.0,0.0,1019.0,0.000505,1721542656.0,31872.0,0.164331,0.0,7027.694336,1.436602,1.436602,62.0,0.0,9.0,0.0,13.0,-0.0,1.0,0.0,1419.0,0.0,1.436602,1.436602,14.617827,1.0,0.0,22.0,1.0,0.0,157.666672,0.0,2438.0,78.384613,10.0
0.0,3.071007,8222720.0,0.0,0.651252,0.0,0.0,2.0,0.0,0.0,33.333333,385.54129,385.54129,0.0,64.0,0.0,222.0,0.000996,1721542656.0,4077568.0,0.000996,0.0,0.0,3.071007,3.071007,62.0,0.0,1.0,0.0,3.0,-0.0,0.0,0.0,74.0,0.0,3.071007,3.071007,0.976878,1.0,0.0,4.0,2.0,0.0,74.0,0.0,296.0,74.0,10.0
6.729402,1.188813,64256.0,0.0,8.411752,0.154309,0.0,1.0,0.0,0.0,4.761905,14279.790039,5430.626953,0.0,64.0,0.0,887.0,0.000996,1721542656.0,31872.0,0.155305,0.0,8849.163086,1.188813,1.188813,62.0,0.0,9.0,0.0,11.0,-0.0,1.0,0.0,1479.0,0.0,1.188813,1.188813,15.982329,1.0,0.0,20.0,1.0,0.0,164.333328,0.0,2366.0,80.63636,10.0
0.883464,1.131908,64256.0,0.0,1.766928,0.306703,0.0,1.0,0.0,0.0,16.666667,1880.011353,1385.271484,0.0,64.0,0.0,294.0,0.001544,1721542656.0,31872.0,0.308247,0.0,494.739838,1.131908,1.131908,62.0,0.0,2.0,0.0,3.0,-0.0,0.0,0.0,140.0,0.0,1.131908,1.131908,3.533856,1.0,0.0,5.0,1.0,0.0,70.0,0.0,434.0,98.0,10.0
0.0,0.0,64256.0,0.0,0.0,0.163826,0.0,0.0,0.0,0.0,0.0,0.0,0.0,0.0,64.0,0.0,66.0,0.000505,1721542656.0,31872.0,0.164331,0.0,0.0,0.0,0.0,62.0,0.0,1.0,0.0,1.0,-0.0,1.0,0.0,66.0,0.0,0.0,0.0,0.0,0.0,0.0,2.0,0.0,0.0,66.0,0.0,132.0,66.0,10.0
1.831553,4.367879,64256.0,0.0,2.976273,0.306703,0.0,4.0,0.0,1.0,14.814815,4408.546875,1882.83606,0.0,64.0,0.0,1107.0,0.001544,1721542656.0,31872.0,0.308247,0.0,2525.710938,4.367879,4.367879,62.0,0.0,9.0,0.0,14.0,-0.0,1.0,0.0,1551.0,1.0,4.367879,4.367879,5.03677,1.0,0.0,23.0,4.0,0.0,172.333328,0.0,2658.0,79.071426,10.0
4.615926,2.383054,64256.0,1.0,5.035555,0.16966,1.0,3.0,0.0,0.0,10.714286,8845.791992,3209.327148,0.0,64.0,0.0,1035.0,0.000984,1721542656.0,31872.0,0.170644,0.0,5636.464844,2.383054,2.383054,62.0,0.0,12.0,0.0,13.0,-0.0,0.0,0.0,1831.0,0.0,2.383054,2.383054,10.071111,0.0,0.0,25.0,2.0,0.0,152.583328,0.0,2866.0,79.615387,10.0
4.885354,1.842241,64256.0,0.0,5.428171,0.19924,0.0,0.0,0.0,0.0,0.0,10422.088867,3504.42749,0.0,64.0,0.0,887.0,0.001543,1721542656.0,31872.0,0.200783,0.0,6917.661621,1.842241,1.842241,61.0,0.0,10.0,0.0,11.0,-0.0,0.0,0.0,1769.0,0.0,1.842241,1.842241,10.856342,0.0,0.0,21.0,0.0,0.0,176.899994,0.0,2656.0,80.63636,10.0
4.508846,1.996076,64256.0,0.0,6.011795,0.231078,0.0,0.0,0.0,0.0,0.0,10456.515625,3771.399414,0.0,64.0,0.0,1019.0,0.001003,1721542656.0,31872.0,0.232081,0.0,6685.116211,1.996076,1.996076,61.0,0.0,10.0,0.0,13.0,-0.0,0.0,0.0,1853.0,0.0,1.996076,1.996076,11.021625,0.0,0.0,23.0,0.0,0.0,185.300003,0.0,2872.0,78.384613,10.0
0.887068,4.509239,64256.0,0.0,1.774135,0.160027,0.0,4.0,0.0,0.0,22.222222,1697.847656,1144.317261,1.0,64.0,0.0,725.0,0.001004,1721542656.0,31872.0,0.161031,0.0,553.530212,4.509239,4.509239,62.0,0.0,5.0,0.0,9.0,-0.0,0.0,0.0,390.0,0.0,4.509239,4.509239,2.88297,1.0,0.0,14.0,4.0,0.0,78.0,0.0,1115.0,80.555557,10.0
1.245185,4.818559,64256.0,0.0,1.245185,0.160027,0.0,0.0,0.0,1.0,0.0,3172.732666,757.072754,0.0,64.0,0.0,532.0,0.001004,1721542656.0,31872.0,0.161031,0.0,2415.659912,4.818559,4.818559,62.0,0.0,7.0,0.0,7.0,-0.0,1.0,0.0,1697.0,1.0,4.818559,4.818559,2.697902,0.0,0.0,14.0,0.0,0.0,242.428574,0.0,2229.0,76.0,10.0
6.606727,1.362248,64256.0,0.0,7.340807,0.16888,0.0,0.0,0.0,0.0,0.0,15521.40332,4739.225586,0.0,64.0,0.0,887.0,0.001004,1721542656.0,31872.0,0.169884,0.0,10782.177734,1.362248,1.362248,62.0,0.0,10.0,0.0,11.0,-0.0,0.0,0.0,2039.0,0.0,1.362248,1.362248,14.681615,0.0,0.0,21.0,0.0,0.0,203.899994,0.0,2926.0,80.63636,10.0
6.383006,1.409994,64256.0,0.0,8.510674,0.154108,0.0,0.0,0.0,0.0,0.0,16272.40918,5339.029785,0.0,64.0,0.0,1019.0,0.001004,1721542656.0,31872.0,0.155112,0.0,10933.379883,1.409994,1.409994,62.0,0.0,10.0,0.0,13.0,-0.0,0.0,0.0,2141.0,0.0,1.409994,1.409994,15.602903,0.0,0.0,23.0,0.0,0.0,214.100006,0.0,3160.0,78.384613,10.0
3.71162,3.23309,64256.0,0.0,4.330223,0.183417,0.0,3.0,0.0,0.0,9.677419,8331.348633,2714.431152,0.0,64.0,0.0,1175.0,0.001491,1721542656.0,31872.0,0.184908,0.0,5616.91748,3.23309,3.23309,62.0,0.0,13.0,0.0,15.0,-0.0,0.0,0.0,2459.0,1.0,3.23309,3.23309,8.351144,1.0,0.0,28.0,3.0,0.0,189.153839,0.0,3634.0,78.333336,10.0
6.474038,1.544631,64256.0,0.0,7.121442,0.167771,0.0,0.0,0.0,0.0,0.0,15967.567383,4526.647461,0.0,64.0,0.0,953.0,0.000497,1721542656.0,31872.0,0.168268,0.0,11440.919922,1.544631,1.544631,62.0,0.0,11.0,0.0,12.0,-0.0,0.0,0.0,2429.0,0.0,1.544631,1.544631,14.242884,0.0,0.0,23.0,0.0,0.0,220.818176,0.0,3382.0,79.416664,10.0
19.157154,0.574198,64256.0,0.0,19.157154,0.062341,0.0,0.0,0.0,0.0,0.0,45587.0625,12176.984375,0.0,64.0,0.0,953.0,0.000501,1721542656.0,31872.0,0.062842,0.0,33410.078125,0.574198,0.574198,62.0,0.0,12.0,0.0,12.0,-0.0,0.0,0.0,2615.0,0.0,0.574198,0.574198,40.05587,0.0,0.0,24.0,0.0,0.0,217.916672,0.0,3568.0,79.416664,10.0
7.264718,1.376516,64256.0,0.0,7.991189,0.168313,0.0,0.0,0.0,0.0,0.0,19213.724609,5079.490723,0.0,64.0,0.0,953.0,0.001501,1721542656.0,31872.0,0.169814,0.0,14134.234375,1.376516,1.376516,62.0,0.0,11.0,0.0,12.0,-0.0,0.0,0.0,2675.0,0.0,1.376516,1.376516,15.982379,0.0,0.0,23.0,0.0,0.0,243.181824,0.0,3628.0,79.416664,10.0
0.623955,4.808036,64256.0,0.0,1.247911,0.3399,0.0,3.0,0.0,0.0,21.428571,1319.457764,956.731628,1.0,64.0,0.0,670.0,0.0,1721542656.0,31872.0,0.3399,0.0,362.726074,4.808036,4.808036,62.0,0.0,4.0,0.0,7.0,-0.0,0.0,0.0,290.0,0.0,4.808036,4.808036,2.079851,1.0,0.0,11.0,3.0,0.0,72.5,0.0,960.0,95.714287,10.0
1.662127,2.406555,64256.0,0.0,1.662127,0.3399,0.0,1.0,0.0,0.0,9.090909,2240.547119,1150.191895,0.0,64.0,1.0,432.0,0.0,1721542656.0,31872.0,0.3399,0.0,1090.355347,2.406555,2.406555,62.0,0.0,5.0,0.0,5.0,-0.0,1.0,0.0,409.0,1.0,2.406555,2.406555,3.739786,1.0,0.0,10.0,1.0,0.0,81.800003,0.0,841.0,86.400002,10.0
4.866551,0.616453,64256.0,0.0,9.733102,0.3399,0.0,0.0,0.0,1.0,0.0,27616.054688,5749.019043,0.0,64.0,0.0,516.0,0.0,1721542656.0,31872.0,0.3399,0.0,21867.037109,0.616453,0.616453,62.0,0.0,4.0,0.0,7.0,-0.0,1.0,0.0,2246.0,1.0,0.616453,0.616453,16.221838,0.0,0.0,11.0,0.0,0.0,561.5,0.0,2762.0,73.714287,10.0
2.677138,4.482398,64256.0,0.0,3.569518,0.167253,0.0,4.0,0.0,0.0,11.764706,7346.067871,2247.011475,0.0,64.0,0.0,1337.0,0.000501,1721542656.0,31872.0,0.167754,0.0,5099.056152,4.482398,4.482398,62.0,0.0,13.0,0.0,17.0,-0.0,0.0,0.0,3095.0,1.0,4.482398,4.482398,6.469751,1.0,0.0,30.0,4.0,0.0,238.07692,0.0,4432.0,78.647057,10.0
0.0,0.000987,64256.0,0.0,1013.171265,0.167253,0.0,1.0,0.0,0.0,25.0,575481.3125,575481.3125,0.0,64.0,0.0,141.0,0.000501,1721542656.0,31872.0,0.167754,0.0,0.0,0.000987,0.000987,62.0,0.0,1.0,0.0,2.0,-0.0,1.0,0.0,66.0,1.0,0.000987,0.000987,2026.342529,1.0,0.0,3.0,1.0,0.0,66.0,0.0,207.0,70.5,10.0
14.031228,0.712696,64256.0,0.0,15.43435,0.061842,0.0,0.0,0.0,0.0,0.0,41341.609375,9810.634766,0.0,64.0,0.0,953.0,0.000993,1721542656.0,31872.0,0.062835,0.0,31530.974609,0.712696,0.712696,62.0,0.0,11.0,0.0,12.0,-0.0,0.0,0.0,3089.0,0.0,0.712696,0.712696,30.8687,0.0,0.0,23.0,0.0,0.0,280.818176,0.0,4042.0,79.416664,10.0
6.728225,1.486276,64256.0,0.0,7.401048,0.154179,0.0,0.0,0.0,0.0,0.0,20556.074219,4704.375,0.0,64.0,0.0,953.0,0.001639,1721542656.0,31872.0,0.155818,0.0,15851.699219,1.486276,1.486276,62.0,0.0,11.0,0.0,12.0,-0.0,0.0,0.0,3239.0,0.0,1.486276,1.486276,14.802095,0.0,0.0,23.0,0.0,0.0,294.454559,0.0,4192.0,79.416664,10.0
1.126118,4.440031,64256.0,0.0,2.027013,0.168423,0.0,4.0,0.0,0.0,20.0,2198.182861,1509.899292,1.0,64.0,0.0,931.0,0.001502,1721542656.0,31872.0,0.169925,0.0,688.283447,4.440031,4.440031,62.0,0.0,6.0,0.0,10.0,-0.0,0.0,0.0,458.0,1.0,4.440031,4.440031,3.378355,1.0,0.0,16.0,4.0,0.0,76.333336,0.0,1389.0,93.099998,10.0
2.853446,2.102721,64256.0,0.0,4.280169,0.168423,0.0,0.0,0.0,1.0,0.0,12764.413086,2636.58374,0.0,64.0,0.0,769.0,0.001502,1721542656.0,31872.0,0.169925,0.0,10127.830078,2.102721,2.102721,62.0,0.0,7.0,0.0,10.0,-0.0,1.0,0.0,3105.0,1.0,2.102721,2.102721,7.609189,0.0,0.0,17.0,0.0,0.0,443.571442,0.0,3874.0,76.900002,10.0
0.0,3.116071,8222720.0,0.0,0.641834,0.0,0.0,2.0,0.0,0.0,33.333333,379.965668,379.965668,0.0,64.0,0.0,222.0,0.000501,1721542656.0,4077568.0,0.000501,0.0,0.0,3.116071,3.116071,62.0,0.0,1.0,0.0,3.0,-0.0,0.0,0.0,74.0,0.0,3.116071,3.116071,0.962751,1.0,0.0,4.0,2.0,0.0,74.0,0.0,296.0,74.0,10.0
7.368322,1.221445,64256.0,0.0,9.005727,0.171069,0.0,1.0,0.0,0.0,4.347826,26257.427734,5724.367676,0.0,64.0,0.0,953.0,0.000501,1721542656.0,31872.0,0.17157,0.0,20533.058594,1.221445,1.221445,62.0,0.0,10.0,0.0,12.0,-0.0,1.0,0.0,3483.0,0.0,1.221445,1.221445,17.192751,1.0,0.0,22.0,1.0,0.0,348.299988,0.0,4436.0,79.416664,10.0
4.941217,2.023793,64256.0,0.0,5.92946,0.160049,0.0,1.0,0.0,0.0,4.0,17136.140625,3747.418945,0.0,64.0,0.0,1027.0,0.001001,1721542656.0,31872.0,0.16105,0.0,13388.72168,2.023793,2.023793,62.0,0.0,11.0,0.0,13.0,-0.0,0.0,0.0,3725.0,0.0,2.023793,2.023793,11.364799,1.0,0.0,24.0,1.0,0.0,338.636353,0.0,4752.0,79.0,10.0
7.715183,1.42576,64256.0,0.0,7.715183,0.168546,0.0,0.0,0.0,0.0,0.0,25300.189453,4904.05127,0.0,64.0,0.0,953.0,0.000998,1721542656.0,31872.0,0.169544,0.0,20396.138672,1.42576,1.42576,62.0,0.0,12.0,0.0,12.0,-0.0,0.0,0.0,3965.0,0.0,1.42576,1.42576,16.131746,0.0,0.0,24.0,0.0,0.0,330.416656,0.0,4918.0,79.416664,10.0
2.181585,4.583824,64256.0,0.0,3.054218,0.158196,0.0,4.0,0.0,0.0,13.333333,3514.968994,2167.622314,1.0,64.0,0.0,1330.0,0.001029,1721542656.0,31872.0,0.159225,0.0,1347.34668,4.583824,4.583824,62.0,0.0,11.0,0.0,15.0,-0.0,0.0,0.0,849.0,1.0,4.583824,4.583824,5.453961,1.0,0.0,26.0,4.0,0.0,77.181816,0.0,2179.0,88.666664,10.0
0.0,0.0,197300.1840419336,0.0,0.0,0.158196,0.0,0.0,0.0,0.0,0.0,0.0,0.0,0.0,64.0,0.0,103.0,0.001029,1721542656.0,95686.87047841308,0.159225,0.0,0.0,0.0,0.0,62.0,0.0,0.0,0.0,1.0,-0.0,1.0,0.0,0.0,1.0,0.0,0.0,0.0,0.0,1.0,1.0,0.0,0.0,0.0,0.0,103.0,103.0,10.0
21.496363,0.186078,64256.0,0.0,37.618633,0.158196,0.0,0.0,0.0,1.0,0.0,145229.421875,21926.289062,0.0,64.0,0.0,582.0,0.001029,1721542656.0,31872.0,0.159225,0.0,123303.132812,0.186078,0.186078,62.0,0.0,5.0,0.0,8.0,-0.0,1.0,0.0,3584.0,1.0,0.186078,0.186078,64.48909,0.0,0.0,13.0,0.0,0.0,716.799988,0.0,4166.0,72.75,10.0
3.938711,3.554462,64256.0,0.0,5.62673,0.046443,0.0,6.0,0.0,0.0,14.285714,14123.09375,3452.562012,0.0,64.0,0.0,1610.0,0.000498,1721542656.0,31872.0,0.046941,0.0,10670.532227,3.554462,3.554462,62.0,0.0,15.0,0.0,21.0,-0.0,0.0,0.0,5079.0,1.0,3.554462,3.554462,9.846779,1.0,0.0,36.0,6.0,0.0,338.600006,0.0,6689.0,76.666664,10.0
1.264433,4.745211,64256.0,0.0,1.68591,0.320628,0.0,2.0,0.0,0.0,11.111111,1942.168579,1131.245728,1.0,64.0,0.0,754.0,0.000496,1721542656.0,31872.0,0.321124,0.0,810.922852,4.745211,4.745211,62.0,0.0,7.0,0.0,9.0,-0.0,0.0,0.0,561.0,0.0,4.745211,4.745211,3.161082,1.0,0.0,16.0,2.0,0.0,80.14286,0.0,1315.0,83.777779,10.0
4.103014,0.974893,64256.0,0.0,4.103014,0.320628,0.0,0.0,0.0,1.0,0.0,28294.388672,2281.276123,0.0,64.0,0.0,347.0,0.000496,1721542656.0,31872.0,0.321124,0.0,26013.111328,0.974893,0.974893,62.0,0.0,5.0,0.0,5.0,-0.0,1.0,0.0,3962.0,0.0,0.974893,0.974893,9.231783,0.0,0.0,10.0,0.0,0.0,792.400024,0.0,4309.0,69.400002,10.0
1.276059,4.701976,64256.0,0.0,1.701412,0.307167,0.0,2.0,0.0,0.0,11.111111,1960.0271,1141.647705,1.0,64.0,0.0,754.0,0.000493,1721542656.0,31872.0,0.30766,0.0,818.379395,4.701976,4.701976,62.0,0.0,7.0,0.0,9.0,-0.0,0.0,0.0,561.0,0.0,4.701976,4.701976,3.190148,1.0,0.0,16.0,2.0,0.0,80.14286,0.0,1315.0,83.777779,10.0
0.887812,4.505456,64256.0,0.0,0.887812,0.307167,0.0,1.0,0.0,0.0,9.090909,10540.109375,525.584961,0.0,64.0,1.0,370.0,0.000493,1721542656.0,31872.0,0.30766,0.0,10014.524414,4.505456,4.505456,62.0,0.0,5.0,0.0,5.0,-0.0,1.0,0.0,7050.0,1.0,4.505456,4.505456,1.997578,1.0,0.0,10.0,1.0,0.0,1410.0,0.0,7420.0,74.0,10.0
0.219071,4.564734,64256.0,0.0,0.876283,0.307167,0.0,0.0,0.0,1.0,0.0,608.140564,487.213501,0.0,64.0,0.0,347.0,0.000493,1721542656.0,31872.0,0.30766,0.0,120.927094,4.564734,4.564734,62.0,0.0,2.0,0.0,5.0,-0.0,1.0,0.0,138.0,1.0,4.564734,4.564734,1.314425,0.0,0.0,7.0,0.0,0.0,69.0,0.0,485.0,69.400002,10.0
2.228123,4.93689,64256.0,0.0,2.835793,0.168326,0.0,6.0,0.0,0.0,18.181818,9126.393555,1800.323608,1.0,64.0,0.0,1190.0,0.001016,1721542656.0,31872.0,0.169342,0.0,7326.069336,4.93689,4.93689,62.0,0.0,12.0,0.0,15.0,-0.0,0.0,0.0,4931.0,1.0,4.93689,4.93689,5.266473,1.0,0.0,27.0,6.0,0.0,410.916656,0.0,6121.0,79.333336,10.0
1.077985,2.782971,64256.0,0.0,1.437313,0.168326,0.0,0.0,0.0,1.0,0.0,1365.447266,781.898193,0.0,64.0,0.0,339.0,0.001016,1721542656.0,31872.0,0.169342,0.0,583.549011,2.782971,2.782971,62.0,0.0,4.0,0.0,5.0,-0.0,1.0,0.0,270.0,1.0,2.782971,2.782971,2.874626,0.0,0.0,9.0,0.0,0.0,67.5,0.0,609.0,67.800003,10.0
2.402628,4.994531,64256.0,0.0,3.603942,0.215025,0.0,5.0,0.0,0.0,13.513514,10014.15332,2314.531494,0.0,64.0,0.0,1525.0,0.000992,1721542656.0,31872.0,0.216017,0.0,7699.621582,4.994531,4.994531,62.0,0.0,13.0,0.0,19.0,-0.0,0.0,0.0,5207.0,1.0,4.994531,4.994531,6.206789,1.0,0.0,32.0,5.0,0.0,400.538452,0.0,6732.0,80.263161,10.0
5.790144,2.590609,64256.0,0.0,5.404135,0.103571,0.0,2.0,0.0,0.0,6.060606,19794.572266,3467.9104,0.0,64.0,0.0,1203.0,0.003555,1721542656.0,31872.0,0.107126,0.0,16326.662109,2.590609,2.590609,62.0,0.0,16.0,0.0,15.0,-0.0,0.0,0.0,5639.0,1.0,2.590609,2.590609,11.580288,1.0,0.0,31.0,2.0,0.0,352.4375,0.0,6842.0,80.199997,10.0
0.0,3.102163,8222720.0,0.0,0.644711,0.0,0.0,2.0,0.0,0.0,33.333333,381.669159,381.669159,0.0,64.0,0.0,222.0,0.001487,1721542656.0,4077568.0,0.001487,0.0,0.0,3.102163,3.102163,62.0,0.0,1.0,0.0,3.0,-0.0,0.0,0.0,74.0,0.0,3.102163,3.102163,0.967067,1.0,0.0,4.0,2.0,0.0,74.0,0.0,296.0,74.0,10.0
0.0,0.0,197300.1840419336,0.0,0.0,0.0,0.0,0.0,0.0,0.0,0.0,0.0,0.0,0.0,64.0,0.0,74.0,0.001487,1721542656.0,95686.87047841308,0.001487,0.0,0.0,0.0,0.0,62.0,0.0,0.0,0.0,1.0,-0.0,1.0,0.0,0.0,0.0,0.0,0.0,0.0,1.0,0.0,1.0,1.0,0.0,0.0,0.0,74.0,74.0,10.0
4.166108,1.200161,64256.0,0.0,4.99933,0.16563,0.0,1.0,0.0,0.0,7.142857,6172.505371,3466.20166,0.0,64.0,0.0,606.0,0.001487,1721542656.0,31872.0,0.167117,0.0,2706.303711,1.200161,1.200161,62.0,0.0,6.0,0.0,7.0,-0.0,1.0,0.0,487.0,0.0,1.200161,1.200161,9.998659,1.0,0.0,13.0,1.0,0.0,81.166664,0.0,1093.0,86.571426,10.0
0.0,0.000575,64256.0,0.0,0.0,0.16563,0.0,0.0,0.0,0.0,0.0,0.0,0.0,0.0,64.0,0.0,78.0,0.001487,1721542656.0,31872.0,0.167117,0.0,0.0,0.000575,0.000575,62.0,0.0,1.0,0.0,1.0,-0.0,1.0,0.0,72.0,1.0,0.000575,0.000575,1739.130371,0.0,0.0,2.0,0.0,0.0,72.0,0.0,150.0,78.0,10.0
0.0,0.0,197300.1840419336,0.0,0.0,0.16563,0.0,0.0,0.0,0.0,0.0,0.0,0.0,0.0,64.0,0.0,103.0,0.001487,1721542656.0,95686.87047841308,0.167117,0.0,0.0,0.0,0.0,62.0,0.0,0.0,0.0,1.0,-0.0,1.0,0.0,0.0,1.0,0.0,0.0,0.0,0.0,1.0,1.0,0.0,0.0,0.0,0.0,103.0,103.0,10.0
0.0,0.0,197300.1840419336,0.0,0.0,0.16563,0.0,0.0,0.0,0.0,0.0,0.0,0.0,0.0,64.0,0.0,103.0,0.001487,1721542656.0,95686.87047841308,0.167117,0.0,0.0,0.0,0.0,62.0,0.0,0.0,0.0,1.0,-0.0,1.0,0.0,0.0,1.0,0.0,0.0,0.0,0.0,1.0,1.0,0.0,0.0,0.0,0.0,103.0,103.0,10.0
0.0,0.0,197300.1840419336,0.0,0.0,0.16563,0.0,0.0,0.0,0.0,0.0,0.0,0.0,0.0,64.0,0.0,103.0,0.001487,1721542656.0,95686.87047841308,0.167117,0.0,0.0,0.0,0.0,62.0,0.0,0.0,0.0,1.0,-0.0,1.0,0.0,0.0,1.0,0.0,0.0,0.0,0.0,1.0,1.0,0.0,0.0,0.0,0.0,103.0,103.0,10.0
0.0,0.0,197300.1840419336,0.0,0.0,0.16563,0.0,0.0,0.0,0.0,0.0,0.0,0.0,0.0,64.0,0.0,103.0,0.001487,1721542656.0,95686.87047841308,0.167117,0.0,0.0,0.0,0.0,62.0,0.0,0.0,0.0,1.0,-0.0,1.0,0.0,0.0,1.0,0.0,0.0,0.0,0.0,1.0,1.0,0.0,0.0,0.0,0.0,103.0,103.0,10.0
0.0,0.0,197300.1840419336,0.0,0.0,0.16563,0.0,0.0,0.0,0.0,0.0,0.0,0.0,0.0,64.0,0.0,103.0,0.001487,1721542656.0,95686.87047841308,0.167117,0.0,0.0,0.0,0.0,62.0,0.0,0.0,0.0,1.0,-0.0,1.0,0.0,0.0,1.0,0.0,0.0,0.0,0.0,1.0,1.0,0.0,0.0,0.0,0.0,103.0,103.0,10.0
32.519268,0.184506,64128.0,0.0,21.679512,0.16563,0.0,0.0,0.0,0.0,0.0,235873.09375,45787.128906,0.0,64.0,0.0,1320.0,0.001487,1721542656.0,31872.0,0.167117,0.0,190085.953125,0.184506,0.184506,62.0,0.0,7.0,0.0,5.0,-0.0,1.0,0.0,5114.0,1.0,0.184506,0.184506,59.618656,0.0,0.0,12.0,0.0,0.0,730.571411,0.0,6434.0,264.0,10.0
18.975813,0.632384,64256.0,0.0,18.975813,0.06084,0.0,0.0,0.0,0.0,0.0,80419.5,11904.15918,0.0,64.0,0.0,1019.0,0.001057,1721542656.0,31872.0,0.061897,0.0,68515.335938,0.632384,0.632384,62.0,0.0,13.0,0.0,13.0,-0.0,0.0,0.0,5867.0,0.0,0.632384,0.632384,39.532944,0.0,0.0,26.0,0.0,0.0,451.307678,0.0,6886.0,78.384613,10.0
6.63993,1.807248,64256.0,0.0,6.63993,0.152959,0.0,0.0,0.0,0.0,0.0,29096.171875,4165.449219,0.0,64.0,0.0,1019.0,0.001986,1721542656.0,31872.0,0.154945,0.0,24930.722656,1.807248,1.807248,62.0,0.0,13.0,0.0,13.0,-0.0,0.0,0.0,6101.0,0.0,1.807248,1.807248,13.833187,0.0,0.0,26.0,0.0,0.0,469.307678,0.0,7120.0,78.384613,10.0
4.920887,2.438585,64256.0,0.0,4.920887,0.291563,0.0,0.0,0.0,0.0,0.0,22291.615234,3087.036133,0.0,64.0,0.0,1019.0,0.000495,1721542656.0,31872.0,0.292058,0.0,19204.580078,2.438585,2.438585,62.0,0.0,13.0,0.0,13.0,-0.0,0.0,0.0,6341.0,0.0,2.438585,2.438585,10.251846,0.0,0.0,26.0,0.0,0.0,487.769226,0.0,7360.0,78.384613,10.0
1.876112,4.797155,64256.0,0.0,2.084569,0.2929,0.0,3.0,0.0,0.0,12.5,6842.38916,1355.803589,1.0,64.0,0.0,894.0,0.000653,1721542656.0,31872.0,0.293553,0.0,5486.585449,4.797155,4.797155,62.0,0.0,10.0,0.0,11.0,-0.0,0.0,0.0,3655.0,0.0,4.797155,4.797155,4.169138,1.0,0.0,21.0,3.0,0.0,365.5,0.0,4549.0,81.272728,10.0
4.979344,0.602489,64256.0,0.0,6.639125,0.2929,0.0,0.0,0.0,1.0,0.0,33554.140625,3691.35376,0.0,64.0,0.0,347.0,0.000653,1721542656.0,31872.0,0.293553,0.0,29862.787109,0.602489,0.602489,62.0,0.0,4.0,0.0,5.0,-0.0,1.0,0.0,2998.0,0.0,0.602489,0.602489,13.278251,0.0,0.0,9.0,0.0,0.0,749.5,0.0,3345.0,69.400002,10.0
0.0,3.078395,8222720.0,0.0,0.649689,0.0,0.0,2.0,0.0,0.0,33.333333,384.616028,384.616028,0.0,64.0,0.0,222.0,0.000497,1721542656.0,4077568.0,0.000497,0.0,0.0,3.078395,3.078395,62.0,0.0,1.0,0.0,3.0,-0.0,0.0,0.0,74.0,0.0,3.078395,3.078395,0.974534,1.0,0.0,4.0,2.0,0.0,74.0,0.0,296.0,74.0,10.0
3.421603,0.876782,64256.0,0.0,4.562138,0.287328,0.0,1.0,0.0,0.0,10.0,5301.203613,3138.750488,0.0,64.0,0.0,429.0,0.000497,1721542656.0,31872.0,0.287825,0.0,2162.453125,0.876782,0.876782,62.0,0.0,4.0,0.0,5.0,-0.0,1.0,0.0,316.0,0.0,0.876782,0.876782,9.124275,1.0,0.0,9.0,1.0,0.0,79.0,0.0,745.0,85.800003,10.0
1.753017,0.570445,64256.0,0.0,3.506035,0.287328,0.0,0.0,0.0,0.0,0.0,3562.131348,2356.05542,0.0,64.0,1.0,251.0,0.000497,1721542656.0,31872.0,0.287825,0.0,1206.075928,0.570445,0.570445,62.0,0.0,2.0,0.0,3.0,-0.0,1.0,0.0,171.0,0.0,0.570445,0.570445,7.01207,0.0,0.0,5.0,0.0,0.0,85.5,0.0,422.0,83.666664,10.0
0.0,0.0,197300.1840419336,0.0,0.0,0.287328,0.0,0.0,0.0,0.0,0.0,0.0,0.0,0.0,64.0,0.0,103.0,0.000497,1721542656.0,95686.87047841308,0.287825,0.0,0.0,0.0,0.0,62.0,0.0,0.0,0.0,1.0,-0.0,1.0,0.0,0.0,0.0,0.0,0.0,0.0,0.0,1.0,1.0,0.0,0.0,0.0,0.0,103.0,103.0,10.0
48.054977,0.041619,64256.0,0.0,48.054977,0.287328,0.0,0.0,0.0,0.0,0.0,612220.375,30178.525391,0.0,64.0,1.0,235.0,0.000497,1721542656.0,31872.0,0.287825,0.0,582041.875,0.041619,0.041619,61.0,0.0,3.0,0.0,3.0,-0.0,1.0,0.0,4542.0,0.0,0.041619,0.041619,120.137444,0.0,0.0,6.0,0.0,0.0,1514.0,0.0,4777.0,78.333336,10.0
0.0,0.00164,64256.0,0.0,0.0,0.287328,0.0,0.0,0.0,0.0,0.0,0.0,0.0,0.0,64.0,0.0,78.0,0.000497,1721542656.0,31872.0,0.287825,1447.0,0.0,0.00164,0.00164,62.0,0.0,1.0,0.0,1.0,-0.0,1.0,0.0,150.0,1.0,0.00164,0.00164,609.756104,0.0,0.0,2.0,0.0,0.0,150.0,0.0,228.0,78.0,10.0
3.239323,0.617413,64256.0,1.0,6.478646,0.287328,0.0,1.0,0.0,1.0,11.111111,17881.0625,3602.126953,0.0,64.0,0.0,347.0,0.000497,1721542656.0,31872.0,0.287825,0.0,14278.935547,0.617413,0.617413,62.0,0.0,3.0,0.0,5.0,-0.0,1.0,0.0,1652.0,1.0,0.617413,0.617413,11.33763,0.0,0.0,8.0,0.0,0.0,550.666687,0.0,1999.0,69.400002,10.0
21.483341,0.60512,64256.0,0.0,23.135906,0.061349,0.0,0.0,0.0,0.0,0.0,102154.953125,14212.056641,0.0,64.0,0.0,1151.0,0.000483,1721542656.0,31872.0,0.061832,0.0,87942.890625,0.60512,0.60512,62.0,0.0,14.0,0.0,15.0,-0.0,0.0,0.0,7163.0,0.0,0.60512,0.60512,46.271812,0.0,0.0,29.0,0.0,0.0,511.642853,0.0,8314.0,76.73333,10.0
9.476041,1.371881,64256.0,0.0,8.747114,0.168716,0.0,0.0,0.0,0.0,0.0,45706.589844,5487.356445,0.0,64.0,0.0,1019.0,0.000994,1721542656.0,31872.0,0.16971,0.0,40219.230469,1.371881,1.371881,62.0,0.0,14.0,0.0,13.0,-0.0,0.0,0.0,7427.0,0.0,1.371881,1.371881,18.952082,0.0,0.0,27.0,0.0,0.0,530.5,0.0,8446.0,78.384613,10.0
3.567605,3.643901,64256.0,0.0,3.567605,0.367715,0.0,1.0,0.0,0.0,3.448276,17985.121094,2292.049072,0.0,64.0,0.0,1124.0,0.000491,1721542656.0,31872.0,0.368206,0.0,15693.071289,3.643901,3.643901,62.0,0.0,14.0,0.0,14.0,-0.0,0.0,0.0,7697.0,0.0,3.643901,3.643901,7.409641,1.0,0.0,28.0,1.0,0.0,549.785706,0.0,8821.0,80.285713,10.0
7.518219,1.862143,64256.0,0.0,8.055235,0.168159,0.0,1.0,0.0,0.0,3.125,41839.964844,4983.505371,0.0,64.0,0.0,1237.0,0.0,1721542656.0,31872.0,0.168159,0.0,36856.460938,1.862143,1.862143,62.0,0.0,15.0,0.0,16.0,-0.0,0.0,0.0,9191.0,1.0,1.862143,1.862143,16.11047,1.0,0.0,31.0,1.0,0.0,612.733337,0.0,10428.0,77.3125,10.0
2.446223,4.905523,64256.0,0.0,2.242371,0.32024,0.0,2.0,0.0,0.0,7.407407,13847.25,1528.073608,1.0,64.0,0.0,1022.0,0.000991,1721542656.0,31872.0,0.321231,0.0,12319.175781,4.905523,4.905523,62.0,0.0,13.0,0.0,12.0,-0.0,0.0,0.0,8183.0,0.0,4.905523,4.905523,4.892445,1.0,0.0,25.0,2.0,0.0,629.461548,0.0,9205.0,85.166664,10.0
5.386973,0.185633,64256.0,0.0,10.773946,0.32024,0.0,0.0,0.0,1.0,0.0,8920.827148,5947.218262,0.0,64.0,0.0,207.0,0.000991,1721542656.0,31872.0,0.321231,0.0,2973.609131,0.185633,0.185633,62.0,0.0,2.0,0.0,3.0,-0.0,1.0,0.0,138.0,0.0,0.185633,0.185633,21.547892,0.0,0.0,5.0,0.0,0.0,69.0,0.0,345.0,69.0,10.0
9.567632,1.463267,64256.0,0.0,8.88423,0.186349,0.0,0.0,0.0,0.0,0.0,49445.523438,5510.956055,0.0,64.0,0.0,1085.0,0.000983,1721542656.0,31872.0,0.187332,0.0,43934.566406,1.463267,1.463267,62.0,0.0,15.0,0.0,14.0,-0.0,0.0,0.0,8609.0,0.0,1.463267,1.463267,19.135263,0.0,0.0,29.0,0.0,0.0,573.93335,0.0,9694.0,77.5,10.0
6.262774,2.235431,64256.0,1.0,6.262774,0.165118,0.0,1.0,0.0,0.0,3.225806,33625.730469,3886.499023,0.0,64.0,0.0,1163.0,0.004,1721542656.0,31872.0,0.169118,0.0,29739.232422,2.235431,2.235431,62.0,0.0,15.0,0.0,15.0,-0.0,0.0,0.0,8903.0,1.0,2.235431,2.235431,12.97289,0.0,0.0,30.0,0.0,0.0,593.533325,0.0,10066.0,77.533333,10.0
8.792528,1.819727,64256.0,0.0,7.693462,0.156365,0.0,1.0,0.0,0.0,3.030303,43435.089844,4756.757812,0.0,64.0,0.0,1159.0,0.000944,1721542656.0,31872.0,0.157309,0.0,38678.332031,1.819727,1.819727,62.0,0.0,17.0,0.0,15.0,-0.0,0.0,0.0,9347.0,1.0,1.819727,1.819727,17.035522,1.0,0.0,32.0,1.0,0.0,549.823547,0.0,10506.0,77.26667,10.0
0.83425,4.794724,64256.0,1.0,1.251375,0.305457,1.0,4.0,0.0,0.0,25.0,1313.109985,825.907837,1.0,64.0,0.0,577.0,0.001599,1721542656.0,31872.0,0.307056,0.0,487.202179,4.794724,4.794724,62.0,0.0,5.0,0.0,7.0,-0.0,0.0,0.0,364.0,0.0,4.794724,4.794724,2.294188,0.0,0.0,12.0,3.0,0.0,72.800003,0.0,941.0,82.428574,10.0
0.549013,3.642904,64256.0,0.0,1.372531,0.305457,0.0,3.0,0.0,0.0,25.0,1423.040527,1025.55542,0.0,64.0,1.0,560.0,0.001599,1721542656.0,31872.0,0.307056,0.0,397.485077,3.642904,3.642904,62.0,0.0,3.0,0.0,6.0,-0.0,1.0,0.0,271.0,0.0,3.642904,3.642904,2.19605,1.0,0.0,9.0,3.0,0.0,90.333336,0.0,831.0,93.333336,10.0
0.0,0.000499,64256.0,0.0,0.0,0.305457,0.0,0.0,0.0,0.0,0.0,0.0,0.0,0.0,64.0,0.0,78.0,0.001599,1721542656.0,31872.0,0.307056,2895.0,0.0,0.000499,0.000499,62.0,0.0,1.0,0.0,1.0,-0.0,1.0,0.0,1514.0,1.0,0.000499,0.000499,2004.007935,0.0,0.0,2.0,0.0,0.0,1514.0,0.0,1592.0,78.0,10.0
24.09387,0.124513,64256.0,1.0,24.09387,0.305457,0.0,1.0,0.0,0.0,11.111111,295808.46875,17154.835938,0.0,64.0,0.0,355.0,0.001599,1721542656.0,31872.0,0.307056,0.0,278653.625,0.124513,0.124513,62.0,0.0,4.0,0.0,4.0,-0.0,1.0,0.0,5782.0,1.0,0.124513,0.124513,56.219028,0.0,0.0,8.0,0.0,0.0,1445.5,0.0,6137.0,88.75,10.0
23.777933,0.630837,64256.0,0.0,23.777933,0.060653,0.0,0.0,0.0,0.0,0.0,132027.765625,14469.664062,0.0,64.0,0.0,1217.0,0.000495,1721542656.0,31872.0,0.061148,0.0,117558.09375,0.630837,0.630837,62.0,0.0,16.0,0.0,16.0,-0.0,0.0,0.0,9887.0,0.0,0.630837,0.630837,49.14106,0.0,0.0,32.0,0.0,0.0,617.9375,0.0,11104.0,76.0625,10.0
0.327644,3.05209,8222720.0,1.0,0.982933,0.0,1.0,4.0,0.0,0.0,40.0,775.861816,581.896362,0.0,64.0,0.0,296.0,0.000514,1721542656.0,4077568.0,0.000514,0.0,193.965454,3.05209,3.05209,62.0,0.0,2.0,0.0,4.0,-0.0,0.0,0.0,148.0,0.0,3.05209,3.05209,1.638222,0.0,0.0,6.0,3.0,0.0,74.0,0.0,444.0,74.0,10.0
11.755262,1.190956,64256.0,0.0,10.915601,0.164454,0.0,1.0,0.0,0.0,3.333333,70289.75,6771.03125,0.0,64.0,0.0,1085.0,0.000514,1721542656.0,31872.0,0.164968,0.0,63518.71875,1.190956,1.190956,62.0,0.0,15.0,0.0,14.0,-0.0,1.0,0.0,10131.0,0.0,1.190956,1.190956,23.510525,1.0,0.0,29.0,1.0,0.0,675.400024,0.0,11216.0,77.5,10.0
5.652953,3.007278,64256.0,0.0,4.655373,0.29142,0.0,1.0,0.0,0.0,2.941176,29695.957031,2878.350586,0.0,64.0,0.0,1159.0,0.00056,1721542656.0,31872.0,0.29198,0.0,26817.607422,3.007278,3.007278,62.0,0.0,18.0,0.0,15.0,-0.0,0.0,0.0,10673.0,1.0,3.007278,3.007278,10.640852,1.0,0.0,33.0,1.0,0.0,592.944458,0.0,11832.0,77.26667,10.0
11.019584,1.361213,64256.0,0.0,9.550305,0.168995,0.0,0.0,0.0,0.0,0.0,65759.0,5924.12793,0.0,64.0,0.0,1085.0,0.00099,1721542656.0,31872.0,0.169985,0.0,59834.871094,1.361213,1.361213,62.0,0.0,16.0,0.0,14.0,-0.0,0.0,0.0,10859.0,0.0,1.361213,1.361213,21.304527,0.0,0.0,30.0,0.0,0.0,678.6875,0.0,11944.0,77.5,10.0
9.786519,1.634902,64256.0,1.0,9.786519,0.060976,1.0,2.0,0.0,0.0,5.555556,57853.007812,5950.203613,0.0,64.0,0.0,1291.0,0.001016,1721542656.0,31872.0,0.061992,0.0,51902.804688,1.634902,1.634902,62.0,0.0,17.0,0.0,17.0,-0.0,0.0,0.0,11269.0,0.0,1.634902,1.634902,20.184696,0.0,0.0,34.0,1.0,0.0,662.882324,0.0,12560.0,75.941177,10.0
10.793166,1.667722,64256.0,0.0,11.992407,0.074677,0.0,2.0,0.0,0.0,4.761905,60691.171875,7329.758789,0.0,64.0,0.0,1604.0,0.002357,1721542656.0,31872.0,0.077034,0.0,53361.410156,1.667722,1.667722,62.0,0.0,19.0,0.0,21.0,-0.0,0.0,0.0,11741.0,1.0,1.667722,1.667722,23.385193,1.0,0.0,40.0,2.0,0.0,617.947388,0.0,13345.0,76.380951,10.0
8.736712,1.945812,64256.0,0.0,8.736712,0.167294,0.0,1.0,0.0,0.0,2.702703,52111.921875,5316.032715,0.0,64.0,0.0,1369.0,0.001752,1721542656.0,31872.0,0.169046,0.0,46795.886719,1.945812,1.945812,62.0,0.0,18.0,0.0,18.0,-0.0,0.0,0.0,12051.0,1.0,1.945812,1.945812,17.987349,1.0,0.0,36.0,1.0,0.0,669.5,0.0,13420.0,76.055557,10.0
6.327713,2.686595,64256.0,1.0,5.955494,0.047368,1.0,3.0,0.0,0.0,7.894737,38457.601562,3641.784424,0.0,64.0,0.0,1299.0,0.000921,1721542656.0,31872.0,0.048289,0.0,34815.816406,2.686595,2.686595,62.0,0.0,18.0,0.0,17.0,-0.0,0.0,0.0,12379.0,0.0,2.686595,2.686595,12.655425,0.0,0.0,35.0,2.0,0.0,687.722229,0.0,13678.0,76.411766,10.0
9.555677,1.779047,64256.0,0.0,9.555677,0.153458,0.0,1.0,0.0,0.0,2.702703,60027.644531,5814.349121,0.0,64.0,0.0,1369.0,0.0,1721542656.0,31872.0,0.153458,0.0,54213.292969,1.779047,1.779047,62.0,0.0,18.0,0.0,18.0,-0.0,0.0,0.0,12765.0,1.0,1.779047,1.779047,19.673454,1.0,0.0,36.0,1.0,0.0,709.166687,0.0,14134.0,76.055557,10.0
4.579486,4.148937,64256.0,0.0,4.097435,0.15395,0.0,4.0,0.0,0.0,9.52381,26888.814453,2633.92749,0.0,64.0,0.0,1446.0,0.001008,1721542656.0,31872.0,0.154958,0.0,24254.886719,4.148937,4.148937,62.0,0.0,20.0,0.0,18.0,-0.0,0.0,0.0,13241.0,1.0,4.148937,4.148937,8.917947,1.0,0.0,38.0,4.0,0.0,662.049988,0.0,14687.0,80.333336,10.0
10.718726,1.679304,64256.0,1.0,10.123241,0.045159,1.0,2.0,0.0,0.0,5.128205,67232.617188,6107.291992,0.0,64.0,0.0,1357.0,0.000992,1721542656.0,31872.0,0.046151,0.0,61125.324219,1.679304,1.679304,62.0,0.0,19.0,0.0,18.0,-0.0,0.0,0.0,13543.0,0.0,1.679304,1.679304,21.437452,0.0,0.0,37.0,1.0,0.0,712.78949,0.0,14900.0,75.388885,10.0
29.14732,0.583244,64256.0,0.0,27.432772,0.059939,0.0,0.0,0.0,0.0,0.0,195952.28125,16569.394531,0.0,64.0,0.0,1283.0,0.000995,1721542656.0,31872.0,0.060934,0.0,179382.890625,0.583244,0.583244,62.0,0.0,18.0,0.0,17.0,-0.0,0.0,0.0,13847.0,0.0,0.583244,0.583244,58.29464,0.0,0.0,35.0,0.0,0.0,769.277771,0.0,15130.0,75.470589,10.0
0.0,1.606018,197300.1840419336,0.0,0.622658,0.305457,0.0,0.0,0.0,0.0,0.0,602.732971,602.732971,0.0,64.0,0.0,242.0,0.001599,1721542656.0,95686.87047841308,0.307056,0.0,0.0,1.606018,1.606018,62.0,0.0,0.0,0.0,2.0,-0.0,1.0,0.0,0.0,1.0,1.606018,1.606018,0.622658,1.0,1.0,2.0,1.0,0.0,0.0,0.0,242.0,121.0,10.0
6.872632,2.619084,64256.0,0.0,5.34538,0.307078,0.0,0.0,0.0,0.0,0.0,44656.835938,3283.59082,0.0,64.0,0.0,1151.0,0.000774,1721542656.0,31872.0,0.307852,0.0,41373.246094,2.619084,2.619084,62.0,0.0,19.0,0.0,15.0,-0.0,0.0,0.0,14297.0,0.0,2.619084,2.619084,12.599826,0.0,0.0,34.0,0.0,0.0,752.473694,0.0,15448.0,76.73333,10.0
12.789023,1.407457,64256.0,0.0,10.657519,0.168976,0.0,0.0,0.0,0.0,0.0,85572.773438,6485.455566,0.0,64.0,0.0,1217.0,0.001005,1721542656.0,31872.0,0.169981,0.0,79087.320312,1.407457,1.407457,62.0,0.0,19.0,0.0,16.0,-0.0,0.0,0.0,14687.0,0.0,1.407457,1.407457,24.157043,0.0,0.0,35.0,0.0,0.0,773.0,0.0,15904.0,76.0625,10.0
0.0,0.0,197300.1840419336,0.0,0.0,0.305457,0.0,0.0,0.0,0.0,0.0,0.0,0.0,0.0,64.0,0.0,121.0,0.001599,1721542656.0,95686.87047841308,0.307056,0.0,0.0,0.0,0.0,62.0,0.0,0.0,0.0,1.0,-0.0,1.0,0.0,0.0,1.0,0.0,0.0,0.0,0.0,1.0,1.0,0.0,0.0,0.0,0.0,121.0,121.0,10.0
0.0,0.0,64256.0,0.0,0.0,0.305457,0.0,0.0,0.0,0.0,0.0,0.0,0.0,0.0,64.0,0.0,121.0,0.001599,1721542656.0,31872.0,0.307056,0.0,0.0,0.0,0.0,62.0,0.0,1.0,0.0,1.0,-0.0,1.0,0.0,54.0,1.0,0.0,0.0,0.0,0.0,0.0,2.0,0.0,0.0,54.0,0.0,175.0,121.0,10.0
8.419342,1.900386,64256.0,0.0,5.788298,0.274755,0.0,0.0,0.0,0.0,0.0,62825.132812,3611.897949,1.0,64.0,0.0,936.0,0.001008,1721542656.0,31872.0,0.275763,0.0,59213.234375,1.900386,1.900386,62.0,0.0,17.0,0.0,12.0,-0.0,0.0,0.0,14945.0,0.0,1.900386,1.900386,14.733849,0.0,0.0,29.0,0.0,0.0,879.117676,0.0,15881.0,78.0,10.0
5.807639,0.172187,64256.0,0.0,17.422918,0.274755,0.0,0.0,0.0,1.0,0.0,13009.112305,9803.294922,0.0,64.0,0.0,281.0,0.001008,1721542656.0,31872.0,0.275763,0.0,3205.816895,0.172187,0.172187,62.0,0.0,2.0,0.0,4.0,-0.0,1.0,0.0,138.0,0.0,0.172187,0.172187,29.038197,0.0,0.0,6.0,0.0,0.0,69.0,0.0,419.0,70.25,10.0
13.227542,1.360797,64256.0,0.0,11.022952,0.169081,0.0,0.0,0.0,0.0,0.0,92951.398438,6707.833496,0.0,64.0,0.0,1217.0,0.000992,1721542656.0,31872.0,0.170073,0.0,86243.570312,1.360797,1.360797,62.0,0.0,19.0,0.0,16.0,-0.0,0.0,0.0,15485.0,0.0,1.360797,1.360797,24.985357,0.0,0.0,35.0,0.0,0.0,815.0,0.0,16702.0,76.0625,10.0
1.980948,3.533661,64256.0,0.0,2.546934,0.184763,0.0,3.0,0.0,0.0,14.285714,3103.863281,1783.985596,1.0,64.0,0.0,875.0,0.001,1721542656.0,31872.0,0.185763,0.0,1319.877686,3.533661,3.533661,62.0,0.0,8.0,0.0,10.0,-0.0,0.0,0.0,666.0,1.0,3.533661,3.533661,4.810875,1.0,0.0,18.0,3.0,0.0,83.25,0.0,1541.0,87.5,10.0
40.031536,0.324744,64256.0,0.0,40.031536,0.184763,0.0,0.0,0.0,1.0,0.0,376444.21875,22565.46875,0.0,64.0,0.0,986.0,0.001,1721542656.0,31872.0,0.185763,0.0,353878.75,0.324744,0.324744,62.0,0.0,14.0,0.0,14.0,-0.0,1.0,0.0,15470.0,1.0,0.324744,0.324744,83.142418,0.0,0.0,28.0,0.0,0.0,1105.0,0.0,16456.0,70.428574,10.0
12.926288,1.469873,64256.0,0.0,10.204964,0.169734,0.0,0.0,0.0,0.0,0.0,90870.4375,6210.060547,0.0,64.0,0.0,1217.0,0.000994,1721542656.0,31872.0,0.170728,0.0,84660.375,1.469873,1.469873,62.0,0.0,20.0,0.0,16.0,-0.0,0.0,0.0,16373.0,0.0,1.469873,1.469873,23.811583,0.0,0.0,36.0,0.0,0.0,818.650024,0.0,17590.0,76.0625,10.0
8.365675,2.629794,64256.0,1.0,6.464385,0.1383,1.0,4.0,0.0,0.0,8.888889,53427.761719,3927.303955,0.0,64.0,0.0,1366.0,0.0008,1721542656.0,31872.0,0.1391,0.0,49500.457031,2.629794,2.629794,62.0,0.0,23.0,0.0,18.0,-0.0,0.0,0.0,17011.0,1.0,2.629794,2.629794,15.210318,0.0,0.0,41.0,3.0,0.0,739.608704,0.0,18377.0,75.888885,10.0
12.783843,1.486251,64256.0,0.0,10.092508,0.167334,0.0,0.0,0.0,0.0,0.0,94196.742188,6141.627441,0.0,64.0,0.0,1217.0,0.00149,1721542656.0,31872.0,0.168824,0.0,88055.117188,1.486251,1.486251,62.0,0.0,20.0,0.0,16.0,-0.0,0.0,0.0,17219.0,0.0,1.486251,1.486251,23.549185,0.0,0.0,36.0,0.0,0.0,860.950012,0.0,18436.0,76.0625,10.0
5.729684,3.490594,64256.0,0.0,5.156715,0.168787,0.0,6.0,0.0,0.0,13.043478,41831.277344,3132.991211,0.0,64.0,0.0,1442.0,0.00099,1721542656.0,31872.0,0.169777,0.0,38698.285156,3.490594,3.490594,62.0,0.0,21.0,0.0,19.0,-0.0,0.0,0.0,17729.0,1.0,3.490594,3.490594,11.172884,1.0,0.0,40.0,6.0,0.0,844.238098,0.0,19171.0,75.894737,10.0
0.0,3.967118,197300.1840419336,0.0,0.252072,0.168787,0.0,0.0,0.0,0.0,0.0,151.243301,151.243301,0.0,64.0,0.0,150.0,0.00099,1721542656.0,95686.87047841308,0.169777,0.0,0.0,3.967118,3.967118,62.0,0.0,0.0,0.0,2.0,-0.0,1.0,0.0,0.0,1.0,3.967118,3.967118,0.252072,1.0,1.0,2.0,1.0,0.0,0.0,0.0,150.0,75.0,10.0
0.0,0.001991,64256.0,0.0,0.0,0.168787,0.0,0.0,0.0,0.0,0.0,0.0,0.0,0.0,64.0,0.0,66.0,0.00099,1721542656.0,31872.0,0.169777,0.0,0.0,0.001991,0.001991,62.0,0.0,1.0,0.0,1.0,-0.0,1.0,0.0,66.0,1.0,0.001991,0.001991,502.260162,0.0,0.0,2.0,0.0,0.0,66.0,0.0,132.0,66.0,10.0
0.0,3.064683,8222720.0,0.0,0.652596,0.0,0.0,2.0,0.0,0.0,33.333333,386.336853,386.336853,0.0,64.0,0.0,222.0,0.001895,1721542656.0,4077568.0,0.001895,0.0,0.0,3.064683,3.064683,62.0,0.0,1.0,0.0,3.0,-0.0,0.0,0.0,74.0,0.0,3.064683,3.064683,0.978894,1.0,0.0,4.0,2.0,0.0,74.0,0.0,296.0,74.0,10.0
0.470995,4.246332,64256.0,1.0,0.941989,0.292386,1.0,5.0,0.0,0.0,38.461538,1051.260254,776.19928,0.0,64.0,0.0,514.0,0.001895,1721542656.0,31872.0,0.294281,0.0,275.060913,4.246332,4.246332,62.0,0.0,3.0,0.0,5.0,-0.0,1.0,0.0,218.0,1.0,4.246332,4.246332,1.648481,0.0,0.0,8.0,4.0,0.0,72.666664,0.0,732.0,102.800003,10.0
6.626177,2.112832,64256.0,0.0,4.732984,0.292386,0.0,1.0,0.0,0.0,3.703704,57946.867188,2953.381836,0.0,64.0,1.0,857.0,0.001895,1721542656.0,31872.0,0.294281,0.0,54993.484375,2.112832,2.112832,62.0,0.0,15.0,0.0,11.0,-0.0,1.0,0.0,15561.0,1.0,2.112832,2.112832,11.832459,1.0,0.0,26.0,1.0,0.0,1037.400024,0.0,16418.0,77.909088,10.0
0.0,0.042623,64256.0,0.0,0.0,0.292386,0.0,0.0,0.0,0.0,0.0,0.0,0.0,0.0,64.0,0.0,66.0,0.001895,1721542656.0,31872.0,0.294281,0.0,0.0,0.042623,0.042623,61.0,0.0,1.0,0.0,1.0,-0.0,1.0,0.0,1514.0,1.0,0.042623,0.042623,23.461512,0.0,0.0,2.0,0.0,0.0,1514.0,0.0,1580.0,66.0,10.0
16.834923,0.178201,64256.0,0.0,28.058203,0.292386,0.0,0.0,0.0,1.0,0.0,98585.304688,15937.05957,0.0,64.0,0.0,425.0,0.001895,1721542656.0,31872.0,0.294281,0.0,82648.242188,0.178201,0.178201,62.0,0.0,4.0,0.0,6.0,-0.0,1.0,0.0,2454.0,1.0,0.178201,0.178201,50.504765,0.0,0.0,10.0,0.0,0.0,613.5,0.0,2879.0,70.833336,10.0
1.637418,4.885742,64256.0,0.0,2.456126,0.194151,0.0,4.0,0.0,0.0,15.384615,2706.651123,1562.096313,1.0,64.0,0.0,1033.0,0.001537,1721542656.0,31872.0,0.195688,0.0,1144.55481,4.885742,4.885742,62.0,0.0,9.0,0.0,13.0,-0.0,0.0,0.0,786.0,1.0,4.885742,4.885742,4.298221,1.0,0.0,22.0,4.0,0.0,87.333336,0.0,1819.0,79.46154,10.0
4.30472,4.181456,64256.0,0.0,3.348116,0.194151,0.0,0.0,0.0,1.0,0.0,35168.609375,1865.378906,0.0,64.0,0.0,1044.0,0.001537,1721542656.0,31872.0,0.195688,0.0,33303.230469,4.181456,4.181456,62.0,0.0,19.0,0.0,15.0,-0.0,1.0,0.0,18374.0,1.0,4.181456,4.181456,7.891988,0.0,0.0,34.0,0.0,0.0,967.052612,0.0,19418.0,69.599998,10.0
7.809717,2.945049,64256.0,1.0,6.451506,0.061932,1.0,4.0,0.0,0.0,8.333333,54086.707031,3960.545166,0.0,64.0,0.0,1534.0,0.000501,1721542656.0,31872.0,0.062433,0.0,50126.160156,2.945049,2.945049,62.0,0.0,24.0,0.0,20.0,-0.0,0.0,0.0,19255.0,0.0,2.945049,2.945049,14.600776,0.0,0.0,44.0,3.0,0.0,802.291687,0.0,20789.0,76.699997,10.0
7.217909,3.047974,64256.0,1.0,5.905562,0.170106,1.0,3.0,0.0,0.0,6.666667,52953.207031,3632.576904,0.0,64.0,0.0,1460.0,0.001071,1721542656.0,31872.0,0.171177,0.0,49320.628906,3.047974,3.047974,62.0,0.0,23.0,0.0,19.0,-0.0,0.0,0.0,19645.0,0.0,3.047974,3.047974,13.451558,0.0,0.0,42.0,2.0,0.0,854.130432,0.0,21105.0,76.842102,10.0
12.049027,1.327908,64256.0,0.0,9.036771,0.16816,0.0,0.0,0.0,0.0,0.0,92765.460938,5711.23877,1.0,64.0,0.0,1026.0,0.00098,1721542656.0,31872.0,0.16914,4344.0,87054.21875,1.327908,1.327908,62.0,0.0,17.0,0.0,13.0,-0.0,0.0,0.0,15353.0,1.0,1.327908,1.327908,21.838861,0.0,0.0,30.0,0.0,0.0,903.117676,0.0,16379.0,78.92308,10.0
3.471192,1.728513,64256.0,3.0,3.471192,0.16816,0.0,3.0,0.0,1.0,17.647059,21040.050781,1948.495605,0.0,64.0,0.0,491.0,0.00098,1721542656.0,31872.0,0.16914,0.0,19091.554688,1.728513,1.728513,62.0,0.0,7.0,0.0,7.0,-0.0,1.0,0.0,4812.0,1.0,1.728513,1.728513,7.520916,0.0,0.0,14.0,0.0,0.0,687.428589,0.0,5303.0,70.14286,10.0
1.480258,4.728905,64256.0,0.0,2.114654,0.321412,0.0,3.0,0.0,0.0,13.636364,2464.841064,1527.626343,1.0,64.0,0.0,993.0,0.001,1721542656.0,31872.0,0.322412,0.0,937.214783,4.728905,4.728905,62.0,0.0,8.0,0.0,11.0,-0.0,0.0,0.0,633.0,1.0,4.728905,4.728905,3.806378,1.0,0.0,19.0,3.0,0.0,79.125,0.0,1626.0,90.272728,10.0
12.761961,1.175368,64256.0,2.0,11.060367,0.321412,0.0,2.0,0.0,1.0,6.25,133765.765625,6105.322266,0.0,64.0,0.0,965.0,0.001,1721542656.0,31872.0,0.322412,0.0,127660.445312,1.175368,1.175368,62.0,0.0,16.0,0.0,14.0,-0.0,1.0,0.0,20006.0,1.0,1.175368,1.175368,24.673124,0.0,0.0,30.0,0.0,0.0,1250.375,0.0,20971.0,68.928574,10.0
9.258368,2.484239,64256.0,0.0,8.453293,0.1534,0.0,1.0,0.0,0.0,2.12766,70270.210938,5110.619141,0.0,64.0,0.0,1662.0,0.000993,1721542656.0,31872.0,0.154393,0.0,65159.589844,2.484239,2.484239,62.0,0.0,24.0,0.0,22.0,-0.0,0.0,0.0,21113.0,1.0,2.484239,2.484239,18.114199,1.0,0.0,46.0,1.0,0.0,879.708313,0.0,22775.0,75.545456,10.0
13.867799,1.586409,64256.0,0.0,10.716026,0.120129,0.0,0.0,0.0,0.0,0.0,110241.4375,6429.615723,0.0,64.0,0.0,1349.0,0.002001,1721542656.0,31872.0,0.12213,0.0,103811.820312,1.586409,1.586409,62.0,0.0,23.0,0.0,18.0,-0.0,0.0,0.0,21521.0,0.0,1.586409,1.586409,25.21418,0.0,0.0,41.0,0.0,0.0,935.695679,0.0,22870.0,74.944443,10.0
12.538189,1.914152,64256.0,0.0,9.403642,0.169015,0.0,0.0,0.0,0.0,0.0,94433.460938,5604.570312,0.0,64.0,0.0,1415.0,0.000752,1721542656.0,31872.0,0.169767,0.0,88828.890625,1.914152,1.914152,62.0,0.0,25.0,0.0,19.0,-0.0,0.0,0.0,22139.0,0.0,1.914152,1.914152,22.464256,0.0,0.0,44.0,0.0,0.0,885.559998,0.0,23554.0,74.473686,10.0
7.835583,2.935327,64256.0,0.0,6.132196,0.168138,0.0,1.0,0.0,0.0,2.272727,62613.804688,3676.592041,0.0,64.0,0.0,1423.0,0.000983,1721542656.0,31872.0,0.169121,0.0,58937.214844,2.935327,2.935327,61.0,0.0,24.0,0.0,19.0,-0.0,0.0,0.0,22565.0,0.0,2.935327,2.935327,14.308456,1.0,0.0,43.0,1.0,0.0,940.208313,0.0,23988.0,74.894737,10.0
1.06892,3.742095,64256.0,0.0,1.06892,0.742836,0.0,0.0,0.0,0.0,0.0,1402.422974,735.416931,1.0,64.0,0.0,429.0,0.001499,1721542656.0,31872.0,0.744335,0.0,667.006042,3.742095,3.742095,61.0,0.0,5.0,0.0,5.0,-0.0,0.0,0.0,390.0,0.0,3.742095,3.742095,2.40507,0.0,0.0,10.0,0.0,0.0,78.0,0.0,819.0,85.800003,10.0
0.0,4.10505,64256.0,0.0,0.487205,0.742836,0.0,1.0,0.0,0.0,20.0,294.271698,294.271698,0.0,64.0,1.0,226.0,0.001499,1721542656.0,31872.0,0.744335,0.0,0.0,4.10505,4.10505,62.0,0.0,1.0,0.0,3.0,-0.0,1.0,0.0,100.0,1.0,4.10505,4.10505,0.730807,1.0,0.0,4.0,1.0,0.0,100.0,0.0,326.0,75.333336,10.0
8.341061,2.157999,64256.0,0.0,7.414276,0.742836,0.0,0.0,0.0,1.0,0.0,83788.734375,4159.408691,0.0,64.0,0.0,1192.0,0.001499,1721542656.0,31872.0,0.744335,0.0,79629.320312,2.157999,2.157999,62.0,0.0,19.0,0.0,17.0,-0.0,1.0,0.0,22673.0,1.0,2.157999,2.157999,16.218729,0.0,0.0,36.0,0.0,0.0,1193.315796,0.0,23865.0,70.117645,10.0
38.984077,0.615636,64256.0,0.0,29.238056,0.060201,0.0,0.0,0.0,0.0,0.0,312249.4375,17425.880859,0.0,64.0,0.0,1415.0,0.001471,1721542656.0,31872.0,0.061672,0.0,294823.5625,0.615636,0.615636,62.0,0.0,25.0,0.0,19.0,-0.0,0.0,0.0,23633.0,0.0,0.615636,0.615636,69.846466,0.0,0.0,44.0,0.0,0.0,945.320007,0.0,25048.0,74.473686,10.0
36.20401,0.66291,64256.0,0.0,27.153008,0.058016,0.0,0.0,0.0,0.0,0.0,295895.375,16183.192383,0.0,64.0,0.0,1415.0,0.004208,1721542656.0,31872.0,0.062224,0.0,279712.1875,0.66291,0.66291,62.0,0.0,25.0,0.0,19.0,-0.0,0.0,0.0,24143.0,0.0,0.66291,0.66291,64.865517,0.0,0.0,44.0,0.0,0.0,965.719971,0.0,25558.0,74.473686,10.0
7.025235,3.416256,64256.0,3.0,6.732517,0.16789,1.0,4.0,0.0,0.0,7.54717,59559.941406,4123.812988,0.0,64.0,0.0,1837.0,0.000497,1721542656.0,31872.0,0.168387,0.0,55436.128906,3.416256,3.416256,62.0,0.0,25.0,0.0,24.0,-0.0,0.0,0.0,24659.0,1.0,3.416256,3.416256,14.050469,0.0,0.0,49.0,1.0,0.0,986.359985,0.0,26496.0,76.541664,10.0
16.673847,1.499354,64256.0,0.0,12.00517,0.167592,0.0,0.0,0.0,0.0,0.0,136682.859375,7155.081543,0.0,64.0,0.0,1415.0,0.000987,1721542656.0,31872.0,0.168579,0.0,129527.78125,1.499354,1.499354,62.0,0.0,26.0,0.0,19.0,-0.0,0.0,0.0,25247.0,0.0,1.499354,1.499354,29.345972,0.0,0.0,45.0,0.0,0.0,971.038452,0.0,26662.0,74.473686,10.0
8.371114,3.105919,64256.0,1.0,6.439318,0.290496,1.0,3.0,0.0,0.0,5.882353,68037.835938,3922.832764,0.0,64.0,0.0,1599.0,0.000783,1721542656.0,31872.0,0.291279,0.0,64115.003906,3.105919,3.105919,62.0,0.0,27.0,0.0,21.0,-0.0,0.0,0.0,25849.0,0.0,3.105919,3.105919,15.132398,0.0,0.0,48.0,2.0,0.0,957.370361,0.0,27448.0,76.14286,10.0
38.353207,0.651836,64256.0,0.0,30.682566,0.061475,0.0,0.0,0.0,0.0,0.0,328573.4375,18090.441406,0.0,64.0,0.0,1547.0,0.000994,1721542656.0,31872.0,0.062469,0.0,310483.0,0.651836,0.651836,62.0,0.0,26.0,0.0,21.0,-0.0,0.0,0.0,26309.0,0.0,0.651836,0.651836,70.569901,0.0,0.0,47.0,0.0,0.0,1011.884644,0.0,27856.0,73.666664,10.0
5.570776,4.487705,64256.0,1.0,5.347945,0.168214,1.0,4.0,0.0,0.0,7.272727,49324.09375,3290.768799,1.0,64.0,0.0,1922.0,0.001493,1721542656.0,31872.0,0.169707,0.0,46033.328125,4.487705,4.487705,62.0,0.0,26.0,0.0,25.0,-0.0,0.0,0.0,26855.0,1.0,4.487705,4.487705,11.141552,0.0,0.0,51.0,3.0,0.0,1032.884644,0.0,28777.0,76.879997,10.0
6.121,0.326744,64256.0,0.0,6.121,0.168214,0.0,0.0,0.0,1.0,0.0,6708.616211,3378.791992,0.0,64.0,0.0,207.0,0.001493,1721542656.0,31872.0,0.169707,0.0,3329.823975,0.326744,0.326744,62.0,0.0,3.0,0.0,3.0,-0.0,1.0,0.0,204.0,1.0,0.326744,0.326744,15.302501,0.0,0.0,6.0,0.0,0.0,68.0,0.0,411.0,69.0,10.0
8.359775,3.229752,64256.0,0.0,7.740532,0.291581,0.0,0.0,0.0,0.0,0.0,73709.6875,4500.655273,0.0,64.0,0.0,1889.0,0.000997,1721542656.0,31872.0,0.292578,0.0,69209.03125,3.229752,3.229752,62.0,0.0,28.0,0.0,26.0,-0.0,0.0,0.0,28975.0,1.0,3.229752,3.229752,16.409929,0.0,0.0,54.0,0.0,0.0,1034.821411,0.0,30864.0,72.653847,10.0
16.061695,1.681018,64256.0,0.0,11.302675,0.16862,0.0,0.0,0.0,0.0,0.0,135555.953125,6695.942383,0.0,64.0,0.0,1481.0,0.000993,1721542656.0,31872.0,0.169613,0.0,128860.015625,1.681018,1.681018,62.0,0.0,28.0,0.0,20.0,-0.0,0.0,0.0,28079.0,0.0,1.681018,1.681018,27.959249,0.0,0.0,48.0,0.0,0.0,1002.821411,0.0,29560.0,74.050003,10.0
5.519027,4.710975,64256.0,1.0,4.033135,0.274963,1.0,4.0,0.0,0.0,7.843137,49139.71875,2414.786621,1.0,64.0,0.0,1496.0,0.001003,1721542656.0,31872.0,0.275966,0.0,46724.933594,4.710975,4.710975,62.0,0.0,27.0,0.0,20.0,-0.0,0.0,0.0,28573.0,0.0,4.710975,4.710975,9.764433,0.0,0.0,47.0,3.0,0.0,1058.259277,0.0,30069.0,74.800003,10.0
2.557595,1.172977,64256.0,0.0,2.557595,0.274963,0.0,0.0,0.0,1.0,0.0,2884.967041,1439.073486,0.0,64.0,0.0,281.0,0.001003,1721542656.0,31872.0,0.275966,0.0,1445.893677,1.172977,1.172977,62.0,0.0,4.0,0.0,4.0,-0.0,1.0,0.0,282.0,1.0,1.172977,1.172977,5.967721,0.0,0.0,8.0,0.0,0.0,70.5,0.0,563.0,70.25,10.0
5.071297,4.929705,64256.0,0.0,5.274149,0.305213,0.0,3.0,0.0,0.0,5.357143,48509.1875,3157.998291,1.0,64.0,0.0,2020.0,0.00203,1721542656.0,31872.0,0.307243,0.0,45351.191406,4.929705,4.929705,62.0,0.0,26.0,0.0,27.0,-0.0,0.0,0.0,29063.0,0.0,4.929705,4.929705,10.548298,1.0,0.0,53.0,3.0,0.0,1117.807739,0.0,31083.0,74.814812,10.0
0.924999,3.243248,64256.0,0.0,1.541664,0.305213,0.0,2.0,0.0,1.0,16.666667,1405.997925,883.065369,0.0,64.0,0.0,429.0,0.00203,1721542656.0,31872.0,0.307243,0.0,522.932556,3.243248,3.243248,62.0,0.0,4.0,0.0,6.0,-0.0,1.0,0.0,282.0,1.0,3.243248,3.243248,2.774996,1.0,0.0,10.0,2.0,0.0,70.5,0.0,711.0,71.5,10.0
7.150036,3.916064,64256.0,0.0,6.639319,0.15911,0.0,1.0,0.0,0.0,1.754386,62691.519531,3838.548096,0.0,64.0,0.0,1951.0,0.00049,1721542656.0,31872.0,0.1596,0.0,58852.96875,3.916064,3.916064,62.0,0.0,29.0,0.0,27.0,-0.0,0.0,0.0,29837.0,0.0,3.916064,3.916064,14.044714,1.0,0.0,56.0,1.0,0.0,1028.862061,0.0,31788.0,72.259262,10.0
14.843829,2.08841,64256.0,0.0,10.53433,0.168121,0.0,2.0,0.0,0.0,3.508772,119830.882812,6186.524902,0.0,64.0,0.0,1688.0,0.001486,1721542656.0,34816.0,0.169607,0.0,113644.359375,2.08841,2.08841,62.0,0.0,32.0,0.0,23.0,-0.0,0.0,0.0,30623.0,1.0,2.08841,2.08841,25.856993,1.0,0.0,55.0,2.0,0.0,956.96875,0.0,32311.0,73.391304,10.0
6.031831,4.807827,64256.0,1.0,4.783866,0.153767,1.0,4.0,0.0,0.0,6.896552,52797.242188,2822.064941,0.0,64.0,0.0,1769.0,0.000514,1721542656.0,31872.0,0.154281,0.0,49975.175781,4.807827,4.807827,62.0,0.0,30.0,0.0,24.0,-0.0,0.0,0.0,31069.0,0.0,4.807827,4.807827,11.023691,0.0,0.0,54.0,3.0,0.0,1035.633301,0.0,32838.0,73.708336,10.0
0.0,0.00088,64256.0,0.0,0.0,0.153767,0.0,0.0,0.0,0.0,0.0,0.0,0.0,0.0,64.0,0.0,66.0,0.000514,1721542656.0,31872.0,0.154281,0.0,0.0,0.00088,0.00088,62.0,0.0,1.0,0.0,1.0,-0.0,1.0,0.0,66.0,0.0,0.00088,0.00088,1136.363647,0.0,0.0,2.0,0.0,0.0,66.0,0.0,132.0,66.0,10.0
5.557634,4.858182,64256.0,1.0,4.528443,0.308559,1.0,3.0,0.0,0.0,5.555556,51928.890625,2832.335205,1.0,64.0,0.0,1798.0,0.001337,1721542656.0,31872.0,0.309896,0.0,49096.554688,4.858182,4.858182,62.0,0.0,28.0,0.0,23.0,-0.0,0.0,0.0,30919.0,1.0,4.858182,4.858182,10.291916,0.0,0.0,51.0,2.0,0.0,1104.25,0.0,32717.0,78.173912,10.0
6.130456,0.32624,64256.0,0.0,12.260912,0.308559,0.0,0.0,0.0,1.0,0.0,20034.330078,6817.066895,0.0,64.0,0.0,347.0,0.001337,1721542656.0,31872.0,0.309896,0.0,13217.263672,0.32624,0.32624,62.0,0.0,3.0,0.0,5.0,-0.0,1.0,0.0,808.0,1.0,0.32624,0.32624,21.456596,0.0,0.0,8.0,0.0,0.0,269.333344,0.0,1155.0,69.400002,10.0
12.981438,2.233959,64256.0,3.0,11.190895,0.168325,0.0,3.0,0.0,0.0,5.084746,118415.78125,6796.901855,0.0,64.0,0.0,1973.0,0.000486,1721542656.0,31872.0,0.168811,0.0,111618.882812,2.233959,2.233959,62.0,0.0,30.0,0.0,26.0,-0.0,0.0,0.0,32243.0,1.0,2.233959,2.233959,24.619968,0.0,0.0,56.0,0.0,0.0,1074.766724,0.0,34216.0,75.884613,10.0
6.758003,4.587154,64256.0,2.0,4.578002,0.293736,0.0,2.0,0.0,0.0,3.571429,58497.273438,2785.169189,0.0,64.0,0.0,1673.0,0.000993,1721542656.0,34816.0,0.294729,0.0,55712.105469,4.587154,4.587154,62.0,0.0,32.0,0.0,22.0,-0.0,0.0,0.0,32975.0,1.0,4.587154,4.587154,11.554006,0.0,0.0,54.0,0.0,0.0,1030.46875,0.0,34648.0,76.045456,10.0
0.0,0.000767,64256.0,0.0,0.0,0.293736,0.0,0.0,0.0,0.0,0.0,0.0,0.0,0.0,64.0,0.0,66.0,0.000993,1721542656.0,34816.0,0.294729,0.0,0.0,0.000767,0.000767,62.0,0.0,1.0,0.0,1.0,-0.0,1.0,0.0,66.0,1.0,0.000767,0.000767,1303.780884,0.0,0.0,2.0,0.0,0.0,66.0,0.0,132.0,66.0,10.0
0.0,0.001176,64256.0,0.0,0.0,0.293736,0.0,0.0,0.0,0.0,0.0,0.0,0.0,0.0,64.0,0.0,66.0,0.000993,1721542656.0,34816.0,0.294729,0.0,0.0,0.001176,0.001176,62.0,0.0,1.0,0.0,1.0,-0.0,1.0,0.0,66.0,1.0,0.001176,0.001176,850.340149,0.0,0.0,2.0,0.0,0.0,66.0,0.0,132.0,66.0,10.0
3.284714,3.044405,64256.0,0.0,4.270128,0.170048,0.0,4.0,0.0,0.0,13.793103,5817.885742,2693.465576,0.0,64.0,0.0,1103.0,0.000993,1721542656.0,31872.0,0.171041,0.0,3124.420166,3.044405,3.044405,62.0,0.0,11.0,0.0,14.0,-0.0,0.0,0.0,1307.0,1.0,3.044405,3.044405,7.883314,1.0,0.0,25.0,4.0,0.0,118.818184,0.0,2410.0,78.785713,11.0
3.851725,2.855863,64256.0,0.0,4.552039,0.105623,0.0,1.0,0.0,0.0,3.703704,6400.867188,2843.273438,0.0,64.0,0.0,1093.0,0.00149,1721542656.0,31872.0,0.107113,0.0,3557.593506,2.855863,2.855863,62.0,0.0,12.0,0.0,14.0,-0.0,0.0,0.0,1385.0,1.0,2.855863,2.855863,8.753921,1.0,0.0,26.0,1.0,0.0,115.416664,0.0,2478.0,78.071426,11.0
20.078171,0.448248,64256.0,0.0,26.770895,0.045188,0.0,0.0,0.0,0.0,0.0,37033.070312,16794.275391,0.0,64.0,0.0,1019.0,0.000496,1721542656.0,31872.0,0.045684,0.0,20238.796875,0.448248,0.448248,62.0,0.0,10.0,0.0,13.0,-0.0,0.0,0.0,1259.0,0.0,0.448248,0.448248,49.079975,0.0,0.0,23.0,0.0,0.0,125.900002,0.0,2278.0,78.384613,11.0
6.08799,1.806836,64256.0,0.0,7.194898,0.155458,0.0,1.0,0.0,0.0,3.703704,10289.810547,4494.043945,0.0,64.0,0.0,1093.0,0.0005,1721542656.0,31872.0,0.155958,0.0,5795.766602,1.806836,1.806836,62.0,0.0,12.0,0.0,14.0,-0.0,0.0,0.0,1427.0,1.0,1.806836,1.806836,13.836342,1.0,0.0,26.0,1.0,0.0,118.916664,0.0,2520.0,78.071426,11.0
6.127251,1.468848,64256.0,0.0,8.169667,0.169264,0.0,0.0,0.0,0.0,0.0,11562.802734,5125.10498,0.0,64.0,0.0,1019.0,0.000998,1721542656.0,31872.0,0.170262,0.0,6437.698242,1.468848,1.468848,62.0,0.0,10.0,0.0,13.0,-0.0,0.0,0.0,1313.0,0.0,1.468848,1.468848,14.977724,0.0,0.0,23.0,0.0,0.0,131.300003,0.0,2332.0,78.384613,11.0
7.461752,1.206151,64256.0,0.0,9.949003,0.169001,0.0,0.0,0.0,0.0,0.0,14300.033203,6241.341309,0.0,64.0,0.0,1019.0,0.000993,1721542656.0,31872.0,0.169994,0.0,8058.692383,1.206151,1.206151,62.0,0.0,10.0,0.0,13.0,-0.0,0.0,0.0,1349.0,0.0,1.206151,1.206151,18.23984,0.0,0.0,23.0,0.0,0.0,134.899994,0.0,2368.0,78.384613,11.0
12.149126,0.740794,64256.0,0.0,16.198835,0.169052,0.0,0.0,0.0,0.0,0.0,23682.697266,10162.069336,0.0,64.0,0.0,1019.0,0.001025,1721542656.0,31872.0,0.170077,0.0,13520.62793,0.740794,0.740794,62.0,0.0,10.0,0.0,13.0,-0.0,0.0,0.0,1391.0,0.0,0.740794,0.740794,29.697865,0.0,0.0,23.0,0.0,0.0,139.100006,0.0,2410.0,78.384613,11.0
13.518994,0.66573,64256.0,0.0,18.025326,0.060968,0.0,0.0,0.0,0.0,0.0,26881.769531,11307.887695,0.0,64.0,0.0,1019.0,0.000505,1721542656.0,31872.0,0.061473,0.0,15573.880859,0.66573,0.66573,62.0,0.0,10.0,0.0,13.0,-0.0,0.0,0.0,1439.0,0.0,0.66573,0.66573,33.046429,0.0,0.0,23.0,0.0,0.0,143.899994,0.0,2458.0,78.384613,11.0
6.398389,1.406604,64256.0,0.0,8.531185,0.168338,0.0,0.0,0.0,0.0,0.0,12995.838867,5351.896973,0.0,64.0,0.0,1019.0,0.000496,1721542656.0,31872.0,0.168834,0.0,7643.942383,1.406604,1.406604,62.0,0.0,10.0,0.0,13.0,-0.0,0.0,0.0,1493.0,0.0,1.406604,1.406604,15.640507,0.0,0.0,23.0,0.0,0.0,149.300003,0.0,2512.0,78.384613,11.0
6.42236,1.401354,64256.0,0.0,7.135956,0.168752,0.0,0.0,0.0,0.0,0.0,12587.826172,4606.973145,0.0,64.0,0.0,887.0,0.000967,1721542656.0,31872.0,0.169719,0.0,7980.853027,1.401354,1.401354,62.0,0.0,10.0,0.0,11.0,-0.0,0.0,0.0,1553.0,0.0,1.401354,1.401354,14.271912,0.0,0.0,21.0,0.0,0.0,155.300003,0.0,2440.0,80.63636,11.0
7.065619,1.698365,64256.0,0.0,8.243222,0.062359,0.0,1.0,0.0,0.0,3.448276,13104.368164,5096.666504,0.0,64.0,0.0,1159.0,0.000569,1721542656.0,31872.0,0.062928,0.0,8007.70166,1.698365,1.698365,62.0,0.0,13.0,0.0,15.0,-0.0,0.0,0.0,1841.0,1.0,1.698365,1.698365,15.897643,1.0,0.0,28.0,1.0,0.0,141.615387,0.0,3000.0,77.26667,11.0
2.518838,2.779059,64256.0,0.0,3.238506,0.169494,0.0,3.0,0.0,0.0,14.285714,3984.08252,2372.025879,1.0,64.0,0.0,915.0,0.00099,1721542656.0,31872.0,0.170484,0.0,1612.056519,2.779059,2.779059,62.0,0.0,8.0,0.0,10.0,-0.0,0.0,0.0,639.0,1.0,2.779059,2.779059,6.117178,1.0,0.0,18.0,3.0,0.0,79.875,0.0,1554.0,91.5,11.0
21.622087,0.138747,64256.0,0.0,21.622087,0.169494,0.0,0.0,0.0,1.0,0.0,63886.0625,12166.02832,0.0,64.0,0.0,281.0,0.00099,1721542656.0,31872.0,0.170484,0.0,51720.035156,0.138747,0.138747,62.0,0.0,4.0,0.0,4.0,-0.0,1.0,0.0,1196.0,1.0,0.138747,0.138747,50.451538,0.0,0.0,8.0,0.0,0.0,299.0,0.0,1477.0,70.25,11.0
6.631886,1.35708,64256.0,0.0,8.842515,0.154948,0.0,0.0,0.0,0.0,0.0,14937.955078,5547.20459,0.0,64.0,0.0,1019.0,0.000732,1721542656.0,31872.0,0.15568,0.0,9390.750977,1.35708,1.35708,62.0,0.0,10.0,0.0,13.0,-0.0,0.0,0.0,1769.0,0.0,1.35708,1.35708,16.211277,0.0,0.0,23.0,0.0,0.0,176.899994,0.0,2788.0,78.384613,11.0
16.651896,0.540479,64256.0,0.0,18.502106,0.077281,0.0,0.0,0.0,0.0,0.0,36634.171875,11944.959961,0.0,64.0,0.0,887.0,0.000496,1721542656.0,31872.0,0.077777,0.0,24689.210938,0.540479,0.540479,62.0,0.0,10.0,0.0,11.0,-0.0,0.0,0.0,1853.0,0.0,0.540479,0.540479,37.004211,0.0,0.0,21.0,0.0,0.0,185.300003,0.0,2740.0,80.63636,11.0
17.633747,0.510385,64256.0,0.0,19.593054,0.061573,0.0,0.0,0.0,0.0,0.0,40063.875,12649.275391,0.0,64.0,0.0,887.0,0.000611,1721542656.0,31872.0,0.062184,0.0,27414.599609,0.510385,0.510385,62.0,0.0,10.0,0.0,11.0,-0.0,0.0,0.0,1943.0,0.0,0.510385,0.510385,39.186108,0.0,0.0,21.0,0.0,0.0,194.300003,0.0,2830.0,80.63636,11.0
14.993628,0.600255,64256.0,0.0,19.991503,0.06199,0.0,0.0,0.0,0.0,0.0,37010.9375,12541.335938,0.0,64.0,0.0,1019.0,0.0,1721542656.0,31872.0,0.06199,0.0,24469.599609,0.600255,0.600255,62.0,0.0,10.0,0.0,13.0,-0.0,0.0,0.0,2039.0,0.0,0.600255,0.600255,36.651089,0.0,0.0,23.0,0.0,0.0,203.899994,0.0,3058.0,78.384613,11.0
6.616392,1.360258,64256.0,0.0,7.351547,0.171077,0.0,0.0,0.0,0.0,0.0,16079.302734,4746.158691,0.0,64.0,0.0,887.0,0.0,1721542656.0,31872.0,0.171077,0.0,11333.144531,1.360258,1.360258,62.0,0.0,10.0,0.0,11.0,-0.0,0.0,0.0,2141.0,0.0,1.360258,1.360258,14.703094,0.0,0.0,21.0,0.0,0.0,214.100006,0.0,3028.0,80.63636,11.0
6.64575,1.354249,64256.0,0.0,8.122583,0.16799,0.0,0.0,0.0,0.0,0.0,17125.359375,5163.009277,0.0,64.0,0.0,953.0,0.000726,1721542656.0,31872.0,0.168716,0.0,11962.349609,1.354249,1.354249,62.0,0.0,10.0,0.0,12.0,-0.0,0.0,0.0,2249.0,0.0,1.354249,1.354249,15.506749,0.0,0.0,22.0,0.0,0.0,224.899994,0.0,3202.0,79.416664,11.0
4.050705,2.468706,64256.0,0.0,4.860847,0.157104,0.0,1.0,0.0,0.0,4.0,10230.460938,3072.054932,0.0,64.0,0.0,1027.0,0.00096,1721542656.0,31872.0,0.158064,0.0,7158.40625,2.468706,2.468706,62.0,0.0,11.0,0.0,13.0,-0.0,0.0,0.0,2429.0,0.0,2.468706,2.468706,9.316622,1.0,0.0,24.0,1.0,0.0,220.818176,0.0,3456.0,79.0,11.0
8.330528,1.200404,64256.0,0.0,9.163581,0.167283,0.0,0.0,0.0,0.0,0.0,21272.837891,5824.705566,0.0,64.0,0.0,953.0,0.000496,1721542656.0,31872.0,0.167779,0.0,15448.131836,1.200404,1.200404,62.0,0.0,11.0,0.0,12.0,-0.0,0.0,0.0,2549.0,0.0,1.200404,1.200404,18.327162,0.0,0.0,23.0,0.0,0.0,231.72728,0.0,3502.0,79.416664,11.0
14.423521,0.693312,64256.0,0.0,15.865873,0.060609,0.0,0.0,0.0,0.0,0.0,38147.328125,10084.925781,0.0,64.0,0.0,953.0,0.000497,1721542656.0,31872.0,0.061106,0.0,28062.402344,0.693312,0.693312,62.0,0.0,11.0,0.0,12.0,-0.0,0.0,0.0,2675.0,0.0,0.693312,0.693312,31.731747,0.0,0.0,23.0,0.0,0.0,243.181824,0.0,3628.0,79.416664,11.0
7.724907,1.294514,64256.0,0.0,8.497397,0.154563,0.0,0.0,0.0,0.0,0.0,21172.425781,5401.254883,0.0,64.0,0.0,953.0,0.0,1721542656.0,31872.0,0.154563,0.0,15771.170898,1.294514,1.294514,62.0,0.0,11.0,0.0,12.0,-0.0,0.0,0.0,2807.0,0.0,1.294514,1.294514,16.994795,0.0,0.0,23.0,0.0,0.0,255.181824,0.0,3760.0,79.416664,11.0
6.848396,1.752235,64256.0,0.0,6.848396,0.153431,0.0,1.0,0.0,0.0,3.703704,17349.271484,4328.186523,0.0,64.0,0.0,1027.0,0.0,1721542656.0,31872.0,0.153431,0.0,13021.083984,1.752235,1.752235,62.0,0.0,13.0,0.0,13.0,-0.0,0.0,0.0,3089.0,1.0,1.752235,1.752235,14.267492,1.0,0.0,26.0,1.0,0.0,237.615387,0.0,4116.0,79.0,11.0
5.096184,2.354703,64256.0,0.0,5.096184,0.167898,0.0,1.0,0.0,0.0,3.703704,13460.72168,3319.314697,0.0,64.0,0.0,1058.0,0.000577,1721542656.0,31872.0,0.168475,0.0,10141.40625,2.354703,2.354703,62.0,0.0,13.0,0.0,13.0,-0.0,0.0,0.0,3233.0,1.0,2.354703,2.354703,10.61705,1.0,0.0,26.0,1.0,0.0,248.692307,0.0,4291.0,81.384613,11.0
2.00562,4.98599,64256.0,0.0,2.406744,0.170882,0.0,4.0,0.0,0.0,14.285714,6276.787598,1543.524902,1.0,64.0,0.0,1042.0,0.001109,1721542656.0,31872.0,0.171991,0.0,4733.262695,4.98599,4.98599,62.0,0.0,11.0,0.0,13.0,-0.0,0.0,0.0,3245.0,1.0,4.98599,4.98599,4.612926,1.0,0.0,24.0,4.0,0.0,295.0,0.0,4287.0,80.153847,11.0
5.838428,0.171279,64256.0,0.0,11.676855,0.170882,0.0,0.0,0.0,1.0,0.0,9668.435547,6445.624023,0.0,64.0,0.0,207.0,0.001109,1721542656.0,31872.0,0.171991,0.0,3222.812012,0.171279,0.171279,62.0,0.0,2.0,0.0,3.0,-0.0,1.0,0.0,138.0,1.0,0.171279,0.171279,23.35371,0.0,0.0,5.0,0.0,0.0,69.0,0.0,345.0,69.0,11.0
8.037922,1.368513,64256.0,0.0,8.037922,0.164463,0.0,0.0,0.0,0.0,0.0,23657.794922,5109.195312,0.0,64.0,0.0,953.0,0.000503,1721542656.0,31872.0,0.164966,0.0,18548.599609,1.368513,1.368513,62.0,0.0,12.0,0.0,12.0,-0.0,0.0,0.0,3461.0,0.0,1.368513,1.368513,16.806562,0.0,0.0,24.0,0.0,0.0,288.416656,0.0,4414.0,79.416664,11.0
7.286091,1.372478,64256.0,0.0,8.0147,0.170011,0.0,0.0,0.0,0.0,0.0,23945.009766,5094.435059,0.0,64.0,0.0,953.0,0.002484,1721542656.0,31872.0,0.172495,0.0,18850.576172,1.372478,1.372478,62.0,0.0,11.0,0.0,12.0,-0.0,0.0,0.0,3557.0,0.0,1.372478,1.372478,16.0294,0.0,0.0,23.0,0.0,0.0,323.363647,0.0,4510.0,79.416664,11.0
17.983154,0.556076,64256.0,0.0,19.781469,0.060978,0.0,0.0,0.0,0.0,0.0,61300.972656,12573.821289,0.0,64.0,0.0,953.0,0.00099,1721542656.0,31872.0,0.061968,0.0,48727.152344,0.556076,0.556076,62.0,0.0,11.0,0.0,12.0,-0.0,0.0,0.0,3725.0,0.0,0.556076,0.556076,39.562939,0.0,0.0,23.0,0.0,0.0,338.636353,0.0,4678.0,79.416664,11.0
20.94895,0.525086,64256.0,0.0,20.94895,0.060348,0.0,0.0,0.0,0.0,0.0,68697.320312,13315.914062,0.0,64.0,0.0,953.0,0.00149,1721542656.0,31872.0,0.061838,0.0,55381.40625,0.525086,0.525086,62.0,0.0,12.0,0.0,12.0,-0.0,0.0,0.0,3965.0,0.0,0.525086,0.525086,43.802349,0.0,0.0,24.0,0.0,0.0,330.416656,0.0,4918.0,79.416664,11.0
11.179327,0.983959,64256.0,0.0,13.211932,0.164608,0.0,0.0,0.0,0.0,0.0,39091.058594,8195.462891,0.0,64.0,0.0,1085.0,0.00249,1721542656.0,31872.0,0.167098,0.0,30895.595703,0.983959,0.983959,62.0,0.0,12.0,0.0,14.0,-0.0,0.0,0.0,4145.0,0.0,0.983959,0.983959,25.407562,0.0,0.0,26.0,0.0,0.0,345.416656,0.0,5230.0,77.5,11.0
8.398376,1.309777,64256.0,0.0,8.398376,0.168167,0.0,0.0,0.0,0.0,0.0,29592.824219,5338.312988,0.0,64.0,0.0,953.0,0.000998,1721542656.0,31872.0,0.169165,0.0,24254.509766,1.309777,1.309777,62.0,0.0,12.0,0.0,12.0,-0.0,0.0,0.0,4331.0,0.0,1.309777,1.309777,17.560242,0.0,0.0,24.0,0.0,0.0,360.916656,0.0,5284.0,79.416664,11.0
8.023013,1.371056,64256.0,0.0,8.023013,0.167948,0.0,0.0,0.0,0.0,0.0,29297.126953,5099.71875,0.0,64.0,0.0,953.0,0.000517,1721542656.0,31872.0,0.168465,0.0,24197.408203,1.371056,1.371056,62.0,0.0,12.0,0.0,12.0,-0.0,0.0,0.0,4523.0,0.0,1.371056,1.371056,16.775391,0.0,0.0,24.0,0.0,0.0,376.916656,0.0,5476.0,79.416664,11.0
16.140085,0.681533,64256.0,0.0,19.074646,0.060322,0.0,0.0,0.0,0.0,0.0,62635.265625,11832.149414,0.0,64.0,0.0,1085.0,0.000494,1721542656.0,31872.0,0.060816,0.0,50803.117188,0.681533,0.681533,62.0,0.0,12.0,0.0,14.0,-0.0,0.0,0.0,4721.0,0.0,0.681533,0.681533,36.682011,0.0,0.0,26.0,0.0,0.0,393.416656,0.0,5806.0,77.5,11.0
3.381966,3.252546,64256.0,0.0,3.689417,0.149142,0.0,1.0,0.0,0.0,3.846154,13436.858398,2331.71167,0.0,64.0,0.0,1027.0,0.000977,1721542656.0,31872.0,0.150119,0.0,11105.146484,3.252546,3.252546,62.0,0.0,12.0,0.0,13.0,-0.0,0.0,0.0,4925.0,0.0,3.252546,3.252546,7.378835,1.0,0.0,25.0,1.0,0.0,410.416656,0.0,5952.0,79.0,11.0
7.421636,1.482153,64256.0,0.0,7.421636,0.16634,0.0,0.0,0.0,0.0,0.0,30129.142578,4717.461426,0.0,64.0,0.0,953.0,0.001991,1721542656.0,31872.0,0.168331,0.0,25411.679688,1.482153,1.482153,62.0,0.0,12.0,0.0,12.0,-0.0,0.0,0.0,5135.0,0.0,1.482153,1.482153,15.517965,0.0,0.0,24.0,0.0,0.0,427.916656,0.0,6088.0,79.416664,11.0
8.484283,1.41438,64256.0,0.0,8.484283,0.167298,0.0,0.0,0.0,0.0,0.0,33609.074219,5322.473633,0.0,64.0,0.0,1019.0,0.000529,1721542656.0,31872.0,0.167827,0.0,28286.599609,1.41438,1.41438,62.0,0.0,13.0,0.0,13.0,-0.0,0.0,0.0,5417.0,0.0,1.41438,1.41438,17.675591,0.0,0.0,26.0,0.0,0.0,416.692322,0.0,6436.0,78.384613,11.0
8.134854,1.475134,64256.0,0.0,8.134854,0.166983,0.0,0.0,0.0,0.0,0.0,33336.632812,5103.265137,0.0,64.0,0.0,1019.0,0.000468,1721542656.0,31872.0,0.167451,0.0,28233.367188,1.475134,1.475134,62.0,0.0,13.0,0.0,13.0,-0.0,0.0,0.0,5639.0,0.0,1.475134,1.475134,16.947613,0.0,0.0,26.0,0.0,0.0,433.769226,0.0,6658.0,78.384613,11.0
1.156212,4.324465,64256.0,0.0,2.081182,0.168124,0.0,4.0,0.0,0.0,20.0,2086.732178,1331.956787,1.0,64.0,0.0,799.0,0.0,1721542656.0,31872.0,0.168124,0.0,754.775452,4.324465,4.324465,62.0,0.0,6.0,0.0,10.0,-0.0,0.0,0.0,489.0,0.0,4.324465,4.324465,3.468637,1.0,0.0,16.0,4.0,0.0,81.5,0.0,1288.0,79.900002,11.0
22.66655,0.352943,64256.0,0.0,19.833231,0.168124,0.0,0.0,0.0,1.0,0.0,122988.695312,11718.606445,0.0,64.0,0.0,590.0,0.0,1721542656.0,31872.0,0.168124,0.0,111270.09375,0.352943,0.352943,62.0,0.0,9.0,0.0,8.0,-0.0,1.0,0.0,5522.0,1.0,0.352943,0.352943,45.333099,0.0,0.0,17.0,0.0,0.0,613.555542,0.0,6112.0,73.75,11.0
11.735511,1.107749,64256.0,0.0,12.638242,0.060736,0.0,0.0,0.0,0.0,0.0,54524.988281,7842.932129,0.0,64.0,0.0,1163.0,0.000489,1721542656.0,31872.0,0.061225,0.0,46682.054688,1.107749,1.107749,62.0,0.0,14.0,0.0,15.0,-0.0,0.0,0.0,6961.0,1.0,1.107749,1.107749,25.276484,0.0,0.0,29.0,0.0,0.0,497.214294,0.0,8124.0,77.533333,11.0
9.793293,1.021107,64256.0,0.0,7.834635,0.167892,0.0,0.0,0.0,0.0,0.0,49326.859375,5139.520508,1.0,64.0,0.0,738.0,0.000496,1721542656.0,31872.0,0.168388,0.0,44187.339844,1.021107,1.021107,62.0,0.0,11.0,0.0,9.0,-0.0,0.0,0.0,6203.0,0.0,1.021107,1.021107,18.607258,0.0,0.0,20.0,0.0,0.0,563.909119,0.0,6941.0,82.0,11.0
7.091243,0.141019,64256.0,0.0,21.273729,0.167892,0.0,0.0,0.0,1.0,0.0,15884.383789,11970.018555,0.0,64.0,0.0,281.0,0.000496,1721542656.0,31872.0,0.168388,0.0,3914.366211,0.141019,0.141019,62.0,0.0,2.0,0.0,4.0,-0.0,1.0,0.0,138.0,0.0,0.141019,0.141019,35.456215,0.0,0.0,6.0,0.0,0.0,69.0,0.0,419.0,70.25,11.0
3.254254,3.994771,64256.0,0.0,3.754909,0.186149,0.0,3.0,0.0,0.0,9.090909,14877.448242,2505.274902,0.0,64.0,0.0,1334.0,0.001003,1721542656.0,31872.0,0.187152,0.0,12372.173828,3.994771,3.994771,62.0,0.0,14.0,0.0,16.0,-0.0,0.0,0.0,6653.0,0.0,3.994771,3.994771,7.25949,1.0,0.0,30.0,3.0,0.0,475.214294,0.0,7987.0,83.375,11.0
9.242381,1.406564,64256.0,0.0,8.531428,0.246522,0.0,0.0,0.0,0.0,0.0,41821.0625,5352.049316,0.0,64.0,0.0,1019.0,0.000584,1721542656.0,31872.0,0.247106,0.0,36469.011719,1.406564,1.406564,62.0,0.0,14.0,0.0,13.0,-0.0,0.0,0.0,6905.0,0.0,1.406564,1.406564,18.484762,0.0,0.0,27.0,0.0,0.0,493.214294,0.0,7924.0,78.384613,11.0
17.112783,0.759666,64256.0,0.0,18.429152,0.060921,0.0,0.0,0.0,0.0,0.0,81372.601562,11320.764648,0.0,64.0,0.0,1151.0,0.000497,1721542656.0,31872.0,0.061418,0.0,70051.835938,0.759666,0.759666,62.0,0.0,14.0,0.0,15.0,-0.0,0.0,0.0,7163.0,0.0,0.759666,0.759666,36.858303,0.0,0.0,29.0,0.0,0.0,511.642853,0.0,8314.0,76.73333,11.0
8.64709,1.38775,64256.0,0.0,8.64709,0.168948,0.0,0.0,0.0,0.0,0.0,44595.925781,5424.60791,0.0,64.0,0.0,1019.0,0.000494,1721542656.0,31872.0,0.169442,0.0,39171.320312,1.38775,1.38775,62.0,0.0,13.0,0.0,13.0,-0.0,0.0,0.0,7361.0,0.0,1.38775,1.38775,18.014772,0.0,0.0,26.0,0.0,0.0,566.230774,0.0,8380.0,78.384613,11.0
8.055395,1.862106,64256.0,0.0,6.981343,0.183304,0.0,1.0,0.0,0.0,3.225806,35942.101562,4360.654297,0.0,64.0,0.0,1093.0,0.001006,1721542656.0,31872.0,0.18431,0.0,31581.447266,1.862106,1.862106,62.0,0.0,16.0,0.0,14.0,-0.0,0.0,0.0,7841.0,1.0,1.862106,1.862106,15.573765,1.0,0.0,30.0,1.0,0.0,490.0625,0.0,8934.0,78.071426,11.0
6.970076,1.865116,64256.0,0.0,6.433916,0.167581,0.0,0.0,0.0,0.0,0.0,35841.203125,4036.209961,0.0,64.0,0.0,1019.0,0.000775,1721542656.0,31872.0,0.168356,0.0,31804.992188,1.865116,1.865116,62.0,0.0,14.0,0.0,13.0,-0.0,0.0,0.0,7985.0,1.0,1.865116,1.865116,13.940152,0.0,0.0,27.0,0.0,0.0,570.357117,0.0,9004.0,78.384613,11.0
11.535571,1.126949,64256.0,0.0,12.422923,0.169025,0.0,0.0,0.0,0.0,0.0,62050.726562,7631.224121,0.0,64.0,0.0,1151.0,0.000992,1721542656.0,31872.0,0.170017,0.0,54419.5,1.126949,1.126949,62.0,0.0,14.0,0.0,15.0,-0.0,0.0,0.0,8255.0,0.0,1.126949,1.126949,24.845846,0.0,0.0,29.0,0.0,0.0,589.642883,0.0,9406.0,76.73333,11.0
21.103535,0.663396,64256.0,0.0,19.596138,0.060744,0.0,0.0,0.0,0.0,0.0,109063.0625,12155.635742,0.0,64.0,0.0,1085.0,0.000502,1721542656.0,31872.0,0.061246,0.0,96907.429688,0.663396,0.663396,62.0,0.0,15.0,0.0,14.0,-0.0,0.0,0.0,8609.0,0.0,0.663396,0.663396,42.207069,0.0,0.0,29.0,0.0,0.0,573.93335,0.0,9694.0,77.5,11.0
0.0,0.001095,64256.0,0.0,0.0,0.167581,0.0,0.0,0.0,0.0,0.0,0.0,0.0,0.0,64.0,0.0,66.0,0.000775,1721542656.0,31872.0,0.168356,0.0,0.0,0.001095,0.001095,62.0,0.0,1.0,0.0,1.0,-0.0,1.0,0.0,66.0,1.0,0.001095,0.001095,913.242065,0.0,0.0,2.0,0.0,0.0,66.0,0.0,132.0,66.0,11.0
9.269504,1.510329,64256.0,0.0,8.607396,0.152947,0.0,0.0,0.0,0.0,0.0,49356.132812,5339.233887,0.0,64.0,0.0,1085.0,0.003024,1721542656.0,31872.0,0.155971,0.0,44016.898438,1.510329,1.510329,62.0,0.0,15.0,0.0,14.0,-0.0,0.0,0.0,8903.0,0.0,1.510329,1.510329,18.539007,0.0,0.0,29.0,0.0,0.0,593.533325,0.0,9988.0,77.5,11.0
8.485456,1.649882,64256.0,0.0,7.879352,0.168023,0.0,0.0,0.0,0.0,0.0,46539.085938,4887.622559,0.0,64.0,0.0,1085.0,0.000997,1721542656.0,31872.0,0.16902,0.0,41651.464844,1.649882,1.649882,62.0,0.0,15.0,0.0,14.0,-0.0,0.0,0.0,9203.0,0.0,1.649882,1.649882,16.970911,0.0,0.0,29.0,0.0,0.0,613.533325,0.0,10288.0,77.5,11.0
7.898805,1.77242,64256.0,0.0,7.334604,0.215447,0.0,0.0,0.0,0.0,0.0,44612.449219,4549.711426,0.0,64.0,0.0,1085.0,0.0005,1721542656.0,31872.0,0.215947,0.0,40062.738281,1.77242,1.77242,62.0,0.0,15.0,0.0,14.0,-0.0,0.0,0.0,9509.0,0.0,1.77242,1.77242,15.797609,0.0,0.0,29.0,0.0,0.0,633.93335,0.0,10594.0,77.5,11.0
9.286107,1.723004,64256.0,0.0,7.544962,0.212779,0.0,0.0,0.0,0.0,0.0,48176.324219,4680.198242,0.0,64.0,0.0,1085.0,0.000995,1721542656.0,31872.0,0.213774,0.0,43496.125,1.723004,1.723004,62.0,0.0,17.0,0.0,14.0,-0.0,0.0,0.0,9953.0,0.0,1.723004,1.723004,17.411451,0.0,0.0,31.0,0.0,0.0,585.470581,0.0,11038.0,77.5,11.0
9.814487,1.528353,64256.0,1.0,10.468786,0.170601,0.0,1.0,0.0,0.0,2.941176,56698.945312,6616.272461,0.0,64.0,0.0,1343.0,0.0,1721542656.0,31872.0,0.170601,0.0,50082.671875,1.528353,1.528353,62.0,0.0,16.0,0.0,17.0,-0.0,0.0,0.0,10205.0,1.0,1.528353,1.528353,20.937572,0.0,0.0,33.0,0.0,0.0,637.8125,0.0,11548.0,79.0,11.0
20.267942,0.740085,64256.0,0.0,20.267942,0.060464,0.0,0.0,0.0,0.0,0.0,119034.976562,12333.71875,0.0,64.0,0.0,1217.0,0.001018,1721542656.0,31872.0,0.061482,0.0,106701.257812,0.740085,0.740085,62.0,0.0,16.0,0.0,16.0,-0.0,0.0,0.0,10529.0,0.0,0.740085,0.740085,41.887081,0.0,0.0,32.0,0.0,0.0,658.0625,0.0,11746.0,76.0625,11.0
10.665355,1.406423,64256.0,0.0,10.665355,0.168503,0.0,0.0,0.0,0.0,0.0,64401.679688,6490.224121,0.0,64.0,0.0,1217.0,0.000883,1721542656.0,31872.0,0.169386,0.0,57911.453125,1.406423,1.406423,62.0,0.0,16.0,0.0,16.0,-0.0,0.0,0.0,10859.0,0.0,1.406423,1.406423,22.041733,0.0,0.0,32.0,0.0,0.0,678.6875,0.0,12076.0,76.0625,11.0
10.808318,1.38782,64256.0,0.0,9.367209,0.166525,0.0,0.0,0.0,0.0,0.0,66314.078125,5810.551758,0.0,64.0,0.0,1085.0,0.001007,1721542656.0,31872.0,0.167532,0.0,60503.523438,1.38782,1.38782,62.0,0.0,16.0,0.0,14.0,-0.0,0.0,0.0,11195.0,0.0,1.38782,1.38782,20.896082,0.0,0.0,30.0,0.0,0.0,699.6875,0.0,12280.0,77.5,11.0
11.681185,1.369724,64256.0,0.0,10.221037,0.16738,0.0,0.0,0.0,0.0,0.0,70063.75,6278.637207,0.0,64.0,0.0,1151.0,0.0,1721542656.0,31872.0,0.16738,0.0,63785.109375,1.369724,1.369724,62.0,0.0,17.0,0.0,15.0,-0.0,0.0,0.0,11603.0,0.0,1.369724,1.369724,22.632296,0.0,0.0,32.0,0.0,0.0,682.529419,0.0,12754.0,76.73333,11.0
11.506222,1.390552,64256.0,0.0,10.067944,0.169661,0.0,0.0,0.0,0.0,0.0,70895.585938,6184.594238,0.0,64.0,0.0,1151.0,0.000501,1721542656.0,31872.0,0.170162,0.0,64710.992188,1.390552,1.390552,62.0,0.0,17.0,0.0,15.0,-0.0,0.0,0.0,11951.0,0.0,1.390552,1.390552,22.293304,0.0,0.0,32.0,0.0,0.0,703.0,0.0,13102.0,76.73333,11.0
5.799184,2.759009,64256.0,0.0,5.436735,0.168167,0.0,1.0,0.0,0.0,2.941176,36914.707031,3331.631104,0.0,64.0,0.0,1225.0,0.000998,1721542656.0,31872.0,0.169165,0.0,33583.074219,2.759009,2.759009,62.0,0.0,17.0,0.0,16.0,-0.0,0.0,0.0,12305.0,0.0,2.759009,2.759009,11.598368,1.0,0.0,33.0,1.0,0.0,723.823547,0.0,13530.0,76.5625,11.0
14.599607,1.09592,64256.0,0.0,12.774655,0.168728,0.0,0.0,0.0,0.0,0.0,94860.945312,7847.288574,0.0,64.0,0.0,1151.0,0.000496,1721542656.0,31872.0,0.169224,0.0,87013.65625,1.09592,1.09592,62.0,0.0,17.0,0.0,15.0,-0.0,0.0,0.0,12665.0,0.0,1.09592,1.09592,28.286737,0.0,0.0,32.0,0.0,0.0,745.0,0.0,13816.0,76.73333,11.0
29.902468,0.601957,64256.0,0.0,26.579971,0.060791,0.0,0.0,0.0,0.0,0.0,181793.703125,16054.302734,0.0,64.0,0.0,1283.0,0.000512,1721542656.0,31872.0,0.061303,0.0,165739.40625,0.601957,0.601957,62.0,0.0,19.0,0.0,17.0,-0.0,0.0,0.0,13163.0,0.0,0.601957,0.601957,58.143684,0.0,0.0,36.0,0.0,0.0,692.78949,0.0,14446.0,75.470589,11.0
28.960524,0.587006,64256.0,0.0,27.256964,0.06186,0.0,0.0,0.0,0.0,0.0,189831.125,16463.205078,0.0,64.0,0.0,1283.0,0.000994,1721542656.0,31872.0,0.062854,0.0,173367.90625,0.587006,0.587006,62.0,0.0,18.0,0.0,17.0,-0.0,0.0,0.0,13469.0,0.0,0.587006,0.587006,57.921047,0.0,0.0,35.0,0.0,0.0,748.277771,0.0,14752.0,75.470589,11.0
12.670786,1.341669,64256.0,0.0,10.434765,0.167121,0.0,0.0,0.0,0.0,0.0,84390.40625,6409.926758,0.0,64.0,0.0,1151.0,0.000886,1721542656.0,31872.0,0.168007,0.0,77980.484375,1.341669,1.341669,62.0,0.0,18.0,0.0,15.0,-0.0,0.0,0.0,13847.0,0.0,1.341669,1.341669,23.850891,0.0,0.0,33.0,0.0,0.0,769.277771,0.0,14998.0,76.73333,11.0
12.542293,1.355414,64256.0,0.0,10.328947,0.167408,0.0,0.0,0.0,0.0,0.0,85677.140625,6344.924805,0.0,64.0,0.0,1151.0,0.001505,1721542656.0,31872.0,0.168913,0.0,79332.21875,1.355414,1.355414,62.0,0.0,18.0,0.0,15.0,-0.0,0.0,0.0,14231.0,0.0,1.355414,1.355414,23.609022,0.0,0.0,33.0,0.0,0.0,790.611084,0.0,15382.0,76.73333,11.0
3.454644,4.631447,64256.0,1.0,3.886475,0.168032,1.0,3.0,0.0,0.0,7.692308,26020.378906,2366.431152,1.0,64.0,0.0,1446.0,0.000499,1721542656.0,31872.0,0.168531,0.0,23653.947266,4.631447,4.631447,62.0,0.0,17.0,0.0,19.0,-0.0,0.0,0.0,14549.0,1.0,4.631447,4.631447,7.557034,0.0,0.0,36.0,2.0,0.0,855.823547,0.0,15995.0,76.105263,11.0
0.0,4.893385,64256.0,0.0,0.613073,0.168032,0.0,1.0,0.0,0.0,16.666667,354.764648,354.764648,0.0,64.0,0.0,289.0,0.000499,1721542656.0,31872.0,0.168531,0.0,0.0,4.893385,4.893385,62.0,0.0,1.0,0.0,4.0,-0.0,1.0,0.0,72.0,1.0,4.893385,4.893385,0.81743,1.0,0.0,5.0,1.0,0.0,72.0,0.0,361.0,72.25,11.0
70.701363,0.014144,64256.0,0.0,0.0,0.168032,0.0,0.0,0.0,0.0,0.0,37330.316406,0.0,0.0,64.0,0.0,66.0,0.000499,1721542656.0,31872.0,0.168531,0.0,37330.316406,0.014144,0.014144,62.0,0.0,2.0,0.0,1.0,-0.0,1.0,0.0,132.0,1.0,0.014144,0.014144,141.402725,0.0,0.0,3.0,0.0,0.0,66.0,0.0,198.0,66.0,11.0
13.262639,1.357196,64256.0,0.0,11.052199,0.167493,0.0,0.0,0.0,0.0,0.0,90958.125,6725.631348,0.0,64.0,0.0,1217.0,0.000544,1721542656.0,31872.0,0.168037,0.0,84232.492188,1.357196,1.357196,62.0,0.0,19.0,0.0,16.0,-0.0,0.0,0.0,15083.0,0.0,1.357196,1.357196,25.051651,0.0,0.0,35.0,0.0,0.0,793.842102,0.0,16300.0,76.0625,11.0
17.982323,1.000983,64256.0,0.0,14.98527,0.168302,0.0,0.0,0.0,0.0,0.0,126363.78125,9119.036133,0.0,64.0,0.0,1217.0,0.000501,1721542656.0,31872.0,0.168803,0.0,117244.75,1.000983,1.000983,62.0,0.0,19.0,0.0,16.0,-0.0,0.0,0.0,15485.0,0.0,1.000983,1.000983,33.96661,0.0,0.0,35.0,0.0,0.0,815.0,0.0,16702.0,76.0625,11.0
35.245953,0.539069,64256.0,0.0,27.825752,0.060372,0.0,0.0,0.0,0.0,0.0,241943.0625,16932.896484,0.0,64.0,0.0,1217.0,0.001516,1721542656.0,31872.0,0.061888,0.0,225010.15625,0.539069,0.539069,62.0,0.0,20.0,0.0,16.0,-0.0,0.0,0.0,15959.0,0.0,0.539069,0.539069,64.92675,0.0,0.0,36.0,0.0,0.0,797.950012,0.0,17176.0,76.0625,11.0
7.295238,2.87859,64256.0,0.0,5.558277,0.164655,0.0,1.0,0.0,0.0,2.5,47278.699219,3460.0271,0.0,64.0,0.0,1322.0,0.000468,1721542656.0,31872.0,0.165123,0.0,43818.671875,2.87859,2.87859,62.0,0.0,22.0,0.0,17.0,-0.0,0.0,0.0,16517.0,1.0,2.87859,2.87859,13.200907,1.0,0.0,39.0,1.0,0.0,750.772705,0.0,17839.0,77.764709,11.0
12.450566,1.526035,64256.0,0.0,9.829394,0.166499,0.0,0.0,0.0,0.0,0.0,89617.867188,5981.51416,0.0,64.0,0.0,1217.0,0.00109,1721542656.0,31872.0,0.167589,0.0,83636.351562,1.526035,1.526035,62.0,0.0,20.0,0.0,16.0,-0.0,0.0,0.0,16793.0,0.0,1.526035,1.526035,22.935255,0.0,0.0,36.0,0.0,0.0,839.650024,0.0,18010.0,76.0625,11.0
10.371712,1.928322,64256.0,0.0,8.29737,0.168837,0.0,0.0,0.0,0.0,0.0,73357.046875,5011.611328,0.0,64.0,0.0,1283.0,0.0,1721542656.0,31872.0,0.168837,0.0,68345.429688,1.928322,1.928322,62.0,0.0,21.0,0.0,17.0,-0.0,0.0,0.0,17297.0,1.0,1.928322,1.928322,19.187668,0.0,0.0,38.0,0.0,0.0,823.666687,0.0,18580.0,75.470589,11.0
13.107353,1.525861,64256.0,0.0,10.485883,0.169332,0.0,0.0,0.0,0.0,0.0,94802.867188,6333.473145,0.0,64.0,0.0,1283.0,0.000511,1721542656.0,31872.0,0.169843,0.0,88469.390625,1.525861,1.525861,62.0,0.0,21.0,0.0,17.0,-0.0,0.0,0.0,17717.0,0.0,1.525861,1.525861,24.248604,0.0,0.0,38.0,0.0,0.0,843.666687,0.0,19000.0,75.470589,11.0
25.334286,0.789444,64256.0,0.0,20.267427,0.167501,0.0,0.0,0.0,0.0,0.0,187463.578125,12241.526367,0.0,64.0,0.0,1283.0,0.001689,1721542656.0,31872.0,0.16919,0.0,175222.046875,0.789444,0.789444,62.0,0.0,21.0,0.0,17.0,-0.0,0.0,0.0,18155.0,0.0,0.789444,0.789444,46.868427,0.0,0.0,38.0,0.0,0.0,864.523804,0.0,19438.0,75.470589,11.0
37.945339,0.527074,64256.0,0.0,30.35627,0.061905,0.0,0.0,0.0,0.0,0.0,287200.65625,18335.1875,0.0,64.0,0.0,1283.0,0.001091,1721542656.0,31872.0,0.062996,0.0,268865.46875,0.527074,0.527074,62.0,0.0,21.0,0.0,17.0,-0.0,0.0,0.0,18599.0,0.0,0.527074,0.527074,70.198875,0.0,0.0,38.0,0.0,0.0,885.666687,0.0,19882.0,75.470589,11.0
34.80434,0.603373,64256.0,0.0,29.832293,0.060288,0.0,0.0,0.0,0.0,0.0,259713.3125,17780.046875,0.0,64.0,0.0,1415.0,0.000492,1721542656.0,31872.0,0.06078,0.0,241933.265625,0.603373,0.603373,62.0,0.0,22.0,0.0,19.0,-0.0,0.0,0.0,19115.0,0.0,0.603373,0.603373,66.293983,0.0,0.0,41.0,0.0,0.0,868.863647,0.0,20530.0,74.473686,11.0
12.238668,1.715873,64256.0,3.0,11.655874,0.167553,0.0,3.0,0.0,0.0,6.521739,94240.078125,7138.057617,0.0,64.0,0.0,1607.0,0.0,1721542656.0,31872.0,0.167553,0.0,87102.015625,1.715873,1.715873,62.0,0.0,22.0,0.0,21.0,-0.0,0.0,0.0,19571.0,1.0,1.715873,1.715873,24.477337,0.0,0.0,43.0,0.0,0.0,889.590881,0.0,21178.0,76.523811,11.0
13.783298,1.523583,64256.0,0.0,10.501561,0.167478,0.0,0.0,0.0,0.0,0.0,106753.617188,6342.942871,0.0,64.0,0.0,1283.0,0.000506,1721542656.0,31872.0,0.167984,0.0,100410.671875,1.523583,1.523583,62.0,0.0,22.0,0.0,17.0,-0.0,0.0,0.0,20033.0,0.0,1.523583,1.523583,24.941206,0.0,0.0,39.0,0.0,0.0,910.590881,0.0,21316.0,75.470589,11.0
14.382357,1.529652,64256.0,0.0,11.113639,0.168843,0.0,0.0,0.0,0.0,0.0,109556.945312,6668.183594,0.0,64.0,0.0,1349.0,0.000988,1721542656.0,31872.0,0.169831,0.0,102888.757812,1.529652,1.529652,62.0,0.0,23.0,0.0,18.0,-0.0,0.0,0.0,20567.0,0.0,1.529652,1.529652,26.149738,0.0,0.0,41.0,0.0,0.0,894.217407,0.0,21916.0,74.944443,11.0
12.938559,1.700344,64256.0,0.0,9.997977,0.169521,0.0,0.0,0.0,0.0,0.0,100694.921875,5998.786133,0.0,64.0,0.0,1349.0,0.000998,1721542656.0,31872.0,0.170519,0.0,94696.132812,1.700344,1.700344,62.0,0.0,23.0,0.0,18.0,-0.0,0.0,0.0,21041.0,0.0,1.700344,1.700344,23.524652,0.0,0.0,41.0,0.0,0.0,914.826111,0.0,22390.0,74.944443,11.0
14.477999,1.519547,64256.0,0.0,11.187545,0.167717,0.0,0.0,0.0,0.0,0.0,115092.195312,6712.526855,0.0,64.0,0.0,1349.0,0.000595,1721542656.0,31872.0,0.168312,0.0,108379.671875,1.519547,1.519547,62.0,0.0,23.0,0.0,18.0,-0.0,0.0,0.0,21521.0,0.0,1.519547,1.519547,26.323635,0.0,0.0,41.0,0.0,0.0,935.695679,0.0,22870.0,74.944443,11.0
14.758027,1.558474,64256.0,0.0,10.908107,0.168269,0.0,0.0,0.0,0.0,0.0,115133.140625,6544.86377,0.0,64.0,0.0,1349.0,0.001085,1721542656.0,31872.0,0.169354,0.0,108588.273438,1.558474,1.558474,62.0,0.0,24.0,0.0,18.0,-0.0,0.0,0.0,22073.0,0.0,1.558474,1.558474,26.307787,0.0,0.0,42.0,0.0,0.0,919.708313,0.0,23422.0,74.944443,11.0
35.208408,0.653253,64256.0,0.0,29.085209,0.060455,0.0,0.0,0.0,0.0,0.0,282059.15625,17230.689453,0.0,64.0,0.0,1481.0,0.001094,1721542656.0,31872.0,0.061549,0.0,264828.46875,0.653253,0.653253,62.0,0.0,24.0,0.0,20.0,-0.0,0.0,0.0,22565.0,0.0,0.653253,0.653253,65.824417,0.0,0.0,44.0,0.0,0.0,940.208313,0.0,24046.0,74.050003,11.0
34.580124,0.665122,64256.0,0.0,28.566189,0.06036,0.0,0.0,0.0,0.0,0.0,282775.1875,16923.210938,0.0,64.0,0.0,1481.0,0.0,1721542656.0,31872.0,0.06036,0.0,265852.0,0.665122,0.665122,62.0,0.0,24.0,0.0,20.0,-0.0,0.0,0.0,23063.0,0.0,0.665122,0.665122,64.649796,0.0,0.0,44.0,0.0,0.0,960.958313,0.0,24544.0,74.050003,11.0
20.755428,1.156324,64256.0,0.0,15.566571,0.169662,0.0,0.0,0.0,0.0,0.0,166244.046875,9277.675781,0.0,64.0,0.0,1415.0,0.000991,1721542656.0,31872.0,0.170653,0.0,156966.375,1.156324,1.156324,62.0,0.0,25.0,0.0,19.0,-0.0,0.0,0.0,23633.0,0.0,1.156324,1.156324,37.18681,0.0,0.0,44.0,0.0,0.0,945.320007,0.0,25048.0,74.473686,11.0
43.408039,0.552893,64256.0,0.0,32.55603,0.061077,0.0,0.0,0.0,0.0,0.0,354773.90625,19403.392578,0.0,64.0,0.0,1415.0,0.00051,1721542656.0,31872.0,0.061587,0.0,335370.5,0.552893,0.552893,62.0,0.0,25.0,0.0,19.0,-0.0,0.0,0.0,24143.0,0.0,0.552893,0.552893,77.772736,0.0,0.0,44.0,0.0,0.0,965.719971,0.0,25558.0,74.473686,11.0
13.078028,1.835139,64256.0,0.0,9.808521,0.155463,0.0,0.0,0.0,0.0,0.0,109044.601562,5845.878418,0.0,64.0,0.0,1415.0,0.000511,1721542656.0,31872.0,0.155974,0.0,103198.71875,1.835139,1.835139,62.0,0.0,25.0,0.0,19.0,-0.0,0.0,0.0,24659.0,0.0,1.835139,1.835139,23.431467,0.0,0.0,44.0,0.0,0.0,986.359985,0.0,26074.0,74.473686,11.0
6.435597,4.195415,64256.0,1.0,5.482175,0.167023,1.0,4.0,0.0,0.0,7.142857,49966.929688,3277.864014,0.0,64.0,0.0,1793.0,0.000941,1721542656.0,31872.0,0.167964,0.0,46689.0625,4.195415,4.195415,62.0,0.0,28.0,0.0,24.0,-0.0,0.0,0.0,25391.0,1.0,4.195415,4.195415,12.156128,0.0,0.0,52.0,3.0,0.0,906.821411,0.0,27184.0,74.708336,11.0
14.74187,1.69585,64256.0,1.0,11.793496,0.167839,0.0,1.0,0.0,0.0,2.083333,123977.945312,7061.945312,0.0,64.0,0.0,1571.0,0.001492,1721542656.0,31872.0,0.169331,0.0,116916.0,1.69585,1.69585,62.0,0.0,26.0,0.0,21.0,-0.0,0.0,0.0,25775.0,1.0,1.69585,1.69585,27.12504,0.0,0.0,47.0,0.0,0.0,991.34613,0.0,27346.0,74.809525,11.0
16.502075,1.514961,64256.0,0.0,11.881494,0.153691,0.0,0.0,0.0,0.0,0.0,140671.609375,7081.370605,0.0,64.0,0.0,1415.0,0.00201,1721542656.0,31872.0,0.155701,0.0,133590.234375,1.514961,1.514961,62.0,0.0,26.0,0.0,19.0,-0.0,0.0,0.0,26309.0,0.0,1.514961,1.514961,29.043652,0.0,0.0,45.0,0.0,0.0,1011.884644,0.0,27724.0,74.473686,11.0
9.567385,2.717566,64256.0,8.0,7.727503,0.153464,0.0,8.0,0.0,0.0,14.035088,81037.21875,4736.591309,0.0,64.0,0.0,1685.0,0.000994,1721542656.0,31872.0,0.154458,0.0,76300.632812,2.717566,2.717566,62.0,0.0,27.0,0.0,22.0,-0.0,0.0,0.0,26915.0,1.0,2.717566,2.717566,17.662865,0.0,0.0,49.0,0.0,0.0,996.851868,0.0,28600.0,76.590912,11.0
34.977547,0.743334,64256.0,0.0,25.560514,0.076185,0.0,0.0,0.0,0.0,0.0,299741.4375,15142.587891,0.0,64.0,0.0,1481.0,0.001088,1721542656.0,31872.0,0.077273,0.0,284598.84375,0.743334,0.743334,61.0,0.0,27.0,0.0,20.0,-0.0,0.0,0.0,27461.0,0.0,0.743334,0.743334,61.883354,0.0,0.0,47.0,0.0,0.0,1017.074097,0.0,28942.0,74.050003,11.0
14.992312,1.800923,64256.0,0.0,10.550146,0.199173,0.0,0.0,0.0,0.0,0.0,126530.671875,6250.128418,0.0,64.0,0.0,1481.0,0.000994,1721542656.0,31872.0,0.200167,0.0,120280.546875,1.800923,1.800923,61.0,0.0,28.0,0.0,20.0,-0.0,0.0,0.0,28079.0,0.0,1.800923,1.800923,26.097729,0.0,0.0,48.0,0.0,0.0,1002.821411,0.0,29560.0,74.050003,11.0
36.442265,0.740898,64256.0,0.0,28.343983,0.076299,0.0,0.0,0.0,0.0,0.0,314807.15625,16628.46875,0.0,64.0,0.0,1613.0,0.00099,1721542656.0,31872.0,0.077289,0.0,298178.6875,0.740898,0.740898,61.0,0.0,28.0,0.0,22.0,-0.0,0.0,0.0,28637.0,0.0,0.740898,0.740898,66.135956,0.0,0.0,50.0,0.0,0.0,1022.75,0.0,30250.0,73.318184,11.0
48.419201,0.55763,64256.0,0.0,34.072773,0.061587,0.0,0.0,0.0,0.0,0.0,424166.5625,20185.427734,0.0,64.0,0.0,1481.0,0.001,1721542656.0,31872.0,0.062587,0.0,403981.125,0.55763,0.55763,62.0,0.0,28.0,0.0,20.0,-0.0,0.0,0.0,29201.0,0.0,0.55763,0.55763,84.285278,0.0,0.0,48.0,0.0,0.0,1042.892822,0.0,30682.0,74.050003,11.0
22.947304,1.220187,64256.0,0.0,16.39093,0.157085,0.0,0.0,0.0,0.0,0.0,198546.625,9664.092773,0.0,64.0,0.0,1547.0,0.000766,1721542656.0,31872.0,0.157851,0.0,188882.53125,1.220187,1.220187,62.0,0.0,29.0,0.0,21.0,-0.0,0.0,0.0,29837.0,0.0,1.220187,1.220187,40.15778,0.0,0.0,50.0,0.0,0.0,1028.862061,0.0,31384.0,73.666664,11.0
51.593124,0.542708,64256.0,0.0,36.85223,0.0462,0.0,0.0,0.0,0.0,0.0,454594.375,21728.076172,0.0,64.0,0.0,1547.0,0.000495,1721542656.0,31872.0,0.046695,0.0,432866.3125,0.542708,0.542708,62.0,0.0,29.0,0.0,21.0,-0.0,0.0,0.0,30413.0,0.0,0.542708,0.542708,90.287964,0.0,0.0,50.0,0.0,0.0,1048.724121,0.0,31960.0,73.666664,11.0
13.809208,2.100048,64256.0,1.0,9.999771,0.106473,0.0,1.0,0.0,0.0,1.886792,120294.390625,5912.245605,0.0,64.0,0.0,1625.0,0.002023,1721542656.0,31872.0,0.108496,0.0,114382.140625,2.100048,2.100048,62.0,0.0,30.0,0.0,22.0,-0.0,0.0,0.0,31061.0,1.0,2.100048,2.100048,24.285158,0.0,0.0,52.0,0.0,0.0,1035.366699,0.0,32686.0,73.86364,11.0
19.370409,1.497129,64256.0,0.0,13.358903,0.154154,0.0,0.0,0.0,0.0,0.0,171362.65625,7876.40918,0.0,64.0,0.0,1547.0,0.001518,1721542656.0,31872.0,0.155672,0.0,163486.25,1.497129,1.497129,62.0,0.0,30.0,0.0,21.0,-0.0,0.0,0.0,31649.0,0.0,1.497129,1.497129,33.397255,0.0,0.0,51.0,0.0,0.0,1054.966675,0.0,33196.0,73.666664,11.0
6.098679,4.755128,64256.0,3.0,5.88838,0.167902,1.0,5.0,0.0,0.0,7.8125,56050.648438,3612.100586,0.0,64.0,0.0,2223.0,0.000982,1721542656.0,31872.0,0.168884,0.0,52438.546875,4.755128,4.755128,62.0,0.0,30.0,0.0,29.0,-0.0,0.0,0.0,32243.0,1.0,4.755128,4.755128,12.197358,0.0,0.0,59.0,2.0,0.0,1074.766724,0.0,34466.0,76.655174,11.0
19.860119,1.510565,64256.0,0.0,13.902082,0.167559,0.0,0.0,0.0,0.0,0.0,176823.90625,8155.888672,0.0,64.0,0.0,1613.0,0.001014,1721542656.0,49280.0,0.168573,0.0,168668.015625,1.510565,1.510565,62.0,0.0,31.0,0.0,22.0,-0.0,0.0,0.0,32909.0,0.0,1.510565,1.510565,34.424206,0.0,0.0,53.0,0.0,0.0,1061.580688,0.0,34522.0,73.318184,11.0
6.077685,1.480827,64256.0,0.0,6.752984,0.18364,0.0,0.0,0.0,0.0,0.0,10340.167969,4359.726074,0.0,64.0,0.0,887.0,0.000994,1721542656.0,31872.0,0.184634,0.0,5980.441895,1.480827,1.480827,62.0,0.0,10.0,0.0,11.0,-0.0,0.0,0.0,1229.0,0.0,1.480827,1.480827,13.505967,0.0,0.0,21.0,0.0,0.0,122.900002,0.0,2116.0,80.63636,12.0
1.343641,4.465477,64256.0,0.0,1.791522,0.230704,0.0,2.0,0.0,0.0,11.111111,2063.833252,1202.111206,1.0,64.0,0.0,754.0,0.000487,1721542656.0,31872.0,0.231191,0.0,861.722046,4.465477,4.465477,62.0,0.0,7.0,0.0,9.0,-0.0,0.0,0.0,561.0,0.0,4.465477,4.465477,3.359104,1.0,0.0,16.0,2.0,0.0,80.14286,0.0,1315.0,83.777779,12.0
0.220101,4.543362,64256.0,0.0,0.880405,0.230704,0.0,3.0,0.0,0.0,30.0,1190.307983,644.456665,0.0,64.0,1.0,457.0,0.000487,1721542656.0,31872.0,0.231191,0.0,545.851257,4.543362,4.543362,62.0,0.0,2.0,0.0,5.0,-0.0,1.0,0.0,620.0,1.0,4.543362,4.543362,1.320608,1.0,0.0,7.0,3.0,0.0,310.0,0.0,1077.0,91.400002,12.0
17.631916,0.170146,64256.0,0.0,17.631916,0.230704,0.0,0.0,0.0,1.0,0.0,19465.634766,9920.891602,0.0,64.0,0.0,281.0,0.000487,1721542656.0,31872.0,0.231191,0.0,9544.744141,0.170146,0.170146,62.0,0.0,4.0,0.0,4.0,-0.0,1.0,0.0,270.0,1.0,0.170146,0.170146,41.141136,0.0,0.0,8.0,0.0,0.0,67.5,0.0,551.0,70.25,12.0
6.784394,1.326574,64256.0,0.0,9.045858,0.105125,0.0,0.0,0.0,0.0,0.0,12513.4375,5674.768555,0.0,64.0,0.0,1019.0,0.00348,1721542656.0,31872.0,0.108605,0.0,6838.668945,1.326574,1.326574,62.0,0.0,10.0,0.0,13.0,-0.0,0.0,0.0,1259.0,0.0,1.326574,1.326574,16.584074,0.0,0.0,23.0,0.0,0.0,125.900002,0.0,2278.0,78.384613,12.0
4.880084,2.049145,64256.0,0.0,5.368093,0.153379,0.0,0.0,0.0,0.0,0.0,8202.445312,3412.154785,0.0,64.0,0.0,953.0,0.000487,1721542656.0,31872.0,0.153866,0.0,4790.290527,2.049145,2.049145,62.0,0.0,11.0,0.0,12.0,-0.0,0.0,0.0,1349.0,0.0,2.049145,2.049145,10.736185,0.0,0.0,23.0,0.0,0.0,122.63636,0.0,2302.0,79.416664,12.0
6.566348,1.370625,64256.0,0.0,7.295941,0.168207,0.0,0.0,0.0,0.0,0.0,11609.301758,4710.259766,0.0,64.0,0.0,887.0,0.0,1721542656.0,31872.0,0.168207,0.0,6899.04248,1.370625,1.370625,62.0,0.0,10.0,0.0,11.0,-0.0,0.0,0.0,1313.0,0.0,1.370625,1.370625,14.591883,0.0,0.0,21.0,0.0,0.0,131.300003,0.0,2200.0,80.63636,12.0
0.429195,4.659887,64256.0,0.0,1.072987,0.277009,0.0,2.0,0.0,0.0,18.181818,1081.571289,824.054321,1.0,64.0,0.0,575.0,0.0005,1721542656.0,31872.0,0.277509,0.0,257.516998,4.659887,4.659887,62.0,0.0,3.0,0.0,6.0,-0.0,0.0,0.0,224.0,0.0,4.659887,4.659887,1.71678,1.0,0.0,9.0,2.0,0.0,74.666664,0.0,799.0,95.833336,12.0
0.0,4.955664,64256.0,0.0,0.403579,0.277009,0.0,1.0,0.0,0.0,20.0,309.948364,309.948364,0.0,64.0,1.0,288.0,0.0005,1721542656.0,31872.0,0.277509,0.0,0.0,4.955664,4.955664,62.0,0.0,1.0,0.0,3.0,-0.0,1.0,0.0,84.0,1.0,4.955664,4.955664,0.605368,1.0,0.0,4.0,1.0,0.0,84.0,0.0,372.0,96.0,12.0
6.47113,0.927195,64256.0,0.0,9.706696,0.277009,0.0,0.0,0.0,1.0,0.0,13994.898438,5668.710449,0.0,64.0,0.0,730.0,0.0005,1721542656.0,31872.0,0.277509,0.0,8326.188477,0.927195,0.927195,62.0,0.0,7.0,0.0,10.0,-0.0,1.0,0.0,1125.0,1.0,0.927195,0.927195,17.256348,0.0,0.0,17.0,0.0,0.0,160.714279,0.0,1855.0,73.0,12.0
5.051233,2.177686,64256.0,0.0,6.428843,0.168146,0.0,1.0,0.0,0.0,3.571429,9264.879883,4114.458984,0.0,64.0,0.0,1200.0,0.001506,1721542656.0,31872.0,0.169652,0.0,5150.421387,2.177686,2.177686,62.0,0.0,12.0,0.0,15.0,-0.0,0.0,0.0,1529.0,1.0,2.177686,2.177686,11.939279,1.0,0.0,27.0,1.0,0.0,127.416664,0.0,2729.0,80.0,12.0
5.997451,1.667375,64256.0,1.0,7.796687,0.059385,1.0,2.0,0.0,0.0,7.407407,11471.924805,4869.930176,0.0,64.0,0.0,1093.0,0.001018,1721542656.0,31872.0,0.060403,0.0,6601.994141,1.667375,1.667375,62.0,0.0,11.0,0.0,14.0,-0.0,0.0,0.0,1513.0,0.0,1.667375,1.667375,14.393883,0.0,0.0,25.0,1.0,0.0,137.545456,0.0,2606.0,78.071426,12.0
1.363097,4.401741,64256.0,0.0,1.817463,0.291482,0.0,3.0,0.0,0.0,15.789474,2062.820068,1177.71582,1.0,64.0,0.0,729.0,0.001671,1721542656.0,31872.0,0.293153,0.0,885.104309,4.401741,4.401741,62.0,0.0,7.0,0.0,9.0,-0.0,0.0,0.0,568.0,1.0,4.401741,4.401741,3.407743,1.0,0.0,16.0,3.0,0.0,81.14286,0.0,1297.0,81.0,12.0
2.045901,3.421476,64256.0,0.0,3.214987,0.291482,0.0,1.0,0.0,1.0,4.761905,4512.672363,1849.494263,0.0,64.0,0.0,862.0,0.001671,1721542656.0,31872.0,0.293153,0.0,2663.178223,3.421476,3.421476,62.0,0.0,8.0,0.0,12.0,-0.0,1.0,0.0,1301.0,1.0,3.421476,3.421476,5.553159,1.0,0.0,20.0,1.0,0.0,162.625,0.0,2163.0,71.833336,12.0
2.884439,3.466879,64256.0,1.0,3.461327,0.178921,1.0,3.0,0.0,0.0,11.111111,5621.194336,2206.018799,0.0,64.0,0.0,1035.0,0.000497,1721542656.0,31872.0,0.179418,0.0,3415.175537,3.466879,3.466879,62.0,0.0,11.0,0.0,13.0,-0.0,0.0,0.0,1627.0,0.0,3.466879,3.466879,6.634209,0.0,0.0,24.0,2.0,0.0,147.909088,0.0,2662.0,79.615387,12.0
0.0,0.0,64256.0,0.0,0.0,0.291482,0.0,0.0,0.0,0.0,0.0,0.0,0.0,0.0,64.0,0.0,66.0,0.001671,1721542656.0,31872.0,0.293153,0.0,0.0,0.0,0.0,62.0,0.0,1.0,0.0,1.0,-0.0,1.0,0.0,66.0,1.0,0.0,0.0,0.0,0.0,0.0,2.0,0.0,0.0,66.0,0.0,132.0,66.0,12.0
3.938066,2.285386,64256.0,0.0,4.375628,0.259199,0.0,0.0,0.0,0.0,0.0,7928.638672,2824.905518,0.0,64.0,0.0,887.0,0.001123,1721542656.0,31872.0,0.260322,0.0,5103.73291,2.285386,2.285386,62.0,0.0,10.0,0.0,11.0,-0.0,0.0,0.0,1619.0,0.0,2.285386,2.285386,8.751257,0.0,0.0,21.0,0.0,0.0,161.899994,0.0,2506.0,80.63636,12.0
0.0,3.069118,8222720.0,0.0,0.651653,0.0,0.0,2.0,0.0,0.0,33.333333,385.778595,385.778595,0.0,64.0,0.0,222.0,0.00228,1721542656.0,4077568.0,0.00228,0.0,0.0,3.069118,3.069118,62.0,0.0,1.0,0.0,3.0,-0.0,0.0,0.0,74.0,0.0,3.069118,3.069118,0.97748,1.0,0.0,4.0,2.0,0.0,74.0,0.0,296.0,74.0,12.0
13.977283,0.643902,64256.0,0.0,18.636375,0.051439,0.0,1.0,0.0,0.0,4.166667,30513.960938,11691.219727,0.0,64.0,0.0,1019.0,0.00228,1721542656.0,31872.0,0.053719,0.0,18822.740234,0.643902,0.643902,62.0,0.0,10.0,0.0,13.0,-0.0,1.0,0.0,1683.0,0.0,0.643902,0.643902,34.166691,1.0,0.0,23.0,1.0,0.0,168.300003,0.0,2702.0,78.384613,12.0
16.196226,0.555685,64256.0,0.0,21.594969,0.045942,0.0,0.0,0.0,0.0,0.0,36481.101562,13547.244141,0.0,64.0,0.0,1019.0,0.001016,1721542656.0,31872.0,0.046958,0.0,22933.857422,0.555685,0.555685,62.0,0.0,10.0,0.0,13.0,-0.0,0.0,0.0,1769.0,0.0,0.555685,0.555685,39.590778,0.0,0.0,23.0,0.0,0.0,176.899994,0.0,2788.0,78.384613,12.0
6.884743,1.452487,64256.0,0.0,6.884743,0.179656,0.0,0.0,0.0,0.0,0.0,14055.891602,4444.790039,0.0,64.0,0.0,887.0,0.000992,1721542656.0,31872.0,0.180648,0.0,9611.101562,1.452487,1.452487,62.0,0.0,11.0,0.0,11.0,-0.0,0.0,0.0,1919.0,0.0,1.452487,1.452487,14.457961,0.0,0.0,22.0,0.0,0.0,174.454544,0.0,2806.0,80.63636,12.0
1.604138,4.987103,64256.0,0.0,2.205689,0.322898,0.0,3.0,0.0,0.0,12.5,5790.937012,1442.119751,1.0,64.0,0.0,980.0,0.000982,1721542656.0,31872.0,0.32388,0.0,4348.817383,4.987103,4.987103,62.0,0.0,9.0,0.0,12.0,-0.0,0.0,0.0,3049.0,1.0,4.987103,4.987103,4.010345,1.0,0.0,21.0,3.0,0.0,338.777771,0.0,4029.0,81.666664,12.0
0.0,0.0,197300.1840419336,0.0,0.0,0.322898,0.0,0.0,0.0,0.0,0.0,0.0,0.0,0.0,64.0,0.0,74.0,0.000982,1721542656.0,95686.87047841308,0.32388,0.0,0.0,0.0,0.0,62.0,0.0,0.0,0.0,1.0,-0.0,1.0,0.0,0.0,1.0,0.0,0.0,0.0,0.0,1.0,1.0,0.0,0.0,0.0,0.0,74.0,74.0,12.0
0.0,0.0,197300.1840419336,0.0,0.0,0.322898,0.0,0.0,0.0,0.0,0.0,0.0,0.0,0.0,64.0,0.0,74.0,0.000982,1721542656.0,95686.87047841308,0.32388,0.0,0.0,0.0,0.0,62.0,0.0,0.0,0.0,1.0,-0.0,1.0,0.0,0.0,1.0,0.0,0.0,0.0,0.0,1.0,1.0,0.0,0.0,0.0,0.0,74.0,74.0,12.0
0.0,2.071387,64256.0,0.0,0.482768,0.322898,0.0,0.0,0.0,0.0,0.0,293.523132,293.523132,0.0,64.0,1.0,152.0,0.000982,1721542656.0,31872.0,0.32388,0.0,0.0,2.071387,2.071387,62.0,0.0,1.0,0.0,2.0,-0.0,1.0,0.0,1244.0,1.0,2.071387,2.071387,0.965537,0.0,0.0,3.0,0.0,0.0,1244.0,0.0,1396.0,76.0,12.0
0.0,0.0,197300.1840419336,0.0,0.0,0.322898,0.0,0.0,0.0,0.0,0.0,0.0,0.0,0.0,64.0,0.0,74.0,0.000982,1721542656.0,95686.87047841308,0.32388,0.0,0.0,0.0,0.0,62.0,0.0,0.0,0.0,1.0,-0.0,1.0,0.0,0.0,1.0,0.0,0.0,0.0,0.0,1.0,1.0,0.0,0.0,0.0,0.0,74.0,74.0,12.0
11.81007,0.169347,64256.0,0.0,17.715105,0.322898,0.0,0.0,0.0,0.0,0.0,17526.144531,11479.388672,0.0,64.0,0.0,324.0,0.000982,1721542656.0,31872.0,0.32388,0.0,6046.755859,0.169347,0.169347,62.0,0.0,3.0,0.0,4.0,-0.0,1.0,0.0,192.0,1.0,0.169347,0.169347,35.43021,0.0,0.0,7.0,0.0,0.0,64.0,0.0,516.0,81.0,12.0
6.624852,1.358521,64256.0,0.0,7.360946,0.169674,0.0,0.0,0.0,0.0,0.0,15563.984375,4752.227051,0.0,64.0,0.0,887.0,0.000706,1721542656.0,31872.0,0.17038,0.0,10811.757812,1.358521,1.358521,62.0,0.0,10.0,0.0,11.0,-0.0,0.0,0.0,2039.0,0.0,1.358521,1.358521,14.721892,0.0,0.0,21.0,0.0,0.0,203.899994,0.0,2926.0,80.63636,12.0
5.683242,1.759559,64256.0,0.0,7.388215,0.167739,0.0,1.0,0.0,0.0,3.846154,13935.30957,4787.562988,0.0,64.0,0.0,1134.0,0.000999,1721542656.0,31872.0,0.168738,0.0,9147.746094,1.759559,1.759559,62.0,0.0,11.0,0.0,14.0,-0.0,0.0,0.0,2213.0,1.0,1.759559,1.759559,13.639781,1.0,0.0,25.0,1.0,0.0,201.181824,0.0,3347.0,81.0,12.0
7.81098,1.280249,64256.0,0.0,8.592078,0.152217,0.0,0.0,0.0,0.0,0.0,18615.128906,5461.4375,0.0,64.0,0.0,953.0,0.001188,1721542656.0,31872.0,0.153405,0.0,13153.691406,1.280249,1.280249,62.0,0.0,11.0,0.0,12.0,-0.0,0.0,0.0,2315.0,0.0,1.280249,1.280249,17.184156,0.0,0.0,23.0,0.0,0.0,210.454544,0.0,3268.0,79.416664,12.0
15.751529,0.634859,64256.0,0.0,17.326681,0.061669,0.0,0.0,0.0,0.0,0.0,38849.570312,11013.46875,0.0,64.0,0.0,953.0,0.0005,1721542656.0,31872.0,0.062169,0.0,27836.101562,0.634859,0.634859,62.0,0.0,11.0,0.0,12.0,-0.0,0.0,0.0,2429.0,0.0,0.634859,0.634859,34.653362,0.0,0.0,23.0,0.0,0.0,220.818176,0.0,3382.0,79.416664,12.0
18.544481,0.539244,64256.0,0.0,20.39893,0.061111,0.0,0.0,0.0,0.0,0.0,47355.1875,12966.300781,0.0,64.0,0.0,953.0,0.0,1721542656.0,31872.0,0.061111,0.0,34388.886719,0.539244,0.539244,62.0,0.0,11.0,0.0,12.0,-0.0,0.0,0.0,2549.0,0.0,0.539244,0.539244,40.797859,0.0,0.0,23.0,0.0,0.0,231.72728,0.0,3502.0,79.416664,12.0
8.722091,1.375817,64256.0,0.0,8.722091,0.075045,0.0,2.0,0.0,0.0,7.142857,20653.910156,5518.175781,0.0,64.0,0.0,1028.0,0.001911,1721542656.0,31872.0,0.076956,0.0,15135.734375,1.375817,1.375817,62.0,0.0,13.0,0.0,13.0,-0.0,0.0,0.0,2819.0,1.0,1.375817,1.375817,18.171022,1.0,0.0,26.0,2.0,0.0,216.846161,0.0,3847.0,79.07692,12.0
2.322945,4.735369,64256.0,1.0,3.378829,0.167657,1.0,6.0,0.0,0.0,17.142857,6612.366699,2150.624268,0.0,64.0,0.0,1352.0,0.000496,1721542656.0,31872.0,0.168153,0.0,4461.742676,4.735369,4.735369,62.0,0.0,12.0,0.0,17.0,-0.0,0.0,0.0,2881.0,0.0,4.735369,4.735369,5.91295,0.0,0.0,29.0,5.0,0.0,240.083328,0.0,4233.0,79.529411,12.0
4.529625,2.207688,64256.0,0.0,4.982588,0.277825,0.0,0.0,0.0,0.0,0.0,12871.383789,3167.114014,0.0,64.0,0.0,953.0,0.001134,1721542656.0,31872.0,0.278959,0.0,9704.269531,2.207688,2.207688,62.0,0.0,11.0,0.0,12.0,-0.0,0.0,0.0,2945.0,0.0,2.207688,2.207688,9.965176,0.0,0.0,23.0,0.0,0.0,267.727264,0.0,3898.0,79.416664,12.0
6.531504,1.684145,64256.0,0.0,7.125278,0.154562,0.0,0.0,0.0,0.0,0.0,18212.208984,4469.923828,0.0,64.0,0.0,1019.0,0.000502,1721542656.0,31872.0,0.155064,0.0,13742.285156,1.684145,1.684145,62.0,0.0,12.0,0.0,13.0,-0.0,0.0,0.0,3155.0,0.0,1.684145,1.684145,14.250555,0.0,0.0,25.0,0.0,0.0,262.916656,0.0,4174.0,78.384613,12.0
2.730722,4.394442,64256.0,0.0,2.958282,0.291814,0.0,2.0,0.0,0.0,6.896552,7651.483398,1966.119873,0.0,64.0,0.0,1163.0,0.00063,1721542656.0,31872.0,0.292444,0.0,5685.363281,4.394442,4.394442,62.0,0.0,13.0,0.0,14.0,-0.0,0.0,0.0,3383.0,1.0,4.394442,4.394442,5.916564,1.0,0.0,27.0,2.0,0.0,260.230774,0.0,4546.0,83.071426,12.0
7.707076,1.297509,64256.0,0.0,8.477783,0.153913,0.0,0.0,0.0,0.0,0.0,24422.181641,5388.787598,0.0,64.0,0.0,953.0,0.001286,1721542656.0,31872.0,0.155199,0.0,19033.394531,1.297509,1.297509,62.0,0.0,11.0,0.0,12.0,-0.0,0.0,0.0,3395.0,0.0,1.297509,1.297509,16.955566,0.0,0.0,23.0,0.0,0.0,308.636353,0.0,4348.0,79.416664,12.0
2.481517,4.029793,64256.0,1.0,2.977821,0.248927,1.0,5.0,0.0,0.0,17.241379,8333.927734,1909.775635,1.0,64.0,0.0,1042.0,0.001001,1721542656.0,31872.0,0.249928,0.0,6424.151855,4.029793,4.029793,62.0,0.0,11.0,0.0,13.0,-0.0,0.0,0.0,3559.0,0.0,4.029793,4.029793,5.707489,0.0,0.0,24.0,4.0,0.0,323.545441,0.0,4601.0,80.153847,12.0
3.601164,0.277688,64256.0,0.0,10.803492,0.248927,0.0,0.0,0.0,1.0,0.0,8066.607422,6078.764648,0.0,64.0,0.0,281.0,0.001001,1721542656.0,31872.0,0.249928,0.0,1987.842529,0.277688,0.277688,62.0,0.0,2.0,0.0,4.0,-0.0,1.0,0.0,138.0,0.0,0.277688,0.277688,18.005819,0.0,0.0,6.0,0.0,0.0,69.0,0.0,419.0,70.25,12.0
5.121036,2.343276,64256.0,1.0,5.547789,0.153269,1.0,3.0,0.0,0.0,10.0,15673.783203,3492.546387,0.0,64.0,0.0,1101.0,0.000993,1721542656.0,31872.0,0.154262,0.0,12181.236328,2.343276,2.343276,62.0,0.0,13.0,0.0,14.0,-0.0,0.0,0.0,3865.0,0.0,2.343276,2.343276,11.095577,0.0,0.0,27.0,2.0,0.0,297.307678,0.0,4966.0,78.64286,12.0
6.682576,1.496429,64256.0,0.0,8.687348,0.169097,0.0,0.0,0.0,0.0,0.0,24340.613281,5388.829102,0.0,64.0,0.0,1085.0,0.00095,1721542656.0,31872.0,0.170047,0.0,18951.785156,1.496429,1.496429,62.0,0.0,11.0,0.0,14.0,-0.0,0.0,0.0,3899.0,0.0,1.496429,1.496429,16.038181,0.0,0.0,25.0,0.0,0.0,354.454559,0.0,4984.0,77.5,12.0
3.771555,2.916569,64256.0,0.0,4.114423,0.276196,0.0,1.0,0.0,0.0,3.846154,13097.581055,2674.375244,0.0,64.0,0.0,1056.0,0.002017,1721542656.0,31872.0,0.278213,0.0,10423.206055,2.916569,2.916569,62.0,0.0,12.0,0.0,13.0,-0.0,0.0,0.0,4145.0,0.0,2.916569,2.916569,8.228847,1.0,0.0,25.0,1.0,0.0,345.416656,0.0,5201.0,81.230766,12.0
6.02817,1.990654,64256.0,0.0,6.02817,0.168267,0.0,0.0,0.0,0.0,0.0,20093.898438,3781.671875,0.0,64.0,0.0,1019.0,0.000881,1721542656.0,31872.0,0.169148,0.0,16312.227539,1.990654,1.990654,62.0,0.0,13.0,0.0,13.0,-0.0,0.0,0.0,4397.0,0.0,1.990654,1.990654,12.558687,0.0,0.0,26.0,0.0,0.0,338.230774,0.0,5416.0,78.384613,12.0
7.570476,1.453013,64256.0,0.0,7.570476,0.168947,0.0,0.0,0.0,0.0,0.0,27644.626953,4812.069824,0.0,64.0,0.0,953.0,0.0,1721542656.0,31872.0,0.168947,0.0,22832.556641,1.453013,1.453013,62.0,0.0,12.0,0.0,12.0,-0.0,0.0,0.0,4523.0,0.0,1.453013,1.453013,15.829178,0.0,0.0,24.0,0.0,0.0,376.916656,0.0,5476.0,79.416664,12.0
18.205019,0.604229,64256.0,0.0,21.515022,0.061639,0.0,0.0,0.0,0.0,0.0,70648.710938,13345.933594,0.0,64.0,0.0,1085.0,0.000641,1721542656.0,31872.0,0.06228,0.0,57302.78125,0.604229,0.604229,62.0,0.0,12.0,0.0,14.0,-0.0,0.0,0.0,4721.0,0.0,0.604229,0.604229,41.375042,0.0,0.0,26.0,0.0,0.0,393.416656,0.0,5806.0,77.5,12.0
8.032737,1.493887,64256.0,0.0,8.702131,0.166798,0.0,0.0,0.0,0.0,0.0,30074.564453,5397.999023,0.0,64.0,0.0,1085.0,0.002587,1721542656.0,31872.0,0.169385,0.0,24676.566406,1.493887,1.493887,62.0,0.0,13.0,0.0,14.0,-0.0,0.0,0.0,4991.0,0.0,1.493887,1.493887,17.404263,0.0,0.0,27.0,0.0,0.0,383.923065,0.0,6076.0,77.5,12.0
1.346074,4.457408,64256.0,0.0,2.019111,0.16752,0.0,4.0,0.0,0.0,19.047619,2164.486572,1292.230835,1.0,64.0,0.0,799.0,0.001725,1721542656.0,31872.0,0.169245,0.0,872.255798,4.457408,4.457408,62.0,0.0,7.0,0.0,10.0,-0.0,0.0,0.0,567.0,1.0,4.457408,4.457408,3.58953,1.0,0.0,17.0,4.0,0.0,81.0,0.0,1366.0,79.900002,12.0
4.910414,1.221893,64256.0,0.0,4.092011,0.16752,0.0,0.0,0.0,1.0,0.0,28899.421875,2455.206787,0.0,64.0,0.0,450.0,0.001725,1721542656.0,31872.0,0.169245,0.0,26444.214844,1.221893,1.221893,62.0,0.0,7.0,0.0,6.0,-0.0,1.0,0.0,4712.0,1.0,1.221893,1.221893,9.820827,0.0,0.0,13.0,0.0,0.0,673.142883,0.0,5162.0,75.0,12.0
6.603384,1.81725,64256.0,0.0,6.603384,0.182822,0.0,0.0,0.0,0.0,0.0,26158.205078,4142.522949,0.0,64.0,0.0,1019.0,0.000751,1721542656.0,31872.0,0.183573,0.0,22015.683594,1.81725,1.81725,62.0,0.0,13.0,0.0,13.0,-0.0,0.0,0.0,5417.0,0.0,1.81725,1.81725,13.757051,0.0,0.0,26.0,0.0,0.0,416.692322,0.0,6436.0,78.384613,12.0
8.535555,1.405884,64256.0,0.0,8.535555,0.155151,0.0,0.0,0.0,0.0,0.0,34978.703125,5354.638184,0.0,64.0,0.0,1019.0,0.000992,1721542656.0,31872.0,0.156143,0.0,29624.064453,1.405884,1.405884,62.0,0.0,13.0,0.0,13.0,-0.0,0.0,0.0,5639.0,0.0,1.405884,1.405884,17.782406,0.0,0.0,26.0,0.0,0.0,433.769226,0.0,6658.0,78.384613,12.0
7.201213,1.666386,64256.0,0.0,7.201213,0.168936,0.0,0.0,0.0,0.0,0.0,30518.738281,4517.560547,0.0,64.0,0.0,1019.0,0.001002,1721542656.0,31872.0,0.169938,0.0,26001.177734,1.666386,1.666386,62.0,0.0,13.0,0.0,13.0,-0.0,0.0,0.0,5867.0,0.0,1.666386,1.666386,15.002526,0.0,0.0,26.0,0.0,0.0,451.307678,0.0,6886.0,78.384613,12.0
0.0,3.056257,8222720.0,0.0,0.654395,0.0,0.0,2.0,0.0,0.0,33.333333,387.401978,387.401978,0.0,64.0,0.0,222.0,0.000686,1721542656.0,4077568.0,0.000686,0.0,0.0,3.056257,3.056257,62.0,0.0,1.0,0.0,3.0,-0.0,0.0,0.0,74.0,0.0,3.056257,3.056257,0.981593,1.0,0.0,4.0,2.0,0.0,74.0,0.0,296.0,74.0,12.0
0.0,0.0,197300.1840419336,0.0,0.0,0.0,0.0,0.0,0.0,0.0,0.0,0.0,0.0,0.0,64.0,0.0,74.0,0.000686,1721542656.0,95686.87047841308,0.000686,0.0,0.0,0.0,0.0,62.0,0.0,0.0,0.0,1.0,-0.0,1.0,0.0,0.0,0.0,0.0,0.0,0.0,1.0,0.0,1.0,1.0,0.0,0.0,0.0,74.0,74.0,12.0
5.201409,2.499323,64256.0,0.0,5.201409,0.300648,0.0,3.0,0.0,0.0,9.677419,21596.25,3252.080811,0.0,64.0,0.0,1094.0,0.000686,1721542656.0,31872.0,0.301334,0.0,18344.167969,2.499323,2.499323,61.0,0.0,14.0,0.0,14.0,-0.0,1.0,0.0,6171.0,1.0,2.499323,2.499323,10.802926,1.0,0.0,28.0,3.0,0.0,440.785706,0.0,7265.0,78.14286,12.0
6.940789,1.72891,64256.0,0.0,6.940789,0.212464,0.0,0.0,0.0,0.0,0.0,31441.775391,4354.188477,0.0,64.0,0.0,1019.0,0.002069,1721542656.0,31872.0,0.214533,0.0,27087.587891,1.72891,1.72891,62.0,0.0,13.0,0.0,13.0,-0.0,0.0,0.0,6341.0,0.0,1.72891,1.72891,14.459978,0.0,0.0,26.0,0.0,0.0,487.769226,0.0,7360.0,78.384613,12.0
6.948739,1.726932,64256.0,0.0,6.948739,0.216343,0.0,0.0,0.0,0.0,0.0,32529.363281,4359.175781,0.0,64.0,0.0,1019.0,0.000863,1721542656.0,31872.0,0.217206,0.0,28170.1875,1.726932,1.726932,62.0,0.0,13.0,0.0,13.0,-0.0,0.0,0.0,6587.0,0.0,1.726932,1.726932,14.47654,0.0,0.0,26.0,0.0,0.0,506.692322,0.0,7606.0,78.384613,12.0
1.411863,3.54142,64256.0,0.0,2.258981,0.200028,0.0,3.0,0.0,0.0,16.666667,2387.742676,1463.81958,1.0,64.0,0.0,729.0,0.001783,1721542656.0,31872.0,0.201811,0.0,923.923157,3.54142,3.54142,62.0,0.0,6.0,0.0,9.0,-0.0,0.0,0.0,490.0,1.0,3.54142,3.54142,3.953217,1.0,0.0,15.0,3.0,0.0,81.666664,0.0,1219.0,81.0,12.0
2.179123,4.589001,64256.0,0.0,2.397036,0.200028,0.0,2.0,0.0,1.0,8.0,11957.286133,1403.355469,0.0,64.0,0.0,878.0,0.001783,1721542656.0,31872.0,0.201811,0.0,10553.930664,4.589001,4.589001,62.0,0.0,11.0,0.0,12.0,-0.0,1.0,0.0,6659.0,1.0,4.589001,4.589001,4.794072,1.0,0.0,23.0,2.0,0.0,605.363647,0.0,7537.0,73.166664,12.0
6.340796,2.050216,64256.0,0.0,7.316302,0.090607,0.0,1.0,0.0,0.0,3.225806,30439.720703,4483.430176,0.0,64.0,0.0,1225.0,0.001005,1721542656.0,31872.0,0.091612,0.0,25956.289062,2.050216,2.050216,62.0,0.0,14.0,0.0,16.0,-0.0,0.0,0.0,7163.0,0.0,2.050216,2.050216,14.144852,1.0,0.0,30.0,1.0,0.0,511.642853,0.0,8388.0,76.5625,12.0
4.086125,3.67096,64256.0,1.0,3.813716,0.151727,1.0,2.0,0.0,0.0,6.060606,17819.861328,2357.966309,0.0,64.0,0.0,1159.0,0.000633,1721542656.0,31872.0,0.15236,0.0,15461.895508,3.67096,3.67096,62.0,0.0,16.0,0.0,15.0,-0.0,0.0,0.0,7567.0,0.0,3.67096,3.67096,8.17225,0.0,0.0,31.0,1.0,0.0,472.9375,0.0,8726.0,77.26667,12.0
9.682352,1.342649,64256.0,0.0,8.937555,0.153509,0.0,0.0,0.0,0.0,0.0,48197.261719,5606.82666,0.0,64.0,0.0,1019.0,0.000493,1721542656.0,31872.0,0.154002,0.0,42590.433594,1.342649,1.342649,62.0,0.0,14.0,0.0,13.0,-0.0,0.0,0.0,7697.0,0.0,1.342649,1.342649,19.364704,0.0,0.0,27.0,0.0,0.0,549.785706,0.0,8716.0,78.384613,12.0
3.960631,3.53479,64256.0,1.0,4.526436,0.152542,1.0,3.0,0.0,0.0,8.571429,19766.945312,2767.915527,0.0,64.0,0.0,1299.0,0.000575,1721542656.0,31872.0,0.153117,0.0,16999.029297,3.53479,3.53479,62.0,0.0,15.0,0.0,17.0,-0.0,0.0,0.0,8047.0,0.0,3.53479,3.53479,8.769969,0.0,0.0,32.0,2.0,0.0,536.466675,0.0,9346.0,76.411766,12.0
8.164773,1.592206,64256.0,0.0,8.792832,0.166926,0.0,0.0,0.0,0.0,0.0,43918.941406,5401.311035,0.0,64.0,0.0,1151.0,0.002178,1721542656.0,31872.0,0.169104,0.0,38517.628906,1.592206,1.592206,62.0,0.0,14.0,0.0,15.0,-0.0,0.0,0.0,8255.0,0.0,1.592206,1.592206,17.585665,0.0,0.0,29.0,0.0,0.0,589.642883,0.0,9406.0,76.73333,12.0
4.295576,3.724763,64256.0,2.0,4.295576,0.061631,1.0,5.0,0.0,0.0,12.820513,20345.992188,2643.926758,0.0,64.0,0.0,1307.0,0.000995,1721542656.0,31872.0,0.062626,0.0,17702.066406,3.724763,3.724763,62.0,0.0,17.0,0.0,17.0,-0.0,0.0,0.0,8757.0,0.0,3.724763,3.724763,8.859624,0.0,0.0,34.0,3.0,0.0,515.117676,0.0,10064.0,76.882355,12.0
4.457646,3.589338,64256.0,1.0,4.457646,0.167174,1.0,3.0,0.0,0.0,8.108108,21697.59375,2725.85083,0.0,64.0,0.0,1299.0,0.000994,1721542656.0,31872.0,0.168168,0.0,18971.744141,3.589338,3.589338,62.0,0.0,17.0,0.0,17.0,-0.0,0.0,0.0,9043.0,0.0,3.589338,3.589338,9.193895,0.0,0.0,34.0,2.0,0.0,531.941162,0.0,10342.0,76.411766,12.0
4.061218,3.939705,64256.0,2.0,4.061218,0.153978,1.0,5.0,0.0,0.0,12.820513,20371.068359,2499.679688,0.0,64.0,0.0,1307.0,0.000496,1721542656.0,31872.0,0.154474,0.0,17871.388672,3.939705,3.939705,62.0,0.0,17.0,0.0,17.0,-0.0,0.0,0.0,9351.0,0.0,3.939705,3.939705,8.376262,0.0,0.0,34.0,3.0,0.0,550.058838,0.0,10658.0,76.882355,12.0
0.603766,4.968813,64256.0,0.0,1.006277,0.151202,0.0,2.0,0.0,0.0,16.666667,1123.809692,772.820374,1.0,64.0,0.0,575.0,0.0,1721542656.0,31872.0,0.151202,0.0,350.989258,4.968813,4.968813,62.0,0.0,4.0,0.0,6.0,-0.0,0.0,0.0,290.0,0.0,4.968813,4.968813,1.811298,1.0,0.0,10.0,2.0,0.0,72.5,0.0,865.0,95.833336,12.0
19.021822,0.525712,64256.0,0.0,17.119638,0.151202,0.0,0.0,0.0,1.0,0.0,137535.375,9997.869141,0.0,64.0,0.0,730.0,0.0,1721542656.0,31872.0,0.151202,0.0,127537.507812,0.525712,0.525712,62.0,0.0,11.0,0.0,10.0,-0.0,1.0,0.0,9219.0,0.0,0.525712,0.525712,38.043644,0.0,0.0,21.0,0.0,0.0,838.090881,0.0,9949.0,73.0,12.0
10.018949,1.497163,64256.0,0.0,10.018949,0.168003,0.0,0.0,0.0,0.0,0.0,55630.546875,6096.864258,0.0,64.0,0.0,1217.0,0.000501,1721542656.0,31872.0,0.168504,0.0,49533.683594,1.497163,1.497163,62.0,0.0,16.0,0.0,16.0,-0.0,0.0,0.0,9887.0,0.0,1.497163,1.497163,20.705828,0.0,0.0,32.0,0.0,0.0,617.9375,0.0,11104.0,76.0625,12.0
0.235551,4.245371,64256.0,0.0,0.706652,0.277488,0.0,2.0,0.0,0.0,25.0,702.88324,570.974854,0.0,64.0,0.0,404.0,0.000992,1721542656.0,31872.0,0.27848,0.0,131.908386,4.245371,4.245371,62.0,0.0,2.0,0.0,4.0,-0.0,0.0,0.0,140.0,0.0,4.245371,4.245371,1.177753,1.0,0.0,6.0,2.0,0.0,70.0,0.0,544.0,101.0,12.0
0.0,0.0,197300.1840419336,0.0,0.0,0.277488,0.0,0.0,0.0,0.0,0.0,0.0,0.0,0.0,64.0,0.0,110.0,0.000992,1721542656.0,95686.87047841308,0.27848,0.0,0.0,0.0,0.0,62.0,0.0,0.0,0.0,1.0,-0.0,1.0,0.0,0.0,0.0,0.0,0.0,0.0,0.0,1.0,1.0,0.0,0.0,0.0,0.0,110.0,110.0,12.0
12.918946,1.006274,64256.0,0.0,11.925181,0.277488,0.0,0.0,0.0,1.0,0.0,81735.195312,7425.413086,0.0,64.0,0.0,1011.0,0.000992,1721542656.0,31872.0,0.27848,0.0,74309.78125,1.006274,1.006274,62.0,0.0,14.0,0.0,13.0,-0.0,1.0,0.0,10065.0,0.0,1.006274,1.006274,25.837893,0.0,0.0,27.0,0.0,0.0,718.928589,0.0,11076.0,77.769234,12.0
24.61508,0.650008,64256.0,0.0,23.076639,0.056718,0.0,0.0,0.0,0.0,0.0,136773.703125,14042.90332,0.0,64.0,0.0,1217.0,0.0042,1721542656.0,31872.0,0.060918,0.0,122730.789062,0.650008,0.650008,62.0,0.0,17.0,0.0,16.0,-0.0,0.0,0.0,10595.0,0.0,0.650008,0.650008,49.23016,0.0,0.0,33.0,0.0,0.0,623.235291,0.0,11812.0,76.0625,12.0
10.710468,1.400499,64256.0,0.0,10.710468,0.167495,0.0,0.0,0.0,0.0,0.0,64674.09375,6517.676758,0.0,64.0,0.0,1217.0,0.000502,1721542656.0,31872.0,0.167997,0.0,58156.414062,1.400499,1.400499,62.0,0.0,16.0,0.0,16.0,-0.0,0.0,0.0,10859.0,0.0,1.400499,1.400499,22.134968,0.0,0.0,32.0,0.0,0.0,678.6875,0.0,12076.0,76.0625,12.0
11.055416,1.356801,64256.0,0.0,9.581361,0.169404,0.0,0.0,0.0,0.0,0.0,67830.140625,5943.391602,0.0,64.0,0.0,1085.0,0.0,1721542656.0,31872.0,0.169404,0.0,61886.746094,1.356801,1.356801,62.0,0.0,16.0,0.0,14.0,-0.0,0.0,0.0,11195.0,0.0,1.356801,1.356801,21.373804,0.0,0.0,30.0,0.0,0.0,699.6875,0.0,12280.0,77.5,12.0
9.513186,1.681876,64256.0,0.0,8.324039,0.167335,0.0,0.0,0.0,0.0,0.0,57060.09375,5113.337891,0.0,64.0,0.0,1151.0,0.001938,1721542656.0,31872.0,0.169273,0.0,51946.757812,1.681876,1.681876,62.0,0.0,17.0,0.0,15.0,-0.0,0.0,0.0,11603.0,0.0,1.681876,1.681876,18.431799,0.0,0.0,32.0,0.0,0.0,682.529419,0.0,12754.0,76.73333,12.0
9.656383,1.864052,64256.0,0.0,8.046986,0.167038,0.0,1.0,0.0,0.0,2.777778,54110.078125,4931.192871,0.0,64.0,0.0,1225.0,0.000888,1721542656.0,31872.0,0.167926,0.0,49178.882812,1.864052,1.864052,62.0,0.0,19.0,0.0,16.0,-0.0,0.0,0.0,12095.0,1.0,1.864052,1.864052,18.239834,1.0,0.0,35.0,1.0,0.0,636.578918,0.0,13320.0,76.5625,12.0
11.814466,1.354272,64256.0,0.0,10.337657,0.167783,0.0,0.0,0.0,0.0,0.0,74767.84375,6350.275391,0.0,64.0,0.0,1151.0,0.00051,1721542656.0,31872.0,0.168293,0.0,68417.570312,1.354272,1.354272,62.0,0.0,17.0,0.0,15.0,-0.0,0.0,0.0,12305.0,0.0,1.354272,1.354272,22.890528,0.0,0.0,32.0,0.0,0.0,723.823547,0.0,13456.0,76.73333,12.0
11.785182,1.357637,64256.0,0.0,10.312035,0.167503,0.0,0.0,0.0,0.0,0.0,76574.21875,6334.535645,0.0,64.0,0.0,1151.0,0.001504,1721542656.0,31872.0,0.169007,0.0,70239.6875,1.357637,1.357637,62.0,0.0,17.0,0.0,15.0,-0.0,0.0,0.0,12665.0,0.0,1.357637,1.357637,22.83379,0.0,0.0,32.0,0.0,0.0,745.0,0.0,13816.0,76.73333,12.0
0.392587,2.547207,64256.0,0.0,1.17776,0.276731,0.0,2.0,0.0,0.0,25.0,1171.479126,951.630493,0.0,64.0,0.0,404.0,0.001749,1721542656.0,31872.0,0.27848,0.0,219.848633,2.547207,2.547207,62.0,0.0,2.0,0.0,4.0,-0.0,0.0,0.0,140.0,0.0,2.547207,2.547207,1.962934,1.0,0.0,6.0,2.0,0.0,70.0,0.0,544.0,101.0,12.0
3.554501,4.501335,64256.0,0.0,3.332345,0.276731,0.0,0.0,0.0,1.0,0.0,23820.488281,2015.401978,0.0,64.0,0.0,1209.0,0.001749,1721542656.0,31872.0,0.27848,0.0,21805.085938,4.501335,4.501335,62.0,0.0,17.0,0.0,16.0,-0.0,1.0,0.0,13035.0,1.0,4.501335,4.501335,7.109002,0.0,0.0,33.0,0.0,0.0,766.764709,0.0,14244.0,75.5625,12.0
4.849526,3.917909,64256.0,0.0,4.083811,0.166764,0.0,1.0,0.0,0.0,2.631579,28890.921875,2482.957275,0.0,64.0,0.0,1291.0,0.001008,1721542656.0,31872.0,0.167772,0.0,26407.964844,3.917909,3.917909,62.0,0.0,20.0,0.0,17.0,-0.0,0.0,0.0,13613.0,1.0,3.917909,3.917909,9.188575,1.0,0.0,37.0,1.0,0.0,680.650024,0.0,14904.0,75.941177,12.0
5.050198,3.564217,64256.0,0.0,6.172463,0.292117,0.0,2.0,0.0,0.0,4.545455,33389.660156,3791.014893,0.0,64.0,0.0,1765.0,0.000817,1721542656.0,31872.0,0.292934,0.0,29598.646484,3.564217,3.564217,62.0,0.0,19.0,0.0,23.0,-0.0,0.0,0.0,13919.0,1.0,3.564217,3.564217,11.503227,1.0,0.0,42.0,2.0,0.0,732.578918,0.0,15684.0,76.739128,12.0
5.862334,2.899869,64256.0,0.0,5.862334,0.307888,0.0,1.0,0.0,0.0,2.702703,44175.789062,3567.057617,0.0,64.0,0.0,1369.0,0.0005,1721542656.0,31872.0,0.308388,0.0,40608.730469,2.899869,2.899869,62.0,0.0,18.0,0.0,18.0,-0.0,0.0,0.0,15585.0,1.0,2.899869,2.899869,12.06951,1.0,0.0,36.0,1.0,0.0,865.833313,0.0,16954.0,76.055557,12.0
7.24565,2.484249,64256.0,0.0,6.843114,0.153555,0.0,2.0,0.0,0.0,5.128205,49180.253906,4373.152344,0.0,64.0,0.0,1437.0,0.000992,1721542656.0,31872.0,0.154547,0.0,44807.101562,2.484249,2.484249,62.0,0.0,19.0,0.0,18.0,-0.0,0.0,0.0,14687.0,0.0,2.484249,2.484249,14.491301,1.0,0.0,37.0,2.0,0.0,773.0,0.0,16124.0,79.833336,12.0
3.864757,4.916221,64256.0,0.0,3.661349,0.147793,0.0,1.0,0.0,0.0,2.5,27871.814453,2213.081787,0.0,64.0,0.0,1435.0,0.000496,1721542656.0,31872.0,0.148289,0.0,25658.732422,4.916221,4.916221,62.0,0.0,20.0,0.0,19.0,-0.0,0.0,0.0,16597.0,1.0,4.916221,4.916221,7.729514,1.0,0.0,39.0,1.0,0.0,829.849976,0.0,18032.0,75.526314,12.0
5.617015,3.56061,64256.0,0.0,5.897866,0.215225,0.0,5.0,0.0,0.0,10.416667,39339.324219,3567.927979,0.0,64.0,0.0,1663.0,0.000496,1721542656.0,31872.0,0.215721,0.0,35771.398438,3.56061,3.56061,62.0,0.0,21.0,0.0,22.0,-0.0,0.0,0.0,16717.0,1.0,3.56061,3.56061,11.795732,1.0,0.0,43.0,5.0,0.0,796.047607,0.0,18380.0,75.590912,12.0
5.512749,3.809352,64256.0,1.0,4.462701,0.18526,1.0,3.0,0.0,0.0,6.976744,34983.378906,2709.122314,0.0,64.0,0.0,1365.0,0.0,1721542656.0,31872.0,0.18526,0.0,32274.255859,3.809352,3.809352,62.0,0.0,22.0,0.0,18.0,-0.0,0.0,0.0,16099.0,0.0,3.809352,3.809352,10.237962,0.0,0.0,40.0,2.0,0.0,731.772705,0.0,17464.0,75.833336,12.0
2.800091,4.999837,64256.0,0.0,3.200104,0.32182,0.0,3.0,0.0,0.0,8.571429,18866.214844,2092.868164,1.0,64.0,0.0,1389.0,0.000514,1721542656.0,31872.0,0.322334,0.0,16773.347656,4.999837,4.999837,62.0,0.0,15.0,0.0,17.0,-0.0,0.0,0.0,11231.0,1.0,4.999837,4.999837,6.200202,1.0,0.0,32.0,3.0,0.0,748.733337,0.0,12620.0,81.705879,12.0
3.278622,1.525031,64256.0,0.0,5.245795,0.32182,0.0,1.0,0.0,1.0,6.25,25683.412109,2890.433105,0.0,64.0,0.0,619.0,0.000514,1721542656.0,31872.0,0.322334,0.0,22792.980469,1.525031,1.525031,62.0,0.0,6.0,0.0,9.0,-0.0,1.0,0.0,5214.0,1.0,1.525031,1.525031,9.180141,1.0,0.0,15.0,1.0,0.0,869.0,0.0,5833.0,68.777779,12.0
0.418131,2.391594,64256.0,0.0,1.254394,0.185536,0.0,2.0,0.0,0.0,25.0,1247.703491,1013.549988,0.0,64.0,0.0,404.0,0.0,1721542656.0,31872.0,0.185536,0.0,234.153458,2.391594,2.391594,62.0,0.0,2.0,0.0,4.0,-0.0,0.0,0.0,140.0,0.0,2.391594,2.391594,2.090656,1.0,0.0,6.0,2.0,0.0,70.0,0.0,544.0,101.0,12.0
1.764482,3.96717,64256.0,0.0,1.512413,0.185536,0.0,0.0,0.0,0.0,0.0,9715.742188,957.861633,0.0,64.0,1.0,554.0,0.0,1721542656.0,31872.0,0.185536,0.0,8757.879883,3.96717,3.96717,62.0,0.0,8.0,0.0,7.0,-0.0,1.0,0.0,4963.0,0.0,3.96717,3.96717,3.528964,0.0,0.0,15.0,0.0,0.0,620.375,0.0,5517.0,79.14286,12.0
0.0,0.000496,64256.0,0.0,0.0,0.185536,0.0,0.0,0.0,0.0,0.0,0.0,0.0,0.0,64.0,0.0,78.0,0.0,1721542656.0,31872.0,0.185536,0.0,0.0,0.000496,0.000496,62.0,0.0,1.0,0.0,1.0,-0.0,1.0,0.0,1514.0,1.0,0.000496,0.000496,2016.129028,0.0,0.0,2.0,0.0,0.0,1514.0,0.0,1592.0,78.0,12.0
0.0,0.00109,64256.0,0.0,0.0,0.185536,0.0,0.0,0.0,0.0,0.0,0.0,0.0,0.0,64.0,0.0,78.0,0.0,1721542656.0,31872.0,0.185536,0.0,0.0,0.00109,0.00109,62.0,0.0,1.0,0.0,1.0,-0.0,1.0,0.0,1514.0,1.0,0.00109,0.00109,917.431152,0.0,0.0,2.0,0.0,0.0,1514.0,0.0,1592.0,78.0,12.0
31.772158,0.314741,64256.0,4.0,28.594942,0.185536,0.0,4.0,0.0,1.0,16.0,321432.5625,16318.179688,0.0,64.0,0.0,713.0,0.0,1721542656.0,31872.0,0.185536,0.0,305114.375,0.314741,0.314741,62.0,0.0,11.0,0.0,10.0,-0.0,1.0,0.0,13204.0,1.0,0.314741,0.314741,63.544315,0.0,0.0,21.0,0.0,0.0,1200.363647,0.0,13917.0,71.300003,12.0
12.050003,1.576763,64256.0,0.0,9.513161,0.167984,0.0,0.0,0.0,0.0,0.0,88789.5,5789.075195,0.0,64.0,0.0,1217.0,0.001483,1721542656.0,31872.0,0.169467,0.0,83000.421875,1.576763,1.576763,62.0,0.0,20.0,0.0,16.0,-0.0,0.0,0.0,17219.0,0.0,1.576763,1.576763,22.197374,0.0,0.0,36.0,0.0,0.0,860.950012,0.0,18436.0,76.0625,12.0
10.226502,2.053488,64256.0,0.0,11.687431,0.166967,0.0,1.0,0.0,0.0,2.083333,73112.671875,6957.91748,0.0,64.0,0.0,1860.0,0.000504,1721542656.0,31872.0,0.167471,0.0,66154.757812,2.053488,2.053488,62.0,0.0,22.0,0.0,25.0,-0.0,0.0,0.0,17789.0,1.0,2.053488,2.053488,22.400909,1.0,0.0,47.0,1.0,0.0,808.590881,0.0,19649.0,74.400002,12.0
10.652655,2.065213,64256.0,0.0,8.231597,0.182436,0.0,0.0,0.0,0.0,0.0,72697.585938,4938.958008,0.0,64.0,0.0,1349.0,0.002228,1721542656.0,31872.0,0.184664,0.0,67758.632812,2.065213,2.065213,62.0,0.0,23.0,0.0,18.0,-0.0,0.0,0.0,18287.0,0.0,2.065213,2.065213,19.368464,0.0,0.0,41.0,0.0,0.0,795.086975,0.0,19636.0,74.944443,12.0
36.173626,0.552889,64256.0,0.0,28.938902,0.060808,0.0,0.0,0.0,0.0,0.0,273790.9375,17479.095703,0.0,64.0,0.0,1283.0,0.0,1721542656.0,31872.0,0.060808,0.0,256311.84375,0.552889,0.552889,62.0,0.0,21.0,0.0,17.0,-0.0,0.0,0.0,18599.0,0.0,0.552889,0.552889,66.921211,0.0,0.0,38.0,0.0,0.0,885.666687,0.0,19882.0,75.470589,12.0
12.531635,1.755557,64256.0,0.0,14.810115,0.061875,0.0,2.0,0.0,0.0,3.846154,92410.5625,8776.702148,0.0,64.0,0.0,2000.0,0.00051,1721542656.0,31872.0,0.062385,0.0,83633.859375,1.755557,1.755557,62.0,0.0,23.0,0.0,27.0,-0.0,0.0,0.0,19187.0,1.0,1.755557,1.755557,27.911371,1.0,0.0,50.0,2.0,0.0,834.217407,0.0,21187.0,74.074074,12.0
33.943783,0.61867,64256.0,0.0,29.094671,0.061692,0.0,0.0,0.0,0.0,0.0,258916.71875,17340.423828,0.0,64.0,0.0,1415.0,0.00049,1721542656.0,31872.0,0.062182,0.0,241576.296875,0.61867,0.61867,62.0,0.0,22.0,0.0,19.0,-0.0,0.0,0.0,19571.0,0.0,0.61867,0.61867,64.654823,0.0,0.0,41.0,0.0,0.0,889.590881,0.0,20986.0,74.473686,12.0
13.735733,1.528859,64256.0,0.0,10.465321,0.183252,0.0,0.0,0.0,0.0,0.0,106385.21875,6321.053711,0.0,64.0,0.0,1283.0,0.001064,1721542656.0,31872.0,0.184316,0.0,100064.164062,1.528859,1.528859,62.0,0.0,22.0,0.0,17.0,-0.0,0.0,0.0,20033.0,0.0,1.528859,1.528859,24.855137,0.0,0.0,39.0,0.0,0.0,910.590881,0.0,21316.0,75.470589,12.0
11.647292,1.974708,64256.0,0.0,9.115272,0.168195,0.0,0.0,0.0,0.0,0.0,85541.765625,5432.702148,0.0,64.0,0.0,1415.0,0.000992,1721542656.0,31872.0,0.169187,0.0,80109.0625,1.974708,1.974708,62.0,0.0,24.0,0.0,19.0,-0.0,0.0,0.0,20633.0,0.0,1.974708,1.974708,21.268969,0.0,0.0,43.0,0.0,0.0,859.708313,0.0,22048.0,74.473686,12.0
11.656343,2.144755,64256.0,0.0,9.325075,0.152285,0.0,2.0,0.0,0.0,4.081633,81814.476562,5572.664551,0.0,64.0,0.0,1568.0,0.000983,1721542656.0,31872.0,0.153268,0.0,76241.8125,2.144755,2.144755,62.0,0.0,26.0,0.0,21.0,-0.0,0.0,0.0,21257.0,1.0,2.144755,2.144755,21.447672,1.0,0.0,47.0,2.0,0.0,817.576904,0.0,22825.0,74.666664,12.0
22.178873,0.991935,64256.0,0.0,17.13822,0.06044,0.0,0.0,0.0,0.0,0.0,176309.9375,10282.931641,0.0,64.0,0.0,1349.0,0.001223,1721542656.0,31872.0,0.061663,0.0,166027.0,0.991935,0.991935,62.0,0.0,23.0,0.0,18.0,-0.0,0.0,0.0,21521.0,0.0,0.991935,0.991935,40.325222,0.0,0.0,41.0,0.0,0.0,935.695679,0.0,22870.0,74.944443,12.0
5.297799,4.718941,64256.0,0.0,4.026327,0.292683,0.0,0.0,0.0,0.0,0.0,38581.535156,2385.280762,0.0,64.0,0.0,1481.0,0.000999,1721542656.0,31872.0,0.293682,0.0,36196.253906,4.718941,4.718941,62.0,0.0,26.0,0.0,20.0,-0.0,0.0,0.0,22205.0,0.0,4.718941,4.718941,9.536037,0.0,0.0,46.0,0.0,0.0,854.038452,0.0,23686.0,74.050003,12.0
8.800921,1.704367,64256.0,0.0,6.454009,0.275604,0.0,0.0,0.0,0.0,0.0,66459.859375,4027.301514,1.0,64.0,0.0,936.0,0.000572,1721542656.0,31872.0,0.276176,0.0,62432.5625,1.704367,1.704367,62.0,0.0,16.0,0.0,12.0,-0.0,0.0,0.0,14187.0,0.0,1.704367,1.704367,15.841659,0.0,0.0,28.0,0.0,0.0,886.6875,0.0,15123.0,78.0,12.0
0.0,0.0,64256.0,0.0,0.0,0.292683,0.0,0.0,0.0,0.0,0.0,0.0,0.0,0.0,64.0,0.0,66.0,0.000999,1721542656.0,31872.0,0.293682,0.0,0.0,0.0,0.0,62.0,0.0,1.0,0.0,1.0,-0.0,1.0,0.0,66.0,0.0,0.0,0.0,0.0,0.0,0.0,2.0,0.0,0.0,66.0,0.0,132.0,66.0,12.0
0.0,0.000671,64256.0,0.0,0.0,0.275604,0.0,0.0,0.0,0.0,0.0,0.0,0.0,0.0,64.0,0.0,66.0,0.000572,1721542656.0,31872.0,0.276176,0.0,0.0,0.000671,0.000671,62.0,0.0,1.0,0.0,1.0,-0.0,1.0,0.0,1514.0,0.0,0.000671,0.000671,1490.312988,0.0,0.0,2.0,0.0,0.0,1514.0,0.0,1580.0,66.0,12.0
28.27883,0.247535,64256.0,0.0,36.358494,0.275604,0.0,0.0,0.0,1.0,0.0,256998.0,20069.888672,0.0,64.0,0.0,689.0,0.000572,1721542656.0,31872.0,0.276176,0.0,236928.109375,0.247535,0.247535,62.0,0.0,8.0,0.0,10.0,-0.0,1.0,0.0,8378.0,1.0,0.247535,0.247535,68.677155,0.0,0.0,18.0,0.0,0.0,1047.25,0.0,9067.0,68.900002,12.0
43.869267,0.524285,64256.0,0.0,32.42511,0.045841,0.0,0.0,0.0,0.0,0.0,356722.0,19455.066406,0.0,64.0,0.0,1349.0,0.000502,1721542656.0,31872.0,0.046343,0.0,337266.9375,0.524285,0.524285,62.0,0.0,24.0,0.0,18.0,-0.0,0.0,0.0,23063.0,0.0,0.524285,0.524285,78.201736,0.0,0.0,42.0,0.0,0.0,960.958313,0.0,24412.0,74.944443,12.0
6.20971,3.703877,64256.0,0.0,4.859773,0.229527,0.0,2.0,0.0,0.0,4.444444,51757.660156,2918.023438,1.0,64.0,0.0,1426.0,0.001768,1721542656.0,31872.0,0.231295,0.0,48839.636719,3.703877,3.703877,62.0,0.0,24.0,0.0,19.0,-0.0,0.0,0.0,23595.0,1.0,3.703877,3.703877,11.33947,1.0,0.0,43.0,2.0,0.0,983.125,0.0,25021.0,75.052635,12.0
0.991521,3.025654,64256.0,0.0,1.983042,0.229527,0.0,1.0,0.0,1.0,8.333333,4539.844727,1131.656128,0.0,64.0,0.0,499.0,0.001768,1721542656.0,31872.0,0.231295,0.0,3408.188721,3.025654,3.025654,62.0,0.0,4.0,0.0,7.0,-0.0,1.0,0.0,1718.0,1.0,3.025654,3.025654,3.30507,1.0,0.0,11.0,1.0,0.0,429.5,0.0,2217.0,71.285713,12.0
8.079891,2.970337,64256.0,0.0,6.396581,0.214438,0.0,1.0,0.0,0.0,2.173913,66327.828125,3902.587646,0.0,64.0,0.0,1525.0,0.000985,1721542656.0,31872.0,0.215423,0.0,62425.242188,2.970337,2.970337,62.0,0.0,25.0,0.0,20.0,-0.0,0.0,0.0,24143.0,0.0,2.970337,2.970337,14.813134,1.0,0.0,45.0,1.0,0.0,965.719971,0.0,25668.0,76.25,12.0
12.427011,1.931277,64256.0,2.0,10.355842,0.167599,0.0,2.0,0.0,0.0,4.166667,104403.460938,6341.91748,0.0,64.0,0.0,1607.0,0.001517,1721542656.0,31872.0,0.169116,0.0,98061.539062,1.931277,1.931277,62.0,0.0,25.0,0.0,21.0,-0.0,0.0,0.0,24659.0,1.0,1.931277,1.931277,23.300644,0.0,0.0,46.0,0.0,0.0,986.359985,0.0,26266.0,76.523811,12.0
5.439584,4.963615,64256.0,0.0,5.439584,0.169108,0.0,3.0,0.0,0.0,5.084746,47143.0625,3197.669434,0.0,64.0,0.0,2057.0,0.000487,1721542656.0,31872.0,0.169595,0.0,43945.390625,4.963615,4.963615,62.0,0.0,28.0,0.0,28.0,-0.0,0.0,0.0,28275.0,1.0,4.963615,4.963615,11.080634,1.0,0.0,56.0,3.0,0.0,1009.821411,0.0,30332.0,73.464287,12.0
7.540491,3.713286,64256.0,0.0,6.463278,0.167805,0.0,1.0,0.0,0.0,1.818182,63865.804688,3813.334229,0.0,64.0,0.0,1843.0,0.001855,1721542656.0,31872.0,0.16966,0.0,60052.472656,3.713286,3.713286,62.0,0.0,29.0,0.0,25.0,-0.0,0.0,0.0,28869.0,1.0,3.713286,3.713286,14.273072,1.0,0.0,54.0,1.0,0.0,995.482788,0.0,30712.0,73.720001,12.0
9.479657,2.637226,64256.0,0.0,6.825353,0.260677,0.0,0.0,0.0,0.0,0.0,80809.148438,4067.910645,0.0,64.0,0.0,1415.0,0.000544,1721542656.0,31872.0,0.261221,0.0,76741.242188,2.637226,2.637226,62.0,0.0,26.0,0.0,19.0,-0.0,0.0,0.0,26309.0,0.0,2.637226,2.637226,16.684196,0.0,0.0,45.0,0.0,0.0,1011.884644,0.0,27724.0,74.473686,12.0
3.402935,4.995687,64256.0,1.0,2.802417,0.207369,1.0,4.0,0.0,0.0,10.810811,25633.310547,1774.330566,1.0,64.0,0.0,1187.0,0.037487,1721542656.0,31872.0,0.244856,0.0,23858.980469,4.995687,4.995687,62.0,0.0,18.0,0.0,15.0,-0.0,0.0,0.0,15775.0,0.0,4.995687,4.995687,6.405525,0.0,0.0,33.0,3.0,0.0,876.388916,0.0,16962.0,79.133331,12.0
17.063036,0.527456,64256.0,0.0,13.27125,0.207369,0.0,0.0,0.0,1.0,0.0,160316.6875,7234.727051,0.0,64.0,0.0,545.0,0.037487,1721542656.0,31872.0,0.244856,0.0,153081.96875,0.527456,0.527456,62.0,0.0,10.0,0.0,8.0,-0.0,1.0,0.0,11214.0,0.0,0.527456,0.527456,32.230179,0.0,0.0,18.0,0.0,0.0,1121.400024,0.0,11759.0,68.125,12.0
1.930909,3.107345,64256.0,0.0,2.574545,0.3647,0.0,2.0,0.0,0.0,11.111111,2981.323242,1678.603394,1.0,64.0,0.0,733.0,0.002975,1721542656.0,31872.0,0.367675,0.0,1302.719849,3.107345,3.107345,62.0,0.0,7.0,0.0,9.0,-0.0,0.0,0.0,590.0,1.0,3.107345,3.107345,4.827272,1.0,0.0,16.0,2.0,0.0,84.285713,0.0,1323.0,81.444443,12.0
13.556573,1.549064,64256.0,1.0,12.911022,0.3647,0.0,1.0,0.0,1.0,2.272727,140792.109375,7338.625,0.0,64.0,0.0,1492.0,0.002975,1721542656.0,31872.0,0.367675,0.0,133453.484375,1.549064,1.549064,62.0,0.0,22.0,0.0,21.0,-0.0,1.0,0.0,27071.0,1.0,1.549064,1.549064,27.113146,0.0,0.0,43.0,0.0,0.0,1230.5,0.0,28563.0,71.047623,12.0
39.715405,0.679837,64256.0,0.0,27.947876,0.078507,0.0,0.0,0.0,0.0,0.0,335186.21875,16556.910156,0.0,64.0,0.0,1481.0,0.003025,1721542656.0,31872.0,0.081532,0.0,318629.3125,0.679837,0.679837,62.0,0.0,28.0,0.0,20.0,-0.0,0.0,0.0,28079.0,0.0,0.679837,0.679837,69.134216,0.0,0.0,48.0,0.0,0.0,1002.821411,0.0,29560.0,74.050003,12.0
1.411818,4.958147,64256.0,2.0,1.815194,0.162993,1.0,7.0,0.0,0.0,28.0,2015.269043,1161.724365,1.0,64.0,0.0,799.0,0.020569,1721542656.0,31872.0,0.183562,0.0,853.544678,4.958147,4.958147,62.0,0.0,8.0,0.0,10.0,-0.0,0.0,0.0,604.0,0.0,4.958147,4.958147,3.4287,0.0,0.0,18.0,5.0,0.0,75.5,0.0,1403.0,79.900002,12.0
0.0,4.484281,64256.0,0.0,0.446002,0.162993,0.0,1.0,0.0,0.0,20.0,269.385437,269.385437,0.0,64.0,1.0,226.0,0.020569,1721542656.0,31872.0,0.183562,0.0,0.0,4.484281,4.484281,62.0,0.0,1.0,0.0,3.0,-0.0,1.0,0.0,100.0,1.0,4.484281,4.484281,0.669004,1.0,0.0,4.0,1.0,0.0,100.0,0.0,326.0,75.333336,12.0
4.938528,1.619916,64256.0,0.0,4.938528,0.162993,0.0,1.0,0.0,0.0,5.263158,50279.152344,3002.625,0.0,64.0,1.0,684.0,0.020569,1721542656.0,31872.0,0.183562,0.0,47276.527344,1.619916,1.619916,62.0,0.0,9.0,0.0,9.0,-0.0,1.0,0.0,10769.0,1.0,1.619916,1.619916,10.494371,1.0,0.0,18.0,1.0,0.0,1196.555542,0.0,11453.0,76.0,12.0
3.353822,3.876175,64256.0,0.0,3.611808,0.162993,0.0,2.0,0.0,1.0,6.451613,35467.957031,1971.015259,0.0,64.0,0.0,1023.0,0.020569,1721542656.0,31872.0,0.183562,0.0,33496.941406,3.876175,3.876175,62.0,0.0,14.0,0.0,15.0,-0.0,1.0,0.0,17478.0,1.0,3.876175,3.876175,7.223616,1.0,0.0,29.0,2.0,0.0,1248.428589,0.0,18501.0,68.199997,12.0
7.280528,3.845875,64256.0,0.0,5.980433,0.316093,0.0,1.0,0.0,0.0,1.851852,64678.128906,3519.615234,0.0,64.0,0.0,1765.0,0.042491,1721542656.0,31872.0,0.358584,0.0,61158.511719,3.845875,3.845875,62.0,0.0,29.0,0.0,24.0,-0.0,0.0,0.0,30451.0,1.0,3.845875,3.845875,13.52098,1.0,0.0,53.0,1.0,0.0,1050.034424,0.0,32216.0,73.541664,12.0
6.030129,4.809184,64256.0,1.0,4.574581,0.140091,1.0,4.0,0.0,0.0,7.017544,50854.363281,2756.392822,0.0,64.0,0.0,1732.0,0.067552,1721542656.0,31872.0,0.207643,0.0,48097.972656,4.809184,4.809184,62.0,0.0,30.0,0.0,23.0,-0.0,0.0,0.0,29911.0,0.0,4.809184,4.809184,10.812645,0.0,0.0,53.0,3.0,0.0,997.033325,0.0,31643.0,75.304344,12.0
43.018551,0.650882,64256.0,0.0,30.727535,0.046309,0.0,0.0,0.0,0.0,0.0,379042.59375,18116.955078,0.0,64.0,0.0,1547.0,0.000994,1721542656.0,31872.0,0.047303,0.0,360925.625,0.650882,0.650882,62.0,0.0,29.0,0.0,21.0,-0.0,0.0,0.0,30413.0,0.0,0.650882,0.650882,75.282463,0.0,0.0,50.0,0.0,0.0,1048.724121,0.0,31960.0,73.666664,12.0
0.654761,4.581821,64256.0,2.0,1.091269,0.350568,1.0,6.0,0.0,0.0,37.5,1127.935791,750.793213,0.0,64.0,0.0,516.0,0.006018,1721542656.0,31872.0,0.356586,0.0,377.142639,4.581821,4.581821,62.0,0.0,4.0,0.0,6.0,-0.0,0.0,0.0,288.0,0.0,4.581821,4.581821,1.964285,0.0,0.0,10.0,4.0,0.0,72.0,0.0,804.0,86.0,12.0
7.557574,3.572575,64256.0,0.0,5.598203,0.350568,0.0,1.0,0.0,1.0,2.0,70145.484375,3376.835938,0.0,64.0,0.0,1583.0,0.006018,1721542656.0,31872.0,0.356586,0.0,66768.648438,3.572575,3.572575,62.0,0.0,28.0,0.0,21.0,-0.0,1.0,0.0,30921.0,0.0,3.572575,3.572575,13.435687,1.0,0.0,49.0,1.0,0.0,1104.321411,0.0,32504.0,75.380951,12.0
43.054813,0.67356,64256.0,0.0,29.692974,0.059547,0.0,0.0,0.0,0.0,0.0,380889.625,17506.976562,0.0,64.0,0.0,1547.0,0.00149,1721542656.0,31872.0,0.061037,0.0,363382.625,0.67356,0.67356,62.0,0.0,30.0,0.0,21.0,-0.0,0.0,0.0,31649.0,0.0,0.67356,0.67356,74.232437,0.0,0.0,51.0,0.0,0.0,1054.966675,0.0,33196.0,73.666664,12.0
61.462555,0.471832,64256.0,0.0,42.387966,0.047357,0.0,0.0,0.0,0.0,0.0,553468.1875,24991.945312,0.0,64.0,0.0,1547.0,0.000496,1721542656.0,31872.0,0.047853,0.0,528476.25,0.471832,0.471832,62.0,0.0,30.0,0.0,21.0,-0.0,0.0,0.0,32243.0,0.0,0.471832,0.471832,105.969917,0.0,0.0,51.0,0.0,0.0,1074.766724,0.0,33790.0,73.666664,12.0
0.648441,3.084322,8222720.0,2.0,0.972661,0.0,1.0,5.0,0.0,0.0,41.666667,959.692261,575.815369,0.0,64.0,0.0,296.0,0.009557,1721542656.0,4077568.0,0.009557,0.0,383.876923,3.084322,3.084322,62.0,0.0,3.0,0.0,4.0,-0.0,0.0,0.0,222.0,0.0,3.084322,3.084322,1.945322,0.0,0.0,7.0,3.0,0.0,74.0,0.0,518.0,74.0,12.0
0.0,2.070471,8222720.0,1.0,0.482982,0.0,1.0,3.0,0.0,0.0,50.0,285.925262,285.925262,0.0,64.0,0.0,148.0,0.009557,1721542656.0,4077568.0,0.009557,0.0,0.0,2.070471,2.070471,62.0,0.0,1.0,0.0,2.0,-0.0,1.0,0.0,74.0,0.0,2.070471,2.070471,0.965964,0.0,0.0,3.0,2.0,0.0,74.0,0.0,222.0,74.0,12.0
5.779891,4.671368,64256.0,0.0,5.137681,0.218785,0.0,5.0,0.0,0.0,8.62069,57178.964844,3181.937256,0.0,64.0,0.0,1935.0,0.009557,1721542656.0,31872.0,0.228342,0.0,53997.027344,4.671368,4.671368,62.0,0.0,28.0,0.0,25.0,-0.0,1.0,0.0,32697.0,0.0,4.671368,4.671368,11.131642,1.0,0.0,53.0,5.0,0.0,1167.75,0.0,34632.0,77.400002,12.0
3.226629,0.309921,64256.0,0.0,6.453258,0.218785,0.0,0.0,0.0,1.0,0.0,5343.297363,3562.198242,0.0,64.0,0.0,207.0,0.009557,1721542656.0,31872.0,0.228342,0.0,1781.099121,0.309921,0.309921,62.0,0.0,2.0,0.0,3.0,-0.0,1.0,0.0,138.0,0.0,0.309921,0.309921,12.906515,0.0,0.0,5.0,0.0,0.0,69.0,0.0,345.0,69.0,12.0
3.253654,4.610201,64256.0,0.0,3.036744,0.081693,0.0,4.0,0.0,0.0,11.428571,4747.732422,2025.074463,0.0,64.0,0.0,1250.0,0.011228,1721542656.0,31872.0,0.092921,0.0,2722.657959,4.610201,4.610201,62.0,0.0,16.0,0.0,15.0,-0.0,0.0,0.0,1673.0,1.0,4.610201,4.610201,6.507308,1.0,0.0,31.0,4.0,0.0,104.5625,0.0,2923.0,83.333336,13.0
11.575226,0.863914,64256.0,0.0,15.047794,0.044231,0.0,0.0,0.0,0.0,0.0,20446.478516,9334.262695,0.0,64.0,0.0,1085.0,0.001727,1721542656.0,31872.0,0.045958,0.0,11112.216797,0.863914,0.863914,62.0,0.0,11.0,0.0,14.0,-0.0,0.0,0.0,1319.0,1.0,0.863914,0.863914,27.780542,0.0,0.0,25.0,0.0,0.0,119.909088,0.0,2404.0,77.5,13.0
1.648065,2.427089,64256.0,0.0,2.060081,0.353974,0.0,1.0,0.0,0.0,8.333333,2412.766846,1384.374512,1.0,64.0,0.0,503.0,0.003846,1721542656.0,31872.0,0.35782,0.0,1028.392456,2.427089,2.427089,62.0,0.0,5.0,0.0,6.0,-0.0,0.0,0.0,390.0,0.0,2.427089,2.427089,4.120162,1.0,0.0,11.0,1.0,0.0,78.0,0.0,893.0,83.833336,13.0
0.0,0.0,64256.0,0.0,0.0,0.353974,0.0,0.0,0.0,0.0,0.0,0.0,0.0,0.0,64.0,0.0,74.0,0.003846,1721542656.0,31872.0,0.35782,0.0,0.0,0.0,0.0,62.0,1.0,1.0,0.0,1.0,-0.0,1.0,0.0,78.0,1.0,0.0,0.0,0.0,0.0,0.0,2.0,0.0,0.0,78.0,0.0,152.0,74.0,13.0
1.291686,3.870909,64256.0,0.0,1.291686,0.353974,0.0,0.0,0.0,0.0,0.0,2422.170166,789.478638,0.0,64.0,0.0,458.0,0.003846,1721542656.0,31872.0,0.35782,0.0,1632.691406,3.870909,3.870909,62.0,0.0,6.0,0.0,6.0,-0.0,1.0,0.0,947.0,1.0,3.870909,3.870909,2.84171,0.0,0.0,12.0,0.0,0.0,157.833328,0.0,1405.0,76.333336,13.0
0.0,0.03317,64256.0,0.0,0.0,0.353974,0.0,0.0,0.0,0.0,0.0,0.0,0.0,0.0,64.0,0.0,66.0,0.003846,1721542656.0,31872.0,0.35782,0.0,0.0,0.03317,0.03317,62.0,0.0,1.0,0.0,1.0,-0.0,1.0,0.0,66.0,1.0,0.03317,0.03317,30.147724,0.0,0.0,2.0,0.0,0.0,66.0,0.0,132.0,66.0,13.0
18.130831,0.496392,64256.0,0.0,20.145369,0.060901,0.0,0.0,0.0,0.0,0.0,31620.169922,13005.849609,0.0,64.0,0.0,887.0,0.000993,1721542656.0,31872.0,0.061894,0.0,18614.320312,0.496392,0.496392,62.0,0.0,10.0,0.0,11.0,-0.0,0.0,0.0,1283.0,0.0,0.496392,0.496392,40.290737,0.0,0.0,21.0,0.0,0.0,128.300003,0.0,2170.0,80.63636,13.0
2.261667,4.863669,64256.0,0.0,2.672879,0.176373,0.0,3.0,0.0,0.0,10.344828,4077.580078,1843.875488,0.0,64.0,0.0,1207.0,0.008441,1721542656.0,31872.0,0.184814,0.0,2233.70459,4.863669,4.863669,62.0,0.0,12.0,0.0,14.0,-0.0,0.0,0.0,1481.0,1.0,4.863669,4.863669,5.140152,1.0,0.0,26.0,3.0,0.0,123.416664,0.0,2688.0,86.214287,13.0
0.0,0.001977,64256.0,0.0,0.0,0.176373,0.0,0.0,0.0,0.0,0.0,0.0,0.0,0.0,64.0,0.0,66.0,0.008441,1721542656.0,31872.0,0.184814,0.0,0.0,0.001977,0.001977,62.0,0.0,1.0,0.0,1.0,-0.0,1.0,0.0,66.0,1.0,0.001977,0.001977,505.816925,0.0,0.0,2.0,0.0,0.0,66.0,0.0,132.0,66.0,13.0
0.484212,4.130424,64256.0,0.0,0.726318,0.266828,0.0,2.0,0.0,0.0,22.222222,817.349487,534.569824,0.0,64.0,0.0,368.0,0.001001,1721542656.0,31872.0,0.267829,0.0,282.779694,4.130424,4.130424,62.0,0.0,3.0,0.0,4.0,-0.0,0.0,0.0,218.0,1.0,4.130424,4.130424,1.452635,1.0,0.0,7.0,2.0,0.0,72.666664,0.0,586.0,92.0,13.0
16.055782,0.43598,64256.0,0.0,18.349466,0.266828,0.0,0.0,0.0,1.0,0.0,30882.150391,11468.416016,0.0,64.0,0.0,703.0,0.001001,1721542656.0,31872.0,0.267829,0.0,19413.734375,0.43598,0.43598,62.0,0.0,8.0,0.0,9.0,-0.0,1.0,0.0,1209.0,1.0,0.43598,0.43598,36.698933,0.0,0.0,17.0,0.0,0.0,151.125,0.0,1912.0,78.111115,13.0
0.242894,4.117026,64256.0,0.0,0.728681,0.193778,0.0,2.0,0.0,0.0,25.0,672.330017,536.309509,0.0,64.0,0.0,368.0,0.007166,1721542656.0,31872.0,0.200944,0.0,136.020523,4.117026,4.117026,62.0,0.0,2.0,0.0,4.0,-0.0,0.0,0.0,140.0,0.0,4.117026,4.117026,1.214469,1.0,0.0,6.0,2.0,0.0,70.0,0.0,508.0,92.0,13.0
13.812018,0.506805,64256.0,0.0,19.731455,0.193778,0.0,0.0,0.0,1.0,0.0,29281.478516,11996.724609,0.0,64.0,0.0,835.0,0.007166,1721542656.0,31872.0,0.200944,0.0,17284.753906,0.506805,0.506805,62.0,0.0,8.0,0.0,11.0,-0.0,1.0,0.0,1251.0,0.0,0.506805,0.506805,35.516617,0.0,0.0,19.0,0.0,0.0,156.375,0.0,2086.0,75.909088,13.0
7.388512,1.624143,64256.0,0.0,7.388512,0.045566,0.0,1.0,0.0,0.0,3.703704,12225.524414,4669.539551,0.0,64.0,0.0,1027.0,0.002076,1721542656.0,31872.0,0.047642,0.0,7555.984863,1.624143,1.624143,62.0,0.0,13.0,0.0,13.0,-0.0,0.0,0.0,1661.0,1.0,1.624143,1.624143,15.392734,1.0,0.0,26.0,1.0,0.0,127.769234,0.0,2688.0,79.0,13.0
16.677168,0.53966,64256.0,0.0,22.236223,0.06,0.0,0.0,0.0,0.0,0.0,33873.179688,13949.524414,0.0,64.0,0.0,1019.0,0.000994,1721542656.0,31872.0,0.060994,0.0,19923.65625,0.53966,0.53966,62.0,0.0,10.0,0.0,13.0,-0.0,0.0,0.0,1493.0,0.0,0.53966,0.53966,40.766411,0.0,0.0,23.0,0.0,0.0,149.300003,0.0,2512.0,78.384613,13.0
5.271034,2.276593,64256.0,0.0,5.271034,0.044923,0.0,1.0,0.0,0.0,3.703704,9185.65625,3426.172363,0.0,64.0,0.0,1056.0,0.001,1721542656.0,31872.0,0.045923,0.0,5759.483887,2.276593,2.276593,62.0,0.0,13.0,0.0,13.0,-0.0,0.0,0.0,1775.0,1.0,2.276593,2.276593,10.981321,1.0,0.0,26.0,1.0,0.0,136.538467,0.0,2831.0,81.230766,13.0
14.084198,0.639014,64256.0,0.0,18.778931,0.030426,0.0,0.0,0.0,0.0,0.0,30033.771484,11780.649414,0.0,64.0,0.0,1019.0,0.001704,1721542656.0,31872.0,0.03213,0.0,18253.121094,0.639014,0.639014,62.0,0.0,10.0,0.0,13.0,-0.0,0.0,0.0,1619.0,0.0,0.639014,0.639014,34.42804,0.0,0.0,23.0,0.0,0.0,161.899994,0.0,2638.0,78.384613,13.0
2.698031,2.223844,64256.0,0.0,3.147703,0.22583,0.0,2.0,0.0,0.0,11.764706,3798.827637,2050.503418,1.0,64.0,0.0,651.0,0.003467,1721542656.0,31872.0,0.229297,0.0,1748.323975,2.223844,2.223844,62.0,0.0,7.0,0.0,8.0,-0.0,0.0,0.0,567.0,1.0,2.223844,2.223844,6.295405,1.0,0.0,15.0,2.0,0.0,81.0,0.0,1218.0,81.375,13.0
17.1749,0.232898,64256.0,0.0,25.762352,0.22583,0.0,0.0,0.0,1.0,0.0,50082.011719,15216.961914,0.0,64.0,0.0,516.0,0.003467,1721542656.0,31872.0,0.229297,0.0,34865.046875,0.232898,0.232898,62.0,0.0,5.0,0.0,7.0,-0.0,1.0,0.0,1268.0,1.0,0.232898,0.232898,47.230976,0.0,0.0,12.0,0.0,0.0,253.600006,0.0,1784.0,73.714287,13.0
0.841878,3.563461,64256.0,0.0,1.40313,0.224886,0.0,2.0,0.0,0.0,16.666667,1432.315308,942.903503,1.0,64.0,0.0,503.0,0.003668,1721542656.0,31872.0,0.228554,0.0,489.411835,3.563461,3.563461,62.0,0.0,4.0,0.0,6.0,-0.0,0.0,0.0,290.0,0.0,3.563461,3.563461,2.525635,1.0,0.0,10.0,2.0,0.0,72.5,0.0,793.0,83.833336,13.0
1.979536,2.525844,64256.0,0.0,2.375443,0.224886,0.0,0.0,0.0,1.0,0.0,5349.499023,1444.269653,0.0,64.0,0.0,532.0,0.003668,1721542656.0,31872.0,0.228554,0.0,3905.229248,2.525844,2.525844,62.0,0.0,6.0,0.0,7.0,-0.0,1.0,0.0,1479.0,0.0,2.525844,2.525844,4.750887,0.0,0.0,13.0,0.0,0.0,246.5,0.0,2011.0,76.0,13.0
19.948709,0.451157,64256.0,0.0,26.59828,0.044962,0.0,0.0,0.0,0.0,0.0,46263.273438,16685.986328,0.0,64.0,0.0,1019.0,0.000576,1721542656.0,31872.0,0.045538,0.0,29577.287109,0.451157,0.451157,62.0,0.0,10.0,0.0,13.0,-0.0,0.0,0.0,1853.0,0.0,0.451157,0.451157,48.763512,0.0,0.0,23.0,0.0,0.0,185.300003,0.0,2872.0,78.384613,13.0
16.27257,0.553078,64256.0,0.0,21.696758,0.044091,0.0,0.0,0.0,0.0,0.0,38909.519531,13611.100586,0.0,64.0,0.0,1019.0,0.000955,1721542656.0,31872.0,0.045046,0.0,25298.421875,0.553078,0.553078,62.0,0.0,10.0,0.0,13.0,-0.0,0.0,0.0,1943.0,0.0,0.553078,0.553078,39.777393,0.0,0.0,23.0,0.0,0.0,194.300003,0.0,2962.0,78.384613,13.0
5.690238,2.108875,64256.0,0.0,5.690238,0.044342,0.0,1.0,0.0,0.0,3.703704,11517.041016,3596.230225,0.0,64.0,0.0,1027.0,0.001554,1721542656.0,31872.0,0.045896,0.0,7920.810547,2.108875,2.108875,62.0,0.0,13.0,0.0,13.0,-0.0,0.0,0.0,2261.0,1.0,2.108875,2.108875,11.854662,1.0,0.0,26.0,1.0,0.0,173.92308,0.0,3288.0,79.0,13.0
1.016222,4.920185,64256.0,0.0,1.422711,0.256657,0.0,3.0,0.0,0.0,17.647059,1648.718506,1014.595947,1.0,64.0,0.0,713.0,0.006073,1721542656.0,31872.0,0.26273,0.0,634.122498,4.920185,4.920185,62.0,0.0,6.0,0.0,8.0,-0.0,0.0,0.0,468.0,1.0,4.920185,4.920185,2.642177,1.0,0.0,14.0,3.0,0.0,78.0,0.0,1181.0,89.125,13.0
17.141426,0.291691,64256.0,0.0,23.997997,0.256657,0.0,0.0,0.0,1.0,0.0,55730.210938,14179.388672,0.0,64.0,0.0,590.0,0.006073,1721542656.0,31872.0,0.26273,0.0,41550.820312,0.291691,0.291691,62.0,0.0,6.0,0.0,8.0,-0.0,1.0,0.0,1817.0,1.0,0.291691,0.291691,44.567711,0.0,0.0,14.0,0.0,0.0,302.833344,0.0,2407.0,73.75,13.0
17.124344,0.583964,64256.0,0.0,18.836779,0.027263,0.0,0.0,0.0,0.0,0.0,40810.734375,11973.34082,0.0,64.0,0.0,953.0,0.000991,1721542656.0,31872.0,0.028254,0.0,28837.394531,0.583964,0.583964,62.0,0.0,11.0,0.0,12.0,-0.0,0.0,0.0,2315.0,0.0,0.583964,0.583964,37.673557,0.0,0.0,23.0,0.0,0.0,210.454544,0.0,3268.0,79.416664,13.0
19.040947,0.525184,64256.0,0.0,20.945042,0.030145,0.0,0.0,0.0,0.0,0.0,46962.589844,13313.429688,0.0,64.0,0.0,953.0,0.000996,1721542656.0,31872.0,0.031141,0.0,33649.160156,0.525184,0.525184,62.0,0.0,11.0,0.0,12.0,-0.0,0.0,0.0,2429.0,0.0,0.525184,0.525184,41.890083,0.0,0.0,23.0,0.0,0.0,220.818176,0.0,3382.0,79.416664,13.0
1.843182,1.08508,64256.0,0.0,1.843182,0.196694,0.0,1.0,0.0,0.0,14.285714,2521.4729,1445.054688,0.0,64.0,0.0,294.0,0.004569,1721542656.0,31872.0,0.201263,0.0,1076.418335,1.08508,1.08508,62.0,0.0,3.0,0.0,3.0,-0.0,0.0,0.0,218.0,1.0,1.08508,1.08508,4.607955,1.0,0.0,6.0,1.0,0.0,72.666664,0.0,512.0,98.0,13.0
0.497202,4.022511,64256.0,0.0,1.243005,0.196694,0.0,3.0,0.0,0.0,25.0,1107.765747,775.634949,0.0,64.0,1.0,467.0,0.004569,1721542656.0,31872.0,0.201263,0.0,332.130859,4.022511,4.022511,62.0,0.0,3.0,0.0,6.0,-0.0,1.0,0.0,250.0,1.0,4.022511,4.022511,1.988807,1.0,0.0,9.0,3.0,0.0,83.333336,0.0,717.0,77.833336,13.0
0.0,4.928464,197300.1840419336,0.0,0.202903,0.196694,0.0,0.0,0.0,0.0,0.0,120.118561,120.118561,0.0,64.0,0.0,148.0,0.004569,1721542656.0,95686.87047841308,0.201263,0.0,0.0,4.928464,4.928464,62.0,0.0,0.0,0.0,2.0,-0.0,1.0,0.0,0.0,1.0,4.928464,4.928464,0.202903,1.0,1.0,2.0,1.0,0.0,0.0,0.0,148.0,74.0,13.0
1.479952,2.702791,64256.0,0.0,1.109964,0.196694,0.0,1.0,0.0,0.0,10.0,1719.703857,787.33429,0.0,64.0,1.0,354.0,0.004569,1721542656.0,31872.0,0.201263,0.0,932.369568,2.702791,2.702791,62.0,0.0,5.0,0.0,4.0,-0.0,1.0,0.0,393.0,1.0,2.702791,2.702791,2.959903,1.0,0.0,9.0,1.0,0.0,78.599998,0.0,747.0,88.5,13.0
19.513813,0.204983,64256.0,0.0,24.392267,0.196694,0.0,0.0,0.0,1.0,0.0,77625.953125,13464.53125,0.0,64.0,0.0,413.0,0.004569,1721542656.0,31872.0,0.201263,0.0,64161.417969,0.204983,0.204983,62.0,0.0,5.0,0.0,6.0,-0.0,1.0,0.0,2054.0,1.0,0.204983,0.204983,48.784534,0.0,0.0,11.0,0.0,0.0,410.799988,0.0,2467.0,68.833336,13.0
17.465845,0.572546,64256.0,0.0,19.212429,0.058945,0.0,0.0,0.0,0.0,0.0,46193.664062,12212.119141,0.0,64.0,0.0,953.0,0.001087,1721542656.0,31872.0,0.060032,0.0,33981.546875,0.572546,0.572546,62.0,0.0,11.0,0.0,12.0,-0.0,0.0,0.0,2675.0,0.0,0.572546,0.572546,38.424858,0.0,0.0,23.0,0.0,0.0,243.181824,0.0,3628.0,79.416664,13.0
1.21875,4.102564,64256.0,0.0,1.70625,0.184447,0.0,2.0,0.0,0.0,12.5,1989.000122,1173.900024,1.0,64.0,0.0,687.0,0.00396,1721542656.0,31872.0,0.188407,0.0,815.100037,4.102564,4.102564,62.0,0.0,6.0,0.0,8.0,-0.0,0.0,0.0,501.0,1.0,4.102564,4.102564,3.16875,1.0,0.0,14.0,2.0,0.0,83.5,0.0,1188.0,85.875,13.0
3.823438,1.830813,64256.0,0.0,3.277232,0.184447,0.0,1.0,0.0,1.0,6.25,11631.990234,1966.339478,0.0,64.0,0.0,524.0,0.00396,1721542656.0,31872.0,0.188407,0.0,9665.651367,1.830813,1.830813,62.0,0.0,8.0,0.0,7.0,-0.0,1.0,0.0,2528.0,1.0,1.830813,1.830813,7.646876,1.0,0.0,15.0,1.0,0.0,316.0,0.0,3052.0,74.85714,13.0
4.826024,2.486519,64256.0,0.0,5.630361,0.0618,0.0,3.0,0.0,0.0,9.677419,12686.007812,3510.12793,0.0,64.0,0.0,1168.0,0.000998,1721542656.0,31872.0,0.062798,0.0,9175.879883,2.486519,2.486519,62.0,0.0,13.0,0.0,15.0,-0.0,0.0,0.0,3089.0,1.0,2.486519,2.486519,10.858553,1.0,0.0,28.0,3.0,0.0,237.615387,0.0,4257.0,77.866669,13.0
4.057059,2.46484,64256.0,0.0,4.86847,0.2053,0.0,1.0,0.0,0.0,4.0,12193.896484,3076.873291,0.0,64.0,0.0,1027.0,0.011336,1721542656.0,31872.0,0.216636,0.0,9117.022461,2.46484,2.46484,62.0,0.0,11.0,0.0,13.0,-0.0,0.0,0.0,3089.0,0.0,2.46484,2.46484,9.331235,1.0,0.0,24.0,1.0,0.0,280.818176,0.0,4116.0,79.0,13.0
23.01284,0.43454,64256.0,0.0,25.314125,0.04532,0.0,0.0,0.0,0.0,0.0,70308.828125,16090.578125,0.0,64.0,0.0,953.0,0.000505,1721542656.0,31872.0,0.045825,0.0,54218.253906,0.43454,0.43454,62.0,0.0,11.0,0.0,12.0,-0.0,0.0,0.0,3239.0,0.0,0.43454,0.43454,50.62825,0.0,0.0,23.0,0.0,0.0,294.454559,0.0,4192.0,79.416664,13.0
0.404752,4.941297,64256.0,0.0,1.01188,0.216855,0.0,2.0,0.0,0.0,18.181818,963.309814,720.458618,1.0,64.0,0.0,534.0,0.00348,1721542656.0,31872.0,0.220335,0.0,242.851212,4.941297,4.941297,62.0,0.0,3.0,0.0,6.0,-0.0,0.0,0.0,224.0,0.0,4.941297,4.941297,1.619008,1.0,0.0,9.0,2.0,0.0,74.666664,0.0,758.0,89.0,13.0
0.0,0.0,64256.0,0.0,0.0,0.216855,0.0,0.0,0.0,0.0,0.0,0.0,0.0,0.0,64.0,0.0,0.0,0.00348,1721542656.0,95686.87047841308,0.220335,0.0,0.0,0.0,0.0,62.0,0.0,1.0,0.0,0.0,-0.0,1.0,0.0,78.0,1.0,0.0,0.0,0.0,0.0,0.0,1.0,0.0,0.0,78.0,0.0,78.0,0.0,13.0
3.385345,2.067736,64256.0,0.0,3.385345,0.216855,0.0,0.0,0.0,1.0,0.0,12763.71875,2027.338257,0.0,64.0,0.0,598.0,0.00348,1721542656.0,31872.0,0.220335,0.0,10736.380859,2.067736,2.067736,62.0,0.0,8.0,0.0,8.0,-0.0,1.0,0.0,3171.0,1.0,2.067736,2.067736,7.254311,0.0,0.0,16.0,0.0,0.0,396.375,0.0,3769.0,74.75,13.0
4.218502,2.844612,64256.0,0.0,4.921585,0.066404,0.0,2.0,0.0,0.0,6.666667,12700.501953,3076.693848,0.0,64.0,0.0,1172.0,0.001494,1721542656.0,31872.0,0.067898,0.0,9623.808594,2.844612,2.844612,62.0,0.0,13.0,0.0,15.0,-0.0,0.0,0.0,3707.0,1.0,2.844612,2.844612,9.491629,1.0,0.0,28.0,2.0,0.0,285.153839,0.0,4879.0,78.133331,13.0
19.04987,0.524938,64256.0,0.0,20.954857,0.04509,0.0,0.0,0.0,0.0,0.0,64937.195312,13319.668945,0.0,64.0,0.0,953.0,0.002493,1721542656.0,31872.0,0.047583,0.0,51617.527344,0.524938,0.524938,62.0,0.0,11.0,0.0,12.0,-0.0,0.0,0.0,3725.0,0.0,0.524938,0.524938,41.909714,0.0,0.0,23.0,0.0,0.0,338.636353,0.0,4678.0,79.416664,13.0
19.946905,0.551464,64256.0,0.0,23.573614,0.056165,0.0,0.0,0.0,0.0,0.0,67355.257812,14622.894531,0.0,64.0,0.0,1085.0,0.001026,1721542656.0,31872.0,0.057191,0.0,52732.359375,0.551464,0.551464,62.0,0.0,12.0,0.0,14.0,-0.0,0.0,0.0,3965.0,0.0,0.551464,0.551464,45.333874,0.0,0.0,26.0,0.0,0.0,330.416656,0.0,5050.0,77.5,13.0
1.639812,3.658956,64256.0,0.0,1.913114,0.174791,0.0,1.0,0.0,0.0,6.25,2352.583496,1300.91748,1.0,64.0,0.0,680.0,0.002484,1721542656.0,31872.0,0.177275,0.0,1051.666138,3.658956,3.658956,62.0,0.0,7.0,0.0,8.0,-0.0,0.0,0.0,561.0,0.0,3.658956,3.658956,3.826228,1.0,0.0,15.0,1.0,0.0,80.14286,0.0,1241.0,85.0,13.0
6.802755,0.587997,64256.0,0.0,8.503445,0.174791,0.0,0.0,0.0,1.0,0.0,43714.507812,4693.901367,0.0,64.0,0.0,413.0,0.002484,1721542656.0,31872.0,0.177275,0.0,39020.605469,0.587997,0.587997,62.0,0.0,5.0,0.0,6.0,-0.0,1.0,0.0,3584.0,0.0,0.587997,0.587997,17.006889,0.0,0.0,11.0,0.0,0.0,716.799988,0.0,3997.0,68.833336,13.0
22.38361,0.491431,64256.0,0.0,26.453358,0.05851,0.0,0.0,0.0,0.0,0.0,81053.085938,16409.220703,0.0,64.0,0.0,1085.0,0.0011,1721542656.0,31872.0,0.05961,0.0,64643.867188,0.491431,0.491431,62.0,0.0,12.0,0.0,14.0,-0.0,0.0,0.0,4331.0,0.0,0.491431,0.491431,50.871841,0.0,0.0,26.0,0.0,0.0,360.916656,0.0,5416.0,77.5,13.0
3.011967,1.328036,64256.0,0.0,3.011967,0.211526,0.0,1.0,0.0,0.0,9.090909,3993.867676,2216.807373,1.0,64.0,0.0,460.0,0.003477,1721542656.0,31872.0,0.215003,0.0,1777.060303,1.328036,1.328036,62.0,0.0,5.0,0.0,5.0,-0.0,0.0,0.0,368.0,1.0,1.328036,1.328036,6.776925,1.0,0.0,10.0,1.0,0.0,73.599998,0.0,828.0,92.0,13.0
5.442769,1.46984,64256.0,0.0,4.762423,0.211526,0.0,0.0,0.0,1.0,0.0,23654.275391,2852.010986,0.0,64.0,0.0,598.0,0.003477,1721542656.0,31872.0,0.215003,0.0,20802.263672,1.46984,1.46984,62.0,0.0,9.0,0.0,8.0,-0.0,1.0,0.0,4299.0,1.0,1.46984,1.46984,10.885538,0.0,0.0,17.0,0.0,0.0,477.666656,0.0,4897.0,74.75,13.0
2.889446,4.845219,64256.0,0.0,2.889446,0.232405,0.0,3.0,0.0,0.0,9.090909,9540.125977,1921.894531,0.0,64.0,0.0,1247.0,0.002068,1721542656.0,31872.0,0.234473,0.0,7618.231445,4.845219,4.845219,62.0,0.0,15.0,0.0,15.0,-0.0,0.0,0.0,4943.0,1.0,4.845219,4.845219,5.985281,1.0,0.0,30.0,3.0,0.0,329.533325,0.0,6190.0,83.133331,13.0
19.234032,0.571903,64256.0,0.0,22.731129,0.042267,0.0,0.0,0.0,0.0,0.0,77257.859375,14100.293945,0.0,64.0,0.0,1085.0,0.003972,1721542656.0,31872.0,0.046239,0.0,63157.566406,0.571903,0.571903,62.0,0.0,12.0,0.0,14.0,-0.0,0.0,0.0,4925.0,0.0,0.571903,0.571903,43.713707,0.0,0.0,26.0,0.0,0.0,410.416656,0.0,6010.0,77.5,13.0
16.119862,0.682388,64256.0,0.0,19.050745,0.060397,0.0,0.0,0.0,0.0,0.0,67011.726562,11817.324219,0.0,64.0,0.0,1085.0,0.000995,1721542656.0,31872.0,0.061392,0.0,55194.40625,0.682388,0.682388,62.0,0.0,12.0,0.0,14.0,-0.0,0.0,0.0,5135.0,0.0,0.682388,0.682388,36.636047,0.0,0.0,26.0,0.0,0.0,427.916656,0.0,6220.0,77.5,13.0
2.151265,2.789057,64256.0,0.0,2.868353,0.227908,0.0,2.0,0.0,0.0,11.111111,3482.18042,2070.950928,1.0,64.0,0.0,812.0,0.018683,1721542656.0,31872.0,0.246591,0.0,1411.229614,2.789057,2.789057,62.0,0.0,7.0,0.0,9.0,-0.0,0.0,0.0,573.0,1.0,2.789057,2.789057,5.378162,1.0,0.0,16.0,2.0,0.0,81.85714,0.0,1385.0,90.222221,13.0
22.41139,0.267721,64256.0,0.0,26.146624,0.227908,0.0,0.0,0.0,1.0,0.0,146032.625,14253.644531,0.0,64.0,0.0,545.0,0.018683,1721542656.0,31872.0,0.246591,0.0,131778.984375,0.267721,0.267721,62.0,0.0,7.0,0.0,8.0,-0.0,1.0,0.0,5144.0,1.0,0.267721,0.267721,52.293247,0.0,0.0,15.0,0.0,0.0,734.857117,0.0,5689.0,68.125,13.0
5.915112,0.338117,64256.0,0.0,2.957556,0.107708,0.0,0.0,0.0,0.0,0.0,5441.90332,2176.76123,0.0,64.0,0.0,184.0,0.014217,1721542656.0,31872.0,0.121925,0.0,3265.141846,0.338117,0.338117,62.0,0.0,3.0,0.0,2.0,-0.0,0.0,0.0,206.0,0.0,0.338117,0.338117,11.830224,0.0,0.0,5.0,0.0,0.0,68.666664,0.0,390.0,92.0,13.0
0.874552,3.430327,64256.0,0.0,2.332139,0.107708,0.0,5.0,0.0,0.0,27.777778,2061.611084,1429.601318,0.0,64.0,1.0,689.0,0.014217,1721542656.0,31872.0,0.121925,0.0,632.009705,3.430327,3.430327,62.0,0.0,4.0,0.0,9.0,-0.0,1.0,0.0,361.0,1.0,3.430327,3.430327,3.498209,1.0,0.0,13.0,5.0,0.0,90.25,0.0,1050.0,76.555557,13.0
0.0,3.937089,64256.0,0.0,0.253995,0.107708,0.0,1.0,0.0,0.0,25.0,150.364899,150.364899,0.0,64.0,0.0,148.0,0.014217,1721542656.0,31872.0,0.121925,0.0,0.0,3.937089,3.937089,62.0,1.0,1.0,0.0,2.0,-0.0,1.0,0.0,78.0,1.0,3.937089,3.937089,0.50799,1.0,0.0,3.0,1.0,0.0,78.0,0.0,226.0,74.0,13.0
6.115347,1.308184,64256.0,0.0,5.350929,0.107708,0.0,0.0,0.0,1.0,0.0,33139.070312,3118.827148,0.0,64.0,0.0,582.0,0.014217,1721542656.0,31872.0,0.121925,0.0,30020.240234,1.308184,1.308184,62.0,0.0,9.0,0.0,8.0,-0.0,1.0,0.0,5522.0,1.0,1.308184,1.308184,12.230695,0.0,0.0,17.0,0.0,0.0,613.555542,0.0,6104.0,72.75,13.0
5.106087,2.545981,64256.0,0.0,5.106087,0.200393,0.0,1.0,0.0,0.0,3.448276,21326.162109,3296.175537,0.0,64.0,0.0,1129.0,0.001478,1721542656.0,31872.0,0.201871,0.0,18029.986328,2.545981,2.545981,62.0,0.0,14.0,0.0,14.0,-0.0,0.0,0.0,6179.0,1.0,2.545981,2.545981,10.60495,1.0,0.0,28.0,1.0,0.0,441.357147,0.0,7308.0,80.64286,13.0
18.956837,0.633017,64256.0,0.0,18.956837,0.07684,0.0,0.0,0.0,0.0,0.0,85874.476562,11892.255859,0.0,64.0,0.0,1019.0,0.000987,1721542656.0,31872.0,0.077827,0.0,73982.21875,0.633017,0.633017,62.0,0.0,13.0,0.0,13.0,-0.0,0.0,0.0,6341.0,0.0,0.633017,0.633017,39.493408,0.0,0.0,26.0,0.0,0.0,487.769226,0.0,7360.0,78.384613,13.0
28.346949,0.423326,64256.0,0.0,28.346949,0.046939,0.0,0.0,0.0,0.0,0.0,132701.515625,17782.986328,0.0,64.0,0.0,1019.0,0.000499,1721542656.0,31872.0,0.047438,0.0,114918.53125,0.423326,0.423326,62.0,0.0,13.0,0.0,13.0,-0.0,0.0,0.0,6587.0,0.0,0.423326,0.423326,59.056145,0.0,0.0,26.0,0.0,0.0,506.692322,0.0,7606.0,78.384613,13.0
0.823756,4.855809,64256.0,0.0,1.235633,0.214755,0.0,2.0,0.0,0.0,14.285714,1380.61438,866.590881,1.0,64.0,0.0,613.0,0.014989,1721542656.0,31872.0,0.229744,0.0,514.023499,4.855809,4.855809,62.0,0.0,5.0,0.0,7.0,-0.0,0.0,0.0,390.0,0.0,4.855809,4.855809,2.265328,1.0,0.0,12.0,2.0,0.0,78.0,0.0,1003.0,87.571426,13.0
9.009273,0.887974,64256.0,0.0,7.883113,0.214755,0.0,0.0,0.0,1.0,0.0,56839.5,4657.793945,0.0,64.0,0.0,590.0,0.014989,1721542656.0,31872.0,0.229744,0.0,52181.707031,0.887974,0.887974,62.0,0.0,9.0,0.0,8.0,-0.0,1.0,0.0,6515.0,0.0,0.887974,0.887974,18.018545,0.0,0.0,17.0,0.0,0.0,723.888916,0.0,7105.0,73.75,13.0
27.988468,0.464477,64256.0,0.0,30.141428,0.045264,0.0,0.0,0.0,0.0,0.0,133087.328125,18515.449219,0.0,64.0,0.0,1151.0,0.000987,1721542656.0,31872.0,0.046251,0.0,114571.875,0.464477,0.464477,62.0,0.0,14.0,0.0,15.0,-0.0,0.0,0.0,7163.0,0.0,0.464477,0.464477,60.282856,0.0,0.0,29.0,0.0,0.0,511.642853,0.0,8314.0,76.73333,13.0
24.235012,0.536414,64256.0,0.0,26.099243,0.057375,0.0,0.0,0.0,0.0,0.0,118893.234375,16032.391602,0.0,64.0,0.0,1151.0,0.001783,1721542656.0,31872.0,0.059158,0.0,102860.84375,0.536414,0.536414,62.0,0.0,14.0,0.0,15.0,-0.0,0.0,0.0,7427.0,0.0,0.536414,0.536414,52.198486,0.0,0.0,29.0,0.0,0.0,530.5,0.0,8578.0,76.73333,13.0
0.893359,4.477485,64256.0,0.0,1.340038,0.334464,0.0,1.0,0.0,0.0,7.692308,1490.122192,884.425049,1.0,64.0,0.0,577.0,0.013497,1721542656.0,31872.0,0.347961,0.0,605.697144,4.477485,4.477485,62.0,0.0,5.0,0.0,7.0,-0.0,0.0,0.0,423.0,0.0,4.477485,4.477485,2.456736,1.0,0.0,12.0,1.0,0.0,84.599998,0.0,1000.0,82.428574,13.0
4.456179,0.448815,64256.0,0.0,4.456179,0.334464,0.0,0.0,0.0,0.0,0.0,39784.769531,2941.078369,0.0,64.0,1.0,247.0,0.013497,1721542656.0,31872.0,0.347961,1447.0,36843.6875,0.448815,0.448815,62.0,0.0,3.0,0.0,3.0,-0.0,1.0,0.0,3100.0,1.0,0.448815,0.448815,11.140448,0.0,0.0,6.0,0.0,0.0,1033.333374,0.0,3347.0,82.333336,13.0
2.241338,2.676973,64256.0,1.0,1.494225,0.334464,0.0,1.0,0.0,0.0,7.692308,12333.333008,1577.901489,0.0,64.0,0.0,660.0,0.013497,1721542656.0,31872.0,0.347961,0.0,10755.431641,2.676973,2.676973,62.0,0.0,7.0,0.0,5.0,-0.0,1.0,0.0,4198.0,1.0,2.676973,2.676973,4.109118,0.0,0.0,12.0,0.0,0.0,599.714294,0.0,4858.0,132.0,13.0
21.113972,0.615706,64256.0,0.0,22.738125,0.057983,0.0,0.0,0.0,0.0,0.0,110169.460938,13967.705078,0.0,64.0,0.0,1151.0,0.0,1721542656.0,31872.0,0.057983,0.0,96201.757812,0.615706,0.615706,62.0,0.0,14.0,0.0,15.0,-0.0,0.0,0.0,7973.0,0.0,0.615706,0.615706,45.47625,0.0,0.0,29.0,0.0,0.0,569.5,0.0,9124.0,76.73333,13.0
2.19064,0.912975,64256.0,0.0,1.09532,0.458099,0.0,0.0,0.0,0.0,0.0,2015.38916,806.155701,0.0,64.0,0.0,184.0,0.008361,1721542656.0,31872.0,0.46646,0.0,1209.233521,0.912975,0.912975,61.0,0.0,3.0,0.0,2.0,-0.0,0.0,0.0,206.0,0.0,0.912975,0.912975,4.381281,0.0,0.0,5.0,0.0,0.0,68.666664,0.0,390.0,92.0,13.0
0.409554,4.88336,64256.0,0.0,1.023885,0.458099,0.0,2.0,0.0,0.0,18.181818,948.527283,638.904358,0.0,64.0,1.0,467.0,0.008361,1721542656.0,31872.0,0.46646,0.0,309.622894,4.88336,4.88336,62.0,0.0,3.0,0.0,6.0,-0.0,1.0,0.0,283.0,0.0,4.88336,4.88336,1.638216,1.0,0.0,9.0,2.0,0.0,94.333336,0.0,750.0,77.833336,13.0
1.214766,1.646408,64256.0,0.0,0.607383,0.458099,0.0,1.0,0.0,0.0,16.666667,1200.188599,500.48349,0.0,64.0,1.0,206.0,0.008361,1721542656.0,31872.0,0.46646,0.0,699.705078,1.646408,1.646408,62.0,0.0,3.0,0.0,2.0,-0.0,1.0,0.0,216.0,1.0,1.646408,1.646408,2.429532,1.0,0.0,5.0,1.0,0.0,72.0,0.0,422.0,103.0,13.0
20.256212,0.345573,64256.0,2.0,17.362467,0.458099,0.0,2.0,0.0,1.0,11.764706,166934.328125,9746.131836,0.0,64.0,0.0,491.0,0.008361,1721542656.0,31872.0,0.46646,0.0,157188.203125,0.345573,0.345573,62.0,0.0,8.0,0.0,7.0,-0.0,1.0,0.0,7760.0,1.0,0.345573,0.345573,40.512424,0.0,0.0,15.0,0.0,0.0,970.0,0.0,8251.0,70.14286,13.0
8.864315,1.80499,64256.0,0.0,10.526374,0.040901,0.0,3.0,0.0,0.0,7.5,43998.027344,6391.170898,0.0,64.0,0.0,1517.0,0.002497,1721542656.0,31872.0,0.043398,0.0,37606.855469,1.80499,1.80499,62.0,0.0,17.0,0.0,20.0,-0.0,0.0,0.0,9015.0,1.0,1.80499,1.80499,19.944708,1.0,0.0,37.0,3.0,0.0,530.294128,0.0,10532.0,75.849998,13.0
10.523702,1.425354,64256.0,0.0,10.523702,0.092142,0.0,2.0,0.0,0.0,5.882353,53712.972656,6454.537109,0.0,64.0,0.0,1226.0,0.000983,1721542656.0,31872.0,0.093125,0.0,47258.433594,1.425354,1.425354,62.0,0.0,16.0,0.0,16.0,-0.0,0.0,0.0,8981.0,1.0,1.425354,1.425354,21.748983,1.0,0.0,32.0,2.0,0.0,561.3125,0.0,10207.0,76.625,13.0
1.266358,4.737997,64256.0,0.0,1.477418,0.339029,0.0,3.0,0.0,0.0,16.666667,1870.832764,1062.052124,1.0,64.0,0.0,718.0,0.004203,1721542656.0,31872.0,0.343232,0.0,808.780579,4.737997,4.737997,61.0,0.0,7.0,0.0,8.0,-0.0,0.0,0.0,558.0,1.0,4.737997,4.737997,2.954835,1.0,0.0,15.0,3.0,0.0,79.714287,0.0,1276.0,89.75,13.0
0.939897,3.191839,64256.0,0.0,1.253196,0.339029,0.0,1.0,0.0,0.0,10.0,6784.803223,769.462402,0.0,64.0,1.0,383.0,0.004203,1721542656.0,31872.0,0.343232,0.0,6015.34082,3.191839,3.191839,62.0,0.0,4.0,0.0,5.0,-0.0,1.0,0.0,3199.0,1.0,3.191839,3.191839,2.506392,1.0,0.0,9.0,1.0,0.0,799.75,0.0,3582.0,76.599998,13.0
8.430387,0.237237,64256.0,0.0,4.215194,0.339029,0.0,0.0,0.0,0.0,0.0,91520.289062,2427.95166,0.0,64.0,0.0,144.0,0.004203,1721542656.0,31872.0,0.343232,1447.0,89092.335938,0.237237,0.237237,62.0,0.0,3.0,0.0,2.0,-0.0,1.0,0.0,3962.0,1.0,0.237237,0.237237,16.860775,0.0,0.0,5.0,0.0,0.0,1320.666626,0.0,4106.0,72.0,13.0
2.056194,0.972671,64256.0,1.0,4.112388,0.339029,0.0,1.0,0.0,1.0,11.111111,11350.189453,2286.487549,0.0,64.0,0.0,347.0,0.004203,1721542656.0,31872.0,0.343232,0.0,9063.702148,0.972671,0.972671,62.0,0.0,3.0,0.0,5.0,-0.0,1.0,0.0,1652.0,1.0,0.972671,0.972671,7.196678,0.0,0.0,8.0,0.0,0.0,550.666687,0.0,1999.0,69.400002,13.0
26.548841,0.52733,64256.0,0.0,24.652496,0.044821,0.0,0.0,0.0,0.0,0.0,149947.859375,15292.132812,0.0,64.0,0.0,1085.0,0.001495,1721542656.0,31872.0,0.046316,0.0,134655.71875,0.52733,0.52733,62.0,0.0,15.0,0.0,14.0,-0.0,0.0,0.0,9509.0,0.0,0.52733,0.52733,53.097683,0.0,0.0,29.0,0.0,0.0,633.93335,0.0,10594.0,77.5,13.0
35.548897,0.421954,64256.0,0.0,35.548897,0.04565,0.0,0.0,0.0,0.0,0.0,197386.4375,21632.689453,0.0,64.0,0.0,1217.0,0.000995,1721542656.0,31872.0,0.046645,0.0,175753.75,0.421954,0.421954,62.0,0.0,16.0,0.0,16.0,-0.0,0.0,0.0,9887.0,0.0,0.421954,0.421954,73.46772,0.0,0.0,32.0,0.0,0.0,617.9375,0.0,11104.0,76.0625,13.0
0.0,3.105911,8222720.0,0.0,0.643933,0.0,0.0,2.0,0.0,0.0,33.333333,381.208618,381.208618,0.0,64.0,0.0,222.0,0.004675,1721542656.0,4077568.0,0.004675,0.0,0.0,3.105911,3.105911,62.0,0.0,1.0,0.0,3.0,-0.0,0.0,0.0,74.0,0.0,3.105911,3.105911,0.9659,1.0,0.0,4.0,2.0,0.0,74.0,0.0,296.0,74.0,13.0
0.0,0.0,197300.1840419336,0.0,0.0,0.0,0.0,0.0,0.0,0.0,0.0,0.0,0.0,0.0,64.0,0.0,74.0,0.004675,1721542656.0,95686.87047841308,0.004675,0.0,0.0,0.0,0.0,62.0,0.0,0.0,0.0,1.0,-0.0,1.0,0.0,0.0,0.0,0.0,0.0,0.0,1.0,0.0,1.0,1.0,0.0,0.0,0.0,74.0,74.0,13.0
22.079336,0.634077,64256.0,0.0,20.502241,0.149152,0.0,1.0,0.0,0.0,3.333333,132021.8125,12717.698242,0.0,64.0,0.0,1085.0,0.004675,1721542656.0,31872.0,0.153827,0.0,119304.117188,0.634077,0.634077,62.0,0.0,15.0,0.0,14.0,-0.0,1.0,0.0,10131.0,0.0,0.634077,0.634077,44.158672,1.0,0.0,29.0,1.0,0.0,675.400024,0.0,11216.0,77.5,13.0
1.36801,4.385933,64256.0,0.0,1.596012,0.290913,0.0,2.0,0.0,0.0,11.764706,1984.526489,1098.05603,1.0,64.0,0.0,687.0,0.001877,1721542656.0,31872.0,0.29279,0.0,886.470459,4.385933,4.385933,62.0,0.0,7.0,0.0,8.0,-0.0,0.0,0.0,567.0,1.0,4.385933,4.385933,3.192023,1.0,0.0,15.0,2.0,0.0,81.0,0.0,1254.0,85.875,13.0
0.980808,2.039135,64256.0,1.0,1.471212,0.290913,0.0,1.0,0.0,0.0,12.5,9090.128906,980.808044,0.0,64.0,1.0,333.0,0.001877,1721542656.0,31872.0,0.29279,0.0,8109.320801,2.039135,2.039135,62.0,0.0,3.0,0.0,4.0,-0.0,1.0,0.0,3100.0,1.0,2.039135,2.039135,2.942424,0.0,0.0,7.0,0.0,0.0,1033.333374,0.0,3433.0,83.25,13.0
3.012587,1.991644,64256.0,2.0,3.012587,0.290913,0.0,2.0,0.0,1.0,12.5,25586.902344,1691.065308,0.0,64.0,0.0,491.0,0.001877,1721542656.0,31872.0,0.29279,0.0,23895.835938,1.991644,1.991644,62.0,0.0,7.0,0.0,7.0,-0.0,1.0,0.0,6940.0,1.0,1.991644,1.991644,6.527271,0.0,0.0,14.0,0.0,0.0,991.428589,0.0,7431.0,70.14286,13.0
21.616573,0.693912,64256.0,0.0,18.734364,0.060324,0.0,0.0,0.0,0.0,0.0,128996.179688,11621.069336,0.0,64.0,0.0,1085.0,0.002022,1721542656.0,31872.0,0.062346,0.0,117375.109375,0.693912,0.693912,62.0,0.0,16.0,0.0,14.0,-0.0,0.0,0.0,10859.0,0.0,0.693912,0.693912,41.792042,0.0,0.0,30.0,0.0,0.0,678.6875,0.0,11944.0,77.5,13.0
0.0,3.063477,8222720.0,0.0,0.652853,0.0,0.0,2.0,0.0,0.0,33.333333,386.488953,386.488953,0.0,64.0,0.0,222.0,0.043393,1721542656.0,4077568.0,0.043393,0.0,0.0,3.063477,3.063477,62.0,0.0,1.0,0.0,3.0,-0.0,0.0,0.0,74.0,0.0,3.063477,3.063477,0.979279,1.0,0.0,4.0,2.0,0.0,74.0,0.0,296.0,74.0,13.0
3.939975,1.015235,64256.0,0.0,4.924968,0.245516,0.0,1.0,0.0,0.0,8.333333,5925.722168,3309.578857,0.0,64.0,0.0,503.0,0.043393,1721542656.0,31872.0,0.288909,0.0,2616.143311,1.015235,1.015235,62.0,0.0,5.0,0.0,6.0,-0.0,1.0,0.0,415.0,0.0,1.015235,1.015235,9.849936,1.0,0.0,11.0,1.0,0.0,83.0,0.0,918.0,83.833336,13.0
0.0,0.0,64256.0,0.0,0.0,0.245516,0.0,0.0,0.0,0.0,0.0,0.0,0.0,0.0,64.0,0.0,74.0,0.043393,1721542656.0,31872.0,0.288909,0.0,0.0,0.0,0.0,62.0,1.0,1.0,0.0,1.0,-0.0,1.0,0.0,78.0,1.0,0.0,0.0,0.0,0.0,0.0,2.0,0.0,0.0,78.0,0.0,152.0,74.0,13.0
14.214642,0.49245,64256.0,0.0,6.091989,0.245516,0.0,0.0,0.0,0.0,0.0,134771.046875,3671.438721,0.0,64.0,1.0,301.0,0.043393,1721542656.0,31872.0,0.288909,0.0,131099.609375,0.49245,0.49245,62.0,0.0,8.0,0.0,4.0,-0.0,1.0,0.0,9222.0,1.0,0.49245,0.49245,22.337294,0.0,0.0,12.0,0.0,0.0,1152.75,0.0,9523.0,75.25,13.0
14.012276,0.142732,64256.0,0.0,21.018414,0.245516,0.0,0.0,0.0,1.0,0.0,69781.132812,11826.360352,0.0,64.0,0.0,281.0,0.043393,1721542656.0,31872.0,0.288909,0.0,57954.769531,0.142732,0.142732,62.0,0.0,3.0,0.0,4.0,-0.0,1.0,0.0,1550.0,1.0,0.142732,0.142732,42.036827,0.0,0.0,7.0,0.0,0.0,516.666687,0.0,1831.0,70.25,13.0
3.932383,4.577377,64256.0,0.0,3.932383,0.053688,0.0,1.0,0.0,0.0,2.564103,21829.095703,2357.682129,0.0,64.0,0.0,1423.0,0.00149,1721542656.0,31872.0,0.055178,0.0,19471.414062,4.577377,4.577377,62.0,0.0,19.0,0.0,19.0,-0.0,0.0,0.0,11759.0,1.0,4.577377,4.577377,8.083232,1.0,0.0,38.0,1.0,0.0,618.894714,0.0,13182.0,74.894737,13.0
0.875163,3.427931,64256.0,0.0,1.458606,0.118489,0.0,2.0,0.0,0.0,16.666667,1488.944702,980.183044,1.0,64.0,0.0,503.0,0.018814,1721542656.0,31872.0,0.137303,0.0,508.761688,3.427931,3.427931,62.0,0.0,4.0,0.0,6.0,-0.0,0.0,0.0,290.0,0.0,3.427931,3.427931,2.62549,1.0,0.0,10.0,2.0,0.0,72.5,0.0,793.0,83.833336,13.0
0.482152,4.148066,64256.0,0.0,0.482152,0.118489,0.0,0.0,0.0,0.0,0.0,673.084778,324.006409,0.0,64.0,1.0,251.0,0.018814,1721542656.0,31872.0,0.137303,0.0,349.078339,4.148066,4.148066,62.0,0.0,3.0,0.0,3.0,-0.0,1.0,0.0,271.0,0.0,4.148066,4.148066,1.205381,0.0,0.0,6.0,0.0,0.0,90.333336,0.0,522.0,83.666664,13.0
8.295414,1.326034,64256.0,2.0,8.295414,0.118489,0.0,2.0,0.0,1.0,7.692308,68667.921875,4880.719727,0.0,64.0,0.0,882.0,0.018814,1721542656.0,31872.0,0.137303,0.0,63787.207031,1.326034,1.326034,62.0,0.0,12.0,0.0,12.0,-0.0,1.0,0.0,11534.0,1.0,1.326034,1.326034,17.344955,0.0,0.0,24.0,0.0,0.0,961.166687,0.0,12416.0,73.5,13.0
3.684471,4.885369,64256.0,0.0,3.479778,0.259968,0.0,2.0,0.0,0.0,5.128205,21425.609375,2112.430176,0.0,64.0,0.0,1365.0,0.003483,1721542656.0,31872.0,0.263451,0.0,19313.177734,4.885369,4.885369,62.0,0.0,19.0,0.0,18.0,-0.0,0.0,0.0,12449.0,1.0,4.885369,4.885369,7.368942,1.0,0.0,37.0,2.0,0.0,655.21051,0.0,13814.0,75.833336,13.0
9.516746,1.786325,64256.0,0.0,8.397128,0.063805,0.0,1.0,0.0,0.0,2.857143,58994.863281,5145.760254,0.0,64.0,0.0,1225.0,0.003469,1721542656.0,31872.0,0.067274,0.0,53849.105469,1.786325,1.786325,62.0,0.0,18.0,0.0,16.0,-0.0,0.0,0.0,12731.0,0.0,1.786325,1.786325,18.473682,1.0,0.0,34.0,1.0,0.0,707.277771,0.0,13956.0,76.5625,13.0
29.779633,0.60444,64256.0,0.0,28.125208,0.029962,0.0,0.0,0.0,0.0,0.0,182079.28125,16875.125,0.0,64.0,0.0,1349.0,0.000964,1721542656.0,31872.0,0.030926,0.0,165204.15625,0.60444,0.60444,62.0,0.0,19.0,0.0,18.0,-0.0,0.0,0.0,13175.0,1.0,0.60444,0.60444,59.559265,0.0,0.0,37.0,0.0,0.0,693.421082,0.0,14524.0,74.944443,13.0
3.544959,4.795542,64256.0,0.0,3.336432,0.200664,0.0,2.0,0.0,0.0,5.405405,23378.382812,2136.984863,0.0,64.0,0.0,1361.0,0.002476,1721542656.0,31872.0,0.20314,0.0,21241.396484,4.795542,4.795542,62.0,0.0,18.0,0.0,17.0,-0.0,0.0,0.0,13481.0,1.0,4.795542,4.795542,7.089919,1.0,0.0,35.0,2.0,0.0,748.944458,0.0,14842.0,80.058823,13.0
26.676041,0.637276,64256.0,0.0,21.968504,0.044998,0.0,0.0,0.0,0.0,0.0,177668.703125,13494.9375,0.0,64.0,0.0,1151.0,0.000498,1721542656.0,31872.0,0.045496,0.0,164173.765625,0.637276,0.637276,62.0,0.0,18.0,0.0,15.0,-0.0,0.0,0.0,13847.0,0.0,0.637276,0.637276,50.213722,0.0,0.0,33.0,0.0,0.0,769.277771,0.0,14998.0,76.73333,13.0
0.0,0.000952,64256.0,0.0,0.0,0.200664,0.0,0.0,0.0,0.0,0.0,0.0,0.0,0.0,64.0,0.0,66.0,0.002476,1721542656.0,31872.0,0.20314,0.0,0.0,0.000952,0.000952,62.0,0.0,1.0,0.0,1.0,-0.0,1.0,0.0,66.0,1.0,0.000952,0.000952,1050.420166,0.0,0.0,2.0,0.0,0.0,66.0,0.0,132.0,66.0,13.0
2.361133,2.964679,64256.0,0.0,2.698437,0.168543,0.0,3.0,0.0,0.0,15.0,3337.966797,1813.349731,1.0,64.0,0.0,756.0,0.017808,1721542656.0,31872.0,0.186351,0.0,1524.616943,2.964679,2.964679,62.0,0.0,8.0,0.0,9.0,-0.0,0.0,0.0,645.0,1.0,2.964679,2.964679,5.396874,1.0,0.0,17.0,3.0,0.0,80.625,0.0,1401.0,84.0,13.0
3.207044,3.741763,64256.0,1.0,3.741552,0.168543,1.0,3.0,0.0,1.0,9.677419,29415.009766,2163.685791,0.0,64.0,0.0,1084.0,0.017808,1721542656.0,31872.0,0.186351,0.0,27251.324219,3.741763,3.741763,62.0,0.0,13.0,0.0,15.0,-0.0,1.0,0.0,13808.0,1.0,3.741763,3.741763,7.215849,0.0,0.0,28.0,2.0,0.0,1062.153809,0.0,14892.0,72.26667,13.0
35.561737,0.506162,64256.0,0.0,29.634781,0.043225,0.0,0.0,0.0,0.0,0.0,237947.546875,18033.751953,0.0,64.0,0.0,1217.0,0.003477,1721542656.0,31872.0,0.046702,0.0,219913.78125,0.506162,0.506162,62.0,0.0,19.0,0.0,16.0,-0.0,0.0,0.0,14687.0,0.0,0.506162,0.506162,67.172173,0.0,0.0,35.0,0.0,0.0,773.0,0.0,15904.0,76.0625,13.0
2.709059,4.06045,64256.0,1.0,2.709059,0.06144,1.0,3.0,0.0,0.0,11.111111,13813.24707,1741.678833,1.0,64.0,0.0,964.0,0.001004,1721542656.0,31872.0,0.062444,0.0,12071.568359,4.06045,4.06045,62.0,0.0,12.0,0.0,12.0,-0.0,0.0,0.0,6683.0,1.0,4.06045,4.06045,5.664397,0.0,0.0,24.0,2.0,0.0,556.916687,0.0,7647.0,80.333336,13.0
0.0,0.0,64256.0,0.0,0.0,0.06144,0.0,0.0,0.0,0.0,0.0,0.0,0.0,0.0,64.0,0.0,109.0,0.001004,1721542656.0,31872.0,0.062444,0.0,0.0,0.0,0.0,62.0,1.0,1.0,0.0,1.0,-0.0,1.0,0.0,66.0,1.0,0.0,0.0,0.0,0.0,0.0,2.0,0.0,0.0,66.0,0.0,175.0,109.0,13.0
0.282217,3.543377,64256.0,0.0,0.84665,0.362642,0.0,2.0,0.0,0.0,25.0,720.216919,562.175598,0.0,64.0,0.0,332.0,0.037132,1721542656.0,31872.0,0.399774,0.0,158.041336,3.543377,3.543377,62.0,0.0,2.0,0.0,4.0,-0.0,0.0,0.0,140.0,0.0,3.543377,3.543377,1.411083,1.0,0.0,6.0,2.0,0.0,70.0,0.0,472.0,83.0,13.0
6.168214,2.431822,64256.0,0.0,5.345786,0.362642,0.0,0.0,0.0,1.0,0.0,50283.289062,3158.125732,0.0,64.0,0.0,1033.0,0.037132,1721542656.0,31872.0,0.399774,0.0,47125.160156,2.431822,2.431822,62.0,0.0,16.0,0.0,14.0,-0.0,1.0,0.0,15279.0,0.0,2.431822,2.431822,11.925215,0.0,0.0,30.0,0.0,0.0,954.9375,0.0,16312.0,73.785713,13.0
32.727066,0.122223,64256.0,0.0,16.363533,0.06144,0.0,0.0,0.0,0.0,0.0,254223.84375,10734.477539,0.0,64.0,0.0,246.0,0.001004,1721542656.0,31872.0,0.062444,2895.0,243489.359375,0.122223,0.122223,62.0,0.0,5.0,0.0,3.0,-0.0,1.0,0.0,4650.0,1.0,0.122223,0.122223,57.272366,0.0,0.0,8.0,0.0,0.0,930.0,0.0,4896.0,82.0,13.0
23.473629,0.809419,64256.0,0.0,18.531811,0.060496,0.0,0.0,0.0,0.0,0.0,161132.859375,11277.225586,0.0,64.0,0.0,1217.0,0.001038,1721542656.0,31872.0,0.061534,0.0,149855.640625,0.809419,0.809419,62.0,0.0,20.0,0.0,16.0,-0.0,0.0,0.0,15959.0,0.0,0.809419,0.809419,43.240894,0.0,0.0,36.0,0.0,0.0,797.950012,0.0,17176.0,76.0625,13.0
0.618653,4.849248,64256.0,0.0,1.237305,0.343629,0.0,2.0,0.0,0.0,15.384615,1217.508423,816.62146,1.0,64.0,0.0,577.0,0.003761,1721542656.0,31872.0,0.34739,0.0,400.886902,4.849248,4.849248,62.0,0.0,4.0,0.0,7.0,-0.0,0.0,0.0,324.0,0.0,4.849248,4.849248,2.062176,1.0,0.0,11.0,2.0,0.0,81.0,0.0,901.0,82.428574,13.0
1.89925,2.632618,64256.0,0.0,1.5194,0.343629,0.0,0.0,0.0,0.0,0.0,16713.400391,942.028076,0.0,64.0,1.0,387.0,0.003761,1721542656.0,31872.0,0.34739,4343.0,15771.373047,2.632618,2.632618,62.0,0.0,6.0,0.0,5.0,-0.0,1.0,0.0,6227.0,1.0,2.632618,2.632618,3.7985,0.0,0.0,11.0,0.0,0.0,1037.833374,0.0,6614.0,77.400002,13.0
0.0,0.006861,64256.0,1.0,0.0,0.343629,0.0,1.0,0.0,0.0,33.333333,0.0,0.0,0.0,64.0,0.0,78.0,0.003761,1721542656.0,31872.0,0.34739,0.0,0.0,0.006861,0.006861,62.0,0.0,1.0,0.0,1.0,-0.0,1.0,0.0,1514.0,1.0,0.006861,0.006861,145.751358,0.0,0.0,2.0,0.0,0.0,1514.0,0.0,1592.0,78.0,13.0
4.258014,1.643959,64256.0,4.0,4.866301,0.343629,0.0,4.0,0.0,1.0,19.047619,37981.480469,2885.716553,0.0,64.0,0.0,667.0,0.003761,1721542656.0,31872.0,0.34739,0.0,35095.765625,1.643959,1.643959,62.0,0.0,8.0,0.0,9.0,-0.0,1.0,0.0,8242.0,1.0,1.643959,1.643959,9.732602,0.0,0.0,17.0,0.0,0.0,1030.25,0.0,8909.0,74.111115,13.0
5.94939,3.361689,64256.0,0.0,5.354451,0.241014,0.0,1.0,0.0,0.0,2.439024,41486.289062,3274.544434,0.0,64.0,0.0,1452.0,0.004173,1721542656.0,31872.0,0.245187,0.0,38211.742188,3.361689,3.361689,62.0,0.0,21.0,0.0,19.0,-0.0,0.0,0.0,16859.0,0.0,3.361689,3.361689,11.601311,1.0,0.0,40.0,1.0,0.0,802.809509,0.0,18311.0,76.421051,13.0
25.239208,0.752797,64256.0,0.0,22.582449,0.059326,0.0,0.0,0.0,0.0,0.0,187397.125,13549.469727,0.0,64.0,0.0,1349.0,0.000991,1721542656.0,31872.0,0.060317,0.0,173847.65625,0.752797,0.752797,62.0,0.0,20.0,0.0,18.0,-0.0,0.0,0.0,17219.0,0.0,0.752797,0.752797,49.150036,0.0,0.0,38.0,0.0,0.0,860.950012,0.0,18568.0,74.944443,13.0
5.534079,2.891177,64256.0,0.0,3.804679,0.207844,0.0,0.0,0.0,0.0,0.0,40301.929688,2404.557129,1.0,64.0,0.0,948.0,0.000994,1721542656.0,31872.0,0.208838,2896.0,37897.371094,2.891177,2.891177,62.0,0.0,17.0,0.0,12.0,-0.0,0.0,0.0,14551.0,1.0,2.891177,2.891177,9.684637,0.0,0.0,29.0,0.0,0.0,855.941162,0.0,15499.0,79.0,13.0
20.673687,0.145112,64256.0,2.0,34.456146,0.207844,0.0,2.0,0.0,1.0,16.666667,150504.4375,19571.091797,0.0,64.0,0.0,425.0,0.000994,1721542656.0,31872.0,0.208838,0.0,130933.351562,0.145112,0.145112,62.0,0.0,4.0,0.0,6.0,-0.0,1.0,0.0,3166.0,1.0,0.145112,0.145112,62.021061,0.0,0.0,10.0,0.0,0.0,791.5,0.0,3591.0,70.833336,13.0
36.536156,0.547403,64256.0,0.0,29.228924,0.044635,0.0,0.0,0.0,0.0,0.0,270352.9375,17654.269531,0.0,64.0,0.0,1283.0,0.000549,1721542656.0,31872.0,0.045184,0.0,252698.65625,0.547403,0.547403,62.0,0.0,21.0,0.0,17.0,-0.0,0.0,0.0,18155.0,0.0,0.547403,0.547403,67.591888,0.0,0.0,38.0,0.0,0.0,864.523804,0.0,19438.0,75.470589,13.0
3.332827,1.500228,64256.0,0.0,3.332827,0.212932,0.0,1.0,0.0,0.0,7.692308,4319.343262,2239.659424,1.0,64.0,0.0,503.0,0.003482,1721542656.0,31872.0,0.216414,0.0,2079.683838,1.500228,1.500228,62.0,0.0,6.0,0.0,6.0,-0.0,0.0,0.0,468.0,1.0,1.500228,1.500228,7.332219,1.0,0.0,12.0,1.0,0.0,78.0,0.0,971.0,83.833336,13.0
41.919823,0.381681,64256.0,0.0,28.81988,0.212932,0.0,0.0,0.0,1.0,0.0,376922.09375,16411.611328,0.0,64.0,0.0,854.0,0.003482,1721542656.0,31872.0,0.216414,0.0,360510.46875,0.381681,0.381681,62.0,0.0,17.0,0.0,12.0,-0.0,1.0,0.0,18275.0,1.0,0.381681,0.381681,73.359688,0.0,0.0,29.0,0.0,0.0,1075.0,0.0,19129.0,71.166664,13.0
20.071436,1.046263,64256.0,0.0,15.292522,0.194158,0.0,0.0,0.0,0.0,0.0,148758.015625,9236.683594,0.0,64.0,0.0,1283.0,0.019544,1721542656.0,31872.0,0.213702,0.0,139521.328125,1.046263,1.046263,62.0,0.0,22.0,0.0,17.0,-0.0,0.0,0.0,19115.0,0.0,1.046263,1.046263,36.31974,0.0,0.0,39.0,0.0,0.0,868.863647,0.0,20398.0,75.470589,13.0
0.302333,3.307614,64256.0,0.0,0.906998,0.225798,0.0,2.0,0.0,0.0,25.0,771.553101,602.246826,0.0,64.0,0.0,332.0,0.010033,1721542656.0,31872.0,0.235831,0.0,169.306335,3.307614,3.307614,62.0,0.0,2.0,0.0,4.0,-0.0,0.0,0.0,140.0,0.0,3.307614,3.307614,1.511664,1.0,0.0,6.0,2.0,0.0,70.0,0.0,472.0,83.0,13.0
0.0,0.0,197300.1840419336,0.0,0.0,0.225798,0.0,0.0,0.0,0.0,0.0,0.0,0.0,0.0,64.0,0.0,110.0,0.010033,1721542656.0,95686.87047841308,0.235831,0.0,0.0,0.0,0.0,62.0,0.0,0.0,0.0,1.0,-0.0,1.0,0.0,0.0,0.0,0.0,0.0,0.0,0.0,1.0,1.0,0.0,0.0,0.0,0.0,110.0,110.0,13.0
0.0,0.0,197300.1840419336,0.0,0.0,0.225798,0.0,0.0,0.0,0.0,0.0,0.0,0.0,0.0,64.0,0.0,110.0,0.010033,1721542656.0,95686.87047841308,0.235831,0.0,0.0,0.0,0.0,62.0,0.0,0.0,0.0,1.0,-0.0,1.0,0.0,0.0,0.0,0.0,0.0,0.0,0.0,1.0,1.0,0.0,0.0,0.0,0.0,110.0,110.0,13.0
0.0,0.0,197300.1840419336,0.0,0.0,0.225798,0.0,0.0,0.0,0.0,0.0,0.0,0.0,0.0,64.0,0.0,110.0,0.010033,1721542656.0,95686.87047841308,0.235831,0.0,0.0,0.0,0.0,62.0,0.0,0.0,0.0,1.0,-0.0,1.0,0.0,0.0,0.0,0.0,0.0,0.0,0.0,1.0,1.0,0.0,0.0,0.0,0.0,110.0,110.0,13.0
1.51713,4.613976,64256.0,1.0,2.167328,0.225798,0.0,1.0,0.0,1.0,5.0,2576.519775,1591.685791,0.0,64.0,0.0,1009.0,0.010033,1721542656.0,31872.0,0.235831,0.0,984.833923,4.613976,4.613976,62.0,0.0,8.0,0.0,11.0,-0.0,1.0,0.0,649.0,1.0,4.613976,4.613976,3.901191,0.0,0.0,19.0,0.0,0.0,81.125,0.0,1658.0,91.727272,13.0
0.0,0.0,64256.0,0.0,0.0,0.225798,0.0,0.0,0.0,0.0,0.0,0.0,0.0,0.0,64.0,0.0,0.0,0.010033,1721542656.0,95686.87047841308,0.235831,0.0,0.0,0.0,0.0,62.0,0.0,1.0,0.0,0.0,-0.0,1.0,0.0,54.0,1.0,0.0,0.0,0.0,0.0,0.0,1.0,0.0,0.0,54.0,0.0,54.0,0.0,13.0
1.508053,3.978641,64256.0,0.0,1.759395,0.174367,0.0,1.0,0.0,0.0,6.25,2227.896484,1260.731934,1.0,64.0,0.0,716.0,0.009036,1721542656.0,31872.0,0.183403,0.0,967.164429,3.978641,3.978641,62.0,0.0,7.0,0.0,8.0,-0.0,0.0,0.0,561.0,0.0,3.978641,3.978641,3.51879,1.0,0.0,15.0,1.0,0.0,80.14286,0.0,1277.0,89.5,13.0
3.123057,2.561593,64256.0,1.0,2.342292,0.174367,0.0,1.0,0.0,0.0,5.882353,35243.691406,1402.252441,0.0,64.0,0.0,523.0,0.009036,1721542656.0,31872.0,0.183403,0.0,33841.441406,2.561593,2.561593,62.0,1.0,9.0,0.0,7.0,-0.0,1.0,0.0,12190.0,1.0,2.561593,2.561593,5.855731,0.0,0.0,16.0,0.0,0.0,1354.444458,0.0,12713.0,74.714287,13.0
34.944439,0.200318,64256.0,2.0,34.944439,0.174367,0.0,2.0,0.0,1.0,11.111111,279395.78125,19888.378906,0.0,64.0,0.0,569.0,0.009036,1721542656.0,31872.0,0.183403,0.0,259507.390625,0.200318,0.200318,62.0,0.0,8.0,0.0,8.0,-0.0,1.0,0.0,7426.0,1.0,0.200318,0.200318,74.880943,0.0,0.0,16.0,0.0,0.0,928.25,0.0,7995.0,71.125,13.0
38.942532,0.564935,64256.0,0.0,30.091955,0.076742,0.0,0.0,0.0,0.0,0.0,296642.96875,18055.173828,0.0,64.0,0.0,1349.0,0.001076,1721542656.0,31872.0,0.077818,0.0,278587.78125,0.564935,0.564935,62.0,0.0,23.0,0.0,18.0,-0.0,0.0,0.0,20567.0,0.0,0.564935,0.564935,70.804604,0.0,0.0,41.0,0.0,0.0,894.217407,0.0,21916.0,74.944443,13.0
32.802185,0.670687,64256.0,0.0,25.347143,0.059369,0.0,0.0,0.0,0.0,0.0,255284.5,15208.286133,0.0,64.0,0.0,1349.0,0.002128,1721542656.0,31872.0,0.061497,0.0,240076.21875,0.670687,0.670687,62.0,0.0,23.0,0.0,18.0,-0.0,0.0,0.0,21041.0,0.0,0.670687,0.670687,59.640339,0.0,0.0,41.0,0.0,0.0,914.826111,0.0,22390.0,74.944443,13.0
30.446329,0.722583,64256.0,0.0,23.526709,0.091247,0.0,0.0,0.0,0.0,0.0,242031.71875,14116.025391,0.0,64.0,0.0,1349.0,0.001488,1721542656.0,31872.0,0.092735,0.0,227915.6875,0.722583,0.722583,62.0,0.0,23.0,0.0,18.0,-0.0,0.0,0.0,21521.0,0.0,0.722583,0.722583,55.356964,0.0,0.0,41.0,0.0,0.0,935.695679,0.0,22870.0,74.944443,13.0
11.038996,2.174111,64256.0,3.0,9.199162,0.059535,0.0,3.0,0.0,0.0,6.122449,83756.539062,5508.458496,0.0,64.0,0.0,1571.0,0.001515,1721542656.0,31872.0,0.06105,0.0,78248.078125,2.174111,2.174111,62.0,0.0,25.0,0.0,21.0,-0.0,0.0,0.0,22151.0,1.0,2.174111,2.174111,20.698116,0.0,0.0,46.0,0.0,0.0,886.039978,0.0,23722.0,74.809525,13.0
0.41403,2.415283,64256.0,0.0,1.24209,0.219489,0.0,2.0,0.0,0.0,25.0,1235.466064,1003.609131,0.0,64.0,0.0,404.0,0.0105,1721542656.0,31872.0,0.229989,0.0,231.856888,2.415283,2.415283,62.0,0.0,2.0,0.0,4.0,-0.0,0.0,0.0,140.0,0.0,2.415283,2.415283,2.070151,1.0,0.0,6.0,2.0,0.0,70.0,0.0,544.0,101.0,13.0
0.0,0.0,197300.1840419336,0.0,0.0,0.219489,0.0,0.0,0.0,0.0,0.0,0.0,0.0,0.0,64.0,0.0,110.0,0.0105,1721542656.0,95686.87047841308,0.229989,0.0,0.0,0.0,0.0,62.0,0.0,0.0,0.0,1.0,-0.0,1.0,0.0,0.0,0.0,0.0,0.0,0.0,0.0,1.0,1.0,0.0,0.0,0.0,0.0,110.0,110.0,13.0
0.0,0.0,64256.0,0.0,0.0,0.219489,0.0,0.0,0.0,0.0,0.0,0.0,0.0,0.0,64.0,0.0,110.0,0.0105,1721542656.0,31872.0,0.229989,0.0,0.0,0.0,0.0,62.0,1.0,1.0,0.0,1.0,-0.0,1.0,0.0,78.0,1.0,0.0,0.0,0.0,0.0,0.0,2.0,0.0,0.0,78.0,0.0,188.0,110.0,13.0
7.95288,2.263331,64256.0,1.0,5.30192,0.219489,0.0,1.0,0.0,0.0,3.030303,75527.617188,3138.736816,0.0,64.0,1.0,962.0,0.0105,1721542656.0,31872.0,0.229989,0.0,72388.882812,2.263331,2.263331,62.0,0.0,19.0,0.0,13.0,-0.0,1.0,0.0,21617.0,1.0,2.263331,2.263331,13.696628,0.0,0.0,32.0,0.0,0.0,1137.736816,0.0,22579.0,74.0,13.0
0.0,0.784645,64256.0,0.0,1.274462,0.219489,0.0,1.0,0.0,0.0,25.0,1111.330566,1111.330566,0.0,64.0,0.0,218.0,0.0105,1721542656.0,31872.0,0.229989,0.0,0.0,0.784645,0.784645,62.0,1.0,1.0,0.0,2.0,-0.0,1.0,0.0,78.0,1.0,0.784645,0.784645,2.548923,1.0,0.0,3.0,1.0,0.0,78.0,0.0,296.0,109.0,13.0
36.019951,0.638535,64256.0,0.0,26.623442,0.049979,0.0,0.0,0.0,0.0,0.0,292895.4375,15974.06543,0.0,64.0,0.0,1349.0,0.018218,1721542656.0,31872.0,0.068197,0.0,276921.375,0.638535,0.638535,62.0,0.0,24.0,0.0,18.0,-0.0,0.0,0.0,23063.0,0.0,0.638535,0.638535,64.20948,0.0,0.0,42.0,0.0,0.0,960.958313,0.0,24412.0,74.944443,13.0
32.792389,0.762372,64256.0,0.0,26.233912,0.045224,0.0,0.0,0.0,0.0,0.0,254720.78125,15467.514648,0.0,64.0,0.0,1547.0,0.001002,1721542656.0,31872.0,0.046226,0.0,239253.265625,0.762372,0.762372,62.0,0.0,26.0,0.0,21.0,-0.0,0.0,0.0,23711.0,1.0,0.762372,0.762372,60.337997,0.0,0.0,47.0,0.0,0.0,911.961548,0.0,25258.0,73.666664,13.0
2.118694,4.247899,64256.0,0.0,2.118694,0.212654,0.0,2.0,0.0,0.0,9.090909,5222.346191,1440.712158,1.0,64.0,0.0,849.0,0.003223,1721542656.0,31872.0,0.215877,0.0,3781.634033,4.247899,4.247899,62.0,0.0,10.0,0.0,10.0,-0.0,0.0,0.0,2231.0,1.0,4.247899,4.247899,4.472799,1.0,0.0,20.0,2.0,0.0,223.100006,0.0,3080.0,84.900002,13.0
6.758537,0.295922,64256.0,0.0,3.379269,0.219489,0.0,0.0,0.0,0.0,0.0,17112.617188,3081.893066,0.0,64.0,0.0,227.0,0.0105,1721542656.0,31872.0,0.229989,0.0,14030.723633,0.295922,0.295922,62.0,0.0,3.0,0.0,2.0,-0.0,1.0,0.0,778.0,1.0,0.295922,0.295922,13.517075,0.0,0.0,5.0,0.0,0.0,259.333344,0.0,1005.0,113.5,13.0
3.088953,2.589874,64256.0,2.0,2.316715,0.212654,0.0,2.0,0.0,0.0,11.111111,38732.386719,1318.983032,0.0,64.0,0.0,498.0,0.003223,1721542656.0,31872.0,0.215877,0.0,37413.402344,2.589874,2.589874,62.0,0.0,9.0,0.0,7.0,-0.0,1.0,0.0,13626.0,1.0,2.589874,2.589874,5.791788,0.0,0.0,16.0,0.0,0.0,1514.0,0.0,14124.0,71.14286,13.0
0.0,0.0,64256.0,0.0,0.0,0.212654,0.0,0.0,0.0,0.0,0.0,0.0,0.0,0.0,64.0,0.0,121.0,0.003223,1721542656.0,31872.0,0.215877,0.0,0.0,0.0,0.0,62.0,1.0,1.0,0.0,1.0,-0.0,1.0,0.0,66.0,1.0,0.0,0.0,0.0,0.0,0.0,2.0,0.0,0.0,66.0,0.0,187.0,121.0,13.0
1.661883,4.813818,64256.0,0.0,1.869618,0.235823,0.0,3.0,0.0,0.0,13.636364,2389.787109,1329.505981,1.0,64.0,0.0,888.0,0.016793,1721542656.0,31872.0,0.252616,0.0,1060.281006,4.813818,4.813818,62.0,0.0,9.0,0.0,10.0,-0.0,0.0,0.0,717.0,1.0,4.813818,4.813818,3.739236,1.0,0.0,19.0,3.0,0.0,79.666664,0.0,1605.0,88.800003,13.0
0.918779,2.176802,64256.0,0.0,0.45939,0.235823,0.0,0.0,0.0,0.0,0.0,7875.773926,264.608368,0.0,64.0,0.0,144.0,0.016793,1721542656.0,31872.0,0.252616,4343.0,7611.165527,2.176802,2.176802,62.0,0.0,3.0,0.0,2.0,-0.0,1.0,0.0,3106.0,1.0,2.176802,2.176802,1.837558,0.0,0.0,5.0,0.0,0.0,1035.333374,0.0,3250.0,72.0,13.0
38.361668,0.417083,64256.0,3.0,33.56646,0.235823,0.0,3.0,0.0,1.0,8.571429,400035.5,18471.144531,0.0,64.0,0.0,1031.0,0.016793,1721542656.0,31872.0,0.252616,0.0,381564.34375,0.417083,0.417083,62.0,0.0,17.0,0.0,15.0,-0.0,1.0,0.0,21136.0,1.0,0.417083,0.417083,74.325737,0.0,0.0,32.0,0.0,0.0,1243.294067,0.0,22167.0,68.73333,13.0
4.159134,4.327824,64256.0,3.0,3.697008,0.309323,1.0,4.0,0.0,0.0,10.0,35204.757812,2404.903564,1.0,64.0,0.0,1382.0,0.010576,1721542656.0,31872.0,0.319899,0.0,32799.855469,4.327824,4.327824,62.0,0.0,19.0,0.0,17.0,-0.0,0.0,0.0,18729.0,1.0,4.327824,4.327824,8.087205,0.0,0.0,36.0,1.0,0.0,985.736816,0.0,20111.0,81.294121,13.0
25.680096,0.233644,64256.0,2.0,25.680096,0.309323,0.0,2.0,0.0,1.0,12.5,206091.328125,14791.734375,0.0,64.0,0.0,503.0,0.010576,1721542656.0,31872.0,0.319899,0.0,191299.59375,0.233644,0.233644,62.0,0.0,7.0,0.0,7.0,-0.0,1.0,0.0,6518.0,1.0,0.233644,0.233644,55.640205,0.0,0.0,14.0,0.0,0.0,931.142883,0.0,7021.0,71.85714,13.0
3.860199,1.036216,64256.0,0.0,3.860199,0.105625,0.0,1.0,0.0,0.0,9.090909,5118.624023,2841.106445,1.0,64.0,0.0,460.0,0.047588,1721542656.0,31872.0,0.153213,0.0,2277.517334,1.036216,1.036216,62.0,0.0,5.0,0.0,5.0,-0.0,0.0,0.0,368.0,1.0,1.036216,1.036216,8.685448,1.0,0.0,10.0,1.0,0.0,73.599998,0.0,828.0,92.0,13.0
0.0,0.0,64256.0,0.0,0.0,0.212654,0.0,0.0,0.0,0.0,0.0,0.0,0.0,0.0,64.0,0.0,121.0,0.003223,1721542656.0,31872.0,0.215877,0.0,0.0,0.0,0.0,62.0,0.0,1.0,0.0,1.0,-0.0,1.0,0.0,54.0,1.0,0.0,0.0,0.0,0.0,0.0,2.0,0.0,0.0,54.0,0.0,175.0,121.0,13.0
11.928994,1.844246,64256.0,0.0,8.675632,0.105625,0.0,0.0,0.0,1.0,0.0,110887.59375,4867.029785,0.0,64.0,0.0,1192.0,0.047588,1721542656.0,31872.0,0.153213,0.0,106020.5625,1.844246,1.844246,62.0,0.0,23.0,0.0,17.0,-0.0,1.0,0.0,25551.0,1.0,1.844246,1.844246,21.146852,0.0,0.0,40.0,0.0,0.0,1110.913086,0.0,26743.0,70.117645,13.0
41.266109,0.605824,64256.0,0.0,29.711599,0.060004,0.0,0.0,0.0,0.0,0.0,351772.125,17708.113281,0.0,64.0,0.0,1415.0,0.001077,1721542656.0,34816.0,0.061081,0.0,334064.03125,0.605824,0.605824,62.0,0.0,26.0,0.0,19.0,-0.0,0.0,0.0,26309.0,0.0,0.605824,0.605824,72.628357,0.0,0.0,45.0,0.0,0.0,1011.884644,0.0,27724.0,74.473686,13.0
41.90115,0.620508,64256.0,0.0,30.620071,0.061255,0.0,0.0,0.0,0.0,0.0,352304.875,18139.974609,0.0,64.0,0.0,1481.0,0.001056,1721542656.0,31872.0,0.062311,0.0,334164.90625,0.620508,0.620508,62.0,0.0,27.0,0.0,20.0,-0.0,0.0,0.0,26915.0,0.0,0.620508,0.620508,74.132805,0.0,0.0,47.0,0.0,0.0,996.851868,0.0,28396.0,74.050003,13.0
1.004753,1.99054,64256.0,0.0,1.507129,0.21313,0.0,2.0,0.0,0.0,22.222222,1804.5354,1217.76001,0.0,64.0,0.0,404.0,0.001478,1721542656.0,31872.0,0.214608,0.0,586.775452,1.99054,1.99054,62.0,0.0,3.0,0.0,4.0,-0.0,0.0,0.0,218.0,1.0,1.99054,1.99054,3.014257,1.0,0.0,7.0,2.0,0.0,72.666664,0.0,622.0,101.0,13.0
0.0,2.828843,64256.0,0.0,1.414006,0.21313,0.0,3.0,0.0,0.0,33.333333,1100.096313,1100.096313,0.0,64.0,1.0,486.0,0.001478,1721542656.0,31872.0,0.214608,0.0,0.0,2.828843,2.828843,62.0,0.0,1.0,0.0,5.0,-0.0,1.0,0.0,84.0,1.0,2.828843,2.828843,1.767507,1.0,0.0,6.0,3.0,0.0,84.0,0.0,570.0,97.199997,13.0
0.0,0.0,197300.1840419336,0.0,0.0,0.21313,0.0,0.0,0.0,0.0,0.0,0.0,0.0,0.0,64.0,0.0,105.0,0.001478,1721542656.0,95686.87047841308,0.214608,0.0,0.0,0.0,0.0,62.0,0.0,0.0,0.0,1.0,-0.0,1.0,0.0,0.0,1.0,0.0,0.0,0.0,0.0,1.0,1.0,0.0,0.0,0.0,0.0,105.0,105.0,13.0
8.485726,2.710434,64256.0,0.0,5.903114,0.21313,0.0,0.0,0.0,1.0,0.0,80465.351562,3420.854492,0.0,64.0,0.0,1231.0,0.001478,1721542656.0,31872.0,0.214608,0.0,77044.492188,2.710434,2.710434,62.0,0.0,24.0,0.0,17.0,-0.0,1.0,0.0,27237.0,1.0,2.710434,2.710434,14.757785,0.0,0.0,41.0,0.0,0.0,1134.875,0.0,28468.0,72.411766,13.0
46.923714,0.575402,64256.0,0.0,33.020393,0.060993,0.0,0.0,0.0,0.0,0.0,396022.25,19561.974609,0.0,64.0,0.0,1481.0,0.000997,1721542656.0,31872.0,0.06199,0.0,376460.28125,0.575402,0.575402,62.0,0.0,28.0,0.0,20.0,-0.0,0.0,0.0,28079.0,0.0,0.575402,0.575402,81.682022,0.0,0.0,48.0,0.0,0.0,1002.821411,0.0,29560.0,74.050003,13.0
1.606522,1.244925,64256.0,0.0,1.606522,0.225926,0.0,1.0,0.0,0.0,14.285714,2197.722656,1259.51355,0.0,64.0,0.0,294.0,0.005958,1721542656.0,31872.0,0.231884,0.0,938.209106,1.244925,1.244925,62.0,0.0,3.0,0.0,3.0,-0.0,0.0,0.0,218.0,1.0,1.244925,1.244925,4.016306,1.0,0.0,6.0,1.0,0.0,72.666664,0.0,512.0,98.0,13.0
38.578281,0.648033,64256.0,0.0,32.405754,0.225926,0.0,0.0,0.0,1.0,0.0,356673.1875,18406.46875,0.0,64.0,0.0,1561.0,0.005958,1721542656.0,31872.0,0.231884,0.0,338266.71875,0.648033,0.648033,62.0,0.0,26.0,0.0,22.0,-0.0,1.0,0.0,28497.0,1.0,0.648033,0.648033,72.527168,0.0,0.0,48.0,0.0,0.0,1096.038452,0.0,30058.0,70.954544,13.0
36.291054,0.77154,64256.0,0.0,28.5144,0.045726,0.0,0.0,0.0,0.0,0.0,309780.4375,16652.410156,0.0,64.0,0.0,1679.0,0.001003,1721542656.0,31872.0,0.046729,0.0,293128.03125,0.77154,0.77154,62.0,0.0,29.0,0.0,23.0,-0.0,0.0,0.0,29279.0,1.0,0.77154,0.77154,66.101562,0.0,0.0,52.0,0.0,0.0,1009.620667,0.0,30958.0,73.0,13.0
5.580753,4.300495,64256.0,7.0,4.185565,0.288007,1.0,8.0,0.0,0.0,15.384615,52310.253906,2639.696045,1.0,64.0,0.0,1497.0,0.021665,1721542656.0,31872.0,0.309672,0.0,49670.558594,4.300495,4.300495,62.0,0.0,25.0,0.0,19.0,-0.0,0.0,0.0,27813.0,1.0,4.300495,4.300495,9.998849,0.0,0.0,44.0,1.0,0.0,1112.52002,0.0,29310.0,78.789474,13.0
0.655085,4.579556,64256.0,0.0,1.091809,0.288007,0.0,0.0,0.0,1.0,0.0,3254.463867,602.678528,0.0,64.0,0.0,413.0,0.021665,1721542656.0,31872.0,0.309672,0.0,2651.7854,4.579556,4.579556,62.0,0.0,4.0,0.0,6.0,-0.0,1.0,0.0,2024.0,1.0,4.579556,4.579556,1.965256,0.0,0.0,10.0,0.0,0.0,506.0,0.0,2437.0,68.833336,13.0
5.044917,4.955483,64256.0,1.0,3.834137,0.248917,1.0,2.0,0.0,0.0,4.166667,49256.148438,2361.828369,1.0,64.0,0.0,1540.0,0.00253,1721542656.0,31872.0,0.251447,0.0,46894.320312,4.955483,4.955483,62.0,0.0,26.0,0.0,20.0,-0.0,0.0,0.0,30209.0,1.0,4.955483,4.955483,9.080851,0.0,0.0,46.0,1.0,0.0,1161.884644,0.0,31749.0,77.0,13.0
1.009474,0.990615,64256.0,0.0,2.018948,0.248917,0.0,0.0,0.0,0.0,0.0,1720.143555,1114.459229,0.0,64.0,0.0,207.0,0.00253,1721542656.0,31872.0,0.251447,0.0,605.684326,0.990615,0.990615,62.0,0.0,2.0,0.0,3.0,-0.0,1.0,0.0,150.0,1.0,0.990615,0.990615,4.037896,0.0,0.0,5.0,0.0,0.0,75.0,0.0,357.0,69.0,13.0
0.0,0.002105,64256.0,0.0,0.0,0.248917,0.0,0.0,0.0,0.0,0.0,0.0,0.0,0.0,64.0,0.0,66.0,0.00253,1721542656.0,31872.0,0.251447,0.0,0.0,0.002105,0.002105,62.0,0.0,1.0,0.0,1.0,-0.0,1.0,0.0,66.0,1.0,0.002105,0.002105,475.059387,0.0,0.0,2.0,0.0,0.0,66.0,0.0,132.0,66.0,13.0
1.677622,2.980409,64256.0,0.0,2.013147,0.216389,0.0,2.0,0.0,0.0,13.333333,2375.512939,1328.676758,1.0,64.0,0.0,577.0,0.001984,1721542656.0,31872.0,0.218373,0.0,1046.836182,2.980409,2.980409,62.0,0.0,6.0,0.0,7.0,-0.0,0.0,0.0,468.0,1.0,2.980409,2.980409,4.026293,1.0,0.0,13.0,2.0,0.0,78.0,0.0,1045.0,82.428574,13.0
1.884653,3.714212,64256.0,2.0,1.615417,0.216389,0.0,2.0,0.0,0.0,11.764706,15740.620117,1025.251099,0.0,64.0,1.0,555.0,0.001984,1721542656.0,31872.0,0.218373,0.0,14715.369141,3.714212,3.714212,62.0,0.0,8.0,0.0,7.0,-0.0,1.0,0.0,7807.0,1.0,3.714212,3.714212,3.769306,0.0,0.0,15.0,0.0,0.0,975.875,0.0,8362.0,79.285713,13.0
5.930565,2.866506,64256.0,5.0,5.232851,0.216389,0.0,5.0,0.0,1.0,12.820513,63344.011719,2902.488037,0.0,64.0,0.0,1109.0,0.001984,1721542656.0,31872.0,0.218373,0.0,60441.523438,2.866506,2.866506,62.0,0.0,18.0,0.0,16.0,-0.0,1.0,0.0,22930.0,1.0,2.866506,2.866506,11.512273,0.0,0.0,34.0,0.0,0.0,1273.888916,0.0,24039.0,69.3125,13.0
55.200771,0.525355,64256.0,0.0,38.069496,0.061098,0.0,0.0,0.0,0.0,0.0,488340.28125,22445.775391,0.0,64.0,0.0,1547.0,0.00096,1721542656.0,31872.0,0.062058,0.0,465894.5,0.525355,0.525355,62.0,0.0,30.0,0.0,21.0,-0.0,0.0,0.0,31649.0,0.0,0.525355,0.525355,95.173744,0.0,0.0,51.0,0.0,0.0,1054.966675,0.0,33196.0,73.666664,13.0
44.088158,0.657773,64256.0,0.0,30.405626,0.060868,0.0,0.0,0.0,0.0,0.0,397012.34375,17927.15625,0.0,64.0,0.0,1547.0,0.000992,1721542656.0,43520.0,0.06186,0.0,379085.1875,0.657773,0.657773,62.0,0.0,30.0,0.0,21.0,-0.0,0.0,0.0,32243.0,0.0,0.657773,0.657773,76.014061,0.0,0.0,51.0,0.0,0.0,1074.766724,0.0,33790.0,73.666664,13.0
47.063549,0.637436,64256.0,0.0,32.944485,0.137171,0.0,0.0,0.0,0.0,0.0,419028.75,19327.431641,0.0,64.0,0.0,1613.0,0.001498,1721542656.0,31872.0,0.138669,0.0,399701.3125,0.637436,0.637436,62.0,0.0,31.0,0.0,22.0,-0.0,0.0,0.0,32909.0,0.0,0.637436,0.637436,81.57682,0.0,0.0,53.0,0.0,0.0,1061.580688,0.0,34522.0,73.318184,13.0
7.09546,1.409352,64256.0,0.0,9.224097,0.045757,0.0,0.0,0.0,0.0,0.0,12470.980469,5721.778809,0.0,64.0,0.0,1085.0,0.000993,1721542656.0,31872.0,0.04675,0.0,6749.201172,1.409352,1.409352,62.0,0.0,11.0,0.0,14.0,-0.0,0.0,0.0,1307.0,1.0,1.409352,1.409352,17.029104,0.0,0.0,25.0,0.0,0.0,118.818184,0.0,2392.0,77.5,14.0
9.833218,0.915265,64256.0,0.0,13.110956,0.061533,0.0,0.0,0.0,0.0,0.0,17988.232422,8224.94043,0.0,64.0,0.0,1019.0,0.000496,1721542656.0,31872.0,0.062029,0.0,9763.291992,0.915265,0.915265,62.0,0.0,10.0,0.0,13.0,-0.0,0.0,0.0,1241.0,0.0,0.915265,0.915265,24.036755,0.0,0.0,23.0,0.0,0.0,124.099998,0.0,2260.0,78.384613,14.0
6.41011,1.404032,64256.0,0.0,8.546814,0.167896,0.0,0.0,0.0,0.0,0.0,11823.092773,5361.701172,0.0,64.0,0.0,1019.0,0.001741,1721542656.0,31872.0,0.169637,0.0,6461.391113,1.404032,1.404032,62.0,0.0,10.0,0.0,13.0,-0.0,0.0,0.0,1259.0,0.0,1.404032,1.404032,15.669159,0.0,0.0,23.0,0.0,0.0,125.900002,0.0,2278.0,78.384613,14.0
2.763926,2.894434,64256.0,0.0,2.763926,0.23028,0.0,0.0,0.0,0.0,0.0,6091.691895,1843.53833,1.0,64.0,0.0,750.0,0.002168,1721542656.0,31872.0,0.232448,0.0,4248.15332,2.894434,2.894434,61.0,0.0,9.0,0.0,9.0,-0.0,0.0,0.0,1729.0,1.0,2.894434,2.894434,5.873342,0.0,0.0,18.0,0.0,0.0,192.111115,0.0,2479.0,83.333336,14.0
0.633203,1.579273,64256.0,0.0,3.166014,0.23028,0.0,1.0,0.0,1.0,11.111111,2127.561279,1778.033325,0.0,64.0,0.0,421.0,0.002168,1721542656.0,31872.0,0.232448,0.0,349.527924,1.579273,1.579273,61.0,0.0,2.0,0.0,6.0,-0.0,1.0,0.0,138.0,1.0,1.579273,1.579273,4.432419,1.0,0.0,8.0,1.0,0.0,69.0,0.0,559.0,70.166664,14.0
1.822196,4.390308,64256.0,0.0,2.961068,0.167117,0.0,4.0,0.0,0.0,14.814815,4794.196777,1895.083496,1.0,64.0,0.0,1120.0,0.00149,1721542656.0,31872.0,0.168607,0.0,2899.113281,4.390308,4.390308,62.0,0.0,9.0,0.0,14.0,-0.0,0.0,0.0,1789.0,1.0,4.390308,4.390308,5.011038,1.0,0.0,23.0,4.0,0.0,198.777771,0.0,2909.0,80.0,14.0
0.0,0.0,197300.1840419336,0.0,0.0,0.167117,0.0,0.0,0.0,0.0,0.0,0.0,0.0,0.0,64.0,0.0,74.0,0.00149,1721542656.0,95686.87047841308,0.168607,0.0,0.0,0.0,0.0,62.0,0.0,0.0,0.0,1.0,-0.0,1.0,0.0,0.0,1.0,0.0,0.0,0.0,0.0,1.0,1.0,0.0,0.0,0.0,0.0,74.0,74.0,14.0
3.818674,0.261871,64256.0,0.0,15.274695,0.167117,0.0,0.0,0.0,1.0,0.0,10600.638672,8492.730469,0.0,64.0,0.0,347.0,0.00149,1721542656.0,31872.0,0.168607,0.0,2107.907959,0.261871,0.261871,62.0,0.0,2.0,0.0,5.0,-0.0,1.0,0.0,138.0,1.0,0.261871,0.261871,22.912045,0.0,0.0,7.0,0.0,0.0,69.0,0.0,485.0,69.400002,14.0
2.701793,4.07137,64256.0,0.0,3.438646,0.275948,0.0,1.0,0.0,0.0,3.571429,5867.3125,2147.679932,0.0,64.0,0.0,1171.0,0.000501,1721542656.0,31872.0,0.276449,0.0,3719.632324,4.07137,4.07137,62.0,0.0,12.0,0.0,15.0,-0.0,0.0,0.0,2065.0,1.0,4.07137,4.07137,6.386056,1.0,0.0,27.0,1.0,0.0,172.083328,0.0,3236.0,78.066666,14.0
6.622458,1.359012,64256.0,0.0,8.829944,0.169145,0.0,0.0,0.0,0.0,0.0,12909.37793,5539.318359,0.0,64.0,0.0,1019.0,0.000494,1721542656.0,31872.0,0.169639,0.0,7370.060059,1.359012,1.359012,62.0,0.0,10.0,0.0,13.0,-0.0,0.0,0.0,1391.0,0.0,1.359012,1.359012,16.188231,0.0,0.0,23.0,0.0,0.0,139.100006,0.0,2410.0,78.384613,14.0
16.15303,0.557171,64256.0,0.0,21.537374,0.061578,0.0,0.0,0.0,0.0,0.0,32119.404297,13511.112305,0.0,64.0,0.0,1019.0,0.000989,1721542656.0,31872.0,0.062567,0.0,18608.291016,0.557171,0.557171,62.0,0.0,10.0,0.0,13.0,-0.0,0.0,0.0,1439.0,0.0,0.557171,0.557171,39.485188,0.0,0.0,23.0,0.0,0.0,143.899994,0.0,2458.0,78.384613,14.0
6.544759,1.375146,64256.0,0.0,7.271955,0.168451,0.0,0.0,0.0,0.0,0.0,12513.580078,4694.773926,0.0,64.0,0.0,887.0,0.000484,1721542656.0,31872.0,0.168935,0.0,7818.806152,1.375146,1.375146,62.0,0.0,10.0,0.0,11.0,-0.0,0.0,0.0,1493.0,0.0,1.375146,1.375146,14.54391,0.0,0.0,21.0,0.0,0.0,149.300003,0.0,2380.0,80.63636,14.0
4.979081,2.209243,64256.0,0.0,7.2423,0.153527,0.0,3.0,0.0,0.0,9.375,12746.447266,4515.57373,0.0,64.0,0.0,1324.0,0.001173,1721542656.0,31872.0,0.1547,0.0,8230.873047,2.209243,2.209243,62.0,0.0,12.0,0.0,17.0,-0.0,0.0,0.0,2479.0,1.0,2.209243,2.209243,12.674025,1.0,0.0,29.0,3.0,0.0,206.583328,0.0,3803.0,77.882355,14.0
1.603062,4.990449,64256.0,0.0,2.003828,0.261179,0.0,3.0,0.0,0.0,13.043478,3695.05835,1473.214111,1.0,64.0,0.0,1010.0,0.000496,1721542656.0,31872.0,0.261675,0.0,2221.844238,4.990449,4.990449,62.0,0.0,9.0,0.0,11.0,-0.0,0.0,0.0,1559.0,1.0,4.990449,4.990449,3.807273,1.0,0.0,20.0,3.0,0.0,173.222229,0.0,2569.0,91.818184,14.0
0.933984,2.141364,64256.0,0.0,3.268944,0.261179,0.0,2.0,0.0,1.0,15.384615,4513.01123,1875.440063,0.0,64.0,0.0,573.0,0.000496,1721542656.0,31872.0,0.261675,0.0,2637.571045,2.141364,2.141364,62.0,0.0,3.0,0.0,8.0,-0.0,1.0,0.0,1058.0,1.0,2.141364,2.141364,4.66992,1.0,0.0,11.0,2.0,0.0,352.666656,0.0,1631.0,71.625,14.0
5.706525,1.577142,64256.0,0.0,7.6087,0.168813,0.0,0.0,0.0,0.0,0.0,12493.485352,4773.190918,0.0,64.0,0.0,1019.0,0.000996,1721542656.0,31872.0,0.169809,0.0,7720.293945,1.577142,1.577142,62.0,0.0,10.0,0.0,13.0,-0.0,0.0,0.0,1691.0,0.0,1.577142,1.577142,13.949283,0.0,0.0,23.0,0.0,0.0,169.100006,0.0,2710.0,78.384613,14.0
2.035226,4.422114,64256.0,0.0,2.713634,0.276049,0.0,3.0,0.0,0.0,11.538462,7907.530273,1767.480469,1.0,64.0,0.0,1058.0,0.000748,1721542656.0,31872.0,0.276797,0.0,6140.049805,4.422114,4.422114,62.0,0.0,10.0,0.0,13.0,-0.0,0.0,0.0,3771.0,1.0,4.422114,4.422114,4.974996,1.0,0.0,23.0,3.0,0.0,377.100006,0.0,4829.0,81.384613,14.0
0.0,4.90412,64256.0,0.0,0.611731,0.276049,0.0,0.0,0.0,0.0,0.0,344.200378,344.200378,0.0,64.0,0.0,281.0,0.000748,1721542656.0,31872.0,0.276797,0.0,0.0,4.90412,4.90412,62.0,0.0,1.0,0.0,4.0,-0.0,1.0,0.0,72.0,1.0,4.90412,4.90412,0.815641,0.0,0.0,5.0,0.0,0.0,72.0,0.0,353.0,70.25,14.0
0.0,0.000992,64256.0,0.0,0.0,0.276049,0.0,0.0,0.0,0.0,0.0,0.0,0.0,0.0,64.0,0.0,66.0,0.000748,1721542656.0,31872.0,0.276797,0.0,0.0,0.000992,0.000992,62.0,0.0,1.0,0.0,1.0,-0.0,1.0,0.0,66.0,1.0,0.000992,0.000992,1008.064514,0.0,0.0,2.0,0.0,0.0,66.0,0.0,132.0,66.0,14.0
1.945344,4.626431,64256.0,2.0,2.593792,0.167298,1.0,6.0,0.0,0.0,20.689655,4563.344727,1663.485352,1.0,64.0,0.0,1042.0,0.000496,1721542656.0,31872.0,0.167794,0.0,2899.859619,4.626431,4.626431,62.0,0.0,10.0,0.0,13.0,-0.0,0.0,0.0,1863.0,0.0,4.626431,4.626431,4.755285,0.0,0.0,23.0,4.0,0.0,186.300003,0.0,2905.0,80.153847,14.0
15.916216,0.062829,64256.0,0.0,63.664864,0.167298,0.0,0.0,0.0,1.0,0.0,44183.417969,35397.664062,0.0,64.0,0.0,347.0,0.000496,1721542656.0,31872.0,0.167794,0.0,8785.750977,0.062829,0.062829,62.0,0.0,2.0,0.0,5.0,-0.0,1.0,0.0,138.0,0.0,0.062829,0.062829,95.497299,0.0,0.0,7.0,0.0,0.0,69.0,0.0,485.0,69.400002,14.0
1.748736,4.574733,64256.0,0.0,2.404512,0.165455,0.0,4.0,0.0,0.0,16.0,4677.868652,1750.484741,1.0,64.0,0.0,1092.0,0.001005,1721542656.0,31872.0,0.16646,0.0,2927.384033,4.574733,4.574733,62.0,0.0,9.0,0.0,12.0,-0.0,0.0,0.0,1883.0,1.0,4.574733,4.574733,4.37184,1.0,0.0,21.0,4.0,0.0,209.222229,0.0,2975.0,91.0,14.0
1.086212,2.761891,64256.0,0.0,2.172425,0.165455,0.0,1.0,0.0,1.0,8.333333,4385.401367,1239.730347,0.0,64.0,0.0,499.0,0.001005,1721542656.0,31872.0,0.16646,0.0,3145.670898,2.761891,2.761891,62.0,0.0,4.0,0.0,7.0,-0.0,1.0,0.0,1448.0,1.0,2.761891,2.761891,3.620708,1.0,0.0,11.0,1.0,0.0,362.0,0.0,1947.0,71.285713,14.0
4.414251,2.038851,64256.0,0.0,4.904723,0.323605,0.0,0.0,0.0,0.0,0.0,10370.546875,3166.489258,0.0,64.0,0.0,887.0,0.001,1721542656.0,31872.0,0.324605,0.0,7204.057617,2.038851,2.038851,62.0,0.0,10.0,0.0,11.0,-0.0,0.0,0.0,2039.0,0.0,2.038851,2.038851,9.809446,0.0,0.0,21.0,0.0,0.0,203.899994,0.0,2926.0,80.63636,14.0
3.700728,3.242605,64256.0,0.0,5.551093,0.198695,0.0,3.0,0.0,0.0,8.571429,15121.175781,3449.078857,0.0,64.0,0.0,1475.0,0.000555,1721542656.0,31872.0,0.19925,0.0,11672.09668,3.242605,3.242605,62.0,0.0,13.0,0.0,19.0,-0.0,0.0,0.0,5125.0,1.0,3.242605,3.242605,9.560215,1.0,0.0,32.0,3.0,0.0,394.230774,0.0,6600.0,77.631577,14.0
0.0,3.096699,8222720.0,0.0,0.645849,0.0,0.0,2.0,0.0,0.0,33.333333,382.342621,382.342621,0.0,64.0,0.0,222.0,0.001505,1721542656.0,4077568.0,0.001505,0.0,0.0,3.096699,3.096699,62.0,0.0,1.0,0.0,3.0,-0.0,0.0,0.0,74.0,0.0,3.096699,3.096699,0.968774,1.0,0.0,4.0,2.0,0.0,74.0,0.0,296.0,74.0,14.0
0.0,0.0,197300.1840419336,0.0,0.0,0.0,0.0,0.0,0.0,0.0,0.0,0.0,0.0,0.0,64.0,0.0,74.0,0.001505,1721542656.0,95686.87047841308,0.001505,0.0,0.0,0.0,0.0,62.0,0.0,0.0,0.0,1.0,-0.0,1.0,0.0,0.0,0.0,0.0,0.0,0.0,1.0,0.0,1.0,1.0,0.0,0.0,0.0,74.0,74.0,14.0
8.40777,1.189376,64256.0,0.0,9.248548,0.148555,0.0,1.0,0.0,0.0,4.166667,19990.314453,5878.712891,0.0,64.0,0.0,953.0,0.001505,1721542656.0,31872.0,0.15006,0.0,14111.601562,1.189376,1.189376,62.0,0.0,11.0,0.0,12.0,-0.0,1.0,0.0,2307.0,0.0,1.189376,1.189376,18.497095,1.0,0.0,23.0,1.0,0.0,209.72728,0.0,3260.0,79.416664,14.0
3.257924,3.069439,64256.0,0.0,3.909509,0.292474,0.0,1.0,0.0,0.0,4.0,8228.213867,2470.809814,0.0,64.0,0.0,1027.0,0.00102,1721542656.0,31872.0,0.293494,0.0,5757.403809,3.069439,3.069439,62.0,0.0,11.0,0.0,13.0,-0.0,0.0,0.0,2429.0,0.0,3.069439,3.069439,7.493226,1.0,0.0,24.0,1.0,0.0,220.818176,0.0,3456.0,79.0,14.0
20.203979,0.494952,64256.0,0.0,22.224377,0.061066,0.0,0.0,0.0,0.0,0.0,51592.882812,14126.623047,0.0,64.0,0.0,953.0,0.000672,1721542656.0,31872.0,0.061738,0.0,37466.261719,0.494952,0.494952,62.0,0.0,11.0,0.0,12.0,-0.0,0.0,0.0,2549.0,0.0,0.494952,0.494952,44.448753,0.0,0.0,23.0,0.0,0.0,231.72728,0.0,3502.0,79.416664,14.0
17.97743,0.556253,64256.0,0.0,19.775173,0.061232,0.0,0.0,0.0,0.0,0.0,47546.707031,12569.819336,0.0,64.0,0.0,953.0,0.000502,1721542656.0,31872.0,0.061734,0.0,34976.890625,0.556253,0.556253,62.0,0.0,11.0,0.0,12.0,-0.0,0.0,0.0,2675.0,0.0,0.556253,0.556253,39.550346,0.0,0.0,23.0,0.0,0.0,243.181824,0.0,3628.0,79.416664,14.0
0.982861,1.017438,64256.0,0.0,1.965722,0.262781,0.0,1.0,0.0,0.0,16.666667,2091.527832,1541.125732,0.0,64.0,0.0,294.0,0.001908,1721542656.0,31872.0,0.264689,0.0,550.402039,1.017438,1.017438,62.0,0.0,2.0,0.0,3.0,-0.0,0.0,0.0,140.0,0.0,1.017438,1.017438,3.931443,1.0,0.0,5.0,1.0,0.0,70.0,0.0,434.0,98.0,14.0
0.0,0.0,197300.1840419336,0.0,0.0,0.262781,0.0,0.0,0.0,0.0,0.0,0.0,0.0,0.0,64.0,0.0,110.0,0.001908,1721542656.0,95686.87047841308,0.264689,0.0,0.0,0.0,0.0,62.0,0.0,0.0,0.0,1.0,-0.0,1.0,0.0,0.0,0.0,0.0,0.0,0.0,0.0,1.0,1.0,0.0,0.0,0.0,0.0,110.0,110.0,14.0
7.101327,1.12655,64256.0,0.0,8.876659,0.262781,0.0,0.0,0.0,1.0,0.0,22518.310547,5681.062012,0.0,64.0,0.0,879.0,0.001908,1721542656.0,31872.0,0.264689,0.0,16837.248047,1.12655,1.12655,62.0,0.0,9.0,0.0,11.0,-0.0,1.0,0.0,2667.0,0.0,1.12655,1.12655,16.865652,0.0,0.0,20.0,0.0,0.0,296.333344,0.0,3546.0,79.909088,14.0
4.722857,2.329099,64256.0,0.0,5.581558,0.185391,0.0,1.0,0.0,0.0,3.703704,12969.822266,3486.32666,0.0,64.0,0.0,1093.0,0.000993,1721542656.0,31872.0,0.186384,0.0,9483.496094,2.329099,2.329099,62.0,0.0,12.0,0.0,14.0,-0.0,0.0,0.0,3011.0,0.0,2.329099,2.329099,10.733765,1.0,0.0,26.0,1.0,0.0,250.916672,0.0,4104.0,78.071426,14.0
5.045531,2.180147,64256.0,0.0,7.338955,0.060889,0.0,5.0,0.0,0.0,14.705882,17903.380859,4564.830078,0.0,64.0,0.0,1321.0,0.000993,1721542656.0,31872.0,0.061882,0.0,13338.550781,2.180147,2.180147,62.0,0.0,12.0,0.0,17.0,-0.0,0.0,0.0,3965.0,1.0,2.180147,2.180147,12.843171,1.0,0.0,29.0,5.0,0.0,330.416656,0.0,5286.0,77.705879,14.0
2.593545,4.241298,64256.0,0.0,4.008207,0.184737,0.0,4.0,0.0,0.0,11.764706,8395.542969,2648.24585,0.0,64.0,0.0,1486.0,0.000497,1721542656.0,31872.0,0.185234,0.0,5747.296875,4.241298,4.241298,62.0,0.0,12.0,0.0,18.0,-0.0,0.0,0.0,3323.0,1.0,4.241298,4.241298,6.837529,1.0,0.0,30.0,4.0,0.0,276.916656,0.0,4809.0,82.555557,14.0
14.712264,0.679705,64256.0,0.0,16.183491,0.06134,0.0,0.0,0.0,0.0,0.0,46620.21875,10286.81543,0.0,64.0,0.0,953.0,0.000414,1721542656.0,31872.0,0.061754,0.0,36333.40625,0.679705,0.679705,62.0,0.0,11.0,0.0,12.0,-0.0,0.0,0.0,3395.0,0.0,0.679705,0.679705,32.366982,0.0,0.0,23.0,0.0,0.0,308.636353,0.0,4348.0,79.416664,14.0
15.325576,0.652504,64256.0,0.0,16.858133,0.061255,0.0,0.0,0.0,0.0,0.0,50365.972656,10715.642578,0.0,64.0,0.0,953.0,0.0,1721542656.0,31872.0,0.061255,0.0,39650.328125,0.652504,0.652504,62.0,0.0,11.0,0.0,12.0,-0.0,0.0,0.0,3557.0,0.0,0.652504,0.652504,33.716267,0.0,0.0,23.0,0.0,0.0,323.363647,0.0,4510.0,79.416664,14.0
6.246245,1.761058,64256.0,0.0,7.381926,0.062006,0.0,2.0,0.0,0.0,7.142857,20437.714844,4647.206543,0.0,64.0,0.0,1101.0,0.000993,1721542656.0,31872.0,0.062999,0.0,15790.507812,1.761058,1.761058,62.0,0.0,12.0,0.0,14.0,-0.0,0.0,0.0,3791.0,0.0,1.761058,1.761058,14.196012,1.0,0.0,26.0,2.0,0.0,315.916656,0.0,4892.0,78.64286,14.0
14.246509,0.772119,64256.0,0.0,16.836782,0.060769,0.0,0.0,0.0,0.0,0.0,48106.574219,10443.986328,0.0,64.0,0.0,1085.0,0.001197,1721542656.0,31872.0,0.061966,0.0,37662.589844,0.772119,0.772119,62.0,0.0,12.0,0.0,14.0,-0.0,0.0,0.0,3965.0,0.0,0.772119,0.772119,32.378429,0.0,0.0,26.0,0.0,0.0,330.416656,0.0,5050.0,77.5,14.0
2.853312,4.906579,64256.0,0.0,3.05712,0.183053,0.0,1.0,0.0,0.0,3.125,8483.303711,1873.403076,0.0,64.0,0.0,1225.0,0.001198,1721542656.0,31872.0,0.184251,0.0,6609.900879,4.906579,4.906579,62.0,0.0,15.0,0.0,16.0,-0.0,0.0,0.0,4343.0,0.0,4.906579,4.906579,6.11424,1.0,0.0,31.0,1.0,0.0,289.533325,0.0,5568.0,76.5625,14.0
2.910574,3.779323,64256.0,1.0,3.704367,0.153561,1.0,5.0,0.0,0.0,15.625,11796.821289,2343.276855,1.0,64.0,0.0,1186.0,0.000494,1721542656.0,31872.0,0.154055,0.0,9453.544922,3.779323,3.779323,62.0,0.0,12.0,0.0,15.0,-0.0,0.0,0.0,4871.0,1.0,3.779323,3.779323,6.879539,0.0,0.0,27.0,4.0,0.0,405.916656,0.0,6057.0,79.066666,14.0
0.0,0.0,64256.0,0.0,0.0,0.183053,0.0,0.0,0.0,0.0,0.0,0.0,0.0,0.0,64.0,0.0,66.0,0.001198,1721542656.0,31872.0,0.184251,0.0,0.0,0.0,0.0,62.0,0.0,1.0,0.0,1.0,-0.0,1.0,0.0,66.0,0.0,0.0,0.0,0.0,0.0,0.0,2.0,0.0,0.0,66.0,0.0,132.0,66.0,14.0
0.603276,4.972846,64256.0,0.0,1.407645,0.153561,0.0,1.0,0.0,1.0,7.692308,1771.219116,796.324646,0.0,64.0,0.0,565.0,0.000494,1721542656.0,31872.0,0.154055,0.0,974.89447,4.972846,4.972846,62.0,0.0,4.0,0.0,8.0,-0.0,1.0,0.0,808.0,1.0,4.972846,4.972846,2.212013,1.0,0.0,12.0,1.0,0.0,202.0,0.0,1373.0,70.625,14.0
1.42521,4.911556,64256.0,0.0,1.628812,0.323605,0.0,3.0,0.0,0.0,15.0,2088.136719,1185.775024,1.0,64.0,0.0,818.0,0.000993,1721542656.0,31872.0,0.324598,0.0,902.361755,4.911556,4.911556,62.0,0.0,8.0,0.0,9.0,-0.0,0.0,0.0,633.0,1.0,4.911556,4.911556,3.257624,1.0,0.0,17.0,3.0,0.0,79.125,0.0,1451.0,90.888885,14.0
7.380673,0.677445,64256.0,0.0,7.380673,0.323605,0.0,0.0,0.0,1.0,0.0,44130.519531,4428.403809,0.0,64.0,0.0,450.0,0.000993,1721542656.0,31872.0,0.324598,0.0,39702.117188,0.677445,0.677445,62.0,0.0,6.0,0.0,6.0,-0.0,1.0,0.0,4034.0,1.0,0.677445,0.677445,16.23748,0.0,0.0,12.0,0.0,0.0,672.333313,0.0,4484.0,75.0,14.0
8.109128,1.356496,64256.0,0.0,8.109128,0.154389,0.0,0.0,0.0,0.0,0.0,30679.044922,5154.457031,0.0,64.0,0.0,953.0,0.000496,1721542656.0,31872.0,0.154885,0.0,25524.587891,1.356496,1.356496,62.0,0.0,12.0,0.0,12.0,-0.0,0.0,0.0,4721.0,0.0,1.356496,1.356496,16.95545,0.0,0.0,24.0,0.0,0.0,393.416656,0.0,5674.0,79.416664,14.0
3.697532,3.515859,64256.0,0.0,4.835234,0.153818,0.0,4.0,0.0,0.0,11.111111,13752.542969,2994.431885,0.0,64.0,0.0,1393.0,0.0005,1721542656.0,31872.0,0.154318,0.0,10758.111328,3.515859,3.515859,62.0,0.0,14.0,0.0,18.0,-0.0,0.0,0.0,5091.0,1.0,3.515859,3.515859,8.817191,1.0,0.0,32.0,4.0,0.0,363.642853,0.0,6484.0,77.388885,14.0
0.0,0.000496,64256.0,0.0,0.0,0.183053,0.0,0.0,0.0,0.0,0.0,0.0,0.0,0.0,64.0,0.0,66.0,0.001198,1721542656.0,31872.0,0.184251,0.0,0.0,0.000496,0.000496,62.0,0.0,1.0,0.0,1.0,-0.0,1.0,0.0,66.0,0.0,0.000496,0.000496,2016.129028,0.0,0.0,2.0,0.0,0.0,66.0,0.0,132.0,66.0,14.0
0.0,3.062877,8222720.0,0.0,0.652981,0.0,0.0,2.0,0.0,0.0,33.333333,386.564667,386.564667,0.0,64.0,0.0,222.0,0.000497,1721542656.0,4077568.0,0.000497,0.0,0.0,3.062877,3.062877,62.0,0.0,1.0,0.0,3.0,-0.0,0.0,0.0,74.0,0.0,3.062877,3.062877,0.979471,1.0,0.0,4.0,2.0,0.0,74.0,0.0,296.0,74.0,14.0
17.456608,0.572849,64256.0,0.0,22.69359,0.047077,0.0,1.0,0.0,0.0,3.846154,78331.289062,14077.008789,0.0,64.0,0.0,1085.0,0.000497,1721542656.0,31872.0,0.047574,0.0,64254.28125,0.572849,0.572849,62.0,0.0,11.0,0.0,14.0,-0.0,1.0,0.0,5061.0,0.0,0.572849,0.572849,41.895859,1.0,0.0,25.0,1.0,0.0,460.090912,0.0,6146.0,77.5,14.0
2.548452,3.923951,64256.0,0.0,3.058142,0.213738,0.0,3.0,0.0,0.0,11.111111,11733.072266,1947.017212,1.0,64.0,0.0,1034.0,0.001869,1721542656.0,31872.0,0.215607,0.0,9786.054688,3.923951,3.923951,62.0,0.0,11.0,0.0,13.0,-0.0,0.0,0.0,5279.0,0.0,3.923951,3.923951,5.861439,1.0,0.0,24.0,3.0,0.0,479.909088,0.0,6313.0,79.53846,14.0
0.0,4.928452,197300.1840419336,0.0,0.202903,0.213738,0.0,0.0,0.0,0.0,0.0,120.118851,120.118851,0.0,64.0,0.0,148.0,0.001869,1721542656.0,95686.87047841308,0.215607,0.0,0.0,4.928452,4.928452,62.0,0.0,0.0,0.0,2.0,-0.0,1.0,0.0,0.0,0.0,4.928452,4.928452,0.202903,1.0,1.0,2.0,1.0,0.0,0.0,0.0,148.0,74.0,14.0
1.164163,2.576958,64256.0,0.0,1.552218,0.213738,0.0,0.0,0.0,1.0,0.0,1474.606934,844.406494,0.0,64.0,0.0,339.0,0.001869,1721542656.0,31872.0,0.215607,0.0,630.200439,2.576958,2.576958,62.0,0.0,4.0,0.0,5.0,-0.0,1.0,0.0,270.0,0.0,2.576958,2.576958,3.104436,0.0,0.0,9.0,0.0,0.0,67.5,0.0,609.0,67.800003,14.0
2.820042,4.964465,64256.0,3.0,3.021474,0.290541,1.0,5.0,0.0,0.0,13.888889,12849.722656,1974.029419,0.0,64.0,0.0,1306.0,0.001494,1721542656.0,31872.0,0.292035,0.0,10875.693359,4.964465,4.964465,62.0,0.0,15.0,0.0,16.0,-0.0,0.0,0.0,7231.0,1.0,4.964465,4.964465,6.042947,0.0,0.0,31.0,2.0,0.0,482.066681,0.0,8537.0,81.625,14.0
0.0,2.192098,64256.0,0.0,0.912368,0.290541,0.0,3.0,0.0,0.0,42.857143,554.719727,554.719727,0.0,64.0,0.0,228.0,0.001494,1721542656.0,31872.0,0.292035,0.0,0.0,2.192098,2.192098,62.0,0.0,1.0,0.0,3.0,-0.0,1.0,0.0,72.0,1.0,2.192098,2.192098,1.368552,1.0,0.0,4.0,3.0,0.0,72.0,0.0,300.0,76.0,14.0
0.0,0.001507,64256.0,0.0,663.570007,0.290541,0.0,1.0,0.0,0.0,25.0,376907.78125,376907.78125,0.0,64.0,0.0,141.0,0.001494,1721542656.0,31872.0,0.292035,0.0,0.0,0.001507,0.001507,62.0,0.0,1.0,0.0,2.0,-0.0,1.0,0.0,66.0,1.0,0.001507,0.001507,1327.140015,1.0,0.0,3.0,1.0,0.0,66.0,0.0,207.0,70.5,14.0
5.712196,2.100768,64256.0,0.0,5.712196,0.510104,0.0,0.0,0.0,0.0,0.0,24208.289062,3583.451172,0.0,64.0,0.0,1019.0,0.001224,1721542656.0,31872.0,0.511328,0.0,20624.837891,2.100768,2.100768,61.0,0.0,13.0,0.0,13.0,-0.0,0.0,0.0,5867.0,0.0,2.100768,2.100768,11.90041,0.0,0.0,26.0,0.0,0.0,451.307678,0.0,6886.0,78.384613,14.0
14.125009,0.849557,64256.0,0.0,14.125009,0.092057,0.0,0.0,0.0,0.0,0.0,61895.789062,8861.088867,0.0,64.0,0.0,1019.0,0.000993,1721542656.0,31872.0,0.09305,0.0,53034.699219,0.849557,0.849557,61.0,0.0,13.0,0.0,13.0,-0.0,0.0,0.0,6101.0,0.0,0.849557,0.849557,29.427101,0.0,0.0,26.0,0.0,0.0,469.307678,0.0,7120.0,78.384613,14.0
1.744201,3.43997,64256.0,1.0,2.034901,0.197987,1.0,4.0,0.0,0.0,21.052632,2406.997803,1325.592896,1.0,64.0,0.0,651.0,0.002114,1721542656.0,31872.0,0.200101,0.0,1081.404785,3.43997,3.43997,61.0,0.0,7.0,0.0,8.0,-0.0,0.0,0.0,542.0,1.0,3.43997,3.43997,4.069803,0.0,0.0,15.0,3.0,0.0,77.428574,0.0,1193.0,81.375,14.0
5.411916,1.662997,64256.0,0.0,4.209268,0.197987,0.0,0.0,0.0,1.0,0.0,28825.066406,2487.075928,0.0,64.0,0.0,590.0,0.002114,1721542656.0,31872.0,0.200101,0.0,26337.990234,1.662997,1.662997,62.0,0.0,10.0,0.0,8.0,-0.0,1.0,0.0,6083.0,1.0,1.662997,1.662997,10.222507,0.0,0.0,18.0,0.0,0.0,608.299988,0.0,6673.0,73.75,14.0
6.384541,1.87954,64256.0,0.0,6.384541,0.320226,0.0,0.0,0.0,0.0,0.0,29888.164062,4005.235352,0.0,64.0,0.0,1019.0,0.00096,1721542656.0,31872.0,0.321186,0.0,25882.929688,1.87954,1.87954,62.0,0.0,13.0,0.0,13.0,-0.0,0.0,0.0,6587.0,0.0,1.87954,1.87954,13.301127,0.0,0.0,26.0,0.0,0.0,506.692322,0.0,7606.0,78.384613,14.0
2.251437,4.885768,64256.0,0.0,2.865466,0.107239,0.0,4.0,0.0,0.0,12.903226,12049.691406,1991.089233,1.0,64.0,0.0,1302.0,0.000496,1721542656.0,31872.0,0.107735,0.0,10058.602539,4.885768,4.885768,62.0,0.0,12.0,0.0,15.0,-0.0,0.0,0.0,6701.0,1.0,4.885768,4.885768,5.321579,1.0,0.0,27.0,4.0,0.0,558.416687,0.0,8003.0,86.800003,14.0
0.55404,3.609847,64256.0,0.0,1.66212,0.107239,0.0,3.0,0.0,1.0,23.076923,1382.884033,957.381287,0.0,64.0,0.0,503.0,0.000496,1721542656.0,31872.0,0.107735,0.0,425.502777,3.609847,3.609847,62.0,0.0,3.0,0.0,7.0,-0.0,1.0,0.0,288.0,1.0,3.609847,3.609847,2.493181,1.0,0.0,10.0,3.0,0.0,96.0,0.0,791.0,71.85714,14.0
0.0,3.097374,8222720.0,0.0,0.645708,0.0,0.0,2.0,0.0,0.0,33.333333,382.259308,382.259308,0.0,64.0,0.0,222.0,0.0,1721542656.0,4077568.0,0.0,0.0,0.0,3.097374,3.097374,62.0,0.0,1.0,0.0,3.0,-0.0,0.0,0.0,74.0,0.0,3.097374,3.097374,0.968562,1.0,0.0,4.0,2.0,0.0,74.0,0.0,296.0,74.0,14.0
12.420046,1.046695,64256.0,0.0,13.375434,0.182028,0.0,1.0,0.0,0.0,3.333333,58997.128906,8216.337891,0.0,64.0,0.0,1151.0,0.0,1721542656.0,31872.0,0.182028,0.0,50780.792969,1.046695,1.046695,62.0,0.0,14.0,0.0,15.0,-0.0,1.0,0.0,7155.0,0.0,1.046695,1.046695,26.750868,1.0,0.0,29.0,1.0,0.0,511.071442,0.0,8306.0,76.73333,14.0
6.626125,1.961931,64256.0,0.0,6.116423,0.210296,0.0,0.0,0.0,0.0,0.0,31960.349609,3837.036133,0.0,64.0,0.0,1019.0,0.004069,1721542656.0,31872.0,0.214365,0.0,28123.3125,1.961931,1.961931,61.0,0.0,14.0,0.0,13.0,-0.0,0.0,0.0,7427.0,0.0,1.961931,1.961931,13.25225,0.0,0.0,27.0,0.0,0.0,530.5,0.0,8446.0,78.384613,14.0
1.703698,4.695669,64256.0,0.0,1.91666,0.29098,0.0,2.0,0.0,0.0,9.52381,4581.242676,1320.365601,1.0,64.0,0.0,861.0,0.002032,1721542656.0,31872.0,0.293012,2896.0,3260.877197,4.695669,4.695669,62.0,0.0,9.0,0.0,10.0,-0.0,0.0,0.0,2153.0,1.0,4.695669,4.695669,3.833319,1.0,0.0,19.0,2.0,0.0,239.222229,0.0,3014.0,86.099998,14.0
1.485494,4.712237,64256.0,2.0,1.909921,0.29098,1.0,3.0,0.0,1.0,14.285714,9632.792969,1066.160278,0.0,64.0,0.0,697.0,0.002032,1721542656.0,31872.0,0.293012,0.0,8566.631836,4.712237,4.712237,62.0,0.0,8.0,0.0,10.0,-0.0,1.0,0.0,5766.0,1.0,4.712237,4.712237,3.607629,0.0,0.0,18.0,1.0,0.0,720.75,0.0,6463.0,69.699997,14.0
9.684422,1.342362,64256.0,0.0,8.939466,0.156268,0.0,0.0,0.0,0.0,0.0,49733.230469,5608.024902,0.0,64.0,0.0,1019.0,0.0,1721542656.0,31872.0,0.156268,0.0,44125.203125,1.342362,1.342362,62.0,0.0,14.0,0.0,13.0,-0.0,0.0,0.0,7973.0,0.0,1.342362,1.342362,19.368843,0.0,0.0,27.0,0.0,0.0,569.5,0.0,8992.0,78.384613,14.0
3.202225,4.059677,64256.0,0.0,3.694875,0.276204,0.0,3.0,0.0,0.0,9.090909,17599.429688,2492.809082,0.0,64.0,0.0,1349.0,0.001545,1721542656.0,31872.0,0.277749,0.0,15106.620117,4.059677,4.059677,62.0,0.0,14.0,0.0,16.0,-0.0,0.0,0.0,8255.0,0.0,4.059677,4.059677,7.143425,1.0,0.0,30.0,3.0,0.0,589.642883,0.0,9604.0,84.3125,14.0
4.193382,3.338594,64256.0,0.0,4.492909,0.168621,0.0,2.0,0.0,0.0,6.060606,22026.039062,2770.02832,0.0,64.0,0.0,1233.0,0.000993,1721542656.0,31872.0,0.169614,0.0,19256.009766,3.338594,3.338594,62.0,0.0,15.0,0.0,16.0,-0.0,0.0,0.0,8609.0,0.0,3.338594,3.338594,8.985819,1.0,0.0,31.0,2.0,0.0,573.93335,0.0,9842.0,77.0625,14.0
6.00425,2.331682,64256.0,0.0,6.00425,0.150353,0.0,1.0,0.0,0.0,3.225806,32223.949219,3712.341553,0.0,64.0,0.0,1159.0,0.0,1721542656.0,31872.0,0.150353,0.0,28511.607422,2.331682,2.331682,62.0,0.0,15.0,0.0,15.0,-0.0,0.0,0.0,8903.0,0.0,2.331682,2.331682,12.437374,1.0,0.0,30.0,1.0,0.0,593.533325,0.0,10062.0,77.26667,14.0
10.441894,1.340753,64256.0,0.0,9.696044,0.155014,0.0,0.0,0.0,0.0,0.0,57269.3125,6014.530762,0.0,64.0,0.0,1085.0,0.000495,1721542656.0,31872.0,0.155509,0.0,51254.78125,1.340753,1.340753,62.0,0.0,15.0,0.0,14.0,-0.0,0.0,0.0,9203.0,0.0,1.340753,1.340753,20.883787,0.0,0.0,29.0,0.0,0.0,613.533325,0.0,10288.0,77.5,14.0
2.833366,4.235245,64256.0,0.0,3.06948,0.277105,0.0,3.0,0.0,0.0,10.0,18271.433594,1930.466675,1.0,64.0,0.0,1100.0,0.0005,1721542656.0,31872.0,0.277605,0.0,16340.966797,4.235245,4.235245,62.0,0.0,13.0,0.0,14.0,-0.0,0.0,0.0,9371.0,0.0,4.235245,4.235245,6.13896,1.0,0.0,27.0,3.0,0.0,720.84613,0.0,10471.0,78.571426,14.0
0.0,0.0,197300.1840419336,0.0,0.0,0.277105,0.0,0.0,0.0,0.0,0.0,0.0,0.0,0.0,64.0,0.0,74.0,0.0005,1721542656.0,95686.87047841308,0.277605,0.0,0.0,0.0,0.0,62.0,0.0,0.0,0.0,1.0,-0.0,1.0,0.0,0.0,0.0,0.0,0.0,0.0,0.0,1.0,1.0,0.0,0.0,0.0,0.0,74.0,74.0,14.0
2.698181,0.74124,64256.0,0.0,5.396363,0.277105,0.0,0.0,0.0,1.0,0.0,4468.188477,3000.377686,0.0,64.0,0.0,347.0,0.0005,1721542656.0,31872.0,0.277605,0.0,1467.810669,0.74124,0.74124,62.0,0.0,3.0,0.0,5.0,-0.0,1.0,0.0,204.0,0.0,0.74124,0.74124,9.443635,0.0,0.0,8.0,0.0,0.0,68.0,0.0,551.0,69.400002,14.0
2.684364,4.842861,64256.0,0.0,2.477874,0.278758,0.0,2.0,0.0,0.0,6.896552,16520.8125,1566.016357,1.0,64.0,0.0,1026.0,0.000509,1721542656.0,31872.0,0.279267,0.0,14954.795898,4.842861,4.842861,62.0,0.0,14.0,0.0,13.0,-0.0,0.0,0.0,9749.0,0.0,4.842861,4.842861,5.368727,1.0,0.0,27.0,2.0,0.0,696.357117,0.0,10775.0,78.92308,14.0
3.243015,0.308355,64256.0,0.0,9.729046,0.278758,0.0,0.0,0.0,1.0,0.0,7264.354492,5474.209961,0.0,64.0,0.0,281.0,0.000509,1721542656.0,31872.0,0.279267,0.0,1790.144409,0.308355,0.308355,62.0,0.0,2.0,0.0,4.0,-0.0,1.0,0.0,138.0,0.0,0.308355,0.308355,16.215076,0.0,0.0,6.0,0.0,0.0,69.0,0.0,419.0,70.25,14.0
1.22548,4.896041,64256.0,0.0,1.633973,0.320966,0.0,3.0,0.0,0.0,15.789474,1848.023804,1053.91272,1.0,64.0,0.0,725.0,0.0,1721542656.0,31872.0,0.320966,0.0,794.111023,4.896041,4.896041,62.0,0.0,7.0,0.0,9.0,-0.0,0.0,0.0,567.0,1.0,4.896041,4.896041,3.0637,1.0,0.0,16.0,3.0,0.0,81.0,0.0,1292.0,80.555557,14.0
2.566826,4.675034,64256.0,0.0,2.994631,0.320966,0.0,5.0,0.0,0.0,15.151515,19735.470703,1767.687622,0.0,64.0,0.0,1106.0,0.0,1721542656.0,31872.0,0.320966,0.0,17967.783203,4.675034,4.675034,62.0,0.0,13.0,0.0,15.0,-0.0,1.0,0.0,11374.0,1.0,4.675034,4.675034,5.775359,1.0,0.0,28.0,5.0,0.0,874.923096,0.0,12480.0,73.73333,14.0
1.877317,1.06535,64256.0,0.0,2.815976,0.320966,0.0,2.0,0.0,1.0,22.222222,2628.244141,1606.983521,0.0,64.0,0.0,285.0,0.0,1721542656.0,31872.0,0.320966,0.0,1021.260559,1.06535,1.06535,62.0,0.0,3.0,0.0,4.0,-0.0,1.0,0.0,204.0,1.0,1.06535,1.06535,5.631952,1.0,0.0,7.0,2.0,0.0,68.0,0.0,489.0,71.25,14.0
4.805942,3.745364,64256.0,0.0,5.072938,0.182313,0.0,2.0,0.0,0.0,4.878049,24843.513672,3122.793945,0.0,64.0,0.0,1538.0,0.001005,1721542656.0,31872.0,0.183318,0.0,21720.71875,3.745364,3.745364,62.0,0.0,19.0,0.0,20.0,-0.0,0.0,0.0,10733.0,1.0,3.745364,3.745364,10.145877,1.0,0.0,39.0,2.0,0.0,564.894714,0.0,12271.0,76.900002,14.0
28.418295,0.527829,64256.0,0.0,24.629189,0.06097,0.0,0.0,0.0,0.0,0.0,169585.234375,15277.675781,0.0,64.0,0.0,1085.0,0.000983,1721542656.0,31872.0,0.061953,0.0,154307.546875,0.527829,0.527829,62.0,0.0,16.0,0.0,14.0,-0.0,0.0,0.0,10859.0,0.0,0.527829,0.527829,54.942036,0.0,0.0,30.0,0.0,0.0,678.6875,0.0,11944.0,77.5,14.0
0.0,0.000488,64256.0,0.0,0.0,0.182313,0.0,0.0,0.0,0.0,0.0,0.0,0.0,0.0,64.0,0.0,66.0,0.001005,1721542656.0,31872.0,0.183318,0.0,0.0,0.000488,0.000488,62.0,0.0,1.0,0.0,1.0,-0.0,1.0,0.0,66.0,1.0,0.000488,0.000488,2049.18042,0.0,0.0,2.0,0.0,0.0,66.0,0.0,132.0,66.0,14.0
24.236116,0.618911,64256.0,0.0,24.236116,0.061533,0.0,0.0,0.0,0.0,0.0,150419.03125,14748.485352,0.0,64.0,0.0,1217.0,0.000493,1721542656.0,31872.0,0.062026,0.0,135670.546875,0.618911,0.618911,62.0,0.0,16.0,0.0,16.0,-0.0,0.0,0.0,11195.0,0.0,0.618911,0.618911,50.087975,0.0,0.0,32.0,0.0,0.0,699.6875,0.0,12412.0,76.0625,14.0
3.409232,4.98646,64256.0,2.0,3.609775,0.153047,1.0,7.0,0.0,0.0,15.909091,19917.935547,2212.391113,0.0,64.0,0.0,1455.0,0.000992,1721542656.0,31872.0,0.154039,0.0,17705.544922,4.98646,4.98646,62.0,0.0,18.0,0.0,19.0,-0.0,0.0,0.0,11685.0,0.0,4.98646,4.98646,7.21955,0.0,0.0,37.0,5.0,0.0,649.166687,0.0,13140.0,76.578949,14.0
0.0,0.001983,64256.0,0.0,0.0,0.153047,0.0,0.0,0.0,0.0,0.0,0.0,0.0,0.0,64.0,0.0,66.0,0.000992,1721542656.0,31872.0,0.154039,0.0,0.0,0.001983,0.001983,62.0,0.0,1.0,0.0,1.0,-0.0,1.0,0.0,66.0,0.0,0.001983,0.001983,504.286438,0.0,0.0,2.0,0.0,0.0,66.0,0.0,132.0,66.0,14.0
4.372664,4.57387,64256.0,0.0,5.028564,0.168579,0.0,8.0,0.0,0.0,15.09434,23453.222656,3029.38208,0.0,64.0,0.0,1807.0,0.00099,1721542656.0,31872.0,0.169569,0.0,20423.841797,4.57387,4.57387,62.0,0.0,21.0,0.0,24.0,-0.0,0.0,0.0,12260.0,1.0,4.57387,4.57387,9.619862,1.0,0.0,45.0,8.0,0.0,583.809509,0.0,14067.0,75.291664,14.0
9.250549,1.729627,64256.0,0.0,8.67239,0.154792,0.0,1.0,0.0,0.0,2.941176,58884.371094,5314.44043,0.0,64.0,0.0,1225.0,0.000508,1721542656.0,31872.0,0.1553,0.0,53569.929688,1.729627,1.729627,62.0,0.0,17.0,0.0,16.0,-0.0,0.0,0.0,12305.0,0.0,1.729627,1.729627,18.501099,1.0,0.0,33.0,1.0,0.0,723.823547,0.0,13530.0,76.5625,14.0
4.766626,4.19584,64256.0,1.0,4.528295,0.15389,1.0,6.0,0.0,0.0,12.765957,26258.390625,2743.669922,0.0,64.0,0.0,1514.0,0.0,1721542656.0,31872.0,0.15389,0.0,23514.720703,4.19584,4.19584,62.0,0.0,21.0,0.0,20.0,-0.0,0.0,0.0,12949.0,1.0,4.19584,4.19584,9.533253,0.0,0.0,41.0,5.0,0.0,616.619019,0.0,14463.0,75.699997,14.0
4.766152,3.776631,64256.0,1.0,4.501366,0.159686,1.0,4.0,0.0,0.0,9.756098,29179.445312,2747.422119,0.0,64.0,0.0,1373.0,0.000997,1721542656.0,31872.0,0.160683,0.0,26432.023438,3.776631,3.776631,62.0,0.0,19.0,0.0,18.0,-0.0,0.0,0.0,13171.0,0.0,3.776631,3.776631,9.532305,0.0,0.0,37.0,3.0,0.0,693.21051,0.0,14544.0,76.277779,14.0
0.0,0.000497,64256.0,0.0,0.0,0.15389,0.0,0.0,0.0,0.0,0.0,0.0,0.0,0.0,64.0,0.0,66.0,0.0,1721542656.0,31872.0,0.15389,0.0,0.0,0.000497,0.000497,62.0,0.0,1.0,0.0,1.0,-0.0,1.0,0.0,66.0,1.0,0.000497,0.000497,2012.072388,0.0,0.0,2.0,0.0,0.0,66.0,0.0,132.0,66.0,14.0
0.0,0.001092,64256.0,0.0,0.0,0.159686,0.0,0.0,0.0,0.0,0.0,0.0,0.0,0.0,64.0,0.0,66.0,0.000997,1721542656.0,31872.0,0.160683,0.0,0.0,0.001092,0.001092,62.0,0.0,1.0,0.0,1.0,-0.0,1.0,0.0,66.0,0.0,0.001092,0.001092,915.750854,0.0,0.0,2.0,0.0,0.0,66.0,0.0,132.0,66.0,14.0
13.251734,1.282851,64256.0,0.0,12.47222,0.168559,0.0,0.0,0.0,0.0,0.0,86862.78125,7533.221191,0.0,64.0,0.0,1283.0,0.000998,1721542656.0,31872.0,0.169557,0.0,79329.554688,1.282851,1.282851,62.0,0.0,18.0,0.0,17.0,-0.0,0.0,0.0,13469.0,0.0,1.282851,1.282851,26.503468,0.0,0.0,35.0,0.0,0.0,748.277771,0.0,14752.0,75.470589,14.0
26.020899,0.653321,64256.0,0.0,24.490257,0.061448,0.0,0.0,0.0,0.0,0.0,174933.90625,14792.115234,0.0,64.0,0.0,1283.0,0.000562,1721542656.0,31872.0,0.06201,0.0,160141.796875,0.653321,0.653321,62.0,0.0,18.0,0.0,17.0,-0.0,0.0,0.0,13847.0,0.0,0.653321,0.653321,52.041798,0.0,0.0,35.0,0.0,0.0,769.277771,0.0,15130.0,75.470589,14.0
0.0,0.000509,64256.0,0.0,0.0,0.159686,0.0,0.0,0.0,0.0,0.0,0.0,0.0,0.0,64.0,0.0,66.0,0.000997,1721542656.0,31872.0,0.160683,0.0,0.0,0.000509,0.000509,62.0,0.0,1.0,0.0,1.0,-0.0,1.0,0.0,66.0,0.0,0.000509,0.000509,1964.636597,0.0,0.0,2.0,0.0,0.0,66.0,0.0,132.0,66.0,14.0
11.958879,1.421538,64256.0,0.0,11.255415,0.15355,0.0,0.0,0.0,0.0,0.0,82440.289062,6798.270508,0.0,64.0,0.0,1283.0,0.001485,1721542656.0,31872.0,0.155035,0.0,75642.015625,1.421538,1.421538,62.0,0.0,18.0,0.0,17.0,-0.0,0.0,0.0,14231.0,0.0,1.421538,1.421538,23.917757,0.0,0.0,35.0,0.0,0.0,790.611084,0.0,15514.0,75.470589,14.0
10.401776,1.826611,64256.0,0.0,11.4967,0.166956,0.0,1.0,0.0,0.0,2.325581,68362.664062,6950.57666,0.0,64.0,0.0,1662.0,0.002377,1721542656.0,31872.0,0.169333,0.0,61412.089844,1.826611,1.826611,62.0,0.0,20.0,0.0,22.0,-0.0,0.0,0.0,14759.0,1.0,1.826611,1.826611,22.445938,1.0,0.0,42.0,1.0,0.0,737.950012,0.0,16421.0,75.545456,14.0
8.459378,2.127816,64256.0,0.0,7.989413,0.153224,0.0,2.0,0.0,0.0,5.128205,58576.496094,4850.043457,0.0,64.0,0.0,1365.0,0.000496,1721542656.0,31872.0,0.15372,0.0,53726.449219,2.127816,2.127816,62.0,0.0,19.0,0.0,18.0,-0.0,0.0,0.0,15083.0,0.0,2.127816,2.127816,16.918756,1.0,0.0,37.0,2.0,0.0,793.842102,0.0,16448.0,75.833336,14.0
8.354116,2.274328,64256.0,0.0,8.354116,0.170707,0.0,2.0,0.0,0.0,4.761905,57121.046875,5044.127441,0.0,64.0,0.0,1509.0,0.000495,1721542656.0,31872.0,0.171202,0.0,52076.921875,2.274328,2.274328,62.0,0.0,20.0,0.0,20.0,-0.0,0.0,0.0,15584.0,1.0,2.274328,2.274328,17.147923,1.0,0.0,40.0,2.0,0.0,779.200012,0.0,17093.0,75.449997,14.0
8.502889,2.469749,64256.0,0.0,8.097989,0.168397,0.0,2.0,0.0,0.0,4.444444,54862.253906,4897.663574,0.0,64.0,0.0,1587.0,0.000497,1721542656.0,31872.0,0.168894,0.0,49964.59375,2.469749,2.469749,62.0,0.0,22.0,0.0,21.0,-0.0,0.0,0.0,16159.0,1.0,2.469749,2.469749,17.005777,1.0,0.0,43.0,2.0,0.0,734.5,0.0,17746.0,75.571426,14.0
14.341598,1.185363,64256.0,0.0,10.123481,0.153956,0.0,0.0,0.0,0.0,0.0,109731.78125,6242.812988,1.0,64.0,0.0,1002.0,0.000497,1721542656.0,31872.0,0.154453,0.0,103488.96875,1.185363,1.185363,62.0,0.0,18.0,0.0,13.0,-0.0,0.0,0.0,16235.0,0.0,1.185363,1.185363,25.308702,0.0,0.0,31.0,0.0,0.0,901.944458,0.0,17237.0,77.07692,14.0
1.26511,0.790445,64256.0,0.0,6.325551,0.153956,0.0,1.0,0.0,1.0,11.111111,4250.77002,3552.429199,0.0,64.0,0.0,421.0,0.000497,1721542656.0,31872.0,0.154453,0.0,698.340759,0.790445,0.790445,62.0,0.0,2.0,0.0,6.0,-0.0,1.0,0.0,138.0,0.0,0.790445,0.790445,8.855771,1.0,0.0,8.0,1.0,0.0,69.0,0.0,559.0,70.166664,14.0
1.455344,4.809859,64256.0,0.0,2.494876,0.198889,0.0,5.0,0.0,0.0,19.230769,2747.689697,1746.412964,1.0,64.0,0.0,1137.0,0.000914,1721542656.0,31872.0,0.199803,0.0,1001.276794,4.809859,4.809859,62.0,0.0,8.0,0.0,13.0,-0.0,0.0,0.0,687.0,1.0,4.809859,4.809859,4.158126,1.0,0.0,21.0,5.0,0.0,85.875,0.0,1824.0,87.46154,14.0
1.218935,3.281552,64256.0,0.0,1.828403,0.198889,0.0,1.0,0.0,0.0,7.692308,10295.12793,1101.917603,0.0,64.0,1.0,527.0,0.000914,1721542656.0,31872.0,0.199803,0.0,9193.210938,3.281552,3.281552,62.0,0.0,5.0,0.0,7.0,-0.0,1.0,0.0,4713.0,1.0,3.281552,3.281552,3.352072,1.0,0.0,12.0,1.0,0.0,942.599976,0.0,5240.0,75.285713,14.0
0.0,0.000498,64256.0,0.0,0.0,0.198889,0.0,0.0,0.0,0.0,0.0,0.0,0.0,0.0,64.0,0.0,78.0,0.000914,1721542656.0,31872.0,0.199803,0.0,0.0,0.000498,0.000498,62.0,0.0,1.0,0.0,1.0,-0.0,1.0,0.0,1514.0,1.0,0.000498,0.000498,2008.032104,0.0,0.0,2.0,0.0,0.0,1514.0,0.0,1592.0,78.0,14.0
0.300648,3.326148,64256.0,0.0,0.300648,0.198889,0.0,0.0,0.0,0.0,0.0,3829.053955,187.604401,0.0,64.0,0.0,156.0,0.000914,1721542656.0,31872.0,0.199803,7239.0,3641.449463,3.326148,3.326148,62.0,0.0,2.0,0.0,2.0,-0.0,1.0,0.0,3028.0,1.0,3.326148,3.326148,0.901944,0.0,0.0,4.0,0.0,0.0,1514.0,0.0,3184.0,78.0,14.0
4.885771,1.637408,64256.0,6.0,6.107213,0.198889,1.0,8.0,0.0,1.0,28.571429,47729.09375,3532.412109,0.0,64.0,0.0,795.0,0.000914,1721542656.0,31872.0,0.199803,0.0,44196.679688,1.637408,1.637408,62.0,0.0,9.0,0.0,11.0,-0.0,1.0,0.0,10176.0,1.0,1.637408,1.637408,11.603705,0.0,0.0,20.0,2.0,0.0,1130.666626,0.0,10971.0,72.272728,14.0
34.069778,0.557679,64256.0,0.0,26.897194,0.061453,0.0,0.0,0.0,0.0,0.0,251040.46875,16367.838867,0.0,64.0,0.0,1217.0,0.000496,1721542656.0,31872.0,0.061949,0.0,234672.640625,0.557679,0.557679,62.0,0.0,20.0,0.0,16.0,-0.0,0.0,0.0,17219.0,0.0,0.557679,0.557679,62.76012,0.0,0.0,36.0,0.0,0.0,860.950012,0.0,18436.0,76.0625,14.0
33.16843,0.602983,64256.0,0.0,26.534744,0.061632,0.0,0.0,0.0,0.0,0.0,239900.625,16026.986328,0.0,64.0,0.0,1283.0,0.000501,1721542656.0,31872.0,0.062133,0.0,223873.640625,0.602983,0.602983,62.0,0.0,21.0,0.0,17.0,-0.0,0.0,0.0,17717.0,0.0,0.602983,0.602983,61.361599,0.0,0.0,38.0,0.0,0.0,843.666687,0.0,19000.0,75.470589,14.0
0.660443,3.028271,8222720.0,2.0,0.990664,0.0,1.0,5.0,0.0,0.0,41.666667,977.455444,586.473267,0.0,64.0,0.0,296.0,0.000955,1721542656.0,4077568.0,0.000955,0.0,390.982178,3.028271,3.028271,62.0,0.0,3.0,0.0,4.0,-0.0,0.0,0.0,222.0,0.0,3.028271,3.028271,1.981329,0.0,0.0,7.0,3.0,0.0,74.0,0.0,518.0,74.0,14.0
0.0,2.035374,8222720.0,1.0,0.49131,0.0,1.0,3.0,0.0,0.0,50.0,290.855652,290.855652,0.0,64.0,0.0,148.0,0.000955,1721542656.0,4077568.0,0.000955,0.0,0.0,2.035374,2.035374,62.0,0.0,1.0,0.0,2.0,-0.0,1.0,0.0,74.0,0.0,2.035374,2.035374,0.98262,0.0,0.0,3.0,2.0,0.0,74.0,0.0,222.0,74.0,14.0
6.855565,2.917338,64256.0,0.0,6.512787,0.164727,0.0,4.0,0.0,0.0,8.888889,51504.488281,4110.59668,0.0,64.0,0.0,1577.0,0.000955,1721542656.0,31872.0,0.165682,0.0,47393.894531,2.917338,2.917338,62.0,0.0,21.0,0.0,20.0,-0.0,1.0,0.0,18147.0,0.0,2.917338,2.917338,13.71113,1.0,0.0,41.0,4.0,0.0,864.142883,0.0,19724.0,78.849998,14.0
0.668006,2.993986,8222720.0,2.0,1.002009,0.0,1.0,5.0,0.0,0.0,41.666667,988.648621,593.189148,0.0,64.0,0.0,296.0,0.000993,1721542656.0,4077568.0,0.000993,0.0,395.459442,2.993986,2.993986,62.0,0.0,3.0,0.0,4.0,-0.0,0.0,0.0,222.0,0.0,2.993986,2.993986,2.004017,0.0,0.0,7.0,3.0,0.0,74.0,0.0,518.0,74.0,14.0
0.0,2.225415,8222720.0,1.0,0.449354,0.0,1.0,3.0,0.0,0.0,50.0,266.017792,266.017792,0.0,64.0,0.0,148.0,0.000993,1721542656.0,4077568.0,0.000993,0.0,0.0,2.225415,2.225415,62.0,0.0,1.0,0.0,2.0,-0.0,1.0,0.0,74.0,0.0,2.225415,2.225415,0.898709,0.0,0.0,3.0,2.0,0.0,74.0,0.0,222.0,74.0,14.0
33.87534,0.56088,64256.0,0.0,28.5266,0.049201,0.0,1.0,0.0,0.0,2.631579,268249.875,17230.066406,0.0,64.0,0.0,1283.0,0.000993,1721542656.0,31872.0,0.050194,0.0,251019.828125,0.56088,0.56088,62.0,0.0,20.0,0.0,17.0,-0.0,1.0,0.0,18525.0,0.0,0.56088,0.56088,64.184853,1.0,0.0,37.0,1.0,0.0,926.25,0.0,19808.0,75.470589,14.0
35.530689,0.619183,64256.0,0.0,29.070566,0.061514,0.0,0.0,0.0,0.0,0.0,254386.828125,17326.056641,0.0,64.0,0.0,1415.0,0.000498,1721542656.0,31872.0,0.062012,0.0,237060.765625,0.619183,0.619183,62.0,0.0,23.0,0.0,19.0,-0.0,0.0,0.0,19181.0,0.0,0.619183,0.619183,66.216286,0.0,0.0,42.0,0.0,0.0,833.956543,0.0,20596.0,74.473686,14.0
6.75424,3.257213,64256.0,0.0,6.140218,0.167546,0.0,2.0,0.0,0.0,4.347826,49897.871094,3684.131104,0.0,64.0,0.0,1575.0,0.002557,1721542656.0,31872.0,0.170103,0.0,46213.738281,3.257213,3.257213,62.0,0.0,23.0,0.0,21.0,-0.0,0.0,0.0,19671.0,1.0,3.257213,3.257213,13.201469,1.0,0.0,44.0,2.0,0.0,855.260864,0.0,21246.0,75.0,14.0
13.750826,1.527181,64256.0,0.0,10.476819,0.16774,0.0,0.0,0.0,0.0,0.0,106502.109375,6327.999023,0.0,64.0,0.0,1283.0,0.001174,1721542656.0,31872.0,0.168914,0.0,100174.109375,1.527181,1.527181,62.0,0.0,22.0,0.0,17.0,-0.0,0.0,0.0,20033.0,0.0,1.527181,1.527181,24.882446,0.0,0.0,39.0,0.0,0.0,910.590881,0.0,21316.0,75.470589,14.0
7.128414,3.226524,64256.0,1.0,6.198621,0.168837,1.0,4.0,0.0,0.0,8.163265,52757.703125,3711.734131,0.0,64.0,0.0,1571.0,0.00192,1721542656.0,31872.0,0.170757,0.0,49045.96875,3.226524,3.226524,62.0,0.0,24.0,0.0,21.0,-0.0,0.0,0.0,20641.0,0.0,3.226524,3.226524,13.636966,0.0,0.0,45.0,3.0,0.0,860.041687,0.0,22212.0,74.809525,14.0
5.943144,3.701744,64256.0,0.0,5.132716,0.051733,0.0,2.0,0.0,0.0,4.444444,46572.640625,3075.307129,0.0,64.0,0.0,1497.0,0.00151,1721542656.0,31872.0,0.053243,0.0,43497.335938,3.701744,3.701744,62.0,0.0,23.0,0.0,20.0,-0.0,0.0,0.0,21041.0,0.0,3.701744,3.701744,11.346004,1.0,0.0,43.0,2.0,0.0,914.826111,0.0,22538.0,74.849998,14.0
40.58419,0.542083,64256.0,0.0,31.36051,0.062974,0.0,0.0,0.0,0.0,0.0,322622.15625,18816.306641,0.0,64.0,0.0,1349.0,0.000497,1721542656.0,31872.0,0.063471,0.0,303805.875,0.542083,0.542083,62.0,0.0,23.0,0.0,18.0,-0.0,0.0,0.0,21521.0,0.0,0.542083,0.542083,73.789436,0.0,0.0,41.0,0.0,0.0,935.695679,0.0,22870.0,74.944443,14.0
1.245134,4.818758,64256.0,0.0,1.660179,0.167386,0.0,2.0,0.0,0.0,11.111111,2018.777466,1220.231445,1.0,64.0,0.0,826.0,0.002006,1721542656.0,31872.0,0.169392,0.0,798.546021,4.818758,4.818758,62.0,0.0,7.0,0.0,9.0,-0.0,0.0,0.0,561.0,0.0,4.818758,4.818758,3.112835,1.0,0.0,16.0,2.0,0.0,80.14286,0.0,1387.0,91.777779,14.0
7.56644,2.378926,64256.0,0.0,7.986797,0.167386,0.0,2.0,0.0,1.0,4.878049,77930.96875,4361.631836,0.0,64.0,0.0,1365.0,0.002006,1721542656.0,31872.0,0.169392,0.0,73569.335938,2.378926,2.378926,62.0,0.0,19.0,0.0,20.0,-0.0,1.0,0.0,23092.0,1.0,2.378926,2.378926,15.973595,1.0,0.0,39.0,2.0,0.0,1215.368408,0.0,24457.0,68.25,14.0
12.378383,1.938864,64256.0,0.0,10.315319,0.167574,0.0,1.0,0.0,0.0,2.12766,98197.710938,6160.308105,0.0,64.0,0.0,1567.0,0.000512,1721542656.0,31872.0,0.168086,0.0,92037.398438,1.938864,1.938864,62.0,0.0,25.0,0.0,21.0,-0.0,0.0,0.0,23235.0,1.0,1.938864,1.938864,23.209467,1.0,0.0,46.0,1.0,0.0,929.400024,0.0,24802.0,74.619049,14.0
4.730372,4.862197,64256.0,0.0,6.375719,0.168846,0.0,6.0,0.0,0.0,9.677419,40233.667969,3858.338135,0.0,64.0,0.0,2420.0,0.000501,1721542656.0,31872.0,0.169347,0.0,36375.328125,4.862197,4.862197,62.0,0.0,24.0,0.0,32.0,-0.0,0.0,0.0,23069.0,1.0,4.862197,4.862197,11.311759,1.0,0.0,56.0,6.0,0.0,961.208313,0.0,25489.0,75.625,14.0
1314.060547,0.000761,64256.0,0.0,0.0,0.168846,0.0,0.0,0.0,0.0,0.0,693823.9375,0.0,0.0,64.0,0.0,66.0,0.000501,1721542656.0,31872.0,0.169347,0.0,693823.9375,0.000761,0.000761,62.0,0.0,2.0,0.0,1.0,-0.0,1.0,0.0,132.0,1.0,0.000761,0.000761,2628.121094,0.0,0.0,3.0,0.0,0.0,66.0,0.0,198.0,66.0,14.0
14.52785,1.789666,64256.0,1.0,11.175269,0.168867,1.0,3.0,0.0,0.0,5.882353,108990.164062,6655.990234,0.0,64.0,0.0,1563.0,0.001056,1721542656.0,31872.0,0.169923,0.0,102334.171875,1.789666,1.789666,62.0,0.0,27.0,0.0,21.0,-0.0,0.0,0.0,23773.0,0.0,1.789666,1.789666,26.261883,0.0,0.0,48.0,2.0,0.0,880.481506,0.0,25336.0,74.428574,14.0
38.476585,0.623756,64256.0,0.0,28.857439,0.060322,0.0,0.0,0.0,0.0,0.0,314469.125,17199.033203,0.0,64.0,0.0,1415.0,0.000989,1721542656.0,31872.0,0.061311,0.0,297270.09375,0.623756,0.623756,62.0,0.0,25.0,0.0,19.0,-0.0,0.0,0.0,24143.0,0.0,0.623756,0.623756,68.93721,0.0,0.0,44.0,0.0,0.0,965.719971,0.0,25558.0,74.473686,14.0
15.716678,1.590667,64256.0,1.0,11.944674,0.06142,1.0,2.0,0.0,0.0,4.166667,126724.195312,7116.51123,0.0,64.0,0.0,1489.0,0.000497,1721542656.0,31872.0,0.061917,0.0,119607.6875,1.590667,1.590667,62.0,0.0,26.0,0.0,20.0,-0.0,0.0,0.0,24733.0,0.0,1.590667,1.590667,28.29002,0.0,0.0,46.0,1.0,0.0,951.269226,0.0,26222.0,74.449997,14.0
37.597263,0.664942,64256.0,0.0,30.07781,0.065084,0.0,0.0,0.0,0.0,0.0,309801.4375,17733.876953,0.0,64.0,0.0,1547.0,0.000496,1721542656.0,31872.0,0.06558,0.0,292067.5625,0.664942,0.664942,62.0,0.0,26.0,0.0,21.0,-0.0,0.0,0.0,25247.0,0.0,0.664942,0.664942,69.178963,0.0,0.0,47.0,0.0,0.0,971.038452,0.0,26794.0,73.666664,14.0
21.252178,1.17635,64256.0,0.0,15.301568,0.137552,0.0,0.0,0.0,0.0,0.0,177668.21875,9119.734375,0.0,64.0,0.0,1415.0,0.000993,1721542656.0,31872.0,0.138545,0.0,168548.484375,1.17635,1.17635,62.0,0.0,26.0,0.0,19.0,-0.0,0.0,0.0,25775.0,0.0,1.17635,1.17635,37.403835,0.0,0.0,45.0,0.0,0.0,991.34613,0.0,27190.0,74.473686,14.0
46.379951,0.539026,64256.0,0.0,37.103962,0.045168,0.0,0.0,0.0,0.0,0.0,397338.875,21876.494141,0.0,64.0,0.0,1547.0,0.000496,1721542656.0,31872.0,0.045664,0.0,375462.40625,0.539026,0.539026,62.0,0.0,26.0,0.0,21.0,-0.0,0.0,0.0,26309.0,0.0,0.539026,0.539026,85.339111,0.0,0.0,47.0,0.0,0.0,1011.884644,0.0,27856.0,73.666664,14.0
52.791019,0.492508,64256.0,0.0,38.578053,0.06656,0.0,0.0,0.0,0.0,0.0,443866.90625,22854.451172,0.0,64.0,0.0,1481.0,0.000497,1721542656.0,43520.0,0.067057,0.0,421012.46875,0.492508,0.492508,62.0,0.0,27.0,0.0,20.0,-0.0,0.0,0.0,26915.0,0.0,0.492508,0.492508,93.399498,0.0,0.0,47.0,0.0,0.0,996.851868,0.0,28396.0,74.050003,14.0
13.390997,1.941603,64256.0,0.0,10.300767,0.168829,0.0,1.0,0.0,0.0,2.040816,115059.570312,6102.174316,0.0,64.0,0.0,1555.0,0.001495,1721542656.0,31872.0,0.170324,0.0,108957.398438,1.941603,1.941603,62.0,0.0,27.0,0.0,21.0,-0.0,0.0,0.0,27461.0,0.0,1.941603,1.941603,24.206802,1.0,0.0,48.0,1.0,0.0,1017.074097,0.0,29016.0,74.047623,14.0
6.364742,4.24212,64256.0,3.0,6.600474,0.153981,1.0,5.0,0.0,0.0,8.064516,55046.066406,3982.914307,0.0,64.0,0.0,2187.0,0.000995,1721542656.0,31872.0,0.154976,0.0,51063.148438,4.24212,4.24212,62.0,0.0,28.0,0.0,29.0,-0.0,0.0,0.0,28079.0,1.0,4.24212,4.24212,13.200948,0.0,0.0,57.0,2.0,0.0,1002.821411,0.0,30266.0,75.413795,14.0
0.0,0.001491,64256.0,0.0,0.0,0.153981,0.0,0.0,0.0,0.0,0.0,0.0,0.0,0.0,64.0,0.0,66.0,0.000995,1721542656.0,31872.0,0.154976,0.0,0.0,0.001491,0.001491,62.0,0.0,1.0,0.0,1.0,-0.0,1.0,0.0,66.0,1.0,0.001491,0.001491,670.690857,0.0,0.0,2.0,0.0,0.0,66.0,0.0,132.0,66.0,14.0
3.674156,4.626913,64256.0,0.0,2.593522,0.168086,0.0,0.0,0.0,0.0,0.0,29711.386719,1599.338501,1.0,64.0,0.0,1002.0,0.000826,1721542656.0,31872.0,0.168912,0.0,28112.046875,4.626913,4.626913,62.0,0.0,18.0,0.0,13.0,-0.0,0.0,0.0,17215.0,0.0,4.626913,4.626913,6.483805,0.0,0.0,31.0,0.0,0.0,956.388916,0.0,18217.0,77.07692,14.0
9.180376,0.326784,64256.0,0.0,9.180376,0.168086,0.0,0.0,0.0,0.0,0.0,116260.273438,5067.567383,0.0,64.0,0.0,276.0,0.000826,1721542656.0,31872.0,0.168912,0.0,111192.710938,0.326784,0.326784,62.0,0.0,4.0,0.0,4.0,-0.0,1.0,0.0,6056.0,1.0,0.326784,0.326784,21.420876,0.0,0.0,8.0,0.0,0.0,1514.0,0.0,6332.0,69.0,14.0
10.31607,0.678553,64256.0,0.0,13.263518,0.168086,0.0,0.0,0.0,1.0,0.0,93917.5,7321.461914,0.0,64.0,0.0,689.0,0.000826,1721542656.0,31872.0,0.168912,0.0,86596.039062,0.678553,0.678553,62.0,0.0,8.0,0.0,10.0,-0.0,1.0,0.0,8394.0,1.0,0.678553,0.678553,25.053312,0.0,0.0,18.0,0.0,0.0,1049.25,0.0,9083.0,68.900002,14.0
10.718992,2.612186,64256.0,1.0,8.039244,0.092556,1.0,3.0,0.0,0.0,5.555556,91328.875,4762.294922,0.0,64.0,0.0,1629.0,0.000497,1721542656.0,31872.0,0.093053,0.0,86566.578125,2.612186,2.612186,62.0,0.0,29.0,0.0,22.0,-0.0,0.0,0.0,29275.0,0.0,2.612186,2.612186,19.141056,0.0,0.0,51.0,2.0,0.0,1009.482788,0.0,30904.0,74.045456,14.0
6.068919,4.94322,64256.0,0.0,6.271216,0.167261,0.0,7.0,0.0,0.0,10.0,51218.433594,3697.994385,0.0,64.0,0.0,2358.0,0.000982,1721542656.0,31872.0,0.168243,0.0,47520.441406,4.94322,4.94322,62.0,0.0,31.0,0.0,32.0,-0.0,0.0,0.0,30341.0,1.0,4.94322,4.94322,12.542432,1.0,0.0,63.0,7.0,0.0,978.741943,0.0,32699.0,73.6875,14.0
0.0,1.045834,64256.0,0.0,0.956175,0.167261,0.0,1.0,0.0,0.0,25.0,543.107239,543.107239,0.0,64.0,0.0,141.0,0.000982,1721542656.0,31872.0,0.168243,0.0,0.0,1.045834,1.045834,62.0,0.0,1.0,0.0,2.0,-0.0,1.0,0.0,66.0,1.0,1.045834,1.045834,1.912349,1.0,0.0,3.0,1.0,0.0,66.0,0.0,207.0,70.5,14.0
1.603111,4.990298,64256.0,0.0,1.8035,0.292103,0.0,2.0,0.0,0.0,9.52381,6298.62207,1183.095703,1.0,64.0,0.0,820.0,0.000497,1721542656.0,31872.0,0.2926,0.0,5115.526367,4.990298,4.990298,62.0,0.0,9.0,0.0,10.0,-0.0,0.0,0.0,3589.0,0.0,4.990298,4.990298,3.606999,1.0,0.0,19.0,2.0,0.0,398.777771,0.0,4409.0,82.0,14.0
4.117647,4.614286,64256.0,0.0,3.250774,0.292103,0.0,4.0,0.0,0.0,10.0,45987.613281,1785.758423,0.0,64.0,0.0,1098.0,0.000497,1721542656.0,31872.0,0.2926,0.0,44201.855469,4.614286,4.614286,62.0,0.0,20.0,0.0,16.0,-0.0,1.0,0.0,26836.0,1.0,4.614286,4.614286,7.585139,1.0,0.0,36.0,4.0,0.0,1341.800049,0.0,27934.0,68.625,14.0
0.0,0.001005,64256.0,0.0,995.024902,0.292103,0.0,1.0,0.0,0.0,25.0,565174.125,565174.125,0.0,64.0,0.0,141.0,0.000497,1721542656.0,31872.0,0.2926,0.0,0.0,0.001005,0.001005,62.0,0.0,1.0,0.0,2.0,-0.0,1.0,0.0,66.0,1.0,0.001005,0.001005,1990.049805,1.0,0.0,3.0,1.0,0.0,66.0,0.0,207.0,70.5,14.0
45.616276,0.635738,64256.0,0.0,31.459499,0.061029,0.0,0.0,0.0,0.0,0.0,396389.6875,18548.521484,0.0,64.0,0.0,1547.0,0.000995,1721542656.0,46336.0,0.062024,0.0,377841.1875,0.635738,0.635738,62.0,0.0,30.0,0.0,21.0,-0.0,0.0,0.0,31061.0,0.0,0.635738,0.635738,78.64875,0.0,0.0,51.0,0.0,0.0,1035.366699,0.0,32608.0,73.666664,14.0
7.33368,3.545287,64256.0,0.0,5.077163,0.278071,0.0,1.0,0.0,0.0,2.12766,71335.273438,3005.680664,1.0,64.0,0.0,1406.0,0.001004,1721542656.0,31872.0,0.279075,0.0,68329.59375,3.545287,3.545287,62.0,0.0,27.0,0.0,19.0,-0.0,0.0,0.0,31445.0,0.0,3.545287,3.545287,12.692908,1.0,0.0,46.0,1.0,0.0,1164.629639,0.0,32851.0,74.0,14.0
0.0,4.949501,197300.1840419336,0.0,0.808162,0.278071,0.0,0.0,0.0,0.0,0.0,478.432068,478.432068,0.0,64.0,0.0,370.0,0.001004,1721542656.0,95686.87047841308,0.279075,0.0,0.0,4.949501,4.949501,62.0,0.0,0.0,0.0,5.0,-0.0,1.0,0.0,0.0,0.0,4.949501,4.949501,0.808162,1.0,1.0,5.0,4.0,0.0,0.0,0.0,370.0,74.0,14.0
0.0,0.0,64256.0,0.0,0.0,0.278071,0.0,0.0,0.0,0.0,0.0,0.0,0.0,0.0,64.0,0.0,0.0,0.001004,1721542656.0,95686.87047841308,0.279075,0.0,0.0,0.0,0.0,62.0,0.0,1.0,0.0,0.0,-0.0,1.0,0.0,78.0,1.0,0.0,0.0,0.0,0.0,0.0,1.0,0.0,0.0,78.0,0.0,78.0,0.0,14.0
12.952612,0.154409,64256.0,0.0,19.428919,0.278071,0.0,0.0,0.0,1.0,0.0,17667.363281,10621.142578,0.0,64.0,0.0,273.0,0.001004,1721542656.0,31872.0,0.279075,0.0,7046.221191,0.154409,0.154409,62.0,0.0,3.0,0.0,4.0,-0.0,1.0,0.0,204.0,1.0,0.154409,0.154409,38.857838,0.0,0.0,7.0,0.0,0.0,68.0,0.0,477.0,68.25,14.0
6.449918,4.1861,64256.0,10.0,5.494374,0.155078,1.0,12.0,0.0,0.0,18.75,62549.867188,3384.534424,1.0,64.0,0.0,1848.0,0.000626,1721542656.0,31872.0,0.155704,0.0,59165.332031,4.1861,4.1861,62.0,0.0,28.0,0.0,24.0,-0.0,0.0,0.0,32105.0,1.0,4.1861,4.1861,12.183178,0.0,0.0,52.0,2.0,0.0,1146.607178,0.0,33953.0,77.0,14.0
0.0,4.926178,197300.1840419336,0.0,0.405994,0.155078,0.0,0.0,0.0,0.0,0.0,240.348602,240.348602,0.0,64.0,0.0,222.0,0.000626,1721542656.0,95686.87047841308,0.155704,0.0,0.0,4.926178,4.926178,62.0,0.0,0.0,0.0,3.0,-0.0,1.0,0.0,0.0,1.0,4.926178,4.926178,0.405994,1.0,1.0,3.0,2.0,0.0,0.0,0.0,222.0,74.0,14.0
1.373474,2.184243,64256.0,0.0,2.289123,0.155078,0.0,0.0,0.0,1.0,0.0,2007.102783,1263.595703,0.0,64.0,0.0,413.0,0.000626,1721542656.0,31872.0,0.155704,0.0,743.507019,2.184243,2.184243,62.0,0.0,4.0,0.0,6.0,-0.0,1.0,0.0,270.0,1.0,2.184243,2.184243,4.120421,0.0,0.0,10.0,0.0,0.0,67.5,0.0,683.0,68.833336,14.0
7.695767,4.028188,64256.0,1.0,7.199266,0.16978,1.0,2.0,0.0,0.0,3.125,67841.914062,4333.461914,0.0,64.0,0.0,2257.0,0.000491,1721542656.0,38400.0,0.170271,0.0,63508.453125,4.028188,4.028188,62.0,0.0,32.0,0.0,30.0,-0.0,0.0,0.0,33009.0,1.0,4.028188,4.028188,15.143285,0.0,0.0,62.0,1.0,0.0,1031.53125,0.0,35266.0,75.23333,14.0
0.0,0.001446,64256.0,0.0,0.0,0.155078,0.0,0.0,0.0,0.0,0.0,0.0,0.0,0.0,64.0,0.0,66.0,0.000626,1721542656.0,31872.0,0.155704,0.0,0.0,0.001446,0.001446,62.0,0.0,1.0,0.0,1.0,-0.0,1.0,0.0,66.0,1.0,0.001446,0.001446,691.562927,0.0,0.0,2.0,0.0,0.0,66.0,0.0,132.0,66.0,14.0
0.0,0.000601,64256.0,0.0,0.0,0.155078,0.0,0.0,0.0,0.0,0.0,0.0,0.0,0.0,64.0,0.0,66.0,0.000626,1721542656.0,31872.0,0.155704,0.0,0.0,0.000601,0.000601,62.0,0.0,1.0,0.0,1.0,-0.0,1.0,0.0,66.0,1.0,0.000601,0.000601,1663.893555,0.0,0.0,2.0,0.0,0.0,66.0,0.0,132.0,66.0,14.0
6.705239,1.342234,64256.0,0.0,7.450266,0.167137,0.0,0.0,0.0,0.0,0.0,11407.84668,4809.891602,0.0,64.0,0.0,887.0,0.000521,1721542656.0,31872.0,0.167658,0.0,6597.955078,1.342234,1.342234,62.0,0.0,10.0,0.0,11.0,-0.0,0.0,0.0,1229.0,0.0,1.342234,1.342234,14.900532,0.0,0.0,21.0,0.0,0.0,122.900002,0.0,2116.0,80.63636,2.0
7.355072,1.359606,64256.0,0.0,7.355072,0.168723,0.0,0.0,0.0,0.0,0.0,11744.579102,4748.43457,0.0,64.0,0.0,887.0,0.001491,1721542656.0,31872.0,0.170214,0.0,6996.144531,1.359606,1.359606,62.0,0.0,11.0,0.0,11.0,-0.0,0.0,0.0,1307.0,0.0,1.359606,1.359606,15.445651,0.0,0.0,22.0,0.0,0.0,118.818184,0.0,2194.0,80.63636,2.0
6.6324,1.356975,64256.0,0.0,8.8432,0.152789,0.0,0.0,0.0,0.0,0.0,12233.092773,5547.633789,0.0,64.0,0.0,1019.0,0.000976,1721542656.0,31872.0,0.153765,0.0,6685.458496,1.356975,1.356975,62.0,0.0,10.0,0.0,13.0,-0.0,0.0,0.0,1259.0,0.0,1.356975,1.356975,16.212532,0.0,0.0,23.0,0.0,0.0,125.900002,0.0,2278.0,78.384613,2.0
14.599014,0.61648,64256.0,0.0,19.465351,0.061098,0.0,0.0,0.0,0.0,0.0,27199.585938,12211.263672,0.0,64.0,0.0,1019.0,0.000489,1721542656.0,31872.0,0.061587,0.0,14988.321289,0.61648,0.61648,62.0,0.0,10.0,0.0,13.0,-0.0,0.0,0.0,1283.0,0.0,0.61648,0.61648,35.686478,0.0,0.0,23.0,0.0,0.0,128.300003,0.0,2302.0,78.384613,2.0
13.561917,0.663623,64256.0,0.0,18.082556,0.061557,0.0,0.0,0.0,0.0,0.0,25592.845703,11343.790039,0.0,64.0,0.0,1019.0,0.000736,1721542656.0,31872.0,0.062293,0.0,14249.054688,0.663623,0.663623,62.0,0.0,10.0,0.0,13.0,-0.0,0.0,0.0,1313.0,0.0,0.663623,0.663623,33.151352,0.0,0.0,23.0,0.0,0.0,131.300003,0.0,2332.0,78.384613,2.0
13.605546,0.661495,64256.0,0.0,18.140728,0.060815,0.0,0.0,0.0,0.0,0.0,26074.271484,11380.283203,0.0,64.0,0.0,1019.0,0.00061,1721542656.0,31872.0,0.061425,0.0,14693.989258,0.661495,0.661495,62.0,0.0,10.0,0.0,13.0,-0.0,0.0,0.0,1349.0,0.0,0.661495,0.661495,33.257999,0.0,0.0,23.0,0.0,0.0,134.899994,0.0,2368.0,78.384613,2.0
16.155931,0.557071,64256.0,0.0,21.541241,0.059933,0.0,0.0,0.0,0.0,0.0,31493.294922,13513.538086,0.0,64.0,0.0,1019.0,0.000942,1721542656.0,31872.0,0.060875,0.0,17979.755859,0.557071,0.557071,62.0,0.0,10.0,0.0,13.0,-0.0,0.0,0.0,1391.0,0.0,0.557071,0.557071,39.492275,0.0,0.0,23.0,0.0,0.0,139.100006,0.0,2410.0,78.384613,2.0
16.182159,0.556168,64256.0,0.0,21.576214,0.061011,0.0,0.0,0.0,0.0,0.0,32177.322266,13535.477539,0.0,64.0,0.0,1019.0,0.000493,1721542656.0,31872.0,0.061504,0.0,18641.847656,0.556168,0.556168,62.0,0.0,10.0,0.0,13.0,-0.0,0.0,0.0,1439.0,0.0,0.556168,0.556168,39.556393,0.0,0.0,23.0,0.0,0.0,143.899994,0.0,2458.0,78.384613,2.0
8.961002,1.004352,64256.0,0.0,9.956669,0.061665,0.0,0.0,0.0,0.0,0.0,17133.435547,6428.025391,0.0,64.0,0.0,887.0,0.0,1721542656.0,31872.0,0.061665,0.0,10705.410156,1.004352,1.004352,62.0,0.0,10.0,0.0,11.0,-0.0,0.0,0.0,1493.0,0.0,1.004352,1.004352,19.913338,0.0,0.0,21.0,0.0,0.0,149.300003,0.0,2380.0,80.63636,2.0
4.67706,1.924286,64256.0,0.0,5.716406,0.167809,0.0,1.0,0.0,0.0,4.347826,9611.876953,3799.85083,0.0,64.0,0.0,997.0,0.00215,1721542656.0,31872.0,0.169959,0.0,5812.025879,1.924286,1.924286,62.0,0.0,10.0,0.0,12.0,-0.0,0.0,0.0,1553.0,0.0,1.924286,1.924286,10.913138,1.0,0.0,22.0,1.0,0.0,155.300003,0.0,2550.0,83.083336,2.0
4.415896,2.264546,64256.0,0.0,6.623845,0.167874,0.0,2.0,0.0,0.0,6.896552,12283.256836,4126.213379,0.0,64.0,0.0,1245.0,0.00056,1721542656.0,31872.0,0.168434,0.0,8157.043457,2.264546,2.264546,62.0,0.0,11.0,0.0,16.0,-0.0,0.0,0.0,2539.0,1.0,2.264546,2.264546,11.481331,1.0,0.0,27.0,2.0,0.0,230.818176,0.0,3784.0,77.8125,2.0
6.61844,1.359837,64256.0,0.0,7.353822,0.168969,0.0,0.0,0.0,0.0,0.0,13701.641602,4747.627441,0.0,64.0,0.0,887.0,0.0,1721542656.0,31872.0,0.168969,0.0,8954.013672,1.359837,1.359837,62.0,0.0,10.0,0.0,11.0,-0.0,0.0,0.0,1691.0,0.0,1.359837,1.359837,14.707644,0.0,0.0,21.0,0.0,0.0,169.100006,0.0,2578.0,80.63636,2.0
3.049125,3.607592,64256.0,2.0,4.157898,0.060876,1.0,5.0,0.0,0.0,15.151515,6479.668457,2581.223145,0.0,64.0,0.0,1241.0,0.001987,1721542656.0,31872.0,0.062863,0.0,3898.445068,3.607592,3.607592,62.0,0.0,12.0,0.0,16.0,-0.0,0.0,0.0,1917.0,0.0,3.607592,3.607592,7.484216,0.0,0.0,28.0,3.0,0.0,159.75,0.0,3158.0,77.5625,2.0
6.470533,1.390921,64256.0,0.0,8.627378,0.168638,0.0,0.0,0.0,0.0,0.0,15005.884766,5412.241211,0.0,64.0,0.0,1019.0,0.000522,1721542656.0,31872.0,0.16916,0.0,9593.643555,1.390921,1.390921,62.0,0.0,10.0,0.0,13.0,-0.0,0.0,0.0,1853.0,0.0,1.390921,1.390921,15.816858,0.0,0.0,23.0,0.0,0.0,185.300003,0.0,2872.0,78.384613,2.0
2.011889,4.970452,64256.0,2.0,2.816645,0.168593,1.0,7.0,0.0,0.0,21.212121,4743.230957,1780.119873,0.0,64.0,0.0,1184.0,0.000992,1721542656.0,31872.0,0.169585,0.0,2963.11084,4.970452,4.970452,62.0,0.0,11.0,0.0,15.0,-0.0,0.0,0.0,2025.0,0.0,4.970452,4.970452,5.029724,0.0,0.0,26.0,5.0,0.0,184.090912,0.0,3209.0,78.933334,2.0
0.0,1.827597,64256.0,0.0,1.094333,0.168593,0.0,3.0,0.0,0.0,42.857143,630.335876,630.335876,0.0,64.0,0.0,216.0,0.000992,1721542656.0,31872.0,0.169585,0.0,0.0,1.827597,1.827597,62.0,0.0,1.0,0.0,3.0,-0.0,1.0,0.0,66.0,0.0,1.827597,1.827597,1.6415,1.0,0.0,4.0,3.0,0.0,66.0,0.0,282.0,72.0,2.0
2.93875,3.402807,64256.0,1.0,3.5265,0.161152,1.0,3.0,0.0,0.0,11.111111,6763.827637,2247.556152,0.0,64.0,0.0,1035.0,0.000995,1721542656.0,31872.0,0.162147,0.0,4516.271484,3.402807,3.402807,62.0,0.0,11.0,0.0,13.0,-0.0,0.0,0.0,2113.0,0.0,3.402807,3.402807,6.759126,0.0,0.0,24.0,2.0,0.0,192.090912,0.0,3148.0,79.615387,2.0
0.0,0.001571,64256.0,0.0,0.0,0.168593,0.0,0.0,0.0,0.0,0.0,0.0,0.0,0.0,64.0,0.0,66.0,0.000992,1721542656.0,31872.0,0.169585,0.0,0.0,0.001571,0.001571,62.0,0.0,1.0,0.0,1.0,-0.0,1.0,0.0,66.0,0.0,0.001571,0.001571,636.537231,0.0,0.0,2.0,0.0,0.0,66.0,0.0,132.0,66.0,2.0
2.998008,4.669768,64256.0,0.0,4.068725,0.168865,0.0,3.0,0.0,0.0,7.894737,10840.795898,2489.202881,0.0,64.0,0.0,1529.0,0.000521,1721542656.0,31872.0,0.169386,0.0,8351.592773,4.669768,4.669768,62.0,0.0,15.0,0.0,20.0,-0.0,0.0,0.0,5223.0,1.0,4.669768,4.669768,7.280876,1.0,0.0,35.0,3.0,0.0,348.200012,0.0,6752.0,76.449997,2.0
6.783549,1.62157,64256.0,1.0,7.400236,0.060654,1.0,2.0,0.0,0.0,7.407407,15481.292969,4676.94873,0.0,64.0,0.0,1027.0,0.001493,1721542656.0,31872.0,0.062147,0.0,10804.34375,1.62157,1.62157,62.0,0.0,12.0,0.0,13.0,-0.0,0.0,0.0,2389.0,0.0,1.62157,1.62157,14.800471,0.0,0.0,25.0,1.0,0.0,199.083328,0.0,3416.0,79.0,2.0
0.0,0.0,64256.0,0.0,0.0,0.168865,0.0,0.0,0.0,0.0,0.0,0.0,0.0,0.0,64.0,0.0,66.0,0.000521,1721542656.0,31872.0,0.169386,0.0,0.0,0.0,0.0,62.0,0.0,1.0,0.0,1.0,-0.0,1.0,0.0,66.0,1.0,0.0,0.0,0.0,0.0,0.0,2.0,0.0,0.0,66.0,0.0,132.0,66.0,2.0
17.832941,0.56076,64256.0,0.0,19.616234,0.060656,0.0,0.0,0.0,0.0,0.0,43983.164062,12468.791992,0.0,64.0,0.0,953.0,0.001493,1721542656.0,31872.0,0.062149,0.0,31514.373047,0.56076,0.56076,62.0,0.0,11.0,0.0,12.0,-0.0,0.0,0.0,2429.0,0.0,0.56076,0.56076,39.232468,0.0,0.0,23.0,0.0,0.0,220.818176,0.0,3382.0,79.416664,2.0
15.012355,0.666118,64256.0,0.0,16.51359,0.074547,0.0,0.0,0.0,0.0,0.0,38335.546875,10496.638672,0.0,64.0,0.0,953.0,0.000997,1721542656.0,31872.0,0.075544,0.0,27838.910156,0.666118,0.666118,62.0,0.0,11.0,0.0,12.0,-0.0,0.0,0.0,2549.0,0.0,0.666118,0.666118,33.02718,0.0,0.0,23.0,0.0,0.0,231.72728,0.0,3502.0,79.416664,2.0
17.511232,0.571062,64256.0,0.0,19.262356,0.05955,0.0,0.0,0.0,0.0,0.0,46313.707031,12243.853516,0.0,64.0,0.0,953.0,0.001578,1721542656.0,31872.0,0.061128,0.0,34069.855469,0.571062,0.571062,62.0,0.0,11.0,0.0,12.0,-0.0,0.0,0.0,2675.0,0.0,0.571062,0.571062,38.524712,0.0,0.0,23.0,0.0,0.0,243.181824,0.0,3628.0,79.416664,2.0
14.785573,0.676335,64256.0,0.0,16.26413,0.059855,0.0,0.0,0.0,0.0,0.0,40524.296875,10338.072266,0.0,64.0,0.0,953.0,0.001616,1721542656.0,31872.0,0.061471,0.0,30186.224609,0.676335,0.676335,62.0,0.0,11.0,0.0,12.0,-0.0,0.0,0.0,2807.0,0.0,0.676335,0.676335,32.528259,0.0,0.0,23.0,0.0,0.0,255.181824,0.0,3760.0,79.416664,2.0
15.015015,0.666,64256.0,0.0,16.516516,0.045785,0.0,0.0,0.0,0.0,0.0,42666.667969,10498.498047,0.0,64.0,0.0,953.0,0.001022,1721542656.0,31872.0,0.046807,0.0,32168.167969,0.666,0.666,62.0,0.0,11.0,0.0,12.0,-0.0,0.0,0.0,2945.0,0.0,0.666,0.666,33.033031,0.0,0.0,23.0,0.0,0.0,267.727264,0.0,3898.0,79.416664,2.0
18.032412,0.554557,64256.0,0.0,19.835651,0.059736,0.0,0.0,0.0,0.0,0.0,53130.695312,12608.261719,0.0,64.0,0.0,953.0,0.00149,1721542656.0,31872.0,0.061226,0.0,40522.433594,0.554557,0.554557,62.0,0.0,11.0,0.0,12.0,-0.0,0.0,0.0,3089.0,0.0,0.554557,0.554557,39.671303,0.0,0.0,23.0,0.0,0.0,280.818176,0.0,4042.0,79.416664,2.0
17.479309,0.572105,64256.0,0.0,19.22724,0.061023,0.0,0.0,0.0,0.0,0.0,53402.785156,12221.533203,0.0,64.0,0.0,953.0,0.000493,1721542656.0,31872.0,0.061516,0.0,41181.253906,0.572105,0.572105,62.0,0.0,11.0,0.0,12.0,-0.0,0.0,0.0,3239.0,0.0,0.572105,0.572105,38.454479,0.0,0.0,23.0,0.0,0.0,294.454559,0.0,4192.0,79.416664,2.0
13.490525,0.741261,64256.0,0.0,14.839578,0.060414,0.0,0.0,0.0,0.0,0.0,42748.773438,9432.575195,0.0,64.0,0.0,953.0,0.001106,1721542656.0,31872.0,0.06152,0.0,33316.199219,0.741261,0.741261,62.0,0.0,11.0,0.0,12.0,-0.0,0.0,0.0,3395.0,0.0,0.741261,0.741261,29.679155,0.0,0.0,23.0,0.0,0.0,308.636353,0.0,4348.0,79.416664,2.0
17.965158,0.556633,64256.0,0.0,19.761675,0.060418,0.0,0.0,0.0,0.0,0.0,59040.695312,12561.239258,0.0,64.0,0.0,953.0,0.000992,1721542656.0,31872.0,0.06141,0.0,46479.457031,0.556633,0.556633,62.0,0.0,11.0,0.0,12.0,-0.0,0.0,0.0,3557.0,0.0,0.556633,0.556633,39.52335,0.0,0.0,23.0,0.0,0.0,323.363647,0.0,4510.0,79.416664,2.0
16.966089,0.589411,64256.0,0.0,18.662699,0.06197,0.0,0.0,0.0,0.0,0.0,57834.003906,11862.689453,0.0,64.0,0.0,953.0,0.000996,1721542656.0,31872.0,0.062966,0.0,45971.316406,0.589411,0.589411,62.0,0.0,11.0,0.0,12.0,-0.0,0.0,0.0,3725.0,0.0,0.589411,0.589411,37.325397,0.0,0.0,23.0,0.0,0.0,338.636353,0.0,4678.0,79.416664,2.0
6.235347,1.924512,64256.0,1.0,7.274571,0.182058,1.0,2.0,0.0,0.0,6.666667,20672.253906,4543.489258,0.0,64.0,0.0,1171.0,0.001996,1721542656.0,31872.0,0.184054,0.0,16128.763672,1.924512,1.924512,62.0,0.0,13.0,0.0,15.0,-0.0,0.0,0.0,4203.0,1.0,1.924512,1.924512,14.029531,0.0,0.0,28.0,1.0,0.0,323.307678,0.0,5374.0,78.066666,2.0
2.619235,4.963282,64256.0,0.0,3.626632,0.16841,0.0,5.0,0.0,0.0,13.157895,13587.783203,2282.360596,1.0,64.0,0.0,1494.0,0.001001,1721542656.0,31872.0,0.169411,0.0,11305.421875,4.963282,4.963282,62.0,0.0,14.0,0.0,19.0,-0.0,0.0,0.0,7553.0,1.0,4.963282,4.963282,6.447347,1.0,0.0,33.0,5.0,0.0,539.5,0.0,9047.0,78.631577,2.0
5.828151,0.171581,64256.0,0.0,17.484453,0.16841,0.0,0.0,0.0,1.0,0.0,12775.307617,9558.167969,0.0,64.0,0.0,273.0,0.001001,1721542656.0,31872.0,0.169411,0.0,3217.139404,0.171581,0.171581,62.0,0.0,2.0,0.0,4.0,-0.0,1.0,0.0,138.0,1.0,0.171581,0.171581,29.140757,0.0,0.0,6.0,0.0,0.0,69.0,0.0,411.0,68.25,2.0
2.6897,4.461464,64256.0,0.0,3.586267,0.1539,0.0,4.0,0.0,0.0,11.764706,8868.837891,2271.899902,1.0,64.0,0.0,1346.0,0.000994,1721542656.0,31872.0,0.154894,0.0,6596.937988,4.461464,4.461464,62.0,0.0,13.0,0.0,17.0,-0.0,0.0,0.0,3985.0,1.0,4.461464,4.461464,6.500109,1.0,0.0,30.0,4.0,0.0,306.538452,0.0,5331.0,79.176468,2.0
0.88953,3.372569,64256.0,0.0,2.668589,0.1539,0.0,4.0,0.0,1.0,22.222222,5553.036621,1539.479248,0.0,64.0,0.0,721.0,0.000994,1721542656.0,31872.0,0.154894,0.0,4013.557617,3.372569,3.372569,62.0,0.0,4.0,0.0,10.0,-0.0,1.0,0.0,2256.0,1.0,3.372569,3.372569,3.854628,1.0,0.0,14.0,4.0,0.0,564.0,0.0,2977.0,72.099998,2.0
17.845497,0.616402,64256.0,0.0,21.090134,0.061245,0.0,0.0,0.0,0.0,0.0,66904.390625,13082.37207,0.0,64.0,0.0,1085.0,0.0,1721542656.0,31872.0,0.061245,0.0,53822.019531,0.616402,0.616402,62.0,0.0,12.0,0.0,14.0,-0.0,0.0,0.0,4523.0,0.0,0.616402,0.616402,40.557949,0.0,0.0,26.0,0.0,0.0,376.916656,0.0,5608.0,77.5,2.0
16.960312,0.648573,64256.0,0.0,20.044004,0.060798,0.0,0.0,0.0,0.0,0.0,65818.34375,12433.450195,0.0,64.0,0.0,1085.0,0.0,1721542656.0,31872.0,0.060798,0.0,53384.894531,0.648573,0.648573,62.0,0.0,12.0,0.0,14.0,-0.0,0.0,0.0,4721.0,0.0,0.648573,0.648573,38.546162,0.0,0.0,26.0,0.0,0.0,393.416656,0.0,5806.0,77.5,2.0
16.245466,0.677112,64256.0,0.0,19.199188,0.059778,0.0,0.0,0.0,0.0,0.0,65253.609375,11909.40332,0.0,64.0,0.0,1085.0,0.000491,1721542656.0,31872.0,0.060269,0.0,53344.203125,0.677112,0.677112,62.0,0.0,12.0,0.0,14.0,-0.0,0.0,0.0,4925.0,0.0,0.677112,0.677112,36.921516,0.0,0.0,26.0,0.0,0.0,410.416656,0.0,6010.0,77.5,2.0
17.68318,0.678611,64256.0,0.0,19.156778,0.05979,0.0,0.0,0.0,0.0,0.0,68481.0625,11883.09668,0.0,64.0,0.0,1085.0,0.001097,1721542656.0,31872.0,0.060887,0.0,56597.964844,0.678611,0.678611,62.0,0.0,13.0,0.0,14.0,-0.0,0.0,0.0,5201.0,0.0,0.678611,0.678611,38.313557,0.0,0.0,27.0,0.0,0.0,400.076935,0.0,6286.0,77.5,2.0
15.888842,0.755247,64256.0,0.0,15.888842,0.061016,0.0,0.0,0.0,0.0,0.0,62941.0,9967.599609,0.0,64.0,0.0,1019.0,0.000502,1721542656.0,31872.0,0.061518,0.0,52973.398438,0.755247,0.755247,62.0,0.0,13.0,0.0,13.0,-0.0,0.0,0.0,5417.0,0.0,0.755247,0.755247,33.101753,0.0,0.0,26.0,0.0,0.0,416.692322,0.0,6436.0,78.384613,2.0
20.548298,0.58399,64256.0,0.0,20.548298,0.058744,0.0,0.0,0.0,0.0,0.0,84206.921875,12890.631836,0.0,64.0,0.0,1019.0,0.000993,1721542656.0,31872.0,0.059737,0.0,71316.289062,0.58399,0.58399,62.0,0.0,13.0,0.0,13.0,-0.0,0.0,0.0,5639.0,0.0,0.58399,0.58399,42.808952,0.0,0.0,26.0,0.0,0.0,433.769226,0.0,6658.0,78.384613,2.0
18.525896,0.647742,64256.0,0.0,18.525896,0.060718,0.0,0.0,0.0,0.0,0.0,78512.75,11621.912109,0.0,64.0,0.0,1019.0,0.000496,1721542656.0,31872.0,0.061214,0.0,66890.835938,0.647742,0.647742,62.0,0.0,13.0,0.0,13.0,-0.0,0.0,0.0,5867.0,0.0,0.647742,0.647742,38.595615,0.0,0.0,26.0,0.0,0.0,451.307678,0.0,6886.0,78.384613,2.0
21.004175,0.571315,64256.0,0.0,21.004175,0.059276,0.0,0.0,0.0,0.0,0.0,92040.289062,13176.619141,0.0,64.0,0.0,1019.0,0.000501,1721542656.0,31872.0,0.059777,0.0,78863.671875,0.571315,0.571315,62.0,0.0,13.0,0.0,13.0,-0.0,0.0,0.0,6101.0,0.0,0.571315,0.571315,43.758698,0.0,0.0,26.0,0.0,0.0,469.307678,0.0,7120.0,78.384613,2.0
18.030445,0.665541,64256.0,0.0,18.030445,0.06087,0.0,0.0,0.0,0.0,0.0,81677.914062,11311.098633,0.0,64.0,0.0,1019.0,0.000992,1721542656.0,31872.0,0.061862,0.0,70366.8125,0.665541,0.665541,62.0,0.0,13.0,0.0,13.0,-0.0,0.0,0.0,6341.0,0.0,0.665541,0.665541,37.563427,0.0,0.0,26.0,0.0,0.0,487.769226,0.0,7360.0,78.384613,2.0
20.944565,0.572941,64256.0,0.0,20.944565,0.060423,0.0,0.0,0.0,0.0,0.0,98048.492188,13139.223633,0.0,64.0,0.0,1019.0,0.000502,1721542656.0,31872.0,0.060925,0.0,84909.265625,0.572941,0.572941,62.0,0.0,13.0,0.0,13.0,-0.0,0.0,0.0,6587.0,0.0,0.572941,0.572941,43.63451,0.0,0.0,26.0,0.0,0.0,506.692322,0.0,7606.0,78.384613,2.0
22.777288,0.570744,64256.0,0.0,24.529387,0.059347,0.0,0.0,0.0,0.0,0.0,104943.726562,15068.051758,0.0,64.0,0.0,1151.0,0.000996,1721542656.0,31872.0,0.060343,0.0,89875.671875,0.570744,0.570744,62.0,0.0,14.0,0.0,15.0,-0.0,0.0,0.0,6905.0,0.0,0.570744,0.570744,49.058773,0.0,0.0,29.0,0.0,0.0,493.214294,0.0,8056.0,76.73333,2.0
20.053095,0.648279,64256.0,0.0,21.59564,0.060264,0.0,0.0,0.0,0.0,0.0,95354.007812,13265.892578,0.0,64.0,0.0,1151.0,0.001693,1721542656.0,31872.0,0.061957,0.0,82088.109375,0.648279,0.648279,62.0,0.0,14.0,0.0,15.0,-0.0,0.0,0.0,7163.0,0.0,0.648279,0.648279,43.19128,0.0,0.0,29.0,0.0,0.0,511.642853,0.0,8314.0,76.73333,2.0
19.581911,0.663878,64256.0,0.0,21.088211,0.045389,0.0,0.0,0.0,0.0,0.0,96065.84375,12954.186523,0.0,64.0,0.0,1151.0,0.000595,1721542656.0,31872.0,0.045984,0.0,83111.65625,0.663878,0.663878,62.0,0.0,14.0,0.0,15.0,-0.0,0.0,0.0,7427.0,0.0,0.663878,0.663878,42.176422,0.0,0.0,29.0,0.0,0.0,530.5,0.0,8578.0,76.73333,2.0
18.093979,0.773738,64256.0,0.0,18.093979,0.060963,0.0,0.0,0.0,0.0,0.0,86034.289062,11114.873047,0.0,64.0,0.0,1151.0,0.000494,1721542656.0,31872.0,0.061457,0.0,74919.414062,0.773738,0.773738,62.0,0.0,15.0,0.0,15.0,-0.0,0.0,0.0,7763.0,0.0,0.773738,0.773738,37.480385,0.0,0.0,30.0,0.0,0.0,517.533325,0.0,8914.0,76.73333,2.0
23.393707,0.555705,64256.0,0.0,25.193222,0.060878,0.0,0.0,0.0,0.0,0.0,122064.765625,15475.836914,0.0,64.0,0.0,1151.0,0.000492,1721542656.0,31872.0,0.06137,0.0,106588.921875,0.555705,0.555705,62.0,0.0,14.0,0.0,15.0,-0.0,0.0,0.0,7973.0,0.0,0.555705,0.555705,50.386444,0.0,0.0,29.0,0.0,0.0,569.5,0.0,9124.0,76.73333,2.0
22.785112,0.570548,64256.0,0.0,24.537813,0.060347,0.0,0.0,0.0,0.0,0.0,122562.867188,15073.227539,0.0,64.0,0.0,1151.0,0.000982,1721542656.0,31872.0,0.061329,0.0,107489.640625,0.570548,0.570548,62.0,0.0,14.0,0.0,15.0,-0.0,0.0,0.0,8255.0,0.0,0.570548,0.570548,49.075626,0.0,0.0,29.0,0.0,0.0,589.642883,0.0,9406.0,76.73333,2.0
20.603598,0.679493,64256.0,0.0,19.131912,0.061,0.0,0.0,0.0,0.0,0.0,106479.390625,11867.671875,0.0,64.0,0.0,1085.0,0.000981,1721542656.0,31872.0,0.061981,0.0,94611.71875,0.679493,0.679493,62.0,0.0,15.0,0.0,14.0,-0.0,0.0,0.0,8609.0,0.0,0.679493,0.679493,41.207195,0.0,0.0,29.0,0.0,0.0,573.93335,0.0,9694.0,77.5,2.0
21.516977,0.650649,64256.0,0.0,19.980051,0.078145,0.0,0.0,0.0,0.0,0.0,114568.679688,12393.779297,0.0,64.0,0.0,1085.0,0.000996,1721542656.0,31872.0,0.079141,0.0,102174.90625,0.650649,0.650649,62.0,0.0,15.0,0.0,14.0,-0.0,0.0,0.0,8903.0,0.0,0.650649,0.650649,43.033955,0.0,0.0,29.0,0.0,0.0,593.533325,0.0,9988.0,77.5,2.0
21.029896,0.665719,64256.0,0.0,19.52776,0.062273,0.0,0.0,0.0,0.0,0.0,115339.960938,12113.219727,0.0,64.0,0.0,1085.0,0.001086,1721542656.0,31872.0,0.063359,0.0,103226.742188,0.665719,0.665719,62.0,0.0,15.0,0.0,14.0,-0.0,0.0,0.0,9203.0,0.0,0.665719,0.665719,42.059792,0.0,0.0,29.0,0.0,0.0,613.533325,0.0,10288.0,77.5,2.0
25.037556,0.55916,64256.0,0.0,23.249159,0.061026,0.0,0.0,0.0,0.0,0.0,141412.125,14421.632812,0.0,64.0,0.0,1085.0,0.000552,1721542656.0,31872.0,0.061578,0.0,126990.484375,0.55916,0.55916,62.0,0.0,15.0,0.0,14.0,-0.0,0.0,0.0,9509.0,0.0,0.55916,0.55916,50.075111,0.0,0.0,29.0,0.0,0.0,633.93335,0.0,10594.0,77.5,2.0
10.042339,1.493676,64256.0,0.0,8.703361,0.177815,0.0,0.0,0.0,0.0,0.0,55048.085938,5398.76123,0.0,64.0,0.0,1085.0,0.006182,1721542656.0,31872.0,0.183997,0.0,49649.324219,1.493676,1.493676,62.0,0.0,16.0,0.0,14.0,-0.0,0.0,0.0,9887.0,0.0,1.493676,1.493676,19.415188,0.0,0.0,30.0,0.0,0.0,617.9375,0.0,10972.0,77.5,2.0
10.340456,1.450613,64256.0,0.0,8.961728,0.166919,0.0,0.0,0.0,0.0,0.0,58325.6875,5559.029297,0.0,64.0,0.0,1085.0,0.001976,1721542656.0,31872.0,0.168895,0.0,52766.65625,1.450613,1.450613,62.0,0.0,16.0,0.0,14.0,-0.0,0.0,0.0,10205.0,0.0,1.450613,1.450613,19.991549,0.0,0.0,30.0,0.0,0.0,637.8125,0.0,11290.0,77.5,2.0
7.976748,2.00583,64256.0,1.0,7.976748,0.075174,1.0,2.0,0.0,0.0,5.555556,44653.832031,4849.862305,0.0,64.0,0.0,1291.0,0.001005,1721542656.0,31872.0,0.076179,0.0,39803.96875,2.00583,2.00583,62.0,0.0,17.0,0.0,17.0,-0.0,0.0,0.0,10603.0,0.0,2.00583,2.00583,16.452042,0.0,0.0,34.0,1.0,0.0,623.705872,0.0,11894.0,75.941177,2.0
9.241717,1.623075,64256.0,0.0,9.241717,0.156468,0.0,0.0,0.0,0.0,0.0,55805.183594,5623.893066,0.0,64.0,0.0,1217.0,0.019629,1721542656.0,31872.0,0.176097,0.0,50181.292969,1.623075,1.623075,62.0,0.0,16.0,0.0,16.0,-0.0,0.0,0.0,10859.0,0.0,1.623075,1.623075,19.099548,0.0,0.0,32.0,0.0,0.0,678.6875,0.0,12076.0,76.0625,2.0
20.956617,0.763482,64256.0,0.0,20.956617,0.045307,0.0,0.0,0.0,0.0,0.0,123717.390625,12657.796875,0.0,64.0,0.0,1283.0,0.000997,1721542656.0,31872.0,0.046304,0.0,111059.59375,0.763482,0.763482,62.0,0.0,17.0,0.0,17.0,-0.0,0.0,0.0,11261.0,0.0,0.763482,0.763482,43.223026,0.0,0.0,34.0,0.0,0.0,662.411743,0.0,12544.0,75.470589,2.0
5.158373,3.101753,64256.0,0.0,5.480772,0.170623,0.0,3.0,0.0,0.0,7.894737,31512.501953,3345.205078,0.0,64.0,0.0,1373.0,0.001002,1721542656.0,31872.0,0.171625,0.0,28167.296875,3.101753,3.101753,62.0,0.0,17.0,0.0,18.0,-0.0,0.0,0.0,11603.0,0.0,3.101753,3.101753,10.961543,1.0,0.0,35.0,3.0,0.0,682.529419,0.0,12976.0,76.277779,2.0
4.137492,4.108769,64256.0,1.0,4.380874,0.170111,1.0,9.0,0.0,0.0,19.565217,24826.900391,2690.830322,0.0,64.0,0.0,1458.0,0.001414,1721542656.0,31872.0,0.171525,0.0,22136.070312,4.108769,4.108769,62.0,0.0,18.0,0.0,19.0,-0.0,0.0,0.0,12037.0,1.0,4.108769,4.108769,8.761748,0.0,0.0,37.0,8.0,0.0,668.722229,0.0,13495.0,76.736839,2.0
0.291758,3.427496,64256.0,0.0,0.583516,0.170111,0.0,1.0,0.0,0.0,16.666667,490.153748,336.105438,0.0,64.0,0.0,216.0,0.001414,1721542656.0,31872.0,0.171525,0.0,154.048325,3.427496,3.427496,62.0,0.0,2.0,0.0,3.0,-0.0,1.0,0.0,132.0,1.0,3.427496,3.427496,1.167033,1.0,0.0,5.0,1.0,0.0,66.0,0.0,348.0,72.0,2.0
1.943421,4.631009,64256.0,0.0,2.807163,0.16946,0.0,4.0,0.0,0.0,14.285714,3159.570557,1782.764771,1.0,64.0,0.0,1111.0,0.000502,1721542656.0,31872.0,0.169962,0.0,1376.805786,4.631009,4.631009,62.0,0.0,10.0,0.0,14.0,-0.0,0.0,0.0,885.0,1.0,4.631009,4.631009,4.96652,1.0,0.0,24.0,4.0,0.0,88.5,0.0,1996.0,79.35714,2.0
30.850349,0.35656,64256.0,0.0,28.045771,0.16946,0.0,0.0,0.0,1.0,0.0,260466.6875,16087.054688,0.0,64.0,0.0,788.0,0.000502,1721542656.0,31872.0,0.169962,0.0,244379.640625,0.35656,0.35656,62.0,0.0,12.0,0.0,11.0,-0.0,1.0,0.0,11882.0,1.0,0.35656,0.35656,61.700699,0.0,0.0,23.0,0.0,0.0,990.166687,0.0,12670.0,71.63636,2.0
27.345379,0.585108,64256.0,0.0,23.927208,0.060257,0.0,0.0,0.0,0.0,0.0,177676.609375,14698.141602,0.0,64.0,0.0,1151.0,0.000983,1721542656.0,31872.0,0.06124,0.0,162978.46875,0.585108,0.585108,62.0,0.0,17.0,0.0,15.0,-0.0,0.0,0.0,12665.0,0.0,0.585108,0.585108,52.981674,0.0,0.0,32.0,0.0,0.0,745.0,0.0,13816.0,76.73333,2.0
28.776491,0.59076,64256.0,0.0,27.083757,0.060429,0.0,0.0,0.0,0.0,0.0,183871.625,16358.588867,0.0,64.0,0.0,1283.0,0.000989,1721542656.0,31872.0,0.061418,0.0,167513.03125,0.59076,0.59076,62.0,0.0,18.0,0.0,17.0,-0.0,0.0,0.0,13097.0,0.0,0.59076,0.59076,57.552982,0.0,0.0,35.0,0.0,0.0,727.611084,0.0,14380.0,75.470589,2.0
26.249557,0.64763,64256.0,0.0,24.705465,0.060125,0.0,0.0,0.0,0.0,0.0,172061.21875,14922.101562,0.0,64.0,0.0,1283.0,0.001344,1721542656.0,31872.0,0.061469,0.0,157139.109375,0.64763,0.64763,62.0,0.0,18.0,0.0,17.0,-0.0,0.0,0.0,13469.0,0.0,0.64763,0.64763,52.499115,0.0,0.0,35.0,0.0,0.0,748.277771,0.0,14752.0,75.470589,2.0
25.056229,0.678474,64256.0,0.0,23.582333,0.060387,0.0,0.0,0.0,0.0,0.0,168448.609375,14243.729492,0.0,64.0,0.0,1283.0,0.001414,1721542656.0,31872.0,0.061801,0.0,154204.875,0.678474,0.678474,62.0,0.0,18.0,0.0,17.0,-0.0,0.0,0.0,13847.0,0.0,0.678474,0.678474,50.112457,0.0,0.0,35.0,0.0,0.0,769.277771,0.0,15130.0,75.470589,2.0
23.812359,0.75591,64256.0,0.0,21.166542,0.060264,0.0,0.0,0.0,0.0,0.0,156135.0,12784.59082,0.0,64.0,0.0,1283.0,0.000715,1721542656.0,31872.0,0.060979,0.0,143350.40625,0.75591,0.75591,62.0,0.0,19.0,0.0,17.0,-0.0,0.0,0.0,14297.0,0.0,0.75591,0.75591,46.301811,0.0,0.0,36.0,0.0,0.0,752.473694,0.0,15580.0,75.470589,2.0
27.08983,0.664456,64256.0,0.0,22.574858,0.060716,0.0,0.0,0.0,0.0,0.0,181261.0625,13737.553711,0.0,64.0,0.0,1217.0,0.000939,1721542656.0,31872.0,0.061655,0.0,167523.5,0.664456,0.664456,62.0,0.0,19.0,0.0,16.0,-0.0,0.0,0.0,14687.0,0.0,0.664456,0.664456,51.169678,0.0,0.0,35.0,0.0,0.0,773.0,0.0,15904.0,76.0625,2.0
34.196774,0.555608,64256.0,0.0,26.997452,0.060026,0.0,0.0,0.0,0.0,0.0,223654.09375,16428.849609,0.0,64.0,0.0,1217.0,0.001495,1721542656.0,31872.0,0.061521,0.0,207225.25,0.555608,0.555608,62.0,0.0,20.0,0.0,16.0,-0.0,0.0,0.0,15149.0,0.0,0.555608,0.555608,62.994057,0.0,0.0,36.0,0.0,0.0,757.450012,0.0,16366.0,76.0625,2.0
30.72506,0.585841,64256.0,0.0,25.604218,0.061135,0.0,0.0,0.0,0.0,0.0,215908.40625,15581.019531,0.0,64.0,0.0,1217.0,0.0,1721542656.0,31872.0,0.061135,0.0,200327.390625,0.585841,0.585841,62.0,0.0,19.0,0.0,16.0,-0.0,0.0,0.0,15485.0,0.0,0.585841,0.585841,58.036224,0.0,0.0,35.0,0.0,0.0,815.0,0.0,16702.0,76.0625,2.0
32.537086,0.583949,64256.0,0.0,29.112129,0.060444,0.0,0.0,0.0,0.0,0.0,225184.03125,17467.277344,0.0,64.0,0.0,1349.0,0.000584,1721542656.0,31872.0,0.061028,0.0,207716.765625,0.583949,0.583949,62.0,0.0,20.0,0.0,18.0,-0.0,0.0,0.0,15959.0,0.0,0.583949,0.583949,63.361694,0.0,0.0,38.0,0.0,0.0,797.950012,0.0,17308.0,74.944443,2.0
25.725632,0.738563,64256.0,0.0,23.017672,0.058173,0.0,0.0,0.0,0.0,0.0,182299.953125,13810.602539,0.0,64.0,0.0,1349.0,0.002752,1721542656.0,31872.0,0.060925,0.0,168489.34375,0.738563,0.738563,62.0,0.0,20.0,0.0,18.0,-0.0,0.0,0.0,16373.0,0.0,0.738563,0.738563,50.097282,0.0,0.0,38.0,0.0,0.0,818.650024,0.0,17722.0,74.944443,2.0
12.285911,1.546487,64256.0,0.0,9.699403,0.153316,0.0,0.0,0.0,0.0,0.0,88432.6875,5902.409668,0.0,64.0,0.0,1217.0,0.000857,1721542656.0,31872.0,0.154173,0.0,82530.28125,1.546487,1.546487,62.0,0.0,20.0,0.0,16.0,-0.0,0.0,0.0,16793.0,0.0,1.546487,1.546487,22.631939,0.0,0.0,36.0,0.0,0.0,839.650024,0.0,18010.0,76.0625,2.0
7.324842,2.866956,64256.0,1.0,6.278436,0.107458,1.0,4.0,0.0,0.0,8.888889,50043.320312,3806.127441,0.0,64.0,0.0,1439.0,0.000979,1721542656.0,31872.0,0.108437,0.0,46237.195312,2.866956,2.866956,62.0,0.0,22.0,0.0,19.0,-0.0,0.0,0.0,17359.0,0.0,2.866956,2.866956,13.95208,0.0,0.0,41.0,3.0,0.0,789.045471,0.0,18798.0,75.736839,2.0
6.244141,3.683453,64256.0,1.0,5.158203,0.168442,1.0,3.0,0.0,0.0,6.382979,40396.875,3090.578369,0.0,64.0,0.0,1497.0,0.000493,1721542656.0,31872.0,0.168935,0.0,37306.296875,3.683453,3.683453,62.0,0.0,24.0,0.0,20.0,-0.0,0.0,0.0,17923.0,0.0,3.683453,3.683453,11.673829,0.0,0.0,44.0,2.0,0.0,746.791687,0.0,19420.0,74.849998,2.0
5.888911,3.566024,64256.0,1.0,5.047638,0.154629,1.0,3.0,0.0,0.0,6.818182,42079.355469,3042.043457,0.0,64.0,0.0,1431.0,0.000494,1721542656.0,31872.0,0.155123,0.0,39037.3125,3.566024,3.566024,62.0,0.0,22.0,0.0,19.0,-0.0,0.0,0.0,18229.0,0.0,3.566024,3.566024,11.216974,0.0,0.0,41.0,2.0,0.0,828.590881,0.0,19660.0,75.315788,2.0
5.735079,3.661676,64256.0,1.0,5.188881,0.145822,1.0,4.0,0.0,0.0,8.695652,42068.167969,3124.252441,0.0,64.0,0.0,1505.0,0.000966,1721542656.0,31872.0,0.146788,0.0,38943.917969,3.661676,3.661676,62.0,0.0,22.0,0.0,20.0,-0.0,0.0,0.0,18673.0,0.0,3.661676,3.661676,11.197059,0.0,0.0,42.0,3.0,0.0,848.772705,0.0,20178.0,75.25,2.0
30.959387,0.678308,64256.0,0.0,26.536617,0.061585,0.0,0.0,0.0,0.0,0.0,231021.890625,15815.824219,0.0,64.0,0.0,1415.0,0.0,1721542656.0,31872.0,0.061585,0.0,215206.0625,0.678308,0.678308,62.0,0.0,22.0,0.0,19.0,-0.0,0.0,0.0,19115.0,0.0,0.678308,0.678308,58.970261,0.0,0.0,41.0,0.0,0.0,868.863647,0.0,20530.0,74.473686,2.0
37.647903,0.5578,64256.0,0.0,32.26963,0.05906,0.0,0.0,0.0,0.0,0.0,287171.03125,19232.699219,0.0,64.0,0.0,1415.0,0.002068,1721542656.0,31872.0,0.061128,0.0,267938.34375,0.5578,0.5578,62.0,0.0,22.0,0.0,19.0,-0.0,0.0,0.0,19571.0,0.0,0.5578,0.5578,71.710289,0.0,0.0,41.0,0.0,0.0,889.590881,0.0,20986.0,74.473686,2.0
36.751904,0.571399,64256.0,0.0,28.00145,0.060265,0.0,0.0,0.0,0.0,0.0,284648.75,16912.876953,0.0,64.0,0.0,1283.0,0.001118,1721542656.0,31872.0,0.061383,0.0,267735.875,0.571399,0.571399,62.0,0.0,22.0,0.0,17.0,-0.0,0.0,0.0,20033.0,0.0,0.571399,0.571399,66.503441,0.0,0.0,39.0,0.0,0.0,910.590881,0.0,21316.0,75.470589,2.0
39.477535,0.557279,64256.0,0.0,30.505367,0.06024,0.0,0.0,0.0,0.0,0.0,300718.3125,18303.220703,0.0,64.0,0.0,1349.0,0.001475,1721542656.0,31872.0,0.061715,0.0,282415.09375,0.557279,0.557279,62.0,0.0,23.0,0.0,18.0,-0.0,0.0,0.0,20567.0,0.0,0.557279,0.557279,71.777336,0.0,0.0,41.0,0.0,0.0,894.217407,0.0,21916.0,74.944443,2.0
33.93182,0.648359,64256.0,0.0,26.220041,0.060851,0.0,0.0,0.0,0.0,0.0,264075.90625,15732.025391,0.0,64.0,0.0,1349.0,0.000918,1721542656.0,31872.0,0.061769,0.0,248343.890625,0.648359,0.648359,62.0,0.0,23.0,0.0,18.0,-0.0,0.0,0.0,21041.0,0.0,0.648359,0.648359,61.694214,0.0,0.0,41.0,0.0,0.0,914.826111,0.0,22390.0,74.944443,2.0
32.335537,0.680366,64256.0,0.0,24.986551,0.062234,0.0,0.0,0.0,0.0,0.0,257049.890625,14991.931641,0.0,64.0,0.0,1349.0,0.0,1721542656.0,31872.0,0.062234,0.0,242057.953125,0.680366,0.680366,62.0,0.0,23.0,0.0,18.0,-0.0,0.0,0.0,21521.0,0.0,0.680366,0.680366,58.791889,0.0,0.0,41.0,0.0,0.0,935.695679,0.0,22870.0,74.944443,2.0
32.363461,0.710678,64256.0,0.0,26.735035,0.060144,0.0,0.0,0.0,0.0,0.0,253965.9375,15838.397461,0.0,64.0,0.0,1481.0,0.002044,1721542656.0,31872.0,0.062188,0.0,238127.546875,0.710678,0.710678,62.0,0.0,24.0,0.0,20.0,-0.0,0.0,0.0,22073.0,0.0,0.710678,0.710678,60.505604,0.0,0.0,44.0,0.0,0.0,919.708313,0.0,23554.0,74.050003,2.0
35.513832,0.647635,64256.0,0.0,29.337513,0.060919,0.0,0.0,0.0,0.0,0.0,284505.9375,17380.160156,0.0,64.0,0.0,1481.0,0.000986,1721542656.0,31872.0,0.061905,0.0,267125.78125,0.647635,0.647635,62.0,0.0,24.0,0.0,20.0,-0.0,0.0,0.0,22565.0,0.0,0.647635,0.647635,66.395424,0.0,0.0,44.0,0.0,0.0,940.208313,0.0,24046.0,74.050003,2.0
35.814167,0.642204,64256.0,0.0,29.585615,0.060082,0.0,0.0,0.0,0.0,0.0,292866.4375,17527.140625,0.0,64.0,0.0,1481.0,0.001494,1721542656.0,31872.0,0.061576,0.0,275339.3125,0.642204,0.642204,62.0,0.0,24.0,0.0,20.0,-0.0,0.0,0.0,23063.0,0.0,0.642204,0.642204,66.956917,0.0,0.0,44.0,0.0,0.0,960.958313,0.0,24544.0,74.050003,2.0
11.551463,2.077659,64256.0,0.0,9.144908,0.169239,0.0,1.0,0.0,0.0,2.173913,92808.304688,5448.439941,0.0,64.0,0.0,1489.0,0.0,1721542656.0,31872.0,0.169239,0.0,87359.867188,2.077659,2.077659,62.0,0.0,25.0,0.0,20.0,-0.0,0.0,0.0,23633.0,0.0,2.077659,2.077659,21.177683,1.0,0.0,45.0,1.0,0.0,945.320007,0.0,25122.0,74.449997,2.0
8.68972,2.992041,64256.0,1.0,6.6844,0.168404,1.0,3.0,0.0,0.0,5.882353,66504.4375,3981.22876,0.0,64.0,0.0,1563.0,0.000911,1721542656.0,31872.0,0.169315,0.0,62523.207031,2.992041,2.992041,62.0,0.0,27.0,0.0,21.0,-0.0,0.0,0.0,24283.0,0.0,2.992041,2.992041,15.708341,0.0,0.0,48.0,2.0,0.0,899.370361,0.0,25846.0,74.428574,2.0
15.142375,1.650996,64256.0,0.0,10.90251,0.182617,0.0,0.0,0.0,0.0,0.0,121701.085938,6497.895996,0.0,64.0,0.0,1415.0,0.000494,1721542656.0,31872.0,0.183111,0.0,115203.1875,1.650996,1.650996,62.0,0.0,26.0,0.0,19.0,-0.0,0.0,0.0,24725.0,0.0,1.650996,1.650996,26.650579,0.0,0.0,45.0,0.0,0.0,950.961548,0.0,26140.0,74.473686,2.0
5.451091,4.953137,64256.0,2.0,4.44163,0.167728,1.0,6.0,0.0,0.0,10.526316,42197.097656,2643.980957,0.0,64.0,0.0,1711.0,0.000998,1721542656.0,31872.0,0.168726,0.0,39553.117188,4.953137,4.953137,62.0,0.0,28.0,0.0,23.0,-0.0,0.0,0.0,25395.0,0.0,4.953137,4.953137,10.094613,0.0,0.0,51.0,4.0,0.0,906.964294,0.0,27106.0,74.391304,2.0
10.856908,2.486896,64256.0,0.0,8.042153,0.152641,0.0,1.0,0.0,0.0,2.0,85127.804688,4764.171875,0.0,64.0,0.0,1555.0,0.000978,1721542656.0,31872.0,0.153619,0.0,80363.632812,2.486896,2.486896,62.0,0.0,28.0,0.0,21.0,-0.0,0.0,0.0,25907.0,0.0,2.486896,2.486896,19.301168,1.0,0.0,49.0,1.0,0.0,925.25,0.0,27462.0,74.047623,2.0
8.105029,3.331265,64256.0,1.0,6.303912,0.10624,1.0,4.0,0.0,0.0,7.407407,65003.535156,3753.529053,0.0,64.0,0.0,1637.0,0.000503,1721542656.0,31872.0,0.106743,0.0,61250.007812,3.331265,3.331265,62.0,0.0,28.0,0.0,22.0,-0.0,0.0,0.0,26449.0,0.0,3.331265,3.331265,14.709127,0.0,0.0,50.0,3.0,0.0,944.607117,0.0,28086.0,74.409088,2.0
31.747581,0.81896,64256.0,0.0,23.200155,0.077847,0.0,0.0,0.0,0.0,0.0,266933.65625,13744.260742,0.0,64.0,0.0,1481.0,0.000527,1721542656.0,31872.0,0.078374,0.0,253189.40625,0.81896,0.81896,62.0,0.0,27.0,0.0,20.0,-0.0,0.0,0.0,26915.0,0.0,0.81896,0.81896,56.1688,0.0,0.0,47.0,0.0,0.0,996.851868,0.0,28396.0,74.050003,2.0
24.406773,1.065278,64256.0,0.0,17.835718,0.104669,0.0,0.0,0.0,0.0,0.0,209154.78125,10566.255859,0.0,64.0,0.0,1481.0,0.000978,1721542656.0,31872.0,0.105647,0.0,198588.53125,1.065278,1.065278,62.0,0.0,27.0,0.0,20.0,-0.0,0.0,0.0,27461.0,0.0,1.065278,1.065278,43.181213,0.0,0.0,47.0,0.0,0.0,1017.074097,0.0,28942.0,74.050003,2.0
20.843321,1.295379,64256.0,0.0,14.667521,0.1262,0.0,0.0,0.0,0.0,0.0,175911.453125,8689.348633,0.0,64.0,0.0,1481.0,0.013336,1721542656.0,31872.0,0.139536,0.0,167222.09375,1.295379,1.295379,62.0,0.0,28.0,0.0,20.0,-0.0,0.0,0.0,28079.0,0.0,1.295379,1.295379,36.282818,0.0,0.0,48.0,0.0,0.0,1002.821411,0.0,29560.0,74.050003,2.0
18.410971,1.466517,64256.0,0.0,12.955868,0.153738,0.0,0.0,0.0,0.0,0.0,158317.96875,7675.328613,0.0,64.0,0.0,1481.0,0.000993,1721542656.0,31872.0,0.154731,0.0,150642.640625,1.466517,1.466517,62.0,0.0,28.0,0.0,20.0,-0.0,0.0,0.0,28637.0,0.0,1.466517,1.466517,32.048725,0.0,0.0,48.0,0.0,0.0,1022.75,0.0,30118.0,74.050003,2.0
18.602179,1.451443,64256.0,0.0,13.090422,0.167816,0.0,0.0,0.0,0.0,0.0,162960.59375,7755.041016,0.0,64.0,0.0,1481.0,0.0,1721542656.0,31872.0,0.167816,0.0,155205.546875,1.451443,1.451443,62.0,0.0,28.0,0.0,20.0,-0.0,0.0,0.0,29201.0,0.0,1.451443,1.451443,32.381569,0.0,0.0,48.0,0.0,0.0,1042.892822,0.0,30682.0,74.050003,2.0
19.978506,1.45156,64256.0,0.0,13.778279,0.154318,0.0,0.0,0.0,0.0,0.0,167439.171875,8123.673828,0.0,64.0,0.0,1547.0,0.000501,1721542656.0,31872.0,0.154819,0.0,159315.5,1.45156,1.45156,62.0,0.0,30.0,0.0,21.0,-0.0,0.0,0.0,29903.0,0.0,1.45156,1.45156,34.445698,0.0,0.0,51.0,0.0,0.0,996.766663,0.0,31450.0,73.666664,2.0
29.692251,0.943007,64256.0,0.0,21.20875,0.083733,0.0,0.0,0.0,0.0,0.0,261622.65625,12504.679688,0.0,64.0,0.0,1547.0,0.006869,1721542656.0,31872.0,0.090602,0.0,249117.984375,0.943007,0.943007,62.0,0.0,29.0,0.0,21.0,-0.0,0.0,0.0,30413.0,0.0,0.943007,0.943007,51.961437,0.0,0.0,50.0,0.0,0.0,1048.724121,0.0,31960.0,73.666664,2.0
22.099785,1.31223,64256.0,0.0,16.765354,0.122905,0.0,0.0,0.0,0.0,0.0,192844.25,9790.966797,0.0,64.0,0.0,1679.0,0.00147,1721542656.0,31872.0,0.124375,0.0,183053.28125,1.31223,1.31223,62.0,0.0,30.0,0.0,23.0,-0.0,0.0,0.0,31061.0,0.0,1.31223,1.31223,39.627201,0.0,0.0,53.0,0.0,0.0,1035.366699,0.0,32740.0,73.0,2.0
45.637383,0.635444,64256.0,0.0,34.621464,0.060161,0.0,0.0,0.0,0.0,0.0,405398.4375,20218.933594,0.0,64.0,0.0,1679.0,0.000498,1721542656.0,31872.0,0.060659,0.0,385179.5,0.635444,0.635444,62.0,0.0,30.0,0.0,23.0,-0.0,0.0,0.0,31649.0,0.0,0.635444,0.635444,81.83255,0.0,0.0,53.0,0.0,0.0,1054.966675,0.0,33328.0,73.0,2.0
52.266083,0.573986,64256.0,0.0,38.328461,0.060311,0.0,0.0,0.0,0.0,0.0,458171.46875,22383.822266,0.0,64.0,0.0,1679.0,0.001982,1721542656.0,31872.0,0.062293,0.0,435787.625,0.573986,0.573986,62.0,0.0,31.0,0.0,23.0,-0.0,0.0,0.0,32309.0,0.0,0.573986,0.573986,92.336746,0.0,0.0,54.0,0.0,0.0,1042.22583,0.0,33988.0,73.0,2.0
53.822666,0.557386,64256.0,0.0,37.675865,0.062027,0.0,0.0,0.0,0.0,0.0,479208.3125,22103.175781,0.0,64.0,0.0,1613.0,0.000496,1721542656.0,31872.0,0.062523,0.0,457105.15625,0.557386,0.557386,62.0,0.0,31.0,0.0,22.0,-0.0,0.0,0.0,32909.0,0.0,0.557386,0.557386,93.292625,0.0,0.0,53.0,0.0,0.0,1061.580688,0.0,34522.0,73.318184,2.0
5.899778,1.525481,64256.0,0.0,7.866372,0.169874,0.0,0.0,0.0,0.0,0.0,10740.21875,4934.836914,0.0,64.0,0.0,1019.0,0.0,1721542656.0,31872.0,0.169874,0.0,5805.382324,1.525481,1.525481,62.0,0.0,10.0,0.0,13.0,-0.0,0.0,0.0,1229.0,0.0,1.525481,1.525481,14.42168,0.0,0.0,23.0,0.0,0.0,122.900002,0.0,2248.0,78.384613,3.0
13.895987,0.647669,64256.0,0.0,18.527983,0.060929,0.0,0.0,0.0,0.0,0.0,25420.390625,11623.220703,0.0,64.0,0.0,1019.0,0.0,1721542656.0,31872.0,0.060929,0.0,13797.170898,0.647669,0.647669,62.0,0.0,10.0,0.0,13.0,-0.0,0.0,0.0,1241.0,0.0,0.647669,0.647669,33.967968,0.0,0.0,23.0,0.0,0.0,124.099998,0.0,2260.0,78.384613,3.0
6.604797,1.362646,64256.0,0.0,7.338663,0.168204,0.0,0.0,0.0,0.0,0.0,11395.476562,4737.84082,0.0,64.0,0.0,887.0,0.001004,1721542656.0,31872.0,0.169208,0.0,6657.635254,1.362646,1.362646,62.0,0.0,10.0,0.0,11.0,-0.0,0.0,0.0,1259.0,0.0,1.362646,1.362646,14.677326,0.0,0.0,21.0,0.0,0.0,125.900002,0.0,2146.0,80.63636,3.0
6.538878,1.376383,64256.0,0.0,7.26542,0.167732,0.0,0.0,0.0,0.0,0.0,11403.802734,4690.555176,0.0,64.0,0.0,887.0,0.000993,1721542656.0,31872.0,0.168725,0.0,6713.248047,1.376383,1.376383,62.0,0.0,10.0,0.0,11.0,-0.0,0.0,0.0,1283.0,0.0,1.376383,1.376383,14.53084,0.0,0.0,21.0,0.0,0.0,128.300003,0.0,2170.0,80.63636,3.0
16.161791,0.556869,64256.0,0.0,21.549055,0.044834,0.0,0.0,0.0,0.0,0.0,30499.095703,13518.44043,0.0,64.0,0.0,1019.0,0.001,1721542656.0,31872.0,0.045834,0.0,16980.654297,0.556869,0.556869,62.0,0.0,10.0,0.0,13.0,-0.0,0.0,0.0,1313.0,0.0,0.556869,0.556869,39.506599,0.0,0.0,23.0,0.0,0.0,131.300003,0.0,2332.0,78.384613,3.0
16.204275,0.555409,64256.0,0.0,21.6057,0.04475,0.0,0.0,0.0,0.0,0.0,31054.591797,13553.975586,0.0,64.0,0.0,1019.0,0.000994,1721542656.0,31872.0,0.045744,0.0,17500.617188,0.555409,0.555409,62.0,0.0,10.0,0.0,13.0,-0.0,0.0,0.0,1349.0,0.0,0.555409,0.555409,39.610447,0.0,0.0,23.0,0.0,0.0,134.899994,0.0,2368.0,78.384613,3.0
15.784822,0.63352,64256.0,0.0,18.941786,0.059499,0.0,0.0,0.0,0.0,0.0,28614.724609,11882.813477,0.0,64.0,0.0,1019.0,0.000998,1721542656.0,31872.0,0.060497,0.0,16731.910156,0.63352,0.63352,62.0,0.0,11.0,0.0,13.0,-0.0,0.0,0.0,1457.0,0.0,0.63352,0.63352,36.305088,0.0,0.0,24.0,0.0,0.0,132.454544,0.0,2476.0,78.384613,3.0
15.290442,0.588603,64256.0,0.0,20.387255,0.060366,0.0,0.0,0.0,0.0,0.0,30404.193359,12789.604492,0.0,64.0,0.0,1019.0,0.001004,1721542656.0,31872.0,0.06137,0.0,17614.587891,0.588603,0.588603,62.0,0.0,10.0,0.0,13.0,-0.0,0.0,0.0,1439.0,0.0,0.588603,0.588603,37.376637,0.0,0.0,23.0,0.0,0.0,143.899994,0.0,2458.0,78.384613,3.0
12.944909,0.695254,64256.0,0.0,17.259878,0.059728,0.0,0.0,0.0,0.0,0.0,26292.548828,10827.697266,0.0,64.0,0.0,1019.0,0.001002,1721542656.0,31872.0,0.06073,0.0,15464.851562,0.695254,0.695254,62.0,0.0,10.0,0.0,13.0,-0.0,0.0,0.0,1493.0,0.0,0.695254,0.695254,31.64311,0.0,0.0,23.0,0.0,0.0,149.300003,0.0,2512.0,78.384613,3.0
10.415967,0.864058,64256.0,0.0,13.887957,0.059541,0.0,0.0,0.0,0.0,0.0,21655.953125,8712.37793,0.0,64.0,0.0,1019.0,0.000513,1721542656.0,31872.0,0.060054,0.0,12943.575195,0.864058,0.864058,62.0,0.0,10.0,0.0,13.0,-0.0,0.0,0.0,1553.0,0.0,0.864058,0.864058,25.461254,0.0,0.0,23.0,0.0,0.0,155.300003,0.0,2572.0,78.384613,3.0
13.921028,0.646504,64256.0,0.0,18.561371,0.0604,0.0,0.0,0.0,0.0,0.0,29685.818359,11644.166016,0.0,64.0,0.0,1019.0,0.000869,1721542656.0,31872.0,0.061269,0.0,18041.652344,0.646504,0.646504,62.0,0.0,10.0,0.0,13.0,-0.0,0.0,0.0,1619.0,0.0,0.646504,0.646504,34.029179,0.0,0.0,23.0,0.0,0.0,161.899994,0.0,2638.0,78.384613,3.0
13.518689,0.665745,64256.0,0.0,18.02492,0.060923,0.0,0.0,0.0,0.0,0.0,29596.916016,11307.632812,0.0,64.0,0.0,1019.0,0.0,1721542656.0,31872.0,0.060923,0.0,18289.285156,0.665745,0.665745,62.0,0.0,10.0,0.0,13.0,-0.0,0.0,0.0,1691.0,0.0,0.665745,0.665745,33.045685,0.0,0.0,23.0,0.0,0.0,169.100006,0.0,2710.0,78.384613,3.0
15.270828,0.589359,64256.0,0.0,20.361105,0.062713,0.0,0.0,0.0,0.0,0.0,34396.691406,12773.199219,0.0,64.0,0.0,1019.0,0.0,1721542656.0,31872.0,0.062713,0.0,21623.494141,0.589359,0.589359,62.0,0.0,10.0,0.0,13.0,-0.0,0.0,0.0,1769.0,0.0,0.589359,0.589359,37.328693,0.0,0.0,23.0,0.0,0.0,176.899994,0.0,2788.0,78.384613,3.0
16.232508,0.554443,64256.0,0.0,21.643343,0.058889,0.0,0.0,0.0,0.0,0.0,37644.988281,13577.59082,0.0,64.0,0.0,1019.0,0.000507,1721542656.0,31872.0,0.059396,0.0,24067.396484,0.554443,0.554443,62.0,0.0,10.0,0.0,13.0,-0.0,0.0,0.0,1853.0,0.0,0.554443,0.554443,39.679462,0.0,0.0,23.0,0.0,0.0,185.300003,0.0,2872.0,78.384613,3.0
15.076202,0.663297,64256.0,0.0,18.091444,0.060595,0.0,0.0,0.0,0.0,0.0,33384.742188,11349.365234,0.0,64.0,0.0,1019.0,0.000496,1721542656.0,31872.0,0.061091,0.0,22035.376953,0.663297,0.663297,62.0,0.0,11.0,0.0,13.0,-0.0,0.0,0.0,2009.0,0.0,0.663297,0.663297,34.675266,0.0,0.0,24.0,0.0,0.0,182.636368,0.0,3028.0,78.384613,3.0
13.55385,0.664018,64256.0,0.0,18.0718,0.060864,0.0,0.0,0.0,0.0,0.0,33456.925781,11337.042969,0.0,64.0,0.0,1019.0,0.000949,1721542656.0,31872.0,0.061813,0.0,22119.882812,0.664018,0.664018,62.0,0.0,10.0,0.0,13.0,-0.0,0.0,0.0,2039.0,0.0,0.664018,0.664018,33.131634,0.0,0.0,23.0,0.0,0.0,203.899994,0.0,3058.0,78.384613,3.0
13.125982,0.685663,64256.0,0.0,17.501308,0.060623,0.0,0.0,0.0,0.0,0.0,33462.503906,10979.154297,0.0,64.0,0.0,1019.0,0.000999,1721542656.0,31872.0,0.061622,0.0,22483.349609,0.685663,0.685663,62.0,0.0,10.0,0.0,13.0,-0.0,0.0,0.0,2141.0,0.0,0.685663,0.685663,32.085735,0.0,0.0,23.0,0.0,0.0,214.100006,0.0,3160.0,78.384613,3.0
14.830084,0.674305,64256.0,0.0,16.313091,0.061,0.0,0.0,0.0,0.0,0.0,35343.054688,10369.194336,0.0,64.0,0.0,953.0,0.000914,1721542656.0,31872.0,0.061914,0.0,24973.861328,0.674305,0.674305,62.0,0.0,11.0,0.0,12.0,-0.0,0.0,0.0,2315.0,0.0,0.674305,0.674305,32.626183,0.0,0.0,23.0,0.0,0.0,210.454544,0.0,3268.0,79.416664,3.0
18.475,0.541272,64256.0,0.0,20.3225,0.061347,0.0,0.0,0.0,0.0,0.0,45566.742188,12917.719727,0.0,64.0,0.0,953.0,0.000704,1721542656.0,31872.0,0.062051,0.0,32649.019531,0.541272,0.541272,62.0,0.0,11.0,0.0,12.0,-0.0,0.0,0.0,2429.0,0.0,0.541272,0.541272,40.645,0.0,0.0,23.0,0.0,0.0,220.818176,0.0,3382.0,79.416664,3.0
17.216978,0.580822,64256.0,0.0,18.938677,0.044803,0.0,0.0,0.0,0.0,0.0,43965.277344,12038.111328,0.0,64.0,0.0,953.0,0.000993,1721542656.0,31872.0,0.045796,0.0,31927.166016,0.580822,0.580822,62.0,0.0,11.0,0.0,12.0,-0.0,0.0,0.0,2549.0,0.0,0.580822,0.580822,37.877354,0.0,0.0,23.0,0.0,0.0,231.72728,0.0,3502.0,79.416664,3.0
6.974629,1.433768,64256.0,0.0,7.672092,0.16544,0.0,0.0,0.0,0.0,0.0,18446.498047,4876.660645,0.0,64.0,0.0,953.0,0.000989,1721542656.0,31872.0,0.166429,0.0,13569.837891,1.433768,1.433768,62.0,0.0,11.0,0.0,12.0,-0.0,0.0,0.0,2675.0,0.0,1.433768,1.433768,15.344184,0.0,0.0,23.0,0.0,0.0,243.181824,0.0,3628.0,79.416664,3.0
16.994612,0.647264,64256.0,0.0,16.994612,0.061242,0.0,0.0,0.0,0.0,0.0,43357.886719,10802.392578,0.0,64.0,0.0,953.0,0.000649,1721542656.0,31872.0,0.061891,0.0,32555.494141,0.647264,0.647264,62.0,0.0,12.0,0.0,12.0,-0.0,0.0,0.0,2873.0,0.0,0.647264,0.647264,35.534187,0.0,0.0,24.0,0.0,0.0,239.416672,0.0,3826.0,79.416664,3.0
14.575028,0.686105,64256.0,0.0,16.032532,0.045541,0.0,0.0,0.0,0.0,0.0,41416.402344,10190.859375,0.0,64.0,0.0,953.0,0.00109,1721542656.0,31872.0,0.046631,0.0,31225.541016,0.686105,0.686105,62.0,0.0,11.0,0.0,12.0,-0.0,0.0,0.0,2945.0,0.0,0.686105,0.686105,32.065063,0.0,0.0,23.0,0.0,0.0,267.727264,0.0,3898.0,79.416664,3.0
6.677252,1.497622,64256.0,0.0,7.344977,0.16703,0.0,0.0,0.0,0.0,0.0,19673.855469,4668.734863,0.0,64.0,0.0,953.0,0.001495,1721542656.0,31872.0,0.168525,0.0,15005.121094,1.497622,1.497622,62.0,0.0,11.0,0.0,12.0,-0.0,0.0,0.0,3089.0,0.0,1.497622,1.497622,14.689955,0.0,0.0,23.0,0.0,0.0,280.818176,0.0,4042.0,79.416664,3.0
7.110671,1.406337,64256.0,0.0,7.821738,0.167412,0.0,0.0,0.0,0.0,0.0,21724.521484,4971.78125,0.0,64.0,0.0,953.0,0.000755,1721542656.0,31872.0,0.168167,0.0,16752.740234,1.406337,1.406337,62.0,0.0,11.0,0.0,12.0,-0.0,0.0,0.0,3239.0,0.0,1.406337,1.406337,15.643476,0.0,0.0,23.0,0.0,0.0,294.454559,0.0,4192.0,79.416664,3.0
6.976317,1.433421,64256.0,0.0,7.673949,0.166197,0.0,0.0,0.0,0.0,0.0,22106.554688,4877.841309,0.0,64.0,0.0,953.0,0.001555,1721542656.0,31872.0,0.167752,0.0,17228.712891,1.433421,1.433421,62.0,0.0,11.0,0.0,12.0,-0.0,0.0,0.0,3395.0,0.0,1.433421,1.433421,15.347898,0.0,0.0,23.0,0.0,0.0,308.636353,0.0,4348.0,79.416664,3.0
4.164226,2.401407,64256.0,0.0,4.99707,0.157888,0.0,1.0,0.0,0.0,4.0,13931.832031,3158.148438,0.0,64.0,0.0,1027.0,0.000496,1721542656.0,31872.0,0.158384,0.0,10773.683594,2.401407,2.401407,62.0,0.0,11.0,0.0,13.0,-0.0,0.0,0.0,3557.0,0.0,2.401407,2.401407,9.577719,1.0,0.0,24.0,1.0,0.0,323.363647,0.0,4584.0,79.0,3.0
7.199486,1.388988,64256.0,0.0,7.919435,0.168568,0.0,0.0,0.0,0.0,0.0,24541.607422,5033.880859,0.0,64.0,0.0,953.0,0.000454,1721542656.0,31872.0,0.169022,0.0,19507.728516,1.388988,1.388988,62.0,0.0,11.0,0.0,12.0,-0.0,0.0,0.0,3725.0,0.0,1.388988,1.388988,15.838869,0.0,0.0,23.0,0.0,0.0,338.636353,0.0,4678.0,79.416664,3.0
16.915737,0.650282,64256.0,0.0,19.991325,0.061337,0.0,0.0,0.0,0.0,0.0,57119.832031,12400.773438,0.0,64.0,0.0,1085.0,0.000501,1721542656.0,31872.0,0.061838,0.0,44719.058594,0.650282,0.650282,62.0,0.0,12.0,0.0,14.0,-0.0,0.0,0.0,3965.0,0.0,0.650282,0.650282,38.444859,0.0,0.0,26.0,0.0,0.0,330.416656,0.0,5050.0,77.5,3.0
3.085891,4.212722,64256.0,1.0,3.79802,0.061206,1.0,5.0,0.0,0.0,13.888889,10531.908203,2347.176025,0.0,64.0,0.0,1313.0,0.000493,1721542656.0,31872.0,0.061699,0.0,8184.732422,4.212722,4.212722,62.0,0.0,14.0,0.0,17.0,-0.0,0.0,0.0,4641.0,1.0,4.212722,4.212722,7.121287,0.0,0.0,31.0,4.0,0.0,331.5,0.0,5954.0,77.235291,3.0
7.201427,1.527475,64256.0,0.0,8.510777,0.169059,0.0,0.0,0.0,0.0,0.0,26077.023438,5279.300781,0.0,64.0,0.0,1085.0,0.002476,1721542656.0,31872.0,0.171535,0.0,20797.722656,1.527475,1.527475,62.0,0.0,12.0,0.0,14.0,-0.0,0.0,0.0,4331.0,0.0,1.527475,1.527475,16.36688,0.0,0.0,26.0,0.0,0.0,360.916656,0.0,5416.0,77.5,3.0
18.743471,0.586871,64256.0,0.0,22.151375,0.045609,0.0,0.0,0.0,0.0,0.0,70270.976562,13740.667969,0.0,64.0,0.0,1085.0,0.0005,1721542656.0,31872.0,0.046109,0.0,56530.308594,0.586871,0.586871,62.0,0.0,12.0,0.0,14.0,-0.0,0.0,0.0,4523.0,0.0,0.586871,0.586871,42.598797,0.0,0.0,26.0,0.0,0.0,376.916656,0.0,5608.0,77.5,3.0
16.536554,0.665193,64256.0,0.0,19.5432,0.06038,0.0,0.0,0.0,0.0,0.0,64173.855469,12122.796875,0.0,64.0,0.0,1085.0,0.000487,1721542656.0,31872.0,0.060867,0.0,52051.058594,0.665193,0.665193,62.0,0.0,12.0,0.0,14.0,-0.0,0.0,0.0,4721.0,0.0,0.665193,0.665193,37.583076,0.0,0.0,26.0,0.0,0.0,393.416656,0.0,5806.0,77.5,3.0
16.583948,0.663292,64256.0,0.0,19.599211,0.060314,0.0,0.0,0.0,0.0,0.0,66613.195312,12157.541992,0.0,64.0,0.0,1085.0,0.00058,1721542656.0,31872.0,0.060894,0.0,54455.65625,0.663292,0.663292,62.0,0.0,12.0,0.0,14.0,-0.0,0.0,0.0,4925.0,0.0,0.663292,0.663292,37.690792,0.0,0.0,26.0,0.0,0.0,410.416656,0.0,6010.0,77.5,3.0
19.271467,0.570792,64256.0,0.0,22.775372,0.059637,0.0,0.0,0.0,0.0,0.0,80113.242188,14127.738281,0.0,64.0,0.0,1085.0,0.001445,1721542656.0,31872.0,0.061082,0.0,65985.507812,0.570792,0.570792,62.0,0.0,12.0,0.0,14.0,-0.0,0.0,0.0,5135.0,0.0,0.570792,0.570792,43.79879,0.0,0.0,26.0,0.0,0.0,427.916656,0.0,6220.0,77.5,3.0
15.802032,0.759396,64256.0,0.0,15.802032,0.060639,0.0,0.0,0.0,0.0,0.0,62597.117188,9913.141602,0.0,64.0,0.0,1019.0,0.000984,1721542656.0,31872.0,0.061623,0.0,52683.972656,0.759396,0.759396,62.0,0.0,13.0,0.0,13.0,-0.0,0.0,0.0,5417.0,0.0,0.759396,0.759396,32.920898,0.0,0.0,26.0,0.0,0.0,416.692322,0.0,6436.0,78.384613,3.0
21.030899,0.570589,64256.0,0.0,21.030899,0.059992,0.0,0.0,0.0,0.0,0.0,86184.625,13193.383789,0.0,64.0,0.0,1019.0,0.000995,1721542656.0,31872.0,0.060987,0.0,72991.242188,0.570589,0.570589,62.0,0.0,13.0,0.0,13.0,-0.0,0.0,0.0,5639.0,0.0,0.570589,0.570589,43.814373,0.0,0.0,26.0,0.0,0.0,433.769226,0.0,6658.0,78.384613,3.0
22.248798,0.539355,64256.0,0.0,22.248798,0.060361,0.0,0.0,0.0,0.0,0.0,94290.40625,13957.413086,0.0,64.0,0.0,1019.0,0.001485,1721542656.0,31872.0,0.061846,0.0,80332.992188,0.539355,0.539355,62.0,0.0,13.0,0.0,13.0,-0.0,0.0,0.0,5867.0,0.0,0.539355,0.539355,46.351662,0.0,0.0,26.0,0.0,0.0,451.307678,0.0,6886.0,78.384613,3.0
21.030495,0.5706,64256.0,0.0,21.030495,0.060893,0.0,0.0,0.0,0.0,0.0,92155.632812,13193.130859,0.0,64.0,0.0,1019.0,0.001086,1721542656.0,31872.0,0.061979,0.0,78962.5,0.5706,0.5706,62.0,0.0,13.0,0.0,13.0,-0.0,0.0,0.0,6101.0,0.0,0.5706,0.5706,43.81353,0.0,0.0,26.0,0.0,0.0,469.307678,0.0,7120.0,78.384613,3.0
21.016682,0.570975,64256.0,0.0,21.016682,0.059972,0.0,0.0,0.0,0.0,0.0,95205.570312,13184.464844,0.0,64.0,0.0,1019.0,0.000986,1721542656.0,31872.0,0.060958,0.0,82021.101562,0.570975,0.570975,62.0,0.0,13.0,0.0,13.0,-0.0,0.0,0.0,6341.0,0.0,0.570975,0.570975,43.784752,0.0,0.0,26.0,0.0,0.0,487.769226,0.0,7360.0,78.384613,3.0
21.611301,0.555265,64256.0,0.0,21.611301,0.060346,0.0,0.0,0.0,0.0,0.0,101169.710938,13557.490234,0.0,64.0,0.0,1019.0,0.000989,1721542656.0,31872.0,0.061335,0.0,87612.21875,0.555265,0.555265,62.0,0.0,13.0,0.0,13.0,-0.0,0.0,0.0,6587.0,0.0,0.555265,0.555265,45.023548,0.0,0.0,26.0,0.0,0.0,506.692322,0.0,7606.0,78.384613,3.0
22.743973,0.57158,64256.0,0.0,24.493509,0.060911,0.0,0.0,0.0,0.0,0.0,104790.234375,15046.012695,0.0,64.0,0.0,1151.0,0.000994,1721542656.0,31872.0,0.061905,0.0,89744.21875,0.57158,0.57158,62.0,0.0,14.0,0.0,15.0,-0.0,0.0,0.0,6905.0,0.0,0.57158,0.57158,48.987019,0.0,0.0,29.0,0.0,0.0,493.214294,0.0,8056.0,76.73333,3.0
22.741186,0.57165,64256.0,0.0,24.490509,0.059727,0.0,0.0,0.0,0.0,0.0,108136.09375,15044.169922,0.0,64.0,0.0,1151.0,0.000961,1721542656.0,31872.0,0.060688,0.0,93091.921875,0.57165,0.57165,62.0,0.0,14.0,0.0,15.0,-0.0,0.0,0.0,7163.0,0.0,0.57165,0.57165,48.981018,0.0,0.0,29.0,0.0,0.0,511.642853,0.0,8314.0,76.73333,3.0
23.360455,0.556496,64256.0,0.0,25.157412,0.060144,0.0,0.0,0.0,0.0,0.0,114602.796875,15453.838867,0.0,64.0,0.0,1151.0,0.000991,1721542656.0,31872.0,0.061135,0.0,99148.953125,0.556496,0.556496,62.0,0.0,14.0,0.0,15.0,-0.0,0.0,0.0,7427.0,0.0,0.556496,0.556496,50.314823,0.0,0.0,29.0,0.0,0.0,530.5,0.0,8578.0,76.73333,3.0
19.566172,0.664412,64256.0,0.0,21.071262,0.060353,0.0,0.0,0.0,0.0,0.0,99010.851562,12943.775391,0.0,64.0,0.0,1151.0,0.000976,1721542656.0,31872.0,0.061329,0.0,86067.078125,0.664412,0.664412,62.0,0.0,14.0,0.0,15.0,-0.0,0.0,0.0,7697.0,0.0,0.664412,0.664412,42.142525,0.0,0.0,29.0,0.0,0.0,549.785706,0.0,8848.0,76.73333,3.0
23.350887,0.556724,64256.0,0.0,25.14711,0.060981,0.0,0.0,0.0,0.0,0.0,121841.34375,15447.510742,0.0,64.0,0.0,1151.0,0.0,1721542656.0,31872.0,0.060981,0.0,106393.828125,0.556724,0.556724,62.0,0.0,14.0,0.0,15.0,-0.0,0.0,0.0,7973.0,0.0,0.556724,0.556724,50.29422,0.0,0.0,29.0,0.0,0.0,569.5,0.0,9124.0,76.73333,3.0
22.832615,0.569361,64256.0,0.0,24.58897,0.060386,0.0,0.0,0.0,0.0,0.0,122818.390625,15104.65332,0.0,64.0,0.0,1151.0,0.001046,1721542656.0,31872.0,0.061432,0.0,107713.742188,0.569361,0.569361,62.0,0.0,14.0,0.0,15.0,-0.0,0.0,0.0,8255.0,0.0,0.569361,0.569361,49.17794,0.0,0.0,29.0,0.0,0.0,589.642883,0.0,9406.0,76.73333,3.0
26.993711,0.555685,64256.0,0.0,23.39455,0.06031,0.0,0.0,0.0,0.0,0.0,131599.734375,14511.819336,0.0,64.0,0.0,1085.0,0.000987,1721542656.0,31872.0,0.061297,0.0,117087.921875,0.555685,0.555685,62.0,0.0,16.0,0.0,14.0,-0.0,0.0,0.0,8675.0,0.0,0.555685,0.555685,52.187843,0.0,0.0,30.0,0.0,0.0,542.1875,0.0,9760.0,77.5,3.0
25.156103,0.556525,64256.0,0.0,23.359238,0.060693,0.0,0.0,0.0,0.0,0.0,133945.46875,14489.915039,0.0,64.0,0.0,1085.0,0.00092,1721542656.0,31872.0,0.061613,0.0,119455.554688,0.556525,0.556525,62.0,0.0,15.0,0.0,14.0,-0.0,0.0,0.0,8903.0,0.0,0.556525,0.556525,50.312206,0.0,0.0,29.0,0.0,0.0,593.533325,0.0,9988.0,77.5,3.0
24.573906,0.56971,64256.0,0.0,22.818626,0.059403,0.0,0.0,0.0,0.0,0.0,134777.34375,14154.569336,0.0,64.0,0.0,1085.0,0.00049,1721542656.0,31872.0,0.059893,0.0,120622.773438,0.56971,0.56971,62.0,0.0,15.0,0.0,14.0,-0.0,0.0,0.0,9203.0,0.0,0.56971,0.56971,49.147812,0.0,0.0,29.0,0.0,0.0,613.533325,0.0,10288.0,77.5,3.0
24.544867,0.570384,64256.0,0.0,22.791662,0.060945,0.0,0.0,0.0,0.0,0.0,138629.40625,14137.84375,0.0,64.0,0.0,1085.0,0.000989,1721542656.0,31872.0,0.061934,0.0,124491.5625,0.570384,0.570384,62.0,0.0,15.0,0.0,14.0,-0.0,0.0,0.0,9509.0,0.0,0.570384,0.570384,49.089733,0.0,0.0,29.0,0.0,0.0,633.93335,0.0,10594.0,77.5,3.0
22.546253,0.665299,64256.0,0.0,22.546253,0.060764,0.0,0.0,0.0,0.0,0.0,125188.828125,13720.146484,0.0,64.0,0.0,1217.0,0.000999,1721542656.0,31872.0,0.061763,0.0,111468.679688,0.665299,0.665299,62.0,0.0,16.0,0.0,16.0,-0.0,0.0,0.0,9887.0,0.0,0.665299,0.665299,46.595592,0.0,0.0,32.0,0.0,0.0,617.9375,0.0,11104.0,76.0625,3.0
10.819396,1.386399,64256.0,0.0,9.37681,0.167396,0.0,0.0,0.0,0.0,0.0,61027.164062,5816.507324,0.0,64.0,0.0,1085.0,0.002981,1721542656.0,31872.0,0.170377,0.0,55210.65625,1.386399,1.386399,62.0,0.0,16.0,0.0,14.0,-0.0,0.0,0.0,10205.0,0.0,1.386399,1.386399,20.9175,0.0,0.0,30.0,0.0,0.0,637.8125,0.0,11290.0,77.5,3.0
4.916442,3.457785,64256.0,0.0,4.62724,0.16981,0.0,3.0,0.0,0.0,7.894737,26171.667969,2848.066162,0.0,64.0,0.0,1307.0,0.0,1721542656.0,31872.0,0.16981,0.0,23323.601562,3.457785,3.457785,62.0,0.0,18.0,0.0,17.0,-0.0,0.0,0.0,10673.0,1.0,3.457785,3.457785,9.832885,1.0,0.0,35.0,3.0,0.0,592.944458,0.0,11980.0,76.882355,3.0
8.941787,1.677517,64256.0,0.0,7.749548,0.154234,0.0,0.0,0.0,0.0,0.0,53359.816406,4807.104492,0.0,64.0,0.0,1085.0,0.000506,1721542656.0,31872.0,0.15474,0.0,48552.710938,1.677517,1.677517,62.0,0.0,16.0,0.0,14.0,-0.0,0.0,0.0,10859.0,0.0,1.677517,1.677517,17.287455,0.0,0.0,30.0,0.0,0.0,678.6875,0.0,11944.0,77.5,3.0
5.600827,2.678176,64256.0,0.0,5.227438,0.202877,0.0,1.0,0.0,0.0,3.125,34584.734375,3232.050537,0.0,64.0,0.0,1159.0,0.000494,1721542656.0,31872.0,0.203371,0.0,31352.683594,2.678176,2.678176,62.0,0.0,16.0,0.0,15.0,-0.0,0.0,0.0,11195.0,0.0,2.678176,2.678176,11.201654,1.0,0.0,31.0,1.0,0.0,699.6875,0.0,12354.0,77.26667,3.0
14.440251,1.108014,64256.0,0.0,12.63522,0.060693,0.0,0.0,0.0,0.0,0.0,86612.625,7761.634766,0.0,64.0,0.0,1151.0,0.000575,1721542656.0,31872.0,0.061268,0.0,78850.992188,1.108014,1.108014,62.0,0.0,17.0,0.0,15.0,-0.0,0.0,0.0,11603.0,0.0,1.108014,1.108014,27.977985,0.0,0.0,32.0,0.0,0.0,682.529419,0.0,12754.0,76.73333,3.0
11.634723,1.375194,64256.0,0.0,10.180382,0.155459,0.0,0.0,0.0,0.0,0.0,71687.34375,6253.663574,0.0,64.0,0.0,1151.0,0.001481,1721542656.0,31872.0,0.15694,0.0,65433.679688,1.375194,1.375194,62.0,0.0,17.0,0.0,15.0,-0.0,0.0,0.0,11951.0,0.0,1.375194,1.375194,22.542274,0.0,0.0,32.0,0.0,0.0,703.0,0.0,13102.0,76.73333,3.0
28.720881,0.557086,64256.0,0.0,25.13077,0.061121,0.0,0.0,0.0,0.0,0.0,181760.078125,15437.472656,0.0,64.0,0.0,1151.0,0.00051,1721542656.0,31872.0,0.061631,0.0,166322.609375,0.557086,0.557086,62.0,0.0,17.0,0.0,15.0,-0.0,0.0,0.0,12305.0,0.0,0.557086,0.557086,55.646706,0.0,0.0,32.0,0.0,0.0,723.823547,0.0,13456.0,76.73333,3.0
24.034597,0.665707,64256.0,0.0,21.030273,0.060852,0.0,0.0,0.0,0.0,0.0,156164.796875,12918.59668,0.0,64.0,0.0,1151.0,0.000512,1721542656.0,31872.0,0.061364,0.0,143246.203125,0.665707,0.665707,62.0,0.0,17.0,0.0,15.0,-0.0,0.0,0.0,12665.0,0.0,0.665707,0.665707,46.567036,0.0,0.0,32.0,0.0,0.0,745.0,0.0,13816.0,76.73333,3.0
29.770086,0.571043,64256.0,0.0,28.018906,0.060592,0.0,0.0,0.0,0.0,0.0,190220.34375,16923.417969,0.0,64.0,0.0,1283.0,0.00096,1721542656.0,31872.0,0.061552,0.0,173296.921875,0.571043,0.571043,62.0,0.0,18.0,0.0,17.0,-0.0,0.0,0.0,13097.0,0.0,0.571043,0.571043,59.540173,0.0,0.0,35.0,0.0,0.0,727.611084,0.0,14380.0,75.470589,3.0
29.824562,0.57,64256.0,0.0,28.070175,0.059917,0.0,0.0,0.0,0.0,0.0,195494.734375,16954.386719,0.0,64.0,0.0,1283.0,0.0,1721542656.0,31872.0,0.059917,0.0,178540.359375,0.57,0.57,62.0,0.0,18.0,0.0,17.0,-0.0,0.0,0.0,13469.0,0.0,0.57,0.57,59.649124,0.0,0.0,35.0,0.0,0.0,748.277771,0.0,14752.0,75.470589,3.0
30.59601,0.555628,64256.0,0.0,28.796246,0.060433,0.0,0.0,0.0,0.0,0.0,205691.578125,17392.931641,0.0,64.0,0.0,1283.0,0.001088,1721542656.0,31872.0,0.061521,0.0,188298.640625,0.555628,0.555628,62.0,0.0,18.0,0.0,17.0,-0.0,0.0,0.0,13847.0,0.0,0.555628,0.555628,61.19202,0.0,0.0,35.0,0.0,0.0,769.277771,0.0,15130.0,75.470589,3.0
24.999447,0.680015,64256.0,0.0,23.528893,0.060888,0.0,0.0,0.0,0.0,0.0,172337.375,14211.450195,0.0,64.0,0.0,1283.0,0.000505,1721542656.0,31872.0,0.061393,0.0,158125.921875,0.680015,0.680015,62.0,0.0,18.0,0.0,17.0,-0.0,0.0,0.0,14231.0,0.0,0.680015,0.680015,49.998894,0.0,0.0,35.0,0.0,0.0,790.611084,0.0,15514.0,75.470589,3.0
32.398167,0.555587,64256.0,0.0,26.998472,0.060164,0.0,0.0,0.0,0.0,0.0,216779.734375,16429.470703,0.0,64.0,0.0,1217.0,0.000993,1721542656.0,31872.0,0.061157,0.0,200350.265625,0.555587,0.555587,62.0,0.0,19.0,0.0,16.0,-0.0,0.0,0.0,14687.0,0.0,0.555587,0.555587,61.196537,0.0,0.0,35.0,0.0,0.0,773.0,0.0,15904.0,76.0625,3.0
33.222897,0.541795,64256.0,0.0,27.685747,0.061593,0.0,0.0,0.0,0.0,0.0,227850.015625,16847.701172,0.0,64.0,0.0,1217.0,0.0,1721542656.0,31872.0,0.061593,0.0,211002.3125,0.541795,0.541795,62.0,0.0,19.0,0.0,16.0,-0.0,0.0,0.0,15083.0,0.0,0.541795,0.541795,62.75436,0.0,0.0,35.0,0.0,0.0,793.842102,0.0,16300.0,76.0625,3.0
30.654892,0.587182,64256.0,0.0,25.545742,0.045236,0.0,0.0,0.0,0.0,0.0,215415.328125,15545.436523,0.0,64.0,0.0,1217.0,0.000497,1721542656.0,31872.0,0.045733,0.0,199869.890625,0.587182,0.587182,62.0,0.0,19.0,0.0,16.0,-0.0,0.0,0.0,15485.0,0.0,0.587182,0.587182,57.903683,0.0,0.0,35.0,0.0,0.0,815.0,0.0,16702.0,76.0625,3.0
30.680822,0.651873,64256.0,0.0,26.078699,0.061993,0.0,0.0,0.0,0.0,0.0,202947.515625,15647.219727,0.0,64.0,0.0,1349.0,0.000997,1721542656.0,31872.0,0.06299,0.0,187300.296875,0.651873,0.651873,62.0,0.0,21.0,0.0,18.0,-0.0,0.0,0.0,16025.0,0.0,0.651873,0.651873,58.293564,0.0,0.0,39.0,0.0,0.0,763.095215,0.0,17374.0,74.944443,3.0
28.508068,0.666478,64256.0,0.0,25.507219,0.061375,0.0,0.0,0.0,0.0,0.0,202017.171875,15304.332031,0.0,64.0,0.0,1349.0,0.00099,1721542656.0,31872.0,0.062365,0.0,186712.84375,0.666478,0.666478,62.0,0.0,20.0,0.0,18.0,-0.0,0.0,0.0,16373.0,0.0,0.666478,0.666478,55.515713,0.0,0.0,38.0,0.0,0.0,818.650024,0.0,17722.0,74.944443,3.0
29.342449,0.647526,64256.0,0.0,26.253771,0.062633,0.0,0.0,0.0,0.0,0.0,212859.390625,15752.262695,0.0,64.0,0.0,1349.0,0.000495,1721542656.0,31872.0,0.063128,0.0,197107.140625,0.647526,0.647526,62.0,0.0,20.0,0.0,18.0,-0.0,0.0,0.0,16793.0,0.0,0.647526,0.647526,57.14056,0.0,0.0,38.0,0.0,0.0,839.650024,0.0,18142.0,74.944443,3.0
34.297825,0.553971,64256.0,0.0,27.07723,0.06192,0.0,0.0,0.0,0.0,0.0,252720.8125,16477.396484,0.0,64.0,0.0,1217.0,0.0,1721542656.0,31872.0,0.06192,0.0,236243.421875,0.553971,0.553971,62.0,0.0,20.0,0.0,16.0,-0.0,0.0,0.0,17219.0,0.0,0.553971,0.553971,63.180202,0.0,0.0,36.0,0.0,0.0,860.950012,0.0,18436.0,76.0625,3.0
34.027206,0.587765,64256.0,0.0,27.221766,0.061463,0.0,0.0,0.0,0.0,0.0,246111.96875,16441.945312,0.0,64.0,0.0,1283.0,0.00047,1721542656.0,31872.0,0.061933,0.0,229670.03125,0.587765,0.587765,62.0,0.0,21.0,0.0,17.0,-0.0,0.0,0.0,17717.0,0.0,0.587765,0.587765,62.950333,0.0,0.0,38.0,0.0,0.0,843.666687,0.0,19000.0,75.470589,3.0
28.761585,0.695372,64256.0,0.0,23.009268,0.060781,0.0,0.0,0.0,0.0,0.0,212824.21875,13897.597656,0.0,64.0,0.0,1283.0,0.000509,1721542656.0,31872.0,0.06129,0.0,198926.625,0.695372,0.695372,62.0,0.0,21.0,0.0,17.0,-0.0,0.0,0.0,18155.0,0.0,0.695372,0.695372,53.208931,0.0,0.0,38.0,0.0,0.0,864.523804,0.0,19438.0,75.470589,3.0
30.760191,0.650191,64256.0,0.0,24.608152,0.059998,0.0,0.0,0.0,0.0,0.0,232817.734375,14863.324219,0.0,64.0,0.0,1283.0,0.001972,1721542656.0,31872.0,0.06197,0.0,217954.40625,0.650191,0.650191,62.0,0.0,21.0,0.0,17.0,-0.0,0.0,0.0,18599.0,0.0,0.650191,0.650191,56.906353,0.0,0.0,38.0,0.0,0.0,885.666687,0.0,19882.0,75.470589,3.0
36.629715,0.573305,64256.0,0.0,27.908356,0.060901,0.0,0.0,0.0,0.0,0.0,271478.53125,16856.646484,0.0,64.0,0.0,1283.0,0.000509,1721542656.0,31872.0,0.06141,0.0,254621.875,0.573305,0.573305,62.0,0.0,22.0,0.0,17.0,-0.0,0.0,0.0,19115.0,0.0,0.573305,0.573305,66.282341,0.0,0.0,39.0,0.0,0.0,868.863647,0.0,20398.0,75.470589,3.0
37.784054,0.55579,64256.0,0.0,28.787851,0.060111,0.0,0.0,0.0,0.0,0.0,286295.1875,17387.861328,0.0,64.0,0.0,1283.0,0.000519,1721542656.0,31872.0,0.06063,0.0,268907.3125,0.55579,0.55579,62.0,0.0,22.0,0.0,17.0,-0.0,0.0,0.0,19571.0,0.0,0.55579,0.55579,68.371147,0.0,0.0,39.0,0.0,0.0,889.590881,0.0,20854.0,75.470589,3.0
37.545288,0.585959,64256.0,0.0,30.718872,0.061097,0.0,0.0,0.0,0.0,0.0,280797.78125,18308.447266,0.0,64.0,0.0,1415.0,0.0,1721542656.0,31872.0,0.061097,0.0,262489.34375,0.585959,0.585959,62.0,0.0,23.0,0.0,19.0,-0.0,0.0,0.0,20099.0,0.0,0.585959,0.585959,69.970764,0.0,0.0,42.0,0.0,0.0,873.869568,0.0,21514.0,74.473686,3.0
33.052883,0.6656,64256.0,0.0,25.540865,0.060519,0.0,0.0,0.0,0.0,0.0,251778.84375,15324.519531,0.0,64.0,0.0,1349.0,0.001503,1721542656.0,31872.0,0.062022,0.0,236454.328125,0.6656,0.6656,62.0,0.0,23.0,0.0,18.0,-0.0,0.0,0.0,20567.0,0.0,0.6656,0.6656,60.096153,0.0,0.0,41.0,0.0,0.0,894.217407,0.0,21916.0,74.944443,3.0
38.634586,0.569438,64256.0,0.0,29.853998,0.061861,0.0,0.0,0.0,0.0,0.0,300675.375,17912.398438,0.0,64.0,0.0,1349.0,0.00099,1721542656.0,31872.0,0.062851,0.0,282763.0,0.569438,0.569438,62.0,0.0,23.0,0.0,18.0,-0.0,0.0,0.0,21041.0,0.0,0.569438,0.569438,70.244698,0.0,0.0,41.0,0.0,0.0,914.826111,0.0,22390.0,74.944443,3.0
40.453522,0.543834,64256.0,0.0,31.259541,0.048418,0.0,0.0,0.0,0.0,0.0,321583.4375,18755.724609,0.0,64.0,0.0,1349.0,0.0,1721542656.0,31872.0,0.048418,0.0,302827.71875,0.543834,0.543834,62.0,0.0,23.0,0.0,18.0,-0.0,0.0,0.0,21521.0,0.0,0.543834,0.543834,73.551857,0.0,0.0,41.0,0.0,0.0,935.695679,0.0,22870.0,74.944443,3.0
40.170181,0.572564,64256.0,0.0,29.691004,0.060684,0.0,0.0,0.0,0.0,0.0,313383.28125,17814.601562,0.0,64.0,0.0,1349.0,0.001411,1721542656.0,31872.0,0.062095,0.0,295568.6875,0.572564,0.572564,62.0,0.0,24.0,0.0,18.0,-0.0,0.0,0.0,22073.0,0.0,0.572564,0.572564,71.607712,0.0,0.0,42.0,0.0,0.0,919.708313,0.0,23422.0,74.944443,3.0
43.151497,0.55618,64256.0,0.0,30.565643,0.060477,0.0,0.0,0.0,0.0,0.0,330842.53125,18339.386719,0.0,64.0,0.0,1349.0,0.000515,1721542656.0,31872.0,0.060992,0.0,312503.15625,0.55618,0.55618,62.0,0.0,25.0,0.0,18.0,-0.0,0.0,0.0,22631.0,0.0,0.55618,0.55618,75.515121,0.0,0.0,43.0,0.0,0.0,905.23999,0.0,23980.0,74.944443,3.0
34.232204,0.671882,64256.0,0.0,28.278776,0.060121,0.0,0.0,0.0,0.0,0.0,279930.15625,16752.943359,0.0,64.0,0.0,1481.0,0.001013,1721542656.0,31872.0,0.061134,0.0,263177.1875,0.671882,0.671882,62.0,0.0,24.0,0.0,20.0,-0.0,0.0,0.0,23063.0,0.0,0.671882,0.671882,63.999336,0.0,0.0,44.0,0.0,0.0,960.958313,0.0,24544.0,74.050003,3.0
44.416805,0.540336,64256.0,0.0,33.312603,0.044873,0.0,0.0,0.0,0.0,0.0,355763.8125,19854.3125,0.0,64.0,0.0,1415.0,0.000503,1721542656.0,31872.0,0.045376,0.0,335909.5,0.540336,0.540336,62.0,0.0,25.0,0.0,19.0,-0.0,0.0,0.0,23633.0,0.0,0.540336,0.540336,79.580109,0.0,0.0,44.0,0.0,0.0,945.320007,0.0,25048.0,74.473686,3.0
40.745644,0.58902,64256.0,0.0,30.559233,0.061414,0.0,0.0,0.0,0.0,0.0,333014.15625,18213.302734,0.0,64.0,0.0,1415.0,0.000515,1721542656.0,31872.0,0.061929,0.0,314800.84375,0.58902,0.58902,62.0,0.0,25.0,0.0,19.0,-0.0,0.0,0.0,24143.0,0.0,0.58902,0.58902,73.002609,0.0,0.0,44.0,0.0,0.0,965.719971,0.0,25558.0,74.473686,3.0
40.779152,0.588536,64256.0,0.0,30.584364,0.06102,0.0,0.0,0.0,0.0,0.0,340016.5625,18228.28125,0.0,64.0,0.0,1415.0,0.000497,1721542656.0,31872.0,0.061517,0.0,321788.28125,0.588536,0.588536,62.0,0.0,25.0,0.0,19.0,-0.0,0.0,0.0,24659.0,0.0,0.588536,0.588536,73.062645,0.0,0.0,44.0,0.0,0.0,986.359985,0.0,26074.0,74.473686,3.0
38.443558,0.650304,64256.0,0.0,30.754847,0.061636,0.0,0.0,0.0,0.0,0.0,316774.875,18133.056641,0.0,64.0,0.0,1547.0,0.000994,1721542656.0,31872.0,0.06263,0.0,298641.84375,0.650304,0.650304,62.0,0.0,26.0,0.0,21.0,-0.0,0.0,0.0,25247.0,0.0,0.650304,0.650304,70.736145,0.0,0.0,47.0,0.0,0.0,971.038452,0.0,26794.0,73.666664,3.0
44.862118,0.557263,64256.0,0.0,32.300728,0.061234,0.0,0.0,0.0,0.0,0.0,375047.3125,19251.232422,0.0,64.0,0.0,1415.0,0.001004,1721542656.0,31872.0,0.062238,0.0,355796.09375,0.557263,0.557263,62.0,0.0,26.0,0.0,19.0,-0.0,0.0,0.0,25775.0,0.0,0.557263,0.557263,78.957329,0.0,0.0,45.0,0.0,0.0,991.34613,0.0,27190.0,74.473686,3.0
43.637405,0.572903,64256.0,0.0,31.418932,0.060633,0.0,0.0,0.0,0.0,0.0,371986.1875,18725.683594,0.0,64.0,0.0,1415.0,0.00051,1721542656.0,31872.0,0.061143,0.0,353260.5,0.572903,0.572903,62.0,0.0,26.0,0.0,19.0,-0.0,0.0,0.0,26309.0,0.0,0.572903,0.572903,76.801834,0.0,0.0,45.0,0.0,0.0,1011.884644,0.0,27724.0,74.473686,3.0
41.420574,0.65185,64256.0,0.0,29.14781,0.044908,0.0,0.0,0.0,0.0,0.0,336580.5,17267.777344,0.0,64.0,0.0,1481.0,0.001414,1721542656.0,31872.0,0.046322,0.0,319312.71875,0.65185,0.65185,62.0,0.0,28.0,0.0,20.0,-0.0,0.0,0.0,26981.0,0.0,0.65185,0.65185,72.102478,0.0,0.0,48.0,0.0,0.0,963.607117,0.0,28462.0,74.050003,3.0
40.328587,0.644704,64256.0,0.0,29.47089,0.05955,0.0,0.0,0.0,0.0,0.0,345597.375,17459.175781,0.0,64.0,0.0,1481.0,0.000511,1721542656.0,31872.0,0.060061,0.0,328138.1875,0.644704,0.644704,62.0,0.0,27.0,0.0,20.0,-0.0,0.0,0.0,27461.0,0.0,0.644704,0.644704,71.350578,0.0,0.0,47.0,0.0,0.0,1017.074097,0.0,28942.0,74.050003,3.0
47.209648,0.571917,64256.0,0.0,33.221603,0.060916,0.0,0.0,0.0,0.0,0.0,398435.4375,19681.177734,0.0,64.0,0.0,1481.0,0.000993,1721542656.0,31872.0,0.061909,0.0,378754.25,0.571917,0.571917,62.0,0.0,28.0,0.0,20.0,-0.0,0.0,0.0,28079.0,0.0,0.571917,0.571917,82.179756,0.0,0.0,48.0,0.0,0.0,1002.821411,0.0,29560.0,74.050003,3.0
47.213608,0.571869,64256.0,0.0,33.224392,0.059882,0.0,0.0,0.0,0.0,0.0,405995.0625,19682.828125,0.0,64.0,0.0,1481.0,0.000509,1721542656.0,46336.0,0.060391,0.0,386312.25,0.571869,0.571869,62.0,0.0,28.0,0.0,20.0,-0.0,0.0,0.0,28637.0,0.0,0.571869,0.571869,82.186653,0.0,0.0,48.0,0.0,0.0,1022.75,0.0,30118.0,74.050003,3.0
45.9702,0.587337,64256.0,0.0,32.3494,0.060289,0.0,0.0,0.0,0.0,0.0,402712.5625,19164.464844,0.0,64.0,0.0,1481.0,0.000994,1721542656.0,31872.0,0.061283,0.0,383548.09375,0.587337,0.587337,62.0,0.0,28.0,0.0,20.0,-0.0,0.0,0.0,29201.0,0.0,0.587337,0.587337,80.022202,0.0,0.0,48.0,0.0,0.0,1042.892822,0.0,30682.0,74.050003,3.0
45.218399,0.619217,64256.0,0.0,32.298855,0.06079,0.0,0.0,0.0,0.0,0.0,391242.5,19043.40625,0.0,64.0,0.0,1547.0,0.000994,1721542656.0,31872.0,0.061784,0.0,372199.09375,0.619217,0.619217,62.0,0.0,29.0,0.0,21.0,-0.0,0.0,0.0,29837.0,0.0,0.619217,0.619217,79.132195,0.0,0.0,50.0,0.0,0.0,1028.862061,0.0,31384.0,73.666664,3.0
41.160431,0.680265,64256.0,0.0,29.400307,0.061162,0.0,0.0,0.0,0.0,0.0,362670.4375,17334.421875,0.0,64.0,0.0,1547.0,0.000508,1721542656.0,31872.0,0.06167,0.0,345336.0,0.680265,0.680265,62.0,0.0,29.0,0.0,21.0,-0.0,0.0,0.0,30413.0,0.0,0.680265,0.680265,72.030754,0.0,0.0,50.0,0.0,0.0,1048.724121,0.0,31960.0,73.666664,3.0
52.207291,0.555478,64256.0,0.0,36.005028,0.060521,0.0,0.0,0.0,0.0,0.0,453663.34375,21228.564453,0.0,64.0,0.0,1547.0,0.000499,1721542656.0,31872.0,0.06102,0.0,432434.78125,0.555478,0.555478,62.0,0.0,30.0,0.0,21.0,-0.0,0.0,0.0,31061.0,0.0,0.555478,0.555478,90.012573,0.0,0.0,51.0,0.0,0.0,1035.366699,0.0,32608.0,73.666664,3.0
42.726986,0.678728,64256.0,0.0,32.413574,0.062068,0.0,0.0,0.0,0.0,0.0,379545.28125,18929.527344,0.0,64.0,0.0,1679.0,0.000505,1721542656.0,31872.0,0.062573,0.0,360615.75,0.678728,0.678728,62.0,0.0,30.0,0.0,23.0,-0.0,0.0,0.0,31649.0,0.0,0.678728,0.678728,76.613907,0.0,0.0,53.0,0.0,0.0,1054.966675,0.0,33328.0,73.0,3.0
17.413454,1.665379,64256.0,2.0,15.612062,0.165412,0.0,2.0,0.0,0.0,3.389831,159271.84375,9544.974609,0.0,64.0,0.0,2063.0,0.0,1721542656.0,31872.0,0.165412,0.0,149726.875,1.665379,1.665379,62.0,0.0,30.0,0.0,27.0,-0.0,0.0,0.0,32243.0,1.0,1.665379,1.665379,33.62598,0.0,0.0,57.0,0.0,0.0,1074.766724,0.0,34306.0,76.40741,3.0
17.933445,1.672852,64256.0,1.0,16.1401,0.168135,0.0,1.0,0.0,0.0,1.666667,162180.515625,9875.350586,0.0,64.0,0.0,2141.0,0.000486,1721542656.0,31872.0,0.168621,0.0,152305.15625,1.672852,1.672852,62.0,0.0,31.0,0.0,28.0,-0.0,0.0,0.0,32909.0,1.0,1.672852,1.672852,34.671326,0.0,0.0,59.0,0.0,0.0,1061.580688,0.0,35050.0,76.464287,3.0
1.805646,4.984366,64256.0,0.0,2.808783,0.323251,0.0,3.0,0.0,0.0,10.714286,3742.90332,1922.812256,1.0,64.0,0.0,1283.0,0.000496,1721542656.0,31872.0,0.323747,0.0,1820.091064,4.984366,4.984366,62.0,0.0,10.0,0.0,15.0,-0.0,0.0,0.0,1259.0,1.0,4.984366,4.984366,4.815056,1.0,0.0,25.0,3.0,0.0,125.900002,0.0,2542.0,85.533333,4.0
15.825289,0.06319,64256.0,0.0,47.475868,0.323251,0.0,0.0,0.0,1.0,0.0,34689.035156,25953.474609,0.0,64.0,0.0,273.0,0.000496,1721542656.0,31872.0,0.323747,0.0,8735.55957,0.06319,0.06319,62.0,0.0,2.0,0.0,4.0,-0.0,1.0,0.0,138.0,1.0,0.06319,0.06319,79.12645,0.0,0.0,6.0,0.0,0.0,69.0,0.0,411.0,68.25,4.0
3.630905,2.754134,64256.0,1.0,4.357087,0.213696,1.0,3.0,0.0,0.0,11.111111,6250.966797,2776.916504,0.0,64.0,0.0,1035.0,0.001075,1721542656.0,31872.0,0.214771,0.0,3474.050293,2.754134,2.754134,62.0,0.0,11.0,0.0,13.0,-0.0,0.0,0.0,1315.0,0.0,2.754134,2.754134,8.351083,0.0,0.0,24.0,2.0,0.0,119.545456,0.0,2350.0,79.615387,4.0
5.553317,1.620653,64256.0,0.0,6.170352,0.199418,0.0,0.0,0.0,0.0,0.0,9581.323242,3983.579346,0.0,64.0,0.0,887.0,0.000522,1721542656.0,31872.0,0.19994,0.0,5597.743652,1.620653,1.620653,62.0,0.0,10.0,0.0,11.0,-0.0,0.0,0.0,1259.0,0.0,1.620653,1.620653,12.340704,0.0,0.0,21.0,0.0,0.0,125.900002,0.0,2146.0,80.63636,4.0
6.321582,1.265506,64256.0,0.0,7.901978,0.15451,0.0,0.0,0.0,0.0,0.0,11941.467773,5101.516602,0.0,64.0,0.0,887.0,0.000994,1721542656.0,31872.0,0.155504,0.0,6839.95166,1.265506,1.265506,62.0,0.0,9.0,0.0,11.0,-0.0,0.0,0.0,1217.0,0.0,1.265506,1.265506,15.013757,0.0,0.0,20.0,0.0,0.0,135.222229,0.0,2104.0,80.63636,4.0
6.774002,1.328609,64256.0,0.0,7.526669,0.153887,0.0,0.0,0.0,0.0,0.0,11976.435547,4859.217285,0.0,64.0,0.0,887.0,0.001004,1721542656.0,31872.0,0.154891,0.0,7117.218262,1.328609,1.328609,62.0,0.0,10.0,0.0,11.0,-0.0,0.0,0.0,1313.0,0.0,1.328609,1.328609,15.053338,0.0,0.0,21.0,0.0,0.0,131.300003,0.0,2200.0,80.63636,4.0
4.987327,1.804574,64256.0,0.0,5.541474,0.246612,0.0,0.0,0.0,0.0,0.0,8963.888672,3577.575684,0.0,64.0,0.0,887.0,0.0,1721542656.0,31872.0,0.246612,0.0,5386.3125,1.804574,1.804574,62.0,0.0,10.0,0.0,11.0,-0.0,0.0,0.0,1349.0,0.0,1.804574,1.804574,11.082948,0.0,0.0,21.0,0.0,0.0,134.899994,0.0,2236.0,80.63636,4.0
6.68866,1.345561,64256.0,0.0,7.431844,0.168063,0.0,0.0,0.0,0.0,0.0,12241.733398,4797.998535,0.0,64.0,0.0,887.0,0.001501,1721542656.0,31872.0,0.169564,0.0,7443.735352,1.345561,1.345561,62.0,0.0,10.0,0.0,11.0,-0.0,0.0,0.0,1391.0,0.0,1.345561,1.345561,14.863688,0.0,0.0,21.0,0.0,0.0,139.100006,0.0,2278.0,80.63636,4.0
2.904699,3.442697,64256.0,1.0,4.066579,0.151731,1.0,3.0,0.0,0.0,10.344828,5730.391113,2532.897949,0.0,64.0,0.0,1167.0,0.000517,1721542656.0,31872.0,0.152248,0.0,3197.493164,3.442697,3.442697,62.0,0.0,11.0,0.0,15.0,-0.0,0.0,0.0,1513.0,0.0,3.442697,3.442697,7.261748,0.0,0.0,26.0,2.0,0.0,137.545456,0.0,2680.0,77.800003,4.0
6.137915,1.466296,64256.0,0.0,6.819906,0.183885,0.0,0.0,0.0,0.0,0.0,11735.693359,4402.931152,0.0,64.0,0.0,887.0,0.000497,1721542656.0,31872.0,0.184382,0.0,7332.762695,1.466296,1.466296,62.0,0.0,10.0,0.0,11.0,-0.0,0.0,0.0,1493.0,0.0,1.466296,1.466296,13.639812,0.0,0.0,21.0,0.0,0.0,149.300003,0.0,2380.0,80.63636,4.0
2.504259,4.392516,64256.0,2.0,3.414899,0.121138,1.0,5.0,0.0,0.0,15.151515,4961.165527,2119.969482,0.0,64.0,0.0,1241.0,0.001133,1721542656.0,31872.0,0.122271,0.0,2841.196045,4.392516,4.392516,62.0,0.0,12.0,0.0,16.0,-0.0,0.0,0.0,1701.0,0.0,4.392516,4.392516,6.146819,0.0,0.0,28.0,3.0,0.0,141.75,0.0,2942.0,77.5625,4.0
5.497701,1.637048,64256.0,0.0,6.108556,0.212547,0.0,0.0,0.0,0.0,0.0,11068.704102,3943.684082,0.0,64.0,0.0,887.0,0.001703,1721542656.0,31872.0,0.21425,0.0,7125.02002,1.637048,1.637048,62.0,0.0,10.0,0.0,11.0,-0.0,0.0,0.0,1619.0,0.0,1.637048,1.637048,12.217113,0.0,0.0,21.0,0.0,0.0,161.899994,0.0,2506.0,80.63636,4.0
13.195068,0.682073,64256.0,0.0,17.593426,0.059922,0.0,0.0,0.0,0.0,0.0,28888.400391,11036.941406,0.0,64.0,0.0,1019.0,0.000497,1721542656.0,31872.0,0.060419,0.0,17851.460938,0.682073,0.682073,62.0,0.0,10.0,0.0,13.0,-0.0,0.0,0.0,1691.0,0.0,0.682073,0.682073,32.254612,0.0,0.0,23.0,0.0,0.0,169.100006,0.0,2710.0,78.384613,4.0
16.127615,0.558049,64256.0,0.0,21.503487,0.061124,0.0,0.0,0.0,0.0,0.0,36326.558594,13489.854492,0.0,64.0,0.0,1019.0,0.000488,1721542656.0,31872.0,0.061612,0.0,22836.703125,0.558049,0.558049,62.0,0.0,10.0,0.0,13.0,-0.0,0.0,0.0,1769.0,0.0,0.558049,0.558049,39.423061,0.0,0.0,23.0,0.0,0.0,176.899994,0.0,2788.0,78.384613,4.0
15.734706,0.571984,64256.0,0.0,20.979609,0.046999,0.0,0.0,0.0,0.0,0.0,36490.53125,13161.207031,0.0,64.0,0.0,1019.0,0.00049,1721542656.0,31872.0,0.047489,0.0,23329.324219,0.571984,0.571984,62.0,0.0,10.0,0.0,13.0,-0.0,0.0,0.0,1853.0,0.0,0.571984,0.571984,38.462616,0.0,0.0,23.0,0.0,0.0,185.300003,0.0,2872.0,78.384613,4.0
2.729641,4.029834,64256.0,0.0,4.466685,0.152737,0.0,3.0,0.0,0.0,8.823529,6713.924316,2904.338135,0.0,64.0,0.0,1544.0,0.000993,1721542656.0,31872.0,0.15373,0.0,3809.586426,4.029834,4.029834,62.0,0.0,12.0,0.0,19.0,-0.0,0.0,0.0,2093.0,1.0,4.029834,4.029834,7.444476,1.0,0.0,31.0,3.0,0.0,174.416672,0.0,3637.0,81.263161,4.0
5.397213,1.852808,64256.0,0.0,5.936934,0.167923,0.0,0.0,0.0,0.0,0.0,12037.944336,3773.731445,0.0,64.0,0.0,953.0,0.001018,1721542656.0,31872.0,0.168941,0.0,8264.212891,1.852808,1.852808,62.0,0.0,11.0,0.0,12.0,-0.0,0.0,0.0,2105.0,0.0,1.852808,1.852808,11.873869,0.0,0.0,23.0,0.0,0.0,191.363632,0.0,3058.0,79.416664,4.0
0.0,0.000497,64256.0,0.0,0.0,0.152737,0.0,0.0,0.0,0.0,0.0,0.0,0.0,0.0,64.0,0.0,66.0,0.000993,1721542656.0,31872.0,0.15373,0.0,0.0,0.000497,0.000497,62.0,0.0,1.0,0.0,1.0,-0.0,1.0,0.0,66.0,1.0,0.000497,0.000497,2012.072388,0.0,0.0,2.0,0.0,0.0,66.0,0.0,132.0,66.0,4.0
1.431621,4.889562,64256.0,0.0,2.045173,0.258003,0.0,3.0,0.0,0.0,13.636364,4371.761719,1503.611084,1.0,64.0,0.0,1010.0,0.000994,1721542656.0,31872.0,0.258997,0.0,2868.150391,4.889562,4.889562,62.0,0.0,8.0,0.0,11.0,-0.0,0.0,0.0,2003.0,0.0,4.889562,4.889562,3.681311,1.0,0.0,19.0,3.0,0.0,250.375,0.0,3013.0,91.818184,4.0
3.582586,0.279128,64256.0,0.0,7.165172,0.258003,0.0,0.0,0.0,1.0,0.0,5932.762207,3955.174805,0.0,64.0,0.0,207.0,0.000994,1721542656.0,31872.0,0.258997,0.0,1977.587402,0.279128,0.279128,62.0,0.0,2.0,0.0,3.0,-0.0,1.0,0.0,138.0,0.0,0.279128,0.279128,14.330344,0.0,0.0,5.0,0.0,0.0,69.0,0.0,345.0,69.0,4.0
0.653836,3.058873,8222720.0,2.0,1.307671,0.0,1.0,6.0,0.0,0.0,42.857143,1161.212036,774.141357,0.0,64.0,0.0,370.0,0.000499,1721542656.0,4077568.0,0.000499,0.0,387.070679,3.058873,3.058873,62.0,0.0,3.0,0.0,5.0,-0.0,0.0,0.0,222.0,0.0,3.058873,3.058873,2.288424,0.0,0.0,8.0,4.0,0.0,74.0,0.0,592.0,74.0,4.0
1.02967,4.855926,64256.0,1.0,1.853405,0.322637,1.0,6.0,0.0,0.0,27.272727,1995.088013,1322.919678,1.0,64.0,0.0,892.0,0.000499,1721542656.0,31872.0,0.323136,0.0,672.168396,4.855926,4.855926,62.0,0.0,6.0,0.0,10.0,-0.0,1.0,0.0,489.0,0.0,4.855926,4.855926,3.089009,0.0,0.0,16.0,5.0,0.0,81.5,0.0,1381.0,89.199997,4.0
1.152187,3.47166,64256.0,0.0,2.304373,0.322637,0.0,3.0,0.0,1.0,17.647059,4922.141113,1555.451904,0.0,64.0,0.0,759.0,0.000499,1721542656.0,31872.0,0.323136,0.0,3366.689209,3.47166,3.47166,62.0,0.0,5.0,0.0,9.0,-0.0,1.0,0.0,1826.0,0.0,3.47166,3.47166,3.744606,1.0,0.0,14.0,3.0,0.0,365.200012,0.0,2585.0,84.333336,4.0
15.046463,0.664608,64256.0,0.0,16.551109,0.060733,0.0,0.0,0.0,0.0,0.0,37110.597656,10520.487305,0.0,64.0,0.0,953.0,0.000988,1721542656.0,31872.0,0.061721,0.0,26590.109375,0.664608,0.664608,62.0,0.0,11.0,0.0,12.0,-0.0,0.0,0.0,2429.0,0.0,0.664608,0.664608,33.102219,0.0,0.0,23.0,0.0,0.0,220.818176,0.0,3382.0,79.416664,4.0
2.369797,4.21977,64256.0,0.0,3.080737,0.273205,0.0,2.0,0.0,0.0,7.407407,6451.536621,2056.984131,0.0,64.0,0.0,1168.0,0.001024,1721542656.0,31872.0,0.274229,0.0,4394.552246,4.21977,4.21977,61.0,0.0,11.0,0.0,14.0,-0.0,0.0,0.0,2549.0,0.0,4.21977,4.21977,5.687514,1.0,0.0,25.0,2.0,0.0,231.72728,0.0,3717.0,83.428574,4.0
5.524715,1.810048,64256.0,0.0,6.077187,0.277496,0.0,0.0,0.0,0.0,0.0,14611.767578,3862.881104,0.0,64.0,0.0,953.0,0.001987,1721542656.0,31872.0,0.279483,0.0,10748.886719,1.810048,1.810048,61.0,0.0,11.0,0.0,12.0,-0.0,0.0,0.0,2675.0,0.0,1.810048,1.810048,12.154374,0.0,0.0,23.0,0.0,0.0,243.181824,0.0,3628.0,79.416664,4.0
17.845526,0.616401,64256.0,0.0,17.845526,0.060684,0.0,0.0,0.0,0.0,0.0,45528.804688,11343.264648,0.0,64.0,0.0,953.0,0.000497,1721542656.0,31872.0,0.061181,0.0,34185.539062,0.616401,0.616401,62.0,0.0,12.0,0.0,12.0,-0.0,0.0,0.0,2873.0,0.0,0.616401,0.616401,37.31337,0.0,0.0,24.0,0.0,0.0,239.416672,0.0,3826.0,79.416664,4.0
19.34304,0.56868,64256.0,0.0,19.34304,0.059974,0.0,0.0,0.0,0.0,0.0,51135.964844,12295.139648,0.0,64.0,0.0,953.0,0.000988,1721542656.0,31872.0,0.060962,0.0,38840.824219,0.56868,0.56868,62.0,0.0,12.0,0.0,12.0,-0.0,0.0,0.0,3011.0,0.0,0.56868,0.56868,40.444538,0.0,0.0,24.0,0.0,0.0,250.916672,0.0,3964.0,79.416664,4.0
6.652665,1.503157,64256.0,0.0,7.317932,0.153709,0.0,0.0,0.0,0.0,0.0,19601.412109,4651.543457,0.0,64.0,0.0,953.0,0.000993,1721542656.0,31872.0,0.154702,0.0,14949.868164,1.503157,1.503157,62.0,0.0,11.0,0.0,12.0,-0.0,0.0,0.0,3089.0,0.0,1.503157,1.503157,14.635863,0.0,0.0,23.0,0.0,0.0,280.818176,0.0,4042.0,79.416664,4.0
3.447027,3.191156,64256.0,1.0,4.073759,0.067445,1.0,3.0,0.0,0.0,10.344828,10178.129883,2564.587891,0.0,64.0,0.0,1101.0,0.000993,1721542656.0,31872.0,0.068438,0.0,7613.541992,3.191156,3.191156,62.0,0.0,12.0,0.0,14.0,-0.0,0.0,0.0,3313.0,0.0,3.191156,3.191156,7.834152,0.0,0.0,26.0,2.0,0.0,276.083344,0.0,4414.0,78.64286,4.0
17.058441,0.58622,64256.0,0.0,18.764286,0.061272,0.0,0.0,0.0,0.0,0.0,54054.789062,11927.262695,0.0,64.0,0.0,953.0,0.000497,1721542656.0,31872.0,0.061769,0.0,42127.527344,0.58622,0.58622,62.0,0.0,11.0,0.0,12.0,-0.0,0.0,0.0,3395.0,0.0,0.58622,0.58622,37.528572,0.0,0.0,23.0,0.0,0.0,308.636353,0.0,4348.0,79.416664,4.0
0.0,0.00101,64256.0,0.0,0.0,0.067445,0.0,0.0,0.0,0.0,0.0,0.0,0.0,0.0,64.0,0.0,66.0,0.000993,1721542656.0,31872.0,0.068438,0.0,0.0,0.00101,0.00101,62.0,0.0,1.0,0.0,1.0,-0.0,1.0,0.0,66.0,0.0,0.00101,0.00101,990.098999,0.0,0.0,2.0,0.0,0.0,66.0,0.0,132.0,66.0,4.0
12.698993,0.787464,64256.0,0.0,13.968892,0.06083,0.0,0.0,0.0,0.0,0.0,41733.96875,8879.135742,0.0,64.0,0.0,953.0,0.0,1721542656.0,31872.0,0.06083,0.0,32854.835938,0.787464,0.787464,62.0,0.0,11.0,0.0,12.0,-0.0,0.0,0.0,3557.0,0.0,0.787464,0.787464,27.937784,0.0,0.0,23.0,0.0,0.0,323.363647,0.0,4510.0,79.416664,4.0
15.044901,0.664677,64256.0,0.0,16.549391,0.060189,0.0,0.0,0.0,0.0,0.0,51285.058594,10519.394531,0.0,64.0,0.0,953.0,0.000993,1721542656.0,31872.0,0.061182,0.0,40765.664062,0.664677,0.664677,62.0,0.0,11.0,0.0,12.0,-0.0,0.0,0.0,3725.0,0.0,0.664677,0.664677,33.098782,0.0,0.0,23.0,0.0,0.0,338.636353,0.0,4678.0,79.416664,4.0
21.022572,0.570815,64256.0,0.0,22.774452,0.059636,0.0,0.0,0.0,0.0,0.0,66277.164062,14127.167969,0.0,64.0,0.0,1085.0,0.000997,1721542656.0,31872.0,0.060633,0.0,52149.992188,0.570815,0.570815,62.0,0.0,13.0,0.0,14.0,-0.0,0.0,0.0,4031.0,0.0,0.570815,0.570815,45.548904,0.0,0.0,27.0,0.0,0.0,310.076935,0.0,5116.0,77.5,4.0
19.625895,0.560484,64256.0,0.0,23.194239,0.061522,0.0,0.0,0.0,0.0,0.0,68626.40625,14387.56543,0.0,64.0,0.0,1085.0,0.000992,1721542656.0,31872.0,0.062514,0.0,54238.835938,0.560484,0.560484,62.0,0.0,12.0,0.0,14.0,-0.0,0.0,0.0,4145.0,0.0,0.560484,0.560484,44.604305,0.0,0.0,26.0,0.0,0.0,345.416656,0.0,5230.0,77.5,4.0
19.682079,0.558884,64256.0,0.0,23.260639,0.061079,0.0,0.0,0.0,0.0,0.0,71270.601562,14428.753906,0.0,64.0,0.0,1085.0,0.001346,1721542656.0,31872.0,0.062425,0.0,56841.847656,0.558884,0.558884,62.0,0.0,12.0,0.0,14.0,-0.0,0.0,0.0,4331.0,0.0,0.558884,0.558884,44.731998,0.0,0.0,26.0,0.0,0.0,360.916656,0.0,5416.0,77.5,4.0
16.535658,0.665229,64256.0,0.0,19.542143,0.045309,0.0,0.0,0.0,0.0,0.0,61993.6875,12122.140625,0.0,64.0,0.0,1085.0,0.000915,1721542656.0,31872.0,0.046224,0.0,49871.546875,0.665229,0.665229,62.0,0.0,12.0,0.0,14.0,-0.0,0.0,0.0,4523.0,0.0,0.665229,0.665229,37.581043,0.0,0.0,26.0,0.0,0.0,376.916656,0.0,5608.0,77.5,4.0
16.508387,0.666328,64256.0,0.0,19.509911,0.060534,0.0,0.0,0.0,0.0,0.0,64064.542969,12102.147461,0.0,64.0,0.0,1085.0,0.000488,1721542656.0,31872.0,0.061022,0.0,51962.394531,0.666328,0.666328,62.0,0.0,12.0,0.0,14.0,-0.0,0.0,0.0,4721.0,0.0,0.666328,0.666328,37.519058,0.0,0.0,26.0,0.0,0.0,393.416656,0.0,5806.0,77.5,4.0
19.197777,0.572983,64256.0,0.0,22.688282,0.059916,0.0,0.0,0.0,0.0,0.0,77112.234375,14073.714844,0.0,64.0,0.0,1085.0,0.001007,1721542656.0,31872.0,0.060923,0.0,63038.515625,0.572983,0.572983,62.0,0.0,12.0,0.0,14.0,-0.0,0.0,0.0,4925.0,0.0,0.572983,0.572983,43.63131,0.0,0.0,26.0,0.0,0.0,410.416656,0.0,6010.0,77.5,4.0
24.206871,0.495727,64256.0,0.0,22.189632,0.047102,0.0,0.0,0.0,0.0,0.0,91582.664062,14104.537109,0.0,64.0,0.0,953.0,0.000502,1721542656.0,31872.0,0.047604,0.0,77478.125,0.495727,0.495727,62.0,0.0,13.0,0.0,12.0,-0.0,0.0,0.0,5201.0,0.0,0.495727,0.495727,48.413742,0.0,0.0,25.0,0.0,0.0,400.076935,0.0,6154.0,79.416664,4.0
19.351343,0.620112,64256.0,0.0,19.351343,0.059937,0.0,0.0,0.0,0.0,0.0,76657.117188,12139.742188,0.0,64.0,0.0,1019.0,0.001268,1721542656.0,31872.0,0.061205,0.0,64517.378906,0.620112,0.620112,62.0,0.0,13.0,0.0,13.0,-0.0,0.0,0.0,5417.0,0.0,0.620112,0.620112,40.315296,0.0,0.0,26.0,0.0,0.0,416.692322,0.0,6436.0,78.384613,4.0
17.705225,0.677766,64256.0,0.0,17.705225,0.058922,0.0,0.0,0.0,0.0,0.0,72556.015625,11107.078125,0.0,64.0,0.0,1019.0,0.001125,1721542656.0,31872.0,0.060047,0.0,61448.933594,0.677766,0.677766,62.0,0.0,13.0,0.0,13.0,-0.0,0.0,0.0,5639.0,0.0,0.677766,0.677766,36.885887,0.0,0.0,26.0,0.0,0.0,433.769226,0.0,6658.0,78.384613,4.0
21.537798,0.55716,64256.0,0.0,21.537798,0.059211,0.0,0.0,0.0,0.0,0.0,91277.1875,13511.378906,0.0,64.0,0.0,1019.0,0.000509,1721542656.0,31872.0,0.05972,0.0,77765.8125,0.55716,0.55716,62.0,0.0,13.0,0.0,13.0,-0.0,0.0,0.0,5867.0,0.0,0.55716,0.55716,44.870411,0.0,0.0,26.0,0.0,0.0,451.307678,0.0,6886.0,78.384613,4.0
6.494272,2.001764,64256.0,0.0,5.994712,0.229876,0.0,0.0,0.0,0.0,0.0,26648.496094,3760.682861,0.0,64.0,0.0,1019.0,0.001005,1721542656.0,31872.0,0.230881,0.0,22887.8125,2.001764,2.001764,62.0,0.0,14.0,0.0,13.0,-0.0,0.0,0.0,6167.0,0.0,2.001764,2.001764,12.988544,0.0,0.0,27.0,0.0,0.0,440.5,0.0,7186.0,78.384613,4.0
20.917948,0.57367,64256.0,0.0,20.917948,0.059505,0.0,0.0,0.0,0.0,0.0,94758.304688,13122.526367,0.0,64.0,0.0,1019.0,0.000497,1721542656.0,31872.0,0.060002,0.0,81635.78125,0.57367,0.57367,62.0,0.0,13.0,0.0,13.0,-0.0,0.0,0.0,6341.0,0.0,0.57367,0.57367,43.57906,0.0,0.0,26.0,0.0,0.0,487.769226,0.0,7360.0,78.384613,4.0
21.442854,0.559627,64256.0,0.0,21.442854,0.061816,0.0,0.0,0.0,0.0,0.0,100381.148438,13451.817383,0.0,64.0,0.0,1019.0,0.001028,1721542656.0,31872.0,0.062844,0.0,86929.328125,0.559627,0.559627,62.0,0.0,13.0,0.0,13.0,-0.0,0.0,0.0,6587.0,0.0,0.559627,0.559627,44.672611,0.0,0.0,26.0,0.0,0.0,506.692322,0.0,7606.0,78.384613,4.0
8.177131,1.712092,64256.0,0.0,7.008969,0.212741,0.0,0.0,0.0,0.0,0.0,34801.867188,4396.959961,0.0,64.0,0.0,1019.0,0.000497,1721542656.0,31872.0,0.213238,0.0,30404.908203,1.712092,1.712092,62.0,0.0,15.0,0.0,13.0,-0.0,0.0,0.0,6971.0,0.0,1.712092,1.712092,15.77018,0.0,0.0,28.0,0.0,0.0,464.733337,0.0,7990.0,78.384613,4.0
8.683977,1.49701,64256.0,0.0,9.351975,0.154175,0.0,0.0,0.0,0.0,0.0,41292.976562,5744.784668,0.0,64.0,0.0,1151.0,0.000994,1721542656.0,31872.0,0.155169,0.0,35548.191406,1.49701,1.49701,62.0,0.0,14.0,0.0,15.0,-0.0,0.0,0.0,7163.0,0.0,1.49701,1.49701,18.703951,0.0,0.0,29.0,0.0,0.0,511.642853,0.0,8314.0,76.73333,4.0
9.73443,1.438194,64256.0,0.0,8.343798,0.199451,0.0,0.0,0.0,0.0,0.0,44138.691406,5234.342285,0.0,64.0,0.0,1019.0,0.000997,1721542656.0,31872.0,0.200448,0.0,38904.347656,1.438194,1.438194,62.0,0.0,15.0,0.0,13.0,-0.0,0.0,0.0,7493.0,0.0,1.438194,1.438194,18.773544,0.0,0.0,28.0,0.0,0.0,499.533325,0.0,8512.0,78.384613,4.0
3.374589,4.148653,64256.0,0.0,3.615631,0.12138,0.0,3.0,0.0,0.0,8.823529,16385.078125,2412.349365,0.0,64.0,0.0,1334.0,0.000486,1721542656.0,31872.0,0.121866,0.0,13972.727539,4.148653,4.148653,62.0,0.0,15.0,0.0,16.0,-0.0,0.0,0.0,7763.0,0.0,4.148653,4.148653,7.231263,1.0,0.0,31.0,3.0,0.0,517.533325,0.0,9097.0,83.375,4.0
22.088408,0.588544,64256.0,0.0,23.787516,0.045856,0.0,0.0,0.0,0.0,0.0,115253.914062,14612.331055,0.0,64.0,0.0,1151.0,0.00099,1721542656.0,31872.0,0.046846,0.0,100641.578125,0.588544,0.588544,62.0,0.0,14.0,0.0,15.0,-0.0,0.0,0.0,7973.0,0.0,0.588544,0.588544,47.575031,0.0,0.0,29.0,0.0,0.0,569.5,0.0,9124.0,76.73333,4.0
16.773697,0.775023,64256.0,0.0,18.06398,0.060223,0.0,0.0,0.0,0.0,0.0,90227.0,11096.445312,0.0,64.0,0.0,1151.0,0.000994,1721542656.0,31872.0,0.061217,0.0,79130.554688,0.775023,0.775023,62.0,0.0,14.0,0.0,15.0,-0.0,0.0,0.0,8255.0,0.0,0.775023,0.775023,36.12796,0.0,0.0,29.0,0.0,0.0,589.642883,0.0,9406.0,76.73333,4.0
25.082413,0.55816,64256.0,0.0,23.290812,0.060353,0.0,0.0,0.0,0.0,0.0,129625.914062,14447.469727,0.0,64.0,0.0,1085.0,0.000802,1721542656.0,31872.0,0.061155,0.0,115178.445312,0.55816,0.55816,62.0,0.0,15.0,0.0,14.0,-0.0,0.0,0.0,8609.0,0.0,0.55816,0.55816,50.164825,0.0,0.0,29.0,0.0,0.0,573.93335,0.0,9694.0,77.5,4.0
24.384933,0.574125,64256.0,0.0,22.643152,0.06071,0.0,0.0,0.0,0.0,0.0,129839.320312,14045.72168,0.0,64.0,0.0,1085.0,0.000489,1721542656.0,31872.0,0.061199,0.0,115793.601562,0.574125,0.574125,62.0,0.0,15.0,0.0,14.0,-0.0,0.0,0.0,8903.0,0.0,0.574125,0.574125,48.769867,0.0,0.0,29.0,0.0,0.0,593.533325,0.0,9988.0,77.5,4.0
10.257042,1.559904,64256.0,0.0,8.974912,0.153582,0.0,2.0,0.0,0.0,5.882353,50674.914062,5554.187988,0.0,64.0,0.0,1160.0,0.000497,1721542656.0,31872.0,0.154079,0.0,45120.726562,1.559904,1.559904,62.0,0.0,17.0,0.0,15.0,-0.0,0.0,0.0,9347.0,1.0,1.559904,1.559904,19.873018,1.0,0.0,32.0,2.0,0.0,549.823547,0.0,10507.0,77.333336,4.0
23.90139,0.58574,64256.0,0.0,22.194149,0.059762,0.0,0.0,0.0,0.0,0.0,134995.0625,13767.201172,0.0,64.0,0.0,1085.0,0.000482,1721542656.0,31872.0,0.060244,0.0,121227.851562,0.58574,0.58574,62.0,0.0,15.0,0.0,14.0,-0.0,0.0,0.0,9509.0,0.0,0.58574,0.58574,47.80278,0.0,0.0,29.0,0.0,0.0,633.93335,0.0,10594.0,77.5,4.0
22.629793,0.662843,64256.0,0.0,22.629793,0.05989,0.0,0.0,0.0,0.0,0.0,125652.679688,13770.983398,0.0,64.0,0.0,1217.0,0.000993,1721542656.0,31872.0,0.060883,0.0,111881.703125,0.662843,0.662843,62.0,0.0,16.0,0.0,16.0,-0.0,0.0,0.0,9887.0,0.0,0.662843,0.662843,46.768242,0.0,0.0,32.0,0.0,0.0,617.9375,0.0,11104.0,76.0625,4.0
26.955097,0.556481,64256.0,0.0,26.955097,0.044879,0.0,0.0,0.0,0.0,0.0,153953.140625,16403.076172,0.0,64.0,0.0,1217.0,0.000992,1721542656.0,31872.0,0.045871,0.0,137550.0625,0.556481,0.556481,62.0,0.0,16.0,0.0,16.0,-0.0,0.0,0.0,10205.0,0.0,0.556481,0.556481,55.707203,0.0,0.0,32.0,0.0,0.0,637.8125,0.0,11422.0,76.0625,4.0
24.751659,0.60602,64256.0,0.0,24.751659,0.061415,0.0,0.0,0.0,0.0,0.0,145368.140625,15062.209961,0.0,64.0,0.0,1217.0,0.001703,1721542656.0,31872.0,0.063118,0.0,130305.9375,0.60602,0.60602,62.0,0.0,16.0,0.0,16.0,-0.0,0.0,0.0,10529.0,0.0,0.60602,0.60602,51.153431,0.0,0.0,32.0,0.0,0.0,658.0625,0.0,11746.0,76.0625,4.0
23.105469,0.649197,64256.0,0.0,23.105469,0.059405,0.0,0.0,0.0,0.0,0.0,139520.0625,14060.447266,0.0,64.0,0.0,1217.0,0.000992,1721542656.0,31872.0,0.060397,0.0,125459.609375,0.649197,0.649197,62.0,0.0,16.0,0.0,16.0,-0.0,0.0,0.0,10859.0,0.0,0.649197,0.649197,47.751301,0.0,0.0,32.0,0.0,0.0,678.6875,0.0,12076.0,76.0625,4.0
26.954807,0.556487,64256.0,0.0,26.954807,0.076127,0.0,0.0,0.0,0.0,0.0,167292.3125,16402.898438,0.0,64.0,0.0,1217.0,0.00099,1721542656.0,31872.0,0.077117,0.0,150889.40625,0.556487,0.556487,62.0,0.0,16.0,0.0,16.0,-0.0,0.0,0.0,11195.0,0.0,0.556487,0.556487,55.7066,0.0,0.0,32.0,0.0,0.0,699.6875,0.0,12412.0,76.0625,4.0
20.717499,0.772294,64256.0,0.0,18.127811,0.060504,0.0,0.0,0.0,0.0,0.0,124263.5625,11135.65625,0.0,64.0,0.0,1151.0,0.000635,1721542656.0,31872.0,0.061139,0.0,113127.90625,0.772294,0.772294,62.0,0.0,17.0,0.0,15.0,-0.0,0.0,0.0,11603.0,0.0,0.772294,0.772294,40.140156,0.0,0.0,32.0,0.0,0.0,682.529419,0.0,12754.0,76.73333,4.0
28.081064,0.569779,64256.0,0.0,24.57093,0.059724,0.0,0.0,0.0,0.0,0.0,173021.46875,15093.572266,0.0,64.0,0.0,1151.0,0.00099,1721542656.0,31872.0,0.060714,0.0,157927.90625,0.569779,0.569779,62.0,0.0,17.0,0.0,15.0,-0.0,0.0,0.0,11951.0,0.0,0.569779,0.569779,54.407063,0.0,0.0,32.0,0.0,0.0,703.0,0.0,13102.0,76.73333,4.0
28.113184,0.569128,64256.0,0.0,24.599037,0.045782,0.0,0.0,0.0,0.0,0.0,177914.296875,15110.836914,0.0,64.0,0.0,1151.0,0.0005,1721542656.0,31872.0,0.046282,0.0,162803.453125,0.569128,0.569128,62.0,0.0,17.0,0.0,15.0,-0.0,0.0,0.0,12305.0,0.0,0.569128,0.569128,54.469296,0.0,0.0,32.0,0.0,0.0,723.823547,0.0,13456.0,76.73333,4.0
28.202032,0.567335,64256.0,0.0,24.676779,0.059991,0.0,0.0,0.0,0.0,0.0,183242.703125,15158.591797,0.0,64.0,0.0,1151.0,0.000517,1721542656.0,31872.0,0.060508,0.0,168084.109375,0.567335,0.567335,62.0,0.0,17.0,0.0,15.0,-0.0,0.0,0.0,12665.0,0.0,0.567335,0.567335,54.641438,0.0,0.0,32.0,0.0,0.0,745.0,0.0,13816.0,76.73333,4.0
29.684368,0.572692,64256.0,0.0,27.938231,0.06079,0.0,0.0,0.0,0.0,0.0,189672.640625,16874.691406,0.0,64.0,0.0,1283.0,0.00098,1721542656.0,31872.0,0.06177,0.0,172797.953125,0.572692,0.572692,62.0,0.0,18.0,0.0,17.0,-0.0,0.0,0.0,13097.0,0.0,0.572692,0.572692,59.368736,0.0,0.0,35.0,0.0,0.0,727.611084,0.0,14380.0,75.470589,4.0
25.686897,0.661816,64256.0,0.0,24.175903,0.059463,0.0,0.0,0.0,0.0,0.0,168373.09375,14602.246094,0.0,64.0,0.0,1283.0,0.000487,1721542656.0,31872.0,0.05995,0.0,153770.84375,0.661816,0.661816,62.0,0.0,18.0,0.0,17.0,-0.0,0.0,0.0,13469.0,0.0,0.661816,0.661816,51.373795,0.0,0.0,35.0,0.0,0.0,748.277771,0.0,14752.0,75.470589,4.0
30.550375,0.556458,64256.0,0.0,28.753294,0.060998,0.0,0.0,0.0,0.0,0.0,205384.78125,17366.988281,0.0,64.0,0.0,1283.0,0.001009,1721542656.0,31872.0,0.062007,0.0,188017.78125,0.556458,0.556458,62.0,0.0,18.0,0.0,17.0,-0.0,0.0,0.0,13847.0,0.0,0.556458,0.556458,61.10075,0.0,0.0,35.0,0.0,0.0,769.277771,0.0,15130.0,75.470589,4.0
9.41146,1.912562,64256.0,0.0,8.8886,0.155423,0.0,0.0,0.0,0.0,0.0,61990.148438,5333.160645,0.0,64.0,0.0,1349.0,0.000587,1721542656.0,31872.0,0.15601,0.0,56656.988281,1.912562,1.912562,62.0,0.0,19.0,0.0,18.0,-0.0,0.0,0.0,14297.0,0.0,1.912562,1.912562,18.82292,0.0,0.0,37.0,0.0,0.0,752.473694,0.0,15646.0,74.944443,4.0
12.940358,1.390997,64256.0,0.0,10.783631,0.183173,0.0,0.0,0.0,0.0,0.0,86585.375,6562.199219,0.0,64.0,0.0,1217.0,0.000919,1721542656.0,31872.0,0.184092,0.0,80023.171875,1.390997,1.390997,62.0,0.0,19.0,0.0,16.0,-0.0,0.0,0.0,14687.0,0.0,1.390997,1.390997,24.442898,0.0,0.0,35.0,0.0,0.0,773.0,0.0,15904.0,76.0625,4.0
13.39194,1.344092,64256.0,0.0,11.15995,0.169256,0.0,0.0,0.0,0.0,0.0,91844.90625,6791.20166,0.0,64.0,0.0,1217.0,0.000994,1721542656.0,31872.0,0.17025,0.0,85053.703125,1.344092,1.344092,62.0,0.0,19.0,0.0,16.0,-0.0,0.0,0.0,15083.0,0.0,1.344092,1.344092,25.295887,0.0,0.0,35.0,0.0,0.0,793.842102,0.0,16300.0,76.0625,4.0
3.438434,4.944112,64256.0,0.0,3.033912,0.168759,0.0,3.0,0.0,0.0,8.108108,25423.375,1868.889771,1.0,64.0,0.0,1232.0,0.0,1721542656.0,31872.0,0.168759,0.0,23554.484375,4.944112,4.944112,62.0,0.0,18.0,0.0,16.0,-0.0,0.0,0.0,15413.0,0.0,4.944112,4.944112,6.674606,1.0,0.0,34.0,3.0,0.0,856.277771,0.0,16645.0,77.0,4.0
17.172689,0.058232,64256.0,0.0,34.345379,0.168759,0.0,0.0,0.0,1.0,0.0,28437.972656,18958.648438,0.0,64.0,0.0,207.0,0.0,1721542656.0,31872.0,0.168759,0.0,9479.324219,0.058232,0.058232,62.0,0.0,2.0,0.0,3.0,-0.0,1.0,0.0,138.0,0.0,0.058232,0.058232,68.690758,0.0,0.0,5.0,0.0,0.0,69.0,0.0,345.0,69.0,4.0
32.358437,0.587173,64256.0,0.0,25.546135,0.060147,0.0,0.0,0.0,0.0,0.0,222121.9375,15545.674805,0.0,64.0,0.0,1217.0,0.001153,1721542656.0,31872.0,0.0613,0.0,206576.265625,0.587173,0.587173,62.0,0.0,20.0,0.0,16.0,-0.0,0.0,0.0,15959.0,0.0,0.587173,0.587173,59.607647,0.0,0.0,36.0,0.0,0.0,797.950012,0.0,17176.0,76.0625,4.0
24.633673,0.771302,64256.0,0.0,22.040653,0.060477,0.0,0.0,0.0,0.0,0.0,174561.984375,13224.392578,0.0,64.0,0.0,1349.0,0.000503,1721542656.0,31872.0,0.06098,0.0,161337.578125,0.771302,0.771302,62.0,0.0,20.0,0.0,18.0,-0.0,0.0,0.0,16373.0,0.0,0.771302,0.771302,47.970833,0.0,0.0,38.0,0.0,0.0,818.650024,0.0,17722.0,74.944443,4.0
28.705589,0.661892,64256.0,0.0,25.683949,0.059514,0.0,0.0,0.0,0.0,0.0,208239.40625,15410.369141,0.0,64.0,0.0,1349.0,0.000529,1721542656.0,31872.0,0.060043,0.0,192829.046875,0.661892,0.661892,62.0,0.0,20.0,0.0,18.0,-0.0,0.0,0.0,16793.0,0.0,0.661892,0.661892,55.90036,0.0,0.0,38.0,0.0,0.0,839.650024,0.0,18142.0,74.944443,4.0
33.287258,0.570789,64256.0,0.0,26.279413,0.060402,0.0,0.0,0.0,0.0,0.0,245274.53125,15991.899414,0.0,64.0,0.0,1217.0,0.000462,1721542656.0,31872.0,0.060864,0.0,229282.625,0.570789,0.570789,62.0,0.0,20.0,0.0,16.0,-0.0,0.0,0.0,17219.0,0.0,0.570789,0.570789,61.318634,0.0,0.0,36.0,0.0,0.0,860.950012,0.0,18436.0,76.0625,4.0
35.880165,0.557411,64256.0,0.0,28.704134,0.048368,0.0,0.0,0.0,0.0,0.0,259514.0625,17337.296875,0.0,64.0,0.0,1283.0,0.013251,1721542656.0,31872.0,0.061619,0.0,242176.765625,0.557411,0.557411,62.0,0.0,21.0,0.0,17.0,-0.0,0.0,0.0,17717.0,0.0,0.557411,0.557411,66.378311,0.0,0.0,38.0,0.0,0.0,843.666687,0.0,19000.0,75.470589,4.0
35.934967,0.556561,64256.0,0.0,28.747972,0.060272,0.0,0.0,0.0,0.0,0.0,265904.375,17363.775391,0.0,64.0,0.0,1283.0,0.001015,1721542656.0,31872.0,0.061287,0.0,248540.59375,0.556561,0.556561,62.0,0.0,21.0,0.0,17.0,-0.0,0.0,0.0,18155.0,0.0,0.556561,0.556561,66.479683,0.0,0.0,38.0,0.0,0.0,864.523804,0.0,19438.0,75.470589,4.0
31.493843,0.666797,64256.0,0.0,23.99531,0.060812,0.0,0.0,0.0,0.0,0.0,228255.375,14493.166992,0.0,64.0,0.0,1283.0,0.000995,1721542656.0,31872.0,0.061807,0.0,213762.21875,0.666797,0.666797,62.0,0.0,22.0,0.0,17.0,-0.0,0.0,0.0,18665.0,0.0,0.666797,0.666797,56.988861,0.0,0.0,39.0,0.0,0.0,848.409119,0.0,19948.0,75.470589,4.0
32.925457,0.668176,64256.0,0.0,26.939011,0.059226,0.0,0.0,0.0,0.0,0.0,235734.296875,16055.650391,0.0,64.0,0.0,1415.0,0.001,1721542656.0,31872.0,0.060226,0.0,219678.65625,0.668176,0.668176,62.0,0.0,23.0,0.0,19.0,-0.0,0.0,0.0,19181.0,0.0,0.668176,0.668176,61.36108,0.0,0.0,42.0,0.0,0.0,833.956543,0.0,20596.0,74.473686,4.0
37.792892,0.55566,64256.0,0.0,28.794586,0.060273,0.0,0.0,0.0,0.0,0.0,286362.15625,17391.929688,0.0,64.0,0.0,1283.0,0.001013,1721542656.0,31872.0,0.061286,0.0,268970.21875,0.55566,0.55566,62.0,0.0,22.0,0.0,17.0,-0.0,0.0,0.0,19571.0,0.0,0.55566,0.55566,68.387138,0.0,0.0,39.0,0.0,0.0,889.590881,0.0,20854.0,75.470589,4.0
36.536098,0.574774,64256.0,0.0,31.316656,0.061629,0.0,0.0,0.0,0.0,0.0,284828.46875,18664.726562,0.0,64.0,0.0,1415.0,0.000985,1721542656.0,31872.0,0.062614,0.0,266163.71875,0.574774,0.574774,62.0,0.0,22.0,0.0,19.0,-0.0,0.0,0.0,20033.0,0.0,0.574774,0.574774,69.592567,0.0,0.0,41.0,0.0,0.0,910.590881,0.0,21448.0,74.473686,4.0
33.054325,0.665571,64256.0,0.0,25.541979,0.060458,0.0,0.0,0.0,0.0,0.0,251789.828125,15325.1875,0.0,64.0,0.0,1349.0,0.000987,1721542656.0,31872.0,0.061445,0.0,236464.640625,0.665571,0.665571,62.0,0.0,23.0,0.0,18.0,-0.0,0.0,0.0,20567.0,0.0,0.665571,0.665571,60.098774,0.0,0.0,41.0,0.0,0.0,894.217407,0.0,21916.0,74.944443,4.0
39.662868,0.554675,64256.0,0.0,30.648579,0.059993,0.0,0.0,0.0,0.0,0.0,308678.0625,18389.146484,0.0,64.0,0.0,1349.0,0.000997,1721542656.0,31872.0,0.06099,0.0,290288.90625,0.554675,0.554675,62.0,0.0,23.0,0.0,18.0,-0.0,0.0,0.0,21041.0,0.0,0.554675,0.554675,72.114304,0.0,0.0,41.0,0.0,0.0,914.826111,0.0,22390.0,74.944443,4.0
33.218178,0.662288,64256.0,0.0,25.668591,0.059862,0.0,0.0,0.0,0.0,0.0,264066.375,15401.154297,0.0,64.0,0.0,1349.0,0.000992,1721542656.0,31872.0,0.060854,0.0,248665.234375,0.662288,0.662288,62.0,0.0,23.0,0.0,18.0,-0.0,0.0,0.0,21521.0,0.0,0.662288,0.662288,60.396683,0.0,0.0,41.0,0.0,0.0,935.695679,0.0,22870.0,74.944443,4.0
40.098328,0.57359,64256.0,0.0,29.637896,0.061656,0.0,0.0,0.0,0.0,0.0,312822.75,17782.738281,0.0,64.0,0.0,1349.0,0.000494,1721542656.0,31872.0,0.06215,0.0,295040.03125,0.57359,0.57359,62.0,0.0,24.0,0.0,18.0,-0.0,0.0,0.0,22073.0,0.0,0.57359,0.57359,71.47963,0.0,0.0,42.0,0.0,0.0,919.708313,0.0,23422.0,74.944443,4.0
34.60421,0.664659,64256.0,0.0,28.586086,0.06076,0.0,0.0,0.0,0.0,0.0,277218.84375,16935.0,0.0,64.0,0.0,1481.0,0.000991,1721542656.0,31872.0,0.061751,0.0,260283.828125,0.664659,0.664659,62.0,0.0,24.0,0.0,20.0,-0.0,0.0,0.0,22565.0,0.0,0.664659,0.664659,64.694824,0.0,0.0,44.0,0.0,0.0,940.208313,0.0,24046.0,74.050003,4.0
30.288944,0.759353,64256.0,0.0,25.021301,0.05991,0.0,0.0,0.0,0.0,0.0,247684.546875,14823.145508,0.0,64.0,0.0,1481.0,0.001003,1721542656.0,31872.0,0.060913,0.0,232861.40625,0.759353,0.759353,62.0,0.0,24.0,0.0,20.0,-0.0,0.0,0.0,23063.0,0.0,0.759353,0.759353,56.627155,0.0,0.0,44.0,0.0,0.0,960.958313,0.0,24544.0,74.050003,4.0
42.323116,0.567066,64256.0,0.0,31.742336,0.058822,0.0,0.0,0.0,0.0,0.0,338994.0625,18918.431641,0.0,64.0,0.0,1415.0,0.000503,1721542656.0,31872.0,0.059325,0.0,320075.625,0.567066,0.567066,62.0,0.0,25.0,0.0,19.0,-0.0,0.0,0.0,23633.0,0.0,0.567066,0.567066,75.828911,0.0,0.0,44.0,0.0,0.0,945.320007,0.0,25048.0,74.473686,4.0
15.665694,1.53201,64256.0,0.0,11.74927,0.170042,0.0,0.0,0.0,0.0,0.0,128035.71875,7002.56543,0.0,64.0,0.0,1415.0,0.000999,1721542656.0,31872.0,0.171041,0.0,121033.15625,1.53201,1.53201,62.0,0.0,25.0,0.0,19.0,-0.0,0.0,0.0,24143.0,0.0,1.53201,1.53201,28.067703,0.0,0.0,44.0,0.0,0.0,965.719971,0.0,25558.0,74.473686,4.0
16.702499,1.496782,64256.0,0.0,12.0258,0.168355,0.0,0.0,0.0,0.0,0.0,134240.0,7167.376465,0.0,64.0,0.0,1415.0,0.000516,1721542656.0,31872.0,0.168871,0.0,127072.617188,1.496782,1.496782,62.0,0.0,26.0,0.0,19.0,-0.0,0.0,0.0,24725.0,0.0,1.496782,1.496782,29.396399,0.0,0.0,45.0,0.0,0.0,950.961548,0.0,26140.0,74.473686,4.0
7.961264,3.265813,64256.0,4.0,7.961264,0.049943,1.0,6.0,0.0,0.0,10.0,64608.71875,4877.192871,0.0,64.0,0.0,2067.0,0.002972,1721542656.0,31872.0,0.052915,0.0,59731.527344,3.265813,3.265813,62.0,0.0,27.0,0.0,27.0,-0.0,0.0,0.0,25321.0,1.0,3.265813,3.265813,16.228731,0.0,0.0,54.0,2.0,0.0,937.814819,0.0,27388.0,76.555557,4.0
12.96839,2.004875,64256.0,0.0,11.970821,0.121399,0.0,1.0,0.0,0.0,1.886792,106448.53125,7106.677734,0.0,64.0,0.0,1855.0,0.001007,1721542656.0,31872.0,0.122406,0.0,99341.859375,2.004875,2.004875,62.0,0.0,27.0,0.0,25.0,-0.0,0.0,0.0,25853.0,1.0,2.004875,2.004875,25.437996,1.0,0.0,52.0,1.0,0.0,957.518494,0.0,27708.0,74.199997,4.0
7.118498,3.792935,64256.0,0.0,6.327554,0.168026,0.0,3.0,0.0,0.0,5.357143,57519.574219,3716.383301,0.0,64.0,0.0,1835.0,0.000665,1721542656.0,31872.0,0.168691,0.0,53803.191406,3.792935,3.792935,62.0,0.0,28.0,0.0,25.0,-0.0,0.0,0.0,26453.0,1.0,3.792935,3.792935,13.709701,1.0,0.0,53.0,3.0,0.0,944.75,0.0,28288.0,73.400002,4.0
4.828485,1.44973,64256.0,0.0,4.828485,0.165904,0.0,1.0,0.0,0.0,5.882353,6517.075195,3426.844971,1.0,64.0,0.0,709.0,0.000994,1721542656.0,31872.0,0.166898,0.0,3090.230469,1.44973,1.44973,62.0,0.0,8.0,0.0,8.0,-0.0,0.0,0.0,639.0,1.0,1.44973,1.44973,10.346754,1.0,0.0,16.0,1.0,0.0,79.875,0.0,1348.0,88.625,4.0
15.202317,1.315589,64256.0,3.0,13.682085,0.165904,0.0,3.0,0.0,1.0,6.976744,160609.4375,7601.158203,0.0,64.0,0.0,1319.0,0.000994,1721542656.0,31872.0,0.166898,0.0,153008.28125,1.315589,1.315589,62.0,0.0,21.0,0.0,19.0,-0.0,1.0,0.0,26420.0,1.0,1.315589,1.315589,29.644518,0.0,0.0,40.0,0.0,0.0,1258.095215,0.0,27739.0,69.421051,4.0
5.451454,4.76937,64256.0,0.0,4.403097,0.166375,0.0,2.0,0.0,0.0,3.921569,46964.691406,2608.310791,0.0,64.0,0.0,1629.0,0.000496,1721542656.0,31872.0,0.166871,0.0,44356.382812,4.76937,4.76937,62.0,0.0,27.0,0.0,22.0,-0.0,0.0,0.0,27461.0,0.0,4.76937,4.76937,10.064222,1.0,0.0,49.0,2.0,0.0,1017.074097,0.0,29090.0,74.045456,4.0
13.638416,1.979702,64256.0,1.0,12.628163,0.199279,0.0,1.0,0.0,0.0,1.818182,117132.78125,7714.29248,0.0,64.0,0.0,1985.0,0.000495,1721542656.0,31872.0,0.199774,0.0,109418.492188,1.979702,1.979702,62.0,0.0,28.0,0.0,26.0,-0.0,0.0,0.0,28079.0,1.0,1.979702,1.979702,26.771706,0.0,0.0,54.0,0.0,0.0,1002.821411,0.0,30064.0,76.346153,4.0
40.617996,0.66473,64256.0,0.0,28.583033,0.060896,0.0,0.0,0.0,0.0,0.0,349278.65625,16933.191406,0.0,64.0,0.0,1481.0,0.001005,1721542656.0,31872.0,0.061901,0.0,332345.46875,0.66473,0.66473,62.0,0.0,28.0,0.0,20.0,-0.0,0.0,0.0,28637.0,0.0,0.66473,0.66473,70.705399,0.0,0.0,48.0,0.0,0.0,1022.75,0.0,30118.0,74.050003,4.0
52.585083,0.47542,64256.0,0.0,33.654453,0.062542,0.0,0.0,0.0,0.0,0.0,490311.71875,20058.054688,1.0,64.0,0.0,1266.0,0.0,1721542656.0,31872.0,0.062542,0.0,470253.6875,0.47542,0.47542,62.0,0.0,26.0,0.0,17.0,-0.0,0.0,0.0,29063.0,0.0,0.47542,0.47542,88.342941,0.0,0.0,43.0,0.0,0.0,1117.807739,0.0,30329.0,74.470589,4.0
12.848022,0.077833,64256.0,0.0,51.392086,0.062542,0.0,0.0,0.0,1.0,0.0,35666.105469,28574.0,0.0,64.0,0.0,347.0,0.0,1721542656.0,31872.0,0.062542,0.0,7092.10791,0.077833,0.077833,61.0,0.0,2.0,0.0,5.0,-0.0,1.0,0.0,138.0,0.0,0.077833,0.077833,77.088127,0.0,0.0,7.0,0.0,0.0,69.0,0.0,485.0,69.400002,4.0
41.171021,0.68009,64256.0,0.0,29.407871,0.074914,0.0,0.0,0.0,0.0,0.0,356223.4375,17338.880859,0.0,64.0,0.0,1547.0,0.001532,1721542656.0,31872.0,0.076446,0.0,338884.5625,0.68009,0.68009,61.0,0.0,29.0,0.0,21.0,-0.0,0.0,0.0,29837.0,0.0,0.68009,0.68009,72.049286,0.0,0.0,50.0,0.0,0.0,1028.862061,0.0,31384.0,73.666664,4.0
37.001652,0.756723,64256.0,0.0,26.42975,0.074191,0.0,0.0,0.0,0.0,0.0,326026.84375,15582.981445,0.0,64.0,0.0,1547.0,0.000994,1721542656.0,31872.0,0.075185,0.0,310443.84375,0.756723,0.756723,61.0,0.0,29.0,0.0,21.0,-0.0,0.0,0.0,30413.0,0.0,0.756723,0.756723,64.752892,0.0,0.0,50.0,0.0,0.0,1048.724121,0.0,31960.0,73.666664,4.0
46.728294,0.620609,64256.0,0.0,35.449051,0.074937,0.0,0.0,0.0,0.0,0.0,407754.34375,20702.246094,0.0,64.0,0.0,1679.0,0.001016,1721542656.0,31872.0,0.075953,0.0,387052.09375,0.620609,0.620609,62.0,0.0,30.0,0.0,23.0,-0.0,0.0,0.0,31061.0,0.0,0.620609,0.620609,83.788666,0.0,0.0,53.0,0.0,0.0,1035.366699,0.0,32740.0,73.0,4.0
50.697704,0.572018,64256.0,0.0,38.460327,0.047083,0.0,0.0,0.0,0.0,0.0,450349.4375,22460.830078,0.0,64.0,0.0,1679.0,0.000499,1721542656.0,31872.0,0.047582,0.0,427888.625,0.572018,0.572018,62.0,0.0,30.0,0.0,23.0,-0.0,0.0,0.0,31649.0,0.0,0.572018,0.572018,90.906227,0.0,0.0,53.0,0.0,0.0,1054.966675,0.0,33328.0,73.0,4.0
42.243702,0.710165,64256.0,0.0,30.978716,0.096775,0.0,0.0,0.0,0.0,0.0,370313.9375,18091.570312,0.0,64.0,0.0,1679.0,0.025293,1721542656.0,31872.0,0.122068,0.0,352222.34375,0.710165,0.710165,62.0,0.0,31.0,0.0,23.0,-0.0,0.0,0.0,32309.0,0.0,0.710165,0.710165,74.630539,0.0,0.0,54.0,0.0,0.0,1042.22583,0.0,33988.0,73.0,4.0
53.992283,0.555635,64256.0,0.0,37.794598,0.060665,0.0,0.0,0.0,0.0,0.0,480718.46875,22172.830078,0.0,64.0,0.0,1613.0,0.000496,1721542656.0,52096.0,0.061161,0.0,458545.65625,0.555635,0.555635,62.0,0.0,31.0,0.0,22.0,-0.0,0.0,0.0,32909.0,0.0,0.555635,0.555635,93.586624,0.0,0.0,53.0,0.0,0.0,1061.580688,0.0,34522.0,73.318184,4.0
6.873345,1.309406,64256.0,0.0,7.637051,0.152448,0.0,0.0,0.0,0.0,0.0,11693.851562,4930.47998,0.0,64.0,0.0,887.0,0.000447,1721542656.0,31872.0,0.152895,0.0,6763.37207,1.309406,1.309406,62.0,0.0,10.0,0.0,11.0,-0.0,0.0,0.0,1229.0,0.0,1.309406,1.309406,15.274101,0.0,0.0,21.0,0.0,0.0,122.900002,0.0,2116.0,80.63636,5.0
6.623569,1.358784,64256.0,0.0,7.359522,0.155336,0.0,0.0,0.0,0.0,0.0,11327.775391,4751.307129,0.0,64.0,0.0,887.0,0.0,1721542656.0,31872.0,0.155336,0.0,6576.46875,1.358784,1.358784,62.0,0.0,10.0,0.0,11.0,-0.0,0.0,0.0,1241.0,0.0,1.358784,1.358784,14.719044,0.0,0.0,21.0,0.0,0.0,124.099998,0.0,2128.0,80.63636,5.0
0.0,3.102542,8222720.0,0.0,0.644633,0.0,0.0,2.0,0.0,0.0,33.333333,381.622559,381.622559,0.0,64.0,0.0,222.0,0.002023,1721542656.0,4077568.0,0.002023,0.0,0.0,3.102542,3.102542,62.0,0.0,1.0,0.0,3.0,-0.0,0.0,0.0,74.0,0.0,3.102542,3.102542,0.966949,1.0,0.0,4.0,2.0,0.0,74.0,0.0,296.0,74.0,5.0
5.625816,1.422016,64256.0,0.0,8.438724,0.156563,0.0,1.0,0.0,0.0,4.347826,11223.501953,5293.892578,0.0,64.0,0.0,1019.0,0.002023,1721542656.0,31872.0,0.158586,0.0,5929.609863,1.422016,1.422016,62.0,0.0,9.0,0.0,13.0,-0.0,1.0,0.0,1185.0,0.0,1.422016,1.422016,14.767766,1.0,0.0,22.0,1.0,0.0,131.666672,0.0,2204.0,78.384613,5.0
3.331053,2.701848,64256.0,0.0,4.811522,0.142742,0.0,1.0,0.0,0.0,4.0,6425.231934,3005.350342,0.0,64.0,0.0,1093.0,0.000494,1721542656.0,31872.0,0.143236,0.0,3419.881348,2.701848,2.701848,62.0,0.0,10.0,0.0,14.0,-0.0,0.0,0.0,1283.0,0.0,2.701848,2.701848,8.512691,1.0,0.0,24.0,1.0,0.0,128.300003,0.0,2376.0,78.071426,5.0
3.154371,2.853184,64256.0,0.0,3.855342,0.160301,0.0,1.0,0.0,0.0,4.347826,5784.415039,2470.222656,0.0,64.0,0.0,961.0,0.000489,1721542656.0,31872.0,0.16079,0.0,3314.192139,2.853184,2.853184,62.0,0.0,10.0,0.0,12.0,-0.0,0.0,0.0,1313.0,0.0,2.853184,2.853184,7.360198,1.0,0.0,22.0,1.0,0.0,131.300003,0.0,2274.0,80.083336,5.0
13.861038,0.649302,64256.0,0.0,18.481384,0.06086,0.0,0.0,0.0,0.0,0.0,26563.910156,11593.988281,0.0,64.0,0.0,1019.0,0.000503,1721542656.0,31872.0,0.061363,0.0,14969.921875,0.649302,0.649302,62.0,0.0,10.0,0.0,13.0,-0.0,0.0,0.0,1349.0,0.0,0.649302,0.649302,33.882538,0.0,0.0,23.0,0.0,0.0,134.899994,0.0,2368.0,78.384613,5.0
8.342286,1.078841,64256.0,0.0,9.269207,0.062213,0.0,0.0,0.0,0.0,0.0,15268.237305,5984.199707,0.0,64.0,0.0,887.0,0.000487,1721542656.0,31872.0,0.0627,0.0,9284.037109,1.078841,1.078841,62.0,0.0,10.0,0.0,11.0,-0.0,0.0,0.0,1391.0,0.0,1.078841,1.078841,18.538414,0.0,0.0,21.0,0.0,0.0,139.100006,0.0,2278.0,80.63636,5.0
3.615543,3.04242,64256.0,0.0,4.272914,0.157177,0.0,3.0,0.0,0.0,10.344828,6739.37207,2921.358643,0.0,64.0,0.0,1196.0,0.00049,1721542656.0,31872.0,0.157667,0.0,3818.013428,3.04242,3.04242,62.0,0.0,12.0,0.0,14.0,-0.0,0.0,0.0,1583.0,1.0,3.04242,3.04242,8.217143,1.0,0.0,26.0,3.0,0.0,131.916672,0.0,2779.0,85.428574,5.0
6.549694,1.37411,64256.0,0.0,7.277438,0.169407,0.0,0.0,0.0,0.0,0.0,12523.014648,4698.313965,0.0,64.0,0.0,887.0,0.0,1721542656.0,31872.0,0.169407,0.0,7824.701172,1.37411,1.37411,62.0,0.0,10.0,0.0,11.0,-0.0,0.0,0.0,1493.0,0.0,1.37411,1.37411,14.554875,0.0,0.0,21.0,0.0,0.0,149.300003,0.0,2380.0,80.63636,5.0
6.475892,1.38977,64256.0,0.0,7.195435,0.16948,0.0,0.0,0.0,0.0,0.0,12692.74707,4645.373047,0.0,64.0,0.0,887.0,0.0,1721542656.0,31872.0,0.16948,0.0,8047.374512,1.38977,1.38977,62.0,0.0,10.0,0.0,11.0,-0.0,0.0,0.0,1553.0,0.0,1.38977,1.38977,14.39087,0.0,0.0,21.0,0.0,0.0,155.300003,0.0,2440.0,80.63636,5.0
6.33519,1.420636,64256.0,0.0,8.44692,0.169601,0.0,0.0,0.0,0.0,0.0,13509.441406,5299.034668,0.0,64.0,0.0,1019.0,0.000496,1721542656.0,31872.0,0.170097,0.0,8210.407227,1.420636,1.420636,62.0,0.0,10.0,0.0,13.0,-0.0,0.0,0.0,1619.0,0.0,1.420636,1.420636,15.486021,0.0,0.0,23.0,0.0,0.0,161.899994,0.0,2638.0,78.384613,5.0
2.430825,3.702446,64256.0,0.0,2.971009,0.167949,0.0,1.0,0.0,0.0,4.347826,5263.547363,1974.910645,0.0,64.0,0.0,997.0,0.000494,1721542656.0,31872.0,0.168443,0.0,3288.636719,3.702446,3.702446,62.0,0.0,10.0,0.0,12.0,-0.0,0.0,0.0,1691.0,0.0,3.702446,3.702446,5.671926,1.0,0.0,22.0,1.0,0.0,169.100006,0.0,2688.0,83.083336,5.0
15.302011,0.588158,64256.0,0.0,20.402681,0.04641,0.0,0.0,0.0,0.0,0.0,34466.929688,12799.28125,0.0,64.0,0.0,1019.0,0.000509,1721542656.0,31872.0,0.046919,0.0,21667.646484,0.588158,0.588158,62.0,0.0,10.0,0.0,13.0,-0.0,0.0,0.0,1769.0,0.0,0.588158,0.588158,37.404915,0.0,0.0,23.0,0.0,0.0,176.899994,0.0,2788.0,78.384613,5.0
13.549911,0.664211,64256.0,0.0,18.066549,0.060505,0.0,0.0,0.0,0.0,0.0,31423.75,11333.748047,0.0,64.0,0.0,1019.0,0.000577,1721542656.0,31872.0,0.061082,0.0,20090.001953,0.664211,0.664211,62.0,0.0,10.0,0.0,13.0,-0.0,0.0,0.0,1853.0,0.0,0.664211,0.664211,33.122005,0.0,0.0,23.0,0.0,0.0,185.300003,0.0,2872.0,78.384613,5.0
13.539148,0.664739,64256.0,0.0,18.052198,0.060397,0.0,0.0,0.0,0.0,0.0,32373.607422,11324.745117,0.0,64.0,0.0,1019.0,0.000498,1721542656.0,31872.0,0.060895,0.0,21048.863281,0.664739,0.664739,62.0,0.0,10.0,0.0,13.0,-0.0,0.0,0.0,1943.0,0.0,0.664739,0.664739,33.095695,0.0,0.0,23.0,0.0,0.0,194.300003,0.0,2962.0,78.384613,5.0
15.725028,0.572336,64256.0,0.0,20.966703,0.061366,0.0,0.0,0.0,0.0,0.0,38816.359375,13153.112305,0.0,64.0,0.0,1019.0,0.000504,1721542656.0,31872.0,0.06187,0.0,25663.246094,0.572336,0.572336,62.0,0.0,10.0,0.0,13.0,-0.0,0.0,0.0,2039.0,0.0,0.572336,0.572336,38.438957,0.0,0.0,23.0,0.0,0.0,203.899994,0.0,3058.0,78.384613,5.0
16.578768,0.542863,64256.0,0.0,22.105024,0.062125,0.0,0.0,0.0,0.0,0.0,42264.804688,13867.21875,0.0,64.0,0.0,1019.0,0.000478,1721542656.0,31872.0,0.062603,0.0,28397.587891,0.542863,0.542863,62.0,0.0,10.0,0.0,13.0,-0.0,0.0,0.0,2141.0,0.0,0.542863,0.542863,40.525879,0.0,0.0,23.0,0.0,0.0,214.100006,0.0,3160.0,78.384613,5.0
15.116289,0.661538,64256.0,0.0,16.627918,0.052951,0.0,0.0,0.0,0.0,0.0,36025.140625,10569.30957,0.0,64.0,0.0,953.0,0.100801,1721542656.0,31872.0,0.153752,0.0,25455.832031,0.661538,0.661538,62.0,0.0,11.0,0.0,12.0,-0.0,0.0,0.0,2315.0,0.0,0.661538,0.661538,33.255836,0.0,0.0,23.0,0.0,0.0,210.454544,0.0,3268.0,79.416664,5.0
17.461697,0.572682,64256.0,0.0,19.207867,0.060702,0.0,0.0,0.0,0.0,0.0,43067.53125,12209.21875,0.0,64.0,0.0,953.0,0.00169,1721542656.0,31872.0,0.062392,0.0,30858.310547,0.572682,0.572682,62.0,0.0,11.0,0.0,12.0,-0.0,0.0,0.0,2429.0,0.0,0.572682,0.572682,38.415733,0.0,0.0,23.0,0.0,0.0,220.818176,0.0,3382.0,79.416664,5.0
15.080228,0.66312,64256.0,0.0,16.588251,0.060126,0.0,0.0,0.0,0.0,0.0,38508.867188,10544.094727,0.0,64.0,0.0,953.0,0.000499,1721542656.0,31872.0,0.060625,0.0,27964.773438,0.66312,0.66312,62.0,0.0,11.0,0.0,12.0,-0.0,0.0,0.0,2549.0,0.0,0.66312,0.66312,33.176502,0.0,0.0,23.0,0.0,0.0,231.72728,0.0,3502.0,79.416664,5.0
18.242249,0.548178,64256.0,0.0,20.066475,0.06106,0.0,0.0,0.0,0.0,0.0,48247.101562,12754.980469,0.0,64.0,0.0,953.0,0.000494,1721542656.0,31872.0,0.061554,0.0,35492.121094,0.548178,0.548178,62.0,0.0,11.0,0.0,12.0,-0.0,0.0,0.0,2675.0,0.0,0.548178,0.548178,40.13295,0.0,0.0,23.0,0.0,0.0,243.181824,0.0,3628.0,79.416664,5.0
17.753319,0.563275,64256.0,0.0,19.52865,0.061066,0.0,0.0,0.0,0.0,0.0,48658.292969,12413.120117,0.0,64.0,0.0,953.0,0.000495,1721542656.0,31872.0,0.061561,0.0,36245.175781,0.563275,0.563275,62.0,0.0,11.0,0.0,12.0,-0.0,0.0,0.0,2807.0,0.0,0.563275,0.563275,39.057301,0.0,0.0,23.0,0.0,0.0,255.181824,0.0,3760.0,79.416664,5.0
17.011114,0.587851,64256.0,0.0,18.712225,0.060729,0.0,0.0,0.0,0.0,0.0,48338.78125,11894.170898,0.0,64.0,0.0,953.0,0.000505,1721542656.0,31872.0,0.061234,0.0,36444.609375,0.587851,0.587851,62.0,0.0,11.0,0.0,12.0,-0.0,0.0,0.0,2945.0,0.0,0.587851,0.587851,37.42445,0.0,0.0,23.0,0.0,0.0,267.727264,0.0,3898.0,79.416664,5.0
15.472883,0.646292,64256.0,0.0,17.020172,0.06056,0.0,0.0,0.0,0.0,0.0,45589.304688,10818.639648,0.0,64.0,0.0,953.0,0.0005,1721542656.0,31872.0,0.06106,0.0,34770.664062,0.646292,0.646292,62.0,0.0,11.0,0.0,12.0,-0.0,0.0,0.0,3089.0,0.0,0.646292,0.646292,34.040344,0.0,0.0,23.0,0.0,0.0,280.818176,0.0,4042.0,79.416664,5.0
17.544075,0.569993,64256.0,0.0,19.298483,0.060593,0.0,0.0,0.0,0.0,0.0,53600.65625,12266.817383,0.0,64.0,0.0,953.0,0.000494,1721542656.0,31872.0,0.061087,0.0,41333.839844,0.569993,0.569993,62.0,0.0,11.0,0.0,12.0,-0.0,0.0,0.0,3239.0,0.0,0.569993,0.569993,38.596966,0.0,0.0,23.0,0.0,0.0,294.454559,0.0,4192.0,79.416664,5.0
17.983606,0.556062,64256.0,0.0,19.781967,0.060609,0.0,0.0,0.0,0.0,0.0,56986.453125,12574.137695,0.0,64.0,0.0,953.0,0.001076,1721542656.0,31872.0,0.061685,0.0,44412.316406,0.556062,0.556062,62.0,0.0,11.0,0.0,12.0,-0.0,0.0,0.0,3395.0,0.0,0.556062,0.556062,39.563934,0.0,0.0,23.0,0.0,0.0,308.636353,0.0,4348.0,79.416664,5.0
17.537582,0.570204,64256.0,0.0,19.29134,0.060433,0.0,0.0,0.0,0.0,0.0,57635.511719,12262.277344,0.0,64.0,0.0,953.0,0.000484,1721542656.0,31872.0,0.060917,0.0,45373.234375,0.570204,0.570204,62.0,0.0,11.0,0.0,12.0,-0.0,0.0,0.0,3557.0,0.0,0.570204,0.570204,38.58268,0.0,0.0,23.0,0.0,0.0,323.363647,0.0,4510.0,79.416664,5.0
17.923685,0.557921,64256.0,0.0,19.716053,0.060684,0.0,0.0,0.0,0.0,0.0,61098.257812,12532.240234,0.0,64.0,0.0,953.0,0.00107,1721542656.0,31872.0,0.061754,0.0,48566.015625,0.557921,0.557921,62.0,0.0,11.0,0.0,12.0,-0.0,0.0,0.0,3725.0,0.0,0.557921,0.557921,39.432106,0.0,0.0,23.0,0.0,0.0,338.636353,0.0,4678.0,79.416664,5.0
16.538593,0.665111,64256.0,0.0,19.54561,0.060796,0.0,0.0,0.0,0.0,0.0,55846.316406,12124.291992,0.0,64.0,0.0,1085.0,0.000996,1721542656.0,31872.0,0.061792,0.0,43722.023438,0.665111,0.665111,62.0,0.0,12.0,0.0,14.0,-0.0,0.0,0.0,3965.0,0.0,0.665111,0.665111,37.587711,0.0,0.0,26.0,0.0,0.0,330.416656,0.0,5050.0,77.5,5.0
18.045492,0.664986,64256.0,0.0,19.549284,0.061373,0.0,0.0,0.0,0.0,0.0,58900.492188,12126.571289,0.0,64.0,0.0,1085.0,0.000975,1721542656.0,31872.0,0.062348,0.0,46773.917969,0.664986,0.664986,62.0,0.0,13.0,0.0,14.0,-0.0,0.0,0.0,4211.0,0.0,0.664986,0.664986,39.098568,0.0,0.0,27.0,0.0,0.0,323.923065,0.0,5296.0,77.5,5.0
16.57188,0.663775,64256.0,0.0,19.584949,0.059662,0.0,0.0,0.0,0.0,0.0,60008.285156,12148.694336,0.0,64.0,0.0,1085.0,0.001483,1721542656.0,31872.0,0.061145,0.0,47859.589844,0.663775,0.663775,62.0,0.0,12.0,0.0,14.0,-0.0,0.0,0.0,4331.0,0.0,0.663775,0.663775,37.663364,0.0,0.0,26.0,0.0,0.0,360.916656,0.0,5416.0,77.5,5.0
16.936573,0.649482,64256.0,0.0,20.015951,0.04746,0.0,0.0,0.0,0.0,0.0,63496.753906,12416.047852,0.0,64.0,0.0,1085.0,0.0,1721542656.0,31872.0,0.04746,0.0,51080.707031,0.649482,0.649482,62.0,0.0,12.0,0.0,14.0,-0.0,0.0,0.0,4523.0,0.0,0.649482,0.649482,38.492214,0.0,0.0,26.0,0.0,0.0,376.916656,0.0,5608.0,77.5,5.0
19.283056,0.570449,64256.0,0.0,22.789066,0.061035,0.0,0.0,0.0,0.0,0.0,74832.28125,14136.233398,0.0,64.0,0.0,1085.0,0.000587,1721542656.0,31872.0,0.061622,0.0,60696.046875,0.570449,0.570449,62.0,0.0,12.0,0.0,14.0,-0.0,0.0,0.0,4721.0,0.0,0.570449,0.570449,43.825127,0.0,0.0,26.0,0.0,0.0,393.416656,0.0,5806.0,77.5,5.0
19.246281,0.571539,64256.0,0.0,22.745605,0.060762,0.0,0.0,0.0,0.0,0.0,77307.0625,14109.273438,0.0,64.0,0.0,1085.0,0.000501,1721542656.0,31872.0,0.061263,0.0,63197.789062,0.571539,0.571539,62.0,0.0,12.0,0.0,14.0,-0.0,0.0,0.0,4925.0,0.0,0.571539,0.571539,43.741547,0.0,0.0,26.0,0.0,0.0,410.416656,0.0,6010.0,77.5,5.0
19.247459,0.571504,64256.0,0.0,22.746998,0.06222,0.0,0.0,0.0,0.0,0.0,80013.445312,14110.137695,0.0,64.0,0.0,1085.0,0.0005,1721542656.0,31872.0,0.06272,0.0,65903.304688,0.571504,0.571504,62.0,0.0,12.0,0.0,14.0,-0.0,0.0,0.0,5135.0,0.0,0.571504,0.571504,43.744225,0.0,0.0,26.0,0.0,0.0,427.916656,0.0,6220.0,77.5,5.0
18.951628,0.633191,64256.0,0.0,18.951628,0.060588,0.0,0.0,0.0,0.0,0.0,75073.71875,11888.988281,0.0,64.0,0.0,1019.0,0.000498,1721542656.0,31872.0,0.061086,0.0,63184.726562,0.633191,0.633191,62.0,0.0,13.0,0.0,13.0,-0.0,0.0,0.0,5417.0,0.0,0.633191,0.633191,39.482559,0.0,0.0,26.0,0.0,0.0,416.692322,0.0,6436.0,78.384613,5.0
2.777282,4.680835,64256.0,0.0,2.777282,0.168393,0.0,1.0,0.0,0.0,3.448276,10808.329102,1734.733276,0.0,64.0,0.0,1093.0,0.00084,1721542656.0,31872.0,0.169233,0.0,9073.595703,4.680835,4.680835,62.0,0.0,14.0,0.0,14.0,-0.0,0.0,0.0,5717.0,1.0,4.680835,4.680835,5.768202,1.0,0.0,28.0,1.0,0.0,408.357147,0.0,6810.0,78.071426,5.0
26.831591,0.447234,64256.0,0.0,26.831591,0.044316,0.0,0.0,0.0,0.0,0.0,113712.28125,16832.351562,0.0,64.0,0.0,1019.0,0.000496,1721542656.0,31872.0,0.044812,0.0,96879.929688,0.447234,0.447234,62.0,0.0,13.0,0.0,13.0,-0.0,0.0,0.0,5867.0,0.0,0.447234,0.447234,55.899147,0.0,0.0,26.0,0.0,0.0,451.307678,0.0,6886.0,78.384613,5.0
14.669532,0.818022,64256.0,0.0,14.669532,0.090758,0.0,0.0,0.0,0.0,0.0,64281.890625,9202.686523,0.0,64.0,0.0,1019.0,0.000503,1721542656.0,31872.0,0.091261,0.0,55079.203125,0.818022,0.818022,62.0,0.0,13.0,0.0,13.0,-0.0,0.0,0.0,6101.0,0.0,0.818022,0.818022,30.561525,0.0,0.0,26.0,0.0,0.0,469.307678,0.0,7120.0,78.384613,5.0
18.919775,0.634257,64256.0,0.0,18.919775,0.06132,0.0,0.0,0.0,0.0,0.0,85706.585938,11869.005859,0.0,64.0,0.0,1019.0,0.000499,1721542656.0,31872.0,0.061819,0.0,73837.578125,0.634257,0.634257,62.0,0.0,13.0,0.0,13.0,-0.0,0.0,0.0,6341.0,0.0,0.634257,0.634257,39.416199,0.0,0.0,26.0,0.0,0.0,487.769226,0.0,7360.0,78.384613,5.0
18.090816,0.66332,64256.0,0.0,18.090816,0.047625,0.0,0.0,0.0,0.0,0.0,84689.132812,11348.97168,0.0,64.0,0.0,1019.0,0.0,1721542656.0,31872.0,0.047625,0.0,73340.164062,0.66332,0.66332,62.0,0.0,13.0,0.0,13.0,-0.0,0.0,0.0,6587.0,0.0,0.66332,0.66332,37.689201,0.0,0.0,26.0,0.0,0.0,506.692322,0.0,7606.0,78.384613,5.0
23.379696,0.556038,64256.0,0.0,25.178135,0.061211,0.0,0.0,0.0,0.0,0.0,107719.25,15466.568359,0.0,64.0,0.0,1151.0,0.00089,1721542656.0,31872.0,0.062101,0.0,92252.6875,0.556038,0.556038,62.0,0.0,14.0,0.0,15.0,-0.0,0.0,0.0,6905.0,0.0,0.556038,0.556038,50.35627,0.0,0.0,29.0,0.0,0.0,493.214294,0.0,8056.0,76.73333,5.0
19.601576,0.663212,64256.0,0.0,21.109388,0.060349,0.0,0.0,0.0,0.0,0.0,93207.0,12967.196289,0.0,64.0,0.0,1151.0,0.001144,1721542656.0,31872.0,0.061493,0.0,80239.804688,0.663212,0.663212,62.0,0.0,14.0,0.0,15.0,-0.0,0.0,0.0,7163.0,0.0,0.663212,0.663212,42.218777,0.0,0.0,29.0,0.0,0.0,511.642853,0.0,8314.0,76.73333,5.0
19.149752,0.67886,64256.0,0.0,20.622808,0.060517,0.0,0.0,0.0,0.0,0.0,93945.734375,12668.296875,0.0,64.0,0.0,1151.0,0.0,1721542656.0,31872.0,0.060517,0.0,81277.4375,0.67886,0.67886,62.0,0.0,14.0,0.0,15.0,-0.0,0.0,0.0,7427.0,0.0,0.67886,0.67886,41.245617,0.0,0.0,29.0,0.0,0.0,530.5,0.0,8578.0,76.73333,5.0
25.761908,0.543438,64256.0,0.0,25.761908,0.061399,0.0,0.0,0.0,0.0,0.0,122494.1875,15825.171875,0.0,64.0,0.0,1151.0,0.000453,1721542656.0,31872.0,0.061852,0.0,106669.015625,0.543438,0.543438,62.0,0.0,15.0,0.0,15.0,-0.0,0.0,0.0,7763.0,0.0,0.543438,0.543438,53.363953,0.0,0.0,30.0,0.0,0.0,517.533325,0.0,8914.0,76.73333,5.0
22.811779,0.569881,64256.0,0.0,24.566532,0.059874,0.0,0.0,0.0,0.0,0.0,119028.351562,15090.869141,0.0,64.0,0.0,1151.0,0.0005,1721542656.0,31872.0,0.060374,0.0,103937.484375,0.569881,0.569881,62.0,0.0,14.0,0.0,15.0,-0.0,0.0,0.0,7973.0,0.0,0.569881,0.569881,49.133064,0.0,0.0,29.0,0.0,0.0,569.5,0.0,9124.0,76.73333,5.0
22.681749,0.573148,64256.0,0.0,24.4265,0.0616,0.0,0.0,0.0,0.0,0.0,122006.875,15004.849609,0.0,64.0,0.0,1151.0,0.000563,1721542656.0,31872.0,0.062163,0.0,107002.03125,0.573148,0.573148,62.0,0.0,14.0,0.0,15.0,-0.0,0.0,0.0,8255.0,0.0,0.573148,0.573148,48.853001,0.0,0.0,29.0,0.0,0.0,589.642883,0.0,9406.0,76.73333,5.0
21.065239,0.664602,64256.0,0.0,19.560579,0.060437,0.0,0.0,0.0,0.0,0.0,108865.15625,12133.578125,0.0,64.0,0.0,1085.0,0.0005,1721542656.0,31872.0,0.060937,0.0,96731.578125,0.664602,0.664602,62.0,0.0,15.0,0.0,14.0,-0.0,0.0,0.0,8609.0,0.0,0.664602,0.664602,42.130478,0.0,0.0,29.0,0.0,0.0,573.93335,0.0,9694.0,77.5,5.0
24.518818,0.57099,64256.0,0.0,22.767473,0.060638,0.0,0.0,0.0,0.0,0.0,130552.195312,14122.838867,0.0,64.0,0.0,1085.0,0.000496,1721542656.0,31872.0,0.061134,0.0,116429.351562,0.57099,0.57099,62.0,0.0,15.0,0.0,14.0,-0.0,0.0,0.0,8903.0,0.0,0.57099,0.57099,49.037636,0.0,0.0,29.0,0.0,0.0,593.533325,0.0,9988.0,77.5,5.0
18.142658,0.771662,64256.0,0.0,16.846754,0.060898,0.0,0.0,0.0,0.0,0.0,99504.703125,10450.170898,0.0,64.0,0.0,1085.0,0.0,1721542656.0,31872.0,0.060898,0.0,89054.53125,0.771662,0.771662,62.0,0.0,15.0,0.0,14.0,-0.0,0.0,0.0,9203.0,0.0,0.771662,0.771662,36.285316,0.0,0.0,29.0,0.0,0.0,613.533325,0.0,10288.0,77.5,5.0
21.140755,0.662228,64256.0,0.0,19.630701,0.06084,0.0,0.0,0.0,0.0,0.0,119402.984375,12177.075195,0.0,64.0,0.0,1085.0,0.000497,1721542656.0,31872.0,0.061337,0.0,107225.914062,0.662228,0.662228,62.0,0.0,15.0,0.0,14.0,-0.0,0.0,0.0,9509.0,0.0,0.662228,0.662228,42.281509,0.0,0.0,29.0,0.0,0.0,633.93335,0.0,10594.0,77.5,5.0
26.887119,0.557888,64256.0,0.0,26.887119,0.060728,0.0,0.0,0.0,0.0,0.0,149291.609375,16361.708008,0.0,64.0,0.0,1217.0,0.001551,1721542656.0,31872.0,0.062279,0.0,132929.90625,0.557888,0.557888,62.0,0.0,16.0,0.0,16.0,-0.0,0.0,0.0,9887.0,0.0,0.557888,0.557888,55.566711,0.0,0.0,32.0,0.0,0.0,617.9375,0.0,11104.0,76.0625,5.0
8.962241,1.896847,64256.0,0.0,8.43505,0.154239,0.0,1.0,0.0,0.0,2.777778,46477.128906,5250.818848,0.0,64.0,0.0,1322.0,0.000451,1721542656.0,31872.0,0.15469,0.0,41226.308594,1.896847,1.896847,62.0,0.0,18.0,0.0,17.0,-0.0,0.0,0.0,10349.0,1.0,1.896847,1.896847,17.924482,1.0,0.0,35.0,1.0,0.0,574.944458,0.0,11671.0,77.764709,5.0
7.205387,2.081776,64256.0,0.0,6.244668,0.154955,0.0,0.0,0.0,0.0,0.0,41806.613281,3873.615723,0.0,64.0,0.0,1085.0,0.0,1721542656.0,31872.0,0.154955,0.0,37932.996094,2.081776,2.081776,62.0,0.0,16.0,0.0,14.0,-0.0,0.0,0.0,10529.0,0.0,2.081776,2.081776,13.930414,0.0,0.0,30.0,0.0,0.0,658.0625,0.0,11614.0,77.5,5.0
11.035343,1.359269,64256.0,0.0,9.563964,0.169882,0.0,0.0,0.0,0.0,0.0,65853.039062,5932.600586,0.0,64.0,0.0,1085.0,0.000906,1721542656.0,31872.0,0.170788,0.0,59920.441406,1.359269,1.359269,62.0,0.0,16.0,0.0,14.0,-0.0,0.0,0.0,10859.0,0.0,1.359269,1.359269,21.334997,0.0,0.0,30.0,0.0,0.0,678.6875,0.0,11944.0,77.5,5.0
10.904032,1.375638,64256.0,0.0,9.450161,0.169002,0.0,0.0,0.0,0.0,0.0,66901.320312,5862.007324,0.0,64.0,0.0,1085.0,0.0,1721542656.0,31872.0,0.169002,0.0,61039.3125,1.375638,1.375638,62.0,0.0,16.0,0.0,14.0,-0.0,0.0,0.0,11195.0,0.0,1.375638,1.375638,21.081127,0.0,0.0,30.0,0.0,0.0,699.6875,0.0,12280.0,77.5,5.0
11.538301,1.386686,64256.0,0.0,10.096013,0.168441,0.0,0.0,0.0,0.0,0.0,69206.726562,6201.836914,0.0,64.0,0.0,1151.0,0.0,1721542656.0,31872.0,0.168441,0.0,63004.890625,1.386686,1.386686,62.0,0.0,17.0,0.0,15.0,-0.0,0.0,0.0,11603.0,0.0,1.386686,1.386686,22.355457,0.0,0.0,32.0,0.0,0.0,682.529419,0.0,12754.0,76.73333,5.0
13.867967,1.153738,64256.0,0.0,12.134471,0.106992,0.0,0.0,0.0,0.0,0.0,85447.476562,7454.031738,0.0,64.0,0.0,1151.0,0.000522,1721542656.0,31872.0,0.107514,0.0,77993.445312,1.153738,1.153738,62.0,0.0,17.0,0.0,15.0,-0.0,0.0,0.0,11951.0,0.0,1.153738,1.153738,26.869184,0.0,0.0,32.0,0.0,0.0,703.0,0.0,13102.0,76.73333,5.0
13.310233,1.352343,64256.0,0.0,11.831318,0.168293,0.0,1.0,0.0,0.0,2.702703,76962.726562,7193.441406,0.0,64.0,0.0,1291.0,0.0,1721542656.0,31872.0,0.168293,0.0,69769.28125,1.352343,1.352343,62.0,0.0,19.0,0.0,17.0,-0.0,0.0,0.0,12449.0,1.0,1.352343,1.352343,25.881008,1.0,0.0,36.0,1.0,0.0,655.21051,0.0,13740.0,75.941177,5.0
28.775011,0.556038,64256.0,0.0,25.178135,0.06155,0.0,0.0,0.0,0.0,0.0,186965.625,15466.568359,0.0,64.0,0.0,1151.0,0.0,1721542656.0,31872.0,0.06155,0.0,171499.0625,0.556038,0.556038,62.0,0.0,17.0,0.0,15.0,-0.0,0.0,0.0,12665.0,0.0,0.556038,0.556038,55.751583,0.0,0.0,32.0,0.0,0.0,745.0,0.0,13816.0,76.73333,5.0
24.562782,0.692104,64256.0,0.0,23.117914,0.059909,0.0,0.0,0.0,0.0,0.0,156947.515625,13963.219727,0.0,64.0,0.0,1283.0,0.000768,1721542656.0,31872.0,0.060677,0.0,142984.296875,0.692104,0.692104,62.0,0.0,18.0,0.0,17.0,-0.0,0.0,0.0,13097.0,0.0,0.692104,0.692104,49.125565,0.0,0.0,35.0,0.0,0.0,727.611084,0.0,14380.0,75.470589,5.0
36.650085,0.409276,64256.0,0.0,26.876728,0.061049,0.0,0.0,0.0,0.0,0.0,261065.875,16771.078125,1.0,64.0,0.0,936.0,0.000564,1721542656.0,31872.0,0.061613,0.0,244294.796875,0.409276,0.409276,62.0,0.0,16.0,0.0,12.0,-0.0,0.0,0.0,13331.0,0.0,0.409276,0.409276,65.970154,0.0,0.0,28.0,0.0,0.0,833.1875,0.0,14267.0,78.0,5.0
21.132713,0.04732,64256.0,0.0,84.530853,0.061049,0.0,0.0,0.0,1.0,0.0,58664.410156,46999.152344,0.0,64.0,0.0,347.0,0.000564,1721542656.0,31872.0,0.061613,0.0,11665.257812,0.04732,0.04732,62.0,0.0,2.0,0.0,5.0,-0.0,1.0,0.0,138.0,0.0,0.04732,0.04732,126.79628,0.0,0.0,7.0,0.0,0.0,69.0,0.0,485.0,69.400002,5.0
32.32597,0.525893,64256.0,0.0,30.424442,0.045717,0.0,0.0,0.0,0.0,0.0,217321.78125,18376.363281,0.0,64.0,0.0,1283.0,0.000489,1721542656.0,31872.0,0.046206,0.0,198945.421875,0.525893,0.525893,62.0,0.0,18.0,0.0,17.0,-0.0,0.0,0.0,13847.0,0.0,0.525893,0.525893,64.651939,0.0,0.0,35.0,0.0,0.0,769.277771,0.0,15130.0,75.470589,5.0
10.136757,1.677065,64256.0,0.0,8.347918,0.153455,0.0,0.0,0.0,0.0,0.0,69244.78125,5128.006348,0.0,64.0,0.0,1151.0,0.0,1721542656.0,31872.0,0.153455,0.0,64116.773438,1.677065,1.677065,62.0,0.0,18.0,0.0,15.0,-0.0,0.0,0.0,14231.0,0.0,1.677065,1.677065,19.080954,0.0,0.0,33.0,0.0,0.0,790.611084,0.0,15382.0,76.73333,5.0
8.978563,2.004775,64256.0,1.0,8.479754,0.167227,0.0,1.0,0.0,0.0,2.631579,60790.859375,5267.423828,0.0,64.0,0.0,1397.0,0.000739,1721542656.0,31872.0,0.167966,0.0,55523.4375,2.004775,2.004775,62.0,0.0,19.0,0.0,18.0,-0.0,0.0,0.0,14687.0,1.0,2.004775,2.004775,17.957127,0.0,0.0,37.0,0.0,0.0,773.0,0.0,16084.0,77.611115,5.0
13.55336,1.328084,64256.0,0.0,11.294466,0.155322,0.0,0.0,0.0,0.0,0.0,92951.953125,6873.059082,0.0,64.0,0.0,1217.0,0.000503,1721542656.0,31872.0,0.155825,0.0,86078.890625,1.328084,1.328084,62.0,0.0,19.0,0.0,16.0,-0.0,0.0,0.0,15083.0,0.0,1.328084,1.328084,25.60079,0.0,0.0,35.0,0.0,0.0,793.842102,0.0,16300.0,76.0625,5.0
32.278023,0.557655,64256.0,0.0,26.898352,0.060478,0.0,0.0,0.0,0.0,0.0,226821.25,16368.543945,0.0,64.0,0.0,1217.0,0.000498,1721542656.0,31872.0,0.060976,0.0,210452.703125,0.557655,0.557655,62.0,0.0,19.0,0.0,16.0,-0.0,0.0,0.0,15485.0,0.0,0.557655,0.557655,60.969597,0.0,0.0,35.0,0.0,0.0,815.0,0.0,16702.0,76.0625,5.0
34.251945,0.554713,64256.0,0.0,30.646479,0.061815,0.0,0.0,0.0,0.0,0.0,237052.3125,18387.886719,0.0,64.0,0.0,1349.0,0.000477,1721542656.0,31872.0,0.062292,0.0,218664.421875,0.554713,0.554713,62.0,0.0,20.0,0.0,18.0,-0.0,0.0,0.0,15959.0,0.0,0.554713,0.554713,66.701157,0.0,0.0,38.0,0.0,0.0,797.950012,0.0,17308.0,74.944443,5.0
6.587133,2.884411,64256.0,0.0,5.54706,0.14686,0.0,1.0,0.0,0.0,2.631579,46514.867188,3372.612061,0.0,64.0,0.0,1291.0,0.001015,1721542656.0,31872.0,0.147875,0.0,43142.253906,2.884411,2.884411,62.0,0.0,20.0,0.0,17.0,-0.0,0.0,0.0,16373.0,0.0,2.884411,2.884411,12.480884,1.0,0.0,37.0,1.0,0.0,818.650024,0.0,17664.0,75.941177,5.0
4.029742,4.714942,64256.0,0.0,3.181375,0.169314,0.0,0.0,0.0,0.0,0.0,29005.658203,1935.9729,0.0,64.0,0.0,1217.0,0.000981,1721542656.0,31872.0,0.170295,0.0,27069.685547,4.714942,4.714942,62.0,0.0,20.0,0.0,16.0,-0.0,0.0,0.0,16793.0,0.0,4.714942,4.714942,7.423209,0.0,0.0,36.0,0.0,0.0,839.650024,0.0,18010.0,76.0625,5.0
8.735488,2.175036,64256.0,1.0,9.655013,0.167671,0.0,1.0,0.0,0.0,2.325581,65918.914062,5748.870605,0.0,64.0,0.0,1637.0,0.001071,1721542656.0,31872.0,0.168742,0.0,60170.039062,2.175036,2.175036,62.0,0.0,20.0,0.0,22.0,-0.0,0.0,0.0,17219.0,1.0,2.175036,2.175036,18.850264,0.0,0.0,42.0,0.0,0.0,860.950012,0.0,18856.0,74.409088,5.0
13.37037,1.495845,64256.0,0.0,10.696296,0.169125,0.0,0.0,0.0,0.0,0.0,96705.210938,6460.5625,0.0,64.0,0.0,1283.0,0.0,1721542656.0,31872.0,0.169125,0.0,90244.648438,1.495845,1.495845,62.0,0.0,21.0,0.0,17.0,-0.0,0.0,0.0,17717.0,0.0,1.495845,1.495845,24.735184,0.0,0.0,38.0,0.0,0.0,843.666687,0.0,19000.0,75.470589,5.0
16.447031,1.216025,64256.0,0.0,13.157624,0.168803,0.0,0.0,0.0,0.0,0.0,121701.445312,7947.205078,0.0,64.0,0.0,1283.0,0.000964,1721542656.0,31872.0,0.169767,0.0,113754.242188,1.216025,1.216025,62.0,0.0,21.0,0.0,17.0,-0.0,0.0,0.0,18155.0,0.0,1.216025,1.216025,30.427006,0.0,0.0,38.0,0.0,0.0,864.523804,0.0,19438.0,75.470589,5.0
35.41547,0.564725,64256.0,0.0,28.332375,0.060838,0.0,0.0,0.0,0.0,0.0,268052.59375,17112.753906,0.0,64.0,0.0,1283.0,0.000994,1721542656.0,31872.0,0.061832,0.0,250939.84375,0.564725,0.564725,62.0,0.0,21.0,0.0,17.0,-0.0,0.0,0.0,18599.0,0.0,0.564725,0.564725,65.518616,0.0,0.0,38.0,0.0,0.0,885.666687,0.0,19882.0,75.470589,5.0
14.193716,1.479528,64256.0,0.0,10.81426,0.163091,0.0,0.0,0.0,0.0,0.0,105195.710938,6531.812988,0.0,64.0,0.0,1283.0,0.004663,1721542656.0,31872.0,0.167754,0.0,98663.898438,1.479528,1.479528,62.0,0.0,22.0,0.0,17.0,-0.0,0.0,0.0,19115.0,0.0,1.479528,1.479528,25.683868,0.0,0.0,39.0,0.0,0.0,868.863647,0.0,20398.0,75.470589,5.0
8.160188,2.57347,64256.0,0.0,6.605866,0.168282,0.0,1.0,0.0,0.0,2.439024,62060.949219,3985.280273,0.0,64.0,0.0,1357.0,0.000989,1721542656.0,31872.0,0.169271,0.0,58075.667969,2.57347,2.57347,62.0,0.0,22.0,0.0,18.0,-0.0,0.0,0.0,19571.0,0.0,2.57347,2.57347,15.154634,1.0,0.0,40.0,1.0,0.0,889.590881,0.0,20928.0,75.388885,5.0
12.953704,1.621158,64256.0,1.0,11.103174,0.077654,0.0,1.0,0.0,0.0,2.380952,101206.671875,6839.555176,0.0,64.0,0.0,1463.0,0.000989,1721542656.0,31872.0,0.078643,0.0,94367.109375,1.621158,1.621158,62.0,0.0,22.0,0.0,19.0,-0.0,0.0,0.0,20033.0,1.0,1.621158,1.621158,24.673721,0.0,0.0,41.0,0.0,0.0,910.590881,0.0,21496.0,77.0,5.0
14.386392,1.529223,64256.0,0.0,11.116757,0.16804,0.0,0.0,0.0,0.0,0.0,109587.679688,6670.054199,0.0,64.0,0.0,1349.0,0.000498,1721542656.0,31872.0,0.168538,0.0,102917.625,1.529223,1.529223,62.0,0.0,23.0,0.0,18.0,-0.0,0.0,0.0,20567.0,0.0,1.529223,1.529223,26.157076,0.0,0.0,41.0,0.0,0.0,894.217407,0.0,21916.0,74.944443,5.0
19.593544,1.173856,64256.0,0.0,15.334078,0.061325,0.0,0.0,0.0,0.0,0.0,147077.65625,9139.110352,0.0,64.0,0.0,1415.0,0.000503,1721542656.0,31872.0,0.061828,0.0,137938.546875,1.173856,1.173856,62.0,0.0,24.0,0.0,19.0,-0.0,0.0,0.0,21119.0,1.0,1.173856,1.173856,35.779514,0.0,0.0,43.0,0.0,0.0,879.958313,0.0,22534.0,74.473686,5.0
15.151891,1.451964,64256.0,0.0,11.708279,0.155244,0.0,0.0,0.0,0.0,0.0,120449.265625,7024.967285,0.0,64.0,0.0,1349.0,0.000543,1721542656.0,31872.0,0.155787,0.0,113424.296875,1.451964,1.451964,62.0,0.0,23.0,0.0,18.0,-0.0,0.0,0.0,21521.0,0.0,1.451964,1.451964,27.548891,0.0,0.0,41.0,0.0,0.0,935.695679,0.0,22870.0,74.944443,5.0
40.382477,0.569554,64256.0,0.0,29.847918,0.060659,0.0,0.0,0.0,0.0,0.0,315039.5,17908.75,0.0,64.0,0.0,1349.0,0.000982,1721542656.0,31872.0,0.061641,0.0,297130.75,0.569554,0.569554,62.0,0.0,24.0,0.0,18.0,-0.0,0.0,0.0,22073.0,0.0,0.569554,0.569554,71.986153,0.0,0.0,42.0,0.0,0.0,919.708313,0.0,23422.0,74.944443,5.0
10.311862,2.230441,64256.0,1.0,9.415178,0.168254,0.0,1.0,0.0,0.0,2.12766,83212.242188,5649.106934,0.0,64.0,0.0,1649.0,0.000498,1721542656.0,31872.0,0.168752,0.0,77563.132812,2.230441,2.230441,62.0,0.0,24.0,0.0,22.0,-0.0,0.0,0.0,22565.0,1.0,2.230441,2.230441,20.175381,0.0,0.0,46.0,0.0,0.0,940.208313,0.0,24214.0,74.954544,5.0
5.214121,4.794672,64256.0,0.0,3.754167,0.16958,0.0,1.0,0.0,0.0,2.173913,39483.828125,2250.831787,0.0,64.0,0.0,1423.0,0.0,1721542656.0,31872.0,0.16958,0.0,37232.996094,4.794672,4.794672,62.0,0.0,26.0,0.0,19.0,-0.0,0.0,0.0,23207.0,1.0,4.794672,4.794672,9.176853,1.0,0.0,45.0,1.0,0.0,892.576904,0.0,24630.0,74.894737,5.0
15.720798,1.52664,64256.0,0.0,11.790599,0.167665,0.0,0.0,0.0,0.0,0.0,125918.351562,7027.196777,0.0,64.0,0.0,1415.0,0.001454,1721542656.0,31872.0,0.169119,0.0,118891.15625,1.52664,1.52664,62.0,0.0,25.0,0.0,19.0,-0.0,0.0,0.0,23633.0,0.0,1.52664,1.52664,28.16643,0.0,0.0,44.0,0.0,0.0,945.320007,0.0,25048.0,74.473686,5.0
15.704853,1.52819,64256.0,0.0,11.77864,0.170132,0.0,0.0,0.0,0.0,0.0,128355.765625,7020.069336,0.0,64.0,0.0,1415.0,0.000496,1721542656.0,31872.0,0.170628,0.0,121335.695312,1.52819,1.52819,62.0,0.0,25.0,0.0,19.0,-0.0,0.0,0.0,24143.0,0.0,1.52819,1.52819,28.137861,0.0,0.0,44.0,0.0,0.0,965.719971,0.0,25558.0,74.473686,5.0
15.713152,1.527383,64256.0,0.0,11.784863,0.168136,0.0,0.0,0.0,0.0,0.0,131016.257812,7023.778809,0.0,64.0,0.0,1415.0,0.000959,1721542656.0,31872.0,0.169095,0.0,123992.476562,1.527383,1.527383,62.0,0.0,25.0,0.0,19.0,-0.0,0.0,0.0,24659.0,0.0,1.527383,1.527383,28.152729,0.0,0.0,44.0,0.0,0.0,986.359985,0.0,26074.0,74.473686,5.0
39.660946,0.630343,64256.0,0.0,31.728756,0.061324,0.0,0.0,0.0,0.0,0.0,326806.1875,18707.275391,0.0,64.0,0.0,1547.0,0.000584,1721542656.0,31872.0,0.061908,0.0,308098.90625,0.630343,0.630343,62.0,0.0,26.0,0.0,21.0,-0.0,0.0,0.0,25247.0,0.0,0.630343,0.630343,72.976143,0.0,0.0,47.0,0.0,0.0,971.038452,0.0,26794.0,73.666664,5.0
42.607224,0.586755,64256.0,0.0,30.6772,0.061983,0.0,0.0,0.0,0.0,0.0,356196.375,18283.611328,0.0,64.0,0.0,1415.0,0.000495,1721542656.0,31872.0,0.062478,0.0,337912.78125,0.586755,0.586755,62.0,0.0,26.0,0.0,19.0,-0.0,0.0,0.0,25775.0,0.0,0.586755,0.586755,74.988708,0.0,0.0,45.0,0.0,0.0,991.34613,0.0,27190.0,74.473686,5.0
39.143291,0.638679,64256.0,0.0,31.314634,0.06064,0.0,0.0,0.0,0.0,0.0,335342.125,18463.107422,0.0,64.0,0.0,1547.0,0.000502,1721542656.0,31872.0,0.061142,0.0,316879.03125,0.638679,0.638679,62.0,0.0,26.0,0.0,21.0,-0.0,0.0,0.0,26309.0,0.0,0.638679,0.638679,72.023659,0.0,0.0,47.0,0.0,0.0,1011.884644,0.0,27856.0,73.666664,5.0
39.235928,0.662658,64256.0,0.0,28.672409,0.046674,0.0,0.0,0.0,0.0,0.0,329895.6875,16986.138672,0.0,64.0,0.0,1481.0,0.000478,1721542656.0,31872.0,0.047152,0.0,312909.53125,0.662658,0.662658,62.0,0.0,27.0,0.0,20.0,-0.0,0.0,0.0,26915.0,0.0,0.662658,0.662658,69.417412,0.0,0.0,47.0,0.0,0.0,996.851868,0.0,28396.0,74.050003,5.0
39.120926,0.664606,64256.0,0.0,28.588367,0.060437,0.0,0.0,0.0,0.0,0.0,335248.25,16936.351562,0.0,64.0,0.0,1481.0,0.000502,1721542656.0,31872.0,0.060939,0.0,318311.90625,0.664606,0.664606,62.0,0.0,27.0,0.0,20.0,-0.0,0.0,0.0,27461.0,0.0,0.664606,0.664606,69.213943,0.0,0.0,47.0,0.0,0.0,1017.074097,0.0,28942.0,74.050003,5.0
48.807384,0.553195,64256.0,0.0,34.345936,0.046517,0.0,0.0,0.0,0.0,0.0,411919.84375,20347.255859,0.0,64.0,0.0,1481.0,0.000498,1721542656.0,31872.0,0.047015,0.0,391572.59375,0.553195,0.553195,62.0,0.0,28.0,0.0,20.0,-0.0,0.0,0.0,28079.0,0.0,0.553195,0.553195,84.960999,0.0,0.0,48.0,0.0,0.0,1002.821411,0.0,29560.0,74.050003,5.0
47.297058,0.57086,64256.0,0.0,33.283115,0.06085,0.0,0.0,0.0,0.0,0.0,406712.65625,19717.617188,0.0,64.0,0.0,1481.0,0.000495,1721542656.0,31872.0,0.061345,0.0,386995.03125,0.57086,0.57086,62.0,0.0,28.0,0.0,20.0,-0.0,0.0,0.0,28637.0,0.0,0.57086,0.57086,82.331917,0.0,0.0,48.0,0.0,0.0,1022.75,0.0,30118.0,74.050003,5.0
40.696728,0.663444,64256.0,0.0,31.653011,0.060532,0.0,0.0,0.0,0.0,0.0,358119.125,18569.767578,0.0,64.0,0.0,1613.0,0.000531,1721542656.0,31872.0,0.061063,0.0,339549.375,0.663444,0.663444,62.0,0.0,28.0,0.0,22.0,-0.0,0.0,0.0,29201.0,0.0,0.663444,0.663444,73.857025,0.0,0.0,50.0,0.0,0.0,1042.892822,0.0,30814.0,73.318184,5.0
42.183922,0.66376,64256.0,0.0,31.637941,0.060784,0.0,0.0,0.0,0.0,0.0,365782.8125,18560.925781,0.0,64.0,0.0,1613.0,0.000514,1721542656.0,31872.0,0.061298,0.0,347221.875,0.66376,0.66376,62.0,0.0,29.0,0.0,22.0,-0.0,0.0,0.0,29837.0,0.0,0.66376,0.66376,75.32843,0.0,0.0,51.0,0.0,0.0,1028.862061,0.0,31450.0,73.318184,5.0
48.908894,0.572493,64256.0,0.0,34.934925,0.061211,0.0,0.0,0.0,0.0,0.0,430943.25,20597.630859,0.0,64.0,0.0,1547.0,0.000502,1721542656.0,31872.0,0.061713,0.0,410345.625,0.572493,0.572493,62.0,0.0,29.0,0.0,21.0,-0.0,0.0,0.0,30413.0,0.0,0.572493,0.572493,85.590561,0.0,0.0,50.0,0.0,0.0,1048.724121,0.0,31960.0,73.666664,5.0
43.853348,0.661295,64256.0,0.0,33.268059,0.059996,0.0,0.0,0.0,0.0,0.0,382667.375,19428.544922,0.0,64.0,0.0,1679.0,0.000496,1721542656.0,31872.0,0.060492,0.0,363238.8125,0.661295,0.661295,62.0,0.0,30.0,0.0,23.0,-0.0,0.0,0.0,31061.0,0.0,0.661295,0.661295,78.633591,0.0,0.0,53.0,0.0,0.0,1035.366699,0.0,32740.0,73.0,5.0
52.201649,0.555538,64256.0,0.0,36.001137,0.061202,0.0,0.0,0.0,0.0,0.0,461808.1875,21226.271484,0.0,64.0,0.0,1547.0,0.0,1721542656.0,31872.0,0.061202,0.0,440581.9375,0.555538,0.555538,62.0,0.0,30.0,0.0,21.0,-0.0,0.0,0.0,31649.0,0.0,0.555538,0.555538,90.002846,0.0,0.0,51.0,0.0,0.0,1054.966675,0.0,33196.0,73.666664,5.0
43.623913,0.664773,64256.0,0.0,33.094006,0.060344,0.0,0.0,0.0,0.0,0.0,394420.34375,19326.898438,0.0,64.0,0.0,1679.0,0.001487,1721542656.0,31872.0,0.061831,0.0,375093.46875,0.664773,0.664773,62.0,0.0,30.0,0.0,23.0,-0.0,0.0,0.0,32243.0,0.0,0.664773,0.664773,78.222191,0.0,0.0,53.0,0.0,0.0,1074.766724,0.0,33922.0,73.0,5.0
53.696079,0.5587,64256.0,0.0,35.797386,0.0613,0.0,0.0,0.0,0.0,0.0,477136.1875,21106.138672,0.0,64.0,0.0,1547.0,0.000587,1721542656.0,34816.0,0.061887,0.0,456030.0625,0.5587,0.5587,62.0,0.0,31.0,0.0,21.0,-0.0,0.0,0.0,32909.0,0.0,0.5587,0.5587,91.283333,0.0,0.0,52.0,0.0,0.0,1061.580688,0.0,34456.0,73.666664,5.0
6.160927,1.460819,64256.0,0.0,8.21457,0.184949,0.0,0.0,0.0,0.0,0.0,11215.625977,5153.273438,0.0,64.0,0.0,1019.0,0.0,1721542656.0,31872.0,0.184949,0.0,6062.352539,1.460819,1.460819,61.0,0.0,10.0,0.0,13.0,-0.0,0.0,0.0,1229.0,0.0,1.460819,1.460819,15.060045,0.0,0.0,23.0,0.0,0.0,122.900002,0.0,2248.0,78.384613,6.0
11.584733,0.863205,64256.0,0.0,13.90168,0.091055,0.0,0.0,0.0,0.0,0.0,19740.386719,8720.987305,0.0,64.0,0.0,1019.0,0.000711,1721542656.0,31872.0,0.091766,0.0,11019.398438,0.863205,0.863205,62.0,0.0,11.0,0.0,13.0,-0.0,0.0,0.0,1307.0,0.0,0.863205,0.863205,26.644886,0.0,0.0,24.0,0.0,0.0,118.818184,0.0,2326.0,78.384613,6.0
10.384755,0.866655,64256.0,0.0,11.538617,0.092799,0.0,0.0,0.0,0.0,0.0,17917.164062,7449.331055,0.0,64.0,0.0,887.0,0.0,1721542656.0,31872.0,0.092799,0.0,10467.833008,0.866655,0.866655,62.0,0.0,10.0,0.0,11.0,-0.0,0.0,0.0,1259.0,0.0,0.866655,0.866655,23.077234,0.0,0.0,21.0,0.0,0.0,125.900002,0.0,2146.0,80.63636,6.0
12.353728,0.728525,64256.0,0.0,16.471638,0.061237,0.0,0.0,0.0,0.0,0.0,23016.369141,10333.208008,0.0,64.0,0.0,1019.0,0.000494,1721542656.0,31872.0,0.061731,0.0,12683.161133,0.728525,0.728525,62.0,0.0,10.0,0.0,13.0,-0.0,0.0,0.0,1283.0,0.0,0.728525,0.728525,30.198004,0.0,0.0,23.0,0.0,0.0,128.300003,0.0,2302.0,78.384613,6.0
6.207359,1.449892,64256.0,0.0,8.276478,0.167526,0.0,0.0,0.0,0.0,0.0,11713.975586,5192.11084,0.0,64.0,0.0,1019.0,0.000882,1721542656.0,31872.0,0.168408,0.0,6521.864746,1.449892,1.449892,62.0,0.0,10.0,0.0,13.0,-0.0,0.0,0.0,1313.0,0.0,1.449892,1.449892,15.173544,0.0,0.0,23.0,0.0,0.0,131.300003,0.0,2332.0,78.384613,6.0
2.825266,4.601337,64256.0,0.0,4.346563,0.152626,0.0,4.0,0.0,0.0,10.25641,9070.407227,2694.868896,0.0,64.0,0.0,1627.0,0.0,1721542656.0,31872.0,0.152626,0.0,6375.538086,4.601337,4.601337,62.0,0.0,14.0,0.0,21.0,-0.0,0.0,0.0,3949.0,1.0,4.601337,4.601337,7.389157,1.0,0.0,35.0,4.0,0.0,282.071442,0.0,5576.0,77.476189,6.0
1.802913,4.991922,64256.0,0.0,3.004855,0.154039,0.0,5.0,0.0,0.0,16.129032,3203.575684,1961.569092,1.0,64.0,0.0,1305.0,0.00059,1721542656.0,31872.0,0.154629,0.0,1242.006592,4.991922,4.991922,62.0,0.0,10.0,0.0,16.0,-0.0,0.0,0.0,861.0,1.0,4.991922,4.991922,5.008091,1.0,0.0,26.0,5.0,0.0,86.099998,0.0,2166.0,81.5625,6.0
0.0,3.367789,64256.0,0.0,0.890792,0.154039,0.0,3.0,0.0,0.0,37.5,527.348938,527.348938,0.0,64.0,1.0,296.0,0.00059,1721542656.0,31872.0,0.154629,0.0,0.0,3.367789,3.367789,62.0,0.0,1.0,0.0,4.0,-0.0,1.0,0.0,692.0,1.0,3.367789,3.367789,1.187723,1.0,0.0,5.0,3.0,0.0,692.0,0.0,988.0,74.0,6.0
0.0,0.0,197300.1840419336,0.0,0.0,0.154039,0.0,0.0,0.0,0.0,0.0,0.0,0.0,0.0,64.0,0.0,74.0,0.00059,1721542656.0,95686.87047841308,0.154629,0.0,0.0,0.0,0.0,62.0,0.0,0.0,0.0,1.0,-0.0,1.0,0.0,0.0,1.0,0.0,0.0,0.0,0.0,1.0,1.0,0.0,0.0,0.0,0.0,74.0,74.0,6.0
0.0,0.0,197300.1840419336,0.0,0.0,0.154039,0.0,0.0,0.0,0.0,0.0,0.0,0.0,0.0,64.0,0.0,74.0,0.00059,1721542656.0,95686.87047841308,0.154629,0.0,0.0,0.0,0.0,62.0,0.0,0.0,0.0,1.0,-0.0,1.0,0.0,0.0,1.0,0.0,0.0,0.0,0.0,1.0,1.0,0.0,0.0,0.0,0.0,74.0,74.0,6.0
2.239742,1.33944,64256.0,0.0,2.239742,0.154039,0.0,0.0,0.0,1.0,0.0,2526.428955,1260.228149,0.0,64.0,0.0,281.0,0.00059,1721542656.0,31872.0,0.154629,0.0,1266.200806,1.33944,1.33944,62.0,0.0,4.0,0.0,4.0,-0.0,1.0,0.0,282.0,1.0,1.33944,1.33944,5.226065,0.0,0.0,8.0,0.0,0.0,70.5,0.0,563.0,70.25,6.0
3.863004,2.329793,64256.0,0.0,5.150672,0.169211,0.0,2.0,0.0,0.0,8.0,7959.505371,3509.324707,0.0,64.0,0.0,1107.0,0.000739,1721542656.0,31872.0,0.16995,0.0,4450.180664,2.329793,2.329793,62.0,0.0,10.0,0.0,13.0,-0.0,0.0,0.0,1439.0,0.0,2.329793,2.329793,9.442899,1.0,0.0,23.0,2.0,0.0,143.899994,0.0,2546.0,85.153847,6.0
5.841404,1.711917,64256.0,0.0,6.425545,0.155021,0.0,1.0,0.0,0.0,4.166667,10743.511719,4117.021973,0.0,64.0,0.0,961.0,0.000413,1721542656.0,31872.0,0.155434,0.0,6626.489258,1.711917,1.711917,62.0,0.0,11.0,0.0,12.0,-0.0,0.0,0.0,1559.0,0.0,1.711917,1.711917,12.85109,1.0,0.0,23.0,1.0,0.0,141.72728,0.0,2520.0,80.083336,6.0
14.600458,0.616419,64256.0,0.0,19.467278,0.06109,0.0,0.0,0.0,0.0,0.0,30355.974609,12212.47168,0.0,64.0,0.0,1019.0,0.0,1721542656.0,31872.0,0.06109,0.0,18143.501953,0.616419,0.616419,62.0,0.0,10.0,0.0,13.0,-0.0,0.0,0.0,1553.0,0.0,0.616419,0.616419,35.69001,0.0,0.0,23.0,0.0,0.0,155.300003,0.0,2572.0,78.384613,6.0
15.77475,0.570532,64256.0,0.0,21.032999,0.06019,0.0,0.0,0.0,0.0,0.0,33638.777344,13194.702148,0.0,64.0,0.0,1019.0,0.0,1721542656.0,31872.0,0.06019,0.0,20444.076172,0.570532,0.570532,62.0,0.0,10.0,0.0,13.0,-0.0,0.0,0.0,1619.0,0.0,0.570532,0.570532,38.560501,0.0,0.0,23.0,0.0,0.0,161.899994,0.0,2638.0,78.384613,6.0
16.16806,0.556653,64256.0,0.0,21.557415,0.061429,0.0,0.0,0.0,0.0,0.0,35397.273438,13523.68457,0.0,64.0,0.0,1019.0,0.000497,1721542656.0,31872.0,0.061926,0.0,21873.589844,0.556653,0.556653,62.0,0.0,10.0,0.0,13.0,-0.0,0.0,0.0,1691.0,0.0,0.556653,0.556653,39.521927,0.0,0.0,23.0,0.0,0.0,169.100006,0.0,2710.0,78.384613,6.0
15.735724,0.571947,64256.0,0.0,20.980967,0.061772,0.0,0.0,0.0,0.0,0.0,35443.84375,13162.05957,0.0,64.0,0.0,1019.0,0.0,1721542656.0,31872.0,0.061772,0.0,22281.785156,0.571947,0.571947,62.0,0.0,10.0,0.0,13.0,-0.0,0.0,0.0,1769.0,0.0,0.571947,0.571947,38.465103,0.0,0.0,23.0,0.0,0.0,176.899994,0.0,2788.0,78.384613,6.0
7.971939,1.12896,64256.0,0.0,10.629251,0.091655,0.0,0.0,0.0,0.0,0.0,18487.8125,6668.083984,0.0,64.0,0.0,1019.0,0.002029,1721542656.0,31872.0,0.093684,0.0,11819.727539,1.12896,1.12896,62.0,0.0,10.0,0.0,13.0,-0.0,0.0,0.0,1853.0,0.0,1.12896,1.12896,19.486961,0.0,0.0,23.0,0.0,0.0,185.300003,0.0,2872.0,78.384613,6.0
4.370674,2.059179,64256.0,0.0,4.856304,0.228924,0.0,0.0,0.0,0.0,0.0,9930.170898,3135.22998,0.0,64.0,0.0,887.0,0.0,1721542656.0,31872.0,0.228924,0.0,6794.940918,2.059179,2.059179,62.0,0.0,10.0,0.0,11.0,-0.0,0.0,0.0,1943.0,0.0,2.059179,2.059179,9.712608,0.0,0.0,21.0,0.0,0.0,194.300003,0.0,2830.0,80.63636,6.0
4.993289,2.002688,64256.0,1.0,6.491276,0.15376,1.0,2.0,0.0,0.0,7.407407,11728.237305,4054.550781,0.0,64.0,0.0,1093.0,0.000583,1721542656.0,31872.0,0.154343,0.0,7673.687012,2.002688,2.002688,62.0,0.0,11.0,0.0,14.0,-0.0,0.0,0.0,2113.0,0.0,2.002688,2.002688,11.983894,0.0,0.0,25.0,1.0,0.0,192.090912,0.0,3206.0,78.071426,6.0
13.511059,0.666121,64256.0,0.0,18.014746,0.060911,0.0,0.0,0.0,0.0,0.0,34444.191406,11301.25,0.0,64.0,0.0,1019.0,0.000585,1721542656.0,31872.0,0.061496,0.0,23142.941406,0.666121,0.666121,62.0,0.0,10.0,0.0,13.0,-0.0,0.0,0.0,2141.0,0.0,0.666121,0.666121,33.027031,0.0,0.0,23.0,0.0,0.0,214.100006,0.0,3160.0,78.384613,6.0
15.057997,0.664099,64256.0,0.0,16.563795,0.059995,0.0,0.0,0.0,0.0,0.0,35886.21875,10528.550781,0.0,64.0,0.0,953.0,0.000498,1721542656.0,31872.0,0.060493,0.0,25357.666016,0.664099,0.664099,62.0,0.0,11.0,0.0,12.0,-0.0,0.0,0.0,2315.0,0.0,0.664099,0.664099,33.12759,0.0,0.0,23.0,0.0,0.0,210.454544,0.0,3268.0,79.416664,6.0
19.629089,0.509448,64256.0,0.0,21.591997,0.060385,0.0,0.0,0.0,0.0,0.0,48413.183594,13724.65918,0.0,64.0,0.0,953.0,0.000498,1721542656.0,31872.0,0.060883,0.0,34688.527344,0.509448,0.509448,62.0,0.0,11.0,0.0,12.0,-0.0,0.0,0.0,2429.0,0.0,0.509448,0.509448,43.183994,0.0,0.0,23.0,0.0,0.0,220.818176,0.0,3382.0,79.416664,6.0
9.512992,1.051194,64256.0,0.0,10.464292,0.061385,0.0,0.0,0.0,0.0,0.0,24292.376953,6651.484375,0.0,64.0,0.0,953.0,0.000495,1721542656.0,31872.0,0.06188,0.0,17640.892578,1.051194,1.051194,62.0,0.0,11.0,0.0,12.0,-0.0,0.0,0.0,2549.0,0.0,1.051194,1.051194,20.928583,0.0,0.0,23.0,0.0,0.0,231.72728,0.0,3502.0,79.416664,6.0
2.091161,4.782032,64256.0,0.0,3.136742,0.168327,0.0,6.0,0.0,0.0,18.181818,6061.021973,1974.056152,0.0,64.0,0.0,1258.0,0.0005,1721542656.0,31872.0,0.168827,0.0,4086.965576,4.782032,4.782032,62.0,0.0,11.0,0.0,16.0,-0.0,0.0,0.0,2687.0,1.0,4.782032,4.782032,5.437019,1.0,0.0,27.0,6.0,0.0,244.27272,0.0,3945.0,78.625,6.0
1007.049377,0.000993,64256.0,0.0,1007.049377,0.168327,0.0,0.0,0.0,0.0,0.0,1103726.125,572004.0625,0.0,64.0,0.0,141.0,0.0005,1721542656.0,31872.0,0.168827,0.0,531722.0625,0.000993,0.000993,62.0,0.0,2.0,0.0,2.0,-0.0,1.0,0.0,132.0,1.0,0.000993,0.000993,3021.147949,0.0,0.0,4.0,0.0,0.0,66.0,0.0,273.0,70.5,6.0
3.250844,3.998961,64256.0,1.0,3.750974,0.167601,1.0,7.0,0.0,0.0,18.918919,7966.069336,2346.609619,0.0,64.0,0.0,1251.0,0.000486,1721542656.0,31872.0,0.168087,0.0,5619.459473,3.998961,3.998961,62.0,0.0,14.0,0.0,16.0,-0.0,0.0,0.0,3025.0,1.0,3.998961,3.998961,7.251884,0.0,0.0,30.0,6.0,0.0,216.071426,0.0,4276.0,78.1875,6.0
8.748325,1.143076,64256.0,0.0,9.623158,0.168597,0.0,0.0,0.0,0.0,0.0,24859.240234,6116.829102,0.0,64.0,0.0,953.0,0.0,1721542656.0,31872.0,0.168597,0.0,18742.412109,1.143076,1.143076,62.0,0.0,11.0,0.0,12.0,-0.0,0.0,0.0,2945.0,0.0,1.143076,1.143076,19.246315,0.0,0.0,23.0,0.0,0.0,267.727264,0.0,3898.0,79.416664,6.0
11.320005,0.971731,64256.0,0.0,11.320005,0.062415,0.0,0.0,0.0,0.0,0.0,31012.697266,7195.406738,0.0,64.0,0.0,953.0,0.000478,1721542656.0,31872.0,0.062893,0.0,23817.291016,0.971731,0.971731,62.0,0.0,12.0,0.0,12.0,-0.0,0.0,0.0,3155.0,0.0,0.971731,0.971731,23.669102,0.0,0.0,24.0,0.0,0.0,262.916656,0.0,4108.0,79.416664,6.0
7.196336,1.389596,64256.0,0.0,7.91597,0.168186,0.0,0.0,0.0,0.0,0.0,21986.246094,5031.678223,0.0,64.0,0.0,953.0,0.001,1721542656.0,31872.0,0.169186,0.0,16954.568359,1.389596,1.389596,62.0,0.0,11.0,0.0,12.0,-0.0,0.0,0.0,3239.0,0.0,1.389596,1.389596,15.83194,0.0,0.0,23.0,0.0,0.0,294.454559,0.0,4192.0,79.416664,6.0
7.352044,1.360166,64256.0,0.0,8.087249,0.169137,0.0,0.0,0.0,0.0,0.0,23297.15625,5140.549316,0.0,64.0,0.0,953.0,0.001011,1721542656.0,31872.0,0.170148,0.0,18156.607422,1.360166,1.360166,62.0,0.0,11.0,0.0,12.0,-0.0,0.0,0.0,3395.0,0.0,1.360166,1.360166,16.174498,0.0,0.0,23.0,0.0,0.0,308.636353,0.0,4348.0,79.416664,6.0
3.296143,3.640619,64256.0,2.0,3.8455,0.059941,1.0,5.0,0.0,0.0,15.151515,9925.78418,2410.579102,0.0,64.0,0.0,1175.0,0.0005,1721542656.0,31872.0,0.060441,0.0,7515.205566,3.640619,3.640619,62.0,0.0,13.0,0.0,15.0,-0.0,0.0,0.0,3705.0,0.0,3.640619,3.640619,7.416321,0.0,0.0,28.0,3.0,0.0,285.0,0.0,4880.0,78.333336,6.0
17.441748,0.573337,64256.0,0.0,19.185923,0.060708,0.0,0.0,0.0,0.0,0.0,59455.433594,12195.270508,0.0,64.0,0.0,953.0,0.0005,1721542656.0,31872.0,0.061208,0.0,47260.160156,0.573337,0.573337,62.0,0.0,11.0,0.0,12.0,-0.0,0.0,0.0,3725.0,0.0,0.573337,0.573337,38.371845,0.0,0.0,23.0,0.0,0.0,338.636353,0.0,4678.0,79.416664,6.0
7.913026,1.390113,64256.0,0.0,9.351758,0.169316,0.0,0.0,0.0,0.0,0.0,26720.130859,5800.967285,0.0,64.0,0.0,1085.0,0.000496,1721542656.0,31872.0,0.169812,0.0,20919.162109,1.390113,1.390113,62.0,0.0,12.0,0.0,14.0,-0.0,0.0,0.0,3965.0,0.0,1.390113,1.390113,17.98415,0.0,0.0,26.0,0.0,0.0,330.416656,0.0,5050.0,77.5,6.0
6.695835,1.792159,64256.0,0.0,6.695835,0.168479,0.0,0.0,0.0,0.0,0.0,21556.123047,4200.52002,0.0,64.0,0.0,1019.0,0.000492,1721542656.0,31872.0,0.168971,0.0,17355.603516,1.792159,1.792159,62.0,0.0,13.0,0.0,13.0,-0.0,0.0,0.0,4211.0,0.0,1.792159,1.792159,13.949656,0.0,0.0,26.0,0.0,0.0,323.923065,0.0,5230.0,78.384613,6.0
6.518926,1.840794,64256.0,0.0,7.605414,0.168902,0.0,1.0,0.0,0.0,3.448276,22529.408203,4750.124023,0.0,64.0,0.0,1171.0,0.001,1721542656.0,31872.0,0.169902,0.0,17779.285156,1.840794,1.840794,62.0,0.0,13.0,0.0,15.0,-0.0,0.0,0.0,4431.0,1.0,1.840794,1.840794,14.667583,1.0,0.0,28.0,1.0,0.0,340.846161,0.0,5602.0,78.066666,6.0
2.945034,4.414211,64256.0,2.0,3.171575,0.16878,1.0,5.0,0.0,0.0,14.705882,9850.004883,1988.12439,0.0,64.0,0.0,1175.0,0.0,1721542656.0,31872.0,0.16878,0.0,7861.880859,4.414211,4.414211,62.0,0.0,14.0,0.0,15.0,-0.0,0.0,0.0,4671.0,0.0,4.414211,4.414211,6.34315,0.0,0.0,29.0,3.0,0.0,333.642853,0.0,5846.0,78.333336,6.0
1.152202,4.339516,64256.0,0.0,2.073964,0.169279,0.0,4.0,0.0,0.0,20.0,2086.868652,1332.867432,1.0,64.0,0.0,803.0,0.000497,1721542656.0,31872.0,0.169776,0.0,754.001099,4.339516,4.339516,62.0,0.0,6.0,0.0,10.0,-0.0,0.0,0.0,490.0,1.0,4.339516,4.339516,3.456607,1.0,0.0,16.0,4.0,0.0,81.666664,0.0,1293.0,80.300003,6.0
19.275312,0.311279,64256.0,0.0,32.125523,0.169279,0.0,0.0,0.0,1.0,0.0,114032.75,18607.101562,0.0,64.0,0.0,796.0,0.000497,1721542656.0,31872.0,0.169776,0.0,95425.648438,0.311279,0.311279,62.0,0.0,7.0,0.0,11.0,-0.0,1.0,0.0,4331.0,1.0,0.311279,0.311279,54.613384,0.0,0.0,18.0,0.0,0.0,618.714294,0.0,5127.0,72.36364,6.0
7.999739,1.375045,64256.0,0.0,9.454236,0.169069,0.0,0.0,0.0,0.0,0.0,32132.767578,5864.535645,0.0,64.0,0.0,1085.0,0.000992,1721542656.0,31872.0,0.170061,0.0,26268.232422,1.375045,1.375045,62.0,0.0,12.0,0.0,14.0,-0.0,0.0,0.0,4925.0,0.0,1.375045,1.375045,18.181225,0.0,0.0,26.0,0.0,0.0,410.416656,0.0,6010.0,77.5,6.0
7.537447,1.592051,64256.0,1.0,8.793688,0.060095,1.0,2.0,0.0,0.0,6.666667,29602.066406,5437.011719,0.0,64.0,0.0,1159.0,0.000567,1721542656.0,31872.0,0.060662,0.0,24165.054688,1.592051,1.592051,62.0,0.0,13.0,0.0,15.0,-0.0,0.0,0.0,5209.0,0.0,1.592051,1.592051,16.959255,0.0,0.0,28.0,1.0,0.0,400.692322,0.0,6368.0,77.26667,6.0
21.006969,0.571239,64256.0,0.0,21.006969,0.060373,0.0,0.0,0.0,0.0,0.0,83215.609375,13178.37207,0.0,64.0,0.0,1019.0,0.000502,1721542656.0,31872.0,0.060875,0.0,70037.234375,0.571239,0.571239,62.0,0.0,13.0,0.0,13.0,-0.0,0.0,0.0,5417.0,0.0,0.571239,0.571239,43.764519,0.0,0.0,26.0,0.0,0.0,416.692322,0.0,6436.0,78.384613,6.0
9.308559,1.289136,64256.0,0.0,9.308559,0.12299,0.0,0.0,0.0,0.0,0.0,38146.476562,5839.569824,0.0,64.0,0.0,1019.0,0.000499,1721542656.0,31872.0,0.123489,0.0,32306.908203,1.289136,1.289136,62.0,0.0,13.0,0.0,13.0,-0.0,0.0,0.0,5639.0,0.0,1.289136,1.289136,19.392834,0.0,0.0,26.0,0.0,0.0,433.769226,0.0,6658.0,78.384613,6.0
3.21796,4.350582,64256.0,2.0,3.447814,0.153189,1.0,5.0,0.0,0.0,13.888889,12463.619141,2140.40332,0.0,64.0,0.0,1241.0,0.000496,1721542656.0,31872.0,0.153685,0.0,10323.21582,4.350582,4.350582,62.0,0.0,15.0,0.0,16.0,-0.0,0.0,0.0,6015.0,0.0,4.350582,4.350582,6.895629,0.0,0.0,31.0,3.0,0.0,401.0,0.0,7256.0,77.5625,6.0
3.574056,4.476707,64256.0,0.0,5.137705,0.138225,0.0,7.0,0.0,0.0,14.583333,14062.12207,3164.826416,0.0,64.0,0.0,1847.0,0.000495,1721542656.0,31872.0,0.13872,0.0,10897.295898,4.476707,4.476707,62.0,0.0,17.0,0.0,24.0,-0.0,0.0,0.0,6479.0,1.0,4.476707,4.476707,8.93514,1.0,0.0,41.0,7.0,0.0,381.117645,0.0,8326.0,76.958336,6.0
0.0,0.000994,64256.0,0.0,1006.036194,0.138225,0.0,1.0,0.0,0.0,25.0,571428.5625,571428.5625,0.0,64.0,0.0,141.0,0.000495,1721542656.0,31872.0,0.13872,0.0,0.0,0.000994,0.000994,62.0,0.0,1.0,0.0,2.0,-0.0,1.0,0.0,66.0,1.0,0.000994,0.000994,2012.072388,1.0,0.0,3.0,1.0,0.0,66.0,0.0,207.0,70.5,6.0
2.202029,3.633014,64256.0,1.0,3.027789,0.155365,1.0,5.0,0.0,0.0,19.230769,3540.861816,2155.785889,1.0,64.0,0.0,1067.0,0.000964,1721542656.0,31872.0,0.156329,0.0,1385.075928,3.633014,3.633014,62.0,0.0,9.0,0.0,12.0,-0.0,0.0,0.0,707.0,1.0,3.633014,3.633014,5.505071,0.0,0.0,21.0,4.0,0.0,78.555557,0.0,1774.0,88.916664,6.0
6.235575,1.122591,64256.0,0.0,7.126371,0.155365,0.0,2.0,0.0,1.0,10.526316,41104.90625,4161.800781,0.0,64.0,0.0,657.0,0.000964,1721542656.0,31872.0,0.156329,0.0,36943.105469,1.122591,1.122591,62.0,0.0,8.0,0.0,9.0,-0.0,1.0,0.0,5924.0,1.0,1.122591,1.122591,14.252742,1.0,0.0,17.0,2.0,0.0,740.5,0.0,6581.0,73.0,6.0
8.086956,1.483871,64256.0,0.0,8.086956,0.154567,0.0,0.0,0.0,0.0,0.0,37857.734375,5073.217285,0.0,64.0,0.0,1019.0,0.000505,1721542656.0,31872.0,0.155072,0.0,32784.519531,1.483871,1.483871,62.0,0.0,13.0,0.0,13.0,-0.0,0.0,0.0,6587.0,0.0,1.483871,1.483871,16.847826,0.0,0.0,26.0,0.0,0.0,506.692322,0.0,7606.0,78.384613,6.0
20.941431,0.620779,64256.0,0.0,22.552311,0.061059,0.0,0.0,0.0,0.0,0.0,96485.226562,13853.561523,0.0,64.0,0.0,1151.0,0.000506,1721542656.0,31872.0,0.061565,0.0,82631.664062,0.620779,0.620779,62.0,0.0,14.0,0.0,15.0,-0.0,0.0,0.0,6905.0,0.0,0.620779,0.620779,45.104622,0.0,0.0,29.0,0.0,0.0,493.214294,0.0,8056.0,76.73333,6.0
0.0,0.000994,64256.0,0.0,0.0,0.155365,0.0,0.0,0.0,0.0,0.0,0.0,0.0,0.0,64.0,0.0,66.0,0.000964,1721542656.0,31872.0,0.156329,0.0,0.0,0.000994,0.000994,62.0,0.0,1.0,0.0,1.0,-0.0,1.0,0.0,66.0,1.0,0.000994,0.000994,1006.036194,0.0,0.0,2.0,0.0,0.0,66.0,0.0,132.0,66.0,6.0
22.756752,0.571259,64256.0,0.0,24.507271,0.061449,0.0,0.0,0.0,0.0,0.0,108210.109375,15054.466797,0.0,64.0,0.0,1151.0,0.000631,1721542656.0,31872.0,0.06208,0.0,93155.640625,0.571259,0.571259,62.0,0.0,14.0,0.0,15.0,-0.0,0.0,0.0,7163.0,0.0,0.571259,0.571259,49.014542,0.0,0.0,29.0,0.0,0.0,511.642853,0.0,8314.0,76.73333,6.0
9.910395,1.311754,64256.0,0.0,9.148057,0.15396,0.0,0.0,0.0,0.0,0.0,47801.644531,5738.880859,0.0,64.0,0.0,1019.0,0.001671,1721542656.0,31872.0,0.155631,0.0,42062.765625,1.311754,1.311754,62.0,0.0,14.0,0.0,13.0,-0.0,0.0,0.0,7427.0,0.0,1.311754,1.311754,19.820789,0.0,0.0,27.0,0.0,0.0,530.5,0.0,8446.0,78.384613,6.0
10.41645,1.248026,64256.0,0.0,9.615184,0.169502,0.0,0.0,0.0,0.0,0.0,51851.484375,6031.925781,0.0,64.0,0.0,1019.0,0.0,1721542656.0,31872.0,0.169502,0.0,45819.558594,1.248026,1.248026,62.0,0.0,14.0,0.0,13.0,-0.0,0.0,0.0,7697.0,0.0,1.248026,1.248026,20.832899,0.0,0.0,27.0,0.0,0.0,549.785706,0.0,8716.0,78.384613,6.0
18.507526,0.756449,64256.0,0.0,18.507526,0.061292,0.0,0.0,0.0,0.0,0.0,90729.1875,11368.90918,0.0,64.0,0.0,1151.0,0.000501,1721542656.0,31872.0,0.061793,0.0,79360.273438,0.756449,0.756449,62.0,0.0,15.0,0.0,15.0,-0.0,0.0,0.0,8039.0,0.0,0.756449,0.756449,38.337021,0.0,0.0,30.0,0.0,0.0,535.93335,0.0,9190.0,76.73333,6.0
22.885389,0.568048,64256.0,0.0,24.645805,0.061104,0.0,0.0,0.0,0.0,0.0,123102.273438,15139.56543,0.0,64.0,0.0,1151.0,0.0,1721542656.0,31872.0,0.061104,0.0,107962.710938,0.568048,0.568048,62.0,0.0,14.0,0.0,15.0,-0.0,0.0,0.0,8255.0,0.0,0.568048,0.568048,49.291611,0.0,0.0,29.0,0.0,0.0,589.642883,0.0,9406.0,76.73333,6.0
10.56792,1.324764,64256.0,0.0,9.813068,0.107168,0.0,0.0,0.0,0.0,0.0,54615.011719,6087.12207,0.0,64.0,0.0,1085.0,0.000588,1721542656.0,31872.0,0.107756,0.0,48527.886719,1.324764,1.324764,62.0,0.0,15.0,0.0,14.0,-0.0,0.0,0.0,8609.0,0.0,1.324764,1.324764,21.135839,0.0,0.0,29.0,0.0,0.0,573.93335,0.0,9694.0,77.5,6.0
9.094725,1.539354,64256.0,0.0,8.445101,0.183955,0.0,0.0,0.0,0.0,0.0,48425.507812,5238.561035,0.0,64.0,0.0,1085.0,0.000488,1721542656.0,31872.0,0.184443,0.0,43186.949219,1.539354,1.539354,62.0,0.0,15.0,0.0,14.0,-0.0,0.0,0.0,8903.0,0.0,1.539354,1.539354,18.189449,0.0,0.0,29.0,0.0,0.0,593.533325,0.0,9988.0,77.5,6.0
1.38162,2.895153,64256.0,0.0,2.417834,0.19964,0.0,3.0,0.0,0.0,18.75,2437.176758,1575.046265,1.0,64.0,0.0,651.0,0.0,1721542656.0,31872.0,0.19964,0.0,862.130615,2.895153,2.895153,62.0,0.0,5.0,0.0,8.0,-0.0,0.0,0.0,390.0,0.0,2.895153,2.895153,4.144859,1.0,0.0,13.0,3.0,0.0,78.0,0.0,1041.0,81.375,6.0
0.0,4.868003,64256.0,0.0,0.205423,0.19964,0.0,1.0,0.0,0.0,25.0,121.610443,121.610443,0.0,64.0,0.0,148.0,0.0,1721542656.0,31872.0,0.19964,0.0,0.0,4.868003,4.868003,62.0,1.0,1.0,0.0,2.0,-0.0,1.0,0.0,78.0,1.0,4.868003,4.868003,0.410846,1.0,0.0,3.0,1.0,0.0,78.0,0.0,226.0,74.0,6.0
12.472451,0.801767,64256.0,0.0,9.977962,0.19964,0.0,0.0,0.0,1.0,0.0,86369.234375,5827.129395,0.0,64.0,0.0,656.0,0.0,1721542656.0,31872.0,0.19964,0.0,80542.101562,0.801767,0.801767,62.0,0.0,11.0,0.0,9.0,-0.0,1.0,0.0,8879.0,1.0,0.801767,0.801767,23.697659,0.0,0.0,20.0,0.0,0.0,807.181824,0.0,9535.0,72.888885,6.0
26.018631,0.538076,64256.0,0.0,24.160156,0.061292,0.0,0.0,0.0,0.0,0.0,146953.203125,14986.731445,0.0,64.0,0.0,1085.0,0.000496,1721542656.0,31872.0,0.061788,0.0,131966.484375,0.538076,0.538076,62.0,0.0,15.0,0.0,14.0,-0.0,0.0,0.0,9509.0,0.0,0.538076,0.538076,52.037262,0.0,0.0,29.0,0.0,0.0,633.93335,0.0,10594.0,77.5,6.0
22.624743,0.662991,64256.0,0.0,22.624743,0.062244,0.0,0.0,0.0,0.0,0.0,125624.632812,13767.90918,0.0,64.0,0.0,1217.0,0.0,1721542656.0,31872.0,0.062244,0.0,111856.726562,0.662991,0.662991,62.0,0.0,16.0,0.0,16.0,-0.0,0.0,0.0,9887.0,0.0,0.662991,0.662991,46.757801,0.0,0.0,32.0,0.0,0.0,617.9375,0.0,11104.0,76.0625,6.0
30.25017,0.495865,64256.0,0.0,26.216814,0.062502,0.0,0.0,0.0,0.0,0.0,170627.09375,16262.491211,0.0,64.0,0.0,1085.0,0.000496,1721542656.0,31872.0,0.062998,0.0,154364.59375,0.495865,0.495865,62.0,0.0,16.0,0.0,14.0,-0.0,0.0,0.0,10205.0,0.0,0.495865,0.495865,58.483662,0.0,0.0,30.0,0.0,0.0,637.8125,0.0,11290.0,77.5,6.0
23.727345,0.632182,64256.0,0.0,23.727345,0.062071,0.0,0.0,0.0,0.0,0.0,139352.28125,14438.879883,0.0,64.0,0.0,1217.0,0.000502,1721542656.0,31872.0,0.062573,0.0,124913.398438,0.632182,0.632182,62.0,0.0,16.0,0.0,16.0,-0.0,0.0,0.0,10529.0,0.0,0.632182,0.632182,49.03651,0.0,0.0,32.0,0.0,0.0,658.0625,0.0,11746.0,76.0625,6.0
26.222494,0.572028,64256.0,0.0,26.222494,0.061975,0.0,0.0,0.0,0.0,0.0,158341.90625,15957.261719,0.0,64.0,0.0,1217.0,0.0,1721542656.0,31872.0,0.061975,0.0,142384.640625,0.572028,0.572028,62.0,0.0,16.0,0.0,16.0,-0.0,0.0,0.0,10859.0,0.0,0.572028,0.572028,54.193153,0.0,0.0,32.0,0.0,0.0,678.6875,0.0,12076.0,76.0625,6.0
19.845734,0.75583,64256.0,0.0,19.845734,0.05673,0.0,0.0,0.0,0.0,0.0,123170.554688,12076.790039,0.0,64.0,0.0,1217.0,0.004969,1721542656.0,31872.0,0.061699,0.0,111093.765625,0.75583,0.75583,62.0,0.0,16.0,0.0,16.0,-0.0,0.0,0.0,11195.0,0.0,0.75583,0.75583,41.014515,0.0,0.0,32.0,0.0,0.0,699.6875,0.0,12412.0,76.0625,6.0
27.391491,0.584123,64256.0,0.0,23.967554,0.065104,0.0,0.0,0.0,0.0,0.0,164294.15625,14722.925781,0.0,64.0,0.0,1151.0,0.000491,1721542656.0,31872.0,0.065595,0.0,149571.234375,0.584123,0.584123,62.0,0.0,17.0,0.0,15.0,-0.0,0.0,0.0,11603.0,0.0,0.584123,0.584123,53.071014,0.0,0.0,32.0,0.0,0.0,682.529419,0.0,12754.0,76.73333,6.0
20.762691,0.770613,64256.0,0.0,18.167355,0.060241,0.0,0.0,0.0,0.0,0.0,127929.320312,11159.946289,0.0,64.0,0.0,1151.0,0.000497,1721542656.0,31872.0,0.060738,0.0,116769.375,0.770613,0.770613,62.0,0.0,17.0,0.0,15.0,-0.0,0.0,0.0,11951.0,0.0,0.770613,0.770613,40.227715,0.0,0.0,32.0,0.0,0.0,703.0,0.0,13102.0,76.73333,6.0
28.831532,0.554948,64256.0,0.0,25.227591,0.061227,0.0,0.0,0.0,0.0,0.0,182460.34375,15496.948242,0.0,64.0,0.0,1151.0,0.0,1721542656.0,31872.0,0.061227,0.0,166963.40625,0.554948,0.554948,62.0,0.0,17.0,0.0,15.0,-0.0,0.0,0.0,12305.0,0.0,0.554948,0.554948,55.861092,0.0,0.0,32.0,0.0,0.0,723.823547,0.0,13456.0,76.73333,6.0
25.910343,0.617514,64256.0,0.0,22.671551,0.061363,0.0,0.0,0.0,0.0,0.0,168352.453125,13926.80957,0.0,64.0,0.0,1151.0,0.001013,1721542656.0,31872.0,0.062376,0.0,154425.640625,0.617514,0.617514,62.0,0.0,17.0,0.0,15.0,-0.0,0.0,0.0,12665.0,0.0,0.617514,0.617514,50.20129,0.0,0.0,32.0,0.0,0.0,745.0,0.0,13816.0,76.73333,6.0
19.283466,0.9853,64256.0,0.0,18.268547,0.060123,0.0,0.0,0.0,0.0,0.0,114807.671875,10977.367188,0.0,64.0,0.0,1427.0,0.000599,1721542656.0,31872.0,0.060722,0.0,103830.304688,0.9853,0.9853,62.0,0.0,20.0,0.0,19.0,-0.0,0.0,0.0,13461.0,1.0,0.9853,0.9853,38.566933,0.0,0.0,39.0,0.0,0.0,673.049988,0.0,14888.0,75.105263,6.0
4.503369,4.441119,64256.0,2.0,4.278201,0.168581,1.0,5.0,0.0,0.0,10.869565,26051.091797,2575.927246,0.0,64.0,0.0,1505.0,0.0,1721542656.0,31872.0,0.168581,0.0,23475.164062,4.441119,4.441119,62.0,0.0,21.0,0.0,20.0,-0.0,0.0,0.0,13683.0,0.0,4.441119,4.441119,9.006739,0.0,0.0,41.0,3.0,0.0,651.571411,0.0,15188.0,75.25,6.0
0.242479,4.124076,8222720.0,1.0,0.727436,0.0,1.0,4.0,0.0,0.0,40.0,574.18927,430.641937,0.0,64.0,0.0,296.0,0.0,1721542656.0,4077568.0,0.0,0.0,143.547318,4.124076,4.124076,62.0,0.0,2.0,0.0,4.0,-0.0,0.0,0.0,148.0,0.0,4.124076,4.124076,1.212393,0.0,0.0,6.0,3.0,0.0,74.0,0.0,444.0,74.0,6.0
12.627139,1.267112,64256.0,0.0,12.627139,0.167731,0.0,1.0,0.0,0.0,2.857143,89469.59375,7626.791992,0.0,64.0,0.0,1283.0,0.0,1721542656.0,31872.0,0.167731,0.0,81842.804688,1.267112,1.267112,62.0,0.0,17.0,0.0,17.0,-0.0,1.0,0.0,13773.0,0.0,1.267112,1.267112,26.043474,1.0,0.0,34.0,1.0,0.0,810.176453,0.0,15056.0,75.470589,6.0
4.252964,4.467472,64256.0,2.0,4.252964,0.168153,1.0,5.0,0.0,0.0,11.111111,27023.783203,2560.732178,0.0,64.0,0.0,1505.0,0.000611,1721542656.0,31872.0,0.168764,0.0,24463.050781,4.467472,4.467472,62.0,0.0,20.0,0.0,20.0,-0.0,0.0,0.0,14379.0,0.0,4.467472,4.467472,8.729769,0.0,0.0,40.0,3.0,0.0,718.950012,0.0,15884.0,75.25,6.0
6.181214,2.912049,64256.0,0.0,6.181214,0.153012,0.0,3.0,0.0,0.0,7.317073,41971.816406,3747.189697,0.0,64.0,0.0,1439.0,0.0,1721542656.0,31872.0,0.153012,0.0,38224.628906,2.912049,2.912049,62.0,0.0,19.0,0.0,19.0,-0.0,0.0,0.0,14687.0,0.0,2.912049,2.912049,12.70583,1.0,0.0,38.0,3.0,0.0,773.0,0.0,16126.0,75.736839,6.0
16.714924,1.076882,64256.0,0.0,13.929103,0.091671,0.0,0.0,0.0,0.0,0.0,114634.65625,8476.323242,0.0,64.0,0.0,1217.0,0.0,1721542656.0,31872.0,0.091671,0.0,106158.335938,1.076882,1.076882,62.0,0.0,19.0,0.0,16.0,-0.0,0.0,0.0,15083.0,0.0,1.076882,1.076882,31.572632,0.0,0.0,35.0,0.0,0.0,793.842102,0.0,16300.0,76.0625,6.0
14.841756,1.280172,64256.0,0.0,11.717175,0.153655,0.0,0.0,0.0,0.0,0.0,99455.382812,7130.291992,0.0,64.0,0.0,1217.0,0.000581,1721542656.0,31872.0,0.154236,0.0,92325.09375,1.280172,1.280172,62.0,0.0,20.0,0.0,16.0,-0.0,0.0,0.0,15551.0,0.0,1.280172,1.280172,27.340076,0.0,0.0,36.0,0.0,0.0,777.549988,0.0,16768.0,76.0625,6.0
8.851683,2.485403,64256.0,1.0,6.839937,0.106072,1.0,4.0,0.0,0.0,8.888889,53963.078125,4155.462891,0.0,64.0,0.0,1366.0,0.000667,1721542656.0,31872.0,0.106739,0.0,49807.617188,2.485403,2.485403,62.0,0.0,23.0,0.0,18.0,-0.0,0.0,0.0,16177.0,1.0,2.485403,2.485403,16.093969,0.0,0.0,41.0,3.0,0.0,703.347839,0.0,17543.0,75.888885,6.0
4.445989,4.273515,64256.0,0.0,3.97799,0.169346,0.0,2.0,0.0,0.0,5.0,31661.054688,2542.169434,0.0,64.0,0.0,1437.0,0.000843,1721542656.0,31872.0,0.170189,0.0,29118.884766,4.273515,4.273515,62.0,0.0,20.0,0.0,18.0,-0.0,0.0,0.0,16373.0,0.0,4.273515,4.273515,8.657978,1.0,0.0,38.0,2.0,0.0,818.650024,0.0,17810.0,79.833336,6.0
34.228374,0.555095,64256.0,0.0,27.0224,0.059444,0.0,0.0,0.0,0.0,0.0,246372.234375,16444.03125,0.0,64.0,0.0,1217.0,0.000499,1721542656.0,31872.0,0.059943,0.0,229928.203125,0.555095,0.555095,62.0,0.0,20.0,0.0,16.0,-0.0,0.0,0.0,16793.0,0.0,0.555095,0.555095,63.052269,0.0,0.0,36.0,0.0,0.0,839.650024,0.0,18010.0,76.0625,6.0
4.020939,4.973962,64256.0,1.0,3.819893,0.161966,1.0,5.0,0.0,0.0,10.869565,28802.794922,2312.844482,0.0,64.0,0.0,1513.0,0.000501,1721542656.0,31872.0,0.162467,0.0,26489.949219,4.973962,4.973962,62.0,0.0,21.0,0.0,20.0,-0.0,0.0,0.0,17293.0,0.0,4.973962,4.973962,8.041879,0.0,0.0,41.0,4.0,0.0,823.476196,0.0,18806.0,75.650002,6.0
2.00143,4.996427,64256.0,0.0,2.00143,0.277631,0.0,3.0,0.0,0.0,12.0,6872.11084,1437.827515,1.0,64.0,0.0,987.0,0.001623,1721542656.0,31872.0,0.279254,0.0,5434.283203,4.996427,4.996427,62.0,0.0,11.0,0.0,11.0,-0.0,0.0,0.0,3733.0,1.0,4.996427,4.996427,4.203003,1.0,0.0,22.0,3.0,0.0,339.363647,0.0,4720.0,89.727272,6.0
18.226072,0.603531,64256.0,0.0,13.255325,0.277631,0.0,0.0,0.0,1.0,0.0,178880.625,7210.896973,0.0,64.0,0.0,611.0,0.001623,1721542656.0,31872.0,0.279254,0.0,171669.71875,0.603531,0.603531,62.0,0.0,12.0,0.0,9.0,-0.0,1.0,0.0,14128.0,1.0,0.603531,0.603531,33.138313,0.0,0.0,21.0,0.0,0.0,1177.333374,0.0,14739.0,67.888885,6.0
4.664716,4.716257,64256.0,1.0,3.816586,0.275609,1.0,2.0,0.0,0.0,4.545455,31993.166016,2288.255127,0.0,64.0,0.0,1423.0,0.002057,1721542656.0,31872.0,0.277666,0.0,29704.912109,4.716257,4.716257,62.0,0.0,23.0,0.0,19.0,-0.0,0.0,0.0,18307.0,1.0,4.716257,4.716257,8.693335,0.0,0.0,42.0,1.0,0.0,795.956543,0.0,19730.0,74.894737,6.0
0.0,0.000517,64256.0,0.0,0.0,0.275609,0.0,0.0,0.0,0.0,0.0,0.0,0.0,0.0,64.0,0.0,66.0,0.002057,1721542656.0,31872.0,0.277666,0.0,0.0,0.000517,0.000517,62.0,0.0,1.0,0.0,1.0,-0.0,1.0,0.0,66.0,1.0,0.000517,0.000517,1934.236084,0.0,0.0,2.0,0.0,0.0,66.0,0.0,132.0,66.0,6.0
0.0,3.093885,8222720.0,0.0,0.646436,0.0,0.0,2.0,0.0,0.0,33.333333,382.690369,382.690369,0.0,64.0,0.0,222.0,0.00126,1721542656.0,4077568.0,0.00126,0.0,0.0,3.093885,3.093885,62.0,0.0,1.0,0.0,3.0,-0.0,0.0,0.0,74.0,0.0,3.093885,3.093885,0.969655,1.0,0.0,4.0,2.0,0.0,74.0,0.0,296.0,74.0,6.0
0.0,0.000461,64256.0,0.0,0.0,0.275609,0.0,0.0,0.0,0.0,0.0,0.0,0.0,0.0,64.0,0.0,66.0,0.002057,1721542656.0,31872.0,0.277666,0.0,0.0,0.000461,0.000461,62.0,0.0,1.0,0.0,1.0,-0.0,1.0,0.0,66.0,1.0,0.000461,0.000461,2169.19751,0.0,0.0,2.0,0.0,0.0,66.0,0.0,132.0,66.0,6.0
0.0,0.0,197300.1840419336,0.0,0.0,0.0,0.0,0.0,0.0,0.0,0.0,0.0,0.0,0.0,64.0,0.0,74.0,0.00126,1721542656.0,95686.87047841308,0.00126,0.0,0.0,0.0,0.0,62.0,0.0,0.0,0.0,1.0,-0.0,1.0,0.0,0.0,0.0,0.0,0.0,0.0,1.0,0.0,1.0,1.0,0.0,0.0,0.0,74.0,74.0,6.0
1.536171,3.905814,64256.0,0.0,1.7922,0.263711,0.0,1.0,0.0,0.0,6.25,2259.196289,1181.827881,0.0,64.0,0.0,659.0,0.00126,1721542656.0,31872.0,0.264971,0.0,1077.368286,3.905814,3.905814,62.0,0.0,7.0,0.0,8.0,-0.0,1.0,0.0,613.0,1.0,3.905814,3.905814,3.5844,1.0,0.0,15.0,1.0,0.0,87.571426,0.0,1272.0,82.375,6.0
13.69161,1.022524,64256.0,0.0,11.735666,0.263711,0.0,0.0,0.0,1.0,0.0,138895.515625,6650.210449,0.0,64.0,0.0,920.0,0.00126,1721542656.0,31872.0,0.264971,0.0,132245.3125,1.022524,1.022524,62.0,0.0,15.0,0.0,13.0,-0.0,1.0,0.0,18110.0,1.0,1.022524,1.022524,26.405249,0.0,0.0,28.0,0.0,0.0,1207.333374,0.0,19030.0,70.769234,6.0
13.720925,1.530509,64256.0,0.0,10.454039,0.169075,0.0,0.0,0.0,0.0,0.0,101691.65625,6314.239258,0.0,64.0,0.0,1283.0,0.000521,1721542656.0,31872.0,0.169596,0.0,95377.421875,1.530509,1.530509,62.0,0.0,22.0,0.0,17.0,-0.0,0.0,0.0,19115.0,0.0,1.530509,1.530509,24.828342,0.0,0.0,39.0,0.0,0.0,868.863647,0.0,20398.0,75.470589,6.0
21.547039,1.067432,64256.0,0.0,15.926072,0.076113,0.0,2.0,0.0,0.0,4.545455,151219.0,9615.600586,0.0,64.0,0.0,1358.0,0.001064,1721542656.0,31872.0,0.077177,0.0,141603.390625,1.067432,1.067432,62.0,0.0,24.0,0.0,18.0,-0.0,0.0,0.0,19715.0,1.0,1.067432,1.067432,38.409939,1.0,0.0,42.0,2.0,0.0,821.458313,0.0,21073.0,75.444443,6.0
11.537872,1.906764,64256.0,0.0,8.915628,0.153147,0.0,0.0,0.0,0.0,0.0,86013.789062,5349.376953,0.0,64.0,0.0,1349.0,0.000497,1721542656.0,31872.0,0.153644,0.0,80664.414062,1.906764,1.906764,62.0,0.0,23.0,0.0,18.0,-0.0,0.0,0.0,20099.0,0.0,1.906764,1.906764,20.977949,0.0,0.0,41.0,0.0,0.0,873.869568,0.0,21448.0,74.944443,6.0
14.690377,1.497579,64256.0,0.0,11.351655,0.152864,0.0,0.0,0.0,0.0,0.0,111903.28125,6810.993164,0.0,64.0,0.0,1349.0,0.000823,1721542656.0,31872.0,0.153687,0.0,105092.289062,1.497579,1.497579,62.0,0.0,23.0,0.0,18.0,-0.0,0.0,0.0,20567.0,0.0,1.497579,1.497579,26.709776,0.0,0.0,41.0,0.0,0.0,894.217407,0.0,21916.0,74.944443,6.0
14.03005,1.710614,64256.0,0.0,10.522538,0.16833,0.0,2.0,0.0,0.0,4.347826,101427.914062,6313.522461,0.0,64.0,0.0,1424.0,0.0,1721542656.0,31872.0,0.16833,0.0,95114.390625,1.710614,1.710614,62.0,0.0,25.0,0.0,19.0,-0.0,0.0,0.0,21185.0,1.0,1.710614,1.710614,25.137173,1.0,0.0,44.0,2.0,0.0,847.400024,0.0,22609.0,74.947365,6.0
5.271225,4.553021,64256.0,2.0,4.392688,0.168848,1.0,5.0,0.0,0.0,9.803922,39182.777344,2630.341553,0.0,64.0,0.0,1571.0,0.0,1721542656.0,31872.0,0.168848,0.0,36552.433594,4.553021,4.553021,62.0,0.0,25.0,0.0,21.0,-0.0,0.0,0.0,21669.0,0.0,4.553021,4.553021,9.883548,0.0,0.0,46.0,3.0,0.0,866.76001,0.0,23240.0,74.809525,6.0
7.257431,3.582535,64256.0,0.0,6.699167,0.155656,0.0,3.0,0.0,0.0,5.454545,52023.496094,3986.004395,0.0,64.0,0.0,1859.0,0.0,1721542656.0,31872.0,0.155656,0.0,48037.492188,3.582535,3.582535,62.0,0.0,27.0,0.0,25.0,-0.0,0.0,0.0,22339.0,1.0,3.582535,3.582535,14.235729,1.0,0.0,52.0,3.0,0.0,827.370361,0.0,24198.0,74.360001,6.0
41.518944,0.553964,64256.0,0.0,30.687914,0.060792,0.0,0.0,0.0,0.0,0.0,330707.40625,18412.748047,0.0,64.0,0.0,1349.0,0.00046,1721542656.0,31872.0,0.061252,0.0,312294.65625,0.553964,0.553964,62.0,0.0,24.0,0.0,18.0,-0.0,0.0,0.0,22565.0,0.0,0.553964,0.553964,74.012024,0.0,0.0,42.0,0.0,0.0,940.208313,0.0,23914.0,74.944443,6.0
34.454811,0.667541,64256.0,0.0,28.462669,0.061334,0.0,0.0,0.0,0.0,0.0,281750.46875,16861.884766,0.0,64.0,0.0,1481.0,0.000495,1721542656.0,31872.0,0.061829,0.0,264888.59375,0.667541,0.667541,62.0,0.0,24.0,0.0,20.0,-0.0,0.0,0.0,23063.0,0.0,0.667541,0.667541,64.41552,0.0,0.0,44.0,0.0,0.0,960.958313,0.0,24544.0,74.050003,6.0
43.210388,0.555422,64256.0,0.0,32.407791,0.061484,0.0,0.0,0.0,0.0,0.0,346100.8125,19315.042969,0.0,64.0,0.0,1415.0,0.000987,1721542656.0,31872.0,0.062471,0.0,326785.75,0.555422,0.555422,62.0,0.0,25.0,0.0,19.0,-0.0,0.0,0.0,23633.0,0.0,0.555422,0.555422,77.41861,0.0,0.0,44.0,0.0,0.0,945.320007,0.0,25048.0,74.473686,6.0
41.927769,0.572413,64256.0,0.0,31.445826,0.059061,0.0,0.0,0.0,0.0,0.0,342675.625,18741.710938,0.0,64.0,0.0,1415.0,0.000528,1721542656.0,31872.0,0.059589,0.0,323933.9375,0.572413,0.572413,62.0,0.0,25.0,0.0,19.0,-0.0,0.0,0.0,24143.0,0.0,0.572413,0.572413,75.120583,0.0,0.0,44.0,0.0,0.0,965.719971,0.0,25558.0,74.473686,6.0
43.057205,0.557398,64256.0,0.0,32.292904,0.059882,0.0,0.0,0.0,0.0,0.0,359010.96875,19246.570312,0.0,64.0,0.0,1415.0,0.001314,1721542656.0,31872.0,0.061196,0.0,339764.40625,0.557398,0.557398,62.0,0.0,25.0,0.0,19.0,-0.0,0.0,0.0,24659.0,0.0,0.557398,0.557398,77.144157,0.0,0.0,44.0,0.0,0.0,986.359985,0.0,26074.0,74.473686,6.0
38.430145,0.650531,64256.0,0.0,30.744116,0.045949,0.0,0.0,0.0,0.0,0.0,316664.375,18126.730469,0.0,64.0,0.0,1547.0,0.00078,1721542656.0,31872.0,0.046729,0.0,298537.65625,0.650531,0.650531,62.0,0.0,26.0,0.0,21.0,-0.0,0.0,0.0,25247.0,0.0,0.650531,0.650531,70.711464,0.0,0.0,47.0,0.0,0.0,971.038452,0.0,26794.0,73.666664,6.0
43.750427,0.571423,64256.0,0.0,35.000343,0.046645,0.0,0.0,0.0,0.0,0.0,367615.59375,20636.201172,0.0,64.0,0.0,1547.0,0.0,1721542656.0,31872.0,0.046645,0.0,346979.375,0.571423,0.571423,62.0,0.0,26.0,0.0,21.0,-0.0,0.0,0.0,25775.0,0.0,0.571423,0.571423,80.500786,0.0,0.0,47.0,0.0,0.0,991.34613,0.0,27322.0,73.666664,6.0
43.920364,0.569212,64256.0,0.0,31.622663,0.060461,0.0,0.0,0.0,0.0,0.0,374398.25,18847.107422,0.0,64.0,0.0,1415.0,0.0,1721542656.0,31872.0,0.060461,0.0,355551.15625,0.569212,0.569212,62.0,0.0,26.0,0.0,19.0,-0.0,0.0,0.0,26309.0,0.0,0.569212,0.569212,77.299843,0.0,0.0,45.0,0.0,0.0,1011.884644,0.0,27724.0,74.473686,6.0
39.1525,0.66407,64256.0,0.0,28.611441,0.060391,0.0,0.0,0.0,0.0,0.0,329194.21875,16950.019531,0.0,64.0,0.0,1481.0,0.000496,1721542656.0,31872.0,0.060887,0.0,312244.1875,0.66407,0.66407,62.0,0.0,27.0,0.0,20.0,-0.0,0.0,0.0,26915.0,0.0,0.66407,0.66407,69.269806,0.0,0.0,47.0,0.0,0.0,996.851868,0.0,28396.0,74.050003,6.0
25.875847,1.004798,64256.0,0.0,18.909273,0.04837,0.0,0.0,0.0,0.0,0.0,221744.0625,11202.250977,0.0,64.0,0.0,1481.0,0.012889,1721542656.0,31872.0,0.061259,0.0,210541.8125,1.004798,1.004798,62.0,0.0,27.0,0.0,20.0,-0.0,0.0,0.0,27461.0,0.0,1.004798,1.004798,45.780342,0.0,0.0,47.0,0.0,0.0,1017.074097,0.0,28942.0,74.050003,6.0
18.681288,1.498826,64256.0,0.0,12.676588,0.154126,0.0,0.0,0.0,0.0,0.0,152556.734375,7509.877441,0.0,64.0,0.0,1481.0,0.001003,1721542656.0,31872.0,0.155129,0.0,145046.859375,1.498826,1.498826,62.0,0.0,29.0,0.0,20.0,-0.0,0.0,0.0,28145.0,0.0,1.498826,1.498826,32.025063,0.0,0.0,49.0,0.0,0.0,970.517212,0.0,29626.0,74.050003,6.0
18.248016,1.479613,64256.0,0.0,12.841196,0.152619,0.0,0.0,0.0,0.0,0.0,156916.703125,7607.39502,0.0,64.0,0.0,1481.0,0.000662,1721542656.0,31872.0,0.153281,0.0,149309.3125,1.479613,1.479613,62.0,0.0,28.0,0.0,20.0,-0.0,0.0,0.0,28637.0,0.0,1.479613,1.479613,31.765064,0.0,0.0,48.0,0.0,0.0,1022.75,0.0,30118.0,74.050003,6.0
6.484349,4.472307,64256.0,2.0,4.919161,0.151495,1.0,5.0,0.0,0.0,8.62069,53663.578125,2913.932129,0.0,64.0,0.0,1703.0,0.000496,1721542656.0,31872.0,0.151991,0.0,50749.644531,4.472307,4.472307,62.0,0.0,30.0,0.0,23.0,-0.0,0.0,0.0,29349.0,0.0,4.472307,4.472307,11.627109,0.0,0.0,53.0,3.0,0.0,978.299988,0.0,31052.0,74.04348,6.0
0.0,0.0,64256.0,0.0,0.0,0.151495,0.0,0.0,0.0,0.0,0.0,0.0,0.0,0.0,64.0,0.0,66.0,0.000496,1721542656.0,31872.0,0.151991,0.0,0.0,0.0,0.0,62.0,0.0,1.0,0.0,1.0,-0.0,1.0,0.0,66.0,0.0,0.0,0.0,0.0,0.0,0.0,2.0,0.0,0.0,66.0,0.0,132.0,66.0,6.0
19.597599,1.479773,64256.0,0.0,13.515586,0.168025,0.0,0.0,0.0,0.0,0.0,164246.8125,7968.789551,0.0,64.0,0.0,1547.0,0.0,1721542656.0,31872.0,0.168025,0.0,156278.015625,1.479773,1.479773,62.0,0.0,30.0,0.0,21.0,-0.0,0.0,0.0,29903.0,0.0,1.479773,1.479773,33.788967,0.0,0.0,51.0,0.0,0.0,996.766663,0.0,31450.0,73.666664,6.0
12.073381,2.484805,64256.0,1.0,8.853813,0.121438,1.0,3.0,0.0,0.0,5.263158,100418.335938,5222.140137,0.0,64.0,0.0,1695.0,0.000864,1721542656.0,31872.0,0.122302,0.0,95196.195312,2.484805,2.484805,62.0,0.0,31.0,0.0,23.0,-0.0,0.0,0.0,30553.0,0.0,2.484805,2.484805,21.329641,0.0,0.0,54.0,2.0,0.0,985.580627,0.0,32248.0,73.695656,6.0
19.392208,1.495446,64256.0,0.0,13.373937,0.154025,0.0,0.0,0.0,0.0,0.0,168511.609375,7885.273438,0.0,64.0,0.0,1547.0,0.000658,1721542656.0,31872.0,0.154683,0.0,160626.328125,1.495446,1.495446,62.0,0.0,30.0,0.0,21.0,-0.0,0.0,0.0,31061.0,0.0,1.495446,1.495446,33.434841,0.0,0.0,51.0,0.0,0.0,1035.366699,0.0,32608.0,73.666664,6.0
11.030906,2.810286,64256.0,0.0,11.030906,0.153166,0.0,3.0,0.0,0.0,4.477612,94233.820312,6402.195312,0.0,64.0,0.0,2321.0,0.0,1721542656.0,55040.0,0.153166,0.0,87831.625,2.810286,2.810286,62.0,0.0,32.0,0.0,32.0,-0.0,0.0,0.0,31849.0,1.0,2.810286,2.810286,22.417646,1.0,0.0,64.0,3.0,0.0,995.28125,0.0,34170.0,72.53125,6.0
19.303503,1.502318,64256.0,0.0,13.31276,0.169341,0.0,0.0,0.0,0.0,0.0,173827.375,7849.203613,0.0,64.0,0.0,1547.0,0.001577,1721542656.0,31872.0,0.170918,0.0,165978.171875,1.502318,1.502318,62.0,0.0,30.0,0.0,21.0,-0.0,0.0,0.0,32243.0,0.0,1.502318,1.502318,33.281902,0.0,0.0,51.0,0.0,0.0,1074.766724,0.0,33790.0,73.666664,6.0
16.090088,1.864502,64256.0,0.0,11.263062,0.167187,0.0,0.0,0.0,0.0,0.0,143257.5625,6607.662598,0.0,64.0,0.0,1613.0,0.001004,1721542656.0,31872.0,0.168191,0.0,136649.890625,1.864502,1.864502,62.0,0.0,31.0,0.0,22.0,-0.0,0.0,0.0,32909.0,0.0,1.864502,1.864502,27.889486,0.0,0.0,53.0,0.0,0.0,1061.580688,0.0,34522.0,73.318184,6.0
15.264482,0.589604,64256.0,0.0,20.352642,0.061231,0.0,0.0,0.0,0.0,0.0,27788.142578,12767.891602,0.0,64.0,0.0,1019.0,0.001009,1721542656.0,31872.0,0.06224,0.0,15020.25,0.589604,0.589604,62.0,0.0,10.0,0.0,13.0,-0.0,0.0,0.0,1229.0,0.0,0.589604,0.589604,37.313179,0.0,0.0,23.0,0.0,0.0,122.900002,0.0,2248.0,78.384613,7.0
2.149179,3.722352,64256.0,0.0,2.417826,0.154063,0.0,2.0,0.0,0.0,9.52381,3859.925049,1603.287354,1.0,64.0,0.0,828.0,0.001003,1721542656.0,31872.0,0.155066,0.0,2256.637695,3.722352,3.722352,62.0,0.0,9.0,0.0,10.0,-0.0,0.0,0.0,1181.0,1.0,3.722352,3.722352,4.835652,1.0,0.0,19.0,2.0,0.0,131.222229,0.0,2009.0,82.800003,7.0
11.859372,0.168643,64256.0,0.0,11.859372,0.154063,0.0,0.0,0.0,1.0,0.0,12997.871094,6546.373047,0.0,64.0,0.0,207.0,0.001003,1721542656.0,31872.0,0.155066,0.0,6451.498047,0.168643,0.168643,62.0,0.0,3.0,0.0,3.0,-0.0,1.0,0.0,204.0,1.0,0.168643,0.168643,29.64843,0.0,0.0,6.0,0.0,0.0,68.0,0.0,411.0,69.0,7.0
6.873629,1.309352,64256.0,0.0,7.637365,0.168158,0.0,0.0,0.0,0.0,0.0,11859.300781,4930.683105,0.0,64.0,0.0,887.0,0.000504,1721542656.0,31872.0,0.168662,0.0,6928.617676,1.309352,1.309352,62.0,0.0,10.0,0.0,11.0,-0.0,0.0,0.0,1259.0,0.0,1.309352,1.309352,15.274731,0.0,0.0,21.0,0.0,0.0,125.900002,0.0,2146.0,80.63636,7.0
6.002177,1.499456,64256.0,0.0,8.002902,0.154046,0.0,0.0,0.0,0.0,0.0,11182.72168,5020.487305,0.0,64.0,0.0,1019.0,0.000934,1721542656.0,31872.0,0.15498,0.0,6162.234863,1.499456,1.499456,62.0,0.0,10.0,0.0,13.0,-0.0,0.0,0.0,1283.0,0.0,1.499456,1.499456,14.671988,0.0,0.0,23.0,0.0,0.0,128.300003,0.0,2302.0,78.384613,7.0
12.660151,0.710892,64256.0,0.0,16.880201,0.061611,0.0,0.0,0.0,0.0,0.0,23891.111328,10589.512695,0.0,64.0,0.0,1019.0,0.0,1721542656.0,31872.0,0.061611,0.0,13301.598633,0.710892,0.710892,62.0,0.0,10.0,0.0,13.0,-0.0,0.0,0.0,1313.0,0.0,0.710892,0.710892,30.947035,0.0,0.0,23.0,0.0,0.0,131.300003,0.0,2332.0,78.384613,7.0
7.477474,1.203615,64256.0,0.0,8.308305,0.076321,0.0,0.0,0.0,0.0,0.0,13439.513672,5363.841797,0.0,64.0,0.0,887.0,0.002349,1721542656.0,31872.0,0.07867,0.0,8075.672363,1.203615,1.203615,62.0,0.0,10.0,0.0,11.0,-0.0,0.0,0.0,1349.0,0.0,1.203615,1.203615,16.61661,0.0,0.0,21.0,0.0,0.0,134.899994,0.0,2236.0,80.63636,7.0
6.562599,1.371408,64256.0,0.0,7.291776,0.167703,0.0,0.0,0.0,0.0,0.0,12011.013672,4707.570801,0.0,64.0,0.0,887.0,0.000895,1721542656.0,31872.0,0.168598,0.0,7303.442871,1.371408,1.371408,62.0,0.0,10.0,0.0,11.0,-0.0,0.0,0.0,1391.0,0.0,1.371408,1.371408,14.583552,0.0,0.0,21.0,0.0,0.0,139.100006,0.0,2278.0,80.63636,7.0
15.74167,0.571731,64256.0,0.0,20.988894,0.045216,0.0,0.0,0.0,0.0,0.0,31301.435547,13167.032227,0.0,64.0,0.0,1019.0,0.000972,1721542656.0,31872.0,0.046188,0.0,18134.402344,0.571731,0.571731,62.0,0.0,10.0,0.0,13.0,-0.0,0.0,0.0,1439.0,0.0,0.571731,0.571731,38.479637,0.0,0.0,23.0,0.0,0.0,143.899994,0.0,2458.0,78.384613,7.0
13.573024,0.66308,64256.0,0.0,18.097364,0.060967,0.0,0.0,0.0,0.0,0.0,27568.318359,11353.080078,0.0,64.0,0.0,1019.0,0.000493,1721542656.0,31872.0,0.06146,0.0,16215.238281,0.66308,0.66308,62.0,0.0,10.0,0.0,13.0,-0.0,0.0,0.0,1493.0,0.0,0.66308,0.66308,33.178501,0.0,0.0,23.0,0.0,0.0,149.300003,0.0,2512.0,78.384613,7.0
6.556551,1.525192,64256.0,0.0,7.867862,0.169554,0.0,0.0,0.0,0.0,0.0,12656.766602,4935.771973,0.0,64.0,0.0,1019.0,0.000993,1721542656.0,31872.0,0.170547,0.0,7720.995117,1.525192,1.525192,62.0,0.0,11.0,0.0,13.0,-0.0,0.0,0.0,1619.0,0.0,1.525192,1.525192,15.080069,0.0,0.0,24.0,0.0,0.0,147.181824,0.0,2638.0,78.384613,7.0
6.068428,1.483086,64256.0,0.0,6.742697,0.18347,0.0,0.0,0.0,0.0,0.0,12217.767578,4353.085449,0.0,64.0,0.0,887.0,0.000992,1721542656.0,31872.0,0.184462,0.0,7864.682129,1.483086,1.483086,62.0,0.0,10.0,0.0,11.0,-0.0,0.0,0.0,1619.0,0.0,1.483086,1.483086,13.485394,0.0,0.0,21.0,0.0,0.0,161.899994,0.0,2506.0,80.63636,7.0
6.01151,1.497128,64256.0,0.0,6.679456,0.184127,0.0,0.0,0.0,0.0,0.0,12445.161133,4312.256348,0.0,64.0,0.0,887.0,0.000999,1721542656.0,31872.0,0.185126,0.0,8132.905273,1.497128,1.497128,62.0,0.0,10.0,0.0,11.0,-0.0,0.0,0.0,1691.0,0.0,1.497128,1.497128,13.358912,0.0,0.0,21.0,0.0,0.0,169.100006,0.0,2578.0,80.63636,7.0
6.88942,1.306351,64256.0,0.0,7.654911,0.154236,0.0,0.0,0.0,0.0,0.0,14697.428711,4942.010254,0.0,64.0,0.0,887.0,0.000489,1721542656.0,31872.0,0.154725,0.0,9755.417969,1.306351,1.306351,62.0,0.0,10.0,0.0,11.0,-0.0,0.0,0.0,1769.0,0.0,1.306351,1.306351,15.309822,0.0,0.0,21.0,0.0,0.0,176.899994,0.0,2656.0,80.63636,7.0
2.281282,4.82185,64256.0,0.0,2.281282,0.167927,0.0,1.0,0.0,0.0,4.0,4544.313965,1506.47583,0.0,64.0,0.0,990.0,0.000966,1721542656.0,31872.0,0.168893,0.0,3037.838379,4.82185,4.82185,62.0,0.0,12.0,0.0,12.0,-0.0,0.0,0.0,1997.0,1.0,4.82185,4.82185,4.769954,1.0,0.0,24.0,1.0,0.0,166.416672,0.0,2987.0,82.5,7.0
2.225693,4.043684,64256.0,0.0,3.462189,0.147148,0.0,2.0,0.0,0.0,7.407407,5616.660645,2156.449463,0.0,64.0,0.0,1167.0,0.000491,1721542656.0,31872.0,0.147639,0.0,3460.210938,4.043684,4.043684,62.0,0.0,10.0,0.0,15.0,-0.0,0.0,0.0,1943.0,0.0,4.043684,4.043684,5.935182,1.0,0.0,25.0,2.0,0.0,194.300003,0.0,3110.0,77.800003,7.0
6.96472,1.292227,64256.0,0.0,9.286294,0.088726,0.0,0.0,0.0,0.0,0.0,17192.025391,5825.601562,0.0,64.0,0.0,1019.0,0.001083,1721542656.0,31872.0,0.089809,0.0,11366.423828,1.292227,1.292227,62.0,0.0,10.0,0.0,13.0,-0.0,0.0,0.0,2039.0,0.0,1.292227,1.292227,17.024872,0.0,0.0,23.0,0.0,0.0,203.899994,0.0,3058.0,78.384613,7.0
6.561005,1.371741,64256.0,0.0,7.290006,0.167989,0.0,0.0,0.0,0.0,0.0,15944.700195,4706.427734,0.0,64.0,0.0,887.0,0.001004,1721542656.0,31872.0,0.168993,0.0,11238.272461,1.371741,1.371741,62.0,0.0,10.0,0.0,11.0,-0.0,0.0,0.0,2141.0,0.0,1.371741,1.371741,14.580011,0.0,0.0,21.0,0.0,0.0,214.100006,0.0,3028.0,80.63636,7.0
7.214409,1.386115,64256.0,0.0,7.93585,0.167322,0.0,0.0,0.0,0.0,0.0,17193.378906,5044.314453,0.0,64.0,0.0,953.0,0.000492,1721542656.0,31872.0,0.167814,0.0,12149.064453,1.386115,1.386115,62.0,0.0,11.0,0.0,12.0,-0.0,0.0,0.0,2315.0,0.0,1.386115,1.386115,15.871699,0.0,0.0,23.0,0.0,0.0,210.454544,0.0,3268.0,79.416664,7.0
3.854115,3.113555,64256.0,0.0,4.496468,0.168494,0.0,3.0,0.0,0.0,9.677419,8923.561523,2818.643066,0.0,64.0,0.0,1175.0,0.000972,1721542656.0,31872.0,0.169466,0.0,6104.918945,3.113555,3.113555,62.0,0.0,13.0,0.0,15.0,-0.0,0.0,0.0,2573.0,1.0,3.113555,3.113555,8.67176,1.0,0.0,28.0,3.0,0.0,197.92308,0.0,3748.0,78.333336,7.0
7.207685,1.387408,64256.0,0.0,7.928453,0.167663,0.0,0.0,0.0,0.0,0.0,18405.544922,5039.613281,0.0,64.0,0.0,953.0,0.000491,1721542656.0,31872.0,0.168154,0.0,13365.930664,1.387408,1.387408,62.0,0.0,11.0,0.0,12.0,-0.0,0.0,0.0,2549.0,0.0,1.387408,1.387408,15.856907,0.0,0.0,23.0,0.0,0.0,231.72728,0.0,3502.0,79.416664,7.0
13.501124,0.740679,64256.0,0.0,16.201349,0.061713,0.0,0.0,0.0,0.0,0.0,36431.433594,10163.646484,0.0,64.0,0.0,1019.0,0.000493,1721542656.0,31872.0,0.062206,0.0,26267.789062,0.740679,0.740679,62.0,0.0,11.0,0.0,13.0,-0.0,0.0,0.0,2675.0,0.0,0.740679,0.740679,31.052588,0.0,0.0,24.0,0.0,0.0,243.181824,0.0,3694.0,78.384613,7.0
7.048056,1.418831,64256.0,0.0,7.752861,0.154431,0.0,0.0,0.0,0.0,0.0,19317.310547,4928.000488,0.0,64.0,0.0,953.0,0.001115,1721542656.0,31872.0,0.155546,0.0,14389.310547,1.418831,1.418831,62.0,0.0,11.0,0.0,12.0,-0.0,0.0,0.0,2807.0,0.0,1.418831,1.418831,15.505723,0.0,0.0,23.0,0.0,0.0,255.181824,0.0,3760.0,79.416664,7.0
17.571852,0.569092,64256.0,0.0,19.329037,0.059187,0.0,0.0,0.0,0.0,0.0,49932.175781,12286.239258,0.0,64.0,0.0,953.0,0.000989,1721542656.0,31872.0,0.060176,0.0,37645.9375,0.569092,0.569092,62.0,0.0,11.0,0.0,12.0,-0.0,0.0,0.0,2945.0,0.0,0.569092,0.569092,38.658073,0.0,0.0,23.0,0.0,0.0,267.727264,0.0,3898.0,79.416664,7.0
14.386647,0.695089,64256.0,0.0,15.825312,0.061555,0.0,0.0,0.0,0.0,0.0,42388.816406,10059.143555,0.0,64.0,0.0,953.0,0.000988,1721542656.0,31872.0,0.062543,0.0,32329.673828,0.695089,0.695089,62.0,0.0,11.0,0.0,12.0,-0.0,0.0,0.0,3089.0,0.0,0.695089,0.695089,31.650623,0.0,0.0,23.0,0.0,0.0,280.818176,0.0,4042.0,79.416664,7.0
12.98956,0.769849,64256.0,0.0,14.288516,0.060877,0.0,0.0,0.0,0.0,0.0,39685.703125,9082.300781,0.0,64.0,0.0,953.0,0.001141,1721542656.0,31872.0,0.062018,0.0,30603.404297,0.769849,0.769849,62.0,0.0,11.0,0.0,12.0,-0.0,0.0,0.0,3239.0,0.0,0.769849,0.769849,28.577032,0.0,0.0,23.0,0.0,0.0,294.454559,0.0,4192.0,79.416664,7.0
15.044109,0.664712,64256.0,0.0,16.548519,0.060406,0.0,0.0,0.0,0.0,0.0,47671.777344,10518.84082,0.0,64.0,0.0,953.0,0.000996,1721542656.0,31872.0,0.061402,0.0,37152.933594,0.664712,0.664712,62.0,0.0,11.0,0.0,12.0,-0.0,0.0,0.0,3395.0,0.0,0.664712,0.664712,33.097038,0.0,0.0,23.0,0.0,0.0,308.636353,0.0,4348.0,79.416664,7.0
12.691176,0.787949,64256.0,0.0,13.960294,0.077568,0.0,0.0,0.0,0.0,0.0,41708.28125,8873.670898,0.0,64.0,0.0,953.0,0.000505,1721542656.0,31872.0,0.078073,0.0,32834.609375,0.787949,0.787949,62.0,0.0,11.0,0.0,12.0,-0.0,0.0,0.0,3557.0,0.0,0.787949,0.787949,27.920588,0.0,0.0,23.0,0.0,0.0,323.363647,0.0,4510.0,79.416664,7.0
18.48094,0.541098,64256.0,0.0,20.329035,0.047225,0.0,0.0,0.0,0.0,0.0,62997.832031,12921.874023,0.0,64.0,0.0,953.0,0.000993,1721542656.0,31872.0,0.048218,0.0,50075.957031,0.541098,0.541098,62.0,0.0,11.0,0.0,12.0,-0.0,0.0,0.0,3725.0,0.0,0.541098,0.541098,40.65807,0.0,0.0,23.0,0.0,0.0,338.636353,0.0,4678.0,79.416664,7.0
15.793184,0.696503,64256.0,0.0,18.664673,0.060291,0.0,0.0,0.0,0.0,0.0,53329.277344,11577.839844,0.0,64.0,0.0,1085.0,0.000991,1721542656.0,31872.0,0.061282,0.0,41751.4375,0.696503,0.696503,62.0,0.0,12.0,0.0,14.0,-0.0,0.0,0.0,3965.0,0.0,0.696503,0.696503,35.8936,0.0,0.0,26.0,0.0,0.0,330.416656,0.0,5050.0,77.5,7.0
20.443817,0.53806,64256.0,0.0,24.160873,0.046096,0.0,0.0,0.0,0.0,0.0,71486.453125,14987.175781,0.0,64.0,0.0,1085.0,0.0,1721542656.0,31872.0,0.046096,0.0,56499.273438,0.53806,0.53806,62.0,0.0,12.0,0.0,14.0,-0.0,0.0,0.0,4145.0,0.0,0.53806,0.53806,46.463219,0.0,0.0,26.0,0.0,0.0,345.416656,0.0,5230.0,77.5,7.0
10.047175,1.094835,64256.0,0.0,10.047175,0.09076,0.0,0.0,0.0,0.0,0.0,35402.59375,6386.350098,0.0,64.0,0.0,953.0,0.004702,1721542656.0,31872.0,0.095462,0.0,29016.244141,1.094835,1.094835,62.0,0.0,12.0,0.0,12.0,-0.0,0.0,0.0,4331.0,0.0,1.094835,1.094835,21.00773,0.0,0.0,24.0,0.0,0.0,360.916656,0.0,5284.0,79.416664,7.0
8.183196,1.344218,64256.0,0.0,8.183196,0.153693,0.0,0.0,0.0,0.0,0.0,29882.056641,5201.537109,0.0,64.0,0.0,953.0,0.002133,1721542656.0,31872.0,0.155826,0.0,24680.519531,1.344218,1.344218,62.0,0.0,12.0,0.0,12.0,-0.0,0.0,0.0,4523.0,0.0,1.344218,1.344218,17.110319,0.0,0.0,24.0,0.0,0.0,376.916656,0.0,5476.0,79.416664,7.0
7.93106,1.386952,64256.0,0.0,7.93106,0.167955,0.0,0.0,0.0,0.0,0.0,30005.363281,5041.27002,0.0,64.0,0.0,953.0,0.000492,1721542656.0,31872.0,0.168447,0.0,24964.09375,1.386952,1.386952,62.0,0.0,12.0,0.0,12.0,-0.0,0.0,0.0,4721.0,0.0,1.386952,1.386952,16.583126,0.0,0.0,24.0,0.0,0.0,393.416656,0.0,5674.0,79.416664,7.0
2.652385,4.14721,64256.0,0.0,3.134637,0.148187,0.0,2.0,0.0,0.0,7.142857,10682.844727,1973.374756,0.0,64.0,0.0,1101.0,0.001646,1721542656.0,31872.0,0.149833,0.0,8709.469727,4.14721,4.14721,62.0,0.0,12.0,0.0,14.0,-0.0,0.0,0.0,4925.0,0.0,4.14721,4.14721,6.028149,1.0,0.0,26.0,2.0,0.0,410.416656,0.0,6026.0,78.64286,7.0
20.999617,0.571439,64256.0,0.0,22.749584,0.045456,0.0,0.0,0.0,0.0,0.0,81324.515625,14111.742188,0.0,64.0,0.0,1085.0,0.000982,1721542656.0,31872.0,0.046438,0.0,67212.773438,0.571439,0.571439,62.0,0.0,13.0,0.0,14.0,-0.0,0.0,0.0,5201.0,0.0,0.571439,0.571439,45.499168,0.0,0.0,27.0,0.0,0.0,400.076935,0.0,6286.0,77.5,7.0
4.131562,3.14651,64256.0,0.0,4.767187,0.168611,0.0,3.0,0.0,0.0,9.090909,15905.876953,2959.469482,0.0,64.0,0.0,1241.0,0.000495,1721542656.0,31872.0,0.169106,0.0,12946.408203,3.14651,3.14651,62.0,0.0,14.0,0.0,16.0,-0.0,0.0,0.0,5483.0,0.0,3.14651,3.14651,9.216561,1.0,0.0,30.0,3.0,0.0,391.642853,0.0,6724.0,77.5625,7.0
8.848742,1.356125,64256.0,0.0,8.848742,0.16806,0.0,0.0,0.0,0.0,0.0,36262.144531,5551.11084,0.0,64.0,0.0,1019.0,0.001505,1721542656.0,31872.0,0.169565,0.0,30711.033203,1.356125,1.356125,62.0,0.0,13.0,0.0,13.0,-0.0,0.0,0.0,5639.0,0.0,1.356125,1.356125,18.434879,0.0,0.0,26.0,0.0,0.0,433.769226,0.0,6658.0,78.384613,7.0
21.584946,0.555943,64256.0,0.0,21.584946,0.063135,0.0,0.0,0.0,0.0,0.0,91477.0,13540.956055,0.0,64.0,0.0,1019.0,0.000993,1721542656.0,31872.0,0.064128,0.0,77936.046875,0.555943,0.555943,62.0,0.0,13.0,0.0,13.0,-0.0,0.0,0.0,5867.0,0.0,0.555943,0.555943,44.968639,0.0,0.0,26.0,0.0,0.0,451.307678,0.0,6886.0,78.384613,7.0
20.837023,0.575898,64256.0,0.0,20.837023,0.060913,0.0,0.0,0.0,0.0,0.0,91307.835938,13071.759766,0.0,64.0,0.0,1019.0,0.000997,1721542656.0,31872.0,0.06191,0.0,78236.078125,0.575898,0.575898,62.0,0.0,13.0,0.0,13.0,-0.0,0.0,0.0,6101.0,0.0,0.575898,0.575898,43.410465,0.0,0.0,26.0,0.0,0.0,469.307678,0.0,7120.0,78.384613,7.0
12.569142,1.034279,64256.0,0.0,12.569142,0.046627,0.0,0.0,0.0,0.0,0.0,53904.21875,7796.73584,0.0,64.0,0.0,1085.0,0.000493,1721542656.0,31872.0,0.04712,0.0,46107.480469,1.034279,1.034279,62.0,0.0,14.0,0.0,14.0,-0.0,0.0,0.0,6419.0,1.0,1.034279,1.034279,26.105143,0.0,0.0,28.0,0.0,0.0,458.5,0.0,7504.0,77.5,7.0
5.841136,2.054395,64256.0,1.0,6.327897,0.170401,0.0,1.0,0.0,0.0,3.571429,27648.042969,3968.078369,0.0,64.0,0.0,1097.0,0.000501,1721542656.0,31872.0,0.170902,0.0,23679.964844,2.054395,2.054395,62.0,0.0,13.0,0.0,14.0,-0.0,0.0,0.0,6587.0,1.0,2.054395,2.054395,12.655794,0.0,0.0,27.0,0.0,0.0,506.692322,0.0,7684.0,78.35714,7.0
2.670842,4.867379,64256.0,0.0,3.28719,0.121777,0.0,7.0,0.0,0.0,18.421053,12596.511719,2039.701416,0.0,64.0,0.0,1318.0,0.001493,1721542656.0,31872.0,0.12327,0.0,10556.810547,4.867379,4.867379,62.0,0.0,14.0,0.0,17.0,-0.0,0.0,0.0,6917.0,1.0,4.867379,4.867379,6.163481,1.0,0.0,31.0,7.0,0.0,494.071442,0.0,8235.0,77.529411,7.0
10.027939,1.296378,64256.0,0.0,9.256559,0.1089,0.0,0.0,0.0,0.0,0.0,46856.703125,5806.948242,0.0,64.0,0.0,1019.0,0.001103,1721542656.0,31872.0,0.110003,0.0,41049.753906,1.296378,1.296378,62.0,0.0,14.0,0.0,13.0,-0.0,0.0,0.0,7163.0,0.0,1.296378,1.296378,20.055878,0.0,0.0,27.0,0.0,0.0,511.642853,0.0,8182.0,78.384613,7.0
2.304992,0.433841,64256.0,0.0,0.0,0.121777,0.0,0.0,0.0,0.0,0.0,1327.675415,0.0,0.0,64.0,0.0,66.0,0.001493,1721542656.0,31872.0,0.12327,0.0,1327.675415,0.433841,0.433841,62.0,0.0,2.0,0.0,1.0,-0.0,1.0,0.0,144.0,1.0,0.433841,0.433841,4.609984,0.0,0.0,3.0,0.0,0.0,72.0,0.0,210.0,66.0,7.0
0.438937,2.278233,64256.0,0.0,1.31681,0.167766,0.0,2.0,0.0,0.0,25.0,1309.786987,1063.982422,0.0,64.0,0.0,404.0,0.000487,1721542656.0,31872.0,0.168253,0.0,245.804535,2.278233,2.278233,62.0,0.0,2.0,0.0,4.0,-0.0,0.0,0.0,140.0,0.0,2.278233,2.278233,2.194683,1.0,0.0,6.0,2.0,0.0,70.0,0.0,544.0,101.0,7.0
3.015453,3.979502,64256.0,0.0,3.266741,0.167766,0.0,0.0,0.0,1.0,0.0,15680.354492,2012.312134,0.0,64.0,0.0,1077.0,0.000487,1721542656.0,31872.0,0.168253,0.0,13668.041992,3.979502,3.979502,62.0,0.0,13.0,0.0,14.0,-0.0,1.0,0.0,7365.0,1.0,3.979502,3.979502,6.533481,0.0,0.0,27.0,0.0,0.0,566.538452,0.0,8442.0,76.928574,7.0
19.551664,0.664905,64256.0,0.0,21.055639,0.045923,0.0,0.0,0.0,0.0,0.0,98937.4375,12934.178711,0.0,64.0,0.0,1151.0,0.000536,1721542656.0,31872.0,0.046459,0.0,86003.265625,0.664905,0.664905,62.0,0.0,14.0,0.0,15.0,-0.0,0.0,0.0,7697.0,0.0,0.664905,0.664905,42.111279,0.0,0.0,29.0,0.0,0.0,549.785706,0.0,8848.0,76.73333,7.0
9.344316,1.39122,64256.0,0.0,8.625523,0.168327,0.0,0.0,0.0,0.0,0.0,47986.660156,5411.078125,0.0,64.0,0.0,1019.0,0.001073,1721542656.0,31872.0,0.1694,0.0,42575.582031,1.39122,1.39122,62.0,0.0,14.0,0.0,13.0,-0.0,0.0,0.0,7973.0,0.0,1.39122,1.39122,18.688633,0.0,0.0,27.0,0.0,0.0,569.5,0.0,8992.0,78.384613,7.0
3.458458,3.758901,64256.0,0.0,4.256563,0.060149,0.0,2.0,0.0,0.0,6.060606,18918.296875,2602.888428,0.0,64.0,0.0,1299.0,0.00099,1721542656.0,31872.0,0.061139,0.0,16315.407227,3.758901,3.758901,62.0,0.0,14.0,0.0,17.0,-0.0,0.0,0.0,8255.0,0.0,3.758901,3.758901,7.981056,1.0,0.0,31.0,2.0,0.0,589.642883,0.0,9554.0,76.411766,7.0
4.371526,3.202543,64256.0,0.0,4.059274,0.170728,0.0,0.0,0.0,0.0,0.0,22592.046875,2517.999023,0.0,64.0,0.0,1085.0,0.000991,1721542656.0,31872.0,0.171719,0.0,20074.046875,3.202543,3.202543,62.0,0.0,15.0,0.0,14.0,-0.0,0.0,0.0,8609.0,0.0,3.202543,3.202543,8.743052,0.0,0.0,29.0,0.0,0.0,573.93335,0.0,9694.0,77.5,7.0
19.819445,0.706377,64256.0,0.0,18.403769,0.062933,0.0,0.0,0.0,0.0,0.0,105530.046875,11416.0,0.0,64.0,0.0,1085.0,0.001084,1721542656.0,31872.0,0.064017,0.0,94114.046875,0.706377,0.706377,62.0,0.0,15.0,0.0,14.0,-0.0,0.0,0.0,8903.0,0.0,0.706377,0.706377,39.638889,0.0,0.0,29.0,0.0,0.0,593.533325,0.0,9988.0,77.5,7.0
12.114091,1.155679,64256.0,0.0,11.248798,0.182934,0.0,0.0,0.0,0.0,0.0,66440.59375,6977.716309,0.0,64.0,0.0,1085.0,0.000929,1721542656.0,31872.0,0.183863,0.0,59462.878906,1.155679,1.155679,62.0,0.0,15.0,0.0,14.0,-0.0,0.0,0.0,9203.0,0.0,1.155679,1.155679,24.228182,0.0,0.0,29.0,0.0,0.0,613.533325,0.0,10288.0,77.5,7.0
25.252523,0.5544,64256.0,0.0,23.448772,0.061592,0.0,0.0,0.0,0.0,0.0,142626.25,14545.454102,0.0,64.0,0.0,1085.0,0.000587,1721542656.0,31872.0,0.062179,0.0,128080.804688,0.5544,0.5544,62.0,0.0,15.0,0.0,14.0,-0.0,0.0,0.0,9509.0,0.0,0.5544,0.5544,50.505047,0.0,0.0,29.0,0.0,0.0,633.93335,0.0,10594.0,77.5,7.0
26.914228,0.557326,64256.0,0.0,26.914228,0.06131,0.0,0.0,0.0,0.0,0.0,149442.15625,16378.205078,0.0,64.0,0.0,1217.0,0.001001,1721542656.0,31872.0,0.062311,0.0,133063.953125,0.557326,0.557326,62.0,0.0,16.0,0.0,16.0,-0.0,0.0,0.0,9887.0,0.0,0.557326,0.557326,55.622738,0.0,0.0,32.0,0.0,0.0,617.9375,0.0,11104.0,76.0625,7.0
22.073042,0.679562,64256.0,0.0,22.073042,0.065022,0.0,0.0,0.0,0.0,0.0,126069.445312,13432.181641,0.0,64.0,0.0,1217.0,0.001954,1721542656.0,31872.0,0.066976,0.0,112637.265625,0.679562,0.679562,62.0,0.0,16.0,0.0,16.0,-0.0,0.0,0.0,10205.0,0.0,0.679562,0.679562,45.617619,0.0,0.0,32.0,0.0,0.0,637.8125,0.0,11422.0,76.0625,7.0
19.012684,0.788947,64256.0,0.0,19.012684,0.079806,0.0,0.0,0.0,0.0,0.0,111662.765625,11569.852539,0.0,64.0,0.0,1217.0,0.0,1721542656.0,31872.0,0.079806,0.0,100092.914062,0.788947,0.788947,62.0,0.0,16.0,0.0,16.0,-0.0,0.0,0.0,10529.0,0.0,0.788947,0.788947,39.292881,0.0,0.0,32.0,0.0,0.0,658.0625,0.0,11746.0,76.0625,7.0
16.766108,0.894662,64256.0,0.0,16.766108,0.092388,0.0,0.0,0.0,0.0,0.0,101240.46875,10202.735352,0.0,64.0,0.0,1217.0,0.0,1721542656.0,31872.0,0.092388,0.0,91037.726562,0.894662,0.894662,62.0,0.0,16.0,0.0,16.0,-0.0,0.0,0.0,10859.0,0.0,0.894662,0.894662,34.649956,0.0,0.0,32.0,0.0,0.0,678.6875,0.0,12076.0,76.0625,7.0
12.923481,1.160678,64256.0,0.0,12.923481,0.125895,0.0,0.0,0.0,0.0,0.0,80208.289062,7864.368652,0.0,64.0,0.0,1217.0,0.00088,1721542656.0,31872.0,0.126775,0.0,72343.921875,1.160678,1.160678,62.0,0.0,16.0,0.0,16.0,-0.0,0.0,0.0,11195.0,0.0,1.160678,1.160678,26.708527,0.0,0.0,32.0,0.0,0.0,699.6875,0.0,12412.0,76.0625,7.0
29.544827,0.54155,64256.0,0.0,25.851723,0.061727,0.0,0.0,0.0,0.0,0.0,177209.859375,15880.34375,0.0,64.0,0.0,1151.0,0.0,1721542656.0,31872.0,0.061727,0.0,161329.515625,0.54155,0.54155,62.0,0.0,17.0,0.0,15.0,-0.0,0.0,0.0,11603.0,0.0,0.54155,0.54155,57.243099,0.0,0.0,32.0,0.0,0.0,682.529419,0.0,12754.0,76.73333,7.0
28.781532,0.555912,64256.0,0.0,25.183842,0.061373,0.0,0.0,0.0,0.0,0.0,177337.421875,15470.074219,0.0,64.0,0.0,1151.0,0.000425,1721542656.0,31872.0,0.061798,0.0,161867.34375,0.555912,0.555912,62.0,0.0,17.0,0.0,15.0,-0.0,0.0,0.0,11951.0,0.0,0.555912,0.555912,55.764221,0.0,0.0,32.0,0.0,0.0,703.0,0.0,13102.0,76.73333,7.0
27.104357,0.590311,64256.0,0.0,23.716312,0.060798,0.0,0.0,0.0,0.0,0.0,171529.921875,14568.591797,0.0,64.0,0.0,1151.0,0.001002,1721542656.0,31872.0,0.0618,0.0,156961.328125,0.590311,0.590311,62.0,0.0,17.0,0.0,15.0,-0.0,0.0,0.0,12305.0,0.0,0.590311,0.590311,52.51469,0.0,0.0,32.0,0.0,0.0,723.823547,0.0,13456.0,76.73333,7.0
11.898379,1.344721,64256.0,0.0,10.411082,0.15625,0.0,0.0,0.0,0.0,0.0,77309.726562,6395.378906,0.0,64.0,0.0,1151.0,0.000732,1721542656.0,31872.0,0.156982,0.0,70914.34375,1.344721,1.344721,62.0,0.0,17.0,0.0,15.0,-0.0,0.0,0.0,12665.0,0.0,1.344721,1.344721,23.05311,0.0,0.0,32.0,0.0,0.0,745.0,0.0,13816.0,76.73333,7.0
5.061644,3.358593,64256.0,0.0,5.061644,0.166184,0.0,4.0,0.0,0.0,10.0,32637.476562,3158.465576,1.0,64.0,0.0,1403.0,0.000519,1721542656.0,31872.0,0.166703,0.0,29479.011719,3.358593,3.358593,62.0,0.0,18.0,0.0,18.0,-0.0,0.0,0.0,13103.0,1.0,3.358593,3.358593,10.42103,1.0,0.0,36.0,4.0,0.0,727.944458,0.0,14506.0,77.944443,7.0
17.705591,0.169438,64256.0,0.0,17.705591,0.166184,0.0,0.0,0.0,1.0,0.0,19971.90625,9962.345703,0.0,64.0,0.0,281.0,0.000519,1721542656.0,31872.0,0.166703,0.0,10009.560547,0.169438,0.169438,62.0,0.0,4.0,0.0,4.0,-0.0,1.0,0.0,282.0,1.0,0.169438,0.169438,41.313046,0.0,0.0,8.0,0.0,0.0,70.5,0.0,563.0,70.25,7.0
12.667839,1.341981,64256.0,0.0,10.432338,0.15674,0.0,0.0,0.0,0.0,0.0,82242.59375,6408.436035,0.0,64.0,0.0,1151.0,0.009455,1721542656.0,31872.0,0.166195,0.0,75834.15625,1.341981,1.341981,62.0,0.0,18.0,0.0,15.0,-0.0,0.0,0.0,13469.0,0.0,1.341981,1.341981,23.845345,0.0,0.0,33.0,0.0,0.0,748.277771,0.0,14620.0,76.73333,7.0
28.129208,0.604354,64256.0,0.0,26.474548,0.061247,0.0,0.0,0.0,0.0,0.0,189107.703125,15990.626953,0.0,64.0,0.0,1283.0,0.000917,1721542656.0,31872.0,0.062164,0.0,173117.078125,0.604354,0.604354,62.0,0.0,18.0,0.0,17.0,-0.0,0.0,0.0,13847.0,0.0,0.604354,0.604354,56.258415,0.0,0.0,35.0,0.0,0.0,769.277771,0.0,15130.0,75.470589,7.0
8.594335,2.094403,64256.0,0.0,8.594335,0.15962,0.0,1.0,0.0,0.0,2.564103,57062.5625,5282.650879,0.0,64.0,0.0,1459.0,0.0005,1721542656.0,31872.0,0.16012,0.0,51779.910156,2.094403,2.094403,62.0,0.0,19.0,0.0,19.0,-0.0,0.0,0.0,14309.0,1.0,2.094403,2.094403,17.666132,1.0,0.0,38.0,1.0,0.0,753.105286,0.0,15768.0,76.789474,7.0
10.6272,1.693767,64256.0,0.0,8.856,0.168136,0.0,0.0,0.0,0.0,0.0,71107.773438,5389.171387,0.0,64.0,0.0,1217.0,0.000993,1721542656.0,31872.0,0.169129,0.0,65718.601562,1.693767,1.693767,62.0,0.0,19.0,0.0,16.0,-0.0,0.0,0.0,14687.0,0.0,1.693767,1.693767,20.073601,0.0,0.0,35.0,0.0,0.0,773.0,0.0,15904.0,76.0625,7.0
10.394638,1.731662,64256.0,0.0,8.662198,0.167634,0.0,0.0,0.0,0.0,0.0,71288.734375,5271.236328,0.0,64.0,0.0,1217.0,0.000992,1721542656.0,31872.0,0.168626,0.0,66017.5,1.731662,1.731662,62.0,0.0,19.0,0.0,16.0,-0.0,0.0,0.0,15083.0,0.0,1.731662,1.731662,19.634315,0.0,0.0,35.0,0.0,0.0,793.842102,0.0,16300.0,76.0625,7.0
13.749022,1.309184,64256.0,0.0,11.457519,0.154975,0.0,0.0,0.0,0.0,0.0,96615.90625,6972.282227,0.0,64.0,0.0,1217.0,0.000925,1721542656.0,31872.0,0.1559,0.0,89643.625,1.309184,1.309184,62.0,0.0,19.0,0.0,16.0,-0.0,0.0,0.0,15485.0,0.0,1.309184,1.309184,25.970377,0.0,0.0,35.0,0.0,0.0,815.0,0.0,16702.0,76.0625,7.0
33.297874,0.570607,64256.0,0.0,26.287794,0.059549,0.0,0.0,0.0,0.0,0.0,228570.625,15996.999023,0.0,64.0,0.0,1217.0,0.001996,1721542656.0,31872.0,0.061545,0.0,212573.625,0.570607,0.570607,62.0,0.0,20.0,0.0,16.0,-0.0,0.0,0.0,15959.0,0.0,0.570607,0.570607,61.338188,0.0,0.0,36.0,0.0,0.0,797.950012,0.0,17176.0,76.0625,7.0
12.996916,1.15412,64256.0,0.0,9.531072,0.155197,0.0,0.0,0.0,0.0,0.0,91851.804688,6023.637207,1.0,64.0,0.0,948.0,0.000509,1721542656.0,31872.0,0.155706,2896.0,85828.164062,1.15412,1.15412,62.0,0.0,16.0,0.0,12.0,-0.0,0.0,0.0,13207.0,1.0,1.15412,1.15412,23.394449,0.0,0.0,28.0,0.0,0.0,825.4375,0.0,14155.0,79.0,7.0
5.740671,0.522587,64256.0,2.0,9.567785,0.155197,0.0,2.0,0.0,1.0,16.666667,41792.085938,5434.501953,0.0,64.0,0.0,425.0,0.000509,1721542656.0,31872.0,0.155706,0.0,36357.582031,0.522587,0.522587,62.0,0.0,4.0,0.0,6.0,-0.0,1.0,0.0,3166.0,1.0,0.522587,0.522587,17.222013,0.0,0.0,10.0,0.0,0.0,791.5,0.0,3591.0,70.833336,7.0
12.450851,1.526,64256.0,0.0,9.829619,0.16953,0.0,0.0,0.0,0.0,0.0,89619.921875,5981.651367,0.0,64.0,0.0,1217.0,0.000488,1721542656.0,31872.0,0.170018,0.0,83638.265625,1.526,1.526,62.0,0.0,20.0,0.0,16.0,-0.0,0.0,0.0,16793.0,0.0,1.526,1.526,22.93578,0.0,0.0,36.0,0.0,0.0,839.650024,0.0,18010.0,76.0625,7.0
9.491628,2.001764,64256.0,0.0,7.493391,0.168019,0.0,0.0,0.0,0.0,0.0,69938.3125,4559.978027,0.0,64.0,0.0,1217.0,0.000991,1721542656.0,31872.0,0.16901,0.0,65378.335938,2.001764,2.001764,61.0,0.0,20.0,0.0,16.0,-0.0,0.0,0.0,17219.0,0.0,2.001764,2.001764,17.484577,0.0,0.0,36.0,0.0,0.0,860.950012,0.0,18436.0,76.0625,7.0
24.896711,0.803319,64256.0,0.0,19.917368,0.091983,0.0,0.0,0.0,0.0,0.0,180072.921875,12030.09082,0.0,64.0,0.0,1283.0,0.001019,1721542656.0,31872.0,0.093002,0.0,168042.84375,0.803319,0.803319,61.0,0.0,21.0,0.0,17.0,-0.0,0.0,0.0,17717.0,0.0,0.803319,0.803319,46.058914,0.0,0.0,38.0,0.0,0.0,843.666687,0.0,19000.0,75.470589,7.0
23.196527,0.862198,64256.0,0.0,18.557222,0.092633,0.0,0.0,0.0,0.0,0.0,171645.03125,11208.5625,0.0,64.0,0.0,1283.0,0.000495,1721542656.0,31872.0,0.093128,0.0,160436.46875,0.862198,0.862198,61.0,0.0,21.0,0.0,17.0,-0.0,0.0,0.0,18155.0,0.0,0.862198,0.862198,42.913578,0.0,0.0,38.0,0.0,0.0,864.523804,0.0,19438.0,75.470589,7.0
11.893202,1.681633,64256.0,2.0,10.703881,0.120775,0.0,2.0,0.0,0.0,4.761905,90921.148438,6650.678223,0.0,64.0,0.0,1475.0,0.003775,1721542656.0,31872.0,0.12455,0.0,84270.46875,1.681633,1.681633,62.0,0.0,21.0,0.0,19.0,-0.0,0.0,0.0,18599.0,1.0,1.681633,1.681633,23.191742,0.0,0.0,40.0,0.0,0.0,885.666687,0.0,20074.0,77.631577,7.0
10.785287,1.947097,64256.0,0.0,8.217361,0.216067,0.0,0.0,0.0,0.0,0.0,79934.382812,4963.286621,0.0,64.0,0.0,1283.0,0.000525,1721542656.0,31872.0,0.216592,0.0,74971.101562,1.947097,1.947097,62.0,0.0,22.0,0.0,17.0,-0.0,0.0,0.0,19115.0,0.0,1.947097,1.947097,19.516233,0.0,0.0,39.0,0.0,0.0,868.863647,0.0,20398.0,75.470589,7.0
10.714723,1.95992,64256.0,0.0,8.163598,0.216803,0.0,0.0,0.0,0.0,0.0,81186.984375,4930.813477,0.0,64.0,0.0,1283.0,0.000591,1721542656.0,31872.0,0.217394,0.0,76256.171875,1.95992,1.95992,62.0,0.0,22.0,0.0,17.0,-0.0,0.0,0.0,19571.0,0.0,1.95992,1.95992,19.388546,0.0,0.0,39.0,0.0,0.0,889.590881,0.0,20854.0,75.470589,7.0
17.032957,1.232904,64256.0,0.0,12.977491,0.092783,0.0,0.0,0.0,0.0,0.0,131922.6875,7838.404785,0.0,64.0,0.0,1283.0,0.000975,1721542656.0,31872.0,0.093758,0.0,124084.28125,1.232904,1.232904,62.0,0.0,22.0,0.0,17.0,-0.0,0.0,0.0,20033.0,0.0,1.232904,1.232904,30.821541,0.0,0.0,39.0,0.0,0.0,910.590881,0.0,21316.0,75.470589,7.0
15.038426,1.462919,64256.0,0.0,11.620603,0.15564,0.0,0.0,0.0,0.0,0.0,114554.53125,6972.361328,0.0,64.0,0.0,1349.0,0.001016,1721542656.0,31872.0,0.156656,0.0,107582.171875,1.462919,1.462919,62.0,0.0,23.0,0.0,18.0,-0.0,0.0,0.0,20567.0,0.0,1.462919,1.462919,27.342594,0.0,0.0,41.0,0.0,0.0,894.217407,0.0,21916.0,74.944443,7.0
14.433157,1.524268,64256.0,0.0,11.152894,0.167245,0.0,0.0,0.0,0.0,0.0,112326.703125,6691.736328,0.0,64.0,0.0,1349.0,0.001039,1721542656.0,31872.0,0.168284,0.0,105634.96875,1.524268,1.524268,62.0,0.0,23.0,0.0,18.0,-0.0,0.0,0.0,21041.0,0.0,1.524268,1.524268,26.242104,0.0,0.0,41.0,0.0,0.0,914.826111,0.0,22390.0,74.944443,7.0
39.679962,0.554436,64256.0,0.0,30.661789,0.057378,0.0,0.0,0.0,0.0,0.0,315434.03125,18397.072266,0.0,64.0,0.0,1349.0,0.002975,1721542656.0,31872.0,0.060353,0.0,297036.96875,0.554436,0.554436,62.0,0.0,23.0,0.0,18.0,-0.0,0.0,0.0,21521.0,0.0,0.554436,0.554436,72.145386,0.0,0.0,41.0,0.0,0.0,935.695679,0.0,22870.0,74.944443,7.0
34.720387,0.662435,64256.0,0.0,28.68206,0.076619,0.0,0.0,0.0,0.0,0.0,272461.4375,16991.855469,0.0,64.0,0.0,1481.0,0.0,1721542656.0,31872.0,0.076619,0.0,255469.59375,0.662435,0.662435,62.0,0.0,24.0,0.0,20.0,-0.0,0.0,0.0,22073.0,0.0,0.662435,0.662435,64.912033,0.0,0.0,44.0,0.0,0.0,919.708313,0.0,23554.0,74.050003,7.0
26.642233,0.863291,64256.0,0.0,22.008801,0.169496,0.0,0.0,0.0,0.0,0.0,213434.390625,13038.476562,0.0,64.0,0.0,1481.0,0.000494,1721542656.0,31872.0,0.16999,0.0,200395.921875,0.863291,0.863291,62.0,0.0,24.0,0.0,20.0,-0.0,0.0,0.0,22565.0,0.0,0.863291,0.863291,49.809391,0.0,0.0,44.0,0.0,0.0,940.208313,0.0,24046.0,74.050003,7.0
8.600517,2.79053,64256.0,4.0,7.167098,0.166932,0.0,4.0,0.0,0.0,8.0,68012.890625,4323.193359,0.0,64.0,0.0,1583.0,0.0005,1721542656.0,31872.0,0.167432,0.0,63689.695312,2.79053,2.79053,62.0,0.0,25.0,0.0,21.0,-0.0,0.0,0.0,23141.0,1.0,2.79053,2.79053,16.125969,0.0,0.0,46.0,0.0,0.0,925.640015,0.0,24724.0,75.380951,7.0
15.885897,1.510774,64256.0,0.0,11.914423,0.153362,0.0,0.0,0.0,0.0,0.0,127240.734375,7100.995605,0.0,64.0,0.0,1415.0,0.001002,1721542656.0,31872.0,0.154364,0.0,120139.742188,1.510774,1.510774,62.0,0.0,25.0,0.0,19.0,-0.0,0.0,0.0,23633.0,0.0,1.510774,1.510774,28.462231,0.0,0.0,44.0,0.0,0.0,945.320007,0.0,25048.0,74.473686,7.0
15.770269,1.521851,64256.0,0.0,11.827703,0.167879,0.0,0.0,0.0,0.0,0.0,128890.414062,7049.310547,0.0,64.0,0.0,1415.0,0.0,1721542656.0,31872.0,0.167879,0.0,121841.101562,1.521851,1.521851,62.0,0.0,25.0,0.0,19.0,-0.0,0.0,0.0,24143.0,0.0,1.521851,1.521851,28.255066,0.0,0.0,44.0,0.0,0.0,965.719971,0.0,25558.0,74.473686,7.0
5.05108,4.751459,64256.0,1.0,5.05108,0.163495,1.0,3.0,0.0,0.0,5.660377,42929.125,3071.056641,0.0,64.0,0.0,1899.0,0.003815,1721542656.0,31872.0,0.16731,0.0,39858.070312,4.751459,4.751459,62.0,0.0,25.0,0.0,25.0,-0.0,0.0,0.0,24659.0,1.0,4.751459,4.751459,10.312622,0.0,0.0,50.0,2.0,0.0,986.359985,0.0,26558.0,75.959999,7.0
47.40163,0.527408,64256.0,0.0,37.921307,0.043283,0.0,0.0,0.0,0.0,0.0,390589.4375,22358.402344,0.0,64.0,0.0,1547.0,0.001079,1721542656.0,31872.0,0.044362,0.0,368231.03125,0.527408,0.527408,62.0,0.0,26.0,0.0,21.0,-0.0,0.0,0.0,25247.0,0.0,0.527408,0.527408,87.219002,0.0,0.0,47.0,0.0,0.0,971.038452,0.0,26794.0,73.666664,7.0
13.486044,1.927919,64256.0,1.0,11.411267,0.107139,0.0,1.0,0.0,0.0,1.960784,110212.09375,6904.854492,0.0,64.0,0.0,1739.0,0.000492,1721542656.0,31872.0,0.107631,0.0,103307.242188,1.927919,1.927919,62.0,0.0,27.0,0.0,23.0,-0.0,0.0,0.0,25853.0,1.0,1.927919,1.927919,25.416006,0.0,0.0,50.0,0.0,0.0,957.518494,0.0,27592.0,75.608696,7.0
16.66017,1.500585,64256.0,0.0,11.995322,0.167917,0.0,0.0,0.0,0.0,0.0,142019.296875,7149.211914,0.0,64.0,0.0,1415.0,0.000946,1721542656.0,31872.0,0.168863,0.0,134870.078125,1.500585,1.500585,62.0,0.0,26.0,0.0,19.0,-0.0,0.0,0.0,26309.0,0.0,1.500585,1.500585,29.321899,0.0,0.0,45.0,0.0,0.0,1011.884644,0.0,27724.0,74.473686,7.0
17.02404,1.527252,64256.0,0.0,12.440645,0.16841,0.0,0.0,0.0,0.0,0.0,143138.125,7370.100098,0.0,64.0,0.0,1481.0,0.0,1721542656.0,31872.0,0.16841,0.0,135768.03125,1.527252,1.527252,62.0,0.0,27.0,0.0,20.0,-0.0,0.0,0.0,26915.0,0.0,1.527252,1.527252,30.119457,0.0,0.0,47.0,0.0,0.0,996.851868,0.0,28396.0,74.050003,7.0
18.103958,1.43615,64256.0,0.0,13.229816,0.153806,0.0,0.0,0.0,0.0,0.0,155142.578125,7837.621582,0.0,64.0,0.0,1481.0,0.00093,1721542656.0,39552.0,0.154736,0.0,147304.953125,1.43615,1.43615,62.0,0.0,27.0,0.0,20.0,-0.0,0.0,0.0,27461.0,0.0,1.43615,1.43615,32.030083,0.0,0.0,47.0,0.0,0.0,1017.074097,0.0,28942.0,74.050003,7.0
17.653358,1.529454,64256.0,0.0,12.422734,0.154885,0.0,0.0,0.0,0.0,0.0,148989.109375,7359.489258,0.0,64.0,0.0,1481.0,0.000994,1721542656.0,31872.0,0.155879,0.0,141629.625,1.529454,1.529454,62.0,0.0,28.0,0.0,20.0,-0.0,0.0,0.0,28079.0,0.0,1.529454,1.529454,30.729921,0.0,0.0,48.0,0.0,0.0,1002.821411,0.0,29560.0,74.050003,7.0
19.665039,1.372995,64256.0,1.0,17.480034,0.074871,0.0,1.0,0.0,0.0,1.851852,171572.359375,10668.647461,0.0,64.0,0.0,1907.0,0.000488,1721542656.0,31872.0,0.075359,0.0,160903.71875,1.372995,1.372995,62.0,0.0,28.0,0.0,25.0,-0.0,0.0,0.0,28637.0,1.0,1.372995,1.372995,37.873409,0.0,0.0,53.0,0.0,0.0,1022.75,0.0,30544.0,76.279999,7.0
0.0,3.098415,8222720.0,0.0,0.645491,0.0,0.0,2.0,0.0,0.0,33.333333,382.13089,382.13089,0.0,64.0,0.0,222.0,0.001974,1721542656.0,4077568.0,0.001974,0.0,0.0,3.098415,3.098415,62.0,0.0,1.0,0.0,3.0,-0.0,0.0,0.0,74.0,0.0,3.098415,3.098415,0.968237,1.0,0.0,4.0,2.0,0.0,74.0,0.0,296.0,74.0,7.0
29.007627,0.896316,64256.0,0.0,21.197882,0.050743,0.0,1.0,0.0,0.0,2.083333,262907.28125,12558.071289,0.0,64.0,0.0,1481.0,0.001974,1721542656.0,31872.0,0.052717,0.0,250349.203125,0.896316,0.896316,62.0,0.0,27.0,0.0,20.0,-0.0,1.0,0.0,29127.0,0.0,0.896316,0.896316,51.321186,1.0,0.0,47.0,1.0,0.0,1078.777832,0.0,30608.0,74.050003,7.0
44.339016,0.631498,64256.0,0.0,31.670727,0.060183,0.0,0.0,0.0,0.0,0.0,383633.84375,18673.060547,0.0,64.0,0.0,1547.0,0.001089,1721542656.0,31872.0,0.061272,0.0,364960.78125,0.631498,0.631498,62.0,0.0,29.0,0.0,21.0,-0.0,0.0,0.0,29837.0,0.0,0.631498,0.631498,77.593277,0.0,0.0,50.0,0.0,0.0,1028.862061,0.0,31384.0,73.666664,7.0
43.00111,0.651146,64256.0,0.0,30.715078,0.061335,0.0,0.0,0.0,0.0,0.0,378888.90625,18109.609375,0.0,64.0,0.0,1547.0,0.000531,1721542656.0,31872.0,0.061866,0.0,360779.3125,0.651146,0.651146,62.0,0.0,29.0,0.0,21.0,-0.0,0.0,0.0,30413.0,0.0,0.651146,0.651146,75.251938,0.0,0.0,50.0,0.0,0.0,1048.724121,0.0,31960.0,73.666664,7.0
7.824745,4.21739,64256.0,3.0,7.113404,0.060098,1.0,7.0,0.0,0.0,9.722222,61983.359375,4243.382812,0.0,64.0,0.0,2311.0,0.001075,1721542656.0,46336.0,0.061173,0.0,57739.976562,4.21739,4.21739,62.0,0.0,34.0,0.0,31.0,-0.0,0.0,0.0,31361.0,1.0,4.21739,4.21739,15.175262,0.0,0.0,65.0,4.0,0.0,922.382324,0.0,33672.0,74.548386,7.0
9.027443,3.212427,64256.0,11.0,8.40486,0.16916,0.0,11.0,0.0,0.0,15.942029,81334.148438,5142.529297,0.0,64.0,0.0,2141.0,0.000994,1721542656.0,31872.0,0.170154,0.0,76191.617188,3.212427,3.212427,62.0,0.0,30.0,0.0,28.0,-0.0,0.0,0.0,31649.0,1.0,3.212427,3.212427,17.743595,0.0,0.0,58.0,0.0,0.0,1054.966675,0.0,33790.0,76.464287,7.0
45.898132,0.631834,64256.0,0.0,34.819275,0.075399,0.0,0.0,0.0,0.0,0.0,414982.4375,20334.455078,0.0,64.0,0.0,1679.0,0.001494,1721542656.0,31872.0,0.076893,0.0,394647.96875,0.631834,0.631834,62.0,0.0,30.0,0.0,23.0,-0.0,0.0,0.0,32243.0,0.0,0.631834,0.631834,82.300102,0.0,0.0,53.0,0.0,0.0,1074.766724,0.0,33922.0,73.0,7.0
12.499682,2.400061,64256.0,0.0,9.166434,0.167735,0.0,0.0,0.0,0.0,0.0,111510.507812,5353.197754,0.0,64.0,0.0,1679.0,0.000976,1721542656.0,31872.0,0.168711,0.0,106157.304688,2.400061,2.400061,62.0,0.0,31.0,0.0,23.0,-0.0,0.0,0.0,32909.0,0.0,2.400061,2.400061,22.082773,0.0,0.0,54.0,0.0,0.0,1061.580688,0.0,34588.0,73.0,7.0
6.708033,1.341675,64256.0,0.0,7.45337,0.167256,0.0,0.0,0.0,0.0,0.0,11412.599609,4811.895508,0.0,64.0,0.0,887.0,0.000484,1721542656.0,31872.0,0.16774,0.0,6600.704102,1.341675,1.341675,62.0,0.0,10.0,0.0,11.0,-0.0,0.0,0.0,1229.0,0.0,1.341675,1.341675,14.906739,0.0,0.0,21.0,0.0,0.0,122.900002,0.0,2116.0,80.63636,8.0
2.041354,3.918968,64256.0,0.0,3.3172,0.247542,0.0,4.0,0.0,0.0,14.814815,3682.602295,2359.804932,1.0,64.0,0.0,1244.0,0.000497,1721542656.0,31872.0,0.248039,0.0,1322.797241,3.918968,3.918968,62.0,0.0,9.0,0.0,14.0,-0.0,0.0,0.0,729.0,1.0,3.918968,3.918968,5.613723,1.0,0.0,23.0,4.0,0.0,81.0,0.0,1973.0,88.85714,8.0
0.0,0.0,64256.0,0.0,0.0,0.247542,0.0,0.0,0.0,0.0,0.0,0.0,0.0,0.0,64.0,0.0,103.0,0.000497,1721542656.0,31872.0,0.248039,0.0,0.0,0.0,0.0,62.0,1.0,1.0,0.0,1.0,-0.0,1.0,0.0,78.0,1.0,0.0,0.0,0.0,0.0,0.0,2.0,0.0,0.0,78.0,0.0,181.0,103.0,8.0
3.681213,1.358248,64256.0,0.0,3.681213,0.247542,0.0,2.0,0.0,1.0,14.285714,6443.595215,2073.259033,0.0,64.0,0.0,422.0,0.000497,1721542656.0,31872.0,0.248039,0.0,4370.335938,1.358248,1.358248,62.0,0.0,6.0,0.0,6.0,-0.0,1.0,0.0,890.0,1.0,1.358248,1.358248,8.098668,1.0,0.0,12.0,2.0,0.0,148.333328,0.0,1312.0,70.333336,8.0
5.34092,2.05957,64256.0,0.0,5.34092,0.153861,0.0,2.0,0.0,0.0,7.692308,8425.05957,3425.957764,0.0,64.0,0.0,962.0,0.00053,1721542656.0,31872.0,0.154391,0.0,4999.101562,2.05957,2.05957,62.0,0.0,12.0,0.0,12.0,-0.0,0.0,0.0,1403.0,1.0,2.05957,2.05957,11.167379,1.0,0.0,24.0,2.0,0.0,116.916664,0.0,2365.0,80.166664,8.0
0.327482,3.053602,8222720.0,1.0,0.982446,0.0,1.0,4.0,0.0,0.0,40.0,775.4776,581.608215,0.0,64.0,0.0,296.0,0.0,1721542656.0,4077568.0,0.0,0.0,193.8694,3.053602,3.053602,62.0,0.0,2.0,0.0,4.0,-0.0,0.0,0.0,148.0,0.0,3.053602,3.053602,1.637411,0.0,0.0,6.0,3.0,0.0,74.0,0.0,444.0,74.0,8.0
6.050728,1.322155,64256.0,0.0,7.56341,0.147146,0.0,1.0,0.0,0.0,4.761905,11387.469727,4882.9375,0.0,64.0,0.0,887.0,0.0,1721542656.0,31872.0,0.147146,0.0,6504.532227,1.322155,1.322155,62.0,0.0,9.0,0.0,11.0,-0.0,1.0,0.0,1209.0,0.0,1.322155,1.322155,14.370479,1.0,0.0,20.0,1.0,0.0,134.333328,0.0,2096.0,80.63636,8.0
6.461668,1.547588,64256.0,0.0,6.461668,0.154601,0.0,0.0,0.0,0.0,0.0,10653.998047,4171.652832,0.0,64.0,0.0,887.0,0.000513,1721542656.0,31872.0,0.155114,0.0,6482.345703,1.547588,1.547588,62.0,0.0,11.0,0.0,11.0,-0.0,0.0,0.0,1379.0,0.0,1.547588,1.547588,13.569503,0.0,0.0,22.0,0.0,0.0,125.36364,0.0,2266.0,80.63636,8.0
5.996263,1.500935,64256.0,0.0,6.662514,0.247678,0.0,0.0,0.0,0.0,0.0,10777.282227,4301.318848,0.0,64.0,0.0,887.0,0.000497,1721542656.0,31872.0,0.248175,0.0,6475.963379,1.500935,1.500935,62.0,0.0,10.0,0.0,11.0,-0.0,0.0,0.0,1349.0,0.0,1.500935,1.500935,13.325027,0.0,0.0,21.0,0.0,0.0,134.899994,0.0,2236.0,80.63636,8.0
0.0,0.001008,64256.0,0.0,0.0,0.154601,0.0,0.0,0.0,0.0,0.0,0.0,0.0,0.0,64.0,0.0,66.0,0.000513,1721542656.0,31872.0,0.155114,0.0,0.0,0.001008,0.001008,62.0,0.0,1.0,0.0,1.0,-0.0,1.0,0.0,66.0,0.0,0.001008,0.001008,992.063477,0.0,0.0,2.0,0.0,0.0,66.0,0.0,132.0,66.0,8.0
7.892193,1.267075,64256.0,0.0,7.892193,0.154259,0.0,0.0,0.0,0.0,0.0,13460.924805,5095.199707,0.0,64.0,0.0,887.0,0.000414,1721542656.0,31872.0,0.154673,0.0,8365.724609,1.267075,1.267075,62.0,0.0,11.0,0.0,11.0,-0.0,0.0,0.0,1457.0,0.0,1.267075,1.267075,16.573605,0.0,0.0,22.0,0.0,0.0,132.454544,0.0,2344.0,80.63636,8.0
6.46073,1.702594,64256.0,0.0,7.635408,0.154132,0.0,1.0,0.0,0.0,3.703704,11742.083008,4947.744141,0.0,64.0,0.0,1134.0,0.000489,1721542656.0,31872.0,0.154621,0.0,6794.338379,1.702594,1.702594,62.0,0.0,12.0,0.0,14.0,-0.0,0.0,0.0,1577.0,1.0,1.702594,1.702594,14.683476,1.0,0.0,26.0,1.0,0.0,131.416672,0.0,2711.0,81.0,8.0
0.0,0.0,64256.0,0.0,0.0,0.154601,0.0,0.0,0.0,0.0,0.0,0.0,0.0,0.0,64.0,0.0,66.0,0.000513,1721542656.0,31872.0,0.155114,0.0,0.0,0.0,0.0,62.0,0.0,1.0,0.0,1.0,-0.0,1.0,0.0,66.0,0.0,0.0,0.0,0.0,0.0,0.0,2.0,0.0,0.0,66.0,0.0,132.0,66.0,8.0
6.913775,1.301749,64256.0,0.0,7.681973,0.154437,0.0,0.0,0.0,0.0,0.0,13219.138672,4959.481445,0.0,64.0,0.0,887.0,0.000497,1721542656.0,31872.0,0.154934,0.0,8259.657227,1.301749,1.301749,62.0,0.0,10.0,0.0,11.0,-0.0,0.0,0.0,1493.0,0.0,1.301749,1.301749,15.363945,0.0,0.0,21.0,0.0,0.0,149.300003,0.0,2380.0,80.63636,8.0
5.71535,2.099609,64256.0,0.0,5.71535,0.153649,0.0,0.0,0.0,0.0,0.0,9746.577148,3585.429688,0.0,64.0,0.0,1019.0,0.000498,1721542656.0,31872.0,0.154147,0.0,6161.147461,2.099609,2.099609,62.0,0.0,13.0,0.0,13.0,-0.0,0.0,0.0,1751.0,0.0,2.099609,2.099609,11.90698,0.0,0.0,26.0,0.0,0.0,134.692307,0.0,2770.0,78.384613,8.0
17.243561,0.521934,64256.0,0.0,19.159512,0.060678,0.0,0.0,0.0,0.0,0.0,34717.035156,12369.380859,0.0,64.0,0.0,887.0,0.000494,1721542656.0,31872.0,0.061172,0.0,22347.654297,0.521934,0.521934,62.0,0.0,10.0,0.0,11.0,-0.0,0.0,0.0,1619.0,0.0,0.521934,0.521934,38.319023,0.0,0.0,21.0,0.0,0.0,161.899994,0.0,2506.0,80.63636,8.0
8.292618,1.326481,64256.0,0.0,9.800366,0.061577,0.0,1.0,0.0,0.0,3.703704,21391.939453,6193.831543,0.0,64.0,0.0,1105.0,0.000422,1721542656.0,31872.0,0.061999,0.0,15198.107422,1.326481,1.326481,62.0,0.0,12.0,0.0,14.0,-0.0,0.0,0.0,2749.0,1.0,1.326481,1.326481,18.846859,1.0,0.0,26.0,1.0,0.0,229.083328,0.0,3854.0,78.928574,8.0
6.097304,1.640069,64256.0,0.0,7.926496,0.153911,0.0,1.0,0.0,0.0,3.846154,17599.259766,5009.54541,0.0,64.0,0.0,1105.0,0.00049,1721542656.0,31872.0,0.154401,0.0,12589.713867,1.640069,1.640069,62.0,0.0,11.0,0.0,14.0,-0.0,0.0,0.0,2839.0,1.0,1.640069,1.640069,14.633531,1.0,0.0,25.0,1.0,0.0,258.090912,0.0,3944.0,78.928574,8.0
0.0,0.0,64256.0,0.0,0.0,0.154601,0.0,0.0,0.0,0.0,0.0,0.0,0.0,0.0,64.0,0.0,66.0,0.000513,1721542656.0,31872.0,0.155114,0.0,0.0,0.0,0.0,62.0,0.0,1.0,0.0,1.0,-0.0,1.0,0.0,66.0,0.0,0.0,0.0,0.0,0.0,0.0,2.0,0.0,0.0,66.0,0.0,132.0,66.0,8.0
4.119874,2.427259,64256.0,1.0,5.767823,0.154238,1.0,3.0,0.0,0.0,10.344828,9366.944336,3592.529785,0.0,64.0,0.0,1167.0,0.000497,1721542656.0,31872.0,0.154735,0.0,5774.414551,2.427259,2.427259,62.0,0.0,11.0,0.0,15.0,-0.0,0.0,0.0,1927.0,0.0,2.427259,2.427259,10.299684,0.0,0.0,26.0,2.0,0.0,175.181824,0.0,3094.0,77.800003,8.0
4.707733,2.336581,64256.0,1.0,5.135709,0.138868,1.0,3.0,0.0,0.0,10.714286,9812.62793,3273.158447,0.0,64.0,0.0,1035.0,0.000497,1721542656.0,31872.0,0.139365,0.0,6539.469238,2.336581,2.336581,62.0,0.0,12.0,0.0,13.0,-0.0,0.0,0.0,2083.0,0.0,2.336581,2.336581,10.271418,0.0,0.0,25.0,2.0,0.0,173.583328,0.0,3118.0,79.615387,8.0
4.390247,2.277776,64256.0,0.0,6.146346,0.154236,0.0,2.0,0.0,0.0,7.142857,10824.59375,4081.173828,0.0,64.0,0.0,1244.0,0.000489,1721542656.0,31872.0,0.154725,0.0,6743.419922,2.277776,2.277776,62.0,0.0,11.0,0.0,15.0,-0.0,0.0,0.0,2111.0,1.0,2.277776,2.277776,10.975618,1.0,0.0,26.0,2.0,0.0,191.909088,0.0,3355.0,82.933334,8.0
3.971845,3.021266,64256.0,0.0,3.971845,0.15474,0.0,0.0,0.0,0.0,0.0,8211.126953,2491.670654,0.0,64.0,0.0,1019.0,0.000497,1721542656.0,31872.0,0.155237,0.0,5719.456543,3.021266,3.021266,62.0,0.0,13.0,0.0,13.0,-0.0,0.0,0.0,2339.0,0.0,3.021266,3.021266,8.274677,0.0,0.0,26.0,0.0,0.0,179.92308,0.0,3358.0,78.384613,8.0
4.234437,2.833907,64256.0,0.0,4.587306,0.261858,0.0,1.0,0.0,0.0,3.571429,9338.344727,2961.282959,0.0,64.0,0.0,1129.0,0.000993,1721542656.0,31872.0,0.262851,0.0,6377.062012,2.833907,2.833907,62.0,0.0,13.0,0.0,14.0,-0.0,0.0,0.0,2447.0,0.0,2.833907,2.833907,9.174613,1.0,0.0,27.0,1.0,0.0,188.230774,0.0,3576.0,80.64286,8.0
0.0,0.0,64256.0,0.0,0.0,0.15474,0.0,0.0,0.0,0.0,0.0,0.0,0.0,0.0,64.0,0.0,66.0,0.000497,1721542656.0,31872.0,0.155237,0.0,0.0,0.0,0.0,62.0,0.0,1.0,0.0,1.0,-0.0,1.0,0.0,66.0,0.0,0.0,0.0,0.0,0.0,0.0,2.0,0.0,0.0,66.0,0.0,132.0,66.0,8.0
16.621677,0.601624,64256.0,0.0,18.283844,0.061065,0.0,0.0,0.0,0.0,0.0,40995.703125,11621.876953,0.0,64.0,0.0,953.0,0.00048,1721542656.0,31872.0,0.061545,0.0,29373.828125,0.601624,0.601624,62.0,0.0,11.0,0.0,12.0,-0.0,0.0,0.0,2429.0,0.0,0.601624,0.601624,36.567688,0.0,0.0,23.0,0.0,0.0,220.818176,0.0,3382.0,79.416664,8.0
18.549055,0.539111,64256.0,0.0,20.403961,0.076068,0.0,0.0,0.0,0.0,0.0,47366.867188,12969.499023,0.0,64.0,0.0,953.0,0.000546,1721542656.0,31872.0,0.076614,0.0,34397.367188,0.539111,0.539111,62.0,0.0,11.0,0.0,12.0,-0.0,0.0,0.0,2549.0,0.0,0.539111,0.539111,40.807922,0.0,0.0,23.0,0.0,0.0,231.72728,0.0,3502.0,79.416664,8.0
4.611506,2.168489,64256.0,0.0,5.072657,0.276866,0.0,0.0,0.0,0.0,0.0,12196.510742,3224.36499,0.0,64.0,0.0,953.0,0.000496,1721542656.0,31872.0,0.277362,0.0,8972.146484,2.168489,2.168489,62.0,0.0,11.0,0.0,12.0,-0.0,0.0,0.0,2675.0,0.0,2.168489,2.168489,10.145313,0.0,0.0,23.0,0.0,0.0,243.181824,0.0,3628.0,79.416664,8.0
0.787686,2.539083,64256.0,0.0,1.181529,0.278103,0.0,2.0,0.0,0.0,22.222222,1414.68396,954.675354,0.0,64.0,0.0,404.0,0.0,1721542656.0,31872.0,0.278103,0.0,460.008606,2.539083,2.539083,62.0,0.0,3.0,0.0,4.0,-0.0,0.0,0.0,218.0,1.0,2.539083,2.539083,2.363058,1.0,0.0,7.0,2.0,0.0,72.666664,0.0,622.0,101.0,8.0
0.0,3.392851,64256.0,0.0,1.178949,0.278103,0.0,3.0,0.0,0.0,33.333333,917.222656,917.222656,0.0,64.0,1.0,486.0,0.0,1721542656.0,31872.0,0.278103,0.0,0.0,3.392851,3.392851,62.0,0.0,1.0,0.0,5.0,-0.0,1.0,0.0,84.0,1.0,3.392851,3.392851,1.473687,1.0,0.0,6.0,3.0,0.0,84.0,0.0,570.0,97.199997,8.0
2.261081,4.422664,64256.0,0.0,3.391621,0.278103,0.0,5.0,0.0,1.0,15.625,6690.989746,2067.531982,0.0,64.0,0.0,1219.0,0.0,1721542656.0,31872.0,0.278103,0.0,4623.45752,4.422664,4.422664,62.0,0.0,11.0,0.0,16.0,-0.0,1.0,0.0,2811.0,1.0,4.422664,4.422664,5.878809,1.0,0.0,27.0,5.0,0.0,255.545456,0.0,4030.0,76.1875,8.0
6.281436,1.751192,64256.0,0.0,7.994555,0.153385,0.0,1.0,0.0,0.0,3.571429,17747.912109,4993.17041,0.0,64.0,0.0,1171.0,0.000489,1721542656.0,31872.0,0.153874,0.0,12754.741211,1.751192,1.751192,62.0,0.0,12.0,0.0,15.0,-0.0,0.0,0.0,3045.0,1.0,1.751192,1.751192,14.84703,1.0,0.0,27.0,1.0,0.0,253.75,0.0,4216.0,78.066666,8.0
5.318475,2.256286,64256.0,0.0,5.318475,0.154446,0.0,0.0,0.0,0.0,0.0,13881.219727,3336.456543,0.0,64.0,0.0,1019.0,0.000497,1721542656.0,31872.0,0.154943,0.0,10544.762695,2.256286,2.256286,62.0,0.0,13.0,0.0,13.0,-0.0,0.0,0.0,3221.0,0.0,2.256286,2.256286,11.080156,0.0,0.0,26.0,0.0,0.0,247.769226,0.0,4240.0,78.384613,8.0
4.486582,2.228868,64256.0,0.0,4.935241,0.261854,0.0,0.0,0.0,0.0,0.0,13707.405273,3137.018311,0.0,64.0,0.0,953.0,0.0,1721542656.0,31872.0,0.261854,0.0,10570.387695,2.228868,2.228868,62.0,0.0,11.0,0.0,12.0,-0.0,0.0,0.0,3239.0,0.0,2.228868,2.228868,9.870481,0.0,0.0,23.0,0.0,0.0,294.454559,0.0,4192.0,79.416664,8.0
2.554665,4.69729,64256.0,0.0,2.767553,0.211876,0.0,1.0,0.0,0.0,3.571429,7273.981445,1728.656372,0.0,64.0,0.0,1093.0,0.000498,1721542656.0,31872.0,0.212374,0.0,5545.325195,4.69729,4.69729,62.0,0.0,13.0,0.0,14.0,-0.0,0.0,0.0,3527.0,0.0,4.69729,4.69729,5.535107,1.0,0.0,27.0,1.0,0.0,271.307678,0.0,4620.0,78.071426,8.0
6.412623,1.871309,64256.0,0.0,6.947009,0.169411,0.0,4.0,0.0,0.0,12.903226,18989.916016,4381.959473,0.0,64.0,0.0,1103.0,0.00049,1721542656.0,31872.0,0.169901,0.0,14607.956055,1.871309,1.871309,62.0,0.0,13.0,0.0,14.0,-0.0,0.0,0.0,3701.0,1.0,1.871309,1.871309,13.894017,1.0,0.0,27.0,4.0,0.0,284.692322,0.0,4804.0,78.785713,8.0
20.242136,0.494019,64256.0,0.0,22.26635,0.045172,0.0,0.0,0.0,0.0,0.0,69001.390625,14153.301758,0.0,64.0,0.0,953.0,0.00092,1721542656.0,31872.0,0.046092,0.0,54848.09375,0.494019,0.494019,62.0,0.0,11.0,0.0,12.0,-0.0,0.0,0.0,3725.0,0.0,0.494019,0.494019,44.5327,0.0,0.0,23.0,0.0,0.0,338.636353,0.0,4678.0,79.416664,8.0
7.573635,1.452407,64256.0,0.0,8.950659,0.154175,0.0,0.0,0.0,0.0,0.0,25574.099609,5552.162598,0.0,64.0,0.0,1085.0,0.0,1721542656.0,31872.0,0.154175,0.0,20021.935547,1.452407,1.452407,62.0,0.0,12.0,0.0,14.0,-0.0,0.0,0.0,3965.0,0.0,1.452407,1.452407,17.212807,0.0,0.0,26.0,0.0,0.0,330.416656,0.0,5050.0,77.5,8.0
1.458953,4.797961,64256.0,0.0,2.29264,0.231287,0.0,4.0,0.0,0.0,16.666667,2556.085693,1632.359985,1.0,64.0,0.0,1067.0,0.000508,1721542656.0,31872.0,0.231795,0.0,923.725708,4.797961,4.797961,62.0,0.0,8.0,0.0,12.0,-0.0,0.0,0.0,633.0,1.0,4.797961,4.797961,3.960015,1.0,0.0,20.0,4.0,0.0,79.125,0.0,1700.0,88.916664,8.0
0.0,4.992711,197300.1840419336,0.0,0.200292,0.231287,0.0,0.0,0.0,0.0,0.0,165.040588,165.040588,0.0,64.0,0.0,206.0,0.000508,1721542656.0,95686.87047841308,0.231795,0.0,0.0,4.992711,4.992711,62.0,0.0,0.0,0.0,2.0,-0.0,1.0,0.0,0.0,1.0,4.992711,4.992711,0.200292,1.0,1.0,2.0,1.0,0.0,0.0,0.0,206.0,103.0,8.0
4.774398,0.837802,64256.0,0.0,7.161597,0.231287,0.0,0.0,0.0,1.0,0.0,31310.5,3924.554932,0.0,64.0,0.0,479.0,0.000508,1721542656.0,31872.0,0.231795,0.0,27385.945312,0.837802,0.837802,62.0,0.0,5.0,0.0,7.0,-0.0,1.0,0.0,3584.0,1.0,0.837802,0.837802,13.129594,0.0,0.0,12.0,0.0,0.0,716.799988,0.0,4063.0,68.428574,8.0
8.321331,1.442077,64256.0,0.0,7.627886,0.15485,0.0,0.0,0.0,0.0,0.0,27366.083984,4848.562012,0.0,64.0,0.0,953.0,0.0005,1721542656.0,31872.0,0.15535,0.0,22517.521484,1.442077,1.442077,62.0,0.0,13.0,0.0,12.0,-0.0,0.0,0.0,4397.0,0.0,1.442077,1.442077,16.642662,0.0,0.0,25.0,0.0,0.0,338.230774,0.0,5350.0,79.416664,8.0
1.067528,3.746974,64256.0,0.0,1.868174,0.263514,0.0,3.0,0.0,0.0,18.75,2038.978638,1398.461792,1.0,64.0,0.0,748.0,0.000498,1721542656.0,31872.0,0.264012,0.0,640.516846,3.746974,3.746974,62.0,0.0,5.0,0.0,8.0,-0.0,0.0,0.0,374.0,1.0,3.746974,3.746974,3.202584,1.0,0.0,13.0,3.0,0.0,74.800003,0.0,1122.0,93.5,8.0
6.781914,1.032157,64256.0,0.0,10.657294,0.263514,0.0,0.0,0.0,1.0,0.0,35110.941406,6402.126953,0.0,64.0,0.0,901.0,0.000498,1721542656.0,31872.0,0.264012,0.0,28708.8125,1.032157,1.032157,62.0,0.0,8.0,0.0,12.0,-0.0,1.0,0.0,4233.0,1.0,1.032157,1.032157,18.408052,0.0,0.0,20.0,0.0,0.0,529.125,0.0,5134.0,75.083336,8.0
8.184901,1.343938,64256.0,0.0,8.184901,0.168409,0.0,0.0,0.0,0.0,0.0,30965.714844,5202.621094,0.0,64.0,0.0,953.0,0.000497,1721542656.0,31872.0,0.168906,0.0,25763.09375,1.343938,1.343938,62.0,0.0,12.0,0.0,12.0,-0.0,0.0,0.0,4721.0,0.0,1.343938,1.343938,17.113884,0.0,0.0,24.0,0.0,0.0,393.416656,0.0,5674.0,79.416664,8.0
1.508425,4.640601,64256.0,0.0,2.154893,0.248423,0.0,4.0,0.0,0.0,17.391304,2425.547852,1460.15564,1.0,64.0,0.0,931.0,0.0,1721542656.0,31872.0,0.248423,0.0,965.392151,4.640601,4.640601,62.0,0.0,8.0,0.0,11.0,-0.0,0.0,0.0,639.0,1.0,4.640601,4.640601,3.878808,1.0,0.0,19.0,4.0,0.0,79.875,0.0,1570.0,84.63636,8.0
1.423401,4.215255,64256.0,0.0,2.372336,0.248423,0.0,2.0,0.0,1.0,10.0,8819.395508,1495.520508,0.0,64.0,0.0,866.0,0.0,1721542656.0,31872.0,0.248423,0.0,7323.875,4.215255,4.215255,62.0,0.0,7.0,0.0,11.0,-0.0,1.0,0.0,4502.0,1.0,4.215255,4.215255,4.032971,1.0,0.0,18.0,2.0,0.0,643.142883,0.0,5368.0,78.727272,8.0
4.733097,2.746616,64256.0,0.0,4.369013,0.091652,0.0,1.0,0.0,0.0,3.571429,17039.150391,2761.216064,0.0,64.0,0.0,1027.0,0.000492,1721542656.0,31872.0,0.092144,0.0,14277.933594,2.746616,2.746616,62.0,0.0,14.0,0.0,13.0,-0.0,0.0,0.0,5279.0,1.0,2.746616,2.746616,9.466194,1.0,0.0,27.0,1.0,0.0,377.071442,0.0,6306.0,79.0,8.0
3.116895,4.170818,64256.0,1.0,3.356656,0.257906,1.0,3.0,0.0,0.0,9.375,11871.052734,2090.717041,0.0,64.0,0.0,1167.0,0.000504,1721542656.0,31872.0,0.25841,0.0,9780.335938,4.170818,4.170818,62.0,0.0,14.0,0.0,15.0,-0.0,0.0,0.0,5491.0,0.0,4.170818,4.170818,6.713312,0.0,0.0,29.0,2.0,0.0,392.214294,0.0,6658.0,77.800003,8.0
9.337933,1.285081,64256.0,0.0,9.337933,0.156753,0.0,0.0,0.0,0.0,0.0,38266.847656,5857.996582,0.0,64.0,0.0,1019.0,0.000199,1721542656.0,31872.0,0.156952,0.0,32408.851562,1.285081,1.285081,62.0,0.0,13.0,0.0,13.0,-0.0,0.0,0.0,5639.0,0.0,1.285081,1.285081,19.454025,0.0,0.0,26.0,0.0,0.0,433.769226,0.0,6658.0,78.384613,8.0
8.228387,1.701427,64256.0,0.0,7.640645,0.154208,0.0,0.0,0.0,0.0,0.0,31070.390625,4739.550781,0.0,64.0,0.0,1085.0,0.000498,1721542656.0,31872.0,0.154706,0.0,26330.839844,1.701427,1.701427,62.0,0.0,15.0,0.0,14.0,-0.0,0.0,0.0,5999.0,0.0,1.701427,1.701427,16.456774,0.0,0.0,29.0,0.0,0.0,399.933319,0.0,7084.0,77.5,8.0
6.851118,2.043462,64256.0,0.0,8.319215,0.153526,0.0,1.0,0.0,0.0,2.941176,27972.136719,5171.615723,0.0,64.0,0.0,1398.0,0.000496,1721542656.0,31872.0,0.154022,0.0,22800.521484,2.043462,2.043462,62.0,0.0,15.0,0.0,18.0,-0.0,0.0,0.0,6239.0,1.0,2.043462,2.043462,15.659698,1.0,0.0,33.0,1.0,0.0,415.933319,0.0,7637.0,77.666664,8.0
2.545128,4.71489,64256.0,0.0,2.969316,0.266925,0.0,1.0,0.0,0.0,3.448276,11768.672852,1835.885864,0.0,64.0,0.0,1159.0,0.0,1721542656.0,31872.0,0.266925,0.0,9932.787109,4.71489,4.71489,62.0,0.0,13.0,0.0,15.0,-0.0,0.0,0.0,6341.0,0.0,4.71489,4.71489,5.726539,1.0,0.0,28.0,1.0,0.0,487.769226,0.0,7500.0,77.26667,8.0
2.863221,4.889598,64256.0,0.0,3.681284,0.27795,0.0,3.0,0.0,0.0,8.108108,12629.259766,2267.671143,0.0,64.0,0.0,1463.0,0.000497,1721542656.0,31872.0,0.278447,0.0,10361.587891,4.889598,4.889598,62.0,0.0,15.0,0.0,19.0,-0.0,0.0,0.0,6785.0,1.0,4.889598,4.889598,6.749021,1.0,0.0,34.0,3.0,0.0,452.333344,0.0,8248.0,77.0,8.0
0.0,0.0,197300.1840419336,0.0,0.0,0.266925,0.0,0.0,0.0,0.0,0.0,0.0,0.0,0.0,64.0,0.0,66.0,0.0,1721542656.0,95686.87047841308,0.266925,0.0,0.0,0.0,0.0,62.0,0.0,0.0,0.0,1.0,-0.0,1.0,0.0,0.0,0.0,0.0,0.0,0.0,0.0,0.0,1.0,0.0,0.0,0.0,0.0,66.0,66.0,8.0
2.485464,4.828073,64256.0,0.0,2.899708,0.248341,0.0,3.0,0.0,0.0,9.677419,12278.19043,1817.702393,0.0,64.0,0.0,1175.0,0.000497,1721542656.0,31872.0,0.248838,0.0,10460.488281,4.828073,4.828073,62.0,0.0,13.0,0.0,15.0,-0.0,0.0,0.0,6839.0,0.0,4.828073,4.828073,5.592293,1.0,0.0,28.0,3.0,0.0,526.076904,0.0,8014.0,78.333336,8.0
0.0,0.0,197300.1840419336,0.0,0.0,0.266925,0.0,0.0,0.0,0.0,0.0,0.0,0.0,0.0,64.0,0.0,66.0,0.0,1721542656.0,95686.87047841308,0.266925,0.0,0.0,0.0,0.0,62.0,0.0,0.0,0.0,1.0,-0.0,1.0,0.0,0.0,0.0,0.0,0.0,0.0,0.0,0.0,1.0,0.0,0.0,0.0,0.0,66.0,66.0,8.0
0.231326,4.322911,64256.0,0.0,0.231326,0.248341,0.0,0.0,0.0,0.0,0.0,244.279846,122.139923,0.0,64.0,0.0,132.0,0.000497,1721542656.0,31872.0,0.248838,0.0,122.139923,4.322911,4.322911,62.0,0.0,2.0,0.0,2.0,-0.0,1.0,0.0,132.0,0.0,4.322911,4.322911,0.693977,0.0,0.0,4.0,0.0,0.0,66.0,0.0,264.0,66.0,8.0
2.594795,4.624643,64256.0,0.0,3.243494,0.276592,0.0,4.0,0.0,0.0,12.121212,13349.355469,2015.290771,0.0,64.0,0.0,1242.0,0.000496,1721542656.0,31872.0,0.277088,0.0,11334.064453,4.624643,4.624643,62.0,0.0,13.0,0.0,16.0,-0.0,0.0,0.0,7097.0,0.0,4.624643,4.624643,6.054522,1.0,0.0,29.0,4.0,0.0,545.923096,0.0,8339.0,77.625,8.0
0.0,2.354892,64256.0,0.0,0.849296,0.276592,0.0,3.0,0.0,0.0,42.857143,489.194397,489.194397,0.0,64.0,0.0,216.0,0.000496,1721542656.0,31872.0,0.277088,0.0,0.0,2.354892,2.354892,62.0,0.0,1.0,0.0,3.0,-0.0,1.0,0.0,66.0,0.0,2.354892,2.354892,1.273944,1.0,0.0,4.0,3.0,0.0,66.0,0.0,282.0,72.0,8.0
0.0,0.0,64256.0,0.0,0.0,0.266925,0.0,0.0,0.0,0.0,0.0,0.0,0.0,0.0,64.0,0.0,66.0,0.0,1721542656.0,31872.0,0.266925,0.0,0.0,0.0,0.0,62.0,0.0,1.0,0.0,1.0,-0.0,1.0,0.0,66.0,0.0,0.0,0.0,0.0,0.0,0.0,2.0,0.0,0.0,66.0,0.0,132.0,66.0,8.0
6.279968,2.070074,64256.0,0.0,6.279968,0.153926,0.0,1.0,0.0,0.0,3.448276,30688.755859,4034.638184,0.0,64.0,0.0,1124.0,0.000487,1721542656.0,31872.0,0.154413,0.0,26654.119141,2.070074,2.070074,62.0,0.0,14.0,0.0,14.0,-0.0,0.0,0.0,7427.0,0.0,2.070074,2.070074,13.043012,1.0,0.0,28.0,1.0,0.0,530.5,0.0,8551.0,80.285713,8.0
2.736774,4.750118,64256.0,0.0,3.78938,0.263568,0.0,4.0,0.0,0.0,10.810811,15834.554688,2426.887207,0.0,64.0,0.0,1521.0,0.000496,1721542656.0,31872.0,0.264064,0.0,13407.667969,4.750118,4.750118,62.0,0.0,14.0,0.0,19.0,-0.0,0.0,0.0,8573.0,1.0,4.750118,4.750118,6.736675,1.0,0.0,33.0,4.0,0.0,612.357117,0.0,10094.0,80.052635,8.0
0.0,0.0,64256.0,0.0,0.0,0.263568,0.0,0.0,0.0,0.0,0.0,0.0,0.0,0.0,64.0,0.0,66.0,0.000496,1721542656.0,31872.0,0.264064,0.0,0.0,0.0,0.0,62.0,0.0,1.0,0.0,1.0,-0.0,1.0,0.0,66.0,1.0,0.0,0.0,0.0,0.0,0.0,2.0,0.0,0.0,66.0,0.0,132.0,66.0,8.0
1.00542,4.973048,64256.0,1.0,1.608671,0.169271,1.0,5.0,0.0,0.0,25.0,1660.148804,1037.593018,1.0,64.0,0.0,725.0,0.000496,1721542656.0,31872.0,0.169767,0.0,622.555786,4.973048,4.973048,62.0,0.0,6.0,0.0,9.0,-0.0,0.0,0.0,464.0,0.0,4.973048,4.973048,2.815175,0.0,0.0,15.0,4.0,0.0,77.333336,0.0,1189.0,80.555557,8.0
1.608402,4.352146,64256.0,0.0,2.987032,0.169271,0.0,6.0,0.0,0.0,21.428571,13859.829102,1768.322998,0.0,64.0,0.0,1035.0,0.000496,1721542656.0,31872.0,0.169767,0.0,12091.505859,4.352146,4.352146,62.0,0.0,8.0,0.0,14.0,-0.0,1.0,0.0,7517.0,0.0,4.352146,4.352146,4.825206,1.0,0.0,22.0,6.0,0.0,939.625,0.0,8552.0,73.928574,8.0
0.0,1.816877,64256.0,0.0,1.10079,0.169271,0.0,3.0,0.0,0.0,42.857143,634.055054,634.055054,0.0,64.0,0.0,216.0,0.000496,1721542656.0,31872.0,0.169767,0.0,0.0,1.816877,1.816877,62.0,0.0,1.0,0.0,3.0,-0.0,1.0,0.0,66.0,0.0,1.816877,1.816877,1.651185,1.0,0.0,4.0,3.0,0.0,66.0,0.0,282.0,72.0,8.0
8.156944,1.716329,64256.0,0.0,7.574306,0.153874,0.0,0.0,0.0,0.0,0.0,40952.523438,4698.399902,0.0,64.0,0.0,1085.0,0.000516,1721542656.0,31872.0,0.15439,0.0,36254.121094,1.716329,1.716329,62.0,0.0,15.0,0.0,14.0,-0.0,0.0,0.0,8333.0,1.0,1.716329,1.716329,16.313889,0.0,0.0,29.0,0.0,0.0,555.533325,0.0,9418.0,77.5,8.0
0.327079,3.057369,64256.0,0.0,1.308314,0.186599,0.0,3.0,0.0,0.0,30.0,1261.21521,1078.051147,0.0,64.0,0.0,514.0,0.0,1721542656.0,31872.0,0.186599,0.0,183.164017,3.057369,3.057369,62.0,0.0,2.0,0.0,5.0,-0.0,0.0,0.0,140.0,0.0,3.057369,3.057369,1.962472,1.0,0.0,7.0,3.0,0.0,70.0,0.0,654.0,102.800003,8.0
0.0,0.0,197300.1840419336,0.0,0.0,0.186599,0.0,0.0,0.0,0.0,0.0,0.0,0.0,0.0,64.0,0.0,110.0,0.0,1721542656.0,95686.87047841308,0.186599,0.0,0.0,0.0,0.0,62.0,0.0,0.0,0.0,1.0,-0.0,1.0,0.0,0.0,0.0,0.0,0.0,0.0,0.0,1.0,1.0,0.0,0.0,0.0,0.0,110.0,110.0,8.0
0.0,0.0,197300.1840419336,0.0,0.0,0.186599,0.0,0.0,0.0,0.0,0.0,0.0,0.0,0.0,64.0,0.0,110.0,0.0,1721542656.0,95686.87047841308,0.186599,0.0,0.0,0.0,0.0,62.0,0.0,0.0,0.0,1.0,-0.0,1.0,0.0,0.0,0.0,0.0,0.0,0.0,0.0,1.0,1.0,0.0,0.0,0.0,0.0,110.0,110.0,8.0
8.011821,1.747418,64256.0,0.0,7.439548,0.186599,0.0,0.0,0.0,1.0,0.0,41336.417969,4582.76123,0.0,64.0,0.0,1077.0,0.0,1721542656.0,31872.0,0.186599,0.0,36753.65625,1.747418,1.747418,62.0,0.0,15.0,0.0,14.0,-0.0,1.0,0.0,8601.0,0.0,1.747418,1.747418,16.023642,0.0,0.0,29.0,0.0,0.0,573.400024,0.0,9678.0,76.928574,8.0
13.348055,1.048842,64256.0,0.0,12.394623,0.076628,0.0,0.0,0.0,0.0,0.0,71072.671875,7688.479492,0.0,64.0,0.0,1085.0,0.000498,1721542656.0,31872.0,0.077126,0.0,63384.191406,1.048842,1.048842,62.0,0.0,15.0,0.0,14.0,-0.0,0.0,0.0,8903.0,0.0,1.048842,1.048842,26.69611,0.0,0.0,29.0,0.0,0.0,593.533325,0.0,9988.0,77.5,8.0
8.904466,1.684548,64256.0,0.0,8.310835,0.153955,0.0,0.0,0.0,0.0,0.0,46426.695312,5105.227051,0.0,64.0,0.0,1151.0,0.000459,1721542656.0,31872.0,0.154414,0.0,41321.46875,1.684548,1.684548,62.0,0.0,16.0,0.0,15.0,-0.0,0.0,0.0,9281.0,1.0,1.684548,1.684548,17.808931,0.0,0.0,31.0,0.0,0.0,580.0625,0.0,10432.0,76.73333,8.0
7.607079,1.577478,64256.0,0.0,5.705309,0.247954,0.0,0.0,0.0,0.0,0.0,47544.242188,3671.68335,1.0,64.0,0.0,804.0,0.000496,1721542656.0,31872.0,0.24845,0.0,43872.558594,1.577478,1.577478,62.0,0.0,13.0,0.0,10.0,-0.0,0.0,0.0,9371.0,0.0,1.577478,1.577478,13.946311,0.0,0.0,23.0,0.0,0.0,720.84613,0.0,10175.0,80.400002,8.0
1.907913,0.524133,64256.0,0.0,5.723738,0.247954,0.0,0.0,0.0,1.0,0.0,4273.724121,3220.556396,0.0,64.0,0.0,281.0,0.000496,1721542656.0,31872.0,0.24845,0.0,1053.167725,0.524133,0.524133,62.0,0.0,2.0,0.0,4.0,-0.0,1.0,0.0,138.0,0.0,0.524133,0.524133,9.539563,0.0,0.0,6.0,0.0,0.0,69.0,0.0,419.0,70.25,8.0
1.875045,3.733243,64256.0,1.0,2.410773,0.27807,1.0,4.0,0.0,0.0,18.181818,2901.498779,1710.041382,1.0,64.0,0.0,886.0,0.001004,1721542656.0,31872.0,0.279074,0.0,1191.457397,3.733243,3.733243,62.0,0.0,8.0,0.0,10.0,-0.0,0.0,0.0,635.0,0.0,3.733243,3.733243,4.553682,0.0,0.0,18.0,3.0,0.0,79.375,0.0,1521.0,88.599998,8.0
2.389918,4.184243,64256.0,6.0,2.150927,0.27807,0.0,6.0,0.0,1.0,22.222222,17773.345703,1311.58728,0.0,64.0,0.0,762.0,0.001004,1721542656.0,31872.0,0.279074,0.0,16461.757812,4.184243,4.184243,62.0,0.0,11.0,0.0,10.0,-0.0,1.0,0.0,9470.0,1.0,4.184243,4.184243,4.779837,0.0,0.0,21.0,0.0,0.0,860.909119,0.0,10232.0,76.199997,8.0
1.88248,4.780927,64256.0,0.0,2.300809,0.246674,0.0,4.0,0.0,0.0,15.384615,2863.042969,1691.722046,1.0,64.0,0.0,1102.0,0.000498,1721542656.0,31872.0,0.247172,0.0,1171.320923,4.780927,4.780927,62.0,0.0,10.0,0.0,12.0,-0.0,0.0,0.0,777.0,1.0,4.780927,4.780927,4.392453,1.0,0.0,22.0,4.0,0.0,77.699997,0.0,1879.0,91.833336,8.0
11.888188,0.757054,64256.0,0.0,13.209098,0.246674,0.0,0.0,0.0,1.0,0.0,100019.289062,7608.44043,0.0,64.0,0.0,792.0,0.000498,1721542656.0,31872.0,0.247172,0.0,92410.851562,0.757054,0.757054,62.0,0.0,10.0,0.0,11.0,-0.0,1.0,0.0,9716.0,1.0,0.757054,0.757054,26.418196,0.0,0.0,21.0,0.0,0.0,971.599976,0.0,10508.0,72.0,8.0
10.886898,1.377803,64256.0,0.0,9.435311,0.169681,0.0,0.0,0.0,0.0,0.0,63167.230469,5852.796387,0.0,64.0,0.0,1085.0,0.0,1721542656.0,31872.0,0.169681,0.0,57314.4375,1.377803,1.377803,62.0,0.0,16.0,0.0,14.0,-0.0,0.0,0.0,10529.0,0.0,1.377803,1.377803,21.048002,0.0,0.0,30.0,0.0,0.0,658.0625,0.0,11614.0,77.5,8.0
3.445981,4.352897,64256.0,0.0,3.905445,0.248326,0.0,4.0,0.0,0.0,10.526316,23002.611328,2530.728271,1.0,64.0,0.0,1458.0,0.000497,1721542656.0,31872.0,0.248823,0.0,20471.882812,4.352897,4.352897,62.0,0.0,16.0,0.0,18.0,-0.0,0.0,0.0,11881.0,1.0,4.352897,4.352897,7.581158,1.0,0.0,34.0,4.0,0.0,742.5625,0.0,13339.0,81.0,8.0
0.662049,3.020924,64256.0,0.0,2.648196,0.248326,0.0,5.0,0.0,1.0,29.411765,4427.78418,1509.471924,0.0,64.0,0.0,641.0,0.000497,1721542656.0,31872.0,0.248823,0.0,2918.312256,3.020924,3.020924,62.0,0.0,3.0,0.0,9.0,-0.0,1.0,0.0,1652.0,1.0,3.020924,3.020924,3.64127,1.0,0.0,12.0,5.0,0.0,550.666687,0.0,2293.0,71.222221,8.0
2.990177,1.672142,64256.0,0.0,2.990177,0.169294,0.0,1.0,0.0,0.0,7.692308,3875.268799,2009.398682,1.0,64.0,0.0,503.0,0.000994,1721542656.0,31872.0,0.170288,0.0,1865.870239,1.672142,1.672142,62.0,0.0,6.0,0.0,6.0,-0.0,0.0,0.0,468.0,1.0,1.672142,1.672142,6.578389,1.0,0.0,12.0,1.0,0.0,78.0,0.0,971.0,83.833336,8.0
29.622288,0.371342,64256.0,0.0,21.543482,0.169294,0.0,0.0,0.0,1.0,0.0,227283.734375,12581.393555,0.0,64.0,0.0,656.0,0.000994,1721542656.0,31872.0,0.170288,0.0,214702.34375,0.371342,0.371342,62.0,0.0,12.0,0.0,9.0,-0.0,1.0,0.0,10871.0,1.0,0.371342,0.371342,53.858707,0.0,0.0,21.0,0.0,0.0,905.916687,0.0,11527.0,72.888885,8.0
27.848026,0.574547,64256.0,0.0,24.367023,0.061662,0.0,0.0,0.0,0.0,0.0,167032.46875,14968.314453,0.0,64.0,0.0,1151.0,0.000498,1721542656.0,31872.0,0.06216,0.0,152064.15625,0.574547,0.574547,62.0,0.0,17.0,0.0,15.0,-0.0,0.0,0.0,11603.0,0.0,0.574547,0.574547,53.955551,0.0,0.0,32.0,0.0,0.0,682.529419,0.0,12754.0,76.73333,8.0
24.667185,0.648635,64256.0,0.0,21.583786,0.061357,0.0,0.0,0.0,0.0,0.0,151986.859375,13258.611328,0.0,64.0,0.0,1151.0,0.000496,1721542656.0,31872.0,0.061853,0.0,138728.25,0.648635,0.648635,62.0,0.0,17.0,0.0,15.0,-0.0,0.0,0.0,11951.0,0.0,0.648635,0.648635,47.792671,0.0,0.0,32.0,0.0,0.0,703.0,0.0,13102.0,76.73333,8.0
12.598594,1.269983,64256.0,0.0,11.023769,0.154629,0.0,0.0,0.0,0.0,0.0,79730.195312,6771.744141,0.0,64.0,0.0,1151.0,0.000497,1721542656.0,31872.0,0.155126,0.0,72958.453125,1.269983,1.269983,62.0,0.0,17.0,0.0,15.0,-0.0,0.0,0.0,12305.0,0.0,1.269983,1.269983,24.409775,0.0,0.0,32.0,0.0,0.0,723.823547,0.0,13456.0,76.73333,8.0
9.088587,1.980506,64256.0,0.0,8.078744,0.154741,0.0,1.0,0.0,0.0,2.702703,53929.652344,4911.875977,0.0,64.0,0.0,1291.0,0.001506,1721542656.0,31872.0,0.156247,0.0,49017.777344,1.980506,1.980506,62.0,0.0,19.0,0.0,17.0,-0.0,0.0,0.0,12809.0,1.0,1.980506,1.980506,17.672253,1.0,0.0,36.0,1.0,0.0,674.157898,0.0,14100.0,75.941177,8.0
11.949346,1.422672,64256.0,0.0,11.246443,0.169927,0.0,0.0,0.0,0.0,0.0,76352.101562,6792.851562,0.0,64.0,0.0,1283.0,0.001004,1721542656.0,31872.0,0.170931,0.0,69559.25,1.422672,1.422672,62.0,0.0,18.0,0.0,17.0,-0.0,0.0,0.0,13097.0,0.0,1.422672,1.422672,23.898691,0.0,0.0,35.0,0.0,0.0,727.611084,0.0,14380.0,75.470589,8.0
7.060027,2.407923,64256.0,0.0,6.229435,0.156278,0.0,1.0,0.0,0.0,2.857143,46081.203125,3817.397949,0.0,64.0,0.0,1225.0,0.000431,1721542656.0,31872.0,0.156709,0.0,42263.808594,2.407923,2.407923,62.0,0.0,18.0,0.0,16.0,-0.0,0.0,0.0,13469.0,0.0,2.407923,2.407923,13.704758,1.0,0.0,34.0,1.0,0.0,748.277771,0.0,14694.0,76.5625,8.0
12.486035,1.361521,64256.0,0.0,10.282618,0.169921,0.0,0.0,0.0,0.0,0.0,83159.9375,6316.465332,0.0,64.0,0.0,1151.0,0.000508,1721542656.0,31872.0,0.170429,0.0,76843.46875,1.361521,1.361521,62.0,0.0,18.0,0.0,15.0,-0.0,0.0,0.0,13847.0,0.0,1.361521,1.361521,23.503126,0.0,0.0,33.0,0.0,0.0,769.277771,0.0,14998.0,76.73333,8.0
12.781254,1.330073,64256.0,0.0,10.525738,0.168927,0.0,0.0,0.0,0.0,0.0,87309.484375,6465.810547,0.0,64.0,0.0,1151.0,0.000502,1721542656.0,31872.0,0.169429,0.0,80843.679688,1.330073,1.330073,62.0,0.0,18.0,0.0,15.0,-0.0,0.0,0.0,14231.0,0.0,1.330073,1.330073,24.05883,0.0,0.0,33.0,0.0,0.0,790.611084,0.0,15382.0,76.73333,8.0
16.606483,1.083914,64256.0,0.0,13.838736,0.155098,0.0,0.0,0.0,0.0,0.0,111115.820312,8421.332031,0.0,64.0,0.0,1217.0,0.000985,1721542656.0,31872.0,0.156083,0.0,102694.492188,1.083914,1.083914,62.0,0.0,19.0,0.0,16.0,-0.0,0.0,0.0,14687.0,0.0,1.083914,1.083914,31.367802,0.0,0.0,35.0,0.0,0.0,773.0,0.0,15904.0,76.0625,8.0
18.012274,1.110354,64256.0,0.0,15.310433,0.059693,0.0,1.0,0.0,0.0,2.5,113722.296875,9236.694336,0.0,64.0,0.0,1357.0,0.000988,1721542656.0,31872.0,0.060681,0.0,104485.601562,1.110354,1.110354,62.0,0.0,21.0,0.0,18.0,-0.0,0.0,0.0,15227.0,1.0,1.110354,1.110354,34.22332,1.0,0.0,39.0,1.0,0.0,725.095215,0.0,16584.0,75.388885,8.0
3.600296,4.999589,64256.0,0.0,4.400362,0.247265,0.0,3.0,0.0,0.0,6.666667,26195.753906,2630.616211,1.0,64.0,0.0,1718.0,0.000496,1721542656.0,31872.0,0.247761,0.0,23565.136719,4.999589,4.999589,62.0,0.0,19.0,0.0,23.0,-0.0,0.0,0.0,15545.0,1.0,4.999589,4.999589,8.200674,1.0,0.0,42.0,3.0,0.0,818.157898,0.0,17263.0,74.695656,8.0
16.045956,0.062321,64256.0,0.0,32.091911,0.247265,0.0,0.0,0.0,1.0,0.0,26572.103516,17714.734375,0.0,64.0,0.0,207.0,0.000496,1721542656.0,31872.0,0.247761,0.0,8857.367188,0.062321,0.062321,62.0,0.0,2.0,0.0,3.0,-0.0,1.0,0.0,138.0,1.0,0.062321,0.062321,64.183823,0.0,0.0,5.0,0.0,0.0,69.0,0.0,345.0,69.0,8.0
34.708965,0.547409,64256.0,0.0,27.401815,0.061106,0.0,0.0,0.0,0.0,0.0,238256.953125,16674.917969,0.0,64.0,0.0,1217.0,0.000497,1721542656.0,31872.0,0.061603,0.0,221582.03125,0.547409,0.547409,62.0,0.0,20.0,0.0,16.0,-0.0,0.0,0.0,15959.0,0.0,0.547409,0.547409,63.937569,0.0,0.0,36.0,0.0,0.0,797.950012,0.0,17176.0,76.0625,8.0
9.291285,2.152555,64256.0,0.0,6.968463,0.216963,0.0,0.0,0.0,0.0,0.0,62429.996094,4240.541992,0.0,64.0,0.0,1217.0,0.0,1721542656.0,31872.0,0.216963,0.0,58189.453125,2.152555,2.152555,62.0,0.0,21.0,0.0,16.0,-0.0,0.0,0.0,16439.0,0.0,2.152555,2.152555,16.724312,0.0,0.0,37.0,0.0,0.0,782.809509,0.0,17656.0,76.0625,8.0
13.765884,1.452867,64256.0,0.0,10.324413,0.153887,0.0,0.0,0.0,0.0,0.0,94698.273438,6282.75,0.0,64.0,0.0,1217.0,0.00049,1721542656.0,31872.0,0.154377,0.0,88415.523438,1.452867,1.452867,62.0,0.0,21.0,0.0,16.0,-0.0,0.0,0.0,16859.0,0.0,1.452867,1.452867,24.778593,0.0,0.0,37.0,0.0,0.0,802.809509,0.0,18076.0,76.0625,8.0
6.063811,3.792994,64256.0,0.0,6.327455,0.264045,0.0,2.0,0.0,0.0,3.921569,39226.003906,3807.018799,0.0,64.0,0.0,1880.0,0.000497,1721542656.0,31872.0,0.264542,0.0,35418.984375,3.792994,3.792994,62.0,0.0,24.0,0.0,25.0,-0.0,0.0,0.0,17523.0,1.0,3.792994,3.792994,12.65491,1.0,0.0,49.0,2.0,0.0,730.125,0.0,19403.0,75.199997,8.0
16.423868,1.095966,64256.0,0.0,10.949244,0.153258,0.0,0.0,0.0,0.0,0.0,128317.851562,6752.03418,1.0,64.0,0.0,1002.0,0.000497,1721542656.0,31872.0,0.153755,0.0,121565.820312,1.095966,1.095966,62.0,0.0,19.0,0.0,13.0,-0.0,0.0,0.0,17579.0,0.0,1.095966,1.095966,28.285549,0.0,0.0,32.0,0.0,0.0,925.21051,0.0,18581.0,77.07692,8.0
2.052264,1.949067,64256.0,0.0,3.078396,0.153258,0.0,3.0,0.0,1.0,20.0,2918.319336,1773.156128,0.0,64.0,0.0,503.0,0.000497,1721542656.0,31872.0,0.153755,0.0,1145.16333,1.949067,1.949067,62.0,0.0,5.0,0.0,7.0,-0.0,1.0,0.0,348.0,1.0,1.949067,1.949067,5.643726,1.0,0.0,12.0,3.0,0.0,69.599998,0.0,851.0,71.85714,8.0
7.467502,2.946099,64256.0,0.0,5.770342,0.263749,0.0,0.0,0.0,0.0,0.0,50960.949219,3462.205322,0.0,64.0,0.0,1349.0,0.0,1721542656.0,31872.0,0.263749,0.0,47498.742188,2.946099,2.946099,62.0,0.0,23.0,0.0,18.0,-0.0,0.0,0.0,18287.0,0.0,2.946099,2.946099,13.577276,0.0,0.0,41.0,0.0,0.0,795.086975,0.0,19636.0,74.944443,8.0
11.983367,1.66898,64256.0,1.0,10.185862,0.154675,0.0,1.0,0.0,0.0,2.5,91073.585938,6164.244141,0.0,64.0,0.0,1361.0,0.000506,1721542656.0,31872.0,0.155181,0.0,84909.34375,1.66898,1.66898,62.0,0.0,21.0,0.0,18.0,-0.0,0.0,0.0,18599.0,1.0,1.66898,1.66898,22.768398,0.0,0.0,39.0,0.0,0.0,885.666687,0.0,19960.0,75.611115,8.0
0.45952,4.352364,64256.0,1.0,1.148801,0.231509,1.0,5.0,0.0,0.0,35.714286,1163.505615,900.659973,0.0,64.0,0.0,588.0,0.000482,1721542656.0,31872.0,0.231991,0.0,262.845673,4.352364,4.352364,62.0,0.0,3.0,0.0,6.0,-0.0,0.0,0.0,214.0,0.0,4.352364,4.352364,1.838081,0.0,0.0,9.0,4.0,0.0,71.333336,0.0,802.0,98.0,8.0
5.691685,3.338203,64256.0,0.0,5.991248,0.231509,0.0,1.0,0.0,1.0,2.380952,46633.472656,3431.786621,0.0,64.0,0.0,1503.0,0.000482,1721542656.0,31872.0,0.231991,0.0,43201.6875,3.338203,3.338203,62.0,0.0,20.0,0.0,21.0,-0.0,1.0,0.0,18975.0,0.0,3.338203,3.338203,11.982495,1.0,0.0,41.0,1.0,0.0,948.75,0.0,20478.0,71.571426,8.0
34.83136,0.602905,64256.0,0.0,26.538179,0.061148,0.0,0.0,0.0,0.0,0.0,263922.1875,16029.05957,0.0,64.0,0.0,1283.0,0.0005,1721542656.0,31872.0,0.061648,0.0,247893.125,0.602905,0.602905,62.0,0.0,22.0,0.0,17.0,-0.0,0.0,0.0,19571.0,0.0,0.602905,0.602905,63.028175,0.0,0.0,39.0,0.0,0.0,889.590881,0.0,20854.0,75.470589,8.0
27.715931,0.757687,64256.0,0.0,21.116899,0.076585,0.0,0.0,0.0,0.0,0.0,214663.84375,12754.607422,0.0,64.0,0.0,1283.0,0.000497,1721542656.0,31872.0,0.077082,0.0,201909.234375,0.757687,0.757687,62.0,0.0,22.0,0.0,17.0,-0.0,0.0,0.0,20033.0,0.0,0.757687,0.757687,50.152637,0.0,0.0,39.0,0.0,0.0,910.590881,0.0,21316.0,75.470589,8.0
11.418569,2.014263,64256.0,0.0,8.439812,0.201435,0.0,0.0,0.0,0.0,0.0,83599.8125,5063.887207,0.0,64.0,0.0,1349.0,0.00049,1721542656.0,31872.0,0.201925,0.0,78535.921875,2.014263,2.014263,62.0,0.0,24.0,0.0,18.0,-0.0,0.0,0.0,20633.0,0.0,2.014263,2.014263,20.354841,0.0,0.0,42.0,0.0,0.0,859.708313,0.0,21982.0,74.944443,8.0
9.953684,2.210237,64256.0,0.0,8.143923,0.249556,0.0,1.0,0.0,0.0,2.325581,77855.898438,5005.797852,0.0,64.0,0.0,1459.0,0.0,1721542656.0,31872.0,0.249556,0.0,72850.101562,2.210237,2.210237,62.0,0.0,23.0,0.0,19.0,-0.0,0.0,0.0,21041.0,0.0,2.210237,2.210237,18.550047,1.0,0.0,42.0,1.0,0.0,914.826111,0.0,22500.0,76.789474,8.0
1.41529,4.945982,64256.0,0.0,2.628396,0.061727,0.0,5.0,0.0,0.0,18.518519,2620.308838,1644.97168,1.0,64.0,0.0,1095.0,0.000457,1721542656.0,31872.0,0.062184,0.0,975.337158,4.945982,4.945982,62.0,0.0,8.0,0.0,14.0,-0.0,0.0,0.0,689.0,1.0,4.945982,4.945982,4.245871,1.0,0.0,22.0,5.0,0.0,86.125,0.0,1784.0,78.214287,8.0
26.19673,0.648936,64256.0,0.0,16.950825,0.061727,0.0,0.0,0.0,1.0,0.0,255211.625,9566.428711,0.0,64.0,0.0,846.0,0.000457,1721542656.0,31872.0,0.062184,0.0,245645.1875,0.648936,0.648936,62.0,0.0,18.0,0.0,12.0,-0.0,1.0,0.0,21098.0,1.0,0.648936,0.648936,44.688538,0.0,0.0,30.0,0.0,0.0,1172.111084,0.0,21944.0,70.5,8.0
15.665387,1.468205,64256.0,0.0,11.578765,0.153365,0.0,0.0,0.0,0.0,0.0,122211.820312,6947.258789,0.0,64.0,0.0,1349.0,0.000488,1721542656.0,31872.0,0.153853,0.0,115264.5625,1.468205,1.468205,62.0,0.0,24.0,0.0,18.0,-0.0,0.0,0.0,22073.0,0.0,1.468205,1.468205,27.925257,0.0,0.0,42.0,0.0,0.0,919.708313,0.0,23422.0,74.944443,8.0
0.6573,3.042749,8222720.0,2.0,0.985951,0.0,1.0,5.0,0.0,0.0,41.666667,972.804565,583.682739,0.0,64.0,0.0,296.0,0.000502,1721542656.0,4077568.0,0.000502,0.0,389.121826,3.042749,3.042749,62.0,0.0,3.0,0.0,4.0,-0.0,0.0,0.0,222.0,0.0,3.042749,3.042749,1.971901,0.0,0.0,7.0,3.0,0.0,74.0,0.0,518.0,74.0,8.0
5.26211,4.37087,64256.0,0.0,4.118173,0.163189,0.0,1.0,0.0,0.0,2.272727,42021.839844,2454.431152,0.0,64.0,0.0,1415.0,0.000502,1721542656.0,31872.0,0.163691,0.0,39567.40625,4.37087,4.37087,62.0,0.0,24.0,0.0,19.0,-0.0,1.0,0.0,22557.0,0.0,4.37087,4.37087,9.609071,1.0,0.0,43.0,1.0,0.0,939.875,0.0,23972.0,74.473686,8.0
2.260326,4.424141,64256.0,0.0,3.164456,0.16953,0.0,4.0,0.0,0.0,13.333333,3641.836426,2245.859619,1.0,64.0,0.0,1330.0,0.000513,1721542656.0,31872.0,0.170043,0.0,1395.977173,4.424141,4.424141,62.0,0.0,11.0,0.0,15.0,-0.0,0.0,0.0,849.0,1.0,4.424141,4.424141,5.650815,1.0,0.0,26.0,4.0,0.0,77.181816,0.0,2179.0,88.666664,8.0
19.522503,0.819567,64256.0,0.0,19.522503,0.16953,0.0,0.0,0.0,1.0,0.0,217539.25,10805.706055,0.0,64.0,0.0,1176.0,0.000513,1721542656.0,31872.0,0.170043,0.0,206733.546875,0.819567,0.819567,62.0,0.0,17.0,0.0,17.0,-0.0,1.0,0.0,22502.0,1.0,0.819567,0.819567,40.265163,0.0,0.0,34.0,0.0,0.0,1323.647095,0.0,23678.0,69.176468,8.0
43.362629,0.553472,64256.0,0.0,32.521973,0.06065,0.0,0.0,0.0,0.0,0.0,347320.1875,19383.095703,0.0,64.0,0.0,1415.0,0.00091,1721542656.0,31872.0,0.06156,0.0,327937.09375,0.553472,0.553472,62.0,0.0,25.0,0.0,19.0,-0.0,0.0,0.0,23633.0,0.0,0.553472,0.553472,77.691376,0.0,0.0,44.0,0.0,0.0,945.320007,0.0,25048.0,74.473686,8.0
0.0,0.000497,64256.0,0.0,0.0,0.163189,0.0,0.0,0.0,0.0,0.0,0.0,0.0,0.0,64.0,0.0,66.0,0.000502,1721542656.0,31872.0,0.163691,0.0,0.0,0.000497,0.000497,62.0,0.0,1.0,0.0,1.0,-0.0,1.0,0.0,66.0,0.0,0.000497,0.000497,2012.072388,0.0,0.0,2.0,0.0,0.0,66.0,0.0,132.0,66.0,8.0
40.946339,0.586133,64256.0,0.0,30.709753,0.061398,0.0,0.0,0.0,0.0,0.0,334654.40625,18303.013672,0.0,64.0,0.0,1415.0,0.000425,1721542656.0,31872.0,0.061823,0.0,316351.40625,0.586133,0.586133,62.0,0.0,25.0,0.0,19.0,-0.0,0.0,0.0,24143.0,0.0,0.586133,0.586133,73.36219,0.0,0.0,44.0,0.0,0.0,965.719971,0.0,25558.0,74.473686,8.0
34.380703,0.698066,64256.0,0.0,25.785528,0.061012,0.0,0.0,0.0,0.0,0.0,286666.3125,15368.174805,0.0,64.0,0.0,1415.0,0.000497,1721542656.0,31872.0,0.061509,0.0,271298.125,0.698066,0.698066,62.0,0.0,25.0,0.0,19.0,-0.0,0.0,0.0,24659.0,0.0,0.698066,0.698066,61.598759,0.0,0.0,44.0,0.0,0.0,986.359985,0.0,26074.0,74.473686,8.0
11.276515,2.305677,64256.0,0.0,8.24053,0.091748,0.0,0.0,0.0,0.0,0.0,89459.195312,4881.863281,0.0,64.0,0.0,1481.0,0.0,1721542656.0,31872.0,0.091748,0.0,84577.328125,2.305677,2.305677,62.0,0.0,27.0,0.0,20.0,-0.0,0.0,0.0,25313.0,0.0,2.305677,2.305677,19.950756,0.0,0.0,47.0,0.0,0.0,937.518494,0.0,26794.0,74.050003,8.0
5.971481,4.186566,64256.0,0.0,4.777185,0.246735,0.0,3.0,0.0,0.0,6.0,54339.523438,2887.330566,1.0,64.0,0.0,1586.0,0.000497,1721542656.0,31872.0,0.247232,0.0,51452.195312,4.186566,4.186566,62.0,0.0,26.0,0.0,21.0,-0.0,0.0,0.0,28003.0,1.0,4.186566,4.186566,10.987526,1.0,0.0,47.0,3.0,0.0,1077.038452,0.0,29589.0,75.523811,8.0
5.886647,0.169876,64256.0,0.0,23.546587,0.246735,0.0,0.0,0.0,1.0,0.0,16341.332031,13091.902344,0.0,64.0,0.0,347.0,0.000497,1721542656.0,31872.0,0.247232,0.0,3249.429199,0.169876,0.169876,62.0,0.0,2.0,0.0,5.0,-0.0,1.0,0.0,138.0,1.0,0.169876,0.169876,35.319881,0.0,0.0,7.0,0.0,0.0,69.0,0.0,485.0,69.400002,8.0
14.414049,1.734419,64256.0,0.0,10.378115,0.170658,0.0,0.0,0.0,0.0,0.0,122872.273438,6185.356445,0.0,64.0,0.0,1415.0,0.000354,1721542656.0,31872.0,0.171012,0.0,116686.914062,1.734419,1.734419,62.0,0.0,26.0,0.0,19.0,-0.0,0.0,0.0,26309.0,0.0,1.734419,1.734419,25.368727,0.0,0.0,45.0,0.0,0.0,1011.884644,0.0,27724.0,74.473686,8.0
18.360527,1.470546,64256.0,0.0,12.920371,0.169774,0.0,0.0,0.0,0.0,0.0,149196.28125,7654.299805,0.0,64.0,0.0,1481.0,0.000496,1721542656.0,31872.0,0.17027,0.0,141541.984375,1.470546,1.470546,62.0,0.0,28.0,0.0,20.0,-0.0,0.0,0.0,26981.0,0.0,1.470546,1.470546,31.960918,0.0,0.0,48.0,0.0,0.0,963.607117,0.0,28462.0,74.050003,8.0
37.283363,0.697362,64256.0,0.0,27.245533,0.06206,0.0,0.0,0.0,0.0,0.0,319501.21875,16140.828125,0.0,64.0,0.0,1481.0,0.000416,1721542656.0,31872.0,0.062476,0.0,303360.375,0.697362,0.697362,62.0,0.0,27.0,0.0,20.0,-0.0,0.0,0.0,27461.0,0.0,0.697362,0.697362,65.962868,0.0,0.0,47.0,0.0,0.0,1017.074097,0.0,28942.0,74.050003,8.0
1.871341,3.740632,64256.0,0.0,2.673345,0.247748,0.0,3.0,0.0,0.0,13.636364,3000.5625,1713.079468,1.0,64.0,0.0,881.0,0.0,1721542656.0,31872.0,0.247748,0.0,1287.48291,3.740632,3.740632,62.0,0.0,8.0,0.0,11.0,-0.0,0.0,0.0,687.0,1.0,3.740632,3.740632,4.812021,1.0,0.0,19.0,3.0,0.0,85.875,0.0,1568.0,80.090912,8.0
0.0,0.0,197300.1840419336,0.0,0.0,0.247748,0.0,0.0,0.0,0.0,0.0,0.0,0.0,0.0,64.0,0.0,74.0,0.0,1721542656.0,95686.87047841308,0.247748,0.0,0.0,0.0,0.0,62.0,0.0,0.0,0.0,1.0,-0.0,1.0,0.0,0.0,1.0,0.0,0.0,0.0,0.0,1.0,1.0,0.0,0.0,0.0,0.0,74.0,74.0,8.0
0.0,0.0,64256.0,0.0,0.0,0.247748,0.0,0.0,0.0,0.0,0.0,0.0,0.0,0.0,64.0,0.0,74.0,0.0,1721542656.0,31872.0,0.247748,0.0,0.0,0.0,0.0,62.0,1.0,1.0,0.0,1.0,-0.0,1.0,0.0,78.0,1.0,0.0,0.0,0.0,0.0,0.0,2.0,0.0,0.0,78.0,0.0,152.0,74.0,8.0
44.577366,0.493524,64256.0,0.0,26.341171,0.247748,0.0,0.0,0.0,1.0,0.0,443552.90625,14734.845703,0.0,64.0,0.0,978.0,0.0,1721542656.0,31872.0,0.247748,0.0,428818.0625,0.493524,0.493524,62.0,0.0,23.0,0.0,14.0,-0.0,1.0,0.0,27656.0,1.0,0.493524,0.493524,72.944786,0.0,0.0,37.0,0.0,0.0,1202.434814,0.0,28634.0,69.85714,8.0
10.773648,2.598934,64256.0,0.0,8.46501,0.154796,0.0,1.0,0.0,0.0,1.886792,90310.875,4968.190918,0.0,64.0,0.0,1687.0,0.000584,1721542656.0,31872.0,0.15538,0.0,85342.6875,2.598934,2.598934,62.0,0.0,29.0,0.0,23.0,-0.0,0.0,0.0,28715.0,1.0,2.598934,2.598934,19.62343,1.0,0.0,52.0,1.0,0.0,990.172424,0.0,30402.0,73.347824,8.0
9.672128,2.998306,64256.0,1.0,8.338041,0.152961,1.0,2.0,0.0,0.0,3.448276,80618.851562,4930.78418,0.0,64.0,0.0,1921.0,0.001973,1721542656.0,31872.0,0.154934,0.0,75688.070312,2.998306,2.998306,62.0,0.0,30.0,0.0,26.0,-0.0,0.0,0.0,29345.0,1.0,2.998306,2.998306,18.343691,0.0,0.0,56.0,1.0,0.0,978.166687,0.0,31266.0,73.884613,8.0
41.173443,0.68005,64256.0,0.0,29.409601,0.061757,0.0,0.0,0.0,0.0,0.0,356244.40625,17339.900391,0.0,64.0,0.0,1547.0,0.000502,1721542656.0,31872.0,0.062259,0.0,338904.5,0.68005,0.68005,62.0,0.0,29.0,0.0,21.0,-0.0,0.0,0.0,29837.0,0.0,0.68005,0.68005,72.05352,0.0,0.0,50.0,0.0,0.0,1028.862061,0.0,31384.0,73.666664,8.0
47.862675,0.585007,64256.0,0.0,34.187626,0.061451,0.0,0.0,0.0,0.0,0.0,421724.875,20157.023438,0.0,64.0,0.0,1547.0,0.000415,1721542656.0,31872.0,0.061866,0.0,401567.84375,0.585007,0.585007,62.0,0.0,29.0,0.0,21.0,-0.0,0.0,0.0,30413.0,0.0,0.585007,0.585007,83.759682,0.0,0.0,50.0,0.0,0.0,1048.724121,0.0,31960.0,73.666664,8.0
53.7234,0.539802,64256.0,0.0,37.050621,0.06062,0.0,0.0,0.0,0.0,0.0,466837.8125,21845.046875,0.0,64.0,0.0,1547.0,0.000414,1721542656.0,31872.0,0.061034,0.0,444992.78125,0.539802,0.539802,62.0,0.0,30.0,0.0,21.0,-0.0,0.0,0.0,31061.0,0.0,0.539802,0.539802,92.626556,0.0,0.0,51.0,0.0,0.0,1035.366699,0.0,32608.0,73.666664,8.0
39.810829,0.728445,64256.0,0.0,27.455746,0.060308,0.0,0.0,0.0,0.0,0.0,352191.3125,16187.907227,0.0,64.0,0.0,1547.0,0.000986,1721542656.0,31872.0,0.061294,0.0,336003.40625,0.728445,0.728445,62.0,0.0,30.0,0.0,21.0,-0.0,0.0,0.0,31649.0,0.0,0.728445,0.728445,68.639366,0.0,0.0,51.0,0.0,0.0,1054.966675,0.0,33196.0,73.666664,8.0
28.849121,1.00523,64256.0,0.0,19.895945,0.092074,0.0,0.0,0.0,0.0,0.0,259785.328125,11730.649414,0.0,64.0,0.0,1547.0,0.000497,1721542656.0,31872.0,0.092571,0.0,248054.6875,1.00523,1.00523,62.0,0.0,30.0,0.0,21.0,-0.0,0.0,0.0,32243.0,0.0,1.00523,1.00523,49.739864,0.0,0.0,51.0,0.0,0.0,1074.766724,0.0,33790.0,73.666664,8.0
12.500494,2.479902,64256.0,0.0,9.677802,0.136953,0.0,2.0,0.0,0.0,3.389831,109843.046875,5696.999023,0.0,64.0,0.0,1839.0,0.000491,1721542656.0,31872.0,0.137444,0.0,104146.046875,2.479902,2.479902,62.0,0.0,32.0,0.0,25.0,-0.0,0.0,0.0,33325.0,1.0,2.479902,2.479902,22.581537,1.0,0.0,57.0,2.0,0.0,1041.40625,0.0,35164.0,73.559998,8.0
6.622726,1.358957,64256.0,0.0,7.358584,0.167736,0.0,0.0,0.0,0.0,0.0,11267.463867,4750.702148,0.0,64.0,0.0,887.0,0.000935,1721542656.0,31872.0,0.168671,0.0,6516.762207,1.358957,1.358957,62.0,0.0,10.0,0.0,11.0,-0.0,0.0,0.0,1229.0,0.0,1.358957,1.358957,14.717169,0.0,0.0,21.0,0.0,0.0,122.900002,0.0,2116.0,80.63636,9.0
6.618425,1.35984,64256.0,0.0,7.353806,0.169265,0.0,0.0,0.0,0.0,0.0,11318.978516,4747.617188,0.0,64.0,0.0,887.0,0.000998,1721542656.0,31872.0,0.170263,0.0,6571.361328,1.35984,1.35984,62.0,0.0,10.0,0.0,11.0,-0.0,0.0,0.0,1241.0,0.0,1.35984,1.35984,14.707612,0.0,0.0,21.0,0.0,0.0,124.099998,0.0,2128.0,80.63636,9.0
6.551053,1.373825,64256.0,0.0,7.278948,0.168702,0.0,0.0,0.0,0.0,0.0,11302.75,4699.288574,0.0,64.0,0.0,887.0,0.001008,1721542656.0,31872.0,0.16971,0.0,6603.461426,1.373825,1.373825,62.0,0.0,10.0,0.0,11.0,-0.0,0.0,0.0,1259.0,0.0,1.373825,1.373825,14.557896,0.0,0.0,21.0,0.0,0.0,125.900002,0.0,2146.0,80.63636,9.0
5.323339,1.87852,64256.0,0.0,5.855674,0.1693,0.0,1.0,0.0,0.0,4.166667,9024.125,3751.889648,0.0,64.0,0.0,961.0,0.0,1721542656.0,31872.0,0.1693,0.0,5272.235352,1.87852,1.87852,62.0,0.0,11.0,0.0,12.0,-0.0,0.0,0.0,1361.0,1.0,1.87852,1.87852,11.711348,1.0,0.0,23.0,1.0,0.0,123.727272,0.0,2322.0,80.083336,9.0
6.466897,1.391703,64256.0,0.0,7.185441,0.171298,0.0,0.0,0.0,0.0,0.0,11433.473633,4638.920898,0.0,64.0,0.0,887.0,0.0,1721542656.0,31872.0,0.171298,0.0,6794.553223,1.391703,1.391703,62.0,0.0,10.0,0.0,11.0,-0.0,0.0,0.0,1313.0,0.0,1.391703,1.391703,14.370882,0.0,0.0,21.0,0.0,0.0,131.300003,0.0,2200.0,80.63636,9.0
16.589861,0.5425,64256.0,0.0,22.119816,0.061588,0.0,0.0,0.0,0.0,0.0,31793.546875,13876.49707,0.0,64.0,0.0,1019.0,0.000497,1721542656.0,31872.0,0.062085,0.0,17917.050781,0.5425,0.5425,62.0,0.0,10.0,0.0,13.0,-0.0,0.0,0.0,1349.0,0.0,0.5425,0.5425,40.552994,0.0,0.0,23.0,0.0,0.0,134.899994,0.0,2368.0,78.384613,9.0
17.800308,0.561788,64256.0,0.0,21.360371,0.046395,0.0,0.0,0.0,0.0,0.0,32268.398438,13400.072266,0.0,64.0,0.0,1019.0,0.000496,1721542656.0,31872.0,0.046891,0.0,18868.326172,0.561788,0.561788,62.0,0.0,11.0,0.0,13.0,-0.0,0.0,0.0,1457.0,0.0,0.561788,0.561788,40.940708,0.0,0.0,24.0,0.0,0.0,132.454544,0.0,2476.0,78.384613,9.0
3.567373,2.803183,64256.0,0.0,4.637585,0.154035,0.0,3.0,0.0,0.0,10.714286,7077.668457,3170.681152,0.0,64.0,0.0,1196.0,0.001213,1721542656.0,31872.0,0.155248,0.0,3906.987061,2.803183,2.803183,62.0,0.0,11.0,0.0,14.0,-0.0,0.0,0.0,1505.0,0.0,2.803183,2.803183,8.561695,1.0,0.0,25.0,3.0,0.0,136.818176,0.0,2701.0,85.428574,9.0
6.484122,1.388006,64256.0,0.0,7.20458,0.167086,0.0,0.0,0.0,0.0,0.0,12397.641602,4651.276855,0.0,64.0,0.0,887.0,0.000997,1721542656.0,31872.0,0.168083,0.0,7746.364258,1.388006,1.388006,62.0,0.0,10.0,0.0,11.0,-0.0,0.0,0.0,1493.0,0.0,1.388006,1.388006,14.40916,0.0,0.0,21.0,0.0,0.0,149.300003,0.0,2380.0,80.63636,9.0
3.634123,3.026865,64256.0,0.0,4.294873,0.166802,0.0,3.0,0.0,0.0,10.344828,7048.877441,2936.371338,0.0,64.0,0.0,1196.0,0.000992,1721542656.0,31872.0,0.167794,0.0,4112.505859,3.026865,3.026865,62.0,0.0,12.0,0.0,14.0,-0.0,0.0,0.0,1697.0,1.0,3.026865,3.026865,8.259371,1.0,0.0,26.0,3.0,0.0,141.416672,0.0,2893.0,85.428574,9.0
6.126537,1.469019,64256.0,0.0,8.168716,0.183006,0.0,0.0,0.0,0.0,0.0,13064.5,5124.508301,0.0,64.0,0.0,1019.0,0.000496,1721542656.0,31872.0,0.183502,0.0,7939.992188,1.469019,1.469019,62.0,0.0,10.0,0.0,13.0,-0.0,0.0,0.0,1619.0,0.0,1.469019,1.469019,14.97598,0.0,0.0,23.0,0.0,0.0,161.899994,0.0,2638.0,78.384613,9.0
16.598368,0.542222,64256.0,0.0,22.131155,0.060846,0.0,0.0,0.0,0.0,0.0,36339.359375,13883.611328,0.0,64.0,0.0,1019.0,0.000497,1721542656.0,31872.0,0.061343,0.0,22455.746094,0.542222,0.542222,62.0,0.0,10.0,0.0,13.0,-0.0,0.0,0.0,1691.0,0.0,0.542222,0.542222,40.573784,0.0,0.0,23.0,0.0,0.0,169.100006,0.0,2710.0,78.384613,9.0
14.857075,0.605772,64256.0,0.0,19.809433,0.060444,0.0,0.0,0.0,0.0,0.0,33464.734375,12427.117188,0.0,64.0,0.0,1019.0,0.001658,1721542656.0,31872.0,0.062102,0.0,21037.617188,0.605772,0.605772,62.0,0.0,10.0,0.0,13.0,-0.0,0.0,0.0,1769.0,0.0,0.605772,0.605772,36.317295,0.0,0.0,23.0,0.0,0.0,176.899994,0.0,2788.0,78.384613,9.0
6.842634,1.315283,64256.0,0.0,7.602927,0.122151,0.0,0.0,0.0,0.0,0.0,15053.794922,4908.449707,0.0,64.0,0.0,887.0,0.000993,1721542656.0,31872.0,0.123144,0.0,10145.345703,1.315283,1.315283,62.0,0.0,10.0,0.0,11.0,-0.0,0.0,0.0,1853.0,0.0,1.315283,1.315283,15.205853,0.0,0.0,21.0,0.0,0.0,185.300003,0.0,2740.0,80.63636,9.0
6.478889,1.389127,64256.0,0.0,7.198766,0.167151,0.0,0.0,0.0,0.0,0.0,14720.035156,4647.522949,0.0,64.0,0.0,887.0,0.000994,1721542656.0,31872.0,0.168145,0.0,10072.512695,1.389127,1.389127,62.0,0.0,10.0,0.0,11.0,-0.0,0.0,0.0,1943.0,0.0,1.389127,1.389127,14.397532,0.0,0.0,21.0,0.0,0.0,194.300003,0.0,2830.0,80.63636,9.0
1.813643,4.962388,64256.0,0.0,2.216675,0.169329,0.0,4.0,0.0,0.0,15.384615,4410.779785,1442.85376,1.0,64.0,0.0,976.0,0.000995,1721542656.0,31872.0,0.170324,0.0,2967.925781,4.962388,4.962388,62.0,0.0,10.0,0.0,12.0,-0.0,0.0,0.0,2045.0,1.0,4.962388,4.962388,4.231833,1.0,0.0,22.0,4.0,0.0,204.5,0.0,3021.0,81.333336,9.0
5.853944,0.170825,64256.0,0.0,11.707888,0.169329,0.0,0.0,0.0,1.0,0.0,9694.130859,6462.753906,0.0,64.0,0.0,207.0,0.000995,1721542656.0,31872.0,0.170324,0.0,3231.376953,0.170825,0.170825,62.0,0.0,2.0,0.0,3.0,-0.0,1.0,0.0,138.0,1.0,0.170825,0.170825,23.415775,0.0,0.0,5.0,0.0,0.0,69.0,0.0,345.0,69.0,9.0
12.929103,0.696104,64256.0,0.0,17.238804,0.061276,0.0,0.0,0.0,0.0,0.0,32960.59375,10814.476562,0.0,64.0,0.0,1019.0,0.000655,1721542656.0,31872.0,0.061931,0.0,22146.117188,0.696104,0.696104,62.0,0.0,10.0,0.0,13.0,-0.0,0.0,0.0,2141.0,0.0,0.696104,0.696104,31.604473,0.0,0.0,23.0,0.0,0.0,214.100006,0.0,3160.0,78.384613,9.0
6.959848,1.436813,64256.0,0.0,7.655833,0.167481,0.0,0.0,0.0,0.0,0.0,16586.708984,4866.325684,0.0,64.0,0.0,953.0,0.000506,1721542656.0,31872.0,0.167987,0.0,11720.383789,1.436813,1.436813,62.0,0.0,11.0,0.0,12.0,-0.0,0.0,0.0,2315.0,0.0,1.436813,1.436813,15.311666,0.0,0.0,23.0,0.0,0.0,210.454544,0.0,3268.0,79.416664,9.0
4.544275,2.200571,64256.0,0.0,3.63542,0.184614,0.0,1.0,0.0,0.0,4.761905,10462.738281,2413.918945,1.0,64.0,0.0,746.0,0.000992,1721542656.0,31872.0,0.185606,0.0,8048.819824,2.200571,2.200571,62.0,0.0,11.0,0.0,9.0,-0.0,0.0,0.0,2435.0,1.0,2.200571,2.200571,8.634123,1.0,0.0,20.0,1.0,0.0,221.363632,0.0,3181.0,82.888885,9.0
10.754827,0.185963,64256.0,0.0,16.13224,0.184614,0.0,0.0,0.0,1.0,0.0,14927.700195,9077.074219,0.0,64.0,0.0,281.0,0.000992,1721542656.0,31872.0,0.185606,0.0,5850.625977,0.185963,0.185963,62.0,0.0,3.0,0.0,4.0,-0.0,1.0,0.0,204.0,1.0,0.185963,0.185963,32.264481,0.0,0.0,7.0,0.0,0.0,68.0,0.0,485.0,70.25,9.0
11.673193,0.94233,64256.0,0.0,12.734392,0.086234,0.0,0.0,0.0,0.0,0.0,28440.142578,7988.708984,0.0,64.0,0.0,1019.0,0.001278,1721542656.0,31872.0,0.087512,0.0,20451.433594,0.94233,0.94233,62.0,0.0,12.0,0.0,13.0,-0.0,0.0,0.0,2627.0,1.0,0.94233,0.94233,25.468784,0.0,0.0,25.0,0.0,0.0,218.916672,0.0,3646.0,78.384613,9.0
6.465386,1.546698,64256.0,0.0,7.111925,0.181617,0.0,0.0,0.0,0.0,0.0,17099.654297,4520.598145,0.0,64.0,0.0,953.0,0.000992,1721542656.0,31872.0,0.182609,0.0,12579.055664,1.546698,1.546698,62.0,0.0,11.0,0.0,12.0,-0.0,0.0,0.0,2675.0,0.0,1.546698,1.546698,14.22385,0.0,0.0,23.0,0.0,0.0,243.181824,0.0,3628.0,79.416664,9.0
7.036847,1.421091,64256.0,0.0,7.740532,0.158658,0.0,0.0,0.0,0.0,0.0,19286.591797,4920.163574,0.0,64.0,0.0,953.0,0.009947,1721542656.0,31872.0,0.168605,0.0,14366.427734,1.421091,1.421091,62.0,0.0,11.0,0.0,12.0,-0.0,0.0,0.0,2807.0,0.0,1.421091,1.421091,15.481064,0.0,0.0,23.0,0.0,0.0,255.181824,0.0,3760.0,79.416664,9.0
5.650257,1.592848,64256.0,1.0,7.533676,0.169271,0.0,1.0,0.0,0.0,4.166667,17799.564453,4781.373047,0.0,64.0,0.0,1031.0,0.000497,1721542656.0,31872.0,0.169768,0.0,13018.191406,1.592848,1.592848,62.0,0.0,10.0,0.0,13.0,-0.0,0.0,0.0,2879.0,1.0,1.592848,1.592848,13.811739,0.0,0.0,23.0,0.0,0.0,287.899994,0.0,3910.0,79.307693,9.0
4.681624,2.563213,64256.0,0.0,3.511218,0.168595,0.0,2.0,0.0,0.0,8.0,11722.786133,2390.749268,1.0,64.0,0.0,851.0,0.00149,1721542656.0,31872.0,0.170085,0.0,9332.037109,2.563213,2.563213,62.0,0.0,13.0,0.0,10.0,-0.0,0.0,0.0,3239.0,1.0,2.563213,2.563213,8.582977,1.0,0.0,23.0,2.0,0.0,249.153839,0.0,4090.0,85.099998,9.0
16.061419,0.062261,64256.0,0.0,48.184258,0.168595,0.0,0.0,0.0,1.0,0.0,35977.578125,27111.675781,0.0,64.0,0.0,281.0,0.00149,1721542656.0,31872.0,0.170085,0.0,8865.90332,0.062261,0.062261,62.0,0.0,2.0,0.0,4.0,-0.0,1.0,0.0,138.0,1.0,0.062261,0.062261,80.307091,0.0,0.0,6.0,0.0,0.0,69.0,0.0,419.0,70.25,9.0
16.200706,0.617257,64256.0,0.0,17.820778,0.045317,0.0,0.0,0.0,0.0,0.0,49496.402344,11327.53418,0.0,64.0,0.0,953.0,0.000994,1721542656.0,31872.0,0.046311,0.0,38168.867188,0.617257,0.617257,62.0,0.0,11.0,0.0,12.0,-0.0,0.0,0.0,3239.0,0.0,0.617257,0.617257,35.641556,0.0,0.0,23.0,0.0,0.0,294.454559,0.0,4192.0,79.416664,9.0
5.741673,1.915818,64256.0,0.0,6.263643,0.154792,0.0,1.0,0.0,0.0,3.846154,17329.412109,4079.719482,0.0,64.0,0.0,1058.0,0.001812,1721542656.0,31872.0,0.156604,0.0,13249.693359,1.915818,1.915818,62.0,0.0,12.0,0.0,13.0,-0.0,0.0,0.0,3461.0,0.0,1.915818,1.915818,12.527287,1.0,0.0,25.0,1.0,0.0,288.416656,0.0,4519.0,81.384613,9.0
3.252788,3.996572,64256.0,0.0,3.503002,0.167442,0.0,2.0,0.0,0.0,6.451613,9323.990234,2297.969238,0.0,64.0,0.0,1229.0,0.000518,1721542656.0,31872.0,0.16796,0.0,7026.021484,3.996572,3.996572,62.0,0.0,14.0,0.0,15.0,-0.0,0.0,0.0,3779.0,1.0,3.996572,3.996572,7.006004,1.0,0.0,29.0,2.0,0.0,269.928558,0.0,5008.0,81.933334,9.0
15.756765,0.634648,64256.0,0.0,17.332441,0.062211,0.0,0.0,0.0,0.0,0.0,53711.660156,11017.129883,0.0,64.0,0.0,953.0,0.000498,1721542656.0,31872.0,0.062709,0.0,42694.53125,0.634648,0.634648,62.0,0.0,11.0,0.0,12.0,-0.0,0.0,0.0,3725.0,0.0,0.634648,0.634648,34.664883,0.0,0.0,23.0,0.0,0.0,338.636353,0.0,4678.0,79.416664,9.0
12.715084,0.943761,64256.0,0.0,14.834265,0.061273,0.0,0.0,0.0,0.0,0.0,40747.605469,9112.476562,0.0,64.0,0.0,1151.0,0.000994,1721542656.0,31872.0,0.062267,0.0,31635.128906,0.943761,0.943761,62.0,0.0,13.0,0.0,15.0,-0.0,0.0,0.0,4043.0,1.0,0.943761,0.943761,28.608938,0.0,0.0,28.0,0.0,0.0,311.0,0.0,5194.0,76.73333,9.0
14.219179,0.773603,64256.0,0.0,16.804485,0.061219,0.0,0.0,0.0,0.0,0.0,49720.589844,10423.951172,0.0,64.0,0.0,1085.0,0.000713,1721542656.0,31872.0,0.061932,0.0,39296.640625,0.773603,0.773603,62.0,0.0,12.0,0.0,14.0,-0.0,0.0,0.0,4145.0,0.0,0.773603,0.773603,32.316315,0.0,0.0,26.0,0.0,0.0,345.416656,0.0,5230.0,77.5,9.0
16.406157,0.67048,64256.0,0.0,19.389093,0.061276,0.0,0.0,0.0,0.0,0.0,59408.183594,12027.204102,0.0,64.0,0.0,1085.0,0.000479,1721542656.0,31872.0,0.061755,0.0,47380.980469,0.67048,0.67048,62.0,0.0,12.0,0.0,14.0,-0.0,0.0,0.0,4331.0,0.0,0.67048,0.67048,37.28672,0.0,0.0,26.0,0.0,0.0,360.916656,0.0,5416.0,77.5,9.0
6.687454,1.794405,64256.0,0.0,6.687454,0.167163,0.0,1.0,0.0,0.0,3.703704,23111.839844,4226.470703,0.0,64.0,0.0,1027.0,0.000508,1721542656.0,31872.0,0.167671,0.0,18885.369141,1.794405,1.794405,62.0,0.0,13.0,0.0,13.0,-0.0,0.0,0.0,4589.0,0.0,1.794405,1.794405,13.932195,1.0,0.0,26.0,1.0,0.0,353.0,0.0,5616.0,79.0,9.0
2.679013,4.852534,64256.0,0.0,2.472935,0.167155,0.0,1.0,0.0,0.0,3.571429,9059.18457,1610.704956,0.0,64.0,0.0,1058.0,0.000496,1721542656.0,31872.0,0.167651,0.0,7448.47998,4.852534,4.852534,62.0,0.0,14.0,0.0,13.0,-0.0,0.0,0.0,4865.0,1.0,4.852534,4.852534,5.358026,1.0,0.0,27.0,1.0,0.0,347.5,0.0,5923.0,81.384613,9.0
16.100183,0.683222,64256.0,0.0,19.027491,0.061255,0.0,0.0,0.0,0.0,0.0,64670.050781,11802.898438,0.0,64.0,0.0,1085.0,0.000495,1721542656.0,31872.0,0.06175,0.0,52867.148438,0.683222,0.683222,62.0,0.0,12.0,0.0,14.0,-0.0,0.0,0.0,4925.0,0.0,0.683222,0.683222,36.591328,0.0,0.0,26.0,0.0,0.0,410.416656,0.0,6010.0,77.5,9.0
16.125416,0.682153,64256.0,0.0,19.057308,0.062599,0.0,0.0,0.0,0.0,0.0,67034.8125,11821.395508,0.0,64.0,0.0,1085.0,0.000496,1721542656.0,31872.0,0.063095,0.0,55213.421875,0.682153,0.682153,62.0,0.0,12.0,0.0,14.0,-0.0,0.0,0.0,5135.0,0.0,0.682153,0.682153,36.64867,0.0,0.0,26.0,0.0,0.0,427.916656,0.0,6220.0,77.5,9.0
7.25289,1.930265,64256.0,0.0,6.734827,0.182796,0.0,1.0,0.0,0.0,3.333333,25720.822266,4206.67627,0.0,64.0,0.0,1093.0,0.000497,1721542656.0,31872.0,0.183293,0.0,21514.144531,1.930265,1.930265,62.0,0.0,15.0,0.0,14.0,-0.0,0.0,0.0,5561.0,1.0,1.930265,1.930265,14.50578,1.0,0.0,29.0,1.0,0.0,370.733337,0.0,6654.0,78.071426,9.0
7.54905,1.589604,64256.0,0.0,7.54905,0.167757,0.0,0.0,0.0,0.0,0.0,30936.005859,4735.770508,0.0,64.0,0.0,1019.0,0.001005,1721542656.0,31872.0,0.168762,0.0,26200.236328,1.589604,1.589604,62.0,0.0,13.0,0.0,13.0,-0.0,0.0,0.0,5639.0,0.0,1.589604,1.589604,15.727187,0.0,0.0,26.0,0.0,0.0,433.769226,0.0,6658.0,78.384613,9.0
8.636256,1.389491,64256.0,0.0,8.636256,0.145013,0.0,0.0,0.0,0.0,0.0,36600.453125,5417.811523,0.0,64.0,0.0,1019.0,0.012615,1721542656.0,31872.0,0.157628,0.0,31182.642578,1.389491,1.389491,62.0,0.0,13.0,0.0,13.0,-0.0,0.0,0.0,5867.0,0.0,1.389491,1.389491,17.992201,0.0,0.0,26.0,0.0,0.0,451.307678,0.0,6886.0,78.384613,9.0
8.636095,1.389517,64256.0,0.0,8.636095,0.168541,0.0,0.0,0.0,0.0,0.0,37843.367188,5417.709961,0.0,64.0,0.0,1019.0,0.000495,1721542656.0,31872.0,0.169036,0.0,32425.65625,1.389517,1.389517,62.0,0.0,13.0,0.0,13.0,-0.0,0.0,0.0,6101.0,0.0,1.389517,1.389517,17.991863,0.0,0.0,26.0,0.0,0.0,469.307678,0.0,7120.0,78.384613,9.0
18.449247,0.650433,64256.0,0.0,18.449247,0.060936,0.0,0.0,0.0,0.0,0.0,83575.09375,11573.828125,0.0,64.0,0.0,1019.0,0.000977,1721542656.0,31872.0,0.061913,0.0,72001.265625,0.650433,0.650433,62.0,0.0,13.0,0.0,13.0,-0.0,0.0,0.0,6341.0,0.0,0.650433,0.650433,38.435932,0.0,0.0,26.0,0.0,0.0,487.769226,0.0,7360.0,78.384613,9.0
20.99036,0.571691,64256.0,0.0,20.99036,0.045579,0.0,0.0,0.0,0.0,0.0,98262.875,13167.953125,0.0,64.0,0.0,1019.0,0.000993,1721542656.0,31872.0,0.046572,0.0,85094.921875,0.571691,0.571691,62.0,0.0,13.0,0.0,13.0,-0.0,0.0,0.0,6587.0,0.0,0.571691,0.571691,43.729919,0.0,0.0,26.0,0.0,0.0,506.692322,0.0,7606.0,78.384613,9.0
9.264314,1.403234,64256.0,0.0,9.976954,0.167638,0.0,0.0,0.0,0.0,0.0,42684.253906,6128.699707,0.0,64.0,0.0,1151.0,0.0,1721542656.0,31872.0,0.167638,0.0,36555.554688,1.403234,1.403234,62.0,0.0,14.0,0.0,15.0,-0.0,0.0,0.0,6905.0,0.0,1.403234,1.403234,19.953907,0.0,0.0,29.0,0.0,0.0,493.214294,0.0,8056.0,76.73333,9.0
9.363242,1.388408,64256.0,0.0,8.642993,0.168638,0.0,0.0,0.0,0.0,0.0,43750.828125,5422.037598,0.0,64.0,0.0,1019.0,0.000493,1721542656.0,31872.0,0.169131,0.0,38328.792969,1.388408,1.388408,62.0,0.0,14.0,0.0,13.0,-0.0,0.0,0.0,7163.0,0.0,1.388408,1.388408,18.726484,0.0,0.0,27.0,0.0,0.0,511.642853,0.0,8182.0,78.384613,9.0
6.559438,2.134329,64256.0,0.0,6.090907,0.170593,0.0,1.0,0.0,0.0,3.333333,30019.738281,3804.474121,0.0,64.0,0.0,1093.0,0.000994,1721542656.0,31872.0,0.171587,0.0,26215.263672,2.134329,2.134329,62.0,0.0,15.0,0.0,14.0,-0.0,0.0,0.0,7493.0,0.0,2.134329,2.134329,13.118876,1.0,0.0,29.0,1.0,0.0,499.533325,0.0,8586.0,78.071426,9.0
2.601342,4.99742,64256.0,2.0,3.001549,0.168223,1.0,6.0,0.0,0.0,16.666667,13531.783203,2081.073975,1.0,64.0,0.0,1386.0,0.000992,1721542656.0,31872.0,0.169215,0.0,11450.708984,4.99742,4.99742,62.0,0.0,14.0,0.0,16.0,-0.0,0.0,0.0,7703.0,1.0,4.99742,4.99742,5.802995,0.0,0.0,30.0,4.0,0.0,550.214294,0.0,9089.0,86.625,9.0
31.732431,0.063027,64256.0,0.0,47.598648,0.168223,0.0,0.0,0.0,1.0,0.0,44044.613281,26782.171875,0.0,64.0,0.0,281.0,0.000992,1721542656.0,31872.0,0.169215,0.0,17262.443359,0.063027,0.063027,62.0,0.0,3.0,0.0,4.0,-0.0,1.0,0.0,204.0,1.0,0.063027,0.063027,95.197296,0.0,0.0,7.0,0.0,0.0,68.0,0.0,485.0,70.25,9.0
23.964546,0.542468,64256.0,0.0,25.807974,0.060693,0.0,0.0,0.0,0.0,0.0,125043.320312,15853.469727,0.0,64.0,0.0,1151.0,0.000992,1721542656.0,31872.0,0.061685,0.0,109189.851562,0.542468,0.542468,62.0,0.0,14.0,0.0,15.0,-0.0,0.0,0.0,7973.0,0.0,0.542468,0.542468,51.615948,0.0,0.0,29.0,0.0,0.0,569.5,0.0,9124.0,76.73333,9.0
17.146618,0.758167,64256.0,0.0,18.465588,0.066996,0.0,0.0,0.0,0.0,0.0,92232.976562,11343.146484,0.0,64.0,0.0,1151.0,0.000487,1721542656.0,31872.0,0.067483,0.0,80889.828125,0.758167,0.758167,62.0,0.0,14.0,0.0,15.0,-0.0,0.0,0.0,8255.0,0.0,0.758167,0.758167,36.931175,0.0,0.0,29.0,0.0,0.0,589.642883,0.0,9406.0,76.73333,9.0
9.948078,1.407307,64256.0,0.0,9.237501,0.168363,0.0,0.0,0.0,0.0,0.0,51411.667969,5730.092773,0.0,64.0,0.0,1085.0,0.000497,1721542656.0,31872.0,0.16886,0.0,45681.574219,1.407307,1.407307,62.0,0.0,15.0,0.0,14.0,-0.0,0.0,0.0,8609.0,0.0,1.407307,1.407307,19.896156,0.0,0.0,29.0,0.0,0.0,573.93335,0.0,9694.0,77.5,9.0
9.814437,1.42647,64256.0,0.0,9.113405,0.167809,0.0,0.0,0.0,0.0,0.0,52257.667969,5653.115723,0.0,64.0,0.0,1085.0,0.001986,1721542656.0,31872.0,0.169795,0.0,46604.554688,1.42647,1.42647,62.0,0.0,15.0,0.0,14.0,-0.0,0.0,0.0,8903.0,0.0,1.42647,1.42647,19.628874,0.0,0.0,29.0,0.0,0.0,593.533325,0.0,9988.0,77.5,9.0
23.135296,0.605136,64256.0,0.0,21.482775,0.061666,0.0,0.0,0.0,0.0,0.0,126887.1875,13325.930664,0.0,64.0,0.0,1085.0,0.000993,1721542656.0,31872.0,0.062659,0.0,113561.25,0.605136,0.605136,62.0,0.0,15.0,0.0,14.0,-0.0,0.0,0.0,9203.0,0.0,0.605136,0.605136,46.270592,0.0,0.0,29.0,0.0,0.0,613.533325,0.0,10288.0,77.5,9.0
5.641522,2.836114,64256.0,0.0,5.641522,0.167736,0.0,3.0,0.0,0.0,8.108108,29347.199219,3717.763184,0.0,64.0,0.0,1400.0,0.001379,1721542656.0,31872.0,0.169115,0.0,25629.435547,2.836114,2.836114,62.0,0.0,17.0,0.0,17.0,-0.0,0.0,0.0,9653.0,1.0,2.836114,2.836114,11.63564,1.0,0.0,34.0,3.0,0.0,567.823547,0.0,11053.0,82.352943,9.0
6.221051,2.411168,64256.0,0.0,5.806314,0.154575,0.0,1.0,0.0,0.0,3.125,34346.839844,3589.961182,0.0,64.0,0.0,1159.0,0.001543,1721542656.0,31872.0,0.156118,0.0,30756.876953,2.411168,2.411168,62.0,0.0,16.0,0.0,15.0,-0.0,0.0,0.0,9887.0,0.0,2.411168,2.411168,12.442102,1.0,0.0,31.0,1.0,0.0,617.9375,0.0,11046.0,77.26667,9.0
6.287845,2.703629,64256.0,0.0,5.178225,0.167785,0.0,1.0,0.0,0.0,2.941176,32211.519531,3287.43335,0.0,64.0,0.0,1190.0,0.00148,1721542656.0,31872.0,0.169265,0.0,28924.085938,2.703629,2.703629,62.0,0.0,18.0,0.0,15.0,-0.0,0.0,0.0,10349.0,1.0,2.703629,2.703629,11.835943,1.0,0.0,33.0,1.0,0.0,574.944458,0.0,11539.0,79.333336,9.0
11.026882,1.360312,64256.0,0.0,9.556631,0.167911,0.0,0.0,0.0,0.0,0.0,63979.441406,5928.051758,0.0,64.0,0.0,1085.0,0.000503,1721542656.0,31872.0,0.168414,0.0,58051.390625,1.360312,1.360312,62.0,0.0,16.0,0.0,14.0,-0.0,0.0,0.0,10529.0,0.0,1.360312,1.360312,21.31864,0.0,0.0,30.0,0.0,0.0,658.0625,0.0,11614.0,77.5,9.0
7.412682,2.023559,64256.0,2.0,7.412682,0.168788,0.0,2.0,0.0,0.0,5.882353,44851.667969,4601.792969,0.0,64.0,0.0,1241.0,0.000521,1721542656.0,31872.0,0.169309,0.0,40249.875,2.023559,2.023559,62.0,0.0,16.0,0.0,16.0,-0.0,0.0,0.0,10859.0,1.0,2.023559,2.023559,15.319543,0.0,0.0,32.0,0.0,0.0,678.6875,0.0,12100.0,77.5625,9.0
8.33974,1.918525,64256.0,0.0,8.33974,0.168457,0.0,0.0,0.0,0.0,0.0,49279.523438,5037.203125,0.0,64.0,0.0,1283.0,0.000497,1721542656.0,31872.0,0.168954,0.0,44242.320312,1.918525,1.918525,62.0,0.0,17.0,0.0,17.0,-0.0,0.0,0.0,11273.0,1.0,1.918525,1.918525,17.200714,0.0,0.0,34.0,0.0,0.0,663.117676,0.0,12556.0,75.470589,9.0
13.802337,1.159224,64256.0,0.0,12.077044,0.168719,0.0,0.0,0.0,0.0,0.0,82786.414062,7418.755859,0.0,64.0,0.0,1151.0,0.000993,1721542656.0,31872.0,0.169712,0.0,75367.65625,1.159224,1.159224,62.0,0.0,17.0,0.0,15.0,-0.0,0.0,0.0,11603.0,0.0,1.159224,1.159224,26.742027,0.0,0.0,32.0,0.0,0.0,682.529419,0.0,12754.0,76.73333,9.0
18.655243,0.911272,64256.0,0.0,16.460508,0.060797,0.0,0.0,0.0,0.0,0.0,109754.28125,10016.767578,0.0,64.0,0.0,1217.0,0.000497,1721542656.0,31872.0,0.061294,0.0,99737.507812,0.911272,0.911272,62.0,0.0,18.0,0.0,16.0,-0.0,0.0,0.0,12029.0,1.0,0.911272,0.911272,36.21312,0.0,0.0,34.0,0.0,0.0,668.277771,0.0,13246.0,76.0625,9.0
12.192186,1.312316,64256.0,0.0,10.668162,0.155981,0.0,0.0,0.0,0.0,0.0,77158.242188,6553.299805,0.0,64.0,0.0,1151.0,0.000498,1721542656.0,31872.0,0.156479,0.0,70604.945312,1.312316,1.312316,62.0,0.0,17.0,0.0,15.0,-0.0,0.0,0.0,12305.0,0.0,1.312316,1.312316,23.62236,0.0,0.0,32.0,0.0,0.0,723.823547,0.0,13456.0,76.73333,9.0
22.433346,0.713224,64256.0,0.0,19.629177,0.061421,0.0,0.0,0.0,0.0,0.0,145760.65625,12057.922852,0.0,64.0,0.0,1151.0,0.000489,1721542656.0,31872.0,0.06191,0.0,133702.734375,0.713224,0.713224,62.0,0.0,17.0,0.0,15.0,-0.0,0.0,0.0,12665.0,0.0,0.713224,0.713224,43.464607,0.0,0.0,32.0,0.0,0.0,745.0,0.0,13816.0,76.73333,9.0
7.086121,2.399056,64256.0,3.0,7.086121,0.170679,0.0,3.0,0.0,0.0,7.692308,45614.609375,4365.050293,0.0,64.0,0.0,1385.0,0.002028,1721542656.0,31872.0,0.172707,0.0,41249.558594,2.399056,2.399056,62.0,0.0,18.0,0.0,18.0,-0.0,0.0,0.0,13097.0,1.0,2.399056,2.399056,14.589072,0.0,0.0,36.0,0.0,0.0,727.611084,0.0,14482.0,76.944443,9.0
13.563671,1.253348,64256.0,1.0,12.765808,0.075504,0.0,1.0,0.0,0.0,2.777778,89264.914062,8067.990723,0.0,64.0,0.0,1343.0,0.000994,1721542656.0,31872.0,0.076498,0.0,81196.921875,1.253348,1.253348,62.0,0.0,18.0,0.0,17.0,-0.0,0.0,0.0,13469.0,1.0,1.253348,1.253348,27.127342,0.0,0.0,35.0,0.0,0.0,748.277771,0.0,14812.0,79.0,9.0
22.836601,0.744419,64256.0,0.0,21.493273,0.078023,0.0,0.0,0.0,0.0,0.0,153526.453125,12981.936523,0.0,64.0,0.0,1283.0,0.0,1721542656.0,31872.0,0.078023,0.0,140544.515625,0.744419,0.744419,62.0,0.0,18.0,0.0,17.0,-0.0,0.0,0.0,13847.0,0.0,0.744419,0.744419,45.673203,0.0,0.0,35.0,0.0,0.0,769.277771,0.0,15130.0,75.470589,9.0
7.858508,1.018005,64256.0,0.0,6.876194,0.1684,0.0,0.0,0.0,0.0,0.0,29697.298828,4620.802246,1.0,64.0,0.0,672.0,0.000996,1721542656.0,31872.0,0.169396,0.0,25076.498047,1.018005,1.018005,62.0,0.0,9.0,0.0,8.0,-0.0,0.0,0.0,3589.0,0.0,1.018005,1.018005,15.717015,0.0,0.0,17.0,0.0,0.0,398.777771,0.0,4261.0,84.0,9.0
9.083766,0.880692,64256.0,4.0,10.219236,0.1684,0.0,4.0,0.0,1.0,17.391304,91864.125,5931.699219,0.0,64.0,0.0,725.0,0.000996,1721542656.0,31872.0,0.169396,0.0,85932.421875,0.880692,0.880692,62.0,0.0,9.0,0.0,10.0,-0.0,1.0,0.0,10642.0,1.0,0.880692,0.880692,20.438473,0.0,0.0,19.0,0.0,0.0,1182.444458,0.0,11367.0,72.5,9.0
28.449457,0.632701,64256.0,0.0,23.707882,0.060824,0.0,0.0,0.0,0.0,0.0,190358.484375,14427.036133,0.0,64.0,0.0,1217.0,0.000496,1721542656.0,31872.0,0.06132,0.0,175931.453125,0.632701,0.632701,62.0,0.0,19.0,0.0,16.0,-0.0,0.0,0.0,14687.0,0.0,0.632701,0.632701,53.737865,0.0,0.0,35.0,0.0,0.0,773.0,0.0,15904.0,76.0625,9.0
33.173912,0.542595,64256.0,0.0,27.644928,0.045832,0.0,0.0,0.0,0.0,0.0,227514.0625,16822.859375,0.0,64.0,0.0,1217.0,0.000495,1721542656.0,31872.0,0.046327,0.0,210691.203125,0.542595,0.542595,62.0,0.0,19.0,0.0,16.0,-0.0,0.0,0.0,15083.0,0.0,0.542595,0.542595,62.661835,0.0,0.0,35.0,0.0,0.0,793.842102,0.0,16300.0,76.0625,9.0
7.446963,1.745678,64256.0,0.0,5.728434,0.108597,0.0,0.0,0.0,0.0,0.0,51111.375,3624.952637,1.0,64.0,0.0,870.0,0.001489,1721542656.0,31872.0,0.110086,0.0,47486.421875,1.745678,1.745678,62.0,0.0,14.0,0.0,11.0,-0.0,0.0,0.0,11159.0,0.0,1.745678,1.745678,13.74824,0.0,0.0,25.0,0.0,0.0,797.071411,0.0,12029.0,79.090912,9.0
14.415349,0.277482,64256.0,0.0,18.019186,0.108597,0.0,0.0,0.0,1.0,0.0,109729.640625,9946.59082,0.0,64.0,0.0,413.0,0.001489,1721542656.0,31872.0,0.110086,0.0,99783.046875,0.277482,0.277482,62.0,0.0,5.0,0.0,6.0,-0.0,1.0,0.0,4326.0,0.0,0.277482,0.277482,36.038372,0.0,0.0,11.0,0.0,0.0,865.200012,0.0,4739.0,68.833336,9.0
13.196626,1.439762,64256.0,0.0,10.418388,0.124161,0.0,0.0,0.0,0.0,0.0,90587.195312,6339.936523,0.0,64.0,0.0,1217.0,0.002018,1721542656.0,31872.0,0.126179,0.0,84247.257812,1.439762,1.439762,62.0,0.0,20.0,0.0,16.0,-0.0,0.0,0.0,15959.0,0.0,1.439762,1.439762,24.309574,0.0,0.0,36.0,0.0,0.0,797.950012,0.0,17176.0,76.0625,9.0
11.23258,1.691508,64256.0,1.0,10.050203,0.169843,0.0,1.0,0.0,0.0,2.564103,79649.632812,6082.146484,0.0,64.0,0.0,1361.0,0.000991,1721542656.0,31872.0,0.170834,0.0,73567.492188,1.691508,1.691508,62.0,0.0,20.0,0.0,18.0,-0.0,0.0,0.0,16373.0,1.0,1.691508,1.691508,21.873972,0.0,0.0,38.0,0.0,0.0,818.650024,0.0,17734.0,75.611115,9.0
22.756971,0.834909,64256.0,0.0,20.3615,0.153072,0.0,0.0,0.0,0.0,0.0,165086.25,12216.900391,0.0,64.0,0.0,1349.0,0.00149,1721542656.0,31872.0,0.154562,0.0,152869.34375,0.834909,0.834909,62.0,0.0,20.0,0.0,18.0,-0.0,0.0,0.0,16793.0,0.0,0.834909,0.834909,44.316204,0.0,0.0,38.0,0.0,0.0,839.650024,0.0,18142.0,74.944443,9.0
34.022743,0.55845,64256.0,0.0,30.441401,0.060838,0.0,0.0,0.0,0.0,0.0,252613.484375,18264.839844,0.0,64.0,0.0,1349.0,0.000497,1721542656.0,31872.0,0.061335,0.0,234348.65625,0.55845,0.55845,62.0,0.0,20.0,0.0,18.0,-0.0,0.0,0.0,17219.0,0.0,0.55845,0.55845,66.254814,0.0,0.0,38.0,0.0,0.0,860.950012,0.0,18568.0,74.944443,9.0
10.611723,1.884708,64256.0,1.0,9.55055,0.167669,0.0,1.0,0.0,0.0,2.439024,77508.023438,5883.13916,0.0,64.0,0.0,1463.0,0.001491,1721542656.0,31872.0,0.16916,0.0,71624.882812,1.884708,1.884708,62.0,0.0,21.0,0.0,19.0,-0.0,0.0,0.0,17717.0,1.0,1.884708,1.884708,20.69286,0.0,0.0,40.0,0.0,0.0,843.666687,0.0,19180.0,77.0,9.0
5.520308,3.985285,64256.0,0.0,4.265692,0.168056,0.0,1.0,0.0,0.0,2.380952,37768.941406,2631.681152,0.0,64.0,0.0,1388.0,0.000983,1721542656.0,31872.0,0.169039,0.0,35137.261719,3.985285,3.985285,62.0,0.0,23.0,0.0,18.0,-0.0,0.0,0.0,18299.0,1.0,3.985285,3.985285,10.036923,1.0,0.0,41.0,1.0,0.0,795.608704,0.0,19687.0,77.111115,9.0
30.748417,0.65044,64256.0,0.0,24.598734,0.061813,0.0,0.0,0.0,0.0,0.0,232728.625,14857.635742,0.0,64.0,0.0,1283.0,0.00101,1721542656.0,31872.0,0.062823,0.0,217870.984375,0.65044,0.65044,62.0,0.0,21.0,0.0,17.0,-0.0,0.0,0.0,18599.0,0.0,0.65044,0.65044,56.884571,0.0,0.0,38.0,0.0,0.0,885.666687,0.0,19882.0,75.470589,9.0
4.23967,4.953215,64256.0,0.0,3.634003,0.153646,0.0,0.0,0.0,0.0,0.0,31636.824219,2165.865967,0.0,64.0,0.0,1415.0,0.001012,1721542656.0,31872.0,0.154658,0.0,29470.958984,4.953215,4.953215,62.0,0.0,22.0,0.0,19.0,-0.0,0.0,0.0,19115.0,0.0,4.953215,4.953215,8.075562,0.0,0.0,41.0,0.0,0.0,868.863647,0.0,20530.0,74.473686,9.0
13.616972,1.542193,64256.0,0.0,10.374836,0.168789,0.0,0.0,0.0,0.0,0.0,103177.742188,6266.400879,0.0,64.0,0.0,1283.0,0.000497,1721542656.0,31872.0,0.169286,0.0,96911.34375,1.542193,1.542193,62.0,0.0,22.0,0.0,17.0,-0.0,0.0,0.0,19571.0,0.0,1.542193,1.542193,24.640236,0.0,0.0,39.0,0.0,0.0,889.590881,0.0,20854.0,75.470589,9.0
12.679559,1.656209,64256.0,1.0,11.471982,0.154163,0.0,1.0,0.0,0.0,2.325581,99335.289062,6965.304688,0.0,64.0,0.0,1517.0,0.001987,1721542656.0,31872.0,0.15615,0.0,92369.984375,1.656209,1.656209,62.0,0.0,22.0,0.0,20.0,-0.0,0.0,0.0,20033.0,1.0,1.656209,1.656209,24.755329,0.0,0.0,42.0,0.0,0.0,910.590881,0.0,21550.0,75.849998,9.0
14.356545,1.532402,64256.0,0.0,11.093695,0.167568,0.0,0.0,0.0,0.0,0.0,109360.335938,6656.216797,0.0,64.0,0.0,1349.0,0.000994,1721542656.0,31872.0,0.168562,0.0,102704.117188,1.532402,1.532402,62.0,0.0,23.0,0.0,18.0,-0.0,0.0,0.0,20567.0,0.0,1.532402,1.532402,26.10281,0.0,0.0,41.0,0.0,0.0,894.217407,0.0,21916.0,74.944443,9.0
14.374049,1.530536,64256.0,0.0,11.10722,0.165732,0.0,0.0,0.0,0.0,0.0,111866.6875,6664.331543,0.0,64.0,0.0,1349.0,0.000994,1721542656.0,31872.0,0.166726,0.0,105202.359375,1.530536,1.530536,62.0,0.0,23.0,0.0,18.0,-0.0,0.0,0.0,21041.0,0.0,1.530536,1.530536,26.134634,0.0,0.0,41.0,0.0,0.0,914.826111,0.0,22390.0,74.944443,9.0
38.322052,0.574082,64256.0,0.0,29.612494,0.061737,0.0,0.0,0.0,0.0,0.0,304639.40625,17767.496094,0.0,64.0,0.0,1349.0,0.000489,1721542656.0,34816.0,0.062226,0.0,286871.90625,0.574082,0.574082,62.0,0.0,23.0,0.0,18.0,-0.0,0.0,0.0,21521.0,0.0,0.574082,0.574082,69.676453,0.0,0.0,41.0,0.0,0.0,935.695679,0.0,22870.0,74.944443,9.0
41.107029,0.559515,64256.0,0.0,30.383457,0.061486,0.0,0.0,0.0,0.0,0.0,320692.0625,18230.074219,0.0,64.0,0.0,1349.0,0.000992,1721542656.0,31872.0,0.062478,0.0,302461.96875,0.559515,0.559515,62.0,0.0,24.0,0.0,18.0,-0.0,0.0,0.0,22073.0,0.0,0.559515,0.559515,73.277748,0.0,0.0,42.0,0.0,0.0,919.708313,0.0,23422.0,74.944443,9.0
26.651978,0.900496,64256.0,0.0,22.209982,0.045129,0.0,0.0,0.0,0.0,0.0,206215.234375,13095.004883,0.0,64.0,0.0,1547.0,0.001007,1721542656.0,31872.0,0.046136,0.0,193120.234375,0.900496,0.900496,62.0,0.0,25.0,0.0,21.0,-0.0,0.0,0.0,22643.0,1.0,0.900496,0.900496,49.972458,0.0,0.0,46.0,0.0,0.0,905.719971,0.0,24190.0,73.666664,9.0
1.005465,4.972825,64256.0,0.0,1.608744,0.168474,0.0,4.0,0.0,0.0,21.052632,1819.488892,1192.078979,1.0,64.0,0.0,833.0,0.000488,1721542656.0,31872.0,0.168962,0.0,627.409973,4.972825,4.972825,62.0,0.0,6.0,0.0,9.0,-0.0,0.0,0.0,468.0,1.0,4.972825,4.972825,2.815301,1.0,0.0,15.0,4.0,0.0,78.0,0.0,1301.0,92.555557,9.0
14.519867,1.377423,64256.0,0.0,8.711921,0.168474,0.0,0.0,0.0,1.0,0.0,131149.25,4936.754883,0.0,64.0,0.0,920.0,0.000488,1721542656.0,31872.0,0.168962,0.0,126212.492188,1.377423,1.377423,62.0,0.0,21.0,0.0,13.0,-0.0,1.0,0.0,22817.0,1.0,1.377423,1.377423,23.957781,0.0,0.0,34.0,0.0,0.0,1086.523804,0.0,23737.0,70.769234,9.0
8.884053,2.814031,64256.0,0.0,7.107243,0.168771,0.0,1.0,0.0,0.0,2.083333,69028.382812,4210.330566,0.0,64.0,0.0,1555.0,0.000508,1721542656.0,31872.0,0.169279,0.0,64818.050781,2.814031,2.814031,62.0,0.0,26.0,0.0,21.0,-0.0,0.0,0.0,23711.0,1.0,2.814031,2.814031,16.346659,1.0,0.0,47.0,1.0,0.0,911.961548,0.0,25266.0,74.047623,9.0
38.733917,0.619612,64256.0,0.0,29.05044,0.060756,0.0,0.0,0.0,0.0,0.0,316572.3125,17314.0625,0.0,64.0,0.0,1415.0,0.000496,1721542656.0,37632.0,0.061252,0.0,299258.25,0.619612,0.619612,62.0,0.0,25.0,0.0,19.0,-0.0,0.0,0.0,24143.0,0.0,0.619612,0.619612,69.39827,0.0,0.0,44.0,0.0,0.0,965.719971,0.0,25558.0,74.473686,9.0
23.885824,1.00478,64256.0,0.0,17.914368,0.168875,0.0,0.0,0.0,0.0,0.0,199160.0,10676.963867,0.0,64.0,0.0,1415.0,0.001005,1721542656.0,37632.0,0.16988,0.0,188483.046875,1.00478,1.00478,62.0,0.0,25.0,0.0,19.0,-0.0,0.0,0.0,24659.0,0.0,1.00478,1.00478,42.795437,0.0,0.0,44.0,0.0,0.0,986.359985,0.0,26074.0,74.473686,9.0
43.575645,0.573715,64256.0,0.0,34.860516,0.060308,0.0,0.0,0.0,0.0,0.0,359063.3125,20553.759766,0.0,64.0,0.0,1547.0,0.001005,1721542656.0,31872.0,0.061313,0.0,338509.5625,0.573715,0.573715,62.0,0.0,26.0,0.0,21.0,-0.0,0.0,0.0,25247.0,0.0,0.573715,0.573715,80.179184,0.0,0.0,47.0,0.0,0.0,971.038452,0.0,26794.0,73.666664,9.0
51.933914,0.481381,64256.0,0.0,37.392418,0.044711,0.0,0.0,0.0,0.0,0.0,434167.53125,22285.880859,0.0,64.0,0.0,1415.0,0.000993,1721542656.0,31872.0,0.045704,0.0,411881.65625,0.481381,0.481381,62.0,0.0,26.0,0.0,19.0,-0.0,0.0,0.0,25775.0,0.0,0.481381,0.481381,91.403694,0.0,0.0,45.0,0.0,0.0,991.34613,0.0,27190.0,74.473686,9.0
14.278069,1.750937,64256.0,2.0,11.993578,0.170494,0.0,2.0,0.0,0.0,4.0,122937.601562,7351.492676,0.0,64.0,0.0,1685.0,0.000496,1721542656.0,31872.0,0.17099,0.0,115586.109375,1.750937,1.750937,62.0,0.0,26.0,0.0,22.0,-0.0,0.0,0.0,26309.0,1.0,1.750937,1.750937,26.842772,0.0,0.0,48.0,0.0,0.0,1011.884644,0.0,27994.0,76.590912,9.0
47.910725,0.542676,64256.0,0.0,35.011684,0.061012,0.0,0.0,0.0,0.0,0.0,402833.375,20741.658203,0.0,64.0,0.0,1481.0,0.000993,1721542656.0,31872.0,0.062005,0.0,382091.71875,0.542676,0.542676,62.0,0.0,27.0,0.0,20.0,-0.0,0.0,0.0,26915.0,0.0,0.542676,0.542676,84.765129,0.0,0.0,47.0,0.0,0.0,996.851868,0.0,28396.0,74.050003,9.0
18.060335,1.439619,64256.0,0.0,13.197937,0.109895,0.0,0.0,0.0,0.0,0.0,154768.734375,7818.73584,0.0,64.0,0.0,1481.0,0.001514,1721542656.0,31872.0,0.111409,0.0,146950.0,1.439619,1.439619,62.0,0.0,27.0,0.0,20.0,-0.0,0.0,0.0,27461.0,0.0,1.439619,1.439619,31.9529,0.0,0.0,47.0,0.0,0.0,1017.074097,0.0,28942.0,74.050003,9.0
9.926532,2.719983,64256.0,1.0,9.191234,0.168283,1.0,2.0,0.0,0.0,3.571429,85241.703125,5602.976074,0.0,64.0,0.0,1981.0,0.000497,1721542656.0,31872.0,0.16878,0.0,79638.726562,2.719983,2.719983,62.0,0.0,28.0,0.0,26.0,-0.0,0.0,0.0,28079.0,1.0,2.719983,2.719983,19.485415,0.0,0.0,54.0,1.0,0.0,1002.821411,0.0,30060.0,76.192307,9.0
17.637732,1.530809,64256.0,0.0,12.411737,0.168257,0.0,0.0,0.0,0.0,0.0,151668.8125,7352.974609,0.0,64.0,0.0,1481.0,0.000995,1721542656.0,31872.0,0.169252,0.0,144315.84375,1.530809,1.530809,62.0,0.0,28.0,0.0,20.0,-0.0,0.0,0.0,28637.0,0.0,1.530809,1.530809,30.702719,0.0,0.0,48.0,0.0,0.0,1022.75,0.0,30118.0,74.050003,9.0
5.00097,4.99903,64256.0,0.0,4.000776,0.168335,0.0,0.0,0.0,0.0,0.0,47055.523438,2333.252686,1.0,64.0,0.0,1530.0,0.000493,1721542656.0,31872.0,0.168828,0.0,44722.273438,4.99903,4.99903,62.0,0.0,26.0,0.0,21.0,-0.0,0.0,0.0,29063.0,0.0,4.99903,4.99903,9.201785,0.0,0.0,47.0,0.0,0.0,1117.807739,0.0,30593.0,72.85714,9.0
3.981542,0.753477,64256.0,0.0,5.308722,0.168335,0.0,1.0,0.0,1.0,10.0,5266.252441,3015.354248,0.0,64.0,0.0,355.0,0.000493,1721542656.0,31872.0,0.168828,0.0,2250.898193,0.753477,0.753477,62.0,0.0,4.0,0.0,5.0,-0.0,1.0,0.0,282.0,1.0,0.753477,0.753477,10.617444,1.0,0.0,9.0,1.0,0.0,70.5,0.0,637.0,71.0,9.0
53.082882,0.527477,64256.0,0.0,37.916344,0.061632,0.0,0.0,0.0,0.0,0.0,459288.25,22355.476562,0.0,64.0,0.0,1547.0,0.000501,1721542656.0,31872.0,0.062133,0.0,436932.78125,0.527477,0.527477,62.0,0.0,29.0,0.0,21.0,-0.0,0.0,0.0,29837.0,0.0,0.527477,0.527477,92.895042,0.0,0.0,50.0,0.0,0.0,1028.862061,0.0,31384.0,73.666664,9.0
41.03875,0.682282,64256.0,0.0,29.313395,0.061726,0.0,0.0,0.0,0.0,0.0,361598.3125,17283.177734,0.0,64.0,0.0,1547.0,0.000498,1721542656.0,31872.0,0.062224,0.0,344315.125,0.682282,0.682282,62.0,0.0,29.0,0.0,21.0,-0.0,0.0,0.0,30413.0,0.0,0.682282,0.682282,71.817818,0.0,0.0,50.0,0.0,0.0,1048.724121,0.0,31960.0,73.666664,9.0
15.658282,1.852055,64256.0,0.0,10.798816,0.165899,0.0,0.0,0.0,0.0,0.0,136065.078125,6366.981934,0.0,64.0,0.0,1547.0,0.000993,1721542656.0,31872.0,0.166892,0.0,129698.09375,1.852055,1.852055,62.0,0.0,30.0,0.0,21.0,-0.0,0.0,0.0,31061.0,0.0,1.852055,1.852055,26.99704,0.0,0.0,51.0,0.0,0.0,1035.366699,0.0,32608.0,73.666664,9.0
19.594925,1.479975,64256.0,0.0,13.513741,0.154049,0.0,0.0,0.0,0.0,0.0,173348.875,7967.702148,0.0,64.0,0.0,1547.0,0.001145,1721542656.0,31872.0,0.155194,0.0,165381.171875,1.479975,1.479975,62.0,0.0,30.0,0.0,21.0,-0.0,0.0,0.0,31649.0,0.0,1.479975,1.479975,33.784355,0.0,0.0,51.0,0.0,0.0,1054.966675,0.0,33196.0,73.666664,9.0
56.874233,0.509897,64256.0,0.0,43.145969,0.045486,0.0,0.0,0.0,0.0,0.0,514221.5,25197.246094,0.0,64.0,0.0,1679.0,0.000994,1721542656.0,31872.0,0.04648,0.0,489024.25,0.509897,0.509897,62.0,0.0,30.0,0.0,23.0,-0.0,0.0,0.0,32243.0,0.0,0.509897,0.509897,101.981384,0.0,0.0,53.0,0.0,0.0,1074.766724,0.0,33922.0,73.0,9.0
52.477097,0.571678,64256.0,0.0,36.733967,0.061263,0.0,0.0,0.0,0.0,0.0,467228.0625,21550.59375,0.0,64.0,0.0,1613.0,0.000993,1721542656.0,31872.0,0.062256,0.0,445677.46875,0.571678,0.571678,62.0,0.0,31.0,0.0,22.0,-0.0,0.0,0.0,32909.0,0.0,0.571678,0.571678,90.960297,0.0,0.0,53.0,0.0,0.0,1061.580688,0.0,34522.0,73.318184,9.0
