SrcRate,Sum,SrcWin,SrcLoss,DstRate,AckDat,Flgs_ e *      ,Loss,DstRetra,State_FPA_FPA,pLoss,Load,DstLoad,State_SPA_SPA,dTtl,State_PA_PA,DstBytes,SynAck,IdleTime,DstWin,TcpRtt,SrcGap,SrcLoad,Min,Mean,sTtl,State_A_PA,SrcPkts,SrcRetra,DstPkts,PCRatio,Cause_Status,DstGap,SrcBytes,TcpOpt_MwsS  T,Dur,Max,Rate,Flgs_ e d      ,State__PA,TotPkts,DstLoss,pRetran,sMeanPktSz,StdDev,TotBytes,dMeanPktSz,label
35.962425,0.139034,64000.0,0.0,35.962425,0.060937,0.0,0.0,0.0,0.0,0.0,142181.046875,105297.984375,0.0,64.0,0.0,2195.0,0.000489,1721542784.0,31872.0,0.061426,0.0,36883.0625,0.139034,0.139034,62.0,0.0,6.0,0.0,6.0,-0.0,0.0,0.0,769.0,0.0,0.139034,0.139034,79.11734,0.0,0.0,12.0,0.0,0.0,128.166672,0.0,2964.0,365.833344,1
32.08007,0.124688,64128.0,0.0,32.08007,0.061824,0.0,0.0,0.0,0.0,0.0,71217.757812,37277.042969,0.0,64.0,0.0,726.0,0.00049,1721542784.0,31872.0,0.062314,0.0,33940.714844,0.124688,0.124688,62.0,0.0,5.0,0.0,5.0,-0.0,0.0,0.0,661.0,0.0,0.124688,0.124688,72.180161,0.0,0.0,10.0,0.0,0.0,132.199997,0.0,1387.0,145.199997,1
480.909119,1.68431,3144704.0,0.0,846.043823,0.060734,0.0,14.0,0.0,0.0,0.621946,10481890.0,10216096.0,0.0,64.0,0.0,2152393.0,0.0,1721542784.0,31872.0,0.060734,0.0,265794.3125,1.68431,1.68431,62.0,0.0,811.0,0.0,1426.0,-0.0,0.0,0.0,56029.0,1.0,1.68431,1.68431,1327.546631,1.0,0.0,2237.0,14.0,0.0,69.086311,0.0,2208422.0,1509.391968,1
14.250346,4.491119,185216.0,0.0,47.426933,0.267204,0.0,9.0,0.0,0.0,3.125,572785.625,564470.5,0.0,64.0,0.0,318375.0,0.015187,1721542784.0,31872.0,0.282391,0.0,8315.077148,4.491119,4.491119,62.0,0.0,65.0,0.0,214.0,-0.0,0.0,0.0,4740.0,1.0,4.491119,4.491119,61.89994,1.0,0.0,279.0,9.0,0.0,72.92308,0.0,323115.0,1487.733643,1
4.640894,4.955941,168448.0,0.0,22.800917,0.23766,0.0,13.0,0.0,0.0,8.609272,271706.21875,268138.78125,1.0,64.0,0.0,167580.0,0.024441,1721542784.0,31872.0,0.262101,0.0,3567.435303,4.955941,4.955941,62.0,0.0,24.0,0.0,114.0,-0.0,0.0,0.0,2306.0,1.0,4.955941,4.955941,27.643589,1.0,0.0,138.0,13.0,0.0,96.083336,0.0,169886.0,1470.0,1
4.014243,0.249113,64256.0,0.0,0.0,0.22622,0.0,0.0,0.0,0.0,0.0,2247.97583,0.0,0.0,64.0,0.0,74.0,0.022893,1721542784.0,4077568.0,0.249113,0.0,2247.97583,0.249113,0.249113,62.0,0.0,2.0,0.0,1.0,-0.0,0.0,0.0,140.0,0.0,0.249113,0.249113,8.028485,0.0,0.0,3.0,0.0,0.0,70.0,0.0,214.0,74.0,1
43.874245,3.783541,783360.0,0.0,173.118256,0.23766,0.0,25.0,0.0,0.0,2.948113,2116582.25,2092710.5,0.0,64.0,0.0,991243.0,0.024441,1721542784.0,31872.0,0.262101,0.0,23871.818359,3.783541,3.783541,62.0,0.0,167.0,0.0,656.0,-0.0,1.0,0.0,11358.0,1.0,3.783541,3.783541,217.256805,1.0,0.0,823.0,25.0,0.0,68.011978,0.0,1002601.0,1511.041138,1
3.934406,0.254168,64256.0,0.0,0.0,0.22622,0.0,0.0,0.0,0.0,0.0,2077.366211,0.0,0.0,64.0,0.0,66.0,0.022893,1721542784.0,4077568.0,0.249113,0.0,2077.366211,0.254168,0.254168,62.0,0.0,2.0,0.0,1.0,-0.0,1.0,0.0,132.0,0.0,0.254168,0.254168,7.868811,0.0,0.0,3.0,0.0,0.0,66.0,0.0,198.0,66.0,1
6.852319,0.145936,8222720.0,0.0,0.0,0.0,0.0,0.0,0.0,0.0,0.0,3508.387207,0.0,0.0,64.0,0.0,74.0,0.040406,1721542784.0,4077568.0,0.040406,0.0,3508.387207,0.145936,0.145936,62.0,0.0,2.0,0.0,1.0,-0.0,0.0,0.0,128.0,0.0,0.145936,0.145936,13.704638,0.0,0.0,3.0,0.0,0.0,64.0,0.0,202.0,74.0,1
73.67083,4.981619,1862656.0,0.0,201.340164,0.165909,0.0,168.0,0.0,0.0,10.909091,2476550.75,2432301.75,1.0,64.0,0.0,1516110.0,0.019423,1721542784.0,31872.0,0.185332,0.0,44249.070312,4.981619,4.981619,62.0,0.0,368.0,0.0,1004.0,-0.0,0.0,0.0,27629.0,1.0,4.981619,4.981619,275.211731,1.0,0.0,1372.0,168.0,0.0,75.078804,0.0,1543739.0,1510.069702,1
28.872061,4.745072,2604544.0,0.0,68.281364,0.165909,0.0,5.0,0.0,0.0,1.068376,842470.6875,827023.9375,0.0,64.0,0.0,492050.0,0.019423,1721542784.0,31872.0,0.185332,0.0,15446.762695,4.745072,4.745072,62.0,1.0,138.0,0.0,325.0,-0.0,1.0,0.0,9228.0,1.0,4.745072,4.745072,97.364174,1.0,0.0,463.0,5.0,0.0,66.869568,0.0,501278.0,1514.0,1
3.532393,3.963319,2604544.0,0.0,16.65271,0.165909,0.0,1.0,0.0,0.0,1.204819,203586.9375,201697.609375,0.0,64.0,0.0,101438.0,0.019423,1721542784.0,31872.0,0.185332,0.0,1889.325562,3.963319,3.963319,62.0,1.0,15.0,0.0,67.0,-0.0,1.0,0.0,1002.0,1.0,3.963319,3.963319,20.437416,1.0,0.0,82.0,1.0,0.0,66.800003,0.0,102440.0,1514.0,1
0.0,3.835158,2605440.0,0.0,0.260745,0.165909,0.0,1.0,0.0,0.0,25.0,1647.911255,1647.911255,0.0,64.0,0.0,1580.0,0.019423,1721542784.0,31872.0,0.185332,0.0,0.0,3.835158,3.835158,62.0,0.0,1.0,0.0,2.0,-0.0,1.0,0.0,66.0,1.0,3.835158,3.835158,0.521491,1.0,0.0,3.0,1.0,0.0,66.0,0.0,1646.0,790.0,1
38.955296,1.309193,2603520.0,0.0,202.414764,0.165909,0.0,49.0,0.0,0.0,13.351499,2458057.75,2435686.75,0.0,64.0,0.0,400102.0,0.019423,1721542784.0,31872.0,0.185332,0.0,22371.033203,1.309193,1.309193,62.0,0.0,52.0,0.0,266.0,-0.0,1.0,0.0,3732.0,1.0,1.309193,1.309193,242.133896,1.0,0.0,318.0,49.0,0.0,71.769234,0.0,403834.0,1504.142822,1
7.75308,0.128981,8222720.0,0.0,0.0,0.0,0.0,0.0,0.0,0.0,0.0,3969.577148,0.0,0.0,64.0,0.0,74.0,0.007512,1721542784.0,4077568.0,0.007512,0.0,3969.577148,0.128981,0.128981,62.0,0.0,2.0,0.0,1.0,-0.0,0.0,0.0,128.0,0.0,0.128981,0.128981,15.506161,0.0,0.0,3.0,0.0,0.0,64.0,0.0,202.0,74.0,1
55.066139,3.686476,777344.0,0.0,205.616425,0.110198,0.0,24.0,0.0,0.0,2.431611,2507322.5,2476696.0,0.0,64.0,0.0,1142790.0,0.014078,1721542784.0,31872.0,0.124276,0.0,30626.539062,3.686476,3.686476,62.0,0.0,204.0,0.0,759.0,-0.0,0.0,0.0,14182.0,1.0,3.686476,3.686476,260.953827,1.0,0.0,963.0,24.0,0.0,69.519608,0.0,1156972.0,1505.652222,1
87.328064,1.099303,330624.0,0.0,188.301132,0.027865,0.0,0.0,0.0,0.0,0.0,2297346.5,2252088.75,0.0,64.0,0.0,310961.0,0.010539,1721542784.0,31872.0,0.038404,0.0,45257.769531,1.099303,1.099303,62.0,0.0,97.0,0.0,208.0,-0.0,0.0,0.0,6283.0,0.0,1.099303,1.099303,276.538849,0.0,0.0,305.0,0.0,0.0,64.773193,0.0,317244.0,1495.004761,1
20.461864,3.518741,400384.0,0.0,66.50106,0.110348,0.0,12.0,0.0,0.0,3.75,803080.4375,791130.6875,0.0,64.0,0.0,349460.0,0.024998,1721542784.0,31872.0,0.135346,0.0,11949.728516,3.518741,3.518741,62.0,0.0,73.0,0.0,235.0,-0.0,0.0,0.0,5328.0,1.0,3.518741,3.518741,87.247116,1.0,0.0,308.0,12.0,0.0,72.986298,0.0,354788.0,1487.063843,1
2.001045,0.499739,64256.0,0.0,0.0,0.406617,0.0,0.0,0.0,0.0,0.0,1120.584961,0.0,0.0,64.0,0.0,74.0,0.093122,1721542784.0,4077568.0,0.499739,0.0,1120.584961,0.499739,0.499739,62.0,0.0,2.0,0.0,1.0,-0.0,0.0,0.0,140.0,0.0,0.499739,0.499739,4.002089,0.0,0.0,3.0,0.0,0.0,70.0,0.0,214.0,74.0,1
9.352612,0.106922,64256.0,0.0,0.0,0.406617,0.0,0.0,0.0,0.0,0.0,4938.179199,0.0,0.0,64.0,0.0,66.0,0.093122,1721542784.0,4077568.0,0.499739,0.0,4938.179199,0.106922,0.106922,62.0,0.0,2.0,0.0,1.0,-0.0,1.0,0.0,132.0,0.0,0.106922,0.106922,18.705225,0.0,0.0,3.0,0.0,0.0,66.0,0.0,198.0,66.0,1
59.963051,1.584309,449152.0,0.0,140.124176,0.058757,0.0,18.0,0.0,0.0,5.341246,1692488.0,1658575.5,0.0,64.0,0.0,329941.0,0.00298,1721542784.0,31872.0,0.061737,0.0,33912.578125,1.584309,1.584309,62.0,0.0,96.0,0.0,223.0,-0.0,0.0,0.0,6786.0,1.0,1.584309,1.584309,200.71843,1.0,0.0,319.0,18.0,0.0,70.6875,0.0,336727.0,1479.55603,1
20.351357,3.685258,492032.0,0.0,77.606506,0.324406,0.0,41.0,0.0,0.0,10.148515,938413.5625,925614.4375,0.0,64.0,0.0,427881.0,0.017978,1721542784.0,31872.0,0.342384,0.0,12799.104492,3.685258,3.685258,62.0,0.0,76.0,0.0,287.0,-0.0,0.0,0.0,5974.0,1.0,3.685258,3.685258,98.229218,1.0,0.0,363.0,41.0,0.0,78.605263,0.0,433855.0,1490.874512,1
2.220421,0.450365,64256.0,0.0,0.0,0.43343,0.0,0.0,0.0,0.0,0.0,1243.435913,0.0,0.0,64.0,0.0,74.0,0.016935,1721542784.0,4077568.0,0.450365,0.0,1243.435913,0.450365,0.450365,62.0,0.0,2.0,0.0,1.0,-0.0,0.0,0.0,140.0,0.0,0.450365,0.450365,4.440842,0.0,0.0,3.0,0.0,0.0,70.0,0.0,214.0,74.0,1
21.703274,0.046076,64256.0,0.0,0.0,0.43343,0.0,0.0,0.0,0.0,0.0,11459.328125,0.0,0.0,64.0,0.0,66.0,0.016935,1721542784.0,4077568.0,0.450365,0.0,11459.328125,0.046076,0.046076,62.0,0.0,2.0,0.0,1.0,-0.0,1.0,0.0,132.0,0.0,0.046076,0.046076,43.406548,0.0,0.0,3.0,0.0,0.0,66.0,0.0,198.0,66.0,1
5.630517,3.019261,46080.0,0.0,21.859655,0.1343,0.0,3.0,0.0,0.0,3.409091,257019.1875,253068.5625,1.0,64.0,0.0,96957.0,0.027427,1721542784.0,31872.0,0.161727,0.0,3950.635742,3.019261,3.019261,62.0,0.0,18.0,0.0,67.0,-0.0,0.0,0.0,1578.0,0.0,3.019261,3.019261,27.821379,1.0,0.0,85.0,3.0,0.0,87.666664,0.0,98535.0,1447.119385,1
26.553068,2.447928,460928.0,0.0,80.476227,0.1343,0.0,63.0,0.0,0.0,19.266055,976901.3125,959005.375,0.0,64.0,0.0,294936.0,0.027427,1721542784.0,31872.0,0.161727,0.0,17895.951172,2.447928,2.447928,61.0,0.0,66.0,0.0,198.0,-0.0,1.0,0.0,5560.0,1.0,2.447928,2.447928,107.437805,1.0,0.0,264.0,63.0,0.0,84.242424,0.0,300496.0,1489.575806,1
57.527569,1.147276,191616.0,0.0,108.953728,0.098182,0.0,0.0,0.0,0.0,0.0,1313183.5,1282306.875,0.0,64.0,0.0,185366.0,0.02587,1721542784.0,31872.0,0.124052,0.0,30876.615234,1.147276,1.147276,62.0,0.0,67.0,0.0,126.0,-0.0,0.0,0.0,4495.0,0.0,1.147276,1.147276,167.352921,0.0,0.0,193.0,0.0,0.0,67.089554,0.0,189861.0,1471.158691,1
104.246361,4.75796,2390272.0,0.0,312.949249,0.055859,0.0,35.0,0.0,0.0,1.730959,3838409.75,3780275.75,0.0,64.0,0.0,2249809.0,0.038405,1721542784.0,31872.0,0.094264,0.0,58134.160156,4.75796,4.75796,62.0,0.0,497.0,0.0,1490.0,-0.0,0.0,0.0,34644.0,1.0,4.75796,4.75796,417.405792,1.0,0.0,1987.0,35.0,0.0,69.706238,0.0,2284453.0,1509.938965,1
49.319302,1.115182,216064.0,0.0,125.540039,0.063866,0.0,0.0,0.0,0.0,0.0,1520153.625,1492290.875,0.0,64.0,0.0,209507.0,0.027359,1721542784.0,31872.0,0.091225,0.0,27862.714844,1.115182,1.115182,62.0,0.0,56.0,0.0,141.0,-0.0,0.0,0.0,3954.0,0.0,1.115182,1.115182,175.756058,0.0,0.0,197.0,0.0,0.0,70.60714,0.0,213461.0,1485.865234,1
92.774139,0.722184,202624.0,0.0,166.162643,0.107112,0.0,0.0,0.0,0.0,0.0,2003744.25,1953286.125,0.0,64.0,0.0,177798.0,0.004967,1721542784.0,31872.0,0.112079,0.0,50458.054688,0.722184,0.722184,62.0,0.0,68.0,0.0,121.0,-0.0,0.0,0.0,4622.0,0.0,0.722184,0.722184,260.321472,0.0,0.0,189.0,0.0,0.0,67.970589,0.0,182420.0,1469.404907,1
70.684937,4.993992,1853184.0,0.0,154.385513,0.054682,0.0,6.0,0.0,0.0,0.530035,1902168.875,1863597.75,1.0,64.0,0.0,1164857.0,0.007978,1721542784.0,31872.0,0.06266,0.0,38571.148438,4.993992,4.993992,62.0,0.0,354.0,0.0,772.0,-0.0,0.0,0.0,24146.0,1.0,4.993992,4.993992,225.270691,1.0,0.0,1126.0,6.0,0.0,68.209038,0.0,1189003.0,1508.88208,1
56.604797,4.434253,2903552.0,0.0,162.146805,0.054682,0.0,26.0,0.0,0.0,2.60521,1989885.5,1959198.875,0.0,64.0,0.0,1087458.0,0.007978,1721542784.0,31872.0,0.06266,0.0,30686.564453,4.434253,4.434253,62.0,0.0,252.0,0.0,720.0,-0.0,1.0,0.0,17076.0,1.0,4.434253,4.434253,218.977127,1.0,0.0,972.0,26.0,0.0,67.761902,0.0,1104534.0,1510.358276,1
15.544484,0.257326,64128.0,0.0,15.544484,0.09518,0.0,0.0,0.0,0.0,0.0,36063.203125,15482.305664,0.0,64.0,0.0,622.0,0.000993,1721542784.0,31872.0,0.096173,0.0,20580.896484,0.257326,0.257326,62.0,0.0,5.0,0.0,5.0,-0.0,0.0,0.0,827.0,0.0,0.257326,0.257326,34.97509,0.0,0.0,10.0,0.0,0.0,165.399994,0.0,1449.0,124.400002,1
11.621474,0.430238,64128.0,0.0,9.297179,0.18853,0.0,0.0,0.0,0.0,0.0,23019.816406,9222.801758,0.0,64.0,0.0,619.0,0.013553,1721542784.0,31872.0,0.202083,0.0,13797.014648,0.430238,0.430238,62.0,0.0,6.0,0.0,5.0,-0.0,0.0,0.0,890.0,0.0,0.430238,0.430238,23.242949,0.0,0.0,11.0,0.0,0.0,148.333328,0.0,1509.0,123.800003,1
23.377186,0.171107,64128.0,0.0,23.377186,0.056342,0.0,0.0,0.0,0.0,0.0,55263.667969,23797.974609,0.0,64.0,0.0,636.0,0.004966,1721542784.0,31872.0,0.061308,0.0,31465.691406,0.171107,0.171107,62.0,0.0,5.0,0.0,5.0,-0.0,0.0,0.0,841.0,0.0,0.171107,0.171107,52.598667,0.0,0.0,10.0,0.0,0.0,168.199997,0.0,1477.0,127.199997,1
12.417054,0.402672,64128.0,0.0,9.933643,0.103248,0.0,0.0,0.0,0.0,0.0,25310.923828,10211.785156,0.0,64.0,0.0,642.0,0.01543,1721542784.0,31872.0,0.118678,0.0,15099.137695,0.402672,0.402672,62.0,0.0,6.0,0.0,5.0,-0.0,0.0,0.0,911.0,0.0,0.402672,0.402672,24.834108,0.0,0.0,11.0,0.0,0.0,151.833328,0.0,1553.0,128.399994,1
15.136379,0.264264,64128.0,0.0,15.136379,0.105223,0.0,0.0,0.0,0.0,0.0,35842.945312,15439.107422,0.0,64.0,0.0,637.0,0.015444,1721542784.0,31872.0,0.120667,0.0,20403.839844,0.264264,0.264264,62.0,0.0,5.0,0.0,5.0,-0.0,0.0,0.0,842.0,0.0,0.264264,0.264264,34.056854,0.0,0.0,10.0,0.0,0.0,168.399994,0.0,1479.0,127.400002,1
13.941238,1.793241,78592.0,0.0,42.381363,0.154345,0.0,0.0,0.0,0.0,0.0,498155.0,489553.8125,0.0,64.0,0.0,111179.0,0.005464,1721542784.0,31872.0,0.159809,0.0,8601.186523,1.793241,1.793241,62.0,0.0,26.0,0.0,77.0,-0.0,0.0,0.0,2005.0,0.0,1.793241,1.793241,56.880253,0.0,0.0,103.0,0.0,0.0,77.115387,0.0,113184.0,1443.883057,1
3.449679,0.289882,64256.0,0.0,0.0,0.28189,0.0,0.0,0.0,0.0,0.0,1931.820557,0.0,0.0,64.0,0.0,74.0,0.007992,1721542784.0,4077568.0,0.289882,0.0,1931.820557,0.289882,0.289882,62.0,0.0,2.0,0.0,1.0,-0.0,0.0,0.0,140.0,0.0,0.289882,0.289882,6.899359,0.0,0.0,3.0,0.0,0.0,70.0,0.0,214.0,74.0,1
9.331927,0.107159,64256.0,0.0,0.0,0.28189,0.0,0.0,0.0,0.0,0.0,4927.257324,0.0,0.0,64.0,0.0,66.0,0.007992,1721542784.0,4077568.0,0.289882,0.0,4927.257324,0.107159,0.107159,62.0,0.0,2.0,0.0,1.0,-0.0,1.0,0.0,132.0,0.0,0.107159,0.107159,18.663855,0.0,0.0,3.0,0.0,0.0,66.0,0.0,198.0,66.0,1
32.341526,0.1546,64128.0,0.0,25.873222,0.053308,0.0,0.0,0.0,0.0,0.0,64113.84375,25666.236328,0.0,64.0,0.0,620.0,0.007953,1721542784.0,31872.0,0.061261,0.0,38447.609375,0.1546,0.1546,62.0,0.0,6.0,0.0,5.0,-0.0,0.0,0.0,891.0,0.0,0.1546,0.1546,64.683052,0.0,0.0,11.0,0.0,0.0,148.5,0.0,1511.0,124.0,1
18.954256,0.263793,64128.0,0.0,15.163405,0.094256,0.0,0.0,0.0,0.0,0.0,37574.917969,15042.097656,0.0,64.0,0.0,620.0,0.024985,1721542784.0,31872.0,0.119241,0.0,22532.820312,0.263793,0.263793,62.0,0.0,6.0,0.0,5.0,-0.0,0.0,0.0,891.0,0.0,0.263793,0.263793,37.908512,0.0,0.0,11.0,0.0,0.0,148.5,0.0,1511.0,124.0,1
18.332813,0.272735,64128.0,0.0,14.666251,0.129575,0.0,0.0,0.0,0.0,0.0,36313.636719,14548.920898,0.0,64.0,0.0,619.0,0.00745,1721542784.0,31872.0,0.137025,0.0,21764.716797,0.272735,0.272735,62.0,0.0,6.0,0.0,5.0,-0.0,0.0,0.0,890.0,0.0,0.272735,0.272735,36.665627,0.0,0.0,11.0,0.0,0.0,148.333328,0.0,1509.0,123.800003,1
0.347735,2.875755,64256.0,0.0,1.390939,0.0,0.0,0.0,0.0,0.0,0.0,2253.321289,1379.811523,0.0,64.0,0.0,620.0,0.006953,1721542784.0,31872.0,0.006953,0.0,873.509705,2.875755,2.875755,62.0,0.0,2.0,0.0,5.0,-0.0,0.0,0.0,627.0,0.0,2.875755,2.875755,2.086409,0.0,0.0,7.0,0.0,0.0,313.5,0.0,1247.0,124.0,1
0.0,0.0,64128.0,0.0,0.0,0.0,0.0,1.0,0.0,0.0,33.333333,0.0,0.0,0.0,64.0,0.0,348.0,0.006953,1721542784.0,31872.0,0.006953,0.0,0.0,0.0,0.0,62.0,0.0,1.0,0.0,1.0,-0.0,1.0,0.0,78.0,1.0,0.0,0.0,0.0,1.0,0.0,2.0,1.0,0.0,78.0,0.0,426.0,348.0,1
26.193691,2.596045,168448.0,0.0,52.387383,0.0,0.0,1.0,0.0,0.0,0.483092,631862.75,618029.375,0.0,64.0,0.0,202028.0,0.008475,1721542784.0,31872.0,0.008475,0.0,13833.350586,2.596045,2.596045,62.0,0.0,69.0,0.0,137.0,-0.0,0.0,0.0,4555.0,0.0,2.596045,2.596045,78.96627,1.0,0.0,206.0,1.0,0.0,66.014496,0.0,206583.0,1474.656982,1
0.0,0.027927,64128.0,0.0,0.0,0.0,0.0,0.0,0.0,0.0,0.0,0.0,0.0,0.0,64.0,0.0,66.0,0.006953,1721542784.0,31872.0,0.006953,0.0,0.0,0.027927,0.027927,62.0,0.0,1.0,0.0,1.0,-0.0,1.0,0.0,66.0,1.0,0.027927,0.027927,35.80764,0.0,0.0,2.0,0.0,0.0,66.0,0.0,132.0,66.0,1
2.610135,1.91561,64128.0,0.0,2.610135,0.074493,0.0,0.0,0.0,0.0,0.0,5650.419434,2447.262207,0.0,64.0,0.0,703.0,0.022446,1721542784.0,31872.0,0.096939,0.0,3203.157227,1.91561,1.91561,62.0,0.0,6.0,0.0,6.0,-0.0,0.0,0.0,920.0,1.0,1.91561,1.91561,5.742296,0.0,0.0,12.0,0.0,0.0,153.333328,0.0,1623.0,117.166664,1
3.407271,0.29349,64256.0,0.0,0.0,0.249104,0.0,0.0,0.0,0.0,0.0,1908.071899,0.0,0.0,64.0,0.0,74.0,0.044386,1721542784.0,4077568.0,0.29349,0.0,1908.071899,0.29349,0.29349,62.0,0.0,2.0,0.0,1.0,-0.0,0.0,0.0,140.0,0.0,0.29349,0.29349,6.814542,0.0,0.0,3.0,0.0,0.0,70.0,0.0,214.0,74.0,1
12.527404,0.079825,64256.0,0.0,0.0,0.249104,0.0,0.0,0.0,0.0,0.0,6614.469238,0.0,0.0,64.0,0.0,66.0,0.044386,1721542784.0,4077568.0,0.29349,0.0,6614.469238,0.079825,0.079825,62.0,0.0,2.0,0.0,1.0,-0.0,1.0,0.0,132.0,0.0,0.079825,0.079825,25.054808,0.0,0.0,3.0,0.0,0.0,66.0,0.0,198.0,66.0,1
81.648117,0.918576,275072.0,0.0,160.030304,0.12242,0.0,0.0,0.0,0.0,0.0,1935953.0,1891449.375,0.0,64.0,0.0,218657.0,0.005609,1721542784.0,31872.0,0.128029,0.0,44503.667969,0.918576,0.918576,62.0,0.0,76.0,0.0,148.0,-0.0,0.0,0.0,5178.0,0.0,0.918576,0.918576,242.767059,0.0,0.0,224.0,0.0,0.0,68.131577,0.0,223835.0,1477.412109,1
49.831539,0.983313,191616.0,0.0,116.951569,0.158894,0.0,11.0,0.0,0.0,6.214689,1401092.0,1370932.75,0.0,64.0,0.0,169972.0,0.006507,1721542784.0,31872.0,0.165401,0.0,30159.267578,0.983313,0.983313,62.0,0.0,50.0,0.0,116.0,-0.0,0.0,0.0,3782.0,1.0,0.983313,0.983313,167.800079,1.0,0.0,166.0,11.0,0.0,75.639999,0.0,173754.0,1465.275879,1
19.301144,0.259052,64128.0,0.0,15.440915,0.102063,0.0,0.0,0.0,0.0,0.0,39127.277344,15749.733398,0.0,64.0,0.0,637.0,0.000993,1721542784.0,31872.0,0.103056,0.0,23377.544922,0.259052,0.259052,62.0,0.0,6.0,0.0,5.0,-0.0,0.0,0.0,908.0,0.0,0.259052,0.259052,38.602287,0.0,0.0,11.0,0.0,0.0,151.333328,0.0,1545.0,127.400002,1
5.015146,1.395772,64128.0,0.0,4.298697,0.239107,0.0,0.0,0.0,0.0,0.0,15630.060547,11107.831055,0.0,64.0,0.0,2261.0,0.006569,1721542784.0,31872.0,0.245676,0.0,4522.228516,1.395772,1.395772,62.0,0.0,8.0,0.0,7.0,-0.0,0.0,0.0,901.0,0.0,1.395772,1.395772,10.030292,0.0,0.0,15.0,0.0,0.0,112.625,0.0,3162.0,323.0,2
2.466944,4.458958,63360.0,1.0,8.52217,0.173457,1.0,5.0,0.0,0.0,8.928571,95749.71875,93770.78125,1.0,64.0,0.0,53640.0,0.109552,1721542784.0,31872.0,0.283009,0.0,1978.937622,4.458958,4.458958,62.0,0.0,12.0,0.0,39.0,-0.0,0.0,0.0,1203.0,1.0,4.458958,4.458958,11.213382,0.0,0.0,51.0,4.0,0.0,100.25,0.0,54843.0,1375.384644,2
4.635585,0.86289,64128.0,0.0,4.635585,0.254382,0.0,0.0,0.0,0.0,0.0,10290.999023,5386.549805,0.0,64.0,0.0,726.0,0.192223,1721542784.0,31872.0,0.446605,0.0,4904.44873,0.86289,0.86289,62.0,0.0,5.0,0.0,5.0,-0.0,0.0,0.0,661.0,0.0,0.86289,0.86289,10.430066,0.0,0.0,10.0,0.0,0.0,132.199997,0.0,1387.0,145.199997,2
1.833507,4.363222,49920.0,0.0,4.583768,0.173457,0.0,21.0,0.0,0.0,41.176471,56677.378906,55518.605469,0.0,64.0,0.0,31794.0,0.109552,1721542784.0,31872.0,0.283009,0.0,1158.776611,4.363222,4.363222,62.0,1.0,9.0,0.0,21.0,-0.0,1.0,0.0,710.0,1.0,4.363222,4.363222,6.646464,1.0,0.0,30.0,21.0,0.0,78.888885,0.0,32504.0,1514.0,2
3.068811,4.887886,88448.0,0.0,5.319273,0.173457,0.0,6.0,0.0,0.0,12.244898,66170.117188,64427.035156,0.0,64.0,0.0,40878.0,0.109552,1721542784.0,31872.0,0.283009,0.0,1743.084839,4.887886,4.887886,62.0,1.0,16.0,0.0,27.0,-0.0,1.0,0.0,1136.0,1.0,4.887886,4.887886,8.592671,1.0,0.0,43.0,6.0,0.0,71.0,0.0,42014.0,1514.0,2
1.521282,4.601381,89600.0,0.0,3.911869,0.173457,0.0,4.0,0.0,0.0,12.903226,48239.433594,47380.558594,0.0,64.0,0.0,28766.0,0.109552,1721542784.0,31872.0,0.283009,0.0,858.87262,4.601381,4.601381,62.0,1.0,8.0,0.0,19.0,-0.0,1.0,0.0,564.0,1.0,4.601381,4.601381,5.650478,1.0,0.0,27.0,4.0,0.0,70.5,0.0,29330.0,1514.0,2
2.733713,4.755437,84608.0,0.0,6.518854,0.173457,0.0,4.0,0.0,0.0,8.0,80438.453125,78956.359375,0.0,64.0,0.0,48448.0,0.109552,1721542784.0,31872.0,0.283009,0.0,1482.093018,4.755437,4.755437,62.0,1.0,14.0,0.0,32.0,-0.0,1.0,0.0,948.0,1.0,4.755437,4.755437,9.462852,1.0,0.0,46.0,4.0,0.0,67.714287,0.0,49396.0,1514.0,2
2.392892,4.179043,79872.0,0.0,8.375124,0.173457,0.0,1.0,0.0,0.0,2.083333,102724.0,101439.5,0.0,64.0,0.0,54504.0,0.109552,1721542784.0,31872.0,0.283009,0.0,1284.504639,4.179043,4.179043,62.0,1.0,11.0,0.0,36.0,-0.0,1.0,0.0,738.0,1.0,4.179043,4.179043,11.007305,1.0,0.0,47.0,1.0,0.0,67.090912,0.0,55242.0,1514.0,2
0.0,2.608841,521622.3241706161,0.0,0.383312,0.173457,0.0,0.0,0.0,0.0,0.0,4642.674805,4642.674805,0.0,64.0,0.0,3028.0,0.109552,1721542784.0,1183398.375711575,0.283009,0.0,0.0,2.608841,2.608841,62.0,0.0,0.0,0.0,2.0,-0.0,1.0,0.0,0.0,1.0,2.608841,2.608841,0.383312,1.0,0.0,2.0,1.0,0.0,0.0,0.0,3028.0,1514.0,2
4.898252,4.287244,126208.0,0.0,15.161256,0.173457,0.0,24.0,0.0,0.0,21.428571,186740.015625,183633.125,0.0,64.0,0.0,99924.0,0.109552,1721542784.0,31872.0,0.283009,0.0,3106.891113,4.287244,4.287244,62.0,1.0,22.0,0.0,66.0,-0.0,1.0,0.0,1744.0,1.0,4.287244,4.287244,20.292757,1.0,0.0,88.0,24.0,0.0,79.272728,0.0,101668.0,1514.0,2
7.293367,3.290661,130304.0,0.0,18.537308,0.173457,0.0,8.0,0.0,0.0,8.421053,228729.71875,224523.875,0.0,64.0,0.0,93868.0,0.109552,1721542784.0,31872.0,0.283009,0.0,4205.841797,3.290661,3.290661,62.0,1.0,25.0,0.0,62.0,-0.0,1.0,0.0,1802.0,1.0,3.290661,3.290661,26.134565,1.0,0.0,87.0,8.0,0.0,72.080002,0.0,95670.0,1514.0,2
0.643497,3.10802,131328.0,0.0,2.252238,0.173457,0.0,8.0,0.0,0.0,42.105263,27618.869141,27279.103516,0.0,64.0,0.0,12112.0,0.109552,1721542784.0,31872.0,0.283009,0.0,339.766144,3.10802,3.10802,62.0,0.0,3.0,0.0,8.0,-0.0,1.0,0.0,198.0,1.0,3.10802,3.10802,3.217482,1.0,0.0,11.0,8.0,0.0,66.0,0.0,12310.0,1514.0,2
0.0,3.799155,521622.3241706161,0.0,0.263216,0.173457,0.0,0.0,0.0,0.0,0.0,3188.077393,3188.077393,0.0,64.0,0.0,3028.0,0.109552,1721542784.0,1183398.375711575,0.283009,0.0,0.0,3.799155,3.799155,62.0,0.0,0.0,0.0,2.0,-0.0,1.0,0.0,0.0,1.0,3.799155,3.799155,0.263216,1.0,0.0,2.0,2.0,0.0,0.0,0.0,3028.0,1514.0,2
1.01582,4.922131,129280.0,0.0,2.641132,0.173457,0.0,3.0,0.0,0.0,13.043478,30357.582031,29804.976562,0.0,64.0,0.0,19748.0,0.109552,1721542784.0,31872.0,0.283009,0.0,552.606201,4.922131,4.922131,62.0,1.0,6.0,0.0,14.0,-0.0,1.0,0.0,408.0,1.0,4.922131,4.922131,3.860117,1.0,0.0,20.0,3.0,0.0,68.0,0.0,20156.0,1410.571411,2
8.439222,0.355483,127360.0,0.0,11.252296,0.173457,0.0,2.0,0.0,0.0,18.181818,140743.71875,136287.8125,0.0,64.0,0.0,7570.0,0.109552,1721542784.0,31872.0,0.283009,0.0,4455.90918,0.355483,0.355483,62.0,0.0,4.0,0.0,5.0,-0.0,1.0,0.0,264.0,1.0,0.355483,0.355483,22.504593,1.0,0.0,9.0,2.0,0.0,66.0,0.0,7834.0,1514.0,2
3.523993,0.283769,8222720.0,0.0,0.0,0.0,0.0,0.0,0.0,0.0,0.0,1804.284424,0.0,0.0,64.0,0.0,74.0,0.032396,1721542784.0,4077568.0,0.032396,0.0,1804.284424,0.283769,0.283769,62.0,0.0,2.0,0.0,1.0,-0.0,0.0,0.0,128.0,0.0,0.283769,0.283769,7.047986,0.0,0.0,3.0,0.0,0.0,64.0,0.0,202.0,74.0,2
3.79524,4.215807,78848.0,0.0,9.250898,0.192915,0.0,7.0,0.0,0.0,10.9375,103629.03125,100699.109375,1.0,64.0,0.0,54426.0,0.045925,1721542784.0,31872.0,0.23884,0.0,2929.925537,4.215807,4.215807,62.0,0.0,17.0,0.0,40.0,-0.0,0.0,0.0,1640.0,1.0,4.215807,4.215807,13.28334,1.0,0.0,57.0,7.0,0.0,96.470589,0.0,56066.0,1360.650024,2
2.157441,0.463512,64256.0,0.0,0.0,0.426581,0.0,0.0,0.0,0.0,0.0,1208.167236,0.0,0.0,64.0,0.0,74.0,0.036931,1721542784.0,4077568.0,0.463512,0.0,1208.167236,0.463512,0.463512,62.0,0.0,2.0,0.0,1.0,-0.0,0.0,0.0,140.0,0.0,0.463512,0.463512,4.314883,0.0,0.0,3.0,0.0,0.0,70.0,0.0,214.0,74.0,2
0.217878,4.589725,85504.0,0.0,1.307268,0.192915,0.0,5.0,0.0,0.0,35.714286,15959.125977,15833.62793,0.0,64.0,0.0,10598.0,0.045925,1721542784.0,31872.0,0.23884,0.0,125.497711,4.589725,4.589725,62.0,0.0,2.0,0.0,7.0,-0.0,1.0,0.0,144.0,1.0,4.589725,4.589725,1.743024,1.0,0.0,9.0,5.0,0.0,72.0,0.0,10742.0,1514.0,2
4.33392,0.230738,64256.0,0.0,0.0,0.426581,0.0,0.0,0.0,0.0,0.0,2288.309814,0.0,0.0,64.0,0.0,66.0,0.036931,1721542784.0,4077568.0,0.463512,0.0,2288.309814,0.230738,0.230738,62.0,0.0,2.0,0.0,1.0,-0.0,1.0,0.0,132.0,0.0,0.230738,0.230738,8.66784,0.0,0.0,3.0,0.0,0.0,66.0,0.0,198.0,66.0,2
2.926355,4.442386,82688.0,0.0,6.978232,0.192915,0.0,7.0,0.0,0.0,13.207547,86166.304688,84520.34375,0.0,64.0,0.0,48448.0,0.045925,1721542784.0,31872.0,0.23884,0.0,1645.96228,4.442386,4.442386,62.0,1.0,14.0,0.0,32.0,-0.0,1.0,0.0,984.0,1.0,4.442386,4.442386,10.129691,1.0,0.0,46.0,7.0,0.0,70.285713,0.0,49432.0,1514.0,2
2.038033,4.906693,82688.0,0.0,6.521704,0.192915,0.0,7.0,0.0,0.0,13.72549,80120.765625,78990.882812,0.0,64.0,0.0,49962.0,0.045925,1721542784.0,31872.0,0.23884,0.0,1129.885254,4.906693,4.906693,62.0,1.0,11.0,0.0,33.0,-0.0,1.0,0.0,762.0,1.0,4.906693,4.906693,8.76354,1.0,0.0,44.0,7.0,0.0,69.272728,0.0,50724.0,1514.0,2
7.04141,4.828578,91136.0,0.0,18.224827,0.192915,0.0,3.0,0.0,0.0,2.362205,224534.84375,220739.109375,0.0,64.0,0.0,134746.0,0.045925,1721542784.0,31872.0,0.23884,0.0,3795.734375,4.828578,4.828578,62.0,1.0,35.0,0.0,89.0,-0.0,1.0,0.0,2358.0,1.0,4.828578,4.828578,25.473339,1.0,0.0,124.0,3.0,0.0,67.371429,0.0,137104.0,1514.0,2
2.266167,3.088916,91136.0,0.0,11.007097,0.192915,0.0,0.0,0.0,0.0,0.0,123074.890625,121878.351562,0.0,64.0,0.0,48443.0,0.045925,1721542784.0,31872.0,0.23884,0.0,1196.536255,3.088916,3.088916,62.0,0.0,8.0,0.0,35.0,-0.0,1.0,0.0,528.0,1.0,3.088916,3.088916,13.597003,0.0,0.0,43.0,0.0,0.0,66.0,0.0,48971.0,1384.085693,2
0.306528,3.262342,8222720.0,0.0,0.613057,0.0,0.0,2.0,0.0,0.0,28.571429,519.871948,362.929443,0.0,64.0,0.0,222.0,0.017407,1721542784.0,4077568.0,0.017407,0.0,156.942474,3.262342,3.262342,62.0,0.0,2.0,0.0,3.0,-0.0,0.0,0.0,128.0,0.0,3.262342,3.262342,1.226113,1.0,0.0,5.0,2.0,0.0,64.0,0.0,350.0,74.0,2
31.004293,4.805786,466560.0,2.0,98.631104,0.271819,1.0,83.0,0.0,0.0,11.723164,1207381.375,1188056.25,1.0,64.0,0.0,715198.0,0.066769,1721542784.0,31872.0,0.338588,0.0,19325.037109,4.805786,4.805786,62.0,0.0,150.0,0.0,475.0,-0.0,0.0,0.0,11686.0,1.0,4.805786,4.805786,129.843475,0.0,0.0,625.0,81.0,0.0,77.90667,0.0,726884.0,1505.680054,2
11.779187,0.339582,64256.0,2.0,2.944797,0.271819,1.0,3.0,0.0,0.0,30.0,8433.898438,1743.319702,0.0,64.0,0.0,148.0,0.066769,1721542784.0,4077568.0,0.338588,0.0,6690.578613,0.339582,0.339582,62.0,0.0,5.0,0.0,2.0,-0.0,0.0,0.0,354.0,0.0,0.339582,0.339582,17.668781,0.0,0.0,7.0,1.0,0.0,70.800003,0.0,502.0,74.0,2
17.767891,3.376878,468608.0,0.0,111.049316,0.271819,0.0,38.0,0.0,0.0,8.0,1350620.25,1340445.25,0.0,64.0,0.0,567323.0,0.066769,1721542784.0,31872.0,0.338588,0.0,10175.079102,3.376878,3.376878,62.0,0.0,61.0,0.0,376.0,-0.0,1.0,0.0,4366.0,1.0,3.376878,3.376878,129.113342,1.0,0.0,437.0,38.0,0.0,71.573769,0.0,571689.0,1508.837769,2
3.521077,0.284004,64256.0,0.0,3.521077,0.271819,0.0,0.0,0.0,0.0,0.0,3718.257568,1859.128784,0.0,64.0,0.0,132.0,0.066769,1721542784.0,31872.0,0.338588,0.0,1859.128784,0.284004,0.284004,62.0,0.0,2.0,0.0,2.0,-0.0,1.0,0.0,132.0,0.0,0.284004,0.284004,10.563231,0.0,0.0,4.0,0.0,0.0,66.0,0.0,264.0,66.0,2
66.874275,4.695378,1344256.0,0.0,238.958405,0.105217,0.0,41.0,0.0,0.0,2.772143,2924450.5,2887547.75,1.0,64.0,0.0,1696276.0,0.005512,1721542784.0,31872.0,0.110729,0.0,36902.675781,4.695378,4.695378,62.0,0.0,315.0,0.0,1123.0,-0.0,0.0,0.0,21727.0,1.0,4.695378,4.695378,306.045654,1.0,0.0,1438.0,41.0,0.0,68.974602,0.0,1718003.0,1510.486206,2
5.456223,4.032093,1351936.0,0.0,14.880609,0.105217,0.0,33.0,0.0,0.0,28.205128,183898.53125,180233.9375,0.0,64.0,0.0,92354.0,0.005512,1721542784.0,31872.0,0.110729,0.0,3664.5979,4.032093,4.032093,62.0,1.0,23.0,0.0,61.0,-0.0,1.0,0.0,1930.0,1.0,4.032093,4.032093,20.584843,1.0,0.0,84.0,33.0,0.0,83.91304,0.0,94284.0,1514.0,2
2.572565,3.109737,1360768.0,0.0,9.325548,0.105217,0.0,3.0,0.0,0.0,7.142857,114556.3125,112951.03125,0.0,64.0,0.0,45420.0,0.005512,1721542784.0,31872.0,0.110729,0.0,1605.280518,3.109737,3.109737,62.0,1.0,9.0,0.0,30.0,-0.0,1.0,0.0,702.0,1.0,3.109737,3.109737,12.219684,1.0,0.0,39.0,3.0,0.0,78.0,0.0,46122.0,1514.0,2
23.640791,2.199588,1297792.0,0.0,171.395737,0.105217,0.0,60.0,0.0,0.0,12.219959,2080244.0,2066434.25,0.0,64.0,0.0,569670.0,0.005512,1721542784.0,31872.0,0.110729,0.0,13809.858398,2.199588,2.199588,62.0,0.0,53.0,0.0,378.0,-0.0,1.0,0.0,3870.0,1.0,2.199588,2.199588,195.49115,1.0,0.0,431.0,60.0,0.0,73.018867,0.0,573540.0,1507.063477,2
166.745773,1.799146,1591424.0,0.0,426.313354,0.072738,0.0,65.0,0.0,0.0,5.731922,5229614.5,5135374.0,0.0,64.0,0.0,1156416.0,0.003493,1721542784.0,31872.0,0.076231,0.0,94240.265625,1.799146,1.799146,62.0,0.0,301.0,0.0,768.0,-0.0,0.0,0.0,21264.0,1.0,1.799146,1.799146,593.614929,1.0,0.0,1069.0,65.0,0.0,70.644516,0.0,1177680.0,1505.75,2
1.315742,4.560164,60672.0,0.0,16.008196,0.0,0.0,1.0,0.0,0.0,1.219512,185854.71875,184561.78125,0.0,64.0,0.0,106645.0,0.05533,1721542784.0,31872.0,0.05533,0.0,1292.935913,4.560164,4.560164,62.0,0.0,7.0,0.0,74.0,-0.0,0.0,0.0,859.0,0.0,4.560164,4.560164,17.543228,1.0,0.0,81.0,1.0,0.0,122.714287,0.0,107504.0,1441.148682,2
0.614546,1.627217,64256.0,0.0,0.614546,0.532075,0.0,1.0,0.0,0.0,20.0,707.957153,363.81134,0.0,64.0,0.0,148.0,0.018591,1721542784.0,4077568.0,0.550666,0.0,344.145844,1.627217,1.627217,62.0,0.0,2.0,0.0,2.0,-0.0,0.0,0.0,140.0,0.0,1.627217,1.627217,1.843639,1.0,0.0,4.0,1.0,0.0,70.0,0.0,288.0,74.0,2
21.9592,0.045539,64256.0,0.0,0.0,0.532075,0.0,0.0,0.0,0.0,0.0,11594.458008,0.0,0.0,64.0,0.0,66.0,0.018591,1721542784.0,4077568.0,0.550666,0.0,11594.458008,0.045539,0.045539,62.0,0.0,2.0,0.0,1.0,-0.0,1.0,0.0,132.0,0.0,0.045539,0.045539,43.9184,0.0,0.0,3.0,0.0,0.0,66.0,0.0,198.0,66.0,2
3.390865,0.58982,64256.0,0.0,20.34519,0.184884,0.0,0.0,0.0,0.0,0.0,202054.859375,196737.984375,1.0,64.0,0.0,15713.0,0.001167,1721542784.0,31872.0,0.186051,0.0,5316.875977,0.58982,0.58982,62.0,0.0,3.0,0.0,13.0,-0.0,0.0,0.0,588.0,0.0,0.58982,0.58982,25.431486,0.0,0.0,16.0,0.0,0.0,196.0,0.0,16301.0,1208.692261,2
20.521183,2.144126,384128.0,0.0,113.799286,0.184884,0.0,69.0,0.0,0.0,19.220056,1377351.875,1365550.375,0.0,64.0,0.0,367488.0,0.001167,1721542784.0,31872.0,0.186051,0.0,11801.545898,2.144126,2.144126,62.0,0.0,45.0,0.0,245.0,-0.0,1.0,0.0,3234.0,1.0,2.144126,2.144126,134.786865,1.0,0.0,290.0,69.0,0.0,71.866669,0.0,370722.0,1499.95105,2
0.0,3.110845,8222720.0,0.0,0.642912,0.0,0.0,2.0,0.0,0.0,33.333333,380.603973,380.603973,0.0,64.0,0.0,222.0,0.013004,1721542784.0,4077568.0,0.013004,0.0,0.0,3.110845,3.110845,62.0,0.0,1.0,0.0,3.0,-0.0,0.0,0.0,74.0,0.0,3.110845,3.110845,0.964368,1.0,0.0,4.0,2.0,0.0,74.0,0.0,296.0,74.0,2
0.0,3.056107,8222720.0,0.0,0.654427,0.0,0.0,2.0,0.0,0.0,33.333333,387.42099,387.42099,0.0,64.0,0.0,222.0,0.001491,1721542784.0,4077568.0,0.001491,0.0,0.0,3.056107,3.056107,62.0,0.0,1.0,0.0,3.0,-0.0,0.0,0.0,74.0,0.0,3.056107,3.056107,0.981641,1.0,0.0,4.0,2.0,0.0,74.0,0.0,296.0,74.0,2
0.0,0.0,521622.3241706161,0.0,0.0,0.0,0.0,0.0,0.0,0.0,0.0,0.0,0.0,0.0,64.0,0.0,74.0,0.013004,1721542784.0,1183398.375711575,0.013004,0.0,0.0,0.0,0.0,62.0,0.0,0.0,0.0,1.0,-0.0,1.0,0.0,0.0,0.0,0.0,0.0,0.0,1.0,0.0,1.0,1.0,0.0,0.0,0.0,74.0,74.0,2
4.049862,0.246922,64256.0,0.0,4.049862,0.0,0.0,0.0,0.0,0.0,0.0,4276.654297,2138.327148,0.0,64.0,0.0,132.0,0.001491,1721542784.0,31872.0,0.001491,0.0,2138.327148,0.246922,0.246922,62.0,0.0,2.0,0.0,2.0,-0.0,1.0,0.0,132.0,0.0,0.246922,0.246922,12.149586,0.0,0.0,4.0,0.0,0.0,66.0,0.0,264.0,66.0,2
20.45701,0.048883,64256.0,0.0,0.0,0.0464,0.0,0.0,0.0,0.0,0.0,11455.925781,0.0,0.0,64.0,0.0,74.0,0.002483,1721542784.0,4077568.0,0.048883,0.0,11455.925781,0.048883,0.048883,62.0,0.0,2.0,0.0,1.0,-0.0,0.0,0.0,140.0,0.0,0.048883,0.048883,40.914021,0.0,0.0,3.0,0.0,0.0,70.0,0.0,214.0,74.0,2
0.0,4.818371,64256.0,0.0,2.282929,0.0,0.0,1.0,0.0,0.0,7.142857,21610.623047,21610.623047,0.0,64.0,0.0,14199.0,0.013004,1721542784.0,31872.0,0.013004,0.0,0.0,4.818371,4.818371,62.0,0.0,1.0,0.0,12.0,-0.0,1.0,0.0,448.0,0.0,4.818371,4.818371,2.490468,1.0,0.0,13.0,1.0,0.0,448.0,0.0,14647.0,1183.25,2
0.0,0.085227,64128.0,0.0,0.0,0.0,0.0,0.0,0.0,0.0,0.0,0.0,0.0,0.0,64.0,0.0,66.0,0.013004,1721542784.0,31872.0,0.013004,0.0,0.0,0.085227,0.085227,62.0,0.0,1.0,0.0,1.0,-0.0,1.0,0.0,66.0,0.0,0.085227,0.085227,11.733371,0.0,0.0,2.0,0.0,0.0,66.0,0.0,132.0,66.0,2
0.0,0.385573,64256.0,0.0,2.593543,0.0464,0.0,0.0,0.0,0.0,0.0,1369.390503,1369.390503,0.0,64.0,0.0,132.0,0.002483,1721542784.0,4077568.0,0.048883,0.0,0.0,0.385573,0.385573,62.0,0.0,1.0,0.0,2.0,-0.0,1.0,0.0,66.0,0.0,0.385573,0.385573,5.187085,0.0,0.0,3.0,0.0,0.0,66.0,0.0,198.0,66.0,2
0.0,0.039326,64128.0,0.0,0.0,0.0,0.0,0.0,0.0,0.0,0.0,0.0,0.0,0.0,64.0,0.0,66.0,0.013004,1721542784.0,31872.0,0.013004,0.0,0.0,0.039326,0.039326,62.0,0.0,1.0,0.0,1.0,-0.0,1.0,0.0,66.0,0.0,0.039326,0.039326,25.428469,0.0,0.0,2.0,0.0,0.0,66.0,0.0,132.0,66.0,2
0.0,0.0,521622.3241706161,0.0,0.0,0.0464,0.0,0.0,0.0,0.0,0.0,0.0,0.0,0.0,64.0,0.0,66.0,0.002483,1721542784.0,1183398.375711575,0.048883,0.0,0.0,0.0,0.0,62.0,0.0,0.0,0.0,1.0,-0.0,1.0,0.0,0.0,0.0,0.0,0.0,0.0,0.0,0.0,1.0,0.0,0.0,0.0,0.0,66.0,66.0,2
0.0,0.034059,64128.0,0.0,0.0,0.0,0.0,0.0,0.0,0.0,0.0,0.0,0.0,0.0,64.0,0.0,66.0,0.013004,1721542784.0,31872.0,0.013004,0.0,0.0,0.034059,0.034059,62.0,0.0,1.0,0.0,1.0,-0.0,1.0,0.0,66.0,0.0,0.034059,0.034059,29.360815,0.0,0.0,2.0,0.0,0.0,66.0,0.0,132.0,66.0,2
10.649115,1.971995,119168.0,0.0,28.397638,0.0,0.0,12.0,0.0,0.0,13.186813,350491.75,343952.1875,0.0,64.0,0.0,86298.0,0.013004,1721542784.0,31872.0,0.013004,0.0,6539.570312,1.971995,1.971995,62.0,1.0,22.0,0.0,57.0,-0.0,1.0,0.0,1688.0,1.0,1.971995,1.971995,39.553852,1.0,0.0,79.0,12.0,0.0,76.727272,0.0,87986.0,1514.0,2
0.0,0.001987,119168.0,0.0,0.0,0.0,0.0,0.0,0.0,0.0,0.0,0.0,0.0,0.0,64.0,0.0,66.0,0.013004,1721542784.0,31872.0,0.013004,0.0,0.0,0.001987,0.001987,62.0,0.0,1.0,0.0,1.0,-0.0,1.0,0.0,78.0,1.0,0.001987,0.001987,503.271271,0.0,0.0,2.0,0.0,0.0,78.0,0.0,144.0,66.0,2
0.0,0.0,521622.3241706161,0.0,0.0,0.0464,0.0,0.0,0.0,0.0,0.0,0.0,0.0,0.0,64.0,0.0,66.0,0.002483,1721542784.0,1183398.375711575,0.048883,0.0,0.0,0.0,0.0,62.0,0.0,0.0,0.0,1.0,-0.0,1.0,0.0,0.0,0.0,0.0,0.0,0.0,0.0,0.0,1.0,0.0,0.0,0.0,0.0,66.0,66.0,2
0.0,0.0,521622.3241706161,0.0,0.0,0.0,0.0,0.0,0.0,0.0,0.0,0.0,0.0,0.0,64.0,0.0,1514.0,0.013004,1721542784.0,1183398.375711575,0.013004,0.0,0.0,0.0,0.0,62.0,0.0,0.0,0.0,1.0,-0.0,1.0,0.0,0.0,1.0,0.0,0.0,0.0,1.0,0.0,1.0,1.0,0.0,0.0,0.0,1514.0,1514.0,2
0.0,0.0,521622.3241706161,0.0,0.0,0.0464,0.0,0.0,0.0,0.0,0.0,0.0,0.0,0.0,64.0,0.0,66.0,0.002483,1721542784.0,1183398.375711575,0.048883,0.0,0.0,0.0,0.0,62.0,0.0,0.0,0.0,1.0,-0.0,1.0,0.0,0.0,0.0,0.0,0.0,0.0,0.0,0.0,1.0,0.0,0.0,0.0,0.0,66.0,66.0,2
2.43509,0.821325,127872.0,0.0,8.522814,0.0,0.0,6.0,0.0,0.0,35.294118,104903.664062,103228.320312,0.0,64.0,0.0,12112.0,0.013004,1721542784.0,31872.0,0.013004,0.0,1675.341675,0.821325,0.821325,62.0,0.0,3.0,0.0,8.0,-0.0,1.0,0.0,258.0,1.0,0.821325,0.821325,12.175448,1.0,0.0,11.0,6.0,0.0,86.0,0.0,12370.0,1514.0,2
2.188741,3.198185,153984.0,0.0,3.752128,0.0,0.0,8.0,0.0,0.0,27.586207,46821.558594,45445.777344,0.0,64.0,0.0,19682.0,0.013004,1721542784.0,31872.0,0.013004,0.0,1375.780396,3.198185,3.198185,62.0,0.0,8.0,0.0,13.0,-0.0,1.0,0.0,628.0,1.0,3.198185,3.198185,6.253547,1.0,0.0,21.0,8.0,0.0,78.5,0.0,20310.0,1514.0,2
0.255785,3.909527,153984.0,0.0,1.023142,0.0,0.0,0.0,0.0,0.0,0.0,12515.068359,12392.291992,0.0,64.0,0.0,7570.0,0.013004,1721542784.0,31872.0,0.013004,0.0,122.777,3.909527,3.909527,62.0,0.0,2.0,0.0,5.0,-0.0,1.0,0.0,120.0,1.0,3.909527,3.909527,1.534712,0.0,0.0,7.0,0.0,0.0,60.0,0.0,7690.0,1514.0,2
6.408572,0.780205,64000.0,0.0,6.408572,0.293586,0.0,0.0,0.0,0.0,0.0,25336.929688,18764.298828,0.0,64.0,0.0,2195.0,0.017404,1721542784.0,31872.0,0.31099,0.0,6572.631348,0.780205,0.780205,62.0,0.0,6.0,0.0,6.0,-0.0,0.0,0.0,769.0,0.0,0.780205,0.780205,14.098859,0.0,0.0,12.0,0.0,0.0,128.166672,0.0,2964.0,365.833344,2
0.664021,4.517928,64256.0,0.0,1.106702,0.162916,0.0,2.0,0.0,0.0,16.666667,2266.525635,1475.012451,0.0,64.0,0.0,999.0,0.038831,1721542784.0,31872.0,0.201747,0.0,791.513245,4.517928,4.517928,62.0,0.0,4.0,0.0,6.0,-0.0,0.0,0.0,595.0,0.0,4.517928,4.517928,1.992064,1.0,0.0,10.0,2.0,0.0,148.75,0.0,1594.0,166.5,2
48.956791,4.983987,1254912.0,0.0,161.517273,0.197047,0.0,34.0,0.0,0.0,3.133641,1977335.875,1949939.375,1.0,64.0,0.0,1216318.0,0.003478,1721542784.0,31872.0,0.200525,0.0,27396.541016,4.983987,4.983987,62.0,0.0,245.0,0.0,806.0,-0.0,0.0,0.0,17137.0,1.0,4.983987,4.983987,210.674713,1.0,0.0,1051.0,34.0,0.0,69.946938,0.0,1233455.0,1509.079346,2
22.407076,4.284361,1260800.0,0.0,150.780945,0.197047,0.0,32.0,0.0,0.0,4.123711,1834125.625,1821945.5,0.0,64.0,0.0,977244.0,0.003478,1721542784.0,31872.0,0.200525,0.0,12180.113281,4.284361,4.284361,62.0,0.0,97.0,0.0,647.0,-0.0,1.0,0.0,6590.0,1.0,4.284361,4.284361,173.421432,1.0,0.0,744.0,32.0,0.0,67.938141,0.0,983834.0,1510.423462,2
0.0,2.584318,521622.3241706161,0.0,0.386949,0.197047,0.0,0.0,0.0,0.0,0.0,4686.72998,4686.72998,0.0,64.0,0.0,3028.0,0.003478,1721542784.0,1183398.375711575,0.200525,0.0,0.0,2.584318,2.584318,62.0,0.0,0.0,0.0,2.0,-0.0,1.0,0.0,0.0,1.0,2.584318,2.584318,0.386949,1.0,0.0,2.0,2.0,0.0,0.0,0.0,3028.0,1514.0,2
16.432508,2.799329,312320.0,0.0,74.30352,0.213132,0.0,15.0,0.0,0.0,5.535055,898166.625,888095.6875,0.0,64.0,0.0,312253.0,0.020446,1721542784.0,31872.0,0.233578,0.0,10070.984375,2.799329,2.799329,62.0,0.0,47.0,0.0,209.0,-0.0,0.0,0.0,3600.0,1.0,2.799329,2.799329,91.093254,1.0,0.0,256.0,15.0,0.0,76.595741,0.0,315853.0,1494.033447,2
0.752064,1.329674,64256.0,0.0,0.752064,0.256774,0.0,1.0,0.0,0.0,20.0,866.377747,445.221924,0.0,64.0,0.0,148.0,0.034415,1721542784.0,4077568.0,0.291189,0.0,421.155853,1.329674,1.329674,62.0,0.0,2.0,0.0,2.0,-0.0,0.0,0.0,140.0,0.0,1.329674,1.329674,2.256192,1.0,0.0,4.0,1.0,0.0,70.0,0.0,288.0,74.0,2
27.382105,0.182601,1255936.0,0.0,43.811371,0.197047,0.0,8.0,0.0,0.0,34.782609,488146.28125,474258.0625,0.0,64.0,0.0,12178.0,0.003478,1721542784.0,31872.0,0.200525,0.0,13888.204102,0.182601,0.182601,62.0,0.0,6.0,0.0,9.0,-0.0,1.0,0.0,380.0,1.0,0.182601,0.182601,76.669899,1.0,0.0,15.0,8.0,0.0,63.333332,0.0,12558.0,1353.111084,2
11.0595,0.09042,8222720.0,0.0,0.0,0.0,0.0,0.0,0.0,0.0,0.0,5662.463867,0.0,0.0,64.0,0.0,74.0,0.021573,1721542784.0,4077568.0,0.021573,0.0,5662.463867,0.09042,0.09042,62.0,0.0,2.0,0.0,1.0,-0.0,0.0,0.0,128.0,0.0,0.09042,0.09042,22.118999,0.0,0.0,3.0,0.0,0.0,64.0,0.0,202.0,74.0,2
5.268815,0.189796,64256.0,0.0,0.0,0.256774,0.0,0.0,0.0,0.0,0.0,2781.934326,0.0,0.0,64.0,0.0,66.0,0.034415,1721542784.0,4077568.0,0.291189,0.0,2781.934326,0.189796,0.189796,62.0,0.0,2.0,0.0,1.0,-0.0,1.0,0.0,132.0,0.0,0.189796,0.189796,10.53763,0.0,0.0,3.0,0.0,0.0,66.0,0.0,198.0,66.0,2
2.601189,4.997714,62464.0,0.0,5.802653,0.230815,0.0,10.0,0.0,0.0,18.518519,63083.242188,60299.570312,1.0,64.0,0.0,38968.0,0.018662,1721542784.0,31872.0,0.249477,0.0,2783.672607,4.997714,4.997714,62.0,0.0,14.0,0.0,30.0,-0.0,0.0,0.0,1872.0,1.0,4.997714,4.997714,8.603933,1.0,0.0,44.0,10.0,0.0,133.714279,0.0,40840.0,1298.93335,2
0.0,0.024948,312320.0,0.0,0.0,0.213132,0.0,0.0,0.0,0.0,0.0,0.0,0.0,0.0,64.0,0.0,66.0,0.020446,1721542784.0,31872.0,0.233578,0.0,0.0,0.024948,0.024948,62.0,0.0,1.0,0.0,1.0,-0.0,1.0,0.0,66.0,1.0,0.024948,0.024948,40.08337,0.0,0.0,2.0,0.0,0.0,66.0,0.0,132.0,66.0,2
3.501363,4.569649,66176.0,0.0,8.315737,0.230815,0.0,5.0,0.0,0.0,8.196721,102701.976562,100720.203125,0.0,64.0,0.0,59046.0,0.018662,1721542784.0,31872.0,0.249477,0.0,1981.771362,4.569649,4.569649,62.0,1.0,17.0,0.0,39.0,-0.0,1.0,0.0,1202.0,1.0,4.569649,4.569649,12.035934,1.0,0.0,56.0,5.0,0.0,70.705879,0.0,60248.0,1514.0,2
1.350378,4.443201,66176.0,0.0,4.051133,0.230815,0.0,10.0,0.0,0.0,27.777778,49855.949219,49067.328125,0.0,64.0,0.0,28766.0,0.018662,1721542784.0,31872.0,0.249477,0.0,788.620605,4.443201,4.443201,62.0,1.0,7.0,0.0,19.0,-0.0,1.0,0.0,510.0,1.0,4.443201,4.443201,5.626574,1.0,0.0,26.0,10.0,0.0,72.85714,0.0,29276.0,1514.0,2
0.0,0.006049,312320.0,0.0,0.0,0.213132,0.0,0.0,0.0,0.0,0.0,0.0,0.0,0.0,64.0,0.0,66.0,0.020446,1721542784.0,31872.0,0.233578,0.0,0.0,0.006049,0.006049,62.0,0.0,1.0,0.0,1.0,-0.0,1.0,0.0,66.0,1.0,0.006049,0.006049,165.316574,0.0,0.0,2.0,0.0,0.0,66.0,0.0,132.0,66.0,2
0.0,4.225436,521622.3241706161,0.0,0.473324,0.230815,0.0,0.0,0.0,0.0,0.0,5732.899414,5732.899414,0.0,64.0,0.0,4542.0,0.018662,1721542784.0,1183398.375711575,0.249477,0.0,0.0,4.225436,4.225436,62.0,0.0,0.0,0.0,3.0,-0.0,1.0,0.0,0.0,1.0,4.225436,4.225436,0.473324,1.0,0.0,3.0,3.0,0.0,0.0,0.0,4542.0,1514.0,2
0.0,0.0,521622.3241706161,0.0,0.0,0.230815,0.0,0.0,0.0,0.0,0.0,0.0,0.0,0.0,64.0,0.0,1514.0,0.018662,1721542784.0,1183398.375711575,0.249477,0.0,0.0,0.0,0.0,62.0,0.0,0.0,0.0,1.0,-0.0,1.0,0.0,0.0,1.0,0.0,0.0,0.0,1.0,0.0,1.0,1.0,0.0,0.0,0.0,1514.0,1514.0,2
0.486858,4.107978,67200.0,0.0,1.704001,0.230815,0.0,4.0,0.0,0.0,26.666667,18459.691406,18171.470703,0.0,64.0,0.0,10664.0,0.018662,1721542784.0,31872.0,0.249477,0.0,288.219666,4.107978,4.107978,62.0,1.0,3.0,0.0,8.0,-0.0,1.0,0.0,222.0,1.0,4.107978,4.107978,2.434288,1.0,0.0,11.0,4.0,0.0,74.0,0.0,10886.0,1333.0,2
34.14946,4.860985,504320.0,0.0,140.300781,0.230815,0.0,17.0,0.0,0.0,1.960784,1716029.25,1697703.75,0.0,64.0,0.0,1033076.0,0.018662,1721542784.0,31872.0,0.249477,0.0,18325.503906,4.860985,4.860985,62.0,0.0,167.0,0.0,683.0,-0.0,1.0,0.0,11202.0,1.0,4.860985,4.860985,174.65596,1.0,0.0,850.0,17.0,0.0,67.077843,0.0,1044278.0,1512.556396,2
0.0,0.002491,504320.0,0.0,0.0,0.230815,0.0,0.0,0.0,0.0,0.0,0.0,0.0,0.0,64.0,0.0,66.0,0.018662,1721542784.0,31872.0,0.249477,0.0,0.0,0.002491,0.002491,62.0,0.0,1.0,0.0,1.0,-0.0,1.0,0.0,66.0,1.0,0.002491,0.002491,401.44519,0.0,0.0,2.0,0.0,0.0,66.0,0.0,132.0,66.0,2
9.618213,4.886563,544640.0,0.0,72.852844,0.195542,0.0,20.0,0.0,0.0,4.705882,879554.8125,873589.125,1.0,64.0,0.0,535104.0,0.004483,1721542784.0,31872.0,0.200025,0.0,5965.747559,4.886563,4.886563,62.0,0.0,48.0,0.0,357.0,-0.0,0.0,0.0,3721.0,1.0,4.886563,4.886563,82.675697,1.0,0.0,405.0,20.0,0.0,77.520836,0.0,538825.0,1498.890747,2
35.795155,4.944803,889344.0,0.0,219.017822,0.195542,0.0,27.0,0.0,0.0,2.094647,2672358.75,2652743.75,0.0,64.0,0.0,1641176.0,0.004483,1721542784.0,31872.0,0.200025,0.0,19614.935547,4.944803,4.944803,62.0,1.0,178.0,0.0,1084.0,-0.0,1.0,0.0,12192.0,1.0,4.944803,4.944803,255.015198,1.0,0.0,1262.0,27.0,0.0,68.494385,0.0,1653368.0,1514.0,2
4.150066,0.24096,64256.0,0.0,0.0,0.20397,0.0,0.0,0.0,0.0,0.0,2324.037109,0.0,0.0,64.0,0.0,74.0,0.03699,1721542784.0,4077568.0,0.24096,0.0,2324.037109,0.24096,0.24096,62.0,0.0,2.0,0.0,1.0,-0.0,0.0,0.0,140.0,0.0,0.24096,0.24096,8.300133,0.0,0.0,3.0,0.0,0.0,70.0,0.0,214.0,74.0,2
10.006933,0.699515,889344.0,0.0,94.351089,0.195542,0.0,0.0,0.0,0.0,0.0,1118535.0,1113251.375,0.0,64.0,0.0,98816.0,0.004483,1721542784.0,31872.0,0.200025,0.0,5283.661133,0.699515,0.699515,62.0,0.0,8.0,0.0,67.0,-0.0,1.0,0.0,528.0,1.0,0.699515,0.699515,105.787582,0.0,0.0,75.0,0.0,0.0,66.0,0.0,99344.0,1474.865723,2
3.405264,0.293663,64256.0,0.0,0.0,0.20397,0.0,0.0,0.0,0.0,0.0,1797.97937,0.0,0.0,64.0,0.0,66.0,0.03699,1721542784.0,4077568.0,0.24096,0.0,1797.97937,0.293663,0.293663,62.0,0.0,2.0,0.0,1.0,-0.0,1.0,0.0,132.0,0.0,0.293663,0.293663,6.810528,0.0,0.0,3.0,0.0,0.0,66.0,0.0,198.0,66.0,2
0.840286,1.190071,64256.0,0.0,0.840286,0.178356,0.0,1.0,0.0,0.0,20.0,968.00946,497.44931,0.0,64.0,0.0,148.0,0.002259,1721542784.0,4077568.0,0.180615,0.0,470.56015,1.190071,1.190071,62.0,0.0,2.0,0.0,2.0,-0.0,0.0,0.0,140.0,0.0,1.190071,1.190071,2.520858,1.0,0.0,4.0,1.0,0.0,70.0,0.0,288.0,74.0,2
0.0,3.078846,8222720.0,0.0,0.649594,0.0,0.0,2.0,0.0,0.0,33.333333,384.559662,384.559662,0.0,64.0,0.0,222.0,0.002978,1721542784.0,4077568.0,0.002978,0.0,0.0,3.078846,3.078846,62.0,0.0,1.0,0.0,3.0,-0.0,0.0,0.0,74.0,0.0,3.078846,3.078846,0.974391,1.0,0.0,4.0,2.0,0.0,74.0,0.0,296.0,74.0,2
4.057108,0.246481,64256.0,0.0,4.057108,0.0,0.0,0.0,0.0,0.0,0.0,4284.305664,2142.152832,0.0,64.0,0.0,132.0,0.002978,1721542784.0,31872.0,0.002978,0.0,2142.152832,0.246481,0.246481,62.0,0.0,2.0,0.0,2.0,-0.0,1.0,0.0,132.0,0.0,0.246481,0.246481,12.171324,0.0,0.0,4.0,0.0,0.0,66.0,0.0,264.0,66.0,2
45.880825,4.489893,1914880.0,0.0,174.61441,0.178356,0.0,132.0,0.0,0.0,11.743772,2139586.0,2108795.0,0.0,64.0,0.0,1185042.0,0.002259,1721542784.0,31872.0,0.180615,0.0,30790.933594,4.489893,4.489893,62.0,0.0,207.0,0.0,785.0,-0.0,1.0,0.0,17364.0,1.0,4.489893,4.489893,220.717957,1.0,0.0,992.0,132.0,0.0,83.884056,0.0,1202406.0,1509.607666,2
0.262472,3.809929,1961216.0,0.0,0.262472,0.178356,0.0,1.0,0.0,0.0,20.0,1810.007568,1658.823608,0.0,64.0,0.0,1580.0,0.002259,1721542784.0,31872.0,0.180615,0.0,151.183929,3.809929,3.809929,62.0,0.0,2.0,0.0,2.0,-0.0,1.0,0.0,144.0,1.0,3.809929,3.809929,0.787416,1.0,0.0,4.0,1.0,0.0,72.0,0.0,1724.0,790.0,2
12.056261,1.824778,64128.0,0.0,39.456856,0.0,0.0,1.0,0.0,0.0,1.030928,468199.4375,460821.0,0.0,64.0,0.0,106571.0,0.002001,1721542784.0,31872.0,0.002001,0.0,7378.432129,1.824778,1.824778,62.0,0.0,23.0,0.0,73.0,-0.0,0.0,0.0,1759.0,1.0,1.824778,1.824778,52.061127,1.0,0.0,96.0,1.0,0.0,76.478264,0.0,108330.0,1459.876709,2
1.227727,4.072566,64128.0,1.0,1.964363,0.361529,1.0,4.0,0.0,0.0,21.052632,13153.37793,11833.325195,1.0,64.0,0.0,6777.0,0.003039,1721542784.0,31872.0,0.364568,0.0,1320.052246,4.072566,4.072566,62.0,0.0,6.0,0.0,9.0,-0.0,0.0,0.0,806.0,1.0,4.072566,4.072566,3.437636,0.0,0.0,15.0,3.0,0.0,134.333328,0.0,7583.0,753.0,2
0.926211,2.159335,64256.0,1.0,0.926211,0.159511,1.0,3.0,0.0,0.0,33.333333,1078.109741,548.316956,0.0,64.0,0.0,222.0,0.01541,1721542784.0,4077568.0,0.174921,0.0,529.792786,2.159335,2.159335,62.0,0.0,3.0,0.0,3.0,-0.0,0.0,0.0,214.0,0.0,2.159335,2.159335,2.315528,0.0,0.0,6.0,2.0,0.0,71.333336,0.0,436.0,74.0,2
1.94175,4.119994,62592.0,0.0,4.126219,0.361529,0.0,7.0,0.0,0.0,20.588235,51085.507812,49976.769531,0.0,64.0,0.0,27252.0,0.003039,1721542784.0,31872.0,0.364568,0.0,1108.73938,4.119994,4.119994,62.0,1.0,9.0,0.0,18.0,-0.0,1.0,0.0,642.0,1.0,4.119994,4.119994,6.310688,1.0,0.0,27.0,7.0,0.0,71.333336,0.0,27894.0,1514.0,2
0.779866,1.282272,64256.0,0.0,0.779866,0.159511,0.0,0.0,0.0,0.0,0.0,823.538208,411.769104,0.0,64.0,0.0,132.0,0.01541,1721542784.0,4077568.0,0.174921,0.0,411.769104,1.282272,1.282272,62.0,0.0,2.0,0.0,2.0,-0.0,1.0,0.0,132.0,0.0,1.282272,1.282272,2.339597,0.0,0.0,4.0,0.0,0.0,66.0,0.0,264.0,66.0,2
0.333266,3.000606,64128.0,0.0,1.66633,0.361529,0.0,2.0,0.0,0.0,20.0,20390.546875,20182.589844,0.0,64.0,0.0,9084.0,0.003039,1721542784.0,31872.0,0.364568,0.0,207.957993,3.000606,3.000606,62.0,0.0,2.0,0.0,6.0,-0.0,1.0,0.0,156.0,1.0,3.000606,3.000606,2.332862,1.0,0.0,8.0,2.0,0.0,78.0,0.0,9240.0,1514.0,2
1.101866,4.537758,63360.0,0.0,2.644478,0.361529,0.0,7.0,0.0,0.0,26.923077,32682.220703,32029.916016,0.0,64.0,0.0,19682.0,0.003039,1721542784.0,31872.0,0.364568,0.0,652.304504,4.537758,4.537758,62.0,0.0,6.0,0.0,13.0,-0.0,1.0,0.0,444.0,1.0,4.537758,4.537758,3.966717,1.0,0.0,19.0,7.0,0.0,74.0,0.0,20126.0,1514.0,2
0.0,3.609199,64128.0,0.0,0.27707,0.361529,0.0,1.0,0.0,0.0,25.0,1751.081055,1751.081055,0.0,64.0,0.0,1580.0,0.003039,1721542784.0,31872.0,0.364568,0.0,0.0,3.609199,3.609199,62.0,0.0,1.0,0.0,2.0,-0.0,1.0,0.0,66.0,1.0,3.609199,3.609199,0.55414,1.0,0.0,3.0,1.0,0.0,66.0,0.0,1646.0,790.0,2
0.603433,4.971551,64128.0,0.0,1.206867,0.361529,0.0,0.0,0.0,0.0,0.0,10971.224609,10623.646484,0.0,64.0,0.0,7702.0,0.003039,1721542784.0,31872.0,0.364568,0.0,347.577637,4.971551,4.971551,62.0,0.0,4.0,0.0,7.0,-0.0,1.0,0.0,288.0,1.0,4.971551,4.971551,2.011445,0.0,0.0,11.0,0.0,0.0,72.0,0.0,7990.0,1100.285767,2
1.070025,3.738231,62592.0,0.0,3.477581,0.361529,0.0,6.0,0.0,0.0,24.0,42728.230469,42120.457031,0.0,64.0,0.0,21196.0,0.003039,1721542784.0,31872.0,0.364568,0.0,607.774109,3.738231,3.738231,62.0,0.0,5.0,0.0,14.0,-0.0,1.0,0.0,354.0,1.0,3.738231,3.738231,4.815112,1.0,0.0,19.0,6.0,0.0,70.800003,0.0,21550.0,1514.0,2
13.659122,4.026613,124288.0,0.0,45.944317,0.361529,0.0,2.0,0.0,0.0,0.819672,559048.5,551812.625,0.0,64.0,0.0,279243.0,0.003039,1721542784.0,31872.0,0.364568,0.0,7235.857422,4.026613,4.026613,62.0,0.0,56.0,0.0,186.0,-0.0,1.0,0.0,3708.0,1.0,4.026613,4.026613,59.851788,1.0,0.0,242.0,2.0,0.0,66.214287,0.0,282951.0,1501.306396,2
10.384274,4.911273,217216.0,1.0,36.446762,0.137528,1.0,20.0,0.0,0.0,7.936508,436662.34375,430350.34375,1.0,64.0,0.0,265671.0,0.013054,1721542784.0,31872.0,0.150582,0.0,6312.009277,4.911273,4.911273,62.0,0.0,52.0,0.0,180.0,-0.0,0.0,0.0,3950.0,1.0,4.911273,4.911273,47.034649,0.0,0.0,232.0,19.0,0.0,75.96154,0.0,269621.0,1475.949951,2
1.582703,1.263661,64256.0,1.0,0.791351,0.273302,1.0,2.0,0.0,0.0,28.571429,1373.786133,468.480072,0.0,64.0,0.0,148.0,0.047001,1721542784.0,4077568.0,0.320303,0.0,905.306091,1.263661,1.263661,62.0,0.0,3.0,0.0,2.0,-0.0,0.0,0.0,214.0,0.0,1.263661,1.263661,3.165406,0.0,0.0,5.0,1.0,0.0,71.333336,0.0,362.0,74.0,2
0.761473,1.313244,64256.0,0.0,0.761473,0.273302,0.0,0.0,0.0,0.0,0.0,804.115601,402.0578,0.0,64.0,0.0,132.0,0.047001,1721542784.0,4077568.0,0.320303,0.0,402.0578,1.313244,1.313244,62.0,0.0,2.0,0.0,2.0,-0.0,1.0,0.0,132.0,0.0,1.313244,1.313244,2.284419,0.0,0.0,4.0,0.0,0.0,66.0,0.0,264.0,66.0,2
28.493801,1.789863,532864.0,0.0,67.602943,0.137528,0.0,70.0,0.0,0.0,28.688525,829189.75,810582.6875,0.0,64.0,0.0,182852.0,0.013054,1721542784.0,31872.0,0.150582,0.0,18607.011719,1.789863,1.789863,62.0,0.0,52.0,0.0,122.0,-0.0,1.0,0.0,4244.0,1.0,1.789863,1.789863,96.655441,1.0,0.0,174.0,70.0,0.0,81.615387,0.0,187096.0,1498.786865,2
5.000204,4.999796,232064.0,0.0,29.001184,0.185451,0.0,26.0,0.0,0.0,13.131313,348583.84375,344954.875,1.0,64.0,0.0,217074.0,0.000493,1721542784.0,31872.0,0.185944,0.0,3628.948242,4.999796,4.999796,62.0,0.0,26.0,0.0,146.0,-0.0,0.0,0.0,2358.0,1.0,4.999796,4.999796,34.201397,1.0,0.0,172.0,26.0,0.0,90.692307,0.0,219432.0,1486.808228,2
17.178083,3.667464,678144.0,0.0,35.719505,0.185451,0.0,8.0,0.0,0.0,3.921569,433810.40625,424223.375,0.0,64.0,0.0,195962.0,0.000493,1721542784.0,31872.0,0.185944,0.0,9587.005859,3.667464,3.667464,62.0,0.0,64.0,0.0,132.0,-0.0,1.0,0.0,4464.0,1.0,3.667464,3.667464,53.170258,1.0,0.0,196.0,8.0,0.0,69.75,0.0,200426.0,1484.560547,2
4.610313,0.216905,64256.0,0.0,0.0,0.164765,0.0,0.0,0.0,0.0,0.0,2581.775391,0.0,0.0,64.0,0.0,74.0,0.05214,1721542784.0,4077568.0,0.216905,0.0,2581.775391,0.216905,0.216905,62.0,0.0,2.0,0.0,1.0,-0.0,0.0,0.0,140.0,0.0,0.216905,0.216905,9.220627,0.0,0.0,3.0,0.0,0.0,70.0,0.0,214.0,74.0,2
0.0,0.445593,64256.0,0.0,24.686205,0.164765,0.0,0.0,0.0,0.0,0.0,257382.859375,257382.859375,0.0,64.0,1.0,15639.0,0.05214,1721542784.0,31872.0,0.216905,0.0,0.0,0.445593,0.445593,62.0,0.0,1.0,0.0,12.0,-0.0,1.0,0.0,448.0,0.0,0.445593,0.445593,26.930405,0.0,0.0,13.0,0.0,0.0,448.0,0.0,16087.0,1303.25,2
14.10339,3.545247,462976.0,0.0,60.926643,0.164765,0.0,5.0,0.0,0.0,1.831502,736404.5,728903.75,0.0,64.0,0.0,324513.0,0.05214,1721542784.0,31872.0,0.216905,0.0,7500.746582,3.545247,3.545247,62.0,0.0,51.0,0.0,217.0,-0.0,1.0,0.0,3390.0,1.0,3.545247,3.545247,75.312096,1.0,0.0,268.0,5.0,0.0,66.470589,0.0,327903.0,1495.45166,2
0.0,0.0,521622.3241706161,0.0,0.0,0.164765,0.0,0.0,0.0,0.0,0.0,0.0,0.0,0.0,64.0,0.0,1514.0,0.05214,1721542784.0,1183398.375711575,0.216905,0.0,0.0,0.0,0.0,62.0,0.0,0.0,0.0,1.0,-0.0,1.0,0.0,0.0,1.0,0.0,0.0,0.0,1.0,0.0,1.0,1.0,0.0,0.0,0.0,1514.0,1514.0,2
1.434244,2.788926,458880.0,0.0,5.378415,0.164765,0.0,15.0,0.0,0.0,41.666667,62145.789062,61250.820312,0.0,64.0,0.0,22776.0,0.05214,1721542784.0,31872.0,0.216905,0.0,894.968201,2.788926,2.788926,62.0,1.0,5.0,0.0,16.0,-0.0,1.0,0.0,390.0,1.0,2.788926,2.788926,7.17122,1.0,0.0,21.0,15.0,0.0,78.0,0.0,23166.0,1423.5,2
0.0,0.0,521622.3241706161,0.0,0.0,0.164765,0.0,0.0,0.0,0.0,0.0,0.0,0.0,0.0,64.0,0.0,1514.0,0.05214,1721542784.0,1183398.375711575,0.216905,0.0,0.0,0.0,0.0,62.0,0.0,0.0,0.0,1.0,-0.0,1.0,0.0,0.0,1.0,0.0,0.0,0.0,1.0,0.0,1.0,1.0,0.0,0.0,0.0,1514.0,1514.0,2
0.987974,4.048691,462976.0,0.0,0.987974,0.164765,0.0,1.0,0.0,0.0,9.090909,3428.268799,2811.773193,0.0,64.0,0.0,1778.0,0.05214,1721542784.0,31872.0,0.216905,0.0,616.495605,4.048691,4.048691,62.0,0.0,5.0,0.0,5.0,-0.0,1.0,0.0,390.0,1.0,4.048691,4.048691,2.222941,1.0,0.0,10.0,1.0,0.0,78.0,0.0,2168.0,355.600006,2
0.82978,1.205139,64256.0,0.0,0.82978,0.178186,0.0,1.0,0.0,0.0,20.0,955.906311,491.229614,0.0,64.0,0.0,148.0,0.007461,1721542784.0,4077568.0,0.185647,0.0,464.676666,1.205139,1.205139,62.0,0.0,2.0,0.0,2.0,-0.0,0.0,0.0,140.0,0.0,1.205139,1.205139,2.489339,1.0,0.0,4.0,1.0,0.0,70.0,0.0,288.0,74.0,2
0.0,2.412552,64256.0,0.0,4.559487,0.178186,0.0,0.0,0.0,0.0,0.0,47597.726562,47597.726562,0.0,64.0,1.0,15658.0,0.007461,1721542784.0,31872.0,0.185647,0.0,0.0,2.412552,2.412552,62.0,0.0,1.0,0.0,12.0,-0.0,1.0,0.0,467.0,0.0,2.412552,2.412552,4.973986,0.0,0.0,13.0,0.0,0.0,467.0,0.0,16125.0,1304.833374,2
93.058258,0.247157,50048.0,0.0,218.484619,0.178186,0.0,1.0,0.0,0.0,1.25,2636769.5,2592457.5,0.0,64.0,0.0,81576.0,0.007461,1721542784.0,31872.0,0.185647,0.0,44311.917969,0.247157,0.247157,62.0,0.0,24.0,0.0,55.0,-0.0,1.0,0.0,1428.0,1.0,0.247157,0.247157,315.588898,1.0,0.0,79.0,1.0,0.0,59.5,0.0,83004.0,1483.199951,2
84.143845,4.908262,2421504.0,0.0,229.816589,0.09488,0.0,103.0,0.0,0.0,6.257594,2821922.75,2774746.75,1.0,64.0,0.0,1703907.0,0.008804,1721542784.0,31872.0,0.103684,0.0,47175.96875,4.908262,4.908262,62.0,0.0,414.0,0.0,1129.0,-0.0,0.0,0.0,29014.0,1.0,4.908262,4.908262,314.164185,1.0,0.0,1543.0,103.0,0.0,70.082123,0.0,1732921.0,1509.217896,2
9.019667,4.76736,2789376.0,0.0,29.785875,0.09488,0.0,6.0,0.0,0.0,3.108808,365943.40625,360766.53125,0.0,64.0,0.0,216502.0,0.008804,1721542784.0,31872.0,0.103684,0.0,5176.869141,4.76736,4.76736,62.0,1.0,44.0,0.0,143.0,-0.0,1.0,0.0,3156.0,1.0,4.76736,4.76736,39.015301,1.0,0.0,187.0,6.0,0.0,71.727272,0.0,219658.0,1514.0,2
0.0,0.029486,2853120.0,0.0,1085.260742,0.09488,0.0,2.0,0.0,0.0,5.555556,13144679.0,13144679.0,0.0,64.0,0.0,49962.0,0.008804,1721542784.0,31872.0,0.103684,0.0,0.0,0.029486,0.029486,62.0,1.0,1.0,0.0,33.0,-0.0,1.0,0.0,86.0,1.0,0.029486,0.029486,1119.175171,1.0,0.0,34.0,2.0,0.0,86.0,0.0,50048.0,1514.0,2
0.0,0.0,521622.3241706161,0.0,0.0,0.09488,0.0,0.0,0.0,0.0,0.0,0.0,0.0,0.0,64.0,0.0,1514.0,0.008804,1721542784.0,1183398.375711575,0.103684,0.0,0.0,0.0,0.0,62.0,0.0,0.0,0.0,1.0,-0.0,1.0,0.0,0.0,1.0,0.0,0.0,0.0,1.0,0.0,1.0,1.0,0.0,0.0,0.0,1514.0,1514.0,2
0.0,0.021413,2945792.0,0.0,0.0,0.09488,0.0,0.0,0.0,0.0,0.0,0.0,0.0,0.0,64.0,0.0,66.0,0.008804,1721542784.0,31872.0,0.103684,0.0,0.0,0.021413,0.021413,62.0,0.0,1.0,0.0,1.0,-0.0,1.0,0.0,78.0,1.0,0.021413,0.021413,46.700603,0.0,0.0,2.0,0.0,0.0,78.0,0.0,144.0,66.0,2
3.341218,3.292213,2980480.0,0.0,18.52857,0.09488,0.0,10.0,0.0,0.0,11.904762,226699.796875,224418.046875,0.0,64.0,0.0,93868.0,0.008804,1721542784.0,31872.0,0.103684,0.0,2281.747803,3.292213,3.292213,62.0,1.0,12.0,0.0,62.0,-0.0,1.0,0.0,1024.0,1.0,3.292213,3.292213,22.173534,1.0,0.0,74.0,10.0,0.0,85.333336,0.0,94892.0,1514.0,2
94.077751,0.946026,325632.0,0.0,192.383713,0.148241,0.0,0.0,0.0,0.0,0.0,2347022.0,2296791.0,0.0,64.0,0.0,273095.0,0.021898,1721542784.0,31872.0,0.170139,0.0,50231.175781,0.946026,0.946026,62.0,0.0,90.0,0.0,183.0,-0.0,0.0,0.0,6006.0,0.0,0.946026,0.946026,287.518524,0.0,0.0,273.0,0.0,0.0,66.73333,0.0,279101.0,1492.322388,2
4.953978,0.201858,64256.0,0.0,0.0,0.175986,0.0,0.0,0.0,0.0,0.0,2774.227539,0.0,0.0,64.0,0.0,74.0,0.025872,1721542784.0,4077568.0,0.201858,0.0,2774.227539,0.201858,0.201858,62.0,0.0,2.0,0.0,1.0,-0.0,0.0,0.0,140.0,0.0,0.201858,0.201858,9.907955,0.0,0.0,3.0,0.0,0.0,70.0,0.0,214.0,74.0,2
13.227863,0.075598,64256.0,0.0,0.0,0.175986,0.0,0.0,0.0,0.0,0.0,6984.311523,0.0,0.0,64.0,0.0,66.0,0.025872,1721542784.0,4077568.0,0.201858,0.0,6984.311523,0.075598,0.075598,62.0,0.0,2.0,0.0,1.0,-0.0,1.0,0.0,132.0,0.0,0.075598,0.075598,26.455727,0.0,0.0,3.0,0.0,0.0,66.0,0.0,198.0,66.0,2
0.0,0.0,521622.3241706161,0.0,0.0,0.09488,0.0,0.0,0.0,0.0,0.0,0.0,0.0,0.0,64.0,0.0,1514.0,0.008804,1721542784.0,1183398.375711575,0.103684,0.0,0.0,0.0,0.0,62.0,0.0,0.0,0.0,1.0,-0.0,1.0,0.0,0.0,1.0,0.0,0.0,0.0,1.0,0.0,1.0,1.0,0.0,0.0,0.0,1514.0,1514.0,2
30.831753,1.037891,69888.0,0.0,68.407951,0.092036,0.0,0.0,0.0,0.0,0.0,816555.875,798550.125,0.0,64.0,0.0,105060.0,0.000488,1721542784.0,31872.0,0.092524,0.0,18005.744141,1.037891,1.037891,62.0,0.0,33.0,0.0,72.0,-0.0,0.0,0.0,2408.0,0.0,1.037891,1.037891,100.203201,0.0,0.0,105.0,0.0,0.0,72.969696,0.0,107468.0,1459.166626,2
1.108463,2.70645,64256.0,0.0,7.020267,0.499194,0.0,2.0,0.0,0.0,7.692308,69478.46875,67965.046875,1.0,64.0,0.0,24203.0,0.07438,1721542784.0,31872.0,0.573574,0.0,1513.421631,2.70645,2.70645,62.0,0.0,4.0,0.0,20.0,-0.0,0.0,0.0,682.0,1.0,2.70645,2.70645,8.498218,1.0,0.0,24.0,2.0,0.0,170.5,0.0,24885.0,1210.150024,2
1.750627,0.571224,64256.0,0.0,0.0,0.456244,0.0,0.0,0.0,0.0,0.0,980.351013,0.0,0.0,64.0,0.0,74.0,0.11498,1721542784.0,4077568.0,0.571224,0.0,980.351013,0.571224,0.571224,62.0,0.0,2.0,0.0,1.0,-0.0,0.0,0.0,140.0,0.0,0.571224,0.571224,3.501254,0.0,0.0,3.0,0.0,0.0,70.0,0.0,214.0,74.0,2
1.365972,2.196239,57728.0,0.0,6.374534,0.499194,0.0,4.0,0.0,0.0,17.391304,74403.5625,73594.90625,0.0,64.0,0.0,21647.0,0.07438,1721542784.0,31872.0,0.573574,0.0,808.655151,2.196239,2.196239,62.0,1.0,4.0,0.0,15.0,-0.0,1.0,0.0,296.0,1.0,2.196239,2.196239,8.195829,1.0,0.0,19.0,4.0,0.0,74.0,0.0,21943.0,1443.133301,2
2.359637,0.423794,64256.0,0.0,0.0,0.456244,0.0,0.0,0.0,0.0,0.0,1245.888306,0.0,0.0,64.0,0.0,66.0,0.11498,1721542784.0,4077568.0,0.571224,0.0,1245.888306,0.423794,0.423794,62.0,0.0,2.0,0.0,1.0,-0.0,1.0,0.0,132.0,0.0,0.423794,0.423794,4.719274,0.0,0.0,3.0,0.0,0.0,66.0,0.0,198.0,66.0,2
5.033622,2.185305,84480.0,0.0,15.100866,0.499194,0.0,9.0,0.0,0.0,16.363636,185720.515625,182901.6875,0.0,64.0,0.0,51476.0,0.07438,1721542784.0,31872.0,0.573574,0.0,2818.828369,2.185305,2.185305,62.0,1.0,12.0,0.0,34.0,-0.0,1.0,0.0,840.0,1.0,2.185305,2.185305,20.592091,1.0,0.0,46.0,9.0,0.0,70.0,0.0,52316.0,1514.0,2
29.06003,4.783202,786688.0,0.0,189.830994,0.499194,0.0,1.0,0.0,0.0,0.095238,2314596.75,2299233.0,0.0,64.0,0.0,1376226.0,0.07438,1721542784.0,31872.0,0.573574,0.0,15363.766602,4.783202,4.783202,62.0,1.0,140.0,0.0,909.0,-0.0,1.0,0.0,9252.0,1.0,4.783202,4.783202,219.100082,1.0,0.0,1049.0,1.0,0.0,66.085716,0.0,1385478.0,1514.0,2
29.950455,1.903143,657024.0,0.0,279.537567,0.499194,0.0,35.0,0.0,0.0,5.591054,3392178.0,3374758.5,0.0,64.0,0.0,804340.0,0.07438,1721542784.0,31872.0,0.573574,0.0,17419.605469,1.903143,1.903143,62.0,0.0,58.0,0.0,533.0,-0.0,1.0,0.0,4216.0,1.0,1.903143,1.903143,310.013489,1.0,0.0,591.0,35.0,0.0,72.689651,0.0,808556.0,1509.080688,2
1.762124,3.404981,64256.0,0.0,9.691685,0.243229,0.0,0.0,0.0,0.0,0.0,109989.453125,108342.460938,0.0,64.0,0.0,47510.0,0.002979,1721542784.0,31872.0,0.246208,0.0,1646.998901,3.404981,3.404981,62.0,0.0,7.0,0.0,34.0,-0.0,0.0,0.0,817.0,0.0,3.404981,3.404981,11.747497,0.0,0.0,41.0,0.0,0.0,116.714287,0.0,48327.0,1397.352905,2
0.0,0.0,2980480.0,0.0,0.0,0.09488,0.0,1.0,0.0,0.0,33.333333,0.0,0.0,0.0,64.0,0.0,1514.0,0.008804,1721542784.0,31872.0,0.103684,0.0,0.0,0.0,0.0,62.0,0.0,1.0,0.0,1.0,-0.0,1.0,0.0,54.0,1.0,0.0,0.0,0.0,1.0,0.0,2.0,1.0,0.0,54.0,0.0,1568.0,1514.0,2
6.191444,0.807566,64000.0,0.0,6.191444,0.293295,0.0,0.0,0.0,0.0,0.0,24478.494141,18128.548828,0.0,64.0,0.0,2195.0,0.018064,1721542784.0,31872.0,0.311359,0.0,6349.945312,0.807566,0.807566,62.0,0.0,6.0,0.0,6.0,-0.0,0.0,0.0,769.0,0.0,0.807566,0.807566,13.621178,0.0,0.0,12.0,0.0,0.0,128.166672,0.0,2964.0,365.833344,2
4.216965,1.185687,64128.0,0.0,3.373572,0.210912,0.0,0.0,0.0,0.0,0.0,8008.859375,3920.090332,0.0,64.0,0.0,726.0,0.037405,1721542784.0,31872.0,0.248317,0.0,4088.769043,1.185687,1.185687,62.0,0.0,6.0,0.0,5.0,-0.0,0.0,0.0,727.0,0.0,1.185687,1.185687,8.433929,0.0,0.0,11.0,0.0,0.0,121.166664,0.0,1453.0,145.199997,2
56.117085,4.971748,1018880.0,0.0,158.897842,0.163595,0.0,37.0,0.0,0.0,3.33935,1949976.625,1918198.625,1.0,64.0,0.0,1193608.0,0.024405,1721542784.0,31872.0,0.188,0.0,31777.958984,4.971748,4.971748,62.0,0.0,280.0,0.0,791.0,-0.0,0.0,0.0,19819.0,1.0,4.971748,4.971748,215.216064,1.0,0.0,1071.0,37.0,0.0,70.782143,0.0,1213427.0,1508.986084,2
10.84507,4.057143,1398016.0,0.0,39.683094,0.163595,0.0,5.0,0.0,0.0,2.358491,486415.15625,480641.65625,0.0,64.0,0.0,245268.0,0.024405,1721542784.0,31872.0,0.188,0.0,5773.520508,4.057143,4.057143,62.0,1.0,45.0,0.0,162.0,-0.0,1.0,0.0,2994.0,1.0,4.057143,4.057143,50.774643,1.0,0.0,207.0,5.0,0.0,66.533333,0.0,248262.0,1514.0,2
33.665413,3.029816,2208896.0,0.0,115.188515,0.163595,0.0,38.0,0.0,0.0,7.739308,1414195.5,1395163.25,0.0,64.0,0.0,529900.0,0.024405,1721542784.0,31872.0,0.188,0.0,19032.179688,3.029816,3.029816,62.0,1.0,103.0,0.0,350.0,-0.0,1.0,0.0,7278.0,1.0,3.029816,3.029816,149.183975,1.0,0.0,453.0,38.0,0.0,70.660194,0.0,537178.0,1514.0,2
42.440365,2.144185,2869120.0,0.0,97.472931,0.163595,0.0,52.0,0.0,0.0,14.689266,1194688.0,1170921.375,0.0,64.0,0.0,315335.0,0.024405,1721542784.0,31872.0,0.188,0.0,23766.605469,2.144185,2.144185,62.0,0.0,92.0,0.0,210.0,-0.0,1.0,0.0,6440.0,1.0,2.144185,2.144185,140.379669,1.0,0.0,302.0,52.0,0.0,70.0,0.0,321775.0,1501.595215,2
14.783982,4.193728,179328.0,0.0,61.043541,0.376773,0.0,82.0,0.0,0.0,20.39801,740721.375,731431.3125,0.0,64.0,0.0,384925.0,0.04277,1721542784.0,31872.0,0.419543,0.0,9290.063477,4.193728,4.193728,62.0,0.0,63.0,0.0,257.0,-0.0,0.0,0.0,4948.0,1.0,4.193728,4.193728,76.065971,1.0,0.0,320.0,82.0,0.0,78.53968,0.0,389873.0,1497.762695,2
3.51205,0.284734,64256.0,0.0,0.0,0.256804,0.0,0.0,0.0,0.0,0.0,1966.747803,0.0,0.0,64.0,0.0,74.0,0.02793,1721542784.0,4077568.0,0.284734,0.0,1966.747803,0.284734,0.284734,62.0,0.0,2.0,0.0,1.0,-0.0,0.0,0.0,140.0,0.0,0.284734,0.284734,7.024099,0.0,0.0,3.0,0.0,0.0,70.0,0.0,214.0,74.0,2
0.0,0.077162,264448.0,0.0,0.0,0.376773,0.0,0.0,0.0,0.0,0.0,0.0,0.0,0.0,64.0,0.0,66.0,0.04277,1721542784.0,31872.0,0.419543,0.0,0.0,0.077162,0.077162,62.0,0.0,1.0,0.0,1.0,-0.0,1.0,0.0,66.0,1.0,0.077162,0.077162,12.959747,0.0,0.0,2.0,0.0,0.0,66.0,0.0,132.0,66.0,2
0.0,0.031837,264448.0,0.0,0.0,0.376773,0.0,0.0,0.0,0.0,0.0,0.0,0.0,0.0,64.0,0.0,66.0,0.04277,1721542784.0,31872.0,0.419543,0.0,0.0,0.031837,0.031837,62.0,0.0,1.0,0.0,1.0,-0.0,1.0,0.0,66.0,1.0,0.031837,0.031837,31.409994,0.0,0.0,2.0,0.0,0.0,66.0,0.0,132.0,66.0,2
3.366845,0.297014,64256.0,0.0,0.0,0.256804,0.0,0.0,0.0,0.0,0.0,1777.69397,0.0,0.0,64.0,0.0,66.0,0.02793,1721542784.0,4077568.0,0.284734,0.0,1777.69397,0.297014,0.297014,62.0,0.0,2.0,0.0,1.0,-0.0,1.0,0.0,132.0,0.0,0.297014,0.297014,6.733689,0.0,0.0,3.0,0.0,0.0,66.0,0.0,198.0,66.0,2
62.543213,3.213778,661760.0,0.0,234.925995,0.125191,0.0,25.0,0.0,0.0,2.543235,2866291.25,2830774.25,0.0,64.0,0.0,1138691.0,0.027853,1721542784.0,31872.0,0.153044,0.0,35517.078125,3.213778,3.213778,62.0,0.0,202.0,0.0,756.0,-0.0,0.0,0.0,14338.0,1.0,3.213778,3.213778,297.780365,1.0,0.0,958.0,25.0,0.0,70.980202,0.0,1153029.0,1506.205078,2
6.473455,0.154477,64256.0,0.0,0.0,0.128969,0.0,0.0,0.0,0.0,0.0,3625.13501,0.0,0.0,64.0,0.0,74.0,0.025508,1721542784.0,4077568.0,0.154477,0.0,3625.13501,0.154477,0.154477,62.0,0.0,2.0,0.0,1.0,-0.0,0.0,0.0,140.0,0.0,0.154477,0.154477,12.946911,0.0,0.0,3.0,0.0,0.0,70.0,0.0,214.0,74.0,2
3.088574,0.323774,64256.0,0.0,0.0,0.128969,0.0,0.0,0.0,0.0,0.0,1630.76709,0.0,0.0,64.0,0.0,66.0,0.025508,1721542784.0,4077568.0,0.154477,0.0,1630.76709,0.323774,0.323774,62.0,0.0,2.0,0.0,1.0,-0.0,1.0,0.0,132.0,0.0,0.323774,0.323774,6.177148,0.0,0.0,3.0,0.0,0.0,66.0,0.0,198.0,66.0,2
68.570946,4.156279,1734784.0,0.0,173.472473,0.06195,0.0,16.0,0.0,0.0,1.5625,2131541.25,2093514.875,1.0,64.0,0.0,1089162.0,0.000993,1721542784.0,31872.0,0.062943,0.0,38026.320312,4.156279,4.156279,62.0,0.0,286.0,0.0,722.0,-0.0,0.0,0.0,19825.0,1.0,4.156279,4.156279,242.284012,1.0,0.0,1008.0,16.0,0.0,69.318184,0.0,1108987.0,1508.534668,2
17.840023,3.811654,2031104.0,0.0,119.633102,0.06195,0.0,6.0,0.0,0.0,1.12782,1458482.875,1448996.125,0.0,64.0,0.0,691898.0,0.000993,1721542784.0,31872.0,0.062943,0.0,9486.695312,3.811654,3.811654,62.0,1.0,69.0,0.0,457.0,-0.0,1.0,0.0,4586.0,1.0,3.811654,3.811654,137.735474,1.0,0.0,526.0,6.0,0.0,66.463768,0.0,696484.0,1514.0,2
0.0,2.756917,521622.3241706161,0.0,0.362724,0.06195,0.0,0.0,0.0,0.0,0.0,4393.313477,4393.313477,0.0,64.0,0.0,3028.0,0.000993,1721542784.0,1183398.375711575,0.062943,0.0,0.0,2.756917,2.756917,62.0,0.0,0.0,0.0,2.0,-0.0,1.0,0.0,0.0,1.0,2.756917,2.756917,0.362724,1.0,0.0,2.0,2.0,0.0,0.0,0.0,3028.0,1514.0,2
51.569653,0.853215,2030080.0,0.0,369.191833,0.06195,0.0,11.0,0.0,0.0,2.956989,4463232.0,4433612.0,0.0,64.0,0.0,474354.0,0.000993,1721542784.0,31872.0,0.062943,0.0,29619.732422,0.853215,0.853215,62.0,0.0,45.0,0.0,316.0,-0.0,1.0,0.0,3230.0,1.0,0.853215,0.853215,421.933533,1.0,0.0,361.0,11.0,0.0,71.777779,0.0,477584.0,1501.120239,2
24.228729,4.911525,784768.0,0.0,109.334679,0.168861,0.0,53.0,0.0,0.0,7.45429,1331980.625,1317839.25,1.0,64.0,0.0,810581.0,0.001523,1721542784.0,31872.0,0.170384,0.0,14141.433594,4.911525,4.911525,62.0,0.0,120.0,0.0,538.0,-0.0,0.0,0.0,8754.0,1.0,4.911525,4.911525,133.767014,1.0,0.0,658.0,53.0,0.0,72.949997,0.0,819335.0,1506.656128,2
0.728794,1.37213,64256.0,0.0,0.728794,0.292243,0.0,1.0,0.0,0.0,20.0,839.570557,431.445984,0.0,64.0,0.0,148.0,0.017449,1721542784.0,4077568.0,0.309692,0.0,408.124573,1.37213,1.37213,62.0,0.0,2.0,0.0,2.0,-0.0,0.0,0.0,140.0,0.0,1.37213,1.37213,2.186382,1.0,0.0,4.0,1.0,0.0,70.0,0.0,288.0,74.0,2
0.847976,3.537835,807296.0,0.0,16.959526,0.168861,0.0,2.0,0.0,0.0,2.985075,205861.5,205413.765625,0.0,64.0,0.0,92354.0,0.001523,1721542784.0,31872.0,0.170384,0.0,447.731476,3.537835,3.537835,62.0,1.0,4.0,0.0,61.0,-0.0,1.0,0.0,264.0,1.0,3.537835,3.537835,18.09016,1.0,0.0,65.0,2.0,0.0,66.0,0.0,92618.0,1514.0,2
4.529335,0.220783,64256.0,0.0,4.529335,0.292243,0.0,0.0,0.0,0.0,0.0,4782.977051,2391.488525,0.0,64.0,0.0,132.0,0.017449,1721542784.0,31872.0,0.309692,0.0,2391.488525,0.220783,0.220783,62.0,0.0,2.0,0.0,2.0,-0.0,1.0,0.0,132.0,0.0,0.220783,0.220783,13.588003,0.0,0.0,4.0,0.0,0.0,66.0,0.0,264.0,66.0,2
8.831239,2.604391,807296.0,0.0,76.025452,0.168861,0.0,8.0,0.0,0.0,3.463203,918513.375,913531.0,0.0,64.0,0.0,298901.0,0.001523,1721542784.0,31872.0,0.170384,0.0,4982.354492,2.604391,2.604391,62.0,0.0,24.0,0.0,199.0,-0.0,1.0,0.0,1692.0,1.0,2.604391,2.604391,85.240654,1.0,0.0,223.0,8.0,0.0,70.5,0.0,300593.0,1502.015015,2
95.125084,0.620236,191616.0,0.0,180.576431,0.073813,0.0,0.0,0.0,0.0,0.0,2188393.0,2136632.0,0.0,64.0,0.0,167131.0,0.00149,1721542784.0,31872.0,0.075303,0.0,51760.945312,0.620236,0.620236,62.0,0.0,60.0,0.0,113.0,-0.0,0.0,0.0,4081.0,0.0,0.620236,0.620236,277.313812,0.0,0.0,173.0,0.0,0.0,68.01667,0.0,171212.0,1479.0354,2
1.627111,3.687517,57728.0,0.0,8.135556,0.194749,0.0,2.0,0.0,0.0,5.0,91792.9375,90207.046875,1.0,64.0,0.0,42965.0,0.008985,1721542784.0,31872.0,0.203734,0.0,1585.890991,3.687517,3.687517,62.0,0.0,7.0,0.0,31.0,-0.0,0.0,0.0,852.0,0.0,3.687517,3.687517,10.033853,1.0,0.0,38.0,2.0,0.0,121.714287,0.0,43817.0,1385.967773,2
0.0,0.0,521622.3241706161,0.0,0.0,0.194749,0.0,0.0,0.0,0.0,0.0,0.0,0.0,0.0,64.0,0.0,1514.0,0.008985,1721542784.0,1183398.375711575,0.203734,0.0,0.0,0.0,0.0,62.0,0.0,0.0,0.0,1.0,-0.0,1.0,0.0,0.0,0.0,0.0,0.0,0.0,1.0,0.0,1.0,1.0,0.0,0.0,0.0,1514.0,1514.0,2
0.0,1.833273,67072.0,0.0,0.545473,0.194749,0.0,0.0,0.0,0.0,0.0,3447.385986,3447.385986,0.0,64.0,0.0,1580.0,0.008985,1721542784.0,31872.0,0.203734,0.0,0.0,1.833273,1.833273,62.0,0.0,1.0,0.0,2.0,-0.0,1.0,0.0,66.0,0.0,1.833273,1.833273,1.090945,0.0,0.0,3.0,0.0,0.0,66.0,0.0,1646.0,790.0,2
0.0,0.001971,67072.0,0.0,0.0,0.194749,0.0,0.0,0.0,0.0,0.0,0.0,0.0,0.0,64.0,0.0,66.0,0.008985,1721542784.0,31872.0,0.203734,0.0,0.0,0.001971,0.001971,62.0,0.0,1.0,0.0,1.0,-0.0,1.0,0.0,66.0,0.0,0.001971,0.001971,507.356659,0.0,0.0,2.0,0.0,0.0,66.0,0.0,132.0,66.0,2
91.077507,0.999149,519680.0,0.0,207.1763,0.194749,0.0,44.0,0.0,0.0,12.790698,2545414.0,2490511.25,0.0,64.0,0.0,312551.0,0.008985,1721542784.0,31872.0,0.203734,0.0,54902.722656,0.999149,0.999149,62.0,0.0,92.0,0.0,208.0,-0.0,1.0,0.0,6932.0,1.0,0.999149,0.999149,299.254669,1.0,0.0,300.0,44.0,0.0,75.347824,0.0,319483.0,1502.649048,2
0.0,3.09125,8222720.0,0.0,0.646987,0.0,0.0,2.0,0.0,0.0,33.333333,383.016571,383.016571,0.0,64.0,0.0,222.0,0.024874,1721542784.0,4077568.0,0.024874,0.0,0.0,3.09125,3.09125,62.0,0.0,1.0,0.0,3.0,-0.0,0.0,0.0,74.0,0.0,3.09125,3.09125,0.970481,1.0,0.0,4.0,2.0,0.0,74.0,0.0,296.0,74.0,2
0.0,0.0,521622.3241706161,0.0,0.0,0.0,0.0,0.0,0.0,0.0,0.0,0.0,0.0,0.0,64.0,0.0,74.0,0.024874,1721542784.0,1183398.375711575,0.024874,0.0,0.0,0.0,0.0,62.0,0.0,0.0,0.0,1.0,-0.0,1.0,0.0,0.0,0.0,0.0,0.0,0.0,1.0,0.0,1.0,1.0,0.0,0.0,0.0,74.0,74.0,2
0.0,0.0,521622.3241706161,0.0,0.0,0.0,0.0,0.0,0.0,0.0,0.0,0.0,0.0,0.0,64.0,0.0,74.0,0.024874,1721542784.0,1183398.375711575,0.024874,0.0,0.0,0.0,0.0,62.0,0.0,0.0,0.0,1.0,-0.0,1.0,0.0,0.0,0.0,0.0,0.0,0.0,1.0,0.0,1.0,1.0,0.0,0.0,0.0,74.0,74.0,2
97.117165,0.844341,395520.0,0.0,249.899033,0.0,0.0,0.0,0.0,1.0,0.0,3040288.25,2985429.0,0.0,64.0,0.0,316583.0,0.024874,1721542784.0,31872.0,0.024874,0.0,54859.351562,0.844341,0.844341,62.0,0.0,83.0,0.0,212.0,-0.0,1.0,0.0,5860.0,0.0,0.844341,0.844341,348.200562,0.0,0.0,295.0,0.0,0.0,70.602409,0.0,322443.0,1493.31604,2
28.988472,1.897306,382720.0,0.0,129.130463,0.135854,0.0,0.0,0.0,0.0,0.0,1553082.125,1536157.125,0.0,64.0,0.0,365807.0,0.002476,1721542784.0,31872.0,0.13833,0.0,16925.050781,1.897306,1.897306,62.0,0.0,56.0,0.0,246.0,-0.0,0.0,0.0,4086.0,0.0,1.897306,1.897306,158.645996,0.0,0.0,302.0,0.0,0.0,72.964287,0.0,369893.0,1487.020386,2
2.364227,4.652683,57088.0,0.0,16.549591,0.168711,0.0,4.0,0.0,0.0,4.255319,192752.453125,190888.578125,1.0,64.0,0.0,112459.0,0.00101,1721542784.0,31872.0,0.169721,0.0,1863.87085,4.652683,4.652683,62.0,0.0,12.0,0.0,78.0,-0.0,0.0,0.0,1182.0,0.0,4.652683,4.652683,19.128748,1.0,0.0,90.0,4.0,0.0,98.5,0.0,113641.0,1441.782104,2
0.0,0.0,521622.3241706161,0.0,0.0,0.168711,0.0,0.0,0.0,0.0,0.0,0.0,0.0,0.0,64.0,0.0,1514.0,0.00101,1721542784.0,1183398.375711575,0.169721,0.0,0.0,0.0,0.0,62.0,0.0,0.0,0.0,1.0,-0.0,1.0,0.0,0.0,0.0,0.0,0.0,0.0,1.0,0.0,1.0,1.0,0.0,0.0,0.0,1514.0,1514.0,2
0.0,0.0,521622.3241706161,0.0,0.0,0.168711,0.0,0.0,0.0,0.0,0.0,0.0,0.0,0.0,64.0,0.0,1514.0,0.00101,1721542784.0,1183398.375711575,0.169721,0.0,0.0,0.0,0.0,62.0,0.0,0.0,0.0,1.0,-0.0,1.0,0.0,0.0,0.0,0.0,0.0,0.0,1.0,0.0,1.0,1.0,0.0,0.0,0.0,1514.0,1514.0,2
0.0,0.017485,69888.0,0.0,0.0,0.168711,0.0,0.0,0.0,0.0,0.0,0.0,0.0,0.0,64.0,0.0,66.0,0.00101,1721542784.0,31872.0,0.169721,0.0,0.0,0.017485,0.017485,62.0,0.0,1.0,0.0,1.0,-0.0,1.0,0.0,66.0,0.0,0.017485,0.017485,57.191879,0.0,0.0,2.0,0.0,0.0,66.0,0.0,132.0,66.0,2
13.117965,4.345186,455168.0,0.0,40.964874,0.168711,0.0,23.0,0.0,0.0,8.846154,491884.09375,484348.40625,0.0,64.0,0.0,264550.0,0.00101,1721542784.0,31872.0,0.169721,0.0,7535.695312,4.345186,4.345186,62.0,0.0,58.0,0.0,179.0,-0.0,1.0,0.0,4164.0,1.0,4.345186,4.345186,54.312977,1.0,0.0,237.0,23.0,0.0,71.793106,0.0,268714.0,1477.932983,2
24.011969,1.207731,75776.0,0.0,59.615925,0.179719,0.0,0.0,0.0,0.0,0.0,701335.0,686801.9375,0.0,64.0,0.0,105124.0,0.020397,1721542784.0,31872.0,0.200116,0.0,14533.037109,1.207731,1.207731,62.0,0.0,30.0,0.0,73.0,-0.0,0.0,0.0,2269.0,0.0,1.207731,1.207731,84.455894,0.0,0.0,103.0,0.0,0.0,75.633331,0.0,107393.0,1440.05481,2
4.041106,0.247457,64256.0,0.0,0.0,0.168631,0.0,0.0,0.0,0.0,0.0,2263.019531,0.0,0.0,64.0,0.0,74.0,0.078826,1721542784.0,4077568.0,0.247457,0.0,2263.019531,0.247457,0.247457,62.0,0.0,2.0,0.0,1.0,-0.0,0.0,0.0,140.0,0.0,0.247457,0.247457,8.082212,0.0,0.0,3.0,0.0,0.0,70.0,0.0,214.0,74.0,2
0.0,2.993629,64256.0,0.0,0.668085,0.168631,0.0,0.0,0.0,0.0,0.0,352.749115,352.749115,0.0,64.0,0.0,198.0,0.078826,1721542784.0,4077568.0,0.247457,0.0,0.0,2.993629,2.993629,62.0,0.0,1.0,0.0,3.0,-0.0,1.0,0.0,66.0,0.0,2.993629,2.993629,1.002128,0.0,0.0,4.0,0.0,0.0,66.0,0.0,264.0,66.0,2
78.768028,4.938552,1477120.0,0.0,300.897919,0.151245,0.0,42.0,0.0,0.0,2.18864,3681430.5,3637025.75,0.0,64.0,0.0,2246715.0,0.021402,1721542784.0,31872.0,0.172647,0.0,44404.917969,4.938552,4.938552,62.0,0.0,390.0,0.0,1487.0,-0.0,0.0,0.0,27482.0,1.0,4.938552,4.938552,379.868439,1.0,0.0,1877.0,42.0,0.0,70.466667,0.0,2274197.0,1510.904541,2
12.547838,0.079695,64256.0,0.0,0.0,0.073257,0.0,0.0,0.0,0.0,0.0,7026.789551,0.0,0.0,64.0,0.0,74.0,0.006438,1721542784.0,4077568.0,0.079695,0.0,7026.789551,0.079695,0.079695,62.0,0.0,2.0,0.0,1.0,-0.0,0.0,0.0,140.0,0.0,0.079695,0.079695,25.095676,0.0,0.0,3.0,0.0,0.0,70.0,0.0,214.0,74.0,2
0.0,0.0,64256.0,0.0,0.0,0.168631,0.0,0.0,0.0,0.0,0.0,0.0,0.0,0.0,64.0,0.0,66.0,0.078826,1721542784.0,4077568.0,0.247457,0.0,0.0,0.0,0.0,62.0,0.0,1.0,0.0,1.0,-0.0,1.0,0.0,66.0,0.0,0.0,0.0,0.0,0.0,0.0,2.0,0.0,0.0,66.0,0.0,132.0,66.0,2
118.441315,0.008443,1477120.0,0.0,0.0,0.151245,0.0,0.0,0.0,0.0,0.0,62537.015625,0.0,0.0,64.0,0.0,66.0,0.021402,1721542784.0,31872.0,0.172647,0.0,62537.015625,0.008443,0.008443,62.0,0.0,2.0,0.0,1.0,-0.0,1.0,0.0,132.0,1.0,0.008443,0.008443,236.882629,0.0,0.0,3.0,0.0,0.0,66.0,0.0,198.0,66.0,2
5.888137,0.169833,64256.0,0.0,0.0,0.073257,0.0,0.0,0.0,0.0,0.0,3108.936279,0.0,0.0,64.0,0.0,66.0,0.006438,1721542784.0,4077568.0,0.079695,0.0,3108.936279,0.169833,0.169833,62.0,0.0,2.0,0.0,1.0,-0.0,1.0,0.0,132.0,0.0,0.169833,0.169833,11.776274,0.0,0.0,3.0,0.0,0.0,66.0,0.0,198.0,66.0,2
8.320013,1.081729,63488.0,0.0,33.280052,0.0,0.0,1.0,0.0,0.0,2.083333,381463.375,374548.5,0.0,64.0,0.0,52051.0,0.007442,1721542784.0,31872.0,0.007442,0.0,6914.855469,1.081729,1.081729,62.0,0.0,10.0,0.0,37.0,-0.0,0.0,0.0,1038.0,0.0,1.081729,1.081729,42.524513,1.0,0.0,47.0,1.0,0.0,103.800003,0.0,53089.0,1406.783813,2
0.410014,4.877882,64256.0,0.0,2.255077,0.061298,0.0,0.0,0.0,0.0,0.0,22043.994141,21378.130859,1.0,64.0,0.0,14220.0,0.00149,1721542784.0,31872.0,0.062788,0.0,665.862793,4.877882,4.877882,62.0,0.0,3.0,0.0,12.0,-0.0,0.0,0.0,608.0,0.0,4.877882,4.877882,2.870098,0.0,0.0,15.0,0.0,0.0,202.666672,0.0,14828.0,1185.0,2
0.0,2.811682,521622.3241706161,0.0,0.355659,0.061298,0.0,0.0,0.0,0.0,0.0,2799.747559,2799.747559,0.0,64.0,0.0,1968.0,0.00149,1721542784.0,1183398.375711575,0.062788,0.0,0.0,2.811682,2.811682,62.0,0.0,0.0,0.0,2.0,-0.0,1.0,0.0,0.0,0.0,2.811682,2.811682,0.355659,1.0,1.0,2.0,1.0,0.0,0.0,0.0,1968.0,984.0,2
110.653816,0.325339,81536.0,0.0,202.865326,0.061298,0.0,1.0,0.0,0.0,0.952381,2483268.5,2431433.25,0.0,64.0,0.0,100378.0,0.00149,1721542784.0,31872.0,0.062788,0.0,51835.164062,0.325339,0.325339,62.0,0.0,37.0,0.0,67.0,-0.0,1.0,0.0,2166.0,1.0,0.325339,0.325339,316.592865,1.0,0.0,104.0,1.0,0.0,58.540539,0.0,102544.0,1498.179077,2
23.427237,3.927053,508416.0,0.0,152.277039,0.195714,0.0,64.0,0.0,0.0,8.465608,1850348.375,1836345.0,1.0,64.0,0.0,902935.0,0.004461,1721542784.0,31872.0,0.200175,0.0,14003.375977,3.927053,3.927053,62.0,0.0,93.0,0.0,599.0,-0.0,0.0,0.0,6948.0,1.0,3.927053,3.927053,175.958923,1.0,0.0,692.0,64.0,0.0,74.709679,0.0,909883.0,1507.404053,2
0.0,4.716289,521622.3241706161,0.0,0.212031,0.195714,0.0,0.0,0.0,0.0,0.0,2568.12085,2568.12085,0.0,64.0,0.0,3028.0,0.004461,1721542784.0,1183398.375711575,0.200175,0.0,0.0,4.716289,4.716289,62.0,0.0,0.0,0.0,2.0,-0.0,1.0,0.0,0.0,1.0,4.716289,4.716289,0.212031,1.0,0.0,2.0,2.0,0.0,0.0,0.0,3028.0,1514.0,2
4.597659,0.217502,64256.0,0.0,0.0,0.217013,0.0,0.0,0.0,0.0,0.0,2574.688965,0.0,0.0,64.0,0.0,74.0,0.000489,1721542784.0,4077568.0,0.217502,0.0,2574.688965,0.217502,0.217502,62.0,0.0,2.0,0.0,1.0,-0.0,0.0,0.0,140.0,0.0,0.217502,0.217502,9.195318,0.0,0.0,3.0,0.0,0.0,70.0,0.0,214.0,74.0,2
31.020714,4.996661,844928.0,0.0,144.49649,0.195714,0.0,104.0,0.0,0.0,10.579858,1767828.5,1747827.875,0.0,64.0,0.0,1093174.0,0.004461,1721542784.0,31872.0,0.200175,0.0,20000.554688,4.996661,4.996661,62.0,1.0,156.0,0.0,723.0,-0.0,1.0,0.0,12572.0,1.0,4.996661,4.996661,175.717331,1.0,0.0,879.0,104.0,0.0,80.589745,0.0,1105746.0,1511.997192,2
7.481781,0.133658,64256.0,0.0,0.0,0.217013,0.0,0.0,0.0,0.0,0.0,3950.380615,0.0,0.0,64.0,0.0,66.0,0.000489,1721542784.0,4077568.0,0.217502,0.0,3950.380615,0.133658,0.133658,62.0,0.0,2.0,0.0,1.0,-0.0,1.0,0.0,132.0,0.0,0.133658,0.133658,14.963563,0.0,0.0,3.0,0.0,0.0,66.0,0.0,198.0,66.0,2
40.856102,0.660856,846080.0,0.0,355.599396,0.195714,0.0,2.0,0.0,0.0,0.75188,4297977.0,4275424.5,0.0,64.0,0.0,354682.0,0.004461,1721542784.0,31872.0,0.200175,0.0,22552.568359,0.660856,0.660856,62.0,0.0,28.0,0.0,236.0,-0.0,1.0,0.0,1932.0,1.0,0.660856,0.660856,397.968689,1.0,0.0,264.0,2.0,0.0,69.0,0.0,356614.0,1502.889771,2
8.686663,0.575595,64128.0,0.0,6.94933,0.334775,0.0,0.0,0.0,0.0,0.0,17276.035156,6921.533203,0.0,64.0,0.0,622.0,0.016004,1721542784.0,31872.0,0.350779,0.0,10354.501953,0.575595,0.575595,62.0,0.0,6.0,0.0,5.0,-0.0,0.0,0.0,893.0,0.0,0.575595,0.575595,17.373325,0.0,0.0,11.0,0.0,0.0,148.833328,0.0,1515.0,124.400002,2
5.25188,0.190408,64256.0,0.0,0.0,0.17946,0.0,0.0,0.0,0.0,0.0,2941.052734,0.0,0.0,64.0,0.0,74.0,0.010948,1721542784.0,4077568.0,0.190408,0.0,2941.052734,0.190408,0.190408,62.0,0.0,2.0,0.0,1.0,-0.0,0.0,0.0,140.0,0.0,0.190408,0.190408,10.50376,0.0,0.0,3.0,0.0,0.0,70.0,0.0,214.0,74.0,2
5.862936,0.170563,64256.0,0.0,0.0,0.17946,0.0,0.0,0.0,0.0,0.0,3095.630371,0.0,0.0,64.0,0.0,66.0,0.010948,1721542784.0,4077568.0,0.190408,0.0,3095.630371,0.170563,0.170563,62.0,0.0,2.0,0.0,1.0,-0.0,1.0,0.0,132.0,0.0,0.170563,0.170563,11.725873,0.0,0.0,3.0,0.0,0.0,66.0,0.0,198.0,66.0,2
0.975879,3.074151,64128.0,0.0,1.626465,0.300071,0.0,2.0,0.0,0.0,16.666667,3599.04248,2094.887207,0.0,64.0,0.0,966.0,0.024929,1721542784.0,31872.0,0.325,0.0,1504.155151,3.074151,3.074151,62.0,0.0,4.0,0.0,6.0,-0.0,0.0,0.0,770.0,1.0,3.074151,3.074151,2.927638,1.0,0.0,10.0,2.0,0.0,192.5,0.0,1736.0,161.0,2
3.44219,1.162051,64128.0,0.0,4.302737,0.168297,0.0,0.0,0.0,0.0,0.0,8660.549805,4027.362061,0.0,64.0,0.0,702.0,0.001014,1721542784.0,31872.0,0.169311,0.0,4633.1875,1.162051,1.162051,62.0,0.0,5.0,0.0,6.0,-0.0,0.0,0.0,841.0,0.0,1.162051,1.162051,8.605474,0.0,0.0,11.0,0.0,0.0,168.199997,0.0,1543.0,117.0,2
4.319785,0.231493,64256.0,0.0,0.0,0.229467,0.0,0.0,0.0,0.0,0.0,2419.07959,0.0,0.0,64.0,0.0,74.0,0.002026,1721542784.0,4077568.0,0.231493,0.0,2419.07959,0.231493,0.231493,62.0,0.0,2.0,0.0,1.0,-0.0,0.0,0.0,140.0,0.0,0.231493,0.231493,8.63957,0.0,0.0,3.0,0.0,0.0,70.0,0.0,214.0,74.0,2
0.0,0.000994,64128.0,0.0,0.0,0.300071,0.0,0.0,0.0,0.0,0.0,0.0,0.0,0.0,64.0,0.0,66.0,0.024929,1721542784.0,31872.0,0.325,0.0,0.0,0.000994,0.000994,62.0,0.0,1.0,0.0,1.0,-0.0,1.0,0.0,66.0,1.0,0.000994,0.000994,1006.036194,0.0,0.0,2.0,0.0,0.0,66.0,0.0,132.0,66.0,2
21.355656,0.046826,64256.0,0.0,21.355656,0.229467,0.0,0.0,0.0,0.0,0.0,22551.574219,11275.787109,0.0,64.0,0.0,132.0,0.002026,1721542784.0,31872.0,0.231493,0.0,11275.787109,0.046826,0.046826,62.0,0.0,2.0,0.0,2.0,-0.0,1.0,0.0,132.0,0.0,0.046826,0.046826,64.066971,0.0,0.0,4.0,0.0,0.0,66.0,0.0,264.0,66.0,2
15.174507,0.2636,64128.0,0.0,15.174507,0.081334,0.0,0.0,0.0,0.0,0.0,36115.328125,15599.393555,0.0,64.0,0.0,642.0,0.009487,1721542784.0,31872.0,0.090821,0.0,20515.933594,0.2636,0.2636,62.0,0.0,5.0,0.0,5.0,-0.0,0.0,0.0,845.0,0.0,0.2636,0.2636,34.142643,0.0,0.0,10.0,0.0,0.0,169.0,0.0,1487.0,128.399994,2
1.096597,3.647649,64128.0,0.0,1.644895,0.194622,0.0,2.0,0.0,0.0,14.285714,2954.231689,1476.019165,0.0,64.0,0.0,785.0,0.002,1721542784.0,31872.0,0.196622,0.0,1478.212402,3.647649,3.647649,62.0,0.0,5.0,0.0,7.0,-0.0,0.0,0.0,842.0,0.0,3.647649,3.647649,3.015641,1.0,0.0,12.0,2.0,0.0,168.399994,0.0,1627.0,112.14286,2
0.0,0.0,64128.0,0.0,0.0,0.194622,0.0,0.0,0.0,0.0,0.0,0.0,0.0,0.0,64.0,0.0,66.0,0.002,1721542784.0,31872.0,0.196622,0.0,0.0,0.0,0.0,62.0,0.0,1.0,0.0,1.0,-0.0,1.0,0.0,66.0,0.0,0.0,0.0,0.0,0.0,0.0,2.0,0.0,0.0,66.0,0.0,132.0,66.0,2
22.235369,1.484122,45184.0,0.0,46.492134,0.26096,0.0,0.0,0.0,0.0,0.0,548752.6875,535999.0625,0.0,64.0,0.0,100877.0,0.001986,1721542784.0,31872.0,0.262946,0.0,12753.667969,1.484122,1.484122,62.0,0.0,34.0,0.0,70.0,-0.0,0.0,0.0,2437.0,0.0,1.484122,1.484122,69.401299,0.0,0.0,104.0,0.0,0.0,71.676468,0.0,103314.0,1441.099976,2
6.590731,0.606913,64128.0,0.0,6.590731,0.204039,0.0,0.0,0.0,0.0,0.0,15237.769531,6538.004883,0.0,64.0,0.0,620.0,0.006457,1721542784.0,31872.0,0.210496,0.0,8699.764648,0.606913,0.606913,62.0,0.0,5.0,0.0,5.0,-0.0,0.0,0.0,825.0,0.0,0.606913,0.606913,14.829144,0.0,0.0,10.0,0.0,0.0,165.0,0.0,1445.0,124.0,2
4.997227,0.200111,64256.0,0.0,0.0,0.19912,0.0,0.0,0.0,0.0,0.0,2798.446777,0.0,0.0,64.0,0.0,74.0,0.000991,1721542784.0,4077568.0,0.200111,0.0,2798.446777,0.200111,0.200111,62.0,0.0,2.0,0.0,1.0,-0.0,0.0,0.0,140.0,0.0,0.200111,0.200111,9.994453,0.0,0.0,3.0,0.0,0.0,70.0,0.0,214.0,74.0,2
0.0,0.663424,64256.0,0.0,1.507332,0.19912,0.0,0.0,0.0,0.0,0.0,795.871094,795.871094,0.0,64.0,0.0,132.0,0.000991,1721542784.0,4077568.0,0.200111,0.0,0.0,0.663424,0.663424,62.0,0.0,1.0,0.0,2.0,-0.0,1.0,0.0,66.0,0.0,0.663424,0.663424,3.014663,0.0,0.0,3.0,0.0,0.0,66.0,0.0,198.0,66.0,2
3.477811,1.437686,64128.0,0.0,3.477811,0.190374,0.0,0.0,0.0,0.0,0.0,7317.314453,3182.892578,0.0,64.0,0.0,686.0,0.000994,1721542784.0,31872.0,0.191368,0.0,4134.421875,1.437686,1.437686,62.0,0.0,6.0,0.0,6.0,-0.0,0.0,0.0,891.0,0.0,1.437686,1.437686,7.651184,0.0,0.0,12.0,0.0,0.0,148.5,0.0,1577.0,114.333336,2
0.0,0.0,521622.3241706161,0.0,0.0,0.19912,0.0,0.0,0.0,0.0,0.0,0.0,0.0,0.0,64.0,0.0,66.0,0.000991,1721542784.0,1183398.375711575,0.200111,0.0,0.0,0.0,0.0,62.0,0.0,0.0,0.0,1.0,-0.0,1.0,0.0,0.0,0.0,0.0,0.0,0.0,0.0,0.0,1.0,0.0,0.0,0.0,0.0,66.0,66.0,2
25.041193,0.199671,64128.0,0.0,20.032953,0.061073,0.0,0.0,0.0,0.0,0.0,49601.59375,19872.691406,0.0,64.0,0.0,619.0,0.000497,1721542784.0,31872.0,0.06157,0.0,29728.904297,0.199671,0.199671,62.0,0.0,6.0,0.0,5.0,-0.0,0.0,0.0,890.0,0.0,0.199671,0.199671,50.082386,0.0,0.0,11.0,0.0,0.0,148.333328,0.0,1509.0,123.800003,2
12.159828,0.082238,64256.0,0.0,0.0,0.045187,0.0,0.0,0.0,0.0,0.0,6809.503906,0.0,0.0,64.0,0.0,74.0,0.037051,1721542784.0,4077568.0,0.082238,0.0,6809.503906,0.082238,0.082238,62.0,0.0,2.0,0.0,1.0,-0.0,0.0,0.0,140.0,0.0,0.082238,0.082238,24.319656,0.0,0.0,3.0,0.0,0.0,70.0,0.0,214.0,74.0,2
5.900123,0.169488,64256.0,0.0,0.0,0.045187,0.0,0.0,0.0,0.0,0.0,3115.264893,0.0,0.0,64.0,0.0,66.0,0.037051,1721542784.0,4077568.0,0.082238,0.0,3115.264893,0.169488,0.169488,62.0,0.0,2.0,0.0,1.0,-0.0,1.0,0.0,132.0,0.0,0.169488,0.169488,11.800245,0.0,0.0,3.0,0.0,0.0,66.0,0.0,198.0,66.0,2
1.808355,1.658966,64256.0,0.0,3.013926,0.16221,0.0,0.0,0.0,0.0,0.0,5507.044922,2758.344727,0.0,64.0,0.0,686.0,0.007945,1721542784.0,31872.0,0.170155,0.0,2748.700195,1.658966,1.658966,62.0,0.0,4.0,0.0,6.0,-0.0,0.0,0.0,759.0,0.0,1.658966,1.658966,5.425066,0.0,0.0,10.0,0.0,0.0,189.75,0.0,1445.0,114.333336,2
0.0,0.0,64256.0,0.0,0.0,0.19912,0.0,0.0,0.0,0.0,0.0,0.0,0.0,0.0,64.0,0.0,66.0,0.000991,1721542784.0,4077568.0,0.200111,0.0,0.0,0.0,0.0,62.0,0.0,1.0,0.0,1.0,-0.0,1.0,0.0,66.0,0.0,0.0,0.0,0.0,0.0,0.0,2.0,0.0,0.0,66.0,0.0,132.0,66.0,2
89.534492,0.837666,275072.0,0.0,175.48761,0.083815,0.0,0.0,0.0,0.0,0.0,2123404.75,2074306.5,0.0,64.0,0.0,218674.0,0.010525,1721542784.0,31872.0,0.09434,0.0,49098.328125,0.837666,0.837666,62.0,0.0,76.0,0.0,148.0,-0.0,0.0,0.0,5209.0,0.0,0.837666,0.837666,266.215912,0.0,0.0,224.0,0.0,0.0,68.539474,0.0,223883.0,1477.526978,2
15.493068,0.064545,64256.0,0.0,0.0,0.043894,0.0,0.0,0.0,0.0,0.0,8676.118164,0.0,0.0,64.0,0.0,74.0,0.020651,1721542784.0,4077568.0,0.064545,0.0,8676.118164,0.064545,0.064545,62.0,0.0,2.0,0.0,1.0,-0.0,0.0,0.0,140.0,0.0,0.064545,0.064545,30.986135,0.0,0.0,3.0,0.0,0.0,70.0,0.0,214.0,74.0,2
10.588845,0.094439,64256.0,0.0,0.0,0.043894,0.0,0.0,0.0,0.0,0.0,5590.910645,0.0,0.0,64.0,0.0,66.0,0.020651,1721542784.0,4077568.0,0.064545,0.0,5590.910645,0.094439,0.094439,62.0,0.0,2.0,0.0,1.0,-0.0,1.0,0.0,132.0,0.0,0.094439,0.094439,21.177691,0.0,0.0,3.0,0.0,0.0,66.0,0.0,198.0,66.0,2
13.862271,0.288553,64128.0,0.0,13.862271,0.104419,0.0,0.0,0.0,0.0,0.0,32825.859375,14139.516602,0.0,64.0,0.0,637.0,0.002978,1721542784.0,31872.0,0.107397,0.0,18686.341797,0.288553,0.288553,62.0,0.0,5.0,0.0,5.0,-0.0,0.0,0.0,842.0,0.0,0.288553,0.288553,31.190111,0.0,0.0,10.0,0.0,0.0,168.399994,0.0,1479.0,127.400002,2
7.37578,2.304841,75776.0,0.0,31.238596,0.273784,0.0,0.0,0.0,0.0,0.0,364724.46875,359826.96875,0.0,64.0,0.0,105107.0,0.005978,1721542784.0,31872.0,0.279762,0.0,4897.517578,2.304841,2.304841,62.0,0.0,18.0,0.0,73.0,-0.0,0.0,0.0,1494.0,0.0,2.304841,2.304841,39.048244,0.0,0.0,91.0,0.0,0.0,83.0,0.0,106601.0,1439.821899,2
3.010435,2.657423,55808.0,0.0,12.041741,0.0,0.0,0.0,0.0,0.0,0.0,136980.828125,134325.625,0.0,64.0,0.0,46014.0,0.015506,1721542784.0,31872.0,0.015506,0.0,2655.203857,2.657423,2.657423,62.0,0.0,9.0,0.0,33.0,-0.0,0.0,0.0,992.0,0.0,2.657423,2.657423,15.428481,0.0,0.0,42.0,0.0,0.0,110.222221,0.0,47006.0,1394.363647,2
12.472872,0.080174,64256.0,0.0,0.0,0.079181,0.0,0.0,0.0,0.0,0.0,6984.808105,0.0,0.0,64.0,0.0,74.0,0.000993,1721542784.0,4077568.0,0.080174,0.0,6984.808105,0.080174,0.080174,61.0,0.0,2.0,0.0,1.0,-0.0,0.0,0.0,140.0,0.0,0.080174,0.080174,24.945744,0.0,0.0,3.0,0.0,0.0,70.0,0.0,214.0,74.0,2
11.665685,0.171443,64256.0,0.0,5.832842,0.079181,0.0,0.0,0.0,0.0,0.0,9519.199219,3359.717285,0.0,64.0,0.0,144.0,0.000993,1721542784.0,31872.0,0.080174,0.0,6159.481445,0.171443,0.171443,61.0,0.0,3.0,0.0,2.0,-0.0,1.0,0.0,198.0,1.0,0.171443,0.171443,23.331369,0.0,0.0,5.0,0.0,0.0,66.0,0.0,342.0,72.0,2
14.389193,0.347483,64128.0,0.0,11.511354,0.118135,0.0,0.0,0.0,0.0,0.0,29169.771484,11741.581055,0.0,64.0,0.0,637.0,0.036348,1721542784.0,31872.0,0.154483,0.0,17428.189453,0.347483,0.347483,61.0,0.0,6.0,0.0,5.0,-0.0,0.0,0.0,908.0,0.0,0.347483,0.347483,28.778385,0.0,0.0,11.0,0.0,0.0,151.333328,0.0,1545.0,127.400002,2
2.28389,2.627097,64256.0,1.0,1.903242,0.306337,1.0,2.0,0.0,0.0,13.333333,4059.233643,2031.139404,0.0,64.0,0.0,800.0,0.00299,1721542784.0,31872.0,0.309327,0.0,2028.094238,2.627097,2.627097,61.0,0.0,7.0,0.0,6.0,-0.0,0.0,0.0,777.0,0.0,2.627097,2.627097,4.56778,0.0,0.0,13.0,1.0,0.0,111.0,0.0,1577.0,133.333328,3
2.57144,2.72221,63872.0,0.0,3.306137,0.307958,0.0,6.0,0.0,0.0,25.0,13621.286133,11240.867188,0.0,64.0,0.0,4250.0,0.001594,1721542784.0,31872.0,0.309552,0.0,2380.418945,2.72221,2.72221,61.0,0.0,8.0,0.0,10.0,-0.0,0.0,0.0,925.0,1.0,2.72221,2.72221,6.244926,1.0,0.0,18.0,6.0,0.0,115.625,0.0,5175.0,425.0,3
12.759244,2.272862,63488.0,0.0,20.2388,0.322056,0.0,7.0,0.0,0.0,8.333333,239989.9375,231472.046875,0.0,64.0,0.0,67192.0,0.001527,1721542784.0,31872.0,0.323583,0.0,8517.895508,2.272862,2.272862,61.0,0.0,30.0,0.0,47.0,-0.0,0.0,0.0,2503.0,1.0,2.272862,2.272862,33.438019,1.0,0.0,77.0,7.0,0.0,83.433334,0.0,69695.0,1429.617065,3
0.721998,4.155136,64128.0,0.0,1.20333,0.308069,0.0,4.0,0.0,0.0,28.571429,2820.605469,1934.954712,0.0,64.0,0.0,1206.0,0.000511,1721542784.0,31872.0,0.30858,0.0,885.650879,4.155136,4.155136,61.0,0.0,4.0,0.0,6.0,-0.0,0.0,0.0,613.0,0.0,4.155136,4.155136,2.165994,1.0,0.0,10.0,4.0,0.0,153.25,0.0,1819.0,201.0,3
0.0,4.201938,64128.0,0.0,0.237985,0.308069,0.0,1.0,0.0,0.0,25.0,323.660156,323.660156,0.0,64.0,0.0,339.0,0.000511,1721542784.0,31872.0,0.30858,0.0,0.0,4.201938,4.201938,62.0,0.0,1.0,0.0,2.0,-0.0,1.0,0.0,66.0,0.0,4.201938,4.201938,0.475971,1.0,0.0,3.0,1.0,0.0,66.0,0.0,405.0,169.5,3
86.346542,1.111799,381824.0,0.0,183.486404,0.10481,0.0,0.0,0.0,0.0,0.0,2230511.25,2182142.75,0.0,64.0,0.0,304749.0,0.00051,1721542784.0,31872.0,0.10532,0.0,48368.453125,1.111799,1.111799,62.0,0.0,97.0,0.0,205.0,-0.0,0.0,0.0,6792.0,0.0,1.111799,1.111799,270.732391,0.0,0.0,302.0,0.0,0.0,70.020622,0.0,311541.0,1486.580444,3
0.297127,3.365567,64256.0,0.0,0.594254,0.273857,0.0,2.0,0.0,0.0,28.571429,518.189087,351.798096,0.0,64.0,0.0,222.0,0.005925,1721542784.0,4077568.0,0.279782,0.0,166.390991,3.365567,3.365567,62.0,0.0,2.0,0.0,3.0,-0.0,0.0,0.0,140.0,0.0,3.365567,3.365567,1.188507,1.0,0.0,5.0,2.0,0.0,70.0,0.0,362.0,74.0,3
28.339176,4.869584,641536.0,0.0,105.758522,0.549014,0.0,30.0,0.0,0.0,4.379562,1291091.75,1274467.75,1.0,64.0,0.0,777272.0,0.006446,1721542784.0,31872.0,0.55546,0.0,16624.007812,4.869584,4.869584,62.0,0.0,139.0,0.0,516.0,-0.0,0.0,0.0,10192.0,1.0,4.869584,4.869584,134.303055,1.0,0.0,655.0,30.0,0.0,73.323738,0.0,787464.0,1506.341064,3
13.921689,2.370402,600960.0,0.0,108.420425,0.549014,0.0,21.0,0.0,0.0,6.709265,1314683.25,1306664.375,0.0,64.0,0.0,388671.0,0.006446,1721542784.0,31872.0,0.55546,0.0,8018.892578,2.370402,2.370402,62.0,0.0,34.0,0.0,258.0,-0.0,1.0,0.0,2448.0,1.0,2.370402,2.370402,122.763985,1.0,0.0,292.0,21.0,0.0,72.0,0.0,391119.0,1506.476685,3
2.295668,0.435603,64256.0,0.0,2.295668,0.273857,0.0,0.0,0.0,0.0,0.0,2424.22583,1212.112915,0.0,64.0,0.0,132.0,0.005925,1721542784.0,31872.0,0.279782,0.0,1212.112915,0.435603,0.435603,62.0,0.0,2.0,0.0,2.0,-0.0,1.0,0.0,132.0,0.0,0.435603,0.435603,6.887005,0.0,0.0,4.0,0.0,0.0,66.0,0.0,264.0,66.0,3
0.308715,3.23923,8222720.0,0.0,0.617431,0.0,0.0,2.0,0.0,0.0,28.571429,523.581238,365.518982,0.0,64.0,0.0,222.0,0.000647,1721542784.0,4077568.0,0.000647,0.0,158.062256,3.23923,3.23923,62.0,0.0,2.0,0.0,3.0,-0.0,0.0,0.0,128.0,0.0,3.23923,3.23923,1.234861,1.0,0.0,5.0,2.0,0.0,64.0,0.0,350.0,74.0,3
16.937147,4.900471,116864.0,0.0,27.752434,0.168445,0.0,14.0,0.0,0.0,5.957447,340308.46875,329742.96875,1.0,64.0,0.0,203472.0,0.000744,1721542784.0,31872.0,0.169189,0.0,10565.514648,4.900471,4.900471,62.0,0.0,84.0,0.0,137.0,-0.0,0.0,0.0,6549.0,1.0,4.900471,4.900471,44.893642,1.0,0.0,221.0,14.0,0.0,77.964287,0.0,210021.0,1485.197021,3
1.708445,4.097293,117888.0,0.0,7.565971,0.168445,0.0,2.0,0.0,0.0,4.761905,92562.570312,91639.039062,0.0,64.0,0.0,48448.0,0.000744,1721542784.0,31872.0,0.169189,0.0,923.536621,4.097293,4.097293,62.0,1.0,8.0,0.0,32.0,-0.0,1.0,0.0,540.0,1.0,4.097293,4.097293,9.51848,1.0,0.0,40.0,2.0,0.0,67.5,0.0,48988.0,1514.0,3
0.0,4.416393,521622.3241706161,0.0,0.226429,0.168445,0.0,0.0,0.0,0.0,0.0,2742.509766,2742.509766,0.0,64.0,0.0,3028.0,0.000744,1721542784.0,1183398.375711575,0.169189,0.0,0.0,4.416393,4.416393,62.0,0.0,0.0,0.0,2.0,-0.0,1.0,0.0,0.0,1.0,4.416393,4.416393,0.226429,1.0,0.0,2.0,2.0,0.0,0.0,0.0,3028.0,1514.0,3
0.0,1.546997,117888.0,0.0,0.646414,0.168445,0.0,1.0,0.0,0.0,25.0,4085.334473,4085.334473,0.0,64.0,0.0,1580.0,0.000744,1721542784.0,31872.0,0.169189,0.0,0.0,1.546997,1.546997,62.0,0.0,1.0,0.0,2.0,-0.0,1.0,0.0,66.0,1.0,1.546997,1.546997,1.292827,1.0,0.0,3.0,1.0,0.0,66.0,0.0,1646.0,790.0,3
0.0,4.02345,117888.0,0.0,0.248543,0.168445,0.0,0.0,0.0,0.0,0.0,1570.79126,1570.79126,0.0,64.0,0.0,1580.0,0.000744,1721542784.0,31872.0,0.169189,0.0,0.0,4.02345,4.02345,62.0,0.0,1.0,0.0,2.0,-0.0,1.0,0.0,66.0,1.0,4.02345,4.02345,0.497086,0.0,0.0,3.0,0.0,0.0,66.0,0.0,1646.0,790.0,3
0.0,0.000772,117888.0,0.0,0.0,0.168445,0.0,0.0,0.0,0.0,0.0,0.0,0.0,0.0,64.0,0.0,66.0,0.000744,1721542784.0,31872.0,0.169189,0.0,0.0,0.000772,0.000772,62.0,0.0,1.0,0.0,1.0,-0.0,1.0,0.0,66.0,1.0,0.000772,0.000772,1295.336792,0.0,0.0,2.0,0.0,0.0,66.0,0.0,132.0,66.0,3
0.0,0.000789,117888.0,0.0,0.0,0.168445,0.0,0.0,0.0,0.0,0.0,0.0,0.0,0.0,64.0,0.0,66.0,0.000744,1721542784.0,31872.0,0.169189,0.0,0.0,0.000789,0.000789,62.0,0.0,1.0,0.0,1.0,-0.0,1.0,0.0,66.0,1.0,0.000789,0.000789,1267.427124,0.0,0.0,2.0,0.0,0.0,66.0,0.0,132.0,66.0,3
1.897819,3.161524,115840.0,0.0,5.377153,0.168445,0.0,10.0,0.0,0.0,28.571429,66279.429688,65128.082031,0.0,64.0,0.0,27252.0,0.000744,1721542784.0,31872.0,0.169189,0.0,1151.343506,3.161524,3.161524,62.0,0.0,7.0,0.0,18.0,-0.0,1.0,0.0,530.0,1.0,3.161524,3.161524,7.591276,1.0,0.0,25.0,10.0,0.0,75.714287,0.0,27782.0,1514.0,3
0.0,3.635939,521622.3241706161,0.0,0.275032,0.168445,0.0,0.0,0.0,0.0,0.0,3331.189209,3331.189209,0.0,64.0,0.0,3028.0,0.000744,1721542784.0,1183398.375711575,0.169189,0.0,0.0,3.635939,3.635939,62.0,0.0,0.0,0.0,2.0,-0.0,1.0,0.0,0.0,1.0,3.635939,3.635939,0.275032,1.0,0.0,2.0,2.0,0.0,0.0,0.0,3028.0,1514.0,3
8.250478,4.848204,117888.0,0.0,21.863766,0.168445,0.0,6.0,0.0,0.0,3.896104,269247.75,264813.9375,0.0,64.0,0.0,161998.0,0.000744,1721542784.0,31872.0,0.169189,0.0,4433.806641,4.848204,4.848204,62.0,1.0,41.0,0.0,107.0,-0.0,1.0,0.0,2754.0,1.0,4.848204,4.848204,30.320505,1.0,0.0,148.0,6.0,0.0,67.170731,0.0,164752.0,1514.0,3
0.0,3.134724,521622.3241706161,0.0,0.319007,0.168445,0.0,0.0,0.0,0.0,0.0,3863.817139,3863.817139,0.0,64.0,0.0,3028.0,0.000744,1721542784.0,1183398.375711575,0.169189,0.0,0.0,3.134724,3.134724,62.0,0.0,0.0,0.0,2.0,-0.0,1.0,0.0,0.0,1.0,3.134724,3.134724,0.319007,1.0,0.0,2.0,2.0,0.0,0.0,0.0,3028.0,1514.0,3
15.929711,4.205977,117888.0,0.0,46.838108,0.168445,0.0,6.0,0.0,0.0,2.205882,576254.1875,567303.125,0.0,64.0,0.0,299772.0,0.000744,1721542784.0,31872.0,0.169189,0.0,8951.071289,4.205977,4.205977,62.0,1.0,68.0,0.0,198.0,-0.0,1.0,0.0,4776.0,1.0,4.205977,4.205977,63.005577,1.0,0.0,266.0,6.0,0.0,70.235291,0.0,304548.0,1514.0,3
0.0,2.4951,521622.3241706161,0.0,0.400786,0.168445,0.0,0.0,0.0,0.0,0.0,4854.314453,4854.314453,0.0,64.0,0.0,3028.0,0.000744,1721542784.0,1183398.375711575,0.169189,0.0,0.0,2.4951,2.4951,62.0,0.0,0.0,0.0,2.0,-0.0,1.0,0.0,0.0,1.0,2.4951,2.4951,0.400786,1.0,0.0,2.0,2.0,0.0,0.0,0.0,3028.0,1514.0,3
0.0,0.0,521622.3241706161,0.0,0.0,0.168445,0.0,0.0,0.0,0.0,0.0,0.0,0.0,0.0,64.0,0.0,1514.0,0.000744,1721542784.0,1183398.375711575,0.169189,0.0,0.0,0.0,0.0,62.0,0.0,0.0,0.0,1.0,-0.0,1.0,0.0,0.0,1.0,0.0,0.0,0.0,1.0,0.0,1.0,1.0,0.0,0.0,0.0,1514.0,1514.0,3
33.42131,1.017315,130688.0,0.0,70.774536,0.168445,0.0,20.0,0.0,0.0,15.625,879027.625,857221.1875,0.0,64.0,0.0,110522.0,0.000744,1721542784.0,31872.0,0.169189,0.0,21806.421875,1.017315,1.017315,62.0,1.0,35.0,0.0,73.0,-0.0,1.0,0.0,2854.0,1.0,1.017315,1.017315,105.178825,1.0,0.0,108.0,20.0,0.0,81.542854,0.0,113376.0,1514.0,3
0.0,0.0,521622.3241706161,0.0,0.0,0.168445,0.0,0.0,0.0,0.0,0.0,0.0,0.0,0.0,64.0,0.0,1514.0,0.000744,1721542784.0,1183398.375711575,0.169189,0.0,0.0,0.0,0.0,62.0,0.0,0.0,0.0,1.0,-0.0,1.0,0.0,0.0,1.0,0.0,0.0,0.0,1.0,0.0,1.0,1.0,0.0,0.0,0.0,1514.0,1514.0,3
66.299202,4.570191,1237376.0,0.0,138.943863,0.168445,0.0,10.0,0.0,0.0,1.052632,1718062.125,1682888.125,0.0,64.0,0.0,962904.0,0.000744,1721542784.0,31872.0,0.169189,0.0,35174.023438,4.570191,4.570191,62.0,1.0,304.0,0.0,636.0,-0.0,1.0,0.0,20160.0,1.0,4.570191,4.570191,205.461884,1.0,0.0,940.0,10.0,0.0,66.315788,0.0,983064.0,1514.0,3
35.234928,2.781331,1237376.0,0.0,118.288689,0.168445,0.0,2.0,0.0,0.0,0.464037,1443832.375,1425193.875,0.0,64.0,0.0,496998.0,0.000744,1721542784.0,31872.0,0.169189,0.0,18638.558594,2.781331,2.781331,62.0,0.0,99.0,0.0,330.0,-0.0,1.0,0.0,6546.0,1.0,2.781331,2.781331,153.883148,1.0,0.0,429.0,2.0,0.0,66.121216,0.0,503544.0,1506.054565,3
144.944962,2.511298,1587712.0,0.0,300.641357,0.185051,0.0,42.0,0.0,0.0,3.61135,3700470.5,3621212.75,0.0,64.0,0.0,1138248.0,0.000997,1721542784.0,31872.0,0.186048,0.0,79257.820312,2.511298,2.511298,62.0,0.0,365.0,0.0,756.0,-0.0,0.0,0.0,24948.0,1.0,2.511298,2.511298,445.984528,1.0,0.0,1121.0,42.0,0.0,68.350685,0.0,1163196.0,1505.619019,3
5.397849,0.185259,64256.0,0.0,0.0,0.184645,0.0,0.0,0.0,0.0,0.0,3022.795166,0.0,0.0,64.0,0.0,74.0,0.000614,1721542784.0,4077568.0,0.185259,0.0,3022.795166,0.185259,0.185259,62.0,0.0,2.0,0.0,1.0,-0.0,0.0,0.0,140.0,0.0,0.185259,0.185259,10.795697,0.0,0.0,3.0,0.0,0.0,70.0,0.0,214.0,74.0,3
4.310419,0.231996,64256.0,0.0,0.0,0.184645,0.0,0.0,0.0,0.0,0.0,2275.901367,0.0,0.0,64.0,0.0,66.0,0.000614,1721542784.0,4077568.0,0.185259,0.0,2275.901367,0.231996,0.231996,61.0,0.0,2.0,0.0,1.0,-0.0,1.0,0.0,132.0,0.0,0.231996,0.231996,8.620838,0.0,0.0,3.0,0.0,0.0,66.0,0.0,198.0,66.0,3
36.546368,0.8756,53888.0,0.0,58.245777,0.200523,0.0,0.0,0.0,0.0,0.0,691402.5,670068.5625,0.0,64.0,0.0,74777.0,0.001089,1721542784.0,31872.0,0.201612,0.0,21333.943359,0.8756,0.8756,61.0,0.0,33.0,0.0,52.0,-0.0,0.0,0.0,2407.0,0.0,0.8756,0.8756,95.934219,0.0,0.0,85.0,0.0,0.0,72.939392,0.0,77184.0,1438.019287,3
51.407017,2.703911,564992.0,0.0,83.952469,0.16663,0.0,5.0,0.0,0.0,1.340483,1026758.625,998186.6875,0.0,64.0,0.0,338862.0,0.000991,1721542784.0,31872.0,0.167621,0.0,28571.945312,2.703911,2.703911,62.0,0.0,140.0,0.0,228.0,-0.0,0.0,0.0,9726.0,1.0,2.703911,2.703911,135.729309,1.0,0.0,368.0,5.0,0.0,69.471428,0.0,348588.0,1486.236816,3
6.554196,0.152574,64256.0,0.0,0.0,0.151472,0.0,0.0,0.0,0.0,0.0,3670.350098,0.0,0.0,64.0,0.0,74.0,0.001102,1721542784.0,4077568.0,0.152574,0.0,3670.350098,0.152574,0.152574,62.0,0.0,2.0,0.0,1.0,-0.0,0.0,0.0,140.0,0.0,0.152574,0.152574,13.108393,0.0,0.0,3.0,0.0,0.0,70.0,0.0,214.0,74.0,3
3.608792,0.277101,64256.0,0.0,0.0,0.151472,0.0,0.0,0.0,0.0,0.0,1905.442383,0.0,0.0,64.0,0.0,66.0,0.001102,1721542784.0,4077568.0,0.152574,0.0,1905.442383,0.277101,0.277101,62.0,0.0,2.0,0.0,1.0,-0.0,1.0,0.0,132.0,0.0,0.277101,0.277101,7.217585,0.0,0.0,3.0,0.0,0.0,66.0,0.0,198.0,66.0,3
2.201293,4.997063,62592.0,0.0,7.004114,0.353885,0.0,11.0,0.0,0.0,18.644068,78815.890625,76974.8125,1.0,64.0,0.0,49454.0,0.0005,1721542784.0,31872.0,0.354385,0.0,1841.081421,4.997063,4.997063,62.0,0.0,12.0,0.0,36.0,-0.0,0.0,0.0,1254.0,1.0,4.997063,4.997063,9.405524,1.0,0.0,48.0,11.0,0.0,104.5,0.0,50708.0,1373.722168,3
0.927263,2.156885,64256.0,1.0,0.927263,0.153091,1.0,3.0,0.0,0.0,33.333333,1079.334351,548.939819,0.0,64.0,0.0,222.0,0.0,1721542784.0,4077568.0,0.153091,0.0,530.394531,2.156885,2.156885,62.0,0.0,3.0,0.0,3.0,-0.0,0.0,0.0,214.0,0.0,2.156885,2.156885,2.318158,0.0,0.0,6.0,2.0,0.0,71.333336,0.0,436.0,74.0,3
23.983099,2.960418,165248.0,0.0,63.166756,0.353885,0.0,0.0,0.0,0.0,0.0,772750.3125,760087.25,0.0,64.0,0.0,282776.0,0.0005,1721542784.0,31872.0,0.354385,0.0,12663.077148,2.960418,2.960418,62.0,0.0,72.0,0.0,188.0,-0.0,1.0,0.0,4752.0,1.0,2.960418,2.960418,87.487648,0.0,0.0,260.0,0.0,0.0,66.0,0.0,287528.0,1504.127686,3
4.670867,0.214093,64256.0,0.0,4.670867,0.153091,0.0,0.0,0.0,0.0,0.0,4932.436035,2466.218018,0.0,64.0,0.0,132.0,0.0,1721542784.0,31872.0,0.153091,0.0,2466.218018,0.214093,0.214093,62.0,0.0,2.0,0.0,2.0,-0.0,1.0,0.0,132.0,0.0,0.214093,0.214093,14.012602,0.0,0.0,4.0,0.0,0.0,66.0,0.0,264.0,66.0,3
31.231808,3.714162,282496.0,0.0,67.040695,0.289899,0.0,4.0,0.0,0.0,1.078167,815339.75,797759.5,0.0,64.0,0.0,371863.0,0.000714,1721542784.0,31872.0,0.290613,0.0,17580.277344,3.714162,3.714162,62.0,0.0,117.0,0.0,250.0,-0.0,0.0,0.0,8232.0,1.0,3.714162,3.714162,98.54174,1.0,0.0,367.0,4.0,0.0,70.358971,0.0,380095.0,1487.452026,3
3.434432,0.291169,64256.0,0.0,0.0,0.290145,0.0,0.0,0.0,0.0,0.0,1923.281738,0.0,0.0,64.0,0.0,74.0,0.001024,1721542784.0,4077568.0,0.291169,0.0,1923.281738,0.291169,0.291169,62.0,0.0,2.0,0.0,1.0,-0.0,0.0,0.0,140.0,0.0,0.291169,0.291169,6.868864,0.0,0.0,3.0,0.0,0.0,70.0,0.0,214.0,74.0,3
0.0,3.406967,64256.0,0.0,0.587032,0.290145,0.0,0.0,0.0,0.0,0.0,309.953125,309.953125,0.0,64.0,0.0,198.0,0.001024,1721542784.0,4077568.0,0.291169,0.0,0.0,3.406967,3.406967,62.0,0.0,1.0,0.0,3.0,-0.0,1.0,0.0,66.0,0.0,3.406967,3.406967,0.880549,0.0,0.0,4.0,0.0,0.0,66.0,0.0,264.0,66.0,3
10.394368,3.55962,133632.0,0.0,19.665022,0.169411,0.0,25.0,0.0,0.0,18.656716,236598.296875,229388.53125,1.0,64.0,0.0,103525.0,0.000502,1721542784.0,31872.0,0.169913,0.0,7209.758301,3.55962,3.55962,62.0,0.0,38.0,0.0,71.0,-0.0,0.0,0.0,3294.0,1.0,3.55962,3.55962,30.340319,1.0,0.0,109.0,25.0,0.0,86.684212,0.0,106819.0,1458.098633,3
2.016175,3.96791,140672.0,0.0,4.03235,0.169411,0.0,8.0,0.0,0.0,23.529412,50027.34375,48839.816406,0.0,64.0,0.0,25738.0,0.000502,1721542784.0,31872.0,0.169913,0.0,1187.526978,3.96791,3.96791,62.0,1.0,9.0,0.0,17.0,-0.0,1.0,0.0,662.0,1.0,3.96791,3.96791,6.300546,1.0,0.0,26.0,8.0,0.0,73.555557,0.0,26400.0,1514.0,3
0.0,3.224983,64256.0,0.0,0.310079,0.290145,0.0,0.0,0.0,0.0,0.0,178.605591,178.605591,0.0,64.0,0.0,144.0,0.001024,1721542784.0,31872.0,0.291169,0.0,0.0,3.224983,3.224983,62.0,0.0,1.0,0.0,2.0,-0.0,1.0,0.0,66.0,1.0,3.224983,3.224983,0.620158,0.0,0.0,3.0,0.0,0.0,66.0,0.0,210.0,72.0,3
0.237485,4.210796,140672.0,0.0,1.899878,0.169411,0.0,7.0,0.0,0.0,38.888889,23136.71875,23011.326172,0.0,64.0,0.0,13626.0,0.000502,1721542784.0,31872.0,0.169913,0.0,125.391975,4.210796,4.210796,62.0,0.0,2.0,0.0,9.0,-0.0,1.0,0.0,132.0,1.0,4.210796,4.210796,2.374848,1.0,0.0,11.0,7.0,0.0,66.0,0.0,13758.0,1514.0,3
0.0,0.0,64256.0,0.0,0.0,0.290145,0.0,0.0,0.0,0.0,0.0,0.0,0.0,0.0,64.0,0.0,66.0,0.001024,1721542784.0,31872.0,0.291169,0.0,0.0,0.0,0.0,62.0,0.0,1.0,0.0,1.0,-0.0,1.0,0.0,66.0,1.0,0.0,0.0,0.0,0.0,0.0,2.0,0.0,0.0,66.0,0.0,132.0,66.0,3
24.010895,3.498412,418944.0,0.0,50.022697,0.169411,0.0,8.0,0.0,0.0,2.973978,615696.5,602474.5,0.0,64.0,0.0,264968.0,0.000502,1721542784.0,31872.0,0.169913,0.0,13221.999023,3.498412,3.498412,62.0,0.0,85.0,0.0,176.0,-0.0,1.0,0.0,5850.0,1.0,3.498412,3.498412,74.319435,1.0,0.0,261.0,8.0,0.0,68.823532,0.0,270818.0,1505.5,3
0.0,2.140264,418944.0,0.0,0.467232,0.169411,0.0,1.0,0.0,0.0,25.0,2952.906738,2952.906738,0.0,64.0,0.0,1580.0,0.000502,1721542784.0,31872.0,0.169913,0.0,0.0,2.140264,2.140264,62.0,0.0,1.0,0.0,2.0,-0.0,1.0,0.0,66.0,1.0,2.140264,2.140264,0.934464,1.0,0.0,3.0,1.0,0.0,66.0,0.0,1646.0,790.0,3
43.212536,1.018223,87296.0,0.0,55.979877,0.168058,0.0,6.0,0.0,0.0,5.504587,663053.125,636355.6875,0.0,64.0,0.0,82414.0,0.000996,1721542784.0,31872.0,0.169054,0.0,26697.490234,1.018223,1.018223,62.0,0.0,45.0,0.0,58.0,-0.0,0.0,0.0,3475.0,1.0,1.018223,1.018223,100.174515,1.0,0.0,103.0,6.0,0.0,77.222221,0.0,85889.0,1420.93103,3
139.821701,3.318512,712192.0,0.0,438.148193,0.154905,0.0,0.0,0.0,0.0,0.0,5367080.0,5292275.5,0.0,64.0,0.0,2196819.0,0.0,1721542784.0,31872.0,0.154905,0.0,74804.609375,3.318512,3.318512,62.0,0.0,465.0,0.0,1455.0,-0.0,0.0,0.0,31096.0,0.0,3.318512,3.318512,578.27124,0.0,0.0,1920.0,0.0,0.0,66.873116,0.0,2227915.0,1509.841187,3
19.794294,1.667147,87296.0,0.0,33.590317,0.276269,0.0,8.0,0.0,0.0,8.080808,393812.90625,381317.28125,0.0,64.0,0.0,80883.0,0.001456,1721542784.0,31872.0,0.277725,0.0,12495.598633,1.667147,1.667147,62.0,0.0,34.0,0.0,57.0,-0.0,0.0,0.0,2682.0,1.0,1.667147,1.667147,53.98444,1.0,0.0,91.0,8.0,0.0,78.882355,0.0,83565.0,1419.0,3
3.615159,0.276613,64256.0,0.0,0.0,0.276109,0.0,0.0,0.0,0.0,0.0,2024.489136,0.0,0.0,64.0,0.0,74.0,0.000504,1721542784.0,4077568.0,0.276613,0.0,2024.489136,0.276613,0.276613,62.0,0.0,2.0,0.0,1.0,-0.0,0.0,0.0,140.0,0.0,0.276613,0.276613,7.230318,0.0,0.0,3.0,0.0,0.0,70.0,0.0,214.0,74.0,3
0.314541,3.17924,64256.0,0.0,0.943622,0.276109,0.0,0.0,0.0,0.0,0.0,686.956604,520.879211,0.0,64.0,0.0,276.0,0.000504,1721542784.0,31872.0,0.276613,0.0,166.077423,3.17924,3.17924,62.0,0.0,2.0,0.0,4.0,-0.0,1.0,0.0,132.0,1.0,3.17924,3.17924,1.572703,0.0,0.0,6.0,0.0,0.0,66.0,0.0,408.0,69.0,3
7.767921,2.445957,48128.0,0.0,16.762356,0.262255,0.0,5.0,0.0,0.0,7.462687,186727.734375,181200.25,0.0,64.0,0.0,56752.0,0.000622,1721542784.0,31872.0,0.262877,0.0,5527.48877,2.445957,2.445957,62.0,0.0,20.0,0.0,42.0,-0.0,0.0,0.0,1778.0,1.0,2.445957,2.445957,24.939114,1.0,0.0,62.0,5.0,0.0,88.900002,0.0,58530.0,1351.238037,3
0.921882,2.169475,64256.0,1.0,0.921882,0.138758,1.0,3.0,0.0,0.0,33.333333,1073.070679,545.75415,0.0,64.0,0.0,222.0,0.000984,1721542784.0,4077568.0,0.139742,0.0,527.316467,2.169475,2.169475,62.0,0.0,3.0,0.0,3.0,-0.0,0.0,0.0,214.0,0.0,2.169475,2.169475,2.304705,0.0,0.0,6.0,2.0,0.0,71.333336,0.0,436.0,74.0,3
0.0,0.0,64256.0,0.0,0.0,0.276109,0.0,0.0,0.0,0.0,0.0,0.0,0.0,0.0,64.0,0.0,66.0,0.000504,1721542784.0,31872.0,0.276613,0.0,0.0,0.0,0.0,62.0,0.0,1.0,0.0,1.0,-0.0,1.0,0.0,66.0,1.0,0.0,0.0,0.0,0.0,0.0,2.0,0.0,0.0,66.0,0.0,132.0,66.0,3
3.764284,3.719167,57600.0,0.0,9.141832,0.277069,0.0,9.0,0.0,0.0,15.254237,105513.953125,102470.257812,1.0,64.0,0.0,49039.0,0.001003,1721542784.0,31872.0,0.278072,0.0,3043.692383,3.719167,3.719167,62.0,0.0,15.0,0.0,35.0,-0.0,0.0,0.0,1516.0,1.0,3.719167,3.719167,13.174994,1.0,0.0,50.0,9.0,0.0,101.066666,0.0,50555.0,1401.114258,3
0.0,3.899002,59648.0,0.0,0.256476,0.277069,0.0,1.0,0.0,0.0,25.0,1620.927612,1620.927612,0.0,64.0,0.0,1580.0,0.001003,1721542784.0,31872.0,0.278072,0.0,0.0,3.899002,3.899002,62.0,0.0,1.0,0.0,2.0,-0.0,1.0,0.0,78.0,1.0,3.899002,3.899002,0.512952,1.0,0.0,3.0,1.0,0.0,78.0,0.0,1658.0,790.0,3
3.558579,3.653144,64128.0,0.0,6.843421,0.277069,0.0,13.0,0.0,0.0,24.528302,85059.882812,82887.507812,0.0,64.0,0.0,39364.0,0.001003,1721542784.0,31872.0,0.278072,0.0,2172.375488,3.653144,3.653144,61.0,1.0,14.0,0.0,26.0,-0.0,1.0,0.0,1068.0,1.0,3.653144,3.653144,10.675736,1.0,0.0,40.0,13.0,0.0,76.285713,0.0,40432.0,1514.0,3
0.0,4.844177,64128.0,0.0,1.651467,0.277069,0.0,2.0,0.0,0.0,16.666667,20002.572266,20002.572266,0.0,64.0,0.0,13626.0,0.001003,1721542784.0,31872.0,0.278072,0.0,0.0,4.844177,4.844177,62.0,1.0,1.0,0.0,9.0,-0.0,1.0,0.0,78.0,1.0,4.844177,4.844177,1.857901,1.0,0.0,10.0,2.0,0.0,78.0,0.0,13704.0,1514.0,3
82.617592,4.89,666240.0,0.0,287.730072,0.277069,0.0,44.0,0.0,0.0,2.369413,3531887.25,3484986.5,0.0,64.0,0.0,2131712.0,0.001003,1721542784.0,31872.0,0.278072,0.0,46900.613281,4.89,4.89,62.0,1.0,405.0,0.0,1408.0,-0.0,1.0,0.0,28738.0,1.0,4.89,4.89,370.552155,1.0,0.0,1813.0,44.0,0.0,70.958023,0.0,2160450.0,1514.0,3
11.853639,4.471201,842880.0,0.0,12.524599,0.277069,0.0,15.0,0.0,0.0,11.904762,156927.859375,149634.96875,0.0,64.0,0.0,85124.0,0.001003,1721542784.0,31872.0,0.278072,0.0,7292.89502,4.471201,4.471201,62.0,0.0,54.0,0.0,57.0,-0.0,1.0,0.0,4152.0,1.0,4.471201,4.471201,24.601891,1.0,0.0,111.0,15.0,0.0,76.888885,0.0,89276.0,1493.403564,3
3.236974,0.617861,824192.0,0.0,3.236974,0.277069,0.0,1.0,0.0,0.0,14.285714,15925.913086,14216.790039,0.0,64.0,0.0,1646.0,0.001003,1721542784.0,31872.0,0.278072,0.0,1709.122314,0.617861,0.617861,62.0,0.0,3.0,0.0,3.0,-0.0,1.0,0.0,198.0,1.0,0.617861,0.617861,8.092436,1.0,0.0,6.0,1.0,0.0,66.0,0.0,1844.0,548.666687,3
5.922732,0.168841,64256.0,0.0,0.0,0.138758,0.0,0.0,0.0,0.0,0.0,3127.202393,0.0,0.0,64.0,0.0,66.0,0.000984,1721542784.0,4077568.0,0.139742,0.0,3127.202393,0.168841,0.168841,62.0,0.0,2.0,0.0,1.0,-0.0,1.0,0.0,132.0,0.0,0.168841,0.168841,11.845464,0.0,0.0,3.0,0.0,0.0,66.0,0.0,198.0,66.0,3
178.271729,0.229986,78592.0,0.0,273.929718,0.045608,0.0,0.0,0.0,0.0,0.0,3281312.75,3182037.25,0.0,64.0,0.0,92930.0,0.0,1721542784.0,31872.0,0.045608,0.0,99275.609375,0.229986,0.229986,62.0,0.0,42.0,0.0,64.0,-0.0,0.0,0.0,2923.0,0.0,0.229986,0.229986,456.54953,0.0,0.0,106.0,0.0,0.0,69.595238,0.0,95853.0,1452.03125,3
8.751418,0.571336,64128.0,0.0,7.001134,0.276351,0.0,0.0,0.0,0.0,0.0,17334.808594,6945.125488,0.0,64.0,0.0,619.0,0.00159,1721542784.0,31872.0,0.277941,0.0,10389.683594,0.571336,0.571336,62.0,0.0,6.0,0.0,5.0,-0.0,0.0,0.0,890.0,0.0,0.571336,0.571336,17.502836,0.0,0.0,11.0,0.0,0.0,148.333328,0.0,1509.0,123.800003,3
3.614623,0.276654,64256.0,0.0,0.0,0.275565,0.0,0.0,0.0,0.0,0.0,2024.188965,0.0,0.0,64.0,0.0,74.0,0.001089,1721542784.0,4077568.0,0.276654,0.0,2024.188965,0.276654,0.276654,62.0,0.0,2.0,0.0,1.0,-0.0,0.0,0.0,140.0,0.0,0.276654,0.276654,7.229247,0.0,0.0,3.0,0.0,0.0,70.0,0.0,214.0,74.0,3
1.807611,1.106433,64256.0,0.0,1.807611,0.275565,0.0,0.0,0.0,0.0,0.0,1966.680298,1012.261902,0.0,64.0,0.0,210.0,0.001089,1721542784.0,31872.0,0.276654,0.0,954.418335,1.106433,1.106433,62.0,0.0,3.0,0.0,3.0,-0.0,1.0,0.0,198.0,1.0,1.106433,1.106433,4.519026,0.0,0.0,6.0,0.0,0.0,66.0,0.0,408.0,70.0,3
0.371254,2.693574,64256.0,0.0,1.85627,0.0,0.0,2.0,0.0,0.0,20.0,3433.356689,2477.006348,0.0,64.0,0.0,1000.0,0.001016,1721542784.0,31872.0,0.001016,0.0,956.35022,2.693574,2.693574,62.0,0.0,2.0,0.0,6.0,-0.0,0.0,0.0,643.0,0.0,2.693574,2.693574,2.598778,1.0,0.0,8.0,2.0,0.0,321.5,0.0,1643.0,166.666672,3
0.0,3.112988,8222720.0,0.0,0.64247,0.0,0.0,2.0,0.0,0.0,33.333333,380.34198,380.34198,0.0,64.0,0.0,222.0,0.000743,1721542784.0,4077568.0,0.000743,0.0,0.0,3.112988,3.112988,62.0,0.0,1.0,0.0,3.0,-0.0,0.0,0.0,74.0,0.0,3.112988,3.112988,0.963704,1.0,0.0,4.0,2.0,0.0,74.0,0.0,296.0,74.0,3
5.02129,0.199152,64256.0,0.0,0.0,0.0,0.0,0.0,0.0,0.0,0.0,2651.241455,0.0,0.0,64.0,0.0,66.0,0.000743,1721542784.0,4077568.0,0.000743,0.0,2651.241455,0.199152,0.199152,62.0,0.0,2.0,0.0,1.0,-0.0,1.0,0.0,132.0,0.0,0.199152,0.199152,10.042581,0.0,0.0,3.0,0.0,0.0,66.0,0.0,198.0,66.0,3
0.0,0.0,64128.0,0.0,0.0,0.0,0.0,1.0,0.0,0.0,33.333333,0.0,0.0,0.0,64.0,0.0,364.0,0.001016,1721542784.0,31872.0,0.001016,0.0,0.0,0.0,0.0,62.0,0.0,1.0,0.0,1.0,-0.0,1.0,0.0,78.0,1.0,0.0,0.0,0.0,1.0,0.0,2.0,1.0,0.0,78.0,0.0,442.0,364.0,3
14.192692,0.352294,64128.0,0.0,11.354153,0.166401,0.0,0.0,0.0,0.0,0.0,28930.382812,11672.069336,0.0,64.0,0.0,642.0,0.000516,1721542784.0,31872.0,0.166917,0.0,17258.3125,0.352294,0.352294,62.0,0.0,6.0,0.0,5.0,-0.0,0.0,0.0,911.0,0.0,0.352294,0.352294,28.385384,0.0,0.0,11.0,0.0,0.0,151.833328,0.0,1553.0,128.399994,3
5.965128,0.167641,64256.0,0.0,0.0,0.166649,0.0,0.0,0.0,0.0,0.0,3340.47168,0.0,0.0,64.0,0.0,74.0,0.000992,1721542784.0,4077568.0,0.167641,0.0,3340.47168,0.167641,0.167641,62.0,0.0,2.0,0.0,1.0,-0.0,0.0,0.0,140.0,0.0,0.167641,0.167641,11.930256,0.0,0.0,3.0,0.0,0.0,70.0,0.0,214.0,74.0,3
0.0,0.0,64128.0,0.0,0.0,0.0,0.0,0.0,0.0,0.0,0.0,0.0,0.0,0.0,64.0,0.0,66.0,0.001016,1721542784.0,31872.0,0.001016,0.0,0.0,0.0,0.0,62.0,0.0,1.0,0.0,1.0,-0.0,1.0,0.0,66.0,1.0,0.0,0.0,0.0,0.0,0.0,2.0,0.0,0.0,66.0,0.0,132.0,66.0,3
1.012937,4.936141,64128.0,0.0,1.215524,0.176875,0.0,2.0,0.0,0.0,13.333333,2317.599854,1090.730591,0.0,64.0,0.0,785.0,0.000509,1721542784.0,31872.0,0.177384,0.0,1226.869385,4.936141,4.936141,62.0,0.0,6.0,0.0,7.0,-0.0,0.0,0.0,908.0,0.0,4.936141,4.936141,2.431049,1.0,0.0,13.0,2.0,0.0,151.333328,0.0,1693.0,112.14286,3
5.934542,0.168505,64256.0,0.0,0.0,0.166649,0.0,0.0,0.0,0.0,0.0,3133.438232,0.0,0.0,64.0,0.0,66.0,0.000992,1721542784.0,4077568.0,0.167641,0.0,3133.438232,0.168505,0.168505,62.0,0.0,2.0,0.0,1.0,-0.0,1.0,0.0,132.0,0.0,0.168505,0.168505,11.869084,0.0,0.0,3.0,0.0,0.0,66.0,0.0,198.0,66.0,3
3.008648,2.991377,64128.0,0.0,9.360237,0.524019,0.0,7.0,0.0,0.0,15.217391,105861.609375,103171.210938,1.0,64.0,0.0,39955.0,0.000504,1721542784.0,31872.0,0.524523,0.0,2690.399658,2.991377,2.991377,62.0,0.0,10.0,0.0,29.0,-0.0,0.0,0.0,1117.0,1.0,2.991377,2.991377,12.703179,1.0,0.0,39.0,7.0,0.0,111.699997,0.0,41072.0,1377.758667,3
3.237346,0.308895,64256.0,0.0,0.0,0.307686,0.0,0.0,0.0,0.0,0.0,1812.913818,0.0,0.0,64.0,0.0,74.0,0.001209,1721542784.0,4077568.0,0.308895,0.0,1812.913818,0.308895,0.308895,62.0,0.0,2.0,0.0,1.0,-0.0,0.0,0.0,140.0,0.0,0.308895,0.308895,6.474692,0.0,0.0,3.0,0.0,0.0,70.0,0.0,214.0,74.0,3
0.0,0.0,521622.3241706161,0.0,0.0,0.524019,0.0,0.0,0.0,0.0,0.0,0.0,0.0,0.0,64.0,0.0,1514.0,0.000504,1721542784.0,1183398.375711575,0.524523,0.0,0.0,0.0,0.0,62.0,0.0,0.0,0.0,1.0,-0.0,1.0,0.0,0.0,1.0,0.0,0.0,0.0,1.0,0.0,1.0,1.0,0.0,0.0,0.0,1514.0,1514.0,3
21.786493,0.0459,64256.0,0.0,0.0,0.307686,0.0,0.0,0.0,0.0,0.0,11503.268555,0.0,0.0,64.0,0.0,66.0,0.001209,1721542784.0,4077568.0,0.308895,0.0,11503.268555,0.0459,0.0459,62.0,0.0,2.0,0.0,1.0,-0.0,1.0,0.0,132.0,0.0,0.0459,0.0459,43.572987,0.0,0.0,3.0,0.0,0.0,66.0,0.0,198.0,66.0,3
41.957077,1.001023,78592.0,0.0,55.942768,0.524019,0.0,0.0,0.0,0.0,0.0,685746.4375,666214.4375,0.0,64.0,0.0,84850.0,0.000504,1721542784.0,31872.0,0.524523,0.0,19532.017578,1.001023,1.001023,62.0,0.0,43.0,0.0,57.0,-0.0,1.0,0.0,2502.0,1.0,1.001023,1.001023,98.898819,0.0,0.0,100.0,0.0,0.0,58.186047,0.0,87352.0,1488.596436,3
2.003422,0.998292,64256.0,0.0,4.006844,0.306819,0.0,0.0,0.0,0.0,0.0,7677.112305,3974.788818,0.0,64.0,0.0,620.0,0.000826,1721542784.0,31872.0,0.307645,0.0,3702.323486,0.998292,0.998292,62.0,0.0,3.0,0.0,5.0,-0.0,0.0,0.0,693.0,0.0,0.998292,0.998292,7.011976,0.0,0.0,8.0,0.0,0.0,231.0,0.0,1313.0,124.0,3
0.31405,3.184203,64256.0,0.0,0.628101,0.128785,0.0,2.0,0.0,0.0,28.571429,547.703796,371.835602,0.0,64.0,0.0,222.0,0.000935,1721542784.0,4077568.0,0.12972,0.0,175.868195,3.184203,3.184203,62.0,0.0,2.0,0.0,3.0,-0.0,0.0,0.0,140.0,0.0,3.184203,3.184203,1.256201,1.0,0.0,5.0,2.0,0.0,70.0,0.0,362.0,74.0,3
5.939512,0.168364,64256.0,0.0,0.0,0.128785,0.0,0.0,0.0,0.0,0.0,3136.062256,0.0,0.0,64.0,0.0,66.0,0.000935,1721542784.0,4077568.0,0.12972,0.0,3136.062256,0.168364,0.168364,62.0,0.0,2.0,0.0,1.0,-0.0,1.0,0.0,132.0,0.0,0.168364,0.168364,11.879024,0.0,0.0,3.0,0.0,0.0,66.0,0.0,198.0,66.0,3
0.0,0.001001,64256.0,0.0,0.0,0.306819,0.0,0.0,0.0,0.0,0.0,0.0,0.0,0.0,64.0,0.0,66.0,0.000826,1721542784.0,31872.0,0.307645,0.0,0.0,0.001001,0.001001,62.0,0.0,1.0,0.0,1.0,-0.0,1.0,0.0,66.0,0.0,0.001001,0.001001,999.000916,0.0,0.0,2.0,0.0,0.0,66.0,0.0,132.0,66.0,3
8.792059,0.568695,64128.0,0.0,7.033647,0.27452,0.0,0.0,0.0,0.0,0.0,17429.376953,6977.37793,0.0,64.0,0.0,620.0,0.000503,1721542784.0,31872.0,0.275023,0.0,10452.0,0.568695,0.568695,62.0,0.0,6.0,0.0,5.0,-0.0,0.0,0.0,891.0,0.0,0.568695,0.568695,17.584118,0.0,0.0,11.0,0.0,0.0,148.5,0.0,1511.0,124.0,3
3.594174,0.278228,64256.0,0.0,0.0,0.277386,0.0,0.0,0.0,0.0,0.0,2012.737671,0.0,0.0,64.0,0.0,74.0,0.000842,1721542784.0,4077568.0,0.278228,0.0,2012.737671,0.278228,0.278228,62.0,0.0,2.0,0.0,1.0,-0.0,0.0,0.0,140.0,0.0,0.278228,0.278228,7.188349,0.0,0.0,3.0,0.0,0.0,70.0,0.0,214.0,74.0,3
2.001543,0.999229,64256.0,0.0,3.002315,0.277386,0.0,0.0,0.0,0.0,0.0,2714.092529,1657.27771,0.0,64.0,0.0,276.0,0.000842,1721542784.0,31872.0,0.278228,0.0,1056.814819,0.999229,0.999229,62.0,0.0,3.0,0.0,4.0,-0.0,1.0,0.0,198.0,1.0,0.999229,0.999229,6.00463,0.0,0.0,7.0,0.0,0.0,66.0,0.0,474.0,69.0,3
14.100793,0.35459,64128.0,0.0,11.280634,0.168208,0.0,0.0,0.0,0.0,0.0,27930.849609,11190.388672,0.0,64.0,0.0,619.0,0.001509,1721542784.0,31872.0,0.169717,0.0,16740.460938,0.35459,0.35459,62.0,0.0,6.0,0.0,5.0,-0.0,0.0,0.0,890.0,0.0,0.35459,0.35459,28.201586,0.0,0.0,11.0,0.0,0.0,148.333328,0.0,1509.0,123.800003,3
0.658628,3.036614,8222720.0,2.0,0.987943,0.0,1.0,5.0,0.0,0.0,41.666667,974.769958,584.861938,0.0,64.0,0.0,296.0,0.001094,1721542784.0,4077568.0,0.001094,0.0,389.90799,3.036614,3.036614,62.0,0.0,3.0,0.0,4.0,-0.0,0.0,0.0,222.0,0.0,3.036614,3.036614,1.975885,0.0,0.0,7.0,3.0,0.0,74.0,0.0,518.0,74.0,3
11.724051,0.341179,64128.0,0.0,11.724051,0.16762,0.0,0.0,0.0,0.0,0.0,27106.005859,11630.257812,0.0,64.0,0.0,620.0,0.001003,1721542784.0,31872.0,0.168623,0.0,15475.74707,0.341179,0.341179,62.0,0.0,5.0,0.0,5.0,-0.0,0.0,0.0,825.0,0.0,0.341179,0.341179,26.379114,0.0,0.0,10.0,0.0,0.0,165.0,0.0,1445.0,124.0,3
0.463495,2.15752,64256.0,1.0,0.463495,0.153846,1.0,3.0,0.0,0.0,42.857143,533.94635,274.389099,0.0,64.0,0.0,148.0,0.001094,1721542784.0,4077568.0,0.15494,0.0,259.557251,2.15752,2.15752,62.0,0.0,2.0,0.0,2.0,-0.0,1.0,0.0,140.0,0.0,2.15752,2.15752,1.390485,0.0,0.0,4.0,2.0,0.0,70.0,0.0,288.0,74.0,3
2.800291,4.999481,62592.0,0.0,6.200644,0.153846,0.0,12.0,0.0,0.0,20.338983,73487.625,71212.1875,0.0,64.0,1.0,45938.0,0.001094,1721542784.0,31872.0,0.15494,0.0,2275.436035,4.999481,4.999481,62.0,0.0,15.0,0.0,32.0,-0.0,1.0,0.0,1523.0,1.0,4.999481,4.999481,9.200954,1.0,0.0,47.0,12.0,0.0,101.533333,0.0,47461.0,1435.5625,3
11.952985,0.75295,62592.0,0.0,14.609203,0.153846,0.0,2.0,0.0,0.0,8.333333,183034.734375,176946.671875,0.0,64.0,0.0,18168.0,0.001094,1721542784.0,31872.0,0.15494,0.0,6088.053711,0.75295,0.75295,62.0,0.0,10.0,0.0,12.0,-0.0,1.0,0.0,636.0,1.0,0.75295,0.75295,27.890297,1.0,0.0,22.0,2.0,0.0,63.599998,0.0,18804.0,1514.0,3
45.53278,0.109811,64128.0,0.0,36.426224,0.044879,0.0,0.0,0.0,0.0,0.0,92304.046875,37154.746094,0.0,64.0,0.0,637.0,0.000512,1721542784.0,31872.0,0.045391,0.0,55149.300781,0.109811,0.109811,62.0,0.0,6.0,0.0,5.0,-0.0,0.0,0.0,908.0,0.0,0.109811,0.109811,91.065559,0.0,0.0,11.0,0.0,0.0,151.333328,0.0,1545.0,127.400002,3
2.854623,3.853398,64128.0,0.0,7.525825,0.30829,0.0,8.0,0.0,0.0,16.0,85580.570312,83193.0625,1.0,64.0,0.0,41453.0,0.001175,1721542784.0,31872.0,0.309465,0.0,2387.503174,3.853398,3.853398,62.0,0.0,12.0,0.0,30.0,-0.0,0.0,0.0,1254.0,1.0,3.853398,3.853398,10.639959,1.0,0.0,42.0,8.0,0.0,104.5,0.0,42707.0,1381.766724,3
0.0,3.329754,64128.0,0.0,0.300322,0.30829,0.0,1.0,0.0,0.0,25.0,1898.038086,1898.038086,0.0,64.0,0.0,1580.0,0.001175,1721542784.0,31872.0,0.309465,0.0,0.0,3.329754,3.329754,62.0,0.0,1.0,0.0,2.0,-0.0,1.0,0.0,78.0,1.0,3.329754,3.329754,0.600645,1.0,0.0,3.0,1.0,0.0,78.0,0.0,1658.0,790.0,3
0.433452,4.614126,62720.0,0.0,1.51708,0.30829,0.0,5.0,0.0,0.0,31.25,16459.021484,16178.144531,0.0,64.0,0.0,10664.0,0.001175,1721542784.0,31872.0,0.309465,0.0,280.876587,4.614126,4.614126,62.0,0.0,3.0,0.0,8.0,-0.0,1.0,0.0,242.0,1.0,4.614126,4.614126,2.167258,1.0,0.0,11.0,5.0,0.0,80.666664,0.0,10906.0,1333.0,3
56.898079,0.246054,63488.0,0.0,73.154678,0.30829,0.0,6.0,0.0,0.0,15.0,917684.75,886049.4375,0.0,64.0,0.0,28766.0,0.001175,1721542784.0,31872.0,0.309465,0.0,31635.332031,0.246054,0.246054,62.0,0.0,15.0,0.0,19.0,-0.0,1.0,0.0,1042.0,1.0,0.246054,0.246054,134.116898,1.0,0.0,34.0,6.0,0.0,69.466667,0.0,29808.0,1514.0,3
48.256016,0.849635,67072.0,0.0,83.565292,0.154996,0.0,0.0,0.0,0.0,0.0,1001540.625,975487.125,0.0,64.0,0.0,105060.0,0.000866,1721542784.0,31872.0,0.155862,0.0,26053.541016,0.849635,0.849635,61.0,0.0,42.0,0.0,72.0,-0.0,0.0,0.0,2834.0,0.0,0.849635,0.849635,132.998291,0.0,0.0,114.0,0.0,0.0,67.476189,0.0,107894.0,1459.166626,3
1.845744,0.541787,64256.0,0.0,0.0,0.539527,0.0,0.0,0.0,0.0,0.0,1033.616455,0.0,0.0,64.0,0.0,74.0,0.00226,1721542784.0,4077568.0,0.541787,0.0,1033.616455,0.541787,0.541787,61.0,0.0,2.0,0.0,1.0,-0.0,0.0,0.0,140.0,0.0,0.541787,0.541787,3.691487,0.0,0.0,3.0,0.0,0.0,70.0,0.0,214.0,74.0,3
1.244949,1.606492,64256.0,0.0,1.244949,0.539527,0.0,0.0,0.0,0.0,0.0,1354.504028,697.171204,0.0,64.0,0.0,210.0,0.00226,1721542784.0,31872.0,0.541787,0.0,657.332825,1.606492,1.606492,61.0,0.0,3.0,0.0,3.0,-0.0,1.0,0.0,198.0,1.0,1.606492,1.606492,3.112371,0.0,0.0,6.0,0.0,0.0,66.0,0.0,408.0,70.0,3
8.729264,0.572786,64128.0,0.0,6.983411,0.27688,0.0,0.0,0.0,0.0,0.0,17695.964844,7123.07959,0.0,64.0,0.0,637.0,0.001241,1721542784.0,31872.0,0.278121,0.0,10572.884766,0.572786,0.572786,61.0,0.0,6.0,0.0,5.0,-0.0,0.0,0.0,908.0,0.0,0.572786,0.572786,17.458529,0.0,0.0,11.0,0.0,0.0,151.333328,0.0,1545.0,127.400002,3
3.59318,0.278305,64256.0,0.0,0.0,0.276475,0.0,0.0,0.0,0.0,0.0,2012.180908,0.0,0.0,64.0,0.0,74.0,0.00183,1721542784.0,4077568.0,0.278305,0.0,2012.180908,0.278305,0.278305,61.0,0.0,2.0,0.0,1.0,-0.0,0.0,0.0,140.0,0.0,0.278305,0.278305,7.18636,0.0,0.0,3.0,0.0,0.0,70.0,0.0,214.0,74.0,3
4.991365,0.200346,64256.0,0.0,0.0,0.276475,0.0,0.0,0.0,0.0,0.0,2635.440674,0.0,0.0,64.0,0.0,66.0,0.00183,1721542784.0,4077568.0,0.278305,0.0,2635.440674,0.200346,0.200346,62.0,0.0,2.0,0.0,1.0,-0.0,1.0,0.0,132.0,0.0,0.200346,0.200346,9.98273,0.0,0.0,3.0,0.0,0.0,66.0,0.0,198.0,66.0,3
35.730621,0.139936,64000.0,0.0,35.730621,0.062216,0.0,0.0,0.0,0.0,0.0,141264.578125,104619.257812,0.0,64.0,0.0,2195.0,0.0,1721542784.0,31872.0,0.062216,0.0,36645.324219,0.139936,0.139936,62.0,0.0,6.0,0.0,6.0,-0.0,0.0,0.0,769.0,0.0,0.139936,0.139936,78.607361,0.0,0.0,12.0,0.0,0.0,128.166672,0.0,2964.0,365.833344,3
38.8013,0.154634,64256.0,0.0,25.867533,0.062571,0.0,0.0,0.0,0.0,0.0,63634.128906,30058.072266,0.0,64.0,0.0,726.0,0.000675,1721542784.0,31872.0,0.063246,0.0,33576.058594,0.154634,0.154634,62.0,0.0,7.0,0.0,5.0,-0.0,0.0,0.0,757.0,0.0,0.154634,0.154634,71.135712,0.0,0.0,12.0,0.0,0.0,108.14286,0.0,1483.0,145.199997,3
271.212708,1.622343,692736.0,0.0,869.729797,0.060268,0.0,0.0,0.0,0.0,0.0,10646918.0,10501789.0,0.0,64.0,0.0,2131197.0,0.001013,1721542784.0,31872.0,0.061281,0.0,145128.375,1.622343,1.622343,62.0,0.0,441.0,0.0,1412.0,-0.0,0.0,0.0,29497.0,0.0,1.622343,1.622343,1141.558838,0.0,0.0,1853.0,0.0,0.0,66.88662,0.0,2160694.0,1509.346313,3
18.223898,0.219492,64128.0,0.0,18.223898,0.09232,0.0,0.0,0.0,0.0,0.0,41003.773438,21176.169922,0.0,64.0,0.0,726.0,0.001476,1721542784.0,31872.0,0.093796,0.0,19827.601562,0.219492,0.219492,62.0,0.0,5.0,0.0,5.0,-0.0,0.0,0.0,679.0,0.0,0.219492,0.219492,41.003773,0.0,0.0,10.0,0.0,0.0,135.800003,0.0,1405.0,145.199997,3
101.51387,1.063894,461440.0,0.0,191.748413,0.154341,0.0,0.0,0.0,0.0,0.0,2336909.5,2280400.0,0.0,64.0,0.0,304749.0,0.000501,1721542784.0,31872.0,0.154842,0.0,56509.386719,1.063894,1.063894,62.0,0.0,109.0,0.0,205.0,-0.0,0.0,0.0,7584.0,0.0,1.063894,1.063894,294.20224,0.0,0.0,314.0,0.0,0.0,69.57798,0.0,312333.0,1486.580444,3
170.066193,2.034502,1644032.0,0.0,359.301666,0.169057,0.0,3.0,0.0,0.0,0.277264,4422421.0,4328725.0,0.0,64.0,0.0,1102355.0,0.000503,1721542784.0,31872.0,0.16956,0.0,93695.65625,2.034502,2.034502,62.0,0.0,347.0,0.0,732.0,-0.0,0.0,0.0,23896.0,1.0,2.034502,2.034502,529.859375,1.0,0.0,1079.0,3.0,0.0,68.864555,0.0,1126251.0,1505.949463,3
158.041,3.40418,1024000.0,0.0,428.590729,0.168801,0.0,0.0,0.0,0.0,0.0,5260074.5,5175667.5,0.0,64.0,0.0,2203872.0,0.000505,1721542784.0,31872.0,0.169306,0.0,84406.8125,3.40418,3.40418,62.0,0.0,539.0,0.0,1460.0,-0.0,0.0,0.0,35983.0,0.0,3.40418,3.40418,586.925476,0.0,0.0,1999.0,0.0,0.0,66.758812,0.0,2239855.0,1509.501343,3
72.54464,3.115323,360064.0,0.0,235.609589,0.0,0.0,0.0,0.0,0.0,0.0,2876799.5,2837456.0,0.0,64.0,0.0,1106454.0,0.001428,1721542784.0,31872.0,0.001428,0.0,39343.59375,3.115323,3.115323,62.0,0.0,227.0,0.0,735.0,-0.0,0.0,0.0,15388.0,0.0,3.115323,3.115323,308.47522,0.0,0.0,962.0,0.0,0.0,67.788544,0.0,1121842.0,1505.379639,3
67.960228,0.662152,98944.0,0.0,95.144318,0.153878,0.0,0.0,0.0,0.0,0.0,1142867.5,1105401.75,0.0,64.0,0.0,92945.0,0.000505,1721542784.0,31872.0,0.154383,0.0,37465.71875,0.662152,0.662152,62.0,0.0,46.0,0.0,64.0,-0.0,0.0,0.0,3169.0,0.0,0.662152,0.662152,164.614777,0.0,0.0,110.0,0.0,0.0,68.891304,0.0,96114.0,1452.265625,3
6.034384,0.165717,64256.0,0.0,0.0,0.165717,0.0,0.0,0.0,0.0,0.0,3379.254883,0.0,0.0,64.0,0.0,74.0,0.0,1721542784.0,4077568.0,0.165717,0.0,3379.254883,0.165717,0.165717,62.0,0.0,2.0,0.0,1.0,-0.0,0.0,0.0,140.0,0.0,0.165717,0.165717,12.068768,0.0,0.0,3.0,0.0,0.0,70.0,0.0,214.0,74.0,3
6.417044,0.155835,64256.0,0.0,0.0,0.165717,0.0,0.0,0.0,0.0,0.0,3388.198975,0.0,0.0,64.0,0.0,66.0,0.0,1721542784.0,4077568.0,0.165717,0.0,3388.198975,0.155835,0.155835,62.0,0.0,2.0,0.0,1.0,-0.0,1.0,0.0,132.0,0.0,0.155835,0.155835,12.834087,0.0,0.0,3.0,0.0,0.0,66.0,0.0,198.0,66.0,3
69.610649,1.465293,318208.0,0.0,151.505524,0.0,0.0,0.0,0.0,0.0,0.0,1839501.0,1800633.625,0.0,64.0,0.0,331292.0,0.00096,1721542784.0,31872.0,0.00096,0.0,38867.308594,1.465293,1.465293,62.0,0.0,103.0,0.0,223.0,-0.0,0.0,0.0,7188.0,0.0,1.465293,1.465293,221.79863,0.0,0.0,326.0,0.0,0.0,69.786407,0.0,338480.0,1485.61438,3
5.468126,0.182878,64256.0,0.0,0.0,0.182378,0.0,0.0,0.0,0.0,0.0,3062.150635,0.0,0.0,64.0,0.0,74.0,0.0005,1721542784.0,4077568.0,0.182878,0.0,3062.150635,0.182878,0.182878,62.0,0.0,2.0,0.0,1.0,-0.0,0.0,0.0,140.0,0.0,0.182878,0.182878,10.936253,0.0,0.0,3.0,0.0,0.0,70.0,0.0,214.0,74.0,3
16.16057,0.061879,64256.0,0.0,0.0,0.182378,0.0,0.0,0.0,0.0,0.0,8532.78125,0.0,0.0,64.0,0.0,66.0,0.0005,1721542784.0,4077568.0,0.182878,0.0,8532.78125,0.061879,0.061879,62.0,0.0,2.0,0.0,1.0,-0.0,1.0,0.0,132.0,0.0,0.061879,0.061879,32.32114,0.0,0.0,3.0,0.0,0.0,66.0,0.0,198.0,66.0,3
98.920776,1.112001,404736.0,0.0,190.647324,0.090688,0.0,0.0,0.0,0.0,0.0,2322429.75,2267415.25,0.0,64.0,0.0,316657.0,0.000503,1721542784.0,31872.0,0.091191,0.0,55014.34375,1.112001,1.112001,62.0,0.0,111.0,0.0,213.0,-0.0,0.0,0.0,7716.0,0.0,1.112001,1.112001,290.467377,0.0,0.0,324.0,0.0,0.0,69.513512,0.0,324373.0,1486.652588,3
0.853634,1.171462,64256.0,0.0,0.853634,0.156589,0.0,1.0,0.0,0.0,20.0,983.386536,505.35141,0.0,64.0,0.0,148.0,0.001523,1721542784.0,4077568.0,0.158112,0.0,478.035126,1.171462,1.171462,62.0,0.0,2.0,0.0,2.0,-0.0,0.0,0.0,140.0,0.0,1.171462,1.171462,2.560902,1.0,0.0,4.0,1.0,0.0,70.0,0.0,288.0,74.0,3
5.937537,0.16842,64256.0,0.0,0.0,0.156589,0.0,0.0,0.0,0.0,0.0,3135.019531,0.0,0.0,64.0,0.0,66.0,0.001523,1721542784.0,4077568.0,0.158112,0.0,3135.019531,0.16842,0.16842,62.0,0.0,2.0,0.0,1.0,-0.0,1.0,0.0,132.0,0.0,0.16842,0.16842,11.875074,0.0,0.0,3.0,0.0,0.0,66.0,0.0,198.0,66.0,3
189.351242,0.802741,482432.0,0.0,305.204285,0.154271,0.0,0.0,0.0,0.0,0.0,3734604.25,3630760.25,0.0,64.0,0.0,365807.0,0.000504,1721542784.0,31872.0,0.154775,0.0,103844.203125,0.802741,0.802741,62.0,0.0,153.0,0.0,246.0,-0.0,0.0,0.0,10488.0,0.0,0.802741,0.802741,495.80127,0.0,0.0,399.0,0.0,0.0,68.549019,0.0,376295.0,1487.020386,3
87.23143,1.089057,397184.0,0.0,209.355438,0.181871,0.0,4.0,0.0,0.0,1.215805,2541090.25,2490624.5,0.0,64.0,0.0,340541.0,0.000496,1721542784.0,31872.0,0.182367,0.0,50465.679688,1.089057,1.089057,62.0,0.0,96.0,0.0,229.0,-0.0,0.0,0.0,6942.0,1.0,1.089057,1.089057,297.505096,1.0,0.0,325.0,4.0,0.0,72.3125,0.0,347483.0,1487.078613,3
5.957452,0.167857,64256.0,0.0,0.0,0.16677,0.0,0.0,0.0,0.0,0.0,3336.172852,0.0,0.0,64.0,0.0,74.0,0.001087,1721542784.0,4077568.0,0.167857,0.0,3336.172852,0.167857,0.167857,62.0,0.0,2.0,0.0,1.0,-0.0,0.0,0.0,140.0,0.0,0.167857,0.167857,11.914904,0.0,0.0,3.0,0.0,0.0,70.0,0.0,214.0,74.0,3
6.506731,0.153687,64256.0,0.0,0.0,0.16677,0.0,0.0,0.0,0.0,0.0,3435.553955,0.0,0.0,64.0,0.0,66.0,0.001087,1721542784.0,4077568.0,0.167857,0.0,3435.553955,0.153687,0.153687,62.0,0.0,2.0,0.0,1.0,-0.0,1.0,0.0,132.0,0.0,0.153687,0.153687,13.013462,0.0,0.0,3.0,0.0,0.0,66.0,0.0,198.0,66.0,3
63.487301,0.693052,64128.0,0.0,90.902267,0.154422,0.0,0.0,0.0,0.0,0.0,1091161.875,1056128.5,0.0,64.0,0.0,92946.0,0.000498,1721542784.0,31872.0,0.15492,0.0,35033.445312,0.693052,0.693052,62.0,0.0,45.0,0.0,64.0,-0.0,0.0,0.0,3103.0,0.0,0.693052,0.693052,155.832458,0.0,0.0,109.0,0.0,0.0,68.955559,0.0,96049.0,1452.28125,3
16.248009,0.061546,64256.0,0.0,0.0,0.061138,0.0,0.0,0.0,0.0,0.0,9098.884766,0.0,0.0,64.0,0.0,74.0,0.000408,1721542784.0,4077568.0,0.061546,0.0,9098.884766,0.061546,0.061546,62.0,0.0,2.0,0.0,1.0,-0.0,0.0,0.0,140.0,0.0,0.061546,0.061546,32.496017,0.0,0.0,3.0,0.0,0.0,70.0,0.0,214.0,74.0,3
6.416097,0.155858,64256.0,0.0,6.416097,0.061138,0.0,0.0,0.0,0.0,0.0,6775.398438,3387.699219,0.0,64.0,0.0,132.0,0.000408,1721542784.0,31872.0,0.061546,0.0,3387.699219,0.155858,0.155858,62.0,0.0,2.0,0.0,2.0,-0.0,1.0,0.0,132.0,0.0,0.155858,0.155858,19.248291,0.0,0.0,4.0,0.0,0.0,66.0,0.0,264.0,66.0,3
123.984306,4.024703,1289600.0,0.0,361.26889,0.0,0.0,7.0,0.0,0.0,0.356779,4430711.0,4363671.0,0.0,64.0,0.0,2196819.0,0.000494,1721542784.0,31872.0,0.000494,0.0,67039.976562,4.024703,4.024703,62.0,0.0,500.0,0.0,1455.0,-0.0,0.0,0.0,33794.0,1.0,4.024703,4.024703,485.501648,1.0,0.0,1955.0,7.0,0.0,67.587997,0.0,2230613.0,1509.841187,3
200.709671,0.264063,72832.0,0.0,238.579422,0.061857,0.0,0.0,0.0,0.0,0.0,2877192.25,2771369.0,0.0,64.0,0.0,92929.0,0.000459,1721542784.0,31872.0,0.062316,0.0,105823.234375,0.264063,0.264063,62.0,0.0,54.0,0.0,64.0,-0.0,0.0,0.0,3558.0,0.0,0.264063,0.264063,443.07608,0.0,0.0,118.0,0.0,0.0,65.888885,0.0,96487.0,1452.015625,3
67.999847,0.691178,84864.0,0.0,104.169975,0.159585,0.0,0.0,0.0,0.0,0.0,1236717.5,1200107.625,0.0,64.0,0.0,105126.0,0.000515,1721542784.0,31872.0,0.1601,0.0,36609.960938,0.691178,0.691178,62.0,0.0,48.0,0.0,73.0,-0.0,0.0,0.0,3230.0,0.0,0.691178,0.691178,173.616638,0.0,0.0,121.0,0.0,0.0,67.291664,0.0,108356.0,1440.082153,3
123.613358,3.74555,1123968.0,0.0,393.266693,0.165944,0.0,14.0,0.0,0.0,0.717213,4816094.0,4749217.5,0.0,64.0,0.0,2225063.0,0.000588,1721542784.0,31872.0,0.166532,0.0,66876.164062,3.74555,3.74555,62.0,0.0,464.0,0.0,1474.0,-0.0,0.0,0.0,31378.0,1.0,3.74555,3.74555,517.147034,1.0,0.0,1938.0,14.0,0.0,67.625,0.0,2256441.0,1509.540649,3
5.406457,0.184964,64256.0,0.0,0.0,0.18446,0.0,0.0,0.0,0.0,0.0,3027.616211,0.0,0.0,64.0,0.0,74.0,0.000504,1721542784.0,4077568.0,0.184964,0.0,3027.616211,0.184964,0.184964,62.0,0.0,2.0,0.0,1.0,-0.0,0.0,0.0,140.0,0.0,0.184964,0.184964,10.812915,0.0,0.0,3.0,0.0,0.0,70.0,0.0,214.0,74.0,3
16.018709,0.062427,64256.0,0.0,0.0,0.18446,0.0,0.0,0.0,0.0,0.0,8457.878906,0.0,0.0,64.0,0.0,66.0,0.000504,1721542784.0,4077568.0,0.184964,0.0,8457.878906,0.062427,0.062427,62.0,0.0,2.0,0.0,1.0,-0.0,1.0,0.0,132.0,0.0,0.062427,0.062427,32.037418,0.0,0.0,3.0,0.0,0.0,66.0,0.0,198.0,66.0,3
7.512283,0.399346,64128.0,0.0,10.016376,0.0,0.0,0.0,0.0,0.0,0.0,21415.013672,9976.311523,0.0,64.0,0.0,622.0,0.001008,1721542784.0,31872.0,0.001008,0.0,11438.702148,0.399346,0.399346,62.0,0.0,4.0,0.0,5.0,-0.0,0.0,0.0,761.0,0.0,0.399346,0.399346,20.032753,0.0,0.0,9.0,0.0,0.0,190.25,0.0,1383.0,124.400002,3
16.373848,0.061073,64256.0,0.0,0.0,0.060573,0.0,0.0,0.0,0.0,0.0,9169.354492,0.0,0.0,64.0,0.0,74.0,0.0005,1721542784.0,4077568.0,0.061073,0.0,9169.354492,0.061073,0.061073,62.0,0.0,2.0,0.0,1.0,-0.0,0.0,0.0,140.0,0.0,0.061073,0.061073,32.747696,0.0,0.0,3.0,0.0,0.0,70.0,0.0,214.0,74.0,3
5.918315,0.168967,64256.0,0.0,5.918315,0.060573,0.0,0.0,0.0,0.0,0.0,6249.741211,3124.870605,0.0,64.0,0.0,132.0,0.0005,1721542784.0,31872.0,0.061073,0.0,3124.870605,0.168967,0.168967,62.0,0.0,2.0,0.0,2.0,-0.0,1.0,0.0,132.0,0.0,0.168967,0.168967,17.754948,0.0,0.0,4.0,0.0,0.0,66.0,0.0,264.0,66.0,3
11.865845,0.337102,64128.0,0.0,11.865845,0.153792,0.0,0.0,0.0,0.0,0.0,27433.833984,11770.917969,0.0,64.0,0.0,619.0,0.0,1721542784.0,31872.0,0.153792,0.0,15662.915039,0.337102,0.337102,62.0,0.0,5.0,0.0,5.0,-0.0,0.0,0.0,824.0,0.0,0.337102,0.337102,26.698151,0.0,0.0,10.0,0.0,0.0,164.800003,0.0,1443.0,123.800003,3
6.438446,0.155317,64256.0,0.0,0.0,0.153887,0.0,0.0,0.0,0.0,0.0,3605.529541,0.0,0.0,64.0,0.0,74.0,0.00143,1721542784.0,4077568.0,0.155317,0.0,3605.529541,0.155317,0.155317,62.0,0.0,2.0,0.0,1.0,-0.0,0.0,0.0,140.0,0.0,0.155317,0.155317,12.876891,0.0,0.0,3.0,0.0,0.0,70.0,0.0,214.0,74.0,3
11.17978,0.447236,64128.0,0.0,8.943824,0.214004,0.0,0.0,0.0,0.0,0.0,22627.875,9104.8125,0.0,64.0,0.0,636.0,0.001418,1721542784.0,31872.0,0.215422,0.0,13523.061523,0.447236,0.447236,62.0,0.0,6.0,0.0,5.0,-0.0,0.0,0.0,907.0,0.0,0.447236,0.447236,22.35956,0.0,0.0,11.0,0.0,0.0,151.166672,0.0,1543.0,127.199997,3
4.921865,0.203175,64256.0,0.0,0.0,0.153887,0.0,0.0,0.0,0.0,0.0,2598.745117,0.0,0.0,64.0,0.0,66.0,0.00143,1721542784.0,4077568.0,0.155317,0.0,2598.745117,0.203175,0.203175,62.0,0.0,2.0,0.0,1.0,-0.0,1.0,0.0,132.0,0.0,0.203175,0.203175,9.843731,0.0,0.0,3.0,0.0,0.0,66.0,0.0,198.0,66.0,3
5.043688,0.991338,64128.0,0.0,5.043688,0.167682,0.0,0.0,0.0,0.0,0.0,10894.367188,4761.241699,0.0,64.0,0.0,708.0,0.000504,1721542784.0,31872.0,0.168186,0.0,6133.125,0.991338,0.991338,62.0,0.0,6.0,0.0,6.0,-0.0,0.0,0.0,911.0,0.0,0.991338,0.991338,11.096114,0.0,0.0,12.0,0.0,0.0,151.833328,0.0,1619.0,118.0,3
6.978465,0.143298,64256.0,0.0,0.0,0.142795,0.0,0.0,0.0,0.0,0.0,3907.940186,0.0,0.0,64.0,0.0,74.0,0.000503,1721542784.0,4077568.0,0.143298,0.0,3907.940186,0.143298,0.143298,62.0,0.0,2.0,0.0,1.0,-0.0,0.0,0.0,140.0,0.0,0.143298,0.143298,13.956929,0.0,0.0,3.0,0.0,0.0,70.0,0.0,214.0,74.0,3
5.84194,0.171176,64256.0,0.0,0.0,0.142795,0.0,0.0,0.0,0.0,0.0,3084.544434,0.0,0.0,64.0,0.0,66.0,0.000503,1721542784.0,4077568.0,0.143298,0.0,3084.544434,0.171176,0.171176,62.0,0.0,2.0,0.0,1.0,-0.0,1.0,0.0,132.0,0.0,0.171176,0.171176,11.683881,0.0,0.0,3.0,0.0,0.0,66.0,0.0,198.0,66.0,3
4.240496,0.943286,64128.0,0.0,5.300619,0.154873,0.0,0.0,0.0,0.0,0.0,10686.048828,4969.86084,0.0,64.0,0.0,703.0,0.000803,1721542784.0,31872.0,0.155676,0.0,5716.187988,0.943286,0.943286,62.0,0.0,5.0,0.0,6.0,-0.0,0.0,0.0,842.0,0.0,0.943286,0.943286,10.601238,0.0,0.0,11.0,0.0,0.0,168.399994,0.0,1545.0,117.166664,3
59.014282,0.677802,65664.0,0.0,98.848923,0.157018,0.0,0.0,0.0,0.0,0.0,1184156.875,1151321.375,0.0,64.0,0.0,99001.0,0.000502,1721542784.0,31872.0,0.15752,0.0,32835.546875,0.677802,0.677802,62.0,0.0,41.0,0.0,68.0,-0.0,0.0,0.0,2851.0,0.0,0.677802,0.677802,159.338562,0.0,0.0,109.0,0.0,0.0,69.536583,0.0,101852.0,1455.897095,3
11.780401,0.339547,64128.0,0.0,11.780401,0.0,0.0,0.0,0.0,0.0,0.0,27236.287109,11686.158203,0.0,64.0,0.0,620.0,0.001135,1721542784.0,31872.0,0.001135,0.0,15550.129883,0.339547,0.339547,62.0,0.0,5.0,0.0,5.0,-0.0,0.0,0.0,825.0,0.0,0.339547,0.339547,26.505903,0.0,0.0,10.0,0.0,0.0,165.0,0.0,1445.0,124.0,3
6.441597,0.155241,64256.0,0.0,0.0,0.15447,0.0,0.0,0.0,0.0,0.0,3607.294434,0.0,0.0,64.0,0.0,74.0,0.000771,1721542784.0,4077568.0,0.155241,0.0,3607.294434,0.155241,0.155241,62.0,0.0,2.0,0.0,1.0,-0.0,0.0,0.0,140.0,0.0,0.155241,0.155241,12.883195,0.0,0.0,3.0,0.0,0.0,70.0,0.0,214.0,74.0,3
6.408449,0.156044,64256.0,0.0,0.0,0.15447,0.0,0.0,0.0,0.0,0.0,3383.660889,0.0,0.0,64.0,0.0,66.0,0.000771,1721542784.0,4077568.0,0.155241,0.0,3383.660889,0.156044,0.156044,62.0,0.0,2.0,0.0,1.0,-0.0,1.0,0.0,132.0,0.0,0.156044,0.156044,12.816897,0.0,0.0,3.0,0.0,0.0,66.0,0.0,198.0,66.0,3
47.129353,0.106091,64128.0,0.0,37.70348,0.038926,0.0,0.0,0.0,0.0,0.0,93429.226562,37401.851562,0.0,64.0,0.0,620.0,0.005676,1721542784.0,31872.0,0.044602,0.0,56027.371094,0.106091,0.106091,62.0,0.0,6.0,0.0,5.0,-0.0,0.0,0.0,891.0,0.0,0.106091,0.106091,94.258705,0.0,0.0,11.0,0.0,0.0,148.5,0.0,1511.0,124.0,3
4.831702,1.034832,64128.0,0.0,4.831702,0.168416,0.0,0.0,0.0,0.0,0.0,10150.439453,4414.243164,0.0,64.0,0.0,685.0,0.000686,1721542784.0,31872.0,0.169102,0.0,5736.196777,1.034832,1.034832,62.0,0.0,6.0,0.0,6.0,-0.0,0.0,0.0,890.0,0.0,1.034832,1.034832,10.629745,0.0,0.0,12.0,0.0,0.0,148.333328,0.0,1575.0,114.166664,3
5.890461,0.169766,64256.0,0.0,0.0,0.168764,0.0,0.0,0.0,0.0,0.0,3298.658203,0.0,0.0,64.0,0.0,74.0,0.001002,1721542784.0,4077568.0,0.169766,0.0,3298.658203,0.169766,0.169766,62.0,0.0,2.0,0.0,1.0,-0.0,0.0,0.0,140.0,0.0,0.169766,0.169766,11.780922,0.0,0.0,3.0,0.0,0.0,70.0,0.0,214.0,74.0,3
16.133976,0.061981,64256.0,0.0,0.0,0.168764,0.0,0.0,0.0,0.0,0.0,8518.739258,0.0,0.0,64.0,0.0,66.0,0.001002,1721542784.0,4077568.0,0.169766,0.0,8518.739258,0.061981,0.061981,62.0,0.0,2.0,0.0,1.0,-0.0,1.0,0.0,132.0,0.0,0.061981,0.061981,32.267952,0.0,0.0,3.0,0.0,0.0,66.0,0.0,198.0,66.0,3
45.986317,0.108728,64128.0,0.0,36.789051,0.046225,0.0,0.0,0.0,0.0,0.0,91163.273438,36494.738281,0.0,64.0,0.0,620.0,0.000514,1721542784.0,31872.0,0.046739,0.0,54668.53125,0.108728,0.108728,62.0,0.0,6.0,0.0,5.0,-0.0,0.0,0.0,891.0,0.0,0.108728,0.108728,91.972633,0.0,0.0,11.0,0.0,0.0,148.5,0.0,1511.0,124.0,3
62.121849,0.692188,63488.0,0.0,85.236954,0.15212,0.0,0.0,0.0,0.0,0.0,1021676.125,987500.5,0.0,64.0,0.0,86890.0,0.000961,1721542784.0,31872.0,0.153081,0.0,34175.683594,0.692188,0.692188,62.0,0.0,44.0,0.0,60.0,-0.0,0.0,0.0,3025.0,0.0,0.692188,0.692188,148.803497,0.0,0.0,104.0,0.0,0.0,68.75,0.0,89915.0,1448.166626,3
5.92842,0.168679,64256.0,0.0,0.0,0.167076,0.0,0.0,0.0,0.0,0.0,3319.915283,0.0,0.0,64.0,0.0,74.0,0.001603,1721542784.0,4077568.0,0.168679,0.0,3319.915283,0.168679,0.168679,62.0,0.0,2.0,0.0,1.0,-0.0,0.0,0.0,140.0,0.0,0.168679,0.168679,11.85684,0.0,0.0,3.0,0.0,0.0,70.0,0.0,214.0,74.0,3
16.173378,0.06183,64256.0,0.0,0.0,0.167076,0.0,0.0,0.0,0.0,0.0,8539.543945,0.0,0.0,64.0,0.0,66.0,0.001603,1721542784.0,4077568.0,0.168679,0.0,8539.543945,0.06183,0.06183,62.0,0.0,2.0,0.0,1.0,-0.0,1.0,0.0,132.0,0.0,0.06183,0.06183,32.346756,0.0,0.0,3.0,0.0,0.0,66.0,0.0,198.0,66.0,3
3.48988,1.432714,64128.0,0.0,4.187856,0.154005,0.0,0.0,0.0,0.0,0.0,7912.256348,3685.313477,0.0,64.0,0.0,769.0,0.0,1721542784.0,31872.0,0.154005,0.0,4226.942871,1.432714,1.432714,62.0,0.0,6.0,0.0,7.0,-0.0,0.0,0.0,908.0,0.0,1.432714,1.432714,8.375712,0.0,0.0,13.0,0.0,0.0,151.333328,0.0,1677.0,109.85714,3
0.842892,1.186391,64256.0,0.0,0.842892,0.164646,0.0,1.0,0.0,0.0,20.0,971.012085,498.99231,0.0,64.0,0.0,148.0,0.000275,1721542784.0,4077568.0,0.164921,0.0,472.019775,1.186391,1.186391,62.0,0.0,2.0,0.0,2.0,-0.0,0.0,0.0,140.0,0.0,1.186391,1.186391,2.528677,1.0,0.0,4.0,1.0,0.0,70.0,0.0,288.0,74.0,3
4.972675,0.201099,64256.0,0.0,4.972675,0.164646,0.0,0.0,0.0,0.0,0.0,5251.14502,2625.57251,0.0,64.0,0.0,132.0,0.000275,1721542784.0,31872.0,0.164921,0.0,2625.57251,0.201099,0.201099,61.0,0.0,2.0,0.0,2.0,-0.0,1.0,0.0,132.0,0.0,0.201099,0.201099,14.918026,0.0,0.0,4.0,0.0,0.0,66.0,0.0,264.0,66.0,3
48.579308,0.988075,64128.0,0.0,63.760342,0.215899,0.0,0.0,0.0,0.0,0.0,766727.1875,740648.1875,0.0,64.0,0.0,92929.0,0.0005,1721542784.0,31872.0,0.216399,0.0,26078.992188,0.988075,0.988075,61.0,0.0,49.0,0.0,64.0,-0.0,0.0,0.0,3288.0,0.0,0.988075,0.988075,113.351715,0.0,0.0,113.0,0.0,0.0,67.102043,0.0,96217.0,1452.015625,3
5.950433,0.168055,64256.0,0.0,0.0,0.166548,0.0,0.0,0.0,0.0,0.0,3332.242432,0.0,0.0,64.0,0.0,74.0,0.001507,1721542784.0,4077568.0,0.168055,0.0,3332.242432,0.168055,0.168055,62.0,0.0,2.0,0.0,1.0,-0.0,0.0,0.0,140.0,0.0,0.168055,0.168055,11.900866,0.0,0.0,3.0,0.0,0.0,70.0,0.0,214.0,74.0,3
5.458694,0.183194,64256.0,0.0,0.0,0.166548,0.0,0.0,0.0,0.0,0.0,2882.19043,0.0,0.0,64.0,0.0,66.0,0.001507,1721542784.0,4077568.0,0.168055,0.0,2882.19043,0.183194,0.183194,62.0,0.0,2.0,0.0,1.0,-0.0,1.0,0.0,132.0,0.0,0.183194,0.183194,10.917388,0.0,0.0,3.0,0.0,0.0,66.0,0.0,198.0,66.0,3
12.027553,3.658267,98944.0,0.0,18.314682,0.184045,0.0,1.0,0.0,0.0,0.877193,217574.0625,211037.625,0.0,64.0,0.0,97944.0,0.000485,1721542784.0,31872.0,0.18453,0.0,6536.428223,3.658267,3.658267,62.0,0.0,45.0,0.0,68.0,-0.0,0.0,0.0,3056.0,1.0,3.658267,3.658267,30.615589,1.0,0.0,113.0,1.0,0.0,67.91111,0.0,101000.0,1440.352905,3
5.936515,0.168449,64256.0,0.0,0.0,0.167945,0.0,0.0,0.0,0.0,0.0,3324.448242,0.0,0.0,64.0,0.0,74.0,0.000504,1721542784.0,4077568.0,0.168449,0.0,3324.448242,0.168449,0.168449,62.0,0.0,2.0,0.0,1.0,-0.0,0.0,0.0,140.0,0.0,0.168449,0.168449,11.87303,0.0,0.0,3.0,0.0,0.0,70.0,0.0,214.0,74.0,3
5.931409,0.168594,64256.0,0.0,5.931409,0.167945,0.0,0.0,0.0,0.0,0.0,6263.567871,3131.783936,0.0,64.0,0.0,132.0,0.000504,1721542784.0,31872.0,0.168449,0.0,3131.783936,0.168594,0.168594,62.0,0.0,2.0,0.0,2.0,-0.0,1.0,0.0,132.0,0.0,0.168594,0.168594,17.794228,0.0,0.0,4.0,0.0,0.0,66.0,0.0,264.0,66.0,3
11.80216,0.338921,64128.0,0.0,11.80216,0.167846,0.0,0.0,0.0,0.0,0.0,27947.515625,12038.203125,0.0,64.0,0.0,637.0,0.000708,1721542784.0,31872.0,0.168554,0.0,15909.311523,0.338921,0.338921,62.0,0.0,5.0,0.0,5.0,-0.0,0.0,0.0,842.0,0.0,0.338921,0.338921,26.554859,0.0,0.0,10.0,0.0,0.0,168.399994,0.0,1479.0,127.400002,3
36.249222,0.137934,64000.0,0.0,36.249222,0.059653,0.0,0.0,0.0,0.0,0.0,143314.921875,106137.71875,0.0,64.0,0.0,2195.0,0.000512,1721542784.0,31872.0,0.060165,0.0,37177.199219,0.137934,0.137934,62.0,0.0,6.0,0.0,6.0,-0.0,0.0,0.0,769.0,0.0,0.137934,0.137934,79.748283,0.0,0.0,12.0,0.0,0.0,128.166672,0.0,2964.0,365.833344,3
38.938534,0.154089,64256.0,0.0,25.959023,0.061525,0.0,0.0,0.0,0.0,0.0,63859.195312,30164.384766,0.0,64.0,0.0,726.0,0.001009,1721542784.0,31872.0,0.062534,0.0,33694.8125,0.154089,0.154089,62.0,0.0,7.0,0.0,5.0,-0.0,0.0,0.0,757.0,0.0,0.154089,0.154089,71.387314,0.0,0.0,12.0,0.0,0.0,108.14286,0.0,1483.0,145.199997,3
152.3461,3.734917,2211968.0,0.0,330.395569,0.060923,0.0,89.0,0.0,0.0,4.69905,4082656.75,3993264.75,1.0,64.0,0.0,1865824.0,0.0,1721542784.0,31872.0,0.060923,0.0,89392.078125,3.734917,3.734917,61.0,0.0,570.0,0.0,1235.0,-0.0,0.0,0.0,41807.0,1.0,3.734917,3.734917,483.009399,1.0,0.0,1805.0,89.0,0.0,73.345612,0.0,1907631.0,1510.788696,3
7.724238,0.647313,64128.0,0.0,7.724238,0.120599,0.0,0.0,0.0,0.0,0.0,15831.599609,8156.795898,0.0,64.0,0.0,792.0,0.001,1721542784.0,31872.0,0.121599,0.0,7674.803223,0.647313,0.647313,62.0,0.0,6.0,0.0,6.0,-0.0,0.0,0.0,745.0,0.0,0.647313,0.647313,16.993324,0.0,0.0,12.0,0.0,0.0,124.166664,0.0,1537.0,132.0,3
4.973887,0.60315,2211968.0,0.0,3.315925,0.060923,0.0,1.0,0.0,0.0,12.5,17614.191406,14669.650391,0.0,64.0,0.0,1658.0,0.0,1721542784.0,31872.0,0.060923,0.0,2944.541016,0.60315,0.60315,61.0,0.0,4.0,0.0,3.0,-0.0,1.0,0.0,296.0,1.0,0.60315,0.60315,9.947774,1.0,0.0,7.0,1.0,0.0,74.0,0.0,1954.0,552.666687,3
1.521057,1.314875,64256.0,1.0,1.521057,0.281379,1.0,3.0,0.0,0.0,33.333333,1770.510498,900.46582,0.0,64.0,0.0,222.0,0.000498,1721542784.0,4077568.0,0.281877,0.0,870.044678,1.314875,1.314875,61.0,0.0,3.0,0.0,3.0,-0.0,0.0,0.0,214.0,0.0,1.314875,1.314875,3.802643,0.0,0.0,6.0,2.0,0.0,71.333336,0.0,436.0,74.0,3
4.621803,3.894584,46080.0,0.0,11.554507,0.24603,0.0,7.0,0.0,0.0,9.722222,135359.265625,131971.984375,1.0,64.0,0.0,65674.0,0.000489,1721542784.0,31872.0,0.246519,0.0,3387.268066,3.894584,3.894584,61.0,0.0,19.0,0.0,46.0,-0.0,0.0,0.0,1740.0,1.0,3.894584,3.894584,16.433077,1.0,0.0,65.0,7.0,0.0,91.578949,0.0,67414.0,1427.695679,3
6.473372,0.154479,64256.0,0.0,0.0,0.281379,0.0,0.0,0.0,0.0,0.0,3417.94043,0.0,0.0,64.0,0.0,66.0,0.000498,1721542784.0,4077568.0,0.281877,0.0,3417.94043,0.154479,0.154479,62.0,0.0,2.0,0.0,1.0,-0.0,1.0,0.0,132.0,0.0,0.154479,0.154479,12.946744,0.0,0.0,3.0,0.0,0.0,66.0,0.0,198.0,66.0,3
19.678854,4.370173,309248.0,0.0,40.501831,0.24603,0.0,14.0,0.0,0.0,5.017921,500342.65625,489820.4375,0.0,64.0,0.0,269086.0,0.000489,1721542784.0,31872.0,0.246519,0.0,10522.238281,4.370173,4.370173,62.0,0.0,87.0,0.0,178.0,-0.0,1.0,0.0,5814.0,1.0,4.370173,4.370173,60.409508,1.0,0.0,265.0,14.0,0.0,66.827583,0.0,274900.0,1511.719116,3
2.270776,3.963403,309248.0,0.0,5.046169,0.24603,0.0,21.0,0.0,0.0,40.384615,59145.132812,57946.164062,0.0,64.0,0.0,30143.0,0.000489,1721542784.0,31872.0,0.246519,0.0,1198.969727,3.963403,3.963403,62.0,0.0,10.0,0.0,21.0,-0.0,1.0,0.0,660.0,1.0,3.963403,3.963403,7.569253,1.0,0.0,31.0,21.0,0.0,66.0,0.0,30803.0,1435.380981,3
0.658356,3.03787,8222720.0,2.0,0.987534,0.0,1.0,5.0,0.0,0.0,41.666667,974.366943,584.620178,0.0,64.0,0.0,296.0,0.001184,1721542784.0,4077568.0,0.001184,0.0,389.746765,3.03787,3.03787,62.0,0.0,3.0,0.0,4.0,-0.0,0.0,0.0,222.0,0.0,3.03787,3.03787,1.975068,0.0,0.0,7.0,3.0,0.0,74.0,0.0,518.0,74.0,3
12.603975,4.998423,177152.0,0.0,21.206688,0.213929,0.0,16.0,0.0,0.0,8.55615,258590.359375,250589.4375,1.0,64.0,0.0,158046.0,0.001735,1721542784.0,31872.0,0.215664,0.0,8000.92334,4.998423,4.998423,62.0,0.0,64.0,0.0,107.0,-0.0,0.0,0.0,5078.0,1.0,4.998423,4.998423,34.010727,1.0,0.0,171.0,16.0,0.0,79.34375,0.0,163124.0,1477.06543,3
0.0,0.0,64256.0,0.0,0.0,0.167986,0.0,1.0,0.0,0.0,33.333333,0.0,0.0,0.0,64.0,0.0,74.0,0.001184,1721542784.0,4077568.0,0.16917,0.0,0.0,0.0,0.0,62.0,0.0,1.0,0.0,1.0,-0.0,1.0,0.0,66.0,0.0,0.0,0.0,0.0,1.0,0.0,2.0,1.0,0.0,66.0,0.0,140.0,74.0,3
16.266344,4.979607,495616.0,0.0,23.897469,0.213929,0.0,8.0,0.0,0.0,3.809524,298333.5625,289446.125,0.0,64.0,0.0,181680.0,0.001735,1721542784.0,31872.0,0.215664,0.0,8887.448242,4.979607,4.979607,62.0,1.0,82.0,0.0,120.0,-0.0,1.0,0.0,5600.0,1.0,4.979607,4.979607,40.364632,1.0,0.0,202.0,8.0,0.0,68.292686,0.0,187280.0,1514.0,3
31.604267,4.999325,644608.0,0.0,72.209755,0.213929,0.0,12.0,0.0,0.0,2.251407,891883.625,874604.5,0.0,64.0,0.0,548068.0,0.001735,1721542784.0,31872.0,0.215664,0.0,17279.132812,4.999325,4.999325,62.0,1.0,159.0,0.0,362.0,-0.0,1.0,0.0,10866.0,1.0,4.999325,4.999325,104.014046,1.0,0.0,521.0,12.0,0.0,68.339622,0.0,558934.0,1514.0,3
8.881184,4.841697,640640.0,0.0,11.97927,0.213929,0.0,13.0,0.0,0.0,11.206897,150319.1875,145092.921875,0.0,64.0,0.0,89326.0,0.001735,1721542784.0,31872.0,0.215664,0.0,5226.266602,4.841697,4.841697,62.0,1.0,44.0,0.0,59.0,-0.0,1.0,0.0,3236.0,1.0,4.841697,4.841697,21.066992,1.0,0.0,103.0,13.0,0.0,73.545456,0.0,92562.0,1514.0,3
4.026938,3.476587,643456.0,0.0,8.341515,0.213929,0.0,7.0,0.0,0.0,13.461538,103315.117188,101032.421875,0.0,64.0,0.0,45420.0,0.001735,1721542784.0,31872.0,0.215664,0.0,2282.698486,3.476587,3.476587,62.0,1.0,15.0,0.0,30.0,-0.0,1.0,0.0,1062.0,1.0,3.476587,3.476587,12.656091,1.0,0.0,45.0,7.0,0.0,70.800003,0.0,46482.0,1514.0,3
5.94884,0.1681,64256.0,0.0,0.0,0.167986,0.0,0.0,0.0,0.0,0.0,3140.987549,0.0,0.0,64.0,0.0,66.0,0.001184,1721542784.0,4077568.0,0.16917,0.0,3140.987549,0.1681,0.1681,62.0,0.0,2.0,0.0,1.0,-0.0,1.0,0.0,132.0,0.0,0.1681,0.1681,11.89768,0.0,0.0,3.0,0.0,0.0,66.0,0.0,198.0,66.0,3
5.610351,4.812533,643456.0,0.0,8.519423,0.213929,0.0,13.0,0.0,0.0,15.662651,106418.804688,103187.242188,0.0,64.0,0.0,63588.0,0.001735,1721542784.0,31872.0,0.215664,0.0,3231.562256,4.812533,4.812533,62.0,1.0,28.0,0.0,42.0,-0.0,1.0,0.0,2016.0,1.0,4.812533,4.812533,14.337564,1.0,0.0,70.0,13.0,0.0,72.0,0.0,65604.0,1514.0,3
21.17226,1.700338,644608.0,0.0,47.637589,0.213929,0.0,1.0,0.0,0.0,0.833333,579367.1875,567967.0625,0.0,64.0,0.0,122207.0,0.001735,1721542784.0,31872.0,0.215664,0.0,11400.085938,1.700338,1.700338,62.0,0.0,37.0,0.0,82.0,-0.0,1.0,0.0,2490.0,1.0,1.700338,1.700338,69.397964,1.0,0.0,119.0,1.0,0.0,67.297295,0.0,124697.0,1490.329224,3
0.914708,2.186489,64256.0,1.0,0.914708,0.166884,1.0,3.0,0.0,0.0,33.333333,1064.720581,541.507385,0.0,64.0,0.0,222.0,0.0,1721542784.0,4077568.0,0.166884,0.0,523.213196,2.186489,2.186489,62.0,0.0,3.0,0.0,3.0,-0.0,0.0,0.0,214.0,0.0,2.186489,2.186489,2.286771,0.0,0.0,6.0,2.0,0.0,71.333336,0.0,436.0,74.0,3
21.802717,4.861779,218240.0,1.0,35.377995,0.089793,1.0,25.0,0.0,0.0,8.196721,430522.21875,417332.0,1.0,64.0,0.0,255096.0,0.000506,1721542784.0,31872.0,0.090299,0.0,13190.232422,4.861779,4.861779,62.0,0.0,107.0,0.0,173.0,-0.0,0.0,0.0,8091.0,1.0,4.861779,4.861779,57.386398,0.0,0.0,280.0,24.0,0.0,75.616821,0.0,263187.0,1474.543335,3
4.014016,4.733414,219392.0,0.0,7.39424,0.089793,0.0,9.0,0.0,0.0,13.846154,91852.515625,89559.03125,0.0,64.0,0.0,54504.0,0.000506,1721542784.0,31872.0,0.090299,0.0,2293.481934,4.733414,4.733414,62.0,1.0,20.0,0.0,36.0,-0.0,1.0,0.0,1428.0,1.0,4.733414,4.733414,11.61952,1.0,0.0,56.0,9.0,0.0,71.400002,0.0,55932.0,1514.0,3
5.901202,0.169457,64256.0,0.0,0.0,0.166884,0.0,0.0,0.0,0.0,0.0,3115.834717,0.0,0.0,64.0,0.0,66.0,0.0,1721542784.0,4077568.0,0.166884,0.0,3115.834717,0.169457,0.169457,62.0,0.0,2.0,0.0,1.0,-0.0,1.0,0.0,132.0,0.0,0.169457,0.169457,11.802403,0.0,0.0,3.0,0.0,0.0,66.0,0.0,198.0,66.0,3
0.0,2.600345,521622.3241706161,0.0,0.769129,0.089793,0.0,0.0,0.0,0.0,0.0,9315.6875,9315.6875,0.0,64.0,0.0,4542.0,0.000506,1721542784.0,1183398.375711575,0.090299,0.0,0.0,2.600345,2.600345,62.0,0.0,0.0,0.0,3.0,-0.0,1.0,0.0,0.0,1.0,2.600345,2.600345,0.769129,1.0,0.0,3.0,3.0,0.0,0.0,0.0,4542.0,1514.0,3
1.232221,4.057715,215424.0,0.0,3.203773,0.089793,0.0,9.0,0.0,0.0,31.034483,39547.382812,38804.105469,0.0,64.0,0.0,21196.0,0.000506,1721542784.0,31872.0,0.090299,0.0,743.275452,4.057715,4.057715,62.0,0.0,6.0,0.0,14.0,-0.0,1.0,0.0,452.0,1.0,4.057715,4.057715,4.682438,1.0,0.0,20.0,9.0,0.0,75.333336,0.0,21648.0,1514.0,3
3.74014,4.545284,218240.0,0.0,8.140306,0.089793,0.0,6.0,0.0,0.0,9.677419,100610.65625,98595.382812,0.0,64.0,0.0,57532.0,0.000506,1721542784.0,31872.0,0.090299,0.0,2015.275757,4.545284,4.545284,62.0,1.0,18.0,0.0,38.0,-0.0,1.0,0.0,1212.0,1.0,4.545284,4.545284,12.100454,1.0,0.0,56.0,6.0,0.0,67.333336,0.0,58744.0,1514.0,3
0.0,3.968321,521622.3241706161,0.0,0.251996,0.089793,0.0,0.0,0.0,0.0,0.0,3052.172363,3052.172363,0.0,64.0,0.0,3028.0,0.000506,1721542784.0,1183398.375711575,0.090299,0.0,0.0,3.968321,3.968321,62.0,0.0,0.0,0.0,2.0,-0.0,1.0,0.0,0.0,1.0,3.968321,3.968321,0.251996,1.0,0.0,2.0,2.0,0.0,0.0,0.0,3028.0,1514.0,3
0.0,0.0,219392.0,0.0,0.0,0.089793,0.0,0.0,0.0,0.0,0.0,0.0,0.0,0.0,64.0,0.0,66.0,0.000506,1721542784.0,31872.0,0.090299,0.0,0.0,0.0,0.0,61.0,0.0,1.0,0.0,1.0,-0.0,1.0,0.0,66.0,1.0,0.0,0.0,0.0,0.0,0.0,2.0,0.0,0.0,66.0,0.0,132.0,66.0,3
0.0,4.452041,219392.0,0.0,0.224616,0.089793,0.0,0.0,0.0,0.0,0.0,1419.573608,1419.573608,0.0,64.0,0.0,1580.0,0.000506,1721542784.0,31872.0,0.090299,0.0,0.0,4.452041,4.452041,62.0,0.0,1.0,0.0,2.0,-0.0,1.0,0.0,66.0,1.0,4.452041,4.452041,0.449232,0.0,0.0,3.0,0.0,0.0,66.0,0.0,1646.0,790.0,3
13.578245,4.934364,219392.0,0.0,37.492168,0.089793,0.0,6.0,0.0,0.0,2.307692,459017.625,451770.5,0.0,64.0,0.0,280156.0,0.000506,1721542784.0,31872.0,0.090299,0.0,7247.134766,4.934364,4.934364,62.0,1.0,68.0,0.0,186.0,-0.0,1.0,0.0,4536.0,1.0,4.934364,4.934364,51.273075,1.0,0.0,254.0,6.0,0.0,66.705879,0.0,284692.0,1506.215088,3
34.952953,4.720631,215936.0,0.0,89.394829,0.089793,0.0,23.0,0.0,0.0,3.75817,1103018.625,1082750.125,0.0,64.0,0.0,640422.0,0.000506,1721542784.0,31872.0,0.090299,0.0,20268.476562,4.720631,4.720631,62.0,1.0,166.0,0.0,423.0,-0.0,1.0,0.0,12032.0,1.0,4.720631,4.720631,124.559616,1.0,0.0,589.0,23.0,0.0,72.481926,0.0,652454.0,1514.0,3
0.657447,3.042069,219392.0,0.0,1.643618,0.089793,0.0,3.0,0.0,0.0,25.0,20275.673828,19907.503906,0.0,64.0,0.0,9084.0,0.000506,1721542784.0,31872.0,0.090299,0.0,368.170471,3.042069,3.042069,62.0,0.0,3.0,0.0,6.0,-0.0,1.0,0.0,210.0,1.0,3.042069,3.042069,2.629789,1.0,0.0,9.0,3.0,0.0,70.0,0.0,9294.0,1514.0,3
8.699455,4.712939,219392.0,0.0,25.249638,0.089793,0.0,3.0,0.0,0.0,1.818182,310530.65625,305823.625,0.0,64.0,0.0,181680.0,0.000506,1721542784.0,31872.0,0.090299,0.0,4707.041992,4.712939,4.712939,62.0,1.0,42.0,0.0,120.0,-0.0,1.0,0.0,2840.0,1.0,4.712939,4.712939,34.161274,1.0,0.0,162.0,3.0,0.0,67.619049,0.0,184520.0,1514.0,3
2.408269,4.982833,219392.0,0.0,7.024117,0.089793,0.0,4.0,0.0,0.0,7.54717,86419.914062,85076.101562,0.0,64.0,0.0,54504.0,0.000506,1721542784.0,31872.0,0.090299,0.0,1343.813843,4.982833,4.982833,62.0,1.0,13.0,0.0,36.0,-0.0,1.0,0.0,906.0,1.0,4.982833,4.982833,9.633075,1.0,0.0,49.0,4.0,0.0,69.692307,0.0,55410.0,1514.0,3
4.04022,4.950225,219392.0,0.0,12.928705,0.089793,0.0,11.0,0.0,0.0,11.340206,158855.0,156592.484375,0.0,64.0,0.0,98410.0,0.000506,1721542784.0,31872.0,0.090299,0.0,2262.523438,4.950225,4.950225,62.0,1.0,21.0,0.0,65.0,-0.0,1.0,0.0,1470.0,1.0,4.950225,4.950225,17.170937,1.0,0.0,86.0,11.0,0.0,70.0,0.0,99880.0,1514.0,3
31.984324,4.971185,219392.0,0.0,88.912399,0.089793,0.0,12.0,0.0,0.0,1.95122,1094940.5,1076907.0,0.0,64.0,0.0,670702.0,0.000506,1721542784.0,31872.0,0.090299,0.0,18033.527344,4.971185,4.971185,62.0,1.0,160.0,0.0,443.0,-0.0,1.0,0.0,11276.0,1.0,4.971185,4.971185,121.097885,1.0,0.0,603.0,12.0,0.0,70.474998,0.0,681978.0,1514.0,3
3.816553,4.978314,217344.0,0.0,6.427879,0.089793,0.0,14.0,0.0,0.0,20.895522,80102.625,77854.46875,0.0,64.0,0.0,49962.0,0.000506,1721542784.0,31872.0,0.090299,0.0,2248.150635,4.978314,4.978314,62.0,0.0,20.0,0.0,33.0,-0.0,1.0,0.0,1472.0,1.0,4.978314,4.978314,10.445304,1.0,0.0,53.0,14.0,0.0,73.599998,0.0,51434.0,1514.0,3
0.852415,4.692551,215424.0,0.0,3.835866,0.089793,0.0,7.0,0.0,0.0,22.580645,45063.761719,44564.246094,0.0,64.0,0.0,27592.0,0.000506,1721542784.0,31872.0,0.090299,0.0,499.515076,4.692551,4.692551,62.0,0.0,5.0,0.0,19.0,-0.0,1.0,0.0,366.0,1.0,4.692551,4.692551,4.901385,1.0,0.0,24.0,7.0,0.0,73.199997,0.0,27958.0,1452.210571,3
0.0,3.376328,521622.3241706161,0.0,0.888539,0.089793,0.0,0.0,0.0,0.0,0.0,8676.881836,8676.881836,0.0,64.0,0.0,4882.0,0.000506,1721542784.0,1183398.375711575,0.090299,0.0,0.0,3.376328,3.376328,62.0,0.0,0.0,0.0,4.0,-0.0,1.0,0.0,0.0,1.0,3.376328,3.376328,0.888539,1.0,0.0,4.0,7.0,0.0,0.0,0.0,4882.0,1220.5,3
0.0,0.000677,215424.0,0.0,0.0,0.089793,0.0,0.0,0.0,0.0,0.0,0.0,0.0,0.0,64.0,0.0,66.0,0.000506,1721542784.0,31872.0,0.090299,0.0,0.0,0.000677,0.000677,62.0,0.0,1.0,0.0,1.0,-0.0,1.0,0.0,66.0,1.0,0.000677,0.000677,1477.10498,0.0,0.0,2.0,0.0,0.0,66.0,0.0,132.0,66.0,3
187.955734,1.973869,1547648.0,0.0,371.858521,0.0,0.0,0.0,0.0,0.0,0.0,4579189.5,4478307.5,0.0,64.0,0.0,1106454.0,0.00066,1721542784.0,31872.0,0.00066,0.0,100882.078125,1.973869,1.973869,62.0,0.0,372.0,0.0,735.0,-0.0,0.0,0.0,24958.0,0.0,1.973869,1.973869,560.320862,0.0,0.0,1107.0,0.0,0.0,67.0914,0.0,1131412.0,1505.379639,3
4.981643,0.200737,64256.0,0.0,0.0,0.199733,0.0,0.0,0.0,0.0,0.0,2789.719971,0.0,0.0,64.0,0.0,74.0,0.001004,1721542784.0,4077568.0,0.200737,0.0,2789.719971,0.200737,0.200737,62.0,0.0,2.0,0.0,1.0,-0.0,0.0,0.0,140.0,0.0,0.200737,0.200737,9.963285,0.0,0.0,3.0,0.0,0.0,70.0,0.0,214.0,74.0,3
6.445791,0.15514,64256.0,0.0,6.445791,0.199733,0.0,0.0,0.0,0.0,0.0,6806.755371,3403.377686,0.0,64.0,0.0,132.0,0.001004,1721542784.0,31872.0,0.200737,0.0,3403.377686,0.15514,0.15514,62.0,0.0,2.0,0.0,2.0,-0.0,1.0,0.0,132.0,0.0,0.15514,0.15514,19.337374,0.0,0.0,4.0,0.0,0.0,66.0,0.0,264.0,66.0,3
173.92514,0.229984,75776.0,0.0,308.717133,0.045116,0.0,0.0,0.0,0.0,0.0,3700431.25,3603659.5,0.0,64.0,0.0,105057.0,0.00051,1721542784.0,31872.0,0.045626,0.0,96771.945312,0.229984,0.229984,62.0,0.0,41.0,0.0,72.0,-0.0,0.0,0.0,2851.0,0.0,0.229984,0.229984,486.990387,0.0,0.0,113.0,0.0,0.0,69.536583,0.0,107908.0,1459.125,3
81.167038,1.404511,318208.0,0.0,158.062134,0.169624,0.0,0.0,0.0,0.0,0.0,1923619.0,1878558.5,0.0,64.0,0.0,331292.0,0.000503,1721542784.0,31872.0,0.170127,0.0,45060.523438,1.404511,1.404511,62.0,0.0,115.0,0.0,223.0,-0.0,0.0,0.0,7980.0,0.0,1.404511,1.404511,239.941162,0.0,0.0,338.0,0.0,0.0,69.391304,0.0,339272.0,1485.61438,3
267.178894,0.434166,469504.0,0.0,488.29248,0.061092,0.0,0.0,0.0,0.0,0.0,5955583.5,5807382.0,0.0,64.0,0.0,316657.0,0.000918,1721542784.0,31872.0,0.06201,0.0,148201.375,0.434166,0.434166,62.0,0.0,117.0,0.0,213.0,-0.0,0.0,0.0,8112.0,0.0,0.434166,0.434166,757.774658,0.0,0.0,330.0,0.0,0.0,69.333336,0.0,324769.0,1486.652588,3
20.039268,4.391378,309248.0,0.0,35.979595,0.277037,0.0,9.0,0.0,0.0,3.501946,440486.78125,428598.03125,1.0,64.0,0.0,236756.0,0.001184,1721542784.0,31872.0,0.278221,0.0,11888.750977,4.391378,4.391378,62.0,0.0,89.0,0.0,159.0,-0.0,0.0,0.0,6600.0,1.0,4.391378,4.391378,56.246582,1.0,0.0,248.0,9.0,0.0,74.157303,0.0,243356.0,1489.031494,3
12.723274,2.593672,390400.0,0.0,37.398716,0.277037,0.0,2.0,0.0,0.0,1.492537,451588.3125,444833.40625,0.0,64.0,0.0,145705.0,0.001184,1721542784.0,31872.0,0.278221,0.0,6754.901855,2.593672,2.593672,62.0,0.0,34.0,0.0,98.0,-0.0,1.0,0.0,2256.0,1.0,2.593672,2.593672,50.507542,1.0,0.0,132.0,2.0,0.0,66.352943,0.0,147961.0,1486.785767,3
5.909816,0.16921,64256.0,0.0,0.0,0.166644,0.0,0.0,0.0,0.0,0.0,3309.49707,0.0,0.0,64.0,0.0,74.0,0.002566,1721542784.0,4077568.0,0.16921,0.0,3309.49707,0.16921,0.16921,62.0,0.0,2.0,0.0,1.0,-0.0,0.0,0.0,140.0,0.0,0.16921,0.16921,11.819633,0.0,0.0,3.0,0.0,0.0,70.0,0.0,214.0,74.0,3
1.976838,4.046868,62720.0,0.0,5.683408,0.168312,0.0,9.0,0.0,0.0,21.428571,61135.675781,59271.519531,1.0,64.0,0.0,31286.0,0.001009,1721542784.0,31872.0,0.169321,0.0,1864.157715,4.046868,4.046868,62.0,0.0,9.0,0.0,24.0,-0.0,0.0,0.0,1060.0,1.0,4.046868,4.046868,7.90735,1.0,0.0,33.0,9.0,0.0,117.777779,0.0,32346.0,1303.583374,3
5.924206,0.168799,64256.0,0.0,0.0,0.167722,0.0,0.0,0.0,0.0,0.0,3317.555176,0.0,0.0,64.0,0.0,74.0,0.001077,1721542784.0,4077568.0,0.168799,0.0,3317.555176,0.168799,0.168799,62.0,0.0,2.0,0.0,1.0,-0.0,0.0,0.0,140.0,0.0,0.168799,0.168799,11.848412,0.0,0.0,3.0,0.0,0.0,70.0,0.0,214.0,74.0,3
5.890391,0.169768,64256.0,0.0,0.0,0.166644,0.0,0.0,0.0,0.0,0.0,3110.126709,0.0,0.0,64.0,0.0,66.0,0.002566,1721542784.0,4077568.0,0.16921,0.0,3110.126709,0.169768,0.169768,62.0,0.0,2.0,0.0,1.0,-0.0,1.0,0.0,132.0,0.0,0.169768,0.169768,11.780783,0.0,0.0,3.0,0.0,0.0,66.0,0.0,198.0,66.0,3
0.362794,2.756386,63488.0,0.0,1.813969,0.168312,0.0,4.0,0.0,0.0,33.333333,22208.789062,21970.796875,0.0,64.0,0.0,9084.0,0.001009,1721542784.0,31872.0,0.169321,0.0,237.992783,2.756386,2.756386,62.0,0.0,2.0,0.0,6.0,-0.0,1.0,0.0,164.0,1.0,2.756386,2.756386,2.539557,1.0,0.0,8.0,4.0,0.0,82.0,0.0,9248.0,1514.0,3
2.83048,0.353297,64256.0,0.0,0.0,0.167722,0.0,0.0,0.0,0.0,0.0,1494.493286,0.0,0.0,64.0,0.0,66.0,0.001077,1721542784.0,4077568.0,0.168799,0.0,1494.493286,0.353297,0.353297,62.0,0.0,2.0,0.0,1.0,-0.0,1.0,0.0,132.0,0.0,0.353297,0.353297,5.66096,0.0,0.0,3.0,0.0,0.0,66.0,0.0,198.0,66.0,3
0.0,0.0,521622.3241706161,0.0,0.0,0.168312,0.0,0.0,0.0,0.0,0.0,0.0,0.0,0.0,64.0,0.0,1514.0,0.001009,1721542784.0,1183398.375711575,0.169321,0.0,0.0,0.0,0.0,62.0,0.0,0.0,0.0,1.0,-0.0,1.0,0.0,0.0,1.0,0.0,0.0,0.0,1.0,0.0,1.0,1.0,0.0,0.0,0.0,1514.0,1514.0,3
0.0,1.917661,61568.0,0.0,0.521469,0.168312,0.0,1.0,0.0,0.0,25.0,3295.681641,3295.681641,0.0,64.0,0.0,1580.0,0.001009,1721542784.0,31872.0,0.169321,0.0,0.0,1.917661,1.917661,62.0,0.0,1.0,0.0,2.0,-0.0,1.0,0.0,78.0,1.0,1.917661,1.917661,1.042937,1.0,0.0,3.0,1.0,0.0,78.0,0.0,1658.0,790.0,3
34.987968,4.630163,580224.0,0.0,46.218674,0.168312,0.0,4.0,0.0,0.0,1.04712,574575.0,556025.3125,0.0,64.0,0.0,323314.0,0.001009,1721542784.0,31872.0,0.169321,0.0,18549.669922,4.630163,4.630163,62.0,0.0,163.0,0.0,215.0,-0.0,1.0,0.0,10802.0,1.0,4.630163,4.630163,81.422615,1.0,0.0,378.0,4.0,0.0,66.269936,0.0,334116.0,1503.786011,3
4.961625,3.829391,64128.0,0.0,10.967801,0.262443,0.0,8.0,0.0,0.0,11.267606,128548.898438,124782.242188,1.0,64.0,0.0,61152.0,0.000656,1721542784.0,31872.0,0.263099,0.0,3766.65625,3.829391,3.829391,62.0,0.0,20.0,0.0,43.0,-0.0,0.0,0.0,1897.0,1.0,3.829391,3.829391,16.190563,1.0,0.0,63.0,8.0,0.0,94.849998,0.0,63049.0,1422.139526,3
0.0,3.99507,64128.0,0.0,0.250309,0.262443,0.0,1.0,0.0,0.0,25.0,1581.949707,1581.949707,0.0,64.0,0.0,1580.0,0.000656,1721542784.0,31872.0,0.263099,0.0,0.0,3.99507,3.99507,62.0,0.0,1.0,0.0,2.0,-0.0,1.0,0.0,78.0,1.0,3.99507,3.99507,0.500617,1.0,0.0,3.0,1.0,0.0,78.0,0.0,1658.0,790.0,3
0.986156,2.028076,64128.0,0.0,1.479235,0.262443,0.0,1.0,0.0,0.0,12.5,14090.202148,13632.625977,0.0,64.0,0.0,4608.0,0.000656,1721542784.0,31872.0,0.263099,0.0,457.576569,2.028076,2.028076,62.0,0.0,3.0,0.0,4.0,-0.0,1.0,0.0,174.0,1.0,2.028076,2.028076,2.958469,1.0,0.0,7.0,1.0,0.0,58.0,0.0,4782.0,1152.0,3
16.06188,4.856219,301568.0,0.0,28.005327,0.275197,0.0,10.0,0.0,0.0,4.424779,342193.8125,332739.53125,1.0,64.0,0.0,203467.0,0.0,1721542784.0,31872.0,0.275197,0.0,9454.269531,4.856219,4.856219,62.0,0.0,79.0,0.0,137.0,-0.0,0.0,0.0,5812.0,1.0,4.856219,4.856219,44.273129,1.0,0.0,216.0,10.0,0.0,73.569618,0.0,209279.0,1485.160645,3
10.071402,4.76597,359424.0,0.0,26.227608,0.275197,0.0,13.0,0.0,0.0,6.914894,323486.71875,317668.78125,0.0,64.0,0.0,190764.0,0.0,1721542784.0,31872.0,0.275197,0.0,5817.913086,4.76597,4.76597,62.0,1.0,49.0,0.0,126.0,-0.0,1.0,0.0,3538.0,1.0,4.76597,4.76597,36.508831,1.0,0.0,175.0,13.0,0.0,72.204079,0.0,194302.0,1514.0,3
3.125032,1.91998,356608.0,0.0,11.458452,0.275197,0.0,16.0,0.0,0.0,34.782609,140734.796875,138784.78125,0.0,64.0,0.0,34822.0,0.0,1721542784.0,31872.0,0.275197,0.0,1950.020264,1.91998,1.91998,62.0,1.0,7.0,0.0,23.0,-0.0,1.0,0.0,546.0,1.0,1.91998,1.91998,15.104323,1.0,0.0,30.0,16.0,0.0,78.0,0.0,35368.0,1514.0,3
0.0,0.0,521622.3241706161,0.0,0.0,0.275197,0.0,0.0,0.0,0.0,0.0,0.0,0.0,0.0,64.0,0.0,1514.0,0.0,1721542784.0,1183398.375711575,0.275197,0.0,0.0,0.0,0.0,62.0,0.0,0.0,0.0,1.0,-0.0,1.0,0.0,0.0,1.0,0.0,0.0,0.0,1.0,0.0,1.0,1.0,0.0,0.0,0.0,1514.0,1514.0,3
32.225086,4.965076,362624.0,0.0,95.668221,0.275197,0.0,14.0,0.0,0.0,2.150538,1173697.25,1156406.875,0.0,64.0,0.0,719216.0,0.0,1721542784.0,31872.0,0.275197,0.0,17290.369141,4.965076,4.965076,62.0,1.0,161.0,0.0,476.0,-0.0,1.0,0.0,10798.0,1.0,4.965076,4.965076,128.094711,1.0,0.0,637.0,14.0,0.0,67.068321,0.0,730014.0,1510.958008,3
48.612293,4.87531,544640.0,0.0,129.837906,0.275197,0.0,32.0,0.0,0.0,3.539823,1601133.875,1572596.625,0.0,64.0,0.0,959876.0,0.0,1721542784.0,31872.0,0.275197,0.0,28537.261719,4.87531,4.87531,62.0,1.0,238.0,0.0,634.0,-0.0,1.0,0.0,17464.0,1.0,4.87531,4.87531,178.655304,1.0,0.0,872.0,32.0,0.0,73.378151,0.0,977340.0,1514.0,3
1.001541,4.992305,539648.0,0.0,3.805857,0.275197,0.0,18.0,0.0,0.0,40.909091,46732.722656,46096.542969,0.0,64.0,0.0,30280.0,0.0,1721542784.0,31872.0,0.275197,0.0,636.179077,4.992305,4.992305,62.0,1.0,6.0,0.0,20.0,-0.0,1.0,0.0,476.0,1.0,4.992305,4.992305,5.007707,1.0,0.0,26.0,18.0,0.0,79.333336,0.0,30756.0,1514.0,3
6.033354,3.812142,544640.0,0.0,11.542068,0.275197,0.0,4.0,0.0,0.0,5.479452,143209.78125,139797.53125,0.0,64.0,0.0,68130.0,0.0,1721542784.0,31872.0,0.275197,0.0,3412.254883,3.812142,3.812142,62.0,1.0,24.0,0.0,45.0,-0.0,1.0,0.0,1696.0,1.0,3.812142,3.812142,17.837742,1.0,0.0,69.0,4.0,0.0,70.666664,0.0,69826.0,1514.0,3
13.356413,4.267613,542592.0,0.0,25.306887,0.275197,0.0,9.0,0.0,0.0,5.113636,310318.6875,302617.875,0.0,64.0,0.0,162926.0,0.0,1721542784.0,31872.0,0.275197,0.0,7700.791992,4.267613,4.267613,62.0,0.0,58.0,0.0,109.0,-0.0,1.0,0.0,4180.0,1.0,4.267613,4.267613,38.897625,1.0,0.0,167.0,9.0,0.0,72.068962,0.0,167106.0,1494.733887,3
0.720347,4.164662,542592.0,0.0,0.720347,0.275197,0.0,0.0,0.0,0.0,0.0,760.685974,380.342987,0.0,64.0,0.0,264.0,0.0,1721542784.0,31872.0,0.275197,0.0,380.342987,4.164662,4.164662,62.0,0.0,4.0,0.0,4.0,-0.0,1.0,0.0,264.0,1.0,4.164662,4.164662,1.680809,0.0,0.0,8.0,0.0,0.0,66.0,0.0,528.0,66.0,3
0.622549,3.2126,64256.0,1.0,0.622549,0.170279,1.0,3.0,0.0,0.0,33.333333,724.646729,368.548828,0.0,64.0,0.0,222.0,0.001093,1721542784.0,4077568.0,0.171372,0.0,356.09787,3.2126,3.2126,62.0,0.0,3.0,0.0,3.0,-0.0,0.0,0.0,214.0,0.0,3.2126,3.2126,1.556372,0.0,0.0,6.0,2.0,0.0,71.333336,0.0,436.0,74.0,3
23.715502,1.728827,83584.0,0.0,37.019321,0.0,0.0,1.0,0.0,0.0,0.925926,436786.34375,423746.28125,0.0,64.0,0.0,93003.0,0.000496,1721542784.0,31872.0,0.000496,0.0,13040.055664,1.728827,1.728827,62.0,0.0,42.0,0.0,65.0,-0.0,0.0,0.0,2886.0,0.0,1.728827,1.728827,61.313248,1.0,0.0,107.0,1.0,0.0,68.714287,0.0,95889.0,1430.81543,3
113.575752,0.493063,70528.0,0.0,143.997818,0.214764,0.0,0.0,0.0,0.0,0.0,1741327.125,1680937.375,0.0,64.0,0.0,105060.0,0.0,1721542784.0,31872.0,0.214764,0.0,60389.847656,0.493063,0.493063,62.0,0.0,57.0,0.0,72.0,-0.0,0.0,0.0,3788.0,0.0,0.493063,0.493063,259.601715,0.0,0.0,129.0,0.0,0.0,66.456139,0.0,108848.0,1459.166626,3
16.354567,0.061145,64256.0,0.0,0.0,0.170279,0.0,0.0,0.0,0.0,0.0,8635.210938,0.0,0.0,64.0,0.0,66.0,0.001093,1721542784.0,4077568.0,0.171372,0.0,8635.210938,0.061145,0.061145,62.0,0.0,2.0,0.0,1.0,-0.0,1.0,0.0,132.0,0.0,0.061145,0.061145,32.709133,0.0,0.0,3.0,0.0,0.0,66.0,0.0,198.0,66.0,3
2.341677,4.697488,61568.0,0.0,7.025032,0.276882,0.0,11.0,0.0,0.0,19.298246,80541.773438,78557.734375,1.0,64.0,0.0,47525.0,0.0,1721542784.0,31872.0,0.276882,0.0,1984.039185,4.697488,4.697488,62.0,0.0,12.0,0.0,34.0,-0.0,0.0,0.0,1270.0,1.0,4.697488,4.697488,9.579589,1.0,0.0,46.0,11.0,0.0,105.833336,0.0,48795.0,1397.794067,3
3.619897,0.276251,64256.0,0.0,0.0,0.276251,0.0,0.0,0.0,0.0,0.0,2027.14209,0.0,0.0,64.0,0.0,74.0,0.0,1721542784.0,4077568.0,0.276251,0.0,2027.14209,0.276251,0.276251,62.0,0.0,2.0,0.0,1.0,-0.0,0.0,0.0,140.0,0.0,0.276251,0.276251,7.239793,0.0,0.0,3.0,0.0,0.0,70.0,0.0,214.0,74.0,3
0.991192,2.017772,64256.0,0.0,1.486788,0.276251,0.0,0.0,0.0,0.0,0.0,1344.056763,820.707214,0.0,64.0,0.0,276.0,0.0,1721542784.0,31872.0,0.276251,0.0,523.349548,2.017772,2.017772,62.0,0.0,3.0,0.0,4.0,-0.0,1.0,0.0,198.0,1.0,2.017772,2.017772,2.973577,0.0,0.0,7.0,0.0,0.0,66.0,0.0,474.0,69.0,3
28.778833,4.795191,247552.0,0.0,72.155624,0.276882,0.0,7.0,0.0,0.0,1.419878,889576.25,873948.9375,0.0,64.0,0.0,525358.0,0.0,1721542784.0,31872.0,0.276882,0.0,15627.324219,4.795191,4.795191,62.0,1.0,139.0,0.0,347.0,-0.0,1.0,0.0,9434.0,1.0,4.795191,4.795191,101.143005,1.0,0.0,486.0,7.0,0.0,67.870506,0.0,534792.0,1514.0,3
8.802015,3.635531,268672.0,0.0,22.555164,0.276882,0.0,5.0,0.0,0.0,4.132231,278339.53125,273188.15625,0.0,64.0,0.0,125662.0,0.0,1721542784.0,31872.0,0.276882,0.0,5151.379395,3.635531,3.635531,62.0,1.0,33.0,0.0,83.0,-0.0,1.0,0.0,2414.0,1.0,3.635531,3.635531,31.632244,1.0,0.0,116.0,5.0,0.0,73.151512,0.0,128076.0,1514.0,3
0.409761,4.880896,267520.0,0.0,1.024402,0.276882,0.0,4.0,0.0,0.0,30.769231,12650.135742,12407.557617,0.0,64.0,0.0,9084.0,0.0,1721542784.0,31872.0,0.276882,0.0,242.5784,4.880896,4.880896,62.0,0.0,3.0,0.0,6.0,-0.0,1.0,0.0,222.0,1.0,4.880896,4.880896,1.639043,1.0,0.0,9.0,4.0,0.0,74.0,0.0,9306.0,1514.0,3
2.311532,4.326135,267520.0,0.0,5.316524,0.276882,0.0,15.0,0.0,0.0,30.0,65776.953125,64393.734375,0.0,64.0,0.0,36336.0,0.0,1721542784.0,31872.0,0.276882,0.0,1383.220825,4.326135,4.326135,62.0,1.0,11.0,0.0,24.0,-0.0,1.0,0.0,822.0,1.0,4.326135,4.326135,7.859209,1.0,0.0,35.0,15.0,0.0,74.727272,0.0,37158.0,1514.0,3
0.0,2.111952,521622.3241706161,0.0,0.473496,0.276882,0.0,0.0,0.0,0.0,0.0,5734.978516,5734.978516,0.0,64.0,0.0,3028.0,0.0,1721542784.0,1183398.375711575,0.276882,0.0,0.0,2.111952,2.111952,62.0,0.0,0.0,0.0,2.0,-0.0,1.0,0.0,0.0,1.0,2.111952,2.111952,0.473496,1.0,0.0,2.0,2.0,0.0,0.0,0.0,3028.0,1514.0,3
0.431337,2.318375,268672.0,0.0,0.862673,0.276882,0.0,1.0,0.0,0.0,16.666667,4016.606201,3788.860596,0.0,64.0,0.0,1646.0,0.0,1721542784.0,31872.0,0.276882,0.0,227.745712,2.318375,2.318375,62.0,0.0,2.0,0.0,3.0,-0.0,1.0,0.0,132.0,1.0,2.318375,2.318375,1.725346,1.0,0.0,5.0,1.0,0.0,66.0,0.0,1778.0,548.666687,3
6.066178,4.450908,268672.0,0.0,18.872553,0.276882,0.0,5.0,0.0,0.0,4.237288,231871.78125,228584.359375,0.0,64.0,0.0,128690.0,0.0,1721542784.0,31872.0,0.276882,0.0,3287.418945,4.450908,4.450908,61.0,1.0,28.0,0.0,85.0,-0.0,1.0,0.0,1896.0,1.0,4.450908,4.450908,25.163404,1.0,0.0,113.0,5.0,0.0,67.714287,0.0,130586.0,1514.0,3
8.522847,4.927931,242304.0,0.0,25.162691,0.276882,0.0,5.0,0.0,0.0,2.890173,309582.28125,304770.5,0.0,64.0,0.0,189250.0,0.0,1721542784.0,31872.0,0.276882,0.0,4811.755859,4.927931,4.927931,61.0,1.0,43.0,0.0,125.0,-0.0,1.0,0.0,3034.0,1.0,4.927931,4.927931,33.888462,1.0,0.0,168.0,5.0,0.0,70.558136,0.0,192284.0,1514.0,3
0.0,4.961677,268672.0,0.0,0.201545,0.276882,0.0,1.0,0.0,0.0,25.0,1273.762817,1273.762817,0.0,64.0,0.0,1580.0,0.0,1721542784.0,31872.0,0.276882,0.0,0.0,4.961677,4.961677,62.0,0.0,1.0,0.0,2.0,-0.0,1.0,0.0,66.0,1.0,4.961677,4.961677,0.40309,1.0,0.0,3.0,1.0,0.0,66.0,0.0,1646.0,790.0,3
12.661859,4.975573,268672.0,0.0,34.568882,0.276882,0.0,19.0,0.0,0.0,7.421875,425612.09375,418698.3125,0.0,64.0,0.0,261922.0,0.0,1721542784.0,31872.0,0.276882,0.0,6913.776367,4.975573,4.975573,62.0,1.0,64.0,0.0,173.0,-0.0,1.0,0.0,4368.0,1.0,4.975573,4.975573,47.431721,1.0,0.0,237.0,19.0,0.0,68.25,0.0,266290.0,1514.0,3
33.419849,4.787574,267520.0,0.0,110.285507,0.276882,0.0,18.0,0.0,0.0,2.542373,1353796.375,1335778.0,0.0,64.0,0.0,800906.0,0.0,1721542784.0,31872.0,0.276882,0.0,18018.3125,4.787574,4.787574,62.0,1.0,161.0,0.0,529.0,-0.0,1.0,0.0,10850.0,1.0,4.787574,4.787574,143.91423,1.0,0.0,690.0,18.0,0.0,67.391304,0.0,811756.0,1514.0,3
6.293154,4.608182,268672.0,0.0,16.492405,0.276882,0.0,23.0,0.0,0.0,17.692308,203476.34375,199756.0,0.0,64.0,0.0,116578.0,0.0,1721542784.0,31872.0,0.276882,0.0,3720.339111,4.608182,4.608182,62.0,1.0,30.0,0.0,77.0,-0.0,1.0,0.0,2216.0,1.0,4.608182,4.608182,23.002563,1.0,0.0,107.0,23.0,0.0,73.866669,0.0,118794.0,1514.0,3
0.0,2.816331,521622.3241706161,0.0,0.355072,0.276882,0.0,0.0,0.0,0.0,0.0,4300.630859,4300.630859,0.0,64.0,0.0,3028.0,0.0,1721542784.0,1183398.375711575,0.276882,0.0,0.0,2.816331,2.816331,62.0,0.0,0.0,0.0,2.0,-0.0,1.0,0.0,0.0,1.0,2.816331,2.816331,0.355072,1.0,0.0,2.0,2.0,0.0,0.0,0.0,3028.0,1514.0,3
18.915741,2.220373,267520.0,0.0,43.235981,0.276882,0.0,8.0,0.0,0.0,5.405405,525147.8125,514328.03125,0.0,64.0,0.0,144236.0,0.0,1721542784.0,31872.0,0.276882,0.0,10819.803711,2.220373,2.220373,62.0,0.0,43.0,0.0,97.0,-0.0,1.0,0.0,3074.0,1.0,2.220373,2.220373,62.602097,1.0,0.0,140.0,8.0,0.0,71.488373,0.0,147310.0,1486.969116,3
8.344917,4.19417,64128.0,2.0,13.590293,0.153154,1.0,5.0,0.0,0.0,5.050505,153990.890625,149073.59375,0.0,64.0,0.0,79526.0,0.0,1721542784.0,31872.0,0.153154,0.0,4917.301758,4.19417,4.19417,62.0,0.0,36.0,0.0,58.0,-0.0,0.0,0.0,2651.0,0.0,4.19417,4.19417,22.173635,0.0,0.0,94.0,3.0,0.0,73.638885,0.0,82177.0,1371.137939,3
0.935287,3.207571,64256.0,2.0,0.935287,0.168904,1.0,5.0,0.0,0.0,38.461538,1092.415405,553.690002,0.0,64.0,0.0,296.0,0.000922,1721542784.0,4077568.0,0.169826,0.0,538.725403,3.207571,3.207571,62.0,0.0,4.0,0.0,4.0,-0.0,0.0,0.0,288.0,0.0,3.207571,3.207571,2.182337,0.0,0.0,8.0,3.0,0.0,72.0,0.0,584.0,74.0,3
0.535561,1.867202,64256.0,0.0,1.071121,0.168904,0.0,0.0,0.0,0.0,0.0,848.328125,565.552063,0.0,64.0,0.0,198.0,0.000922,1721542784.0,4077568.0,0.169826,0.0,282.776031,1.867202,1.867202,62.0,0.0,2.0,0.0,3.0,-0.0,1.0,0.0,132.0,0.0,1.867202,1.867202,2.142243,0.0,0.0,5.0,0.0,0.0,66.0,0.0,330.0,66.0,3
9.010925,0.554882,64128.0,0.0,7.20874,0.276014,0.0,0.0,0.0,0.0,0.0,17848.839844,7151.070312,0.0,64.0,0.0,619.0,0.000691,1721542784.0,31872.0,0.276705,0.0,10697.770508,0.554882,0.554882,62.0,0.0,6.0,0.0,5.0,-0.0,0.0,0.0,890.0,0.0,0.554882,0.554882,18.021851,0.0,0.0,11.0,0.0,0.0,148.333328,0.0,1509.0,123.800003,3
3.607803,0.277177,64256.0,0.0,0.0,0.276487,0.0,0.0,0.0,0.0,0.0,2020.369629,0.0,0.0,64.0,0.0,74.0,0.00069,1721542784.0,4077568.0,0.277177,0.0,2020.369629,0.277177,0.277177,62.0,0.0,2.0,0.0,1.0,-0.0,0.0,0.0,140.0,0.0,0.277177,0.277177,7.215606,0.0,0.0,3.0,0.0,0.0,70.0,0.0,214.0,74.0,3
0.0,3.577946,64256.0,0.0,0.83847,0.276487,0.0,0.0,0.0,0.0,0.0,442.712097,442.712097,0.0,64.0,0.0,264.0,0.00069,1721542784.0,4077568.0,0.277177,0.0,0.0,3.577946,3.577946,62.0,0.0,1.0,0.0,4.0,-0.0,1.0,0.0,66.0,0.0,3.577946,3.577946,1.11796,0.0,0.0,5.0,0.0,0.0,66.0,0.0,330.0,66.0,3
0.957733,4.17653,64128.0,0.0,1.915466,0.153859,0.0,0.0,0.0,0.0,0.0,2821.480957,1532.372559,0.0,64.0,0.0,900.0,0.000646,1721542784.0,31872.0,0.154505,0.0,1289.108398,4.17653,4.17653,62.0,0.0,5.0,0.0,9.0,-0.0,0.0,0.0,841.0,0.0,4.17653,4.17653,3.112632,0.0,0.0,14.0,0.0,0.0,168.199997,0.0,1741.0,100.0,3
0.0,0.0,521622.3241706161,0.0,0.0,0.276487,0.0,0.0,0.0,0.0,0.0,0.0,0.0,0.0,64.0,0.0,66.0,0.00069,1721542784.0,1183398.375711575,0.277177,0.0,0.0,0.0,0.0,62.0,0.0,0.0,0.0,1.0,-0.0,1.0,0.0,0.0,0.0,0.0,0.0,0.0,0.0,0.0,1.0,0.0,0.0,0.0,0.0,66.0,66.0,3
11.791688,0.339222,64128.0,0.0,11.791688,0.154878,0.0,0.0,0.0,0.0,0.0,28064.216797,12121.854492,0.0,64.0,0.0,642.0,0.000497,1721542784.0,31872.0,0.155375,0.0,15942.361328,0.339222,0.339222,62.0,0.0,5.0,0.0,5.0,-0.0,0.0,0.0,845.0,0.0,0.339222,0.339222,26.531298,0.0,0.0,10.0,0.0,0.0,169.0,0.0,1487.0,128.399994,3
5.951637,0.168021,64256.0,0.0,0.0,0.167321,0.0,0.0,0.0,0.0,0.0,3332.916748,0.0,0.0,64.0,0.0,74.0,0.0007,1721542784.0,4077568.0,0.168021,0.0,3332.916748,0.168021,0.168021,62.0,0.0,2.0,0.0,1.0,-0.0,0.0,0.0,140.0,0.0,0.168021,0.168021,11.903275,0.0,0.0,3.0,0.0,0.0,70.0,0.0,214.0,74.0,3
0.0,0.0,64256.0,0.0,0.0,0.276487,0.0,0.0,0.0,0.0,0.0,0.0,0.0,0.0,64.0,0.0,66.0,0.00069,1721542784.0,4077568.0,0.277177,0.0,0.0,0.0,0.0,62.0,0.0,1.0,0.0,1.0,-0.0,1.0,0.0,66.0,0.0,0.0,0.0,0.0,0.0,0.0,2.0,0.0,0.0,66.0,0.0,132.0,66.0,3
16.004353,0.062483,64256.0,0.0,0.0,0.167321,0.0,0.0,0.0,0.0,0.0,8450.297852,0.0,0.0,64.0,0.0,66.0,0.0007,1721542784.0,4077568.0,0.168021,0.0,8450.297852,0.062483,0.062483,62.0,0.0,2.0,0.0,1.0,-0.0,1.0,0.0,132.0,0.0,0.062483,0.062483,32.008705,0.0,0.0,3.0,0.0,0.0,66.0,0.0,198.0,66.0,3
8.813617,0.567304,64128.0,0.0,7.050893,0.275275,0.0,0.0,0.0,0.0,0.0,17866.962891,7191.911133,0.0,64.0,0.0,637.0,0.0,1721542784.0,31872.0,0.275275,0.0,10675.051758,0.567304,0.567304,62.0,0.0,6.0,0.0,5.0,-0.0,0.0,0.0,908.0,0.0,0.567304,0.567304,17.627234,0.0,0.0,11.0,0.0,0.0,151.333328,0.0,1545.0,127.400002,3
0.297926,3.356534,64256.0,0.0,0.595853,0.276837,0.0,2.0,0.0,0.0,28.571429,519.583618,352.744812,0.0,64.0,0.0,222.0,0.001418,1721542784.0,4077568.0,0.278255,0.0,166.838776,3.356534,3.356534,62.0,0.0,2.0,0.0,3.0,-0.0,0.0,0.0,140.0,0.0,3.356534,3.356534,1.191705,1.0,0.0,5.0,2.0,0.0,70.0,0.0,362.0,74.0,3
60.629944,0.692727,56064.0,0.0,96.719193,0.167488,0.0,0.0,0.0,0.0,0.0,1159764.125,1126515.875,0.0,64.0,0.0,99001.0,0.000512,1721542784.0,31872.0,0.168,0.0,33248.304688,0.692727,0.692727,62.0,0.0,43.0,0.0,68.0,-0.0,0.0,0.0,2947.0,0.0,0.692727,0.692727,158.792709,0.0,0.0,111.0,0.0,0.0,68.534882,0.0,101948.0,1455.897095,3
3.616323,0.276524,64256.0,0.0,0.0,0.276837,0.0,0.0,0.0,0.0,0.0,1909.418335,0.0,0.0,64.0,0.0,66.0,0.001418,1721542784.0,4077568.0,0.278255,0.0,1909.418335,0.276524,0.276524,62.0,0.0,2.0,0.0,1.0,-0.0,1.0,0.0,132.0,0.0,0.276524,0.276524,7.232645,0.0,0.0,3.0,0.0,0.0,66.0,0.0,198.0,66.0,3
5.317361,0.940316,64128.0,0.0,5.317361,0.153049,0.0,0.0,0.0,0.0,0.0,11187.728516,4866.449219,0.0,64.0,0.0,686.0,0.000421,1721542784.0,31872.0,0.15347,0.0,6321.279297,0.940316,0.940316,62.0,0.0,6.0,0.0,6.0,-0.0,0.0,0.0,891.0,0.0,0.940316,0.940316,11.698195,0.0,0.0,12.0,0.0,0.0,148.5,0.0,1577.0,114.333336,3
0.754307,1.32572,64256.0,0.0,0.754307,0.289182,0.0,1.0,0.0,0.0,20.0,868.961792,446.549805,0.0,64.0,0.0,148.0,0.000713,1721542784.0,4077568.0,0.289895,0.0,422.411987,1.32572,1.32572,62.0,0.0,2.0,0.0,2.0,-0.0,0.0,0.0,140.0,0.0,1.32572,1.32572,2.262921,1.0,0.0,4.0,1.0,0.0,70.0,0.0,288.0,74.0,3
3.068407,2.281314,64128.0,0.0,2.630063,0.290193,0.0,0.0,0.0,0.0,0.0,5403.90332,2261.854492,0.0,64.0,0.0,752.0,0.000789,1721542784.0,31872.0,0.290982,0.0,3142.049072,2.281314,2.281314,62.0,0.0,8.0,0.0,7.0,-0.0,0.0,0.0,1023.0,0.0,2.281314,2.281314,6.136815,0.0,0.0,15.0,0.0,0.0,127.875,0.0,1775.0,107.428574,3
2.232098,0.448009,64256.0,0.0,0.0,0.289182,0.0,0.0,0.0,0.0,0.0,1178.547729,0.0,0.0,64.0,0.0,66.0,0.000713,1721542784.0,4077568.0,0.289895,0.0,1178.547729,0.448009,0.448009,62.0,0.0,2.0,0.0,1.0,-0.0,1.0,0.0,132.0,0.0,0.448009,0.448009,4.464196,0.0,0.0,3.0,0.0,0.0,66.0,0.0,198.0,66.0,3
0.75368,1.326824,64256.0,0.0,0.75368,0.286953,0.0,1.0,0.0,0.0,20.0,868.23877,446.178253,0.0,64.0,0.0,148.0,0.001,1721542784.0,4077568.0,0.287953,0.0,422.060516,1.326824,1.326824,62.0,0.0,2.0,0.0,2.0,-0.0,0.0,0.0,140.0,0.0,1.326824,1.326824,2.261039,1.0,0.0,4.0,1.0,0.0,70.0,0.0,288.0,74.0,3
3.407227,1.467469,64128.0,0.0,3.407227,0.214782,0.0,0.0,0.0,0.0,0.0,7157.902832,3112.842529,0.0,64.0,0.0,685.0,0.001118,1721542784.0,31872.0,0.2159,0.0,4045.060059,1.467469,1.467469,62.0,0.0,6.0,0.0,6.0,-0.0,0.0,0.0,890.0,0.0,1.467469,1.467469,7.4959,0.0,0.0,12.0,0.0,0.0,148.333328,0.0,1575.0,114.166664,3
21.567062,0.046367,64256.0,0.0,0.0,0.286953,0.0,0.0,0.0,0.0,0.0,11387.40918,0.0,0.0,64.0,0.0,66.0,0.001,1721542784.0,4077568.0,0.287953,0.0,11387.40918,0.046367,0.046367,62.0,0.0,2.0,0.0,1.0,-0.0,1.0,0.0,132.0,0.0,0.046367,0.046367,43.134125,0.0,0.0,3.0,0.0,0.0,66.0,0.0,198.0,66.0,3
5.996046,1.167436,64128.0,1.0,5.139468,0.045173,1.0,3.0,0.0,0.0,16.666667,10703.798828,4515.879395,0.0,64.0,0.0,768.0,0.001003,1721542784.0,31872.0,0.046176,0.0,6187.919434,1.167436,1.167436,62.0,0.0,8.0,0.0,7.0,-0.0,0.0,0.0,1031.0,0.0,1.167436,1.167436,11.992092,0.0,0.0,15.0,2.0,0.0,128.875,0.0,1799.0,109.714287,3
2.536093,1.182922,64256.0,1.0,1.690729,0.151657,1.0,3.0,0.0,0.0,30.0,2421.123291,1000.911316,0.0,64.0,0.0,222.0,0.000475,1721542784.0,4077568.0,0.152132,0.0,1420.212036,1.182922,1.182922,62.0,0.0,4.0,0.0,3.0,-0.0,0.0,0.0,280.0,0.0,1.182922,1.182922,5.072186,0.0,0.0,7.0,2.0,0.0,70.0,0.0,502.0,74.0,3
0.0,0.000457,64128.0,0.0,0.0,0.290193,0.0,0.0,0.0,0.0,0.0,0.0,0.0,0.0,64.0,0.0,66.0,0.000789,1721542784.0,31872.0,0.290982,0.0,0.0,0.000457,0.000457,61.0,0.0,1.0,0.0,1.0,-0.0,1.0,0.0,66.0,0.0,0.000457,0.000457,2188.183838,0.0,0.0,2.0,0.0,0.0,66.0,0.0,132.0,66.0,3
1.028396,0.972388,64256.0,0.0,1.028396,0.151657,0.0,0.0,0.0,0.0,0.0,1085.986206,542.993103,0.0,64.0,0.0,132.0,0.000475,1721542784.0,4077568.0,0.152132,0.0,542.993103,0.972388,0.972388,61.0,0.0,2.0,0.0,2.0,-0.0,1.0,0.0,132.0,0.0,0.972388,0.972388,3.085188,0.0,0.0,4.0,0.0,0.0,66.0,0.0,264.0,66.0,3
0.0,3.051518,8222720.0,0.0,0.655411,0.0,0.0,2.0,0.0,0.0,33.333333,388.003601,388.003601,0.0,64.0,0.0,222.0,0.0,1721542784.0,4077568.0,0.0,0.0,0.0,3.051518,3.051518,61.0,0.0,1.0,0.0,3.0,-0.0,0.0,0.0,74.0,0.0,3.051518,3.051518,0.983117,1.0,0.0,4.0,2.0,0.0,74.0,0.0,296.0,74.0,3
4.63908,0.21556,64256.0,0.0,0.0,0.214568,0.0,0.0,0.0,0.0,0.0,2597.884521,0.0,0.0,64.0,0.0,74.0,0.000992,1721542784.0,4077568.0,0.21556,0.0,2597.884521,0.21556,0.21556,62.0,0.0,2.0,0.0,1.0,-0.0,0.0,0.0,140.0,0.0,0.21556,0.21556,9.278159,0.0,0.0,3.0,0.0,0.0,70.0,0.0,214.0,74.0,3
30.16304,1.060901,69888.0,0.0,44.301964,0.165321,0.0,9.0,0.0,0.0,10.0,527604.3125,507425.28125,0.0,64.0,0.0,68722.0,0.0,1721542784.0,31872.0,0.165321,0.0,20179.074219,1.060901,1.060901,62.0,0.0,33.0,0.0,48.0,-0.0,1.0,0.0,2759.0,1.0,1.060901,1.060901,75.4076,1.0,0.0,81.0,9.0,0.0,83.606064,0.0,71481.0,1431.708374,3
6.529802,0.153144,64256.0,0.0,0.0,0.214568,0.0,0.0,0.0,0.0,0.0,3447.735352,0.0,0.0,64.0,0.0,66.0,0.000992,1721542784.0,4077568.0,0.21556,0.0,3447.735352,0.153144,0.153144,62.0,0.0,2.0,0.0,1.0,-0.0,1.0,0.0,132.0,0.0,0.153144,0.153144,13.059604,0.0,0.0,3.0,0.0,0.0,66.0,0.0,198.0,66.0,3
0.655975,3.048898,8222720.0,2.0,0.983962,0.0,1.0,5.0,0.0,0.0,41.666667,970.84259,582.505554,0.0,64.0,0.0,296.0,0.001002,1721542784.0,4077568.0,0.001002,0.0,388.337036,3.048898,3.048898,62.0,0.0,3.0,0.0,4.0,-0.0,0.0,0.0,222.0,0.0,3.048898,3.048898,1.967924,0.0,0.0,7.0,3.0,0.0,74.0,0.0,518.0,74.0,3
2.092047,3.346005,64128.0,2.0,2.092047,0.153152,1.0,5.0,0.0,0.0,23.809524,4007.166748,1797.965088,0.0,64.0,0.0,859.0,0.001033,1721542784.0,31872.0,0.154185,0.0,2209.20166,3.346005,3.346005,62.0,0.0,8.0,0.0,8.0,-0.0,0.0,0.0,1056.0,0.0,3.346005,3.346005,4.482958,0.0,0.0,16.0,3.0,0.0,132.0,0.0,1915.0,107.375,3
0.0,4.305045,64256.0,0.0,0.232286,0.272977,0.0,2.0,0.0,0.0,40.0,137.513077,137.513077,0.0,64.0,0.0,148.0,0.001002,1721542784.0,4077568.0,0.273979,0.0,0.0,4.305045,4.305045,62.0,0.0,1.0,0.0,2.0,-0.0,1.0,0.0,66.0,0.0,4.305045,4.305045,0.464571,1.0,0.0,3.0,2.0,0.0,66.0,0.0,214.0,74.0,3
0.0,0.0,64128.0,0.0,0.0,0.153152,0.0,0.0,0.0,0.0,0.0,0.0,0.0,0.0,64.0,0.0,66.0,0.001033,1721542784.0,31872.0,0.154185,0.0,0.0,0.0,0.0,62.0,0.0,1.0,0.0,1.0,-0.0,1.0,0.0,66.0,0.0,0.0,0.0,0.0,0.0,0.0,2.0,0.0,0.0,66.0,0.0,132.0,66.0,3
0.0,3.270051,64256.0,0.0,1.223222,0.272977,0.0,0.0,0.0,0.0,0.0,645.861511,645.861511,0.0,64.0,0.0,330.0,0.001002,1721542784.0,31872.0,0.273979,0.0,0.0,3.270051,3.270051,62.0,0.0,1.0,0.0,5.0,-0.0,1.0,0.0,66.0,0.0,3.270051,3.270051,1.529028,0.0,0.0,6.0,0.0,0.0,66.0,0.0,396.0,66.0,3
0.0,3.062086,8222720.0,0.0,0.653149,0.0,0.0,2.0,0.0,0.0,33.333333,386.66449,386.66449,0.0,64.0,0.0,222.0,0.000815,1721542784.0,4077568.0,0.000815,0.0,0.0,3.062086,3.062086,62.0,0.0,1.0,0.0,3.0,-0.0,0.0,0.0,74.0,0.0,3.062086,3.062086,0.979724,1.0,0.0,4.0,2.0,0.0,74.0,0.0,296.0,74.0,3
0.820721,1.218441,64256.0,0.0,0.820721,0.160724,0.0,1.0,0.0,0.0,20.0,945.470459,485.86676,0.0,64.0,0.0,148.0,0.0,1721542784.0,4077568.0,0.160724,0.0,459.603699,1.218441,1.218441,62.0,0.0,2.0,0.0,2.0,-0.0,0.0,0.0,140.0,0.0,1.218441,1.218441,2.462163,1.0,0.0,4.0,1.0,0.0,70.0,0.0,288.0,74.0,3
0.0,0.000885,64128.0,0.0,0.0,0.153152,0.0,0.0,0.0,0.0,0.0,0.0,0.0,0.0,64.0,0.0,66.0,0.001033,1721542784.0,31872.0,0.154185,0.0,0.0,0.000885,0.000885,62.0,0.0,1.0,0.0,1.0,-0.0,1.0,0.0,66.0,0.0,0.000885,0.000885,1129.943481,0.0,0.0,2.0,0.0,0.0,66.0,0.0,132.0,66.0,3
0.0,0.0,64256.0,0.0,0.0,0.272977,0.0,0.0,0.0,0.0,0.0,0.0,0.0,0.0,64.0,0.0,66.0,0.001002,1721542784.0,31872.0,0.273979,0.0,0.0,0.0,0.0,62.0,0.0,1.0,0.0,1.0,-0.0,1.0,0.0,66.0,0.0,0.0,0.0,0.0,0.0,0.0,2.0,0.0,0.0,66.0,0.0,132.0,66.0,3
0.0,0.0,521622.3241706161,0.0,0.0,0.0,0.0,0.0,0.0,0.0,0.0,0.0,0.0,0.0,64.0,0.0,74.0,0.000815,1721542784.0,1183398.375711575,0.000815,0.0,0.0,0.0,0.0,62.0,0.0,0.0,0.0,1.0,-0.0,1.0,0.0,0.0,0.0,0.0,0.0,0.0,1.0,0.0,1.0,1.0,0.0,0.0,0.0,74.0,74.0,3
5.94502,0.168208,64256.0,0.0,0.0,0.160724,0.0,0.0,0.0,0.0,0.0,3138.970703,0.0,0.0,64.0,0.0,66.0,0.0,1721542784.0,4077568.0,0.160724,0.0,3138.970703,0.168208,0.168208,62.0,0.0,2.0,0.0,1.0,-0.0,1.0,0.0,132.0,0.0,0.168208,0.168208,11.89004,0.0,0.0,3.0,0.0,0.0,66.0,0.0,198.0,66.0,3
0.0,0.0,521622.3241706161,0.0,0.0,0.0,0.0,0.0,0.0,0.0,0.0,0.0,0.0,0.0,64.0,0.0,74.0,0.000815,1721542784.0,1183398.375711575,0.000815,0.0,0.0,0.0,0.0,62.0,0.0,0.0,0.0,1.0,-0.0,1.0,0.0,0.0,0.0,0.0,0.0,0.0,1.0,0.0,1.0,1.0,0.0,0.0,0.0,74.0,74.0,3
0.0,0.0,521622.3241706161,0.0,0.0,0.0,0.0,0.0,0.0,0.0,0.0,0.0,0.0,0.0,64.0,0.0,74.0,0.000815,1721542784.0,1183398.375711575,0.000815,0.0,0.0,0.0,0.0,62.0,0.0,0.0,0.0,1.0,-0.0,1.0,0.0,0.0,0.0,0.0,0.0,0.0,1.0,0.0,1.0,1.0,0.0,0.0,0.0,74.0,74.0,3
0.0,0.0,64256.0,0.0,0.0,0.0,0.0,0.0,0.0,0.0,0.0,0.0,0.0,0.0,64.0,0.0,60.0,0.000815,1721542784.0,4077568.0,0.000815,0.0,0.0,0.0,0.0,62.0,0.0,1.0,0.0,1.0,-0.0,1.0,0.0,448.0,0.0,0.0,0.0,0.0,0.0,0.0,2.0,0.0,0.0,448.0,0.0,508.0,60.0,3
0.0,0.002002,64256.0,0.0,0.0,0.0,0.0,0.0,0.0,0.0,0.0,0.0,0.0,0.0,64.0,0.0,60.0,0.000815,1721542784.0,4077568.0,0.000815,0.0,0.0,0.002002,0.002002,62.0,0.0,1.0,0.0,1.0,-0.0,1.0,0.0,66.0,0.0,0.002002,0.002002,499.500458,0.0,0.0,2.0,0.0,0.0,66.0,0.0,126.0,60.0,3
30.928307,1.002318,72832.0,0.0,43.898243,0.167318,0.0,6.0,0.0,0.0,7.228916,520760.875,500886.9375,0.0,64.0,0.0,64182.0,0.001995,1721542784.0,31872.0,0.169313,0.0,19873.931641,1.002318,1.002318,62.0,0.0,32.0,0.0,45.0,-0.0,0.0,0.0,2570.0,1.0,1.002318,1.002318,75.824234,1.0,0.0,77.0,6.0,0.0,80.3125,0.0,66752.0,1426.266724,3
1.372797,2.18532,64256.0,0.0,2.745594,0.307407,0.0,2.0,0.0,0.0,15.384615,9371.625977,7621.767578,0.0,64.0,0.0,2429.0,0.0,1721542784.0,31872.0,0.307407,0.0,1749.858276,2.18532,2.18532,62.0,0.0,4.0,0.0,7.0,-0.0,0.0,0.0,637.0,0.0,2.18532,2.18532,4.575989,1.0,0.0,11.0,2.0,0.0,159.25,0.0,3066.0,347.0,1
0.27138,3.684874,64256.0,0.0,1.356898,0.0,0.0,3.0,0.0,0.0,27.272727,2346.891602,1823.671509,0.0,64.0,0.0,1007.0,0.000782,1721542784.0,31872.0,0.000782,0.0,523.220032,3.684874,3.684874,62.0,0.0,2.0,0.0,6.0,-0.0,0.0,0.0,481.0,0.0,3.684874,3.684874,1.899658,1.0,0.0,8.0,3.0,0.0,240.5,0.0,1488.0,167.833328,1
152.197433,3.324629,1417856.0,0.0,424.709045,0.0,0.0,1.0,0.0,0.0,0.052056,5206114.5,5124813.5,0.0,64.0,0.0,2131271.0,0.000709,1721542784.0,31872.0,0.000709,0.0,81301.101562,3.324629,3.324629,62.0,0.0,507.0,0.0,1413.0,-0.0,0.0,0.0,33853.0,0.0,3.324629,3.324629,577.207275,1.0,0.0,1920.0,1.0,0.0,66.771202,0.0,2165124.0,1508.330444,1
0.614026,1.628595,64128.0,0.0,0.614026,0.0,0.0,1.0,0.0,0.0,20.0,1630.853638,1277.174561,0.0,64.0,0.0,520.0,0.000782,1721542784.0,31872.0,0.000782,0.0,353.679108,1.628595,1.628595,62.0,0.0,2.0,0.0,2.0,-0.0,1.0,0.0,144.0,1.0,1.628595,1.628595,1.842079,1.0,0.0,4.0,1.0,0.0,72.0,0.0,664.0,260.0,1
4.804564,4.99525,64128.0,1.0,8.007607,0.198766,1.0,11.0,0.0,0.0,14.285714,89731.640625,86286.765625,1.0,64.0,0.0,55224.0,0.0,1721542784.0,31872.0,0.198766,0.0,3444.872559,4.99525,4.99525,62.0,0.0,25.0,0.0,41.0,-0.0,0.0,0.0,2240.0,1.0,4.99525,4.99525,13.012362,0.0,0.0,66.0,10.0,0.0,89.599998,0.0,57464.0,1346.92688,1
1.630498,1.226619,64256.0,1.0,0.815249,0.229924,1.0,2.0,0.0,0.0,28.571429,1415.272339,482.627441,0.0,64.0,0.0,148.0,0.000452,1721542784.0,4077568.0,0.230376,0.0,932.644958,1.226619,1.226619,62.0,0.0,3.0,0.0,2.0,-0.0,0.0,0.0,214.0,0.0,1.226619,1.226619,3.260996,0.0,0.0,5.0,1.0,0.0,71.333336,0.0,362.0,74.0,1
0.0,0.0,64128.0,0.0,0.0,0.0,0.0,0.0,0.0,0.0,0.0,0.0,0.0,0.0,64.0,0.0,66.0,0.000782,1721542784.0,31872.0,0.000782,0.0,0.0,0.0,0.0,62.0,0.0,1.0,0.0,1.0,-0.0,1.0,0.0,66.0,1.0,0.0,0.0,0.0,0.0,0.0,2.0,0.0,0.0,66.0,0.0,132.0,66.0,1
9.203991,4.997832,185728.0,0.0,16.207027,0.198766,0.0,8.0,0.0,0.0,5.839416,201285.671875,196299.515625,0.0,64.0,0.0,124148.0,0.0,1721542784.0,31872.0,0.198766,0.0,4986.162109,4.997832,4.997832,62.0,1.0,47.0,0.0,82.0,-0.0,1.0,0.0,3182.0,1.0,4.997832,4.997832,25.611105,1.0,0.0,129.0,8.0,0.0,67.702126,0.0,127330.0,1514.0,1
0.64796,3.086609,64256.0,0.0,0.97194,0.229924,0.0,0.0,0.0,0.0,0.0,878.634155,536.511108,0.0,64.0,0.0,276.0,0.000452,1721542784.0,31872.0,0.230376,0.0,342.123047,3.086609,3.086609,62.0,0.0,3.0,0.0,4.0,-0.0,1.0,0.0,198.0,1.0,3.086609,3.086609,1.943881,0.0,0.0,7.0,0.0,0.0,66.0,0.0,474.0,69.0,1
75.856918,0.553674,274944.0,0.0,178.805588,0.198766,0.0,0.0,0.0,0.0,0.0,2182136.25,2142083.75,0.0,64.0,0.0,149749.0,0.0,1721542784.0,31872.0,0.198766,0.0,40052.449219,0.553674,0.553674,62.0,0.0,43.0,0.0,100.0,-0.0,1.0,0.0,2838.0,1.0,0.553674,0.553674,256.468628,0.0,0.0,143.0,0.0,0.0,66.0,0.0,152587.0,1497.48999,1
187.505432,1.461291,759552.0,0.0,502.979919,0.061937,0.0,4.0,0.0,0.0,0.394089,6164549.0,6059880.0,0.0,64.0,0.0,1108411.0,0.000986,1721542784.0,31872.0,0.062923,0.0,104669.09375,1.461291,1.461291,62.0,0.0,275.0,0.0,736.0,-0.0,0.0,0.0,19188.0,1.0,1.461291,1.461291,691.169678,1.0,0.0,1011.0,4.0,0.0,69.774544,0.0,1127599.0,1505.993164,1
16.355312,4.891377,203136.0,0.0,25.146294,0.152919,0.0,20.0,0.0,0.0,8.888889,308449.75,298170.4375,1.0,64.0,0.0,183790.0,0.000833,1721542784.0,31872.0,0.153752,0.0,10279.314453,4.891377,4.891377,62.0,0.0,81.0,0.0,124.0,-0.0,0.0,0.0,6363.0,1.0,4.891377,4.891377,41.706047,1.0,0.0,205.0,20.0,0.0,78.555557,0.0,190153.0,1482.177368,1
9.947493,4.925864,423296.0,0.0,18.067896,0.152919,0.0,10.0,0.0,0.0,6.666667,224371.59375,218838.34375,0.0,64.0,0.0,136260.0,0.000833,1721542784.0,31872.0,0.153752,0.0,5533.242188,4.925864,4.925864,62.0,1.0,50.0,0.0,90.0,-0.0,1.0,0.0,3476.0,1.0,4.925864,4.925864,28.218399,1.0,0.0,140.0,10.0,0.0,69.519997,0.0,139736.0,1514.0,1
8.250257,4.848334,594176.0,0.0,12.994155,0.152919,0.0,8.0,0.0,0.0,7.079646,161967.390625,157385.203125,0.0,64.0,0.0,96896.0,0.000833,1721542784.0,31872.0,0.153752,0.0,4582.192871,4.848334,4.848334,62.0,1.0,41.0,0.0,64.0,-0.0,1.0,0.0,2846.0,1.0,4.848334,4.848334,21.450668,1.0,0.0,105.0,8.0,0.0,69.414635,0.0,99742.0,1514.0,1
79.789673,4.323868,812160.0,0.0,282.154785,0.152919,0.0,1.0,0.0,0.0,0.063776,3454764.5,3412613.25,0.0,64.0,0.0,1845972.0,0.000833,1721542784.0,31872.0,0.153752,0.0,42151.148438,4.323868,4.323868,62.0,0.0,346.0,0.0,1221.0,-0.0,1.0,0.0,22848.0,1.0,4.323868,4.323868,362.175751,1.0,0.0,1567.0,1.0,0.0,66.034683,0.0,1868820.0,1511.852539,1
237.05159,1.185396,547328.0,0.0,641.135986,0.061116,0.0,29.0,0.0,0.0,2.705224,7865321.0,7722739.5,0.0,64.0,0.0,1145818.0,0.000963,1721542784.0,31872.0,0.062079,0.0,142581.890625,1.185396,1.185396,62.0,0.0,282.0,0.0,761.0,-0.0,0.0,0.0,21202.0,1.0,1.185396,1.185396,879.031189,1.0,0.0,1043.0,29.0,0.0,75.184395,0.0,1167020.0,1505.674072,1
165.926605,0.277231,75776.0,0.0,256.104095,0.061088,0.0,0.0,0.0,0.0,0.0,3079857.5,2989506.75,0.0,64.0,0.0,105057.0,0.000498,1721542784.0,31872.0,0.061586,0.0,90350.640625,0.277231,0.277231,62.0,0.0,47.0,0.0,72.0,-0.0,0.0,0.0,3199.0,0.0,0.277231,0.277231,425.637817,0.0,0.0,119.0,0.0,0.0,68.063828,0.0,108256.0,1459.125,1
23.00111,4.217188,332288.0,0.0,53.353088,0.138256,0.0,19.0,0.0,0.0,5.539359,648174.125,634259.625,0.0,64.0,0.0,335834.0,0.000707,1721542784.0,31872.0,0.138963,0.0,13914.485352,4.217188,4.217188,62.0,0.0,98.0,0.0,226.0,-0.0,0.0,0.0,7410.0,1.0,4.217188,4.217188,76.591324,1.0,0.0,324.0,19.0,0.0,75.612244,0.0,343244.0,1485.991211,1
267.158447,0.539006,421248.0,0.0,393.316589,0.06158,0.0,0.0,0.0,0.0,0.0,4824629.0,4677810.5,0.0,64.0,0.0,316657.0,0.0,1721542784.0,31872.0,0.06158,0.0,146818.40625,0.539006,0.539006,62.0,0.0,145.0,0.0,213.0,-0.0,0.0,0.0,9960.0,0.0,0.539006,0.539006,662.330322,0.0,0.0,358.0,0.0,0.0,68.689651,0.0,326617.0,1486.652588,1
117.482109,1.038456,235904.0,0.0,237.853134,0.045601,0.0,4.0,0.0,0.0,1.066667,2895884.0,2829955.25,0.0,64.0,0.0,368835.0,0.000811,1721542784.0,31872.0,0.046412,0.0,65928.648438,1.038456,1.038456,62.0,0.0,123.0,0.0,248.0,-0.0,0.0,0.0,8628.0,1.0,1.038456,1.038456,356.298218,1.0,0.0,371.0,4.0,0.0,70.146339,0.0,377463.0,1487.237915,1
86.347618,1.447637,459776.0,0.0,171.313675,0.061578,0.0,40.0,0.0,0.0,9.638554,2079676.125,2025082.25,0.0,64.0,0.0,367925.0,0.000484,1721542784.0,31872.0,0.062062,0.0,54593.796875,1.447637,1.447637,62.0,0.0,126.0,0.0,249.0,-0.0,0.0,0.0,9958.0,1.0,1.447637,1.447637,258.352081,1.0,0.0,375.0,40.0,0.0,79.031746,0.0,377883.0,1477.610474,1
56.22361,0.586942,96000.0,0.0,103.928497,0.123815,0.0,0.0,0.0,0.0,0.0,1239332.0,1205815.875,0.0,64.0,0.0,89918.0,0.000656,1721542784.0,31872.0,0.124471,0.0,33516.085938,0.586942,0.586942,62.0,0.0,34.0,0.0,62.0,-0.0,0.0,0.0,2533.0,0.0,0.586942,0.586942,161.85585,0.0,0.0,96.0,0.0,0.0,74.5,0.0,92451.0,1450.290283,1
0.907897,2.202894,64256.0,1.0,0.907897,0.162805,1.0,3.0,0.0,0.0,33.333333,1056.791626,537.474792,0.0,64.0,0.0,222.0,0.0,1721542784.0,4077568.0,0.162805,0.0,519.316895,2.202894,2.202894,62.0,0.0,3.0,0.0,3.0,-0.0,0.0,0.0,214.0,0.0,2.202894,2.202894,2.269742,0.0,0.0,6.0,2.0,0.0,71.333336,0.0,436.0,74.0,1
16.909306,4.849401,269824.0,0.0,29.281967,0.152389,0.0,16.0,0.0,0.0,6.61157,358525.09375,348191.46875,1.0,64.0,0.0,212551.0,0.000459,1721542784.0,31872.0,0.152848,0.0,10333.647461,4.849401,4.849401,62.0,0.0,83.0,0.0,143.0,-0.0,0.0,0.0,6340.0,1.0,4.849401,4.849401,46.397484,1.0,0.0,226.0,16.0,0.0,76.385544,0.0,218891.0,1486.370605,1
3.49494,4.864176,282496.0,0.0,6.57871,0.152389,0.0,9.0,0.0,0.0,15.0,81694.414062,79681.328125,0.0,64.0,0.0,49962.0,0.000459,1721542784.0,31872.0,0.152848,0.0,2013.085083,4.864176,4.864176,62.0,1.0,18.0,0.0,33.0,-0.0,1.0,0.0,1296.0,1.0,4.864176,4.864176,10.279234,1.0,0.0,51.0,9.0,0.0,72.0,0.0,51258.0,1514.0,1
5.893863,0.169668,64256.0,0.0,0.0,0.162805,0.0,0.0,0.0,0.0,0.0,3111.959717,0.0,0.0,64.0,0.0,66.0,0.0,1721542784.0,4077568.0,0.162805,0.0,3111.959717,0.169668,0.169668,62.0,0.0,2.0,0.0,1.0,-0.0,1.0,0.0,132.0,0.0,0.169668,0.169668,11.787726,0.0,0.0,3.0,0.0,0.0,66.0,0.0,198.0,66.0,1
3.906658,4.607519,282496.0,0.0,6.29406,0.152389,0.0,10.0,0.0,0.0,16.949153,78435.265625,76233.648438,0.0,64.0,0.0,45420.0,0.000459,1721542784.0,31872.0,0.152848,0.0,2201.618652,4.607519,4.607519,62.0,0.0,19.0,0.0,30.0,-0.0,1.0,0.0,1338.0,1.0,4.607519,4.607519,10.417754,1.0,0.0,49.0,10.0,0.0,70.421051,0.0,46758.0,1514.0,1
42.775688,4.862575,283520.0,0.0,129.97229,0.152389,0.0,7.0,0.0,0.0,0.824499,1596908.625,1574224.375,0.0,64.0,0.0,958362.0,0.000459,1721542784.0,31872.0,0.152848,0.0,22684.277344,4.862575,4.862575,62.0,1.0,209.0,0.0,633.0,-0.0,1.0,0.0,13854.0,1.0,4.862575,4.862575,172.953629,1.0,0.0,842.0,7.0,0.0,66.287079,0.0,972216.0,1514.0,1
131.592377,1.352662,283520.0,0.0,485.708923,0.152389,0.0,0.0,0.0,0.0,0.0,5939991.5,5870510.5,0.0,64.0,0.0,994112.0,0.000459,1721542784.0,31872.0,0.152848,0.0,69480.773438,1.352662,1.352662,62.0,0.0,179.0,0.0,658.0,-0.0,1.0,0.0,11814.0,1.0,1.352662,1.352662,618.040588,0.0,0.0,837.0,0.0,0.0,66.0,0.0,1005926.0,1510.808472,1
173.270187,0.277024,100352.0,0.0,259.905273,0.060773,0.0,0.0,0.0,0.0,0.0,3087819.0,2993762.25,0.0,64.0,0.0,105107.0,0.0,1721542784.0,31872.0,0.060773,0.0,94056.835938,0.277024,0.277024,62.0,0.0,49.0,0.0,73.0,-0.0,0.0,0.0,3324.0,0.0,0.277024,0.277024,436.785248,0.0,0.0,122.0,0.0,0.0,67.836731,0.0,108431.0,1439.821899,1
179.366043,0.262034,51072.0,0.0,232.79422,0.061278,0.0,0.0,0.0,0.0,0.0,2797224.75,2701023.5,0.0,64.0,0.0,89920.0,0.000495,1721542784.0,31872.0,0.061773,0.0,96201.257812,0.262034,0.262034,62.0,0.0,48.0,0.0,62.0,-0.0,0.0,0.0,3218.0,0.0,0.262034,0.262034,415.976562,0.0,0.0,110.0,0.0,0.0,67.041664,0.0,93138.0,1450.322632,1
94.017532,4.754432,1320448.0,0.0,171.208664,0.168096,0.0,6.0,0.0,0.0,0.472813,2119304.25,2067039.625,1.0,64.0,0.0,1229959.0,0.000502,1721542784.0,31872.0,0.168598,0.0,52264.496094,4.754432,4.754432,62.0,0.0,448.0,0.0,815.0,-0.0,0.0,0.0,31130.0,1.0,4.754432,4.754432,265.436523,1.0,0.0,1263.0,6.0,0.0,69.48661,0.0,1261089.0,1509.1521,1
19.845526,4.98853,1349760.0,0.0,77.978882,0.168096,0.0,52.0,0.0,0.0,9.594096,957640.0,944480.1875,0.0,64.0,0.0,590460.0,0.000502,1721542784.0,31872.0,0.168598,0.0,13159.788086,4.98853,4.98853,62.0,1.0,100.0,0.0,390.0,-0.0,1.0,0.0,8288.0,1.0,4.98853,4.98853,98.024864,1.0,0.0,490.0,52.0,0.0,82.879997,0.0,598748.0,1514.0,1
23.1374,4.970308,1351808.0,0.0,61.7668,0.168096,0.0,35.0,0.0,0.0,7.625272,759883.6875,746236.25,0.0,64.0,0.0,465138.0,0.000502,1721542784.0,31872.0,0.168598,0.0,13647.444336,4.970308,4.970308,62.0,0.0,116.0,0.0,308.0,-0.0,1.0,0.0,8552.0,1.0,4.970308,4.970308,85.105392,1.0,0.0,424.0,35.0,0.0,73.724136,0.0,473690.0,1510.188354,1
432.68634,0.016178,1351808.0,0.0,0.0,0.168096,0.0,0.0,0.0,0.0,0.0,228458.390625,0.0,0.0,64.0,0.0,66.0,0.000502,1721542784.0,31872.0,0.168598,0.0,228458.390625,0.016178,0.016178,62.0,0.0,8.0,0.0,1.0,-0.0,1.0,0.0,528.0,1.0,0.016178,0.016178,494.498688,0.0,0.0,9.0,0.0,0.0,66.0,0.0,594.0,66.0,1
6.288952,0.954054,64128.0,0.0,6.288952,0.153246,0.0,0.0,0.0,0.0,0.0,12401.813477,5509.12207,0.0,64.0,0.0,766.0,0.000983,1721542784.0,31872.0,0.154229,0.0,6892.691406,0.954054,0.954054,62.0,0.0,7.0,0.0,7.0,-0.0,0.0,0.0,959.0,1.0,0.954054,0.954054,13.626063,0.0,0.0,14.0,0.0,0.0,137.0,0.0,1725.0,109.428574,1
28.85441,0.138627,64128.0,0.0,28.85441,0.075804,0.0,0.0,0.0,0.0,0.0,66711.390625,28623.574219,0.0,64.0,0.0,619.0,0.000984,1721542784.0,31872.0,0.076788,0.0,38087.820312,0.138627,0.138627,62.0,0.0,5.0,0.0,5.0,-0.0,0.0,0.0,824.0,0.0,0.138627,0.138627,64.922424,0.0,0.0,10.0,0.0,0.0,164.800003,0.0,1443.0,123.800003,1
35.73164,0.139932,64128.0,0.0,28.585312,0.060836,0.0,0.0,0.0,0.0,0.0,72320.835938,29099.847656,0.0,64.0,0.0,636.0,0.000979,1721542784.0,31872.0,0.061815,0.0,43220.992188,0.139932,0.139932,62.0,0.0,6.0,0.0,5.0,-0.0,0.0,0.0,907.0,0.0,0.139932,0.139932,71.46328,0.0,0.0,11.0,0.0,0.0,151.166672,0.0,1543.0,127.199997,1
4.706157,1.062438,64128.0,0.0,4.706157,0.167651,0.0,0.0,0.0,0.0,0.0,10165.298828,4442.612305,0.0,64.0,0.0,708.0,0.001487,1721542784.0,31872.0,0.169138,0.0,5722.687012,1.062438,1.062438,62.0,0.0,6.0,0.0,6.0,-0.0,0.0,0.0,911.0,0.0,1.062438,1.062438,10.353545,0.0,0.0,12.0,0.0,0.0,151.833328,0.0,1619.0,118.0,1
4.855373,1.029787,64128.0,0.0,4.855373,0.168137,0.0,0.0,0.0,0.0,0.0,10433.226562,4552.397949,0.0,64.0,0.0,703.0,0.000997,1721542784.0,31872.0,0.169134,0.0,5880.828125,1.029787,1.029787,62.0,0.0,6.0,0.0,6.0,-0.0,0.0,0.0,908.0,0.0,1.029787,1.029787,10.681821,0.0,0.0,12.0,0.0,0.0,151.333328,0.0,1611.0,117.166664,1
1.687038,1.18551,64256.0,1.0,0.843519,0.168336,1.0,2.0,0.0,0.0,28.571429,1464.348633,499.363129,0.0,64.0,0.0,148.0,0.001493,1721542784.0,4077568.0,0.169829,0.0,964.985474,1.18551,1.18551,62.0,0.0,3.0,0.0,2.0,-0.0,0.0,0.0,214.0,0.0,1.18551,1.18551,3.374075,0.0,0.0,5.0,1.0,0.0,71.333336,0.0,362.0,74.0,1
34.954281,1.001308,87296.0,0.0,49.934689,0.166598,0.0,7.0,0.0,0.0,7.446809,596244.125,573865.375,0.0,64.0,0.0,73263.0,0.002485,1721542784.0,31872.0,0.169083,0.0,22378.728516,1.001308,1.001308,62.0,0.0,36.0,0.0,51.0,-0.0,0.0,0.0,2881.0,1.0,1.001308,1.001308,85.887665,1.0,0.0,87.0,7.0,0.0,80.027779,0.0,76144.0,1436.529419,1
0.396865,2.519751,64256.0,0.0,1.190594,0.168336,0.0,0.0,0.0,0.0,0.0,838.17804,628.633545,0.0,64.0,0.0,264.0,0.001493,1721542784.0,4077568.0,0.169829,0.0,209.54451,2.519751,2.519751,62.0,0.0,2.0,0.0,4.0,-0.0,1.0,0.0,132.0,0.0,2.519751,2.519751,1.984323,0.0,0.0,6.0,0.0,0.0,66.0,0.0,396.0,66.0,1
3.396251,2.061096,64128.0,0.0,3.396251,0.075804,0.0,1.0,0.0,0.0,5.882353,6338.375488,2833.444092,0.0,64.0,0.0,834.0,0.000984,1721542784.0,31872.0,0.076788,704575253.0,3504.931396,2.061096,2.061096,62.0,0.0,8.0,0.0,8.0,-0.0,1.0,0.0,1031.0,0.0,2.061096,2.061096,7.277681,1.0,0.0,16.0,1.0,0.0,128.875,0.0,1865.0,104.25,1
1.66583,1.200603,64256.0,1.0,1.66583,0.167924,1.0,3.0,0.0,0.0,33.333333,1939.025635,986.171082,0.0,64.0,0.0,222.0,0.000503,1721542784.0,4077568.0,0.168427,0.0,952.854492,1.200603,1.200603,62.0,0.0,3.0,0.0,3.0,-0.0,0.0,0.0,214.0,0.0,1.200603,1.200603,4.164574,0.0,0.0,6.0,2.0,0.0,71.333336,0.0,436.0,74.0,1
15.933208,0.062762,64256.0,0.0,0.0,0.167924,0.0,0.0,0.0,0.0,0.0,8412.733398,0.0,0.0,64.0,0.0,66.0,0.000503,1721542784.0,4077568.0,0.168427,0.0,8412.733398,0.062762,0.062762,62.0,0.0,2.0,0.0,1.0,-0.0,1.0,0.0,132.0,0.0,0.062762,0.062762,31.866417,0.0,0.0,3.0,0.0,0.0,66.0,0.0,198.0,66.0,1
32.107883,0.12458,64128.0,0.0,32.107883,0.048391,0.0,0.0,0.0,0.0,0.0,74233.421875,31851.019531,0.0,64.0,0.0,620.0,0.012656,1721542784.0,31872.0,0.061047,0.0,42382.402344,0.12458,0.12458,62.0,0.0,5.0,0.0,5.0,-0.0,0.0,0.0,825.0,0.0,0.12458,0.12458,72.242737,0.0,0.0,10.0,0.0,0.0,165.0,0.0,1445.0,124.0,1
9.285137,0.323097,64128.0,0.0,12.380183,0.0,0.0,0.0,0.0,0.0,0.0,26369.791016,12281.141602,0.0,64.0,0.0,619.0,0.000509,1721542784.0,31872.0,0.000509,0.0,14088.648438,0.323097,0.323097,62.0,0.0,4.0,0.0,5.0,-0.0,0.0,0.0,758.0,0.0,0.323097,0.323097,24.760366,0.0,0.0,9.0,0.0,0.0,189.5,0.0,1377.0,123.800003,1
6.184254,0.323402,64256.0,0.0,12.368507,0.0,0.0,0.0,0.0,0.0,0.0,23698.060547,12269.55957,0.0,64.0,0.0,620.0,0.000996,1721542784.0,31872.0,0.000996,0.0,11428.500977,0.323402,0.323402,62.0,0.0,3.0,0.0,5.0,-0.0,0.0,0.0,693.0,0.0,0.323402,0.323402,21.644888,0.0,0.0,8.0,0.0,0.0,231.0,0.0,1313.0,124.0,1
0.0,3.062541,8222720.0,0.0,0.653053,0.0,0.0,2.0,0.0,0.0,33.333333,386.607056,386.607056,0.0,64.0,0.0,222.0,0.000495,1721542784.0,4077568.0,0.000495,0.0,0.0,3.062541,3.062541,62.0,0.0,1.0,0.0,3.0,-0.0,0.0,0.0,74.0,0.0,3.062541,3.062541,0.979579,1.0,0.0,4.0,2.0,0.0,74.0,0.0,296.0,74.0,1
0.662613,3.018352,8222720.0,2.0,0.99392,0.0,1.0,5.0,0.0,0.0,41.666667,980.667603,588.400574,0.0,64.0,0.0,296.0,0.000987,1721542784.0,4077568.0,0.000987,0.0,392.267029,3.018352,3.018352,62.0,0.0,3.0,0.0,4.0,-0.0,0.0,0.0,222.0,0.0,3.018352,3.018352,1.98784,0.0,0.0,7.0,3.0,0.0,74.0,0.0,518.0,74.0,1
36.104023,0.969421,45056.0,0.0,49.514091,0.153337,0.0,6.0,0.0,0.0,6.593407,591388.0625,567786.3125,0.0,64.0,0.0,70236.0,0.000496,1721542784.0,31872.0,0.153833,0.0,23601.716797,0.969421,0.969421,62.0,0.0,36.0,0.0,49.0,-0.0,0.0,0.0,2941.0,1.0,0.969421,0.969421,86.649658,1.0,0.0,85.0,6.0,0.0,81.694443,0.0,73177.0,1433.387695,1
0.0,1.107939,8222720.0,1.0,0.902577,0.0,1.0,3.0,0.0,0.0,50.0,534.325439,534.325439,0.0,64.0,0.0,148.0,0.000495,1721542784.0,4077568.0,0.000495,0.0,0.0,1.107939,1.107939,62.0,0.0,1.0,0.0,2.0,-0.0,1.0,0.0,74.0,0.0,1.107939,1.107939,1.805153,0.0,0.0,3.0,2.0,0.0,74.0,0.0,222.0,74.0,1
0.0,0.0,64256.0,0.0,0.0,0.163613,0.0,1.0,0.0,0.0,33.333333,0.0,0.0,0.0,64.0,0.0,74.0,0.000987,1721542784.0,4077568.0,0.1646,0.0,0.0,0.0,0.0,62.0,0.0,1.0,0.0,1.0,-0.0,1.0,0.0,66.0,0.0,0.0,0.0,0.0,1.0,0.0,2.0,1.0,0.0,66.0,0.0,140.0,74.0,1
5.925364,0.168766,64256.0,0.0,0.0,0.163613,0.0,0.0,0.0,0.0,0.0,3128.592041,0.0,0.0,64.0,0.0,66.0,0.000987,1721542784.0,4077568.0,0.1646,0.0,3128.592041,0.168766,0.168766,62.0,0.0,2.0,0.0,1.0,-0.0,1.0,0.0,132.0,0.0,0.168766,0.168766,11.850728,0.0,0.0,3.0,0.0,0.0,66.0,0.0,198.0,66.0,1
0.655992,3.048819,8222720.0,2.0,0.983988,0.0,1.0,5.0,0.0,0.0,41.666667,970.867737,582.52063,0.0,64.0,0.0,296.0,0.001051,1721542784.0,4077568.0,0.001051,0.0,388.347076,3.048819,3.048819,62.0,0.0,3.0,0.0,4.0,-0.0,0.0,0.0,222.0,0.0,3.048819,3.048819,1.967975,0.0,0.0,7.0,3.0,0.0,74.0,0.0,518.0,74.0,1
0.662935,3.016889,8222720.0,2.0,0.994402,0.0,1.0,5.0,0.0,0.0,41.666667,981.143127,588.685852,0.0,64.0,0.0,296.0,0.000993,1721542784.0,4077568.0,0.000993,0.0,392.457245,3.016889,3.016889,62.0,0.0,3.0,0.0,4.0,-0.0,0.0,0.0,222.0,0.0,3.016889,3.016889,1.988804,0.0,0.0,7.0,3.0,0.0,74.0,0.0,518.0,74.0,1
0.0,0.0,521622.3241706161,0.0,0.0,0.0,0.0,0.0,0.0,0.0,0.0,0.0,0.0,0.0,64.0,0.0,74.0,0.000495,1721542784.0,1183398.375711575,0.000495,0.0,0.0,0.0,0.0,62.0,0.0,0.0,0.0,1.0,-0.0,1.0,0.0,0.0,0.0,0.0,0.0,0.0,1.0,0.0,1.0,1.0,0.0,0.0,0.0,74.0,74.0,1
3.250671,1.230515,64128.0,0.0,4.876007,0.166658,0.0,1.0,0.0,0.0,7.692308,8633.783203,4290.88623,0.0,64.0,0.0,769.0,0.001051,1721542784.0,31872.0,0.167709,0.0,4342.896973,1.230515,1.230515,62.0,0.0,5.0,0.0,7.0,-0.0,1.0,0.0,834.0,0.0,1.230515,1.230515,8.939346,1.0,0.0,12.0,1.0,0.0,166.800003,0.0,1603.0,109.85714,1
6.506096,0.153702,64256.0,0.0,0.0,0.153208,0.0,0.0,0.0,0.0,0.0,3643.413818,0.0,0.0,64.0,0.0,74.0,0.000494,1721542784.0,4077568.0,0.153702,0.0,3643.413818,0.153702,0.153702,62.0,0.0,2.0,0.0,1.0,-0.0,0.0,0.0,140.0,0.0,0.153702,0.153702,13.012192,0.0,0.0,3.0,0.0,0.0,70.0,0.0,214.0,74.0,1
0.0,4.079096,8222720.0,0.0,0.245152,0.0,0.0,2.0,0.0,0.0,40.0,145.130203,145.130203,0.0,64.0,0.0,148.0,0.000993,1721542784.0,4077568.0,0.000993,0.0,0.0,4.079096,4.079096,62.0,0.0,1.0,0.0,2.0,-0.0,1.0,0.0,54.0,0.0,4.079096,4.079096,0.490305,1.0,0.0,3.0,2.0,0.0,54.0,0.0,202.0,74.0,1
16.421978,0.060894,64256.0,1.0,0.0,0.060407,1.0,2.0,0.0,0.0,40.0,9196.308594,0.0,0.0,64.0,0.0,74.0,0.000495,1721542784.0,4077568.0,0.060902,0.0,9196.308594,0.060894,0.060894,62.0,0.0,2.0,0.0,1.0,-0.0,1.0,0.0,140.0,0.0,0.060894,0.060894,32.843956,0.0,0.0,3.0,1.0,0.0,70.0,0.0,214.0,74.0,1
16.10721,0.062084,64256.0,0.0,0.0,0.153208,0.0,0.0,0.0,0.0,0.0,8504.606445,0.0,0.0,64.0,0.0,66.0,0.000494,1721542784.0,4077568.0,0.153702,0.0,8504.606445,0.062084,0.062084,62.0,0.0,2.0,0.0,1.0,-0.0,1.0,0.0,132.0,0.0,0.062084,0.062084,32.21442,0.0,0.0,3.0,0.0,0.0,66.0,0.0,198.0,66.0,1
5.980325,0.167215,64256.0,0.0,0.0,0.060407,0.0,0.0,0.0,0.0,0.0,3157.611328,0.0,0.0,64.0,0.0,66.0,0.000495,1721542784.0,4077568.0,0.060902,0.0,3157.611328,0.167215,0.167215,62.0,0.0,2.0,0.0,1.0,-0.0,1.0,0.0,132.0,0.0,0.167215,0.167215,11.960649,0.0,0.0,3.0,0.0,0.0,66.0,0.0,198.0,66.0,1
78.203293,0.690508,70528.0,0.0,102.822845,0.0,0.0,0.0,0.0,0.0,0.0,1241312.125,1200078.75,0.0,64.0,0.0,105041.0,0.000528,1721542784.0,31872.0,0.000528,0.0,41233.410156,0.690508,0.690508,62.0,0.0,55.0,0.0,72.0,-0.0,0.0,0.0,3624.0,0.0,0.690508,0.690508,182.47435,0.0,0.0,127.0,0.0,0.0,65.890907,0.0,108665.0,1458.902832,1
71.929962,0.709023,70528.0,0.0,101.548187,0.0,0.0,0.0,0.0,0.0,0.0,1208445.875,1169902.75,0.0,64.0,0.0,105126.0,0.000494,1721542784.0,31872.0,0.000494,0.0,38543.179688,0.709023,0.709023,62.0,0.0,52.0,0.0,73.0,-0.0,0.0,0.0,3482.0,0.0,0.709023,0.709023,174.88855,0.0,0.0,125.0,0.0,0.0,66.96154,0.0,108608.0,1440.082153,1
32.277065,0.123927,64128.0,0.0,32.277065,0.060535,0.0,0.0,0.0,0.0,0.0,76432.09375,32922.609375,0.0,64.0,0.0,637.0,0.001498,1721542784.0,31872.0,0.062033,0.0,43509.488281,0.123927,0.123927,62.0,0.0,5.0,0.0,5.0,-0.0,0.0,0.0,842.0,0.0,0.123927,0.123927,72.623398,0.0,0.0,10.0,0.0,0.0,168.399994,0.0,1479.0,127.400002,1
14.035324,0.356244,64000.0,0.0,14.035324,0.169371,0.0,0.0,0.0,0.0,0.0,55490.058594,41095.429688,0.0,64.0,0.0,2195.0,0.000541,1721542784.0,31872.0,0.169912,0.0,14394.628906,0.356244,0.356244,62.0,0.0,6.0,0.0,6.0,-0.0,0.0,0.0,769.0,0.0,0.356244,0.356244,30.877714,0.0,0.0,12.0,0.0,0.0,128.166672,0.0,2964.0,365.833344,1
10.523657,0.570144,64256.0,0.0,7.015771,0.168834,0.0,0.0,0.0,0.0,0.0,17258.796875,8152.32666,0.0,64.0,0.0,726.0,0.000473,1721542784.0,31872.0,0.169307,0.0,9106.47168,0.570144,0.570144,62.0,0.0,7.0,0.0,5.0,-0.0,0.0,0.0,757.0,0.0,0.570144,0.570144,19.293371,0.0,0.0,12.0,0.0,0.0,108.14286,0.0,1483.0,145.199997,1
154.5177,3.371782,759936.0,0.0,418.769653,0.166538,0.0,1.0,0.0,0.0,0.051653,5139440.0,5056559.5,0.0,64.0,0.0,2132711.0,0.000497,1721542784.0,31872.0,0.167035,0.0,82880.804688,3.371782,3.371782,62.0,0.0,522.0,0.0,1413.0,-0.0,0.0,0.0,34999.0,1.0,3.371782,3.371782,573.583923,1.0,0.0,1935.0,1.0,0.0,67.04789,0.0,2167710.0,1509.349609,1
9.978795,0.40085,64128.0,0.0,9.978795,0.201162,0.0,0.0,0.0,0.0,0.0,22452.289062,11595.360352,0.0,64.0,0.0,726.0,0.001084,1721542784.0,31872.0,0.202246,0.0,10856.928711,0.40085,0.40085,62.0,0.0,5.0,0.0,5.0,-0.0,0.0,0.0,679.0,0.0,0.40085,0.40085,22.45229,0.0,0.0,10.0,0.0,0.0,135.800003,0.0,1405.0,145.199997,1
11.163954,0.089574,64256.0,0.0,0.0,0.083995,0.0,0.0,0.0,0.0,0.0,6251.813965,0.0,0.0,64.0,0.0,74.0,0.005579,1721542784.0,4077568.0,0.089574,0.0,6251.813965,0.089574,0.089574,62.0,0.0,2.0,0.0,1.0,-0.0,0.0,0.0,140.0,0.0,0.089574,0.089574,22.327908,0.0,0.0,3.0,0.0,0.0,70.0,0.0,214.0,74.0,1
16.553003,0.060412,64256.0,0.0,0.0,0.083995,0.0,0.0,0.0,0.0,0.0,8739.985352,0.0,0.0,64.0,0.0,66.0,0.005579,1721542784.0,4077568.0,0.089574,0.0,8739.985352,0.060412,0.060412,62.0,0.0,2.0,0.0,1.0,-0.0,1.0,0.0,132.0,0.0,0.060412,0.060412,33.106007,0.0,0.0,3.0,0.0,0.0,66.0,0.0,198.0,66.0,1
315.803131,0.478146,549632.0,0.0,426.647949,0.060201,0.0,0.0,0.0,0.0,0.0,5247217.5,5073981.5,0.0,64.0,0.0,304749.0,0.000488,1721542784.0,31872.0,0.060689,0.0,173235.796875,0.478146,0.478146,62.0,0.0,152.0,0.0,205.0,-0.0,0.0,0.0,10422.0,0.0,0.478146,0.478146,744.54248,0.0,0.0,357.0,0.0,0.0,68.565788,0.0,315171.0,1486.580444,1
285.012115,0.957854,930944.0,0.0,774.648376,0.059378,0.0,11.0,0.0,0.0,1.070039,9495744.0,9333389.0,0.0,64.0,0.0,1119009.0,0.000993,1721542784.0,31872.0,0.060371,0.0,162354.59375,0.957854,0.957854,62.0,0.0,274.0,0.0,743.0,-0.0,0.0,0.0,19510.0,1.0,0.957854,0.957854,1060.704468,1.0,0.0,1017.0,11.0,0.0,71.204376,0.0,1138519.0,1506.068604,1
388.093353,1.638781,1076992.0,0.0,896.39801,0.061515,0.0,10.0,0.0,0.0,0.472367,11031024.0,10818071.0,0.0,64.0,0.0,2217564.0,0.000996,1721542784.0,31872.0,0.062511,0.0,212953.421875,1.638781,1.638781,62.0,0.0,637.0,0.0,1470.0,-0.0,0.0,0.0,43691.0,1.0,1.638781,1.638781,1285.101562,1.0,0.0,2107.0,10.0,0.0,68.588699,0.0,2261255.0,1508.546997,1
335.74588,0.967994,1070208.0,0.0,758.269165,0.058929,0.0,0.0,0.0,0.0,0.0,9312488.0,9131867.0,0.0,64.0,0.0,1106454.0,0.000488,1721542784.0,31872.0,0.059417,0.0,180620.953125,0.967994,0.967994,62.0,0.0,326.0,0.0,735.0,-0.0,0.0,0.0,21922.0,0.0,0.967994,0.967994,1095.048096,0.0,0.0,1061.0,0.0,0.0,67.245399,0.0,1128376.0,1505.379639,1
180.340057,0.277254,81536.0,0.0,227.22847,0.060424,0.0,0.0,0.0,0.0,0.0,2736927.25,2639976.5,0.0,64.0,0.0,92945.0,0.001484,1721542784.0,31872.0,0.061908,0.0,96950.8125,0.277254,0.277254,62.0,0.0,51.0,0.0,64.0,-0.0,0.0,0.0,3427.0,0.0,0.277254,0.277254,411.175323,0.0,0.0,115.0,0.0,0.0,67.196075,0.0,96372.0,1452.265625,1
89.874626,1.201674,410752.0,0.0,184.742294,0.168187,0.0,0.0,0.0,0.0,0.0,2245680.75,2195650.5,0.0,64.0,0.0,331292.0,0.000987,1721542784.0,31872.0,0.169174,0.0,50030.207031,1.201674,1.201674,62.0,0.0,109.0,0.0,223.0,-0.0,0.0,0.0,7584.0,0.0,1.201674,1.201674,275.449097,0.0,0.0,332.0,0.0,0.0,69.57798,0.0,338876.0,1485.61438,1
5.918386,0.168965,64256.0,0.0,0.0,0.168455,0.0,0.0,0.0,0.0,0.0,3314.295898,0.0,0.0,64.0,0.0,74.0,0.00051,1721542784.0,4077568.0,0.168965,0.0,3314.295898,0.168965,0.168965,62.0,0.0,2.0,0.0,1.0,-0.0,0.0,0.0,140.0,0.0,0.168965,0.168965,11.836771,0.0,0.0,3.0,0.0,0.0,70.0,0.0,214.0,74.0,1
6.465336,0.154671,64256.0,0.0,0.0,0.168455,0.0,0.0,0.0,0.0,0.0,3413.69751,0.0,0.0,64.0,0.0,66.0,0.00051,1721542784.0,4077568.0,0.168965,0.0,3413.69751,0.154671,0.154671,62.0,0.0,2.0,0.0,1.0,-0.0,1.0,0.0,132.0,0.0,0.154671,0.154671,12.930673,0.0,0.0,3.0,0.0,0.0,66.0,0.0,198.0,66.0,1
108.125534,1.035833,444928.0,0.0,204.666199,0.0,0.0,0.0,0.0,0.0,0.0,2494224.5,2434145.25,0.0,64.0,0.0,316657.0,0.001564,1721542784.0,31872.0,0.001564,0.0,60079.183594,1.035833,1.035833,62.0,0.0,113.0,0.0,213.0,-0.0,0.0,0.0,7848.0,0.0,1.035833,1.035833,313.757141,0.0,0.0,326.0,0.0,0.0,69.451324,0.0,324505.0,1486.652588,1
296.06076,0.493142,500224.0,0.0,496.814301,0.05752,0.0,0.0,0.0,0.0,0.0,6072798.5,5910184.0,0.0,64.0,0.0,365807.0,0.002039,1721542784.0,31872.0,0.059559,0.0,162614.421875,0.493142,0.493142,62.0,0.0,147.0,0.0,246.0,-0.0,0.0,0.0,10092.0,0.0,0.493142,0.493142,794.902893,0.0,0.0,393.0,0.0,0.0,68.653061,0.0,375899.0,1487.020386,1
206.653839,0.48874,455168.0,0.0,462.413544,0.058737,0.0,0.0,0.0,0.0,0.0,5615746.5,5500299.0,0.0,64.0,0.0,337513.0,0.001489,1721542784.0,31872.0,0.060226,0.0,115447.890625,0.48874,0.48874,62.0,0.0,102.0,0.0,227.0,-0.0,0.0,0.0,7122.0,0.0,0.48874,0.48874,671.113464,0.0,0.0,329.0,0.0,0.0,69.823532,0.0,344635.0,1486.841431,1
174.747116,0.309018,97664.0,0.0,203.871628,0.059668,0.0,0.0,0.0,0.0,0.0,2462173.75,2368638.75,0.0,64.0,0.0,92946.0,0.001012,1721542784.0,31872.0,0.06068,0.0,93535.007812,0.309018,0.309018,62.0,0.0,55.0,0.0,64.0,-0.0,0.0,0.0,3679.0,0.0,0.309018,0.309018,381.854797,0.0,0.0,119.0,0.0,0.0,66.890907,0.0,96625.0,1452.28125,1
237.484558,2.1054,604672.0,0.0,690.605103,0.04658,0.0,0.0,0.0,0.0,0.0,8468570.0,8341635.5,0.0,64.0,0.0,2196819.0,0.000502,1721542784.0,31872.0,0.047082,0.0,126934.546875,2.1054,2.1054,62.0,0.0,501.0,0.0,1455.0,-0.0,0.0,0.0,33472.0,0.0,2.1054,2.1054,928.564575,0.0,0.0,1956.0,0.0,0.0,66.810379,0.0,2230291.0,1509.841187,1
89.774666,0.523533,84608.0,0.0,110.785759,0.091419,0.0,0.0,0.0,0.0,0.0,1309793.25,1260497.5,0.0,64.0,0.0,83911.0,0.000488,1721542784.0,31872.0,0.091907,0.0,49295.84375,0.523533,0.523533,62.0,0.0,48.0,0.0,59.0,-0.0,0.0,0.0,3294.0,0.0,0.523533,0.523533,202.47052,0.0,0.0,107.0,0.0,0.0,68.625,0.0,87205.0,1422.220337,1
20.054409,1.446066,85504.0,0.0,41.491882,0.0,0.0,1.0,0.0,0.0,1.086957,487186.59375,475303.34375,0.0,64.0,0.0,87346.0,0.000991,1721542784.0,31872.0,0.000991,0.0,11883.274414,1.446066,1.446066,62.0,0.0,30.0,0.0,61.0,-0.0,0.0,0.0,2222.0,1.0,1.446066,1.446066,62.237823,1.0,0.0,91.0,1.0,0.0,74.066666,0.0,89568.0,1431.901611,1
270.811707,1.783527,721152.0,0.0,818.041992,0.057199,0.0,0.0,0.0,0.0,0.0,10023474.0,9878664.0,0.0,64.0,0.0,2203867.0,0.004044,1721542784.0,31872.0,0.061243,0.0,144809.6875,1.783527,1.783527,62.0,0.0,484.0,0.0,1460.0,-0.0,0.0,0.0,32350.0,0.0,1.783527,1.783527,1089.414429,0.0,0.0,1944.0,0.0,0.0,66.838844,0.0,2236217.0,1509.497925,1
32.48098,0.123149,64128.0,0.0,32.48098,0.059677,0.0,0.0,0.0,0.0,0.0,75355.867188,32351.054688,0.0,64.0,0.0,622.0,0.000973,1721542784.0,31872.0,0.06065,0.0,43004.816406,0.123149,0.123149,62.0,0.0,5.0,0.0,5.0,-0.0,0.0,0.0,827.0,0.0,0.123149,0.123149,73.082199,0.0,0.0,10.0,0.0,0.0,165.399994,0.0,1449.0,124.400002,1
36.18626,0.138174,64128.0,0.0,28.949007,0.059217,0.0,0.0,0.0,0.0,0.0,71677.742188,28717.414062,0.0,64.0,0.0,619.0,0.000495,1721542784.0,31872.0,0.059712,0.0,42960.328125,0.138174,0.138174,62.0,0.0,6.0,0.0,5.0,-0.0,0.0,0.0,890.0,0.0,0.138174,0.138174,72.37252,0.0,0.0,11.0,0.0,0.0,148.333328,0.0,1509.0,123.800003,1
12.37685,0.323184,64128.0,0.0,12.37685,0.0,0.0,0.0,0.0,0.0,0.0,29258.873047,12599.632812,0.0,64.0,0.0,636.0,0.001002,1721542784.0,31872.0,0.001002,0.0,16659.240234,0.323184,0.323184,62.0,0.0,5.0,0.0,5.0,-0.0,0.0,0.0,841.0,0.0,0.323184,0.323184,27.847912,0.0,0.0,10.0,0.0,0.0,168.199997,0.0,1477.0,127.199997,1
14.72186,0.339631,64128.0,0.0,11.777488,0.153315,0.0,0.0,0.0,0.0,0.0,30009.039062,12107.257812,0.0,64.0,0.0,642.0,0.000497,1721542784.0,31872.0,0.153812,0.0,17901.78125,0.339631,0.339631,62.0,0.0,6.0,0.0,5.0,-0.0,0.0,0.0,911.0,0.0,0.339631,0.339631,29.44372,0.0,0.0,11.0,0.0,0.0,151.833328,0.0,1553.0,128.399994,1
6.489882,0.154086,64256.0,0.0,0.0,0.152612,0.0,0.0,0.0,0.0,0.0,3634.334229,0.0,0.0,64.0,0.0,74.0,0.001474,1721542784.0,4077568.0,0.154086,0.0,3634.334229,0.154086,0.154086,62.0,0.0,2.0,0.0,1.0,-0.0,0.0,0.0,140.0,0.0,0.154086,0.154086,12.979765,0.0,0.0,3.0,0.0,0.0,70.0,0.0,214.0,74.0,1
21.790764,0.045891,64256.0,0.0,0.0,0.152612,0.0,0.0,0.0,0.0,0.0,11505.523438,0.0,0.0,64.0,0.0,66.0,0.001474,1721542784.0,4077568.0,0.154086,0.0,11505.523438,0.045891,0.045891,62.0,0.0,2.0,0.0,1.0,-0.0,1.0,0.0,132.0,0.0,0.045891,0.045891,43.581528,0.0,0.0,3.0,0.0,0.0,66.0,0.0,198.0,66.0,1
36.356495,0.137527,64128.0,0.0,29.085197,0.059855,0.0,0.0,0.0,0.0,0.0,73701.890625,29666.900391,0.0,64.0,0.0,637.0,0.001969,1721542784.0,31872.0,0.061824,0.0,44034.988281,0.137527,0.137527,62.0,0.0,6.0,0.0,5.0,-0.0,0.0,0.0,908.0,0.0,0.137527,0.137527,72.71299,0.0,0.0,11.0,0.0,0.0,151.333328,0.0,1545.0,127.400002,1
160.235107,0.293319,69888.0,0.0,214.783234,0.061606,0.0,0.0,0.0,0.0,0.0,2582280.75,2495385.75,0.0,64.0,0.0,92945.0,0.000493,1721542784.0,31872.0,0.062099,0.0,86895.15625,0.293319,0.293319,62.0,0.0,48.0,0.0,64.0,-0.0,0.0,0.0,3253.0,0.0,0.293319,0.293319,378.427612,0.0,0.0,112.0,0.0,0.0,67.770836,0.0,96198.0,1452.265625,1
11.862924,0.337185,64128.0,0.0,11.862924,0.0,0.0,0.0,0.0,0.0,0.0,27427.080078,11768.020508,0.0,64.0,0.0,620.0,0.000503,1721542784.0,31872.0,0.000503,0.0,15659.05957,0.337185,0.337185,62.0,0.0,5.0,0.0,5.0,-0.0,0.0,0.0,825.0,0.0,0.337185,0.337185,26.69158,0.0,0.0,10.0,0.0,0.0,165.0,0.0,1445.0,124.0,1
32.467003,0.123202,64128.0,0.0,32.467003,0.060369,0.0,0.0,0.0,0.0,0.0,75063.710938,32207.267578,0.0,64.0,0.0,620.0,0.000505,1721542784.0,31872.0,0.060874,0.0,42856.445312,0.123202,0.123202,62.0,0.0,5.0,0.0,5.0,-0.0,0.0,0.0,825.0,0.0,0.123202,0.123202,73.050758,0.0,0.0,10.0,0.0,0.0,165.0,0.0,1445.0,124.0,1
16.501377,0.060601,64256.0,0.0,0.0,0.06014,0.0,0.0,0.0,0.0,0.0,9240.771484,0.0,0.0,64.0,0.0,74.0,0.000461,1721542784.0,4077568.0,0.060601,0.0,9240.771484,0.060601,0.060601,62.0,0.0,2.0,0.0,1.0,-0.0,0.0,0.0,140.0,0.0,0.060601,0.060601,33.002754,0.0,0.0,3.0,0.0,0.0,70.0,0.0,214.0,74.0,1
16.440338,0.060826,64256.0,0.0,0.0,0.06014,0.0,0.0,0.0,0.0,0.0,8680.498047,0.0,0.0,64.0,0.0,66.0,0.000461,1721542784.0,4077568.0,0.060601,0.0,8680.498047,0.060826,0.060826,62.0,0.0,2.0,0.0,1.0,-0.0,1.0,0.0,132.0,0.0,0.060826,0.060826,32.880676,0.0,0.0,3.0,0.0,0.0,66.0,0.0,198.0,66.0,1
32.075954,0.124704,64128.0,0.0,32.075954,0.060835,0.0,0.0,0.0,0.0,0.0,74159.609375,31819.347656,0.0,64.0,0.0,619.0,0.001035,1721542784.0,31872.0,0.06187,0.0,42340.261719,0.124704,0.124704,62.0,0.0,5.0,0.0,5.0,-0.0,0.0,0.0,824.0,0.0,0.124704,0.124704,72.170898,0.0,0.0,10.0,0.0,0.0,164.800003,0.0,1443.0,123.800003,1
32.122837,0.124522,64128.0,0.0,32.122837,0.060844,0.0,0.0,0.0,0.0,0.0,74268.0,31865.855469,0.0,64.0,0.0,620.0,0.000479,1721542784.0,31872.0,0.061323,0.0,42402.144531,0.124522,0.124522,62.0,0.0,5.0,0.0,5.0,-0.0,0.0,0.0,825.0,0.0,0.124522,0.124522,72.276382,0.0,0.0,10.0,0.0,0.0,165.0,0.0,1445.0,124.0,1
141.030151,0.290718,93056.0,0.0,216.704849,0.059174,0.0,0.0,0.0,0.0,0.0,2595780.25,2517739.0,0.0,64.0,0.0,92946.0,0.001038,1721542784.0,31872.0,0.060212,0.0,78041.265625,0.290718,0.290718,62.0,0.0,42.0,0.0,64.0,-0.0,0.0,0.0,2905.0,0.0,0.290718,0.290718,361.174774,0.0,0.0,106.0,0.0,0.0,69.166664,0.0,95851.0,1452.28125,1
32.067726,0.124736,64128.0,0.0,32.067726,0.060623,0.0,0.0,0.0,0.0,0.0,75936.375,32709.080078,0.0,64.0,0.0,637.0,0.00049,1721542784.0,31872.0,0.061113,0.0,43227.292969,0.124736,0.124736,62.0,0.0,5.0,0.0,5.0,-0.0,0.0,0.0,842.0,0.0,0.124736,0.124736,72.152382,0.0,0.0,10.0,0.0,0.0,168.399994,0.0,1479.0,127.400002,1
62.249325,0.706835,83584.0,0.0,100.447777,0.166719,0.0,0.0,0.0,0.0,0.0,1206097.625,1172358.5,0.0,64.0,0.0,105041.0,0.000496,1721542784.0,31872.0,0.167215,0.0,33739.132812,0.706835,0.706835,62.0,0.0,45.0,0.0,72.0,-0.0,0.0,0.0,3048.0,0.0,0.706835,0.706835,164.111862,0.0,0.0,117.0,0.0,0.0,67.73333,0.0,108089.0,1458.902832,1
67.847107,0.692734,100352.0,0.0,102.492439,0.168161,0.0,0.0,0.0,0.0,0.0,1233362.25,1196430.375,0.0,64.0,0.0,105060.0,0.000497,1721542784.0,31872.0,0.168658,0.0,36931.925781,0.692734,0.692734,62.0,0.0,48.0,0.0,72.0,-0.0,0.0,0.0,3266.0,0.0,0.692734,0.692734,171.783112,0.0,0.0,120.0,0.0,0.0,68.041664,0.0,108326.0,1459.166626,1
6.459698,0.154806,64256.0,0.0,0.0,0.153797,0.0,0.0,0.0,0.0,0.0,3617.430664,0.0,0.0,64.0,0.0,74.0,0.001009,1721542784.0,4077568.0,0.154806,0.0,3617.430664,0.154806,0.154806,62.0,0.0,2.0,0.0,1.0,-0.0,0.0,0.0,140.0,0.0,0.154806,0.154806,12.919395,0.0,0.0,3.0,0.0,0.0,70.0,0.0,214.0,74.0,1
6.419268,0.155781,64256.0,0.0,0.0,0.153797,0.0,0.0,0.0,0.0,0.0,3389.373535,0.0,0.0,64.0,0.0,66.0,0.001009,1721542784.0,4077568.0,0.154806,0.0,3389.373535,0.155781,0.155781,62.0,0.0,2.0,0.0,1.0,-0.0,1.0,0.0,132.0,0.0,0.155781,0.155781,12.838536,0.0,0.0,3.0,0.0,0.0,66.0,0.0,198.0,66.0,1
32.454887,0.123248,64128.0,0.0,32.454887,0.059832,0.0,0.0,0.0,0.0,0.0,76853.171875,33103.984375,0.0,64.0,0.0,637.0,0.000504,1721542784.0,31872.0,0.060336,0.0,43749.1875,0.123248,0.123248,62.0,0.0,5.0,0.0,5.0,-0.0,0.0,0.0,842.0,0.0,0.123248,0.123248,73.023499,0.0,0.0,10.0,0.0,0.0,168.399994,0.0,1479.0,127.400002,1
5.558088,1.079508,64000.0,0.0,5.558088,0.214993,0.0,0.0,0.0,0.0,0.0,19668.220703,14362.098633,0.0,64.0,0.0,2261.0,0.001064,1721542784.0,31872.0,0.216057,0.0,5306.121094,1.079508,1.079508,62.0,0.0,7.0,0.0,7.0,-0.0,0.0,0.0,835.0,0.0,1.079508,1.079508,12.042523,0.0,0.0,14.0,0.0,0.0,119.285713,0.0,3096.0,323.0,2
4.639984,0.215518,8222720.0,0.0,0.0,0.0,0.0,0.0,0.0,0.0,0.0,2375.671631,0.0,0.0,64.0,0.0,74.0,0.00228,1721542784.0,4077568.0,0.00228,0.0,2375.671631,0.215518,0.215518,62.0,0.0,2.0,0.0,1.0,-0.0,0.0,0.0,128.0,0.0,0.215518,0.215518,9.279967,0.0,0.0,3.0,0.0,0.0,64.0,0.0,202.0,74.0,2
26.112696,1.263753,69888.0,0.0,38.773399,0.215765,0.0,5.0,0.0,0.0,5.617978,462128.25,445023.65625,0.0,64.0,0.0,71734.0,0.000967,1721542784.0,31872.0,0.216732,0.0,17104.607422,1.263753,1.263753,62.0,0.0,34.0,0.0,50.0,-0.0,0.0,0.0,2783.0,1.0,1.263753,1.263753,65.677391,1.0,0.0,84.0,5.0,0.0,81.852943,0.0,74517.0,1434.680054,2
3.097402,1.291405,64128.0,0.0,3.871752,0.214403,0.0,2.0,0.0,0.0,15.384615,8530.244141,5160.271484,0.0,64.0,0.0,999.0,0.0,1721542784.0,31872.0,0.214403,0.0,3369.973145,1.291405,1.291405,62.0,0.0,5.0,0.0,6.0,-0.0,0.0,0.0,679.0,0.0,1.291405,1.291405,7.743505,1.0,0.0,11.0,2.0,0.0,135.800003,0.0,1678.0,166.5,2
0.655673,3.050299,8222720.0,2.0,0.98351,0.0,1.0,5.0,0.0,0.0,41.666667,970.396667,582.238037,0.0,64.0,0.0,296.0,0.001799,1721542784.0,4077568.0,0.001799,0.0,388.158691,3.050299,3.050299,62.0,0.0,3.0,0.0,4.0,-0.0,0.0,0.0,222.0,0.0,3.050299,3.050299,1.96702,0.0,0.0,7.0,3.0,0.0,74.0,0.0,518.0,74.0,2
1.429829,4.895689,64128.0,2.0,2.451136,0.167615,1.0,8.0,0.0,0.0,27.586207,15291.821289,13920.819336,1.0,64.0,0.0,9228.0,0.00149,1721542784.0,31872.0,0.169105,0.0,1371.002075,4.895689,4.895689,62.0,0.0,8.0,0.0,13.0,-0.0,0.0,0.0,958.0,1.0,4.895689,4.895689,4.085227,0.0,0.0,21.0,6.0,0.0,119.75,0.0,10186.0,709.84613,2
0.0,2.111826,8222720.0,1.0,0.473524,0.0,1.0,3.0,0.0,0.0,50.0,280.326141,280.326141,0.0,64.0,0.0,148.0,0.001799,1721542784.0,4077568.0,0.001799,0.0,0.0,2.111826,2.111826,62.0,0.0,1.0,0.0,2.0,-0.0,1.0,0.0,74.0,0.0,2.111826,2.111826,0.947048,0.0,0.0,3.0,2.0,0.0,74.0,0.0,222.0,74.0,2
5.371887,4.840012,63360.0,0.0,8.471053,0.167615,0.0,8.0,0.0,0.0,10.38961,105629.492188,102601.398438,0.0,64.0,0.0,63588.0,0.00149,1721542784.0,31872.0,0.169105,0.0,3028.091553,4.840012,4.840012,61.0,1.0,27.0,0.0,42.0,-0.0,1.0,0.0,1902.0,1.0,4.840012,4.840012,14.049552,1.0,0.0,69.0,8.0,0.0,70.444443,0.0,65490.0,1514.0,2
3.435462,4.366225,64128.0,0.0,6.412863,0.167615,0.0,6.0,0.0,0.0,11.764706,79673.40625,77672.59375,0.0,64.0,0.0,43906.0,0.00149,1721542784.0,31872.0,0.169105,0.0,2000.81311,4.366225,4.366225,61.0,1.0,16.0,0.0,29.0,-0.0,1.0,0.0,1164.0,1.0,4.366225,4.366225,10.077355,1.0,0.0,45.0,6.0,0.0,72.75,0.0,45070.0,1514.0,2
0.0,0.0,521622.3241706161,0.0,0.0,0.0,0.0,0.0,0.0,0.0,0.0,0.0,0.0,0.0,64.0,0.0,74.0,0.001799,1721542784.0,1183398.375711575,0.001799,0.0,0.0,0.0,0.0,62.0,0.0,0.0,0.0,1.0,-0.0,1.0,0.0,0.0,0.0,0.0,0.0,0.0,1.0,0.0,1.0,1.0,0.0,0.0,0.0,74.0,74.0,2
0.0,2.305983,521622.3241706161,0.0,0.433655,0.167615,0.0,0.0,0.0,0.0,0.0,5252.423828,5252.423828,0.0,64.0,0.0,3028.0,0.00149,1721542784.0,1183398.375711575,0.169105,0.0,0.0,2.305983,2.305983,61.0,0.0,0.0,0.0,2.0,-0.0,1.0,0.0,0.0,1.0,2.305983,2.305983,0.433655,1.0,0.0,2.0,2.0,0.0,0.0,0.0,3028.0,1514.0,2
0.0,0.0,521622.3241706161,0.0,0.0,0.0,0.0,0.0,0.0,0.0,0.0,0.0,0.0,0.0,64.0,0.0,74.0,0.001799,1721542784.0,1183398.375711575,0.001799,0.0,0.0,0.0,0.0,62.0,0.0,0.0,0.0,1.0,-0.0,1.0,0.0,0.0,0.0,0.0,0.0,0.0,1.0,0.0,1.0,1.0,0.0,0.0,0.0,74.0,74.0,2
6.004033,4.663532,64128.0,0.0,11.579207,0.167615,0.0,9.0,0.0,0.0,9.677419,143657.640625,140247.359375,0.0,64.0,0.0,83270.0,0.00149,1721542784.0,31872.0,0.169105,0.0,3410.291016,4.663532,4.663532,62.0,1.0,29.0,0.0,55.0,-0.0,1.0,0.0,2058.0,1.0,4.663532,4.663532,17.79767,1.0,0.0,84.0,9.0,0.0,70.965515,0.0,85328.0,1514.0,2
11.073657,4.966742,117248.0,0.0,20.536602,0.167615,0.0,8.0,0.0,0.0,4.790419,252144.359375,246107.40625,0.0,64.0,0.0,154291.0,0.00149,1721542784.0,31872.0,0.169105,0.0,6036.955566,4.966742,4.966742,62.0,0.0,56.0,0.0,103.0,-0.0,1.0,0.0,3816.0,1.0,4.966742,4.966742,31.811598,1.0,0.0,159.0,8.0,0.0,68.14286,0.0,158107.0,1497.970825,2
16.236139,0.061591,64256.0,1.0,0.0,0.061098,1.0,2.0,0.0,0.0,40.0,9092.237305,0.0,0.0,64.0,0.0,74.0,0.001799,1721542784.0,4077568.0,0.062897,0.0,9092.237305,0.061591,0.061591,62.0,0.0,2.0,0.0,1.0,-0.0,1.0,0.0,140.0,0.0,0.061591,0.061591,32.472279,0.0,0.0,3.0,1.0,0.0,70.0,0.0,214.0,74.0,2
16.113958,0.062058,64256.0,0.0,16.113958,0.061098,0.0,0.0,0.0,0.0,0.0,17016.339844,8508.169922,0.0,64.0,0.0,132.0,0.001799,1721542784.0,31872.0,0.062897,0.0,8508.169922,0.062058,0.062058,62.0,0.0,2.0,0.0,2.0,-0.0,1.0,0.0,132.0,0.0,0.062058,0.062058,48.341873,0.0,0.0,4.0,0.0,0.0,66.0,0.0,264.0,66.0,2
80.12413,4.156051,296960.0,0.0,166.02298,0.045113,0.0,8.0,0.0,0.0,0.774443,2048201.875,2003274.625,1.0,64.0,0.0,1042222.0,0.001003,1721542784.0,31872.0,0.046116,0.0,44927.261719,4.156051,4.156051,62.0,0.0,334.0,0.0,691.0,-0.0,0.0,0.0,23410.0,1.0,4.156051,4.156051,246.387726,1.0,0.0,1025.0,8.0,0.0,70.089821,0.0,1065632.0,1508.280762,2
62.692753,0.494475,296960.0,0.0,149.653671,0.045113,0.0,26.0,0.0,0.0,19.548872,1817361.875,1781622.875,0.0,64.0,0.0,111609.0,0.001003,1721542784.0,31872.0,0.046116,0.0,35738.914062,0.494475,0.494475,62.0,0.0,32.0,0.0,75.0,-0.0,1.0,0.0,2280.0,1.0,0.494475,0.494475,214.368774,1.0,0.0,107.0,26.0,0.0,71.25,0.0,113889.0,1488.119995,2
10.326003,4.648459,130816.0,0.0,17.425129,0.151966,0.0,22.0,0.0,0.0,14.379085,211109.96875,204346.4375,1.0,64.0,0.0,120202.0,0.001629,1721542784.0,31872.0,0.153595,0.0,6763.531738,4.648459,4.648459,62.0,0.0,49.0,0.0,82.0,-0.0,0.0,0.0,4011.0,1.0,4.648459,4.648459,27.966257,1.0,0.0,131.0,22.0,0.0,81.85714,0.0,124213.0,1465.878052,2
3.624631,3.310682,174208.0,0.0,6.343104,0.151966,0.0,5.0,0.0,0.0,12.5,78903.375,76827.671875,0.0,64.0,0.0,33308.0,0.001629,1721542784.0,31872.0,0.153595,0.0,2075.705322,3.310682,3.310682,62.0,1.0,13.0,0.0,22.0,-0.0,1.0,0.0,930.0,1.0,3.310682,3.310682,10.269787,1.0,0.0,35.0,5.0,0.0,71.53846,0.0,34238.0,1514.0,2
1.433376,4.883577,200320.0,0.0,2.866751,0.151966,0.0,7.0,0.0,0.0,23.333333,35565.734375,34722.089844,0.0,64.0,0.0,22710.0,0.001629,1721542784.0,31872.0,0.153595,0.0,843.643921,4.883577,4.883577,62.0,0.0,8.0,0.0,15.0,-0.0,1.0,0.0,588.0,1.0,4.883577,4.883577,4.504895,1.0,0.0,23.0,7.0,0.0,73.5,0.0,23298.0,1514.0,2
10.931573,4.93982,374016.0,0.0,13.968121,0.151966,0.0,10.0,0.0,0.0,7.407407,175348.90625,169181.875,0.0,64.0,0.0,105980.0,0.001629,1721542784.0,31872.0,0.153595,0.0,6167.026367,4.93982,4.93982,62.0,1.0,55.0,0.0,70.0,-0.0,1.0,0.0,3878.0,1.0,4.93982,4.93982,25.102131,1.0,0.0,125.0,10.0,0.0,70.509094,0.0,109858.0,1514.0,2
21.208664,4.950807,392832.0,0.0,67.867722,0.151966,0.0,1.0,0.0,0.0,0.225225,833250.8125,822013.875,0.0,64.0,0.0,510218.0,0.001629,1721542784.0,31872.0,0.153595,0.0,11236.956055,4.950807,4.950807,62.0,1.0,106.0,0.0,337.0,-0.0,1.0,0.0,7020.0,1.0,4.950807,4.950807,89.278374,1.0,0.0,443.0,1.0,0.0,66.226418,0.0,517238.0,1514.0,2
79.754036,4.601648,971008.0,0.0,221.659729,0.151966,0.0,43.0,0.0,0.0,3.002793,2721960.5,2678150.25,0.0,64.0,0.0,1541998.0,0.001629,1721542784.0,31872.0,0.153595,0.0,43810.394531,4.601648,4.601648,62.0,0.0,368.0,0.0,1021.0,-0.0,1.0,0.0,25268.0,1.0,4.601648,4.601648,301.631073,1.0,0.0,1389.0,43.0,0.0,68.66304,0.0,1567266.0,1510.282104,2
109.471497,3.343336,1385344.0,0.0,226.121445,0.167398,0.0,23.0,0.0,0.0,2.005231,2785354.5,2723643.5,0.0,64.0,0.0,1139762.0,0.000996,1721542784.0,31872.0,0.168394,0.0,61710.816406,3.343336,3.343336,62.0,0.0,367.0,0.0,757.0,-0.0,0.0,0.0,25860.0,1.0,3.343336,3.343336,335.892059,1.0,0.0,1124.0,23.0,0.0,70.463219,0.0,1165622.0,1505.630127,2
4.6463,0.215225,64256.0,0.0,0.0,0.214234,0.0,0.0,0.0,0.0,0.0,2601.928223,0.0,0.0,64.0,0.0,74.0,0.000991,1721542784.0,4077568.0,0.215225,0.0,2601.928223,0.215225,0.215225,62.0,0.0,2.0,0.0,1.0,-0.0,0.0,0.0,140.0,0.0,0.215225,0.215225,9.292601,0.0,0.0,3.0,0.0,0.0,70.0,0.0,214.0,74.0,2
16.264658,0.061483,64256.0,0.0,0.0,0.214234,0.0,0.0,0.0,0.0,0.0,8587.740234,0.0,0.0,64.0,0.0,66.0,0.000991,1721542784.0,4077568.0,0.215225,0.0,8587.740234,0.061483,0.061483,62.0,0.0,2.0,0.0,1.0,-0.0,1.0,0.0,132.0,0.0,0.061483,0.061483,32.529316,0.0,0.0,3.0,0.0,0.0,66.0,0.0,198.0,66.0,2
168.785126,0.308084,96000.0,0.0,210.981415,0.05964,0.0,0.0,0.0,0.0,0.0,2544448.75,2454369.5,0.0,64.0,0.0,95973.0,0.000994,1721542784.0,31872.0,0.060634,0.0,90079.328125,0.308084,0.308084,62.0,0.0,53.0,0.0,66.0,-0.0,0.0,0.0,3535.0,0.0,0.308084,0.308084,383.012421,0.0,0.0,119.0,0.0,0.0,66.698112,0.0,99508.0,1454.136353,2
114.76561,1.080463,498048.0,0.0,205.467468,0.167528,0.0,0.0,0.0,0.0,0.0,2505429.5,2441967.75,0.0,64.0,0.0,331292.0,0.000998,1721542784.0,31872.0,0.168526,0.0,63461.679688,1.080463,1.080463,62.0,0.0,125.0,0.0,223.0,-0.0,0.0,0.0,8640.0,0.0,1.080463,1.080463,321.1586,0.0,0.0,348.0,0.0,0.0,69.120003,0.0,339932.0,1485.61438,2
0.520831,3.840021,64256.0,0.0,3.645813,0.308303,0.0,2.0,0.0,0.0,10.0,33053.988281,32237.324219,1.0,64.0,0.0,16579.0,0.000987,1721542784.0,31872.0,0.30929,0.0,816.662231,3.840021,3.840021,62.0,0.0,3.0,0.0,15.0,-0.0,0.0,0.0,588.0,0.0,3.840021,3.840021,4.427059,1.0,0.0,18.0,2.0,0.0,196.0,0.0,17167.0,1105.266724,2
0.267595,3.73699,64256.0,0.0,0.53519,0.657187,0.0,2.0,0.0,0.0,28.571429,466.68576,316.83252,0.0,64.0,0.0,222.0,0.000992,1721542784.0,4077568.0,0.658179,0.0,149.853226,3.73699,3.73699,61.0,0.0,2.0,0.0,3.0,-0.0,0.0,0.0,140.0,0.0,3.73699,3.73699,1.07038,1.0,0.0,5.0,2.0,0.0,70.0,0.0,362.0,74.0,2
4.957907,0.201698,64256.0,0.0,4.957907,0.657187,0.0,0.0,0.0,0.0,0.0,5235.549805,2617.774902,0.0,64.0,0.0,132.0,0.000992,1721542784.0,31872.0,0.658179,0.0,2617.774902,0.201698,0.201698,61.0,0.0,2.0,0.0,2.0,-0.0,1.0,0.0,132.0,0.0,0.201698,0.201698,14.873722,0.0,0.0,4.0,0.0,0.0,66.0,0.0,264.0,66.0,2
0.214926,4.652771,64128.0,0.0,3.00896,0.308303,0.0,2.0,0.0,0.0,10.526316,32527.712891,32386.722656,0.0,64.0,0.0,20181.0,0.000987,1721542784.0,31872.0,0.30929,0.0,140.991257,4.652771,4.652771,62.0,1.0,2.0,0.0,15.0,-0.0,1.0,0.0,164.0,1.0,4.652771,4.652771,3.438811,1.0,0.0,17.0,2.0,0.0,82.0,0.0,20345.0,1345.400024,2
0.0,0.0,521622.3241706161,0.0,0.0,0.308303,0.0,0.0,0.0,0.0,0.0,0.0,0.0,0.0,64.0,0.0,1514.0,0.000987,1721542784.0,1183398.375711575,0.30929,0.0,0.0,0.0,0.0,62.0,0.0,0.0,0.0,1.0,-0.0,1.0,0.0,0.0,1.0,0.0,0.0,0.0,1.0,0.0,1.0,1.0,0.0,0.0,0.0,1514.0,1514.0,2
0.0,0.0,64128.0,0.0,0.0,0.308303,0.0,0.0,0.0,0.0,0.0,0.0,0.0,0.0,64.0,0.0,66.0,0.000987,1721542784.0,31872.0,0.30929,0.0,0.0,0.0,0.0,62.0,0.0,1.0,0.0,1.0,-0.0,1.0,0.0,78.0,1.0,0.0,0.0,0.0,0.0,0.0,2.0,0.0,0.0,78.0,0.0,144.0,66.0,2
0.0,0.001002,63360.0,0.0,1996.008057,0.308303,0.0,1.0,0.0,0.0,20.0,24175650.0,24175650.0,0.0,64.0,0.0,4542.0,0.000987,1721542784.0,31872.0,0.30929,0.0,0.0,0.001002,0.001002,62.0,0.0,1.0,0.0,3.0,-0.0,1.0,0.0,78.0,1.0,0.001002,0.001002,2994.012207,1.0,0.0,4.0,1.0,0.0,78.0,0.0,4620.0,1514.0,2
32.194164,4.162245,541184.0,0.0,48.771759,0.308303,0.0,18.0,0.0,0.0,5.042017,604243.1875,587175.4375,0.0,64.0,0.0,307000.0,0.000987,1721542784.0,31872.0,0.30929,0.0,17067.712891,4.162245,4.162245,62.0,0.0,135.0,0.0,204.0,-0.0,1.0,0.0,8946.0,1.0,4.162245,4.162245,81.206177,1.0,0.0,339.0,18.0,0.0,66.26667,0.0,315946.0,1504.901978,2
0.854065,2.341743,64256.0,1.0,0.854065,0.27621,1.0,3.0,0.0,0.0,33.333333,994.131287,505.606293,0.0,64.0,0.0,222.0,0.000986,1721542784.0,4077568.0,0.277196,0.0,488.524994,2.341743,2.341743,62.0,0.0,3.0,0.0,3.0,-0.0,0.0,0.0,214.0,0.0,2.341743,2.341743,2.135162,0.0,0.0,6.0,2.0,0.0,71.333336,0.0,436.0,74.0,2
9.713088,4.941786,99968.0,0.0,19.628532,0.270519,0.0,19.0,0.0,0.0,11.445783,235220.234375,229073.46875,1.0,64.0,0.0,142962.0,0.000929,1721542784.0,31872.0,0.271448,0.0,6146.765625,4.941786,4.941786,62.0,0.0,49.0,0.0,98.0,-0.0,0.0,0.0,3876.0,1.0,4.941786,4.941786,29.543976,1.0,0.0,147.0,19.0,0.0,79.102043,0.0,146838.0,1458.795898,2
34.941139,2.203706,99968.0,0.0,76.235214,0.270519,0.0,2.0,0.0,0.0,0.803213,932530.9375,913737.125,0.0,64.0,0.0,253199.0,0.000929,1721542784.0,31872.0,0.271448,0.0,18793.794922,2.203706,2.203706,62.0,0.0,78.0,0.0,169.0,-0.0,1.0,0.0,5244.0,1.0,2.203706,2.203706,111.630135,1.0,0.0,247.0,2.0,0.0,67.230766,0.0,258443.0,1498.218994,2
16.306032,0.061327,64256.0,0.0,0.0,0.27621,0.0,0.0,0.0,0.0,0.0,8609.584961,0.0,0.0,64.0,0.0,66.0,0.000986,1721542784.0,4077568.0,0.277196,0.0,8609.584961,0.061327,0.061327,62.0,0.0,2.0,0.0,1.0,-0.0,1.0,0.0,132.0,0.0,0.061327,0.061327,32.612064,0.0,0.0,3.0,0.0,0.0,66.0,0.0,198.0,66.0,2
273.207397,0.508771,515200.0,0.0,444.207703,0.059757,0.0,0.0,0.0,0.0,0.0,5434099.0,5283744.5,0.0,64.0,0.0,337513.0,0.000993,1721542784.0,31872.0,0.06075,0.0,150354.484375,0.508771,0.508771,62.0,0.0,140.0,0.0,227.0,-0.0,0.0,0.0,9630.0,0.0,0.508771,0.508771,719.380615,0.0,0.0,367.0,0.0,0.0,68.785713,0.0,347143.0,1486.841431,2
173.742264,0.26476,81536.0,0.0,222.843338,0.0612,0.0,0.0,0.0,0.0,0.0,2675993.5,2581719.5,0.0,64.0,0.0,86890.0,0.000488,1721542784.0,31872.0,0.061688,0.0,94274.0625,0.26476,0.26476,62.0,0.0,47.0,0.0,60.0,-0.0,0.0,0.0,3187.0,0.0,0.26476,0.26476,400.36261,0.0,0.0,107.0,0.0,0.0,67.80851,0.0,90077.0,1448.166626,2
163.440918,3.420196,885248.0,0.0,425.121826,0.168053,0.0,0.0,0.0,0.0,0.0,5222180.0,5134933.5,0.0,64.0,0.0,2196819.0,0.000521,1721542784.0,31872.0,0.168574,0.0,87246.460938,3.420196,3.420196,62.0,0.0,560.0,0.0,1455.0,-0.0,0.0,0.0,37366.0,0.0,3.420196,3.420196,588.855103,0.0,0.0,2015.0,0.0,0.0,66.724998,0.0,2234185.0,1509.841187,2
5.929967,0.168635,64256.0,0.0,0.0,0.168006,0.0,0.0,0.0,0.0,0.0,3320.781738,0.0,0.0,64.0,0.0,74.0,0.000629,1721542784.0,4077568.0,0.168635,0.0,3320.781738,0.168635,0.168635,62.0,0.0,2.0,0.0,1.0,-0.0,0.0,0.0,140.0,0.0,0.168635,0.168635,11.859935,0.0,0.0,3.0,0.0,0.0,70.0,0.0,214.0,74.0,2
5.981183,0.167191,64256.0,0.0,0.0,0.168006,0.0,0.0,0.0,0.0,0.0,3158.064697,0.0,0.0,64.0,0.0,66.0,0.000629,1721542784.0,4077568.0,0.168635,0.0,3158.064697,0.167191,0.167191,62.0,0.0,2.0,0.0,1.0,-0.0,1.0,0.0,132.0,0.0,0.167191,0.167191,11.962366,0.0,0.0,3.0,0.0,0.0,66.0,0.0,198.0,66.0,2
175.599655,0.324602,104704.0,0.0,218.729385,0.058745,0.0,0.0,0.0,0.0,0.0,2645454.75,2552861.5,0.0,64.0,0.0,105041.0,0.003,1721542784.0,31872.0,0.061745,0.0,92593.390625,0.324602,0.324602,62.0,0.0,58.0,0.0,72.0,-0.0,0.0,0.0,3822.0,0.0,0.324602,0.324602,397.409729,0.0,0.0,130.0,0.0,0.0,65.896553,0.0,108863.0,1458.902832,2
164.529922,0.309974,90240.0,0.0,203.242844,0.060012,0.0,0.0,0.0,0.0,0.0,2449831.25,2361385.0,0.0,64.0,0.0,92948.0,0.002036,1721542784.0,31872.0,0.062048,0.0,88446.125,0.309974,0.309974,62.0,0.0,52.0,0.0,64.0,-0.0,0.0,0.0,3494.0,0.0,0.309974,0.309974,370.99884,0.0,0.0,116.0,0.0,0.0,67.192307,0.0,96442.0,1452.3125,2
71.293182,4.993465,676736.0,0.0,188.846832,0.153348,0.0,111.0,0.0,0.0,7.86119,2322906.75,2280991.0,1.0,64.0,0.0,1425265.0,0.000968,1721542784.0,31872.0,0.154316,0.0,41915.585938,4.993465,4.993465,61.0,0.0,357.0,0.0,944.0,-0.0,0.0,0.0,26236.0,1.0,4.993465,4.993465,260.340271,1.0,0.0,1301.0,111.0,0.0,73.490196,0.0,1451501.0,1509.814575,2
31.659489,4.990605,710272.0,0.0,53.700905,0.153348,0.0,25.0,0.0,0.0,5.518764,670812.5,650425.375,0.0,64.0,0.0,407266.0,0.000968,1721542784.0,31872.0,0.154316,0.0,20387.107422,4.990605,4.990605,61.0,1.0,159.0,0.0,269.0,-0.0,1.0,0.0,12798.0,1.0,4.990605,4.990605,85.560768,1.0,0.0,428.0,25.0,0.0,80.490562,0.0,420064.0,1514.0,2
2.786307,3.58898,710272.0,0.0,6.408506,0.153348,0.0,5.0,0.0,0.0,12.5,79189.070312,77619.828125,0.0,64.0,0.0,36336.0,0.000968,1721542784.0,31872.0,0.154316,0.0,1569.248047,3.58898,3.58898,61.0,1.0,11.0,0.0,24.0,-0.0,1.0,0.0,774.0,1.0,3.58898,3.58898,9.473444,1.0,0.0,35.0,5.0,0.0,70.36364,0.0,37110.0,1514.0,2
0.0,0.0,521622.3241706161,0.0,0.0,0.153348,0.0,0.0,0.0,0.0,0.0,0.0,0.0,0.0,64.0,0.0,1514.0,0.000968,1721542784.0,1183398.375711575,0.154316,0.0,0.0,0.0,0.0,61.0,0.0,0.0,0.0,1.0,-0.0,1.0,0.0,0.0,1.0,0.0,0.0,0.0,1.0,0.0,1.0,1.0,0.0,0.0,0.0,1514.0,1514.0,2
26.473526,4.835019,710272.0,0.0,69.699829,0.153348,0.0,4.0,0.0,0.0,0.849257,856502.9375,842268.4375,0.0,64.0,0.0,510558.0,0.000968,1721542784.0,31872.0,0.154316,0.0,14234.483398,4.835019,4.835019,62.0,0.0,129.0,0.0,338.0,-0.0,1.0,0.0,8670.0,1.0,4.835019,4.835019,96.38018,1.0,0.0,467.0,4.0,0.0,67.209305,0.0,519228.0,1510.526611,2
45.597382,0.263173,705280.0,0.0,3.799782,0.153348,0.0,1.0,0.0,0.0,6.25,51464.242188,24014.621094,0.0,64.0,0.0,1580.0,0.000968,1721542784.0,31872.0,0.154316,0.0,27449.623047,0.263173,0.263173,62.0,0.0,13.0,0.0,2.0,-0.0,1.0,0.0,978.0,1.0,0.263173,0.263173,53.196945,1.0,0.0,15.0,1.0,0.0,75.230766,0.0,2558.0,790.0,2
26.962036,1.186854,67072.0,0.0,39.600491,0.153205,0.0,9.0,0.0,0.0,10.0,461071.03125,443909.6875,0.0,64.0,0.0,67258.0,0.001523,1721542784.0,31872.0,0.154728,0.0,17161.335938,1.186854,1.186854,62.0,0.0,33.0,0.0,48.0,-0.0,0.0,0.0,2625.0,1.0,1.186854,1.186854,67.40509,1.0,0.0,81.0,9.0,0.0,79.545456,0.0,69883.0,1401.208374,2
36.245541,0.137948,64128.0,0.0,28.996431,0.060164,0.0,0.0,0.0,0.0,0.0,71795.164062,28764.460938,0.0,64.0,0.0,619.0,0.000741,1721542784.0,31872.0,0.060905,0.0,43030.707031,0.137948,0.137948,62.0,0.0,6.0,0.0,5.0,-0.0,0.0,0.0,890.0,0.0,0.137948,0.137948,72.491081,0.0,0.0,11.0,0.0,0.0,148.333328,0.0,1509.0,123.800003,2
36.227161,0.138018,64128.0,0.0,28.981728,0.060211,0.0,0.0,0.0,0.0,0.0,73323.773438,29503.398438,0.0,64.0,0.0,636.0,0.000847,1721542784.0,31872.0,0.061058,0.0,43820.371094,0.138018,0.138018,62.0,0.0,6.0,0.0,5.0,-0.0,0.0,0.0,907.0,0.0,0.138018,0.138018,72.454323,0.0,0.0,11.0,0.0,0.0,151.166672,0.0,1543.0,127.199997,2
36.547302,0.136809,64128.0,0.0,29.237841,0.059161,0.0,0.0,0.0,0.0,0.0,74498.015625,30056.5,0.0,64.0,0.0,642.0,0.001012,1721542784.0,31872.0,0.060173,0.0,44441.519531,0.136809,0.136809,62.0,0.0,6.0,0.0,5.0,-0.0,0.0,0.0,911.0,0.0,0.136809,0.136809,73.094604,0.0,0.0,11.0,0.0,0.0,151.833328,0.0,1553.0,128.399994,2
32.513348,0.153783,64128.0,0.0,26.010679,0.059339,0.0,0.0,0.0,0.0,0.0,65911.0625,26530.892578,0.0,64.0,0.0,637.0,0.001073,1721542784.0,31872.0,0.060412,0.0,39380.167969,0.153783,0.153783,62.0,0.0,6.0,0.0,5.0,-0.0,0.0,0.0,908.0,0.0,0.153783,0.153783,65.026695,0.0,0.0,11.0,0.0,0.0,151.333328,0.0,1545.0,127.400002,2
197.851028,0.262824,98944.0,0.0,239.704132,0.060778,0.0,0.0,0.0,0.0,0.0,2892308.25,2784920.75,0.0,64.0,0.0,92945.0,0.000967,1721542784.0,31872.0,0.061745,0.0,107387.453125,0.262824,0.262824,62.0,0.0,53.0,0.0,64.0,-0.0,0.0,0.0,3595.0,0.0,0.262824,0.262824,441.359985,0.0,0.0,117.0,0.0,0.0,67.830185,0.0,96540.0,1452.265625,2
13.549695,0.369012,64128.0,0.0,10.839756,0.169846,0.0,0.0,0.0,0.0,0.0,26860.916016,10753.038086,0.0,64.0,0.0,620.0,0.000515,1721542784.0,31872.0,0.170361,0.0,16107.876953,0.369012,0.369012,62.0,0.0,6.0,0.0,5.0,-0.0,0.0,0.0,891.0,0.0,0.369012,0.369012,27.09939,0.0,0.0,11.0,0.0,0.0,148.5,0.0,1511.0,124.0,2
16.142675,0.309738,64128.0,0.0,12.91414,0.122554,0.0,0.0,0.0,0.0,0.0,32001.238281,12810.827148,0.0,64.0,0.0,620.0,0.001,1721542784.0,31872.0,0.123554,0.0,19190.412109,0.309738,0.309738,62.0,0.0,6.0,0.0,5.0,-0.0,0.0,0.0,891.0,0.0,0.309738,0.309738,32.285351,0.0,0.0,11.0,0.0,0.0,148.5,0.0,1511.0,124.0,2
16.249857,0.307695,64128.0,0.0,12.999887,0.13511,0.0,0.0,0.0,0.0,0.0,32187.71875,12895.886719,0.0,64.0,0.0,619.0,0.003628,1721542784.0,31872.0,0.138738,0.0,19291.832031,0.307695,0.307695,62.0,0.0,6.0,0.0,5.0,-0.0,0.0,0.0,890.0,0.0,0.307695,0.307695,32.499714,0.0,0.0,11.0,0.0,0.0,148.333328,0.0,1509.0,123.800003,2
14.093837,0.354765,64128.0,0.0,11.275069,0.169525,0.0,0.0,0.0,0.0,0.0,27939.623047,11184.869141,0.0,64.0,0.0,620.0,0.000996,1721542784.0,31872.0,0.170521,0.0,16754.753906,0.354765,0.354765,62.0,0.0,6.0,0.0,5.0,-0.0,0.0,0.0,891.0,0.0,0.354765,0.354765,28.187674,0.0,0.0,11.0,0.0,0.0,148.5,0.0,1511.0,124.0,2
84.031204,0.523615,93056.0,0.0,116.49781,0.092693,0.0,0.0,0.0,0.0,0.0,1397652.875,1351649.625,0.0,64.0,0.0,89918.0,0.000496,1721542784.0,31872.0,0.093189,0.0,46003.265625,0.523615,0.523615,62.0,0.0,45.0,0.0,62.0,-0.0,0.0,0.0,3079.0,0.0,0.523615,0.523615,202.438812,0.0,0.0,107.0,0.0,0.0,68.422226,0.0,92997.0,1450.290283,2
7.199165,0.138905,64256.0,0.0,0.0,0.136967,0.0,0.0,0.0,0.0,0.0,4031.532227,0.0,0.0,64.0,0.0,74.0,0.001938,1721542784.0,4077568.0,0.138905,0.0,4031.532227,0.138905,0.138905,62.0,0.0,2.0,0.0,1.0,-0.0,0.0,0.0,140.0,0.0,0.138905,0.138905,14.39833,0.0,0.0,3.0,0.0,0.0,70.0,0.0,214.0,74.0,2
5.948557,0.168108,64256.0,0.0,0.0,0.136967,0.0,0.0,0.0,0.0,0.0,3140.837891,0.0,0.0,64.0,0.0,66.0,0.001938,1721542784.0,4077568.0,0.138905,0.0,3140.837891,0.168108,0.168108,62.0,0.0,2.0,0.0,1.0,-0.0,1.0,0.0,132.0,0.0,0.168108,0.168108,11.897114,0.0,0.0,3.0,0.0,0.0,66.0,0.0,198.0,66.0,2
40.574207,0.123231,64128.0,0.0,32.459366,0.044573,0.0,0.0,0.0,0.0,0.0,82252.03125,33108.550781,0.0,64.0,0.0,637.0,0.001494,1721542784.0,31872.0,0.046067,0.0,49143.476562,0.123231,0.123231,62.0,0.0,6.0,0.0,5.0,-0.0,0.0,0.0,908.0,0.0,0.123231,0.123231,81.148415,0.0,0.0,11.0,0.0,0.0,151.333328,0.0,1545.0,127.400002,2
156.05777,0.384473,104704.0,0.0,187.269333,0.058917,0.0,0.0,0.0,0.0,0.0,2238638.25,2157093.0,0.0,64.0,0.0,105107.0,0.002029,1721542784.0,31872.0,0.060946,0.0,81545.390625,0.384473,0.384473,62.0,0.0,61.0,0.0,73.0,-0.0,0.0,0.0,3984.0,0.0,0.384473,0.384473,345.92807,0.0,0.0,134.0,0.0,0.0,65.311478,0.0,109091.0,1439.821899,2
169.434647,0.306903,93056.0,0.0,234.601807,0.058175,0.0,0.0,0.0,0.0,0.0,2793534.0,2702769.25,0.0,64.0,0.0,105126.0,0.002497,1721542784.0,31872.0,0.060672,0.0,90764.835938,0.306903,0.306903,62.0,0.0,53.0,0.0,73.0,-0.0,0.0,0.0,3548.0,0.0,0.306903,0.306903,407.2948,0.0,0.0,126.0,0.0,0.0,66.943398,0.0,108674.0,1440.082153,2
36.150154,0.138312,64128.0,0.0,28.920124,0.059741,0.0,0.0,0.0,0.0,0.0,73283.59375,29498.525391,0.0,64.0,0.0,637.0,0.000825,1721542784.0,31872.0,0.060566,0.0,43785.066406,0.138312,0.138312,62.0,0.0,6.0,0.0,5.0,-0.0,0.0,0.0,908.0,0.0,0.138312,0.138312,72.300308,0.0,0.0,11.0,0.0,0.0,151.333328,0.0,1545.0,127.400002,2
35.824318,0.13957,64000.0,0.0,35.824318,0.061141,0.0,0.0,0.0,0.0,0.0,141635.03125,104893.601562,0.0,64.0,0.0,2195.0,0.001006,1721542784.0,31872.0,0.062147,0.0,36741.421875,0.13957,0.13957,62.0,0.0,6.0,0.0,6.0,-0.0,0.0,0.0,769.0,0.0,0.13957,0.13957,78.813499,0.0,0.0,12.0,0.0,0.0,128.166672,0.0,2964.0,365.833344,2
38.898651,0.154247,64256.0,0.0,25.932432,0.061523,0.0,0.0,0.0,0.0,0.0,63793.785156,30133.486328,0.0,64.0,0.0,726.0,0.000487,1721542784.0,31872.0,0.06201,0.0,33660.296875,0.154247,0.154247,62.0,0.0,7.0,0.0,5.0,-0.0,0.0,0.0,757.0,0.0,0.154247,0.154247,71.314194,0.0,0.0,12.0,0.0,0.0,108.14286,0.0,1483.0,145.199997,2
274.574402,1.83921,460032.0,0.0,767.177185,0.060456,0.0,0.0,0.0,0.0,0.0,9410166.0,9263490.0,0.0,64.0,0.0,2131197.0,0.000488,1721542784.0,31872.0,0.060944,0.0,146676.015625,1.83921,1.83921,62.0,0.0,506.0,0.0,1412.0,-0.0,0.0,0.0,33787.0,0.0,1.83921,1.83921,1042.295288,0.0,0.0,1918.0,0.0,0.0,66.772728,0.0,2164984.0,1509.346313,2
25.728106,0.155472,64128.0,0.0,25.728106,0.060869,0.0,0.0,0.0,0.0,0.0,57888.238281,29896.058594,0.0,64.0,0.0,726.0,0.000502,1721542784.0,31872.0,0.061371,0.0,27992.179688,0.155472,0.155472,62.0,0.0,5.0,0.0,5.0,-0.0,0.0,0.0,679.0,0.0,0.155472,0.155472,57.888237,0.0,0.0,10.0,0.0,0.0,135.800003,0.0,1405.0,145.199997,2
98.561249,1.247955,458496.0,0.0,163.467438,0.154454,0.0,0.0,0.0,0.0,0.0,1998585.0,1944063.75,0.0,64.0,0.0,304749.0,0.000506,1721542784.0,31872.0,0.15496,0.0,54521.199219,1.247955,1.247955,62.0,0.0,124.0,0.0,205.0,-0.0,0.0,0.0,8574.0,0.0,1.247955,1.247955,262.829987,0.0,0.0,329.0,0.0,0.0,69.145164,0.0,313323.0,1486.580444,2
37.101997,4.555011,673408.0,0.0,98.13369,0.153745,0.0,3.0,0.0,0.0,0.483092,1201969.5,1181670.125,1.0,64.0,0.0,674320.0,0.000997,1721542784.0,31872.0,0.154742,0.0,20299.402344,4.555011,4.555011,62.0,0.0,170.0,0.0,448.0,-0.0,0.0,0.0,11626.0,0.0,4.555011,4.555011,135.455215,1.0,0.0,618.0,3.0,0.0,68.388237,0.0,685946.0,1505.178589,2
295.895386,0.324439,690688.0,0.0,884.603943,0.153745,0.0,37.0,0.0,0.0,8.767773,10850015.0,10666634.0,0.0,64.0,0.0,434091.0,0.000997,1721542784.0,31872.0,0.154742,0.0,183381.171875,0.324439,0.324439,62.0,0.0,97.0,0.0,288.0,-0.0,1.0,0.0,7514.0,1.0,0.324439,0.324439,1183.581543,1.0,0.0,385.0,37.0,0.0,77.463921,0.0,441605.0,1507.260376,2
123.720642,4.041363,573440.0,0.0,361.016846,0.0,0.0,0.0,0.0,0.0,0.0,4425778.5,4359644.5,0.0,64.0,0.0,2203872.0,0.000881,1721542784.0,31872.0,0.000881,0.0,66134.125,4.041363,4.041363,62.0,0.0,501.0,0.0,1460.0,-0.0,0.0,0.0,33475.0,0.0,4.041363,4.041363,484.984924,0.0,0.0,1961.0,0.0,0.0,66.816368,0.0,2237347.0,1509.501343,2
5.836962,0.171322,64256.0,0.0,0.0,0.170417,0.0,0.0,0.0,0.0,0.0,3268.69873,0.0,0.0,64.0,0.0,74.0,0.000905,1721542784.0,4077568.0,0.171322,0.0,3268.69873,0.171322,0.171322,62.0,0.0,2.0,0.0,1.0,-0.0,0.0,0.0,140.0,0.0,0.171322,0.171322,11.673923,0.0,0.0,3.0,0.0,0.0,70.0,0.0,214.0,74.0,2
5.45075,0.183461,64256.0,0.0,0.0,0.170417,0.0,0.0,0.0,0.0,0.0,2877.99585,0.0,0.0,64.0,0.0,66.0,0.000905,1721542784.0,4077568.0,0.171322,0.0,2877.99585,0.183461,0.183461,62.0,0.0,2.0,0.0,1.0,-0.0,1.0,0.0,132.0,0.0,0.183461,0.183461,10.9015,0.0,0.0,3.0,0.0,0.0,66.0,0.0,198.0,66.0,2
170.34642,1.849173,1019520.0,0.0,396.934204,0.183461,0.0,0.0,0.0,0.0,0.0,4871990.0,4780295.0,0.0,64.0,0.0,1106454.0,0.000994,1721542784.0,31872.0,0.184455,0.0,91695.046875,1.849173,1.849173,62.0,0.0,316.0,0.0,735.0,-0.0,0.0,0.0,21262.0,0.0,1.849173,1.849173,567.821411,0.0,0.0,1051.0,0.0,0.0,67.284813,0.0,1127716.0,1505.379639,2
5.448256,0.183545,64256.0,0.0,0.0,0.183045,0.0,0.0,0.0,0.0,0.0,3051.022949,0.0,0.0,64.0,0.0,74.0,0.0005,1721542784.0,4077568.0,0.183545,0.0,3051.022949,0.183545,0.183545,62.0,0.0,2.0,0.0,1.0,-0.0,0.0,0.0,140.0,0.0,0.183545,0.183545,10.896511,0.0,0.0,3.0,0.0,0.0,70.0,0.0,214.0,74.0,2
16.299122,0.061353,64256.0,0.0,0.0,0.183045,0.0,0.0,0.0,0.0,0.0,8605.935547,0.0,0.0,64.0,0.0,66.0,0.0005,1721542784.0,4077568.0,0.183545,0.0,8605.935547,0.061353,0.061353,62.0,0.0,2.0,0.0,1.0,-0.0,1.0,0.0,132.0,0.0,0.061353,0.061353,32.598244,0.0,0.0,3.0,0.0,0.0,66.0,0.0,198.0,66.0,2
181.827835,0.263986,50048.0,0.0,238.649033,0.06058,0.0,0.0,0.0,0.0,0.0,2869788.75,2772662.25,0.0,64.0,0.0,92945.0,0.001482,1721542784.0,31872.0,0.062062,0.0,97126.367188,0.263986,0.263986,62.0,0.0,49.0,0.0,64.0,-0.0,0.0,0.0,3271.0,0.0,0.263986,0.263986,424.264923,0.0,0.0,113.0,0.0,0.0,66.755104,0.0,96216.0,1452.265625,2
306.319092,0.49295,561408.0,0.0,450.349945,0.059005,0.0,0.0,0.0,0.0,0.0,5520414.0,5352380.5,0.0,64.0,0.0,331292.0,0.000654,1721542784.0,31872.0,0.059659,0.0,168033.265625,0.49295,0.49295,62.0,0.0,152.0,0.0,223.0,-0.0,0.0,0.0,10422.0,0.0,0.49295,0.49295,758.697632,0.0,0.0,375.0,0.0,0.0,68.565788,0.0,341714.0,1485.61438,2
253.495895,0.556222,522624.0,0.0,381.142761,0.060617,0.0,0.0,0.0,0.0,0.0,4672450.5,4533024.5,0.0,64.0,0.0,316657.0,0.00154,1721542784.0,31872.0,0.062157,0.0,139426.34375,0.556222,0.556222,62.0,0.0,142.0,0.0,213.0,-0.0,0.0,0.0,9762.0,0.0,0.556222,0.556222,636.436523,0.0,0.0,355.0,0.0,0.0,68.746475,0.0,326419.0,1486.652588,2
119.506699,1.154747,581376.0,0.0,212.167679,0.153062,0.0,0.0,0.0,0.0,0.0,2589769.0,2523981.5,0.0,64.0,0.0,365807.0,0.001495,1721542784.0,31872.0,0.154557,0.0,65787.570312,1.154747,1.154747,62.0,0.0,139.0,0.0,246.0,-0.0,0.0,0.0,9564.0,0.0,1.154747,1.154747,332.540375,0.0,0.0,385.0,0.0,0.0,68.805756,0.0,375371.0,1487.020386,2
112.204056,1.229902,583680.0,0.0,183.754471,0.153888,0.0,0.0,0.0,0.0,0.0,2247483.0,2185715.5,0.0,64.0,0.0,337513.0,0.000994,1721542784.0,31872.0,0.154882,0.0,61767.519531,1.229902,1.229902,62.0,0.0,139.0,0.0,227.0,-0.0,0.0,0.0,9564.0,0.0,1.229902,1.229902,296.771606,0.0,0.0,366.0,0.0,0.0,68.805756,0.0,347077.0,1486.841431,2
118.172356,0.431573,70528.0,0.0,150.611832,0.154724,0.0,0.0,0.0,0.0,0.0,1815831.875,1752102.125,0.0,64.0,0.0,95974.0,0.001084,1721542784.0,31872.0,0.155808,0.0,63729.65625,0.431573,0.431573,62.0,0.0,52.0,0.0,66.0,-0.0,0.0,0.0,3505.0,0.0,0.431573,0.431573,271.101288,0.0,0.0,118.0,0.0,0.0,67.403847,0.0,99479.0,1454.151489,2
87.552063,4.991316,2053504.0,0.0,267.264191,0.169443,0.0,18.0,0.0,0.0,1.005025,3278625.5,3230776.0,1.0,64.0,0.0,2017239.0,0.000492,1721542784.0,31872.0,0.169935,0.0,47849.507812,4.991316,4.991316,62.0,0.0,438.0,0.0,1335.0,-0.0,0.0,0.0,29922.0,1.0,4.991316,4.991316,355.016602,1.0,0.0,1773.0,18.0,0.0,68.315071,0.0,2047161.0,1511.040405,2
205.163361,0.385059,2053504.0,0.0,314.237549,0.169443,0.0,0.0,0.0,0.0,0.0,3871115.75,3762789.5,0.0,64.0,0.0,182608.0,0.000492,1721542784.0,31872.0,0.169935,0.0,108326.257812,0.385059,0.385059,62.0,0.0,80.0,0.0,122.0,-0.0,1.0,0.0,5280.0,1.0,0.385059,0.385059,521.997925,0.0,0.0,202.0,0.0,0.0,66.0,0.0,187888.0,1496.786865,2
62.12672,0.724326,104704.0,0.0,98.022156,0.168907,0.0,0.0,0.0,0.0,0.0,1177701.75,1144048.375,0.0,64.0,0.0,105041.0,0.000971,1721542784.0,31872.0,0.169878,0.0,33653.355469,0.724326,0.724326,62.0,0.0,46.0,0.0,72.0,-0.0,0.0,0.0,3114.0,0.0,0.724326,0.724326,161.52948,0.0,0.0,118.0,0.0,0.0,67.695656,0.0,108155.0,1458.902832,2
114.615654,0.462415,98944.0,0.0,136.241257,0.120893,0.0,0.0,0.0,0.0,0.0,1644098.875,1582924.375,0.0,64.0,0.0,92948.0,0.001605,1721542784.0,31872.0,0.122498,0.0,61174.484375,0.462415,0.462415,62.0,0.0,54.0,0.0,64.0,-0.0,0.0,0.0,3602.0,0.0,0.462415,0.462415,253.01947,0.0,0.0,118.0,0.0,0.0,66.703705,0.0,96550.0,1452.3125,2
303.187744,1.63595,671872.0,0.0,891.836548,0.061662,0.0,0.0,0.0,0.0,0.0,10931875.0,10769806.0,0.0,64.0,0.0,2203867.0,0.000496,1721542784.0,31872.0,0.062158,0.0,162068.53125,1.63595,1.63595,62.0,0.0,497.0,0.0,1460.0,-0.0,0.0,0.0,33208.0,0.0,1.63595,1.63595,1195.63562,0.0,0.0,1957.0,0.0,0.0,66.816902,0.0,2237075.0,1509.497925,2
10.836349,0.092282,64256.0,0.0,0.0,0.090316,0.0,0.0,0.0,0.0,0.0,6068.355957,0.0,0.0,64.0,0.0,74.0,0.001966,1721542784.0,4077568.0,0.092282,0.0,6068.355957,0.092282,0.092282,62.0,0.0,2.0,0.0,1.0,-0.0,0.0,0.0,140.0,0.0,0.092282,0.092282,21.672699,0.0,0.0,3.0,0.0,0.0,70.0,0.0,214.0,74.0,2
16.044668,0.062326,64256.0,0.0,0.0,0.090316,0.0,0.0,0.0,0.0,0.0,8471.584961,0.0,0.0,64.0,0.0,66.0,0.001966,1721542784.0,4077568.0,0.092282,0.0,8471.584961,0.062326,0.062326,62.0,0.0,2.0,0.0,1.0,-0.0,1.0,0.0,132.0,0.0,0.062326,0.062326,32.089336,0.0,0.0,3.0,0.0,0.0,66.0,0.0,198.0,66.0,2
35.901226,0.139271,64128.0,0.0,28.720982,0.060067,0.0,0.0,0.0,0.0,0.0,71400.359375,28606.097656,0.0,64.0,0.0,622.0,0.001004,1721542784.0,31872.0,0.061071,0.0,42794.261719,0.139271,0.139271,62.0,0.0,6.0,0.0,5.0,-0.0,0.0,0.0,893.0,0.0,0.139271,0.139271,71.802452,0.0,0.0,11.0,0.0,0.0,148.833328,0.0,1515.0,124.400002,2
11.751641,0.340378,64128.0,0.0,11.751641,0.168162,0.0,0.0,0.0,0.0,0.0,27169.794922,11657.62793,0.0,64.0,0.0,619.0,0.000995,1721542784.0,31872.0,0.169157,0.0,15512.166992,0.340378,0.340378,62.0,0.0,5.0,0.0,5.0,-0.0,0.0,0.0,824.0,0.0,0.340378,0.340378,26.441193,0.0,0.0,10.0,0.0,0.0,164.800003,0.0,1443.0,123.800003,2
35.955444,0.139061,64128.0,0.0,28.764355,0.060599,0.0,0.0,0.0,0.0,0.0,72773.820312,29282.113281,0.0,64.0,0.0,636.0,0.000989,1721542784.0,31872.0,0.061588,0.0,43491.703125,0.139061,0.139061,62.0,0.0,6.0,0.0,5.0,-0.0,0.0,0.0,907.0,0.0,0.139061,0.139061,71.910889,0.0,0.0,11.0,0.0,0.0,151.166672,0.0,1543.0,127.199997,2
16.254349,0.061522,64256.0,0.0,0.0,0.060434,0.0,0.0,0.0,0.0,0.0,9102.43457,0.0,0.0,64.0,0.0,74.0,0.001088,1721542784.0,4077568.0,0.061522,0.0,9102.43457,0.061522,0.061522,62.0,0.0,2.0,0.0,1.0,-0.0,0.0,0.0,140.0,0.0,0.061522,0.061522,32.508698,0.0,0.0,3.0,0.0,0.0,70.0,0.0,214.0,74.0,2
2.026663,0.493422,64256.0,0.0,4.053326,0.060434,0.0,0.0,0.0,0.0,0.0,3210.233887,2140.156006,0.0,64.0,0.0,198.0,0.001088,1721542784.0,31872.0,0.061522,0.0,1070.078003,0.493422,0.493422,62.0,0.0,2.0,0.0,3.0,-0.0,1.0,0.0,132.0,0.0,0.493422,0.493422,8.106651,0.0,0.0,5.0,0.0,0.0,66.0,0.0,330.0,66.0,2
14.098208,0.354655,64128.0,0.0,11.278566,0.168235,0.0,0.0,0.0,0.0,0.0,28737.787109,11594.366211,0.0,64.0,0.0,642.0,0.000988,1721542784.0,31872.0,0.169223,0.0,17143.421875,0.354655,0.354655,62.0,0.0,6.0,0.0,5.0,-0.0,0.0,0.0,911.0,0.0,0.354655,0.354655,28.196417,0.0,0.0,11.0,0.0,0.0,151.833328,0.0,1553.0,128.399994,2
14.651071,0.341272,64128.0,0.0,11.720857,0.154105,0.0,0.0,0.0,0.0,0.0,29700.650391,11955.273438,0.0,64.0,0.0,637.0,0.000993,1721542784.0,31872.0,0.155098,0.0,17745.376953,0.341272,0.341272,62.0,0.0,6.0,0.0,5.0,-0.0,0.0,0.0,908.0,0.0,0.341272,0.341272,29.302141,0.0,0.0,11.0,0.0,0.0,151.333328,0.0,1545.0,127.400002,2
204.919586,0.263518,96000.0,0.0,239.072845,0.060216,0.0,0.0,0.0,0.0,0.0,2886542.75,2777586.25,0.0,64.0,0.0,92945.0,0.001004,1721542784.0,31872.0,0.06122,0.0,108956.5,0.263518,0.263518,62.0,0.0,55.0,0.0,64.0,-0.0,0.0,0.0,3655.0,0.0,0.263518,0.263518,447.787231,0.0,0.0,119.0,0.0,0.0,66.454544,0.0,96600.0,1452.265625,2
36.063065,0.138646,64128.0,0.0,28.850452,0.059813,0.0,0.0,0.0,0.0,0.0,71491.421875,28619.648438,0.0,64.0,0.0,620.0,0.001489,1721542784.0,31872.0,0.061302,0.0,42871.773438,0.138646,0.138646,62.0,0.0,6.0,0.0,5.0,-0.0,0.0,0.0,891.0,0.0,0.138646,0.138646,72.126129,0.0,0.0,11.0,0.0,0.0,148.5,0.0,1511.0,124.0,2
36.190712,0.138157,64128.0,0.0,28.95257,0.046487,0.0,0.0,0.0,0.0,0.0,71744.46875,28720.949219,0.0,64.0,0.0,620.0,0.001493,1721542784.0,31872.0,0.04798,0.0,43023.519531,0.138157,0.138157,62.0,0.0,6.0,0.0,5.0,-0.0,0.0,0.0,891.0,0.0,0.138157,0.138157,72.381424,0.0,0.0,11.0,0.0,0.0,148.5,0.0,1511.0,124.0,2
25.760912,0.155274,64128.0,0.0,25.760912,0.075303,0.0,0.0,0.0,0.0,0.0,59559.222656,25554.824219,0.0,64.0,0.0,619.0,0.000997,1721542784.0,31872.0,0.0763,0.0,34004.402344,0.155274,0.155274,62.0,0.0,5.0,0.0,5.0,-0.0,0.0,0.0,824.0,0.0,0.155274,0.155274,57.962051,0.0,0.0,10.0,0.0,0.0,164.800003,0.0,1443.0,123.800003,2
35.774082,0.139766,64128.0,0.0,28.619265,0.06176,0.0,0.0,0.0,0.0,0.0,70918.539062,28390.310547,0.0,64.0,0.0,620.0,0.000497,1721542784.0,31872.0,0.062257,0.0,42528.226562,0.139766,0.139766,62.0,0.0,6.0,0.0,5.0,-0.0,0.0,0.0,891.0,0.0,0.139766,0.139766,71.548164,0.0,0.0,11.0,0.0,0.0,148.5,0.0,1511.0,124.0,2
53.591579,0.690407,84480.0,0.0,85.456841,0.166896,0.0,0.0,0.0,0.0,0.0,1020522.6875,990047.9375,0.0,64.0,0.0,86890.0,0.000497,1721542784.0,31872.0,0.167393,0.0,30474.779297,0.690407,0.690407,62.0,0.0,38.0,0.0,60.0,-0.0,0.0,0.0,2701.0,0.0,0.690407,0.690407,140.496841,0.0,0.0,98.0,0.0,0.0,71.078949,0.0,89591.0,1448.166626,2
36.072433,0.13861,64128.0,0.0,28.857946,0.060432,0.0,0.0,0.0,0.0,0.0,73126.03125,29435.105469,0.0,64.0,0.0,637.0,0.001473,1721542784.0,31872.0,0.061905,0.0,43690.929688,0.13861,0.13861,62.0,0.0,6.0,0.0,5.0,-0.0,0.0,0.0,908.0,0.0,0.13861,0.13861,72.144867,0.0,0.0,11.0,0.0,0.0,151.333328,0.0,1545.0,127.400002,2
110.688751,0.370408,98944.0,0.0,159.283813,0.060152,0.0,0.0,0.0,0.0,0.0,1876892.5,1814258.875,0.0,64.0,0.0,85425.0,0.002075,1721542784.0,31872.0,0.062227,0.0,62633.636719,0.370408,0.370408,62.0,0.0,42.0,0.0,60.0,-0.0,0.0,0.0,2970.0,0.0,0.370408,0.370408,272.672302,0.0,0.0,102.0,0.0,0.0,70.714287,0.0,88395.0,1423.75,2
118.689522,0.539222,70528.0,0.0,133.525711,0.105434,0.0,0.0,0.0,0.0,0.0,1600305.625,1538305.125,0.0,64.0,0.0,105126.0,0.000485,1721542784.0,31872.0,0.105919,0.0,62000.4375,0.539222,0.539222,62.0,0.0,65.0,0.0,73.0,-0.0,0.0,0.0,4244.0,0.0,0.539222,0.539222,254.069748,0.0,0.0,138.0,0.0,0.0,65.292305,0.0,109370.0,1440.082153,2
16.289352,0.306949,64128.0,0.0,13.031481,0.138336,0.0,0.0,0.0,0.0,0.0,33021.773438,13292.111328,0.0,64.0,0.0,637.0,0.000497,1721542784.0,31872.0,0.138833,0.0,19729.662109,0.306949,0.306949,62.0,0.0,6.0,0.0,5.0,-0.0,0.0,0.0,908.0,0.0,0.306949,0.306949,32.578705,0.0,0.0,11.0,0.0,0.0,151.333328,0.0,1545.0,127.400002,2
18.570217,0.323098,64128.0,0.0,18.570217,0.061673,0.0,2.0,0.0,0.0,12.5,69526.890625,51550.921875,0.0,64.0,0.0,2429.0,0.0015,1721542784.0,31872.0,0.063173,0.0,17975.970703,0.323098,0.323098,62.0,0.0,7.0,0.0,7.0,-0.0,0.0,0.0,847.0,1.0,0.323098,0.323098,40.23547,1.0,0.0,14.0,2.0,0.0,121.0,0.0,3276.0,347.0,2
28.477859,0.14046,64128.0,0.0,28.477859,0.062435,0.0,0.0,0.0,0.0,0.0,63220.847656,33091.273438,0.0,64.0,0.0,726.0,0.000994,1721542784.0,31872.0,0.063429,0.0,30129.574219,0.14046,0.14046,62.0,0.0,5.0,0.0,5.0,-0.0,0.0,0.0,661.0,0.0,0.14046,0.14046,64.07518,0.0,0.0,10.0,0.0,0.0,132.199997,0.0,1387.0,145.199997,2
95.837265,4.998056,385024.0,0.0,283.510223,0.060072,0.0,7.0,0.0,0.0,0.367454,3477867.5,3425682.25,0.0,64.0,0.0,2141729.0,0.001529,1721542784.0,31872.0,0.061601,0.0,52185.089844,4.998056,4.998056,62.0,0.0,480.0,0.0,1418.0,-0.0,0.0,0.0,32671.0,1.0,4.998056,4.998056,379.547577,1.0,0.0,1898.0,7.0,0.0,68.064583,0.0,2174400.0,1510.387207,2
2012.072388,0.000497,385024.0,0.0,0.0,0.060072,0.0,0.0,0.0,0.0,0.0,1062374.25,0.0,0.0,64.0,0.0,66.0,0.001529,1721542784.0,31872.0,0.061601,0.0,1062374.25,0.000497,0.000497,62.0,0.0,2.0,0.0,1.0,-0.0,1.0,0.0,132.0,1.0,0.000497,0.000497,4024.144775,0.0,0.0,3.0,0.0,0.0,66.0,0.0,198.0,66.0,2
31.116909,3.438645,116864.0,0.0,62.524632,0.120282,0.0,11.0,0.0,0.0,3.283582,756907.5,739272.625,0.0,64.0,0.0,319239.0,0.001105,1721542784.0,31872.0,0.121387,0.0,17634.853516,3.438645,3.438645,62.0,0.0,108.0,0.0,216.0,-0.0,0.0,0.0,7650.0,1.0,3.438645,3.438645,93.93235,1.0,0.0,324.0,11.0,0.0,70.833336,0.0,326889.0,1477.958374,2
32.296711,4.985028,279168.0,0.0,70.210243,0.106117,0.0,80.0,0.0,0.0,13.490725,864035.3125,844063.5,1.0,64.0,0.0,527462.0,0.000618,1721542784.0,31872.0,0.106735,0.0,19971.804688,4.985028,4.985028,62.0,0.0,162.0,0.0,351.0,-0.0,0.0,0.0,12522.0,1.0,4.985028,4.985028,102.70755,1.0,0.0,513.0,80.0,0.0,77.296295,0.0,539984.0,1502.740723,2
26.249031,4.952564,279424.0,0.0,61.786182,0.106117,0.0,9.0,0.0,0.0,2.013423,762656.375,748354.25,0.0,64.0,0.0,464798.0,0.000618,1721542784.0,31872.0,0.106735,0.0,14302.087891,4.952564,4.952564,62.0,1.0,131.0,0.0,307.0,-0.0,1.0,0.0,8922.0,1.0,4.952564,4.952564,88.237129,1.0,0.0,438.0,9.0,0.0,68.106873,0.0,473720.0,1514.0,2
26.409872,3.369952,279424.0,0.0,52.523003,0.106117,0.0,15.0,0.0,0.0,5.300353,646413.9375,631576.9375,0.0,64.0,0.0,267551.0,0.000618,1721542784.0,31872.0,0.106735,0.0,14837.006836,3.369952,3.369952,62.0,0.0,90.0,0.0,178.0,-0.0,1.0,0.0,6320.0,1.0,3.369952,3.369952,79.229614,1.0,0.0,268.0,15.0,0.0,70.222221,0.0,273871.0,1503.095459,2
17.828794,4.991925,310784.0,0.0,30.449177,0.226186,0.0,15.0,0.0,0.0,5.813953,371087.3125,360226.59375,1.0,64.0,0.0,226256.0,0.000526,1721542784.0,31872.0,0.226712,0.0,10860.740234,4.991925,4.991925,62.0,0.0,90.0,0.0,153.0,-0.0,0.0,0.0,6853.0,1.0,4.991925,4.991925,48.478294,1.0,0.0,243.0,15.0,0.0,76.144447,0.0,233109.0,1478.797363,2
0.871057,2.296062,64256.0,1.0,0.871057,0.276319,1.0,3.0,0.0,0.0,33.333333,1013.909912,515.665527,0.0,64.0,0.0,222.0,0.000491,1721542784.0,4077568.0,0.27681,0.0,498.244385,2.296062,2.296062,62.0,0.0,3.0,0.0,3.0,-0.0,0.0,0.0,214.0,0.0,2.296062,2.296062,2.177642,0.0,0.0,6.0,2.0,0.0,71.333336,0.0,436.0,74.0,2
4.119767,4.611912,311936.0,0.0,10.624661,0.226186,0.0,6.0,0.0,0.0,7.894737,131020.71875,128685.898438,0.0,64.0,0.0,75700.0,0.000526,1721542784.0,31872.0,0.226712,0.0,2334.823486,4.611912,4.611912,62.0,1.0,20.0,0.0,50.0,-0.0,1.0,0.0,1416.0,1.0,4.611912,4.611912,14.961258,1.0,0.0,70.0,6.0,0.0,70.800003,0.0,77116.0,1514.0,2
3.797473,0.263333,64256.0,0.0,0.0,0.276319,0.0,0.0,0.0,0.0,0.0,2005.065918,0.0,0.0,64.0,0.0,66.0,0.000491,1721542784.0,4077568.0,0.27681,0.0,2005.065918,0.263333,0.263333,62.0,0.0,2.0,0.0,1.0,-0.0,1.0,0.0,132.0,0.0,0.263333,0.263333,7.594946,0.0,0.0,3.0,0.0,0.0,66.0,0.0,198.0,66.0,2
0.0,1.984366,521622.3241706161,0.0,0.503939,0.226186,0.0,0.0,0.0,0.0,0.0,6103.712402,6103.712402,0.0,64.0,0.0,3028.0,0.000526,1721542784.0,1183398.375711575,0.226712,0.0,0.0,1.984366,1.984366,62.0,0.0,0.0,0.0,2.0,-0.0,1.0,0.0,0.0,1.0,1.984366,1.984366,0.503939,1.0,0.0,2.0,2.0,0.0,0.0,0.0,3028.0,1514.0,2
82.853485,3.826031,311936.0,0.0,334.288971,0.226186,0.0,2.0,0.0,0.0,0.125,4087329.25,4043432.0,0.0,64.0,0.0,1935298.0,0.000526,1721542784.0,31872.0,0.226712,0.0,43897.1875,3.826031,3.826031,62.0,0.0,318.0,0.0,1280.0,-0.0,1.0,0.0,21060.0,1.0,3.826031,3.826031,417.403839,1.0,0.0,1598.0,2.0,0.0,66.226418,0.0,1956358.0,1511.951538,2
22.689272,4.980327,310784.0,1.0,33.933514,0.155772,1.0,14.0,0.0,0.0,4.697987,416008.0,402394.4375,1.0,64.0,0.0,251989.0,0.000978,1721542784.0,31872.0,0.15675,0.0,13613.563477,4.980327,4.980327,62.0,0.0,114.0,0.0,170.0,-0.0,0.0,0.0,8550.0,1.0,4.980327,4.980327,56.823578,0.0,0.0,284.0,13.0,0.0,75.0,0.0,260539.0,1482.288208,2
1.680733,1.189957,64256.0,1.0,1.680733,0.16933,1.0,3.0,0.0,0.0,33.333333,1956.373169,994.993896,0.0,64.0,0.0,222.0,0.001492,1721542784.0,4077568.0,0.170822,0.0,961.379272,1.189957,1.189957,62.0,0.0,3.0,0.0,3.0,-0.0,0.0,0.0,214.0,0.0,1.189957,1.189957,4.201832,0.0,0.0,6.0,2.0,0.0,71.333336,0.0,436.0,74.0,2
10.445392,4.499592,311936.0,0.0,25.11339,0.155772,0.0,3.0,0.0,0.0,1.818182,309752.53125,304173.375,0.0,64.0,0.0,172596.0,0.000978,1721542784.0,31872.0,0.15675,0.0,5579.172852,4.499592,4.499592,62.0,1.0,48.0,0.0,114.0,-0.0,1.0,0.0,3204.0,1.0,4.499592,4.499592,35.781025,1.0,0.0,162.0,3.0,0.0,66.75,0.0,175800.0,1514.0,2
5.946788,0.168158,64256.0,0.0,0.0,0.16933,0.0,0.0,0.0,0.0,0.0,3139.904297,0.0,0.0,64.0,0.0,66.0,0.001492,1721542784.0,4077568.0,0.170822,0.0,3139.904297,0.168158,0.168158,62.0,0.0,2.0,0.0,1.0,-0.0,1.0,0.0,132.0,0.0,0.168158,0.168158,11.893577,0.0,0.0,3.0,0.0,0.0,66.0,0.0,198.0,66.0,2
6.655945,4.807732,310784.0,0.0,11.231907,0.155772,0.0,20.0,0.0,0.0,18.518519,139929.59375,136040.859375,0.0,64.0,0.0,83270.0,0.000978,1721542784.0,31872.0,0.15675,0.0,3888.73584,4.807732,4.807732,62.0,1.0,33.0,0.0,55.0,-0.0,1.0,0.0,2410.0,1.0,4.807732,4.807732,18.09585,1.0,0.0,88.0,20.0,0.0,73.030304,0.0,85680.0,1514.0,2
0.202673,4.934068,309888.0,0.0,1.418708,0.155772,0.0,3.0,0.0,0.0,23.076923,17300.125,17183.386719,0.0,64.0,0.0,12112.0,0.000978,1721542784.0,31872.0,0.15675,0.0,116.739365,4.934068,4.934068,62.0,0.0,2.0,0.0,8.0,-0.0,1.0,0.0,144.0,1.0,4.934068,4.934068,1.824053,1.0,0.0,10.0,3.0,0.0,72.0,0.0,12256.0,1514.0,2
10.441131,4.980304,311936.0,0.0,32.728928,0.155772,0.0,2.0,0.0,0.0,0.913242,402059.03125,396412.78125,0.0,64.0,0.0,248296.0,0.000978,1721542784.0,31872.0,0.15675,0.0,5646.241699,4.980304,4.980304,62.0,1.0,53.0,0.0,164.0,-0.0,1.0,0.0,3582.0,1.0,4.980304,4.980304,43.37085,1.0,0.0,217.0,2.0,0.0,67.584908,0.0,251878.0,1514.0,2
14.023894,4.991481,310784.0,0.0,42.071682,0.155772,0.0,6.0,0.0,0.0,2.083333,517515.375,509572.21875,0.0,64.0,0.0,319454.0,0.000978,1721542784.0,31872.0,0.15675,0.0,7943.133789,4.991481,4.991481,62.0,1.0,71.0,0.0,211.0,-0.0,1.0,0.0,5026.0,1.0,4.991481,4.991481,56.295918,1.0,0.0,282.0,6.0,0.0,70.788734,0.0,324480.0,1514.0,2
17.302534,1.1559,311936.0,0.0,51.042477,0.155772,0.0,0.0,0.0,0.0,0.0,611132.4375,601996.6875,0.0,64.0,0.0,88455.0,0.000978,1721542784.0,31872.0,0.15675,0.0,9135.738281,1.1559,1.1559,62.0,0.0,21.0,0.0,60.0,-0.0,1.0,0.0,1386.0,1.0,1.1559,1.1559,69.210136,0.0,0.0,81.0,0.0,0.0,66.0,0.0,89841.0,1474.25,2
88.348137,0.554624,85504.0,0.0,109.984421,0.10344,0.0,0.0,0.0,0.0,0.0,1324601.875,1276064.5,0.0,64.0,0.0,89917.0,0.002461,1721542784.0,31872.0,0.105901,0.0,48537.386719,0.554624,0.554624,62.0,0.0,50.0,0.0,62.0,-0.0,0.0,0.0,3433.0,0.0,0.554624,0.554624,200.135574,0.0,0.0,112.0,0.0,0.0,68.660004,0.0,93350.0,1450.27417,2
7.678927,4.948608,137216.0,0.0,21.622242,0.183293,0.0,6.0,0.0,0.0,3.921569,260259.046875,255532.0625,1.0,64.0,0.0,159543.0,0.000797,1721542784.0,31872.0,0.18409,0.0,4726.98584,4.948608,4.948608,62.0,0.0,39.0,0.0,108.0,-0.0,0.0,0.0,3000.0,1.0,4.948608,4.948608,29.503246,1.0,0.0,147.0,6.0,0.0,76.92308,0.0,162543.0,1477.25,2
4.598589,0.217458,64256.0,0.0,0.0,0.215721,0.0,0.0,0.0,0.0,0.0,2575.209961,0.0,0.0,64.0,0.0,74.0,0.001737,1721542784.0,4077568.0,0.217458,0.0,2575.209961,0.217458,0.217458,62.0,0.0,2.0,0.0,1.0,-0.0,0.0,0.0,140.0,0.0,0.217458,0.217458,9.197179,0.0,0.0,3.0,0.0,0.0,70.0,0.0,214.0,74.0,2
74.81778,1.309849,533760.0,0.0,123.678375,0.183293,0.0,42.0,0.0,0.0,13.815789,1524963.5,1483664.125,0.0,64.0,0.0,244421.0,0.000797,1721542784.0,31872.0,0.18409,0.0,41299.417969,1.309849,1.309849,62.0,0.0,99.0,0.0,163.0,-0.0,1.0,0.0,6830.0,1.0,1.309849,1.309849,199.259613,1.0,0.0,262.0,42.0,0.0,68.989899,0.0,251251.0,1499.515381,2
1.156473,0.864698,64256.0,0.0,1.156473,0.215721,0.0,0.0,0.0,0.0,0.0,1221.235596,610.617798,0.0,64.0,0.0,132.0,0.001737,1721542784.0,4077568.0,0.217458,0.0,610.617798,0.864698,0.864698,62.0,0.0,2.0,0.0,2.0,-0.0,1.0,0.0,132.0,0.0,0.864698,0.864698,3.469419,0.0,0.0,4.0,0.0,0.0,66.0,0.0,264.0,66.0,2
6.674786,4.943979,107648.0,1.0,10.113312,0.138873,1.0,13.0,0.0,0.0,13.265306,116136.421875,111628.3125,1.0,64.0,0.0,70365.0,0.000515,1721542784.0,31872.0,0.139388,0.0,4508.109863,4.943979,4.943979,62.0,0.0,34.0,0.0,51.0,-0.0,0.0,0.0,2870.0,1.0,4.943979,4.943979,16.990364,0.0,0.0,85.0,12.0,0.0,84.411766,0.0,73235.0,1379.705933,2
0.0,3.080011,8222720.0,0.0,0.649348,0.0,0.0,2.0,0.0,0.0,33.333333,384.414215,384.414215,0.0,64.0,0.0,222.0,0.0,1721542784.0,4077568.0,0.0,0.0,0.0,3.080011,3.080011,62.0,0.0,1.0,0.0,3.0,-0.0,0.0,0.0,74.0,0.0,3.080011,3.080011,0.974023,1.0,0.0,4.0,2.0,0.0,74.0,0.0,296.0,74.0,2
43.946255,1.342549,195968.0,0.0,128.85936,0.138873,0.0,0.0,0.0,0.0,0.0,1572954.125,1549750.5,0.0,64.0,0.0,261580.0,0.000515,1721542784.0,31872.0,0.139388,0.0,23203.623047,1.342549,1.342549,62.0,0.0,60.0,0.0,174.0,-0.0,1.0,0.0,3960.0,1.0,1.342549,1.342549,173.550461,0.0,0.0,234.0,0.0,0.0,66.0,0.0,265540.0,1503.333374,2
16.321468,0.061269,64256.0,0.0,16.321468,0.0,0.0,0.0,0.0,0.0,0.0,17235.470703,8617.735352,0.0,64.0,0.0,132.0,0.0,1721542784.0,31872.0,0.0,0.0,8617.735352,0.061269,0.061269,62.0,0.0,2.0,0.0,2.0,-0.0,1.0,0.0,132.0,0.0,0.061269,0.061269,48.964401,0.0,0.0,4.0,0.0,0.0,66.0,0.0,264.0,66.0,2
4.272732,4.914888,66176.0,0.0,7.121221,0.269858,0.0,6.0,0.0,0.0,9.375,78406.679688,75413.320312,1.0,64.0,0.0,47654.0,0.001045,1721542784.0,31872.0,0.270903,0.0,2993.354248,4.914888,4.914888,62.0,0.0,22.0,0.0,36.0,-0.0,0.0,0.0,1926.0,1.0,4.914888,4.914888,11.597416,1.0,0.0,58.0,6.0,0.0,87.545456,0.0,49580.0,1323.722168,2
0.649032,3.081514,64256.0,1.0,0.649032,0.168378,1.0,3.0,0.0,0.0,33.333333,755.472839,384.226715,0.0,64.0,0.0,222.0,0.0,1721542784.0,4077568.0,0.168378,0.0,371.246094,3.081514,3.081514,62.0,0.0,3.0,0.0,3.0,-0.0,0.0,0.0,214.0,0.0,3.081514,3.081514,1.622579,0.0,0.0,6.0,2.0,0.0,71.333336,0.0,436.0,74.0,2
2.281014,4.822417,67200.0,0.0,5.806217,0.269858,0.0,8.0,0.0,0.0,16.326531,71620.523438,70324.90625,0.0,64.0,0.0,43906.0,0.001045,1721542784.0,31872.0,0.270903,0.0,1295.615967,4.822417,4.822417,62.0,1.0,12.0,0.0,29.0,-0.0,1.0,0.0,852.0,1.0,4.822417,4.822417,8.294597,1.0,0.0,41.0,8.0,0.0,71.0,0.0,44758.0,1514.0,2
3.604799,0.277408,64256.0,0.0,0.0,0.168378,0.0,0.0,0.0,0.0,0.0,1903.33374,0.0,0.0,64.0,0.0,66.0,0.0,1721542784.0,4077568.0,0.168378,0.0,1903.33374,0.277408,0.277408,62.0,0.0,2.0,0.0,1.0,-0.0,1.0,0.0,132.0,0.0,0.277408,0.277408,7.209597,0.0,0.0,3.0,0.0,0.0,66.0,0.0,198.0,66.0,2
11.948542,4.937841,174976.0,0.0,30.377649,0.269858,0.0,7.0,0.0,0.0,3.211009,374320.6875,367934.09375,0.0,64.0,0.0,228614.0,0.001045,1721542784.0,31872.0,0.270903,0.0,6386.597168,4.937841,4.937841,62.0,1.0,60.0,0.0,151.0,-0.0,1.0,0.0,4008.0,1.0,4.937841,4.937841,42.528709,1.0,0.0,211.0,7.0,0.0,66.800003,0.0,232622.0,1514.0,2
32.391563,0.648317,174976.0,0.0,77.122765,0.269858,0.0,0.0,0.0,0.0,0.0,918957.875,901855.125,0.0,64.0,0.0,74547.0,0.001045,1721542784.0,31872.0,0.270903,0.0,17102.744141,0.648317,0.648317,62.0,0.0,22.0,0.0,51.0,-0.0,1.0,0.0,1452.0,1.0,0.648317,0.648317,111.056786,0.0,0.0,73.0,0.0,0.0,66.0,0.0,75999.0,1461.705933,2
16.147551,4.892383,272640.0,0.0,25.75432,0.168053,0.0,26.0,0.0,0.0,11.158798,316249.96875,305498.5625,1.0,64.0,0.0,188309.0,0.000499,1721542784.0,31872.0,0.168552,0.0,10751.40625,4.892383,4.892383,62.0,0.0,80.0,0.0,127.0,-0.0,0.0,0.0,6658.0,1.0,4.892383,4.892383,42.10627,1.0,0.0,207.0,26.0,0.0,83.224998,0.0,194967.0,1482.748047,2
14.574707,4.253945,339200.0,0.0,29.384489,0.168053,0.0,0.0,0.0,0.0,0.0,359504.4375,351808.96875,0.0,64.0,0.0,188568.0,0.000499,1721542784.0,31872.0,0.168552,0.0,7695.445312,4.253945,4.253945,62.0,0.0,63.0,0.0,126.0,-0.0,1.0,0.0,4158.0,1.0,4.253945,4.253945,44.194271,0.0,0.0,189.0,0.0,0.0,66.0,0.0,192726.0,1496.571411,2
134.702454,0.386036,78848.0,0.0,163.197205,0.076115,0.0,0.0,0.0,0.0,0.0,1968210.125,1896071.875,0.0,64.0,0.0,92946.0,0.0,1721542784.0,31872.0,0.076115,0.0,72138.351562,0.386036,0.386036,62.0,0.0,53.0,0.0,64.0,-0.0,0.0,0.0,3547.0,0.0,0.386036,0.386036,300.490112,0.0,0.0,117.0,0.0,0.0,66.92453,0.0,96493.0,1452.28125,2
309.430115,1.880877,560000.0,0.0,773.04364,0.059786,0.0,0.0,0.0,0.0,0.0,9502495.0,9337389.0,0.0,64.0,0.0,2196819.0,0.000497,1721542784.0,31872.0,0.060283,0.0,165105.953125,1.880877,1.880877,62.0,0.0,583.0,0.0,1455.0,-0.0,0.0,0.0,38884.0,0.0,1.880877,1.880877,1083.005371,0.0,0.0,2038.0,0.0,0.0,66.696396,0.0,2235703.0,1509.841187,2
0.0,3.061093,8222720.0,0.0,0.653361,0.0,0.0,2.0,0.0,0.0,33.333333,386.789948,386.789948,0.0,64.0,0.0,222.0,0.001074,1721542784.0,4077568.0,0.001074,0.0,0.0,3.061093,3.061093,62.0,0.0,1.0,0.0,3.0,-0.0,0.0,0.0,74.0,0.0,3.061093,3.061093,0.980042,1.0,0.0,4.0,2.0,0.0,74.0,0.0,296.0,74.0,2
3.069368,0.6516,64256.0,0.0,18.416206,0.211886,0.0,0.0,0.0,0.0,0.0,182922.03125,178109.265625,1.0,64.0,0.0,15715.0,0.001515,1721542784.0,31872.0,0.213401,0.0,4812.768555,0.6516,0.6516,62.0,0.0,3.0,0.0,13.0,-0.0,0.0,0.0,588.0,0.0,0.6516,0.6516,23.020258,0.0,0.0,16.0,0.0,0.0,196.0,0.0,16303.0,1208.846191,2
1.118387,1.78829,64256.0,0.0,0.559193,0.155671,0.0,1.0,0.0,0.0,16.666667,903.656555,313.148315,0.0,64.0,0.0,140.0,0.001074,1721542784.0,4077568.0,0.156745,0.0,590.50824,1.78829,1.78829,62.0,0.0,3.0,0.0,2.0,-0.0,1.0,0.0,198.0,0.0,1.78829,1.78829,2.236774,1.0,0.0,5.0,1.0,0.0,66.0,0.0,338.0,70.0,2
261.405457,0.153019,81536.0,0.0,313.686554,0.211886,0.0,1.0,0.0,0.0,1.098901,3865088.75,3744162.5,0.0,64.0,0.0,73107.0,0.001515,1721542784.0,31872.0,0.213401,0.0,120926.164062,0.153019,0.153019,62.0,0.0,41.0,0.0,49.0,-0.0,1.0,0.0,2370.0,1.0,0.153019,0.153019,581.627136,1.0,0.0,90.0,1.0,0.0,57.804878,0.0,75477.0,1491.979614,2
176.455643,0.232353,98944.0,0.0,245.316391,0.031903,0.0,0.0,0.0,0.0,0.0,2937427.0,2837716.75,0.0,64.0,0.0,83864.0,0.000496,1721542784.0,31872.0,0.032399,0.0,99710.351562,0.232353,0.232353,62.0,0.0,42.0,0.0,58.0,-0.0,0.0,0.0,2966.0,0.0,0.232353,0.232353,426.075836,0.0,0.0,100.0,0.0,0.0,70.619049,0.0,86830.0,1445.93103,2
238.604568,1.818909,530176.0,0.0,802.12915,0.06077,0.0,0.0,0.0,0.0,0.0,9814270.0,9686501.0,0.0,64.0,0.0,2203867.0,0.000506,1721542784.0,31872.0,0.061276,0.0,127768.898438,1.818909,1.818909,62.0,0.0,435.0,0.0,1460.0,-0.0,0.0,0.0,29116.0,0.0,1.818909,1.818909,1041.283569,0.0,0.0,1895.0,0.0,0.0,66.933334,0.0,2232983.0,1509.497925,2
35.951824,0.139075,64128.0,0.0,28.761461,0.06,0.0,0.0,0.0,0.0,0.0,71500.992188,28646.414062,0.0,64.0,0.0,622.0,0.001101,1721542784.0,31872.0,0.061101,0.0,42854.574219,0.139075,0.139075,62.0,0.0,6.0,0.0,5.0,-0.0,0.0,0.0,893.0,0.0,0.139075,0.139075,71.903648,0.0,0.0,11.0,0.0,0.0,148.833328,0.0,1515.0,124.400002,2
35.894012,0.139299,64128.0,0.0,28.715208,0.061267,0.0,0.0,0.0,0.0,0.0,71098.859375,28485.486328,0.0,64.0,0.0,619.0,0.000496,1721542784.0,31872.0,0.061763,0.0,42613.371094,0.139299,0.139299,62.0,0.0,6.0,0.0,5.0,-0.0,0.0,0.0,890.0,0.0,0.139299,0.139299,71.788025,0.0,0.0,11.0,0.0,0.0,148.333328,0.0,1509.0,123.800003,2
32.406929,0.154288,64128.0,0.0,25.925543,0.05985,0.0,0.0,0.0,0.0,0.0,65591.625,26392.203125,0.0,64.0,0.0,636.0,0.000994,1721542784.0,31872.0,0.060844,0.0,39199.421875,0.154288,0.154288,62.0,0.0,6.0,0.0,5.0,-0.0,0.0,0.0,907.0,0.0,0.154288,0.154288,64.813858,0.0,0.0,11.0,0.0,0.0,151.166672,0.0,1543.0,127.199997,2
3.264554,1.531603,64128.0,0.0,3.917464,0.168822,0.0,0.0,0.0,0.0,0.0,7437.958984,3468.261719,0.0,64.0,0.0,774.0,0.001992,1721542784.0,31872.0,0.170814,0.0,3969.697266,1.531603,1.531603,62.0,0.0,6.0,0.0,7.0,-0.0,0.0,0.0,911.0,0.0,1.531603,1.531603,7.834929,0.0,0.0,13.0,0.0,0.0,151.833328,0.0,1685.0,110.571426,2
42.851788,0.093345,64128.0,0.0,42.851788,0.045566,0.0,0.0,0.0,0.0,0.0,101473.03125,43708.820312,0.0,64.0,0.0,637.0,0.000501,1721542784.0,31872.0,0.046067,0.0,57764.207031,0.093345,0.093345,62.0,0.0,5.0,0.0,5.0,-0.0,0.0,0.0,842.0,0.0,0.093345,0.093345,96.416519,0.0,0.0,10.0,0.0,0.0,168.399994,0.0,1479.0,127.400002,2
73.548225,0.679826,70528.0,0.0,105.909447,0.0,0.0,0.0,0.0,0.0,0.0,1259522.25,1220112.125,0.0,64.0,0.0,105123.0,0.001482,1721542784.0,31872.0,0.001482,0.0,39410.082031,0.679826,0.679826,62.0,0.0,51.0,0.0,73.0,-0.0,0.0,0.0,3415.0,0.0,0.679826,0.679826,180.92865,0.0,0.0,124.0,0.0,0.0,66.960785,0.0,108538.0,1440.041138,2
4.973565,0.201063,64256.0,0.0,0.0,0.200566,0.0,0.0,0.0,0.0,0.0,2785.196533,0.0,0.0,64.0,0.0,74.0,0.000497,1721542784.0,4077568.0,0.201063,0.0,2785.196533,0.201063,0.201063,62.0,0.0,2.0,0.0,1.0,-0.0,0.0,0.0,140.0,0.0,0.201063,0.201063,9.94713,0.0,0.0,3.0,0.0,0.0,70.0,0.0,214.0,74.0,2
4.036816,0.24772,64256.0,0.0,0.0,0.200566,0.0,0.0,0.0,0.0,0.0,2131.438721,0.0,0.0,64.0,0.0,66.0,0.000497,1721542784.0,4077568.0,0.201063,0.0,2131.438721,0.24772,0.24772,62.0,0.0,2.0,0.0,1.0,-0.0,1.0,0.0,132.0,0.0,0.24772,0.24772,8.073631,0.0,0.0,3.0,0.0,0.0,66.0,0.0,198.0,66.0,2
1.047018,3.820375,64128.0,0.0,1.832281,0.261652,0.0,0.0,0.0,0.0,0.0,2881.392578,1499.329224,0.0,64.0,0.0,818.0,0.0,1721542784.0,31872.0,0.261652,0.0,1382.063232,3.820375,3.820375,62.0,0.0,5.0,0.0,8.0,-0.0,0.0,0.0,825.0,0.0,3.820375,3.820375,3.141053,0.0,0.0,13.0,0.0,0.0,165.0,0.0,1643.0,102.25,2
4.018114,0.248873,64256.0,0.0,0.0,0.247945,0.0,0.0,0.0,0.0,0.0,2250.143799,0.0,0.0,64.0,0.0,74.0,0.000928,1721542784.0,4077568.0,0.248873,0.0,2250.143799,0.248873,0.248873,62.0,0.0,2.0,0.0,1.0,-0.0,0.0,0.0,140.0,0.0,0.248873,0.248873,8.036227,0.0,0.0,3.0,0.0,0.0,70.0,0.0,214.0,74.0,2
0.579705,3.450029,64256.0,0.0,0.869558,0.247945,0.0,0.0,0.0,0.0,0.0,806.949768,500.865356,0.0,64.0,0.0,288.0,0.000928,1721542784.0,31872.0,0.248873,0.0,306.084381,3.450029,3.450029,62.0,0.0,3.0,0.0,4.0,-0.0,1.0,0.0,198.0,1.0,3.450029,3.450029,1.739116,0.0,0.0,7.0,0.0,0.0,66.0,0.0,486.0,72.0,2
5.321583,0.93957,64128.0,0.0,5.321583,0.152841,0.0,0.0,0.0,0.0,0.0,11196.611328,4870.312988,0.0,64.0,0.0,686.0,0.000645,1721542784.0,31872.0,0.153486,0.0,6326.29834,0.93957,0.93957,62.0,0.0,6.0,0.0,6.0,-0.0,0.0,0.0,891.0,0.0,0.93957,0.93957,11.707483,0.0,0.0,12.0,0.0,0.0,148.5,0.0,1577.0,114.333336,2
0.0,0.0,64256.0,0.0,0.0,0.247945,0.0,0.0,0.0,0.0,0.0,0.0,0.0,0.0,64.0,0.0,66.0,0.000928,1721542784.0,31872.0,0.248873,0.0,0.0,0.0,0.0,62.0,0.0,1.0,0.0,1.0,-0.0,1.0,0.0,66.0,1.0,0.0,0.0,0.0,0.0,0.0,2.0,0.0,0.0,66.0,0.0,132.0,66.0,2
9.265894,0.323768,64256.0,0.0,12.354526,0.16752,0.0,0.0,0.0,0.0,0.0,26315.140625,12255.689453,0.0,64.0,0.0,619.0,0.000664,1721542784.0,31872.0,0.168184,0.0,14059.450195,0.323768,0.323768,62.0,0.0,4.0,0.0,5.0,-0.0,0.0,0.0,758.0,0.0,0.323768,0.323768,24.709051,0.0,0.0,9.0,0.0,0.0,189.5,0.0,1377.0,123.800003,2
1.178626,4.242228,64128.0,0.0,1.650076,0.275509,0.0,0.0,0.0,0.0,0.0,2751.384277,1350.233887,0.0,64.0,0.0,818.0,0.000572,1721542784.0,31872.0,0.276081,0.0,1401.150513,4.242228,4.242228,62.0,0.0,6.0,0.0,8.0,-0.0,0.0,0.0,891.0,0.0,4.242228,4.242228,3.064427,0.0,0.0,14.0,0.0,0.0,148.5,0.0,1709.0,102.25,2
0.755166,1.324213,64256.0,0.0,0.755166,0.271143,0.0,1.0,0.0,0.0,20.0,869.950684,447.057983,0.0,64.0,0.0,148.0,0.00161,1721542784.0,4077568.0,0.272753,0.0,422.89267,1.324213,1.324213,62.0,0.0,2.0,0.0,2.0,-0.0,0.0,0.0,140.0,0.0,1.324213,1.324213,2.265496,1.0,0.0,4.0,1.0,0.0,70.0,0.0,288.0,74.0,2
6.479076,0.154343,64256.0,0.0,0.0,0.271143,0.0,0.0,0.0,0.0,0.0,3420.952148,0.0,0.0,64.0,0.0,66.0,0.00161,1721542784.0,4077568.0,0.272753,0.0,3420.952148,0.154343,0.154343,62.0,0.0,2.0,0.0,1.0,-0.0,1.0,0.0,132.0,0.0,0.154343,0.154343,12.958152,0.0,0.0,3.0,0.0,0.0,66.0,0.0,198.0,66.0,2
178.93515,0.262665,64128.0,0.0,239.849228,0.06194,0.0,0.0,0.0,0.0,0.0,2883673.0,2786637.0,0.0,64.0,0.0,92946.0,0.0,1721542784.0,31872.0,0.06194,0.0,97036.148438,0.262665,0.262665,62.0,0.0,48.0,0.0,64.0,-0.0,0.0,0.0,3253.0,0.0,0.262665,0.262665,422.591522,0.0,0.0,112.0,0.0,0.0,67.770836,0.0,96199.0,1452.28125,2
14.09471,0.354743,64128.0,0.0,11.275768,0.167977,0.0,0.0,0.0,0.0,0.0,28572.796875,11501.28418,0.0,64.0,0.0,637.0,0.000884,1721542784.0,31872.0,0.168861,0.0,17071.513672,0.354743,0.354743,62.0,0.0,6.0,0.0,5.0,-0.0,0.0,0.0,908.0,0.0,0.354743,0.354743,28.189421,0.0,0.0,11.0,0.0,0.0,151.333328,0.0,1545.0,127.400002,2
178.037323,0.308924,90240.0,0.0,229.830002,0.059833,0.0,0.0,0.0,0.0,0.0,2775983.75,2682420.25,0.0,64.0,0.0,105041.0,0.002978,1721542784.0,31872.0,0.062811,0.0,93563.46875,0.308924,0.308924,62.0,0.0,56.0,0.0,72.0,-0.0,0.0,0.0,3678.0,0.0,0.308924,0.308924,411.10437,0.0,0.0,128.0,0.0,0.0,65.678574,0.0,108719.0,1458.902832,2
155.436386,0.231606,85504.0,0.0,194.295486,0.045221,0.0,0.0,0.0,0.0,0.0,2311753.5,2219908.0,0.0,64.0,0.0,65696.0,0.000503,1721542784.0,31872.0,0.045724,0.0,91845.632812,0.231606,0.231606,62.0,0.0,37.0,0.0,46.0,-0.0,0.0,0.0,2732.0,0.0,0.231606,0.231606,354.04953,0.0,0.0,83.0,0.0,0.0,73.837837,0.0,68428.0,1428.17395,2
0.779839,3.846948,64256.0,0.0,1.819624,0.275939,0.0,0.0,0.0,0.0,0.0,2730.476318,1520.166138,0.0,64.0,0.0,835.0,0.000772,1721542784.0,31872.0,0.276711,0.0,1210.310181,3.846948,3.846948,62.0,0.0,4.0,0.0,8.0,-0.0,0.0,0.0,776.0,0.0,3.846948,3.846948,2.85941,0.0,0.0,12.0,0.0,0.0,194.0,0.0,1611.0,104.375,2
3.608363,0.277134,64256.0,0.0,0.0,0.275311,0.0,0.0,0.0,0.0,0.0,2020.683105,0.0,0.0,64.0,0.0,74.0,0.001823,1721542784.0,4077568.0,0.277134,0.0,2020.683105,0.277134,0.277134,62.0,0.0,2.0,0.0,1.0,-0.0,0.0,0.0,140.0,0.0,0.277134,0.277134,7.216725,0.0,0.0,3.0,0.0,0.0,70.0,0.0,214.0,74.0,2
6.482814,0.154254,64256.0,0.0,0.0,0.275311,0.0,0.0,0.0,0.0,0.0,3422.925781,0.0,0.0,64.0,0.0,66.0,0.001823,1721542784.0,4077568.0,0.277134,0.0,3422.925781,0.154254,0.154254,62.0,0.0,2.0,0.0,1.0,-0.0,1.0,0.0,132.0,0.0,0.154254,0.154254,12.965628,0.0,0.0,3.0,0.0,0.0,66.0,0.0,198.0,66.0,2
0.0,0.0,521622.3241706161,0.0,0.0,0.275939,0.0,0.0,0.0,0.0,0.0,0.0,0.0,0.0,64.0,0.0,66.0,0.000772,1721542784.0,1183398.375711575,0.276711,0.0,0.0,0.0,0.0,62.0,0.0,0.0,0.0,1.0,-0.0,1.0,0.0,0.0,0.0,0.0,0.0,0.0,0.0,0.0,1.0,0.0,0.0,0.0,0.0,66.0,66.0,2
0.0,0.0,521622.3241706161,0.0,0.0,0.275939,0.0,0.0,0.0,0.0,0.0,0.0,0.0,0.0,64.0,0.0,66.0,0.000772,1721542784.0,1183398.375711575,0.276711,0.0,0.0,0.0,0.0,62.0,0.0,0.0,0.0,1.0,-0.0,1.0,0.0,0.0,0.0,0.0,0.0,0.0,0.0,0.0,1.0,0.0,0.0,0.0,0.0,66.0,66.0,2
0.0,0.0,64128.0,0.0,0.0,0.275939,0.0,0.0,0.0,0.0,0.0,0.0,0.0,0.0,64.0,0.0,66.0,0.000772,1721542784.0,31872.0,0.276711,0.0,0.0,0.0,0.0,62.0,0.0,1.0,0.0,1.0,-0.0,1.0,0.0,66.0,0.0,0.0,0.0,0.0,0.0,0.0,2.0,0.0,0.0,66.0,0.0,132.0,66.0,2
22.956209,0.217806,64000.0,0.0,22.956209,0.092395,0.0,0.0,0.0,0.0,0.0,90759.671875,67215.78125,0.0,64.0,0.0,2195.0,0.001469,1721542784.0,31872.0,0.093864,0.0,23543.888672,0.217806,0.217806,62.0,0.0,6.0,0.0,6.0,-0.0,0.0,0.0,769.0,0.0,0.217806,0.217806,50.503658,0.0,0.0,12.0,0.0,0.0,128.166672,0.0,2964.0,365.833344,2
5.946894,0.168155,8222720.0,0.0,0.0,0.0,0.0,0.0,0.0,0.0,0.0,3044.809814,0.0,0.0,64.0,0.0,74.0,0.001098,1721542784.0,4077568.0,0.001098,0.0,3044.809814,0.168155,0.168155,62.0,0.0,2.0,0.0,1.0,-0.0,0.0,0.0,128.0,0.0,0.168155,0.168155,11.893788,0.0,0.0,3.0,0.0,0.0,64.0,0.0,202.0,74.0,2
112.809875,4.148573,448128.0,0.0,340.116943,0.155406,0.0,0.0,0.0,0.0,0.0,4167152.5,4106835.0,0.0,64.0,0.0,2131197.0,0.0,1721542784.0,31872.0,0.155406,0.0,60317.609375,4.148573,4.148573,62.0,0.0,469.0,0.0,1412.0,-0.0,0.0,0.0,31345.0,0.0,4.148573,4.148573,453.167877,0.0,0.0,1881.0,0.0,0.0,66.833687,0.0,2162542.0,1509.346313,2
11.255336,0.355387,64128.0,0.0,11.255336,0.166725,0.0,0.0,0.0,0.0,0.0,25324.505859,13078.700195,0.0,64.0,0.0,726.0,0.001994,1721542784.0,31872.0,0.168719,0.0,12245.805664,0.355387,0.355387,62.0,0.0,5.0,0.0,5.0,-0.0,0.0,0.0,679.0,0.0,0.355387,0.355387,25.324505,0.0,0.0,10.0,0.0,0.0,135.800003,0.0,1405.0,145.199997,2
130.70665,1.094053,547840.0,0.0,186.462631,0.0,0.0,0.0,0.0,0.0,0.0,2289388.0,2217537.75,0.0,64.0,0.0,304749.0,0.000496,1721542784.0,31872.0,0.000496,0.0,71850.265625,1.094053,1.094053,62.0,0.0,144.0,0.0,205.0,-0.0,0.0,0.0,9894.0,0.0,1.094053,1.094053,318.083313,0.0,0.0,349.0,0.0,0.0,68.708336,0.0,314643.0,1486.580444,2
5.989961,0.166946,64256.0,0.0,0.0,0.166946,0.0,0.0,0.0,0.0,0.0,3354.378174,0.0,0.0,64.0,0.0,74.0,0.0,1721542784.0,4077568.0,0.166946,0.0,3354.378174,0.166946,0.166946,62.0,0.0,2.0,0.0,1.0,-0.0,0.0,0.0,140.0,0.0,0.166946,0.166946,11.979922,0.0,0.0,3.0,0.0,0.0,70.0,0.0,214.0,74.0,2
6.525371,0.153248,64256.0,0.0,0.0,0.166946,0.0,0.0,0.0,0.0,0.0,3445.395752,0.0,0.0,64.0,0.0,66.0,0.0,1721542784.0,4077568.0,0.166946,0.0,3445.395752,0.153248,0.153248,62.0,0.0,2.0,0.0,1.0,-0.0,1.0,0.0,132.0,0.0,0.153248,0.153248,13.050741,0.0,0.0,3.0,0.0,0.0,66.0,0.0,198.0,66.0,2
118.880898,2.607652,536064.0,0.0,280.328827,0.154632,0.0,0.0,0.0,0.0,0.0,3441302.75,3377291.25,0.0,64.0,0.0,1102355.0,0.000953,1721542784.0,31872.0,0.155585,0.0,64011.609375,2.607652,2.607652,62.0,0.0,311.0,0.0,732.0,-0.0,0.0,0.0,20932.0,0.0,2.607652,2.607652,399.593201,0.0,0.0,1043.0,0.0,0.0,67.305466,0.0,1123287.0,1505.949463,2
206.841263,2.349628,506240.0,0.0,620.949341,0.045459,0.0,0.0,0.0,0.0,0.0,7609198.0,7498593.0,0.0,64.0,0.0,2203872.0,0.001086,1721542784.0,31872.0,0.046545,0.0,110604.742188,2.349628,2.349628,62.0,0.0,487.0,0.0,1460.0,-0.0,0.0,0.0,32551.0,0.0,2.349628,2.349628,828.216248,0.0,0.0,1947.0,0.0,0.0,66.839836,0.0,2236423.0,1509.501343,2
223.024948,1.573815,812160.0,0.0,466.38266,0.153159,0.0,0.0,0.0,0.0,0.0,5736481.0,5616665.5,0.0,64.0,0.0,1106454.0,0.000468,1721542784.0,31872.0,0.153627,0.0,119815.859375,1.573815,1.573815,62.0,0.0,352.0,0.0,735.0,-0.0,0.0,0.0,23638.0,0.0,1.573815,1.573815,690.042969,0.0,0.0,1087.0,0.0,0.0,67.153412,0.0,1130092.0,1505.379639,2
223.883942,0.245663,90240.0,0.0,256.448883,0.059981,0.0,0.0,0.0,0.0,0.0,3100019.0,2979463.75,0.0,64.0,0.0,92945.0,0.00099,1721542784.0,31872.0,0.060971,0.0,120555.390625,0.245663,0.245663,62.0,0.0,56.0,0.0,64.0,-0.0,0.0,0.0,3769.0,0.0,0.245663,0.245663,484.403412,0.0,0.0,120.0,0.0,0.0,67.303574,0.0,96714.0,1452.265625,2
91.02417,1.065651,534528.0,0.0,208.323349,0.16756,0.0,0.0,0.0,0.0,0.0,2526876.0,2475910.0,0.0,64.0,0.0,331292.0,0.001567,1721542784.0,31872.0,0.169127,0.0,50966.027344,1.065651,1.065651,62.0,0.0,98.0,0.0,223.0,-0.0,0.0,0.0,6858.0,0.0,1.065651,1.065651,300.285919,0.0,0.0,321.0,0.0,0.0,69.979591,0.0,338150.0,1485.61438,2
16.360186,0.061124,64256.0,0.0,0.0,0.04947,0.0,0.0,0.0,0.0,0.0,9161.704102,0.0,0.0,64.0,0.0,74.0,0.011654,1721542784.0,4077568.0,0.061124,0.0,9161.704102,0.061124,0.061124,62.0,0.0,2.0,0.0,1.0,-0.0,0.0,0.0,140.0,0.0,0.061124,0.061124,32.720371,0.0,0.0,3.0,0.0,0.0,70.0,0.0,214.0,74.0,2
5.949583,0.168079,64256.0,0.0,0.0,0.04947,0.0,0.0,0.0,0.0,0.0,3141.379883,0.0,0.0,64.0,0.0,66.0,0.011654,1721542784.0,4077568.0,0.061124,0.0,3141.379883,0.168079,0.168079,62.0,0.0,2.0,0.0,1.0,-0.0,1.0,0.0,132.0,0.0,0.168079,0.168079,11.899166,0.0,0.0,3.0,0.0,0.0,66.0,0.0,198.0,66.0,2
21.438406,4.52459,487168.0,0.0,47.297104,0.148341,0.0,2.0,0.0,0.0,0.634921,569547.3125,557543.5625,0.0,64.0,0.0,316805.0,0.000491,1721542784.0,31872.0,0.148832,0.0,12003.739258,4.52459,4.52459,62.0,0.0,98.0,0.0,215.0,-0.0,0.0,0.0,6858.0,0.0,4.52459,4.52459,68.956528,1.0,0.0,313.0,2.0,0.0,69.979591,0.0,323663.0,1473.511597,2
0.842334,1.187178,64256.0,0.0,0.842334,0.153906,0.0,1.0,0.0,0.0,20.0,970.368347,498.66153,0.0,64.0,0.0,148.0,0.000503,1721542784.0,4077568.0,0.154409,0.0,471.706848,1.187178,1.187178,62.0,0.0,2.0,0.0,2.0,-0.0,0.0,0.0,140.0,0.0,1.187178,1.187178,2.527001,1.0,0.0,4.0,1.0,0.0,70.0,0.0,288.0,74.0,2
6.495657,0.153949,64256.0,0.0,0.0,0.153906,0.0,0.0,0.0,0.0,0.0,3429.707031,0.0,0.0,64.0,0.0,66.0,0.000503,1721542784.0,4077568.0,0.154409,0.0,3429.707031,0.153949,0.153949,62.0,0.0,2.0,0.0,1.0,-0.0,1.0,0.0,132.0,0.0,0.153949,0.153949,12.991315,0.0,0.0,3.0,0.0,0.0,66.0,0.0,198.0,66.0,2
124.413551,1.189581,534656.0,0.0,205.954865,0.060901,0.0,0.0,0.0,0.0,0.0,2518372.25,2450072.75,0.0,64.0,0.0,365807.0,0.000987,1721542784.0,31872.0,0.061888,0.0,68299.679688,1.189581,1.189581,62.0,0.0,149.0,0.0,246.0,-0.0,0.0,0.0,10224.0,0.0,1.189581,1.189581,331.209045,0.0,0.0,395.0,0.0,0.0,68.617447,0.0,376031.0,1487.020386,2
200.56601,0.678081,571136.0,0.0,333.293518,0.062121,0.0,0.0,0.0,0.0,0.0,4074923.25,3964446.75,0.0,64.0,0.0,337513.0,0.000991,1721542784.0,31872.0,0.063112,0.0,110476.484375,0.678081,0.678081,62.0,0.0,137.0,0.0,227.0,-0.0,0.0,0.0,9432.0,0.0,0.678081,0.678081,535.33429,0.0,0.0,364.0,0.0,0.0,68.846718,0.0,346945.0,1486.841431,2
9.422496,0.106129,64256.0,0.0,0.0,0.104638,0.0,0.0,0.0,0.0,0.0,5276.597656,0.0,0.0,64.0,0.0,74.0,0.001491,1721542784.0,4077568.0,0.106129,0.0,5276.597656,0.106129,0.106129,62.0,0.0,2.0,0.0,1.0,-0.0,0.0,0.0,140.0,0.0,0.106129,0.106129,18.844992,0.0,0.0,3.0,0.0,0.0,70.0,0.0,214.0,74.0,2
6.505927,0.153706,64256.0,0.0,0.0,0.104638,0.0,0.0,0.0,0.0,0.0,3435.129395,0.0,0.0,64.0,0.0,66.0,0.001491,1721542784.0,4077568.0,0.106129,0.0,3435.129395,0.153706,0.153706,62.0,0.0,2.0,0.0,1.0,-0.0,1.0,0.0,132.0,0.0,0.153706,0.153706,13.011854,0.0,0.0,3.0,0.0,0.0,66.0,0.0,198.0,66.0,2
198.953201,0.261368,75904.0,0.0,241.039444,0.059345,0.0,0.0,0.0,0.0,0.0,2907349.0,2800465.25,0.0,64.0,0.0,92946.0,0.000497,1721542784.0,31872.0,0.059842,0.0,106883.78125,0.261368,0.261368,62.0,0.0,53.0,0.0,64.0,-0.0,0.0,0.0,3559.0,0.0,0.261368,0.261368,443.818665,0.0,0.0,117.0,0.0,0.0,67.15094,0.0,96505.0,1452.28125,2
153.606995,4.218558,2454784.0,0.0,345.141632,0.16686,0.0,198.0,0.0,0.0,8.59375,4264782.5,4168890.0,0.0,64.0,0.0,2199847.0,0.001003,1721542784.0,31872.0,0.167863,0.0,95892.484375,4.218558,4.218558,62.0,0.0,649.0,0.0,1457.0,-0.0,0.0,0.0,50644.0,1.0,4.218558,4.218558,498.985687,1.0,0.0,2106.0,198.0,0.0,78.033897,0.0,2250491.0,1509.846924,2
67.746284,0.679004,70528.0,0.0,92.782959,0.152154,0.0,0.0,0.0,0.0,0.0,1114455.875,1077778.625,0.0,64.0,0.0,92929.0,0.002693,1721542784.0,31872.0,0.154847,0.0,36677.25,0.679004,0.679004,62.0,0.0,47.0,0.0,64.0,-0.0,0.0,0.0,3180.0,0.0,0.679004,0.679004,162.001984,0.0,0.0,111.0,0.0,0.0,67.659576,0.0,96109.0,1452.015625,2
114.212265,0.446537,75776.0,0.0,152.28302,0.060024,0.0,0.0,0.0,0.0,0.0,1809534.25,1749194.375,0.0,64.0,0.0,99070.0,0.001988,1721542784.0,31872.0,0.062012,0.0,60339.90625,0.446537,0.446537,62.0,0.0,52.0,0.0,69.0,-0.0,0.0,0.0,3434.0,0.0,0.446537,0.446537,268.734741,0.0,0.0,121.0,0.0,0.0,66.03846,0.0,102504.0,1435.797119,2
275.611572,2.278569,1787904.0,0.0,648.65271,0.060254,0.0,19.0,0.0,0.0,0.893277,7984520.0,7833422.0,0.0,64.0,0.0,2232633.0,0.0005,1721542784.0,31872.0,0.060754,0.0,151098.34375,2.278569,2.278569,62.0,0.0,629.0,0.0,1479.0,-0.0,0.0,0.0,43104.0,1.0,2.278569,2.278569,924.703186,1.0,0.0,2108.0,19.0,0.0,68.527824,0.0,2275737.0,1509.555786,2
11.856419,0.33737,64128.0,0.0,11.856419,0.0,0.0,0.0,0.0,0.0,0.0,27506.890625,11808.993164,0.0,64.0,0.0,622.0,0.000494,1721542784.0,31872.0,0.000494,0.0,15697.898438,0.33737,0.33737,62.0,0.0,5.0,0.0,5.0,-0.0,0.0,0.0,827.0,0.0,0.33737,0.33737,26.676941,0.0,0.0,10.0,0.0,0.0,165.399994,0.0,1449.0,124.400002,2
2.106992,2.373051,64128.0,0.0,1.685594,0.16873,0.0,0.0,0.0,0.0,0.0,4173.530273,1672.109131,0.0,64.0,0.0,619.0,0.0,1721542784.0,31872.0,0.16873,0.0,2501.421143,2.373051,2.373051,62.0,0.0,6.0,0.0,5.0,-0.0,0.0,0.0,890.0,0.0,2.373051,2.373051,4.213984,0.0,0.0,11.0,0.0,0.0,148.333328,0.0,1509.0,123.800003,2
14.144832,0.353486,64128.0,0.0,11.315866,0.167636,0.0,0.0,0.0,0.0,0.0,28629.138672,11519.550781,0.0,64.0,0.0,636.0,0.0,1721542784.0,31872.0,0.167636,0.0,17109.587891,0.353486,0.353486,62.0,0.0,6.0,0.0,5.0,-0.0,0.0,0.0,907.0,0.0,0.353486,0.353486,28.289663,0.0,0.0,11.0,0.0,0.0,151.166672,0.0,1543.0,127.199997,2
0.85286,1.172525,64256.0,0.0,0.85286,0.170345,0.0,1.0,0.0,0.0,20.0,982.494995,504.89328,0.0,64.0,0.0,148.0,0.00151,1721542784.0,4077568.0,0.171855,0.0,477.601746,1.172525,1.172525,62.0,0.0,2.0,0.0,2.0,-0.0,0.0,0.0,140.0,0.0,1.172525,1.172525,2.558581,1.0,0.0,4.0,1.0,0.0,70.0,0.0,288.0,74.0,2
5.941241,0.168315,64256.0,0.0,0.0,0.170345,0.0,0.0,0.0,0.0,0.0,3136.975342,0.0,0.0,64.0,0.0,66.0,0.00151,1721542784.0,4077568.0,0.171855,0.0,3136.975342,0.168315,0.168315,62.0,0.0,2.0,0.0,1.0,-0.0,1.0,0.0,132.0,0.0,0.168315,0.168315,11.882483,0.0,0.0,3.0,0.0,0.0,66.0,0.0,198.0,66.0,2
11.303171,0.353883,64128.0,0.0,11.303171,0.168221,0.0,0.0,0.0,0.0,0.0,26901.546875,11619.65918,0.0,64.0,0.0,642.0,0.000969,1721542784.0,31872.0,0.16919,0.0,15281.886719,0.353883,0.353883,62.0,0.0,5.0,0.0,5.0,-0.0,0.0,0.0,845.0,0.0,0.353883,0.353883,25.432135,0.0,0.0,10.0,0.0,0.0,169.0,0.0,1487.0,128.399994,2
36.99155,0.135166,64128.0,0.0,29.593241,0.057048,0.0,0.0,0.0,0.0,0.0,74989.273438,30185.105469,0.0,64.0,0.0,637.0,0.000993,1721542784.0,31872.0,0.058041,0.0,44804.164062,0.135166,0.135166,62.0,0.0,6.0,0.0,5.0,-0.0,0.0,0.0,908.0,0.0,0.135166,0.135166,73.983101,0.0,0.0,11.0,0.0,0.0,151.333328,0.0,1545.0,127.400002,2
149.213547,0.308283,69632.0,0.0,204.357681,0.060261,0.0,0.0,0.0,0.0,0.0,2455821.5,2374260.0,0.0,64.0,0.0,92945.0,0.000507,1721542784.0,31872.0,0.060768,0.0,81561.421875,0.308283,0.308283,62.0,0.0,47.0,0.0,64.0,-0.0,0.0,0.0,3211.0,0.0,0.308283,0.308283,356.815002,0.0,0.0,111.0,0.0,0.0,68.319145,0.0,96156.0,1452.265625,2
21.435537,0.186606,64128.0,0.0,21.435537,0.077826,0.0,0.0,0.0,0.0,0.0,49558.960938,21264.052734,0.0,64.0,0.0,620.0,0.000993,1721542784.0,31872.0,0.078819,0.0,28294.910156,0.186606,0.186606,62.0,0.0,5.0,0.0,5.0,-0.0,0.0,0.0,825.0,0.0,0.186606,0.186606,48.229958,0.0,0.0,10.0,0.0,0.0,165.0,0.0,1445.0,124.0,2
29.453344,0.16976,64128.0,0.0,23.562675,0.07685,0.0,0.0,0.0,0.0,0.0,58388.3125,23374.173828,0.0,64.0,0.0,620.0,0.0,1721542784.0,31872.0,0.07685,0.0,35014.136719,0.16976,0.16976,62.0,0.0,6.0,0.0,5.0,-0.0,0.0,0.0,891.0,0.0,0.16976,0.16976,58.906689,0.0,0.0,11.0,0.0,0.0,148.5,0.0,1511.0,124.0,2
9.235856,0.324821,64256.0,0.0,12.314475,0.154018,0.0,0.0,0.0,0.0,0.0,26229.832031,12215.958984,0.0,64.0,0.0,619.0,0.00093,1721542784.0,31872.0,0.154948,0.0,14013.87207,0.324821,0.324821,62.0,0.0,4.0,0.0,5.0,-0.0,0.0,0.0,758.0,0.0,0.324821,0.324821,24.62895,0.0,0.0,9.0,0.0,0.0,189.5,0.0,1377.0,123.800003,2
15.948455,0.062702,64256.0,0.0,0.0,0.062282,0.0,0.0,0.0,0.0,0.0,8931.134766,0.0,0.0,64.0,0.0,74.0,0.00042,1721542784.0,4077568.0,0.062702,0.0,8931.134766,0.062702,0.062702,62.0,0.0,2.0,0.0,1.0,-0.0,0.0,0.0,140.0,0.0,0.062702,0.062702,31.89691,0.0,0.0,3.0,0.0,0.0,70.0,0.0,214.0,74.0,2
12.978165,0.30821,64128.0,0.0,12.978165,0.062282,0.0,0.0,0.0,1.0,0.0,29953.603516,12718.601562,0.0,64.0,0.0,612.0,0.00042,1721542784.0,31872.0,0.062702,0.0,17235.001953,0.30821,0.30821,62.0,0.0,5.0,0.0,5.0,-0.0,1.0,0.0,829.0,1.0,0.30821,0.30821,29.200871,0.0,0.0,10.0,0.0,0.0,165.800003,0.0,1441.0,122.400002,2
73.511108,0.598549,56192.0,0.0,111.93737,0.090618,0.0,0.0,0.0,0.0,0.0,1343863.25,1303779.625,0.0,64.0,0.0,99002.0,0.000987,1721542784.0,31872.0,0.091605,0.0,40083.601562,0.598549,0.598549,62.0,0.0,45.0,0.0,68.0,-0.0,0.0,0.0,3067.0,0.0,0.598549,0.598549,187.119186,0.0,0.0,113.0,0.0,0.0,68.155556,0.0,102069.0,1455.911743,2
11.763115,0.340046,64128.0,0.0,11.763115,0.168961,0.0,0.0,0.0,0.0,0.0,27855.056641,11998.376953,0.0,64.0,0.0,637.0,0.001004,1721542784.0,31872.0,0.169965,0.0,15856.678711,0.340046,0.340046,62.0,0.0,5.0,0.0,5.0,-0.0,0.0,0.0,842.0,0.0,0.340046,0.340046,26.467009,0.0,0.0,10.0,0.0,0.0,168.399994,0.0,1479.0,127.400002,2
5.949583,0.168079,64256.0,0.0,0.0,0.167584,0.0,0.0,0.0,0.0,0.0,3331.766602,0.0,0.0,64.0,0.0,74.0,0.000495,1721542784.0,4077568.0,0.168079,0.0,3331.766602,0.168079,0.168079,62.0,0.0,2.0,0.0,1.0,-0.0,0.0,0.0,140.0,0.0,0.168079,0.168079,11.899166,0.0,0.0,3.0,0.0,0.0,70.0,0.0,214.0,74.0,2
5.968011,0.16756,64256.0,0.0,0.0,0.167584,0.0,0.0,0.0,0.0,0.0,3151.110107,0.0,0.0,64.0,0.0,66.0,0.000495,1721542784.0,4077568.0,0.168079,0.0,3151.110107,0.16756,0.16756,62.0,0.0,2.0,0.0,1.0,-0.0,1.0,0.0,132.0,0.0,0.16756,0.16756,11.936023,0.0,0.0,3.0,0.0,0.0,66.0,0.0,198.0,66.0,2
60.648243,0.692518,96000.0,0.0,90.972366,0.166933,0.0,0.0,0.0,0.0,0.0,1090201.125,1056746.5,0.0,64.0,0.0,92929.0,0.000494,1721542784.0,31872.0,0.167427,0.0,33454.726562,0.692518,0.692518,62.0,0.0,43.0,0.0,64.0,-0.0,0.0,0.0,2964.0,0.0,0.692518,0.692518,153.064621,0.0,0.0,107.0,0.0,0.0,68.930229,0.0,95893.0,1452.015625,2
43.847408,0.75261,87296.0,0.0,81.05127,0.183624,0.0,0.0,0.0,0.0,0.0,966056.75,940407.375,0.0,64.0,0.0,89920.0,0.00207,1721542784.0,31872.0,0.185694,0.0,25649.40625,0.75261,0.75261,62.0,0.0,34.0,0.0,62.0,-0.0,0.0,0.0,2486.0,0.0,0.75261,0.75261,126.227394,0.0,0.0,96.0,0.0,0.0,73.117645,0.0,92406.0,1450.322632,2
1.206157,4.145396,64128.0,0.0,0.964926,0.153948,0.0,0.0,0.0,0.0,0.0,2445.12207,984.224365,0.0,64.0,0.0,637.0,0.001096,1721542784.0,31872.0,0.155044,0.0,1460.897705,4.145396,4.145396,62.0,0.0,6.0,0.0,5.0,-0.0,0.0,0.0,908.0,0.0,4.145396,4.145396,2.412315,0.0,0.0,11.0,0.0,0.0,151.333328,0.0,1545.0,127.400002,2
11.243725,0.355754,64000.0,0.0,14.054656,0.15521,0.0,0.0,0.0,0.0,0.0,53812.46875,41152.035156,0.0,64.0,0.0,2195.0,0.000956,1721542784.0,31872.0,0.156166,0.0,12660.43457,0.355754,0.355754,62.0,0.0,5.0,0.0,6.0,-0.0,0.0,0.0,703.0,0.0,0.355754,0.355754,28.109312,0.0,0.0,11.0,0.0,0.0,140.600006,0.0,2898.0,365.833344,2
5.866892,0.170448,8222720.0,0.0,0.0,0.0,0.0,0.0,0.0,0.0,0.0,3003.848633,0.0,0.0,64.0,0.0,74.0,0.000515,1721542784.0,4077568.0,0.000515,0.0,3003.848633,0.170448,0.170448,62.0,0.0,2.0,0.0,1.0,-0.0,0.0,0.0,128.0,0.0,0.170448,0.170448,11.733784,0.0,0.0,3.0,0.0,0.0,64.0,0.0,202.0,74.0,2
47.92783,4.882341,1189888.0,0.0,105.89183,0.153712,0.0,19.0,0.0,0.0,2.46114,1305187.0,1276076.375,1.0,64.0,0.0,780286.0,0.001,1721542784.0,31872.0,0.154712,0.0,29110.625,4.882341,4.882341,62.0,0.0,235.0,0.0,518.0,-0.0,0.0,0.0,17841.0,1.0,4.882341,4.882341,154.024475,1.0,0.0,753.0,19.0,0.0,75.919151,0.0,798127.0,1506.343628,2
8.327175,0.480355,64128.0,0.0,8.327175,0.231004,0.0,0.0,0.0,0.0,0.0,18736.142578,9676.176758,0.0,64.0,0.0,726.0,0.001007,1721542784.0,31872.0,0.232011,0.0,9059.96582,0.480355,0.480355,62.0,0.0,5.0,0.0,5.0,-0.0,0.0,0.0,679.0,0.0,0.480355,0.480355,18.736143,0.0,0.0,10.0,0.0,0.0,135.800003,0.0,1405.0,145.199997,2
0.0,3.619244,1189888.0,0.0,1.105203,0.153712,0.0,2.0,0.0,0.0,25.0,10826.570312,10826.570312,0.0,64.0,0.0,6122.0,0.001,1721542784.0,31872.0,0.154712,0.0,0.0,3.619244,3.619244,62.0,0.0,1.0,0.0,5.0,-0.0,1.0,0.0,86.0,1.0,3.619244,3.619244,1.381504,1.0,0.0,6.0,2.0,0.0,86.0,0.0,6208.0,1224.400024,2
5.660831,4.94627,63360.0,0.0,10.3108,0.322855,0.0,15.0,0.0,0.0,15.625,120701.859375,116871.90625,1.0,64.0,0.0,73676.0,0.001004,1721542784.0,31872.0,0.323859,0.0,3829.956787,4.94627,4.94627,62.0,0.0,29.0,0.0,52.0,-0.0,0.0,0.0,2452.0,1.0,4.94627,4.94627,16.173803,1.0,0.0,81.0,15.0,0.0,84.551727,0.0,76128.0,1416.846191,2
1.473125,1.357658,64256.0,1.0,1.473125,0.337207,1.0,3.0,0.0,0.0,33.333333,1714.717529,872.090027,0.0,64.0,0.0,222.0,0.0,1721542784.0,4077568.0,0.337207,0.0,842.627502,1.357658,1.357658,62.0,0.0,3.0,0.0,3.0,-0.0,0.0,0.0,214.0,0.0,1.357658,1.357658,3.682812,0.0,0.0,6.0,2.0,0.0,71.333336,0.0,436.0,74.0,2
0.0,0.337495,1189888.0,0.0,0.0,0.153712,0.0,1.0,0.0,0.0,33.333333,0.0,0.0,0.0,64.0,0.0,1514.0,0.001,1721542784.0,31872.0,0.154712,0.0,0.0,0.337495,0.337495,62.0,0.0,1.0,0.0,1.0,-0.0,1.0,0.0,54.0,1.0,0.337495,0.337495,2.963007,1.0,0.0,2.0,1.0,0.0,54.0,0.0,1568.0,1514.0,2
21.097881,3.412665,140672.0,0.0,50.69352,0.322855,0.0,6.0,0.0,0.0,2.371542,621405.3125,610153.0625,0.0,64.0,0.0,261785.0,0.001004,1721542784.0,31872.0,0.323859,0.0,11252.203125,3.412665,3.412665,62.0,0.0,73.0,0.0,174.0,-0.0,1.0,0.0,4866.0,1.0,3.412665,3.412665,72.084427,1.0,0.0,247.0,6.0,0.0,66.657532,0.0,266651.0,1504.511475,2
16.093212,0.062138,64256.0,0.0,0.0,0.337207,0.0,0.0,0.0,0.0,0.0,8497.21582,0.0,0.0,64.0,0.0,66.0,0.0,1721542784.0,4077568.0,0.337207,0.0,8497.21582,0.062138,0.062138,62.0,0.0,2.0,0.0,1.0,-0.0,1.0,0.0,132.0,0.0,0.062138,0.062138,32.186424,0.0,0.0,3.0,0.0,0.0,66.0,0.0,198.0,66.0,2
11.363798,4.575935,206080.0,0.0,23.601734,0.274744,0.0,13.0,0.0,0.0,7.428571,286458.65625,279019.71875,1.0,64.0,0.0,161074.0,0.001428,1721542784.0,31872.0,0.276172,0.0,7438.916992,4.575935,4.575935,62.0,0.0,53.0,0.0,109.0,-0.0,0.0,0.0,4336.0,1.0,4.575935,4.575935,35.184067,1.0,0.0,162.0,13.0,0.0,81.811317,0.0,165410.0,1477.743164,2
3.41795,0.292573,64256.0,0.0,0.0,0.292011,0.0,0.0,0.0,0.0,0.0,1914.052246,0.0,0.0,64.0,0.0,74.0,0.000562,1721542784.0,4077568.0,0.292573,0.0,1914.052246,0.292573,0.292573,62.0,0.0,2.0,0.0,1.0,-0.0,0.0,0.0,140.0,0.0,0.292573,0.292573,6.835901,0.0,0.0,3.0,0.0,0.0,70.0,0.0,214.0,74.0,2
1.780043,1.123568,64256.0,0.0,1.780043,0.292011,0.0,0.0,0.0,0.0,0.0,1936.687256,996.824341,0.0,64.0,0.0,210.0,0.000562,1721542784.0,31872.0,0.292573,0.0,939.862976,1.123568,1.123568,62.0,0.0,3.0,0.0,3.0,-0.0,1.0,0.0,198.0,1.0,1.123568,1.123568,4.450109,0.0,0.0,6.0,0.0,0.0,66.0,0.0,408.0,70.0,2
1.056761,2.838863,220544.0,0.0,3.522537,0.274744,0.0,9.0,0.0,0.0,37.5,43299.027344,42664.96875,0.0,64.0,0.0,16654.0,0.001428,1721542784.0,31872.0,0.276172,0.0,634.056702,2.838863,2.838863,62.0,1.0,4.0,0.0,11.0,-0.0,1.0,0.0,300.0,1.0,2.838863,2.838863,4.931552,1.0,0.0,15.0,9.0,0.0,75.0,0.0,16954.0,1514.0,2
2.337721,4.277671,255232.0,0.0,3.974125,0.274744,0.0,14.0,0.0,0.0,32.55814,49593.34375,48134.605469,0.0,64.0,0.0,27252.0,0.001428,1721542784.0,31872.0,0.276172,0.0,1458.737793,4.277671,4.277671,62.0,1.0,11.0,0.0,18.0,-0.0,1.0,0.0,858.0,1.0,4.277671,4.277671,6.545618,1.0,0.0,29.0,14.0,0.0,78.0,0.0,28110.0,1514.0,2
22.436388,4.991891,429312.0,0.0,71.115334,0.274744,0.0,3.0,0.0,0.0,0.635593,873214.625,861348.9375,0.0,64.0,0.0,538984.0,0.001428,1721542784.0,31872.0,0.276172,0.0,11865.643555,4.991891,4.991891,62.0,1.0,113.0,0.0,356.0,-0.0,1.0,0.0,7470.0,1.0,4.991891,4.991891,93.752052,1.0,0.0,469.0,3.0,0.0,66.106194,0.0,546454.0,1514.0,2
352.943146,0.356998,595328.0,0.0,775.914734,0.274744,0.0,1.0,0.0,0.0,0.246305,9544367.0,9354540.0,0.0,64.0,0.0,418951.0,0.001428,1721542784.0,31872.0,0.276172,0.0,189827.390625,0.356998,0.356998,62.0,0.0,127.0,0.0,278.0,-0.0,1.0,0.0,8538.0,1.0,0.356998,0.356998,1131.659058,1.0,0.0,405.0,1.0,0.0,67.228348,0.0,427489.0,1507.017944,2
1.708349,1.170721,64256.0,1.0,0.854174,0.167781,1.0,2.0,0.0,0.0,28.571429,1482.846802,505.671265,0.0,64.0,0.0,148.0,0.000515,1721542784.0,4077568.0,0.168296,0.0,977.175537,1.170721,1.170721,62.0,0.0,3.0,0.0,2.0,-0.0,0.0,0.0,214.0,0.0,1.170721,1.170721,3.416698,0.0,0.0,5.0,1.0,0.0,71.333336,0.0,362.0,74.0,2
31.064409,4.989633,303360.0,0.0,59.723831,0.105657,0.0,8.0,0.0,0.0,1.727862,734909.375,717070.75,1.0,64.0,0.0,448740.0,0.001,1721542784.0,31872.0,0.106657,0.0,17838.585938,4.989633,4.989633,62.0,0.0,156.0,0.0,299.0,-0.0,0.0,0.0,11197.0,1.0,4.989633,4.989633,90.988655,1.0,0.0,455.0,8.0,0.0,71.775642,0.0,459937.0,1500.802734,2
39.949989,4.931165,302976.0,0.0,74.627396,0.105657,0.0,13.0,0.0,0.0,2.241379,926427.6875,903887.0,0.0,64.0,0.0,558666.0,0.001,1721542784.0,31872.0,0.106657,0.0,22540.716797,4.931165,4.931165,62.0,1.0,198.0,0.0,369.0,-0.0,1.0,0.0,13964.0,1.0,4.931165,4.931165,114.780174,1.0,0.0,567.0,13.0,0.0,70.525253,0.0,572630.0,1514.0,2
5.859776,0.170655,64256.0,0.0,0.0,0.167781,0.0,0.0,0.0,0.0,0.0,3093.96167,0.0,0.0,64.0,0.0,66.0,0.000515,1721542784.0,4077568.0,0.168296,0.0,3093.96167,0.170655,0.170655,62.0,0.0,2.0,0.0,1.0,-0.0,1.0,0.0,132.0,0.0,0.170655,0.170655,11.719551,0.0,0.0,3.0,0.0,0.0,66.0,0.0,198.0,66.0,2
3.426537,4.961278,303360.0,0.0,5.240585,0.105657,0.0,6.0,0.0,0.0,11.764706,65357.355469,63473.96875,0.0,64.0,0.0,40878.0,0.001,1721542784.0,31872.0,0.106657,0.0,1883.385742,4.961278,4.961278,62.0,1.0,18.0,0.0,27.0,-0.0,1.0,0.0,1236.0,1.0,4.961278,4.961278,8.868683,1.0,0.0,45.0,6.0,0.0,68.666664,0.0,42114.0,1514.0,2
3.148951,4.128359,303360.0,0.0,6.055675,0.105657,0.0,6.0,0.0,0.0,13.043478,75117.5,73346.335938,0.0,64.0,0.0,39364.0,0.001,1721542784.0,31872.0,0.106657,0.0,1771.163818,4.128359,4.128359,62.0,1.0,14.0,0.0,26.0,-0.0,1.0,0.0,984.0,1.0,4.128359,4.128359,9.446854,1.0,0.0,40.0,6.0,0.0,70.285713,0.0,40348.0,1514.0,2
0.0,1.984279,521622.3241706161,0.0,0.503961,0.105657,0.0,0.0,0.0,0.0,0.0,6103.980469,6103.980469,0.0,64.0,0.0,3028.0,0.001,1721542784.0,1183398.375711575,0.106657,0.0,0.0,1.984279,1.984279,62.0,0.0,0.0,0.0,2.0,-0.0,1.0,0.0,0.0,1.0,1.984279,1.984279,0.503961,1.0,0.0,2.0,2.0,0.0,0.0,0.0,3028.0,1514.0,2
2.696075,4.450915,300416.0,0.0,5.841496,0.105657,0.0,7.0,0.0,0.0,14.893617,72288.960938,70752.195312,0.0,64.0,0.0,40878.0,0.001,1721542784.0,31872.0,0.106657,0.0,1536.762695,4.450915,4.450915,62.0,1.0,13.0,0.0,27.0,-0.0,1.0,0.0,926.0,1.0,4.450915,4.450915,8.762243,1.0,0.0,40.0,7.0,0.0,71.230766,0.0,41804.0,1514.0,2
15.235649,4.988301,304384.0,0.0,41.096157,0.105657,0.0,4.0,0.0,0.0,1.393728,505972.6875,497756.65625,0.0,64.0,0.0,311884.0,0.001,1721542784.0,31872.0,0.106657,0.0,8216.024414,4.988301,4.988301,62.0,1.0,77.0,0.0,206.0,-0.0,1.0,0.0,5190.0,1.0,4.988301,4.988301,56.532276,1.0,0.0,283.0,4.0,0.0,67.402596,0.0,317074.0,1514.0,2
87.050232,1.723143,304384.0,0.0,318.603851,0.105657,0.0,0.0,0.0,0.0,0.0,3892742.5,3846780.0,0.0,64.0,0.0,830078.0,0.001,1721542784.0,31872.0,0.106657,0.0,45962.523438,1.723143,1.723143,62.0,0.0,151.0,0.0,550.0,-0.0,1.0,0.0,9966.0,1.0,1.723143,1.723143,406.234436,0.0,0.0,701.0,0.0,0.0,66.0,0.0,840044.0,1509.232788,2
0.0,3.054332,8222720.0,0.0,0.654808,0.0,0.0,2.0,0.0,0.0,33.333333,387.646149,387.646149,0.0,64.0,0.0,222.0,0.011762,1721542784.0,4077568.0,0.011762,0.0,0.0,3.054332,3.054332,62.0,0.0,1.0,0.0,3.0,-0.0,0.0,0.0,74.0,0.0,3.054332,3.054332,0.982211,1.0,0.0,4.0,2.0,0.0,74.0,0.0,296.0,74.0,2
0.294407,3.396661,64256.0,0.0,0.588814,0.284324,0.0,2.0,0.0,0.0,28.571429,513.445374,348.577606,0.0,64.0,0.0,222.0,0.000691,1721542784.0,4077568.0,0.285015,0.0,164.867783,3.396661,3.396661,62.0,0.0,2.0,0.0,3.0,-0.0,0.0,0.0,140.0,0.0,3.396661,3.396661,1.177627,1.0,0.0,5.0,2.0,0.0,70.0,0.0,362.0,74.0,2
6.504192,0.307494,64256.0,0.0,3.252096,0.0,0.0,1.0,0.0,0.0,16.666667,5255.386719,1821.173706,0.0,64.0,0.0,140.0,0.011762,1721542784.0,4077568.0,0.011762,0.0,3434.213135,0.307494,0.307494,62.0,0.0,3.0,0.0,2.0,-0.0,1.0,0.0,198.0,0.0,0.307494,0.307494,13.008384,1.0,0.0,5.0,1.0,0.0,66.0,0.0,338.0,70.0,2
217.729034,1.221702,418176.0,0.0,599.982666,0.284324,0.0,0.0,0.0,1.0,0.0,7352536.0,7234975.5,0.0,64.0,0.0,1106380.0,0.000691,1721542784.0,31872.0,0.285015,0.0,117560.585938,1.221702,1.221702,62.0,0.0,267.0,0.0,734.0,-0.0,1.0,0.0,18020.0,0.0,1.221702,1.221702,818.530212,0.0,0.0,1001.0,0.0,0.0,67.490639,0.0,1124400.0,1507.329712,2
3.964638,4.792367,64128.0,2.0,10.224592,0.276945,1.0,5.0,0.0,0.0,6.666667,113078.148438,110310.414062,1.0,64.0,0.0,67429.0,0.001011,1721542784.0,31872.0,0.277956,0.0,2767.734619,4.792367,4.792367,62.0,0.0,20.0,0.0,50.0,-0.0,0.0,0.0,1745.0,0.0,4.792367,4.792367,14.397896,0.0,0.0,70.0,3.0,0.0,87.25,0.0,69174.0,1348.579956,2
6.688725,1.345548,50944.0,0.0,22.295748,0.276945,0.0,1.0,0.0,0.0,2.380952,273197.21875,270046.09375,0.0,64.0,0.0,46934.0,0.001011,1721542784.0,31872.0,0.277956,0.0,3151.132324,1.345548,1.345548,62.0,0.0,10.0,0.0,31.0,-0.0,1.0,0.0,588.0,1.0,1.345548,1.345548,29.727665,1.0,0.0,41.0,1.0,0.0,58.799999,0.0,47522.0,1514.0,2
3.612351,0.276828,64256.0,0.0,0.0,0.276079,0.0,0.0,0.0,0.0,0.0,2022.91687,0.0,0.0,64.0,0.0,74.0,0.000749,1721542784.0,4077568.0,0.276828,0.0,2022.91687,0.276828,0.276828,62.0,0.0,2.0,0.0,1.0,-0.0,0.0,0.0,140.0,0.0,0.276828,0.276828,7.224703,0.0,0.0,3.0,0.0,0.0,70.0,0.0,214.0,74.0,2
5.833455,0.171425,64256.0,0.0,0.0,0.276079,0.0,0.0,0.0,0.0,0.0,3080.064209,0.0,0.0,64.0,0.0,66.0,0.000749,1721542784.0,4077568.0,0.276828,0.0,3080.064209,0.171425,0.171425,62.0,0.0,2.0,0.0,1.0,-0.0,1.0,0.0,132.0,0.0,0.171425,0.171425,11.66691,0.0,0.0,3.0,0.0,0.0,66.0,0.0,198.0,66.0,2
37.406326,3.475348,303360.0,0.0,66.755905,0.16554,0.0,10.0,0.0,0.0,2.673797,815943.625,794040.75,0.0,64.0,0.0,346432.0,0.003806,1721542784.0,31872.0,0.169346,0.0,21902.841797,3.475348,3.475348,62.0,0.0,131.0,0.0,233.0,-0.0,0.0,0.0,9588.0,1.0,3.475348,3.475348,104.449974,1.0,0.0,364.0,10.0,0.0,73.190842,0.0,356020.0,1486.832642,2
5.430717,3.498617,64128.0,0.0,10.289781,0.261223,0.0,9.0,0.0,0.0,13.636364,119907.953125,115801.1875,1.0,64.0,0.0,52049.0,0.000583,1721542784.0,31872.0,0.261806,0.0,4106.765625,3.498617,3.498617,62.0,0.0,20.0,0.0,37.0,-0.0,0.0,0.0,1890.0,1.0,3.498617,3.498617,16.006325,1.0,0.0,57.0,9.0,0.0,94.5,0.0,53939.0,1406.729736,2
3.619529,0.276279,64256.0,0.0,0.0,0.27573,0.0,0.0,0.0,0.0,0.0,2026.936523,0.0,0.0,64.0,0.0,74.0,0.000549,1721542784.0,4077568.0,0.276279,0.0,2026.936523,0.276279,0.276279,62.0,0.0,2.0,0.0,1.0,-0.0,0.0,0.0,140.0,0.0,0.276279,0.276279,7.239059,0.0,0.0,3.0,0.0,0.0,70.0,0.0,214.0,74.0,2
0.570739,3.504226,64256.0,0.0,0.856109,0.27573,0.0,0.0,0.0,0.0,0.0,794.469299,493.118896,0.0,64.0,0.0,288.0,0.000549,1721542784.0,31872.0,0.276279,0.0,301.350433,3.504226,3.504226,62.0,0.0,3.0,0.0,4.0,-0.0,1.0,0.0,198.0,1.0,3.504226,3.504226,1.712218,0.0,0.0,7.0,0.0,0.0,66.0,0.0,486.0,72.0,2
0.0,0.0,521622.3241706161,0.0,0.0,0.261223,0.0,0.0,0.0,0.0,0.0,0.0,0.0,0.0,64.0,0.0,1514.0,0.000583,1721542784.0,1183398.375711575,0.261806,0.0,0.0,0.0,0.0,62.0,0.0,0.0,0.0,1.0,-0.0,1.0,0.0,0.0,1.0,0.0,0.0,0.0,1.0,0.0,1.0,1.0,0.0,0.0,0.0,1514.0,1514.0,2
0.0,1.368436,64128.0,0.0,0.730761,0.261223,0.0,0.0,0.0,0.0,0.0,4618.411133,4618.411133,0.0,64.0,0.0,1580.0,0.000583,1721542784.0,31872.0,0.261806,0.0,0.0,1.368436,1.368436,62.0,0.0,1.0,0.0,2.0,-0.0,1.0,0.0,66.0,1.0,1.368436,1.368436,1.461523,0.0,0.0,3.0,0.0,0.0,66.0,0.0,1646.0,790.0,2
0.289264,3.457046,64256.0,0.0,0.289264,0.27573,0.0,0.0,0.0,0.0,0.0,319.347778,166.616241,0.0,64.0,0.0,144.0,0.000549,1721542784.0,31872.0,0.276279,0.0,152.731552,3.457046,3.457046,62.0,0.0,2.0,0.0,2.0,-0.0,1.0,0.0,132.0,1.0,3.457046,3.457046,0.867793,0.0,0.0,4.0,0.0,0.0,66.0,0.0,276.0,72.0,2
22.883204,4.501118,573824.0,0.0,41.323067,0.261223,0.0,0.0,0.0,0.0,0.0,506768.3125,494664.625,0.0,64.0,0.0,279814.0,0.000583,1721542784.0,31872.0,0.261806,0.0,12103.65918,4.501118,4.501118,62.0,0.0,104.0,0.0,187.0,-0.0,1.0,0.0,6876.0,1.0,4.501118,4.501118,64.428436,0.0,0.0,291.0,0.0,0.0,66.115387,0.0,286690.0,1496.331543,2
25.340555,4.261943,397696.0,1.0,52.558189,0.182732,1.0,5.0,0.0,0.0,1.474926,640620.5,626476.75,1.0,64.0,0.0,335240.0,0.000897,1721542784.0,31872.0,0.183629,0.0,14143.78418,4.261943,4.261943,62.0,0.0,109.0,0.0,225.0,-0.0,0.0,0.0,7604.0,1.0,4.261943,4.261943,78.133377,0.0,0.0,334.0,4.0,0.0,69.761467,0.0,342844.0,1489.955566,2
1.682459,1.188736,64256.0,1.0,0.84123,0.185084,1.0,2.0,0.0,0.0,28.571429,1460.374756,498.007996,0.0,64.0,0.0,148.0,0.000717,1721542784.0,4077568.0,0.185801,0.0,962.36676,1.188736,1.188736,62.0,0.0,3.0,0.0,2.0,-0.0,0.0,0.0,214.0,0.0,1.188736,1.188736,3.364919,0.0,0.0,5.0,1.0,0.0,71.333336,0.0,362.0,74.0,2
59.287754,0.910812,603776.0,0.0,79.050339,0.182732,0.0,48.0,0.0,0.0,27.272727,969288.9375,934357.4375,0.0,64.0,0.0,107855.0,0.000897,1721542784.0,31872.0,0.183629,0.0,34931.46875,0.910812,0.910812,61.0,0.0,55.0,0.0,73.0,-0.0,1.0,0.0,4050.0,1.0,0.910812,0.910812,139.43602,1.0,0.0,128.0,48.0,0.0,73.63636,0.0,111905.0,1477.465698,2
9.283586,0.107717,64256.0,0.0,0.0,0.185084,0.0,0.0,0.0,0.0,0.0,4901.733398,0.0,0.0,64.0,0.0,66.0,0.000717,1721542784.0,4077568.0,0.185801,0.0,4901.733398,0.107717,0.107717,61.0,0.0,2.0,0.0,1.0,-0.0,1.0,0.0,132.0,0.0,0.107717,0.107717,18.567171,0.0,0.0,3.0,0.0,0.0,66.0,0.0,198.0,66.0,2
31.065331,3.444354,422272.0,0.0,66.775948,0.213273,0.0,10.0,0.0,0.0,2.86533,815349.375,797883.125,0.0,64.0,0.0,345017.0,0.000494,1721542784.0,31872.0,0.213767,0.0,17466.265625,3.444354,3.444354,62.0,0.0,108.0,0.0,231.0,-0.0,0.0,0.0,7590.0,1.0,3.444354,3.444354,98.131607,1.0,0.0,339.0,10.0,0.0,70.277779,0.0,352607.0,1493.580078,2
0.308034,3.246391,64256.0,0.0,0.616069,0.166439,0.0,2.0,0.0,0.0,28.571429,537.211914,364.712677,0.0,64.0,0.0,222.0,0.0005,1721542784.0,4077568.0,0.166939,0.0,172.499237,3.246391,3.246391,62.0,0.0,2.0,0.0,3.0,-0.0,0.0,0.0,140.0,0.0,3.246391,3.246391,1.232137,1.0,0.0,5.0,2.0,0.0,70.0,0.0,362.0,74.0,2
0.0,0.0,426624.0,0.0,0.0,0.213273,0.0,1.0,0.0,0.0,33.333333,0.0,0.0,0.0,64.0,0.0,1514.0,0.000494,1721542784.0,31872.0,0.213767,0.0,0.0,0.0,0.0,62.0,0.0,1.0,0.0,1.0,-0.0,1.0,0.0,78.0,1.0,0.0,0.0,0.0,1.0,0.0,2.0,1.0,0.0,78.0,0.0,1592.0,1514.0,2
0.0,0.0,521622.3241706161,0.0,0.0,0.213273,0.0,0.0,0.0,0.0,0.0,0.0,0.0,0.0,64.0,0.0,1514.0,0.000494,1721542784.0,1183398.375711575,0.213767,0.0,0.0,0.0,0.0,62.0,0.0,0.0,0.0,1.0,-0.0,1.0,0.0,0.0,1.0,0.0,0.0,0.0,1.0,0.0,1.0,1.0,0.0,0.0,0.0,1514.0,1514.0,2
29.749601,0.974803,436096.0,0.0,51.292416,0.213273,0.0,51.0,0.0,0.0,38.636364,619940.6875,603592.75,0.0,64.0,0.0,75018.0,0.000494,1721542784.0,31872.0,0.213767,0.0,16347.918945,0.974803,0.974803,62.0,0.0,30.0,0.0,51.0,-0.0,1.0,0.0,2060.0,1.0,0.974803,0.974803,82.067863,1.0,0.0,81.0,51.0,0.0,68.666664,0.0,77078.0,1470.941162,2
20.575384,1.65246,72832.0,0.0,31.468235,0.263966,0.0,7.0,0.0,0.0,7.368421,375682.3125,362383.375,0.0,64.0,0.0,76292.0,0.0,1721542784.0,31872.0,0.263966,0.0,13298.960938,1.65246,1.65246,62.0,0.0,35.0,0.0,53.0,-0.0,0.0,0.0,2827.0,1.0,1.65246,1.65246,52.648777,1.0,0.0,88.0,7.0,0.0,80.771431,0.0,79119.0,1439.47168,2
3.590961,0.278477,64256.0,0.0,0.0,0.278477,0.0,0.0,0.0,0.0,0.0,2010.937988,0.0,0.0,64.0,0.0,74.0,0.0,1721542784.0,4077568.0,0.278477,0.0,2010.937988,0.278477,0.278477,62.0,0.0,2.0,0.0,1.0,-0.0,0.0,0.0,140.0,0.0,0.278477,0.278477,7.181921,0.0,0.0,3.0,0.0,0.0,70.0,0.0,214.0,74.0,2
3.596812,0.278024,64256.0,0.0,0.0,0.278477,0.0,0.0,0.0,0.0,0.0,1899.116699,0.0,0.0,64.0,0.0,66.0,0.0,1721542784.0,4077568.0,0.278477,0.0,1899.116699,0.278024,0.278024,62.0,0.0,2.0,0.0,1.0,-0.0,1.0,0.0,132.0,0.0,0.278024,0.278024,7.193624,0.0,0.0,3.0,0.0,0.0,66.0,0.0,198.0,66.0,2
1.271396,3.932684,59904.0,0.0,5.848423,0.151709,0.0,3.0,0.0,0.0,9.090909,64495.394531,63134.492188,1.0,64.0,0.0,32385.0,0.000997,1721542784.0,31872.0,0.152706,0.0,1360.90271,3.932684,3.932684,62.0,0.0,6.0,0.0,24.0,-0.0,0.0,0.0,802.0,0.0,3.932684,3.932684,7.374099,1.0,0.0,30.0,3.0,0.0,133.666672,0.0,33187.0,1349.375,2
0.0,0.548903,64256.0,0.0,1.821816,0.166439,0.0,0.0,0.0,0.0,0.0,961.91864,961.91864,0.0,64.0,0.0,132.0,0.0005,1721542784.0,4077568.0,0.166939,0.0,0.0,0.548903,0.548903,62.0,0.0,1.0,0.0,2.0,-0.0,1.0,0.0,66.0,0.0,0.548903,0.548903,3.643631,0.0,0.0,3.0,0.0,0.0,66.0,0.0,198.0,66.0,2
285.114014,3.07947,3144704.0,0.0,470.210785,0.151709,0.0,15.0,0.0,0.0,0.640205,5840626.0,5689743.0,0.0,64.0,0.0,2191686.0,0.000997,1721542784.0,31872.0,0.152706,0.0,150883.109375,3.07947,3.07947,62.0,0.0,879.0,0.0,1449.0,-0.0,1.0,0.0,58146.0,1.0,3.07947,3.07947,755.649536,1.0,0.0,2328.0,15.0,0.0,66.150169,0.0,2249832.0,1512.550781,2
0.0,0.0,64256.0,0.0,0.0,0.166439,0.0,0.0,0.0,0.0,0.0,0.0,0.0,0.0,64.0,0.0,66.0,0.0005,1721542784.0,4077568.0,0.166939,0.0,0.0,0.0,0.0,62.0,0.0,1.0,0.0,1.0,-0.0,1.0,0.0,66.0,0.0,0.0,0.0,0.0,0.0,0.0,2.0,0.0,0.0,66.0,0.0,132.0,66.0,2
2.513123,1.193734,64256.0,1.0,1.675415,0.167964,1.0,3.0,0.0,0.0,30.0,2399.194336,991.845703,0.0,64.0,0.0,222.0,0.013618,1721542784.0,4077568.0,0.181582,0.0,1407.348633,1.193734,1.193734,62.0,0.0,4.0,0.0,3.0,-0.0,0.0,0.0,280.0,0.0,1.193734,1.193734,5.026245,0.0,0.0,7.0,2.0,0.0,70.0,0.0,502.0,74.0,2
10.586748,2.644816,64128.0,0.0,18.52681,0.186064,0.0,11.0,0.0,0.0,12.222222,213008.390625,206241.953125,0.0,64.0,0.0,69575.0,0.000501,1721542784.0,31872.0,0.186565,0.0,6766.444336,2.644816,2.644816,62.0,0.0,29.0,0.0,50.0,-0.0,0.0,0.0,2316.0,1.0,2.644816,2.644816,29.491655,1.0,0.0,79.0,11.0,0.0,79.862068,0.0,71891.0,1391.5,2
5.877962,0.170127,64256.0,0.0,0.0,0.167964,0.0,0.0,0.0,0.0,0.0,3103.563721,0.0,0.0,64.0,0.0,66.0,0.013618,1721542784.0,4077568.0,0.181582,0.0,3103.563721,0.170127,0.170127,62.0,0.0,2.0,0.0,1.0,-0.0,1.0,0.0,132.0,0.0,0.170127,0.170127,11.755923,0.0,0.0,3.0,0.0,0.0,66.0,0.0,198.0,66.0,2
117.188309,0.435197,100480.0,0.0,163.144516,0.07683,0.0,0.0,0.0,0.0,0.0,1967660.625,1904443.25,0.0,64.0,0.0,105060.0,0.001006,1721542784.0,31872.0,0.077836,0.0,63217.347656,0.435197,0.435197,62.0,0.0,52.0,0.0,72.0,-0.0,0.0,0.0,3506.0,0.0,0.435197,0.435197,282.630615,0.0,0.0,124.0,0.0,0.0,67.42308,0.0,108566.0,1459.166626,2
293.432373,2.106107,838912.0,0.0,692.747314,0.090371,0.0,0.0,0.0,0.0,0.0,8522082.0,8365607.5,0.0,64.0,0.0,2203867.0,0.002,1721542784.0,31872.0,0.092371,0.0,156474.484375,2.106107,2.106107,62.0,0.0,619.0,0.0,1460.0,-0.0,0.0,0.0,41260.0,0.0,2.106107,2.106107,986.654541,0.0,0.0,2079.0,0.0,0.0,66.655899,0.0,2245127.0,1509.497925,2
54.657898,1.006259,64128.0,0.0,71.552155,0.247708,0.0,0.0,0.0,0.0,0.0,853021.0,824193.375,0.0,64.0,0.0,105108.0,0.000501,1721542784.0,31872.0,0.248209,0.0,28827.568359,1.006259,1.006259,62.0,0.0,56.0,0.0,73.0,-0.0,0.0,0.0,3691.0,0.0,1.006259,1.006259,127.203835,0.0,0.0,129.0,0.0,0.0,65.910713,0.0,108799.0,1439.835571,2
5.885711,0.169903,64256.0,0.0,0.0,0.168905,0.0,0.0,0.0,0.0,0.0,3295.998291,0.0,0.0,64.0,0.0,74.0,0.000998,1721542784.0,4077568.0,0.169903,0.0,3295.998291,0.169903,0.169903,62.0,0.0,2.0,0.0,1.0,-0.0,0.0,0.0,140.0,0.0,0.169903,0.169903,11.771422,0.0,0.0,3.0,0.0,0.0,70.0,0.0,214.0,74.0,2
4.599435,0.217418,64256.0,0.0,0.0,0.168905,0.0,0.0,0.0,0.0,0.0,2428.501709,0.0,0.0,64.0,0.0,66.0,0.000998,1721542784.0,4077568.0,0.169903,0.0,2428.501709,0.217418,0.217418,62.0,0.0,2.0,0.0,1.0,-0.0,1.0,0.0,132.0,0.0,0.217418,0.217418,9.198871,0.0,0.0,3.0,0.0,0.0,66.0,0.0,198.0,66.0,2
12.903193,0.387501,64128.0,0.0,10.322554,0.185768,0.0,0.0,0.0,0.0,0.0,25558.644531,10239.973633,0.0,64.0,0.0,619.0,0.000999,1721542784.0,31872.0,0.186767,0.0,15318.669922,0.387501,0.387501,62.0,0.0,6.0,0.0,5.0,-0.0,0.0,0.0,890.0,0.0,0.387501,0.387501,25.806385,0.0,0.0,11.0,0.0,0.0,148.333328,0.0,1509.0,123.800003,2
7.549631,0.662284,64128.0,0.0,6.039705,0.321892,0.0,0.0,0.0,0.0,0.0,15280.453125,6148.419434,0.0,64.0,0.0,636.0,0.00172,1721542784.0,31872.0,0.323612,0.0,9132.03418,0.662284,0.662284,62.0,0.0,6.0,0.0,5.0,-0.0,0.0,0.0,907.0,0.0,0.662284,0.662284,15.099262,0.0,0.0,11.0,0.0,0.0,151.166672,0.0,1543.0,127.199997,2
3.090139,0.32361,64256.0,0.0,0.0,0.322083,0.0,0.0,0.0,0.0,0.0,1730.478027,0.0,0.0,64.0,0.0,74.0,0.001527,1721542784.0,4077568.0,0.32361,0.0,1730.478027,0.32361,0.32361,62.0,0.0,2.0,0.0,1.0,-0.0,0.0,0.0,140.0,0.0,0.32361,0.32361,6.180279,0.0,0.0,3.0,0.0,0.0,70.0,0.0,214.0,74.0,2
2.081428,0.960879,64256.0,0.0,2.081428,0.322083,0.0,0.0,0.0,0.0,0.0,2264.593018,1165.599365,0.0,64.0,0.0,210.0,0.001527,1721542784.0,31872.0,0.32361,0.0,1098.993652,0.960879,0.960879,62.0,0.0,3.0,0.0,3.0,-0.0,1.0,0.0,198.0,1.0,0.960879,0.960879,5.203568,0.0,0.0,6.0,0.0,0.0,66.0,0.0,408.0,70.0,2
20.394678,0.245162,64128.0,0.0,16.315742,0.106314,0.0,0.0,0.0,0.0,0.0,41572.511719,16772.583984,0.0,64.0,0.0,642.0,0.001019,1721542784.0,31872.0,0.107333,0.0,24799.927734,0.245162,0.245162,62.0,0.0,6.0,0.0,5.0,-0.0,0.0,0.0,911.0,0.0,0.245162,0.245162,40.789356,0.0,0.0,11.0,0.0,0.0,151.833328,0.0,1553.0,128.399994,2
0.588548,1.699098,64256.0,0.0,0.588548,0.688574,0.0,1.0,0.0,0.0,20.0,678.006775,348.420166,0.0,64.0,0.0,148.0,0.001005,1721542784.0,4077568.0,0.689579,0.0,329.586639,1.699098,1.699098,61.0,0.0,2.0,0.0,2.0,-0.0,0.0,0.0,140.0,0.0,1.699098,1.699098,1.765643,1.0,0.0,4.0,1.0,0.0,70.0,0.0,288.0,74.0,2
0.79827,3.758125,64256.0,0.0,1.330451,0.726037,0.0,4.0,0.0,0.0,28.571429,3567.736572,2309.662354,0.0,64.0,0.0,1301.0,0.001078,1721542784.0,31872.0,0.727115,0.0,1258.074097,3.758125,3.758125,61.0,0.0,4.0,0.0,6.0,-0.0,0.0,0.0,788.0,1.0,3.758125,3.758125,2.394811,1.0,0.0,10.0,4.0,0.0,197.0,0.0,2089.0,216.833328,2
6.832842,0.146352,64128.0,0.0,6.832842,0.726037,0.0,0.0,0.0,0.0,0.0,15414.890625,11807.150391,0.0,64.0,0.0,431.0,0.001078,1721542784.0,31872.0,0.727115,0.0,3607.740479,0.146352,0.146352,62.0,0.0,2.0,0.0,2.0,-0.0,1.0,0.0,132.0,1.0,0.146352,0.146352,20.498526,0.0,0.0,4.0,0.0,0.0,66.0,0.0,563.0,215.5,2
5.926628,0.16873,64256.0,0.0,0.0,0.688574,0.0,0.0,0.0,0.0,0.0,3129.259766,0.0,0.0,64.0,0.0,66.0,0.001005,1721542784.0,4077568.0,0.689579,0.0,3129.259766,0.16873,0.16873,62.0,0.0,2.0,0.0,1.0,-0.0,1.0,0.0,132.0,0.0,0.16873,0.16873,11.853256,0.0,0.0,3.0,0.0,0.0,66.0,0.0,198.0,66.0,2
144.879242,0.276092,98944.0,0.0,228.184814,0.060849,0.0,0.0,0.0,0.0,0.0,2731698.25,2651087.5,0.0,64.0,0.0,92945.0,0.000516,1721542784.0,31872.0,0.061365,0.0,80610.8125,0.276092,0.276092,62.0,0.0,41.0,0.0,64.0,-0.0,0.0,0.0,2851.0,0.0,0.276092,0.276092,376.686035,0.0,0.0,105.0,0.0,0.0,69.536583,0.0,95796.0,1452.265625,2
5.062255,0.987702,64128.0,0.0,5.062255,0.167887,0.0,0.0,0.0,0.0,0.0,10650.985352,4632.976074,0.0,64.0,0.0,686.0,0.001011,1721542784.0,31872.0,0.168898,0.0,6018.009277,0.987702,0.987702,62.0,0.0,6.0,0.0,6.0,-0.0,0.0,0.0,891.0,0.0,0.987702,0.987702,11.136962,0.0,0.0,12.0,0.0,0.0,148.5,0.0,1577.0,114.333336,2
5.861527,0.170604,64256.0,0.0,0.0,0.169623,0.0,0.0,0.0,0.0,0.0,3282.455078,0.0,0.0,64.0,0.0,74.0,0.000981,1721542784.0,4077568.0,0.170604,0.0,3282.455078,0.170604,0.170604,62.0,0.0,2.0,0.0,1.0,-0.0,0.0,0.0,140.0,0.0,0.170604,0.170604,11.723054,0.0,0.0,3.0,0.0,0.0,70.0,0.0,214.0,74.0,2
36.179188,0.138201,64128.0,0.0,28.943352,0.060732,0.0,0.0,0.0,0.0,0.0,71721.625,28711.804688,0.0,64.0,0.0,620.0,0.0,1721542784.0,31872.0,0.060732,0.0,43009.820312,0.138201,0.138201,62.0,0.0,6.0,0.0,5.0,-0.0,0.0,0.0,891.0,0.0,0.138201,0.138201,72.358376,0.0,0.0,11.0,0.0,0.0,148.5,0.0,1511.0,124.0,2
6.432647,0.155457,64256.0,0.0,0.0,0.169623,0.0,0.0,0.0,0.0,0.0,3396.4375,0.0,0.0,64.0,0.0,66.0,0.000981,1721542784.0,4077568.0,0.170604,0.0,3396.4375,0.155457,0.155457,62.0,0.0,2.0,0.0,1.0,-0.0,1.0,0.0,132.0,0.0,0.155457,0.155457,12.865294,0.0,0.0,3.0,0.0,0.0,66.0,0.0,198.0,66.0,2
10.456379,0.478177,64128.0,0.0,8.365103,0.215326,0.0,0.0,0.0,0.0,0.0,20711.996094,8298.182617,0.0,64.0,0.0,619.0,0.000882,1721542784.0,31872.0,0.216208,0.0,12413.813477,0.478177,0.478177,62.0,0.0,6.0,0.0,5.0,-0.0,0.0,0.0,890.0,0.0,0.478177,0.478177,20.912758,0.0,0.0,11.0,0.0,0.0,148.333328,0.0,1509.0,123.800003,2
14.12569,0.353965,64128.0,0.0,11.300551,0.168817,0.0,0.0,0.0,0.0,0.0,28002.767578,11210.147461,0.0,64.0,0.0,620.0,0.000497,1721542784.0,31872.0,0.169314,0.0,16792.619141,0.353965,0.353965,62.0,0.0,6.0,0.0,5.0,-0.0,0.0,0.0,891.0,0.0,0.353965,0.353965,28.251379,0.0,0.0,11.0,0.0,0.0,148.5,0.0,1511.0,124.0,2
24.350275,1.232019,50048.0,0.0,45.453846,0.166618,0.0,7.0,0.0,0.0,7.368421,541426.75,525342.5625,0.0,64.0,0.0,82348.0,0.001011,1721542784.0,31872.0,0.167629,0.0,16084.167969,1.232019,1.232019,62.0,0.0,31.0,0.0,57.0,-0.0,0.0,0.0,2559.0,1.0,1.232019,1.232019,70.615799,1.0,0.0,88.0,7.0,0.0,82.548386,0.0,84907.0,1444.701782,2
6.368873,0.942082,64128.0,0.0,5.307394,0.16861,0.0,0.0,0.0,0.0,0.0,12066.890625,4976.212402,0.0,64.0,0.0,703.0,0.001498,1721542784.0,31872.0,0.170108,0.0,7090.677734,0.942082,0.942082,62.0,0.0,7.0,0.0,6.0,-0.0,0.0,0.0,974.0,0.0,0.942082,0.942082,12.737745,0.0,0.0,13.0,0.0,0.0,139.142853,0.0,1677.0,117.166664,2
4.245246,4.475594,93056.0,0.0,14.970079,0.169206,0.0,3.0,0.0,0.0,3.296703,177217.140625,174332.171875,0.0,64.0,0.0,98985.0,0.000953,1721542784.0,31872.0,0.170159,0.0,2884.980225,4.475594,4.475594,62.0,0.0,20.0,0.0,68.0,-0.0,0.0,0.0,1698.0,0.0,4.475594,4.475594,19.438761,1.0,0.0,88.0,3.0,0.0,84.900002,0.0,100683.0,1455.661743,2
0.0,3.06617,8222720.0,0.0,0.65228,0.0,0.0,2.0,0.0,0.0,33.333333,386.149506,386.149506,0.0,64.0,0.0,222.0,0.000503,1721542784.0,4077568.0,0.000503,0.0,0.0,3.06617,3.06617,62.0,0.0,1.0,0.0,3.0,-0.0,0.0,0.0,74.0,0.0,3.06617,3.06617,0.978419,1.0,0.0,4.0,2.0,0.0,74.0,0.0,296.0,74.0,2
3.821692,4.97162,54784.0,0.0,10.86165,0.278673,0.0,6.0,0.0,0.0,7.407407,122524.242188,119682.515625,0.0,64.0,0.0,75754.0,0.0005,1721542784.0,31872.0,0.279173,0.0,2841.729492,4.97162,4.97162,62.0,0.0,20.0,0.0,55.0,-0.0,0.0,0.0,1858.0,1.0,4.97162,4.97162,14.884484,1.0,0.0,75.0,6.0,0.0,92.900002,0.0,77612.0,1377.345459,2
0.0,0.0,64256.0,0.0,0.0,0.167724,0.0,1.0,0.0,0.0,33.333333,0.0,0.0,0.0,64.0,0.0,74.0,0.000503,1721542784.0,4077568.0,0.168227,0.0,0.0,0.0,0.0,62.0,0.0,1.0,0.0,1.0,-0.0,1.0,0.0,66.0,0.0,0.0,0.0,0.0,1.0,0.0,2.0,1.0,0.0,66.0,0.0,140.0,74.0,2
231.131287,0.047592,54784.0,0.0,0.0,0.278673,0.0,0.0,0.0,0.0,0.0,99848.71875,0.0,0.0,64.0,0.0,0.0,0.0005,1721542784.0,1183398.375711575,0.279173,0.0,99848.71875,0.047592,0.047592,62.0,0.0,12.0,0.0,0.0,-0.0,1.0,0.0,648.0,1.0,0.047592,0.047592,231.131287,0.0,0.0,12.0,0.0,0.0,54.0,0.0,648.0,0.0,2
0.0,0.000997,64256.0,0.0,0.0,0.167724,0.0,0.0,0.0,0.0,0.0,0.0,0.0,0.0,64.0,0.0,66.0,0.000503,1721542784.0,4077568.0,0.168227,0.0,0.0,0.000997,0.000997,62.0,0.0,1.0,0.0,1.0,-0.0,1.0,0.0,66.0,0.0,0.000997,0.000997,1003.008972,0.0,0.0,2.0,0.0,0.0,66.0,0.0,132.0,66.0,2
2.738323,1.460748,64128.0,0.0,3.422904,0.183995,0.0,1.0,0.0,0.0,8.333333,6938.911133,3247.651367,0.0,64.0,0.0,711.0,0.001007,1721542784.0,31872.0,0.185002,0.0,3691.259766,1.460748,1.460748,62.0,0.0,5.0,0.0,6.0,-0.0,0.0,0.0,842.0,0.0,1.460748,1.460748,6.845808,1.0,0.0,11.0,1.0,0.0,168.399994,0.0,1553.0,118.5,2
0.791609,1.26325,64256.0,0.0,0.791609,0.238225,0.0,1.0,0.0,0.0,20.0,911.933533,468.632507,0.0,64.0,0.0,148.0,0.0,1721542784.0,4077568.0,0.238225,0.0,443.301025,1.26325,1.26325,62.0,0.0,2.0,0.0,2.0,-0.0,0.0,0.0,140.0,0.0,1.26325,1.26325,2.374827,1.0,0.0,4.0,1.0,0.0,70.0,0.0,288.0,74.0,2
3.619451,0.276285,64256.0,0.0,0.0,0.238225,0.0,0.0,0.0,0.0,0.0,1911.07019,0.0,0.0,64.0,0.0,66.0,0.0,1721542784.0,4077568.0,0.238225,0.0,1911.07019,0.276285,0.276285,62.0,0.0,2.0,0.0,1.0,-0.0,1.0,0.0,132.0,0.0,0.276285,0.276285,7.238902,0.0,0.0,3.0,0.0,0.0,66.0,0.0,198.0,66.0,2
0.0,0.0,64256.0,0.0,0.0,0.167724,0.0,0.0,0.0,0.0,0.0,0.0,0.0,0.0,64.0,0.0,66.0,0.000503,1721542784.0,4077568.0,0.168227,0.0,0.0,0.0,0.0,62.0,0.0,1.0,0.0,1.0,-0.0,1.0,0.0,66.0,0.0,0.0,0.0,0.0,0.0,0.0,2.0,0.0,0.0,66.0,0.0,132.0,66.0,2
0.800618,1.249035,64256.0,0.0,0.800618,0.200422,0.0,1.0,0.0,0.0,20.0,922.312012,473.965912,0.0,64.0,0.0,148.0,0.02076,1721542784.0,4077568.0,0.221182,0.0,448.34613,1.249035,1.249035,62.0,0.0,2.0,0.0,2.0,-0.0,0.0,0.0,140.0,0.0,1.249035,1.249035,2.401854,1.0,0.0,4.0,1.0,0.0,70.0,0.0,288.0,74.0,2
2.014744,0.496341,64256.0,0.0,0.0,0.485632,0.0,0.0,0.0,0.0,0.0,1128.256592,0.0,0.0,64.0,0.0,74.0,0.010709,1721542784.0,4077568.0,0.496341,0.0,1128.256592,0.496341,0.496341,62.0,0.0,2.0,0.0,1.0,-0.0,0.0,0.0,140.0,0.0,0.496341,0.496341,4.029488,0.0,0.0,3.0,0.0,0.0,70.0,0.0,214.0,74.0,2
9.758953,0.10247,64256.0,0.0,9.758953,0.485632,0.0,0.0,0.0,0.0,0.0,10305.455078,5152.727539,0.0,64.0,0.0,132.0,0.010709,1721542784.0,31872.0,0.496341,0.0,5152.727539,0.10247,0.10247,62.0,0.0,2.0,0.0,2.0,-0.0,1.0,0.0,132.0,0.0,0.10247,0.10247,29.276861,0.0,0.0,4.0,0.0,0.0,66.0,0.0,264.0,66.0,2
12.25215,0.244855,64000.0,0.0,16.336199,0.200422,0.0,0.0,0.0,1.0,0.0,70866.429688,55445.058594,0.0,64.0,0.0,2121.0,0.02076,1721542784.0,31872.0,0.221182,0.0,15421.37207,0.244855,0.244855,62.0,0.0,4.0,0.0,5.0,-0.0,1.0,0.0,629.0,0.0,0.244855,0.244855,32.672398,0.0,0.0,9.0,0.0,0.0,157.25,0.0,2750.0,424.200012,2
11.841466,0.337796,64128.0,0.0,11.841466,0.101279,0.0,0.0,0.0,0.0,0.0,26288.054688,13759.78418,0.0,64.0,0.0,726.0,0.032842,1721542784.0,31872.0,0.134121,0.0,12528.271484,0.337796,0.337796,62.0,0.0,5.0,0.0,5.0,-0.0,0.0,0.0,661.0,0.0,0.337796,0.337796,26.643299,0.0,0.0,10.0,0.0,0.0,132.199997,0.0,1387.0,145.199997,2
0.741141,1.349271,64256.0,0.0,0.741141,0.265241,0.0,1.0,0.0,0.0,20.0,853.794373,438.755432,0.0,64.0,0.0,148.0,0.023218,1721542784.0,4077568.0,0.288459,0.0,415.03891,1.349271,1.349271,62.0,0.0,2.0,0.0,2.0,-0.0,0.0,0.0,140.0,0.0,1.349271,1.349271,2.223423,1.0,0.0,4.0,1.0,0.0,70.0,0.0,288.0,74.0,2
0.306088,3.267033,64256.0,0.0,0.612176,0.166315,0.0,2.0,0.0,0.0,28.571429,533.817688,362.408325,0.0,64.0,0.0,222.0,0.005649,1721542784.0,4077568.0,0.171964,0.0,171.409348,3.267033,3.267033,62.0,0.0,2.0,0.0,3.0,-0.0,0.0,0.0,140.0,0.0,3.267033,3.267033,1.224352,1.0,0.0,5.0,2.0,0.0,70.0,0.0,362.0,74.0,2
0.0,0.000589,64256.0,0.0,0.0,0.166315,0.0,0.0,0.0,0.0,0.0,0.0,0.0,0.0,64.0,0.0,66.0,0.005649,1721542784.0,4077568.0,0.171964,0.0,0.0,0.000589,0.000589,62.0,0.0,1.0,0.0,1.0,-0.0,1.0,0.0,66.0,0.0,0.000589,0.000589,1697.792847,0.0,0.0,2.0,0.0,0.0,66.0,0.0,132.0,66.0,2
5.652507,4.953554,260608.0,0.0,28.868162,0.265241,0.0,1.0,0.0,0.0,0.574713,346860.4375,343278.375,0.0,64.0,1.0,214042.0,0.023218,1721542784.0,31872.0,0.288459,0.0,3582.074463,4.953554,4.953554,62.0,0.0,29.0,0.0,144.0,-0.0,1.0,0.0,2297.0,0.0,4.953554,4.953554,34.722542,1.0,0.0,173.0,1.0,0.0,79.206894,0.0,216339.0,1486.402832,2
11.823776,4.651644,642048.0,0.0,44.500393,0.265241,0.0,21.0,0.0,0.0,7.368421,545333.1875,538988.75,0.0,64.0,0.0,314912.0,0.023218,1721542784.0,31872.0,0.288459,0.0,6344.42334,4.651644,4.651644,62.0,1.0,56.0,0.0,208.0,-0.0,1.0,0.0,3756.0,1.0,4.651644,4.651644,56.539146,1.0,0.0,264.0,21.0,0.0,67.071426,0.0,318668.0,1514.0,2
0.0,0.0,521622.3241706161,0.0,0.0,0.166315,0.0,0.0,0.0,0.0,0.0,0.0,0.0,0.0,64.0,0.0,66.0,0.005649,1721542784.0,1183398.375711575,0.171964,0.0,0.0,0.0,0.0,62.0,0.0,0.0,0.0,1.0,-0.0,1.0,0.0,0.0,0.0,0.0,0.0,0.0,0.0,0.0,1.0,0.0,0.0,0.0,0.0,66.0,66.0,2
86.938202,0.299063,642048.0,0.0,157.157516,0.265241,0.0,0.0,0.0,0.0,0.0,1941370.25,1903491.875,0.0,64.0,0.0,72672.0,0.023218,1721542784.0,31872.0,0.288459,0.0,37878.308594,0.299063,0.299063,62.0,0.0,27.0,0.0,48.0,-0.0,1.0,0.0,1470.0,1.0,0.299063,0.299063,247.439499,0.0,0.0,75.0,0.0,0.0,54.444443,0.0,74142.0,1514.0,2
8.650743,0.115597,8222720.0,0.0,0.0,0.0,0.0,0.0,0.0,0.0,0.0,4429.180664,0.0,0.0,64.0,0.0,74.0,0.003994,1721542784.0,4077568.0,0.003994,0.0,4429.180664,0.115597,0.115597,62.0,0.0,2.0,0.0,1.0,-0.0,0.0,0.0,128.0,0.0,0.115597,0.115597,17.301487,0.0,0.0,3.0,0.0,0.0,64.0,0.0,202.0,74.0,2
102.151512,0.773361,389504.0,0.0,266.369781,0.053483,0.0,4.0,0.0,0.0,1.37457,3227563.75,3168414.0,0.0,64.0,0.0,307777.0,0.000995,1721542784.0,31872.0,0.054478,0.0,59149.605469,0.773361,0.773361,62.0,0.0,80.0,0.0,207.0,-0.0,0.0,0.0,5790.0,1.0,0.773361,0.773361,369.814331,1.0,0.0,287.0,4.0,0.0,72.375,0.0,313567.0,1486.845459,2
0.0,0.0,64256.0,0.0,0.0,0.166315,0.0,0.0,0.0,0.0,0.0,0.0,0.0,0.0,64.0,0.0,66.0,0.005649,1721542784.0,4077568.0,0.171964,0.0,0.0,0.0,0.0,62.0,0.0,1.0,0.0,1.0,-0.0,1.0,0.0,66.0,0.0,0.0,0.0,0.0,0.0,0.0,2.0,0.0,0.0,66.0,0.0,132.0,66.0,2
73.693977,2.523951,706176.0,0.0,301.511383,0.057399,0.0,30.0,0.0,0.0,3.064351,3674920.75,3633252.75,0.0,64.0,0.0,1147775.0,0.015318,1721542784.0,31872.0,0.072717,0.0,41668.003906,2.523951,2.523951,62.0,0.0,187.0,0.0,762.0,-0.0,0.0,0.0,13216.0,1.0,2.523951,2.523951,375.601593,1.0,0.0,949.0,30.0,0.0,70.673798,0.0,1160991.0,1506.266357,2
45.694992,4.792648,1007616.0,0.0,166.296387,0.040689,0.0,23.0,0.0,0.0,2.209414,2033207.625,2007603.375,1.0,64.0,0.0,1204226.0,0.019548,1721542784.0,31872.0,0.060237,0.0,25604.21875,4.792648,4.792648,62.0,0.0,220.0,0.0,798.0,-0.0,0.0,0.0,15409.0,1.0,4.792648,4.792648,212.200027,1.0,0.0,1018.0,23.0,0.0,70.040909,0.0,1219635.0,1509.055176,2
11.421443,4.990613,946432.0,0.0,98.184334,0.040689,0.0,36.0,0.0,0.0,6.153846,1195952.5,1189208.625,0.0,64.0,0.0,743374.0,0.019548,1721542784.0,31872.0,0.060237,0.0,6743.86084,4.990613,4.990613,62.0,1.0,58.0,0.0,491.0,-0.0,1.0,0.0,4280.0,1.0,4.990613,4.990613,109.806152,1.0,0.0,549.0,36.0,0.0,73.793106,0.0,747654.0,1514.0,2
42.758923,1.029025,1007616.0,0.0,217.681793,0.040689,0.0,1.0,0.0,0.0,0.369004,2639213.0,2616270.75,0.0,64.0,0.0,338028.0,0.019548,1721542784.0,31872.0,0.060237,0.0,22942.105469,1.029025,1.029025,62.0,0.0,45.0,0.0,225.0,-0.0,1.0,0.0,3018.0,1.0,1.029025,1.029025,261.412506,1.0,0.0,270.0,1.0,0.0,67.066666,0.0,341046.0,1502.34668,2
0.405737,4.929298,64256.0,0.0,2.434424,0.188586,0.0,1.0,0.0,0.0,5.882353,22063.994141,21409.945312,1.0,64.0,0.0,14291.0,0.018638,1721542784.0,31872.0,0.207224,0.0,654.048523,4.929298,4.929298,62.0,0.0,3.0,0.0,13.0,-0.0,0.0,0.0,604.0,0.0,4.929298,4.929298,3.04303,1.0,0.0,16.0,1.0,0.0,201.333328,0.0,14895.0,1099.307739,2
8.023655,3.863576,264320.0,0.0,37.529999,0.188586,0.0,16.0,0.0,0.0,8.247423,459089.71875,454563.34375,0.0,64.0,0.0,221044.0,0.018638,1721542784.0,31872.0,0.207224,0.0,4526.376465,3.863576,3.863576,62.0,1.0,32.0,0.0,146.0,-0.0,1.0,0.0,2256.0,1.0,3.863576,3.863576,45.812481,1.0,0.0,178.0,16.0,0.0,70.5,0.0,223300.0,1514.0,2
57.70034,2.201027,1325696.0,0.0,279.869354,0.188586,0.0,53.0,0.0,0.0,6.641604,3415384.0,3381123.5,0.0,64.0,0.0,931753.0,0.018638,1721542784.0,31872.0,0.207224,0.0,34260.371094,2.201027,2.201027,62.0,0.0,128.0,0.0,617.0,-0.0,1.0,0.0,9500.0,1.0,2.201027,2.201027,338.024048,1.0,0.0,745.0,53.0,0.0,74.21875,0.0,941253.0,1510.134521,2
20.893606,1.627292,64128.0,0.0,43.016251,0.222225,0.0,0.0,0.0,0.0,0.0,513761.5,501864.4375,0.0,64.0,0.0,103543.0,0.001492,1721542784.0,31872.0,0.223717,0.0,11897.06543,1.627292,1.627292,62.0,0.0,35.0,0.0,71.0,-0.0,0.0,0.0,2491.0,0.0,1.627292,1.627292,64.524376,0.0,0.0,106.0,0.0,0.0,71.171425,0.0,106034.0,1458.352173,2
6.179982,4.207132,347904.0,0.0,46.349865,0.183379,0.0,25.0,0.0,0.0,10.080645,557911.6875,553882.3125,1.0,64.0,0.0,292775.0,0.002537,1721542784.0,31872.0,0.185916,0.0,4029.348389,4.207132,4.207132,62.0,0.0,27.0,0.0,196.0,-0.0,0.0,0.0,2200.0,1.0,4.207132,4.207132,52.76754,1.0,0.0,223.0,25.0,0.0,81.481483,0.0,294975.0,1493.75,2
5.125183,0.195115,64256.0,0.0,0.0,0.178681,0.0,0.0,0.0,0.0,0.0,2870.102295,0.0,0.0,64.0,0.0,74.0,0.016434,1721542784.0,4077568.0,0.195115,0.0,2870.102295,0.195115,0.195115,62.0,0.0,2.0,0.0,1.0,-0.0,0.0,0.0,140.0,0.0,0.195115,0.195115,10.250365,0.0,0.0,3.0,0.0,0.0,70.0,0.0,214.0,74.0,2
181.481613,0.137755,589952.0,0.0,348.444672,0.183379,0.0,1.0,0.0,0.0,1.315789,4182613.75,4086094.75,0.0,64.0,0.0,71825.0,0.002537,1721542784.0,31872.0,0.185916,0.0,96519.179688,0.137755,0.137755,62.0,0.0,26.0,0.0,49.0,-0.0,1.0,0.0,1728.0,1.0,0.137755,0.137755,537.185547,1.0,0.0,75.0,1.0,0.0,66.46154,0.0,73553.0,1465.816284,2
21.790764,0.045891,64256.0,0.0,0.0,0.178681,0.0,0.0,0.0,0.0,0.0,11505.523438,0.0,0.0,64.0,0.0,66.0,0.016434,1721542784.0,4077568.0,0.195115,0.0,11505.523438,0.045891,0.045891,62.0,0.0,2.0,0.0,1.0,-0.0,1.0,0.0,132.0,0.0,0.045891,0.045891,43.581528,0.0,0.0,3.0,0.0,0.0,66.0,0.0,198.0,66.0,2
0.769832,2.59797,64256.0,0.0,4.618991,0.314408,0.0,0.0,0.0,0.0,0.0,45872.742188,44665.644531,1.0,64.0,0.0,15713.0,0.002983,1721542784.0,31872.0,0.317391,0.0,1207.096313,2.59797,2.59797,62.0,0.0,3.0,0.0,13.0,-0.0,0.0,0.0,588.0,0.0,2.59797,2.59797,5.773739,0.0,0.0,16.0,0.0,0.0,196.0,0.0,16301.0,1208.692261,2
5.877927,0.170128,64256.0,0.0,0.0,0.167636,0.0,0.0,0.0,0.0,0.0,3291.63916,0.0,0.0,64.0,0.0,74.0,0.002492,1721542784.0,4077568.0,0.170128,0.0,3291.63916,0.170128,0.170128,62.0,0.0,2.0,0.0,1.0,-0.0,0.0,0.0,140.0,0.0,0.170128,0.170128,11.755855,0.0,0.0,3.0,0.0,0.0,70.0,0.0,214.0,74.0,2
4.942885,0.202311,64256.0,0.0,0.0,0.167636,0.0,0.0,0.0,0.0,0.0,2609.843262,0.0,0.0,64.0,0.0,66.0,0.002492,1721542784.0,4077568.0,0.170128,0.0,2609.843262,0.202311,0.202311,62.0,0.0,2.0,0.0,1.0,-0.0,1.0,0.0,132.0,0.0,0.202311,0.202311,9.88577,0.0,0.0,3.0,0.0,0.0,66.0,0.0,198.0,66.0,2
0.0,3.93882,64128.0,0.0,0.253883,0.314408,0.0,1.0,0.0,0.0,25.0,507.766296,507.766296,0.0,64.0,0.0,499.0,0.002983,1721542784.0,31872.0,0.317391,0.0,0.0,3.93882,3.93882,62.0,1.0,1.0,0.0,2.0,-0.0,1.0,0.0,66.0,0.0,3.93882,3.93882,0.507766,1.0,0.0,3.0,1.0,0.0,66.0,0.0,565.0,249.5,2
19.624937,3.617846,593280.0,0.0,55.557919,0.314408,0.0,0.0,0.0,0.0,0.0,673658.3125,663269.8125,0.0,64.0,0.0,301443.0,0.002983,1721542784.0,31872.0,0.317391,0.0,10388.501953,3.617846,3.617846,62.0,0.0,72.0,0.0,202.0,-0.0,1.0,0.0,4764.0,1.0,3.617846,3.617846,75.459267,0.0,0.0,274.0,0.0,0.0,66.166664,0.0,306207.0,1492.292114,2
9.35054,3.208371,156288.0,0.0,43.012482,0.153235,0.0,2.0,0.0,0.0,1.162791,513434.40625,507554.78125,1.0,64.0,0.0,205028.0,0.000505,1721542784.0,31872.0,0.15374,0.0,5879.619629,3.208371,3.208371,62.0,0.0,31.0,0.0,139.0,-0.0,0.0,0.0,2436.0,0.0,3.208371,3.208371,52.674709,1.0,0.0,170.0,2.0,0.0,78.580643,0.0,207464.0,1475.021606,2
0.0,4.816402,521622.3241706161,0.0,0.207624,0.153235,0.0,0.0,0.0,0.0,0.0,2514.740234,2514.740234,0.0,64.0,0.0,3028.0,0.000505,1721542784.0,1183398.375711575,0.15374,0.0,0.0,4.816402,4.816402,62.0,0.0,0.0,0.0,2.0,-0.0,1.0,0.0,0.0,0.0,4.816402,4.816402,0.207624,1.0,0.0,2.0,2.0,0.0,0.0,0.0,3028.0,1514.0,2
13.96688,1.646753,518016.0,0.0,71.656166,0.153235,0.0,11.0,0.0,0.0,7.142857,864129.625,856157.5625,0.0,64.0,0.0,177728.0,0.000505,1721542784.0,31872.0,0.15374,0.0,7972.051758,1.646753,1.646753,62.0,0.0,24.0,0.0,119.0,-0.0,1.0,0.0,1712.0,1.0,1.646753,1.646753,86.230301,1.0,0.0,143.0,11.0,0.0,71.333336,0.0,179440.0,1493.512573,2
0.0,1.874601,561536.0,0.0,0.533447,0.153235,0.0,1.0,0.0,0.0,25.0,3371.384033,3371.384033,0.0,64.0,0.0,1580.0,0.000505,1721542784.0,31872.0,0.15374,0.0,0.0,1.874601,1.874601,62.0,0.0,1.0,0.0,2.0,-0.0,1.0,0.0,78.0,1.0,1.874601,1.874601,1.066894,1.0,0.0,3.0,1.0,0.0,78.0,0.0,1658.0,790.0,2
0.489406,4.086587,564352.0,0.0,0.978812,0.153235,0.0,3.0,0.0,0.0,27.272727,9905.576172,9588.441406,0.0,64.0,0.0,6122.0,0.000505,1721542784.0,31872.0,0.15374,0.0,317.135071,4.086587,4.086587,62.0,1.0,3.0,0.0,5.0,-0.0,1.0,0.0,242.0,1.0,4.086587,4.086587,1.712921,1.0,0.0,8.0,3.0,0.0,80.666664,0.0,6364.0,1224.400024,2
0.0,0.008963,570240.0,0.0,0.0,0.153235,0.0,0.0,0.0,0.0,0.0,0.0,0.0,0.0,64.0,0.0,66.0,0.000505,1721542784.0,31872.0,0.15374,0.0,0.0,0.008963,0.008963,62.0,0.0,1.0,0.0,1.0,-0.0,1.0,0.0,78.0,1.0,0.008963,0.008963,111.569786,0.0,0.0,2.0,0.0,0.0,78.0,0.0,144.0,66.0,2
0.0,0.0,570240.0,0.0,0.0,0.153235,0.0,0.0,0.0,0.0,0.0,0.0,0.0,0.0,64.0,0.0,1514.0,0.000505,1721542784.0,31872.0,0.15374,0.0,0.0,0.0,0.0,62.0,0.0,1.0,0.0,1.0,-0.0,1.0,0.0,54.0,1.0,0.0,0.0,0.0,0.0,0.0,2.0,0.0,0.0,54.0,0.0,1568.0,1514.0,2
3.390325,0.589914,64256.0,0.0,20.341948,0.180582,0.0,0.0,0.0,0.0,0.0,202022.65625,196706.625,1.0,64.0,0.0,15713.0,0.001498,1721542784.0,31872.0,0.18208,0.0,5316.028809,0.589914,0.589914,62.0,0.0,3.0,0.0,13.0,-0.0,0.0,0.0,588.0,0.0,0.589914,0.589914,25.427435,0.0,0.0,16.0,0.0,0.0,196.0,0.0,16301.0,1208.692261,2
45.626076,1.731466,614144.0,0.0,128.792587,0.180582,0.0,9.0,0.0,0.0,2.875399,1560319.375,1535295.5,0.0,64.0,0.0,333779.0,0.001498,1721542784.0,31872.0,0.18208,0.0,25023.880859,1.731466,1.731466,62.0,0.0,80.0,0.0,224.0,-0.0,1.0,0.0,5484.0,1.0,1.731466,1.731466,174.996216,1.0,0.0,304.0,9.0,0.0,68.550003,0.0,339263.0,1490.084839,2
3.695422,2.706051,55808.0,0.0,26.976578,0.181685,0.0,2.0,0.0,0.0,2.298851,318240.84375,315222.4375,0.0,64.0,0.0,108086.0,0.005471,1721542784.0,31872.0,0.187156,0.0,3018.42041,2.706051,2.706051,62.0,0.0,11.0,0.0,74.0,-0.0,0.0,0.0,1123.0,0.0,2.706051,2.706051,31.041542,1.0,0.0,85.0,2.0,0.0,102.090912,0.0,109209.0,1460.621582,2
0.305018,3.278491,64256.0,0.0,0.610037,0.166052,0.0,2.0,0.0,0.0,28.571429,531.952026,361.141754,0.0,64.0,0.0,222.0,0.018238,1721542784.0,4077568.0,0.18429,0.0,170.810287,3.278491,3.278491,62.0,0.0,2.0,0.0,3.0,-0.0,0.0,0.0,140.0,0.0,3.278491,3.278491,1.220073,1.0,0.0,5.0,2.0,0.0,70.0,0.0,362.0,74.0,2
8.69436,4.945735,414336.0,0.0,45.493744,0.0,0.0,29.0,0.0,0.0,9.698997,548280.0625,542338.8125,1.0,64.0,0.0,336773.0,0.019458,1721542784.0,31872.0,0.019458,0.0,5941.280762,4.945735,4.945735,62.0,0.0,44.0,0.0,226.0,-0.0,0.0,0.0,3758.0,1.0,4.945735,4.945735,54.390297,1.0,0.0,270.0,29.0,0.0,85.409088,0.0,340531.0,1490.145996,2
0.0,0.003974,64256.0,0.0,0.0,0.166052,0.0,0.0,0.0,0.0,0.0,0.0,0.0,0.0,64.0,0.0,66.0,0.018238,1721542784.0,4077568.0,0.18429,0.0,0.0,0.003974,0.003974,62.0,0.0,1.0,0.0,1.0,-0.0,1.0,0.0,66.0,0.0,0.003974,0.003974,251.635635,0.0,0.0,2.0,0.0,0.0,66.0,0.0,132.0,66.0,2
55.066696,4.993944,1874432.0,0.0,221.468231,0.0,0.0,49.0,0.0,0.0,3.421788,2712783.25,2682423.25,0.0,64.0,0.0,1675998.0,0.019458,1721542784.0,31872.0,0.019458,0.0,30359.970703,4.993944,4.993944,62.0,1.0,276.0,0.0,1107.0,-0.0,1.0,0.0,19020.0,1.0,4.993944,4.993944,276.735168,1.0,0.0,1383.0,49.0,0.0,68.91304,0.0,1695018.0,1514.0,2
38.387142,0.468907,1874432.0,0.0,368.943085,0.0,0.0,0.0,0.0,0.0,0.0,4453301.0,4433032.5,0.0,64.0,0.0,261336.0,0.019458,1721542784.0,31872.0,0.019458,0.0,20268.412109,0.468907,0.468907,62.0,0.0,19.0,0.0,174.0,-0.0,1.0,0.0,1254.0,1.0,0.468907,0.468907,409.46286,0.0,0.0,193.0,0.0,0.0,66.0,0.0,262590.0,1501.93103,2
0.0,0.062414,64256.0,0.0,0.0,0.166052,0.0,0.0,0.0,0.0,0.0,0.0,0.0,0.0,64.0,0.0,66.0,0.018238,1721542784.0,4077568.0,0.18429,0.0,0.0,0.062414,0.062414,62.0,0.0,1.0,0.0,1.0,-0.0,1.0,0.0,66.0,0.0,0.062414,0.062414,16.022045,0.0,0.0,2.0,0.0,0.0,66.0,0.0,132.0,66.0,2
90.89257,0.748136,156288.0,0.0,165.74527,0.074425,0.0,0.0,0.0,0.0,0.0,1982516.625,1934707.125,0.0,64.0,0.0,182387.0,0.002986,1721542784.0,31872.0,0.077411,0.0,47809.488281,0.748136,0.748136,62.0,0.0,69.0,0.0,125.0,-0.0,0.0,0.0,4536.0,0.0,0.748136,0.748136,257.974487,0.0,0.0,194.0,0.0,0.0,65.739128,0.0,186923.0,1459.095947,2
0.0,3.13068,8222720.0,0.0,0.638839,0.0,0.0,2.0,0.0,0.0,33.333333,378.192596,378.192596,0.0,64.0,0.0,222.0,0.020383,1721542784.0,4077568.0,0.020383,0.0,0.0,3.13068,3.13068,62.0,0.0,1.0,0.0,3.0,-0.0,0.0,0.0,74.0,0.0,3.13068,3.13068,0.958258,1.0,0.0,4.0,2.0,0.0,74.0,0.0,296.0,74.0,2
0.0,0.0,521622.3241706161,0.0,0.0,0.0,0.0,0.0,0.0,0.0,0.0,0.0,0.0,0.0,64.0,0.0,74.0,0.020383,1721542784.0,1183398.375711575,0.020383,0.0,0.0,0.0,0.0,62.0,0.0,0.0,0.0,1.0,-0.0,1.0,0.0,0.0,0.0,0.0,0.0,0.0,1.0,0.0,1.0,1.0,0.0,0.0,0.0,74.0,74.0,2
6.34035,0.15772,64256.0,0.0,0.0,0.141676,0.0,0.0,0.0,0.0,0.0,3550.595947,0.0,0.0,64.0,0.0,74.0,0.016044,1721542784.0,4077568.0,0.15772,0.0,3550.595947,0.15772,0.15772,62.0,0.0,2.0,0.0,1.0,-0.0,0.0,0.0,140.0,0.0,0.15772,0.15772,12.6807,0.0,0.0,3.0,0.0,0.0,70.0,0.0,214.0,74.0,2
86.352364,0.428477,75776.0,0.0,165.703186,0.0,0.0,1.0,0.0,0.0,0.900901,1982855.625,1934311.625,0.0,64.0,0.0,105060.0,0.020383,1721542784.0,31872.0,0.020383,0.0,48544.03125,0.428477,0.428477,62.0,0.0,38.0,0.0,72.0,-0.0,1.0,0.0,2670.0,0.0,0.428477,0.428477,254.389389,1.0,0.0,110.0,1.0,0.0,70.263161,0.0,107730.0,1459.166626,2
5.359545,0.186583,64256.0,0.0,0.0,0.141676,0.0,0.0,0.0,0.0,0.0,2829.839844,0.0,0.0,64.0,0.0,66.0,0.016044,1721542784.0,4077568.0,0.15772,0.0,2829.839844,0.186583,0.186583,62.0,0.0,2.0,0.0,1.0,-0.0,1.0,0.0,132.0,0.0,0.186583,0.186583,10.71909,0.0,0.0,3.0,0.0,0.0,66.0,0.0,198.0,66.0,2
12.004455,4.664935,971008.0,0.0,88.532852,0.179586,0.0,32.0,0.0,0.0,6.361829,1072877.5,1065551.375,1.0,64.0,0.0,622845.0,0.003483,1721542784.0,31872.0,0.183069,0.0,7326.146973,4.664935,4.664935,62.0,0.0,57.0,0.0,414.0,-0.0,0.0,0.0,4348.0,1.0,4.664935,4.664935,100.751671,1.0,0.0,471.0,32.0,0.0,76.280701,0.0,627193.0,1504.456543,2
5.450453,0.183471,64256.0,0.0,0.0,0.167003,0.0,0.0,0.0,0.0,0.0,3052.253662,0.0,0.0,64.0,0.0,74.0,0.016468,1721542784.0,4077568.0,0.183471,0.0,3052.253662,0.183471,0.183471,62.0,0.0,2.0,0.0,1.0,-0.0,0.0,0.0,140.0,0.0,0.183471,0.183471,10.900906,0.0,0.0,3.0,0.0,0.0,70.0,0.0,214.0,74.0,2
29.515072,4.946625,1014656.0,0.0,193.465225,0.179586,0.0,20.0,0.0,0.0,1.777778,2359606.5,2343251.0,0.0,64.0,0.0,1450412.0,0.003483,1721542784.0,31872.0,0.183069,0.0,16355.392578,4.946625,4.946625,62.0,1.0,147.0,0.0,958.0,-0.0,1.0,0.0,10182.0,1.0,4.946625,4.946625,223.182465,1.0,0.0,1105.0,20.0,0.0,69.265305,0.0,1460594.0,1514.0,2
6.369874,0.156989,64256.0,0.0,0.0,0.167003,0.0,0.0,0.0,0.0,0.0,3363.293213,0.0,0.0,64.0,0.0,66.0,0.016468,1721542784.0,4077568.0,0.183471,0.0,3363.293213,0.156989,0.156989,62.0,0.0,2.0,0.0,1.0,-0.0,1.0,0.0,132.0,0.0,0.156989,0.156989,12.739747,0.0,0.0,3.0,0.0,0.0,66.0,0.0,198.0,66.0,2
34.298786,0.583111,1012608.0,0.0,233.23175,0.179586,0.0,0.0,0.0,0.0,0.0,2807314.5,2789204.75,0.0,64.0,0.0,204796.0,0.003483,1721542784.0,31872.0,0.183069,0.0,18109.759766,0.583111,0.583111,62.0,0.0,21.0,0.0,137.0,-0.0,1.0,0.0,1386.0,1.0,0.583111,0.583111,269.245483,0.0,0.0,158.0,0.0,0.0,66.0,0.0,206182.0,1494.861328,2
13.708245,1.82372,64128.0,0.0,41.124733,0.190875,0.0,0.0,0.0,0.0,0.0,488763.625,480937.875,0.0,64.0,0.0,111098.0,0.01046,1721542784.0,31872.0,0.201335,0.0,7825.762695,1.82372,1.82372,62.0,0.0,26.0,0.0,76.0,-0.0,0.0,0.0,1855.0,0.0,1.82372,1.82372,55.38131,0.0,0.0,102.0,0.0,0.0,71.346153,0.0,112953.0,1461.815796,2
10.249446,0.390265,64128.0,0.0,10.249446,0.09817,0.0,0.0,0.0,0.0,0.0,23696.71875,10167.450195,0.0,64.0,0.0,619.0,0.017907,1721542784.0,31872.0,0.116077,0.0,13529.268555,0.390265,0.390265,62.0,0.0,5.0,0.0,5.0,-0.0,0.0,0.0,824.0,0.0,0.390265,0.390265,23.061255,0.0,0.0,10.0,0.0,0.0,164.800003,0.0,1443.0,123.800003,2
9.151559,0.109271,64256.0,0.0,0.0,0.107782,0.0,0.0,0.0,0.0,0.0,5124.873047,0.0,0.0,64.0,0.0,74.0,0.001489,1721542784.0,4077568.0,0.109271,0.0,5124.873047,0.109271,0.109271,62.0,0.0,2.0,0.0,1.0,-0.0,0.0,0.0,140.0,0.0,0.109271,0.109271,18.303118,0.0,0.0,3.0,0.0,0.0,70.0,0.0,214.0,74.0,2
2.999294,1.333647,64128.0,0.0,2.999294,0.107782,0.0,0.0,0.0,1.0,0.0,7072.335938,3017.290039,0.0,64.0,0.0,628.0,0.001489,1721542784.0,31872.0,0.109271,0.0,4055.045898,1.333647,1.333647,62.0,0.0,5.0,0.0,5.0,-0.0,1.0,0.0,845.0,1.0,1.333647,1.333647,6.748413,0.0,0.0,10.0,0.0,0.0,169.0,0.0,1473.0,125.599998,2
8.730529,0.572703,64128.0,0.0,6.984423,0.178126,0.0,0.0,0.0,0.0,0.0,17796.310547,7179.986816,0.0,64.0,0.0,642.0,0.038393,1721542784.0,31872.0,0.216519,0.0,10616.323242,0.572703,0.572703,62.0,0.0,6.0,0.0,5.0,-0.0,0.0,0.0,911.0,0.0,0.572703,0.572703,17.461058,0.0,0.0,11.0,0.0,0.0,151.833328,0.0,1553.0,128.399994,2
17.980955,0.278072,64128.0,0.0,14.384764,0.084592,0.0,0.0,0.0,0.0,0.0,36450.992188,14672.458984,0.0,64.0,0.0,637.0,0.00453,1721542784.0,31872.0,0.089122,0.0,21778.53125,0.278072,0.278072,62.0,0.0,6.0,0.0,5.0,-0.0,0.0,0.0,908.0,0.0,0.278072,0.278072,35.96191,0.0,0.0,11.0,0.0,0.0,151.333328,0.0,1545.0,127.400002,2
18.323441,1.146073,69632.0,0.0,68.931038,0.199218,0.0,0.0,0.0,0.0,0.0,818949.5625,807662.375,0.0,64.0,0.0,117169.0,0.001114,1721542784.0,31872.0,0.200332,0.0,11287.239258,1.146073,1.146073,62.0,0.0,22.0,0.0,80.0,-0.0,0.0,0.0,1693.0,0.0,1.146073,1.146073,88.127022,0.0,0.0,102.0,0.0,0.0,76.954544,0.0,118862.0,1464.612549,2
7.212496,0.554593,64128.0,0.0,7.212496,0.19873,0.0,0.0,0.0,0.0,0.0,16675.291016,7154.795898,0.0,64.0,0.0,620.0,0.003477,1721542784.0,31872.0,0.202207,0.0,9520.495117,0.554593,0.554593,62.0,0.0,5.0,0.0,5.0,-0.0,0.0,0.0,825.0,0.0,0.554593,0.554593,16.228117,0.0,0.0,10.0,0.0,0.0,165.0,0.0,1445.0,124.0,2
12.462613,0.08024,64256.0,0.0,0.0,0.079241,0.0,0.0,0.0,0.0,0.0,6979.062988,0.0,0.0,64.0,0.0,74.0,0.000999,1721542784.0,4077568.0,0.08024,0.0,6979.062988,0.08024,0.08024,62.0,0.0,2.0,0.0,1.0,-0.0,0.0,0.0,140.0,0.0,0.08024,0.08024,24.925226,0.0,0.0,3.0,0.0,0.0,70.0,0.0,214.0,74.0,2
7.503621,0.666345,64128.0,0.0,6.002896,0.215458,0.0,0.0,0.0,0.0,0.0,14875.177734,5954.873047,0.0,64.0,0.0,620.0,0.001002,1721542784.0,31872.0,0.21646,0.0,8920.303711,0.666345,0.666345,62.0,0.0,6.0,0.0,5.0,-0.0,0.0,0.0,891.0,0.0,0.666345,0.666345,15.007241,0.0,0.0,11.0,0.0,0.0,148.5,0.0,1511.0,124.0,2
0.0,4.145887,64256.0,0.0,0.482406,0.079241,0.0,0.0,0.0,0.0,0.0,254.710281,254.710281,0.0,64.0,0.0,198.0,0.000999,1721542784.0,4077568.0,0.08024,0.0,0.0,4.145887,4.145887,62.0,0.0,1.0,0.0,3.0,-0.0,1.0,0.0,66.0,0.0,4.145887,4.145887,0.723609,0.0,0.0,4.0,0.0,0.0,66.0,0.0,264.0,66.0,2
28.064028,3.456382,660736.0,0.0,74.933846,0.194842,0.0,15.0,0.0,0.0,4.021448,906244.75,889487.3125,0.0,64.0,0.0,385784.0,0.004488,1721542784.0,31872.0,0.19933,0.0,16757.40625,3.456382,3.456382,62.0,0.0,98.0,0.0,260.0,-0.0,0.0,0.0,7314.0,1.0,3.456382,3.456382,103.287193,1.0,0.0,358.0,15.0,0.0,74.632652,0.0,393098.0,1483.784668,2
0.0,0.0,64256.0,0.0,0.0,0.079241,0.0,0.0,0.0,0.0,0.0,0.0,0.0,0.0,64.0,0.0,66.0,0.000999,1721542784.0,4077568.0,0.08024,0.0,0.0,0.0,0.0,62.0,0.0,1.0,0.0,1.0,-0.0,1.0,0.0,66.0,0.0,0.0,0.0,0.0,0.0,0.0,2.0,0.0,0.0,66.0,0.0,132.0,66.0,2
4.658877,0.214644,64256.0,0.0,0.0,0.209175,0.0,0.0,0.0,0.0,0.0,2608.971191,0.0,0.0,64.0,0.0,74.0,0.005469,1721542784.0,4077568.0,0.214644,0.0,2608.971191,0.214644,0.214644,62.0,0.0,2.0,0.0,1.0,-0.0,0.0,0.0,140.0,0.0,0.214644,0.214644,9.317754,0.0,0.0,3.0,0.0,0.0,70.0,0.0,214.0,74.0,2
15.575354,0.064204,64256.0,0.0,0.0,0.209175,0.0,0.0,0.0,0.0,0.0,8223.787109,0.0,0.0,64.0,0.0,66.0,0.005469,1721542784.0,4077568.0,0.214644,0.0,8223.787109,0.064204,0.064204,62.0,0.0,2.0,0.0,1.0,-0.0,1.0,0.0,132.0,0.0,0.064204,0.064204,31.150707,0.0,0.0,3.0,0.0,0.0,66.0,0.0,198.0,66.0,2
22.106409,0.180943,64128.0,0.0,22.106409,0.070806,0.0,0.0,0.0,0.0,0.0,51110.019531,21929.558594,0.0,64.0,0.0,620.0,0.001014,1721542784.0,31872.0,0.07182,0.0,29180.460938,0.180943,0.180943,62.0,0.0,5.0,0.0,5.0,-0.0,0.0,0.0,825.0,0.0,0.180943,0.180943,49.739422,0.0,0.0,10.0,0.0,0.0,165.0,0.0,1445.0,124.0,2
3.950718,2.784304,75776.0,0.0,25.859245,0.0,0.0,1.0,0.0,0.0,1.162791,301001.625,297933.0,0.0,64.0,0.0,105132.0,0.012536,1721542784.0,31872.0,0.012536,0.0,3068.630615,2.784304,2.784304,62.0,0.0,12.0,0.0,73.0,-0.0,0.0,0.0,1165.0,0.0,2.784304,2.784304,30.169121,1.0,0.0,85.0,1.0,0.0,97.083336,0.0,106297.0,1440.164429,2
8.855937,0.564593,64128.0,0.0,7.084749,0.16621,0.0,0.0,0.0,0.0,0.0,17952.753906,7226.444336,0.0,64.0,0.0,637.0,0.035498,1721542784.0,31872.0,0.201708,0.0,10726.310547,0.564593,0.564593,62.0,0.0,6.0,0.0,5.0,-0.0,0.0,0.0,908.0,0.0,0.564593,0.564593,17.711874,0.0,0.0,11.0,0.0,0.0,151.333328,0.0,1545.0,127.400002,2
22.892906,3.407169,174848.0,0.0,44.611816,0.140912,0.0,1.0,0.0,0.0,0.429185,539608.0625,527727.25,0.0,64.0,0.0,226235.0,0.002987,1721542784.0,31872.0,0.143899,0.0,11880.831055,3.407169,3.407169,62.0,0.0,79.0,0.0,153.0,-0.0,0.0,0.0,5124.0,0.0,3.407169,3.407169,67.798218,1.0,0.0,232.0,1.0,0.0,64.860756,0.0,231359.0,1478.660156,2
13.904067,1.438428,64128.0,0.0,50.054642,0.166936,0.0,0.0,0.0,0.0,0.0,594065.125,584610.375,0.0,64.0,0.0,106574.0,0.002505,1721542784.0,31872.0,0.169441,0.0,9454.765625,1.438428,1.438428,62.0,0.0,21.0,0.0,73.0,-0.0,0.0,0.0,1784.0,0.0,1.438428,1.438428,64.653915,0.0,0.0,94.0,0.0,0.0,84.952377,0.0,108358.0,1459.917847,2
0.792015,1.262603,64256.0,0.0,0.792015,0.168436,0.0,1.0,0.0,0.0,20.0,912.400757,468.87262,0.0,64.0,0.0,148.0,0.058852,1721542784.0,4077568.0,0.227288,0.0,443.528168,1.262603,1.262603,62.0,0.0,2.0,0.0,2.0,-0.0,0.0,0.0,140.0,0.0,1.262603,1.262603,2.376044,1.0,0.0,4.0,1.0,0.0,70.0,0.0,288.0,74.0,2
1.138304,3.514001,64128.0,0.0,1.707456,0.0,0.0,2.0,0.0,0.0,14.285714,3066.590088,1532.156738,0.0,64.0,0.0,785.0,0.003518,1721542784.0,31872.0,0.003518,0.0,1534.43335,3.514001,3.514001,62.0,0.0,5.0,0.0,7.0,-0.0,0.0,0.0,842.0,0.0,3.514001,3.514001,3.130335,1.0,0.0,12.0,2.0,0.0,168.399994,0.0,1627.0,112.14286,2
5.397849,0.185259,64256.0,0.0,0.0,0.177481,0.0,0.0,0.0,0.0,0.0,3022.795166,0.0,0.0,64.0,0.0,74.0,0.007778,1721542784.0,4077568.0,0.185259,0.0,3022.795166,0.185259,0.185259,62.0,0.0,2.0,0.0,1.0,-0.0,0.0,0.0,140.0,0.0,0.185259,0.185259,10.795697,0.0,0.0,3.0,0.0,0.0,70.0,0.0,214.0,74.0,2
0.0,0.163269,64128.0,0.0,0.0,0.0,0.0,0.0,0.0,0.0,0.0,0.0,0.0,0.0,64.0,0.0,66.0,0.003518,1721542784.0,31872.0,0.003518,0.0,0.0,0.163269,0.163269,62.0,0.0,1.0,0.0,1.0,-0.0,1.0,0.0,66.0,0.0,0.163269,0.163269,6.124862,0.0,0.0,2.0,0.0,0.0,66.0,0.0,132.0,66.0,2
15.321209,0.065269,64256.0,0.0,15.321209,0.177481,0.0,0.0,0.0,0.0,0.0,16179.196289,8089.598145,0.0,64.0,0.0,132.0,0.007778,1721542784.0,31872.0,0.185259,0.0,8089.598145,0.065269,0.065269,62.0,0.0,2.0,0.0,2.0,-0.0,1.0,0.0,132.0,0.0,0.065269,0.065269,45.963627,0.0,0.0,4.0,0.0,0.0,66.0,0.0,264.0,66.0,2
4.62978,0.215993,64256.0,0.0,0.0,0.168436,0.0,0.0,0.0,0.0,0.0,2444.523682,0.0,0.0,64.0,0.0,66.0,0.058852,1721542784.0,4077568.0,0.227288,0.0,2444.523682,0.215993,0.215993,62.0,0.0,2.0,0.0,1.0,-0.0,1.0,0.0,132.0,0.0,0.215993,0.215993,9.25956,0.0,0.0,3.0,0.0,0.0,66.0,0.0,198.0,66.0,2
