SrcLoss,SynAck,Loss,sMeanPktSz,Max,AckDat,PCRatio,SrcLoad,DstLoad,TotBytes,TcpOpt_MwsS  T,DstBytes,DstPkts,State_FA_FA,TcpRtt,SrcWin,IdleTime,dTtl,State__SA,DstRetra,StdDev,State_FPA_FPA,State_S_SA,sTtl,Flgs_ e s      ,SrcRate,Cause_Status,SrcPkts,DstLoss,State_A_PA,Rate,DstWin,TotPkts,State_PA_PA,pRetran,pLoss,SrcGap,Dur,DstGap,State__PA,Load,Min,SrcBytes,State_A_A,dMeanPktSz,State__A,Flgs_ e *      ,Sum,Mean,Flgs_ e d      ,Flgs_ e g      ,State_SPA_SPA,DstRate,SrcRetra,label
0.0,0.000982,0.0,236.0,0.910081,0.16929,-0.0,14521.78418,19022.482422,4292.0,0.0,2404.0,10.0,0.0,0.170272,64128.0,1721542144.0,64.0,0.0,0.0,0.0,0.0,0.0,62.0,0.0,7.691623,0.0,8.0,0.0,0.0,18.679655,31872.0,18.0,0.0,0.0,0.0,0.0,0.910081,0.0,0.0,33544.265625,0.910081,1888.0,0.0,240.399994,0.0,0.0,0.910081,0.910081,0.0,0.0,1.0,9.88923,0.0,1.0
0.0,0.000982,0.0,154.0,0.338373,0.16929,-0.0,3640.952393,3877.37793,554.0,0.0,246.0,3.0,0.0,0.170272,64128.0,1721542144.0,64.0,0.0,0.0,0.0,0.0,0.0,62.0,0.0,2.955318,1.0,2.0,0.0,0.0,11.821274,31872.0,5.0,1.0,0.0,0.0,0.0,0.338373,0.0,0.0,7518.330078,0.338373,308.0,0.0,82.0,0.0,0.0,0.338373,0.338373,0.0,0.0,0.0,5.910637,0.0,1.0
0.0,0.000982,0.0,101.199997,0.95494,0.16929,-0.0,3392.883301,12549.479492,2218.0,0.0,1712.0,8.0,0.0,0.170272,64128.0,1721542144.0,64.0,0.0,0.0,0.0,0.0,0.0,62.0,0.0,4.188745,1.0,5.0,0.0,0.0,12.566235,31872.0,13.0,1.0,0.0,0.0,0.0,0.95494,0.0,0.0,15942.362305,0.95494,506.0,0.0,214.0,0.0,0.0,0.95494,0.95494,0.0,0.0,0.0,7.330303,0.0,1.0
0.0,0.000982,0.0,119.333336,0.893422,0.16929,-0.0,5345.737793,12115.214844,2238.0,0.0,1522.0,9.0,0.0,0.170272,64128.0,1721542144.0,64.0,0.0,0.0,0.0,0.0,0.0,62.0,0.0,5.596459,1.0,6.0,0.0,0.0,15.670086,31872.0,15.0,1.0,0.0,0.0,0.0,0.893422,0.0,0.0,17460.953125,0.893422,716.0,0.0,169.111115,0.0,0.0,0.893422,0.893422,0.0,0.0,0.0,8.954335,0.0,1.0
0.0,0.000982,0.0,120.85714,0.750101,0.16929,-0.0,7742.95752,16968.382812,2596.0,0.0,1750.0,11.0,0.0,0.170272,64128.0,1721542144.0,64.0,0.0,0.0,0.0,0.0,0.0,62.0,0.0,7.998923,1.0,7.0,0.0,0.0,22.663616,31872.0,18.0,1.0,0.0,0.0,0.0,0.750101,0.0,0.0,24711.339844,0.750101,846.0,0.0,159.090912,0.0,0.0,0.750101,0.750101,0.0,0.0,0.0,13.331538,0.0,1.0
0.0,0.000982,0.0,89.384613,0.909839,0.16929,-0.0,9434.636719,173182.296875,21952.0,0.0,20790.0,19.0,0.0,0.170272,64128.0,1721542144.0,64.0,0.0,0.0,0.0,0.0,0.0,62.0,0.0,13.189147,1.0,13.0,0.0,0.0,34.071964,31872.0,32.0,1.0,0.0,0.0,0.0,0.909839,0.0,0.0,182616.921875,0.909839,1162.0,0.0,1094.210571,0.0,0.0,0.909839,0.909839,0.0,0.0,0.0,19.78372,0.0,1.0
0.0,0.000982,0.0,91.599998,0.597595,0.16929,-0.0,11044.269531,291836.46875,23806.0,0.0,22890.0,21.0,0.0,0.170272,101760.0,1721542144.0,64.0,0.0,0.0,0.0,0.0,0.0,62.0,0.0,15.060368,1.0,10.0,0.0,0.0,50.201225,31872.0,31.0,1.0,0.0,0.0,0.0,0.597595,0.0,0.0,302880.71875,0.597595,916.0,0.0,1090.0,0.0,0.0,0.597595,0.597595,0.0,0.0,0.0,33.467484,0.0,1.0
0.0,0.000982,0.0,114.0,0.186029,0.16929,-0.0,19609.845703,33543.15625,1480.0,0.0,910.0,7.0,0.0,0.170272,104704.0,1721542144.0,64.0,0.0,0.0,0.0,0.0,0.0,62.0,0.0,21.502024,1.0,5.0,0.0,0.0,59.130566,31872.0,12.0,1.0,0.0,0.0,0.0,0.186029,0.0,0.0,53153.003906,0.186029,570.0,0.0,130.0,0.0,0.0,0.186029,0.186029,0.0,0.0,0.0,32.253036,0.0,1.0
0.0,0.000982,0.0,117.199997,0.17121,0.16929,-0.0,21914.607422,54576.25,1900.0,0.0,1314.0,9.0,0.0,0.170272,105344.0,1721542144.0,64.0,0.0,0.0,0.0,0.0,0.0,62.0,0.0,23.363121,1.0,5.0,0.0,0.0,75.930145,31872.0,14.0,1.0,0.0,0.0,0.0,0.17121,0.0,0.0,76490.859375,0.17121,586.0,0.0,146.0,0.0,0.0,0.17121,0.17121,0.0,0.0,0.0,46.726242,0.0,1.0
0.0,0.000982,0.0,125.428574,0.983874,0.16929,-0.0,6122.734863,25848.837891,4284.0,0.0,3406.0,15.0,0.0,0.170272,105344.0,1721542144.0,64.0,0.0,0.0,0.0,0.0,0.0,62.0,0.0,6.098342,1.0,7.0,0.0,0.0,21.344196,31872.0,22.0,1.0,0.0,0.0,0.0,0.983874,0.0,0.0,31971.572266,0.983874,878.0,0.0,227.066666,0.0,0.0,0.983874,0.983874,0.0,0.0,0.0,14.229464,0.0,1.0
0.0,0.000982,0.0,98.0,0.09349,0.16929,-0.0,16771.847656,5647.663086,426.0,0.0,132.0,2.0,0.0,0.170272,105344.0,1721542144.0,64.0,0.0,0.0,0.0,0.0,0.0,62.0,0.0,21.392662,1.0,3.0,0.0,0.0,42.785324,31872.0,5.0,0.0,0.0,0.0,0.0,0.09349,0.0,0.0,22419.511719,0.09349,294.0,0.0,66.0,0.0,0.0,0.09349,0.09349,0.0,0.0,0.0,10.696331,0.0,1.0
0.0,0.000982,0.0,130.0,0.997249,0.16929,-0.0,6257.213379,23472.572266,4102.0,0.0,3192.0,12.0,0.0,0.170272,105344.0,1721542144.0,64.0,0.0,0.0,0.0,0.0,0.0,62.0,0.0,6.016551,1.0,7.0,0.0,0.0,18.049654,31872.0,19.0,1.0,0.0,0.0,0.0,0.997249,0.0,0.0,29729.787109,0.997249,910.0,0.0,266.0,0.0,0.0,0.997249,0.997249,0.0,0.0,0.0,11.030344,0.0,1.0
0.0,0.000982,0.0,130.0,0.99305,0.16929,-0.0,8378.228516,16973.96875,3452.0,0.0,2282.0,13.0,0.0,0.170272,105344.0,1721542144.0,64.0,0.0,0.0,0.0,0.0,0.0,62.0,0.0,8.055989,1.0,9.0,0.0,0.0,21.146973,31872.0,22.0,1.0,0.0,0.0,0.0,0.99305,0.0,0.0,25352.199219,0.99305,1170.0,0.0,175.538467,0.0,0.0,0.99305,0.99305,0.0,0.0,0.0,12.083984,0.0,1.0
0.0,0.000982,0.0,98.0,0.092898,0.16929,-0.0,16878.728516,5683.65332,426.0,0.0,132.0,2.0,0.0,0.170272,105344.0,1721542144.0,64.0,0.0,0.0,0.0,0.0,0.0,62.0,0.0,21.52899,1.0,3.0,0.0,0.0,43.05798,31872.0,5.0,0.0,0.0,0.0,0.0,0.092898,0.0,0.0,22562.380859,0.092898,294.0,0.0,66.0,0.0,0.0,0.092898,0.092898,0.0,0.0,0.0,10.764495,0.0,1.0
0.0,0.000982,0.0,126.800003,0.216963,0.16929,-0.0,18731.304688,25737.107422,1448.0,0.0,814.0,7.0,0.0,0.170272,105344.0,1721542144.0,64.0,0.0,0.0,0.0,0.0,0.0,62.0,0.0,18.436323,1.0,5.0,0.0,0.0,50.69989,31872.0,12.0,1.0,0.0,0.0,0.0,0.216963,0.0,0.0,44468.414062,0.216963,634.0,0.0,116.285713,0.0,0.0,0.216963,0.216963,0.0,0.0,0.0,27.654486,0.0,1.0
0.0,0.000982,0.0,123.599998,0.215689,0.16929,-0.0,18359.767578,25889.126953,1432.0,0.0,814.0,7.0,0.0,0.170272,105344.0,1721542144.0,64.0,0.0,0.0,0.0,0.0,0.0,62.0,0.0,18.545219,1.0,5.0,0.0,0.0,50.999355,31872.0,12.0,1.0,0.0,0.0,0.0,0.215689,0.0,0.0,44248.894531,0.215689,618.0,0.0,116.285713,0.0,0.0,0.215689,0.215689,0.0,0.0,0.0,27.817829,0.0,1.0
0.0,0.000982,0.0,127.714287,0.947573,0.16929,-0.0,6475.490723,11583.276367,2390.0,0.0,1496.0,12.0,0.0,0.170272,105344.0,1721542144.0,64.0,0.0,0.0,0.0,0.0,0.0,62.0,0.0,6.331966,1.0,7.0,0.0,0.0,18.995897,31872.0,19.0,1.0,0.0,0.0,0.0,0.947573,0.0,0.0,18058.767578,0.947573,894.0,0.0,124.666664,0.0,0.0,0.947573,0.947573,0.0,0.0,0.0,11.608604,0.0,1.0
0.0,0.000982,0.0,98.0,0.09467,0.16929,-0.0,16562.796875,5577.268555,426.0,0.0,132.0,2.0,0.0,0.170272,105344.0,1721542144.0,64.0,0.0,0.0,0.0,0.0,0.0,62.0,0.0,21.126017,1.0,3.0,0.0,0.0,42.252033,31872.0,5.0,0.0,0.0,0.0,0.0,0.09467,0.0,0.0,22140.066406,0.09467,294.0,0.0,66.0,0.0,0.0,0.09467,0.09467,0.0,0.0,0.0,10.563008,0.0,1.0
0.0,0.000982,0.0,119.333336,0.965596,0.16929,-0.0,7912.211426,12096.15625,2666.0,0.0,1592.0,12.0,0.0,0.170272,105344.0,1721542144.0,64.0,0.0,0.0,0.0,0.0,0.0,62.0,0.0,8.285038,1.0,9.0,0.0,0.0,20.712595,31872.0,21.0,1.0,0.0,0.0,0.0,0.965596,0.0,0.0,20008.367188,0.965596,1074.0,0.0,132.666672,0.0,0.0,0.965596,0.965596,0.0,0.0,0.0,11.391928,0.0,1.0
0.0,0.000982,0.0,114.0,0.000496,0.16929,-0.0,0.0,0.0,180.0,0.0,66.0,1.0,0.0,0.170272,105344.0,1721542144.0,64.0,0.0,0.0,0.0,0.0,0.0,62.0,0.0,0.0,1.0,1.0,0.0,0.0,2016.129028,31872.0,2.0,0.0,0.0,0.0,0.0,0.000496,0.0,0.0,0.0,0.000496,114.0,0.0,66.0,0.0,0.0,0.000496,0.000496,0.0,0.0,0.0,0.0,0.0,1.0
0.0,0.000982,0.0,106.0,0.788384,0.16929,-0.0,3226.85376,4809.838867,1056.0,0.0,632.0,4.0,0.0,0.170272,105216.0,1721542144.0,64.0,0.0,0.0,0.0,0.0,0.0,62.0,0.0,3.805252,1.0,4.0,0.0,0.0,8.878922,31872.0,8.0,1.0,0.0,0.0,0.0,0.788384,0.0,0.0,8036.692383,0.788384,424.0,0.0,158.0,0.0,0.0,0.788384,0.788384,0.0,0.0,0.0,3.805252,0.0,1.0
0.0,0.000982,0.0,66.0,0.0,0.16929,-0.0,0.0,0.0,276.0,0.0,210.0,1.0,0.0,0.170272,105344.0,1721542144.0,64.0,0.0,0.0,0.0,0.0,0.0,62.0,0.0,0.0,1.0,1.0,0.0,1.0,0.0,31872.0,2.0,0.0,0.0,0.0,0.0,0.0,0.0,0.0,0.0,0.0,66.0,0.0,210.0,0.0,0.0,0.0,0.0,0.0,0.0,0.0,0.0,0.0,1.0
0.0,0.000982,0.0,66.0,0.0,0.16929,-0.0,0.0,0.0,276.0,0.0,210.0,1.0,0.0,0.170272,105344.0,1721542144.0,64.0,0.0,0.0,0.0,0.0,0.0,62.0,0.0,0.0,1.0,1.0,0.0,1.0,0.0,31872.0,2.0,0.0,0.0,0.0,0.0,0.0,0.0,0.0,0.0,0.0,66.0,0.0,210.0,0.0,0.0,0.0,0.0,0.0,0.0,0.0,0.0,0.0,1.0
0.0,0.000982,0.0,90.0,0.09376,0.16929,-0.0,23037.542969,47610.921875,1104.0,0.0,744.0,4.0,0.0,0.170272,105344.0,1721542144.0,64.0,0.0,0.0,0.0,0.0,0.0,62.0,0.0,31.996588,1.0,4.0,0.0,0.0,74.658707,31872.0,8.0,1.0,0.0,0.0,0.0,0.09376,0.0,0.0,70648.46875,0.09376,360.0,0.0,186.0,0.0,0.0,0.09376,0.09376,0.0,0.0,0.0,31.996588,0.0,1.0
0.0,0.000982,0.0,117.199997,0.23091,0.16929,-0.0,16248.754883,27508.552734,1512.0,0.0,926.0,7.0,0.0,0.170272,105344.0,1721542144.0,64.0,0.0,0.0,0.0,0.0,0.0,62.0,0.0,17.322765,1.0,5.0,0.0,0.0,47.637608,31872.0,12.0,1.0,0.0,0.0,0.0,0.23091,0.0,0.0,43757.308594,0.23091,586.0,0.0,132.285721,0.0,0.0,0.23091,0.23091,0.0,0.0,0.0,25.98415,0.0,1.0
0.0,0.000982,0.0,117.199997,0.200654,0.16929,-0.0,18698.855469,77028.117188,2794.0,0.0,2208.0,8.0,0.0,0.170272,105344.0,1721542144.0,64.0,0.0,0.0,0.0,0.0,0.0,62.0,0.0,19.934813,1.0,5.0,0.0,0.0,59.80444,31872.0,13.0,1.0,0.0,0.0,0.0,0.200654,0.0,0.0,95726.976562,0.200654,586.0,0.0,276.0,0.0,0.0,0.200654,0.200654,0.0,0.0,0.0,34.885921,0.0,1.0
0.0,0.000982,0.0,117.199997,0.554764,0.16929,-0.0,15213.676758,40896.671875,4210.0,0.0,3038.0,15.0,0.0,0.170272,105344.0,1721542144.0,64.0,0.0,0.0,0.0,0.0,0.0,62.0,0.0,16.223116,1.0,10.0,0.0,0.0,43.261642,31872.0,25.0,1.0,0.0,0.0,0.0,0.554764,0.0,0.0,56110.347656,0.554764,1172.0,0.0,202.53334,0.0,0.0,0.554764,0.554764,0.0,0.0,0.0,25.235958,0.0,1.0
0.0,0.000982,0.0,102.571426,0.615733,0.16929,-0.0,8003.46875,11563.453125,1756.0,0.0,1038.0,7.0,0.0,0.170272,105344.0,1721542144.0,64.0,0.0,0.0,0.0,0.0,0.0,62.0,0.0,9.744483,1.0,7.0,0.0,0.0,21.113047,31872.0,14.0,1.0,0.0,0.0,0.0,0.615733,0.0,0.0,19566.921875,0.615733,718.0,0.0,148.285721,0.0,0.0,0.615733,0.615733,0.0,0.0,0.0,9.744483,0.0,1.0
0.0,0.000982,0.0,124.666664,0.107379,0.16929,-0.0,18625.617188,41572.375,1118.0,0.0,744.0,4.0,0.0,0.170272,105344.0,1721542144.0,64.0,0.0,0.0,0.0,0.0,0.0,62.0,0.0,18.625616,1.0,3.0,0.0,0.0,55.87685,31872.0,7.0,1.0,0.0,0.0,0.0,0.107379,0.0,0.0,60197.992188,0.107379,374.0,0.0,186.0,0.0,0.0,0.107379,0.107379,0.0,0.0,0.0,27.938425,0.0,1.0
0.0,0.000982,0.0,85.199997,0.169625,0.16929,-0.0,16082.535156,74045.6875,2388.0,0.0,1962.0,5.0,0.0,0.170272,105344.0,1721542144.0,64.0,0.0,0.0,0.0,0.0,0.0,62.0,0.0,23.58143,1.0,5.0,0.0,0.0,53.058216,31872.0,10.0,1.0,0.0,0.0,0.0,0.169625,0.0,0.0,90128.226562,0.169625,426.0,0.0,392.399994,0.0,0.0,0.169625,0.169625,0.0,0.0,0.0,23.58143,0.0,1.0
0.0,0.000982,0.0,114.0,0.216682,0.16929,-0.0,16835.732422,28797.960938,1480.0,0.0,910.0,7.0,0.0,0.170272,105344.0,1721542144.0,64.0,0.0,0.0,0.0,0.0,0.0,62.0,0.0,18.460232,1.0,5.0,0.0,0.0,50.765636,31872.0,12.0,1.0,0.0,0.0,0.0,0.216682,0.0,0.0,45633.691406,0.216682,570.0,0.0,130.0,0.0,0.0,0.216682,0.216682,0.0,0.0,0.0,27.690348,0.0,1.0
0.0,0.000982,0.0,117.199997,0.216408,0.16929,-0.0,17337.621094,27836.308594,1464.0,0.0,878.0,7.0,0.0,0.170272,105344.0,1721542144.0,64.0,0.0,0.0,0.0,0.0,0.0,62.0,0.0,18.483604,1.0,5.0,0.0,0.0,50.829914,31872.0,12.0,1.0,0.0,0.0,0.0,0.216408,0.0,0.0,45173.929688,0.216408,586.0,0.0,125.428574,0.0,0.0,0.216408,0.216408,0.0,0.0,0.0,27.725409,0.0,1.0
0.0,0.000982,0.0,115.599998,0.819826,0.16929,-0.0,10158.25293,19252.865234,3280.0,0.0,2124.0,14.0,0.0,0.170272,105344.0,1721542144.0,64.0,0.0,0.0,0.0,0.0,0.0,62.0,0.0,10.97794,1.0,10.0,0.0,0.0,28.054733,31872.0,24.0,1.0,0.0,0.0,0.0,0.819826,0.0,0.0,29411.119141,0.819826,1156.0,0.0,151.714279,0.0,0.0,0.819826,0.819826,0.0,0.0,0.0,15.857023,0.0,1.0
0.0,0.000982,0.0,112.545456,0.931021,0.16929,-0.0,9675.399414,121234.648438,16018.0,0.0,14780.0,22.0,0.0,0.170272,105344.0,1721542144.0,64.0,0.0,0.0,0.0,0.0,0.0,62.0,0.0,10.740896,1.0,11.0,0.0,0.0,34.370869,31872.0,33.0,1.0,0.0,0.0,0.0,0.931021,0.0,0.0,130910.046875,0.931021,1238.0,0.0,671.818176,0.0,0.0,0.931021,0.931021,0.0,0.0,0.0,22.555883,0.0,1.0
0.0,0.000982,0.0,117.199997,0.249165,0.16929,-0.0,15058.294922,48385.609375,2344.0,0.0,1758.0,7.0,0.0,0.170272,105344.0,1721542144.0,64.0,0.0,0.0,0.0,0.0,0.0,62.0,0.0,16.053619,1.0,5.0,0.0,0.0,44.147453,31872.0,12.0,1.0,0.0,0.0,0.0,0.249165,0.0,0.0,63443.902344,0.249165,586.0,0.0,251.142853,0.0,0.0,0.249165,0.249165,0.0,0.0,0.0,24.080429,0.0,1.0
0.0,0.000982,1.0,108.0,0.524853,0.16929,-0.0,8230.875977,15364.302734,1800.0,1.0,1152.0,8.0,0.0,0.170272,105344.0,1721542144.0,64.0,0.0,0.0,0.0,0.0,0.0,62.0,0.0,9.526477,1.0,6.0,1.0,0.0,24.768841,31872.0,14.0,1.0,0.0,6.666667,0.0,0.524853,0.0,0.0,23595.177734,0.524853,648.0,0.0,144.0,0.0,0.0,0.524853,0.524853,1.0,0.0,0.0,13.337068,0.0,1.0
0.0,0.000982,0.0,106.0,0.525848,0.16929,-0.0,8063.166992,13753.024414,1690.0,1.0,1054.0,7.0,0.0,0.170272,105344.0,1721542144.0,64.0,0.0,0.0,0.0,0.0,0.0,62.0,0.0,9.508451,1.0,6.0,0.0,0.0,22.820284,31872.0,13.0,1.0,0.0,0.0,0.0,0.525848,0.0,0.0,21816.191406,0.525848,636.0,0.0,150.571426,0.0,0.0,0.525848,0.525848,0.0,0.0,0.0,11.410142,0.0,1.0
0.0,0.000982,0.0,117.199997,0.277339,0.16929,-0.0,13528.569336,17999.630859,1334.0,1.0,748.0,6.0,0.0,0.170272,105344.0,1721542144.0,64.0,0.0,0.0,0.0,0.0,0.0,62.0,0.0,14.422782,1.0,5.0,0.0,0.0,36.056953,31872.0,11.0,1.0,0.0,0.0,0.0,0.277339,0.0,0.0,31528.201172,0.277339,586.0,0.0,124.666664,0.0,0.0,0.277339,0.277339,0.0,0.0,0.0,18.028477,0.0,1.0
0.0,0.000982,0.0,117.199997,0.525167,0.16929,-0.0,7144.394043,9505.547852,1334.0,1.0,748.0,6.0,0.0,0.170272,105344.0,1721542144.0,64.0,0.0,0.0,0.0,0.0,0.0,62.0,0.0,7.616625,1.0,5.0,0.0,0.0,19.041563,31872.0,11.0,1.0,0.0,0.0,0.0,0.525167,0.0,0.0,16649.941406,0.525167,586.0,0.0,124.666664,0.0,0.0,0.525167,0.525167,0.0,0.0,0.0,9.520782,0.0,1.0
0.0,0.000982,0.0,122.0,0.999556,0.16929,-0.0,4882.16748,6026.675781,1610.0,1.0,878.0,7.0,0.0,0.170272,105344.0,1721542144.0,64.0,0.0,0.0,0.0,0.0,0.0,62.0,0.0,5.002221,1.0,6.0,0.0,0.0,12.00533,31872.0,13.0,1.0,0.0,0.0,0.0,0.999556,0.0,0.0,10908.84375,0.999556,732.0,0.0,125.428574,0.0,0.0,0.999556,0.999556,0.0,0.0,0.0,6.002665,0.0,1.0
0.0,0.000982,0.0,110.0,0.40249,0.16929,-0.0,6559.169434,16417.798828,1384.0,1.0,944.0,8.0,0.0,0.170272,105344.0,1721542144.0,64.0,0.0,0.0,0.0,0.0,0.0,62.0,0.0,7.453601,1.0,4.0,0.0,0.0,27.329872,31872.0,12.0,1.0,0.0,0.0,0.0,0.40249,0.0,0.0,22976.96875,0.40249,440.0,0.0,118.0,0.0,0.0,0.40249,0.40249,0.0,0.0,0.0,17.391737,0.0,1.0
0.0,0.000982,0.0,87.333336,0.431371,0.16929,-0.0,17822.246094,166446.046875,10770.0,1.0,9722.0,13.0,0.0,0.170272,105344.0,1721542144.0,64.0,0.0,0.0,0.0,0.0,0.0,62.0,0.0,25.500092,1.0,12.0,0.0,0.0,55.636562,31872.0,25.0,1.0,0.0,0.0,0.0,0.431371,0.0,0.0,184268.296875,0.431371,1048.0,0.0,747.84613,0.0,0.0,0.431371,0.431371,0.0,0.0,0.0,27.818281,0.0,1.0
0.0,0.000982,0.0,127.333336,0.961453,0.16929,-0.0,5300.311035,8894.870117,1966.0,1.0,1202.0,9.0,0.0,0.170272,105344.0,1721542144.0,64.0,0.0,0.0,0.0,0.0,0.0,62.0,0.0,5.200462,1.0,6.0,0.0,0.0,14.561294,31872.0,15.0,1.0,0.0,0.0,0.0,0.961453,0.0,0.0,14195.181641,0.961453,764.0,0.0,133.555557,0.0,0.0,0.961453,0.961453,0.0,0.0,0.0,8.32074,0.0,1.0
0.0,0.000982,0.0,117.555557,0.479201,0.16929,-0.0,15709.483398,24858.044922,2682.0,1.0,1624.0,12.0,0.0,0.170272,105344.0,1721542144.0,64.0,0.0,0.0,0.0,0.0,0.0,62.0,0.0,16.694456,1.0,9.0,0.0,0.0,41.736141,31872.0,21.0,1.0,0.0,0.0,0.0,0.479201,0.0,0.0,40567.527344,0.479201,1058.0,0.0,135.333328,0.0,0.0,0.479201,0.479201,0.0,0.0,0.0,22.954878,0.0,1.0
0.0,0.000982,0.0,126.800003,0.308841,0.16929,-0.0,13158.875,16163.657227,1382.0,1.0,748.0,6.0,0.0,0.170272,105344.0,1721542144.0,64.0,0.0,0.0,0.0,0.0,0.0,62.0,0.0,12.951649,1.0,5.0,0.0,0.0,32.37912,31872.0,11.0,1.0,0.0,0.0,0.0,0.308841,0.0,0.0,29322.533203,0.308841,634.0,0.0,124.666664,0.0,0.0,0.308841,0.308841,0.0,0.0,0.0,16.18956,0.0,1.0
0.0,0.000982,0.0,130.0,0.123917,0.16929,-0.0,16785.429688,33699.976562,1086.0,1.0,696.0,4.0,0.0,0.170272,105344.0,1721542144.0,64.0,0.0,0.0,0.0,0.0,0.0,62.0,0.0,16.139835,1.0,3.0,0.0,0.0,48.419506,31872.0,7.0,1.0,0.0,0.0,0.0,0.123917,0.0,0.0,50485.40625,0.123917,390.0,0.0,174.0,0.0,0.0,0.123917,0.123917,0.0,0.0,0.0,24.209753,0.0,1.0
0.0,0.000982,0.0,100.0,0.803064,0.16929,-0.0,6973.29248,10928.145508,2034.0,1.0,1234.0,9.0,0.0,0.170272,105344.0,1721542144.0,64.0,0.0,0.0,0.0,0.0,0.0,62.0,0.0,8.716616,1.0,8.0,0.0,0.0,19.923693,31872.0,17.0,1.0,0.0,0.0,0.0,0.803064,0.0,0.0,17901.4375,0.803064,800.0,0.0,137.111115,0.0,0.0,0.803064,0.803064,0.0,0.0,0.0,9.961846,0.0,1.0
0.0,0.000982,0.0,98.0,0.092886,0.16929,-0.0,16880.908203,37723.660156,878.0,1.0,584.0,4.0,0.0,0.170272,105344.0,1721542144.0,64.0,0.0,0.0,0.0,0.0,0.0,62.0,0.0,21.531771,1.0,3.0,0.0,0.0,64.595306,31872.0,7.0,1.0,0.0,0.0,0.0,0.092886,0.0,0.0,54604.570312,0.092886,294.0,0.0,146.0,0.0,0.0,0.092886,0.092886,0.0,0.0,0.0,32.297653,0.0,1.0
0.0,0.000982,0.0,114.0,0.910391,0.16929,-0.0,9015.90625,21511.636719,3776.0,1.0,2636.0,14.0,0.0,0.170272,105344.0,1721542144.0,64.0,0.0,0.0,0.0,0.0,0.0,62.0,0.0,9.885862,1.0,10.0,0.0,0.0,25.26387,31872.0,24.0,1.0,0.0,0.0,0.0,0.910391,0.0,0.0,30527.542969,0.910391,1140.0,0.0,188.285721,0.0,0.0,0.910391,0.910391,0.0,0.0,0.0,14.279579,0.0,1.0
0.0,0.000982,0.0,106.0,0.988097,0.16929,-0.0,7723.937988,10177.138672,2442.0,1.0,1382.0,11.0,0.0,0.170272,105344.0,1721542144.0,64.0,0.0,0.0,0.0,0.0,0.0,62.0,0.0,9.108418,1.0,10.0,0.0,0.0,20.240927,31872.0,21.0,1.0,0.0,0.0,0.0,0.988097,0.0,0.0,17901.076172,0.988097,1060.0,0.0,125.63636,0.0,0.0,0.988097,0.988097,0.0,0.0,0.0,10.120463,0.0,1.0
0.0,0.000982,0.0,66.0,0.888746,0.16929,-0.0,0.0,2106.338623,534.0,1.0,468.0,2.0,0.0,0.170272,105344.0,1721542144.0,64.0,0.0,0.0,0.0,0.0,0.0,62.0,0.0,0.0,1.0,1.0,0.0,1.0,2.250362,31872.0,3.0,0.0,0.0,0.0,0.0,0.888746,0.0,0.0,2106.338623,0.888746,66.0,0.0,234.0,0.0,0.0,0.888746,0.888746,0.0,0.0,0.0,1.125181,0.0,1.0
0.0,0.000982,0.0,66.0,0.0,0.16929,-0.0,0.0,0.0,294.0,1.0,162.0,1.0,0.0,0.170272,105344.0,1721542144.0,64.0,0.0,0.0,0.0,0.0,0.0,62.0,0.0,0.0,1.0,2.0,0.0,1.0,0.0,31872.0,3.0,0.0,0.0,0.0,0.0,0.0,0.0,0.0,0.0,0.0,132.0,0.0,162.0,0.0,0.0,0.0,0.0,0.0,0.0,0.0,0.0,0.0,1.0
0.0,0.000982,0.0,66.0,0.933382,0.16929,-0.0,0.0,1799.90625,486.0,1.0,420.0,2.0,0.0,0.170272,105344.0,1721542144.0,64.0,0.0,0.0,0.0,0.0,0.0,62.0,0.0,0.0,1.0,1.0,0.0,1.0,2.142745,31872.0,3.0,0.0,0.0,0.0,0.0,0.933382,0.0,0.0,1799.90625,0.933382,66.0,0.0,210.0,0.0,0.0,0.933382,0.933382,0.0,0.0,0.0,1.071373,0.0,1.0
0.0,0.000982,0.0,66.0,0.931333,0.16929,-0.0,0.0,0.0,276.0,1.0,210.0,1.0,0.0,0.170272,105344.0,1721542144.0,64.0,0.0,0.0,0.0,0.0,0.0,62.0,0.0,0.0,1.0,1.0,0.0,1.0,1.07373,31872.0,2.0,0.0,0.0,0.0,0.0,0.931333,0.0,0.0,0.0,0.931333,66.0,0.0,210.0,0.0,0.0,0.931333,0.931333,0.0,0.0,0.0,0.0,0.0,1.0
0.0,0.000982,0.0,66.0,0.927329,0.16929,-0.0,0.0,0.0,276.0,1.0,210.0,1.0,0.0,0.170272,105344.0,1721542144.0,64.0,0.0,0.0,0.0,0.0,0.0,62.0,0.0,0.0,1.0,1.0,0.0,1.0,1.078366,31872.0,2.0,0.0,0.0,0.0,0.0,0.927329,0.0,0.0,0.0,0.927329,66.0,0.0,210.0,0.0,0.0,0.927329,0.927329,0.0,0.0,0.0,0.0,0.0,1.0
0.0,0.000982,0.0,66.0,0.92413,0.16929,-0.0,0.0,0.0,276.0,1.0,210.0,1.0,0.0,0.170272,105344.0,1721542144.0,64.0,0.0,0.0,0.0,0.0,0.0,62.0,0.0,0.0,1.0,1.0,0.0,1.0,1.082099,31872.0,2.0,0.0,0.0,0.0,0.0,0.92413,0.0,0.0,0.0,0.92413,66.0,0.0,210.0,0.0,0.0,0.92413,0.92413,0.0,0.0,0.0,0.0,0.0,1.0
0.0,0.000982,0.0,66.0,0.920888,0.16929,-0.0,0.0,0.0,276.0,1.0,210.0,1.0,0.0,0.170272,105344.0,1721542144.0,64.0,0.0,0.0,0.0,0.0,0.0,62.0,0.0,0.0,1.0,1.0,0.0,1.0,1.085908,31872.0,2.0,0.0,0.0,0.0,0.0,0.920888,0.0,0.0,0.0,0.920888,66.0,0.0,210.0,0.0,0.0,0.920888,0.920888,0.0,0.0,0.0,0.0,0.0,1.0
0.0,0.000982,0.0,66.0,0.999666,0.16929,-0.0,528.176453,0.0,342.0,1.0,210.0,1.0,0.0,0.170272,105344.0,1721542144.0,64.0,0.0,0.0,0.0,0.0,0.0,62.0,0.0,1.000334,1.0,2.0,0.0,1.0,2.000668,31872.0,3.0,0.0,0.0,0.0,0.0,0.999666,0.0,0.0,528.176453,0.999666,132.0,0.0,210.0,0.0,0.0,0.999666,0.999666,0.0,0.0,0.0,0.0,0.0,1.0
0.0,0.000982,0.0,102.571426,0.324931,0.16929,-0.0,15166.296875,56011.890625,3220.0,1.0,2502.0,11.0,0.0,0.170272,105344.0,1721542144.0,64.0,0.0,0.0,0.0,0.0,0.0,62.0,0.0,18.46546,1.0,7.0,0.0,0.0,52.318802,31872.0,18.0,1.0,0.0,0.0,0.0,0.324931,0.0,0.0,71178.1875,0.324931,718.0,0.0,227.454544,0.0,0.0,0.324931,0.324931,0.0,0.0,0.0,30.775764,0.0,1.0
0.0,0.000982,0.0,66.0,0.0,0.16929,-0.0,0.0,0.0,630.0,1.0,564.0,2.0,0.0,0.170272,105344.0,1721542144.0,64.0,0.0,0.0,0.0,0.0,0.0,62.0,0.0,0.0,1.0,1.0,0.0,1.0,0.0,31872.0,3.0,0.0,0.0,0.0,0.0,0.0,0.0,0.0,0.0,0.0,66.0,0.0,282.0,0.0,0.0,0.0,0.0,0.0,0.0,0.0,0.0,0.0,1.0
0.0,0.000982,0.0,66.0,0.929601,0.16929,-0.0,0.0,9328.733398,1420.0,1.0,1354.0,5.0,0.0,0.170272,105344.0,1721542144.0,64.0,0.0,0.0,0.0,0.0,0.0,62.0,0.0,0.0,1.0,1.0,0.0,1.0,5.378652,31872.0,6.0,0.0,0.0,0.0,0.0,0.929601,0.0,0.0,9328.733398,0.929601,66.0,0.0,270.799988,0.0,0.0,0.929601,0.929601,0.0,0.0,0.0,4.302921,0.0,1.0
0.0,0.000982,0.0,66.0,0.0,0.16929,-0.0,0.0,0.0,500.0,1.0,434.0,1.0,0.0,0.170272,105344.0,1721542144.0,64.0,0.0,0.0,0.0,0.0,0.0,62.0,0.0,0.0,1.0,1.0,0.0,1.0,0.0,31872.0,2.0,0.0,0.0,0.0,0.0,0.0,0.0,0.0,0.0,0.0,66.0,0.0,434.0,0.0,0.0,0.0,0.0,0.0,0.0,0.0,0.0,0.0,1.0
0.0,0.000982,0.0,66.0,0.0,0.16929,-0.0,0.0,0.0,500.0,1.0,434.0,1.0,0.0,0.170272,105344.0,1721542144.0,64.0,0.0,0.0,0.0,0.0,0.0,62.0,0.0,0.0,1.0,1.0,0.0,1.0,0.0,31872.0,2.0,0.0,0.0,0.0,0.0,0.0,0.0,0.0,0.0,0.0,66.0,0.0,434.0,0.0,0.0,0.0,0.0,0.0,0.0,0.0,0.0,0.0,1.0
0.0,0.000982,0.0,66.0,0.93241,0.16929,-0.0,0.0,3723.683838,934.0,1.0,868.0,2.0,0.0,0.170272,105088.0,1721542144.0,64.0,0.0,0.0,0.0,0.0,0.0,62.0,0.0,0.0,1.0,1.0,0.0,1.0,2.144979,31872.0,3.0,0.0,0.0,0.0,0.0,0.93241,0.0,0.0,3723.683838,0.93241,66.0,0.0,434.0,0.0,0.0,0.93241,0.93241,0.0,0.0,0.0,1.07249,0.0,1.0
0.0,0.000982,0.0,66.0,0.927229,0.16929,-0.0,0.0,6203.429688,1144.0,1.0,1078.0,3.0,0.0,0.170272,104960.0,1721542144.0,64.0,0.0,0.0,0.0,0.0,0.0,62.0,0.0,0.0,1.0,1.0,0.0,1.0,3.235447,31872.0,4.0,0.0,0.0,0.0,0.0,0.927229,0.0,0.0,6203.429688,0.927229,66.0,0.0,359.333344,0.0,0.0,0.927229,0.927229,0.0,0.0,0.0,2.156965,0.0,1.0
0.0,0.000982,0.0,66.0,0.914561,0.16929,-0.0,1154.652344,4050.030762,892.0,1.0,694.0,3.0,0.0,0.170272,104576.0,1721542144.0,64.0,0.0,0.0,0.0,0.0,0.0,62.0,0.0,2.186842,1.0,3.0,0.0,1.0,5.467104,31872.0,6.0,0.0,0.0,0.0,0.0,0.914561,0.0,0.0,5204.683105,0.914561,198.0,0.0,231.333328,0.0,0.0,0.914561,0.914561,0.0,0.0,0.0,2.186842,0.0,1.0
0.0,0.000982,0.0,66.0,0.91389,0.16929,-0.0,1155.500122,4709.538086,1004.0,1.0,806.0,3.0,0.0,0.170272,105344.0,1721542144.0,64.0,0.0,0.0,0.0,0.0,0.0,62.0,0.0,2.188447,1.0,3.0,0.0,1.0,5.471118,31872.0,6.0,0.0,0.0,0.0,0.0,0.91389,0.0,0.0,5865.038574,0.91389,198.0,0.0,268.666656,0.0,0.0,0.91389,0.91389,0.0,0.0,0.0,2.188447,0.0,1.0
0.0,0.000982,0.0,102.571426,0.982388,0.16929,-0.0,5016.347656,4755.758301,1418.0,1.0,700.0,6.0,0.0,0.170272,105344.0,1721542144.0,64.0,0.0,0.0,0.0,0.0,0.0,62.0,0.0,6.107566,1.0,7.0,0.0,0.0,12.215133,31872.0,13.0,1.0,0.0,0.0,0.0,0.982388,0.0,0.0,9772.106445,0.982388,718.0,0.0,116.666664,0.0,0.0,0.982388,0.982388,0.0,0.0,0.0,5.089639,0.0,1.0
0.0,0.000982,0.0,66.0,0.917135,0.16929,-0.0,0.0,0.0,580.0,1.0,514.0,1.0,0.0,0.170272,105344.0,1721542144.0,64.0,0.0,0.0,0.0,0.0,0.0,62.0,0.0,0.0,1.0,1.0,0.0,1.0,1.090352,31872.0,2.0,0.0,0.0,0.0,0.0,0.917135,0.0,0.0,0.0,0.917135,66.0,0.0,514.0,0.0,0.0,0.917135,0.917135,0.0,0.0,0.0,0.0,0.0,1.0
0.0,0.000982,0.0,66.0,0.957757,0.16929,-0.0,551.288086,0.0,646.0,1.0,514.0,1.0,0.0,0.170272,104960.0,1721542144.0,64.0,0.0,0.0,0.0,0.0,0.0,62.0,0.0,1.044106,1.0,2.0,0.0,1.0,2.088212,31872.0,3.0,0.0,0.0,0.0,0.0,0.957757,0.0,0.0,551.288086,0.957757,132.0,0.0,514.0,0.0,0.0,0.957757,0.957757,0.0,0.0,0.0,0.0,0.0,1.0
0.0,0.000982,0.0,66.0,0.0,0.16929,-0.0,0.0,0.0,580.0,1.0,514.0,1.0,0.0,0.170272,104960.0,1721542144.0,64.0,0.0,0.0,0.0,0.0,0.0,62.0,0.0,0.0,1.0,1.0,0.0,1.0,0.0,31872.0,2.0,0.0,0.0,0.0,0.0,0.0,0.0,0.0,0.0,0.0,66.0,0.0,514.0,0.0,0.0,0.0,0.0,0.0,0.0,0.0,0.0,0.0,1.0
0.0,0.000982,0.0,66.0,0.0,0.16929,-0.0,0.0,0.0,580.0,1.0,514.0,1.0,0.0,0.170272,104960.0,1721542144.0,64.0,0.0,0.0,0.0,0.0,0.0,62.0,0.0,0.0,1.0,1.0,0.0,1.0,0.0,31872.0,2.0,0.0,0.0,0.0,0.0,0.0,0.0,0.0,0.0,0.0,66.0,0.0,514.0,0.0,0.0,0.0,0.0,0.0,0.0,0.0,0.0,0.0,1.0
0.0,0.000982,0.0,90.0,0.155829,0.16929,-0.0,13861.348633,48976.765625,1632.0,1.0,1272.0,4.0,0.0,0.170272,105344.0,1721542144.0,64.0,0.0,0.0,0.0,0.0,0.0,62.0,0.0,19.251873,1.0,4.0,0.0,0.0,44.921036,31872.0,8.0,1.0,0.0,0.0,0.0,0.155829,0.0,0.0,62838.113281,0.155829,360.0,0.0,318.0,0.0,0.0,0.155829,0.155829,0.0,0.0,0.0,19.251873,0.0,1.0
0.0,0.000982,0.0,111.090912,0.974781,0.16929,-0.0,9117.945312,25088.712891,4514.0,1.0,3292.0,14.0,0.0,0.170272,105344.0,1721542144.0,64.0,0.0,0.0,0.0,0.0,0.0,62.0,0.0,10.258715,1.0,11.0,0.0,0.0,24.620916,31872.0,25.0,1.0,0.0,0.0,0.0,0.974781,0.0,0.0,34206.660156,0.974781,1222.0,0.0,235.142853,0.0,0.0,0.974781,0.974781,0.0,0.0,0.0,13.336329,0.0,1.0
0.0,0.000982,0.0,125.428574,0.791876,0.16929,-0.0,7607.251465,20407.234375,3122.0,1.0,2244.0,10.0,0.0,0.170272,105344.0,1721542144.0,64.0,0.0,0.0,0.0,0.0,0.0,62.0,0.0,7.576944,1.0,7.0,0.0,0.0,20.205183,31872.0,17.0,1.0,0.0,0.0,0.0,0.791876,0.0,0.0,28014.486328,0.791876,878.0,0.0,224.399994,0.0,0.0,0.791876,0.791876,0.0,0.0,0.0,11.365416,0.0,1.0
0.0,0.000982,0.0,78.0,0.990188,0.16929,-0.0,1890.550049,20311.294922,3664.0,1.0,3352.0,4.0,0.0,0.170272,105344.0,1721542144.0,64.0,0.0,0.0,0.0,0.0,0.0,62.0,0.0,3.029728,1.0,4.0,0.0,0.0,7.069365,31872.0,8.0,1.0,0.0,0.0,0.0,0.990188,0.0,0.0,22201.84375,0.990188,312.0,0.0,838.0,0.0,0.0,0.990188,0.990188,0.0,0.0,0.0,3.029728,0.0,1.0
0.0,0.000982,0.0,114.0,0.000496,0.16929,-0.0,0.0,1064516.125,246.0,1.0,132.0,2.0,0.0,0.170272,105344.0,1721542144.0,64.0,0.0,0.0,0.0,0.0,0.0,62.0,0.0,0.0,1.0,1.0,0.0,0.0,4032.258057,31872.0,3.0,0.0,0.0,0.0,0.0,0.000496,0.0,0.0,1064516.125,0.000496,114.0,0.0,66.0,0.0,0.0,0.000496,0.000496,0.0,0.0,0.0,2016.129028,0.0,1.0
0.0,0.000982,2.0,154.0,0.860745,0.16929,-0.0,1431.318237,5427.855957,1038.0,1.0,730.0,5.0,0.0,0.170272,105344.0,1721542144.0,64.0,0.0,0.0,0.0,0.0,0.0,62.0,0.0,1.161784,1.0,2.0,2.0,0.0,6.970706,31872.0,7.0,1.0,0.0,22.222222,0.0,0.860745,0.0,0.0,6859.174316,0.860745,308.0,0.0,146.0,0.0,0.0,0.860745,0.860745,1.0,0.0,0.0,4.647137,0.0,1.0
0.0,0.000982,0.0,93.0,0.16924,0.16929,-0.0,13188.37207,58142.285156,2012.0,1.0,1640.0,4.0,0.0,0.170272,105344.0,1721542144.0,64.0,0.0,0.0,0.0,0.0,0.0,62.0,0.0,17.726307,1.0,4.0,0.0,0.0,41.361382,31872.0,8.0,1.0,0.0,0.0,0.0,0.16924,0.0,0.0,71330.65625,0.16924,372.0,0.0,410.0,0.0,0.0,0.16924,0.16924,0.0,0.0,0.0,17.726307,0.0,1.0
0.0,0.000982,0.0,114.0,0.261539,0.16929,-0.0,13948.206055,33096.402344,1832.0,1.0,1262.0,7.0,0.0,0.170272,105344.0,1721542144.0,64.0,0.0,0.0,0.0,0.0,0.0,62.0,0.0,15.294086,1.0,5.0,0.0,0.0,42.058735,31872.0,12.0,1.0,0.0,0.0,0.0,0.261539,0.0,0.0,47044.605469,0.261539,570.0,0.0,180.285721,0.0,0.0,0.261539,0.261539,0.0,0.0,0.0,22.941128,0.0,1.0
0.0,0.000982,0.0,115.599998,0.772973,0.16929,-0.0,10773.985352,21951.607422,3440.0,1.0,2284.0,14.0,0.0,0.170272,105344.0,1721542144.0,64.0,0.0,0.0,0.0,0.0,0.0,62.0,0.0,11.643356,1.0,10.0,0.0,0.0,29.755243,31872.0,24.0,1.0,0.0,0.0,0.0,0.772973,0.0,0.0,32725.59375,0.772973,1156.0,0.0,163.142853,0.0,0.0,0.772973,0.772973,0.0,0.0,0.0,16.818182,0.0,1.0
0.0,0.000982,0.0,84.285713,0.571405,0.16929,-0.0,15344.632812,274271.3125,21858.0,1.0,20678.0,19.0,0.0,0.170272,105344.0,1721542144.0,64.0,0.0,0.0,0.0,0.0,0.0,62.0,0.0,22.750938,1.0,14.0,0.0,0.0,56.002312,31872.0,33.0,1.0,0.0,0.0,0.0,0.571405,0.0,0.0,289615.9375,0.571405,1180.0,0.0,1088.315796,0.0,0.0,0.571405,0.571405,0.0,0.0,0.0,31.501299,0.0,1.0
0.0,0.000982,0.0,101.428574,0.525086,0.16929,-0.0,20095.755859,345330.09375,24992.0,1.0,23572.0,26.0,0.0,0.170272,105344.0,1721542144.0,64.0,0.0,0.0,0.0,0.0,0.0,62.0,0.0,24.757851,1.0,14.0,0.0,0.0,74.273552,31872.0,40.0,1.0,0.0,0.0,0.0,0.525086,0.0,0.0,365425.875,0.525086,1420.0,0.0,906.615356,0.0,0.0,0.525086,0.525086,0.0,0.0,0.0,47.611248,0.0,1.0
0.0,0.000982,0.0,117.199997,0.200113,0.16929,-0.0,18749.40625,43655.335938,1834.0,1.0,1248.0,8.0,0.0,0.170272,105344.0,1721542144.0,64.0,0.0,0.0,0.0,0.0,0.0,62.0,0.0,19.988707,1.0,5.0,0.0,0.0,59.966118,31872.0,13.0,1.0,0.0,0.0,0.0,0.200113,0.0,0.0,62404.742188,0.200113,586.0,0.0,156.0,0.0,0.0,0.200113,0.200113,0.0,0.0,0.0,34.980236,0.0,1.0
0.0,0.000982,0.0,117.199997,0.215802,0.16929,-0.0,17386.308594,50861.4375,2154.0,1.0,1568.0,8.0,0.0,0.170272,105344.0,1721542144.0,64.0,0.0,0.0,0.0,0.0,0.0,62.0,0.0,18.535509,1.0,5.0,0.0,0.0,55.606529,31872.0,13.0,1.0,0.0,0.0,0.0,0.215802,0.0,0.0,68247.742188,0.215802,586.0,0.0,196.0,0.0,0.0,0.215802,0.215802,0.0,0.0,0.0,32.437141,0.0,1.0
0.0,0.000982,0.0,117.199997,0.215831,0.16929,-0.0,17383.972656,56896.367188,2376.0,1.0,1790.0,7.0,0.0,0.170272,105344.0,1721542144.0,64.0,0.0,0.0,0.0,0.0,0.0,62.0,0.0,18.53302,1.0,5.0,0.0,0.0,50.965801,31872.0,12.0,1.0,0.0,0.0,0.0,0.215831,0.0,0.0,74280.34375,0.215831,586.0,0.0,255.714279,0.0,0.0,0.215831,0.215831,0.0,0.0,0.0,27.799528,0.0,1.0
0.0,0.000982,0.0,117.199997,0.170315,0.16929,-0.0,22029.769531,46971.789062,1752.0,1.0,1166.0,7.0,0.0,0.170272,105344.0,1721542144.0,64.0,0.0,0.0,0.0,0.0,0.0,62.0,0.0,23.485893,1.0,5.0,0.0,0.0,64.586212,31872.0,12.0,1.0,0.0,0.0,0.0,0.170315,0.0,0.0,69001.554688,0.170315,586.0,0.0,166.571426,0.0,0.0,0.170315,0.170315,0.0,0.0,0.0,35.22884,0.0,1.0
0.0,0.000982,0.0,127.333336,0.943989,0.16929,-0.0,5398.368164,17737.496094,3118.0,1.0,2354.0,9.0,0.0,0.170272,105344.0,1721542144.0,64.0,0.0,0.0,0.0,0.0,0.0,62.0,0.0,5.296672,1.0,6.0,0.0,0.0,14.830682,31872.0,15.0,1.0,0.0,0.0,0.0,0.943989,0.0,0.0,23135.863281,0.943989,764.0,0.0,261.555542,0.0,0.0,0.943989,0.943989,0.0,0.0,0.0,8.474675,0.0,1.0
0.0,0.000982,0.0,118.0,0.15535,0.16929,-0.0,18229.802734,30743.482422,1218.0,1.0,746.0,5.0,0.0,0.170272,105344.0,1721542144.0,64.0,0.0,0.0,0.0,0.0,0.0,62.0,0.0,19.311234,1.0,4.0,0.0,0.0,51.49662,31872.0,9.0,1.0,0.0,0.0,0.0,0.15535,0.0,0.0,48973.285156,0.15535,472.0,0.0,149.199997,0.0,0.0,0.15535,0.15535,0.0,0.0,0.0,25.74831,0.0,1.0
0.0,0.000982,0.0,118.800003,0.693823,0.16929,-0.0,12337.44043,20351.011719,3088.0,1.0,1900.0,14.0,0.0,0.170272,105344.0,1721542144.0,64.0,0.0,0.0,0.0,0.0,0.0,62.0,0.0,12.971608,1.0,10.0,0.0,0.0,33.149666,31872.0,24.0,1.0,0.0,0.0,0.0,0.693823,0.0,0.0,32688.453125,0.693823,1188.0,0.0,135.714279,0.0,0.0,0.693823,0.693823,0.0,0.0,0.0,18.736767,0.0,1.0
0.0,0.000982,0.0,106.0,0.956398,0.16929,-0.0,7979.941406,113099.359375,15292.0,1.0,14232.0,20.0,0.0,0.170272,98176.0,1721542144.0,64.0,0.0,0.0,0.0,0.0,0.0,62.0,0.0,9.410308,1.0,10.0,0.0,0.0,30.322104,31872.0,30.0,1.0,0.0,0.0,0.0,0.956398,0.0,0.0,121079.296875,0.956398,1060.0,0.0,711.599976,0.0,0.0,0.956398,0.956398,0.0,0.0,0.0,19.866205,0.0,1.0
0.0,0.000982,0.0,98.0,0.091975,0.16929,-0.0,17048.109375,5740.69043,426.0,1.0,132.0,2.0,0.0,0.170272,105344.0,1721542144.0,64.0,0.0,0.0,0.0,0.0,0.0,62.0,0.0,21.745039,1.0,3.0,0.0,0.0,43.490078,31872.0,5.0,0.0,0.0,0.0,0.0,0.091975,0.0,0.0,22788.800781,0.091975,294.0,0.0,66.0,0.0,0.0,0.091975,0.091975,0.0,0.0,0.0,10.872519,0.0,1.0
0.0,0.000982,0.0,117.199997,0.186119,0.16929,-0.0,20159.144531,34128.703125,1512.0,1.0,926.0,7.0,0.0,0.170272,105344.0,1721542144.0,64.0,0.0,0.0,0.0,0.0,0.0,62.0,0.0,21.491625,1.0,5.0,0.0,0.0,59.101971,31872.0,12.0,1.0,0.0,0.0,0.0,0.186119,0.0,0.0,54287.847656,0.186119,586.0,0.0,132.285721,0.0,0.0,0.186119,0.186119,0.0,0.0,0.0,32.237438,0.0,1.0
0.0,0.000982,0.0,117.199997,0.216078,0.16929,-0.0,17364.099609,55979.785156,2314.0,1.0,1728.0,8.0,0.0,0.170272,105344.0,1721542144.0,64.0,0.0,0.0,0.0,0.0,0.0,62.0,0.0,18.511833,1.0,5.0,0.0,0.0,55.535503,31872.0,13.0,1.0,0.0,0.0,0.0,0.216078,0.0,0.0,73343.882812,0.216078,586.0,0.0,216.0,0.0,0.0,0.216078,0.216078,0.0,0.0,0.0,32.39571,0.0,1.0
0.0,0.000982,1.0,108.0,0.527421,0.16929,-0.0,8190.800293,17291.689453,1930.0,1.0,1282.0,9.0,0.0,0.170272,105344.0,1721542144.0,64.0,0.0,0.0,0.0,0.0,0.0,62.0,0.0,9.480093,1.0,6.0,1.0,0.0,26.54426,31872.0,15.0,1.0,0.0,6.25,0.0,0.527421,0.0,0.0,25482.490234,0.527421,648.0,0.0,142.444443,0.0,0.0,0.527421,0.527421,1.0,0.0,0.0,15.168148,0.0,1.0
0.0,0.000982,0.0,118.0,0.888104,0.16929,-0.0,7440.569824,11061.767578,2308.0,1.0,1364.0,10.0,0.0,0.170272,105344.0,1721542144.0,64.0,0.0,0.0,0.0,0.0,0.0,62.0,0.0,7.881959,1.0,8.0,0.0,0.0,19.141901,31872.0,18.0,1.0,0.0,0.0,0.0,0.888104,0.0,0.0,18502.337891,0.888104,944.0,0.0,136.399994,0.0,0.0,0.888104,0.888104,0.0,0.0,0.0,10.133948,0.0,1.0
0.0,0.000982,0.0,90.0,0.042055,0.16929,-0.0,17120.4375,0.0,246.0,1.0,66.0,1.0,0.0,0.170272,105344.0,1721542144.0,64.0,0.0,0.0,0.0,0.0,0.0,62.0,0.0,23.778385,1.0,2.0,0.0,0.0,47.55677,31872.0,3.0,0.0,0.0,0.0,0.0,0.042055,0.0,0.0,17120.4375,0.042055,180.0,0.0,66.0,0.0,0.0,0.042055,0.042055,0.0,0.0,0.0,0.0,0.0,1.0
0.0,0.000982,1.0,119.599998,0.853314,0.16929,-0.0,4490.727051,8634.571289,1650.0,1.0,1052.0,8.0,0.0,0.170272,105344.0,1721542144.0,64.0,0.0,0.0,0.0,0.0,0.0,62.0,0.0,4.687606,1.0,5.0,1.0,0.0,14.062819,31872.0,13.0,1.0,0.0,7.142857,47.0,0.853314,0.0,0.0,13125.298828,0.853314,598.0,0.0,131.5,0.0,0.0,0.853314,0.853314,1.0,0.0,0.0,8.203311,0.0,1.0
1.0,0.000982,1.0,109.428574,0.6792,0.16929,-0.0,7738.516113,9729.092773,1710.0,1.0,944.0,8.0,0.0,0.170272,105344.0,1721542144.0,64.0,0.0,0.0,0.0,0.0,0.0,62.0,1.0,8.833922,1.0,7.0,0.0,0.0,20.612486,31872.0,15.0,1.0,0.0,6.25,0.0,0.6792,0.0,0.0,17467.609375,0.6792,766.0,0.0,118.0,0.0,0.0,0.6792,0.6792,0.0,0.0,0.0,10.306243,0.0,1.0
0.0,0.000982,2.0,146.0,0.71079,0.16929,-0.0,0.0,3849.238281,602.0,1.0,456.0,4.0,0.0,0.170272,105344.0,1721542144.0,64.0,0.0,0.0,0.0,0.0,0.0,62.0,0.0,0.0,1.0,1.0,2.0,0.0,5.627542,31872.0,5.0,1.0,0.0,28.571429,0.0,0.71079,0.0,0.0,3849.238281,0.71079,146.0,0.0,114.0,0.0,0.0,0.71079,0.71079,1.0,0.0,0.0,4.220656,0.0,1.0
0.0,0.000982,0.0,105.666664,0.787709,0.16929,-0.0,11811.46875,18250.394531,3214.0,1.0,1946.0,13.0,0.0,0.170272,105344.0,1721542144.0,64.0,0.0,0.0,0.0,0.0,0.0,62.0,0.0,13.964548,1.0,12.0,0.0,0.0,30.468105,31872.0,25.0,1.0,0.0,0.0,0.0,0.787709,0.0,0.0,30061.863281,0.787709,1268.0,0.0,149.692307,0.0,0.0,0.787709,0.787709,0.0,0.0,0.0,15.234053,0.0,1.0
0.0,0.000982,0.0,123.599998,0.171456,0.16929,-0.0,23096.304688,29115.341797,1366.0,1.0,748.0,6.0,0.0,0.170272,105344.0,1721542144.0,64.0,0.0,0.0,0.0,0.0,0.0,62.0,0.0,23.329601,1.0,5.0,0.0,0.0,58.324005,31872.0,11.0,1.0,0.0,0.0,0.0,0.171456,0.0,0.0,52211.648438,0.171456,618.0,0.0,124.666664,0.0,0.0,0.171456,0.171456,0.0,0.0,0.0,29.162003,0.0,1.0
0.0,0.000982,0.0,126.800003,0.201609,0.16929,-0.0,20157.830078,27697.175781,1448.0,1.0,814.0,7.0,0.0,0.170272,105344.0,1721542144.0,64.0,0.0,0.0,0.0,0.0,0.0,62.0,0.0,19.840384,1.0,5.0,0.0,0.0,54.561058,31872.0,12.0,1.0,0.0,0.0,0.0,0.201609,0.0,0.0,47855.007812,0.201609,634.0,0.0,116.285713,0.0,0.0,0.201609,0.201609,0.0,0.0,0.0,29.760576,0.0,1.0
0.0,0.000982,0.0,130.0,0.337375,0.16929,-0.0,6165.246582,12377.917969,1086.0,1.0,696.0,4.0,0.0,0.170272,105344.0,1721542144.0,64.0,0.0,0.0,0.0,0.0,0.0,62.0,0.0,5.928122,1.0,3.0,0.0,0.0,17.784365,31872.0,7.0,1.0,0.0,0.0,0.0,0.337375,0.0,0.0,18543.164062,0.337375,390.0,0.0,174.0,0.0,0.0,0.337375,0.337375,0.0,0.0,0.0,8.892182,0.0,1.0
0.0,0.000982,0.0,110.0,0.614879,0.16929,-0.0,4293.527344,8456.948242,1220.0,1.0,780.0,6.0,0.0,0.170272,105344.0,1721542144.0,64.0,0.0,0.0,0.0,0.0,0.0,62.0,0.0,4.879009,1.0,4.0,0.0,0.0,14.637026,31872.0,10.0,1.0,0.0,0.0,0.0,0.614879,0.0,0.0,12750.475586,0.614879,440.0,0.0,130.0,0.0,0.0,0.614879,0.614879,0.0,0.0,0.0,8.131681,0.0,1.0
0.0,0.000982,0.0,114.0,0.17312,0.16929,-0.0,5268.021973,8964.879883,616.0,1.0,388.0,2.0,0.0,0.170272,105344.0,1721542144.0,64.0,0.0,0.0,0.0,0.0,0.0,62.0,0.0,5.77634,1.0,2.0,0.0,0.0,17.32902,31872.0,4.0,1.0,0.0,0.0,0.0,0.17312,0.0,0.0,14232.901367,0.17312,228.0,0.0,194.0,0.0,0.0,0.17312,0.17312,0.0,0.0,0.0,5.77634,0.0,1.0
0.0,0.000982,0.0,98.0,0.188498,0.16929,-0.0,8318.390625,22069.199219,944.0,1.0,650.0,5.0,0.0,0.170272,105344.0,1721542144.0,64.0,0.0,0.0,0.0,0.0,0.0,62.0,0.0,10.610192,1.0,3.0,0.0,0.0,37.13567,31872.0,8.0,1.0,0.0,0.0,0.0,0.188498,0.0,0.0,30387.589844,0.188498,294.0,0.0,130.0,0.0,0.0,0.188498,0.188498,0.0,0.0,0.0,21.220385,0.0,1.0
1.0,0.000982,1.0,133.199997,0.866286,0.16929,-0.0,4922.162109,9308.704102,1800.0,1.0,1134.0,9.0,0.0,0.170272,105344.0,1721542144.0,64.0,0.0,0.0,0.0,0.0,0.0,62.0,1.0,4.617413,1.0,5.0,0.0,0.0,15.006592,31872.0,14.0,1.0,0.0,6.666667,0.0,0.866286,0.0,0.0,14230.866211,0.866286,666.0,0.0,126.0,0.0,0.0,0.866286,0.866286,0.0,0.0,0.0,9.234826,0.0,1.0
0.0,0.000982,0.0,78.0,0.167002,0.16929,-0.0,0.0,0.0,208.0,1.0,130.0,1.0,0.0,0.170272,105344.0,1721542144.0,64.0,0.0,0.0,0.0,0.0,0.0,62.0,0.0,0.0,1.0,1.0,0.0,1.0,5.987952,31872.0,2.0,0.0,0.0,0.0,0.0,0.167002,0.0,0.0,0.0,0.167002,78.0,0.0,130.0,0.0,0.0,0.167002,0.167002,0.0,0.0,0.0,0.0,0.0,1.0
0.0,0.000982,1.0,106.0,0.905416,0.16929,-0.0,936.58606,144092.875,17878.0,1.0,17666.0,13.0,0.0,0.170272,105344.0,1721542144.0,64.0,0.0,0.0,0.0,0.0,0.0,62.0,0.0,1.104465,1.0,2.0,1.0,0.0,15.462505,31872.0,15.0,1.0,0.0,6.25,0.0,0.905416,0.0,0.0,145029.46875,0.905416,212.0,0.0,1358.923096,0.0,0.0,0.905416,0.905416,1.0,0.0,0.0,13.253576,0.0,1.0
0.0,0.000982,1.0,84.0,0.912753,0.16929,-0.0,3681.171143,43621.878906,6476.0,1.0,5972.0,6.0,0.0,0.170272,105344.0,1721542144.0,64.0,0.0,0.0,0.0,0.0,0.0,62.0,0.0,5.477933,1.0,6.0,1.0,0.0,12.051454,31872.0,12.0,1.0,0.0,7.692308,0.0,0.912753,0.0,0.0,47303.050781,0.912753,504.0,0.0,995.333313,0.0,0.0,0.912753,0.912753,1.0,0.0,0.0,5.477933,0.0,1.0
0.0,0.000982,0.0,102.571426,0.943961,0.16929,-0.0,5220.554688,186228.03125,23738.0,1.0,23020.0,22.0,0.0,0.170272,105344.0,1721542144.0,64.0,0.0,0.0,0.0,0.0,0.0,62.0,0.0,6.356194,1.0,7.0,0.0,0.0,29.662241,31872.0,29.0,1.0,0.0,0.0,0.0,0.943961,0.0,0.0,191448.578125,0.943961,718.0,0.0,1046.363647,0.0,0.0,0.943961,0.943961,0.0,0.0,0.0,22.246681,0.0,1.0
0.0,0.000982,0.0,117.199997,0.540431,0.16929,-0.0,6942.606445,15335.907227,1770.0,1.0,1184.0,8.0,0.0,0.170272,105344.0,1721542144.0,64.0,0.0,0.0,0.0,0.0,0.0,62.0,0.0,7.4015,1.0,5.0,0.0,0.0,22.204498,31872.0,13.0,1.0,0.0,0.0,0.0,0.540431,0.0,0.0,22278.513672,0.540431,586.0,0.0,148.0,0.0,0.0,0.540431,0.540431,0.0,0.0,0.0,12.952624,0.0,1.0
0.0,0.000982,0.0,117.199997,0.8049,0.16929,-0.0,10485.774414,33097.28125,4710.0,1.0,3538.0,17.0,0.0,0.170272,105344.0,1721542144.0,64.0,0.0,0.0,0.0,0.0,0.0,62.0,0.0,11.181514,1.0,10.0,0.0,0.0,32.302151,31872.0,27.0,1.0,0.0,0.0,0.0,0.8049,0.0,0.0,43583.054688,0.8049,1172.0,0.0,208.117645,0.0,0.0,0.8049,0.8049,0.0,0.0,0.0,19.878246,0.0,1.0
0.0,0.000982,0.0,123.599998,0.199362,0.16929,-0.0,19863.365234,37920.96875,1720.0,1.0,1102.0,7.0,0.0,0.170272,105344.0,1721542144.0,64.0,0.0,0.0,0.0,0.0,0.0,62.0,0.0,20.064005,1.0,5.0,0.0,0.0,55.176014,31872.0,12.0,1.0,0.0,0.0,0.0,0.199362,0.0,0.0,57784.332031,0.199362,618.0,0.0,157.428574,0.0,0.0,0.199362,0.199362,0.0,0.0,0.0,30.096006,0.0,1.0
0.0,0.000982,0.0,106.0,0.958725,0.16929,-0.0,18574.669922,185546.4375,25262.0,1.0,22930.0,33.0,0.0,0.170272,105344.0,1721542144.0,64.0,0.0,0.0,0.0,0.0,0.0,62.0,0.0,21.904093,1.0,22.0,0.0,0.0,56.324806,31872.0,55.0,1.0,0.0,0.0,0.0,0.958725,0.0,0.0,204121.109375,0.958725,2332.0,0.0,694.848511,0.0,0.0,0.958725,0.958725,0.0,0.0,0.0,33.377663,0.0,1.0
0.0,0.000982,0.0,103.333336,0.984983,0.16929,-0.0,6716.867188,184401.140625,24580.0,1.0,23650.0,25.0,0.0,0.170272,105344.0,1721542144.0,64.0,0.0,0.0,0.0,0.0,0.0,62.0,0.0,8.121967,1.0,9.0,0.0,0.0,33.503117,31872.0,34.0,1.0,0.0,0.0,0.0,0.984983,0.0,0.0,191118.015625,0.984983,930.0,0.0,946.0,0.0,0.0,0.984983,0.984983,0.0,0.0,0.0,24.365902,0.0,1.0
0.0,0.000982,0.0,116.285713,0.324038,0.16929,-0.0,17232.546875,40735.964844,2628.0,1.0,1814.0,11.0,0.0,0.170272,105344.0,1721542144.0,64.0,0.0,0.0,0.0,0.0,0.0,62.0,0.0,18.516346,1.0,7.0,0.0,0.0,52.462982,31872.0,18.0,1.0,0.0,0.0,0.0,0.324038,0.0,0.0,57968.511719,0.324038,814.0,0.0,164.909088,0.0,0.0,0.324038,0.324038,0.0,0.0,0.0,30.860579,0.0,1.0
0.0,0.000982,0.0,117.199997,0.217397,0.16929,-0.0,17258.748047,56486.519531,2376.0,1.0,1790.0,7.0,0.0,0.170272,105344.0,1721542144.0,64.0,0.0,0.0,0.0,0.0,0.0,62.0,0.0,18.399517,1.0,5.0,0.0,0.0,50.598675,31872.0,12.0,1.0,0.0,0.0,0.0,0.217397,0.0,0.0,73745.265625,0.217397,586.0,0.0,255.714279,0.0,0.0,0.217397,0.217397,0.0,0.0,0.0,27.599276,0.0,1.0
0.0,0.000982,0.0,123.599998,0.217929,0.16929,-0.0,18171.054688,28633.177734,1528.0,1.0,910.0,7.0,0.0,0.170272,105344.0,1721542144.0,64.0,0.0,0.0,0.0,0.0,0.0,62.0,0.0,18.354601,1.0,5.0,0.0,0.0,50.475155,31872.0,12.0,1.0,0.0,0.0,0.0,0.217929,0.0,0.0,46804.234375,0.217929,618.0,0.0,130.0,0.0,0.0,0.217929,0.217929,0.0,0.0,0.0,27.531902,0.0,1.0
0.0,0.000982,0.0,124.0,0.614607,0.16929,-0.0,11298.277344,14864.78418,2260.0,1.0,1268.0,10.0,0.0,0.170272,105344.0,1721542144.0,64.0,0.0,0.0,0.0,0.0,0.0,62.0,0.0,11.389392,1.0,8.0,0.0,0.0,27.659952,31872.0,18.0,1.0,0.0,0.0,0.0,0.614607,0.0,0.0,26163.060547,0.614607,992.0,0.0,126.800003,0.0,0.0,0.614607,0.614607,0.0,0.0,0.0,14.643504,0.0,1.0
0.0,0.000982,0.0,85.199997,0.077284,0.16929,-0.0,35298.378906,60452.355469,1156.0,1.0,730.0,5.0,0.0,0.170272,105344.0,1721542144.0,64.0,0.0,0.0,0.0,0.0,0.0,62.0,0.0,51.757156,1.0,5.0,0.0,0.0,116.453598,31872.0,10.0,1.0,0.0,0.0,0.0,0.077284,0.0,0.0,95750.734375,0.077284,426.0,0.0,146.0,0.0,0.0,0.077284,0.077284,0.0,0.0,0.0,51.757156,0.0,1.0
0.0,0.000982,0.0,102.571426,0.833338,0.16929,-0.0,5913.566895,10521.541016,1996.0,1.0,1278.0,7.0,0.0,0.170272,105344.0,1721542144.0,64.0,0.0,0.0,0.0,0.0,0.0,62.0,0.0,7.199959,1.0,7.0,0.0,0.0,15.599913,31872.0,14.0,1.0,0.0,0.0,0.0,0.833338,0.0,0.0,16435.107422,0.833338,718.0,0.0,182.571426,0.0,0.0,0.833338,0.833338,0.0,0.0,0.0,7.199959,0.0,1.0
0.0,0.000982,0.0,124.666664,0.138417,0.16929,-0.0,14449.091797,32250.373047,1118.0,1.0,744.0,4.0,0.0,0.170272,105344.0,1721542144.0,64.0,0.0,0.0,0.0,0.0,0.0,62.0,0.0,14.449092,1.0,3.0,0.0,0.0,43.347275,31872.0,7.0,1.0,0.0,0.0,0.0,0.138417,0.0,0.0,46699.464844,0.138417,374.0,0.0,186.0,0.0,0.0,0.138417,0.138417,0.0,0.0,0.0,21.673637,0.0,1.0
0.0,0.000982,0.0,100.0,0.740032,0.16929,-0.0,7567.240234,33241.804688,4182.0,1.0,3382.0,11.0,0.0,0.170272,105344.0,1721542144.0,64.0,0.0,0.0,0.0,0.0,0.0,62.0,0.0,9.45905,1.0,8.0,0.0,0.0,24.323273,31872.0,19.0,1.0,0.0,0.0,0.0,0.740032,0.0,0.0,40809.046875,0.740032,800.0,0.0,307.454559,0.0,0.0,0.740032,0.740032,0.0,0.0,0.0,13.512929,0.0,1.0
0.0,0.000982,1.0,93.0,0.218744,0.16929,-0.0,10203.708984,44325.789062,1886.0,1.0,1514.0,5.0,0.0,0.170272,105344.0,1721542144.0,64.0,0.0,0.0,0.0,0.0,0.0,62.0,0.0,13.714663,1.0,4.0,1.0,0.0,36.572433,31872.0,9.0,1.0,0.0,10.0,0.0,0.218744,0.0,0.0,54529.496094,0.218744,372.0,0.0,302.799988,0.0,0.0,0.218744,0.218744,1.0,0.0,0.0,18.286217,0.0,1.0
0.0,0.000982,0.0,114.0,0.988722,0.16929,-0.0,5534.416992,8657.640625,1986.0,1.0,1188.0,10.0,0.0,0.170272,105344.0,1721542144.0,64.0,0.0,0.0,0.0,0.0,0.0,62.0,0.0,6.068439,1.0,7.0,0.0,0.0,16.182507,31872.0,17.0,1.0,0.0,0.0,0.0,0.988722,0.0,0.0,14192.057617,0.988722,798.0,0.0,118.800003,0.0,0.0,0.988722,0.988722,0.0,0.0,0.0,9.102659,0.0,1.0
0.0,0.000982,0.0,80.666664,0.585301,0.16929,-0.0,12137.344727,287564.875,23244.0,1.0,22276.0,18.0,0.0,0.170272,105344.0,1721542144.0,64.0,0.0,0.0,0.0,0.0,0.0,62.0,0.0,18.793749,1.0,12.0,0.0,0.0,49.547157,31872.0,30.0,1.0,0.0,0.0,0.0,0.585301,0.0,0.0,299702.21875,0.585301,968.0,0.0,1237.555542,0.0,0.0,0.585301,0.585301,0.0,0.0,0.0,29.044886,0.0,1.0
0.0,0.000982,0.0,117.199997,0.538211,0.16929,-0.0,6971.243652,12902.00293,1578.0,1.0,992.0,8.0,0.0,0.170272,105344.0,1721542144.0,64.0,0.0,0.0,0.0,0.0,0.0,62.0,0.0,7.43203,1.0,5.0,0.0,0.0,22.296089,31872.0,13.0,1.0,0.0,0.0,0.0,0.538211,0.0,0.0,19873.248047,0.538211,586.0,0.0,124.0,0.0,0.0,0.538211,0.538211,0.0,0.0,0.0,13.006052,0.0,1.0
0.0,0.000982,0.0,66.0,0.185245,0.16929,-0.0,2850.279297,0.0,198.0,1.0,66.0,1.0,1.0,0.170272,105344.0,1721542144.0,64.0,0.0,0.0,0.0,0.0,0.0,62.0,0.0,5.398256,1.0,2.0,0.0,0.0,10.796513,31872.0,3.0,0.0,0.0,0.0,0.0,0.185245,0.0,0.0,2850.279297,0.185245,132.0,0.0,66.0,0.0,0.0,0.185245,0.185245,0.0,0.0,0.0,0.0,0.0,1.0
0.0,0.044579,0.0,74.0,0.044579,0.0,-0.0,0.0,0.0,148.0,0.0,74.0,1.0,0.0,0.044579,8222720.0,1721542144.0,64.0,0.0,0.0,0.0,0.0,1.0,62.0,0.0,0.0,0.0,1.0,0.0,0.0,22.432087,4077568.0,2.0,0.0,0.0,0.0,0.0,0.044579,0.0,0.0,0.0,0.044579,74.0,0.0,74.0,0.0,0.0,0.044579,0.044579,0.0,0.0,0.0,0.0,0.0,10.0
0.0,0.044579,0.0,0.0,0.0,0.0,-0.0,0.0,0.0,74.0,0.0,74.0,1.0,0.0,0.044579,103135.70040124832,1721542144.0,64.0,1.0,0.0,0.0,0.0,0.0,62.0,0.0,0.0,1.0,0.0,1.0,0.0,0.0,37317.08209959624,1.0,0.0,0.0,0.0,0.0,0.0,0.0,0.0,0.0,0.0,0.0,0.0,74.0,0.0,0.0,0.0,0.0,1.0,0.0,0.0,0.0,0.0,10.0
1.0,0.044579,3.0,312.399994,0.932641,0.317616,-0.0,10722.239258,11236.90625,3134.0,0.0,1572.0,6.0,0.0,0.362195,64256.0,1721542144.0,64.0,0.0,0.0,0.0,0.0,0.0,62.0,0.0,4.288896,1.0,5.0,2.0,0.0,10.722239,31872.0,11.0,0.0,0.0,21.428571,0.0,0.932641,0.0,0.0,21959.144531,0.932641,1562.0,0.0,262.0,0.0,1.0,0.932641,0.932641,0.0,0.0,1.0,5.361119,0.0,10.0
0.0,0.044579,0.0,114.0,0.059985,0.317616,-0.0,0.0,42944.070312,758.0,0.0,644.0,2.0,0.0,0.362195,64128.0,1721542144.0,64.0,0.0,0.0,0.0,0.0,0.0,62.0,0.0,0.0,1.0,1.0,0.0,0.0,33.341667,31872.0,3.0,1.0,0.0,0.0,0.0,0.059985,0.0,0.0,42944.070312,0.059985,114.0,0.0,322.0,0.0,0.0,0.059985,0.059985,0.0,0.0,0.0,16.670834,0.0,10.0
0.0,0.044579,0.0,0.0,0.0,0.317616,-0.0,0.0,0.0,578.0,0.0,578.0,1.0,0.0,0.362195,103135.70040124832,1721542144.0,64.0,0.0,0.0,0.0,0.0,0.0,62.0,0.0,0.0,1.0,0.0,0.0,0.0,0.0,37317.08209959624,1.0,0.0,0.0,0.0,0.0,0.0,0.0,1.0,0.0,0.0,0.0,0.0,578.0,0.0,0.0,0.0,0.0,0.0,0.0,0.0,0.0,0.0,10.0
0.0,0.044579,0.0,0.0,0.0,0.317616,-0.0,0.0,0.0,578.0,0.0,578.0,1.0,0.0,0.362195,103135.70040124832,1721542144.0,64.0,0.0,0.0,0.0,0.0,0.0,62.0,0.0,0.0,1.0,0.0,0.0,0.0,0.0,37317.08209959624,1.0,0.0,0.0,0.0,0.0,0.0,0.0,1.0,0.0,0.0,0.0,0.0,578.0,0.0,0.0,0.0,0.0,0.0,0.0,0.0,0.0,0.0,10.0
0.0,0.044579,0.0,0.0,0.0,0.317616,-0.0,0.0,0.0,578.0,0.0,578.0,1.0,0.0,0.362195,103135.70040124832,1721542144.0,64.0,0.0,0.0,0.0,0.0,0.0,62.0,0.0,0.0,1.0,0.0,0.0,0.0,0.0,37317.08209959624,1.0,0.0,0.0,0.0,0.0,0.0,0.0,1.0,0.0,0.0,0.0,0.0,578.0,0.0,0.0,0.0,0.0,0.0,0.0,0.0,0.0,0.0,10.0
0.0,0.044579,0.0,78.0,0.0,0.317616,-0.0,0.0,0.0,656.0,1.0,578.0,1.0,0.0,0.362195,64128.0,1721542144.0,64.0,0.0,0.0,0.0,0.0,0.0,62.0,0.0,0.0,1.0,1.0,0.0,1.0,0.0,31872.0,2.0,0.0,0.0,0.0,0.0,0.0,0.0,0.0,0.0,0.0,78.0,0.0,578.0,0.0,0.0,0.0,0.0,0.0,0.0,0.0,0.0,0.0,10.0
0.0,0.044579,0.0,117.199997,0.602432,0.317616,-0.0,6228.088867,4700.945312,1028.0,1.0,442.0,5.0,0.0,0.362195,64128.0,1721542144.0,64.0,0.0,0.0,0.0,0.0,0.0,62.0,0.0,6.639753,1.0,5.0,0.0,0.0,14.939445,31872.0,10.0,1.0,0.0,0.0,0.0,0.602432,0.0,0.0,10929.03418,0.602432,586.0,0.0,88.400002,0.0,0.0,0.602432,0.602432,0.0,0.0,0.0,6.639753,0.0,10.0
0.0,0.044579,0.0,91.599998,0.90427,0.317616,-0.0,3246.817871,12482.99707,2104.0,1.0,1646.0,7.0,0.0,0.362195,64128.0,1721542144.0,64.0,0.0,0.0,0.0,0.0,0.0,62.0,0.0,4.423458,1.0,5.0,0.0,0.0,12.164509,31872.0,12.0,1.0,0.0,0.0,0.0,0.90427,0.0,0.0,15729.81543,0.90427,458.0,0.0,235.142853,0.0,0.0,0.90427,0.90427,0.0,0.0,0.0,6.635187,0.0,10.0
0.0,0.044579,0.0,114.0,0.022455,0.317616,-0.0,0.0,0.0,180.0,1.0,66.0,1.0,0.0,0.362195,64128.0,1721542144.0,64.0,0.0,0.0,0.0,0.0,0.0,62.0,0.0,0.0,1.0,1.0,0.0,0.0,44.533512,31872.0,2.0,0.0,0.0,0.0,0.0,0.022455,0.0,0.0,0.0,0.022455,114.0,0.0,66.0,0.0,0.0,0.022455,0.022455,0.0,0.0,0.0,0.0,0.0,10.0
0.0,0.044579,0.0,114.0,0.913334,0.317616,-0.0,3994.157715,9959.116211,1896.0,1.0,1326.0,7.0,0.0,0.362195,64128.0,1721542144.0,64.0,0.0,0.0,0.0,0.0,0.0,62.0,0.0,4.379559,1.0,5.0,0.0,0.0,12.043787,31872.0,12.0,1.0,0.0,0.0,0.0,0.913334,0.0,0.0,13953.274414,0.913334,570.0,0.0,189.428574,0.0,0.0,0.913334,0.913334,0.0,0.0,0.0,6.569338,0.0,10.0
0.0,0.044579,1.0,146.0,0.809074,0.317616,-0.0,1443.625732,9195.698242,1408.0,1.0,1116.0,6.0,0.0,0.362195,64128.0,1721542144.0,64.0,0.0,0.0,0.0,0.0,0.0,62.0,0.0,1.235981,1.0,2.0,1.0,0.0,8.651866,31872.0,8.0,1.0,0.0,11.111111,0.0,0.809074,0.0,0.0,10639.323242,0.809074,292.0,0.0,186.0,0.0,0.0,0.809074,0.809074,1.0,0.0,0.0,6.179904,0.0,10.0
0.0,0.044579,0.0,78.0,0.0,0.317616,-0.0,0.0,0.0,78.0,1.0,0.0,0.0,0.0,0.362195,64128.0,1721542144.0,64.0,0.0,0.0,0.0,0.0,0.0,62.0,0.0,0.0,1.0,1.0,0.0,0.0,0.0,37317.08209959624,1.0,0.0,0.0,0.0,0.0,0.0,0.0,0.0,0.0,0.0,78.0,0.0,0.0,0.0,0.0,0.0,0.0,0.0,0.0,0.0,0.0,0.0,10.0
1.0,0.044579,2.0,154.0,0.9807,0.317616,-0.0,1256.245483,2471.703857,712.0,1.0,404.0,4.0,0.0,0.362195,64128.0,1721542144.0,64.0,0.0,0.0,0.0,0.0,0.0,62.0,0.0,1.01968,1.0,2.0,1.0,0.0,5.098399,31872.0,6.0,1.0,0.0,25.0,0.0,0.9807,0.0,0.0,3727.949463,0.9807,308.0,0.0,101.0,0.0,1.0,0.9807,0.9807,0.0,0.0,0.0,3.059039,0.0,10.0
0.0,0.044579,0.0,0.0,0.0,0.317616,-0.0,0.0,0.0,130.0,1.0,130.0,1.0,0.0,0.362195,103135.70040124832,1721542144.0,64.0,0.0,0.0,0.0,0.0,0.0,62.0,0.0,0.0,1.0,0.0,0.0,0.0,0.0,37317.08209959624,1.0,0.0,0.0,0.0,0.0,0.0,0.0,1.0,0.0,0.0,0.0,0.0,130.0,0.0,0.0,0.0,0.0,0.0,0.0,0.0,0.0,0.0,10.0
0.0,0.044579,0.0,0.0,0.0,0.317616,-0.0,0.0,0.0,130.0,1.0,130.0,1.0,0.0,0.362195,103135.70040124832,1721542144.0,64.0,0.0,0.0,0.0,0.0,0.0,62.0,0.0,0.0,1.0,0.0,0.0,0.0,0.0,37317.08209959624,1.0,0.0,0.0,0.0,0.0,0.0,0.0,1.0,0.0,0.0,0.0,0.0,130.0,0.0,0.0,0.0,0.0,0.0,0.0,0.0,0.0,0.0,10.0
0.0,0.044579,0.0,0.0,0.0,0.317616,-0.0,0.0,0.0,130.0,1.0,130.0,1.0,0.0,0.362195,103135.70040124832,1721542144.0,64.0,0.0,0.0,0.0,0.0,0.0,62.0,0.0,0.0,1.0,0.0,0.0,0.0,0.0,37317.08209959624,1.0,0.0,0.0,0.0,0.0,0.0,0.0,1.0,0.0,0.0,0.0,0.0,130.0,0.0,0.0,0.0,0.0,0.0,0.0,0.0,0.0,0.0,10.0
0.0,0.044579,0.0,91.599998,0.671613,0.317616,-0.0,4371.56543,5931.987793,1122.0,1.0,664.0,4.0,0.0,0.362195,64128.0,1721542144.0,64.0,0.0,0.0,0.0,0.0,0.0,62.0,0.0,5.955811,1.0,5.0,0.0,0.0,11.911622,31872.0,9.0,1.0,0.0,0.0,0.0,0.671613,0.0,0.0,10303.552734,0.671613,458.0,0.0,166.0,0.0,0.0,0.671613,0.671613,0.0,0.0,0.0,4.466858,0.0,10.0
0.0,0.044579,0.0,114.0,0.020534,0.317616,-0.0,0.0,0.0,180.0,1.0,66.0,1.0,0.0,0.362195,64128.0,1721542144.0,64.0,0.0,0.0,0.0,0.0,0.0,62.0,0.0,0.0,1.0,1.0,0.0,0.0,48.699718,31872.0,2.0,0.0,0.0,0.0,0.0,0.020534,0.0,0.0,0.0,0.020534,114.0,0.0,66.0,0.0,0.0,0.020534,0.020534,0.0,0.0,0.0,0.0,0.0,10.0
0.0,0.044579,0.0,119.333336,0.765178,0.317616,-0.0,2498.764893,14804.398438,2246.0,1.0,1888.0,4.0,0.0,0.362195,64128.0,1721542144.0,64.0,0.0,0.0,0.0,0.0,0.0,62.0,0.0,2.613771,1.0,3.0,0.0,0.0,7.841312,31872.0,7.0,1.0,0.0,0.0,0.0,0.765178,0.0,0.0,17303.162109,0.765178,358.0,0.0,472.0,0.0,0.0,0.765178,0.765178,0.0,0.0,0.0,3.920656,0.0,10.0
0.0,0.044579,1.0,72.0,0.955689,0.317616,-0.0,602.706543,29633.070312,4864.0,1.0,4720.0,4.0,0.0,0.362195,64000.0,1721542144.0,64.0,0.0,0.0,0.0,0.0,0.0,62.0,0.0,1.046365,1.0,2.0,1.0,1.0,5.231827,31872.0,6.0,0.0,0.0,14.285714,0.0,0.955689,0.0,0.0,30235.777344,0.955689,144.0,0.0,1180.0,0.0,0.0,0.955689,0.955689,1.0,0.0,0.0,3.139096,0.0,10.0
0.0,0.044579,0.0,78.0,0.746615,0.317616,-0.0,5850.404785,133627.109375,14342.0,1.0,13718.0,11.0,0.0,0.362195,64128.0,1721542144.0,64.0,0.0,0.0,0.0,0.0,0.0,62.0,0.0,9.375648,1.0,8.0,0.0,0.0,24.10881,31872.0,19.0,1.0,0.0,0.0,0.0,0.746615,0.0,0.0,139477.515625,0.746615,624.0,0.0,1247.090942,0.0,0.0,0.746615,0.746615,0.0,0.0,0.0,13.393785,0.0,10.0
0.0,0.044579,0.0,92.666664,0.902812,0.317616,-0.0,4111.598145,184826.96875,22640.0,1.0,22084.0,18.0,0.0,0.362195,60672.0,1721542144.0,64.0,0.0,0.0,0.0,0.0,0.0,62.0,0.0,5.538251,1.0,6.0,0.0,0.0,25.475958,31872.0,24.0,1.0,0.0,0.0,0.0,0.902812,0.0,0.0,188938.5625,0.902812,556.0,0.0,1226.888916,0.0,0.0,0.902812,0.902812,0.0,0.0,0.0,18.830055,0.0,10.0
0.0,0.044579,0.0,98.0,0.266957,0.317616,-0.0,5873.60498,1977.846558,426.0,1.0,132.0,2.0,0.0,0.362195,64128.0,1721542144.0,64.0,0.0,0.0,0.0,0.0,0.0,62.0,0.0,7.491843,1.0,3.0,0.0,0.0,14.983685,31872.0,5.0,0.0,0.0,0.0,0.0,0.266957,0.0,0.0,7851.451172,0.266957,294.0,0.0,66.0,0.0,0.0,0.266957,0.266957,0.0,0.0,0.0,3.745921,0.0,10.0
0.0,0.044579,1.0,138.0,0.969095,0.317616,-0.0,1139.207153,6472.017578,1216.0,1.0,940.0,6.0,0.0,0.362195,64128.0,1721542144.0,64.0,0.0,0.0,0.0,0.0,0.0,62.0,0.0,1.031891,1.0,2.0,1.0,0.0,7.223234,31872.0,8.0,1.0,0.0,11.111111,0.0,0.969095,0.0,0.0,7611.225098,0.969095,276.0,0.0,156.666672,0.0,0.0,0.969095,0.969095,1.0,0.0,0.0,5.159453,0.0,10.0
0.0,0.044579,1.0,78.0,0.144642,0.317616,-0.0,0.0,0.0,320.0,1.0,242.0,1.0,0.0,0.362195,64128.0,1721542144.0,64.0,0.0,0.0,0.0,0.0,0.0,62.0,0.0,0.0,1.0,1.0,1.0,1.0,6.913621,31872.0,2.0,0.0,0.0,33.333333,0.0,0.144642,0.0,0.0,0.0,0.144642,78.0,0.0,242.0,0.0,0.0,0.144642,0.144642,1.0,0.0,0.0,0.0,0.0,10.0
0.0,0.044579,0.0,0.0,0.0,0.317616,-0.0,0.0,0.0,242.0,1.0,242.0,1.0,0.0,0.362195,103135.70040124832,1721542144.0,64.0,0.0,0.0,0.0,0.0,0.0,62.0,0.0,0.0,1.0,0.0,1.0,0.0,0.0,37317.08209959624,1.0,0.0,0.0,0.0,0.0,0.0,0.0,1.0,0.0,0.0,0.0,0.0,242.0,0.0,0.0,0.0,0.0,1.0,0.0,0.0,0.0,0.0,10.0
0.0,0.044579,1.0,78.0,0.0,0.317616,-0.0,0.0,0.0,320.0,1.0,242.0,1.0,0.0,0.362195,64128.0,1721542144.0,64.0,0.0,0.0,0.0,0.0,0.0,62.0,0.0,0.0,1.0,1.0,1.0,1.0,0.0,31872.0,2.0,0.0,0.0,33.333333,0.0,0.0,0.0,0.0,0.0,0.0,78.0,0.0,242.0,0.0,0.0,0.0,0.0,1.0,0.0,0.0,0.0,0.0,10.0
0.0,0.044579,0.0,130.0,0.766175,0.317616,-0.0,4072.176758,9157.176758,1572.0,1.0,1052.0,6.0,0.0,0.362195,64128.0,1721542144.0,64.0,0.0,0.0,0.0,0.0,0.0,62.0,0.0,3.915555,1.0,4.0,0.0,0.0,11.746664,31872.0,10.0,1.0,0.0,0.0,0.0,0.766175,0.0,0.0,13229.354492,0.766175,520.0,0.0,175.333328,0.0,0.0,0.766175,0.766175,0.0,0.0,0.0,6.525925,0.0,10.0
0.0,0.044579,1.0,84.0,0.339051,0.317616,-0.0,5946.007812,2878.622803,580.0,1.0,244.0,2.0,0.0,0.362195,64128.0,1721542144.0,64.0,0.0,0.0,0.0,0.0,0.0,62.0,0.0,8.848227,1.0,4.0,1.0,0.0,14.747044,31872.0,6.0,1.0,0.0,14.285714,0.0,0.339051,0.0,0.0,8824.630859,0.339051,336.0,0.0,122.0,0.0,0.0,0.339051,0.339051,1.0,0.0,0.0,2.949409,0.0,10.0
0.0,0.044579,0.0,135.333328,0.975365,0.317616,-0.0,2222.757568,7939.591797,1616.0,1.0,1210.0,5.0,0.0,0.362195,64128.0,1721542144.0,64.0,0.0,0.0,0.0,0.0,0.0,62.0,0.0,2.050514,1.0,3.0,0.0,0.0,7.176801,31872.0,8.0,1.0,0.0,0.0,0.0,0.975365,0.0,0.0,10162.349609,0.975365,406.0,0.0,242.0,0.0,0.0,0.975365,0.975365,0.0,0.0,0.0,4.101029,0.0,10.0
0.0,0.044579,0.0,98.0,0.414223,0.317616,-0.0,3785.400635,3785.400635,588.0,1.0,294.0,3.0,0.0,0.362195,64128.0,1721542144.0,64.0,0.0,0.0,0.0,0.0,0.0,62.0,0.0,4.828317,1.0,3.0,0.0,0.0,12.070793,31872.0,6.0,1.0,0.0,0.0,0.0,0.414223,0.0,0.0,7570.80127,0.414223,294.0,0.0,98.0,0.0,0.0,0.414223,0.414223,0.0,0.0,0.0,4.828317,0.0,10.0
0.0,0.044579,0.0,102.571426,0.566534,0.317616,-0.0,8698.507812,21675.664062,2508.0,1.0,1790.0,7.0,0.0,0.362195,64128.0,1721542144.0,64.0,0.0,0.0,0.0,0.0,0.0,62.0,0.0,10.590715,1.0,7.0,0.0,0.0,22.946548,31872.0,14.0,1.0,0.0,0.0,0.0,0.566534,0.0,0.0,30374.169922,0.566534,718.0,0.0,255.714279,0.0,0.0,0.566534,0.566534,0.0,0.0,0.0,10.590715,0.0,10.0
0.0,0.044579,0.0,102.571426,0.624321,0.317616,-0.0,7893.375488,12813.920898,1884.0,1.0,1166.0,7.0,0.0,0.362195,64128.0,1721542144.0,64.0,0.0,0.0,0.0,0.0,0.0,62.0,0.0,9.610441,1.0,7.0,0.0,0.0,20.822622,31872.0,14.0,1.0,0.0,0.0,0.0,0.624321,0.0,0.0,20707.296875,0.624321,718.0,0.0,166.571426,0.0,0.0,0.624321,0.624321,0.0,0.0,0.0,9.610441,0.0,10.0
0.0,0.044579,0.0,107.14286,0.743913,0.317616,-0.0,6914.787109,19894.798828,2908.0,1.0,2158.0,7.0,0.0,0.362195,64128.0,1721542144.0,64.0,0.0,0.0,0.0,0.0,0.0,62.0,0.0,8.065459,1.0,7.0,0.0,0.0,17.475163,31872.0,14.0,1.0,0.0,0.0,0.0,0.743913,0.0,0.0,26809.585938,0.743913,750.0,0.0,308.285706,0.0,0.0,0.743913,0.743913,0.0,0.0,0.0,8.065459,0.0,10.0
0.0,0.044579,1.0,156.666672,0.969572,0.317616,-0.0,2590.833984,3102.399902,940.0,1.0,470.0,5.0,0.0,0.362195,64128.0,1721542144.0,64.0,0.0,0.0,0.0,0.0,0.0,62.0,0.0,2.062766,1.0,3.0,1.0,0.0,7.21968,31872.0,8.0,1.0,0.0,11.111111,0.0,0.969572,0.0,0.0,5693.233887,0.969572,470.0,0.0,94.0,0.0,0.0,0.969572,0.969572,1.0,0.0,0.0,4.125532,0.0,10.0
0.0,0.044579,0.0,85.199997,0.713349,0.317616,-0.0,3824.215088,8130.662598,1332.0,1.0,906.0,5.0,0.0,0.362195,64128.0,1721542144.0,64.0,0.0,0.0,0.0,0.0,0.0,62.0,0.0,5.607354,1.0,5.0,0.0,0.0,12.616546,31872.0,10.0,1.0,0.0,0.0,0.0,0.713349,0.0,0.0,11954.87793,0.713349,426.0,0.0,181.199997,0.0,0.0,0.713349,0.713349,0.0,0.0,0.0,5.607354,0.0,10.0
0.0,0.044579,0.0,123.599998,0.703134,0.317616,-0.0,5631.927734,12151.311523,1864.0,1.0,1246.0,7.0,0.0,0.362195,64128.0,1721542144.0,64.0,0.0,0.0,0.0,0.0,0.0,62.0,0.0,5.688816,1.0,5.0,0.0,0.0,15.644244,31872.0,12.0,1.0,0.0,0.0,0.0,0.703134,0.0,0.0,17783.238281,0.703134,618.0,0.0,178.0,0.0,0.0,0.703134,0.703134,0.0,0.0,0.0,8.533224,0.0,10.0
0.0,0.044579,0.0,130.0,0.957689,0.317616,-0.0,1085.94751,1528.680054,534.0,1.0,274.0,3.0,0.0,0.362195,64128.0,1721542144.0,64.0,0.0,0.0,0.0,0.0,0.0,62.0,0.0,1.04418,1.0,2.0,0.0,0.0,4.176721,31872.0,5.0,1.0,0.0,0.0,0.0,0.957689,0.0,0.0,2614.627441,0.957689,260.0,0.0,91.333336,0.0,0.0,0.957689,0.957689,0.0,0.0,0.0,2.088361,0.0,10.0
0.0,0.044579,1.0,135.333328,0.560683,0.317616,-0.0,3866.712402,7933.181152,1100.0,1.0,694.0,5.0,0.0,0.362195,64128.0,1721542144.0,64.0,0.0,0.0,0.0,0.0,0.0,62.0,0.0,3.567078,1.0,3.0,1.0,0.0,12.484773,31872.0,8.0,1.0,0.0,11.111111,0.0,0.560683,0.0,0.0,11799.893555,0.560683,406.0,0.0,138.800003,0.0,0.0,0.560683,0.560683,1.0,0.0,0.0,7.134156,0.0,10.0
0.0,0.044579,1.0,194.0,0.151986,0.317616,-0.0,0.0,11369.467773,626.0,1.0,432.0,2.0,0.0,0.362195,64128.0,1721542144.0,64.0,0.0,0.0,0.0,0.0,0.0,62.0,0.0,0.0,1.0,1.0,1.0,0.0,13.159106,31872.0,3.0,1.0,0.0,25.0,0.0,0.151986,0.0,0.0,11369.467773,0.151986,194.0,0.0,216.0,0.0,0.0,0.151986,0.151986,1.0,0.0,0.0,6.579553,0.0,10.0
0.0,0.044579,1.0,154.0,0.988134,0.317616,-0.0,1246.794434,2687.894531,806.0,1.0,498.0,3.0,0.0,0.362195,64128.0,1721542144.0,64.0,0.0,0.0,0.0,0.0,0.0,62.0,0.0,1.012008,1.0,2.0,1.0,0.0,4.048034,31872.0,5.0,1.0,0.0,16.666667,0.0,0.988134,0.0,0.0,3934.688965,0.988134,308.0,0.0,166.0,0.0,0.0,0.988134,0.988134,1.0,0.0,0.0,2.024017,0.0,10.0
0.0,0.044579,0.0,114.0,0.020914,0.317616,-0.0,0.0,0.0,180.0,1.0,66.0,1.0,0.0,0.362195,64128.0,1721542144.0,64.0,0.0,0.0,0.0,0.0,0.0,62.0,0.0,0.0,1.0,1.0,0.0,0.0,47.814861,31872.0,2.0,0.0,0.0,0.0,0.0,0.020914,0.0,0.0,0.0,0.020914,114.0,0.0,66.0,0.0,0.0,0.020914,0.020914,0.0,0.0,0.0,0.0,0.0,10.0
0.0,0.044579,0.0,133.199997,0.679108,0.317616,-0.0,6278.824219,7468.620117,1426.0,1.0,760.0,6.0,0.0,0.362195,64128.0,1721542144.0,64.0,0.0,0.0,0.0,0.0,0.0,62.0,0.0,5.890079,1.0,5.0,0.0,0.0,14.725198,31872.0,11.0,1.0,0.0,0.0,0.0,0.679108,0.0,0.0,13747.444336,0.679108,666.0,0.0,126.666664,0.0,0.0,0.679108,0.679108,0.0,0.0,0.0,7.362599,0.0,10.0
0.0,0.044579,0.0,114.0,0.775445,0.317616,-0.0,1176.098877,742.799316,372.0,1.0,144.0,2.0,0.0,0.362195,64128.0,1721542144.0,64.0,0.0,0.0,0.0,0.0,0.0,62.0,0.0,1.289582,1.0,2.0,0.0,0.0,3.868747,31872.0,4.0,0.0,0.0,0.0,0.0,0.775445,0.0,0.0,1918.898193,0.775445,228.0,0.0,72.0,0.0,0.0,0.775445,0.775445,0.0,0.0,0.0,1.289582,0.0,10.0
0.0,0.044579,1.0,146.0,0.857251,0.317616,-0.0,1362.494751,2827.643311,696.0,1.0,404.0,4.0,0.0,0.362195,64128.0,1721542144.0,64.0,0.0,0.0,0.0,0.0,0.0,62.0,0.0,1.16652,1.0,2.0,1.0,0.0,5.832598,31872.0,6.0,1.0,0.0,14.285714,0.0,0.857251,0.0,0.0,4190.138184,0.857251,292.0,0.0,101.0,0.0,0.0,0.857251,0.857251,1.0,0.0,0.0,3.499558,0.0,10.0
0.0,0.044579,0.0,146.0,0.003468,0.317616,-0.0,0.0,239907.71875,354.0,1.0,208.0,2.0,0.0,0.362195,64128.0,1721542144.0,64.0,0.0,0.0,0.0,0.0,0.0,62.0,0.0,0.0,1.0,1.0,0.0,0.0,576.701233,31872.0,3.0,1.0,0.0,0.0,0.0,0.003468,0.0,0.0,239907.71875,0.003468,146.0,0.0,104.0,0.0,0.0,0.003468,0.003468,0.0,0.0,0.0,288.350616,0.0,10.0
0.0,0.044579,0.0,0.0,0.0,0.317616,-0.0,0.0,0.0,130.0,1.0,130.0,1.0,0.0,0.362195,103135.70040124832,1721542144.0,64.0,0.0,0.0,0.0,0.0,0.0,62.0,0.0,0.0,1.0,0.0,0.0,0.0,0.0,37317.08209959624,1.0,0.0,0.0,0.0,0.0,0.0,0.0,1.0,0.0,0.0,0.0,0.0,130.0,0.0,0.0,0.0,0.0,0.0,0.0,0.0,0.0,0.0,10.0
0.0,0.044579,0.0,146.0,0.021971,0.317616,-0.0,0.0,0.0,224.0,1.0,78.0,1.0,0.0,0.362195,64128.0,1721542144.0,64.0,0.0,0.0,0.0,0.0,0.0,62.0,0.0,0.0,1.0,1.0,0.0,0.0,45.514542,31872.0,2.0,0.0,0.0,0.0,0.0,0.021971,0.0,0.0,0.0,0.021971,146.0,0.0,78.0,0.0,0.0,0.021971,0.021971,0.0,0.0,0.0,0.0,0.0,10.0
0.0,0.044579,0.0,0.0,0.0,0.317616,-0.0,0.0,0.0,130.0,1.0,130.0,1.0,0.0,0.362195,103135.70040124832,1721542144.0,64.0,0.0,0.0,0.0,0.0,0.0,62.0,0.0,0.0,1.0,0.0,0.0,0.0,0.0,37317.08209959624,1.0,0.0,0.0,0.0,0.0,0.0,0.0,1.0,0.0,0.0,0.0,0.0,130.0,0.0,0.0,0.0,0.0,0.0,0.0,0.0,0.0,0.0,10.0
0.0,0.044579,0.0,0.0,0.0,0.317616,-0.0,0.0,0.0,130.0,1.0,130.0,1.0,0.0,0.362195,103135.70040124832,1721542144.0,64.0,0.0,0.0,0.0,0.0,0.0,62.0,0.0,0.0,1.0,0.0,0.0,0.0,0.0,37317.08209959624,1.0,0.0,0.0,0.0,0.0,0.0,0.0,1.0,0.0,0.0,0.0,0.0,130.0,0.0,0.0,0.0,0.0,0.0,0.0,0.0,0.0,0.0,10.0
0.0,0.044579,0.0,115.777779,0.66801,0.317616,-0.0,11101.629883,16430.892578,2538.0,1.0,1496.0,12.0,0.0,0.362195,64128.0,1721542144.0,64.0,0.0,0.0,0.0,0.0,0.0,62.0,0.0,11.975868,1.0,9.0,0.0,0.0,29.939672,31872.0,21.0,1.0,0.0,0.0,0.0,0.66801,0.0,0.0,27532.521484,0.66801,1042.0,0.0,124.666664,0.0,0.0,0.66801,0.66801,0.0,0.0,0.0,16.46682,0.0,10.0
0.0,0.044579,0.0,117.199997,0.299609,0.317616,-0.0,12522.988281,16661.714844,1334.0,1.0,748.0,6.0,0.0,0.362195,64128.0,1721542144.0,64.0,0.0,0.0,0.0,0.0,0.0,62.0,0.0,13.350734,1.0,5.0,0.0,0.0,33.376835,31872.0,11.0,1.0,0.0,0.0,0.0,0.299609,0.0,0.0,29184.703125,0.299609,586.0,0.0,124.666664,0.0,0.0,0.299609,0.299609,0.0,0.0,0.0,16.688417,0.0,10.0
0.0,0.044579,1.0,151.333328,0.872826,0.317616,-0.0,2777.185791,8441.544922,1506.0,1.0,1052.0,8.0,0.0,0.362195,64128.0,1721542144.0,64.0,0.0,0.0,0.0,0.0,0.0,62.0,0.0,2.291408,1.0,3.0,1.0,0.0,11.457038,31872.0,11.0,1.0,0.0,8.333333,0.0,0.872826,0.0,0.0,11218.731445,0.872826,454.0,0.0,131.5,0.0,0.0,0.872826,0.872826,1.0,0.0,0.0,8.019926,0.0,10.0
0.0,0.044579,2.0,78.0,0.87919,0.317616,-0.0,0.0,1474.084106,402.0,1.0,324.0,2.0,0.0,0.362195,64128.0,1721542144.0,64.0,0.0,0.0,0.0,0.0,0.0,62.0,0.0,0.0,1.0,1.0,2.0,1.0,2.274821,31872.0,3.0,0.0,0.0,40.0,0.0,0.87919,0.0,0.0,1474.084106,0.87919,78.0,0.0,162.0,0.0,0.0,0.87919,0.87919,1.0,0.0,0.0,1.137411,0.0,10.0
0.0,0.044579,0.0,98.0,0.823957,0.317616,-0.0,1903.011841,640.81012,426.0,1.0,132.0,2.0,0.0,0.362195,64128.0,1721542144.0,64.0,0.0,0.0,0.0,0.0,0.0,62.0,0.0,2.427311,1.0,3.0,0.0,0.0,4.854622,31872.0,5.0,0.0,0.0,0.0,0.0,0.823957,0.0,0.0,2543.822021,0.823957,294.0,0.0,66.0,0.0,0.0,0.823957,0.823957,0.0,0.0,0.0,1.213655,0.0,10.0
0.0,0.044579,0.0,106.0,0.620492,0.317616,-0.0,4099.972168,6111.279785,1056.0,1.0,632.0,4.0,0.0,0.362195,64128.0,1721542144.0,64.0,0.0,0.0,0.0,0.0,0.0,62.0,0.0,4.834873,1.0,4.0,0.0,0.0,11.28137,31872.0,8.0,1.0,0.0,0.0,0.0,0.620492,0.0,0.0,10211.251953,0.620492,424.0,0.0,158.0,0.0,0.0,0.620492,0.620492,0.0,0.0,0.0,4.834873,0.0,10.0
0.0,0.044579,0.0,66.0,0.929179,0.317616,-0.0,0.0,1808.047729,486.0,1.0,420.0,2.0,0.0,0.362195,64128.0,1721542144.0,64.0,0.0,0.0,0.0,0.0,0.0,62.0,0.0,0.0,1.0,1.0,0.0,1.0,2.152438,31872.0,3.0,0.0,0.0,0.0,0.0,0.929179,0.0,0.0,1808.047729,0.929179,66.0,0.0,210.0,0.0,0.0,0.929179,0.929179,0.0,0.0,0.0,1.076219,0.0,10.0
0.0,0.044579,0.0,66.0,0.0,0.317616,-0.0,0.0,0.0,66.0,1.0,0.0,0.0,0.0,0.362195,64128.0,1721542144.0,64.0,0.0,0.0,0.0,0.0,0.0,62.0,0.0,0.0,1.0,1.0,0.0,0.0,0.0,37317.08209959624,1.0,0.0,0.0,0.0,0.0,0.0,0.0,0.0,0.0,0.0,66.0,0.0,0.0,0.0,0.0,0.0,0.0,0.0,0.0,0.0,0.0,0.0,10.0
0.0,0.044579,0.0,82.0,0.104474,0.317616,-0.0,12558.148438,34611.480469,924.0,1.0,678.0,3.0,0.0,0.362195,64128.0,1721542144.0,64.0,0.0,0.0,0.0,0.0,0.0,62.0,0.0,19.143518,1.0,3.0,0.0,0.0,47.858799,31872.0,6.0,1.0,0.0,0.0,0.0,0.104474,0.0,0.0,47169.628906,0.104474,246.0,0.0,226.0,0.0,0.0,0.104474,0.104474,0.0,0.0,0.0,19.143518,0.0,10.0
0.0,0.044579,0.0,135.333328,0.941269,0.317616,-0.0,2303.273682,1487.35376,668.0,1.0,262.0,3.0,0.0,0.362195,64128.0,1721542144.0,64.0,0.0,0.0,0.0,0.0,0.0,62.0,0.0,2.124791,1.0,3.0,0.0,0.0,5.311978,31872.0,6.0,1.0,0.0,0.0,0.0,0.941269,0.0,0.0,3790.627441,0.941269,406.0,0.0,87.333336,0.0,0.0,0.941269,0.941269,0.0,0.0,0.0,2.124791,0.0,10.0
0.0,0.044579,1.0,66.0,0.678867,0.317616,-0.0,0.0,6717.074219,826.0,1.0,760.0,4.0,0.0,0.362195,64128.0,1721542144.0,64.0,0.0,0.0,0.0,0.0,0.0,62.0,0.0,0.0,1.0,1.0,1.0,1.0,5.89217,31872.0,5.0,0.0,0.0,16.666667,0.0,0.678867,0.0,0.0,6717.074219,0.678867,66.0,0.0,190.0,0.0,0.0,0.678867,0.678867,1.0,0.0,0.0,4.419128,0.0,10.0
0.0,0.044579,0.0,114.0,0.257262,0.317616,-0.0,0.0,3545.02417,342.0,1.0,228.0,2.0,0.0,0.362195,64128.0,1721542144.0,64.0,0.0,0.0,0.0,0.0,0.0,62.0,0.0,0.0,1.0,1.0,0.0,0.0,7.774176,31872.0,3.0,1.0,0.0,0.0,0.0,0.257262,0.0,0.0,3545.02417,0.257262,114.0,0.0,114.0,0.0,0.0,0.257262,0.257262,0.0,0.0,0.0,3.887088,0.0,10.0
0.0,0.044579,1.0,194.0,0.68511,0.317616,-0.0,0.0,2545.57666,520.0,1.0,326.0,3.0,0.0,0.362195,64128.0,1721542144.0,64.0,0.0,0.0,0.0,0.0,0.0,62.0,0.0,0.0,1.0,1.0,1.0,0.0,4.378859,31872.0,4.0,1.0,0.0,20.0,0.0,0.68511,0.0,0.0,2545.57666,0.68511,194.0,0.0,108.666664,0.0,0.0,0.68511,0.68511,1.0,0.0,0.0,2.919239,0.0,10.0
0.0,0.044579,1.0,96.666664,0.638608,0.317616,-0.0,2430.285889,18715.707031,2282.0,1.0,1992.0,4.0,0.0,0.362195,64000.0,1721542144.0,64.0,0.0,0.0,0.0,0.0,0.0,62.0,0.0,3.131812,1.0,3.0,1.0,0.0,9.395435,31872.0,7.0,1.0,0.0,12.5,0.0,0.638608,0.0,0.0,21145.994141,0.638608,290.0,0.0,498.0,0.0,0.0,0.638608,0.638608,1.0,0.0,0.0,4.697718,0.0,10.0
0.0,0.044579,0.0,0.0,0.898135,0.317616,-0.0,0.0,1442.990234,324.0,1.0,324.0,2.0,0.0,0.362195,103135.70040124832,1721542144.0,64.0,0.0,0.0,0.0,0.0,0.0,62.0,0.0,0.0,1.0,0.0,1.0,0.0,1.113418,37317.08209959624,2.0,0.0,0.0,0.0,0.0,0.898135,0.0,1.0,1442.990234,0.898135,0.0,0.0,162.0,0.0,0.0,0.898135,0.898135,1.0,0.0,0.0,1.113418,0.0,10.0
0.0,0.044579,0.0,116.285713,0.773263,0.317616,-0.0,7221.34668,20453.583984,3010.0,1.0,2196.0,10.0,0.0,0.362195,64128.0,1721542144.0,64.0,0.0,0.0,0.0,0.0,0.0,62.0,0.0,7.759326,1.0,7.0,0.0,0.0,20.691538,31872.0,17.0,1.0,0.0,0.0,0.0,0.773263,0.0,0.0,27674.931641,0.773263,814.0,0.0,219.600006,0.0,0.0,0.773263,0.773263,0.0,0.0,0.0,11.638989,0.0,10.0
0.0,0.044579,0.0,117.199997,0.448609,0.317616,-0.0,8363.630859,16370.603516,1656.0,1.0,1070.0,7.0,0.0,0.362195,64128.0,1721542144.0,64.0,0.0,0.0,0.0,0.0,0.0,62.0,0.0,8.916451,1.0,5.0,0.0,0.0,24.520239,31872.0,12.0,1.0,0.0,0.0,0.0,0.448609,0.0,0.0,24734.234375,0.448609,586.0,0.0,152.857147,0.0,0.0,0.448609,0.448609,0.0,0.0,0.0,13.374676,0.0,10.0
0.0,0.044579,0.0,114.0,0.833623,0.317616,-0.0,8752.158203,14826.84668,2742.0,1.0,1716.0,10.0,0.0,0.362195,64128.0,1721542144.0,64.0,0.0,0.0,0.0,0.0,0.0,62.0,0.0,9.596664,1.0,9.0,0.0,0.0,21.592495,31872.0,19.0,1.0,0.0,0.0,0.0,0.833623,0.0,0.0,23579.003906,0.833623,1026.0,0.0,171.600006,0.0,0.0,0.833623,0.833623,0.0,0.0,0.0,10.796247,0.0,10.0
0.0,0.044579,2.0,89.333336,0.989701,0.317616,-0.0,3613.212646,15277.341797,2804.0,1.0,2268.0,6.0,0.0,0.362195,64128.0,1721542144.0,64.0,0.0,0.0,0.0,0.0,0.0,62.0,0.0,5.052031,1.0,6.0,2.0,0.0,11.114469,31872.0,12.0,1.0,0.0,14.285714,0.0,0.989701,0.0,0.0,18890.554688,0.989701,536.0,0.0,378.0,0.0,0.0,0.989701,0.989701,1.0,0.0,0.0,5.052031,0.0,10.0
0.0,0.044579,0.0,146.0,0.631566,0.317616,-0.0,0.0,2216.712158,408.0,1.0,262.0,3.0,0.0,0.362195,64128.0,1721542144.0,64.0,0.0,0.0,0.0,0.0,0.0,62.0,0.0,0.0,1.0,1.0,0.0,0.0,4.750097,31872.0,4.0,1.0,0.0,0.0,0.0,0.631566,0.0,0.0,2216.712158,0.631566,146.0,0.0,87.333336,0.0,0.0,0.631566,0.631566,0.0,0.0,0.0,3.166732,0.0,10.0
0.0,0.044579,1.0,146.0,0.48477,0.317616,-0.0,0.0,3729.60376,484.0,1.0,338.0,3.0,0.0,0.362195,64128.0,1721542144.0,64.0,0.0,0.0,0.0,0.0,0.0,62.0,0.0,0.0,1.0,1.0,1.0,0.0,6.188502,31872.0,4.0,1.0,0.0,20.0,0.0,0.48477,0.0,0.0,3729.60376,0.48477,146.0,0.0,112.666664,0.0,0.0,0.48477,0.48477,1.0,0.0,0.0,4.125668,0.0,10.0
0.0,0.044579,1.0,146.0,0.350568,0.317616,-0.0,0.0,2373.29126,354.0,1.0,208.0,2.0,0.0,0.362195,64128.0,1721542144.0,64.0,0.0,0.0,0.0,0.0,0.0,62.0,0.0,0.0,1.0,1.0,1.0,0.0,5.705027,31872.0,3.0,1.0,0.0,25.0,0.0,0.350568,0.0,0.0,2373.29126,0.350568,146.0,0.0,104.0,0.0,0.0,0.350568,0.350568,1.0,0.0,0.0,2.852514,0.0,10.0
0.0,0.044579,0.0,0.0,0.0,0.317616,-0.0,0.0,0.0,130.0,1.0,130.0,1.0,0.0,0.362195,103135.70040124832,1721542144.0,64.0,0.0,0.0,0.0,0.0,0.0,62.0,0.0,0.0,1.0,0.0,0.0,0.0,0.0,37317.08209959624,1.0,0.0,0.0,0.0,0.0,0.0,0.0,1.0,0.0,0.0,0.0,0.0,130.0,0.0,0.0,0.0,0.0,0.0,0.0,0.0,0.0,0.0,10.0
0.0,0.044579,0.0,0.0,0.0,0.317616,-0.0,0.0,0.0,130.0,1.0,130.0,1.0,0.0,0.362195,103135.70040124832,1721542144.0,64.0,0.0,0.0,0.0,0.0,0.0,62.0,0.0,0.0,1.0,0.0,0.0,0.0,0.0,37317.08209959624,1.0,0.0,0.0,0.0,0.0,0.0,0.0,1.0,0.0,0.0,0.0,0.0,130.0,0.0,0.0,0.0,0.0,0.0,0.0,0.0,0.0,0.0,10.0
0.0,0.044579,0.0,130.0,0.005513,0.317616,-0.0,0.0,670415.375,746.0,1.0,616.0,4.0,0.0,0.362195,64128.0,1721542144.0,64.0,0.0,0.0,0.0,0.0,0.0,62.0,0.0,0.0,1.0,1.0,0.0,0.0,725.5578,31872.0,5.0,1.0,0.0,0.0,0.0,0.005513,0.0,0.0,670415.375,0.005513,130.0,0.0,154.0,0.0,0.0,0.005513,0.005513,0.0,0.0,0.0,544.168335,0.0,10.0
0.0,0.044579,0.0,90.0,0.274487,0.317616,-0.0,2623.075195,3322.561768,408.0,1.0,228.0,2.0,0.0,0.362195,64128.0,1721542144.0,64.0,0.0,0.0,0.0,0.0,0.0,62.0,0.0,3.64316,1.0,2.0,0.0,0.0,10.92948,31872.0,4.0,1.0,0.0,0.0,0.0,0.274487,0.0,0.0,5945.637207,0.274487,180.0,0.0,114.0,0.0,0.0,0.274487,0.274487,0.0,0.0,0.0,3.64316,0.0,10.0
0.0,0.044579,0.0,116.666664,0.887089,0.317616,-0.0,5266.664062,7449.083496,1644.0,1.0,944.0,8.0,0.0,0.362195,64128.0,1721542144.0,64.0,0.0,0.0,0.0,0.0,0.0,62.0,0.0,5.636413,1.0,6.0,0.0,0.0,14.654674,31872.0,14.0,1.0,0.0,0.0,0.0,0.887089,0.0,0.0,12715.748047,0.887089,700.0,0.0,118.0,0.0,0.0,0.887089,0.887089,0.0,0.0,0.0,7.890978,0.0,10.0
0.0,0.044579,0.0,114.0,0.44557,0.317616,-0.0,6140.449219,13358.170898,1348.0,1.0,892.0,6.0,0.0,0.362195,64128.0,1721542144.0,64.0,0.0,0.0,0.0,0.0,0.0,62.0,0.0,6.732949,1.0,4.0,0.0,0.0,20.198847,31872.0,10.0,1.0,0.0,0.0,0.0,0.44557,0.0,0.0,19498.619141,0.44557,456.0,0.0,148.666672,0.0,0.0,0.44557,0.44557,0.0,0.0,0.0,11.221581,0.0,10.0
0.0,0.044579,0.0,135.333328,0.950577,0.317616,-0.0,2280.719971,7717.417969,1506.0,1.0,1100.0,6.0,0.0,0.362195,64128.0,1721542144.0,64.0,0.0,0.0,0.0,0.0,0.0,62.0,0.0,2.103985,1.0,3.0,0.0,0.0,8.415941,31872.0,9.0,1.0,0.0,0.0,0.0,0.950577,0.0,0.0,9998.137695,0.950577,406.0,0.0,183.333328,0.0,0.0,0.950577,0.950577,0.0,0.0,0.0,5.259963,0.0,10.0
0.0,0.044579,0.0,109.428574,0.974941,0.317616,-0.0,5391.095215,9059.009766,2090.0,1.0,1324.0,6.0,0.0,0.362195,64128.0,1721542144.0,64.0,0.0,0.0,0.0,0.0,0.0,62.0,0.0,6.154219,1.0,7.0,0.0,0.0,12.308437,31872.0,13.0,1.0,0.0,0.0,0.0,0.974941,0.0,0.0,14450.104492,0.974941,766.0,0.0,220.666672,0.0,0.0,0.974941,0.974941,0.0,0.0,0.0,5.128515,0.0,10.0
0.0,0.044579,0.0,114.0,0.005471,0.317616,-0.0,0.0,96508.867188,246.0,1.0,132.0,2.0,0.0,0.362195,64128.0,1721542144.0,64.0,0.0,0.0,0.0,0.0,0.0,62.0,0.0,0.0,1.0,1.0,0.0,0.0,365.563873,31872.0,3.0,0.0,0.0,0.0,0.0,0.005471,0.0,0.0,96508.867188,0.005471,114.0,0.0,66.0,0.0,0.0,0.005471,0.005471,0.0,0.0,0.0,182.781937,0.0,10.0
0.0,0.044579,0.0,95.714287,0.850914,0.317616,-0.0,5405.95166,123584.757812,14826.0,1.0,14156.0,14.0,0.0,0.362195,64128.0,1721542144.0,64.0,0.0,0.0,0.0,0.0,0.0,62.0,0.0,7.051241,1.0,7.0,0.0,0.0,23.504137,31872.0,21.0,1.0,0.0,0.0,0.0,0.850914,0.0,0.0,128990.710938,0.850914,670.0,0.0,1011.142883,0.0,0.0,0.850914,0.850914,0.0,0.0,0.0,15.27769,0.0,10.0
0.0,0.044579,0.0,130.0,0.980627,0.317616,-0.0,1060.545898,1427.657959,522.0,1.0,262.0,3.0,0.0,0.362195,64128.0,1721542144.0,64.0,0.0,0.0,0.0,0.0,0.0,62.0,0.0,1.019756,1.0,2.0,0.0,0.0,4.079023,31872.0,5.0,1.0,0.0,0.0,0.0,0.980627,0.0,0.0,2488.203857,0.980627,260.0,0.0,87.333336,0.0,0.0,0.980627,0.980627,0.0,0.0,0.0,2.039511,0.0,10.0
0.0,0.044579,0.0,110.0,0.543632,0.317616,-0.0,4856.226562,18394.796875,2002.0,1.0,1562.0,5.0,0.0,0.362195,64128.0,1721542144.0,64.0,0.0,0.0,0.0,0.0,0.0,62.0,0.0,5.518439,1.0,4.0,0.0,0.0,14.715838,31872.0,9.0,1.0,0.0,0.0,0.0,0.543632,0.0,0.0,23251.023438,0.543632,440.0,0.0,312.399994,0.0,0.0,0.543632,0.543632,0.0,0.0,0.0,7.357919,0.0,10.0
0.0,0.044579,1.0,138.0,0.645894,0.317616,-0.0,1709.258789,9710.572266,1216.0,1.0,940.0,6.0,0.0,0.362195,64128.0,1721542144.0,64.0,0.0,0.0,0.0,0.0,0.0,62.0,0.0,1.548242,1.0,2.0,1.0,0.0,10.837692,31872.0,8.0,1.0,0.0,11.111111,0.0,0.645894,0.0,0.0,11419.831055,0.645894,276.0,0.0,156.666672,0.0,0.0,0.645894,0.645894,1.0,0.0,0.0,7.741209,0.0,10.0
0.0,0.044579,0.0,116.400002,0.466117,0.317616,-0.0,7997.992188,21162.068359,2020.0,1.0,1438.0,7.0,0.0,0.362195,64128.0,1721542144.0,64.0,0.0,0.0,0.0,0.0,0.0,62.0,0.0,8.581536,1.0,5.0,0.0,0.0,23.599226,31872.0,12.0,1.0,0.0,0.0,0.0,0.466117,0.0,0.0,29160.060547,0.466117,582.0,0.0,205.428574,0.0,0.0,0.466117,0.466117,0.0,0.0,0.0,12.872305,0.0,10.0
1.0,0.044579,1.0,102.0,0.170156,0.317616,-0.0,9591.198242,9591.198242,612.0,1.0,306.0,3.0,0.0,0.362195,64128.0,1721542144.0,64.0,0.0,0.0,0.0,0.0,0.0,62.0,1.0,11.75392,1.0,3.0,0.0,0.0,29.3848,31872.0,6.0,1.0,0.0,14.285714,0.0,0.170156,0.0,0.0,19182.396484,0.170156,306.0,0.0,102.0,0.0,0.0,0.170156,0.170156,0.0,0.0,0.0,11.75392,0.0,10.0
0.0,0.044579,1.0,121.0,0.991772,0.317616,-0.0,2928.092285,5614.193848,1354.0,1.0,870.0,5.0,0.0,0.362195,64128.0,1721542144.0,64.0,0.0,0.0,0.0,0.0,0.0,62.0,0.0,3.024889,1.0,4.0,1.0,0.0,8.06637,31872.0,9.0,1.0,0.0,10.0,47.0,0.991772,0.0,0.0,8542.286133,0.991772,484.0,0.0,174.0,0.0,0.0,0.991772,0.991772,1.0,0.0,0.0,4.033185,0.0,10.0
1.0,0.044579,1.0,108.666664,0.996337,0.317616,-0.0,4368.0,3709.588135,1268.0,1.0,616.0,4.0,0.0,0.362195,64128.0,1721542144.0,64.0,0.0,0.0,0.0,0.0,0.0,62.0,1.0,5.018383,1.0,6.0,0.0,0.0,9.033089,31872.0,10.0,1.0,0.0,9.090909,0.0,0.996337,0.0,0.0,8077.588379,0.996337,652.0,0.0,154.0,0.0,0.0,0.996337,0.996337,0.0,0.0,0.0,3.011029,0.0,10.0
0.0,0.044579,0.0,114.0,0.068167,0.317616,-0.0,0.0,7745.683105,246.0,1.0,132.0,2.0,0.0,0.362195,64128.0,1721542144.0,64.0,0.0,0.0,0.0,0.0,0.0,62.0,0.0,0.0,1.0,1.0,0.0,0.0,29.33971,31872.0,3.0,0.0,0.0,0.0,0.0,0.068167,0.0,0.0,7745.683105,0.068167,114.0,0.0,66.0,0.0,0.0,0.068167,0.068167,0.0,0.0,0.0,14.669855,0.0,10.0
0.0,0.044579,0.0,117.199997,0.900272,0.317616,-0.0,9374.944336,14493.397461,2928.0,1.0,1756.0,14.0,0.0,0.362195,64128.0,1721542144.0,64.0,0.0,0.0,0.0,0.0,0.0,62.0,0.0,9.996979,1.0,10.0,0.0,0.0,25.547834,31872.0,24.0,1.0,0.0,0.0,0.0,0.900272,0.0,0.0,23868.341797,0.900272,1172.0,0.0,125.428574,0.0,0.0,0.900272,0.900272,0.0,0.0,0.0,14.44008,0.0,10.0
0.0,0.044579,0.0,98.0,0.496505,0.317616,-0.0,11053.262695,139535.359375,10310.0,1.0,9526.0,11.0,0.0,0.362195,64128.0,1721542144.0,64.0,0.0,0.0,0.0,0.0,0.0,62.0,0.0,14.098549,1.0,8.0,0.0,0.0,36.25341,31872.0,19.0,1.0,0.0,0.0,0.0,0.496505,0.0,0.0,150588.609375,0.496505,784.0,0.0,866.0,0.0,0.0,0.496505,0.496505,0.0,0.0,0.0,20.140785,0.0,10.0
0.0,0.044579,0.0,123.599998,0.729018,0.317616,-0.0,5431.964844,9470.274414,1624.0,1.0,1006.0,7.0,0.0,0.362195,64128.0,1721542144.0,64.0,0.0,0.0,0.0,0.0,0.0,62.0,0.0,5.486833,1.0,5.0,0.0,0.0,15.088791,31872.0,12.0,1.0,0.0,0.0,0.0,0.729018,0.0,0.0,14902.239258,0.729018,618.0,0.0,143.714279,0.0,0.0,0.729018,0.729018,0.0,0.0,0.0,8.230249,0.0,10.0
0.0,0.044579,0.0,117.199997,0.656578,0.317616,-0.0,5714.477051,10515.125,1592.0,1.0,1006.0,7.0,0.0,0.362195,64128.0,1721542144.0,64.0,0.0,0.0,0.0,0.0,0.0,62.0,0.0,6.092193,1.0,5.0,0.0,0.0,16.753531,31872.0,12.0,1.0,0.0,0.0,0.0,0.656578,0.0,0.0,16229.602539,0.656578,586.0,0.0,143.714279,0.0,0.0,0.656578,0.656578,0.0,0.0,0.0,9.138289,0.0,10.0
0.0,0.044579,0.0,125.199997,0.94494,0.317616,-0.0,9541.34668,12208.182617,2814.0,1.0,1562.0,13.0,0.0,0.362195,64128.0,1721542144.0,64.0,0.0,0.0,0.0,0.0,0.0,62.0,0.0,9.524415,1.0,10.0,0.0,0.0,23.281902,31872.0,23.0,1.0,0.0,0.0,0.0,0.94494,0.0,0.0,21749.529297,0.94494,1252.0,0.0,120.153847,0.0,0.0,0.94494,0.94494,0.0,0.0,0.0,12.69922,0.0,10.0
0.0,0.044579,0.0,130.0,0.22857,0.317616,-0.0,9100.056641,25550.160156,1266.0,1.0,876.0,6.0,0.0,0.362195,64128.0,1721542144.0,64.0,0.0,0.0,0.0,0.0,0.0,62.0,0.0,8.750054,1.0,3.0,0.0,0.0,35.000217,31872.0,9.0,1.0,0.0,0.0,0.0,0.22857,0.0,0.0,34650.214844,0.22857,390.0,0.0,146.0,0.0,0.0,0.22857,0.22857,0.0,0.0,0.0,21.875137,0.0,10.0
0.0,0.044579,0.0,0.0,0.895403,0.317616,-0.0,0.0,7853.446777,1098.0,1.0,1098.0,5.0,0.0,0.362195,103135.70040124832,1721542144.0,64.0,0.0,0.0,0.0,0.0,0.0,62.0,0.0,0.0,1.0,0.0,2.0,0.0,4.467262,37317.08209959624,5.0,0.0,0.0,0.0,0.0,0.895403,0.0,1.0,7853.446777,0.895403,0.0,0.0,219.600006,0.0,0.0,0.895403,0.895403,1.0,0.0,0.0,4.467262,0.0,10.0
0.0,0.044579,0.0,114.0,0.171404,0.317616,-0.0,5320.762695,16148.981445,746.0,1.0,518.0,3.0,0.0,0.362195,64128.0,1721542144.0,64.0,0.0,0.0,0.0,0.0,0.0,62.0,0.0,5.834169,1.0,2.0,0.0,0.0,23.336678,31872.0,5.0,1.0,0.0,0.0,0.0,0.171404,0.0,0.0,21469.744141,0.171404,228.0,0.0,172.666672,0.0,0.0,0.171404,0.171404,0.0,0.0,0.0,11.668339,0.0,10.0
0.0,0.044579,0.0,124.666664,0.193809,0.317616,-0.0,10319.438477,18079.65625,958.0,1.0,584.0,4.0,0.0,0.362195,64128.0,1721542144.0,64.0,0.0,0.0,0.0,0.0,0.0,62.0,0.0,10.319438,1.0,3.0,0.0,0.0,30.958315,31872.0,7.0,1.0,0.0,0.0,0.0,0.193809,0.0,0.0,28399.095703,0.193809,374.0,0.0,146.0,0.0,0.0,0.193809,0.193809,0.0,0.0,0.0,15.479157,0.0,10.0
0.0,0.044579,0.0,0.0,0.636095,0.317616,-0.0,0.0,13545.146484,1292.0,1.0,1292.0,6.0,0.0,0.362195,103135.70040124832,1721542144.0,64.0,0.0,0.0,0.0,0.0,0.0,62.0,0.0,0.0,1.0,0.0,2.0,0.0,7.860461,37317.08209959624,6.0,0.0,0.0,0.0,0.0,0.636095,0.0,1.0,13545.146484,0.636095,0.0,0.0,215.333328,0.0,0.0,0.636095,0.636095,1.0,0.0,0.0,7.860461,0.0,10.0
0.0,0.044579,0.0,0.0,0.0,0.317616,-0.0,0.0,0.0,450.0,1.0,450.0,1.0,0.0,0.362195,103135.70040124832,1721542144.0,64.0,0.0,0.0,0.0,0.0,0.0,62.0,0.0,0.0,1.0,0.0,0.0,0.0,0.0,37317.08209959624,1.0,0.0,0.0,0.0,0.0,0.0,0.0,1.0,0.0,0.0,0.0,0.0,450.0,0.0,0.0,0.0,0.0,0.0,0.0,0.0,0.0,0.0,10.0
0.0,0.044579,0.0,0.0,0.0,0.317616,-0.0,0.0,0.0,450.0,1.0,450.0,1.0,0.0,0.362195,103135.70040124832,1721542144.0,64.0,0.0,0.0,0.0,0.0,0.0,62.0,0.0,0.0,1.0,0.0,0.0,0.0,0.0,37317.08209959624,1.0,0.0,0.0,0.0,0.0,0.0,0.0,1.0,0.0,0.0,0.0,0.0,450.0,0.0,0.0,0.0,0.0,0.0,0.0,0.0,0.0,0.0,10.0
0.0,0.044579,0.0,114.0,0.875678,0.317616,-0.0,2082.95752,4522.209961,1002.0,1.0,660.0,4.0,0.0,0.362195,64128.0,1721542144.0,64.0,0.0,0.0,0.0,0.0,0.0,62.0,0.0,2.283945,1.0,3.0,0.0,0.0,6.851834,31872.0,7.0,1.0,0.0,0.0,0.0,0.875678,0.0,0.0,6605.16748,0.875678,342.0,0.0,165.0,0.0,0.0,0.875678,0.875678,0.0,0.0,0.0,3.425917,0.0,10.0
0.0,0.044579,0.0,114.0,0.937431,0.317616,-0.0,2918.61499,9387.357422,1776.0,1.0,1320.0,6.0,0.0,0.362195,64128.0,1721542144.0,64.0,0.0,0.0,0.0,0.0,0.0,62.0,0.0,3.200236,1.0,4.0,0.0,0.0,9.600707,31872.0,10.0,1.0,0.0,0.0,0.0,0.937431,0.0,0.0,12305.972656,0.937431,456.0,0.0,220.0,0.0,0.0,0.937431,0.937431,0.0,0.0,0.0,5.333726,0.0,10.0
0.0,0.044579,0.0,0.0,0.56297,0.317616,-0.0,0.0,2302.07666,324.0,1.0,324.0,2.0,0.0,0.362195,103135.70040124832,1721542144.0,64.0,0.0,0.0,0.0,0.0,0.0,62.0,0.0,0.0,1.0,0.0,1.0,0.0,1.776294,37317.08209959624,2.0,0.0,0.0,0.0,0.0,0.56297,0.0,1.0,2302.07666,0.56297,0.0,0.0,162.0,0.0,0.0,0.56297,0.56297,1.0,0.0,0.0,1.776294,0.0,10.0
0.0,0.044579,0.0,119.333336,0.889983,0.317616,-0.0,8584.433594,16018.283203,3004.0,1.0,1930.0,13.0,0.0,0.362195,64128.0,1721542144.0,64.0,0.0,0.0,0.0,0.0,0.0,62.0,0.0,8.988935,1.0,9.0,0.0,0.0,23.595957,31872.0,22.0,1.0,0.0,0.0,0.0,0.889983,0.0,0.0,24602.716797,0.889983,1074.0,0.0,148.461533,0.0,0.0,0.889983,0.889983,0.0,0.0,0.0,13.483403,0.0,10.0
0.0,0.044579,0.0,102.571426,0.74384,0.317616,-0.0,6625.081055,8690.041016,1660.0,1.0,942.0,7.0,0.0,0.362195,64128.0,1721542144.0,64.0,0.0,0.0,0.0,0.0,0.0,62.0,0.0,8.066251,1.0,7.0,0.0,0.0,17.476877,31872.0,14.0,1.0,0.0,0.0,0.0,0.74384,0.0,0.0,15315.12207,0.74384,718.0,0.0,134.571426,0.0,0.0,0.74384,0.74384,0.0,0.0,0.0,8.066251,0.0,10.0
0.0,0.044579,0.0,66.0,0.0,0.317616,-0.0,0.0,0.0,356.0,1.0,290.0,1.0,0.0,0.362195,64128.0,1721542144.0,64.0,0.0,0.0,0.0,0.0,0.0,62.0,0.0,0.0,1.0,1.0,0.0,1.0,0.0,31872.0,2.0,0.0,0.0,0.0,0.0,0.0,0.0,0.0,0.0,0.0,66.0,0.0,290.0,0.0,0.0,0.0,0.0,0.0,0.0,0.0,0.0,0.0,10.0
0.0,0.044579,0.0,66.0,0.714672,0.317616,-0.0,0.0,2350.728516,486.0,1.0,420.0,2.0,0.0,0.362195,64128.0,1721542144.0,64.0,0.0,0.0,0.0,0.0,0.0,62.0,0.0,0.0,1.0,1.0,0.0,1.0,2.798486,31872.0,3.0,0.0,0.0,0.0,0.0,0.714672,0.0,0.0,2350.728516,0.714672,66.0,0.0,210.0,0.0,0.0,0.714672,0.714672,0.0,0.0,0.0,1.399243,0.0,10.0
0.0,0.044579,0.0,66.0,0.448289,0.317616,-0.0,1177.811646,3747.58252,552.0,1.0,420.0,2.0,0.0,0.362195,64128.0,1721542144.0,64.0,0.0,0.0,0.0,0.0,0.0,62.0,0.0,2.230704,1.0,2.0,0.0,1.0,6.692111,31872.0,4.0,0.0,0.0,0.0,0.0,0.448289,0.0,0.0,4925.394043,0.448289,132.0,0.0,210.0,0.0,0.0,0.448289,0.448289,0.0,0.0,0.0,2.230704,0.0,10.0
0.0,0.044579,0.0,66.0,0.0,0.317616,-0.0,0.0,0.0,276.0,1.0,210.0,1.0,0.0,0.362195,64128.0,1721542144.0,64.0,0.0,0.0,0.0,0.0,0.0,62.0,0.0,0.0,1.0,1.0,0.0,1.0,0.0,31872.0,2.0,0.0,0.0,0.0,0.0,0.0,0.0,0.0,0.0,0.0,66.0,0.0,210.0,0.0,0.0,0.0,0.0,0.0,0.0,0.0,0.0,0.0,10.0
0.0,0.044579,0.0,66.0,0.0,0.317616,-0.0,0.0,0.0,276.0,1.0,210.0,1.0,0.0,0.362195,64128.0,1721542144.0,64.0,0.0,0.0,0.0,0.0,0.0,62.0,0.0,0.0,1.0,1.0,0.0,1.0,0.0,31872.0,2.0,0.0,0.0,0.0,0.0,0.0,0.0,0.0,0.0,0.0,66.0,0.0,210.0,0.0,0.0,0.0,0.0,0.0,0.0,0.0,0.0,0.0,10.0
0.0,0.044579,0.0,0.0,0.846348,0.317616,-0.0,0.0,3969.998291,630.0,1.0,630.0,3.0,0.0,0.362195,103135.70040124832,1721542144.0,64.0,0.0,0.0,0.0,0.0,0.0,62.0,0.0,0.0,1.0,0.0,2.0,0.0,2.363094,37317.08209959624,3.0,0.0,0.0,0.0,0.0,0.846348,0.0,1.0,3969.998291,0.846348,0.0,0.0,210.0,0.0,0.0,0.846348,0.846348,1.0,0.0,0.0,2.363094,0.0,10.0
0.0,0.044579,0.0,0.0,0.0,0.317616,-0.0,0.0,0.0,210.0,1.0,210.0,1.0,0.0,0.362195,103135.70040124832,1721542144.0,64.0,0.0,0.0,0.0,0.0,0.0,62.0,0.0,0.0,1.0,0.0,0.0,0.0,0.0,37317.08209959624,1.0,0.0,0.0,0.0,0.0,0.0,0.0,1.0,0.0,0.0,0.0,0.0,210.0,0.0,0.0,0.0,0.0,0.0,0.0,0.0,0.0,0.0,10.0
0.0,0.044579,0.0,90.0,0.4194,0.317616,-0.0,5150.214355,15679.541992,1456.0,1.0,1096.0,4.0,0.0,0.362195,64128.0,1721542144.0,64.0,0.0,0.0,0.0,0.0,0.0,62.0,0.0,7.153076,1.0,4.0,0.0,0.0,16.69051,31872.0,8.0,1.0,0.0,0.0,0.0,0.4194,0.0,0.0,20829.755859,0.4194,360.0,0.0,274.0,0.0,0.0,0.4194,0.4194,0.0,0.0,0.0,7.153076,0.0,10.0
0.0,0.044579,1.0,119.333336,0.890109,0.317616,-0.0,2148.051514,19629.056641,2978.0,1.0,2620.0,6.0,0.0,0.362195,64128.0,1721542144.0,64.0,0.0,0.0,0.0,0.0,0.0,62.0,0.0,2.246916,1.0,3.0,1.0,0.0,8.987663,31872.0,9.0,1.0,0.0,10.0,0.0,0.890109,0.0,0.0,21777.107422,0.890109,358.0,0.0,436.666656,0.0,0.0,0.890109,0.890109,1.0,0.0,0.0,5.61729,0.0,10.0
0.0,0.044579,0.0,72.0,0.339091,0.317616,-0.0,1698.659058,0.0,978.0,1.0,834.0,1.0,0.0,0.362195,64128.0,1721542144.0,64.0,0.0,0.0,0.0,0.0,0.0,62.0,0.0,2.949061,1.0,2.0,0.0,1.0,5.898122,31872.0,3.0,0.0,0.0,0.0,0.0,0.339091,0.0,0.0,1698.659058,0.339091,144.0,0.0,834.0,0.0,0.0,0.339091,0.339091,0.0,0.0,0.0,0.0,0.0,10.0
0.0,0.044579,0.0,66.0,0.165841,0.317616,-0.0,0.0,0.0,500.0,1.0,434.0,1.0,0.0,0.362195,64128.0,1721542144.0,64.0,0.0,0.0,0.0,0.0,0.0,62.0,0.0,0.0,1.0,1.0,0.0,1.0,6.029872,31872.0,2.0,0.0,0.0,0.0,0.0,0.165841,0.0,0.0,0.0,0.165841,66.0,0.0,434.0,0.0,0.0,0.165841,0.165841,0.0,0.0,0.0,0.0,0.0,10.0
0.0,0.044579,1.0,78.0,0.977322,0.317616,-0.0,0.0,8791.371094,1510.0,1.0,1432.0,4.0,0.0,0.362195,64128.0,1721542144.0,64.0,0.0,0.0,0.0,0.0,0.0,62.0,0.0,0.0,1.0,1.0,1.0,1.0,4.092817,31872.0,5.0,0.0,0.0,16.666667,0.0,0.977322,0.0,0.0,8791.371094,0.977322,78.0,0.0,358.0,0.0,0.0,0.977322,0.977322,1.0,0.0,0.0,3.069613,0.0,10.0
0.0,0.044579,0.0,0.0,0.619719,0.317616,-0.0,0.0,6015.629395,932.0,1.0,932.0,2.0,0.0,0.362195,103135.70040124832,1721542144.0,64.0,0.0,0.0,0.0,0.0,0.0,62.0,0.0,0.0,1.0,0.0,1.0,0.0,1.613634,37317.08209959624,2.0,0.0,0.0,0.0,0.0,0.619719,0.0,1.0,6015.629395,0.619719,0.0,0.0,466.0,0.0,0.0,0.619719,0.619719,1.0,0.0,0.0,1.613634,0.0,10.0
0.0,0.044579,0.0,0.0,0.0,0.317616,-0.0,0.0,0.0,498.0,1.0,498.0,1.0,0.0,0.362195,103135.70040124832,1721542144.0,64.0,0.0,0.0,0.0,0.0,0.0,62.0,0.0,0.0,1.0,0.0,0.0,0.0,0.0,37317.08209959624,1.0,0.0,0.0,0.0,0.0,0.0,0.0,1.0,0.0,0.0,0.0,0.0,498.0,0.0,0.0,0.0,0.0,0.0,0.0,0.0,0.0,0.0,10.0
0.0,0.044579,0.0,78.0,0.524269,0.317616,-0.0,0.0,35874.714844,3604.0,1.0,3526.0,3.0,0.0,0.362195,64128.0,1721542144.0,64.0,0.0,0.0,0.0,0.0,0.0,62.0,0.0,0.0,1.0,1.0,0.0,1.0,5.722253,31872.0,4.0,0.0,0.0,0.0,0.0,0.524269,0.0,0.0,35874.714844,0.524269,78.0,0.0,1175.333374,0.0,0.0,0.524269,0.524269,0.0,0.0,0.0,3.814836,0.0,10.0
0.0,0.044579,2.0,84.0,0.880042,0.317616,-0.0,2290.799805,22344.386719,4022.0,1.0,3686.0,3.0,0.0,0.362195,64128.0,1721542144.0,64.0,0.0,0.0,0.0,0.0,0.0,62.0,0.0,3.408928,1.0,4.0,2.0,0.0,6.817856,31872.0,7.0,1.0,0.0,22.222222,0.0,0.880042,0.0,0.0,24635.1875,0.880042,336.0,0.0,1228.666626,0.0,0.0,0.880042,0.880042,1.0,0.0,0.0,2.272619,0.0,10.0
0.0,0.044579,0.0,114.0,0.046402,0.317616,-0.0,0.0,11378.820312,246.0,1.0,132.0,2.0,0.0,0.362195,64128.0,1721542144.0,64.0,0.0,0.0,0.0,0.0,0.0,62.0,0.0,0.0,1.0,1.0,0.0,0.0,43.101589,31872.0,3.0,0.0,0.0,0.0,0.0,0.046402,0.0,0.0,11378.820312,0.046402,114.0,0.0,66.0,0.0,0.0,0.046402,0.046402,0.0,0.0,0.0,21.550795,0.0,10.0
0.0,0.044579,1.0,146.0,0.854921,0.317616,-0.0,1366.20813,2835.349854,696.0,1.0,404.0,4.0,0.0,0.362195,64128.0,1721542144.0,64.0,0.0,0.0,0.0,0.0,0.0,62.0,0.0,1.169699,1.0,2.0,1.0,0.0,5.848494,31872.0,6.0,1.0,0.0,14.285714,0.0,0.854921,0.0,0.0,4201.558105,0.854921,292.0,0.0,101.0,0.0,0.0,0.854921,0.854921,1.0,0.0,0.0,3.509096,0.0,10.0
0.0,0.044579,1.0,106.0,0.875092,0.317616,-0.0,2907.122803,4726.359863,1070.0,1.0,646.0,5.0,0.0,0.362195,64128.0,1721542144.0,64.0,0.0,0.0,0.0,0.0,0.0,62.0,0.0,3.428211,1.0,4.0,1.0,0.0,9.141895,31872.0,9.0,1.0,0.0,10.0,0.0,0.875092,0.0,0.0,7633.48291,0.875092,424.0,0.0,129.199997,0.0,0.0,0.875092,0.875092,1.0,0.0,0.0,4.570948,0.0,10.0
0.0,0.044579,1.0,66.0,0.979992,0.317616,-0.0,0.0,8391.905273,1608.0,1.0,1542.0,3.0,0.0,0.362195,64128.0,1721542144.0,64.0,0.0,0.0,0.0,0.0,0.0,62.0,0.0,0.0,1.0,1.0,1.0,1.0,3.061249,31872.0,4.0,0.0,0.0,20.0,0.0,0.979992,0.0,0.0,8391.905273,0.979992,66.0,0.0,514.0,0.0,0.0,0.979992,0.979992,1.0,0.0,0.0,2.040833,0.0,10.0
0.0,0.044579,0.0,66.0,0.911195,0.317616,-0.0,579.458862,0.0,646.0,1.0,514.0,1.0,0.0,0.362195,64128.0,1721542144.0,64.0,0.0,0.0,0.0,0.0,0.0,62.0,0.0,1.09746,1.0,2.0,0.0,1.0,2.19492,31872.0,3.0,0.0,0.0,0.0,0.0,0.911195,0.0,0.0,579.458862,0.911195,132.0,0.0,514.0,0.0,0.0,0.911195,0.911195,0.0,0.0,0.0,0.0,0.0,10.0
0.0,0.044579,0.0,66.0,0.0,0.317616,-0.0,0.0,0.0,580.0,1.0,514.0,1.0,0.0,0.362195,64128.0,1721542144.0,64.0,0.0,0.0,0.0,0.0,0.0,62.0,0.0,0.0,1.0,1.0,0.0,1.0,0.0,31872.0,2.0,0.0,0.0,0.0,0.0,0.0,0.0,0.0,0.0,0.0,66.0,0.0,514.0,0.0,0.0,0.0,0.0,0.0,0.0,0.0,0.0,0.0,10.0
0.0,0.044579,0.0,90.0,0.080366,0.317616,-0.0,26877.037109,94965.53125,1632.0,1.0,1272.0,4.0,0.0,0.362195,64128.0,1721542144.0,64.0,0.0,0.0,0.0,0.0,0.0,62.0,0.0,37.32922,1.0,4.0,0.0,0.0,87.101509,31872.0,8.0,1.0,0.0,0.0,0.0,0.080366,0.0,0.0,121842.570312,0.080366,360.0,0.0,318.0,0.0,0.0,0.080366,0.080366,0.0,0.0,0.0,37.32922,0.0,10.0
0.0,0.044579,1.0,146.0,0.60473,0.317616,-0.0,1931.44043,4008.400391,696.0,1.0,404.0,4.0,0.0,0.362195,64128.0,1721542144.0,64.0,0.0,0.0,0.0,0.0,0.0,62.0,0.0,1.65363,1.0,2.0,1.0,0.0,8.268152,31872.0,6.0,1.0,0.0,14.285714,0.0,0.60473,0.0,0.0,5939.84082,0.60473,292.0,0.0,101.0,0.0,0.0,0.60473,0.60473,1.0,0.0,0.0,4.960892,0.0,10.0
0.0,0.044579,0.0,119.333336,0.554908,0.317616,-0.0,3445.616455,29121.945312,2782.0,1.0,2424.0,6.0,0.0,0.362195,64128.0,1721542144.0,64.0,0.0,0.0,0.0,0.0,0.0,62.0,0.0,3.604201,1.0,3.0,0.0,0.0,14.416805,31872.0,9.0,1.0,0.0,0.0,0.0,0.554908,0.0,0.0,32567.5625,0.554908,358.0,0.0,404.0,0.0,0.0,0.554908,0.554908,0.0,0.0,0.0,9.010503,0.0,10.0
0.0,0.044579,2.0,78.0,0.576116,0.317616,-0.0,0.0,32271.277344,3564.0,1.0,3486.0,3.0,0.0,0.362195,64128.0,1721542144.0,64.0,0.0,0.0,0.0,0.0,0.0,62.0,0.0,0.0,1.0,1.0,2.0,1.0,5.207284,31872.0,4.0,0.0,0.0,33.333333,0.0,0.576116,0.0,0.0,32271.277344,0.576116,78.0,0.0,1162.0,0.0,0.0,0.576116,0.576116,1.0,0.0,0.0,3.471523,0.0,10.0
0.0,0.044579,0.0,0.0,0.0,0.317616,-0.0,0.0,0.0,1514.0,1.0,1514.0,1.0,0.0,0.362195,103135.70040124832,1721542144.0,64.0,0.0,0.0,0.0,0.0,0.0,62.0,0.0,0.0,1.0,0.0,1.0,0.0,0.0,37317.08209959624,1.0,0.0,0.0,0.0,0.0,0.0,0.0,0.0,0.0,0.0,0.0,0.0,1514.0,1.0,0.0,0.0,0.0,1.0,0.0,0.0,0.0,0.0,10.0
0.0,0.044579,0.0,0.0,0.0,0.317616,-0.0,0.0,0.0,1514.0,1.0,1514.0,1.0,0.0,0.362195,103135.70040124832,1721542144.0,64.0,0.0,0.0,0.0,0.0,0.0,62.0,0.0,0.0,1.0,0.0,1.0,0.0,0.0,37317.08209959624,1.0,0.0,0.0,0.0,0.0,0.0,0.0,0.0,0.0,0.0,0.0,0.0,1514.0,1.0,0.0,0.0,0.0,1.0,0.0,0.0,0.0,0.0,10.0
0.0,0.044579,1.0,114.0,0.854494,0.317616,-0.0,4269.193359,17132.947266,2766.0,1.0,2196.0,6.0,0.0,0.362195,64128.0,1721542144.0,64.0,0.0,0.0,0.0,0.0,0.0,62.0,0.0,4.681133,1.0,5.0,1.0,0.0,11.702832,31872.0,11.0,1.0,0.0,8.333333,0.0,0.854494,0.0,0.0,21402.140625,0.854494,570.0,0.0,366.0,0.0,0.0,0.854494,0.854494,1.0,0.0,0.0,5.851416,0.0,10.0
0.0,0.044579,0.0,98.0,0.729026,0.317616,-0.0,2150.814941,724.253967,426.0,1.0,132.0,2.0,0.0,0.362195,64128.0,1721542144.0,64.0,0.0,0.0,0.0,0.0,0.0,62.0,0.0,2.743386,1.0,3.0,0.0,0.0,5.486773,31872.0,5.0,0.0,0.0,0.0,0.0,0.729026,0.0,0.0,2875.068848,0.729026,294.0,0.0,66.0,0.0,0.0,0.729026,0.729026,0.0,0.0,0.0,1.371693,0.0,10.0
0.0,0.044579,0.0,130.0,0.883685,0.317616,-0.0,3530.669922,13706.241211,2336.0,1.0,1816.0,6.0,0.0,0.362195,64128.0,1721542144.0,64.0,0.0,0.0,0.0,0.0,0.0,62.0,0.0,3.394875,1.0,4.0,0.0,0.0,10.184625,31872.0,10.0,1.0,0.0,0.0,0.0,0.883685,0.0,0.0,17236.912109,0.883685,520.0,0.0,302.666656,0.0,0.0,0.883685,0.883685,0.0,0.0,0.0,5.658125,0.0,10.0
0.0,0.044579,0.0,114.0,0.297588,0.317616,-0.0,3064.639893,1774.265137,360.0,1.0,132.0,2.0,0.0,0.362195,64128.0,1721542144.0,64.0,0.0,0.0,0.0,0.0,0.0,62.0,0.0,3.360351,1.0,2.0,0.0,0.0,10.081052,31872.0,4.0,0.0,0.0,0.0,0.0,0.297588,0.0,0.0,4838.904785,0.297588,228.0,0.0,66.0,0.0,0.0,0.297588,0.297588,0.0,0.0,0.0,3.360351,0.0,10.0
0.0,0.044579,0.0,119.333336,0.650692,0.317616,-0.0,2938.410156,3073.650879,732.0,1.0,374.0,3.0,0.0,0.362195,64128.0,1721542144.0,64.0,0.0,0.0,0.0,0.0,0.0,62.0,0.0,3.073651,1.0,3.0,0.0,0.0,7.684127,31872.0,6.0,1.0,0.0,0.0,0.0,0.650692,0.0,0.0,6012.061035,0.650692,358.0,0.0,124.666664,0.0,0.0,0.650692,0.650692,0.0,0.0,0.0,3.073651,0.0,10.0
0.0,0.044579,0.0,85.199997,0.609047,0.317616,-0.0,4479.128906,38144.839844,3910.0,1.0,3484.0,6.0,0.0,0.362195,64128.0,1721542144.0,64.0,0.0,0.0,0.0,0.0,0.0,62.0,0.0,6.567638,1.0,5.0,0.0,0.0,16.419094,31872.0,11.0,1.0,0.0,0.0,0.0,0.609047,0.0,0.0,42623.96875,0.609047,426.0,0.0,580.666687,0.0,0.0,0.609047,0.609047,0.0,0.0,0.0,8.209547,0.0,10.0
0.0,0.044579,1.0,146.0,0.966434,0.317616,-0.0,1208.566772,2508.189941,696.0,1.0,404.0,4.0,0.0,0.362195,64128.0,1721542144.0,64.0,0.0,0.0,0.0,0.0,0.0,62.0,0.0,1.034732,1.0,2.0,1.0,0.0,5.173659,31872.0,6.0,1.0,0.0,14.285714,0.0,0.966434,0.0,0.0,3716.756592,0.966434,292.0,0.0,101.0,0.0,0.0,0.966434,0.966434,1.0,0.0,0.0,3.104195,0.0,10.0
0.0,0.044579,0.0,146.0,0.00149,0.317616,-0.0,0.0,558389.25,354.0,1.0,208.0,2.0,0.0,0.362195,64128.0,1721542144.0,64.0,0.0,0.0,0.0,0.0,0.0,62.0,0.0,0.0,1.0,1.0,0.0,0.0,1342.28186,31872.0,3.0,1.0,0.0,0.0,0.0,0.00149,0.0,0.0,558389.25,0.00149,146.0,0.0,104.0,0.0,0.0,0.00149,0.00149,0.0,0.0,0.0,671.14093,0.0,10.0
0.0,0.044579,1.0,162.0,0.542714,0.317616,-0.0,0.0,6102.661621,714.0,1.0,552.0,4.0,0.0,0.362195,64128.0,1721542144.0,64.0,0.0,0.0,0.0,0.0,0.0,62.0,0.0,0.0,1.0,1.0,1.0,0.0,7.370365,31872.0,5.0,1.0,0.0,16.666667,0.0,0.542714,0.0,0.0,6102.661621,0.542714,162.0,0.0,138.0,0.0,0.0,0.542714,0.542714,1.0,0.0,0.0,5.527773,0.0,10.0
0.0,0.044579,1.0,114.0,0.45214,0.317616,-0.0,2017.074341,2264.785156,484.0,1.0,256.0,2.0,0.0,0.362195,64128.0,1721542144.0,64.0,0.0,0.0,0.0,0.0,0.0,62.0,0.0,2.211704,1.0,2.0,1.0,0.0,6.635113,31872.0,4.0,1.0,0.0,20.0,0.0,0.45214,0.0,0.0,4281.859375,0.45214,228.0,0.0,128.0,0.0,0.0,0.45214,0.45214,1.0,0.0,0.0,2.211704,0.0,10.0
0.0,0.044579,0.0,90.0,0.083463,0.317616,-0.0,25879.732422,109845.085938,1888.0,1.0,1528.0,4.0,0.0,0.362195,64128.0,1721542144.0,64.0,0.0,0.0,0.0,0.0,0.0,62.0,0.0,35.944073,1.0,4.0,0.0,0.0,83.869499,31872.0,8.0,1.0,0.0,0.0,0.0,0.083463,0.0,0.0,135724.8125,0.083463,360.0,0.0,382.0,0.0,0.0,0.083463,0.083463,0.0,0.0,0.0,35.944073,0.0,10.0
0.0,0.044579,0.0,126.0,0.944322,0.317616,-0.0,3202.297607,9166.365234,1766.0,1.0,1262.0,7.0,0.0,0.362195,64128.0,1721542144.0,64.0,0.0,0.0,0.0,0.0,0.0,62.0,0.0,3.176883,1.0,4.0,0.0,0.0,10.589608,31872.0,11.0,1.0,0.0,0.0,0.0,0.944322,0.0,0.0,12368.662109,0.944322,504.0,0.0,180.285721,0.0,0.0,0.944322,0.944322,0.0,0.0,0.0,6.353765,0.0,10.0
0.0,0.044579,0.0,93.428574,0.380888,0.317616,-0.0,11782.992188,24448.132812,2012.0,1.0,1358.0,7.0,0.0,0.362195,64128.0,1721542144.0,64.0,0.0,0.0,0.0,0.0,0.0,62.0,0.0,15.752663,1.0,7.0,0.0,0.0,34.130768,31872.0,14.0,1.0,0.0,0.0,0.0,0.380888,0.0,0.0,36231.125,0.380888,654.0,0.0,194.0,0.0,0.0,0.380888,0.380888,0.0,0.0,0.0,15.752663,0.0,10.0
0.0,0.044579,0.0,130.0,0.808778,0.317616,-0.0,1285.890625,1731.006592,522.0,1.0,262.0,3.0,0.0,0.362195,64128.0,1721542144.0,64.0,0.0,0.0,0.0,0.0,0.0,62.0,0.0,1.236433,1.0,2.0,0.0,0.0,4.945733,31872.0,5.0,1.0,0.0,0.0,0.0,0.808778,0.0,0.0,3016.897217,0.808778,260.0,0.0,87.333336,0.0,0.0,0.808778,0.808778,0.0,0.0,0.0,2.472867,0.0,10.0
0.0,0.044579,0.0,91.599998,0.871748,0.317616,-0.0,3367.945801,5010.622559,1186.0,1.0,728.0,4.0,0.0,0.362195,64128.0,1721542144.0,64.0,0.0,0.0,0.0,0.0,0.0,62.0,0.0,4.588482,1.0,5.0,0.0,0.0,9.176965,31872.0,9.0,1.0,0.0,0.0,0.0,0.871748,0.0,0.0,8378.568359,0.871748,458.0,0.0,182.0,0.0,0.0,0.871748,0.871748,0.0,0.0,0.0,3.441362,0.0,10.0
0.0,0.044579,0.0,130.0,0.776296,0.317616,-0.0,1339.69519,2535.115479,588.0,1.0,328.0,4.0,0.0,0.362195,64128.0,1721542144.0,64.0,0.0,0.0,0.0,0.0,0.0,62.0,0.0,1.288168,1.0,2.0,0.0,0.0,6.440842,31872.0,6.0,1.0,0.0,0.0,0.0,0.776296,0.0,0.0,3874.810547,0.776296,260.0,0.0,82.0,0.0,0.0,0.776296,0.776296,0.0,0.0,0.0,3.864505,0.0,10.0
0.0,0.044579,0.0,106.0,0.955821,0.317616,-0.0,887.195435,20941.160156,3548.0,1.0,3336.0,4.0,0.0,0.362195,64128.0,1721542144.0,64.0,0.0,0.0,0.0,0.0,0.0,62.0,0.0,1.046221,1.0,2.0,0.0,0.0,5.231105,31872.0,6.0,1.0,0.0,0.0,0.0,0.955821,0.0,0.0,21828.355469,0.955821,212.0,0.0,834.0,0.0,0.0,0.955821,0.955821,0.0,0.0,0.0,3.138663,0.0,10.0
0.0,0.044579,0.0,66.0,0.280168,0.317616,-0.0,3769.166992,129693.617188,6254.0,1.0,6056.0,4.0,0.0,0.362195,64128.0,1721542144.0,64.0,0.0,0.0,0.0,0.0,0.0,62.0,0.0,7.138574,1.0,3.0,0.0,0.0,21.415722,31872.0,7.0,0.0,0.0,0.0,0.0,0.280168,0.0,0.0,133462.78125,0.280168,198.0,1.0,1514.0,0.0,0.0,0.280168,0.280168,0.0,0.0,0.0,10.707861,0.0,10.0
0.0,0.044579,0.0,0.0,0.0,0.317616,-0.0,0.0,0.0,1514.0,1.0,1514.0,1.0,0.0,0.362195,103135.70040124832,1721542144.0,64.0,0.0,0.0,0.0,0.0,0.0,62.0,0.0,0.0,1.0,0.0,0.0,0.0,0.0,37317.08209959624,1.0,0.0,0.0,0.0,0.0,0.0,0.0,0.0,0.0,0.0,0.0,0.0,1514.0,1.0,0.0,0.0,0.0,0.0,0.0,0.0,0.0,0.0,10.0
0.0,0.044579,1.0,78.0,0.016998,0.317616,-0.0,0.0,3562772.0,9162.0,1.0,9084.0,6.0,0.0,0.362195,64128.0,1721542144.0,64.0,0.0,0.0,0.0,0.0,0.0,62.0,0.0,0.0,1.0,1.0,1.0,1.0,352.982697,31872.0,7.0,0.0,0.0,12.5,0.0,0.016998,0.0,0.0,3562772.0,0.016998,78.0,0.0,1514.0,0.0,0.0,0.016998,0.016998,1.0,0.0,0.0,294.152252,0.0,10.0
0.0,0.044579,0.0,66.0,0.512478,0.317616,-0.0,0.0,14892.34668,1974.0,1.0,1908.0,2.0,0.0,0.362195,64128.0,1721542144.0,64.0,0.0,0.0,0.0,0.0,0.0,62.0,0.0,0.0,1.0,1.0,0.0,1.0,3.902606,31872.0,3.0,0.0,0.0,0.0,0.0,0.512478,0.0,0.0,14892.34668,0.512478,66.0,0.0,954.0,0.0,0.0,0.512478,0.512478,0.0,0.0,0.0,1.951303,0.0,10.0
0.0,0.044579,0.0,0.0,0.0,0.317616,-0.0,0.0,0.0,394.0,1.0,394.0,1.0,0.0,0.362195,103135.70040124832,1721542144.0,64.0,0.0,0.0,0.0,0.0,0.0,62.0,0.0,0.0,1.0,0.0,0.0,0.0,0.0,37317.08209959624,1.0,0.0,0.0,0.0,0.0,0.0,0.0,1.0,0.0,0.0,0.0,0.0,394.0,0.0,0.0,0.0,0.0,0.0,0.0,0.0,0.0,0.0,10.0
0.0,0.044579,0.0,98.0,0.246349,0.317616,-0.0,6364.953613,11398.462891,820.0,1.0,526.0,3.0,0.0,0.362195,64128.0,1721542144.0,64.0,0.0,0.0,0.0,0.0,0.0,62.0,0.0,8.118564,1.0,3.0,0.0,0.0,20.296408,31872.0,6.0,1.0,0.0,0.0,0.0,0.246349,0.0,0.0,17763.416016,0.246349,294.0,0.0,175.333328,0.0,0.0,0.246349,0.246349,0.0,0.0,0.0,8.118564,0.0,10.0
0.0,0.044579,0.0,98.0,0.863248,0.317616,-0.0,6357.385254,197421.828125,23208.0,1.0,22424.0,20.0,0.0,0.362195,64128.0,1721542144.0,64.0,0.0,0.0,0.0,0.0,0.0,62.0,0.0,8.10891,1.0,8.0,0.0,0.0,31.277224,31872.0,28.0,1.0,0.0,0.0,0.0,0.863248,0.0,0.0,203779.21875,0.863248,784.0,0.0,1121.199951,0.0,0.0,0.863248,0.863248,0.0,0.0,0.0,22.009897,0.0,10.0
0.0,0.044579,0.0,114.0,0.309722,0.317616,-0.0,11778.303711,20147.099609,1480.0,1.0,910.0,7.0,0.0,0.362195,67072.0,1721542144.0,64.0,0.0,0.0,0.0,0.0,0.0,62.0,0.0,12.914807,1.0,5.0,0.0,0.0,35.51572,31872.0,12.0,1.0,0.0,0.0,0.0,0.309722,0.0,0.0,31925.404297,0.309722,570.0,0.0,130.0,0.0,0.0,0.309722,0.309722,0.0,0.0,0.0,19.372211,0.0,10.0
0.0,0.044579,0.0,117.199997,0.388627,0.317616,-0.0,9654.501953,19741.294922,1704.0,1.0,1118.0,7.0,0.0,0.362195,69888.0,1721542144.0,64.0,0.0,0.0,0.0,0.0,0.0,62.0,0.0,10.292645,1.0,5.0,0.0,0.0,28.304775,31872.0,12.0,1.0,0.0,0.0,0.0,0.388627,0.0,0.0,29395.796875,0.388627,586.0,0.0,159.714279,0.0,0.0,0.388627,0.388627,0.0,0.0,0.0,15.438969,0.0,10.0
0.0,0.044579,1.0,146.0,0.826332,0.317616,-0.0,1413.475464,2933.445801,696.0,1.0,404.0,4.0,0.0,0.362195,69888.0,1721542144.0,64.0,0.0,0.0,0.0,0.0,0.0,62.0,0.0,1.210167,1.0,2.0,1.0,0.0,6.050837,31872.0,6.0,1.0,0.0,14.285714,0.0,0.826332,0.0,0.0,4346.921387,0.826332,292.0,0.0,101.0,0.0,0.0,0.826332,0.826332,1.0,0.0,0.0,3.630502,0.0,10.0
0.0,0.044579,1.0,96.400002,0.60053,0.317616,-0.0,5142.124023,15772.733398,1902.0,1.0,1420.0,6.0,0.0,0.362195,75776.0,1721542144.0,64.0,0.0,0.0,0.0,0.0,0.0,62.0,0.0,6.660783,1.0,5.0,1.0,0.0,16.651957,31872.0,11.0,1.0,0.0,8.333333,0.0,0.60053,0.0,0.0,20914.857422,0.60053,482.0,0.0,236.666672,0.0,0.0,0.60053,0.60053,1.0,0.0,0.0,8.325978,0.0,10.0
0.0,0.044579,0.0,138.0,0.707553,0.317616,-0.0,1560.307129,814.073242,420.0,1.0,144.0,2.0,0.0,0.362195,75776.0,1721542144.0,64.0,0.0,0.0,0.0,0.0,0.0,62.0,0.0,1.413322,1.0,2.0,0.0,0.0,4.239965,31872.0,4.0,0.0,0.0,0.0,0.0,0.707553,0.0,0.0,2374.380371,0.707553,276.0,0.0,72.0,0.0,0.0,0.707553,0.707553,0.0,0.0,0.0,1.413322,0.0,10.0
0.0,0.044579,0.0,98.0,0.968895,0.317616,-0.0,5664.18457,13409.089844,2640.0,1.0,1856.0,8.0,0.0,0.362195,78592.0,1721542144.0,64.0,0.0,0.0,0.0,0.0,0.0,62.0,0.0,7.224725,1.0,8.0,0.0,0.0,15.481553,31872.0,16.0,1.0,0.0,0.0,0.0,0.968895,0.0,0.0,19073.273438,0.968895,784.0,0.0,232.0,0.0,0.0,0.968895,0.968895,0.0,0.0,0.0,7.224725,0.0,10.0
0.0,0.044579,1.0,146.0,0.992705,0.317616,-0.0,2353.16626,9227.313477,1746.0,1.0,1308.0,8.0,0.0,0.362195,78592.0,1721542144.0,64.0,0.0,0.0,0.0,0.0,0.0,62.0,0.0,2.014697,1.0,3.0,1.0,0.0,10.073486,31872.0,11.0,1.0,0.0,8.333333,0.0,0.992705,0.0,0.0,11580.479492,0.992705,438.0,0.0,163.5,0.0,0.0,0.992705,0.992705,1.0,0.0,0.0,7.05144,0.0,10.0
0.0,0.044579,0.0,138.0,0.627929,0.317616,-0.0,5274.481934,22219.074219,2644.0,1.0,2092.0,6.0,0.0,0.362195,84480.0,1721542144.0,64.0,0.0,0.0,0.0,0.0,0.0,62.0,0.0,4.77761,1.0,4.0,0.0,0.0,14.332831,31872.0,10.0,1.0,0.0,0.0,0.0,0.627929,0.0,0.0,27493.554688,0.627929,552.0,0.0,348.666656,0.0,0.0,0.627929,0.627929,0.0,0.0,0.0,7.962684,0.0,10.0
0.0,0.044579,1.0,178.0,0.536699,0.317616,-0.0,0.0,4158.755859,596.0,1.0,418.0,3.0,0.0,0.362195,84480.0,1721542144.0,64.0,0.0,0.0,0.0,0.0,0.0,62.0,0.0,0.0,1.0,1.0,1.0,0.0,5.589725,31872.0,4.0,1.0,0.0,20.0,0.0,0.536699,0.0,0.0,4158.755859,0.536699,178.0,0.0,139.333328,0.0,0.0,0.536699,0.536699,1.0,0.0,0.0,3.726484,0.0,10.0
0.0,0.044579,3.0,72.0,0.354767,0.317616,-0.0,1623.60083,47242.273438,3286.0,1.0,3142.0,3.0,0.0,0.362195,87296.0,1721542144.0,64.0,0.0,0.0,0.0,0.0,0.0,62.0,0.0,2.818752,1.0,2.0,3.0,1.0,11.275006,31872.0,5.0,0.0,0.0,37.5,0.0,0.354767,0.0,0.0,48865.875,0.354767,144.0,0.0,1047.333374,0.0,0.0,0.354767,0.354767,1.0,0.0,0.0,5.637503,0.0,10.0
0.0,0.044579,0.0,0.0,0.0,0.317616,-0.0,0.0,0.0,1490.0,1.0,1490.0,1.0,0.0,0.362195,103135.70040124832,1721542144.0,64.0,0.0,0.0,0.0,0.0,0.0,62.0,0.0,0.0,1.0,0.0,1.0,0.0,0.0,37317.08209959624,1.0,0.0,0.0,0.0,0.0,0.0,0.0,1.0,0.0,0.0,0.0,0.0,1490.0,0.0,0.0,0.0,0.0,1.0,0.0,0.0,0.0,0.0,10.0
0.0,0.044579,0.0,0.0,0.0,0.317616,-0.0,0.0,0.0,1490.0,1.0,1490.0,1.0,0.0,0.362195,103135.70040124832,1721542144.0,64.0,0.0,0.0,0.0,0.0,0.0,62.0,0.0,0.0,1.0,0.0,1.0,0.0,0.0,37317.08209959624,1.0,0.0,0.0,0.0,0.0,0.0,0.0,1.0,0.0,0.0,0.0,0.0,1490.0,0.0,0.0,0.0,0.0,1.0,0.0,0.0,0.0,0.0,10.0
0.0,0.044579,1.0,90.0,0.30649,0.317616,-0.0,2349.179443,20307.351562,1736.0,1.0,1556.0,2.0,0.0,0.362195,90240.0,1721542144.0,64.0,0.0,0.0,0.0,0.0,0.0,62.0,0.0,3.262749,1.0,2.0,1.0,0.0,9.788247,31872.0,4.0,1.0,0.0,20.0,0.0,0.30649,0.0,0.0,22656.53125,0.30649,180.0,0.0,778.0,0.0,0.0,0.30649,0.30649,1.0,0.0,0.0,3.262749,0.0,10.0
0.0,0.044579,0.0,123.599998,0.993637,0.317616,-0.0,3985.358643,4677.764648,1344.0,1.0,726.0,5.0,0.0,0.362195,90240.0,1721542144.0,64.0,0.0,0.0,0.0,0.0,0.0,62.0,0.0,4.025615,1.0,5.0,0.0,0.0,9.057633,31872.0,10.0,1.0,0.0,0.0,0.0,0.993637,0.0,0.0,8663.123047,0.993637,618.0,0.0,145.199997,0.0,0.0,0.993637,0.993637,0.0,0.0,0.0,4.025615,0.0,10.0
0.0,0.044579,0.0,90.0,0.536039,0.317616,-0.0,4029.557617,2925.1604,654.0,1.0,294.0,3.0,0.0,0.362195,93056.0,1721542144.0,64.0,0.0,0.0,0.0,0.0,0.0,62.0,0.0,5.596608,1.0,4.0,0.0,0.0,11.193215,31872.0,7.0,1.0,0.0,0.0,0.0,0.536039,0.0,0.0,6954.717773,0.536039,360.0,0.0,98.0,0.0,0.0,0.536039,0.536039,0.0,0.0,0.0,3.731072,0.0,10.0
0.0,0.044579,1.0,146.0,0.733784,0.317616,-0.0,0.0,2376.721191,472.0,1.0,326.0,3.0,0.0,0.362195,93056.0,1721542144.0,64.0,0.0,0.0,0.0,0.0,0.0,62.0,0.0,0.0,1.0,1.0,1.0,0.0,4.088397,31872.0,4.0,1.0,0.0,20.0,0.0,0.733784,0.0,0.0,2376.721191,0.733784,146.0,0.0,108.666664,0.0,0.0,0.733784,0.733784,1.0,0.0,0.0,2.725598,0.0,10.0
0.0,0.044579,1.0,194.0,0.211317,0.317616,-0.0,0.0,3937.212646,402.0,1.0,208.0,2.0,0.0,0.362195,93056.0,1721542144.0,64.0,0.0,0.0,0.0,0.0,0.0,62.0,0.0,0.0,1.0,1.0,1.0,0.0,9.464454,31872.0,3.0,1.0,0.0,25.0,0.0,0.211317,0.0,0.0,3937.212646,0.211317,194.0,0.0,104.0,0.0,0.0,0.211317,0.211317,1.0,0.0,0.0,4.732227,0.0,10.0
0.0,0.044579,0.0,194.0,0.016503,0.317616,-0.0,0.0,50415.074219,402.0,1.0,208.0,2.0,0.0,0.362195,93056.0,1721542144.0,64.0,0.0,0.0,0.0,0.0,0.0,62.0,0.0,0.0,1.0,1.0,0.0,0.0,121.190079,31872.0,3.0,1.0,0.0,0.0,0.0,0.016503,0.0,0.0,50415.074219,0.016503,194.0,0.0,104.0,0.0,0.0,0.016503,0.016503,0.0,0.0,0.0,60.595039,0.0,10.0
0.0,0.044579,0.0,178.0,0.579323,0.317616,-0.0,0.0,9486.935547,1036.0,1.0,858.0,5.0,0.0,0.362195,93056.0,1721542144.0,64.0,0.0,0.0,0.0,0.0,0.0,62.0,0.0,0.0,1.0,1.0,0.0,0.0,8.630764,31872.0,6.0,1.0,0.0,0.0,0.0,0.579323,0.0,0.0,9486.935547,0.579323,178.0,0.0,171.600006,0.0,0.0,0.579323,0.579323,0.0,0.0,0.0,6.904611,0.0,10.0
0.0,0.044579,1.0,135.333328,0.416201,0.317616,-0.0,5209.021484,10667.922852,1146.0,1.0,740.0,4.0,0.0,0.362195,96000.0,1721542144.0,64.0,0.0,0.0,0.0,0.0,0.0,62.0,0.0,4.80537,1.0,3.0,1.0,0.0,14.416112,31872.0,7.0,1.0,0.0,12.5,0.0,0.416201,0.0,0.0,15876.944336,0.416201,406.0,0.0,185.0,0.0,0.0,0.416201,0.416201,1.0,0.0,0.0,7.208056,0.0,10.0
0.0,0.044579,0.0,114.0,0.733804,0.317616,-0.0,11185.548828,18424.539062,2960.0,1.0,1820.0,14.0,0.0,0.362195,101760.0,1721542144.0,64.0,0.0,0.0,0.0,0.0,0.0,62.0,0.0,12.264855,1.0,10.0,0.0,0.0,31.343519,31872.0,24.0,1.0,0.0,0.0,0.0,0.733804,0.0,0.0,29610.087891,0.733804,1140.0,0.0,130.0,0.0,0.0,0.733804,0.733804,0.0,0.0,0.0,17.715902,0.0,10.0
0.0,0.044579,0.0,89.272728,0.387519,0.317616,-0.0,18435.224609,275269.09375,15268.0,1.0,14286.0,15.0,0.0,0.362195,125312.0,1721542144.0,64.0,0.0,0.0,0.0,0.0,0.0,62.0,0.0,25.805185,1.0,11.0,0.0,0.0,64.512962,31872.0,26.0,1.0,0.0,0.0,0.0,0.387519,0.0,0.0,293704.3125,0.387519,982.0,0.0,952.400024,0.0,0.0,0.387519,0.387519,0.0,0.0,0.0,36.127262,0.0,10.0
0.0,0.044579,0.0,117.199997,0.217967,0.317616,-0.0,17213.615234,29142.025391,1512.0,1.0,926.0,7.0,0.0,0.362195,127744.0,1721542144.0,64.0,0.0,0.0,0.0,0.0,0.0,62.0,0.0,18.351402,1.0,5.0,0.0,0.0,50.466354,31872.0,12.0,1.0,0.0,0.0,0.0,0.217967,0.0,0.0,46355.640625,0.217967,586.0,0.0,132.285721,0.0,0.0,0.217967,0.217967,0.0,0.0,0.0,27.527102,0.0,10.0
0.0,0.044579,2.0,112.0,0.818261,0.317616,-0.0,3285.015381,15408.286133,2286.0,1.0,1838.0,7.0,0.0,0.362195,127744.0,1721542144.0,64.0,0.0,0.0,0.0,0.0,0.0,62.0,0.0,3.666312,1.0,4.0,2.0,0.0,12.221039,31872.0,11.0,1.0,0.0,15.384615,0.0,0.818261,0.0,0.0,18693.300781,0.818261,448.0,0.0,262.571442,0.0,0.0,0.818261,0.818261,1.0,0.0,0.0,7.332623,0.0,10.0
0.0,0.044579,0.0,110.0,0.85603,0.317616,-0.0,3084.00415,2298.984863,768.0,1.0,328.0,4.0,0.0,0.362195,128384.0,1721542144.0,64.0,0.0,0.0,0.0,0.0,0.0,62.0,0.0,3.50455,1.0,4.0,0.0,0.0,8.177283,31872.0,8.0,1.0,0.0,0.0,0.0,0.85603,0.0,0.0,5382.98877,0.85603,440.0,0.0,82.0,0.0,0.0,0.85603,0.85603,0.0,0.0,0.0,3.50455,0.0,10.0
0.0,0.044579,1.0,146.0,0.805714,0.317616,-0.0,0.0,2243.972412,484.0,1.0,338.0,3.0,0.0,0.362195,128384.0,1721542144.0,64.0,0.0,0.0,0.0,0.0,0.0,62.0,0.0,0.0,1.0,1.0,1.0,0.0,3.723406,31872.0,4.0,1.0,0.0,20.0,0.0,0.805714,0.0,0.0,2243.972412,0.805714,146.0,0.0,112.666664,0.0,0.0,0.805714,0.805714,1.0,0.0,0.0,2.48227,0.0,10.0
0.0,0.044579,0.0,106.0,0.797047,0.317616,-0.0,3191.781494,9073.492188,1478.0,1.0,1054.0,7.0,0.0,0.362195,128384.0,1721542144.0,64.0,0.0,0.0,0.0,0.0,0.0,62.0,0.0,3.763893,1.0,4.0,0.0,0.0,12.546311,31872.0,11.0,1.0,0.0,0.0,0.0,0.797047,0.0,0.0,12265.273438,0.797047,424.0,0.0,150.571426,0.0,0.0,0.797047,0.797047,0.0,0.0,0.0,7.527787,0.0,10.0
0.0,0.044579,0.0,116.666664,0.915416,0.317616,-0.0,5103.69043,6187.351074,1526.0,1.0,826.0,7.0,0.0,0.362195,128384.0,1721542144.0,64.0,0.0,0.0,0.0,0.0,0.0,62.0,0.0,5.461998,1.0,6.0,0.0,0.0,13.108794,31872.0,13.0,1.0,0.0,0.0,0.0,0.915416,0.0,0.0,11291.041016,0.915416,700.0,0.0,118.0,0.0,0.0,0.915416,0.915416,0.0,0.0,0.0,6.554397,0.0,10.0
0.0,0.044579,1.0,123.333336,0.761137,0.317616,-0.0,2596.115967,7220.776367,1228.0,1.0,858.0,5.0,0.0,0.362195,128384.0,1721542144.0,64.0,0.0,0.0,0.0,0.0,0.0,62.0,0.0,2.627648,1.0,3.0,1.0,0.0,9.196768,31872.0,8.0,1.0,0.0,11.111111,0.0,0.761137,0.0,0.0,9816.892578,0.761137,370.0,0.0,171.600006,0.0,0.0,0.761137,0.761137,1.0,0.0,0.0,5.255296,0.0,10.0
0.0,0.044579,0.0,116.666664,0.648963,0.317616,-0.0,7199.178223,9282.501953,1578.0,1.0,878.0,7.0,0.0,0.362195,128384.0,1721542144.0,64.0,0.0,0.0,0.0,0.0,0.0,62.0,0.0,7.7046,1.0,6.0,0.0,0.0,18.491039,31872.0,13.0,1.0,0.0,0.0,0.0,0.648963,0.0,0.0,16481.679688,0.648963,700.0,0.0,125.428574,0.0,0.0,0.648963,0.648963,0.0,0.0,0.0,9.24552,0.0,10.0
0.0,0.044579,0.0,120.85714,0.954907,0.317616,-0.0,6082.267578,8595.601562,1986.0,1.0,1140.0,10.0,0.0,0.362195,128384.0,1721542144.0,64.0,0.0,0.0,0.0,0.0,0.0,62.0,0.0,6.283334,1.0,7.0,0.0,0.0,16.755558,31872.0,17.0,1.0,0.0,0.0,0.0,0.954907,0.0,0.0,14677.869141,0.954907,846.0,0.0,114.0,0.0,0.0,0.954907,0.954907,0.0,0.0,0.0,9.425001,0.0,10.0
0.0,0.044579,0.0,118.0,0.4686,0.317616,-0.0,6043.533691,11062.740234,1282.0,1.0,810.0,5.0,0.0,0.362195,128384.0,1721542144.0,64.0,0.0,0.0,0.0,0.0,0.0,62.0,0.0,6.402049,1.0,4.0,0.0,0.0,17.07213,31872.0,9.0,1.0,0.0,0.0,0.0,0.4686,0.0,0.0,17106.273438,0.4686,472.0,0.0,162.0,0.0,0.0,0.4686,0.4686,0.0,0.0,0.0,8.536065,0.0,10.0
0.0,0.044579,1.0,123.333336,0.757772,0.317616,-0.0,2607.644531,9121.476562,1406.0,1.0,1036.0,6.0,0.0,0.362195,128384.0,1721542144.0,64.0,0.0,0.0,0.0,0.0,0.0,62.0,0.0,2.639316,1.0,3.0,1.0,0.0,10.557265,31872.0,9.0,1.0,0.0,10.0,0.0,0.757772,0.0,0.0,11729.121094,0.757772,370.0,0.0,172.666672,0.0,0.0,0.757772,0.757772,1.0,0.0,0.0,6.59829,0.0,10.0
0.0,0.044579,0.0,132.285721,0.997494,0.317616,-0.0,6367.958008,6039.134277,1804.0,1.0,878.0,7.0,0.0,0.362195,128384.0,1721542144.0,64.0,0.0,0.0,0.0,0.0,0.0,62.0,0.0,6.015074,1.0,7.0,0.0,0.0,13.03266,31872.0,14.0,1.0,0.0,0.0,0.0,0.997494,0.0,0.0,12407.092773,0.997494,926.0,0.0,125.428574,0.0,0.0,0.997494,0.997494,0.0,0.0,0.0,6.015074,0.0,10.0
0.0,0.044579,0.0,101.199997,0.852503,0.317616,-0.0,3800.573242,5123.73584,1188.0,1.0,682.0,5.0,0.0,0.362195,128384.0,1721542144.0,64.0,0.0,0.0,0.0,0.0,0.0,62.0,0.0,4.692066,1.0,5.0,0.0,0.0,10.557148,31872.0,10.0,1.0,0.0,0.0,0.0,0.852503,0.0,0.0,8924.308594,0.852503,506.0,0.0,136.399994,0.0,0.0,0.852503,0.852503,0.0,0.0,0.0,4.692066,0.0,10.0
0.0,0.044579,0.0,114.0,0.002981,0.317616,-0.0,0.0,0.0,180.0,1.0,66.0,1.0,0.0,0.362195,128384.0,1721542144.0,64.0,0.0,0.0,0.0,0.0,0.0,62.0,0.0,0.0,1.0,1.0,0.0,0.0,335.457886,31872.0,2.0,0.0,0.0,0.0,0.0,0.002981,0.0,0.0,0.0,0.002981,114.0,0.0,66.0,0.0,0.0,0.002981,0.002981,0.0,0.0,0.0,0.0,0.0,10.0
0.0,0.044579,1.0,130.0,0.847051,0.317616,-0.0,2455.578125,7697.292969,1408.0,1.0,1018.0,5.0,0.0,0.362195,128384.0,1721542144.0,64.0,0.0,0.0,0.0,0.0,0.0,62.0,0.0,2.361133,1.0,3.0,1.0,0.0,8.263965,31872.0,8.0,1.0,0.0,11.111111,0.0,0.847051,0.0,0.0,10152.871094,0.847051,390.0,0.0,203.600006,0.0,0.0,0.847051,0.847051,1.0,0.0,0.0,4.722266,0.0,10.0
0.0,0.044579,0.0,0.0,0.809196,0.317616,-0.0,0.0,3183.406738,644.0,1.0,644.0,2.0,0.0,0.362195,103135.70040124832,1721542144.0,64.0,0.0,0.0,0.0,0.0,0.0,62.0,0.0,0.0,1.0,0.0,1.0,0.0,1.235795,37317.08209959624,2.0,0.0,0.0,0.0,0.0,0.809196,0.0,1.0,3183.406738,0.809196,0.0,0.0,322.0,0.0,0.0,0.809196,0.809196,1.0,0.0,0.0,1.235795,0.0,10.0
0.0,0.044579,0.0,78.0,0.0,0.317616,-0.0,0.0,0.0,78.0,1.0,0.0,0.0,0.0,0.362195,128384.0,1721542144.0,64.0,0.0,0.0,0.0,0.0,0.0,62.0,0.0,0.0,1.0,1.0,0.0,0.0,0.0,37317.08209959624,1.0,0.0,0.0,0.0,0.0,0.0,0.0,0.0,0.0,0.0,78.0,0.0,0.0,0.0,0.0,0.0,0.0,0.0,0.0,0.0,0.0,0.0,10.0
0.0,0.044579,0.0,98.0,0.275874,0.317616,-0.0,5683.754395,12701.451172,878.0,1.0,584.0,4.0,0.0,0.362195,128384.0,1721542144.0,64.0,0.0,0.0,0.0,0.0,0.0,62.0,0.0,7.249687,1.0,3.0,0.0,0.0,21.74906,31872.0,7.0,1.0,0.0,0.0,0.0,0.275874,0.0,0.0,18385.205078,0.275874,294.0,0.0,146.0,0.0,0.0,0.275874,0.275874,0.0,0.0,0.0,10.87453,0.0,10.0
0.0,0.044579,0.0,124.666664,0.581925,0.317616,-0.0,3436.869141,6021.394531,958.0,1.0,584.0,4.0,0.0,0.362195,128256.0,1721542144.0,64.0,0.0,0.0,0.0,0.0,0.0,62.0,0.0,3.436869,1.0,3.0,0.0,0.0,10.310608,31872.0,7.0,1.0,0.0,0.0,0.0,0.581925,0.0,0.0,9458.263672,0.581925,374.0,0.0,146.0,0.0,0.0,0.581925,0.581925,0.0,0.0,0.0,5.155304,0.0,10.0
0.0,0.044579,0.0,90.0,0.220451,0.317616,-0.0,9798.095703,15894.688477,944.0,1.0,584.0,4.0,0.0,0.362195,128384.0,1721542144.0,64.0,0.0,0.0,0.0,0.0,0.0,62.0,0.0,13.608466,1.0,4.0,0.0,0.0,31.753088,31872.0,8.0,1.0,0.0,0.0,0.0,0.220451,0.0,0.0,25692.785156,0.220451,360.0,0.0,146.0,0.0,0.0,0.220451,0.220451,0.0,0.0,0.0,13.608466,0.0,10.0
0.0,0.044579,0.0,119.333336,0.779328,0.317616,-0.0,2453.395752,7360.1875,1218.0,1.0,860.0,6.0,0.0,0.362195,128384.0,1721542144.0,64.0,0.0,0.0,0.0,0.0,0.0,62.0,0.0,2.566314,1.0,3.0,0.0,0.0,10.265254,31872.0,9.0,1.0,0.0,0.0,0.0,0.779328,0.0,0.0,9813.583008,0.779328,358.0,0.0,143.333328,0.0,0.0,0.779328,0.779328,0.0,0.0,0.0,6.415784,0.0,10.0
0.0,0.044579,0.0,114.0,0.589612,0.317616,-0.0,1546.779907,895.50415,360.0,1.0,132.0,2.0,0.0,0.362195,128384.0,1721542144.0,64.0,0.0,0.0,0.0,0.0,0.0,62.0,0.0,1.696031,1.0,2.0,0.0,0.0,5.088092,31872.0,4.0,0.0,0.0,0.0,0.0,0.589612,0.0,0.0,2442.283936,0.589612,228.0,0.0,66.0,0.0,0.0,0.589612,0.589612,0.0,0.0,0.0,1.696031,0.0,10.0
0.0,0.044579,0.0,87.333336,0.994332,0.317616,-0.0,7731.82373,155296.21875,21422.0,1.0,20374.0,19.0,0.0,0.362195,128384.0,1721542144.0,64.0,0.0,0.0,0.0,0.0,0.0,62.0,0.0,11.062703,1.0,12.0,0.0,0.0,30.171009,31872.0,31.0,1.0,0.0,0.0,0.0,0.994332,0.0,0.0,163028.046875,0.994332,1048.0,0.0,1072.315796,0.0,0.0,0.994332,0.994332,0.0,0.0,0.0,18.102606,0.0,10.0
0.0,0.044579,0.0,98.0,0.403285,0.317616,-0.0,13608.242188,420486.75,23096.0,1.0,22312.0,20.0,0.0,0.362195,128384.0,1721542144.0,64.0,0.0,0.0,0.0,0.0,0.0,62.0,0.0,17.357452,1.0,8.0,0.0,0.0,66.950172,31872.0,28.0,1.0,0.0,0.0,0.0,0.403285,0.0,0.0,434095.0,0.403285,784.0,0.0,1115.599976,0.0,0.0,0.403285,0.403285,0.0,0.0,0.0,47.113083,0.0,10.0
0.0,0.044579,0.0,117.199997,0.321063,0.317616,-0.0,11686.179688,23895.621094,1704.0,1.0,1118.0,7.0,0.0,0.362195,128384.0,1721542144.0,64.0,0.0,0.0,0.0,0.0,0.0,62.0,0.0,12.458613,1.0,5.0,0.0,0.0,34.261189,31872.0,12.0,1.0,0.0,0.0,0.0,0.321063,0.0,0.0,35581.800781,0.321063,586.0,0.0,159.714279,0.0,0.0,0.321063,0.321063,0.0,0.0,0.0,18.68792,0.0,10.0
0.0,0.044579,0.0,105.384613,0.999543,0.317616,-0.0,10124.626953,25091.466797,4728.0,1.0,3358.0,15.0,0.0,0.362195,128384.0,1721542144.0,64.0,0.0,0.0,0.0,0.0,0.0,62.0,0.0,12.005486,1.0,13.0,0.0,0.0,27.012344,31872.0,28.0,1.0,0.0,0.0,0.0,0.999543,0.0,0.0,35216.09375,0.999543,1370.0,0.0,223.866669,0.0,0.0,0.999543,0.999543,0.0,0.0,0.0,14.006401,0.0,10.0
0.0,0.044579,2.0,134.0,0.99815,0.317616,-0.0,2147.973877,4071.532471,1036.0,1.0,634.0,5.0,0.0,0.362195,128384.0,1721542144.0,64.0,0.0,0.0,0.0,0.0,0.0,62.0,0.0,2.003707,1.0,3.0,2.0,0.0,7.012974,31872.0,8.0,1.0,0.0,20.0,0.0,0.99815,0.0,0.0,6219.506348,0.99815,402.0,0.0,126.800003,0.0,0.0,0.99815,0.99815,1.0,0.0,0.0,4.007414,0.0,10.0
1.0,0.044579,1.0,103.599998,0.898411,0.317616,-0.0,3695.41333,7657.965332,1550.0,1.0,1032.0,6.0,0.0,0.362195,128384.0,1721542144.0,64.0,0.0,0.0,0.0,0.0,0.0,62.0,1.0,4.452305,1.0,5.0,0.0,0.0,11.130763,31872.0,11.0,1.0,0.0,8.333333,0.0,0.898411,0.0,0.0,11353.378906,0.898411,518.0,0.0,172.0,0.0,0.0,0.898411,0.898411,0.0,0.0,0.0,5.565382,0.0,10.0
0.0,0.044579,0.0,118.571426,0.968588,0.317616,-0.0,5880.725586,13355.523438,2626.0,1.0,1796.0,10.0,0.0,0.362195,128384.0,1721542144.0,64.0,0.0,0.0,0.0,0.0,0.0,62.0,0.0,6.194584,1.0,7.0,0.0,0.0,16.518892,31872.0,17.0,1.0,0.0,0.0,0.0,0.968588,0.0,0.0,19236.25,0.968588,830.0,0.0,179.600006,0.0,0.0,0.968588,0.968588,0.0,0.0,0.0,9.291877,0.0,10.0
0.0,0.044579,0.0,78.0,0.0,0.317616,-0.0,0.0,0.0,240.0,1.0,162.0,1.0,0.0,0.362195,128384.0,1721542144.0,64.0,0.0,0.0,0.0,0.0,0.0,62.0,0.0,0.0,1.0,1.0,0.0,1.0,0.0,31872.0,2.0,0.0,0.0,0.0,0.0,0.0,0.0,0.0,0.0,0.0,78.0,0.0,162.0,0.0,0.0,0.0,0.0,0.0,0.0,0.0,0.0,0.0,10.0
0.0,0.044579,1.0,151.333328,0.88515,0.317616,-0.0,2738.518799,3398.293945,924.0,1.0,470.0,5.0,0.0,0.362195,128384.0,1721542144.0,64.0,0.0,0.0,0.0,0.0,0.0,62.0,0.0,2.259504,1.0,3.0,1.0,0.0,7.908264,31872.0,8.0,1.0,0.0,11.111111,0.0,0.88515,0.0,0.0,6136.812988,0.88515,454.0,0.0,94.0,0.0,0.0,0.88515,0.88515,1.0,0.0,0.0,4.519008,0.0,10.0
0.0,0.044579,1.0,119.333336,0.829947,0.317616,-0.0,2303.761475,3267.678467,810.0,1.0,452.0,4.0,0.0,0.362195,128384.0,1721542144.0,64.0,0.0,0.0,0.0,0.0,0.0,62.0,0.0,2.409792,1.0,3.0,1.0,0.0,7.229377,31872.0,7.0,1.0,0.0,12.5,0.0,0.829947,0.0,0.0,5571.439941,0.829947,358.0,0.0,113.0,0.0,0.0,0.829947,0.829947,1.0,0.0,0.0,3.614689,0.0,10.0
0.0,0.044579,0.0,0.0,0.400442,0.317616,-0.0,0.0,30246.578125,3028.0,1.0,3028.0,2.0,0.0,0.362195,103135.70040124832,1721542144.0,64.0,0.0,0.0,0.0,0.0,0.0,62.0,0.0,0.0,1.0,0.0,0.0,0.0,2.497241,37317.08209959624,2.0,0.0,0.0,0.0,0.0,0.400442,0.0,0.0,30246.578125,0.400442,0.0,0.0,1514.0,1.0,0.0,0.400442,0.400442,0.0,0.0,0.0,2.497241,0.0,10.0
0.0,0.044579,0.0,0.0,0.0,0.317616,-0.0,0.0,0.0,178.0,1.0,178.0,1.0,0.0,0.362195,103135.70040124832,1721542144.0,64.0,0.0,0.0,0.0,0.0,0.0,62.0,0.0,0.0,1.0,0.0,1.0,0.0,0.0,37317.08209959624,1.0,0.0,0.0,0.0,0.0,0.0,0.0,1.0,0.0,0.0,0.0,0.0,178.0,0.0,0.0,0.0,0.0,1.0,0.0,0.0,0.0,0.0,10.0
0.0,0.044579,0.0,0.0,0.0,0.317616,-0.0,0.0,0.0,178.0,1.0,178.0,1.0,0.0,0.362195,103135.70040124832,1721542144.0,64.0,0.0,0.0,0.0,0.0,0.0,62.0,0.0,0.0,1.0,0.0,1.0,0.0,0.0,37317.08209959624,1.0,0.0,0.0,0.0,0.0,0.0,0.0,1.0,0.0,0.0,0.0,0.0,178.0,0.0,0.0,0.0,0.0,1.0,0.0,0.0,0.0,0.0,10.0
0.0,0.044579,2.0,66.0,0.849463,0.317616,-0.0,0.0,33338.710938,4786.0,1.0,4720.0,4.0,0.0,0.362195,128384.0,1721542144.0,64.0,0.0,0.0,0.0,0.0,0.0,62.0,0.0,0.0,1.0,1.0,2.0,1.0,4.708858,31872.0,5.0,0.0,0.0,28.571429,0.0,0.849463,0.0,0.0,33338.710938,0.849463,66.0,0.0,1180.0,0.0,0.0,0.849463,0.849463,1.0,0.0,0.0,3.531643,0.0,10.0
0.0,0.044579,5.0,76.666664,0.54697,0.317616,-0.0,2252.408691,132862.859375,10828.0,1.0,10598.0,7.0,0.0,0.362195,127232.0,1721542144.0,64.0,0.0,0.0,0.0,0.0,0.0,62.0,0.0,3.656507,1.0,3.0,5.0,0.0,16.454285,31872.0,10.0,0.0,0.0,33.333333,0.0,0.54697,0.0,0.0,135115.265625,0.54697,230.0,1.0,1514.0,0.0,0.0,0.54697,0.54697,1.0,0.0,0.0,10.969522,0.0,10.0
0.0,0.044579,0.0,0.0,0.0,0.317616,-0.0,0.0,0.0,1514.0,1.0,1514.0,1.0,0.0,0.362195,103135.70040124832,1721542144.0,64.0,0.0,0.0,0.0,0.0,0.0,62.0,0.0,0.0,1.0,0.0,1.0,0.0,0.0,37317.08209959624,1.0,0.0,0.0,0.0,0.0,0.0,0.0,0.0,0.0,0.0,0.0,0.0,1514.0,1.0,0.0,0.0,0.0,1.0,0.0,0.0,0.0,0.0,10.0
0.0,0.044579,0.0,0.0,0.0,0.317616,-0.0,0.0,0.0,1514.0,1.0,1514.0,1.0,0.0,0.362195,103135.70040124832,1721542144.0,64.0,0.0,0.0,0.0,0.0,0.0,62.0,0.0,0.0,1.0,0.0,1.0,0.0,0.0,37317.08209959624,1.0,0.0,0.0,0.0,0.0,0.0,0.0,0.0,0.0,0.0,0.0,0.0,1514.0,1.0,0.0,0.0,0.0,1.0,0.0,0.0,0.0,0.0,10.0
0.0,0.044579,2.0,78.0,0.257117,0.317616,-0.0,2426.910645,188427.828125,7726.0,1.0,7570.0,5.0,0.0,0.362195,124416.0,1721542144.0,64.0,0.0,0.0,0.0,0.0,0.0,62.0,0.0,3.88928,1.0,2.0,2.0,0.0,23.33568,31872.0,7.0,0.0,0.0,22.222222,0.0,0.257117,0.0,0.0,190854.75,0.257117,156.0,1.0,1514.0,0.0,0.0,0.257117,0.257117,1.0,0.0,0.0,15.557119,0.0,10.0
0.0,0.044579,0.0,0.0,0.0,0.317616,-0.0,0.0,0.0,1514.0,1.0,1514.0,1.0,0.0,0.362195,103135.70040124832,1721542144.0,64.0,0.0,0.0,0.0,0.0,0.0,62.0,0.0,0.0,1.0,0.0,1.0,0.0,0.0,37317.08209959624,1.0,0.0,0.0,0.0,0.0,0.0,0.0,0.0,0.0,0.0,0.0,0.0,1514.0,1.0,0.0,0.0,0.0,1.0,0.0,0.0,0.0,0.0,10.0
0.0,0.044579,2.0,79.5,0.596761,0.317616,-0.0,7466.976074,111093.054688,9958.0,1.0,9322.0,9.0,0.0,0.362195,128384.0,1721542144.0,64.0,0.0,0.0,0.0,0.0,0.0,62.0,0.0,11.729989,1.0,8.0,2.0,0.0,26.811403,31872.0,17.0,1.0,0.0,10.526316,0.0,0.596761,0.0,0.0,118560.03125,0.596761,636.0,0.0,1035.777832,0.0,0.0,0.596761,0.596761,1.0,0.0,0.0,13.405702,0.0,10.0
0.0,0.044579,0.0,106.0,0.736322,0.317616,-0.0,3455.010254,139439.0,14424.0,1.0,14000.0,12.0,0.0,0.362195,128384.0,1721542144.0,64.0,0.0,0.0,0.0,0.0,0.0,62.0,0.0,4.074305,1.0,4.0,0.0,0.0,20.371523,31872.0,16.0,1.0,0.0,0.0,0.0,0.736322,0.0,0.0,142894.015625,0.736322,424.0,0.0,1166.666626,0.0,0.0,0.736322,0.736322,0.0,0.0,0.0,14.939116,0.0,10.0
0.0,0.044579,1.0,76.0,0.957995,0.317616,-0.0,3173.294189,70497.234375,10104.0,1.0,9648.0,8.0,0.0,0.362195,128384.0,1721542144.0,64.0,0.0,0.0,0.0,0.0,0.0,62.0,0.0,5.219234,1.0,6.0,1.0,0.0,13.570008,31872.0,14.0,1.0,0.0,6.666667,0.0,0.957995,0.0,0.0,73670.53125,0.957995,456.0,0.0,1206.0,0.0,0.0,0.957995,0.957995,1.0,0.0,0.0,7.306928,0.0,10.0
0.0,0.044579,0.0,114.0,0.002493,0.317616,-0.0,0.0,0.0,180.0,1.0,66.0,1.0,0.0,0.362195,128384.0,1721542144.0,64.0,0.0,0.0,0.0,0.0,0.0,62.0,0.0,0.0,1.0,1.0,0.0,0.0,401.123169,31872.0,2.0,0.0,0.0,0.0,0.0,0.002493,0.0,0.0,0.0,0.002493,114.0,0.0,66.0,0.0,0.0,0.002493,0.002493,0.0,0.0,0.0,0.0,0.0,10.0
0.0,0.044579,0.0,117.199997,0.677529,0.317616,-0.0,5537.770508,11323.500977,1704.0,1.0,1118.0,7.0,0.0,0.362195,128384.0,1721542144.0,64.0,0.0,0.0,0.0,0.0,0.0,62.0,0.0,5.903807,1.0,5.0,0.0,0.0,16.235468,31872.0,12.0,1.0,0.0,0.0,0.0,0.677529,0.0,0.0,16861.271484,0.677529,586.0,0.0,159.714279,0.0,0.0,0.677529,0.677529,0.0,0.0,0.0,8.85571,0.0,10.0
0.0,0.044579,0.0,117.199997,0.764129,0.317616,-0.0,4910.166016,12908.81543,2024.0,1.0,1438.0,7.0,0.0,0.362195,128384.0,1721542144.0,64.0,0.0,0.0,0.0,0.0,0.0,62.0,0.0,5.234718,1.0,5.0,0.0,0.0,14.395475,31872.0,12.0,1.0,0.0,0.0,0.0,0.764129,0.0,0.0,17818.980469,0.764129,586.0,0.0,205.428574,0.0,0.0,0.764129,0.764129,0.0,0.0,0.0,7.852077,0.0,10.0
0.0,0.044579,1.0,123.333336,0.895594,0.317616,-0.0,2206.356934,13550.783203,2190.0,1.0,1820.0,6.0,0.0,0.362195,128384.0,1721542144.0,64.0,0.0,0.0,0.0,0.0,0.0,62.0,0.0,2.233155,1.0,3.0,1.0,0.0,8.932619,31872.0,9.0,1.0,0.0,10.0,0.0,0.895594,0.0,0.0,15757.139648,0.895594,370.0,0.0,303.333344,0.0,0.0,0.895594,0.895594,1.0,0.0,0.0,5.582887,0.0,10.0
0.0,0.044579,0.0,124.0,0.929908,0.317616,-0.0,7467.405762,9076.166992,2164.0,1.0,1172.0,10.0,0.0,0.362195,128384.0,1721542144.0,64.0,0.0,0.0,0.0,0.0,0.0,62.0,0.0,7.527627,1.0,8.0,0.0,0.0,18.28138,31872.0,18.0,1.0,0.0,0.0,0.0,0.929908,0.0,0.0,16543.572266,0.929908,992.0,0.0,117.199997,0.0,0.0,0.929908,0.929908,0.0,0.0,0.0,9.678377,0.0,10.0
0.0,0.044579,0.0,109.199997,0.959807,0.317616,-0.0,8193.314453,12035.75293,2696.0,1.0,1604.0,10.0,0.0,0.362195,128384.0,1721542144.0,64.0,0.0,0.0,0.0,0.0,0.0,62.0,0.0,9.376885,1.0,10.0,0.0,0.0,19.795647,31872.0,20.0,1.0,0.0,0.0,0.0,0.959807,0.0,0.0,20229.066406,0.959807,1092.0,0.0,160.399994,0.0,0.0,0.959807,0.959807,0.0,0.0,0.0,9.376885,0.0,10.0
0.0,0.044579,0.0,130.0,0.957253,0.317616,-0.0,1086.442139,2055.882812,588.0,1.0,328.0,4.0,0.0,0.362195,128384.0,1721542144.0,64.0,0.0,0.0,0.0,0.0,0.0,62.0,0.0,1.044656,1.0,2.0,0.0,0.0,5.223279,31872.0,6.0,1.0,0.0,0.0,0.0,0.957253,0.0,0.0,3142.324951,0.957253,260.0,0.0,82.0,0.0,0.0,0.957253,0.957253,0.0,0.0,0.0,3.133968,0.0,10.0
0.0,0.044579,0.0,106.0,0.843724,0.317616,-0.0,1005.067993,7225.111328,1228.0,1.0,1016.0,4.0,0.0,0.362195,128384.0,1721542144.0,64.0,0.0,0.0,0.0,0.0,0.0,62.0,0.0,1.185222,1.0,2.0,0.0,0.0,5.926108,31872.0,6.0,1.0,0.0,0.0,0.0,0.843724,0.0,0.0,8230.179688,0.843724,212.0,0.0,254.0,0.0,0.0,0.843724,0.843724,0.0,0.0,0.0,3.555665,0.0,10.0
1.0,0.044579,1.0,104.85714,0.902448,0.317616,-0.0,5584.80957,5833.022949,1556.0,1.0,822.0,5.0,0.0,0.362195,128384.0,1721542144.0,64.0,0.0,0.0,0.0,0.0,0.0,62.0,1.0,6.648582,1.0,7.0,0.0,0.0,12.189068,31872.0,12.0,1.0,0.0,7.692308,0.0,0.902448,0.0,0.0,11417.832031,0.902448,734.0,0.0,164.399994,0.0,0.0,0.902448,0.902448,0.0,0.0,0.0,4.432388,0.0,10.0
0.0,0.044579,1.0,66.0,0.898584,0.317616,-0.0,0.0,3267.362793,616.0,1.0,550.0,3.0,0.0,0.362195,128384.0,1721542144.0,64.0,0.0,0.0,0.0,0.0,0.0,62.0,0.0,0.0,1.0,1.0,1.0,1.0,3.338586,31872.0,4.0,0.0,0.0,20.0,0.0,0.898584,0.0,0.0,3267.362793,0.898584,66.0,0.0,183.333328,0.0,0.0,0.898584,0.898584,1.0,0.0,0.0,2.225724,0.0,10.0
0.0,0.044579,0.0,0.0,0.992222,0.317616,-0.0,0.0,2209.183105,548.0,1.0,548.0,2.0,0.0,0.362195,103135.70040124832,1721542144.0,64.0,0.0,0.0,0.0,0.0,0.0,62.0,0.0,0.0,1.0,0.0,1.0,0.0,1.007839,37317.08209959624,2.0,0.0,0.0,0.0,0.0,0.992222,0.0,1.0,2209.183105,0.992222,0.0,0.0,274.0,0.0,0.0,0.992222,0.992222,1.0,0.0,0.0,1.007839,0.0,10.0
0.0,0.044579,1.0,78.0,0.621235,0.317616,-0.0,1004.450806,30133.523438,3276.0,1.0,3120.0,4.0,0.0,0.362195,128384.0,1721542144.0,64.0,0.0,0.0,0.0,0.0,0.0,62.0,0.0,1.609697,1.0,2.0,1.0,1.0,8.048484,31872.0,6.0,0.0,0.0,14.285714,0.0,0.621235,0.0,0.0,31137.974609,0.621235,156.0,0.0,780.0,0.0,0.0,0.621235,0.621235,1.0,0.0,0.0,4.82909,0.0,10.0
0.0,0.044579,0.0,162.0,0.049927,0.317616,-0.0,0.0,0.0,228.0,1.0,66.0,1.0,0.0,0.362195,128384.0,1721542144.0,64.0,0.0,0.0,0.0,0.0,0.0,62.0,0.0,0.0,1.0,1.0,0.0,0.0,20.029243,31872.0,2.0,0.0,0.0,0.0,0.0,0.049927,0.0,0.0,0.0,0.049927,162.0,0.0,66.0,0.0,0.0,0.049927,0.049927,0.0,0.0,0.0,0.0,0.0,10.0
0.0,0.044579,0.0,106.0,0.19964,0.317616,-0.0,4247.645508,3927.068604,408.0,1.0,196.0,2.0,0.0,0.362195,128384.0,1721542144.0,64.0,0.0,0.0,0.0,0.0,0.0,62.0,0.0,5.009016,1.0,2.0,0.0,0.0,15.027048,31872.0,4.0,1.0,0.0,0.0,0.0,0.19964,0.0,0.0,8174.714355,0.19964,212.0,0.0,98.0,0.0,0.0,0.19964,0.19964,0.0,0.0,0.0,5.009016,0.0,10.0
0.0,0.044579,0.0,98.0,0.99882,0.317616,-0.0,1569.852417,10828.77832,1984.0,1.0,1690.0,5.0,0.0,0.362195,128384.0,1721542144.0,64.0,0.0,0.0,0.0,0.0,0.0,62.0,0.0,2.002363,1.0,3.0,0.0,0.0,7.00827,31872.0,8.0,1.0,0.0,0.0,0.0,0.99882,0.0,0.0,12398.629883,0.99882,294.0,0.0,338.0,0.0,0.0,0.99882,0.99882,0.0,0.0,0.0,4.004725,0.0,10.0
0.0,0.044579,0.0,85.199997,0.279286,0.317616,-0.0,9767.764648,6244.495117,752.0,1.0,326.0,3.0,0.0,0.362195,128384.0,1721542144.0,64.0,0.0,0.0,0.0,0.0,0.0,62.0,0.0,14.322236,1.0,5.0,0.0,0.0,25.063913,31872.0,8.0,1.0,0.0,0.0,0.0,0.279286,0.0,0.0,16012.259766,0.279286,426.0,0.0,108.666664,0.0,0.0,0.279286,0.279286,0.0,0.0,0.0,7.161118,0.0,10.0
0.0,0.044579,1.0,100.400002,0.993341,0.317616,-0.0,3237.558838,6201.294434,1426.0,1.0,924.0,6.0,0.0,0.362195,128256.0,1721542144.0,64.0,0.0,0.0,0.0,0.0,0.0,62.0,0.0,4.026814,1.0,5.0,1.0,0.0,10.067036,31872.0,11.0,1.0,0.0,8.333333,0.0,0.993341,0.0,0.0,9438.853516,0.993341,502.0,0.0,154.0,0.0,0.0,0.993341,0.993341,1.0,0.0,0.0,5.033518,0.0,10.0
0.0,0.044579,0.0,114.0,0.043556,0.317616,-0.0,0.0,0.0,180.0,1.0,66.0,1.0,0.0,0.362195,128384.0,1721542144.0,64.0,0.0,0.0,0.0,0.0,0.0,62.0,0.0,0.0,1.0,1.0,0.0,0.0,22.958948,31872.0,2.0,0.0,0.0,0.0,0.0,0.043556,0.0,0.0,0.0,0.043556,114.0,0.0,66.0,0.0,0.0,0.043556,0.043556,0.0,0.0,0.0,0.0,0.0,10.0
0.0,0.044579,0.0,100.666664,0.749739,0.317616,-0.0,5377.871582,224334.078125,22864.0,1.0,22260.0,18.0,0.0,0.362195,128384.0,1721542144.0,64.0,0.0,0.0,0.0,0.0,0.0,62.0,0.0,6.668988,1.0,6.0,0.0,0.0,30.677343,31872.0,24.0,1.0,0.0,0.0,0.0,0.749739,0.0,0.0,229711.9375,0.749739,604.0,0.0,1236.666626,0.0,0.0,0.749739,0.749739,0.0,0.0,0.0,22.674557,0.0,10.0
0.0,0.044579,0.0,0.0,0.770202,0.317616,-0.0,0.0,7166.951172,1380.0,1.0,1380.0,2.0,0.0,0.362195,103135.70040124832,1721542144.0,64.0,0.0,0.0,0.0,0.0,0.0,62.0,0.0,0.0,1.0,0.0,1.0,0.0,1.298361,37317.08209959624,2.0,0.0,0.0,0.0,0.0,0.770202,0.0,1.0,7166.951172,0.770202,0.0,0.0,690.0,0.0,0.0,0.770202,0.770202,1.0,0.0,0.0,1.298361,0.0,10.0
0.0,0.044579,0.0,78.0,0.163862,0.317616,-0.0,0.0,0.0,768.0,1.0,690.0,1.0,0.0,0.362195,128384.0,1721542144.0,64.0,0.0,0.0,0.0,0.0,0.0,62.0,0.0,0.0,1.0,1.0,0.0,1.0,6.102696,31872.0,2.0,0.0,0.0,0.0,0.0,0.163862,0.0,0.0,0.0,0.163862,78.0,0.0,690.0,0.0,0.0,0.163862,0.163862,0.0,0.0,0.0,0.0,0.0,10.0
0.0,0.044579,1.0,154.0,0.908294,0.317616,-0.0,1356.389038,2589.469971,700.0,1.0,392.0,4.0,0.0,0.362195,128384.0,1721542144.0,64.0,0.0,0.0,0.0,0.0,0.0,62.0,0.0,1.100965,1.0,2.0,1.0,0.0,5.504826,31872.0,6.0,1.0,0.0,14.285714,0.0,0.908294,0.0,0.0,3945.858887,0.908294,308.0,0.0,98.0,0.0,0.0,0.908294,0.908294,1.0,0.0,0.0,3.302895,0.0,10.0
0.0,0.044579,0.0,0.0,0.0,0.317616,-0.0,0.0,0.0,130.0,1.0,130.0,1.0,0.0,0.362195,103135.70040124832,1721542144.0,64.0,0.0,0.0,0.0,0.0,0.0,62.0,0.0,0.0,1.0,0.0,0.0,0.0,0.0,37317.08209959624,1.0,0.0,0.0,0.0,0.0,0.0,0.0,1.0,0.0,0.0,0.0,0.0,130.0,0.0,0.0,0.0,0.0,0.0,0.0,0.0,0.0,0.0,10.0
0.0,0.044579,0.0,0.0,0.0,0.317616,-0.0,0.0,0.0,130.0,1.0,130.0,1.0,0.0,0.362195,103135.70040124832,1721542144.0,64.0,0.0,0.0,0.0,0.0,0.0,62.0,0.0,0.0,1.0,0.0,0.0,0.0,0.0,37317.08209959624,1.0,0.0,0.0,0.0,0.0,0.0,0.0,1.0,0.0,0.0,0.0,0.0,130.0,0.0,0.0,0.0,0.0,0.0,0.0,0.0,0.0,0.0,10.0
0.0,0.044579,0.0,78.0,0.0,0.317616,-0.0,0.0,0.0,208.0,1.0,130.0,1.0,0.0,0.362195,128384.0,1721542144.0,64.0,0.0,0.0,0.0,0.0,0.0,62.0,0.0,0.0,1.0,1.0,0.0,1.0,0.0,31872.0,2.0,0.0,0.0,0.0,0.0,0.0,0.0,0.0,0.0,0.0,78.0,0.0,130.0,0.0,0.0,0.0,0.0,0.0,0.0,0.0,0.0,0.0,10.0
0.0,0.044579,0.0,95.333336,0.589224,0.317616,-0.0,6476.314941,7929.073242,1302.0,1.0,730.0,5.0,0.0,0.362195,128384.0,1721542144.0,64.0,0.0,0.0,0.0,0.0,0.0,62.0,0.0,8.485738,1.0,6.0,0.0,0.0,16.971476,31872.0,11.0,1.0,0.0,0.0,0.0,0.589224,0.0,0.0,14405.387695,0.589224,572.0,0.0,146.0,0.0,0.0,0.589224,0.589224,0.0,0.0,0.0,6.78859,0.0,10.0
0.0,0.044579,0.0,66.0,0.23386,0.317616,-0.0,2257.760986,2257.760986,264.0,1.0,132.0,2.0,1.0,0.362195,128384.0,1721542144.0,64.0,0.0,0.0,0.0,0.0,0.0,62.0,0.0,4.276062,1.0,2.0,0.0,0.0,12.828188,31872.0,4.0,0.0,0.0,0.0,0.0,0.23386,0.0,0.0,4515.521973,0.23386,132.0,0.0,66.0,0.0,0.0,0.23386,0.23386,0.0,0.0,0.0,4.276062,0.0,10.0
0.0,0.000993,0.0,219.600006,0.673151,0.057503,-0.0,23495.470703,29081.140625,4846.0,0.0,2650.0,13.0,0.0,0.058496,64128.0,1721542144.0,64.0,0.0,0.0,0.0,0.0,0.0,62.0,0.0,13.369957,0.0,10.0,0.0,0.0,32.682117,31872.0,23.0,0.0,0.0,0.0,0.0,0.673151,0.0,0.0,52576.613281,0.673151,2196.0,0.0,203.846161,0.0,0.0,0.673151,0.673151,0.0,0.0,1.0,17.826609,0.0,11.0
0.0,0.000993,0.0,95.333336,0.276769,0.057503,-0.0,13787.670898,43299.644531,2284.0,0.0,1712.0,8.0,0.0,0.058496,64128.0,1721542144.0,64.0,0.0,0.0,0.0,0.0,0.0,62.0,0.0,18.065607,1.0,6.0,0.0,0.0,46.970577,31872.0,14.0,1.0,0.0,0.0,0.0,0.276769,0.0,0.0,57087.316406,0.276769,572.0,0.0,214.0,0.0,0.0,0.276769,0.276769,0.0,0.0,0.0,25.291849,0.0,11.0
0.0,0.000993,0.0,122.0,0.968861,0.057503,-0.0,7051.579102,17257.376953,3256.0,0.0,2280.0,12.0,0.0,0.058496,64128.0,1721542144.0,64.0,0.0,0.0,0.0,0.0,0.0,62.0,0.0,7.224979,1.0,8.0,0.0,0.0,19.610657,31872.0,20.0,1.0,0.0,0.0,0.0,0.968861,0.0,0.0,24308.957031,0.968861,976.0,0.0,190.0,0.0,0.0,0.968861,0.968861,0.0,0.0,0.0,11.353538,0.0,11.0
0.0,0.000993,0.0,104.0,0.600318,0.057503,-0.0,9701.524414,11567.202148,1824.0,0.0,992.0,8.0,0.0,0.058496,64128.0,1721542144.0,64.0,0.0,0.0,0.0,0.0,0.0,62.0,0.0,11.660486,1.0,8.0,0.0,0.0,24.986757,31872.0,16.0,1.0,0.0,0.0,0.0,0.600318,0.0,0.0,21268.726562,0.600318,832.0,0.0,124.0,0.0,0.0,0.600318,0.600318,0.0,0.0,0.0,11.660486,0.0,11.0
0.0,0.000993,0.0,83.777779,0.836173,0.057503,-0.0,6419.724121,183713.171875,21156.0,0.0,20402.0,17.0,0.0,0.058496,61312.0,1721542144.0,64.0,0.0,0.0,0.0,0.0,0.0,62.0,0.0,9.567398,1.0,9.0,0.0,0.0,29.898119,31872.0,26.0,1.0,0.0,0.0,0.0,0.836173,0.0,0.0,190132.90625,0.836173,754.0,0.0,1200.117676,0.0,0.0,0.836173,0.836173,0.0,0.0,0.0,19.134796,0.0,11.0
0.0,0.000993,0.0,110.0,0.851159,0.057503,-0.0,7237.190918,205959.171875,23836.0,0.0,22956.0,22.0,0.0,0.058496,64128.0,1721542144.0,64.0,0.0,0.0,0.0,0.0,0.0,62.0,0.0,8.224081,1.0,8.0,0.0,0.0,34.07119,31872.0,30.0,1.0,0.0,0.0,0.0,0.851159,0.0,0.0,213196.359375,0.851159,880.0,0.0,1043.45459,0.0,0.0,0.851159,0.851159,0.0,0.0,0.0,24.672241,0.0,11.0
0.0,0.000993,0.0,115.599998,0.51051,0.057503,-0.0,16313.097656,31576.265625,3314.0,0.0,2158.0,15.0,0.0,0.058496,64128.0,1721542144.0,64.0,0.0,0.0,0.0,0.0,0.0,62.0,0.0,17.629429,1.0,10.0,0.0,0.0,47.01181,31872.0,25.0,1.0,0.0,0.0,0.0,0.51051,0.0,0.0,47889.363281,0.51051,1156.0,0.0,143.866669,0.0,0.0,0.51051,0.51051,0.0,0.0,0.0,27.423555,0.0,11.0
0.0,0.000993,0.0,117.199997,0.217137,0.057503,-0.0,17279.414062,50548.734375,2154.0,0.0,1568.0,8.0,0.0,0.058496,64128.0,1721542144.0,64.0,0.0,0.0,0.0,0.0,0.0,62.0,0.0,18.421551,1.0,5.0,0.0,0.0,55.264648,31872.0,13.0,1.0,0.0,0.0,0.0,0.217137,0.0,0.0,67828.148438,0.217137,586.0,0.0,196.0,0.0,0.0,0.217137,0.217137,0.0,0.0,0.0,32.237713,0.0,11.0
0.0,0.000993,0.0,117.199997,0.544409,0.057503,-0.0,15503.050781,41454.128906,4194.0,0.0,3022.0,15.0,0.0,0.058496,64128.0,1721542144.0,64.0,0.0,0.0,0.0,0.0,0.0,62.0,0.0,16.531689,1.0,10.0,0.0,0.0,44.084503,31872.0,25.0,1.0,0.0,0.0,0.0,0.544409,0.0,0.0,56957.179688,0.544409,1172.0,0.0,201.46666,0.0,0.0,0.544409,0.544409,0.0,0.0,0.0,25.715961,0.0,11.0
0.0,0.000993,0.0,138.0,0.542378,0.057503,-0.0,6106.442383,27287.242188,2710.0,0.0,2158.0,7.0,0.0,0.058496,64128.0,1721542144.0,64.0,0.0,0.0,0.0,0.0,0.0,62.0,0.0,5.531198,1.0,4.0,0.0,0.0,18.437326,31872.0,11.0,1.0,0.0,0.0,0.0,0.542378,0.0,0.0,33393.683594,0.542378,552.0,0.0,308.285706,0.0,0.0,0.542378,0.542378,0.0,0.0,0.0,11.062395,0.0,11.0
0.0,0.000993,0.0,126.0,0.381801,0.057503,-0.0,7920.356445,18103.671875,1540.0,0.0,1036.0,6.0,0.0,0.058496,64128.0,1721542144.0,64.0,0.0,0.0,0.0,0.0,0.0,62.0,0.0,7.857496,1.0,4.0,0.0,0.0,23.572489,31872.0,10.0,1.0,0.0,0.0,0.0,0.381801,0.0,0.0,26024.027344,0.381801,504.0,0.0,172.666672,0.0,0.0,0.381801,0.381801,0.0,0.0,0.0,13.095827,0.0,11.0
0.0,0.000993,0.0,122.0,0.233298,0.057503,-0.0,20917.453125,39365.960938,2044.0,0.0,1312.0,8.0,0.0,0.058496,64128.0,1721542144.0,64.0,0.0,0.0,0.0,0.0,0.0,62.0,0.0,21.431816,1.0,6.0,0.0,0.0,55.722721,31872.0,14.0,1.0,0.0,0.0,0.0,0.233298,0.0,0.0,60283.414062,0.233298,732.0,0.0,164.0,0.0,0.0,0.233298,0.233298,0.0,0.0,0.0,30.004543,0.0,11.0
0.0,0.000993,0.0,127.090912,0.941477,0.057503,-0.0,10800.051758,14530.360352,3222.0,0.0,1824.0,16.0,0.0,0.058496,64128.0,1721542144.0,64.0,0.0,0.0,0.0,0.0,0.0,62.0,0.0,10.621609,1.0,11.0,0.0,0.0,27.616182,31872.0,27.0,1.0,0.0,0.0,0.0,0.941477,0.0,0.0,25330.412109,0.941477,1398.0,0.0,114.0,0.0,0.0,0.941477,0.941477,0.0,0.0,0.0,15.932412,0.0,11.0
0.0,0.000993,0.0,115.777779,0.571131,0.057503,-0.0,12984.761719,18391.578125,2474.0,0.0,1432.0,12.0,0.0,0.058496,64128.0,1721542144.0,64.0,0.0,0.0,0.0,0.0,0.0,62.0,0.0,14.007295,1.0,9.0,0.0,0.0,35.018238,31872.0,21.0,1.0,0.0,0.0,0.0,0.571131,0.0,0.0,31376.339844,0.571131,1042.0,0.0,119.333336,0.0,0.0,0.571131,0.571131,0.0,0.0,0.0,19.260031,0.0,11.0
0.0,0.000993,1.0,110.666664,0.693268,0.057503,-0.0,6392.910156,9797.077148,1654.0,1.0,990.0,7.0,0.0,0.058496,64128.0,1721542144.0,64.0,0.0,0.0,0.0,0.0,0.0,61.0,0.0,7.212218,1.0,6.0,1.0,0.0,17.309324,31872.0,13.0,1.0,0.0,7.142857,0.0,0.693268,0.0,0.0,16189.987305,0.693268,664.0,0.0,141.428574,0.0,0.0,0.693268,0.693268,1.0,0.0,0.0,8.654662,0.0,11.0
0.0,0.000993,0.0,120.400002,0.56933,0.057503,-0.0,6772.873535,10960.251953,1512.0,1.0,910.0,7.0,0.0,0.058496,64128.0,1721542144.0,64.0,0.0,0.0,0.0,0.0,0.0,61.0,0.0,7.025803,1.0,5.0,0.0,0.0,19.320957,31872.0,12.0,1.0,0.0,0.0,0.0,0.56933,0.0,0.0,17733.125,0.56933,602.0,0.0,130.0,0.0,0.0,0.56933,0.56933,0.0,0.0,0.0,10.538704,0.0,11.0
0.0,0.000993,0.0,106.0,0.926689,0.057503,-0.0,2745.257568,4091.987549,1056.0,1.0,632.0,4.0,0.0,0.058496,64128.0,1721542144.0,64.0,0.0,0.0,0.0,0.0,0.0,61.0,0.0,3.237332,1.0,4.0,0.0,0.0,7.553774,31872.0,8.0,1.0,0.0,0.0,0.0,0.926689,0.0,0.0,6837.245117,0.926689,424.0,0.0,158.0,0.0,0.0,0.926689,0.926689,0.0,0.0,0.0,3.237332,0.0,11.0
0.0,0.000993,1.0,78.0,0.905643,0.057503,-0.0,0.0,3710.071289,708.0,1.0,630.0,3.0,0.0,0.058496,64128.0,1721542144.0,64.0,0.0,0.0,0.0,0.0,0.0,61.0,0.0,0.0,1.0,1.0,1.0,1.0,3.312564,31872.0,4.0,0.0,0.0,20.0,0.0,0.905643,0.0,0.0,3710.071289,0.905643,78.0,0.0,210.0,0.0,0.0,0.905643,0.905643,1.0,0.0,0.0,2.208376,0.0,11.0
0.0,0.000993,0.0,66.0,0.81931,0.057503,-0.0,0.0,2987.880127,678.0,1.0,612.0,2.0,0.0,0.058496,64128.0,1721542144.0,64.0,0.0,0.0,0.0,0.0,0.0,61.0,0.0,0.0,1.0,1.0,0.0,1.0,2.441078,31872.0,3.0,0.0,0.0,0.0,0.0,0.81931,0.0,0.0,2987.880127,0.81931,66.0,0.0,306.0,0.0,0.0,0.81931,0.81931,0.0,0.0,0.0,1.220539,0.0,11.0
0.0,0.000993,0.0,90.0,0.245896,0.057503,-0.0,8784.201172,2147.249268,492.0,1.0,132.0,2.0,0.0,0.058496,64128.0,1721542144.0,64.0,0.0,0.0,0.0,0.0,0.0,61.0,0.0,12.20028,1.0,4.0,0.0,0.0,20.333799,31872.0,6.0,0.0,0.0,0.0,0.0,0.245896,0.0,0.0,10931.451172,0.245896,360.0,0.0,66.0,0.0,0.0,0.245896,0.245896,0.0,0.0,0.0,4.06676,0.0,11.0
0.0,0.000993,0.0,122.0,0.846771,0.057503,-0.0,5763.069336,10108.990234,1920.0,1.0,1188.0,10.0,0.0,0.058496,64128.0,1721542144.0,64.0,0.0,0.0,0.0,0.0,0.0,62.0,0.0,5.904784,1.0,6.0,0.0,0.0,17.714352,31872.0,16.0,1.0,0.0,0.0,0.0,0.846771,0.0,0.0,15872.05957,0.846771,732.0,0.0,118.800003,0.0,0.0,0.846771,0.846771,0.0,0.0,0.0,10.628612,0.0,11.0
0.0,0.000993,0.0,133.199997,0.688713,0.057503,-0.0,6191.258301,38181.359375,4318.0,1.0,3652.0,10.0,0.0,0.058496,64128.0,1721542144.0,64.0,0.0,0.0,0.0,0.0,0.0,62.0,0.0,5.807934,1.0,5.0,0.0,0.0,20.32777,31872.0,15.0,1.0,0.0,0.0,0.0,0.688713,0.0,0.0,44372.617188,0.688713,666.0,0.0,365.200012,0.0,0.0,0.688713,0.688713,0.0,0.0,0.0,13.067852,0.0,11.0
0.0,0.000993,0.0,0.0,0.399623,0.057503,-0.0,0.0,16215.282227,1620.0,1.0,1620.0,2.0,0.0,0.058496,103135.70040124832,1721542144.0,64.0,0.0,0.0,0.0,0.0,0.0,62.0,0.0,0.0,1.0,0.0,1.0,0.0,2.502358,37317.08209959624,2.0,0.0,0.0,0.0,0.0,0.399623,0.0,1.0,16215.282227,0.399623,0.0,0.0,810.0,0.0,0.0,0.399623,0.399623,1.0,0.0,0.0,2.502358,0.0,11.0
0.0,0.000993,0.0,116.285713,0.770109,0.057503,-0.0,7250.921875,23664.183594,3376.0,1.0,2562.0,9.0,0.0,0.058496,64128.0,1721542144.0,64.0,0.0,0.0,0.0,0.0,0.0,62.0,0.0,7.791105,1.0,7.0,0.0,0.0,19.477762,31872.0,16.0,1.0,0.0,0.0,0.0,0.770109,0.0,0.0,30915.103516,0.770109,814.0,0.0,284.666656,0.0,0.0,0.770109,0.770109,0.0,0.0,0.0,10.38814,0.0,11.0
0.0,0.000993,1.0,102.666664,0.999628,0.057503,-0.0,4113.530273,7890.935547,1766.0,1.0,1150.0,7.0,0.0,0.058496,64128.0,1721542144.0,64.0,0.0,0.0,0.0,0.0,0.0,62.0,0.0,5.001861,1.0,6.0,1.0,0.0,12.004465,31872.0,13.0,1.0,0.0,7.142857,0.0,0.999628,0.0,0.0,12004.46582,0.999628,616.0,0.0,164.285721,0.0,0.0,0.999628,0.999628,1.0,0.0,0.0,6.002233,0.0,11.0
0.0,0.000993,0.0,114.0,0.00147,0.057503,-0.0,0.0,0.0,180.0,1.0,66.0,1.0,0.0,0.058496,64128.0,1721542144.0,64.0,0.0,0.0,0.0,0.0,0.0,62.0,0.0,0.0,1.0,1.0,0.0,0.0,680.272095,31872.0,2.0,0.0,0.0,0.0,0.0,0.00147,0.0,0.0,0.0,0.00147,114.0,0.0,66.0,0.0,0.0,0.00147,0.00147,0.0,0.0,0.0,0.0,0.0,11.0
0.0,0.000993,0.0,124.666664,0.878923,0.057503,-0.0,2275.512207,8228.251953,1458.0,1.0,1084.0,6.0,0.0,0.058496,64128.0,1721542144.0,64.0,0.0,0.0,0.0,0.0,0.0,62.0,0.0,2.275512,1.0,3.0,0.0,0.0,9.102049,31872.0,9.0,1.0,0.0,0.0,0.0,0.878923,0.0,0.0,10503.764648,0.878923,374.0,0.0,180.666672,0.0,0.0,0.878923,0.878923,0.0,0.0,0.0,5.68878,0.0,11.0
0.0,0.000993,0.0,90.0,0.774817,0.057503,-0.0,2787.755127,15022.902344,2178.0,1.0,1818.0,5.0,0.0,0.058496,64128.0,1721542144.0,64.0,0.0,0.0,0.0,0.0,0.0,62.0,0.0,3.871882,1.0,4.0,0.0,0.0,10.325019,31872.0,9.0,1.0,0.0,0.0,0.0,0.774817,0.0,0.0,17810.658203,0.774817,360.0,0.0,363.600006,0.0,0.0,0.774817,0.774817,0.0,0.0,0.0,5.162509,0.0,11.0
0.0,0.000993,0.0,114.0,0.570204,0.057503,-0.0,6397.709961,10943.451172,1480.0,1.0,910.0,7.0,0.0,0.058496,64128.0,1721542144.0,64.0,0.0,0.0,0.0,0.0,0.0,62.0,0.0,7.015033,1.0,5.0,0.0,0.0,19.29134,31872.0,12.0,1.0,0.0,0.0,0.0,0.570204,0.0,0.0,17341.162109,0.570204,570.0,0.0,130.0,0.0,0.0,0.570204,0.570204,0.0,0.0,0.0,10.52255,0.0,11.0
0.0,0.000993,0.0,117.199997,0.571885,0.057503,-0.0,6560.759766,10533.586914,1464.0,1.0,878.0,7.0,0.0,0.058496,64128.0,1721542144.0,64.0,0.0,0.0,0.0,0.0,0.0,62.0,0.0,6.994413,1.0,5.0,0.0,0.0,19.234636,31872.0,12.0,1.0,0.0,0.0,0.0,0.571885,0.0,0.0,17094.345703,0.571885,586.0,0.0,125.428574,0.0,0.0,0.571885,0.571885,0.0,0.0,0.0,10.49162,0.0,11.0
0.0,0.000993,0.0,122.0,0.997193,0.057503,-0.0,6851.231445,15242.787109,3034.0,1.0,2058.0,13.0,0.0,0.058496,64128.0,1721542144.0,64.0,0.0,0.0,0.0,0.0,0.0,62.0,0.0,7.019704,1.0,8.0,0.0,0.0,20.056299,31872.0,21.0,1.0,0.0,0.0,0.0,0.997193,0.0,0.0,22094.017578,0.997193,976.0,0.0,158.307693,0.0,0.0,0.997193,0.997193,0.0,0.0,0.0,12.033779,0.0,11.0
0.0,0.000993,0.0,116.666664,0.785569,0.057503,-0.0,5947.28125,12974.035156,2156.0,1.0,1456.0,8.0,0.0,0.058496,64128.0,1721542144.0,64.0,0.0,0.0,0.0,0.0,0.0,62.0,0.0,6.364813,1.0,6.0,0.0,0.0,16.548513,31872.0,14.0,1.0,0.0,0.0,0.0,0.785569,0.0,0.0,18921.316406,0.785569,700.0,0.0,182.0,0.0,0.0,0.785569,0.785569,0.0,0.0,0.0,8.910738,0.0,11.0
0.0,0.000993,0.0,91.599998,0.307343,0.057503,-0.0,21474.378906,355199.21875,15414.0,1.0,14498.0,17.0,0.0,0.058496,64128.0,1721542144.0,64.0,0.0,0.0,0.0,0.0,0.0,62.0,0.0,29.283243,1.0,10.0,0.0,0.0,84.596039,31872.0,27.0,1.0,0.0,0.0,0.0,0.307343,0.0,0.0,376673.59375,0.307343,916.0,0.0,852.823547,0.0,0.0,0.307343,0.307343,0.0,0.0,0.0,52.059097,0.0,11.0
0.0,0.000993,0.0,117.199997,0.185876,0.057503,-0.0,20185.5,64860.445312,2344.0,1.0,1758.0,7.0,0.0,0.058496,64128.0,1721542144.0,64.0,0.0,0.0,0.0,0.0,0.0,62.0,0.0,21.519724,1.0,5.0,0.0,0.0,59.179237,31872.0,12.0,1.0,0.0,0.0,0.0,0.185876,0.0,0.0,85045.945312,0.185876,586.0,0.0,251.142853,0.0,0.0,0.185876,0.185876,0.0,0.0,0.0,32.279583,0.0,11.0
0.0,0.000993,0.0,114.0,0.966747,0.057503,-0.0,7546.958984,15093.917969,2990.0,1.0,1964.0,14.0,0.0,0.058496,64128.0,1721542144.0,64.0,0.0,0.0,0.0,0.0,0.0,62.0,0.0,8.275174,1.0,9.0,0.0,0.0,22.756729,31872.0,23.0,1.0,0.0,0.0,0.0,0.966747,0.0,0.0,22640.876953,0.966747,1026.0,0.0,140.285721,0.0,0.0,0.966747,0.966747,0.0,0.0,0.0,13.447159,0.0,11.0
0.0,0.000993,0.0,116.666664,0.957277,0.057503,-0.0,4880.510254,5833.212402,1514.0,1.0,814.0,7.0,0.0,0.058496,64128.0,1721542144.0,64.0,0.0,0.0,0.0,0.0,0.0,62.0,0.0,5.223148,1.0,6.0,0.0,0.0,12.535557,31872.0,13.0,1.0,0.0,0.0,0.0,0.957277,0.0,0.0,10713.722656,0.957277,700.0,0.0,116.285713,0.0,0.0,0.957277,0.957277,0.0,0.0,0.0,6.267778,0.0,11.0
0.0,0.000993,0.0,117.199997,0.524418,0.057503,-0.0,7154.598145,9519.124023,1334.0,1.0,748.0,6.0,0.0,0.058496,64128.0,1721542144.0,64.0,0.0,0.0,0.0,0.0,0.0,62.0,0.0,7.627503,1.0,5.0,0.0,0.0,19.068758,31872.0,11.0,1.0,0.0,0.0,0.0,0.524418,0.0,0.0,16673.722656,0.524418,586.0,0.0,124.666664,0.0,0.0,0.524418,0.524418,0.0,0.0,0.0,9.534379,0.0,11.0
0.0,0.000993,0.0,117.199997,0.535908,0.057503,-0.0,7001.202148,11240.735352,1464.0,1.0,878.0,7.0,0.0,0.058496,64128.0,1721542144.0,64.0,0.0,0.0,0.0,0.0,0.0,62.0,0.0,7.463968,1.0,5.0,0.0,0.0,20.525911,31872.0,12.0,1.0,0.0,0.0,0.0,0.535908,0.0,0.0,18241.9375,0.535908,586.0,0.0,125.428574,0.0,0.0,0.535908,0.535908,0.0,0.0,0.0,11.195951,0.0,11.0
0.0,0.000993,0.0,117.199997,0.540254,0.057503,-0.0,6944.881348,11150.310547,1464.0,1.0,878.0,7.0,0.0,0.058496,64128.0,1721542144.0,64.0,0.0,0.0,0.0,0.0,0.0,62.0,0.0,7.403925,1.0,5.0,0.0,0.0,20.360794,31872.0,12.0,1.0,0.0,0.0,0.0,0.540254,0.0,0.0,18095.191406,0.540254,586.0,0.0,125.428574,0.0,0.0,0.540254,0.540254,0.0,0.0,0.0,11.105887,0.0,11.0
0.0,0.000993,0.0,115.777779,0.980003,0.057503,-0.0,7567.32373,80081.390625,11506.0,1.0,10464.0,16.0,0.0,0.058496,64128.0,1721542144.0,64.0,0.0,0.0,0.0,0.0,0.0,62.0,0.0,8.16324,1.0,9.0,0.0,0.0,24.489721,31872.0,25.0,1.0,0.0,0.0,0.0,0.980003,0.0,0.0,87648.710938,0.980003,1042.0,0.0,654.0,0.0,0.0,0.980003,0.980003,0.0,0.0,0.0,15.306076,0.0,11.0
0.0,0.000993,0.0,90.0,0.041336,0.057503,-0.0,17418.230469,0.0,246.0,1.0,66.0,1.0,0.0,0.058496,64128.0,1721542144.0,64.0,0.0,0.0,0.0,0.0,0.0,62.0,0.0,24.191988,1.0,2.0,0.0,0.0,48.383976,31872.0,3.0,0.0,0.0,0.0,0.0,0.041336,0.0,0.0,17418.230469,0.041336,180.0,0.0,66.0,0.0,0.0,0.041336,0.041336,0.0,0.0,0.0,0.0,0.0,11.0
0.0,0.000993,0.0,116.666664,0.696414,0.057503,-0.0,6708.65332,10775.200195,1772.0,1.0,1072.0,8.0,0.0,0.058496,64128.0,1721542144.0,64.0,0.0,0.0,0.0,0.0,0.0,62.0,0.0,7.179637,1.0,6.0,0.0,0.0,18.667057,31872.0,14.0,1.0,0.0,0.0,0.0,0.696414,0.0,0.0,17483.853516,0.696414,700.0,0.0,134.0,0.0,0.0,0.696414,0.696414,0.0,0.0,0.0,10.051493,0.0,11.0
0.0,0.000993,0.0,123.599998,0.169493,0.057503,-0.0,23363.796875,29452.542969,1366.0,1.0,748.0,6.0,0.0,0.058496,64128.0,1721542144.0,64.0,0.0,0.0,0.0,0.0,0.0,62.0,0.0,23.599794,1.0,5.0,0.0,0.0,58.999485,31872.0,11.0,1.0,0.0,0.0,0.0,0.169493,0.0,0.0,52816.339844,0.169493,618.0,0.0,124.666664,0.0,0.0,0.169493,0.169493,0.0,0.0,0.0,29.499743,0.0,11.0
0.0,0.000993,0.0,136.857147,0.340187,0.057503,-0.0,19330.542969,30571.419922,2402.0,1.0,1444.0,10.0,0.0,0.058496,64128.0,1721542144.0,64.0,0.0,0.0,0.0,0.0,0.0,62.0,0.0,17.637358,1.0,7.0,0.0,0.0,47.032955,31872.0,17.0,1.0,0.0,0.0,0.0,0.340187,0.0,0.0,49901.964844,0.340187,958.0,0.0,144.399994,0.0,0.0,0.340187,0.340187,0.0,0.0,0.0,26.456036,0.0,11.0
0.0,0.000993,0.0,111.333336,0.647584,0.057503,-0.0,6880.960449,12625.388672,1836.0,1.0,1168.0,8.0,0.0,0.058496,64128.0,1721542144.0,64.0,0.0,0.0,0.0,0.0,0.0,62.0,0.0,7.721006,1.0,6.0,0.0,0.0,20.074615,31872.0,14.0,1.0,0.0,0.0,0.0,0.647584,0.0,0.0,19506.349609,0.647584,668.0,0.0,146.0,0.0,0.0,0.647584,0.647584,0.0,0.0,0.0,10.809408,0.0,11.0
0.0,0.000993,0.0,110.0,0.907217,0.057503,-0.0,2909.998291,5731.814941,1220.0,1.0,780.0,6.0,0.0,0.058496,64128.0,1721542144.0,64.0,0.0,0.0,0.0,0.0,0.0,62.0,0.0,3.306816,1.0,4.0,0.0,0.0,9.920448,31872.0,10.0,1.0,0.0,0.0,0.0,0.907217,0.0,0.0,8641.813477,0.907217,440.0,0.0,130.0,0.0,0.0,0.907217,0.907217,0.0,0.0,0.0,5.511361,0.0,11.0
0.0,0.000993,0.0,114.0,0.955725,0.057503,-0.0,3816.997559,9860.577148,1944.0,1.0,1374.0,7.0,0.0,0.058496,64128.0,1721542144.0,64.0,0.0,0.0,0.0,0.0,0.0,62.0,0.0,4.185304,1.0,5.0,0.0,0.0,11.509586,31872.0,12.0,1.0,0.0,0.0,0.0,0.955725,0.0,0.0,13677.574219,0.955725,570.0,0.0,196.285721,0.0,0.0,0.955725,0.955725,0.0,0.0,0.0,6.277956,0.0,11.0
0.0,0.000993,0.0,114.0,0.928753,0.057503,-0.0,3927.847168,10009.119141,1898.0,1.0,1328.0,8.0,0.0,0.058496,64128.0,1721542144.0,64.0,0.0,0.0,0.0,0.0,0.0,62.0,0.0,4.30685,1.0,5.0,0.0,0.0,12.92055,31872.0,13.0,1.0,0.0,0.0,0.0,0.928753,0.0,0.0,13936.966797,0.928753,570.0,0.0,166.0,0.0,0.0,0.928753,0.928753,0.0,0.0,0.0,7.536988,0.0,11.0
1.0,0.000993,2.0,116.400002,0.924629,0.057503,-0.0,4031.887451,6748.652832,1518.0,1.0,936.0,6.0,0.0,0.058496,64128.0,1721542144.0,64.0,0.0,0.0,0.0,0.0,0.0,62.0,0.0,4.326059,1.0,5.0,1.0,0.0,10.815149,31872.0,11.0,1.0,0.0,15.384615,0.0,0.924629,0.0,0.0,10780.540039,0.924629,582.0,0.0,156.0,0.0,1.0,0.924629,0.924629,0.0,0.0,0.0,5.407575,0.0,11.0
0.0,0.000993,0.0,92.666664,0.17037,0.057503,-0.0,8733.932617,8733.932617,650.0,1.0,372.0,2.0,0.0,0.058496,64128.0,1721542144.0,64.0,0.0,0.0,0.0,0.0,0.0,62.0,0.0,11.739156,1.0,3.0,0.0,0.0,23.478312,31872.0,5.0,1.0,0.0,0.0,0.0,0.17037,0.0,0.0,17467.865234,0.17037,278.0,0.0,186.0,0.0,0.0,0.17037,0.17037,0.0,0.0,0.0,5.869578,0.0,11.0
0.0,0.000993,1.0,78.0,0.483376,0.057503,-0.0,0.0,4799.576172,658.0,1.0,580.0,2.0,0.0,0.058496,64128.0,1721542144.0,64.0,0.0,0.0,0.0,0.0,0.0,62.0,0.0,0.0,1.0,1.0,1.0,1.0,4.137566,31872.0,3.0,0.0,0.0,25.0,0.0,0.483376,0.0,0.0,4799.576172,0.483376,78.0,0.0,290.0,0.0,0.0,0.483376,0.483376,1.0,0.0,0.0,2.068783,0.0,11.0
0.0,0.000993,1.0,78.0,0.999963,0.057503,-0.0,0.0,3360.124268,708.0,1.0,630.0,3.0,0.0,0.058496,64128.0,1721542144.0,64.0,0.0,0.0,0.0,0.0,0.0,62.0,0.0,0.0,1.0,1.0,1.0,1.0,3.000111,31872.0,4.0,0.0,0.0,20.0,0.0,0.999963,0.0,0.0,3360.124268,0.999963,78.0,0.0,210.0,0.0,0.0,0.999963,0.999963,1.0,0.0,0.0,2.000074,0.0,11.0
0.0,0.000993,0.0,66.0,0.893099,0.057503,-0.0,591.199829,0.0,342.0,1.0,210.0,1.0,0.0,0.058496,64128.0,1721542144.0,64.0,0.0,0.0,0.0,0.0,0.0,62.0,0.0,1.119697,1.0,2.0,0.0,1.0,2.239393,31872.0,3.0,0.0,0.0,0.0,0.0,0.893099,0.0,0.0,591.199829,0.893099,132.0,0.0,210.0,0.0,0.0,0.893099,0.893099,0.0,0.0,0.0,0.0,0.0,11.0
0.0,0.000993,0.0,66.0,0.94541,0.057503,-0.0,0.0,1777.006836,486.0,1.0,420.0,2.0,0.0,0.058496,64128.0,1721542144.0,64.0,0.0,0.0,0.0,0.0,0.0,62.0,0.0,0.0,1.0,1.0,0.0,1.0,2.115484,31872.0,3.0,0.0,0.0,0.0,0.0,0.94541,0.0,0.0,1777.006836,0.94541,66.0,0.0,210.0,0.0,0.0,0.94541,0.94541,0.0,0.0,0.0,1.057742,0.0,11.0
0.0,0.000993,0.0,66.0,0.944662,0.057503,-0.0,0.0,0.0,276.0,1.0,210.0,1.0,0.0,0.058496,64128.0,1721542144.0,64.0,0.0,0.0,0.0,0.0,0.0,62.0,0.0,0.0,1.0,1.0,0.0,1.0,1.05858,31872.0,2.0,0.0,0.0,0.0,0.0,0.944662,0.0,0.0,0.0,0.944662,66.0,0.0,210.0,0.0,0.0,0.944662,0.944662,0.0,0.0,0.0,0.0,0.0,11.0
0.0,0.000993,0.0,66.0,0.944833,0.057503,-0.0,0.0,0.0,276.0,1.0,210.0,1.0,0.0,0.058496,64128.0,1721542144.0,64.0,0.0,0.0,0.0,0.0,0.0,62.0,0.0,0.0,1.0,1.0,0.0,1.0,1.058388,31872.0,2.0,0.0,0.0,0.0,0.0,0.944833,0.0,0.0,0.0,0.944833,66.0,0.0,210.0,0.0,0.0,0.944833,0.944833,0.0,0.0,0.0,0.0,0.0,11.0
0.0,0.000993,0.0,66.0,0.998485,0.057503,-0.0,528.801147,0.0,342.0,1.0,210.0,1.0,0.0,0.058496,64128.0,1721542144.0,64.0,0.0,0.0,0.0,0.0,0.0,62.0,0.0,1.001517,1.0,2.0,0.0,1.0,2.003035,31872.0,3.0,0.0,0.0,0.0,0.0,0.998485,0.0,0.0,528.801147,0.998485,132.0,0.0,210.0,0.0,0.0,0.998485,0.998485,0.0,0.0,0.0,0.0,0.0,11.0
0.0,0.000993,0.0,0.0,0.570828,0.057503,-0.0,0.0,13748.449219,1226.0,1.0,1226.0,5.0,0.0,0.058496,103135.70040124832,1721542144.0,64.0,0.0,0.0,0.0,0.0,0.0,62.0,0.0,0.0,1.0,0.0,2.0,0.0,7.007364,37317.08209959624,5.0,0.0,0.0,0.0,0.0,0.570828,0.0,1.0,13748.449219,0.570828,0.0,0.0,245.199997,0.0,0.0,0.570828,0.570828,1.0,0.0,0.0,7.007364,0.0,11.0
0.0,0.000993,0.0,0.0,0.0,0.057503,-0.0,0.0,0.0,466.0,1.0,466.0,1.0,0.0,0.058496,103135.70040124832,1721542144.0,64.0,0.0,0.0,0.0,0.0,0.0,62.0,0.0,0.0,1.0,0.0,0.0,0.0,0.0,37317.08209959624,1.0,0.0,0.0,0.0,0.0,0.0,0.0,1.0,0.0,0.0,0.0,0.0,466.0,0.0,0.0,0.0,0.0,0.0,0.0,0.0,0.0,0.0,11.0
0.0,0.000993,0.0,110.666664,0.681223,0.057503,-0.0,6505.946289,23675.068359,2968.0,1.0,2304.0,8.0,0.0,0.058496,64128.0,1721542144.0,64.0,0.0,0.0,0.0,0.0,0.0,62.0,0.0,7.339741,1.0,6.0,0.0,0.0,19.083326,31872.0,14.0,1.0,0.0,0.0,0.0,0.681223,0.0,0.0,30181.013672,0.681223,664.0,0.0,288.0,0.0,0.0,0.681223,0.681223,0.0,0.0,0.0,10.275637,0.0,11.0
0.0,0.000993,0.0,70.0,0.479566,0.057503,-0.0,2335.444824,13245.30957,1400.0,1.0,1190.0,3.0,0.0,0.058496,64128.0,1721542144.0,64.0,0.0,0.0,0.0,0.0,0.0,62.0,0.0,4.170437,1.0,3.0,0.0,1.0,10.426093,31872.0,6.0,0.0,0.0,0.0,0.0,0.479566,0.0,0.0,15580.753906,0.479566,210.0,0.0,396.666656,0.0,0.0,0.479566,0.479566,0.0,0.0,0.0,4.170437,0.0,11.0
0.0,0.000993,0.0,66.0,0.167954,0.057503,-0.0,0.0,0.0,500.0,1.0,434.0,1.0,0.0,0.058496,64128.0,1721542144.0,64.0,0.0,0.0,0.0,0.0,0.0,62.0,0.0,0.0,1.0,1.0,0.0,1.0,5.954011,31872.0,2.0,0.0,0.0,0.0,0.0,0.167954,0.0,0.0,0.0,0.167954,66.0,0.0,434.0,0.0,0.0,0.167954,0.167954,0.0,0.0,0.0,0.0,0.0,11.0
0.0,0.000993,0.0,66.0,0.325204,0.057503,-0.0,6494.384766,67157.84375,3450.0,1.0,3120.0,8.0,0.0,0.058496,63488.0,1721542144.0,64.0,0.0,0.0,0.0,0.0,0.0,62.0,0.0,12.299972,1.0,5.0,0.0,1.0,36.899914,31872.0,13.0,0.0,0.0,0.0,0.0,0.325204,0.0,0.0,73652.226562,0.325204,330.0,0.0,390.0,0.0,0.0,0.325204,0.325204,0.0,0.0,0.0,21.52495,0.0,11.0
0.0,0.000993,0.0,66.0,0.856433,0.057503,-0.0,0.0,4054.02417,934.0,1.0,868.0,2.0,0.0,0.058496,64128.0,1721542144.0,64.0,0.0,0.0,0.0,0.0,0.0,62.0,0.0,0.0,1.0,1.0,0.0,1.0,2.335267,31872.0,3.0,0.0,0.0,0.0,0.0,0.856433,0.0,0.0,4054.02417,0.856433,66.0,0.0,434.0,0.0,0.0,0.856433,0.856433,0.0,0.0,0.0,1.167634,0.0,11.0
0.0,0.000993,0.0,0.0,0.407879,0.057503,-0.0,0.0,8512.328125,868.0,1.0,868.0,2.0,0.0,0.058496,103135.70040124832,1721542144.0,64.0,0.0,0.0,0.0,0.0,0.0,62.0,0.0,0.0,1.0,0.0,1.0,0.0,2.451708,37317.08209959624,2.0,0.0,0.0,0.0,0.0,0.407879,0.0,1.0,8512.328125,0.407879,0.0,0.0,434.0,0.0,0.0,0.407879,0.407879,1.0,0.0,0.0,2.451708,0.0,11.0
0.0,0.000993,0.0,0.0,0.0,0.057503,-0.0,0.0,0.0,434.0,1.0,434.0,1.0,0.0,0.058496,103135.70040124832,1721542144.0,64.0,0.0,0.0,0.0,0.0,0.0,62.0,0.0,0.0,1.0,0.0,0.0,0.0,0.0,37317.08209959624,1.0,0.0,0.0,0.0,0.0,0.0,0.0,1.0,0.0,0.0,0.0,0.0,434.0,0.0,0.0,0.0,0.0,0.0,0.0,0.0,0.0,0.0,11.0
0.0,0.000993,0.0,68.0,0.708904,0.057503,-0.0,3836.908691,36021.800781,4056.0,1.0,3648.0,8.0,0.0,0.058496,64128.0,1721542144.0,64.0,0.0,0.0,0.0,0.0,0.0,62.0,0.0,7.053141,1.0,6.0,0.0,1.0,18.338167,31872.0,14.0,0.0,0.0,0.0,0.0,0.708904,0.0,0.0,39858.710938,0.708904,408.0,0.0,456.0,0.0,0.0,0.708904,0.708904,0.0,0.0,0.0,9.874397,0.0,11.0
0.0,0.000993,0.0,110.0,0.924107,0.057503,-0.0,2856.812012,2129.623535,768.0,1.0,328.0,4.0,0.0,0.058496,64128.0,1721542144.0,64.0,0.0,0.0,0.0,0.0,0.0,62.0,0.0,3.246377,1.0,4.0,0.0,0.0,7.57488,31872.0,8.0,1.0,0.0,0.0,0.0,0.924107,0.0,0.0,4986.435547,0.924107,440.0,0.0,82.0,0.0,0.0,0.924107,0.924107,0.0,0.0,0.0,3.246377,0.0,11.0
0.0,0.000993,0.0,106.0,0.170509,0.057503,-0.0,4973.344727,8726.8125,584.0,1.0,372.0,2.0,0.0,0.058496,64128.0,1721542144.0,64.0,0.0,0.0,0.0,0.0,0.0,62.0,0.0,5.864793,1.0,2.0,0.0,0.0,17.594379,31872.0,4.0,1.0,0.0,0.0,0.0,0.170509,0.0,0.0,13700.157227,0.170509,212.0,0.0,186.0,0.0,0.0,0.170509,0.170509,0.0,0.0,0.0,5.864793,0.0,11.0
0.0,0.000993,1.0,78.0,0.0,0.057503,-0.0,0.0,0.0,1106.0,1.0,1028.0,2.0,0.0,0.058496,64128.0,1721542144.0,64.0,0.0,0.0,0.0,0.0,0.0,62.0,0.0,0.0,1.0,1.0,1.0,1.0,0.0,31872.0,3.0,0.0,0.0,25.0,0.0,0.0,0.0,0.0,0.0,0.0,78.0,0.0,514.0,0.0,0.0,0.0,0.0,1.0,0.0,0.0,0.0,0.0,11.0
0.0,0.000993,0.0,66.0,0.0,0.057503,-0.0,0.0,0.0,580.0,1.0,514.0,1.0,0.0,0.058496,64128.0,1721542144.0,64.0,0.0,0.0,0.0,0.0,0.0,62.0,0.0,0.0,1.0,1.0,0.0,1.0,0.0,31872.0,2.0,0.0,0.0,0.0,0.0,0.0,0.0,0.0,0.0,0.0,66.0,0.0,514.0,0.0,0.0,0.0,0.0,0.0,0.0,0.0,0.0,0.0,11.0
0.0,0.000993,0.0,66.0,0.0,0.057503,-0.0,0.0,0.0,580.0,1.0,514.0,1.0,0.0,0.058496,64128.0,1721542144.0,64.0,0.0,0.0,0.0,0.0,0.0,62.0,0.0,0.0,1.0,1.0,0.0,1.0,0.0,31872.0,2.0,0.0,0.0,0.0,0.0,0.0,0.0,0.0,0.0,0.0,66.0,0.0,514.0,0.0,0.0,0.0,0.0,0.0,0.0,0.0,0.0,0.0,11.0
0.0,0.000993,1.0,78.0,0.469674,0.057503,-0.0,0.0,22790.275391,2084.0,1.0,2006.0,3.0,0.0,0.058496,64128.0,1721542144.0,64.0,0.0,0.0,0.0,0.0,0.0,62.0,0.0,0.0,1.0,1.0,1.0,1.0,6.387409,31872.0,4.0,0.0,0.0,20.0,0.0,0.469674,0.0,0.0,22790.275391,0.469674,78.0,0.0,668.666687,0.0,0.0,0.469674,0.469674,1.0,0.0,0.0,4.258273,0.0,11.0
0.0,0.000993,0.0,90.0,0.201553,0.057503,-0.0,10716.78418,7779.591309,654.0,1.0,294.0,3.0,0.0,0.058496,64128.0,1721542144.0,64.0,0.0,0.0,0.0,0.0,0.0,62.0,0.0,14.884422,1.0,4.0,0.0,0.0,29.768845,31872.0,7.0,1.0,0.0,0.0,0.0,0.201553,0.0,0.0,18496.375,0.201553,360.0,0.0,98.0,0.0,0.0,0.201553,0.201553,0.0,0.0,0.0,9.922948,0.0,11.0
0.0,0.000993,1.0,112.0,0.552412,0.057503,-0.0,1621.977905,3157.063965,550.0,1.0,326.0,3.0,0.0,0.058496,64128.0,1721542144.0,64.0,0.0,0.0,0.0,0.0,0.0,62.0,0.0,1.810243,1.0,2.0,1.0,0.0,7.240973,31872.0,5.0,1.0,0.0,16.666667,0.0,0.552412,0.0,0.0,4779.041992,0.552412,224.0,0.0,108.666664,0.0,0.0,0.552412,0.552412,1.0,0.0,0.0,3.620486,0.0,11.0
0.0,0.000993,0.0,91.14286,0.216657,0.057503,-0.0,20197.824219,76434.179688,3052.0,1.0,2414.0,7.0,0.0,0.058496,64128.0,1721542144.0,64.0,0.0,0.0,0.0,0.0,0.0,62.0,0.0,27.693544,1.0,7.0,0.0,0.0,60.002678,31872.0,14.0,1.0,0.0,0.0,0.0,0.216657,0.0,0.0,96632.007812,0.216657,638.0,0.0,344.857147,0.0,0.0,0.216657,0.216657,0.0,0.0,0.0,27.693544,0.0,11.0
0.0,0.000993,2.0,138.0,0.769968,0.057503,-0.0,1433.825928,10493.943359,1488.0,1.0,1212.0,6.0,0.0,0.058496,64128.0,1721542144.0,64.0,0.0,0.0,0.0,0.0,0.0,62.0,0.0,1.298755,1.0,2.0,2.0,0.0,9.091288,31872.0,8.0,1.0,0.0,20.0,0.0,0.769968,0.0,0.0,11927.768555,0.769968,276.0,0.0,202.0,0.0,0.0,0.769968,0.769968,1.0,0.0,0.0,6.493777,0.0,11.0
0.0,0.000993,0.0,0.0,0.0,0.057503,-0.0,0.0,0.0,354.0,1.0,354.0,1.0,0.0,0.058496,103135.70040124832,1721542144.0,64.0,0.0,0.0,0.0,0.0,0.0,62.0,0.0,0.0,1.0,0.0,0.0,0.0,0.0,37317.08209959624,1.0,0.0,0.0,0.0,0.0,0.0,0.0,1.0,0.0,0.0,0.0,0.0,354.0,0.0,0.0,0.0,0.0,0.0,0.0,0.0,0.0,0.0,11.0
0.0,0.000993,0.0,113.0,0.523442,0.057503,-0.0,5181.089844,7060.95459,1068.0,1.0,616.0,4.0,0.0,0.058496,64128.0,1721542144.0,64.0,0.0,0.0,0.0,0.0,0.0,62.0,0.0,5.731294,1.0,4.0,0.0,0.0,13.37302,31872.0,8.0,1.0,0.0,0.0,0.0,0.523442,0.0,0.0,12242.044922,0.523442,452.0,0.0,154.0,0.0,0.0,0.523442,0.523442,0.0,0.0,0.0,5.731294,0.0,11.0
0.0,0.000993,1.0,112.0,0.463477,0.057503,-0.0,1933.213623,22059.347656,1928.0,1.0,1704.0,4.0,0.0,0.058496,64128.0,1721542144.0,64.0,0.0,0.0,0.0,0.0,0.0,62.0,0.0,2.157604,1.0,2.0,1.0,0.0,10.788022,31872.0,6.0,1.0,0.0,14.285714,0.0,0.463477,0.0,0.0,23992.560547,0.463477,224.0,0.0,426.0,0.0,0.0,0.463477,0.463477,1.0,0.0,0.0,6.472813,0.0,11.0
0.0,0.000993,0.0,117.199997,0.61639,0.057503,-0.0,6087.055176,4283.00293,1026.0,1.0,440.0,4.0,0.0,0.058496,64128.0,1721542144.0,64.0,0.0,0.0,0.0,0.0,0.0,62.0,0.0,6.489398,1.0,5.0,0.0,0.0,12.978796,31872.0,9.0,1.0,0.0,0.0,0.0,0.61639,0.0,0.0,10370.057617,0.61639,586.0,0.0,110.0,0.0,0.0,0.61639,0.61639,0.0,0.0,0.0,4.867049,0.0,11.0
0.0,0.000993,0.0,82.0,0.399302,0.057503,-0.0,8214.333984,60966.386719,4042.0,1.0,3550.0,7.0,0.0,0.058496,64128.0,1721542144.0,64.0,0.0,0.0,0.0,0.0,0.0,62.0,0.0,12.521851,1.0,6.0,0.0,0.0,30.052441,31872.0,13.0,1.0,0.0,0.0,0.0,0.399302,0.0,0.0,69180.71875,0.399302,492.0,0.0,507.142853,0.0,0.0,0.399302,0.399302,0.0,0.0,0.0,15.02622,0.0,11.0
0.0,0.000993,0.0,124.666664,0.416518,0.057503,-0.0,4801.713379,4801.713379,748.0,1.0,374.0,3.0,0.0,0.058496,64128.0,1721542144.0,64.0,0.0,0.0,0.0,0.0,0.0,62.0,0.0,4.801713,1.0,3.0,0.0,0.0,12.004283,31872.0,6.0,1.0,0.0,0.0,0.0,0.416518,0.0,0.0,9603.426758,0.416518,374.0,0.0,124.666664,0.0,0.0,0.416518,0.416518,0.0,0.0,0.0,4.801713,0.0,11.0
0.0,0.000993,0.0,106.0,0.579262,0.057503,-0.0,7319.658203,32634.626953,3294.0,1.0,2658.0,9.0,0.0,0.058496,64128.0,1721542144.0,64.0,0.0,0.0,0.0,0.0,0.0,62.0,0.0,8.631673,1.0,6.0,0.0,0.0,24.168682,31872.0,15.0,1.0,0.0,0.0,0.0,0.579262,0.0,0.0,39954.285156,0.579262,636.0,0.0,295.333344,0.0,0.0,0.579262,0.579262,0.0,0.0,0.0,13.810676,0.0,11.0
0.0,0.000993,0.0,0.0,0.387124,0.057503,-0.0,0.0,9960.632812,964.0,1.0,964.0,2.0,0.0,0.058496,103135.70040124832,1721542144.0,64.0,0.0,0.0,0.0,0.0,0.0,62.0,0.0,0.0,1.0,0.0,1.0,0.0,2.583152,37317.08209959624,2.0,0.0,0.0,0.0,0.0,0.387124,0.0,1.0,9960.632812,0.387124,0.0,0.0,482.0,0.0,0.0,0.387124,0.387124,1.0,0.0,0.0,2.583152,0.0,11.0
0.0,0.000993,0.0,0.0,0.0,0.057503,-0.0,0.0,0.0,802.0,1.0,802.0,1.0,0.0,0.058496,103135.70040124832,1721542144.0,64.0,0.0,0.0,0.0,0.0,0.0,62.0,0.0,0.0,1.0,0.0,0.0,0.0,0.0,37317.08209959624,1.0,0.0,0.0,0.0,0.0,0.0,0.0,1.0,0.0,0.0,0.0,0.0,802.0,0.0,0.0,0.0,0.0,0.0,0.0,0.0,0.0,0.0,11.0
0.0,0.000993,0.0,108.85714,0.749389,0.057503,-0.0,6981.687988,20176.4375,2922.0,1.0,2160.0,8.0,0.0,0.058496,64128.0,1721542144.0,64.0,0.0,0.0,0.0,0.0,0.0,62.0,0.0,8.006523,1.0,7.0,0.0,0.0,18.681887,31872.0,15.0,1.0,0.0,0.0,0.0,0.749389,0.0,0.0,27158.125,0.749389,762.0,0.0,270.0,0.0,0.0,0.749389,0.749389,0.0,0.0,0.0,9.340943,0.0,11.0
0.0,0.000993,0.0,114.0,0.000487,0.057503,-0.0,0.0,0.0,180.0,1.0,66.0,1.0,0.0,0.058496,64128.0,1721542144.0,64.0,0.0,0.0,0.0,0.0,0.0,62.0,0.0,0.0,1.0,1.0,0.0,0.0,2053.387939,31872.0,2.0,0.0,0.0,0.0,0.0,0.000487,0.0,0.0,0.0,0.000487,114.0,0.0,66.0,0.0,0.0,0.000487,0.000487,0.0,0.0,0.0,0.0,0.0,11.0
0.0,0.000993,1.0,146.0,0.786136,0.057503,-0.0,1485.748047,8110.556152,1248.0,1.0,956.0,6.0,0.0,0.058496,64128.0,1721542144.0,64.0,0.0,0.0,0.0,0.0,0.0,62.0,0.0,1.272045,1.0,2.0,1.0,0.0,8.904312,31872.0,8.0,1.0,0.0,11.111111,0.0,0.786136,0.0,0.0,9596.304688,0.786136,292.0,0.0,159.333328,0.0,0.0,0.786136,0.786136,1.0,0.0,0.0,6.360223,0.0,11.0
0.0,0.000993,0.0,242.0,0.977919,0.057503,-0.0,0.0,2437.829834,838.0,1.0,596.0,2.0,0.0,0.058496,64128.0,1721542144.0,64.0,0.0,0.0,0.0,0.0,0.0,62.0,0.0,0.0,1.0,1.0,0.0,0.0,2.045159,31872.0,3.0,1.0,0.0,0.0,0.0,0.977919,0.0,0.0,2437.829834,0.977919,242.0,0.0,298.0,0.0,0.0,0.977919,0.977919,0.0,0.0,0.0,1.02258,0.0,11.0
0.0,0.000993,0.0,79.53846,0.632373,0.057503,-0.0,12081.477539,244640.4375,21580.0,1.0,20546.0,17.0,0.0,0.058496,67968.0,1721542144.0,64.0,0.0,0.0,0.0,0.0,0.0,62.0,0.0,18.976143,1.0,13.0,0.0,0.0,45.859013,31872.0,30.0,1.0,0.0,0.0,0.0,0.632373,0.0,0.0,256721.90625,0.632373,1034.0,0.0,1208.588257,0.0,0.0,0.632373,0.632373,0.0,0.0,0.0,25.301523,0.0,11.0
0.0,0.000993,0.0,92.105263,0.586399,0.057503,-0.0,22619.410156,309004.625,25306.0,1.0,23556.0,26.0,0.0,0.058496,81536.0,1721542144.0,64.0,0.0,0.0,0.0,0.0,0.0,62.0,0.0,30.695822,1.0,19.0,0.0,0.0,75.034233,31872.0,45.0,1.0,0.0,0.0,0.0,0.586399,0.0,0.0,331624.03125,0.586399,1750.0,0.0,906.0,0.0,0.0,0.586399,0.586399,0.0,0.0,0.0,42.633087,0.0,11.0
0.0,0.000993,0.0,117.199997,0.55868,0.057503,-0.0,15107.038086,42414.261719,4298.0,1.0,3126.0,19.0,0.0,0.058496,81536.0,1721542144.0,64.0,0.0,0.0,0.0,0.0,0.0,62.0,0.0,16.109402,1.0,10.0,0.0,0.0,50.118137,31872.0,29.0,1.0,0.0,0.0,0.0,0.55868,0.0,0.0,57521.300781,0.55868,1172.0,0.0,164.526321,0.0,0.0,0.55868,0.55868,0.0,0.0,0.0,32.218803,0.0,11.0
0.0,0.000993,1.0,110.666664,0.52561,0.057503,-0.0,8432.107422,27305.414062,2682.0,1.0,2018.0,9.0,0.0,0.058496,81536.0,1721542144.0,64.0,0.0,0.0,0.0,0.0,0.0,62.0,0.0,9.512756,1.0,6.0,1.0,0.0,26.635717,31872.0,15.0,1.0,0.0,6.25,0.0,0.52561,0.0,0.0,35737.523438,0.52561,664.0,0.0,224.222229,0.0,0.0,0.52561,0.52561,1.0,0.0,0.0,15.220409,0.0,11.0
0.0,0.000993,0.0,107.599998,0.379326,0.057503,-0.0,9089.806641,19339.566406,1638.0,1.0,1100.0,6.0,0.0,0.058496,81536.0,1721542144.0,64.0,0.0,0.0,0.0,0.0,0.0,62.0,0.0,10.54502,1.0,5.0,0.0,0.0,26.362549,31872.0,11.0,1.0,0.0,0.0,0.0,0.379326,0.0,0.0,28429.373047,0.379326,538.0,0.0,183.333328,0.0,0.0,0.379326,0.379326,0.0,0.0,0.0,13.181274,0.0,11.0
0.0,0.000993,0.0,122.0,0.680663,0.057503,-0.0,7169.480469,22871.818359,2956.0,1.0,2224.0,8.0,0.0,0.058496,81536.0,1721542144.0,64.0,0.0,0.0,0.0,0.0,0.0,62.0,0.0,7.345779,1.0,6.0,0.0,0.0,19.099026,31872.0,14.0,1.0,0.0,0.0,0.0,0.680663,0.0,0.0,30041.298828,0.680663,732.0,0.0,278.0,0.0,0.0,0.680663,0.680663,0.0,0.0,0.0,10.284091,0.0,11.0
0.0,0.000993,0.0,120.400002,0.818664,0.057503,-0.0,16475.623047,26452.853516,4648.0,1.0,2842.0,21.0,0.0,0.058496,81536.0,1721542144.0,64.0,0.0,0.0,0.0,0.0,0.0,62.0,0.0,17.101032,1.0,15.0,0.0,0.0,42.752583,31872.0,36.0,1.0,0.0,0.0,0.0,0.818664,0.0,0.0,42928.476562,0.818664,1806.0,0.0,135.333328,0.0,0.0,0.818664,0.818664,0.0,0.0,0.0,24.430046,0.0,11.0
0.0,0.000993,0.0,114.0,0.509323,0.057503,-0.0,7162.44873,12251.557617,1480.0,1.0,910.0,7.0,0.0,0.058496,81536.0,1721542144.0,64.0,0.0,0.0,0.0,0.0,0.0,62.0,0.0,7.853562,1.0,5.0,0.0,0.0,21.597298,31872.0,12.0,1.0,0.0,0.0,0.0,0.509323,0.0,0.0,19414.005859,0.509323,570.0,0.0,130.0,0.0,0.0,0.509323,0.509323,0.0,0.0,0.0,11.780344,0.0,11.0
0.0,0.000993,0.0,108.666664,0.725775,0.057503,-0.0,5996.348633,151077.125,15214.0,1.0,14562.0,17.0,0.0,0.058496,81536.0,1721542144.0,64.0,0.0,0.0,0.0,0.0,0.0,62.0,0.0,6.889187,1.0,6.0,0.0,0.0,30.312424,31872.0,23.0,1.0,0.0,0.0,0.0,0.725775,0.0,0.0,157073.46875,0.725775,652.0,0.0,856.588257,0.0,0.0,0.725775,0.725775,0.0,0.0,0.0,22.045399,0.0,11.0
0.0,0.000993,1.0,112.0,0.540772,0.057503,-0.0,1656.890503,3225.019043,550.0,1.0,326.0,3.0,0.0,0.058496,81536.0,1721542144.0,64.0,0.0,0.0,0.0,0.0,0.0,62.0,0.0,1.849208,1.0,2.0,1.0,0.0,7.396832,31872.0,5.0,1.0,0.0,16.666667,0.0,0.540772,0.0,0.0,4881.90918,0.540772,224.0,0.0,108.666664,0.0,0.0,0.540772,0.540772,1.0,0.0,0.0,3.698416,0.0,11.0
0.0,0.000993,0.0,104.400002,0.951388,0.057503,-0.0,7904.240723,17784.542969,3370.0,1.0,2326.0,11.0,0.0,0.058496,81536.0,1721542144.0,64.0,0.0,0.0,0.0,0.0,0.0,62.0,0.0,9.459863,1.0,10.0,0.0,0.0,21.021917,31872.0,21.0,1.0,0.0,0.0,0.0,0.951388,0.0,0.0,25688.783203,0.951388,1044.0,0.0,211.454544,0.0,0.0,0.951388,0.951388,0.0,0.0,0.0,10.510959,0.0,11.0
0.0,0.000993,0.0,114.0,0.694083,0.057503,-0.0,6569.819824,11295.479492,1804.0,1.0,1120.0,8.0,0.0,0.058496,81536.0,1721542144.0,64.0,0.0,0.0,0.0,0.0,0.0,62.0,0.0,7.20375,1.0,6.0,0.0,0.0,18.72975,31872.0,14.0,1.0,0.0,0.0,0.0,0.694083,0.0,0.0,17865.298828,0.694083,684.0,0.0,140.0,0.0,0.0,0.694083,0.694083,0.0,0.0,0.0,10.08525,0.0,11.0
0.0,0.000993,0.0,117.199997,0.522088,0.057503,-0.0,7186.527832,9561.606445,1334.0,1.0,748.0,6.0,0.0,0.058496,81536.0,1721542144.0,64.0,0.0,0.0,0.0,0.0,0.0,62.0,0.0,7.661544,1.0,5.0,0.0,0.0,19.15386,31872.0,11.0,1.0,0.0,0.0,0.0,0.522088,0.0,0.0,16748.134766,0.522088,586.0,0.0,124.666664,0.0,0.0,0.522088,0.522088,0.0,0.0,0.0,9.57693,0.0,11.0
0.0,0.000993,0.0,117.199997,0.89314,0.057503,-0.0,4200.90918,5589.269043,1334.0,1.0,748.0,6.0,0.0,0.058496,81536.0,1721542144.0,64.0,0.0,0.0,0.0,0.0,0.0,62.0,0.0,4.478581,1.0,5.0,0.0,0.0,11.196453,31872.0,11.0,1.0,0.0,0.0,0.0,0.89314,0.0,0.0,9790.178711,0.89314,586.0,0.0,124.666664,0.0,0.0,0.89314,0.89314,0.0,0.0,0.0,5.598227,0.0,11.0
0.0,0.000993,0.0,117.199997,0.540745,0.057503,-0.0,6938.575195,12220.177734,1530.0,1.0,944.0,8.0,0.0,0.058496,81536.0,1721542144.0,64.0,0.0,0.0,0.0,0.0,0.0,62.0,0.0,7.397202,1.0,5.0,0.0,0.0,22.191605,31872.0,13.0,1.0,0.0,0.0,0.0,0.540745,0.0,0.0,19158.751953,0.540745,586.0,0.0,118.0,0.0,0.0,0.540745,0.540745,0.0,0.0,0.0,12.945103,0.0,11.0
0.0,0.000993,0.0,117.199997,0.542121,0.057503,-0.0,6920.964355,11111.910156,1464.0,1.0,878.0,7.0,0.0,0.058496,81536.0,1721542144.0,64.0,0.0,0.0,0.0,0.0,0.0,62.0,0.0,7.378427,1.0,5.0,0.0,0.0,20.290674,31872.0,12.0,1.0,0.0,0.0,0.0,0.542121,0.0,0.0,18032.875,0.542121,586.0,0.0,125.428574,0.0,0.0,0.542121,0.542121,0.0,0.0,0.0,11.06764,0.0,11.0
0.0,0.000993,0.0,123.599998,0.556492,0.057503,-0.0,7116.005859,12406.289062,1624.0,1.0,1006.0,7.0,0.0,0.058496,81536.0,1721542144.0,64.0,0.0,0.0,0.0,0.0,0.0,62.0,0.0,7.187884,1.0,5.0,0.0,0.0,19.766682,31872.0,12.0,1.0,0.0,0.0,0.0,0.556492,0.0,0.0,19522.296875,0.556492,618.0,0.0,143.714279,0.0,0.0,0.556492,0.556492,0.0,0.0,0.0,10.781827,0.0,11.0
0.0,0.000993,0.0,117.199997,0.541551,0.057503,-0.0,6928.248535,12748.568359,1592.0,1.0,1006.0,7.0,0.0,0.058496,81536.0,1721542144.0,64.0,0.0,0.0,0.0,0.0,0.0,62.0,0.0,7.386193,1.0,5.0,0.0,0.0,20.312031,31872.0,12.0,1.0,0.0,0.0,0.0,0.541551,0.0,0.0,19676.816406,0.541551,586.0,0.0,143.714279,0.0,0.0,0.541551,0.541551,0.0,0.0,0.0,11.079289,0.0,11.0
0.0,0.000993,0.0,123.599998,0.539592,0.057503,-0.0,7338.87793,9251.433594,1366.0,1.0,748.0,6.0,0.0,0.058496,81536.0,1721542144.0,64.0,0.0,0.0,0.0,0.0,0.0,62.0,0.0,7.413008,1.0,5.0,0.0,0.0,18.53252,31872.0,11.0,1.0,0.0,0.0,0.0,0.539592,0.0,0.0,16590.3125,0.539592,618.0,0.0,124.666664,0.0,0.0,0.539592,0.539592,0.0,0.0,0.0,9.26626,0.0,11.0
0.0,0.000993,0.0,126.800003,0.541024,0.057503,-0.0,7511.681152,10321.167969,1448.0,1.0,814.0,7.0,0.0,0.058496,81536.0,1721542144.0,64.0,0.0,0.0,0.0,0.0,0.0,62.0,0.0,7.393387,1.0,5.0,0.0,0.0,20.331814,31872.0,12.0,1.0,0.0,0.0,0.0,0.541024,0.0,0.0,17832.849609,0.541024,634.0,0.0,116.285713,0.0,0.0,0.541024,0.541024,0.0,0.0,0.0,11.09008,0.0,11.0
0.0,0.000993,0.0,130.0,0.337086,0.057503,-0.0,6170.532227,12388.530273,1086.0,1.0,696.0,4.0,0.0,0.058496,81536.0,1721542144.0,64.0,0.0,0.0,0.0,0.0,0.0,62.0,0.0,5.933204,1.0,3.0,0.0,0.0,17.799612,31872.0,7.0,1.0,0.0,0.0,0.0,0.337086,0.0,0.0,18559.0625,0.337086,390.0,0.0,174.0,0.0,0.0,0.337086,0.337086,0.0,0.0,0.0,8.899806,0.0,11.0
0.0,0.000993,0.0,90.0,0.279707,0.057503,-0.0,7722.366211,12527.394531,944.0,1.0,584.0,4.0,0.0,0.058496,81536.0,1721542144.0,64.0,0.0,0.0,0.0,0.0,0.0,62.0,0.0,10.725509,1.0,4.0,0.0,0.0,25.026186,31872.0,8.0,1.0,0.0,0.0,0.0,0.279707,0.0,0.0,20249.759766,0.279707,360.0,0.0,146.0,0.0,0.0,0.279707,0.279707,0.0,0.0,0.0,10.725509,0.0,11.0
0.0,0.000993,0.0,124.666664,0.093077,0.057503,-0.0,21487.585938,37646.25,958.0,1.0,584.0,4.0,0.0,0.058496,81536.0,1721542144.0,64.0,0.0,0.0,0.0,0.0,0.0,62.0,0.0,21.487587,1.0,3.0,0.0,0.0,64.462761,31872.0,7.0,1.0,0.0,0.0,0.0,0.093077,0.0,0.0,59133.835938,0.093077,374.0,0.0,146.0,0.0,0.0,0.093077,0.093077,0.0,0.0,0.0,32.23138,0.0,11.0
0.0,0.000993,0.0,110.0,0.914272,0.057503,-0.0,6737.601074,12643.939453,2456.0,1.0,1576.0,12.0,0.0,0.058496,81536.0,1721542144.0,64.0,0.0,0.0,0.0,0.0,0.0,62.0,0.0,7.656365,1.0,8.0,0.0,0.0,20.781561,31872.0,20.0,1.0,0.0,0.0,0.0,0.914272,0.0,0.0,19381.541016,0.914272,880.0,0.0,131.333328,0.0,0.0,0.914272,0.914272,0.0,0.0,0.0,12.03143,0.0,11.0
0.0,0.000993,0.0,85.692307,0.941107,0.057503,-0.0,8747.145508,168074.40625,21984.0,1.0,20870.0,19.0,0.0,0.058496,81536.0,1721542144.0,64.0,0.0,0.0,0.0,0.0,0.0,62.0,0.0,12.750941,1.0,13.0,0.0,0.0,32.939934,31872.0,32.0,1.0,0.0,0.0,0.0,0.941107,0.0,0.0,176821.5625,0.941107,1114.0,0.0,1098.421021,0.0,0.0,0.941107,0.941107,0.0,0.0,0.0,19.126411,0.0,11.0
0.0,0.000993,0.0,100.666664,0.574277,0.057503,-0.0,7021.002441,298880.15625,23250.0,1.0,22646.0,19.0,0.0,0.058496,81536.0,1721542144.0,64.0,0.0,0.0,0.0,0.0,0.0,62.0,0.0,8.7066,1.0,6.0,0.0,0.0,41.791679,31872.0,25.0,1.0,0.0,0.0,0.0,0.574277,0.0,0.0,305901.15625,0.574277,604.0,0.0,1191.894775,0.0,0.0,0.574277,0.574277,0.0,0.0,0.0,31.34376,0.0,11.0
0.0,0.000993,0.0,116.666664,0.696191,0.057503,-0.0,6710.801758,11904.77832,1884.0,1.0,1184.0,8.0,0.0,0.058496,84352.0,1721542144.0,64.0,0.0,0.0,0.0,0.0,0.0,62.0,0.0,7.181937,1.0,6.0,0.0,0.0,18.673037,31872.0,14.0,1.0,0.0,0.0,0.0,0.696191,0.0,0.0,18615.580078,0.696191,700.0,0.0,148.0,0.0,0.0,0.696191,0.696191,0.0,0.0,0.0,10.054711,0.0,11.0
0.0,0.000993,0.0,117.199997,0.526128,0.057503,-0.0,7131.344727,18748.289062,2024.0,1.0,1438.0,7.0,0.0,0.058496,87296.0,1721542144.0,64.0,0.0,0.0,0.0,0.0,0.0,62.0,0.0,7.602713,1.0,5.0,0.0,0.0,20.907459,31872.0,12.0,1.0,0.0,0.0,0.0,0.526128,0.0,0.0,25879.634766,0.526128,586.0,0.0,205.428574,0.0,0.0,0.526128,0.526128,0.0,0.0,0.0,11.404069,0.0,11.0
0.0,0.000993,0.0,117.199997,0.538506,0.057503,-0.0,6967.425293,22803.832031,2376.0,1.0,1790.0,7.0,0.0,0.058496,89472.0,1721542144.0,64.0,0.0,0.0,0.0,0.0,0.0,62.0,0.0,7.427958,1.0,5.0,0.0,0.0,20.426886,31872.0,12.0,1.0,0.0,0.0,0.0,0.538506,0.0,0.0,29771.257812,0.538506,586.0,0.0,255.714279,0.0,0.0,0.538506,0.538506,0.0,0.0,0.0,11.141937,0.0,11.0
0.0,0.000993,0.0,123.599998,0.5393,0.057503,-0.0,7342.851562,14018.170898,1720.0,1.0,1102.0,7.0,0.0,0.058496,90496.0,1721542144.0,64.0,0.0,0.0,0.0,0.0,0.0,62.0,0.0,7.417022,1.0,5.0,0.0,0.0,20.396811,31872.0,12.0,1.0,0.0,0.0,0.0,0.5393,0.0,0.0,21361.023438,0.5393,618.0,0.0,157.428574,0.0,0.0,0.5393,0.5393,0.0,0.0,0.0,11.125532,0.0,11.0
0.0,0.000993,0.0,127.333336,0.742433,0.057503,-0.0,6863.918945,13361.474609,2158.0,1.0,1394.0,9.0,0.0,0.058496,90496.0,1721542144.0,64.0,0.0,0.0,0.0,0.0,0.0,62.0,0.0,6.734614,1.0,6.0,0.0,0.0,18.85692,31872.0,15.0,1.0,0.0,0.0,0.0,0.742433,0.0,0.0,20225.394531,0.742433,764.0,0.0,154.888885,0.0,0.0,0.742433,0.742433,0.0,0.0,0.0,10.775383,0.0,11.0
0.0,0.000993,0.0,0.0,0.376286,0.057503,-0.0,0.0,2763.855225,260.0,1.0,260.0,2.0,0.0,0.058496,103135.70040124832,1721542144.0,64.0,0.0,0.0,0.0,0.0,0.0,62.0,0.0,0.0,1.0,0.0,1.0,0.0,2.657553,37317.08209959624,2.0,0.0,0.0,0.0,0.0,0.376286,0.0,1.0,2763.855225,0.376286,0.0,0.0,130.0,0.0,0.0,0.376286,0.376286,1.0,0.0,0.0,2.657553,0.0,11.0
0.0,0.000993,0.0,0.0,0.0,0.057503,-0.0,0.0,0.0,130.0,1.0,130.0,1.0,0.0,0.058496,103135.70040124832,1721542144.0,64.0,0.0,0.0,0.0,0.0,0.0,62.0,0.0,0.0,1.0,0.0,0.0,0.0,0.0,37317.08209959624,1.0,0.0,0.0,0.0,0.0,0.0,0.0,1.0,0.0,0.0,0.0,0.0,130.0,0.0,0.0,0.0,0.0,0.0,0.0,0.0,0.0,0.0,11.0
0.0,0.000993,0.0,109.5,0.808281,0.057503,-0.0,7591.419434,10857.610352,2110.0,1.0,1234.0,9.0,0.0,0.058496,90496.0,1721542144.0,64.0,0.0,0.0,0.0,0.0,0.0,62.0,0.0,8.660355,1.0,8.0,0.0,0.0,19.795095,31872.0,17.0,1.0,0.0,0.0,0.0,0.808281,0.0,0.0,18449.029297,0.808281,876.0,0.0,137.111115,0.0,0.0,0.808281,0.808281,0.0,0.0,0.0,9.897548,0.0,11.0
0.0,0.000993,0.0,74.727272,0.710974,0.057503,-0.0,8416.623047,216210.4375,21318.0,1.0,20496.0,16.0,0.0,0.058496,90496.0,1721542144.0,64.0,0.0,0.0,0.0,0.0,0.0,62.0,0.0,14.065212,1.0,11.0,0.0,0.0,36.569553,31872.0,27.0,1.0,0.0,0.0,0.0,0.710974,0.0,0.0,224627.0625,0.710974,822.0,0.0,1281.0,0.0,0.0,0.710974,0.710974,0.0,0.0,0.0,21.097818,0.0,11.0
0.0,0.000993,0.0,98.0,0.894315,0.057503,-0.0,6136.540039,191923.421875,23368.0,1.0,22584.0,20.0,0.0,0.058496,90496.0,1721542144.0,64.0,0.0,0.0,0.0,0.0,0.0,62.0,0.0,7.827219,1.0,8.0,0.0,0.0,30.190704,31872.0,28.0,1.0,0.0,0.0,0.0,0.894315,0.0,0.0,198059.96875,0.894315,784.0,0.0,1129.199951,0.0,0.0,0.894315,0.894315,0.0,0.0,0.0,21.24531,0.0,11.0
0.0,0.000993,0.0,117.199997,0.511513,0.057503,-0.0,7335.102051,18267.375,1900.0,1.0,1314.0,9.0,0.0,0.058496,90496.0,1721542144.0,64.0,0.0,0.0,0.0,0.0,0.0,61.0,0.0,7.819938,1.0,5.0,0.0,0.0,25.414799,31872.0,14.0,1.0,0.0,0.0,0.0,0.511513,0.0,0.0,25602.478516,0.511513,586.0,0.0,146.0,0.0,0.0,0.511513,0.511513,0.0,0.0,0.0,15.639876,0.0,11.0
0.0,0.000993,0.0,122.0,0.988992,0.057503,-0.0,4934.316895,12376.238281,2432.0,1.0,1700.0,10.0,0.0,0.058496,90496.0,1721542144.0,64.0,0.0,0.0,0.0,0.0,0.0,61.0,0.0,5.055653,1.0,6.0,0.0,0.0,15.166958,31872.0,16.0,1.0,0.0,0.0,0.0,0.988992,0.0,0.0,17310.554688,0.988992,732.0,0.0,170.0,0.0,0.0,0.988992,0.988992,0.0,0.0,0.0,9.100175,0.0,11.0
0.0,0.000993,0.0,124.0,0.607198,0.057503,-0.0,11436.137695,31014.595703,3560.0,1.0,2568.0,12.0,0.0,0.058496,90496.0,1721542144.0,64.0,0.0,0.0,0.0,0.0,0.0,61.0,0.0,11.528365,1.0,8.0,0.0,0.0,31.291275,31872.0,20.0,1.0,0.0,0.0,0.0,0.607198,0.0,0.0,42450.734375,0.607198,992.0,0.0,214.0,0.0,0.0,0.607198,0.607198,0.0,0.0,0.0,18.116001,0.0,11.0
0.0,0.000993,0.0,123.599998,0.618749,0.057503,-0.0,6400.010254,9916.783203,1512.0,1.0,894.0,7.0,0.0,0.058496,90496.0,1721542144.0,64.0,0.0,0.0,0.0,0.0,0.0,61.0,0.0,6.464657,1.0,5.0,0.0,0.0,17.777805,31872.0,12.0,1.0,0.0,0.0,0.0,0.618749,0.0,0.0,16316.792969,0.618749,618.0,0.0,127.714287,0.0,0.0,0.618749,0.618749,0.0,0.0,0.0,9.696985,0.0,11.0
0.0,0.000993,0.0,124.666664,0.975238,0.057503,-0.0,2050.781494,5947.266113,1280.0,1.0,906.0,5.0,0.0,0.058496,90496.0,1721542144.0,64.0,0.0,0.0,0.0,0.0,0.0,61.0,0.0,2.050781,1.0,3.0,0.0,0.0,7.177735,31872.0,8.0,1.0,0.0,0.0,0.0,0.975238,0.0,0.0,7998.047363,0.975238,374.0,0.0,181.199997,0.0,0.0,0.975238,0.975238,0.0,0.0,0.0,4.101563,0.0,11.0
0.0,0.000993,0.0,108.666664,0.666915,0.057503,-0.0,6525.569336,4858.19043,1158.0,1.0,506.0,5.0,0.0,0.058496,90496.0,1721542144.0,64.0,0.0,0.0,0.0,0.0,0.0,61.0,0.0,7.497207,1.0,6.0,0.0,0.0,14.994414,31872.0,11.0,1.0,0.0,0.0,0.0,0.666915,0.0,0.0,11383.759766,0.666915,652.0,0.0,101.199997,0.0,0.0,0.666915,0.666915,0.0,0.0,0.0,5.997766,0.0,11.0
0.0,0.000993,0.0,87.599998,0.30948,0.057503,-0.0,9073.28418,22385.9375,1520.0,1.0,1082.0,5.0,0.0,0.058496,90496.0,1721542144.0,64.0,0.0,0.0,0.0,0.0,0.0,62.0,0.0,12.924906,1.0,5.0,0.0,0.0,29.081038,31872.0,10.0,1.0,0.0,0.0,0.0,0.30948,0.0,0.0,31459.220703,0.30948,438.0,0.0,216.399994,0.0,0.0,0.30948,0.30948,0.0,0.0,0.0,12.924906,0.0,11.0
0.0,0.000993,0.0,110.0,0.681691,0.057503,-0.0,3872.722412,8965.939453,1394.0,1.0,954.0,5.0,0.0,0.058496,90496.0,1721542144.0,64.0,0.0,0.0,0.0,0.0,0.0,62.0,0.0,4.400821,1.0,4.0,0.0,0.0,11.735522,31872.0,9.0,1.0,0.0,0.0,0.0,0.681691,0.0,0.0,12838.662109,0.681691,440.0,0.0,190.800003,0.0,0.0,0.681691,0.681691,0.0,0.0,0.0,5.867761,0.0,11.0
0.0,0.000993,0.0,85.199997,0.293169,0.057503,-0.0,9305.212891,55940.433594,2886.0,1.0,2460.0,6.0,0.0,0.058496,90496.0,1721542144.0,64.0,0.0,0.0,0.0,0.0,0.0,62.0,0.0,13.644008,1.0,5.0,0.0,0.0,34.11002,31872.0,11.0,1.0,0.0,0.0,0.0,0.293169,0.0,0.0,65245.644531,0.293169,426.0,0.0,410.0,0.0,0.0,0.293169,0.293169,0.0,0.0,0.0,17.05501,0.0,11.0
0.0,0.000993,0.0,110.0,0.415035,0.057503,-0.0,6360.90918,14726.46875,1394.0,1.0,954.0,5.0,0.0,0.058496,90496.0,1721542144.0,64.0,0.0,0.0,0.0,0.0,0.0,62.0,0.0,7.228306,1.0,4.0,0.0,0.0,19.275482,31872.0,9.0,1.0,0.0,0.0,0.0,0.415035,0.0,0.0,21087.376953,0.415035,440.0,0.0,190.800003,0.0,0.0,0.415035,0.415035,0.0,0.0,0.0,9.637741,0.0,11.0
0.0,0.000993,0.0,102.571426,0.687915,0.057503,-0.0,7163.675293,24596.060547,3044.0,1.0,2326.0,11.0,0.0,0.058496,90496.0,1721542144.0,64.0,0.0,0.0,0.0,0.0,0.0,62.0,0.0,8.722008,1.0,7.0,0.0,0.0,24.712355,31872.0,18.0,1.0,0.0,0.0,0.0,0.687915,0.0,0.0,31759.736328,0.687915,718.0,0.0,211.454544,0.0,0.0,0.687915,0.687915,0.0,0.0,0.0,14.536679,0.0,11.0
0.0,0.000993,0.0,98.0,0.589328,0.057503,-0.0,2660.657715,895.93573,426.0,1.0,132.0,2.0,0.0,0.058496,90496.0,1721542144.0,64.0,0.0,0.0,0.0,0.0,0.0,62.0,0.0,3.393696,1.0,3.0,0.0,0.0,6.787392,31872.0,5.0,0.0,0.0,0.0,0.0,0.589328,0.0,0.0,3556.593262,0.589328,294.0,0.0,66.0,0.0,0.0,0.589328,0.589328,0.0,0.0,0.0,1.696848,0.0,11.0
0.0,0.000993,0.0,91.599998,0.89407,0.057503,-0.0,7381.972168,195886.21875,23902.0,1.0,22986.0,21.0,0.0,0.058496,90496.0,1721542144.0,64.0,0.0,0.0,0.0,0.0,0.0,62.0,0.0,10.066325,1.0,10.0,0.0,0.0,33.55442,31872.0,31.0,1.0,0.0,0.0,0.0,0.89407,0.0,0.0,203268.1875,0.89407,916.0,0.0,1094.571411,0.0,0.0,0.89407,0.89407,0.0,0.0,0.0,22.369612,0.0,11.0
0.0,0.000993,0.0,117.199997,0.541418,0.057503,-0.0,6929.950195,12825.580078,1578.0,1.0,992.0,8.0,0.0,0.058496,90496.0,1721542144.0,64.0,0.0,0.0,0.0,0.0,0.0,62.0,0.0,7.388007,1.0,5.0,0.0,0.0,22.164021,31872.0,13.0,1.0,0.0,0.0,0.0,0.541418,0.0,0.0,19755.529297,0.541418,586.0,0.0,124.0,0.0,0.0,0.541418,0.541418,0.0,0.0,0.0,12.929012,0.0,11.0
0.0,0.000993,0.0,66.0,0.155779,0.057503,-0.0,3389.416992,0.0,198.0,1.0,66.0,1.0,1.0,0.058496,90496.0,1721542144.0,64.0,0.0,0.0,0.0,0.0,0.0,62.0,0.0,6.41935,1.0,2.0,0.0,0.0,12.8387,31872.0,3.0,0.0,0.0,0.0,0.0,0.155779,0.0,0.0,3389.416992,0.155779,132.0,0.0,66.0,0.0,0.0,0.155779,0.155779,0.0,0.0,0.0,0.0,0.0,11.0
0.0,0.001081,0.0,248.857147,0.815019,0.154217,-0.0,14664.688477,18021.666016,3884.0,0.0,2142.0,7.0,0.0,0.155298,64128.0,1721542144.0,64.0,0.0,0.0,0.0,0.0,0.0,62.0,0.0,7.361792,0.0,7.0,0.0,0.0,15.950548,31872.0,14.0,0.0,0.0,0.0,0.0,0.815019,0.0,0.0,32686.353516,0.815019,1742.0,0.0,306.0,0.0,0.0,0.815019,0.815019,0.0,0.0,1.0,7.361792,0.0,12.0
0.0,0.001081,0.0,110.0,0.816132,0.154217,-0.0,3234.770752,6175.47168,1280.0,0.0,840.0,4.0,0.0,0.155298,64128.0,1721542144.0,64.0,0.0,0.0,0.0,0.0,0.0,62.0,0.0,3.675876,1.0,4.0,0.0,0.0,8.577044,31872.0,8.0,1.0,0.0,0.0,0.0,0.816132,0.0,0.0,9410.242188,0.816132,440.0,0.0,210.0,0.0,0.0,0.816132,0.816132,0.0,0.0,0.0,3.675876,0.0,12.0
0.0,0.001081,0.0,146.0,0.0005,0.154217,-0.0,0.0,2624000.0,392.0,0.0,246.0,3.0,0.0,0.155298,64128.0,1721542144.0,64.0,0.0,0.0,0.0,0.0,0.0,62.0,0.0,0.0,1.0,1.0,0.0,0.0,5999.999512,31872.0,4.0,1.0,0.0,0.0,0.0,0.0005,0.0,0.0,2624000.0,0.0005,146.0,0.0,82.0,0.0,0.0,0.0005,0.0005,0.0,0.0,0.0,3999.999756,0.0,12.0
0.0,0.001081,0.0,95.333336,0.216077,0.154217,-0.0,17660.371094,55461.710938,2284.0,0.0,1712.0,8.0,0.0,0.155298,64128.0,1721542144.0,64.0,0.0,0.0,0.0,0.0,0.0,62.0,0.0,23.139898,1.0,6.0,0.0,0.0,60.163738,31872.0,14.0,1.0,0.0,0.0,0.0,0.216077,0.0,0.0,73122.078125,0.216077,572.0,0.0,214.0,0.0,0.0,0.216077,0.216077,0.0,0.0,0.0,32.395859,0.0,12.0
0.0,0.001081,1.0,112.0,0.507406,0.154217,-0.0,1765.84436,3437.089844,550.0,1.0,326.0,3.0,0.0,0.155298,64128.0,1721542144.0,64.0,0.0,0.0,0.0,0.0,0.0,62.0,0.0,1.970808,1.0,2.0,1.0,0.0,7.883234,31872.0,5.0,1.0,0.0,16.666667,0.0,0.507406,0.0,0.0,5202.934082,0.507406,224.0,0.0,108.666664,0.0,0.0,0.507406,0.507406,1.0,0.0,0.0,3.941617,0.0,12.0
0.0,0.001081,1.0,92.666664,0.970182,0.154217,-0.0,3826.086182,9433.28125,1928.0,1.0,1372.0,6.0,0.0,0.155298,64128.0,1721542144.0,64.0,0.0,0.0,0.0,0.0,0.0,62.0,0.0,5.153672,1.0,6.0,1.0,0.0,11.338078,31872.0,12.0,1.0,0.0,7.692308,0.0,0.970182,0.0,0.0,13259.368164,0.970182,556.0,0.0,228.666672,0.0,0.0,0.970182,0.970182,1.0,0.0,0.0,5.153672,0.0,12.0
0.0,0.001081,2.0,109.0,0.896196,0.154217,-0.0,2919.004395,12497.266602,2036.0,1.0,1600.0,8.0,0.0,0.155298,64128.0,1721542144.0,64.0,0.0,0.0,0.0,0.0,0.0,62.0,0.0,3.347482,1.0,4.0,2.0,0.0,12.2741,31872.0,12.0,1.0,0.0,14.285714,0.0,0.896196,0.0,0.0,15416.270508,0.896196,436.0,0.0,200.0,0.0,0.0,0.896196,0.896196,1.0,0.0,0.0,7.810791,0.0,12.0
0.0,0.001081,0.0,130.0,0.854561,0.154217,-0.0,3650.997559,4633.958496,1138.0,1.0,618.0,5.0,0.0,0.155298,64128.0,1721542144.0,64.0,0.0,0.0,0.0,0.0,0.0,62.0,0.0,3.510575,1.0,4.0,0.0,0.0,9.361532,31872.0,9.0,1.0,0.0,0.0,0.0,0.854561,0.0,0.0,8284.956055,0.854561,520.0,0.0,123.599998,0.0,0.0,0.854561,0.854561,0.0,0.0,0.0,4.680766,0.0,12.0
0.0,0.001081,2.0,66.0,0.566027,0.154217,-0.0,0.0,7900.683594,904.0,1.0,838.0,3.0,0.0,0.155298,64128.0,1721542144.0,64.0,0.0,0.0,0.0,0.0,0.0,62.0,0.0,0.0,1.0,1.0,2.0,1.0,5.300101,31872.0,4.0,0.0,0.0,33.333333,0.0,0.566027,0.0,0.0,7900.683594,0.566027,66.0,0.0,279.333344,0.0,0.0,0.566027,0.566027,1.0,0.0,0.0,3.533401,0.0,12.0
0.0,0.001081,0.0,130.0,0.617176,0.154217,-0.0,5055.28418,8244.001953,1314.0,1.0,794.0,5.0,0.0,0.155298,64128.0,1721542144.0,64.0,0.0,0.0,0.0,0.0,0.0,62.0,0.0,4.86085,1.0,4.0,0.0,0.0,12.962267,31872.0,9.0,1.0,0.0,0.0,0.0,0.617176,0.0,0.0,13299.286133,0.617176,520.0,0.0,158.800003,0.0,0.0,0.617176,0.617176,0.0,0.0,0.0,6.481133,0.0,12.0
0.0,0.001081,0.0,0.0,0.735218,0.154217,-0.0,0.0,23263.849609,3206.0,1.0,3206.0,3.0,0.0,0.155298,103135.70040124832,1721542144.0,64.0,0.0,0.0,0.0,0.0,0.0,62.0,0.0,0.0,1.0,0.0,1.0,0.0,2.720282,37317.08209959624,3.0,0.0,0.0,0.0,0.0,0.735218,0.0,1.0,23263.849609,0.735218,0.0,0.0,1068.666626,0.0,0.0,0.735218,0.735218,1.0,0.0,0.0,2.720282,0.0,12.0
0.0,0.001081,0.0,0.0,0.0,0.154217,-0.0,0.0,0.0,178.0,1.0,178.0,1.0,0.0,0.155298,103135.70040124832,1721542144.0,64.0,0.0,0.0,0.0,0.0,0.0,62.0,0.0,0.0,1.0,0.0,1.0,0.0,0.0,37317.08209959624,1.0,0.0,0.0,0.0,0.0,0.0,0.0,1.0,0.0,0.0,0.0,0.0,178.0,0.0,0.0,0.0,0.0,1.0,0.0,0.0,0.0,0.0,12.0
0.0,0.001081,2.0,68.0,0.915261,0.154217,-0.0,5349.293945,148023.359375,19026.0,1.0,18346.0,13.0,0.0,0.155298,64128.0,1721542144.0,64.0,0.0,0.0,0.0,0.0,0.0,62.0,0.0,9.833261,1.0,10.0,2.0,1.0,24.03686,31872.0,23.0,0.0,0.0,8.0,0.0,0.915261,0.0,0.0,153372.65625,0.915261,680.0,0.0,1411.230713,0.0,0.0,0.915261,0.915261,1.0,0.0,0.0,13.111014,0.0,12.0
0.0,0.001081,0.0,94.444443,0.926081,0.154217,-0.0,6530.746094,91309.507812,12300.0,1.0,11450.0,13.0,0.0,0.155298,63488.0,1721542144.0,64.0,0.0,0.0,0.0,0.0,0.0,62.0,0.0,8.638554,1.0,9.0,0.0,0.0,22.676203,31872.0,22.0,1.0,0.0,0.0,0.0,0.926081,0.0,0.0,97840.25,0.926081,850.0,0.0,880.769226,0.0,0.0,0.926081,0.926081,0.0,0.0,0.0,12.957829,0.0,12.0
0.0,0.001081,1.0,75.333336,0.564427,0.154217,-0.0,8546.720703,160474.25,13258.0,1.0,12580.0,10.0,0.0,0.155298,64128.0,1721542144.0,64.0,0.0,0.0,0.0,0.0,0.0,62.0,0.0,14.173666,1.0,9.0,1.0,0.0,31.890749,31872.0,19.0,1.0,0.0,5.0,0.0,0.564427,0.0,0.0,169020.96875,0.564427,678.0,0.0,1258.0,0.0,0.0,0.564427,0.564427,1.0,0.0,0.0,15.945374,0.0,12.0
0.0,0.001081,2.0,117.0,0.941629,0.154217,-0.0,2982.066162,8614.858398,1650.0,1.0,1182.0,7.0,0.0,0.155298,64128.0,1721542144.0,64.0,0.0,0.0,0.0,0.0,0.0,62.0,0.0,3.185968,1.0,4.0,2.0,0.0,10.619894,31872.0,11.0,1.0,0.0,15.384615,0.0,0.941629,0.0,0.0,11596.923828,0.941629,468.0,0.0,168.857147,0.0,0.0,0.941629,0.941629,1.0,0.0,0.0,6.371936,0.0,12.0
0.0,0.001081,0.0,98.0,0.832338,0.154217,-0.0,1883.850098,634.357666,426.0,1.0,132.0,2.0,0.0,0.155298,64128.0,1721542144.0,64.0,0.0,0.0,0.0,0.0,0.0,62.0,0.0,2.40287,1.0,3.0,0.0,0.0,4.80574,31872.0,5.0,0.0,0.0,0.0,0.0,0.832338,0.0,0.0,2518.207764,0.832338,294.0,0.0,66.0,0.0,0.0,0.832338,0.832338,0.0,0.0,0.0,1.201435,0.0,12.0
0.0,0.001081,0.0,126.800003,0.536216,0.154217,-0.0,7579.035156,14456.860352,1764.0,1.0,1130.0,7.0,0.0,0.155298,64128.0,1721542144.0,64.0,0.0,0.0,0.0,0.0,0.0,62.0,0.0,7.45968,1.0,5.0,0.0,0.0,20.51412,31872.0,12.0,1.0,0.0,0.0,0.0,0.536216,0.0,0.0,22035.894531,0.536216,634.0,0.0,161.428574,0.0,0.0,0.536216,0.536216,0.0,0.0,0.0,11.18952,0.0,12.0
0.0,0.001081,0.0,116.666664,0.757839,0.154217,-0.0,6164.897461,13892.131836,2204.0,1.0,1504.0,8.0,0.0,0.155298,64128.0,1721542144.0,64.0,0.0,0.0,0.0,0.0,0.0,62.0,0.0,6.597707,1.0,6.0,0.0,0.0,17.154039,31872.0,14.0,1.0,0.0,0.0,0.0,0.757839,0.0,0.0,20057.029297,0.757839,700.0,0.0,188.0,0.0,0.0,0.757839,0.757839,0.0,0.0,0.0,9.23679,0.0,12.0
0.0,0.001081,0.0,117.199997,0.524135,0.154217,-0.0,7158.460938,24787.507812,2442.0,1.0,1856.0,8.0,0.0,0.155298,64128.0,1721542144.0,64.0,0.0,0.0,0.0,0.0,0.0,62.0,0.0,7.631622,1.0,5.0,0.0,0.0,22.894865,31872.0,13.0,1.0,0.0,0.0,0.0,0.524135,0.0,0.0,31945.96875,0.524135,586.0,0.0,232.0,0.0,0.0,0.524135,0.524135,0.0,0.0,0.0,13.355338,0.0,12.0
0.0,0.001081,0.0,121.111115,0.956795,0.154217,-0.0,8102.049316,25150.632812,4348.0,1.0,3258.0,13.0,0.0,0.155298,64128.0,1721542144.0,64.0,0.0,0.0,0.0,0.0,0.0,62.0,0.0,8.361248,1.0,9.0,0.0,0.0,21.948277,31872.0,22.0,1.0,0.0,0.0,0.0,0.956795,0.0,0.0,33252.683594,0.956795,1090.0,0.0,250.615387,0.0,0.0,0.956795,0.956795,0.0,0.0,0.0,12.541872,0.0,12.0
0.0,0.001081,0.0,114.0,0.000581,0.154217,-0.0,0.0,0.0,180.0,1.0,66.0,1.0,0.0,0.155298,64128.0,1721542144.0,64.0,0.0,0.0,0.0,0.0,0.0,62.0,0.0,0.0,1.0,1.0,0.0,0.0,1721.17041,31872.0,2.0,0.0,0.0,0.0,0.0,0.000581,0.0,0.0,0.0,0.000581,114.0,0.0,66.0,0.0,0.0,0.000581,0.000581,0.0,0.0,0.0,0.0,0.0,12.0
0.0,0.001081,1.0,162.0,0.597689,0.154217,-0.0,2168.351807,13518.737305,1536.0,1.0,1212.0,6.0,0.0,0.155298,64128.0,1721542144.0,64.0,0.0,0.0,0.0,0.0,0.0,62.0,0.0,1.673111,1.0,2.0,1.0,0.0,11.711777,31872.0,8.0,1.0,0.0,11.111111,0.0,0.597689,0.0,0.0,15687.088867,0.597689,324.0,0.0,202.0,0.0,0.0,0.597689,0.597689,1.0,0.0,0.0,8.365555,0.0,12.0
0.0,0.001081,0.0,0.0,0.872291,0.154217,-0.0,0.0,5887.943359,1284.0,1.0,1284.0,2.0,0.0,0.155298,103135.70040124832,1721542144.0,64.0,0.0,0.0,0.0,0.0,0.0,62.0,0.0,0.0,1.0,0.0,1.0,0.0,1.146406,37317.08209959624,2.0,0.0,0.0,0.0,0.0,0.872291,0.0,1.0,5887.943359,0.872291,0.0,0.0,642.0,0.0,0.0,0.872291,0.872291,1.0,0.0,0.0,1.146406,0.0,12.0
0.0,0.001081,0.0,0.0,0.0,0.154217,-0.0,0.0,0.0,642.0,1.0,642.0,1.0,0.0,0.155298,103135.70040124832,1721542144.0,64.0,0.0,0.0,0.0,0.0,0.0,62.0,0.0,0.0,1.0,0.0,0.0,0.0,0.0,37317.08209959624,1.0,0.0,0.0,0.0,0.0,0.0,0.0,1.0,0.0,0.0,0.0,0.0,642.0,0.0,0.0,0.0,0.0,0.0,0.0,0.0,0.0,0.0,12.0
0.0,0.001081,0.0,0.0,0.0,0.154217,-0.0,0.0,0.0,642.0,1.0,642.0,1.0,0.0,0.155298,103135.70040124832,1721542144.0,64.0,0.0,0.0,0.0,0.0,0.0,62.0,0.0,0.0,1.0,0.0,0.0,0.0,0.0,37317.08209959624,1.0,0.0,0.0,0.0,0.0,0.0,0.0,1.0,0.0,0.0,0.0,0.0,642.0,0.0,0.0,0.0,0.0,0.0,0.0,0.0,0.0,0.0,12.0
0.0,0.001081,0.0,0.0,0.0,0.154217,-0.0,0.0,0.0,642.0,1.0,642.0,1.0,0.0,0.155298,103135.70040124832,1721542144.0,64.0,0.0,0.0,0.0,0.0,0.0,62.0,0.0,0.0,1.0,0.0,0.0,0.0,0.0,37317.08209959624,1.0,0.0,0.0,0.0,0.0,0.0,0.0,1.0,0.0,0.0,0.0,0.0,642.0,0.0,0.0,0.0,0.0,0.0,0.0,0.0,0.0,0.0,12.0
0.0,0.001081,0.0,105.0,0.8198,0.154217,-0.0,3073.92041,6235.666992,1272.0,1.0,852.0,4.0,0.0,0.155298,64128.0,1721542144.0,64.0,0.0,0.0,0.0,0.0,0.0,61.0,0.0,3.659429,1.0,4.0,0.0,0.0,8.538668,31872.0,8.0,1.0,0.0,0.0,0.0,0.8198,0.0,0.0,9309.587891,0.8198,420.0,0.0,213.0,0.0,0.0,0.8198,0.8198,0.0,0.0,0.0,3.659429,0.0,12.0
0.0,0.001081,1.0,117.0,0.666516,0.154217,-0.0,4212.952148,16923.824219,2160.0,1.0,1692.0,6.0,0.0,0.155298,64128.0,1721542144.0,64.0,0.0,0.0,0.0,0.0,0.0,61.0,0.0,4.501017,1.0,4.0,1.0,0.0,13.503052,31872.0,10.0,1.0,0.0,9.090909,0.0,0.666516,0.0,0.0,21136.777344,0.666516,468.0,0.0,282.0,0.0,0.0,0.666516,0.666516,1.0,0.0,0.0,7.501695,0.0,12.0
0.0,0.001081,0.0,90.0,0.041701,0.154217,-0.0,17265.773438,0.0,246.0,1.0,66.0,1.0,0.0,0.155298,64128.0,1721542144.0,64.0,0.0,0.0,0.0,0.0,0.0,61.0,0.0,23.98024,1.0,2.0,0.0,0.0,47.96048,31872.0,3.0,0.0,0.0,0.0,0.0,0.041701,0.0,0.0,17265.773438,0.041701,180.0,0.0,66.0,0.0,0.0,0.041701,0.041701,0.0,0.0,0.0,0.0,0.0,12.0
0.0,0.001081,0.0,218.0,0.729905,0.154217,-0.0,2389.352051,6093.943848,1130.0,1.0,694.0,5.0,0.0,0.155298,64128.0,1721542144.0,64.0,0.0,0.0,0.0,0.0,0.0,62.0,0.0,1.370041,1.0,2.0,0.0,0.0,8.220247,31872.0,7.0,1.0,0.0,0.0,0.0,0.729905,0.0,0.0,8483.295898,0.729905,436.0,0.0,138.800003,0.0,0.0,0.729905,0.729905,0.0,0.0,0.0,5.480165,0.0,12.0
0.0,0.001081,1.0,93.0,0.927845,0.154217,-0.0,2405.574219,1414.029297,618.0,1.0,246.0,3.0,0.0,0.155298,64128.0,1721542144.0,64.0,0.0,0.0,0.0,0.0,0.0,62.0,0.0,3.233299,1.0,4.0,1.0,0.0,6.466598,31872.0,7.0,1.0,0.0,12.5,0.0,0.927845,0.0,0.0,3819.603516,0.927845,372.0,0.0,82.0,0.0,0.0,0.927845,0.927845,1.0,0.0,0.0,2.155532,0.0,12.0
0.0,0.001081,0.0,162.0,0.906289,0.154217,-0.0,1430.007446,4819.654785,1006.0,1.0,682.0,5.0,0.0,0.155298,64128.0,1721542144.0,64.0,0.0,0.0,0.0,0.0,0.0,62.0,0.0,1.103401,1.0,2.0,0.0,0.0,6.620405,31872.0,7.0,1.0,0.0,0.0,0.0,0.906289,0.0,0.0,6249.662109,0.906289,324.0,0.0,136.399994,0.0,0.0,0.906289,0.906289,0.0,0.0,0.0,4.413603,0.0,12.0
0.0,0.001081,0.0,0.0,0.0,0.154217,-0.0,0.0,0.0,354.0,1.0,354.0,1.0,0.0,0.155298,103135.70040124832,1721542144.0,64.0,0.0,0.0,0.0,0.0,0.0,62.0,0.0,0.0,1.0,0.0,0.0,0.0,0.0,37317.08209959624,1.0,0.0,0.0,0.0,0.0,0.0,0.0,1.0,0.0,0.0,0.0,0.0,354.0,0.0,0.0,0.0,0.0,0.0,0.0,0.0,0.0,0.0,12.0
0.0,0.001081,0.0,0.0,0.0,0.154217,-0.0,0.0,0.0,354.0,1.0,354.0,1.0,0.0,0.155298,103135.70040124832,1721542144.0,64.0,0.0,0.0,0.0,0.0,0.0,62.0,0.0,0.0,1.0,0.0,0.0,0.0,0.0,37317.08209959624,1.0,0.0,0.0,0.0,0.0,0.0,0.0,1.0,0.0,0.0,0.0,0.0,354.0,0.0,0.0,0.0,0.0,0.0,0.0,0.0,0.0,0.0,12.0
0.0,0.001081,0.0,113.428574,0.816453,0.154217,-0.0,6672.766602,10014.048828,1962.0,1.0,1168.0,8.0,0.0,0.155298,64128.0,1721542144.0,64.0,0.0,0.0,0.0,0.0,0.0,62.0,0.0,7.348862,1.0,7.0,0.0,0.0,17.147345,31872.0,15.0,1.0,0.0,0.0,0.0,0.816453,0.0,0.0,16686.814453,0.816453,794.0,0.0,146.0,0.0,0.0,0.816453,0.816453,0.0,0.0,0.0,8.573672,0.0,12.0
0.0,0.001081,0.0,126.800003,0.539915,0.154217,-0.0,7527.110352,9245.899414,1382.0,1.0,748.0,6.0,0.0,0.155298,64128.0,1721542144.0,64.0,0.0,0.0,0.0,0.0,0.0,62.0,0.0,7.408573,1.0,5.0,0.0,0.0,18.521433,31872.0,11.0,1.0,0.0,0.0,0.0,0.539915,0.0,0.0,16773.009766,0.539915,634.0,0.0,124.666664,0.0,0.0,0.539915,0.539915,0.0,0.0,0.0,9.260716,0.0,12.0
0.0,0.001081,1.0,146.0,0.786811,0.154217,-0.0,1484.473389,3080.790771,696.0,1.0,404.0,4.0,0.0,0.155298,64128.0,1721542144.0,64.0,0.0,0.0,0.0,0.0,0.0,62.0,0.0,1.270953,1.0,2.0,1.0,0.0,6.354766,31872.0,6.0,1.0,0.0,14.285714,0.0,0.786811,0.0,0.0,4565.26416,0.786811,292.0,0.0,101.0,0.0,0.0,0.786811,0.786811,1.0,0.0,0.0,3.81286,0.0,12.0
0.0,0.001081,0.0,0.0,0.0,0.154217,-0.0,0.0,0.0,130.0,1.0,130.0,1.0,0.0,0.155298,103135.70040124832,1721542144.0,64.0,0.0,0.0,0.0,0.0,0.0,62.0,0.0,0.0,1.0,0.0,0.0,0.0,0.0,37317.08209959624,1.0,0.0,0.0,0.0,0.0,0.0,0.0,1.0,0.0,0.0,0.0,0.0,130.0,0.0,0.0,0.0,0.0,0.0,0.0,0.0,0.0,0.0,12.0
0.0,0.001081,0.0,0.0,0.0,0.154217,-0.0,0.0,0.0,130.0,1.0,130.0,1.0,0.0,0.155298,103135.70040124832,1721542144.0,64.0,0.0,0.0,0.0,0.0,0.0,62.0,0.0,0.0,1.0,0.0,0.0,0.0,0.0,37317.08209959624,1.0,0.0,0.0,0.0,0.0,0.0,0.0,1.0,0.0,0.0,0.0,0.0,130.0,0.0,0.0,0.0,0.0,0.0,0.0,0.0,0.0,0.0,12.0
0.0,0.001081,0.0,108.666664,0.865541,0.154217,-0.0,2014.924805,5767.491211,1074.0,1.0,748.0,6.0,0.0,0.155298,64128.0,1721542144.0,64.0,0.0,0.0,0.0,0.0,0.0,62.0,0.0,2.310694,1.0,3.0,0.0,0.0,9.242774,31872.0,9.0,1.0,0.0,0.0,0.0,0.865541,0.0,0.0,7782.416016,0.865541,326.0,0.0,124.666664,0.0,0.0,0.865541,0.865541,0.0,0.0,0.0,5.776734,0.0,12.0
0.0,0.001081,0.0,178.0,0.61086,0.154217,-0.0,2331.139648,6050.486328,972.0,1.0,616.0,4.0,0.0,0.155298,64128.0,1721542144.0,64.0,0.0,0.0,0.0,0.0,0.0,61.0,0.0,1.637036,1.0,2.0,0.0,0.0,8.185182,31872.0,6.0,1.0,0.0,0.0,0.0,0.61086,0.0,0.0,8381.625977,0.61086,356.0,0.0,154.0,0.0,0.0,0.61086,0.61086,0.0,0.0,0.0,4.911109,0.0,12.0
0.0,0.001081,0.0,0.0,0.896448,0.154217,-0.0,0.0,2730.777344,612.0,1.0,612.0,2.0,0.0,0.155298,103135.70040124832,1721542144.0,64.0,0.0,0.0,0.0,0.0,0.0,61.0,0.0,0.0,1.0,0.0,1.0,0.0,1.115514,37317.08209959624,2.0,0.0,0.0,0.0,0.0,0.896448,0.0,1.0,2730.777344,0.896448,0.0,0.0,306.0,0.0,0.0,0.896448,0.896448,1.0,0.0,0.0,1.115514,0.0,12.0
0.0,0.001081,0.0,102.0,0.261344,0.154217,-0.0,6244.643555,2020.325806,438.0,1.0,132.0,2.0,0.0,0.155298,64128.0,1721542144.0,64.0,0.0,0.0,0.0,0.0,0.0,61.0,0.0,7.652749,1.0,3.0,0.0,0.0,15.305498,31872.0,5.0,0.0,0.0,0.0,0.0,0.261344,0.0,0.0,8264.96875,0.261344,306.0,0.0,66.0,0.0,0.0,0.261344,0.261344,0.0,0.0,0.0,3.826375,0.0,12.0
0.0,0.001081,0.0,146.0,0.234179,0.154217,-0.0,4987.637695,8540.475586,666.0,1.0,374.0,3.0,0.0,0.155298,64128.0,1721542144.0,64.0,0.0,0.0,0.0,0.0,0.0,61.0,0.0,4.270237,1.0,2.0,0.0,0.0,17.08095,31872.0,5.0,1.0,0.0,0.0,0.0,0.234179,0.0,0.0,13528.113281,0.234179,292.0,0.0,124.666664,0.0,0.0,0.234179,0.234179,0.0,0.0,0.0,8.540475,0.0,12.0
0.0,0.001081,0.0,72.0,0.242146,0.154217,-0.0,2378.730225,7202.266602,580.0,1.0,436.0,2.0,0.0,0.155298,64128.0,1721542144.0,64.0,0.0,0.0,0.0,0.0,0.0,61.0,0.0,4.12974,1.0,2.0,0.0,1.0,12.389219,31872.0,4.0,0.0,0.0,0.0,0.0,0.242146,0.0,0.0,9580.996094,0.242146,144.0,0.0,218.0,0.0,0.0,0.242146,0.242146,0.0,0.0,0.0,4.12974,0.0,12.0
0.0,0.001081,0.0,66.0,0.422946,0.154217,-0.0,0.0,9154.833008,792.0,1.0,726.0,3.0,0.0,0.155298,64128.0,1721542144.0,64.0,0.0,0.0,0.0,0.0,0.0,62.0,0.0,0.0,1.0,1.0,0.0,1.0,7.093104,31872.0,4.0,0.0,0.0,0.0,0.0,0.422946,0.0,0.0,9154.833008,0.422946,66.0,0.0,242.0,0.0,0.0,0.422946,0.422946,0.0,0.0,0.0,4.728736,0.0,12.0
0.0,0.001081,0.0,0.0,0.767876,0.154217,-0.0,0.0,3188.014648,612.0,1.0,612.0,2.0,0.0,0.155298,103135.70040124832,1721542144.0,64.0,0.0,0.0,0.0,0.0,0.0,62.0,0.0,0.0,1.0,0.0,1.0,0.0,1.302294,37317.08209959624,2.0,0.0,0.0,0.0,0.0,0.767876,0.0,1.0,3188.014648,0.767876,0.0,0.0,306.0,0.0,0.0,0.767876,0.767876,1.0,0.0,0.0,1.302294,0.0,12.0
0.0,0.001081,0.0,0.0,0.0,0.154217,-0.0,0.0,0.0,450.0,1.0,450.0,1.0,0.0,0.155298,103135.70040124832,1721542144.0,64.0,0.0,0.0,0.0,0.0,0.0,62.0,0.0,0.0,1.0,0.0,0.0,0.0,0.0,37317.08209959624,1.0,0.0,0.0,0.0,0.0,0.0,0.0,1.0,0.0,0.0,0.0,0.0,450.0,0.0,0.0,0.0,0.0,0.0,0.0,0.0,0.0,0.0,12.0
0.0,0.001081,0.0,0.0,0.0,0.154217,-0.0,0.0,0.0,450.0,1.0,450.0,1.0,0.0,0.155298,103135.70040124832,1721542144.0,64.0,0.0,0.0,0.0,0.0,0.0,62.0,0.0,0.0,1.0,0.0,0.0,0.0,0.0,37317.08209959624,1.0,0.0,0.0,0.0,0.0,0.0,0.0,1.0,0.0,0.0,0.0,0.0,450.0,0.0,0.0,0.0,0.0,0.0,0.0,0.0,0.0,0.0,12.0
0.0,0.001081,0.0,0.0,0.0,0.154217,-0.0,0.0,0.0,450.0,1.0,450.0,1.0,0.0,0.155298,103135.70040124832,1721542144.0,64.0,0.0,0.0,0.0,0.0,0.0,62.0,0.0,0.0,1.0,0.0,0.0,0.0,0.0,37317.08209959624,1.0,0.0,0.0,0.0,0.0,0.0,0.0,1.0,0.0,0.0,0.0,0.0,450.0,0.0,0.0,0.0,0.0,0.0,0.0,0.0,0.0,0.0,12.0
0.0,0.001081,0.0,162.0,0.041074,0.154217,-0.0,0.0,0.0,228.0,1.0,66.0,1.0,0.0,0.155298,64128.0,1721542144.0,64.0,0.0,0.0,0.0,0.0,0.0,62.0,0.0,0.0,1.0,1.0,0.0,0.0,24.346302,31872.0,2.0,0.0,0.0,0.0,0.0,0.041074,0.0,0.0,0.0,0.041074,162.0,0.0,66.0,0.0,0.0,0.041074,0.041074,0.0,0.0,0.0,0.0,0.0,12.0
0.0,0.001081,0.0,116.666664,0.79603,0.154217,-0.0,5869.125488,8080.097656,1638.0,1.0,938.0,7.0,0.0,0.155298,64128.0,1721542144.0,64.0,0.0,0.0,0.0,0.0,0.0,62.0,0.0,6.28117,1.0,6.0,0.0,0.0,15.074809,31872.0,13.0,1.0,0.0,0.0,0.0,0.79603,0.0,0.0,13949.223633,0.79603,700.0,0.0,134.0,0.0,0.0,0.79603,0.79603,0.0,0.0,0.0,7.537405,0.0,12.0
0.0,0.001081,0.0,194.0,0.001236,0.154217,-0.0,0.0,634304.1875,390.0,1.0,196.0,2.0,0.0,0.155298,64128.0,1721542144.0,64.0,0.0,0.0,0.0,0.0,0.0,62.0,0.0,0.0,1.0,1.0,0.0,0.0,1618.123047,31872.0,3.0,1.0,0.0,0.0,0.0,0.001236,0.0,0.0,634304.1875,0.001236,194.0,0.0,98.0,0.0,0.0,0.001236,0.001236,0.0,0.0,0.0,809.061523,0.0,12.0
0.0,0.001081,0.0,110.0,0.511343,0.154217,-0.0,5162.875,27065.980469,2516.0,1.0,2076.0,6.0,0.0,0.155298,64128.0,1721542144.0,64.0,0.0,0.0,0.0,0.0,0.0,62.0,0.0,5.866903,1.0,4.0,0.0,0.0,17.60071,31872.0,10.0,1.0,0.0,0.0,0.0,0.511343,0.0,0.0,32228.855469,0.511343,440.0,0.0,346.0,0.0,0.0,0.511343,0.511343,0.0,0.0,0.0,9.778172,0.0,12.0
0.0,0.001081,0.0,117.199997,0.710073,0.154217,-0.0,5283.963867,18375.576172,2488.0,1.0,1902.0,7.0,0.0,0.155298,64128.0,1721542144.0,64.0,0.0,0.0,0.0,0.0,0.0,62.0,0.0,5.633224,1.0,5.0,0.0,0.0,15.491365,31872.0,12.0,1.0,0.0,0.0,0.0,0.710073,0.0,0.0,23659.539062,0.710073,586.0,0.0,271.714294,0.0,0.0,0.710073,0.710073,0.0,0.0,0.0,8.449836,0.0,12.0
0.0,0.001081,0.0,135.333328,0.709056,0.154217,-0.0,7638.324707,13821.192383,2190.0,1.0,1378.0,9.0,0.0,0.155298,64128.0,1721542144.0,64.0,0.0,0.0,0.0,0.0,0.0,62.0,0.0,7.051629,1.0,6.0,0.0,0.0,19.744562,31872.0,15.0,1.0,0.0,0.0,0.0,0.709056,0.0,0.0,21459.517578,0.709056,812.0,0.0,153.111115,0.0,0.0,0.709056,0.709056,0.0,0.0,0.0,11.282606,0.0,12.0
0.0,0.001081,0.0,0.0,0.0,0.154217,-0.0,0.0,0.0,178.0,1.0,178.0,1.0,0.0,0.155298,103135.70040124832,1721542144.0,64.0,0.0,0.0,0.0,0.0,0.0,62.0,0.0,0.0,1.0,0.0,0.0,0.0,0.0,37317.08209959624,1.0,0.0,0.0,0.0,0.0,0.0,0.0,1.0,0.0,0.0,0.0,0.0,178.0,0.0,0.0,0.0,0.0,0.0,0.0,0.0,0.0,0.0,12.0
0.0,0.001081,1.0,96.0,0.769249,0.154217,-0.0,2995.128906,11398.129883,1754.0,1.0,1370.0,5.0,0.0,0.155298,64128.0,1721542144.0,64.0,0.0,0.0,0.0,0.0,0.0,62.0,0.0,3.899907,1.0,4.0,1.0,0.0,10.399754,31872.0,9.0,1.0,0.0,10.0,0.0,0.769249,0.0,0.0,14393.258789,0.769249,384.0,0.0,274.0,0.0,0.0,0.769249,0.769249,1.0,0.0,0.0,5.199877,0.0,12.0
0.0,0.001081,0.0,134.0,0.820405,0.154217,-0.0,3920.015137,8386.101562,1568.0,1.0,1032.0,6.0,0.0,0.155298,64128.0,1721542144.0,64.0,0.0,0.0,0.0,0.0,0.0,62.0,0.0,3.65673,1.0,4.0,0.0,0.0,10.970191,31872.0,10.0,1.0,0.0,0.0,0.0,0.820405,0.0,0.0,12306.117188,0.820405,536.0,0.0,172.0,0.0,0.0,0.820405,0.820405,0.0,0.0,0.0,6.094551,0.0,12.0
0.0,0.001081,0.0,75.599998,0.840247,0.154217,-0.0,2884.865967,12510.607422,2130.0,1.0,1752.0,4.0,0.0,0.155298,64128.0,1721542144.0,64.0,0.0,0.0,0.0,0.0,0.0,62.0,0.0,4.760505,1.0,5.0,0.0,0.0,9.52101,31872.0,9.0,1.0,0.0,0.0,0.0,0.840247,0.0,0.0,15395.473633,0.840247,378.0,0.0,438.0,0.0,0.0,0.840247,0.840247,0.0,0.0,0.0,3.570379,0.0,12.0
0.0,0.001081,0.0,130.0,0.879712,0.154217,-0.0,1182.205078,1591.429932,522.0,1.0,262.0,3.0,0.0,0.155298,64128.0,1721542144.0,64.0,0.0,0.0,0.0,0.0,0.0,62.0,0.0,1.136736,1.0,2.0,0.0,0.0,4.546943,31872.0,5.0,1.0,0.0,0.0,0.0,0.879712,0.0,0.0,2773.63501,0.879712,260.0,0.0,87.333336,0.0,0.0,0.879712,0.879712,0.0,0.0,0.0,2.273471,0.0,12.0
0.0,0.001081,0.0,103.333336,0.349029,0.154217,-0.0,4744.591309,11139.475586,958.0,1.0,648.0,4.0,0.0,0.155298,64128.0,1721542144.0,64.0,0.0,0.0,0.0,0.0,0.0,62.0,0.0,5.730183,1.0,3.0,0.0,0.0,17.190548,31872.0,7.0,1.0,0.0,0.0,0.0,0.349029,0.0,0.0,15884.066406,0.349029,310.0,0.0,162.0,0.0,0.0,0.349029,0.349029,0.0,0.0,0.0,8.595274,0.0,12.0
0.0,0.001081,0.0,136.399994,0.618826,0.154217,-0.0,7058.527344,9863.839844,1572.0,1.0,890.0,7.0,0.0,0.155298,64128.0,1721542144.0,64.0,0.0,0.0,0.0,0.0,0.0,62.0,0.0,6.463853,1.0,5.0,0.0,0.0,17.775595,31872.0,12.0,1.0,0.0,0.0,0.0,0.618826,0.0,0.0,16922.367188,0.618826,682.0,0.0,127.14286,0.0,0.0,0.618826,0.618826,0.0,0.0,0.0,9.695779,0.0,12.0
0.0,0.001081,1.0,138.0,0.766931,0.154217,-0.0,1439.503662,8595.297852,1264.0,1.0,988.0,6.0,0.0,0.155298,64128.0,1721542144.0,64.0,0.0,0.0,0.0,0.0,0.0,62.0,0.0,1.303898,1.0,2.0,1.0,0.0,9.127288,31872.0,8.0,1.0,0.0,11.111111,0.0,0.766931,0.0,0.0,10034.801758,0.766931,276.0,0.0,164.666672,0.0,0.0,0.766931,0.766931,1.0,0.0,0.0,6.519491,0.0,12.0
0.0,0.001081,0.0,0.0,0.0,0.154217,-0.0,0.0,0.0,498.0,1.0,498.0,1.0,0.0,0.155298,103135.70040124832,1721542144.0,64.0,0.0,0.0,0.0,0.0,0.0,62.0,0.0,0.0,1.0,0.0,0.0,0.0,0.0,37317.08209959624,1.0,0.0,0.0,0.0,0.0,0.0,0.0,1.0,0.0,0.0,0.0,0.0,498.0,0.0,0.0,0.0,0.0,0.0,0.0,0.0,0.0,0.0,12.0
0.0,0.001081,0.0,78.0,0.0,0.154217,-0.0,0.0,0.0,576.0,1.0,498.0,1.0,0.0,0.155298,64128.0,1721542144.0,64.0,0.0,0.0,0.0,0.0,0.0,62.0,0.0,0.0,1.0,1.0,0.0,1.0,0.0,31872.0,2.0,0.0,0.0,0.0,0.0,0.0,0.0,0.0,0.0,0.0,78.0,0.0,498.0,0.0,0.0,0.0,0.0,0.0,0.0,0.0,0.0,0.0,12.0
0.0,0.001081,0.0,162.0,0.040297,0.154217,-0.0,0.0,0.0,228.0,1.0,66.0,1.0,0.0,0.155298,64128.0,1721542144.0,64.0,0.0,0.0,0.0,0.0,0.0,62.0,0.0,0.0,1.0,1.0,0.0,0.0,24.815742,31872.0,2.0,0.0,0.0,0.0,0.0,0.040297,0.0,0.0,0.0,0.040297,162.0,0.0,66.0,0.0,0.0,0.040297,0.040297,0.0,0.0,0.0,0.0,0.0,12.0
0.0,0.001081,0.0,127.714287,0.952942,0.154217,-0.0,6439.006836,10258.756836,2268.0,1.0,1374.0,9.0,0.0,0.155298,64128.0,1721542144.0,64.0,0.0,0.0,0.0,0.0,0.0,62.0,0.0,6.296291,1.0,7.0,0.0,0.0,15.740726,31872.0,16.0,1.0,0.0,0.0,0.0,0.952942,0.0,0.0,16697.763672,0.952942,894.0,0.0,152.666672,0.0,0.0,0.952942,0.952942,0.0,0.0,0.0,8.395055,0.0,12.0
0.0,0.001081,0.0,110.0,0.552334,0.154217,-0.0,4779.716309,13846.694336,1634.0,1.0,1194.0,5.0,0.0,0.155298,64128.0,1721542144.0,64.0,0.0,0.0,0.0,0.0,0.0,62.0,0.0,5.431496,1.0,4.0,0.0,0.0,14.48399,31872.0,9.0,1.0,0.0,0.0,0.0,0.552334,0.0,0.0,18626.410156,0.552334,440.0,0.0,238.800003,0.0,0.0,0.552334,0.552334,0.0,0.0,0.0,7.241995,0.0,12.0
0.0,0.001081,1.0,96.666664,0.971115,0.154217,-0.0,3987.169434,96598.242188,13372.0,1.0,12792.0,12.0,0.0,0.155298,64128.0,1721542144.0,64.0,0.0,0.0,0.0,0.0,0.0,62.0,0.0,5.148721,1.0,6.0,1.0,0.0,17.505651,31872.0,18.0,1.0,0.0,5.263158,0.0,0.971115,0.0,0.0,100585.414062,0.971115,580.0,0.0,1066.0,0.0,0.0,0.971115,0.971115,1.0,0.0,0.0,11.327186,0.0,12.0
0.0,0.001081,0.0,87.599998,0.691621,0.154217,-0.0,4060.0271,26650.433594,3510.0,1.0,3072.0,4.0,0.0,0.155298,64128.0,1721542144.0,64.0,0.0,0.0,0.0,0.0,0.0,62.0,0.0,5.783514,1.0,5.0,0.0,0.0,11.567029,31872.0,9.0,1.0,0.0,0.0,0.0,0.691621,0.0,0.0,30710.460938,0.691621,438.0,0.0,768.0,0.0,0.0,0.691621,0.691621,0.0,0.0,0.0,4.337636,0.0,12.0
0.0,0.001081,0.0,119.333336,0.660732,0.154217,-0.0,2893.760498,15752.226562,1984.0,1.0,1626.0,5.0,0.0,0.155298,64128.0,1721542144.0,64.0,0.0,0.0,0.0,0.0,0.0,62.0,0.0,3.026946,1.0,3.0,0.0,0.0,10.594311,31872.0,8.0,1.0,0.0,0.0,0.0,0.660732,0.0,0.0,18645.988281,0.660732,358.0,0.0,325.200012,0.0,0.0,0.660732,0.660732,0.0,0.0,0.0,6.053892,0.0,12.0
0.0,0.001081,0.0,154.0,0.586065,0.154217,-0.0,2102.156006,4340.81543,732.0,1.0,424.0,4.0,0.0,0.155298,64128.0,1721542144.0,64.0,0.0,0.0,0.0,0.0,0.0,62.0,0.0,1.706295,1.0,2.0,0.0,0.0,8.531477,31872.0,6.0,1.0,0.0,0.0,0.0,0.586065,0.0,0.0,6442.971191,0.586065,308.0,0.0,106.0,0.0,0.0,0.586065,0.586065,0.0,0.0,0.0,5.118886,0.0,12.0
0.0,0.001081,0.0,0.0,0.0,0.154217,-0.0,0.0,0.0,130.0,1.0,130.0,1.0,0.0,0.155298,103135.70040124832,1721542144.0,64.0,0.0,0.0,0.0,0.0,0.0,62.0,0.0,0.0,1.0,0.0,0.0,0.0,0.0,37317.08209959624,1.0,0.0,0.0,0.0,0.0,0.0,0.0,1.0,0.0,0.0,0.0,0.0,130.0,0.0,0.0,0.0,0.0,0.0,0.0,0.0,0.0,0.0,12.0
0.0,0.001081,0.0,103.333336,0.596019,0.154217,-0.0,2778.434814,8362.149414,1088.0,1.0,778.0,5.0,0.0,0.155298,64128.0,1721542144.0,64.0,0.0,0.0,0.0,0.0,0.0,62.0,0.0,3.355597,1.0,3.0,0.0,0.0,11.744592,31872.0,8.0,1.0,0.0,0.0,0.0,0.596019,0.0,0.0,11140.583984,0.596019,310.0,0.0,155.600006,0.0,0.0,0.596019,0.596019,0.0,0.0,0.0,6.711195,0.0,12.0
0.0,0.001081,0.0,130.0,0.78818,0.154217,-0.0,1319.495605,1776.244019,522.0,1.0,262.0,3.0,0.0,0.155298,64128.0,1721542144.0,64.0,0.0,0.0,0.0,0.0,0.0,62.0,0.0,1.268746,1.0,2.0,0.0,0.0,5.074983,31872.0,5.0,1.0,0.0,0.0,0.0,0.78818,0.0,0.0,3095.739502,0.78818,260.0,0.0,87.333336,0.0,0.0,0.78818,0.78818,0.0,0.0,0.0,2.537492,0.0,12.0
0.0,0.001081,1.0,104.0,0.929487,0.154217,-0.0,895.117432,7178.15332,1320.0,1.0,1112.0,4.0,0.0,0.155298,64128.0,1721542144.0,64.0,0.0,0.0,0.0,0.0,0.0,62.0,0.0,1.075862,1.0,2.0,1.0,0.0,5.379312,31872.0,6.0,1.0,0.0,14.285714,0.0,0.929487,0.0,0.0,8073.270508,0.929487,208.0,0.0,278.0,0.0,0.0,0.929487,0.929487,1.0,0.0,0.0,3.227587,0.0,12.0
0.0,0.001081,0.0,98.0,0.339648,0.154217,-0.0,4616.543945,1554.550537,426.0,1.0,132.0,2.0,0.0,0.155298,64128.0,1721542144.0,64.0,0.0,0.0,0.0,0.0,0.0,62.0,0.0,5.888449,1.0,3.0,0.0,0.0,11.776898,31872.0,5.0,0.0,0.0,0.0,0.0,0.339648,0.0,0.0,6171.094727,0.339648,294.0,0.0,66.0,0.0,0.0,0.339648,0.339648,0.0,0.0,0.0,2.944225,0.0,12.0
0.0,0.001081,0.0,119.333336,0.38468,0.154217,-0.0,4970.364746,9607.985352,974.0,1.0,616.0,4.0,0.0,0.155298,64128.0,1721542144.0,64.0,0.0,0.0,0.0,0.0,0.0,62.0,0.0,5.199127,1.0,3.0,0.0,0.0,15.59738,31872.0,7.0,1.0,0.0,0.0,0.0,0.38468,0.0,0.0,14578.349609,0.38468,358.0,0.0,154.0,0.0,0.0,0.38468,0.38468,0.0,0.0,0.0,7.79869,0.0,12.0
0.0,0.001081,0.0,98.0,0.215292,0.154217,-0.0,7283.131348,9289.708984,668.0,1.0,374.0,3.0,0.0,0.155298,64128.0,1721542144.0,64.0,0.0,0.0,0.0,0.0,0.0,62.0,0.0,9.289708,1.0,3.0,0.0,0.0,23.224272,31872.0,6.0,1.0,0.0,0.0,0.0,0.215292,0.0,0.0,16572.839844,0.215292,294.0,0.0,124.666664,0.0,0.0,0.215292,0.215292,0.0,0.0,0.0,9.289708,0.0,12.0
0.0,0.001081,0.0,117.199997,0.218111,0.154217,-0.0,17202.25,22887.429688,1334.0,1.0,748.0,6.0,0.0,0.155298,64128.0,1721542144.0,64.0,0.0,0.0,0.0,0.0,0.0,62.0,0.0,18.339287,1.0,5.0,0.0,0.0,45.848217,31872.0,11.0,1.0,0.0,0.0,0.0,0.218111,0.0,0.0,40089.679688,0.218111,586.0,0.0,124.666664,0.0,0.0,0.218111,0.218111,0.0,0.0,0.0,22.924109,0.0,12.0
0.0,0.001081,0.0,117.199997,0.277928,0.154217,-0.0,13499.899414,21674.679688,1464.0,1.0,878.0,7.0,0.0,0.155298,64128.0,1721542144.0,64.0,0.0,0.0,0.0,0.0,0.0,62.0,0.0,14.392217,1.0,5.0,0.0,0.0,39.578598,31872.0,12.0,1.0,0.0,0.0,0.0,0.277928,0.0,0.0,35174.578125,0.277928,586.0,0.0,125.428574,0.0,0.0,0.277928,0.277928,0.0,0.0,0.0,21.588326,0.0,12.0
0.0,0.001081,1.0,146.0,0.985996,0.154217,-0.0,1184.588989,5922.944824,1168.0,1.0,876.0,6.0,0.0,0.155298,64128.0,1721542144.0,64.0,0.0,0.0,0.0,0.0,0.0,62.0,0.0,1.014203,1.0,2.0,1.0,0.0,7.09942,31872.0,8.0,1.0,0.0,11.111111,0.0,0.985996,0.0,0.0,7107.533691,0.985996,292.0,0.0,146.0,0.0,0.0,0.985996,0.985996,1.0,0.0,0.0,5.071014,0.0,12.0
0.0,0.001081,1.0,66.0,0.476215,0.154217,-0.0,0.0,0.0,308.0,1.0,242.0,1.0,0.0,0.155298,64128.0,1721542144.0,64.0,0.0,0.0,0.0,0.0,0.0,62.0,0.0,0.0,1.0,1.0,1.0,1.0,2.099892,31872.0,2.0,0.0,0.0,33.333333,0.0,0.476215,0.0,0.0,0.0,0.476215,66.0,0.0,242.0,0.0,0.0,0.476215,0.476215,1.0,0.0,0.0,0.0,0.0,12.0
0.0,0.001081,0.0,0.0,0.0,0.154217,-0.0,0.0,0.0,306.0,1.0,306.0,1.0,0.0,0.155298,103135.70040124832,1721542144.0,64.0,0.0,0.0,0.0,0.0,0.0,62.0,0.0,0.0,1.0,0.0,0.0,0.0,0.0,37317.08209959624,1.0,0.0,0.0,0.0,0.0,0.0,0.0,1.0,0.0,0.0,0.0,0.0,306.0,0.0,0.0,0.0,0.0,0.0,0.0,0.0,0.0,0.0,12.0
0.0,0.001081,0.0,0.0,0.0,0.154217,-0.0,0.0,0.0,306.0,1.0,306.0,1.0,0.0,0.155298,103135.70040124832,1721542144.0,64.0,0.0,0.0,0.0,0.0,0.0,62.0,0.0,0.0,1.0,0.0,0.0,0.0,0.0,37317.08209959624,1.0,0.0,0.0,0.0,0.0,0.0,0.0,1.0,0.0,0.0,0.0,0.0,306.0,0.0,0.0,0.0,0.0,0.0,0.0,0.0,0.0,0.0,12.0
0.0,0.001081,0.0,98.0,0.629713,0.154217,-0.0,2490.023193,3709.626465,732.0,1.0,438.0,3.0,0.0,0.155298,64128.0,1721542144.0,64.0,0.0,0.0,0.0,0.0,0.0,62.0,0.0,3.17605,1.0,3.0,0.0,0.0,7.940125,31872.0,6.0,1.0,0.0,0.0,0.0,0.629713,0.0,0.0,6199.649902,0.629713,294.0,0.0,146.0,0.0,0.0,0.629713,0.629713,0.0,0.0,0.0,3.17605,0.0,12.0
0.0,0.001081,1.0,146.0,0.908864,0.154217,-0.0,1285.120728,2667.065674,696.0,1.0,404.0,4.0,0.0,0.155298,64128.0,1721542144.0,64.0,0.0,0.0,0.0,0.0,0.0,62.0,0.0,1.100275,1.0,2.0,1.0,0.0,5.501373,31872.0,6.0,1.0,0.0,14.285714,0.0,0.908864,0.0,0.0,3952.186279,0.908864,292.0,0.0,101.0,0.0,0.0,0.908864,0.908864,1.0,0.0,0.0,3.300824,0.0,12.0
0.0,0.001081,2.0,86.800003,0.711041,0.154217,-0.0,3915.38623,111104.710938,11406.0,1.0,10972.0,10.0,0.0,0.155298,64128.0,1721542144.0,64.0,0.0,0.0,0.0,0.0,0.0,62.0,0.0,5.625555,1.0,5.0,2.0,0.0,19.689442,31872.0,15.0,1.0,0.0,11.764706,0.0,0.711041,0.0,0.0,115020.09375,0.711041,434.0,0.0,1097.199951,0.0,0.0,0.711041,0.711041,1.0,0.0,0.0,12.657498,0.0,12.0
0.0,0.001081,0.0,81.0,0.21012,0.154217,-0.0,9251.855469,28859.697266,1840.0,1.0,1516.0,2.0,0.0,0.155298,64128.0,1721542144.0,64.0,0.0,0.0,0.0,0.0,0.0,62.0,0.0,14.277555,1.0,4.0,0.0,0.0,23.795925,31872.0,6.0,1.0,0.0,0.0,0.0,0.21012,0.0,0.0,38111.554688,0.21012,324.0,0.0,758.0,0.0,0.0,0.21012,0.21012,0.0,0.0,0.0,4.759185,0.0,12.0
0.0,0.001081,0.0,130.0,0.910257,0.154217,-0.0,1142.534546,1538.027222,522.0,1.0,262.0,3.0,0.0,0.155298,64128.0,1721542144.0,64.0,0.0,0.0,0.0,0.0,0.0,62.0,0.0,1.098591,1.0,2.0,0.0,0.0,4.394363,31872.0,5.0,1.0,0.0,0.0,0.0,0.910257,0.0,0.0,2680.561768,0.910257,260.0,0.0,87.333336,0.0,0.0,0.910257,0.910257,0.0,0.0,0.0,2.197182,0.0,12.0
0.0,0.001081,1.0,100.400002,0.582912,0.154217,-0.0,5517.127441,11006.806641,1504.0,1.0,1002.0,5.0,0.0,0.155298,64128.0,1721542144.0,64.0,0.0,0.0,0.0,0.0,0.0,62.0,0.0,6.862099,1.0,5.0,1.0,0.0,15.439723,31872.0,10.0,1.0,0.0,9.090909,0.0,0.582912,0.0,0.0,16523.933594,0.582912,502.0,0.0,200.399994,0.0,0.0,0.582912,0.582912,1.0,0.0,0.0,6.862099,0.0,12.0
0.0,0.001081,1.0,135.333328,0.629583,0.154217,-0.0,3443.549072,10978.695312,1442.0,1.0,1036.0,6.0,0.0,0.155298,64128.0,1721542144.0,64.0,0.0,0.0,0.0,0.0,0.0,62.0,0.0,3.176706,1.0,3.0,1.0,0.0,12.706823,31872.0,9.0,1.0,0.0,10.0,0.0,0.629583,0.0,0.0,14422.244141,0.629583,406.0,0.0,172.666672,0.0,0.0,0.629583,0.629583,1.0,0.0,0.0,7.941765,0.0,12.0
0.0,0.001081,1.0,90.0,0.976526,0.154217,-0.0,737.307556,3555.460693,1048.0,1.0,868.0,2.0,0.0,0.155298,64128.0,1721542144.0,64.0,0.0,0.0,0.0,0.0,0.0,62.0,0.0,1.024038,1.0,2.0,1.0,0.0,3.072115,31872.0,4.0,1.0,0.0,20.0,0.0,0.976526,0.0,0.0,4292.768555,0.976526,180.0,0.0,434.0,0.0,0.0,0.976526,0.976526,1.0,0.0,0.0,1.024038,0.0,12.0
0.0,0.001081,0.0,114.0,0.001511,0.154217,-0.0,0.0,349437.46875,246.0,1.0,132.0,2.0,0.0,0.155298,64128.0,1721542144.0,64.0,0.0,0.0,0.0,0.0,0.0,62.0,0.0,0.0,1.0,1.0,0.0,0.0,1323.626709,31872.0,3.0,0.0,0.0,0.0,0.0,0.001511,0.0,0.0,349437.46875,0.001511,114.0,0.0,66.0,0.0,0.0,0.001511,0.001511,0.0,0.0,0.0,661.813354,0.0,12.0
0.0,0.001081,0.0,126.0,0.378521,0.154217,-0.0,7988.98877,11539.650391,1186.0,1.0,682.0,5.0,0.0,0.155298,64128.0,1721542144.0,64.0,0.0,0.0,0.0,0.0,0.0,62.0,0.0,7.925584,1.0,4.0,0.0,0.0,21.134892,31872.0,9.0,1.0,0.0,0.0,0.0,0.378521,0.0,0.0,19528.638672,0.378521,504.0,0.0,136.399994,0.0,0.0,0.378521,0.378521,0.0,0.0,0.0,10.567446,0.0,12.0
0.0,0.001081,0.0,142.0,0.689091,0.154217,-0.0,4945.645508,6338.785156,1250.0,1.0,682.0,5.0,0.0,0.155298,64128.0,1721542144.0,64.0,0.0,0.0,0.0,0.0,0.0,62.0,0.0,4.353561,1.0,4.0,0.0,0.0,11.609497,31872.0,9.0,1.0,0.0,0.0,0.0,0.689091,0.0,0.0,11284.430664,0.689091,568.0,0.0,136.399994,0.0,0.0,0.689091,0.689091,0.0,0.0,0.0,5.804749,0.0,12.0
0.0,0.001081,1.0,186.0,0.786399,0.154217,-0.0,1892.169189,8290.957031,1390.0,1.0,1018.0,5.0,0.0,0.155298,64128.0,1721542144.0,64.0,0.0,0.0,0.0,0.0,0.0,62.0,0.0,1.271619,1.0,2.0,1.0,0.0,7.629714,31872.0,7.0,1.0,0.0,12.5,0.0,0.786399,0.0,0.0,10183.125977,0.786399,372.0,0.0,203.600006,0.0,0.0,0.786399,0.786399,1.0,0.0,0.0,5.086476,0.0,12.0
0.0,0.001081,0.0,66.0,0.0,0.154217,-0.0,0.0,0.0,66.0,1.0,0.0,0.0,0.0,0.155298,64128.0,1721542144.0,64.0,0.0,0.0,0.0,0.0,0.0,62.0,0.0,0.0,1.0,1.0,0.0,0.0,0.0,37317.08209959624,1.0,0.0,0.0,0.0,0.0,0.0,0.0,0.0,0.0,0.0,66.0,0.0,0.0,0.0,0.0,0.0,0.0,0.0,0.0,0.0,0.0,0.0,12.0
0.0,0.001081,0.0,0.0,0.590278,0.154217,-0.0,0.0,7576.09082,838.0,1.0,838.0,3.0,0.0,0.155298,103135.70040124832,1721542144.0,64.0,0.0,0.0,0.0,0.0,0.0,62.0,0.0,0.0,1.0,0.0,1.0,0.0,3.388234,37317.08209959624,3.0,0.0,0.0,0.0,0.0,0.590278,0.0,1.0,7576.09082,0.590278,0.0,0.0,279.333344,0.0,0.0,0.590278,0.590278,1.0,0.0,0.0,3.388234,0.0,12.0
0.0,0.001081,0.0,90.0,0.041153,0.154217,-0.0,17495.6875,43933.613281,632.0,1.0,452.0,2.0,0.0,0.155298,64128.0,1721542144.0,64.0,0.0,0.0,0.0,0.0,0.0,62.0,0.0,24.299566,1.0,2.0,0.0,0.0,72.898697,31872.0,4.0,1.0,0.0,0.0,0.0,0.041153,0.0,0.0,61429.300781,0.041153,180.0,0.0,226.0,0.0,0.0,0.041153,0.041153,0.0,0.0,0.0,24.299566,0.0,12.0
0.0,0.001081,1.0,178.0,0.786892,0.154217,-0.0,1809.651123,6465.944336,1150.0,1.0,794.0,5.0,0.0,0.155298,64128.0,1721542144.0,64.0,0.0,0.0,0.0,0.0,0.0,62.0,0.0,1.270822,1.0,2.0,1.0,0.0,7.624935,31872.0,7.0,1.0,0.0,12.5,0.0,0.786892,0.0,0.0,8275.595703,0.786892,356.0,0.0,158.800003,0.0,0.0,0.786892,0.786892,1.0,0.0,0.0,5.08329,0.0,12.0
0.0,0.001081,0.0,75.599998,0.933099,0.154217,-0.0,2597.795166,4166.760742,1026.0,1.0,648.0,4.0,0.0,0.155298,64128.0,1721542144.0,64.0,0.0,0.0,0.0,0.0,0.0,62.0,0.0,4.286791,1.0,5.0,0.0,0.0,8.573582,31872.0,9.0,1.0,0.0,0.0,0.0,0.933099,0.0,0.0,6764.555664,0.933099,378.0,0.0,162.0,0.0,0.0,0.933099,0.933099,0.0,0.0,0.0,3.215093,0.0,12.0
0.0,0.001081,0.0,123.599998,0.709092,0.154217,-0.0,5584.606445,13290.235352,1992.0,1.0,1374.0,7.0,0.0,0.155298,64128.0,1721542144.0,64.0,0.0,0.0,0.0,0.0,0.0,62.0,0.0,5.641017,1.0,5.0,0.0,0.0,15.512796,31872.0,12.0,1.0,0.0,0.0,0.0,0.709092,0.0,0.0,18874.841797,0.709092,618.0,0.0,196.285721,0.0,0.0,0.709092,0.709092,0.0,0.0,0.0,8.461525,0.0,12.0
0.0,0.001081,0.0,114.0,0.216435,0.154217,-0.0,16854.945312,39993.53125,1832.0,1.0,1262.0,7.0,0.0,0.155298,64128.0,1721542144.0,64.0,0.0,0.0,0.0,0.0,0.0,62.0,0.0,18.481298,1.0,5.0,0.0,0.0,50.823574,31872.0,12.0,1.0,0.0,0.0,0.0,0.216435,0.0,0.0,56848.476562,0.216435,570.0,0.0,180.285721,0.0,0.0,0.216435,0.216435,0.0,0.0,0.0,27.721949,0.0,12.0
0.0,0.001081,0.0,106.0,0.880104,0.154217,-0.0,8671.702148,11425.921875,2442.0,1.0,1382.0,11.0,0.0,0.155298,64128.0,1721542144.0,64.0,0.0,0.0,0.0,0.0,0.0,62.0,0.0,10.226064,1.0,10.0,0.0,0.0,22.724586,31872.0,21.0,1.0,0.0,0.0,0.0,0.880104,0.0,0.0,20097.625,0.880104,1060.0,0.0,125.63636,0.0,0.0,0.880104,0.880104,0.0,0.0,0.0,11.362293,0.0,12.0
0.0,0.001081,0.0,66.0,0.929765,0.154217,-0.0,0.0,2151.081299,566.0,1.0,500.0,2.0,0.0,0.155298,64128.0,1721542144.0,64.0,0.0,0.0,0.0,0.0,0.0,62.0,0.0,0.0,1.0,1.0,0.0,1.0,2.151081,31872.0,3.0,0.0,0.0,0.0,0.0,0.929765,0.0,0.0,2151.081299,0.929765,66.0,0.0,250.0,0.0,0.0,0.929765,0.929765,0.0,0.0,0.0,1.075541,0.0,12.0
0.0,0.001081,0.0,66.0,0.946391,0.154217,-0.0,0.0,0.0,276.0,1.0,210.0,1.0,0.0,0.155298,64128.0,1721542144.0,64.0,0.0,0.0,0.0,0.0,0.0,62.0,0.0,0.0,1.0,1.0,0.0,1.0,1.056646,31872.0,2.0,0.0,0.0,0.0,0.0,0.946391,0.0,0.0,0.0,0.946391,66.0,0.0,210.0,0.0,0.0,0.946391,0.946391,0.0,0.0,0.0,0.0,0.0,12.0
0.0,0.001081,0.0,66.0,0.834603,0.154217,-0.0,0.0,0.0,276.0,1.0,210.0,1.0,0.0,0.155298,64128.0,1721542144.0,64.0,0.0,0.0,0.0,0.0,0.0,62.0,0.0,0.0,1.0,1.0,0.0,1.0,1.198174,31872.0,2.0,0.0,0.0,0.0,0.0,0.834603,0.0,0.0,0.0,0.834603,66.0,0.0,210.0,0.0,0.0,0.834603,0.834603,0.0,0.0,0.0,0.0,0.0,12.0
0.0,0.001081,0.0,66.0,0.68084,0.154217,-0.0,0.0,0.0,276.0,1.0,210.0,1.0,0.0,0.155298,64128.0,1721542144.0,64.0,0.0,0.0,0.0,0.0,0.0,62.0,0.0,0.0,1.0,1.0,0.0,1.0,1.468774,31872.0,2.0,0.0,0.0,0.0,0.0,0.68084,0.0,0.0,0.0,0.68084,66.0,0.0,210.0,0.0,0.0,0.68084,0.68084,0.0,0.0,0.0,0.0,0.0,12.0
0.0,0.001081,1.0,78.0,0.046305,0.154217,-0.0,13475.866211,89148.039062,930.0,1.0,774.0,3.0,0.0,0.155298,64128.0,1721542144.0,64.0,0.0,0.0,0.0,0.0,0.0,62.0,0.0,21.59594,1.0,2.0,1.0,1.0,86.383759,31872.0,5.0,0.0,0.0,16.666667,0.0,0.046305,0.0,0.0,102623.90625,0.046305,156.0,0.0,258.0,0.0,0.0,0.046305,0.046305,1.0,0.0,0.0,43.191879,0.0,12.0
0.0,0.001081,0.0,0.0,0.483962,0.154217,-0.0,0.0,3471.346924,420.0,1.0,420.0,2.0,0.0,0.155298,103135.70040124832,1721542144.0,64.0,0.0,0.0,0.0,0.0,0.0,62.0,0.0,0.0,1.0,0.0,1.0,0.0,2.066278,37317.08209959624,2.0,0.0,0.0,0.0,0.0,0.483962,0.0,1.0,3471.346924,0.483962,0.0,0.0,210.0,0.0,0.0,0.483962,0.483962,1.0,0.0,0.0,2.066278,0.0,12.0
0.0,0.001081,0.0,0.0,0.0217,0.154217,-0.0,0.0,103963.132812,564.0,1.0,564.0,2.0,0.0,0.155298,103135.70040124832,1721542144.0,64.0,0.0,0.0,0.0,0.0,0.0,62.0,0.0,0.0,1.0,0.0,1.0,0.0,46.082947,37317.08209959624,2.0,0.0,0.0,0.0,0.0,0.0217,0.0,1.0,103963.132812,0.0217,0.0,0.0,282.0,0.0,0.0,0.0217,0.0217,1.0,0.0,0.0,46.082947,0.0,12.0
0.0,0.001081,1.0,72.0,0.38209,0.154217,-0.0,1507.498169,7411.866211,852.0,1.0,708.0,2.0,0.0,0.155298,64128.0,1721542144.0,64.0,0.0,0.0,0.0,0.0,0.0,62.0,0.0,2.617184,1.0,2.0,1.0,1.0,7.851553,31872.0,4.0,0.0,0.0,20.0,0.0,0.38209,0.0,0.0,8919.364258,0.38209,144.0,0.0,354.0,0.0,0.0,0.38209,0.38209,1.0,0.0,0.0,2.617184,0.0,12.0
0.0,0.001081,0.0,85.199997,0.937475,0.154217,-0.0,2909.944092,4983.599609,1156.0,1.0,730.0,5.0,0.0,0.155298,64128.0,1721542144.0,64.0,0.0,0.0,0.0,0.0,0.0,62.0,0.0,4.26678,1.0,5.0,0.0,0.0,9.600256,31872.0,10.0,1.0,0.0,0.0,0.0,0.937475,0.0,0.0,7893.543457,0.937475,426.0,0.0,146.0,0.0,0.0,0.937475,0.937475,0.0,0.0,0.0,4.26678,0.0,12.0
0.0,0.001081,0.0,146.0,0.734782,0.154217,-0.0,1589.587158,16080.960938,2064.0,1.0,1772.0,6.0,0.0,0.155298,64128.0,1721542144.0,64.0,0.0,0.0,0.0,0.0,0.0,62.0,0.0,1.360948,1.0,2.0,0.0,0.0,9.526635,31872.0,8.0,1.0,0.0,0.0,0.0,0.734782,0.0,0.0,17670.546875,0.734782,292.0,0.0,295.333344,0.0,0.0,0.734782,0.734782,0.0,0.0,0.0,6.804739,0.0,12.0
0.0,0.001081,0.0,0.0,0.0,0.154217,-0.0,0.0,0.0,1378.0,1.0,1378.0,1.0,0.0,0.155298,103135.70040124832,1721542144.0,64.0,0.0,0.0,0.0,0.0,0.0,62.0,0.0,0.0,1.0,0.0,0.0,0.0,0.0,37317.08209959624,1.0,0.0,0.0,0.0,0.0,0.0,0.0,1.0,0.0,0.0,0.0,0.0,1378.0,0.0,0.0,0.0,0.0,0.0,0.0,0.0,0.0,0.0,12.0
0.0,0.001081,0.0,0.0,0.0,0.154217,-0.0,0.0,0.0,1378.0,1.0,1378.0,1.0,0.0,0.155298,103135.70040124832,1721542144.0,64.0,0.0,0.0,0.0,0.0,0.0,62.0,0.0,0.0,1.0,0.0,0.0,0.0,0.0,37317.08209959624,1.0,0.0,0.0,0.0,0.0,0.0,0.0,1.0,0.0,0.0,0.0,0.0,1378.0,0.0,0.0,0.0,0.0,0.0,0.0,0.0,0.0,0.0,12.0
0.0,0.001081,0.0,0.0,0.0,0.154217,-0.0,0.0,0.0,1378.0,1.0,1378.0,1.0,0.0,0.155298,103135.70040124832,1721542144.0,64.0,0.0,0.0,0.0,0.0,0.0,62.0,0.0,0.0,1.0,0.0,0.0,0.0,0.0,37317.08209959624,1.0,0.0,0.0,0.0,0.0,0.0,0.0,1.0,0.0,0.0,0.0,0.0,1378.0,0.0,0.0,0.0,0.0,0.0,0.0,0.0,0.0,0.0,12.0
0.0,0.001081,0.0,0.0,0.0,0.154217,-0.0,0.0,0.0,1378.0,1.0,1378.0,1.0,0.0,0.155298,103135.70040124832,1721542144.0,64.0,0.0,0.0,0.0,0.0,0.0,62.0,0.0,0.0,1.0,0.0,0.0,0.0,0.0,37317.08209959624,1.0,0.0,0.0,0.0,0.0,0.0,0.0,1.0,0.0,0.0,0.0,0.0,1378.0,0.0,0.0,0.0,0.0,0.0,0.0,0.0,0.0,0.0,12.0
0.0,0.001081,0.0,104.285713,0.339234,0.154217,-0.0,14762.671875,132533.890625,7052.0,1.0,6322.0,9.0,0.0,0.155298,64128.0,1721542144.0,64.0,0.0,0.0,0.0,0.0,0.0,62.0,0.0,17.686907,1.0,7.0,0.0,0.0,44.217266,31872.0,16.0,1.0,0.0,0.0,0.0,0.339234,0.0,0.0,147296.5625,0.339234,730.0,0.0,702.444458,0.0,0.0,0.339234,0.339234,0.0,0.0,0.0,23.582542,0.0,12.0
0.0,0.001081,0.0,66.0,0.918204,0.154217,-0.0,0.0,4478.307617,1094.0,1.0,1028.0,2.0,0.0,0.155298,64128.0,1721542144.0,64.0,0.0,0.0,0.0,0.0,0.0,62.0,0.0,0.0,1.0,1.0,0.0,1.0,2.178165,31872.0,3.0,0.0,0.0,0.0,0.0,0.918204,0.0,0.0,4478.307617,0.918204,66.0,0.0,514.0,0.0,0.0,0.918204,0.918204,0.0,0.0,0.0,1.089083,0.0,12.0
0.0,0.001081,0.0,66.0,0.94828,0.154217,-0.0,0.0,0.0,580.0,1.0,514.0,1.0,0.0,0.155298,64128.0,1721542144.0,64.0,0.0,0.0,0.0,0.0,0.0,62.0,0.0,0.0,1.0,1.0,0.0,1.0,1.054541,31872.0,2.0,0.0,0.0,0.0,0.0,0.94828,0.0,0.0,0.0,0.94828,66.0,0.0,514.0,0.0,0.0,0.94828,0.94828,0.0,0.0,0.0,0.0,0.0,12.0
0.0,0.001081,0.0,0.0,0.809674,0.154217,-0.0,0.0,13111.449219,1990.0,1.0,1990.0,3.0,0.0,0.155298,103135.70040124832,1721542144.0,64.0,0.0,0.0,0.0,0.0,0.0,62.0,0.0,0.0,1.0,0.0,1.0,0.0,2.47013,37317.08209959624,3.0,0.0,0.0,0.0,0.0,0.809674,0.0,1.0,13111.449219,0.809674,0.0,0.0,663.333313,0.0,0.0,0.809674,0.809674,1.0,0.0,0.0,2.47013,0.0,12.0
0.0,0.001081,0.0,0.0,0.0,0.154217,-0.0,0.0,0.0,962.0,1.0,962.0,1.0,0.0,0.155298,103135.70040124832,1721542144.0,64.0,0.0,0.0,0.0,0.0,0.0,62.0,0.0,0.0,1.0,0.0,0.0,0.0,0.0,37317.08209959624,1.0,0.0,0.0,0.0,0.0,0.0,0.0,1.0,0.0,0.0,0.0,0.0,962.0,0.0,0.0,0.0,0.0,0.0,0.0,0.0,0.0,0.0,12.0
0.0,0.001081,0.0,0.0,0.0,0.154217,-0.0,0.0,0.0,962.0,1.0,962.0,1.0,0.0,0.155298,103135.70040124832,1721542144.0,64.0,0.0,0.0,0.0,0.0,0.0,62.0,0.0,0.0,1.0,0.0,0.0,0.0,0.0,37317.08209959624,1.0,0.0,0.0,0.0,0.0,0.0,0.0,1.0,0.0,0.0,0.0,0.0,962.0,0.0,0.0,0.0,0.0,0.0,0.0,0.0,0.0,0.0,12.0
0.0,0.001081,0.0,0.0,0.0,0.154217,-0.0,0.0,0.0,962.0,1.0,962.0,1.0,0.0,0.155298,103135.70040124832,1721542144.0,64.0,0.0,0.0,0.0,0.0,0.0,62.0,0.0,0.0,1.0,0.0,0.0,0.0,0.0,37317.08209959624,1.0,0.0,0.0,0.0,0.0,0.0,0.0,1.0,0.0,0.0,0.0,0.0,962.0,0.0,0.0,0.0,0.0,0.0,0.0,0.0,0.0,0.0,12.0
0.0,0.001081,0.0,0.0,0.0,0.154217,-0.0,0.0,0.0,962.0,1.0,962.0,1.0,0.0,0.155298,103135.70040124832,1721542144.0,64.0,0.0,0.0,0.0,0.0,0.0,62.0,0.0,0.0,1.0,0.0,0.0,0.0,0.0,37317.08209959624,1.0,0.0,0.0,0.0,0.0,0.0,0.0,1.0,0.0,0.0,0.0,0.0,962.0,0.0,0.0,0.0,0.0,0.0,0.0,0.0,0.0,0.0,12.0
0.0,0.001081,0.0,102.400002,0.693572,0.154217,-0.0,10634.800781,50498.003906,5800.0,1.0,4776.0,12.0,0.0,0.155298,64128.0,1721542144.0,64.0,0.0,0.0,0.0,0.0,0.0,61.0,0.0,12.976303,1.0,10.0,0.0,0.0,30.27804,31872.0,22.0,1.0,0.0,0.0,0.0,0.693572,0.0,0.0,61132.804688,0.693572,1024.0,0.0,398.0,0.0,0.0,0.693572,0.693572,0.0,0.0,0.0,15.859925,0.0,12.0
0.0,0.001081,1.0,102.0,0.68249,0.154217,-0.0,3586.865723,8052.865234,1266.0,1.0,858.0,5.0,0.0,0.155298,64128.0,1721542144.0,64.0,0.0,0.0,0.0,0.0,0.0,61.0,0.0,4.395669,1.0,4.0,1.0,0.0,11.721784,31872.0,9.0,1.0,0.0,10.0,0.0,0.68249,0.0,0.0,11639.731445,0.68249,408.0,0.0,171.600006,0.0,0.0,0.68249,0.68249,1.0,0.0,0.0,5.860892,0.0,12.0
0.0,0.001081,0.0,162.0,0.041601,0.154217,-0.0,0.0,0.0,228.0,1.0,66.0,1.0,0.0,0.155298,64128.0,1721542144.0,64.0,0.0,0.0,0.0,0.0,0.0,62.0,0.0,0.0,1.0,1.0,0.0,0.0,24.037884,31872.0,2.0,0.0,0.0,0.0,0.0,0.041601,0.0,0.0,0.0,0.041601,162.0,0.0,66.0,0.0,0.0,0.041601,0.041601,0.0,0.0,0.0,0.0,0.0,12.0
0.0,0.001081,1.0,135.600006,0.830727,0.154217,-0.0,5229.154785,27031.744141,3886.0,1.0,3208.0,8.0,0.0,0.155298,64128.0,1721542144.0,64.0,0.0,0.0,0.0,0.0,0.0,62.0,0.0,4.81506,1.0,5.0,1.0,0.0,14.445179,31872.0,13.0,1.0,0.0,7.142857,0.0,0.830727,0.0,0.0,32260.900391,0.830727,678.0,0.0,401.0,0.0,0.0,0.830727,0.830727,1.0,0.0,0.0,8.426354,0.0,12.0
0.0,0.001081,1.0,98.0,0.170499,0.154217,-0.0,9196.535156,45231.9375,1740.0,1.0,1446.0,3.0,0.0,0.155298,64128.0,1721542144.0,64.0,0.0,0.0,0.0,0.0,0.0,62.0,0.0,11.730274,1.0,3.0,1.0,0.0,29.325686,31872.0,6.0,1.0,0.0,14.285714,0.0,0.170499,0.0,0.0,54428.472656,0.170499,294.0,0.0,482.0,0.0,0.0,0.170499,0.170499,1.0,0.0,0.0,11.730274,0.0,12.0
0.0,0.001081,0.0,119.333336,0.618322,0.154217,-0.0,3092.23999,3234.560547,732.0,1.0,374.0,3.0,0.0,0.155298,64128.0,1721542144.0,64.0,0.0,0.0,0.0,0.0,0.0,62.0,0.0,3.23456,1.0,3.0,0.0,0.0,8.086401,31872.0,6.0,1.0,0.0,0.0,0.0,0.618322,0.0,0.0,6326.800293,0.618322,358.0,0.0,124.666664,0.0,0.0,0.618322,0.618322,0.0,0.0,0.0,3.23456,0.0,12.0
0.0,0.001081,0.0,0.0,0.398405,0.154217,-0.0,0.0,43995.433594,3286.0,1.0,3286.0,3.0,0.0,0.155298,103135.70040124832,1721542144.0,64.0,0.0,0.0,0.0,0.0,0.0,62.0,0.0,0.0,1.0,0.0,0.0,0.0,5.020018,37317.08209959624,3.0,0.0,0.0,0.0,0.0,0.398405,0.0,1.0,43995.433594,0.398405,0.0,0.0,1095.333374,0.0,0.0,0.398405,0.398405,0.0,0.0,0.0,5.020018,0.0,12.0
0.0,0.001081,0.0,0.0,0.0,0.154217,-0.0,0.0,0.0,1514.0,1.0,1514.0,1.0,0.0,0.155298,103135.70040124832,1721542144.0,64.0,0.0,0.0,0.0,0.0,0.0,62.0,0.0,0.0,1.0,0.0,1.0,0.0,0.0,37317.08209959624,1.0,0.0,0.0,0.0,0.0,0.0,0.0,0.0,0.0,0.0,0.0,0.0,1514.0,1.0,0.0,0.0,0.0,1.0,0.0,0.0,0.0,0.0,12.0
0.0,0.001081,3.0,82.0,0.318804,0.154217,-0.0,4115.381348,63085.785156,3598.0,1.0,3352.0,4.0,0.0,0.155298,64128.0,1721542144.0,64.0,0.0,0.0,0.0,0.0,0.0,62.0,0.0,6.273447,1.0,3.0,3.0,0.0,18.820341,31872.0,7.0,1.0,0.0,30.0,0.0,0.318804,0.0,0.0,67201.164062,0.318804,246.0,0.0,838.0,0.0,0.0,0.318804,0.318804,1.0,0.0,0.0,9.410171,0.0,12.0
0.0,0.001081,0.0,140.666672,0.556426,0.154217,-0.0,4054.44751,4744.566406,862.0,1.0,440.0,4.0,0.0,0.155298,64128.0,1721542144.0,64.0,0.0,0.0,0.0,0.0,0.0,62.0,0.0,3.594368,1.0,3.0,0.0,0.0,10.783105,31872.0,7.0,1.0,0.0,0.0,0.0,0.556426,0.0,0.0,8799.013672,0.556426,422.0,0.0,110.0,0.0,0.0,0.556426,0.556426,0.0,0.0,0.0,5.391552,0.0,12.0
0.0,0.001081,1.0,81.0,0.933008,0.154217,-0.0,2083.583496,19935.519531,3230.0,1.0,2906.0,5.0,0.0,0.155298,64128.0,1721542144.0,64.0,0.0,0.0,0.0,0.0,0.0,62.0,0.0,3.215406,1.0,4.0,1.0,0.0,8.574417,31872.0,9.0,1.0,0.0,10.0,0.0,0.933008,0.0,0.0,22019.103516,0.933008,324.0,0.0,581.200012,0.0,0.0,0.933008,0.933008,1.0,0.0,0.0,4.287209,0.0,12.0
0.0,0.001081,1.0,194.0,0.641504,0.154217,-0.0,0.0,2718.611328,520.0,1.0,326.0,3.0,0.0,0.155298,64128.0,1721542144.0,64.0,0.0,0.0,0.0,0.0,0.0,62.0,0.0,0.0,1.0,1.0,1.0,0.0,4.67651,31872.0,4.0,1.0,0.0,20.0,0.0,0.641504,0.0,0.0,2718.611328,0.641504,194.0,0.0,108.666664,0.0,0.0,0.641504,0.641504,1.0,0.0,0.0,3.117674,0.0,12.0
0.0,0.001081,0.0,0.0,0.0,0.154217,-0.0,0.0,0.0,130.0,1.0,130.0,1.0,0.0,0.155298,103135.70040124832,1721542144.0,64.0,0.0,0.0,0.0,0.0,0.0,62.0,0.0,0.0,1.0,0.0,0.0,0.0,0.0,37317.08209959624,1.0,0.0,0.0,0.0,0.0,0.0,0.0,1.0,0.0,0.0,0.0,0.0,130.0,0.0,0.0,0.0,0.0,0.0,0.0,0.0,0.0,0.0,12.0
0.0,0.001081,0.0,0.0,0.0,0.154217,-0.0,0.0,0.0,130.0,1.0,130.0,1.0,0.0,0.155298,103135.70040124832,1721542144.0,64.0,0.0,0.0,0.0,0.0,0.0,62.0,0.0,0.0,1.0,0.0,0.0,0.0,0.0,37317.08209959624,1.0,0.0,0.0,0.0,0.0,0.0,0.0,1.0,0.0,0.0,0.0,0.0,130.0,0.0,0.0,0.0,0.0,0.0,0.0,0.0,0.0,0.0,12.0
0.0,0.001081,0.0,0.0,0.0,0.154217,-0.0,0.0,0.0,130.0,1.0,130.0,1.0,0.0,0.155298,103135.70040124832,1721542144.0,64.0,0.0,0.0,0.0,0.0,0.0,62.0,0.0,0.0,1.0,0.0,0.0,0.0,0.0,37317.08209959624,1.0,0.0,0.0,0.0,0.0,0.0,0.0,1.0,0.0,0.0,0.0,0.0,130.0,0.0,0.0,0.0,0.0,0.0,0.0,0.0,0.0,0.0,12.0
0.0,0.001081,0.0,87.333336,0.293459,0.154217,-0.0,4770.683594,16983.632812,1196.0,1.0,934.0,3.0,0.0,0.155298,64000.0,1721542144.0,64.0,0.0,0.0,0.0,0.0,0.0,62.0,0.0,6.815262,1.0,3.0,0.0,0.0,17.038155,31872.0,6.0,1.0,0.0,0.0,0.0,0.293459,0.0,0.0,21754.316406,0.293459,262.0,0.0,311.333344,0.0,0.0,0.293459,0.293459,0.0,0.0,0.0,6.815262,0.0,12.0
0.0,0.001081,0.0,0.0,0.0,0.154217,-0.0,0.0,0.0,162.0,1.0,162.0,1.0,0.0,0.155298,103135.70040124832,1721542144.0,64.0,0.0,0.0,0.0,0.0,0.0,62.0,0.0,0.0,1.0,0.0,0.0,0.0,0.0,37317.08209959624,1.0,0.0,0.0,0.0,0.0,0.0,0.0,1.0,0.0,0.0,0.0,0.0,162.0,0.0,0.0,0.0,0.0,0.0,0.0,0.0,0.0,0.0,12.0
0.0,0.001081,0.0,0.0,0.0,0.154217,-0.0,0.0,0.0,162.0,1.0,162.0,1.0,0.0,0.155298,103135.70040124832,1721542144.0,64.0,0.0,0.0,0.0,0.0,0.0,62.0,0.0,0.0,1.0,0.0,0.0,0.0,0.0,37317.08209959624,1.0,0.0,0.0,0.0,0.0,0.0,0.0,1.0,0.0,0.0,0.0,0.0,162.0,0.0,0.0,0.0,0.0,0.0,0.0,0.0,0.0,0.0,12.0
0.0,0.001081,0.0,119.818184,0.818388,0.154217,-0.0,11720.602539,20019.84375,3536.0,1.0,2218.0,13.0,0.0,0.155298,64128.0,1721542144.0,64.0,0.0,0.0,0.0,0.0,0.0,62.0,0.0,12.219143,1.0,11.0,0.0,0.0,28.104029,31872.0,24.0,1.0,0.0,0.0,0.0,0.818388,0.0,0.0,31740.447266,0.818388,1318.0,0.0,170.615387,0.0,0.0,0.818388,0.818388,0.0,0.0,0.0,14.662971,0.0,12.0
0.0,0.001081,0.0,78.307693,0.971504,0.154217,-0.0,7740.575684,158994.71875,21532.0,1.0,20514.0,17.0,0.0,0.155298,63488.0,1721542144.0,64.0,0.0,0.0,0.0,0.0,0.0,62.0,0.0,12.351982,1.0,13.0,0.0,0.0,29.850624,31872.0,30.0,1.0,0.0,0.0,0.0,0.971504,0.0,0.0,166735.296875,0.971504,1018.0,0.0,1206.705933,0.0,0.0,0.971504,0.971504,0.0,0.0,0.0,16.469311,0.0,12.0
0.0,0.001081,0.0,110.0,0.897065,0.154217,-0.0,2942.930664,2193.821045,768.0,1.0,328.0,4.0,0.0,0.155298,64128.0,1721542144.0,64.0,0.0,0.0,0.0,0.0,0.0,62.0,0.0,3.344239,1.0,4.0,0.0,0.0,7.803225,31872.0,8.0,1.0,0.0,0.0,0.0,0.897065,0.0,0.0,5136.751465,0.897065,440.0,0.0,82.0,0.0,0.0,0.897065,0.897065,0.0,0.0,0.0,3.344239,0.0,12.0
0.0,0.001081,0.0,84.285713,0.786061,0.154217,-0.0,5149.727539,215046.921875,23040.0,1.0,22450.0,17.0,0.0,0.155298,64128.0,1721542144.0,64.0,0.0,0.0,0.0,0.0,0.0,62.0,0.0,7.632996,1.0,7.0,0.0,0.0,29.259815,31872.0,24.0,1.0,0.0,0.0,0.0,0.786061,0.0,0.0,220196.65625,0.786061,590.0,0.0,1320.588257,0.0,0.0,0.786061,0.786061,0.0,0.0,0.0,20.354654,0.0,12.0
0.0,0.001081,0.0,114.0,0.001997,0.154217,-0.0,0.0,0.0,180.0,1.0,66.0,1.0,0.0,0.155298,64128.0,1721542144.0,64.0,0.0,0.0,0.0,0.0,0.0,62.0,0.0,0.0,1.0,1.0,0.0,0.0,500.751099,31872.0,2.0,0.0,0.0,0.0,0.0,0.001997,0.0,0.0,0.0,0.001997,114.0,0.0,66.0,0.0,0.0,0.001997,0.001997,0.0,0.0,0.0,0.0,0.0,12.0
0.0,0.001081,1.0,138.0,0.829318,0.154217,-0.0,1331.214355,7302.385742,1184.0,1.0,908.0,6.0,0.0,0.155298,64128.0,1721542144.0,64.0,0.0,0.0,0.0,0.0,0.0,62.0,0.0,1.20581,1.0,2.0,1.0,0.0,8.440671,31872.0,8.0,1.0,0.0,11.111111,0.0,0.829318,0.0,0.0,8633.600586,0.829318,276.0,0.0,151.333328,0.0,0.0,0.829318,0.829318,1.0,0.0,0.0,6.02905,0.0,12.0
0.0,0.001081,2.0,87.599998,0.956458,0.154217,-0.0,2935.832031,3362.406006,974.0,1.0,536.0,4.0,0.0,0.155298,64128.0,1721542144.0,64.0,0.0,0.0,0.0,0.0,0.0,62.0,0.0,4.182097,1.0,5.0,2.0,0.0,8.364194,31872.0,9.0,1.0,0.0,18.181818,0.0,0.956458,0.0,0.0,6298.238281,0.956458,438.0,0.0,134.0,0.0,0.0,0.956458,0.956458,1.0,0.0,0.0,3.136573,0.0,12.0
0.0,0.001081,2.0,104.285713,0.832588,0.154217,-0.0,6014.979492,14778.017578,2460.0,1.0,1730.0,9.0,0.0,0.155298,64128.0,1721542144.0,64.0,0.0,0.0,0.0,0.0,0.0,62.0,0.0,7.206445,1.0,7.0,2.0,0.0,18.016113,31872.0,16.0,1.0,0.0,11.111111,0.0,0.832588,0.0,0.0,20792.996094,0.832588,730.0,0.0,192.222229,0.0,0.0,0.832588,0.832588,1.0,0.0,0.0,9.608594,0.0,12.0
0.0,0.001081,0.0,117.199997,0.262198,0.154217,-0.0,14309.795898,37620.425781,2024.0,1.0,1438.0,7.0,0.0,0.155298,64128.0,1721542144.0,64.0,0.0,0.0,0.0,0.0,0.0,62.0,0.0,15.255647,1.0,5.0,0.0,0.0,41.953026,31872.0,12.0,1.0,0.0,0.0,0.0,0.262198,0.0,0.0,51930.21875,0.262198,586.0,0.0,205.428574,0.0,0.0,0.262198,0.262198,0.0,0.0,0.0,22.883471,0.0,12.0
0.0,0.001081,0.0,117.199997,0.709269,0.154217,-0.0,5289.953613,17313.601562,2376.0,1.0,1790.0,7.0,0.0,0.155298,64128.0,1721542144.0,64.0,0.0,0.0,0.0,0.0,0.0,62.0,0.0,5.639609,1.0,5.0,0.0,0.0,15.508925,31872.0,12.0,1.0,0.0,0.0,0.0,0.709269,0.0,0.0,22603.554688,0.709269,586.0,0.0,255.714279,0.0,0.0,0.709269,0.709269,0.0,0.0,0.0,8.459414,0.0,12.0
0.0,0.001081,0.0,118.0,0.412408,0.154217,-0.0,6866.986328,17788.210938,1572.0,1.0,1100.0,6.0,0.0,0.155298,64128.0,1721542144.0,64.0,0.0,0.0,0.0,0.0,0.0,62.0,0.0,7.27435,1.0,4.0,0.0,0.0,21.82305,31872.0,10.0,1.0,0.0,0.0,0.0,0.412408,0.0,0.0,24655.195312,0.412408,472.0,0.0,183.333328,0.0,0.0,0.412408,0.412408,0.0,0.0,0.0,12.123917,0.0,12.0
0.0,0.001081,0.0,114.0,0.002005,0.154217,-0.0,0.0,0.0,180.0,1.0,66.0,1.0,0.0,0.155298,64128.0,1721542144.0,64.0,0.0,0.0,0.0,0.0,0.0,62.0,0.0,0.0,1.0,1.0,0.0,0.0,498.753143,31872.0,2.0,0.0,0.0,0.0,0.0,0.002005,0.0,0.0,0.0,0.002005,114.0,0.0,66.0,0.0,0.0,0.002005,0.002005,0.0,0.0,0.0,0.0,0.0,12.0
0.0,0.001081,0.0,146.0,0.653033,0.154217,-0.0,3577.154541,21487.427734,2542.0,1.0,2104.0,6.0,0.0,0.155298,64128.0,1721542144.0,64.0,0.0,0.0,0.0,0.0,0.0,62.0,0.0,3.062632,1.0,3.0,0.0,0.0,12.250529,31872.0,9.0,1.0,0.0,0.0,0.0,0.653033,0.0,0.0,25064.582031,0.653033,438.0,0.0,350.666656,0.0,0.0,0.653033,0.653033,0.0,0.0,0.0,7.656581,0.0,12.0
0.0,0.001081,1.0,90.0,0.977112,0.154217,-0.0,736.865356,1260.858521,488.0,1.0,308.0,2.0,0.0,0.155298,64128.0,1721542144.0,64.0,0.0,0.0,0.0,0.0,0.0,62.0,0.0,1.023424,1.0,2.0,1.0,0.0,3.070272,31872.0,4.0,1.0,0.0,20.0,0.0,0.977112,0.0,0.0,1997.723877,0.977112,180.0,0.0,154.0,0.0,0.0,0.977112,0.977112,1.0,0.0,0.0,1.023424,0.0,12.0
0.0,0.001081,0.0,162.0,0.001005,0.154217,-0.0,0.0,0.0,240.0,1.0,78.0,1.0,0.0,0.155298,64128.0,1721542144.0,64.0,0.0,0.0,0.0,0.0,0.0,62.0,0.0,0.0,1.0,1.0,0.0,0.0,995.024902,31872.0,2.0,0.0,0.0,0.0,0.0,0.001005,0.0,0.0,0.0,0.001005,162.0,0.0,78.0,0.0,0.0,0.001005,0.001005,0.0,0.0,0.0,0.0,0.0,12.0
1.0,0.001081,1.0,138.0,0.925792,0.154217,-0.0,3577.477539,6394.524902,1440.0,1.0,888.0,6.0,0.0,0.155298,64128.0,1721542144.0,64.0,0.0,0.0,0.0,0.0,0.0,62.0,1.0,3.240469,1.0,4.0,0.0,0.0,9.721406,31872.0,10.0,1.0,0.0,9.090909,0.0,0.925792,0.0,0.0,9972.00293,0.925792,552.0,0.0,148.0,0.0,0.0,0.925792,0.925792,0.0,0.0,0.0,5.400781,0.0,12.0
0.0,0.001081,0.0,167.333328,0.956314,0.154217,-0.0,2802.426758,2133.19043,842.0,1.0,340.0,4.0,0.0,0.155298,64128.0,1721542144.0,64.0,0.0,0.0,0.0,0.0,0.0,62.0,0.0,2.091363,1.0,3.0,0.0,0.0,6.27409,31872.0,7.0,1.0,0.0,0.0,0.0,0.956314,0.0,0.0,4935.617188,0.956314,502.0,0.0,85.0,0.0,0.0,0.956314,0.956314,0.0,0.0,0.0,3.137045,0.0,12.0
0.0,0.001081,0.0,0.0,0.639784,0.154217,-0.0,0.0,1625.548706,260.0,1.0,260.0,2.0,0.0,0.155298,103135.70040124832,1721542144.0,64.0,0.0,0.0,0.0,0.0,0.0,62.0,0.0,0.0,1.0,0.0,1.0,0.0,1.563028,37317.08209959624,2.0,0.0,0.0,0.0,0.0,0.639784,0.0,1.0,1625.548706,0.639784,0.0,0.0,130.0,0.0,0.0,0.639784,0.639784,1.0,0.0,0.0,1.563028,0.0,12.0
0.0,0.001081,1.0,194.0,0.102741,0.154217,-0.0,0.0,8098.032715,402.0,1.0,208.0,2.0,0.0,0.155298,64128.0,1721542144.0,64.0,0.0,0.0,0.0,0.0,0.0,62.0,0.0,0.0,1.0,1.0,1.0,0.0,19.466425,31872.0,3.0,1.0,0.0,25.0,0.0,0.102741,0.0,0.0,8098.032715,0.102741,194.0,0.0,104.0,0.0,0.0,0.102741,0.102741,1.0,0.0,0.0,9.733212,0.0,12.0
0.0,0.001081,1.0,194.0,0.195711,0.154217,-0.0,0.0,4251.166016,402.0,1.0,208.0,2.0,0.0,0.155298,64128.0,1721542144.0,64.0,0.0,0.0,0.0,0.0,0.0,62.0,0.0,0.0,1.0,1.0,1.0,0.0,10.21915,31872.0,3.0,1.0,0.0,25.0,0.0,0.195711,0.0,0.0,4251.166016,0.195711,194.0,0.0,104.0,0.0,0.0,0.195711,0.195711,1.0,0.0,0.0,5.109575,0.0,12.0
0.0,0.001081,1.0,194.0,0.517938,0.154217,-0.0,0.0,1606.369873,402.0,1.0,208.0,2.0,0.0,0.155298,64128.0,1721542144.0,64.0,0.0,0.0,0.0,0.0,0.0,62.0,0.0,0.0,1.0,1.0,1.0,0.0,3.861466,31872.0,3.0,1.0,0.0,25.0,0.0,0.517938,0.0,0.0,1606.369873,0.517938,194.0,0.0,104.0,0.0,0.0,0.517938,0.517938,1.0,0.0,0.0,1.930733,0.0,12.0
0.0,0.001081,0.0,0.0,0.0,0.154217,-0.0,0.0,0.0,130.0,1.0,130.0,1.0,0.0,0.155298,103135.70040124832,1721542144.0,64.0,0.0,0.0,0.0,0.0,0.0,62.0,0.0,0.0,1.0,0.0,0.0,0.0,0.0,37317.08209959624,1.0,0.0,0.0,0.0,0.0,0.0,0.0,1.0,0.0,0.0,0.0,0.0,130.0,0.0,0.0,0.0,0.0,0.0,0.0,0.0,0.0,0.0,12.0
0.0,0.001081,0.0,0.0,0.0,0.154217,-0.0,0.0,0.0,130.0,1.0,130.0,1.0,0.0,0.155298,103135.70040124832,1721542144.0,64.0,0.0,0.0,0.0,0.0,0.0,62.0,0.0,0.0,1.0,0.0,0.0,0.0,0.0,37317.08209959624,1.0,0.0,0.0,0.0,0.0,0.0,0.0,1.0,0.0,0.0,0.0,0.0,130.0,0.0,0.0,0.0,0.0,0.0,0.0,0.0,0.0,0.0,12.0
0.0,0.001081,0.0,111.866669,0.86243,0.154217,-0.0,14535.672852,22976.9375,4292.0,1.0,2614.0,19.0,0.0,0.155298,64128.0,1721542144.0,64.0,0.0,0.0,0.0,0.0,0.0,62.0,0.0,16.233202,1.0,15.0,0.0,0.0,38.263977,31872.0,34.0,1.0,0.0,0.0,0.0,0.86243,0.0,0.0,37512.609375,0.86243,1678.0,0.0,137.578949,0.0,0.0,0.86243,0.86243,0.0,0.0,0.0,20.87126,0.0,12.0
0.0,0.001081,1.0,96.666664,0.956113,0.154217,-0.0,4049.730713,98113.929688,13372.0,1.0,12792.0,12.0,0.0,0.155298,64128.0,1721542144.0,64.0,0.0,0.0,0.0,0.0,0.0,62.0,0.0,5.229507,1.0,6.0,1.0,0.0,17.780325,31872.0,18.0,1.0,0.0,5.263158,0.0,0.956113,0.0,0.0,102163.65625,0.956113,580.0,0.0,1066.0,0.0,0.0,0.956113,0.956113,1.0,0.0,0.0,11.504916,0.0,12.0
0.0,0.001081,2.0,82.0,0.5796,0.154217,-0.0,2263.630127,66639.0625,6280.0,1.0,6034.0,5.0,0.0,0.155298,64128.0,1721542144.0,64.0,0.0,0.0,0.0,0.0,0.0,62.0,0.0,3.450656,1.0,3.0,2.0,0.0,12.077295,31872.0,8.0,1.0,0.0,20.0,0.0,0.5796,0.0,0.0,68902.695312,0.5796,246.0,0.0,1206.800049,0.0,0.0,0.5796,0.5796,1.0,0.0,0.0,6.901311,0.0,12.0
0.0,0.001081,0.0,114.0,0.001602,0.154217,-0.0,0.0,0.0,180.0,1.0,66.0,1.0,0.0,0.155298,64128.0,1721542144.0,64.0,0.0,0.0,0.0,0.0,0.0,62.0,0.0,0.0,1.0,1.0,0.0,0.0,624.219727,31872.0,2.0,0.0,0.0,0.0,0.0,0.001602,0.0,0.0,0.0,0.001602,114.0,0.0,66.0,0.0,0.0,0.001602,0.001602,0.0,0.0,0.0,0.0,0.0,12.0
0.0,0.001081,1.0,109.0,0.92555,0.154217,-0.0,2826.42749,7001.242676,1408.0,1.0,972.0,6.0,0.0,0.155298,64128.0,1721542144.0,64.0,0.0,0.0,0.0,0.0,0.0,62.0,0.0,3.241316,1.0,4.0,1.0,0.0,9.723948,31872.0,10.0,1.0,0.0,9.090909,0.0,0.92555,0.0,0.0,9827.669922,0.92555,436.0,0.0,162.0,0.0,0.0,0.92555,0.92555,1.0,0.0,0.0,5.402194,0.0,12.0
0.0,0.001081,0.0,98.0,0.63474,0.154217,-0.0,2470.302734,831.83667,426.0,1.0,132.0,2.0,0.0,0.155298,64128.0,1721542144.0,64.0,0.0,0.0,0.0,0.0,0.0,62.0,0.0,3.150897,1.0,3.0,0.0,0.0,6.301793,31872.0,5.0,0.0,0.0,0.0,0.0,0.63474,0.0,0.0,3302.139404,0.63474,294.0,0.0,66.0,0.0,0.0,0.63474,0.63474,0.0,0.0,0.0,1.575448,0.0,12.0
0.0,0.001081,0.0,162.0,0.000539,0.154217,-0.0,0.0,0.0,240.0,1.0,78.0,1.0,0.0,0.155298,64128.0,1721542144.0,64.0,0.0,0.0,0.0,0.0,0.0,62.0,0.0,0.0,1.0,1.0,0.0,0.0,1855.28772,31872.0,2.0,0.0,0.0,0.0,0.0,0.000539,0.0,0.0,0.0,0.000539,162.0,0.0,78.0,0.0,0.0,0.000539,0.000539,0.0,0.0,0.0,0.0,0.0,12.0
0.0,0.001081,0.0,151.333328,0.656909,0.154217,-0.0,3690.008789,13310.824219,1820.0,1.0,1366.0,5.0,0.0,0.155298,64128.0,1721542144.0,64.0,0.0,0.0,0.0,0.0,0.0,62.0,0.0,3.044562,1.0,3.0,0.0,0.0,10.655966,31872.0,8.0,1.0,0.0,0.0,0.0,0.656909,0.0,0.0,17000.832031,0.656909,454.0,0.0,273.200012,0.0,0.0,0.656909,0.656909,0.0,0.0,0.0,6.089124,0.0,12.0
0.0,0.001081,0.0,0.0,0.0,0.154217,-0.0,0.0,0.0,242.0,1.0,242.0,1.0,0.0,0.155298,103135.70040124832,1721542144.0,64.0,0.0,0.0,0.0,0.0,0.0,62.0,0.0,0.0,1.0,0.0,0.0,0.0,0.0,37317.08209959624,1.0,0.0,0.0,0.0,0.0,0.0,0.0,1.0,0.0,0.0,0.0,0.0,242.0,0.0,0.0,0.0,0.0,0.0,0.0,0.0,0.0,0.0,12.0
0.0,0.001081,0.0,120.0,0.362985,0.154217,-0.0,2644.737549,19615.136719,1574.0,1.0,1334.0,3.0,0.0,0.155298,64128.0,1721542144.0,64.0,0.0,0.0,0.0,0.0,0.0,62.0,0.0,2.754935,1.0,2.0,0.0,0.0,11.019739,31872.0,5.0,1.0,0.0,0.0,0.0,0.362985,0.0,0.0,22259.873047,0.362985,240.0,0.0,444.666656,0.0,0.0,0.362985,0.362985,0.0,0.0,0.0,5.50987,0.0,12.0
0.0,0.001081,1.0,170.0,0.994257,0.154217,-0.0,1367.855591,2438.001465,744.0,1.0,404.0,4.0,0.0,0.155298,64128.0,1721542144.0,64.0,0.0,0.0,0.0,0.0,0.0,62.0,0.0,1.005776,1.0,2.0,1.0,0.0,5.028881,31872.0,6.0,1.0,0.0,14.285714,0.0,0.994257,0.0,0.0,3805.857178,0.994257,340.0,0.0,101.0,0.0,0.0,0.994257,0.994257,1.0,0.0,0.0,3.017329,0.0,12.0
0.0,0.001081,0.0,106.0,0.216604,0.154217,-0.0,11744.935547,28438.996094,1348.0,1.0,924.0,6.0,0.0,0.155298,64128.0,1721542144.0,64.0,0.0,0.0,0.0,0.0,0.0,62.0,0.0,13.85016,1.0,4.0,0.0,0.0,41.55048,31872.0,10.0,1.0,0.0,0.0,0.0,0.216604,0.0,0.0,40183.929688,0.216604,424.0,0.0,154.0,0.0,0.0,0.216604,0.216604,0.0,0.0,0.0,23.083601,0.0,12.0
0.0,0.001081,0.0,117.199997,0.525182,0.154217,-0.0,7144.189941,9505.276367,1334.0,1.0,748.0,6.0,0.0,0.155298,64128.0,1721542144.0,64.0,0.0,0.0,0.0,0.0,0.0,62.0,0.0,7.616407,1.0,5.0,0.0,0.0,19.041018,31872.0,11.0,1.0,0.0,0.0,0.0,0.525182,0.0,0.0,16649.466797,0.525182,586.0,0.0,124.666664,0.0,0.0,0.525182,0.525182,0.0,0.0,0.0,9.520509,0.0,12.0
0.0,0.001081,0.0,117.199997,0.169636,0.154217,-0.0,22117.947266,29427.716797,1334.0,1.0,748.0,6.0,0.0,0.155298,64128.0,1721542144.0,64.0,0.0,0.0,0.0,0.0,0.0,62.0,0.0,23.579901,1.0,5.0,0.0,0.0,58.949753,31872.0,11.0,1.0,0.0,0.0,0.0,0.169636,0.0,0.0,51545.664062,0.169636,586.0,0.0,124.666664,0.0,0.0,0.169636,0.169636,0.0,0.0,0.0,29.474876,0.0,12.0
0.0,0.001081,0.0,117.199997,0.726163,0.154217,-0.0,5166.883789,8295.658203,1464.0,1.0,878.0,7.0,0.0,0.155298,64128.0,1721542144.0,64.0,0.0,0.0,0.0,0.0,0.0,62.0,0.0,5.508405,1.0,5.0,0.0,0.0,15.148113,31872.0,12.0,1.0,0.0,0.0,0.0,0.726163,0.0,0.0,13462.541992,0.726163,586.0,0.0,125.428574,0.0,0.0,0.726163,0.726163,0.0,0.0,0.0,8.262608,0.0,12.0
0.0,0.001081,0.0,154.0,0.876582,0.154217,-0.0,1405.458862,1670.123169,582.0,1.0,274.0,3.0,0.0,0.155298,64128.0,1721542144.0,64.0,0.0,0.0,0.0,0.0,0.0,62.0,0.0,1.140795,1.0,2.0,0.0,0.0,4.563178,31872.0,5.0,1.0,0.0,0.0,0.0,0.876582,0.0,0.0,3075.582031,0.876582,308.0,0.0,91.333336,0.0,0.0,0.876582,0.876582,0.0,0.0,0.0,2.281589,0.0,12.0
0.0,0.001081,2.0,96.666664,0.851972,0.154217,-0.0,1821.656128,6929.805176,1212.0,1.0,922.0,5.0,0.0,0.155298,64128.0,1721542144.0,64.0,0.0,0.0,0.0,0.0,0.0,62.0,0.0,2.347495,1.0,3.0,2.0,0.0,8.216232,31872.0,8.0,1.0,0.0,20.0,0.0,0.851972,0.0,0.0,8751.461914,0.851972,290.0,0.0,184.399994,0.0,0.0,0.851972,0.851972,1.0,0.0,0.0,4.69499,0.0,12.0
0.0,0.001081,0.0,0.0,0.0,0.154217,-0.0,0.0,0.0,130.0,1.0,130.0,1.0,0.0,0.155298,103135.70040124832,1721542144.0,64.0,0.0,0.0,0.0,0.0,0.0,62.0,0.0,0.0,1.0,0.0,1.0,0.0,0.0,37317.08209959624,1.0,0.0,0.0,0.0,0.0,0.0,0.0,1.0,0.0,0.0,0.0,0.0,130.0,0.0,0.0,0.0,0.0,1.0,0.0,0.0,0.0,0.0,12.0
0.0,0.001081,1.0,98.0,0.230983,0.154217,-0.0,6788.378418,6061.052246,556.0,1.0,262.0,3.0,0.0,0.155298,64128.0,1721542144.0,64.0,0.0,0.0,0.0,0.0,0.0,62.0,0.0,8.658646,1.0,3.0,1.0,0.0,21.646614,31872.0,6.0,1.0,0.0,14.285714,0.0,0.230983,0.0,0.0,12849.430664,0.230983,294.0,0.0,87.333336,0.0,0.0,0.230983,0.230983,1.0,0.0,0.0,8.658646,0.0,12.0
0.0,0.001081,0.0,123.599998,0.831236,0.154217,-0.0,4763.989746,8305.704102,1624.0,1.0,1006.0,7.0,0.0,0.155298,64128.0,1721542144.0,64.0,0.0,0.0,0.0,0.0,0.0,62.0,0.0,4.812111,1.0,5.0,0.0,0.0,13.233306,31872.0,12.0,1.0,0.0,0.0,0.0,0.831236,0.0,0.0,13069.693359,0.831236,618.0,0.0,143.714279,0.0,0.0,0.831236,0.831236,0.0,0.0,0.0,7.218167,0.0,12.0
0.0,0.001081,0.0,146.0,0.740908,0.154217,-0.0,1576.44397,7558.292969,1166.0,1.0,874.0,5.0,0.0,0.155298,64128.0,1721542144.0,64.0,0.0,0.0,0.0,0.0,0.0,62.0,0.0,1.349695,1.0,2.0,0.0,0.0,8.098171,31872.0,7.0,1.0,0.0,0.0,0.0,0.740908,0.0,0.0,9134.737305,0.740908,292.0,0.0,174.800003,0.0,0.0,0.740908,0.740908,0.0,0.0,0.0,5.398781,0.0,12.0
0.0,0.001081,1.0,93.0,0.649734,0.154217,-0.0,3435.251953,3201.310059,762.0,1.0,390.0,3.0,0.0,0.155298,64128.0,1721542144.0,64.0,0.0,0.0,0.0,0.0,0.0,62.0,0.0,4.617274,1.0,4.0,1.0,0.0,9.234548,31872.0,7.0,1.0,0.0,12.5,0.0,0.649734,0.0,0.0,6636.562012,0.649734,372.0,0.0,130.0,0.0,0.0,0.649734,0.649734,1.0,0.0,0.0,3.078183,0.0,12.0
0.0,0.001081,0.0,138.0,0.963069,0.154217,-0.0,3439.005859,5266.49707,1312.0,1.0,760.0,6.0,0.0,0.155298,64128.0,1721542144.0,64.0,0.0,0.0,0.0,0.0,0.0,62.0,0.0,3.115041,1.0,4.0,0.0,0.0,9.345124,31872.0,10.0,1.0,0.0,0.0,0.0,0.963069,0.0,0.0,8705.50293,0.963069,552.0,0.0,126.666664,0.0,0.0,0.963069,0.963069,0.0,0.0,0.0,5.191736,0.0,12.0
0.0,0.001081,0.0,130.0,0.755914,0.154217,-0.0,1375.817993,1852.062622,522.0,1.0,262.0,3.0,0.0,0.155298,64128.0,1721542144.0,64.0,0.0,0.0,0.0,0.0,0.0,62.0,0.0,1.322902,1.0,2.0,0.0,0.0,5.291607,31872.0,5.0,1.0,0.0,0.0,0.0,0.755914,0.0,0.0,3227.880615,0.755914,260.0,0.0,87.333336,0.0,0.0,0.755914,0.755914,0.0,0.0,0.0,2.645804,0.0,12.0
0.0,0.001081,0.0,0.0,0.830864,0.154217,-0.0,0.0,1251.709106,260.0,1.0,260.0,2.0,0.0,0.155298,103135.70040124832,1721542144.0,64.0,0.0,0.0,0.0,0.0,0.0,62.0,0.0,0.0,1.0,0.0,1.0,0.0,1.203566,37317.08209959624,2.0,0.0,0.0,0.0,0.0,0.830864,0.0,1.0,1251.709106,0.830864,0.0,0.0,130.0,0.0,0.0,0.830864,0.830864,1.0,0.0,0.0,1.203566,0.0,12.0
0.0,0.001081,0.0,78.0,0.0,0.154217,-0.0,0.0,0.0,208.0,1.0,130.0,1.0,0.0,0.155298,64128.0,1721542144.0,64.0,0.0,0.0,0.0,0.0,0.0,62.0,0.0,0.0,1.0,1.0,0.0,1.0,0.0,31872.0,2.0,0.0,0.0,0.0,0.0,0.0,0.0,0.0,0.0,0.0,78.0,0.0,130.0,0.0,0.0,0.0,0.0,0.0,0.0,0.0,0.0,0.0,12.0
0.0,0.001081,1.0,108.666664,0.839754,0.154217,-0.0,2076.798828,4858.565918,1006.0,1.0,680.0,4.0,0.0,0.155298,64128.0,1721542144.0,64.0,0.0,0.0,0.0,0.0,0.0,62.0,0.0,2.38165,1.0,3.0,1.0,0.0,7.14495,31872.0,7.0,1.0,0.0,12.5,0.0,0.839754,0.0,0.0,6935.364746,0.839754,326.0,0.0,170.0,0.0,0.0,0.839754,0.839754,1.0,0.0,0.0,3.572475,0.0,12.0
0.0,0.001081,1.0,146.0,0.494407,0.154217,-0.0,2362.426025,5032.291016,758.0,1.0,466.0,3.0,0.0,0.155298,64128.0,1721542144.0,64.0,0.0,0.0,0.0,0.0,0.0,62.0,0.0,2.022625,1.0,2.0,1.0,0.0,8.090501,31872.0,5.0,1.0,0.0,16.666667,0.0,0.494407,0.0,0.0,7394.717285,0.494407,292.0,0.0,155.333328,0.0,0.0,0.494407,0.494407,1.0,0.0,0.0,4.04525,0.0,12.0
0.0,0.001081,1.0,123.599998,0.739526,0.154217,-0.0,5354.781738,8729.916016,1586.0,1.0,968.0,6.0,0.0,0.155298,64128.0,1721542144.0,64.0,0.0,0.0,0.0,0.0,0.0,62.0,0.0,5.40887,1.0,5.0,1.0,0.0,13.522176,31872.0,11.0,1.0,0.0,8.333333,0.0,0.739526,0.0,0.0,14084.698242,0.739526,618.0,0.0,161.333328,0.0,0.0,0.739526,0.739526,1.0,0.0,0.0,6.761088,0.0,12.0
0.0,0.001081,0.0,98.0,0.482051,0.154217,-0.0,3252.767822,7268.94043,878.0,1.0,584.0,4.0,0.0,0.155298,64128.0,1721542144.0,64.0,0.0,0.0,0.0,0.0,0.0,62.0,0.0,4.148939,1.0,3.0,0.0,0.0,12.446815,31872.0,7.0,1.0,0.0,0.0,0.0,0.482051,0.0,0.0,10521.708008,0.482051,294.0,0.0,146.0,0.0,0.0,0.482051,0.482051,0.0,0.0,0.0,6.223408,0.0,12.0
0.0,0.001081,0.0,124.666664,0.339768,0.154217,-0.0,5886.369629,10312.919922,958.0,1.0,584.0,4.0,0.0,0.155298,64128.0,1721542144.0,64.0,0.0,0.0,0.0,0.0,0.0,62.0,0.0,5.88637,1.0,3.0,0.0,0.0,17.659109,31872.0,7.0,1.0,0.0,0.0,0.0,0.339768,0.0,0.0,16199.289062,0.339768,374.0,0.0,146.0,0.0,0.0,0.339768,0.339768,0.0,0.0,0.0,8.829555,0.0,12.0
0.0,0.001081,0.0,98.0,0.2032,0.154217,-0.0,7716.535645,17244.09375,878.0,1.0,584.0,4.0,0.0,0.155298,64128.0,1721542144.0,64.0,0.0,0.0,0.0,0.0,0.0,62.0,0.0,9.84252,1.0,3.0,0.0,0.0,29.527559,31872.0,7.0,1.0,0.0,0.0,0.0,0.2032,0.0,0.0,24960.630859,0.2032,294.0,0.0,146.0,0.0,0.0,0.2032,0.2032,0.0,0.0,0.0,14.76378,0.0,12.0
0.0,0.001081,0.0,117.199997,0.540686,0.154217,-0.0,6939.33252,12842.943359,1578.0,1.0,992.0,8.0,0.0,0.155298,64128.0,1721542144.0,64.0,0.0,0.0,0.0,0.0,0.0,62.0,0.0,7.398009,1.0,5.0,0.0,0.0,22.194027,31872.0,13.0,1.0,0.0,0.0,0.0,0.540686,0.0,0.0,19782.275391,0.540686,586.0,0.0,124.0,0.0,0.0,0.540686,0.540686,0.0,0.0,0.0,12.946516,0.0,12.0
0.0,0.001081,0.0,84.285713,0.542381,0.154217,-0.0,16165.758789,286484.96875,21682.0,1.0,20502.0,19.0,0.0,0.155298,64128.0,1721542144.0,64.0,0.0,0.0,0.0,0.0,0.0,62.0,0.0,23.968391,1.0,14.0,0.0,0.0,58.999119,31872.0,33.0,1.0,0.0,0.0,0.0,0.542381,0.0,0.0,302650.71875,0.542381,1180.0,0.0,1079.052612,0.0,0.0,0.542381,0.542381,0.0,0.0,0.0,33.187004,0.0,12.0
0.0,0.001081,0.0,87.333336,0.278013,0.154217,-0.0,27653.384766,610388.75,23376.0,1.0,22328.0,20.0,0.0,0.155298,101760.0,1721542144.0,64.0,0.0,0.0,0.0,0.0,0.0,62.0,0.0,39.566498,1.0,12.0,0.0,0.0,111.505577,31872.0,32.0,1.0,0.0,0.0,0.0,0.278013,0.0,0.0,638042.125,0.278013,1048.0,0.0,1116.400024,0.0,0.0,0.278013,0.278013,0.0,0.0,0.0,68.342133,0.0,12.0
0.0,0.001081,1.0,113.555557,0.921502,0.154217,-0.0,7891.464355,23066.689453,3868.0,1.0,2846.0,15.0,0.0,0.155298,103808.0,1721542144.0,64.0,0.0,0.0,0.0,0.0,0.0,62.0,0.0,8.681479,1.0,9.0,1.0,0.0,24.959251,31872.0,24.0,1.0,0.0,4.0,0.0,0.921502,0.0,0.0,30958.152344,0.921502,1022.0,0.0,189.733337,0.0,0.0,0.921502,0.921502,1.0,0.0,0.0,15.192588,0.0,12.0
0.0,0.001081,0.0,109.428574,0.966793,0.154217,-0.0,5436.530762,13438.244141,2622.0,1.0,1856.0,8.0,0.0,0.155298,103808.0,1721542144.0,64.0,0.0,0.0,0.0,0.0,0.0,62.0,0.0,6.206086,1.0,7.0,0.0,0.0,14.480866,31872.0,15.0,1.0,0.0,0.0,0.0,0.966793,0.0,0.0,18874.775391,0.966793,766.0,0.0,232.0,0.0,0.0,0.966793,0.966793,0.0,0.0,0.0,7.240433,0.0,12.0
0.0,0.001081,0.0,114.0,0.001083,0.154217,-0.0,0.0,0.0,180.0,1.0,66.0,1.0,0.0,0.155298,103808.0,1721542144.0,64.0,0.0,0.0,0.0,0.0,0.0,62.0,0.0,0.0,1.0,1.0,0.0,0.0,923.361023,31872.0,2.0,0.0,0.0,0.0,0.0,0.001083,0.0,0.0,0.0,0.001083,114.0,0.0,66.0,0.0,0.0,0.001083,0.001083,0.0,0.0,0.0,0.0,0.0,12.0
0.0,0.001081,1.0,134.0,0.935683,0.154217,-0.0,2291.374268,7840.262207,1502.0,1.0,1100.0,6.0,0.0,0.155298,103808.0,1721542144.0,64.0,0.0,0.0,0.0,0.0,0.0,62.0,0.0,2.137476,1.0,3.0,1.0,0.0,8.549904,31872.0,9.0,1.0,0.0,10.0,0.0,0.935683,0.0,0.0,10131.636719,0.935683,402.0,0.0,183.333328,0.0,0.0,0.935683,0.935683,1.0,0.0,0.0,5.34369,0.0,12.0
0.0,0.001081,0.0,108.666664,0.740349,0.154217,-0.0,9400.97168,11951.120117,2242.0,1.0,1264.0,8.0,0.0,0.155298,103808.0,1721542144.0,64.0,0.0,0.0,0.0,0.0,0.0,62.0,0.0,10.805715,1.0,9.0,0.0,0.0,21.611429,31872.0,17.0,1.0,0.0,0.0,0.0,0.740349,0.0,0.0,21352.091797,0.740349,978.0,0.0,158.0,0.0,0.0,0.740349,0.740349,0.0,0.0,0.0,9.455,0.0,12.0
0.0,0.001081,0.0,125.428574,0.866531,0.154217,-0.0,6951.857422,10801.69043,2178.0,1.0,1300.0,10.0,0.0,0.155298,103808.0,1721542144.0,64.0,0.0,0.0,0.0,0.0,0.0,62.0,0.0,6.92416,1.0,7.0,0.0,0.0,18.464428,31872.0,17.0,1.0,0.0,0.0,0.0,0.866531,0.0,0.0,17753.548828,0.866531,878.0,0.0,130.0,0.0,0.0,0.866531,0.866531,0.0,0.0,0.0,10.386241,0.0,12.0
0.0,0.001081,0.0,79.53846,0.851293,0.154217,-0.0,8974.583008,182094.765625,21550.0,1.0,20516.0,18.0,0.0,0.155298,103808.0,1721542144.0,64.0,0.0,0.0,0.0,0.0,0.0,62.0,0.0,14.096204,1.0,13.0,0.0,0.0,35.240509,31872.0,31.0,1.0,0.0,0.0,0.0,0.851293,0.0,0.0,191069.34375,0.851293,1034.0,0.0,1139.777832,0.0,0.0,0.851293,0.851293,0.0,0.0,0.0,19.969622,0.0,12.0
0.0,0.001081,0.0,91.14286,0.739786,0.154217,-0.0,5915.224121,227190.015625,22882.0,1.0,22244.0,18.0,0.0,0.155298,103808.0,1721542144.0,64.0,0.0,0.0,0.0,0.0,0.0,62.0,0.0,8.110454,1.0,7.0,0.0,0.0,32.441814,31872.0,25.0,1.0,0.0,0.0,0.0,0.739786,0.0,0.0,233105.234375,0.739786,638.0,0.0,1235.777832,0.0,0.0,0.739786,0.739786,0.0,0.0,0.0,22.979618,0.0,12.0
0.0,0.001081,0.0,117.199997,0.556041,0.154217,-0.0,6747.703613,13797.543945,1704.0,1.0,1118.0,7.0,0.0,0.155298,103808.0,1721542144.0,64.0,0.0,0.0,0.0,0.0,0.0,62.0,0.0,7.193714,1.0,5.0,0.0,0.0,19.782713,31872.0,12.0,1.0,0.0,0.0,0.0,0.556041,0.0,0.0,20545.248047,0.556041,586.0,0.0,159.714279,0.0,0.0,0.556041,0.556041,0.0,0.0,0.0,10.790571,0.0,12.0
0.0,0.001081,0.0,117.199997,0.526859,0.154217,-0.0,7121.450195,22928.335938,2284.0,1.0,1698.0,9.0,0.0,0.155298,103808.0,1721542144.0,64.0,0.0,0.0,0.0,0.0,0.0,62.0,0.0,7.592165,1.0,5.0,0.0,0.0,24.674534,31872.0,14.0,1.0,0.0,0.0,0.0,0.526859,0.0,0.0,30049.787109,0.526859,586.0,0.0,188.666672,0.0,0.0,0.526859,0.526859,0.0,0.0,0.0,15.184329,0.0,12.0
0.0,0.001081,0.0,117.199997,0.215207,0.154217,-0.0,17434.376953,57061.34375,2376.0,1.0,1790.0,7.0,0.0,0.155298,103808.0,1721542144.0,64.0,0.0,0.0,0.0,0.0,0.0,62.0,0.0,18.586756,1.0,5.0,0.0,0.0,51.113579,31872.0,12.0,1.0,0.0,0.0,0.0,0.215207,0.0,0.0,74495.71875,0.215207,586.0,0.0,255.714279,0.0,0.0,0.215207,0.215207,0.0,0.0,0.0,27.880135,0.0,12.0
0.0,0.001081,0.0,134.363632,0.946315,0.154217,-0.0,11361.967773,16738.613281,3590.0,1.0,2112.0,16.0,0.0,0.155298,103808.0,1721542144.0,64.0,0.0,0.0,0.0,0.0,0.0,62.0,0.0,10.567306,1.0,11.0,0.0,0.0,27.474995,31872.0,27.0,1.0,0.0,0.0,0.0,0.946315,0.0,0.0,28100.580078,0.946315,1478.0,0.0,132.0,0.0,0.0,0.946315,0.946315,0.0,0.0,0.0,15.850959,0.0,12.0
0.0,0.001081,1.0,102.571426,0.995022,0.154217,-0.0,4952.654297,8554.584961,1934.0,1.0,1216.0,8.0,0.0,0.155298,103808.0,1721542144.0,64.0,0.0,0.0,0.0,0.0,0.0,62.0,0.0,6.030017,1.0,7.0,1.0,0.0,14.070041,31872.0,15.0,1.0,0.0,6.25,0.0,0.995022,0.0,0.0,13507.239258,0.995022,718.0,0.0,152.0,0.0,0.0,0.995022,0.995022,1.0,0.0,0.0,7.03502,0.0,12.0
0.0,0.001081,0.0,87.599998,0.355354,0.154217,-0.0,7901.979004,15263.652344,1342.0,1.0,904.0,4.0,0.0,0.155298,103808.0,1721542144.0,64.0,0.0,0.0,0.0,0.0,0.0,62.0,0.0,11.256381,1.0,5.0,0.0,0.0,22.512762,31872.0,9.0,1.0,0.0,0.0,0.0,0.355354,0.0,0.0,23165.630859,0.355354,438.0,0.0,226.0,0.0,0.0,0.355354,0.355354,0.0,0.0,0.0,8.442286,0.0,12.0
0.0,0.001081,0.0,110.0,0.230786,0.154217,-0.0,11439.168945,26483.410156,1394.0,1.0,954.0,5.0,0.0,0.155298,103808.0,1721542144.0,64.0,0.0,0.0,0.0,0.0,0.0,62.0,0.0,12.999056,1.0,4.0,0.0,0.0,34.66415,31872.0,9.0,1.0,0.0,0.0,0.0,0.230786,0.0,0.0,37922.578125,0.230786,440.0,0.0,190.800003,0.0,0.0,0.230786,0.230786,0.0,0.0,0.0,17.332075,0.0,12.0
0.0,0.001081,0.0,85.199997,0.649908,0.154217,-0.0,4197.51709,25234.339844,2886.0,1.0,2460.0,6.0,0.0,0.155298,103808.0,1721542144.0,64.0,0.0,0.0,0.0,0.0,0.0,62.0,0.0,6.154717,1.0,5.0,0.0,0.0,15.386793,31872.0,11.0,1.0,0.0,0.0,0.0,0.649908,0.0,0.0,29431.857422,0.649908,426.0,0.0,410.0,0.0,0.0,0.649908,0.649908,0.0,0.0,0.0,7.693397,0.0,12.0
0.0,0.001081,0.0,110.0,0.74184,0.154217,-0.0,3558.71875,8238.973633,1394.0,1.0,954.0,5.0,0.0,0.155298,103808.0,1721542144.0,64.0,0.0,0.0,0.0,0.0,0.0,62.0,0.0,4.043999,1.0,4.0,0.0,0.0,10.783997,31872.0,9.0,1.0,0.0,0.0,0.0,0.74184,0.0,0.0,11797.692383,0.74184,440.0,0.0,190.800003,0.0,0.0,0.74184,0.74184,0.0,0.0,0.0,5.391998,0.0,12.0
0.0,0.001081,0.0,90.0,0.203069,0.154217,-0.0,10636.77832,35219.554688,1552.0,1.0,1192.0,4.0,0.0,0.155298,103808.0,1721542144.0,64.0,0.0,0.0,0.0,0.0,0.0,62.0,0.0,14.773304,1.0,4.0,0.0,0.0,34.471043,31872.0,8.0,1.0,0.0,0.0,0.0,0.203069,0.0,0.0,45856.335938,0.203069,360.0,0.0,298.0,0.0,0.0,0.203069,0.203069,0.0,0.0,0.0,14.773304,0.0,12.0
0.0,0.001081,1.0,118.0,0.932679,0.154217,-0.0,3036.414551,8105.682617,1574.0,1.0,1102.0,7.0,0.0,0.155298,103808.0,1721542144.0,64.0,0.0,0.0,0.0,0.0,0.0,62.0,0.0,3.216541,1.0,4.0,1.0,0.0,10.721803,31872.0,11.0,1.0,0.0,8.333333,0.0,0.932679,0.0,0.0,11142.09668,0.932679,472.0,0.0,157.428574,0.0,0.0,0.932679,0.932679,1.0,0.0,0.0,6.433082,0.0,12.0
0.0,0.001081,0.0,170.0,0.734532,0.154217,-0.0,1851.519043,91573.953125,9798.0,1.0,9458.0,9.0,0.0,0.155298,103808.0,1721542144.0,64.0,0.0,0.0,0.0,0.0,0.0,62.0,0.0,1.361411,1.0,2.0,0.0,0.0,13.614111,31872.0,11.0,1.0,0.0,0.0,0.0,0.734532,0.0,0.0,93425.476562,0.734532,340.0,0.0,1050.888916,0.0,0.0,0.734532,0.734532,0.0,0.0,0.0,10.891289,0.0,12.0
0.0,0.001081,7.0,69.0,0.648442,0.154217,-0.0,2553.813721,153278.171875,14080.0,1.0,13804.0,10.0,0.0,0.155298,101504.0,1721542144.0,64.0,0.0,0.0,0.0,0.0,0.0,62.0,0.0,4.626474,1.0,4.0,7.0,1.0,20.048054,31872.0,14.0,0.0,0.0,33.333333,0.0,0.648442,0.0,0.0,155831.984375,0.648442,276.0,0.0,1380.400024,0.0,0.0,0.648442,0.648442,1.0,0.0,0.0,13.879422,0.0,12.0
0.0,0.001081,0.0,0.0,0.0,0.154217,-0.0,0.0,0.0,1514.0,1.0,1514.0,1.0,0.0,0.155298,103135.70040124832,1721542144.0,64.0,0.0,0.0,0.0,0.0,0.0,62.0,0.0,0.0,1.0,0.0,1.0,0.0,0.0,37317.08209959624,1.0,0.0,0.0,0.0,0.0,0.0,0.0,0.0,0.0,0.0,0.0,0.0,1514.0,1.0,0.0,0.0,0.0,1.0,0.0,0.0,0.0,0.0,12.0
0.0,0.001081,1.0,78.0,0.367184,0.154217,-0.0,6797.681641,190640.109375,10390.0,1.0,10000.0,8.0,0.0,0.155298,103808.0,1721542144.0,64.0,0.0,0.0,0.0,0.0,0.0,62.0,0.0,10.893721,1.0,5.0,1.0,0.0,32.68116,31872.0,13.0,1.0,0.0,7.142857,0.0,0.367184,0.0,0.0,197437.796875,0.367184,390.0,0.0,1250.0,0.0,0.0,0.367184,0.367184,1.0,0.0,0.0,19.064011,0.0,12.0
0.0,0.001081,0.0,135.333328,0.676937,0.154217,-0.0,3202.661377,7516.208984,1200.0,1.0,794.0,5.0,0.0,0.155298,103808.0,1721542144.0,64.0,0.0,0.0,0.0,0.0,0.0,62.0,0.0,2.954485,1.0,3.0,0.0,0.0,10.340696,31872.0,8.0,1.0,0.0,0.0,0.0,0.676937,0.0,0.0,10718.871094,0.676937,406.0,0.0,158.800003,0.0,0.0,0.676937,0.676937,0.0,0.0,0.0,5.908969,0.0,12.0
0.0,0.001081,0.0,0.0,0.0,0.154217,-0.0,0.0,0.0,242.0,1.0,242.0,1.0,0.0,0.155298,103135.70040124832,1721542144.0,64.0,0.0,0.0,0.0,0.0,0.0,62.0,0.0,0.0,1.0,0.0,0.0,0.0,0.0,37317.08209959624,1.0,0.0,0.0,0.0,0.0,0.0,0.0,1.0,0.0,0.0,0.0,0.0,242.0,0.0,0.0,0.0,0.0,0.0,0.0,0.0,0.0,0.0,12.0
0.0,0.001081,0.0,114.0,0.212705,0.154217,-0.0,4287.628418,5265.508301,438.0,1.0,210.0,3.0,0.0,0.155298,103808.0,1721542144.0,64.0,0.0,0.0,0.0,0.0,0.0,62.0,0.0,4.701347,1.0,2.0,0.0,0.0,18.805387,31872.0,5.0,0.0,0.0,0.0,0.0,0.212705,0.0,0.0,9553.136719,0.212705,228.0,0.0,70.0,0.0,0.0,0.212705,0.212705,0.0,0.0,0.0,9.402694,0.0,12.0
0.0,0.001081,0.0,66.0,0.316627,0.154217,-0.0,0.0,0.0,132.0,1.0,66.0,1.0,0.0,0.155298,103808.0,1721542144.0,64.0,0.0,0.0,0.0,0.0,0.0,62.0,0.0,0.0,1.0,1.0,0.0,0.0,3.15829,31872.0,2.0,0.0,0.0,0.0,0.0,0.316627,0.0,0.0,0.0,0.316627,66.0,0.0,66.0,0.0,0.0,0.316627,0.316627,0.0,0.0,0.0,0.0,0.0,12.0
0.0,0.001502,0.0,236.0,0.894212,0.169294,-0.0,14779.493164,19360.0625,4292.0,0.0,2404.0,10.0,0.0,0.170796,64128.0,1721542144.0,64.0,0.0,0.0,0.0,0.0,0.0,62.0,0.0,7.828121,0.0,8.0,0.0,0.0,19.011152,31872.0,18.0,0.0,0.0,0.0,0.0,0.894212,0.0,0.0,34139.554688,0.894212,1888.0,0.0,240.399994,0.0,0.0,0.894212,0.894212,0.0,0.0,1.0,10.064727,0.0,13.0
0.0,0.001502,0.0,154.0,0.887993,0.169294,-0.0,1387.398315,6540.592285,1276.0,0.0,968.0,4.0,0.0,0.170796,64128.0,1721542144.0,64.0,0.0,0.0,0.0,0.0,0.0,62.0,0.0,1.126135,1.0,2.0,0.0,0.0,5.630675,31872.0,6.0,1.0,0.0,0.0,0.0,0.887993,0.0,0.0,7927.990723,0.887993,308.0,0.0,242.0,0.0,0.0,0.887993,0.887993,0.0,0.0,0.0,3.378405,0.0,13.0
0.0,0.001502,0.0,101.199997,0.387408,0.169294,-0.0,8363.276367,17531.904297,1496.0,0.0,990.0,7.0,0.0,0.170796,64128.0,1721542144.0,64.0,0.0,0.0,0.0,0.0,0.0,62.0,0.0,10.325032,1.0,5.0,0.0,0.0,28.393839,31872.0,12.0,1.0,0.0,0.0,0.0,0.387408,0.0,0.0,25895.181641,0.387408,506.0,0.0,141.428574,0.0,0.0,0.387408,0.387408,0.0,0.0,0.0,15.487549,0.0,13.0
0.0,0.001502,0.0,114.0,0.219077,0.169294,-0.0,16651.679688,41519.648438,1896.0,0.0,1326.0,7.0,0.0,0.170796,64128.0,1721542144.0,64.0,0.0,0.0,0.0,0.0,0.0,62.0,0.0,18.258421,1.0,5.0,0.0,0.0,50.210655,31872.0,12.0,1.0,0.0,0.0,0.0,0.219077,0.0,0.0,58171.328125,0.219077,570.0,0.0,189.428574,0.0,0.0,0.219077,0.219077,0.0,0.0,0.0,27.38763,0.0,13.0
0.0,0.001502,0.0,122.888885,0.42869,0.169294,-0.0,18362.919922,34878.351562,3118.0,0.0,2012.0,14.0,0.0,0.170796,64128.0,1721542144.0,64.0,0.0,0.0,0.0,0.0,0.0,62.0,0.0,18.661505,1.0,9.0,0.0,0.0,51.319138,31872.0,23.0,1.0,0.0,0.0,0.0,0.42869,0.0,0.0,53241.273438,0.42869,1106.0,0.0,143.714279,0.0,0.0,0.42869,0.42869,0.0,0.0,0.0,30.324944,0.0,13.0
0.0,0.001502,0.0,87.333336,0.494118,0.169294,-0.0,15559.036133,311035.0,21326.0,0.0,20278.0,19.0,0.0,0.170796,64128.0,1721542144.0,64.0,0.0,0.0,0.0,0.0,0.0,62.0,0.0,22.261889,1.0,12.0,0.0,0.0,60.714241,31872.0,31.0,1.0,0.0,0.0,0.0,0.494118,0.0,0.0,326594.0625,0.494118,1048.0,0.0,1067.263184,0.0,0.0,0.494118,0.494118,0.0,0.0,0.0,36.428547,0.0,13.0
0.0,0.001502,0.0,89.272728,0.310896,0.169294,-0.0,22978.744141,546600.75,23342.0,0.0,22360.0,20.0,0.0,0.170796,96000.0,1721542144.0,64.0,0.0,0.0,0.0,0.0,0.0,62.0,0.0,32.165096,1.0,11.0,0.0,0.0,96.495285,31872.0,31.0,1.0,0.0,0.0,0.0,0.310896,0.0,0.0,569579.5,0.310896,982.0,0.0,1118.0,0.0,0.0,0.310896,0.310896,0.0,0.0,0.0,61.113682,0.0,13.0
0.0,0.001502,0.0,114.0,0.539175,0.169294,-0.0,6765.892578,11573.237305,1480.0,0.0,910.0,7.0,0.0,0.170796,98944.0,1721542144.0,64.0,0.0,0.0,0.0,0.0,0.0,62.0,0.0,7.418742,1.0,5.0,0.0,0.0,20.401541,31872.0,12.0,1.0,0.0,0.0,0.0,0.539175,0.0,0.0,18339.130859,0.539175,570.0,0.0,130.0,0.0,0.0,0.539175,0.539175,0.0,0.0,0.0,11.128113,0.0,13.0
0.0,0.001502,0.0,117.199997,0.556543,0.169294,-0.0,6741.617676,13785.098633,1704.0,0.0,1118.0,7.0,0.0,0.170796,98944.0,1721542144.0,64.0,0.0,0.0,0.0,0.0,0.0,62.0,0.0,7.187225,1.0,5.0,0.0,0.0,19.76487,31872.0,12.0,1.0,0.0,0.0,0.0,0.556543,0.0,0.0,20526.716797,0.556543,586.0,0.0,159.714279,0.0,0.0,0.556543,0.556543,0.0,0.0,0.0,10.780838,0.0,13.0
0.0,0.001502,0.0,117.199997,0.54036,0.169294,-0.0,6943.519531,20312.384766,2154.0,0.0,1568.0,8.0,0.0,0.170796,99328.0,1721542144.0,64.0,0.0,0.0,0.0,0.0,0.0,62.0,0.0,7.402473,1.0,5.0,0.0,0.0,22.207418,31872.0,13.0,1.0,0.0,0.0,0.0,0.54036,0.0,0.0,27255.904297,0.54036,586.0,0.0,196.0,0.0,0.0,0.54036,0.54036,0.0,0.0,0.0,12.954328,0.0,13.0
0.0,0.001502,0.0,117.199997,0.538873,0.169294,-0.0,6962.679199,22788.300781,2376.0,0.0,1790.0,7.0,0.0,0.170796,99328.0,1721542144.0,64.0,0.0,0.0,0.0,0.0,0.0,62.0,0.0,7.422899,1.0,5.0,0.0,0.0,20.412971,31872.0,12.0,1.0,0.0,0.0,0.0,0.538873,0.0,0.0,29750.978516,0.538873,586.0,0.0,255.714279,0.0,0.0,0.538873,0.538873,0.0,0.0,0.0,11.134349,0.0,13.0
0.0,0.001502,0.0,117.199997,0.522202,0.169294,-0.0,7184.958984,15319.742188,1752.0,0.0,1166.0,7.0,0.0,0.170796,99328.0,1721542144.0,64.0,0.0,0.0,0.0,0.0,0.0,62.0,0.0,7.659871,1.0,5.0,0.0,0.0,21.064646,31872.0,12.0,1.0,0.0,0.0,0.0,0.522202,0.0,0.0,22504.701172,0.522202,586.0,0.0,166.571426,0.0,0.0,0.522202,0.522202,0.0,0.0,0.0,11.489806,0.0,13.0
0.0,0.001502,0.0,123.599998,0.521038,0.169294,-0.0,7600.213379,28404.837891,2776.0,0.0,2158.0,7.0,0.0,0.170796,99328.0,1721542144.0,64.0,0.0,0.0,0.0,0.0,0.0,62.0,0.0,7.676983,1.0,5.0,0.0,0.0,21.111704,31872.0,12.0,1.0,0.0,0.0,0.0,0.521038,0.0,0.0,36005.050781,0.521038,618.0,0.0,308.285706,0.0,0.0,0.521038,0.521038,0.0,0.0,0.0,11.515475,0.0,13.0
0.0,0.001502,0.0,123.599998,0.523507,0.169294,-0.0,7564.368652,14441.067383,1720.0,0.0,1102.0,7.0,0.0,0.170796,99328.0,1721542144.0,64.0,0.0,0.0,0.0,0.0,0.0,62.0,0.0,7.640777,1.0,5.0,0.0,0.0,21.012135,31872.0,12.0,1.0,0.0,0.0,0.0,0.523507,0.0,0.0,22005.435547,0.523507,618.0,0.0,157.428574,0.0,0.0,0.523507,0.523507,0.0,0.0,0.0,11.461164,0.0,13.0
0.0,0.001502,0.0,123.599998,0.538703,0.169294,-0.0,7350.98877,15860.31543,1864.0,0.0,1246.0,7.0,0.0,0.170796,99328.0,1721542144.0,64.0,0.0,0.0,0.0,0.0,0.0,62.0,0.0,7.425241,1.0,5.0,0.0,0.0,20.419415,31872.0,12.0,1.0,0.0,0.0,0.0,0.538703,0.0,0.0,23211.304688,0.538703,618.0,0.0,178.0,0.0,0.0,0.538703,0.538703,0.0,0.0,0.0,11.137862,0.0,13.0
0.0,0.001502,0.0,126.800003,0.539888,0.169294,-0.0,7527.486816,9246.361328,1382.0,0.0,748.0,6.0,0.0,0.170796,99328.0,1721542144.0,64.0,0.0,0.0,0.0,0.0,0.0,62.0,0.0,7.408944,1.0,5.0,0.0,0.0,18.52236,31872.0,11.0,1.0,0.0,0.0,0.0,0.539888,0.0,0.0,16773.849609,0.539888,634.0,0.0,124.666664,0.0,0.0,0.539888,0.539888,0.0,0.0,0.0,9.26118,0.0,13.0
0.0,0.001502,0.0,126.0,0.378994,0.169294,-0.0,7979.018555,13171.712891,1252.0,0.0,748.0,6.0,0.0,0.170796,99328.0,1721542144.0,64.0,0.0,0.0,0.0,0.0,0.0,62.0,0.0,7.915693,1.0,4.0,0.0,0.0,23.747078,31872.0,10.0,1.0,0.0,0.0,0.0,0.378994,0.0,0.0,21150.730469,0.378994,504.0,0.0,124.666664,0.0,0.0,0.378994,0.378994,0.0,0.0,0.0,13.192822,0.0,13.0
0.0,0.001502,0.0,124.666664,0.953179,0.169294,-0.0,8376.181641,10910.857422,2552.0,0.0,1430.0,11.0,0.0,0.170796,99328.0,1721542144.0,64.0,0.0,0.0,0.0,0.0,0.0,62.0,0.0,8.392967,1.0,9.0,0.0,0.0,19.933296,31872.0,20.0,1.0,0.0,0.0,0.0,0.953179,0.0,0.0,19287.039062,0.953179,1122.0,0.0,130.0,0.0,0.0,0.953179,0.953179,0.0,0.0,0.0,10.491209,0.0,13.0
0.0,0.001502,0.0,114.0,0.00057,0.169294,-0.0,0.0,0.0,180.0,0.0,66.0,1.0,0.0,0.170796,99328.0,1721542144.0,64.0,0.0,0.0,0.0,0.0,0.0,62.0,0.0,0.0,1.0,1.0,0.0,0.0,1754.385986,31872.0,2.0,0.0,0.0,0.0,0.0,0.00057,0.0,0.0,0.0,0.00057,114.0,0.0,66.0,0.0,0.0,0.00057,0.00057,0.0,0.0,0.0,0.0,0.0,13.0
0.0,0.001502,0.0,117.199997,0.229944,0.169294,-0.0,16317.015625,24284.173828,1400.0,0.0,814.0,7.0,0.0,0.170796,99328.0,1721542144.0,64.0,0.0,0.0,0.0,0.0,0.0,62.0,0.0,17.39554,1.0,5.0,0.0,0.0,47.837734,31872.0,12.0,1.0,0.0,0.0,0.0,0.229944,0.0,0.0,40601.1875,0.229944,586.0,0.0,116.285713,0.0,0.0,0.229944,0.229944,0.0,0.0,0.0,26.093309,0.0,13.0
0.0,0.001502,1.0,99.714287,0.97155,0.169294,-0.0,4932.324707,6233.338379,1606.0,1.0,908.0,6.0,0.0,0.170796,99328.0,1721542144.0,64.0,0.0,0.0,0.0,0.0,0.0,62.0,0.0,6.175699,1.0,7.0,1.0,0.0,12.351398,31872.0,13.0,1.0,0.0,7.142857,0.0,0.97155,0.0,0.0,11165.663086,0.97155,698.0,0.0,151.333328,0.0,0.0,0.97155,0.97155,1.0,0.0,0.0,5.146416,0.0,13.0
0.0,0.001502,0.0,114.0,0.000488,0.169294,-0.0,0.0,1081967.25,246.0,1.0,132.0,2.0,0.0,0.170796,99328.0,1721542144.0,64.0,0.0,0.0,0.0,0.0,0.0,62.0,0.0,0.0,1.0,1.0,0.0,0.0,4098.36084,31872.0,3.0,0.0,0.0,0.0,0.0,0.000488,0.0,0.0,1081967.25,0.000488,114.0,0.0,66.0,0.0,0.0,0.000488,0.000488,0.0,0.0,0.0,2049.18042,0.0,13.0
0.0,0.001502,1.0,109.0,0.940791,0.169294,-0.0,2780.638916,5510.256836,1246.0,1.0,810.0,5.0,0.0,0.170796,99200.0,1721542144.0,64.0,0.0,0.0,0.0,0.0,0.0,62.0,0.0,3.188806,1.0,4.0,1.0,0.0,8.503483,31872.0,9.0,1.0,0.0,10.0,0.0,0.940791,0.0,0.0,8290.895508,0.940791,436.0,0.0,162.0,0.0,0.0,0.940791,0.940791,1.0,0.0,0.0,4.251741,0.0,13.0
0.0,0.001502,0.0,66.0,0.0,0.169294,-0.0,0.0,0.0,276.0,1.0,210.0,1.0,0.0,0.170796,99328.0,1721542144.0,64.0,0.0,0.0,0.0,0.0,0.0,62.0,0.0,0.0,1.0,1.0,0.0,1.0,0.0,31872.0,2.0,0.0,0.0,0.0,0.0,0.0,0.0,0.0,0.0,0.0,66.0,0.0,210.0,0.0,0.0,0.0,0.0,0.0,0.0,0.0,0.0,0.0,13.0
0.0,0.001502,0.0,66.0,0.0,0.169294,-0.0,0.0,0.0,276.0,1.0,210.0,1.0,0.0,0.170796,99328.0,1721542144.0,64.0,0.0,0.0,0.0,0.0,0.0,62.0,0.0,0.0,1.0,1.0,0.0,1.0,0.0,31872.0,2.0,0.0,0.0,0.0,0.0,0.0,0.0,0.0,0.0,0.0,66.0,0.0,210.0,0.0,0.0,0.0,0.0,0.0,0.0,0.0,0.0,0.0,13.0
0.0,0.001502,0.0,104.0,0.812642,0.169294,-0.0,7166.747559,14215.362305,2436.0,1.0,1604.0,10.0,0.0,0.170796,99328.0,1721542144.0,64.0,0.0,0.0,0.0,0.0,0.0,62.0,0.0,8.613879,1.0,8.0,0.0,0.0,20.919422,31872.0,18.0,1.0,0.0,0.0,0.0,0.812642,0.0,0.0,21382.109375,0.812642,832.0,0.0,160.399994,0.0,0.0,0.812642,0.812642,0.0,0.0,0.0,11.074987,0.0,13.0
0.0,0.001502,0.0,114.0,0.001031,0.169294,-0.0,0.0,0.0,180.0,1.0,66.0,1.0,0.0,0.170796,99328.0,1721542144.0,64.0,0.0,0.0,0.0,0.0,0.0,62.0,0.0,0.0,1.0,1.0,0.0,0.0,969.932068,31872.0,2.0,0.0,0.0,0.0,0.0,0.001031,0.0,0.0,0.0,0.001031,114.0,0.0,66.0,0.0,0.0,0.001031,0.001031,0.0,0.0,0.0,0.0,0.0,13.0
0.0,0.001502,0.0,117.199997,0.585999,0.169294,-0.0,6402.741211,26375.470703,2794.0,1.0,2208.0,8.0,0.0,0.170796,99328.0,1721542144.0,64.0,0.0,0.0,0.0,0.0,0.0,62.0,0.0,6.82595,1.0,5.0,0.0,0.0,20.47785,31872.0,13.0,1.0,0.0,0.0,0.0,0.585999,0.0,0.0,32778.210938,0.585999,586.0,0.0,276.0,0.0,0.0,0.585999,0.585999,0.0,0.0,0.0,11.945413,0.0,13.0
0.0,0.001502,0.0,117.199997,0.584991,0.169294,-0.0,6413.773926,22783.257812,2490.0,1.0,1904.0,8.0,0.0,0.170796,99328.0,1721542144.0,64.0,0.0,0.0,0.0,0.0,0.0,62.0,0.0,6.837712,1.0,5.0,0.0,0.0,20.513136,31872.0,13.0,1.0,0.0,0.0,0.0,0.584991,0.0,0.0,29197.03125,0.584991,586.0,0.0,238.0,0.0,0.0,0.584991,0.584991,0.0,0.0,0.0,11.965997,0.0,13.0
0.0,0.001502,0.0,117.199997,0.586368,0.169294,-0.0,6398.711914,12524.557617,1656.0,1.0,1070.0,7.0,0.0,0.170796,99328.0,1721542144.0,64.0,0.0,0.0,0.0,0.0,0.0,62.0,0.0,6.821654,1.0,5.0,0.0,0.0,18.75955,31872.0,12.0,1.0,0.0,0.0,0.0,0.586368,0.0,0.0,18923.269531,0.586368,586.0,0.0,152.857147,0.0,0.0,0.586368,0.586368,0.0,0.0,0.0,10.232482,0.0,13.0
0.0,0.001502,1.0,97.428574,0.903762,0.169294,-0.0,5178.354492,9418.40918,1898.0,1.0,1216.0,8.0,0.0,0.170796,99328.0,1721542144.0,64.0,0.0,0.0,0.0,0.0,0.0,62.0,0.0,6.638916,1.0,7.0,1.0,0.0,15.490805,31872.0,15.0,1.0,0.0,6.25,0.0,0.903762,0.0,0.0,14596.763672,0.903762,682.0,0.0,152.0,0.0,0.0,0.903762,0.903762,1.0,0.0,0.0,7.745402,0.0,13.0
0.0,0.001502,0.0,122.0,0.864782,0.169294,-0.0,3385.824463,5994.574707,1298.0,1.0,810.0,5.0,0.0,0.170796,99328.0,1721542144.0,64.0,0.0,0.0,0.0,0.0,0.0,62.0,0.0,3.469083,1.0,4.0,0.0,0.0,9.250887,31872.0,9.0,1.0,0.0,0.0,0.0,0.864782,0.0,0.0,9380.399414,0.864782,488.0,0.0,162.0,0.0,0.0,0.864782,0.864782,0.0,0.0,0.0,4.625443,0.0,13.0
0.0,0.001502,0.0,66.0,0.68498,0.169294,-0.0,0.0,17168.384766,2026.0,1.0,1960.0,4.0,0.0,0.170796,99328.0,1721542144.0,64.0,0.0,0.0,0.0,0.0,0.0,62.0,0.0,0.0,1.0,1.0,0.0,1.0,5.839587,31872.0,5.0,0.0,0.0,0.0,0.0,0.68498,0.0,0.0,17168.384766,0.68498,66.0,0.0,490.0,0.0,0.0,0.68498,0.68498,0.0,0.0,0.0,4.37969,0.0,13.0
0.0,0.001502,0.0,114.0,0.88552,0.169294,-0.0,6179.419922,7715.240723,1774.0,1.0,976.0,8.0,0.0,0.170796,99328.0,1721542144.0,64.0,0.0,0.0,0.0,0.0,0.0,62.0,0.0,6.77568,1.0,7.0,0.0,0.0,15.80992,31872.0,15.0,1.0,0.0,0.0,0.0,0.88552,0.0,0.0,13894.661133,0.88552,798.0,0.0,122.0,0.0,0.0,0.88552,0.88552,0.0,0.0,0.0,7.90496,0.0,13.0
0.0,0.001502,0.0,132.666672,0.836366,0.169294,-0.0,6351.286621,14252.133789,2434.0,1.0,1638.0,11.0,0.0,0.170796,99328.0,1721542144.0,64.0,0.0,0.0,0.0,0.0,0.0,62.0,0.0,5.978244,1.0,6.0,0.0,0.0,19.130381,31872.0,17.0,1.0,0.0,0.0,0.0,0.836366,0.0,0.0,20603.419922,0.836366,796.0,0.0,148.909088,0.0,0.0,0.836366,0.836366,0.0,0.0,0.0,11.956488,0.0,13.0
0.0,0.001502,0.0,98.0,0.232829,0.169294,-0.0,6734.556152,2267.758789,426.0,1.0,132.0,2.0,0.0,0.170796,99328.0,1721542144.0,64.0,0.0,0.0,0.0,0.0,0.0,62.0,0.0,8.589995,1.0,3.0,0.0,0.0,17.179991,31872.0,5.0,0.0,0.0,0.0,0.0,0.232829,0.0,0.0,9002.314453,0.232829,294.0,0.0,66.0,0.0,0.0,0.232829,0.232829,0.0,0.0,0.0,4.294998,0.0,13.0
0.0,0.001502,0.0,117.199997,0.630615,0.169294,-0.0,5949.747559,12686.02832,1752.0,1.0,1166.0,7.0,0.0,0.170796,99328.0,1721542144.0,64.0,0.0,0.0,0.0,0.0,0.0,62.0,0.0,6.343014,1.0,5.0,0.0,0.0,17.443289,31872.0,12.0,1.0,0.0,0.0,0.0,0.630615,0.0,0.0,18635.775391,0.630615,586.0,0.0,166.571426,0.0,0.0,0.630615,0.630615,0.0,0.0,0.0,9.514522,0.0,13.0
0.0,0.001502,2.0,146.0,0.803921,0.169294,-0.0,0.0,3403.31958,602.0,1.0,456.0,4.0,0.0,0.170796,99328.0,1721542144.0,64.0,0.0,0.0,0.0,0.0,0.0,62.0,0.0,0.0,1.0,1.0,2.0,0.0,4.975614,31872.0,5.0,1.0,0.0,28.571429,0.0,0.803921,0.0,0.0,3403.31958,0.803921,146.0,0.0,114.0,0.0,0.0,0.803921,0.803921,1.0,0.0,0.0,3.73171,0.0,13.0
0.0,0.001502,0.0,0.0,0.0,0.169294,-0.0,0.0,0.0,130.0,1.0,130.0,1.0,0.0,0.170796,103135.70040124832,1721542144.0,64.0,0.0,0.0,0.0,0.0,0.0,62.0,0.0,0.0,1.0,0.0,0.0,0.0,0.0,37317.08209959624,1.0,0.0,0.0,0.0,0.0,0.0,0.0,1.0,0.0,0.0,0.0,0.0,130.0,0.0,0.0,0.0,0.0,0.0,0.0,0.0,0.0,0.0,13.0
0.0,0.001502,0.0,104.666664,0.820165,0.169294,-0.0,8173.965332,71341.742188,8818.0,1.0,7876.0,14.0,0.0,0.170796,99328.0,1721542144.0,64.0,0.0,0.0,0.0,0.0,0.0,62.0,0.0,9.754135,1.0,9.0,0.0,0.0,26.823872,31872.0,23.0,1.0,0.0,0.0,0.0,0.820165,0.0,0.0,79515.710938,0.820165,942.0,0.0,562.571411,0.0,0.0,0.820165,0.820165,0.0,0.0,0.0,15.85047,0.0,13.0
0.0,0.001502,0.0,75.599998,0.153862,0.169294,-0.0,35408.351562,360686.84375,8684.0,1.0,7928.0,8.0,0.0,0.170796,99328.0,1721542144.0,64.0,0.0,0.0,0.0,0.0,0.0,62.0,0.0,58.493977,1.0,10.0,0.0,0.0,110.488617,31872.0,18.0,1.0,0.0,0.0,0.0,0.153862,0.0,0.0,396095.21875,0.153862,756.0,0.0,991.0,0.0,0.0,0.153862,0.153862,0.0,0.0,0.0,45.495316,0.0,13.0
0.0,0.001502,0.0,115.599998,0.633679,0.169294,-0.0,13142.301758,32218.207031,3890.0,1.0,2734.0,15.0,0.0,0.170796,99328.0,1721542144.0,64.0,0.0,0.0,0.0,0.0,0.0,62.0,0.0,14.202775,1.0,10.0,0.0,0.0,37.874065,31872.0,25.0,1.0,0.0,0.0,0.0,0.633679,0.0,0.0,45360.507812,0.633679,1156.0,0.0,182.266663,0.0,0.0,0.633679,0.633679,0.0,0.0,0.0,22.093206,0.0,13.0
0.0,0.001502,0.0,114.0,0.230814,0.169294,-0.0,15804.93457,33966.746094,1690.0,1.0,1120.0,8.0,0.0,0.170796,99328.0,1721542144.0,64.0,0.0,0.0,0.0,0.0,0.0,62.0,0.0,17.329971,1.0,5.0,0.0,0.0,51.989914,31872.0,13.0,1.0,0.0,0.0,0.0,0.230814,0.0,0.0,49771.679688,0.230814,570.0,0.0,140.0,0.0,0.0,0.230814,0.230814,0.0,0.0,0.0,30.32745,0.0,13.0
0.0,0.001502,2.0,146.0,0.573478,0.169294,-0.0,0.0,4770.88916,602.0,1.0,456.0,4.0,0.0,0.170796,99328.0,1721542144.0,64.0,0.0,0.0,0.0,0.0,0.0,62.0,0.0,0.0,1.0,1.0,2.0,0.0,6.974985,31872.0,5.0,1.0,0.0,28.571429,0.0,0.573478,0.0,0.0,4770.88916,0.573478,146.0,0.0,114.0,0.0,0.0,0.573478,0.573478,1.0,0.0,0.0,5.231238,0.0,13.0
0.0,0.001502,0.0,0.0,0.0,0.169294,-0.0,0.0,0.0,130.0,1.0,130.0,1.0,0.0,0.170796,103135.70040124832,1721542144.0,64.0,0.0,0.0,0.0,0.0,0.0,62.0,0.0,0.0,1.0,0.0,0.0,0.0,0.0,37317.08209959624,1.0,0.0,0.0,0.0,0.0,0.0,0.0,1.0,0.0,0.0,0.0,0.0,130.0,0.0,0.0,0.0,0.0,0.0,0.0,0.0,0.0,0.0,13.0
0.0,0.001502,0.0,0.0,0.0,0.169294,-0.0,0.0,0.0,130.0,1.0,130.0,1.0,0.0,0.170796,103135.70040124832,1721542144.0,64.0,0.0,0.0,0.0,0.0,0.0,62.0,0.0,0.0,1.0,0.0,0.0,0.0,0.0,37317.08209959624,1.0,0.0,0.0,0.0,0.0,0.0,0.0,1.0,0.0,0.0,0.0,0.0,130.0,0.0,0.0,0.0,0.0,0.0,0.0,0.0,0.0,0.0,13.0
0.0,0.001502,0.0,97.333336,0.664703,0.169294,-0.0,5861.26416,6571.355957,1266.0,1.0,682.0,5.0,0.0,0.170796,99328.0,1721542144.0,64.0,0.0,0.0,0.0,0.0,0.0,62.0,0.0,7.522156,1.0,6.0,0.0,0.0,15.044312,31872.0,11.0,1.0,0.0,0.0,0.0,0.664703,0.0,0.0,12432.620117,0.664703,584.0,0.0,136.399994,0.0,0.0,0.664703,0.664703,0.0,0.0,0.0,6.017725,0.0,13.0
0.0,0.001502,0.0,117.199997,0.555536,0.169294,-0.0,6753.837891,8985.916992,1334.0,1.0,748.0,6.0,0.0,0.170796,99328.0,1721542144.0,64.0,0.0,0.0,0.0,0.0,0.0,62.0,0.0,7.200254,1.0,5.0,0.0,0.0,18.000635,31872.0,11.0,1.0,0.0,0.0,0.0,0.555536,0.0,0.0,15739.754883,0.555536,586.0,0.0,124.666664,0.0,0.0,0.555536,0.555536,0.0,0.0,0.0,9.000318,0.0,13.0
0.0,0.001502,0.0,118.0,0.378731,0.169294,-0.0,7477.602539,14300.386719,1284.0,1.0,812.0,6.0,0.0,0.170796,99328.0,1721542144.0,64.0,0.0,0.0,0.0,0.0,0.0,62.0,0.0,7.921189,1.0,4.0,0.0,0.0,23.763567,31872.0,10.0,1.0,0.0,0.0,0.0,0.378731,0.0,0.0,21777.990234,0.378731,472.0,0.0,135.333328,0.0,0.0,0.378731,0.378731,0.0,0.0,0.0,13.201982,0.0,13.0
0.0,0.001502,0.0,116.666664,0.692164,0.169294,-0.0,6749.845215,9546.870117,1644.0,1.0,944.0,8.0,0.0,0.170796,99328.0,1721542144.0,64.0,0.0,0.0,0.0,0.0,0.0,62.0,0.0,7.223722,1.0,6.0,0.0,0.0,18.781675,31872.0,14.0,1.0,0.0,0.0,0.0,0.692164,0.0,0.0,16296.71582,0.692164,700.0,0.0,118.0,0.0,0.0,0.692164,0.692164,0.0,0.0,0.0,10.11321,0.0,13.0
0.0,0.001502,0.0,89.111115,0.658509,0.169294,-0.0,8661.992188,105924.140625,10392.0,1.0,9590.0,11.0,0.0,0.170796,99328.0,1721542144.0,64.0,0.0,0.0,0.0,0.0,0.0,62.0,0.0,12.148657,1.0,9.0,0.0,0.0,28.85306,31872.0,20.0,1.0,0.0,0.0,0.0,0.658509,0.0,0.0,114586.132812,0.658509,802.0,0.0,871.818176,0.0,0.0,0.658509,0.658509,0.0,0.0,0.0,15.185821,0.0,13.0
0.0,0.001502,0.0,122.0,0.724818,0.169294,-0.0,6732.724609,10352.944336,1804.0,1.0,1072.0,8.0,0.0,0.170796,99328.0,1721542144.0,64.0,0.0,0.0,0.0,0.0,0.0,62.0,0.0,6.898283,1.0,6.0,0.0,0.0,17.935537,31872.0,14.0,1.0,0.0,0.0,0.0,0.724818,0.0,0.0,17085.667969,0.724818,732.0,0.0,134.0,0.0,0.0,0.724818,0.724818,0.0,0.0,0.0,9.657597,0.0,13.0
0.0,0.001502,0.0,117.199997,0.542647,0.169294,-0.0,6914.255371,12722.819336,1592.0,1.0,1006.0,7.0,0.0,0.170796,99328.0,1721542144.0,64.0,0.0,0.0,0.0,0.0,0.0,62.0,0.0,7.371274,1.0,5.0,0.0,0.0,20.271006,31872.0,12.0,1.0,0.0,0.0,0.0,0.542647,0.0,0.0,19637.074219,0.542647,586.0,0.0,143.714279,0.0,0.0,0.542647,0.542647,0.0,0.0,0.0,11.056911,0.0,13.0
0.0,0.001502,0.0,123.599998,0.522598,0.169294,-0.0,7577.525879,9552.274414,1366.0,1.0,748.0,6.0,0.0,0.170796,99328.0,1721542144.0,64.0,0.0,0.0,0.0,0.0,0.0,62.0,0.0,7.654067,1.0,5.0,0.0,0.0,19.135166,31872.0,11.0,1.0,0.0,0.0,0.0,0.522598,0.0,0.0,17129.800781,0.522598,618.0,0.0,124.666664,0.0,0.0,0.522598,0.522598,0.0,0.0,0.0,9.567583,0.0,13.0
0.0,0.001502,0.0,136.857147,0.890278,0.169294,-0.0,7386.457031,12337.719727,2468.0,1.0,1510.0,11.0,0.0,0.170796,99328.0,1721542144.0,64.0,0.0,0.0,0.0,0.0,0.0,62.0,0.0,6.739468,1.0,7.0,0.0,0.0,19.09516,31872.0,18.0,1.0,0.0,0.0,0.0,0.890278,0.0,0.0,19724.175781,0.890278,958.0,0.0,137.27272,0.0,0.0,0.890278,0.890278,0.0,0.0,0.0,11.232447,0.0,13.0
0.0,0.001502,0.0,66.0,0.0,0.169294,-0.0,0.0,0.0,66.0,1.0,0.0,0.0,0.0,0.170796,99328.0,1721542144.0,64.0,0.0,0.0,0.0,0.0,0.0,62.0,0.0,0.0,1.0,1.0,0.0,0.0,0.0,37317.08209959624,1.0,0.0,0.0,0.0,0.0,0.0,0.0,0.0,0.0,0.0,66.0,0.0,0.0,0.0,0.0,0.0,0.0,0.0,0.0,0.0,0.0,0.0,13.0
0.0,0.001502,0.0,0.0,0.734938,0.169294,-0.0,0.0,8817.070312,1080.0,1.0,1080.0,4.0,0.0,0.170796,103135.70040124832,1721542144.0,64.0,0.0,0.0,0.0,0.0,0.0,62.0,0.0,0.0,1.0,0.0,2.0,0.0,4.081977,37317.08209959624,4.0,0.0,0.0,0.0,0.0,0.734938,0.0,1.0,8817.070312,0.734938,0.0,0.0,270.0,0.0,0.0,0.734938,0.734938,1.0,0.0,0.0,4.081977,0.0,13.0
0.0,0.001502,0.0,0.0,0.0,0.169294,-0.0,0.0,0.0,386.0,1.0,386.0,1.0,0.0,0.170796,103135.70040124832,1721542144.0,64.0,0.0,0.0,0.0,0.0,0.0,62.0,0.0,0.0,1.0,0.0,0.0,0.0,0.0,37317.08209959624,1.0,0.0,0.0,0.0,0.0,0.0,0.0,1.0,0.0,0.0,0.0,0.0,386.0,0.0,0.0,0.0,0.0,0.0,0.0,0.0,0.0,0.0,13.0
0.0,0.001502,0.0,122.800003,0.787136,0.169294,-0.0,5000.40625,8781.201172,1650.0,1.0,1036.0,6.0,0.0,0.170796,99328.0,1721542144.0,64.0,0.0,0.0,0.0,0.0,0.0,62.0,0.0,5.081714,1.0,5.0,0.0,0.0,12.704285,31872.0,11.0,1.0,0.0,0.0,0.0,0.787136,0.0,0.0,13781.606445,0.787136,614.0,0.0,172.666672,0.0,0.0,0.787136,0.787136,0.0,0.0,0.0,6.352142,0.0,13.0
0.0,0.001502,0.0,98.0,0.369424,0.169294,-0.0,4244.445801,11260.774414,944.0,1.0,650.0,5.0,0.0,0.170796,99328.0,1721542144.0,64.0,0.0,0.0,0.0,0.0,0.0,62.0,0.0,5.413834,1.0,3.0,0.0,0.0,18.948418,31872.0,8.0,1.0,0.0,0.0,0.0,0.369424,0.0,0.0,15505.219727,0.369424,294.0,0.0,130.0,0.0,0.0,0.369424,0.369424,0.0,0.0,0.0,10.827667,0.0,13.0
0.0,0.001502,0.0,119.333336,0.95746,0.169294,-0.0,4988.198242,12307.563477,2352.0,1.0,1636.0,10.0,0.0,0.170796,99328.0,1721542144.0,64.0,0.0,0.0,0.0,0.0,0.0,62.0,0.0,5.22215,1.0,6.0,0.0,0.0,15.666451,31872.0,16.0,1.0,0.0,0.0,0.0,0.95746,0.0,0.0,17295.761719,0.95746,716.0,0.0,163.600006,0.0,0.0,0.95746,0.95746,0.0,0.0,0.0,9.399871,0.0,13.0
0.0,0.001502,0.0,106.0,0.153941,0.169294,-0.0,16525.810547,44328.667969,1490.0,1.0,1066.0,5.0,0.0,0.170796,99328.0,1721542144.0,64.0,0.0,0.0,0.0,0.0,0.0,62.0,0.0,19.487986,1.0,4.0,0.0,0.0,51.96796,31872.0,9.0,1.0,0.0,0.0,0.0,0.153941,0.0,0.0,60854.480469,0.153941,424.0,0.0,213.199997,0.0,0.0,0.153941,0.153941,0.0,0.0,0.0,25.98398,0.0,13.0
0.0,0.001502,0.0,106.0,0.323753,0.169294,-0.0,13096.40332,15419.162109,1384.0,1.0,748.0,6.0,0.0,0.170796,99328.0,1721542144.0,64.0,0.0,0.0,0.0,0.0,0.0,62.0,0.0,15.443872,1.0,6.0,0.0,0.0,33.976521,31872.0,12.0,1.0,0.0,0.0,0.0,0.323753,0.0,0.0,28515.566406,0.323753,636.0,0.0,124.666664,0.0,0.0,0.323753,0.323753,0.0,0.0,0.0,15.443872,0.0,13.0
0.0,0.001502,0.0,119.333336,0.123615,0.169294,-0.0,15467.378906,27569.470703,926.0,1.0,568.0,4.0,0.0,0.170796,99328.0,1721542144.0,64.0,0.0,0.0,0.0,0.0,0.0,62.0,0.0,16.179266,1.0,3.0,0.0,0.0,48.5378,31872.0,7.0,1.0,0.0,0.0,0.0,0.123615,0.0,0.0,43036.847656,0.123615,358.0,0.0,142.0,0.0,0.0,0.123615,0.123615,0.0,0.0,0.0,24.2689,0.0,13.0
0.0,0.001502,1.0,78.0,0.468555,0.169294,-0.0,0.0,4951.393066,658.0,1.0,580.0,2.0,0.0,0.170796,99328.0,1721542144.0,64.0,0.0,0.0,0.0,0.0,0.0,62.0,0.0,0.0,1.0,1.0,1.0,1.0,4.268442,31872.0,3.0,0.0,0.0,25.0,0.0,0.468555,0.0,0.0,4951.393066,0.468555,78.0,0.0,290.0,0.0,0.0,0.468555,0.468555,1.0,0.0,0.0,2.134221,0.0,13.0
0.0,0.001502,0.0,66.0,0.160787,0.169294,-0.0,0.0,0.0,276.0,1.0,210.0,1.0,0.0,0.170796,99328.0,1721542144.0,64.0,0.0,0.0,0.0,0.0,0.0,62.0,0.0,0.0,1.0,1.0,0.0,1.0,6.219408,31872.0,2.0,0.0,0.0,0.0,0.0,0.160787,0.0,0.0,0.0,0.160787,66.0,0.0,210.0,0.0,0.0,0.160787,0.160787,0.0,0.0,0.0,0.0,0.0,13.0
0.0,0.001502,0.0,66.0,0.146147,0.169294,-0.0,0.0,0.0,276.0,1.0,210.0,1.0,0.0,0.170796,99328.0,1721542144.0,64.0,0.0,0.0,0.0,0.0,0.0,62.0,0.0,0.0,1.0,1.0,0.0,1.0,6.842426,31872.0,2.0,0.0,0.0,0.0,0.0,0.146147,0.0,0.0,0.0,0.146147,66.0,0.0,210.0,0.0,0.0,0.146147,0.146147,0.0,0.0,0.0,0.0,0.0,13.0
0.0,0.001502,0.0,66.0,0.999794,0.169294,-0.0,0.0,1680.346191,486.0,1.0,420.0,2.0,0.0,0.170796,99328.0,1721542144.0,64.0,0.0,0.0,0.0,0.0,0.0,62.0,0.0,0.0,1.0,1.0,0.0,1.0,2.000412,31872.0,3.0,0.0,0.0,0.0,0.0,0.999794,0.0,0.0,1680.346191,0.999794,66.0,0.0,210.0,0.0,0.0,0.999794,0.999794,0.0,0.0,0.0,1.000206,0.0,13.0
0.0,0.001502,0.0,66.0,0.985207,0.169294,-0.0,535.927979,0.0,342.0,1.0,210.0,1.0,0.0,0.170796,99328.0,1721542144.0,64.0,0.0,0.0,0.0,0.0,0.0,62.0,0.0,1.015015,1.0,2.0,0.0,1.0,2.03003,31872.0,3.0,0.0,0.0,0.0,0.0,0.985207,0.0,0.0,535.927979,0.985207,132.0,0.0,210.0,0.0,0.0,0.985207,0.985207,0.0,0.0,0.0,0.0,0.0,13.0
0.0,0.001502,0.0,66.0,0.15686,0.169294,-0.0,0.0,0.0,276.0,1.0,210.0,1.0,0.0,0.170796,99328.0,1721542144.0,64.0,0.0,0.0,0.0,0.0,0.0,62.0,0.0,0.0,1.0,1.0,0.0,1.0,6.375112,31872.0,2.0,0.0,0.0,0.0,0.0,0.15686,0.0,0.0,0.0,0.15686,66.0,0.0,210.0,0.0,0.0,0.15686,0.15686,0.0,0.0,0.0,0.0,0.0,13.0
0.0,0.001502,0.0,66.0,0.145166,0.169294,-0.0,0.0,0.0,276.0,1.0,210.0,1.0,0.0,0.170796,99328.0,1721542144.0,64.0,0.0,0.0,0.0,0.0,0.0,62.0,0.0,0.0,1.0,1.0,0.0,1.0,6.888666,31872.0,2.0,0.0,0.0,0.0,0.0,0.145166,0.0,0.0,0.0,0.145166,66.0,0.0,210.0,0.0,0.0,0.145166,0.145166,0.0,0.0,0.0,0.0,0.0,13.0
0.0,0.001502,0.0,66.0,0.16207,0.169294,-0.0,0.0,0.0,276.0,1.0,210.0,1.0,0.0,0.170796,99328.0,1721542144.0,64.0,0.0,0.0,0.0,0.0,0.0,62.0,0.0,0.0,1.0,1.0,0.0,1.0,6.170173,31872.0,2.0,0.0,0.0,0.0,0.0,0.16207,0.0,0.0,0.0,0.16207,66.0,0.0,210.0,0.0,0.0,0.16207,0.16207,0.0,0.0,0.0,0.0,0.0,13.0
0.0,0.001502,0.0,0.0,0.630866,0.169294,-0.0,0.0,11032.454102,1160.0,1.0,1160.0,4.0,0.0,0.170796,103135.70040124832,1721542144.0,64.0,0.0,0.0,0.0,0.0,0.0,62.0,0.0,0.0,1.0,0.0,2.0,0.0,4.755368,37317.08209959624,4.0,0.0,0.0,0.0,0.0,0.630866,0.0,1.0,11032.454102,0.630866,0.0,0.0,290.0,0.0,0.0,0.630866,0.630866,1.0,0.0,0.0,4.755368,0.0,13.0
0.0,0.001502,0.0,0.0,0.0,0.169294,-0.0,0.0,0.0,466.0,1.0,466.0,1.0,0.0,0.170796,103135.70040124832,1721542144.0,64.0,0.0,0.0,0.0,0.0,0.0,62.0,0.0,0.0,1.0,0.0,0.0,0.0,0.0,37317.08209959624,1.0,0.0,0.0,0.0,0.0,0.0,0.0,1.0,0.0,0.0,0.0,0.0,466.0,0.0,0.0,0.0,0.0,0.0,0.0,0.0,0.0,0.0,13.0
0.0,0.001502,1.0,242.0,0.830773,0.169294,-0.0,0.0,1251.846191,502.0,1.0,260.0,2.0,0.0,0.170796,99328.0,1721542144.0,64.0,0.0,0.0,0.0,0.0,0.0,62.0,0.0,0.0,1.0,1.0,1.0,0.0,2.407397,31872.0,3.0,1.0,0.0,25.0,0.0,0.830773,0.0,0.0,1251.846191,0.830773,242.0,0.0,130.0,0.0,0.0,0.830773,0.830773,1.0,0.0,0.0,1.203698,0.0,13.0
0.0,0.001502,0.0,78.0,0.0,0.169294,-0.0,0.0,0.0,208.0,1.0,130.0,1.0,0.0,0.170796,99328.0,1721542144.0,64.0,0.0,0.0,0.0,0.0,0.0,62.0,0.0,0.0,1.0,1.0,0.0,1.0,0.0,31872.0,2.0,0.0,0.0,0.0,0.0,0.0,0.0,0.0,0.0,0.0,78.0,0.0,130.0,0.0,0.0,0.0,0.0,0.0,0.0,0.0,0.0,0.0,13.0
0.0,0.001502,0.0,86.0,0.324701,0.169294,-0.0,6356.617188,41539.753906,2592.0,1.0,2248.0,4.0,0.0,0.170796,97920.0,1721542144.0,64.0,0.0,0.0,0.0,0.0,0.0,62.0,0.0,9.239269,1.0,4.0,0.0,0.0,21.558294,31872.0,8.0,1.0,0.0,0.0,0.0,0.324701,0.0,0.0,47896.371094,0.324701,344.0,0.0,562.0,0.0,0.0,0.324701,0.324701,0.0,0.0,0.0,9.239269,0.0,13.0
0.0,0.001502,0.0,66.0,0.000495,0.169294,-0.0,2133333.5,7482828.5,892.0,1.0,694.0,3.0,0.0,0.170796,99328.0,1721542144.0,64.0,0.0,0.0,0.0,0.0,0.0,62.0,0.0,4040.404053,1.0,3.0,0.0,1.0,10101.010742,31872.0,6.0,0.0,0.0,0.0,0.0,0.000495,0.0,0.0,9616162.0,0.000495,198.0,0.0,231.333328,0.0,0.0,0.000495,0.000495,0.0,0.0,0.0,4040.404053,0.0,13.0
0.0,0.001502,0.0,66.0,0.000473,0.169294,-0.0,1116279.125,4769556.0,696.0,1.0,564.0,2.0,0.0,0.170796,99328.0,1721542144.0,64.0,0.0,0.0,0.0,0.0,0.0,62.0,0.0,2114.165039,1.0,2.0,0.0,1.0,6342.494629,31872.0,4.0,0.0,0.0,0.0,0.0,0.000473,0.0,0.0,5885835.0,0.000473,132.0,0.0,282.0,0.0,0.0,0.000473,0.000473,0.0,0.0,0.0,2114.165039,0.0,13.0
0.0,0.001502,0.0,66.0,0.0,0.169294,-0.0,0.0,0.0,500.0,1.0,434.0,1.0,0.0,0.170796,99072.0,1721542144.0,64.0,0.0,0.0,0.0,0.0,0.0,62.0,0.0,0.0,1.0,1.0,0.0,1.0,0.0,31872.0,2.0,0.0,0.0,0.0,0.0,0.0,0.0,0.0,0.0,0.0,66.0,0.0,434.0,0.0,0.0,0.0,0.0,0.0,0.0,0.0,0.0,0.0,13.0
0.0,0.001502,0.0,66.0,0.0,0.169294,-0.0,0.0,0.0,500.0,1.0,434.0,1.0,0.0,0.170796,98944.0,1721542144.0,64.0,0.0,0.0,0.0,0.0,0.0,62.0,0.0,0.0,1.0,1.0,0.0,1.0,0.0,31872.0,2.0,0.0,0.0,0.0,0.0,0.0,0.0,0.0,0.0,0.0,66.0,0.0,434.0,0.0,0.0,0.0,0.0,0.0,0.0,0.0,0.0,0.0,13.0
0.0,0.001502,0.0,0.0,0.999687,0.169294,-0.0,0.0,8594.69043,1432.0,1.0,1432.0,4.0,0.0,0.170796,103135.70040124832,1721542144.0,64.0,0.0,0.0,0.0,0.0,0.0,62.0,0.0,0.0,1.0,0.0,1.0,0.0,3.000939,37317.08209959624,4.0,0.0,0.0,0.0,0.0,0.999687,0.0,1.0,8594.69043,0.999687,0.0,0.0,358.0,0.0,0.0,0.999687,0.999687,1.0,0.0,0.0,3.000939,0.0,13.0
0.0,0.001502,0.0,66.0,0.93507,0.169294,-0.0,0.0,2412.653564,630.0,1.0,564.0,2.0,0.0,0.170796,99072.0,1721542144.0,64.0,0.0,0.0,0.0,0.0,0.0,62.0,0.0,0.0,1.0,1.0,0.0,1.0,2.138877,31872.0,3.0,0.0,0.0,0.0,0.0,0.93507,0.0,0.0,2412.653564,0.93507,66.0,0.0,282.0,0.0,0.0,0.93507,0.93507,0.0,0.0,0.0,1.069439,0.0,13.0
0.0,0.001502,0.0,66.0,0.844855,0.169294,-0.0,624.95929,0.0,966.0,1.0,834.0,1.0,0.0,0.170796,99328.0,1721542144.0,64.0,0.0,0.0,0.0,0.0,0.0,62.0,0.0,1.183635,1.0,2.0,0.0,1.0,2.36727,31872.0,3.0,0.0,0.0,0.0,0.0,0.844855,0.0,0.0,624.95929,0.844855,132.0,0.0,834.0,0.0,0.0,0.844855,0.844855,0.0,0.0,0.0,0.0,0.0,13.0
0.0,0.001502,0.0,0.0,0.643039,0.169294,-0.0,0.0,20079.654297,2152.0,1.0,2152.0,4.0,0.0,0.170796,103135.70040124832,1721542144.0,64.0,0.0,0.0,0.0,0.0,0.0,62.0,0.0,0.0,1.0,0.0,1.0,0.0,4.665347,37317.08209959624,4.0,0.0,0.0,0.0,0.0,0.643039,0.0,1.0,20079.654297,0.643039,0.0,0.0,538.0,0.0,0.0,0.643039,0.643039,1.0,0.0,0.0,4.665347,0.0,13.0
0.0,0.001502,0.0,93.0,0.138103,0.169294,-0.0,16161.850586,74031.703125,2076.0,1.0,1704.0,4.0,0.0,0.170796,99328.0,1721542144.0,64.0,0.0,0.0,0.0,0.0,0.0,62.0,0.0,21.722918,1.0,4.0,0.0,0.0,50.68681,31872.0,8.0,1.0,0.0,0.0,0.0,0.138103,0.0,0.0,90193.554688,0.138103,372.0,0.0,426.0,0.0,0.0,0.138103,0.138103,0.0,0.0,0.0,21.722918,0.0,13.0
0.0,0.001502,0.0,119.333336,0.123722,0.169294,-0.0,15454.001953,27545.626953,926.0,1.0,568.0,4.0,0.0,0.170796,99328.0,1721542144.0,64.0,0.0,0.0,0.0,0.0,0.0,62.0,0.0,16.165274,1.0,3.0,0.0,0.0,48.495819,31872.0,7.0,1.0,0.0,0.0,0.0,0.123722,0.0,0.0,42999.628906,0.123722,358.0,0.0,142.0,0.0,0.0,0.123722,0.123722,0.0,0.0,0.0,24.24791,0.0,13.0
0.0,0.001502,0.0,66.0,0.0,0.169294,-0.0,0.0,0.0,580.0,1.0,514.0,1.0,0.0,0.170796,99328.0,1721542144.0,64.0,0.0,0.0,0.0,0.0,0.0,62.0,0.0,0.0,1.0,1.0,0.0,1.0,0.0,31872.0,2.0,0.0,0.0,0.0,0.0,0.0,0.0,0.0,0.0,0.0,66.0,0.0,514.0,0.0,0.0,0.0,0.0,0.0,0.0,0.0,0.0,0.0,13.0
0.0,0.001502,0.0,66.0,0.0,0.169294,-0.0,0.0,0.0,580.0,1.0,514.0,1.0,0.0,0.170796,98944.0,1721542144.0,64.0,0.0,0.0,0.0,0.0,0.0,62.0,0.0,0.0,1.0,1.0,0.0,1.0,0.0,31872.0,2.0,0.0,0.0,0.0,0.0,0.0,0.0,0.0,0.0,0.0,66.0,0.0,514.0,0.0,0.0,0.0,0.0,0.0,0.0,0.0,0.0,0.0,13.0
0.0,0.001502,0.0,66.0,0.0,0.169294,-0.0,0.0,0.0,580.0,1.0,514.0,1.0,0.0,0.170796,98944.0,1721542144.0,64.0,0.0,0.0,0.0,0.0,0.0,62.0,0.0,0.0,1.0,1.0,0.0,1.0,0.0,31872.0,2.0,0.0,0.0,0.0,0.0,0.0,0.0,0.0,0.0,0.0,66.0,0.0,514.0,0.0,0.0,0.0,0.0,0.0,0.0,0.0,0.0,0.0,13.0
0.0,0.001502,0.0,66.0,0.9491,0.169294,-0.0,0.0,8665.050781,1608.0,1.0,1542.0,3.0,0.0,0.170796,98944.0,1721542144.0,64.0,0.0,0.0,0.0,0.0,0.0,62.0,0.0,0.0,1.0,1.0,0.0,1.0,3.160889,31872.0,4.0,0.0,0.0,0.0,0.0,0.9491,0.0,0.0,8665.050781,0.9491,66.0,0.0,514.0,0.0,0.0,0.9491,0.9491,0.0,0.0,0.0,2.10726,0.0,13.0
0.0,0.001502,0.0,85.199997,0.354021,0.169294,-0.0,7705.757324,5649.382324,800.0,1.0,374.0,3.0,0.0,0.170796,99328.0,1721542144.0,64.0,0.0,0.0,0.0,0.0,0.0,62.0,0.0,11.298764,1.0,5.0,0.0,0.0,19.772837,31872.0,8.0,1.0,0.0,0.0,0.0,0.354021,0.0,0.0,13355.139648,0.354021,426.0,0.0,124.666664,0.0,0.0,0.354021,0.354021,0.0,0.0,0.0,5.649382,0.0,13.0
0.0,0.001502,0.0,98.0,0.292098,0.169294,-0.0,18788.216797,64033.308594,3456.0,1.0,2672.0,8.0,0.0,0.170796,99328.0,1721542144.0,64.0,0.0,0.0,0.0,0.0,0.0,62.0,0.0,23.964561,1.0,8.0,0.0,0.0,51.352631,31872.0,16.0,1.0,0.0,0.0,0.0,0.292098,0.0,0.0,82821.523438,0.292098,784.0,0.0,334.0,0.0,0.0,0.292098,0.292098,0.0,0.0,0.0,23.964561,0.0,13.0
0.0,0.001502,0.0,106.0,0.370413,0.169294,-0.0,11446.682617,13476.848633,1384.0,1.0,748.0,6.0,0.0,0.170796,99328.0,1721542144.0,64.0,0.0,0.0,0.0,0.0,0.0,62.0,0.0,13.498446,1.0,6.0,0.0,0.0,29.696581,31872.0,12.0,1.0,0.0,0.0,0.0,0.370413,0.0,0.0,24923.53125,0.370413,636.0,0.0,124.666664,0.0,0.0,0.370413,0.370413,0.0,0.0,0.0,13.498446,0.0,13.0
0.0,0.001502,0.0,117.199997,0.541954,0.169294,-0.0,6923.097168,23662.525391,2456.0,1.0,1870.0,7.0,0.0,0.170796,99328.0,1721542144.0,64.0,0.0,0.0,0.0,0.0,0.0,62.0,0.0,7.380701,1.0,5.0,0.0,0.0,20.296926,31872.0,12.0,1.0,0.0,0.0,0.0,0.541954,0.0,0.0,30585.623047,0.541954,586.0,0.0,267.142853,0.0,0.0,0.541954,0.541954,0.0,0.0,0.0,11.071051,0.0,13.0
0.0,0.001502,1.0,123.333336,0.67659,0.169294,-0.0,2920.527832,4895.135742,922.0,1.0,552.0,4.0,0.0,0.170796,99328.0,1721542144.0,64.0,0.0,0.0,0.0,0.0,0.0,62.0,0.0,2.956,1.0,3.0,1.0,0.0,8.867999,31872.0,7.0,1.0,0.0,12.5,0.0,0.67659,0.0,0.0,7815.663574,0.67659,370.0,0.0,138.0,0.0,0.0,0.67659,0.67659,1.0,0.0,0.0,4.434,0.0,13.0
0.0,0.001502,0.0,95.333336,0.947303,0.169294,-0.0,4028.278076,27192.988281,4252.0,1.0,3680.0,8.0,0.0,0.170796,99328.0,1721542144.0,64.0,0.0,0.0,0.0,0.0,0.0,62.0,0.0,5.278142,1.0,6.0,0.0,0.0,13.72317,31872.0,14.0,1.0,0.0,0.0,0.0,0.947303,0.0,0.0,31221.267578,0.947303,572.0,0.0,460.0,0.0,0.0,0.947303,0.947303,0.0,0.0,0.0,7.389399,0.0,13.0
0.0,0.001502,0.0,114.0,0.99994,0.169294,-0.0,912.054749,8400.503906,1802.0,1.0,1574.0,3.0,0.0,0.170796,99328.0,1721542144.0,64.0,0.0,0.0,0.0,0.0,0.0,62.0,0.0,1.00006,1.0,2.0,0.0,0.0,4.00024,31872.0,5.0,1.0,0.0,0.0,0.0,0.99994,0.0,0.0,9312.558594,0.99994,228.0,0.0,524.666687,0.0,0.0,0.99994,0.99994,0.0,0.0,0.0,2.00012,0.0,13.0
0.0,0.001502,0.0,101.199997,0.986859,0.169294,-0.0,3283.143799,1994.205811,834.0,1.0,328.0,4.0,0.0,0.170796,99328.0,1721542144.0,64.0,0.0,0.0,0.0,0.0,0.0,62.0,0.0,4.053264,1.0,5.0,0.0,0.0,8.106527,31872.0,9.0,1.0,0.0,0.0,0.0,0.986859,0.0,0.0,5277.349609,0.986859,506.0,0.0,82.0,0.0,0.0,0.986859,0.986859,0.0,0.0,0.0,3.039948,0.0,13.0
1.0,0.001502,2.0,109.0,0.676977,0.169294,-0.0,3864.237793,12219.027344,1676.0,1.0,1240.0,6.0,0.0,0.170796,99328.0,1721542144.0,64.0,0.0,0.0,0.0,0.0,0.0,62.0,0.0,4.431465,1.0,4.0,1.0,0.0,13.294396,31872.0,10.0,1.0,0.0,16.666667,0.0,0.676977,0.0,0.0,16083.264648,0.676977,436.0,0.0,206.666672,0.0,1.0,0.676977,0.676977,0.0,0.0,0.0,7.385776,0.0,13.0
0.0,0.001502,0.0,107.333336,0.433576,0.169294,-0.0,21790.875,39135.007812,3572.0,1.0,2284.0,14.0,0.0,0.170796,99328.0,1721542144.0,64.0,0.0,0.0,0.0,0.0,0.0,62.0,0.0,25.370409,1.0,12.0,0.0,0.0,57.660019,31872.0,26.0,1.0,0.0,0.0,0.0,0.433576,0.0,0.0,60925.882812,0.433576,1288.0,0.0,163.142853,0.0,0.0,0.433576,0.433576,0.0,0.0,0.0,29.98321,0.0,13.0
0.0,0.001502,0.0,84.285713,0.537364,0.169294,-0.0,16316.686523,289159.6875,21682.0,1.0,20502.0,19.0,0.0,0.170796,99328.0,1721542144.0,64.0,0.0,0.0,0.0,0.0,0.0,62.0,0.0,24.192167,1.0,14.0,0.0,0.0,59.54995,31872.0,33.0,1.0,0.0,0.0,0.0,0.537364,0.0,0.0,305476.375,0.537364,1180.0,0.0,1079.052612,0.0,0.0,0.537364,0.537364,0.0,0.0,0.0,33.496849,0.0,13.0
0.0,0.001502,0.0,94.444443,0.942833,0.169294,-0.0,6414.709473,179594.90625,23130.0,1.0,22280.0,20.0,0.0,0.170796,99328.0,1721542144.0,64.0,0.0,0.0,0.0,0.0,0.0,62.0,0.0,8.485065,1.0,9.0,0.0,0.0,29.697729,31872.0,29.0,1.0,0.0,0.0,0.0,0.942833,0.0,0.0,186009.609375,0.942833,850.0,0.0,1114.0,0.0,0.0,0.942833,0.942833,0.0,0.0,0.0,20.152031,0.0,13.0
0.0,0.001502,0.0,100.285713,0.725799,0.169294,-0.0,6635.445801,8597.420898,1612.0,1.0,910.0,7.0,0.0,0.170796,99328.0,1721542144.0,64.0,0.0,0.0,0.0,0.0,0.0,62.0,0.0,8.266751,1.0,7.0,0.0,0.0,17.911295,31872.0,14.0,1.0,0.0,0.0,0.0,0.725799,0.0,0.0,15232.867188,0.725799,702.0,0.0,130.0,0.0,0.0,0.725799,0.725799,0.0,0.0,0.0,8.266751,0.0,13.0
0.0,0.001502,0.0,118.0,0.380443,0.169294,-0.0,7443.953125,21322.509766,1654.0,1.0,1182.0,7.0,0.0,0.170796,99328.0,1721542144.0,64.0,0.0,0.0,0.0,0.0,0.0,62.0,0.0,7.885544,1.0,4.0,0.0,0.0,26.285147,31872.0,11.0,1.0,0.0,0.0,0.0,0.380443,0.0,0.0,28766.462891,0.380443,472.0,0.0,168.857147,0.0,0.0,0.380443,0.380443,0.0,0.0,0.0,15.771088,0.0,13.0
0.0,0.001502,0.0,116.666664,0.707798,0.169294,-0.0,6600.753418,16422.763672,2334.0,1.0,1634.0,9.0,0.0,0.170796,99328.0,1721542144.0,64.0,0.0,0.0,0.0,0.0,0.0,62.0,0.0,7.064162,1.0,6.0,0.0,0.0,19.779655,31872.0,15.0,1.0,0.0,0.0,0.0,0.707798,0.0,0.0,23023.515625,0.707798,700.0,0.0,181.555557,0.0,0.0,0.707798,0.707798,0.0,0.0,0.0,11.30266,0.0,13.0
0.0,0.001502,0.0,117.199997,0.5384,0.169294,-0.0,6968.796387,22808.320312,2376.0,1.0,1790.0,7.0,0.0,0.170796,99328.0,1721542144.0,64.0,0.0,0.0,0.0,0.0,0.0,62.0,0.0,7.42942,1.0,5.0,0.0,0.0,20.430906,31872.0,12.0,1.0,0.0,0.0,0.0,0.5384,0.0,0.0,29777.117188,0.5384,586.0,0.0,255.714279,0.0,0.0,0.5384,0.5384,0.0,0.0,0.0,11.144131,0.0,13.0
0.0,0.001502,0.0,117.199997,0.540289,0.169294,-0.0,6944.431641,14806.890625,1752.0,1.0,1166.0,7.0,0.0,0.170796,99328.0,1721542144.0,64.0,0.0,0.0,0.0,0.0,0.0,62.0,0.0,7.403445,1.0,5.0,0.0,0.0,20.359474,31872.0,12.0,1.0,0.0,0.0,0.0,0.540289,0.0,0.0,21751.322266,0.540289,586.0,0.0,166.571426,0.0,0.0,0.540289,0.540289,0.0,0.0,0.0,11.105168,0.0,13.0
1.0,0.001502,2.0,142.0,0.897598,0.169294,-0.0,5062.399902,20142.646484,3252.0,1.0,2542.0,9.0,0.0,0.170796,99328.0,1721542144.0,64.0,0.0,0.0,0.0,0.0,0.0,62.0,0.0,4.456338,1.0,5.0,1.0,0.0,14.483098,31872.0,14.0,1.0,0.0,12.5,0.0,0.897598,0.0,0.0,25205.046875,0.897598,710.0,0.0,282.444458,0.0,1.0,0.897598,0.897598,0.0,0.0,0.0,8.912676,0.0,13.0
0.0,0.001502,0.0,107.599998,0.35752,0.169294,-0.0,9644.214844,13358.692383,1284.0,1.0,746.0,5.0,0.0,0.170796,99328.0,1721542144.0,64.0,0.0,0.0,0.0,0.0,0.0,62.0,0.0,11.188185,1.0,5.0,0.0,0.0,25.173416,31872.0,10.0,1.0,0.0,0.0,0.0,0.35752,0.0,0.0,23002.908203,0.35752,538.0,0.0,149.199997,0.0,0.0,0.35752,0.35752,0.0,0.0,0.0,11.188185,0.0,13.0
0.0,0.001502,0.0,123.599998,0.217578,0.169294,-0.0,18200.369141,31216.392578,1608.0,1.0,990.0,7.0,0.0,0.170796,99328.0,1721542144.0,64.0,0.0,0.0,0.0,0.0,0.0,62.0,0.0,18.384212,1.0,5.0,0.0,0.0,50.556583,31872.0,12.0,1.0,0.0,0.0,0.0,0.217578,0.0,0.0,49416.761719,0.217578,618.0,0.0,141.428574,0.0,0.0,0.217578,0.217578,0.0,0.0,0.0,27.576319,0.0,13.0
0.0,0.001502,0.0,114.0,0.216804,0.169294,-0.0,16826.257812,31512.333984,1546.0,1.0,976.0,8.0,0.0,0.170796,99328.0,1721542144.0,64.0,0.0,0.0,0.0,0.0,0.0,62.0,0.0,18.449844,1.0,5.0,0.0,0.0,55.349533,31872.0,13.0,1.0,0.0,0.0,0.0,0.216804,0.0,0.0,48338.59375,0.216804,570.0,0.0,122.0,0.0,0.0,0.216804,0.216804,0.0,0.0,0.0,32.287228,0.0,13.0
0.0,0.001502,0.0,106.727272,0.864764,0.169294,-0.0,9880.152344,136610.6875,16612.0,1.0,15438.0,23.0,0.0,0.170796,99328.0,1721542144.0,64.0,0.0,0.0,0.0,0.0,0.0,62.0,0.0,11.563848,1.0,11.0,0.0,0.0,38.160702,31872.0,34.0,1.0,0.0,0.0,0.0,0.864764,0.0,0.0,146490.84375,0.864764,1174.0,0.0,671.217407,0.0,0.0,0.864764,0.864764,0.0,0.0,0.0,25.440468,0.0,13.0
0.0,0.001502,0.0,130.0,0.377442,0.169294,-0.0,8266.170898,16829.076172,1446.0,1.0,926.0,7.0,0.0,0.170796,99328.0,1721542144.0,64.0,0.0,0.0,0.0,0.0,0.0,62.0,0.0,7.948241,1.0,4.0,0.0,0.0,26.494137,31872.0,11.0,1.0,0.0,0.0,0.0,0.377442,0.0,0.0,25095.246094,0.377442,520.0,0.0,132.285721,0.0,0.0,0.377442,0.377442,0.0,0.0,0.0,15.896482,0.0,13.0
0.0,0.001502,0.0,130.0,0.888025,0.169294,-0.0,7026.829102,22720.082031,3626.0,1.0,2716.0,14.0,0.0,0.170796,99328.0,1721542144.0,64.0,0.0,0.0,0.0,0.0,0.0,62.0,0.0,6.756567,1.0,7.0,0.0,0.0,22.521889,31872.0,21.0,1.0,0.0,0.0,0.0,0.888025,0.0,0.0,29746.910156,0.888025,910.0,0.0,194.0,0.0,0.0,0.888025,0.888025,0.0,0.0,0.0,14.639228,0.0,13.0
1.0,0.001502,1.0,110.0,0.880508,0.169294,-0.0,2998.269043,2316.844238,780.0,1.0,340.0,4.0,0.0,0.170796,99328.0,1721542144.0,64.0,0.0,0.0,0.0,0.0,0.0,61.0,1.0,3.407124,1.0,4.0,0.0,0.0,7.949956,31872.0,8.0,1.0,0.0,11.111111,0.0,0.880508,0.0,0.0,5315.113281,0.880508,440.0,0.0,85.0,0.0,0.0,0.880508,0.880508,0.0,0.0,0.0,3.407124,0.0,13.0
0.0,0.001502,0.0,110.0,0.47962,0.169294,-0.0,5504.357422,6905.466797,992.0,1.0,552.0,4.0,0.0,0.170796,99328.0,1721542144.0,64.0,0.0,0.0,0.0,0.0,0.0,61.0,0.0,6.254951,1.0,4.0,0.0,0.0,14.594888,31872.0,8.0,1.0,0.0,0.0,0.0,0.47962,0.0,0.0,12409.824219,0.47962,440.0,0.0,138.0,0.0,0.0,0.47962,0.47962,0.0,0.0,0.0,6.254951,0.0,13.0
0.0,0.001502,0.0,118.0,0.487863,0.169294,-0.0,5804.908203,8953.333008,1154.0,1.0,682.0,5.0,0.0,0.170796,99328.0,1721542144.0,64.0,0.0,0.0,0.0,0.0,0.0,61.0,0.0,6.149267,1.0,4.0,0.0,0.0,16.398046,31872.0,9.0,1.0,0.0,0.0,0.0,0.487863,0.0,0.0,14758.241211,0.487863,472.0,0.0,136.399994,0.0,0.0,0.487863,0.487863,0.0,0.0,0.0,8.199023,0.0,13.0
0.0,0.001502,0.0,116.666664,0.927716,0.169294,-0.0,5036.023926,7122.869141,1644.0,1.0,944.0,8.0,0.0,0.170796,99328.0,1721542144.0,64.0,0.0,0.0,0.0,0.0,0.0,61.0,0.0,5.38958,1.0,6.0,0.0,0.0,14.012909,31872.0,14.0,1.0,0.0,0.0,0.0,0.927716,0.0,0.0,12158.893555,0.927716,700.0,0.0,118.0,0.0,0.0,0.927716,0.927716,0.0,0.0,0.0,7.545413,0.0,13.0
0.0,0.001502,0.0,117.199997,0.708059,0.169294,-0.0,5298.993164,8507.765625,1464.0,1.0,878.0,7.0,0.0,0.170796,99328.0,1721542144.0,64.0,0.0,0.0,0.0,0.0,0.0,61.0,0.0,5.649247,1.0,5.0,0.0,0.0,15.535428,31872.0,12.0,1.0,0.0,0.0,0.0,0.708059,0.0,0.0,13806.758789,0.708059,586.0,0.0,125.428574,0.0,0.0,0.708059,0.708059,0.0,0.0,0.0,8.47387,0.0,13.0
0.0,0.001502,0.0,138.0,0.692519,0.169294,-0.0,4782.540039,9969.401367,1558.0,1.0,1006.0,7.0,0.0,0.170796,99328.0,1721542144.0,64.0,0.0,0.0,0.0,0.0,0.0,61.0,0.0,4.332011,1.0,4.0,0.0,0.0,14.440037,31872.0,11.0,1.0,0.0,0.0,0.0,0.692519,0.0,0.0,14751.941406,0.692519,552.0,0.0,143.714279,0.0,0.0,0.692519,0.692519,0.0,0.0,0.0,8.664022,0.0,13.0
0.0,0.001502,0.0,117.199997,0.54085,0.169294,-0.0,6937.228516,12765.092773,1592.0,1.0,1006.0,7.0,0.0,0.170796,99328.0,1721542144.0,64.0,0.0,0.0,0.0,0.0,0.0,62.0,0.0,7.395766,1.0,5.0,0.0,0.0,20.338356,31872.0,12.0,1.0,0.0,0.0,0.0,0.54085,0.0,0.0,19702.320312,0.54085,586.0,0.0,143.714279,0.0,0.0,0.54085,0.54085,0.0,0.0,0.0,11.093649,0.0,13.0
0.0,0.001502,0.0,123.599998,0.677118,0.169294,-0.0,5848.315918,8246.71582,1432.0,1.0,814.0,7.0,0.0,0.170796,99328.0,1721542144.0,64.0,0.0,0.0,0.0,0.0,0.0,62.0,0.0,5.90739,1.0,5.0,0.0,0.0,16.245321,31872.0,12.0,1.0,0.0,0.0,0.0,0.677118,0.0,0.0,14095.032227,0.677118,618.0,0.0,116.285713,0.0,0.0,0.677118,0.677118,0.0,0.0,0.0,8.861085,0.0,13.0
0.0,0.001502,0.0,126.800003,0.6813,0.169294,-0.0,5965.066895,8196.095703,1448.0,1.0,814.0,7.0,0.0,0.170796,99328.0,1721542144.0,64.0,0.0,0.0,0.0,0.0,0.0,62.0,0.0,5.871129,1.0,5.0,0.0,0.0,16.145605,31872.0,12.0,1.0,0.0,0.0,0.0,0.6813,0.0,0.0,14161.163086,0.6813,634.0,0.0,116.285713,0.0,0.0,0.6813,0.6813,0.0,0.0,0.0,8.806693,0.0,13.0
0.0,0.001502,0.0,130.0,0.433057,0.169294,-0.0,4803.062988,9643.072266,1086.0,1.0,696.0,4.0,0.0,0.170796,99328.0,1721542144.0,64.0,0.0,0.0,0.0,0.0,0.0,62.0,0.0,4.61833,1.0,3.0,0.0,0.0,13.854989,31872.0,7.0,1.0,0.0,0.0,0.0,0.433057,0.0,0.0,14446.134766,0.433057,390.0,0.0,174.0,0.0,0.0,0.433057,0.433057,0.0,0.0,0.0,6.927495,0.0,13.0
0.0,0.001502,0.0,98.0,0.214999,0.169294,-0.0,7293.057129,16297.75,878.0,1.0,584.0,4.0,0.0,0.170796,99328.0,1721542144.0,64.0,0.0,0.0,0.0,0.0,0.0,62.0,0.0,9.302368,1.0,3.0,0.0,0.0,27.907106,31872.0,7.0,1.0,0.0,0.0,0.0,0.214999,0.0,0.0,23590.806641,0.214999,294.0,0.0,146.0,0.0,0.0,0.214999,0.214999,0.0,0.0,0.0,13.953553,0.0,13.0
0.0,0.001502,0.0,124.666664,0.338352,0.169294,-0.0,5911.003906,10356.079102,958.0,1.0,584.0,4.0,0.0,0.170796,99328.0,1721542144.0,64.0,0.0,0.0,0.0,0.0,0.0,62.0,0.0,5.911004,1.0,3.0,0.0,0.0,17.733011,31872.0,7.0,1.0,0.0,0.0,0.0,0.338352,0.0,0.0,16267.083008,0.338352,374.0,0.0,146.0,0.0,0.0,0.338352,0.338352,0.0,0.0,0.0,8.866506,0.0,13.0
0.0,0.001502,0.0,98.0,0.201644,0.169294,-0.0,7776.080566,25788.021484,1074.0,1.0,780.0,6.0,0.0,0.170796,99328.0,1721542144.0,64.0,0.0,0.0,0.0,0.0,0.0,62.0,0.0,9.91847,1.0,3.0,0.0,0.0,39.673882,31872.0,9.0,1.0,0.0,0.0,0.0,0.201644,0.0,0.0,33564.101562,0.201644,294.0,0.0,130.0,0.0,0.0,0.201644,0.201644,0.0,0.0,0.0,24.796175,0.0,13.0
0.0,0.001502,0.0,117.199997,0.556321,0.169294,-0.0,6744.307617,12482.001953,1578.0,1.0,992.0,8.0,0.0,0.170796,99328.0,1721542144.0,64.0,0.0,0.0,0.0,0.0,0.0,62.0,0.0,7.190093,1.0,5.0,0.0,0.0,21.57028,31872.0,13.0,1.0,0.0,0.0,0.0,0.556321,0.0,0.0,19226.308594,0.556321,586.0,0.0,124.0,0.0,0.0,0.556321,0.556321,0.0,0.0,0.0,12.582663,0.0,13.0
0.0,0.001502,0.0,87.333336,0.970707,0.169294,-0.0,7920.000488,161572.953125,21742.0,1.0,20694.0,19.0,0.0,0.170796,99328.0,1721542144.0,64.0,0.0,0.0,0.0,0.0,0.0,62.0,0.0,11.331946,1.0,12.0,0.0,0.0,30.90531,31872.0,31.0,1.0,0.0,0.0,0.0,0.970707,0.0,0.0,169492.953125,0.970707,1048.0,0.0,1089.157837,0.0,0.0,0.970707,0.970707,0.0,0.0,0.0,18.543186,0.0,13.0
0.0,0.001502,0.0,108.0,0.969821,0.169294,-0.0,6236.202637,177228.578125,23372.0,1.0,22508.0,22.0,0.0,0.170796,99328.0,1721542144.0,64.0,0.0,0.0,0.0,0.0,0.0,62.0,0.0,7.217827,1.0,8.0,0.0,0.0,29.902426,31872.0,30.0,1.0,0.0,0.0,0.0,0.969821,0.0,0.0,183464.78125,0.969821,864.0,0.0,1023.090881,0.0,0.0,0.969821,0.969821,0.0,0.0,0.0,21.653481,0.0,13.0
0.0,0.001502,0.0,117.199997,0.955273,0.169294,-0.0,3927.673096,8031.212402,1704.0,1.0,1118.0,7.0,0.0,0.170796,99328.0,1721542144.0,64.0,0.0,0.0,0.0,0.0,0.0,62.0,0.0,4.187285,1.0,5.0,0.0,0.0,11.515033,31872.0,12.0,1.0,0.0,0.0,0.0,0.955273,0.0,0.0,11958.885742,0.955273,586.0,0.0,159.714279,0.0,0.0,0.955273,0.955273,0.0,0.0,0.0,6.280927,0.0,13.0
0.0,0.001502,0.0,110.0,0.384899,0.169294,-0.0,6858.942383,23777.666016,1812.0,1.0,1372.0,6.0,0.0,0.170796,99328.0,1721542144.0,64.0,0.0,0.0,0.0,0.0,0.0,62.0,0.0,7.794253,1.0,4.0,0.0,0.0,23.382757,31872.0,10.0,1.0,0.0,0.0,0.0,0.384899,0.0,0.0,30636.609375,0.384899,440.0,0.0,228.666672,0.0,0.0,0.384899,0.384899,0.0,0.0,0.0,12.990421,0.0,13.0
0.0,0.001502,0.0,117.199997,0.5429,0.169294,-0.0,6911.033203,22619.265625,2376.0,1.0,1790.0,7.0,0.0,0.170796,99328.0,1721542144.0,64.0,0.0,0.0,0.0,0.0,0.0,62.0,0.0,7.367839,1.0,5.0,0.0,0.0,20.261557,31872.0,12.0,1.0,0.0,0.0,0.0,0.5429,0.0,0.0,29530.298828,0.5429,586.0,0.0,255.714279,0.0,0.0,0.5429,0.5429,0.0,0.0,0.0,11.051759,0.0,13.0
0.0,0.001502,0.0,123.599998,0.550282,0.169294,-0.0,7196.310059,13738.410156,1720.0,1.0,1102.0,7.0,0.0,0.170796,99328.0,1721542144.0,64.0,0.0,0.0,0.0,0.0,0.0,62.0,0.0,7.269,1.0,5.0,0.0,0.0,19.98975,31872.0,12.0,1.0,0.0,0.0,0.0,0.550282,0.0,0.0,20934.720703,0.550282,618.0,0.0,157.428574,0.0,0.0,0.550282,0.550282,0.0,0.0,0.0,10.903501,0.0,13.0
0.0,0.001502,0.0,123.599998,0.216908,0.169294,-0.0,18256.587891,37877.8125,1816.0,1.0,1198.0,7.0,0.0,0.170796,99328.0,1721542144.0,64.0,0.0,0.0,0.0,0.0,0.0,62.0,0.0,18.440998,1.0,5.0,0.0,0.0,50.712746,31872.0,12.0,1.0,0.0,0.0,0.0,0.216908,0.0,0.0,56134.398438,0.216908,618.0,0.0,171.142853,0.0,0.0,0.216908,0.216908,0.0,0.0,0.0,27.661497,0.0,13.0
0.0,0.001502,0.0,117.199997,0.215829,0.169294,-0.0,17384.132812,32173.619141,1578.0,1.0,992.0,8.0,0.0,0.170796,99328.0,1721542144.0,64.0,0.0,0.0,0.0,0.0,0.0,62.0,0.0,18.53319,1.0,5.0,0.0,0.0,55.599571,31872.0,13.0,1.0,0.0,0.0,0.0,0.215829,0.0,0.0,49557.75,0.215829,586.0,0.0,124.0,0.0,0.0,0.215829,0.215829,0.0,0.0,0.0,32.433083,0.0,13.0
0.0,0.001502,0.0,85.692307,0.924333,0.169294,-0.0,8905.881836,169679.109375,21808.0,1.0,20694.0,19.0,0.0,0.170796,99328.0,1721542144.0,64.0,0.0,0.0,0.0,0.0,0.0,62.0,0.0,12.982335,1.0,13.0,0.0,0.0,33.537697,31872.0,32.0,1.0,0.0,0.0,0.0,0.924333,0.0,0.0,178585.0,0.924333,1114.0,0.0,1089.157837,0.0,0.0,0.924333,0.924333,0.0,0.0,0.0,19.473501,0.0,13.0
0.0,0.001502,0.0,91.599998,0.721568,0.169294,-0.0,9146.74707,238214.5625,23532.0,1.0,22616.0,20.0,0.0,0.170796,99328.0,1721542144.0,64.0,0.0,0.0,0.0,0.0,0.0,62.0,0.0,12.472837,1.0,10.0,0.0,0.0,40.190254,31872.0,30.0,1.0,0.0,0.0,0.0,0.721568,0.0,0.0,247361.3125,0.721568,916.0,0.0,1130.800049,0.0,0.0,0.721568,0.721568,0.0,0.0,0.0,26.331545,0.0,13.0
0.0,0.001502,0.0,117.199997,0.541609,0.169294,-0.0,6927.506836,17252.298828,1900.0,1.0,1314.0,9.0,0.0,0.170796,99328.0,1721542144.0,64.0,0.0,0.0,0.0,0.0,0.0,62.0,0.0,7.385402,1.0,5.0,0.0,0.0,24.002556,31872.0,14.0,1.0,0.0,0.0,0.0,0.541609,0.0,0.0,24179.804688,0.541609,586.0,0.0,146.0,0.0,0.0,0.541609,0.541609,0.0,0.0,0.0,14.770803,0.0,13.0
0.0,0.001502,0.0,117.199997,0.555109,0.169294,-0.0,6759.032715,19772.693359,2154.0,1.0,1568.0,8.0,0.0,0.170796,99328.0,1721542144.0,64.0,0.0,0.0,0.0,0.0,0.0,62.0,0.0,7.205791,1.0,5.0,0.0,0.0,21.617374,31872.0,13.0,1.0,0.0,0.0,0.0,0.555109,0.0,0.0,26531.726562,0.555109,586.0,0.0,196.0,0.0,0.0,0.555109,0.555109,0.0,0.0,0.0,12.610135,0.0,13.0
0.0,0.001502,0.0,117.199997,0.526035,0.169294,-0.0,7132.60498,23344.453125,2376.0,1.0,1790.0,7.0,0.0,0.170796,99328.0,1721542144.0,64.0,0.0,0.0,0.0,0.0,0.0,62.0,0.0,7.604057,1.0,5.0,0.0,0.0,20.911156,31872.0,12.0,1.0,0.0,0.0,0.0,0.526035,0.0,0.0,30477.058594,0.526035,586.0,0.0,255.714279,0.0,0.0,0.526035,0.526035,0.0,0.0,0.0,11.406085,0.0,13.0
0.0,0.001502,0.0,123.599998,0.541332,0.169294,-0.0,7315.289062,11527.12207,1528.0,1.0,910.0,7.0,0.0,0.170796,99328.0,1721542144.0,64.0,0.0,0.0,0.0,0.0,0.0,62.0,0.0,7.389181,1.0,5.0,0.0,0.0,20.320248,31872.0,12.0,1.0,0.0,0.0,0.0,0.541332,0.0,0.0,18842.410156,0.541332,618.0,0.0,130.0,0.0,0.0,0.541332,0.541332,0.0,0.0,0.0,11.083771,0.0,13.0
0.0,0.001502,0.0,123.599998,0.540199,0.169294,-0.0,7330.632324,11358.777344,1512.0,1.0,894.0,7.0,0.0,0.170796,99328.0,1721542144.0,64.0,0.0,0.0,0.0,0.0,0.0,62.0,0.0,7.404679,1.0,5.0,0.0,0.0,20.362867,31872.0,12.0,1.0,0.0,0.0,0.0,0.540199,0.0,0.0,18689.410156,0.540199,618.0,0.0,127.714287,0.0,0.0,0.540199,0.540199,0.0,0.0,0.0,11.107018,0.0,13.0
0.0,0.001502,1.0,105.333336,0.841998,0.169294,-0.0,5007.137695,9368.193359,1782.0,1.0,1150.0,7.0,0.0,0.170796,99328.0,1721542144.0,64.0,0.0,0.0,0.0,0.0,0.0,62.0,0.0,5.938257,1.0,6.0,1.0,0.0,14.251816,31872.0,13.0,1.0,0.0,7.142857,0.0,0.841998,0.0,0.0,14375.331055,0.841998,632.0,0.0,164.285721,0.0,0.0,0.841998,0.841998,1.0,0.0,0.0,7.125908,0.0,13.0
0.0,0.001502,1.0,121.0,0.879271,0.169294,-0.0,3302.736084,10845.348633,1874.0,1.0,1390.0,7.0,0.0,0.170796,99328.0,1721542144.0,64.0,0.0,0.0,0.0,0.0,0.0,62.0,0.0,3.411917,1.0,4.0,1.0,0.0,11.373058,31872.0,11.0,1.0,0.0,8.333333,0.0,0.879271,0.0,0.0,14148.084961,0.879271,484.0,0.0,198.571426,0.0,0.0,0.879271,0.879271,1.0,0.0,0.0,6.823835,0.0,13.0
0.0,0.001502,0.0,90.0,0.21493,0.169294,-0.0,10049.78418,2456.61377,492.0,1.0,132.0,2.0,0.0,0.170796,99328.0,1721542144.0,64.0,0.0,0.0,0.0,0.0,0.0,62.0,0.0,13.958033,1.0,4.0,0.0,0.0,23.263388,31872.0,6.0,0.0,0.0,0.0,0.0,0.21493,0.0,0.0,12506.397461,0.21493,360.0,0.0,66.0,0.0,0.0,0.21493,0.21493,0.0,0.0,0.0,4.652678,0.0,13.0
0.0,0.001502,0.0,110.0,0.416924,0.169294,-0.0,6332.089355,14659.746094,1394.0,1.0,954.0,5.0,0.0,0.170796,99328.0,1721542144.0,64.0,0.0,0.0,0.0,0.0,0.0,62.0,0.0,7.195556,1.0,4.0,0.0,0.0,19.188148,31872.0,9.0,1.0,0.0,0.0,0.0,0.416924,0.0,0.0,20991.835938,0.416924,440.0,0.0,190.800003,0.0,0.0,0.416924,0.416924,0.0,0.0,0.0,9.594074,0.0,13.0
0.0,0.001502,0.0,85.199997,0.631564,0.169294,-0.0,4319.435547,25967.28125,2886.0,1.0,2460.0,6.0,0.0,0.170796,99328.0,1721542144.0,64.0,0.0,0.0,0.0,0.0,0.0,62.0,0.0,6.333483,1.0,5.0,0.0,0.0,15.833708,31872.0,11.0,1.0,0.0,0.0,0.0,0.631564,0.0,0.0,30286.714844,0.631564,426.0,0.0,410.0,0.0,0.0,0.631564,0.631564,0.0,0.0,0.0,7.916854,0.0,13.0
0.0,0.001502,0.0,124.666664,0.417657,0.169294,-0.0,4788.618652,10688.196289,1118.0,1.0,744.0,4.0,0.0,0.170796,99328.0,1721542144.0,64.0,0.0,0.0,0.0,0.0,0.0,62.0,0.0,4.788619,1.0,3.0,0.0,0.0,14.365855,31872.0,7.0,1.0,0.0,0.0,0.0,0.417657,0.0,0.0,15476.81543,0.417657,374.0,0.0,186.0,0.0,0.0,0.417657,0.417657,0.0,0.0,0.0,7.182928,0.0,13.0
0.0,0.001502,1.0,87.599998,0.632908,0.169294,-0.0,4436.664062,17316.892578,2082.0,1.0,1644.0,6.0,0.0,0.170796,99328.0,1721542144.0,64.0,0.0,0.0,0.0,0.0,0.0,62.0,0.0,6.320034,1.0,5.0,1.0,0.0,15.800085,31872.0,11.0,1.0,0.0,8.333333,0.0,0.632908,0.0,0.0,21753.556641,0.632908,438.0,0.0,274.0,0.0,0.0,0.632908,0.632908,1.0,0.0,0.0,7.900043,0.0,13.0
0.0,0.001502,0.0,108.666664,0.200774,0.169294,-0.0,21676.113281,31637.5625,1578.0,1.0,926.0,7.0,0.0,0.170796,99328.0,1721542144.0,64.0,0.0,0.0,0.0,0.0,0.0,62.0,0.0,24.903624,1.0,6.0,0.0,0.0,59.768696,31872.0,13.0,1.0,0.0,0.0,0.0,0.200774,0.0,0.0,53313.675781,0.200774,652.0,0.0,132.285721,0.0,0.0,0.200774,0.200774,0.0,0.0,0.0,29.884348,0.0,13.0
0.0,0.001502,0.0,91.599998,0.276959,0.169294,-0.0,23830.242188,621492.6875,23564.0,1.0,22648.0,20.0,0.0,0.170796,99328.0,1721542144.0,64.0,0.0,0.0,0.0,0.0,0.0,62.0,0.0,32.495785,1.0,10.0,0.0,0.0,104.708641,31872.0,30.0,1.0,0.0,0.0,0.0,0.276959,0.0,0.0,645322.9375,0.276959,916.0,0.0,1132.400024,0.0,0.0,0.276959,0.276959,0.0,0.0,0.0,68.602211,0.0,13.0
0.0,0.001502,0.0,117.199997,0.536903,0.169294,-0.0,6988.226562,11830.814453,1512.0,1.0,926.0,7.0,0.0,0.170796,99328.0,1721542144.0,64.0,0.0,0.0,0.0,0.0,0.0,62.0,0.0,7.450135,1.0,5.0,0.0,0.0,20.487871,31872.0,12.0,1.0,0.0,0.0,0.0,0.536903,0.0,0.0,18819.041016,0.536903,586.0,0.0,132.285721,0.0,0.0,0.536903,0.536903,0.0,0.0,0.0,11.175202,0.0,13.0
0.0,0.001502,0.0,66.0,0.168529,0.169294,-0.0,3132.991943,0.0,198.0,1.0,66.0,1.0,1.0,0.170796,99328.0,1721542144.0,64.0,0.0,0.0,0.0,0.0,0.0,62.0,0.0,5.933697,1.0,2.0,0.0,0.0,11.867393,31872.0,3.0,0.0,0.0,0.0,0.0,0.168529,0.0,0.0,3132.991943,0.168529,132.0,0.0,66.0,0.0,0.0,0.168529,0.168529,0.0,0.0,0.0,0.0,0.0,13.0
0.0,0.001576,0.0,312.399994,0.689997,0.323248,-0.0,14492.816406,13901.509766,3060.0,0.0,1498.0,5.0,0.0,0.324824,64256.0,1721542144.0,64.0,0.0,0.0,0.0,0.0,0.0,62.0,0.0,5.797126,0.0,5.0,0.0,0.0,13.043534,31872.0,10.0,0.0,0.0,0.0,0.0,0.689997,0.0,0.0,28394.326172,0.689997,1562.0,0.0,299.600006,0.0,0.0,0.689997,0.689997,0.0,0.0,1.0,5.797126,0.0,14.0
0.0,0.001576,0.0,0.0,0.0,0.323248,-0.0,0.0,0.0,1186.0,0.0,1186.0,1.0,0.0,0.324824,103135.70040124832,1721542144.0,64.0,0.0,0.0,0.0,0.0,0.0,62.0,0.0,0.0,1.0,0.0,0.0,0.0,0.0,37317.08209959624,1.0,0.0,0.0,0.0,0.0,0.0,0.0,1.0,0.0,0.0,0.0,0.0,1186.0,0.0,0.0,0.0,0.0,0.0,0.0,0.0,0.0,0.0,14.0
0.0,0.001576,0.0,0.0,0.0,0.323248,-0.0,0.0,0.0,1186.0,0.0,1186.0,1.0,0.0,0.324824,103135.70040124832,1721542144.0,64.0,0.0,0.0,0.0,0.0,0.0,62.0,0.0,0.0,1.0,0.0,0.0,0.0,0.0,37317.08209959624,1.0,0.0,0.0,0.0,0.0,0.0,0.0,1.0,0.0,0.0,0.0,0.0,1186.0,0.0,0.0,0.0,0.0,0.0,0.0,0.0,0.0,0.0,14.0
0.0,0.001576,0.0,114.0,0.010417,0.323248,-0.0,0.0,247288.078125,758.0,0.0,644.0,2.0,0.0,0.324824,64128.0,1721542144.0,64.0,0.0,0.0,0.0,0.0,0.0,62.0,0.0,0.0,1.0,1.0,0.0,0.0,191.993851,31872.0,3.0,1.0,0.0,0.0,0.0,0.010417,0.0,0.0,247288.078125,0.010417,114.0,0.0,322.0,0.0,0.0,0.010417,0.010417,0.0,0.0,0.0,95.996925,0.0,14.0
0.0,0.001576,0.0,0.0,0.0,0.323248,-0.0,0.0,0.0,578.0,0.0,578.0,1.0,0.0,0.324824,103135.70040124832,1721542144.0,64.0,0.0,0.0,0.0,0.0,0.0,62.0,0.0,0.0,1.0,0.0,0.0,0.0,0.0,37317.08209959624,1.0,0.0,0.0,0.0,0.0,0.0,0.0,1.0,0.0,0.0,0.0,0.0,578.0,0.0,0.0,0.0,0.0,0.0,0.0,0.0,0.0,0.0,14.0
0.0,0.001576,0.0,130.0,0.708527,0.323248,-0.0,4403.501953,10511.949219,1606.0,0.0,1086.0,7.0,0.0,0.324824,64128.0,1721542144.0,64.0,0.0,0.0,0.0,0.0,0.0,62.0,0.0,4.234136,1.0,4.0,0.0,0.0,14.113788,31872.0,11.0,1.0,0.0,0.0,0.0,0.708527,0.0,0.0,14915.451172,0.708527,520.0,0.0,155.142853,0.0,0.0,0.708527,0.708527,0.0,0.0,0.0,8.468272,0.0,14.0
0.0,0.001576,0.0,0.0,0.0,0.323248,-0.0,0.0,0.0,722.0,0.0,722.0,1.0,0.0,0.324824,103135.70040124832,1721542144.0,64.0,0.0,0.0,0.0,0.0,0.0,62.0,0.0,0.0,1.0,0.0,0.0,0.0,0.0,37317.08209959624,1.0,0.0,0.0,0.0,0.0,0.0,0.0,1.0,0.0,0.0,0.0,0.0,722.0,0.0,0.0,0.0,0.0,0.0,0.0,0.0,0.0,0.0,14.0
0.0,0.001576,0.0,101.199997,0.527565,0.323248,-0.0,6141.42334,12874.243164,1496.0,0.0,990.0,7.0,0.0,0.324824,64128.0,1721542144.0,64.0,0.0,0.0,0.0,0.0,0.0,62.0,0.0,7.582004,1.0,5.0,0.0,0.0,20.850512,31872.0,12.0,1.0,0.0,0.0,0.0,0.527565,0.0,0.0,19015.666016,0.527565,506.0,0.0,141.428574,0.0,0.0,0.527565,0.527565,0.0,0.0,0.0,11.373006,0.0,14.0
0.0,0.001576,0.0,146.0,0.001017,0.323248,-0.0,0.0,770894.8125,342.0,0.0,196.0,2.0,0.0,0.324824,64128.0,1721542144.0,64.0,0.0,0.0,0.0,0.0,0.0,62.0,0.0,0.0,1.0,1.0,0.0,0.0,1966.568481,31872.0,3.0,1.0,0.0,0.0,0.0,0.001017,0.0,0.0,770894.8125,0.001017,146.0,0.0,98.0,0.0,0.0,0.001017,0.001017,0.0,0.0,0.0,983.284241,0.0,14.0
0.0,0.001576,0.0,0.0,0.0,0.323248,-0.0,0.0,0.0,130.0,0.0,130.0,1.0,0.0,0.324824,103135.70040124832,1721542144.0,64.0,0.0,0.0,0.0,0.0,0.0,62.0,0.0,0.0,1.0,0.0,0.0,0.0,0.0,37317.08209959624,1.0,0.0,0.0,0.0,0.0,0.0,0.0,1.0,0.0,0.0,0.0,0.0,130.0,0.0,0.0,0.0,0.0,0.0,0.0,0.0,0.0,0.0,14.0
0.0,0.001576,0.0,103.333336,0.395377,0.323248,-0.0,4188.407227,19343.5625,1504.0,0.0,1194.0,5.0,0.0,0.324824,64128.0,1721542144.0,64.0,0.0,0.0,0.0,0.0,0.0,62.0,0.0,5.058463,1.0,3.0,0.0,0.0,17.70462,31872.0,8.0,1.0,0.0,0.0,0.0,0.395377,0.0,0.0,23531.970703,0.395377,310.0,0.0,238.800003,0.0,0.0,0.395377,0.395377,0.0,0.0,0.0,10.116926,0.0,14.0
0.0,0.001576,1.0,194.0,0.918471,0.323248,-0.0,0.0,1898.807983,520.0,0.0,326.0,3.0,0.0,0.324824,64128.0,1721542144.0,64.0,0.0,0.0,0.0,0.0,0.0,62.0,0.0,0.0,1.0,1.0,1.0,0.0,3.266298,31872.0,4.0,1.0,0.0,20.0,0.0,0.918471,0.0,0.0,1898.807983,0.918471,194.0,0.0,108.666664,0.0,0.0,0.918471,0.918471,1.0,0.0,0.0,2.177532,0.0,14.0
0.0,0.001576,0.0,0.0,0.0,0.323248,-0.0,0.0,0.0,130.0,0.0,130.0,1.0,0.0,0.324824,103135.70040124832,1721542144.0,64.0,0.0,0.0,0.0,0.0,0.0,62.0,0.0,0.0,1.0,0.0,0.0,0.0,0.0,37317.08209959624,1.0,0.0,0.0,0.0,0.0,0.0,0.0,1.0,0.0,0.0,0.0,0.0,130.0,0.0,0.0,0.0,0.0,0.0,0.0,0.0,0.0,0.0,14.0
0.0,0.001576,0.0,242.0,0.000993,0.323248,-0.0,0.0,0.0,320.0,1.0,78.0,1.0,0.0,0.324824,64128.0,1721542144.0,64.0,0.0,0.0,0.0,0.0,0.0,62.0,0.0,0.0,1.0,1.0,0.0,0.0,1007.049377,31872.0,2.0,0.0,0.0,0.0,0.0,0.000993,0.0,0.0,0.0,0.000993,242.0,0.0,78.0,0.0,0.0,0.000993,0.000993,0.0,0.0,0.0,0.0,0.0,14.0
0.0,0.001576,0.0,117.199997,0.866393,0.323248,-0.0,4330.598145,10526.400391,1868.0,1.0,1282.0,9.0,0.0,0.324824,64128.0,1721542144.0,64.0,0.0,0.0,0.0,0.0,0.0,62.0,0.0,4.616842,1.0,5.0,0.0,0.0,15.004738,31872.0,14.0,1.0,0.0,0.0,0.0,0.866393,0.0,0.0,14856.999023,0.866393,586.0,0.0,142.444443,0.0,0.0,0.866393,0.866393,0.0,0.0,0.0,9.233685,0.0,14.0
0.0,0.001576,0.0,122.0,0.865799,0.323248,-0.0,5636.412109,8925.859375,1836.0,1.0,1104.0,8.0,0.0,0.324824,64128.0,1721542144.0,64.0,0.0,0.0,0.0,0.0,0.0,62.0,0.0,5.775012,1.0,6.0,0.0,0.0,15.015032,31872.0,14.0,1.0,0.0,0.0,0.0,0.865799,0.0,0.0,14562.271484,0.865799,732.0,0.0,138.0,0.0,0.0,0.865799,0.865799,0.0,0.0,0.0,8.085017,0.0,14.0
0.0,0.001576,0.0,75.599998,0.893618,0.323248,-0.0,6096.564941,168796.953125,20868.0,1.0,20112.0,16.0,0.0,0.324824,64128.0,1721542144.0,64.0,0.0,0.0,0.0,0.0,0.0,62.0,0.0,10.071418,1.0,10.0,0.0,0.0,27.97616,31872.0,26.0,1.0,0.0,0.0,0.0,0.893618,0.0,0.0,174893.53125,0.893618,756.0,0.0,1257.0,0.0,0.0,0.893618,0.893618,0.0,0.0,0.0,16.785696,0.0,14.0
0.0,0.001576,4.0,98.666664,0.834734,0.323248,-0.0,4734.442383,148262.796875,17252.0,1.0,16660.0,14.0,0.0,0.324824,62464.0,1721542144.0,64.0,0.0,0.0,0.0,0.0,0.0,62.0,0.0,5.989932,1.0,6.0,4.0,0.0,22.761742,31872.0,20.0,1.0,0.0,16.666667,0.0,0.834734,0.0,0.0,152997.234375,0.834734,592.0,0.0,1190.0,0.0,0.0,0.834734,0.834734,1.0,0.0,0.0,15.573823,0.0,14.0
0.0,0.001576,1.0,74.0,0.719402,0.323248,-0.0,6583.245605,131753.875,13830.0,1.0,13164.0,10.0,0.0,0.324824,64128.0,1721542144.0,64.0,0.0,0.0,0.0,0.0,0.0,62.0,0.0,11.120347,1.0,9.0,1.0,0.0,25.020781,31872.0,19.0,1.0,0.0,5.0,0.0,0.719402,0.0,0.0,138337.109375,0.719402,666.0,0.0,1316.400024,0.0,0.0,0.719402,0.719402,1.0,0.0,0.0,12.51039,0.0,14.0
0.0,0.001576,0.0,146.0,0.675111,0.323248,-0.0,3460.171875,5830.152344,1052.0,1.0,614.0,5.0,0.0,0.324824,64128.0,1721542144.0,64.0,0.0,0.0,0.0,0.0,0.0,62.0,0.0,2.962476,1.0,3.0,0.0,0.0,10.368666,31872.0,8.0,1.0,0.0,0.0,0.0,0.675111,0.0,0.0,9290.324219,0.675111,438.0,0.0,122.800003,0.0,0.0,0.675111,0.675111,0.0,0.0,0.0,5.924952,0.0,14.0
0.0,0.001576,0.0,0.0,0.496764,0.323248,-0.0,0.0,5572.0625,692.0,1.0,692.0,2.0,0.0,0.324824,103135.70040124832,1721542144.0,64.0,0.0,0.0,0.0,0.0,0.0,62.0,0.0,0.0,1.0,0.0,1.0,0.0,2.013028,37317.08209959624,2.0,0.0,0.0,0.0,0.0,0.496764,0.0,1.0,5572.0625,0.496764,0.0,0.0,346.0,0.0,0.0,0.496764,0.496764,1.0,0.0,0.0,2.013028,0.0,14.0
0.0,0.001576,0.0,102.0,0.429499,0.323248,-0.0,3799.776123,7227.024902,888.0,1.0,582.0,3.0,0.0,0.324824,64128.0,1721542144.0,64.0,0.0,0.0,0.0,0.0,0.0,62.0,0.0,4.656588,1.0,3.0,0.0,0.0,11.641471,31872.0,6.0,1.0,0.0,0.0,0.0,0.429499,0.0,0.0,11026.800781,0.429499,306.0,0.0,194.0,0.0,0.0,0.429499,0.429499,0.0,0.0,0.0,4.656588,0.0,14.0
0.0,0.001576,0.0,117.199997,0.232519,0.323248,-0.0,16136.31543,32995.152344,1704.0,1.0,1118.0,7.0,0.0,0.324824,64128.0,1721542144.0,64.0,0.0,0.0,0.0,0.0,0.0,62.0,0.0,17.202896,1.0,5.0,0.0,0.0,47.307961,31872.0,12.0,1.0,0.0,0.0,0.0,0.232519,0.0,0.0,49131.46875,0.232519,586.0,0.0,159.714279,0.0,0.0,0.232519,0.232519,0.0,0.0,0.0,25.804342,0.0,14.0
0.0,0.001576,0.0,117.199997,0.293102,0.323248,-0.0,12801.004883,33653.8125,2024.0,1.0,1438.0,7.0,0.0,0.324824,64128.0,1721542144.0,64.0,0.0,0.0,0.0,0.0,0.0,62.0,0.0,13.647126,1.0,5.0,0.0,0.0,37.529598,31872.0,12.0,1.0,0.0,0.0,0.0,0.293102,0.0,0.0,46454.820312,0.293102,586.0,0.0,205.428574,0.0,0.0,0.293102,0.293102,0.0,0.0,0.0,20.47069,0.0,14.0
0.0,0.001576,0.0,117.199997,0.538513,0.323248,-0.0,6967.333984,24125.693359,2442.0,1.0,1856.0,8.0,0.0,0.324824,64128.0,1721542144.0,64.0,0.0,0.0,0.0,0.0,0.0,62.0,0.0,7.427862,1.0,5.0,0.0,0.0,22.283585,31872.0,13.0,1.0,0.0,0.0,0.0,0.538513,0.0,0.0,31093.027344,0.538513,586.0,0.0,232.0,0.0,0.0,0.538513,0.538513,0.0,0.0,0.0,12.998757,0.0,14.0
0.0,0.001576,0.0,119.333336,0.569639,0.323248,-0.0,3356.511475,11628.416992,1392.0,1.0,1034.0,5.0,0.0,0.324824,64128.0,1721542144.0,64.0,0.0,0.0,0.0,0.0,0.0,62.0,0.0,3.510995,1.0,3.0,0.0,0.0,12.288484,31872.0,8.0,1.0,0.0,0.0,0.0,0.569639,0.0,0.0,14984.928711,0.569639,358.0,0.0,206.800003,0.0,0.0,0.569639,0.569639,0.0,0.0,0.0,7.021991,0.0,14.0
0.0,0.001576,0.0,0.0,0.575607,0.323248,-0.0,0.0,3363.406006,484.0,1.0,484.0,2.0,0.0,0.324824,103135.70040124832,1721542144.0,64.0,0.0,0.0,0.0,0.0,0.0,62.0,0.0,0.0,1.0,0.0,1.0,0.0,1.737296,37317.08209959624,2.0,0.0,0.0,0.0,0.0,0.575607,0.0,1.0,3363.406006,0.575607,0.0,0.0,242.0,0.0,0.0,0.575607,0.575607,1.0,0.0,0.0,1.737296,0.0,14.0
0.0,0.001576,0.0,0.0,0.0,0.323248,-0.0,0.0,0.0,242.0,1.0,242.0,1.0,0.0,0.324824,103135.70040124832,1721542144.0,64.0,0.0,0.0,0.0,0.0,0.0,62.0,0.0,0.0,1.0,0.0,0.0,0.0,0.0,37317.08209959624,1.0,0.0,0.0,0.0,0.0,0.0,0.0,1.0,0.0,0.0,0.0,0.0,242.0,0.0,0.0,0.0,0.0,0.0,0.0,0.0,0.0,0.0,14.0
0.0,0.001576,0.0,0.0,0.0,0.323248,-0.0,0.0,0.0,242.0,1.0,242.0,1.0,0.0,0.324824,103135.70040124832,1721542144.0,64.0,0.0,0.0,0.0,0.0,0.0,62.0,0.0,0.0,1.0,0.0,0.0,0.0,0.0,37317.08209959624,1.0,0.0,0.0,0.0,0.0,0.0,0.0,1.0,0.0,0.0,0.0,0.0,242.0,0.0,0.0,0.0,0.0,0.0,0.0,0.0,0.0,0.0,14.0
0.0,0.001576,0.0,115.5,0.770591,0.323248,-0.0,8398.748047,22756.558594,3390.0,1.0,2466.0,9.0,0.0,0.324824,64128.0,1721542144.0,64.0,0.0,0.0,0.0,0.0,0.0,62.0,0.0,9.083937,1.0,8.0,0.0,0.0,20.763285,31872.0,17.0,1.0,0.0,0.0,0.0,0.770591,0.0,0.0,31155.306641,0.770591,924.0,0.0,274.0,0.0,0.0,0.770591,0.770591,0.0,0.0,0.0,10.381642,0.0,14.0
0.0,0.001576,0.0,123.599998,0.891517,0.323248,-0.0,4441.867188,8479.927734,1720.0,1.0,1102.0,7.0,0.0,0.324824,64128.0,1721542144.0,64.0,0.0,0.0,0.0,0.0,0.0,62.0,0.0,4.486734,1.0,5.0,0.0,0.0,12.33852,31872.0,12.0,1.0,0.0,0.0,0.0,0.891517,0.0,0.0,12921.794922,0.891517,618.0,0.0,157.428574,0.0,0.0,0.891517,0.891517,0.0,0.0,0.0,6.730102,0.0,14.0
0.0,0.001576,0.0,162.0,0.815973,0.323248,-0.0,1588.287842,764.731201,480.0,1.0,156.0,2.0,0.0,0.324824,64128.0,1721542144.0,64.0,0.0,0.0,0.0,0.0,0.0,62.0,0.0,1.225531,1.0,2.0,0.0,0.0,3.676592,31872.0,4.0,0.0,0.0,0.0,0.0,0.815973,0.0,0.0,2353.019043,0.815973,324.0,0.0,78.0,0.0,0.0,0.815973,0.815973,0.0,0.0,0.0,1.225531,0.0,14.0
0.0,0.001576,0.0,130.0,0.230952,0.323248,-0.0,22515.501953,40146.871094,2104.0,1.0,1324.0,8.0,0.0,0.324824,64128.0,1721542144.0,64.0,0.0,0.0,0.0,0.0,0.0,62.0,0.0,21.649521,1.0,6.0,0.0,0.0,56.288754,31872.0,14.0,1.0,0.0,0.0,0.0,0.230952,0.0,0.0,62662.371094,0.230952,780.0,0.0,165.5,0.0,0.0,0.230952,0.230952,0.0,0.0,0.0,30.30933,0.0,14.0
0.0,0.001576,0.0,126.800003,0.540522,0.323248,-0.0,7518.658203,10330.754883,1448.0,1.0,814.0,7.0,0.0,0.324824,64128.0,1721542144.0,64.0,0.0,0.0,0.0,0.0,0.0,62.0,0.0,7.400254,1.0,5.0,0.0,0.0,20.350698,31872.0,12.0,1.0,0.0,0.0,0.0,0.540522,0.0,0.0,17849.412109,0.540522,634.0,0.0,116.285713,0.0,0.0,0.540522,0.540522,0.0,0.0,0.0,11.100381,0.0,14.0
0.0,0.001576,0.0,127.333336,0.909886,0.323248,-0.0,5600.70166,7895.494629,1774.0,1.0,1010.0,9.0,0.0,0.324824,64128.0,1721542144.0,64.0,0.0,0.0,0.0,0.0,0.0,62.0,0.0,5.495194,1.0,6.0,0.0,0.0,15.386543,31872.0,15.0,1.0,0.0,0.0,0.0,0.909886,0.0,0.0,13496.196289,0.909886,764.0,0.0,112.222221,0.0,0.0,0.909886,0.909886,0.0,0.0,0.0,8.79231,0.0,14.0
0.0,0.001576,0.0,124.666664,0.889077,0.323248,-0.0,5614.811523,9870.911133,1982.0,1.0,1234.0,9.0,0.0,0.324824,64128.0,1721542144.0,64.0,0.0,0.0,0.0,0.0,0.0,62.0,0.0,5.62381,1.0,6.0,0.0,0.0,15.746668,31872.0,15.0,1.0,0.0,0.0,0.0,0.889077,0.0,0.0,15485.722656,0.889077,748.0,0.0,137.111115,0.0,0.0,0.889077,0.889077,0.0,0.0,0.0,8.998096,0.0,14.0
0.0,0.001576,3.0,96.666664,0.95011,0.323248,-0.0,1633.494995,4496.321289,1002.0,1.0,712.0,4.0,0.0,0.324824,64128.0,1721542144.0,64.0,0.0,0.0,0.0,0.0,0.0,62.0,0.0,2.105019,1.0,3.0,3.0,0.0,6.315058,31872.0,7.0,1.0,0.0,30.0,0.0,0.95011,0.0,0.0,6129.816406,0.95011,290.0,0.0,178.0,0.0,0.0,0.95011,0.95011,1.0,0.0,0.0,3.157529,0.0,14.0
0.0,0.001576,0.0,0.0,0.0,0.323248,-0.0,0.0,0.0,194.0,1.0,194.0,1.0,0.0,0.324824,103135.70040124832,1721542144.0,64.0,0.0,0.0,0.0,0.0,0.0,62.0,0.0,0.0,1.0,0.0,1.0,0.0,0.0,37317.08209959624,1.0,0.0,0.0,0.0,0.0,0.0,0.0,1.0,0.0,0.0,0.0,0.0,194.0,0.0,0.0,0.0,0.0,1.0,0.0,0.0,0.0,0.0,14.0
0.0,0.001576,0.0,0.0,0.0,0.323248,-0.0,0.0,0.0,194.0,1.0,194.0,1.0,0.0,0.324824,103135.70040124832,1721542144.0,64.0,0.0,0.0,0.0,0.0,0.0,62.0,0.0,0.0,1.0,0.0,1.0,0.0,0.0,37317.08209959624,1.0,0.0,0.0,0.0,0.0,0.0,0.0,1.0,0.0,0.0,0.0,0.0,194.0,0.0,0.0,0.0,0.0,1.0,0.0,0.0,0.0,0.0,14.0
0.0,0.001576,0.0,0.0,0.0,0.323248,-0.0,0.0,0.0,194.0,1.0,194.0,1.0,0.0,0.324824,103135.70040124832,1721542144.0,64.0,0.0,0.0,0.0,0.0,0.0,62.0,0.0,0.0,1.0,0.0,1.0,0.0,0.0,37317.08209959624,1.0,0.0,0.0,0.0,0.0,0.0,0.0,1.0,0.0,0.0,0.0,0.0,194.0,0.0,0.0,0.0,0.0,1.0,0.0,0.0,0.0,0.0,14.0
0.0,0.001576,1.0,111.333336,0.873224,0.323248,-0.0,5102.928711,7567.359375,1612.0,1.0,944.0,8.0,0.0,0.324824,64128.0,1721542144.0,64.0,0.0,0.0,0.0,0.0,0.0,62.0,0.0,5.725907,1.0,6.0,1.0,0.0,14.88736,31872.0,14.0,1.0,0.0,6.666667,0.0,0.873224,0.0,0.0,12670.288086,0.873224,668.0,0.0,118.0,0.0,0.0,0.873224,0.873224,1.0,0.0,0.0,8.016271,0.0,14.0
0.0,0.001576,1.0,154.0,0.925771,0.323248,-0.0,1330.782715,8848.84082,1536.0,1.0,1228.0,6.0,0.0,0.324824,64128.0,1721542144.0,64.0,0.0,0.0,0.0,0.0,0.0,62.0,0.0,1.080181,1.0,2.0,1.0,0.0,7.561265,31872.0,8.0,1.0,0.0,11.111111,0.0,0.925771,0.0,0.0,10179.623047,0.925771,308.0,0.0,204.666672,0.0,0.0,0.925771,0.925771,1.0,0.0,0.0,5.400904,0.0,14.0
0.0,0.001576,0.0,0.0,0.0,0.323248,-0.0,0.0,0.0,450.0,1.0,450.0,1.0,0.0,0.324824,103135.70040124832,1721542144.0,64.0,0.0,0.0,0.0,0.0,0.0,62.0,0.0,0.0,1.0,0.0,0.0,0.0,0.0,37317.08209959624,1.0,0.0,0.0,0.0,0.0,0.0,0.0,1.0,0.0,0.0,0.0,0.0,450.0,0.0,0.0,0.0,0.0,0.0,0.0,0.0,0.0,0.0,14.0
0.0,0.001576,0.0,114.0,0.37014,0.323248,-0.0,2463.932617,8386.016602,810.0,1.0,582.0,3.0,0.0,0.324824,64128.0,1721542144.0,64.0,0.0,0.0,0.0,0.0,0.0,62.0,0.0,2.701681,1.0,2.0,0.0,0.0,10.806723,31872.0,5.0,1.0,0.0,0.0,0.0,0.37014,0.0,0.0,10849.949219,0.37014,228.0,0.0,194.0,0.0,0.0,0.37014,0.37014,0.0,0.0,0.0,5.403361,0.0,14.0
0.0,0.001576,1.0,123.333336,0.879502,0.323248,-0.0,2246.726074,5894.244629,1180.0,1.0,810.0,5.0,0.0,0.324824,64128.0,1721542144.0,64.0,0.0,0.0,0.0,0.0,0.0,62.0,0.0,2.274014,1.0,3.0,1.0,0.0,7.95905,31872.0,8.0,1.0,0.0,11.111111,0.0,0.879502,0.0,0.0,8140.970703,0.879502,370.0,0.0,162.0,0.0,0.0,0.879502,0.879502,1.0,0.0,0.0,4.548028,0.0,14.0
0.0,0.001576,0.0,66.0,0.923825,0.323248,-0.0,571.536804,0.0,342.0,1.0,210.0,1.0,0.0,0.324824,64128.0,1721542144.0,64.0,0.0,0.0,0.0,0.0,0.0,62.0,0.0,1.082456,1.0,2.0,0.0,1.0,2.164912,31872.0,3.0,0.0,0.0,0.0,0.0,0.923825,0.0,0.0,571.536804,0.923825,132.0,0.0,210.0,0.0,0.0,0.923825,0.923825,0.0,0.0,0.0,0.0,0.0,14.0
0.0,0.001576,0.0,66.0,0.0,0.323248,-0.0,0.0,0.0,276.0,1.0,210.0,1.0,0.0,0.324824,64128.0,1721542144.0,64.0,0.0,0.0,0.0,0.0,0.0,62.0,0.0,0.0,1.0,1.0,0.0,1.0,0.0,31872.0,2.0,0.0,0.0,0.0,0.0,0.0,0.0,0.0,0.0,0.0,66.0,0.0,210.0,0.0,0.0,0.0,0.0,0.0,0.0,0.0,0.0,0.0,14.0
0.0,0.001576,0.0,0.0,0.694603,0.323248,-0.0,0.0,10572.945312,1224.0,1.0,1224.0,4.0,0.0,0.324824,103135.70040124832,1721542144.0,64.0,0.0,0.0,0.0,0.0,0.0,62.0,0.0,0.0,1.0,0.0,1.0,0.0,4.319014,37317.08209959624,4.0,0.0,0.0,0.0,0.0,0.694603,0.0,1.0,10572.945312,0.694603,0.0,0.0,306.0,0.0,0.0,0.694603,0.694603,1.0,0.0,0.0,4.319014,0.0,14.0
0.0,0.001576,0.0,0.0,0.0,0.323248,-0.0,0.0,0.0,546.0,1.0,546.0,1.0,0.0,0.324824,103135.70040124832,1721542144.0,64.0,0.0,0.0,0.0,0.0,0.0,62.0,0.0,0.0,1.0,0.0,0.0,0.0,0.0,37317.08209959624,1.0,0.0,0.0,0.0,0.0,0.0,0.0,1.0,0.0,0.0,0.0,0.0,546.0,0.0,0.0,0.0,0.0,0.0,0.0,0.0,0.0,0.0,14.0
0.0,0.001576,0.0,78.0,0.0,0.323248,-0.0,0.0,0.0,624.0,1.0,546.0,1.0,0.0,0.324824,64128.0,1721542144.0,64.0,0.0,0.0,0.0,0.0,0.0,62.0,0.0,0.0,1.0,1.0,0.0,1.0,0.0,31872.0,2.0,0.0,0.0,0.0,0.0,0.0,0.0,0.0,0.0,0.0,78.0,0.0,546.0,0.0,0.0,0.0,0.0,0.0,0.0,0.0,0.0,0.0,14.0
0.0,0.001576,0.0,162.0,0.043956,0.323248,-0.0,0.0,0.0,228.0,1.0,66.0,1.0,0.0,0.324824,64128.0,1721542144.0,64.0,0.0,0.0,0.0,0.0,0.0,62.0,0.0,0.0,1.0,1.0,0.0,0.0,22.750023,31872.0,2.0,0.0,0.0,0.0,0.0,0.043956,0.0,0.0,0.0,0.043956,162.0,0.0,66.0,0.0,0.0,0.043956,0.043956,0.0,0.0,0.0,0.0,0.0,14.0
0.0,0.001576,0.0,162.0,0.000988,0.323248,-0.0,0.0,0.0,240.0,1.0,78.0,1.0,0.0,0.324824,64128.0,1721542144.0,64.0,0.0,0.0,0.0,0.0,0.0,61.0,0.0,0.0,1.0,1.0,0.0,0.0,1012.145813,31872.0,2.0,0.0,0.0,0.0,0.0,0.000988,0.0,0.0,0.0,0.000988,162.0,0.0,78.0,0.0,0.0,0.000988,0.000988,0.0,0.0,0.0,0.0,0.0,14.0
0.0,0.001576,1.0,154.0,0.658075,0.323248,-0.0,1872.127075,3683.470947,712.0,1.0,404.0,4.0,0.0,0.324824,64128.0,1721542144.0,64.0,0.0,0.0,0.0,0.0,0.0,62.0,0.0,1.519584,1.0,2.0,1.0,0.0,7.597919,31872.0,6.0,1.0,0.0,14.285714,0.0,0.658075,0.0,0.0,5555.598145,0.658075,308.0,0.0,101.0,0.0,0.0,0.658075,0.658075,1.0,0.0,0.0,4.558751,0.0,14.0
0.0,0.001576,0.0,0.0,0.768345,0.323248,-0.0,0.0,1353.558594,260.0,1.0,260.0,2.0,0.0,0.324824,103135.70040124832,1721542144.0,64.0,0.0,0.0,0.0,0.0,0.0,62.0,0.0,0.0,1.0,0.0,1.0,0.0,1.301499,37317.08209959624,2.0,0.0,0.0,0.0,0.0,0.768345,0.0,1.0,1353.558594,0.768345,0.0,0.0,130.0,0.0,0.0,0.768345,0.768345,1.0,0.0,0.0,1.301499,0.0,14.0
0.0,0.001576,1.0,93.333336,0.611931,0.323248,-0.0,6105.263184,10589.428711,1532.0,1.0,972.0,6.0,0.0,0.324824,64128.0,1721542144.0,64.0,0.0,0.0,0.0,0.0,0.0,62.0,0.0,8.170856,1.0,6.0,1.0,0.0,17.975882,31872.0,12.0,1.0,0.0,7.692308,0.0,0.611931,0.0,0.0,16694.691406,0.611931,560.0,0.0,162.0,0.0,0.0,0.611931,0.611931,1.0,0.0,0.0,8.170856,0.0,14.0
0.0,0.001576,0.0,122.0,0.848124,0.323248,-0.0,10356.975586,34862.824219,5200.0,1.0,3980.0,14.0,0.0,0.324824,64128.0,1721542144.0,64.0,0.0,0.0,0.0,0.0,0.0,62.0,0.0,10.611655,1.0,10.0,0.0,0.0,27.118675,31872.0,24.0,1.0,0.0,0.0,0.0,0.848124,0.0,0.0,45219.800781,0.848124,1220.0,0.0,284.285706,0.0,0.0,0.848124,0.848124,0.0,0.0,0.0,15.327947,0.0,14.0
0.0,0.001576,0.0,117.199997,0.218071,0.323248,-0.0,17205.40625,33677.105469,1656.0,1.0,1070.0,7.0,0.0,0.324824,64128.0,1721542144.0,64.0,0.0,0.0,0.0,0.0,0.0,62.0,0.0,18.342649,1.0,5.0,0.0,0.0,50.442287,31872.0,12.0,1.0,0.0,0.0,0.0,0.218071,0.0,0.0,50882.511719,0.218071,586.0,0.0,152.857147,0.0,0.0,0.218071,0.218071,0.0,0.0,0.0,27.513975,0.0,14.0
0.0,0.001576,1.0,102.666664,0.719183,0.323248,-0.0,5717.598633,10968.000977,1766.0,1.0,1150.0,7.0,0.0,0.324824,64128.0,1721542144.0,64.0,0.0,0.0,0.0,0.0,0.0,62.0,0.0,6.952333,1.0,6.0,1.0,0.0,16.6856,31872.0,13.0,1.0,0.0,7.142857,0.0,0.719183,0.0,0.0,16685.599609,0.719183,616.0,0.0,164.285721,0.0,0.0,0.719183,0.719183,1.0,0.0,0.0,8.3428,0.0,14.0
0.0,0.001576,0.0,114.0,0.001076,0.323248,-0.0,0.0,0.0,180.0,1.0,66.0,1.0,0.0,0.324824,64128.0,1721542144.0,64.0,0.0,0.0,0.0,0.0,0.0,62.0,0.0,0.0,1.0,1.0,0.0,0.0,929.367981,31872.0,2.0,0.0,0.0,0.0,0.0,0.001076,0.0,0.0,0.0,0.001076,114.0,0.0,66.0,0.0,0.0,0.001076,0.001076,0.0,0.0,0.0,0.0,0.0,14.0
0.0,0.001576,0.0,124.666664,0.630709,0.323248,-0.0,3171.034424,9690.681641,1328.0,1.0,954.0,5.0,0.0,0.324824,64128.0,1721542144.0,64.0,0.0,0.0,0.0,0.0,0.0,62.0,0.0,3.171035,1.0,3.0,0.0,0.0,11.09862,31872.0,8.0,1.0,0.0,0.0,0.0,0.630709,0.0,0.0,12861.71582,0.630709,374.0,0.0,190.800003,0.0,0.0,0.630709,0.630709,0.0,0.0,0.0,6.342069,0.0,14.0
0.0,0.001576,0.0,0.0,0.648165,0.323248,-0.0,0.0,19920.853516,2152.0,1.0,2152.0,4.0,0.0,0.324824,103135.70040124832,1721542144.0,64.0,0.0,0.0,0.0,0.0,0.0,62.0,0.0,0.0,1.0,0.0,1.0,0.0,4.628451,37317.08209959624,4.0,0.0,0.0,0.0,0.0,0.648165,0.0,1.0,19920.853516,0.648165,0.0,0.0,538.0,0.0,0.0,0.648165,0.648165,1.0,0.0,0.0,4.628451,0.0,14.0
0.0,0.001576,0.0,0.0,0.0,0.323248,-0.0,0.0,0.0,354.0,1.0,354.0,1.0,0.0,0.324824,103135.70040124832,1721542144.0,64.0,0.0,0.0,0.0,0.0,0.0,62.0,0.0,0.0,1.0,0.0,1.0,0.0,0.0,37317.08209959624,1.0,0.0,0.0,0.0,0.0,0.0,0.0,1.0,0.0,0.0,0.0,0.0,354.0,0.0,0.0,0.0,0.0,1.0,0.0,0.0,0.0,0.0,14.0
0.0,0.001576,2.0,90.0,0.41775,0.323248,-0.0,6894.075195,32268.103516,2556.0,1.0,2106.0,5.0,0.0,0.324824,64128.0,1721542144.0,64.0,0.0,0.0,0.0,0.0,0.0,62.0,0.0,9.575105,1.0,5.0,2.0,0.0,21.543985,31872.0,10.0,1.0,0.0,16.666667,0.0,0.41775,0.0,0.0,39162.179688,0.41775,450.0,0.0,421.200012,0.0,0.0,0.41775,0.41775,1.0,0.0,0.0,9.575105,0.0,14.0
0.0,0.001576,0.0,114.0,0.696558,0.323248,-0.0,5237.180664,8958.334961,1480.0,1.0,910.0,7.0,0.0,0.324824,64128.0,1721542144.0,64.0,0.0,0.0,0.0,0.0,0.0,62.0,0.0,5.742523,1.0,5.0,0.0,0.0,15.791937,31872.0,12.0,1.0,0.0,0.0,0.0,0.696558,0.0,0.0,14195.515625,0.696558,570.0,0.0,130.0,0.0,0.0,0.696558,0.696558,0.0,0.0,0.0,8.613784,0.0,14.0
0.0,0.001576,0.0,117.199997,0.539668,0.323248,-0.0,6952.422363,11162.417969,1464.0,1.0,878.0,7.0,0.0,0.324824,64128.0,1721542144.0,64.0,0.0,0.0,0.0,0.0,0.0,62.0,0.0,7.411964,1.0,5.0,0.0,0.0,20.3829,31872.0,12.0,1.0,0.0,0.0,0.0,0.539668,0.0,0.0,18114.839844,0.539668,586.0,0.0,125.428574,0.0,0.0,0.539668,0.539668,0.0,0.0,0.0,11.117946,0.0,14.0
0.0,0.001576,2.0,118.0,0.976037,0.323248,-0.0,1934.352905,8983.265625,1632.0,1.0,1278.0,7.0,0.0,0.324824,64128.0,1721542144.0,64.0,0.0,0.0,0.0,0.0,0.0,62.0,0.0,2.049103,1.0,3.0,2.0,0.0,9.220962,31872.0,10.0,1.0,0.0,16.666667,0.0,0.976037,0.0,0.0,10917.618164,0.976037,354.0,0.0,182.571426,0.0,0.0,0.976037,0.976037,1.0,0.0,0.0,6.147308,0.0,14.0
0.0,0.001576,0.0,90.0,0.042034,0.323248,-0.0,17128.990234,0.0,246.0,1.0,66.0,1.0,0.0,0.324824,64128.0,1721542144.0,64.0,0.0,0.0,0.0,0.0,0.0,62.0,0.0,23.790264,1.0,2.0,0.0,0.0,47.580528,31872.0,3.0,0.0,0.0,0.0,0.0,0.042034,0.0,0.0,17128.990234,0.042034,180.0,0.0,66.0,0.0,0.0,0.042034,0.042034,0.0,0.0,0.0,0.0,0.0,14.0
0.0,0.001576,0.0,162.0,0.988582,0.323248,-0.0,1310.968628,631.207092,480.0,1.0,156.0,2.0,0.0,0.324824,64128.0,1721542144.0,64.0,0.0,0.0,0.0,0.0,0.0,62.0,0.0,1.01155,1.0,2.0,0.0,0.0,3.03465,31872.0,4.0,0.0,0.0,0.0,0.0,0.988582,0.0,0.0,1942.175781,0.988582,324.0,0.0,78.0,0.0,0.0,0.988582,0.988582,0.0,0.0,0.0,1.01155,0.0,14.0
1.0,0.001576,2.0,111.14286,0.874662,0.323248,-0.0,6100.642578,13417.754883,2454.0,1.0,1676.0,8.0,0.0,0.324824,64128.0,1721542144.0,64.0,0.0,0.0,0.0,0.0,0.0,62.0,0.0,6.859793,1.0,7.0,1.0,0.0,16.006184,31872.0,15.0,1.0,0.0,11.764706,0.0,0.874662,0.0,0.0,19518.396484,0.874662,778.0,0.0,209.5,0.0,1.0,0.874662,0.874662,0.0,0.0,0.0,8.003092,0.0,14.0
0.0,0.001576,0.0,116.666664,0.939436,0.323248,-0.0,4973.196777,10849.0625,2156.0,1.0,1456.0,8.0,0.0,0.324824,64128.0,1721542144.0,64.0,0.0,0.0,0.0,0.0,0.0,62.0,0.0,5.322342,1.0,6.0,0.0,0.0,13.83809,31872.0,14.0,1.0,0.0,0.0,0.0,0.939436,0.0,0.0,15822.258789,0.939436,700.0,0.0,182.0,0.0,0.0,0.939436,0.939436,0.0,0.0,0.0,7.451279,0.0,14.0
0.0,0.001576,0.0,94.444443,0.415597,0.323248,-0.0,14552.55957,262177.0625,15378.0,1.0,14528.0,16.0,0.0,0.324824,64128.0,1721542144.0,64.0,0.0,0.0,0.0,0.0,0.0,62.0,0.0,19.249418,1.0,9.0,0.0,0.0,57.748253,31872.0,25.0,1.0,0.0,0.0,0.0,0.415597,0.0,0.0,276729.625,0.415597,850.0,0.0,908.0,0.0,0.0,0.415597,0.415597,0.0,0.0,0.0,36.092659,0.0,14.0
0.0,0.001576,0.0,117.199997,0.280694,0.323248,-0.0,13366.869141,42950.683594,2344.0,1.0,1758.0,7.0,0.0,0.324824,64128.0,1721542144.0,64.0,0.0,0.0,0.0,0.0,0.0,62.0,0.0,14.250393,1.0,5.0,0.0,0.0,39.188583,31872.0,12.0,1.0,0.0,0.0,0.0,0.280694,0.0,0.0,56317.554688,0.280694,586.0,0.0,251.142853,0.0,0.0,0.280694,0.280694,0.0,0.0,0.0,21.375589,0.0,14.0
0.0,0.001576,2.0,138.0,0.842156,0.323248,-0.0,1310.921021,11969.279297,1746.0,1.0,1470.0,7.0,0.0,0.324824,64128.0,1721542144.0,64.0,0.0,0.0,0.0,0.0,0.0,62.0,0.0,1.187428,1.0,2.0,2.0,0.0,9.499428,31872.0,9.0,1.0,0.0,18.181818,0.0,0.842156,0.0,0.0,13280.200195,0.842156,276.0,0.0,210.0,0.0,0.0,0.842156,0.842156,1.0,0.0,0.0,7.124571,0.0,14.0
0.0,0.001576,0.0,114.0,0.781489,0.323248,-0.0,0.0,2702.533203,642.0,1.0,528.0,2.0,0.0,0.324824,64128.0,1721542144.0,64.0,0.0,0.0,0.0,0.0,0.0,62.0,0.0,0.0,1.0,1.0,0.0,0.0,2.559217,31872.0,3.0,1.0,0.0,0.0,47.0,0.781489,0.0,0.0,2702.533203,0.781489,114.0,0.0,264.0,0.0,0.0,0.781489,0.781489,0.0,1.0,0.0,1.279608,0.0,14.0
1.0,0.001576,1.0,114.0,0.602666,0.323248,-0.0,1513.276001,955.753235,372.0,1.0,144.0,2.0,0.0,0.324824,64128.0,1721542144.0,64.0,0.0,0.0,0.0,0.0,0.0,62.0,1.0,1.659294,1.0,2.0,0.0,0.0,4.977881,31872.0,4.0,0.0,0.0,20.0,0.0,0.602666,0.0,0.0,2469.029297,0.602666,228.0,0.0,72.0,0.0,0.0,0.602666,0.602666,0.0,0.0,0.0,1.659294,0.0,14.0
0.0,0.001576,1.0,118.0,0.841337,0.323248,-0.0,2244.047119,8719.455078,1454.0,1.0,1100.0,6.0,0.0,0.324824,64128.0,1721542144.0,64.0,0.0,0.0,0.0,0.0,0.0,61.0,0.0,2.377169,1.0,3.0,1.0,0.0,9.508675,31872.0,9.0,1.0,0.0,10.0,0.0,0.841337,0.0,0.0,10963.501953,0.841337,354.0,0.0,183.333328,0.0,0.0,0.841337,0.841337,1.0,0.0,0.0,5.942922,0.0,14.0
0.0,0.001576,0.0,78.0,0.0,0.323248,-0.0,0.0,0.0,78.0,1.0,0.0,0.0,0.0,0.324824,64128.0,1721542144.0,64.0,0.0,0.0,0.0,0.0,0.0,61.0,0.0,0.0,1.0,1.0,0.0,0.0,0.0,37317.08209959624,1.0,0.0,0.0,0.0,0.0,0.0,0.0,0.0,0.0,0.0,78.0,0.0,0.0,0.0,0.0,0.0,0.0,0.0,0.0,0.0,0.0,0.0,14.0
0.0,0.001576,1.0,66.0,0.0,0.323248,-0.0,0.0,0.0,244.0,1.0,178.0,1.0,0.0,0.324824,64128.0,1721542144.0,64.0,0.0,0.0,0.0,0.0,0.0,61.0,0.0,0.0,1.0,1.0,1.0,1.0,0.0,31872.0,2.0,0.0,0.0,33.333333,0.0,0.0,0.0,0.0,0.0,0.0,66.0,0.0,178.0,0.0,0.0,0.0,0.0,1.0,0.0,0.0,0.0,0.0,14.0
0.0,0.001576,0.0,194.0,0.001,0.323248,-0.0,0.0,0.0,272.0,1.0,78.0,1.0,0.0,0.324824,64128.0,1721542144.0,64.0,0.0,0.0,0.0,0.0,0.0,61.0,0.0,0.0,1.0,1.0,0.0,0.0,999.999939,31872.0,2.0,0.0,0.0,0.0,47.0,0.001,0.0,0.0,0.0,0.001,194.0,0.0,78.0,0.0,0.0,0.001,0.001,0.0,1.0,0.0,0.0,0.0,14.0
0.0,0.001576,0.0,142.0,0.639965,0.323248,-0.0,5325.291016,6950.379883,1262.0,1.0,694.0,5.0,0.0,0.324824,64128.0,1721542144.0,64.0,0.0,0.0,0.0,0.0,0.0,61.0,0.0,4.687757,1.0,4.0,0.0,0.0,12.500684,31872.0,9.0,1.0,0.0,0.0,0.0,0.639965,0.0,0.0,12275.670898,0.639965,568.0,0.0,138.800003,0.0,0.0,0.639965,0.639965,0.0,0.0,0.0,6.250342,0.0,14.0
0.0,0.001576,0.0,116.666664,0.846912,0.323248,-0.0,5516.511719,6593.364746,1514.0,1.0,814.0,7.0,0.0,0.324824,64128.0,1721542144.0,64.0,0.0,0.0,0.0,0.0,0.0,61.0,0.0,5.903801,1.0,6.0,0.0,0.0,14.169122,31872.0,13.0,1.0,0.0,0.0,0.0,0.846912,0.0,0.0,12109.875977,0.846912,700.0,0.0,116.285713,0.0,0.0,0.846912,0.846912,0.0,0.0,0.0,7.084561,0.0,14.0
0.0,0.001576,0.0,118.0,0.675759,0.323248,-0.0,4190.843262,8014.691406,1284.0,1.0,812.0,6.0,0.0,0.324824,64128.0,1721542144.0,64.0,0.0,0.0,0.0,0.0,0.0,62.0,0.0,4.439453,1.0,4.0,0.0,0.0,13.318357,31872.0,10.0,1.0,0.0,0.0,0.0,0.675759,0.0,0.0,12205.53418,0.675759,472.0,0.0,135.333328,0.0,0.0,0.675759,0.675759,0.0,0.0,0.0,7.399087,0.0,14.0
0.0,0.001576,1.0,218.0,0.834262,0.323248,-0.0,2090.470459,2905.562012,840.0,1.0,404.0,4.0,0.0,0.324824,64128.0,1721542144.0,64.0,0.0,0.0,0.0,0.0,0.0,62.0,0.0,1.198664,1.0,2.0,1.0,0.0,5.993321,31872.0,6.0,1.0,0.0,14.285714,0.0,0.834262,0.0,0.0,4996.032227,0.834262,436.0,0.0,101.0,0.0,0.0,0.834262,0.834262,1.0,0.0,0.0,3.595993,0.0,14.0
0.0,0.001576,1.0,242.0,0.149839,0.323248,-0.0,0.0,5552.626465,450.0,1.0,208.0,2.0,0.0,0.324824,64128.0,1721542144.0,64.0,0.0,0.0,0.0,0.0,0.0,62.0,0.0,0.0,1.0,1.0,1.0,0.0,13.34766,31872.0,3.0,1.0,0.0,25.0,0.0,0.149839,0.0,0.0,5552.626465,0.149839,242.0,0.0,104.0,0.0,0.0,0.149839,0.149839,1.0,0.0,0.0,6.67383,0.0,14.0
0.0,0.001576,1.0,94.0,0.62971,0.323248,-0.0,4776.801758,10265.041992,1412.0,1.0,942.0,7.0,0.0,0.324824,64128.0,1721542144.0,64.0,0.0,0.0,0.0,0.0,0.0,62.0,0.0,6.35213,1.0,5.0,1.0,0.0,17.468357,31872.0,12.0,1.0,0.0,7.692308,0.0,0.62971,0.0,0.0,15041.84375,0.62971,470.0,0.0,134.571426,0.0,0.0,0.62971,0.62971,1.0,0.0,0.0,9.528195,0.0,14.0
0.0,0.001576,0.0,95.714287,0.910052,0.323248,-0.0,5054.65625,75353.9375,10194.0,1.0,9524.0,10.0,0.0,0.324824,64128.0,1721542144.0,64.0,0.0,0.0,0.0,0.0,0.0,62.0,0.0,6.59303,1.0,7.0,0.0,0.0,17.581413,31872.0,17.0,1.0,0.0,0.0,0.0,0.910052,0.0,0.0,80408.59375,0.910052,670.0,0.0,952.400024,0.0,0.0,0.910052,0.910052,0.0,0.0,0.0,9.889544,0.0,14.0
0.0,0.001576,0.0,101.199997,0.958413,0.323248,-0.0,3380.588623,2454.056885,898.0,1.0,392.0,4.0,0.0,0.324824,64128.0,1721542144.0,64.0,0.0,0.0,0.0,0.0,0.0,62.0,0.0,4.173566,1.0,5.0,0.0,0.0,8.347132,31872.0,9.0,1.0,0.0,0.0,0.0,0.958413,0.0,0.0,5834.645508,0.958413,506.0,0.0,98.0,0.0,0.0,0.958413,0.958413,0.0,0.0,0.0,3.130175,0.0,14.0
0.0,0.001576,1.0,122.0,0.677072,0.323248,-0.0,1441.501099,8152.751953,1164.0,1.0,920.0,4.0,0.0,0.324824,64128.0,1721542144.0,64.0,0.0,0.0,0.0,0.0,0.0,62.0,0.0,1.476948,1.0,2.0,1.0,0.0,7.384739,31872.0,6.0,1.0,0.0,14.285714,0.0,0.677072,0.0,0.0,9594.25293,0.677072,244.0,0.0,230.0,0.0,0.0,0.677072,0.677072,1.0,0.0,0.0,4.430843,0.0,14.0
0.0,0.001576,0.0,114.0,0.041464,0.323248,-0.0,0.0,29712.521484,422.0,1.0,308.0,2.0,0.0,0.324824,64128.0,1721542144.0,64.0,0.0,0.0,0.0,0.0,0.0,62.0,0.0,0.0,1.0,1.0,0.0,0.0,48.234612,31872.0,3.0,1.0,0.0,0.0,0.0,0.041464,0.0,0.0,29712.521484,0.041464,114.0,0.0,154.0,0.0,0.0,0.041464,0.041464,0.0,0.0,0.0,24.117306,0.0,14.0
0.0,0.001576,0.0,135.333328,0.999309,0.323248,-0.0,2169.499023,1400.968018,668.0,1.0,262.0,3.0,0.0,0.324824,64128.0,1721542144.0,64.0,0.0,0.0,0.0,0.0,0.0,62.0,0.0,2.001383,1.0,3.0,0.0,0.0,5.003458,31872.0,6.0,1.0,0.0,0.0,0.0,0.999309,0.0,0.0,3570.467285,0.999309,406.0,0.0,87.333336,0.0,0.0,0.999309,0.999309,0.0,0.0,0.0,2.001383,0.0,14.0
0.0,0.001576,0.0,114.0,0.890945,0.323248,-0.0,6141.792969,12059.105469,2290.0,1.0,1492.0,10.0,0.0,0.324824,64128.0,1721542144.0,64.0,0.0,0.0,0.0,0.0,0.0,62.0,0.0,6.734422,1.0,7.0,0.0,0.0,17.95846,31872.0,17.0,1.0,0.0,0.0,0.0,0.890945,0.0,0.0,18200.898438,0.890945,798.0,0.0,149.199997,0.0,0.0,0.890945,0.890945,0.0,0.0,0.0,10.101633,0.0,14.0
0.0,0.001576,0.0,114.0,0.000564,0.323248,-0.0,0.0,0.0,180.0,1.0,66.0,1.0,0.0,0.324824,64128.0,1721542144.0,64.0,0.0,0.0,0.0,0.0,0.0,62.0,0.0,0.0,1.0,1.0,0.0,0.0,1773.049683,31872.0,2.0,0.0,0.0,0.0,0.0,0.000564,0.0,0.0,0.0,0.000564,114.0,0.0,66.0,0.0,0.0,0.000564,0.000564,0.0,0.0,0.0,0.0,0.0,14.0
0.0,0.001576,0.0,126.800003,0.264198,0.323248,-0.0,15382.402344,18894.919922,1382.0,1.0,748.0,6.0,0.0,0.324824,64128.0,1721542144.0,64.0,0.0,0.0,0.0,0.0,0.0,62.0,0.0,15.14016,1.0,5.0,0.0,0.0,37.850399,31872.0,11.0,1.0,0.0,0.0,0.0,0.264198,0.0,0.0,34277.320312,0.264198,634.0,0.0,124.666664,0.0,0.0,0.264198,0.264198,0.0,0.0,0.0,18.9252,0.0,14.0
0.0,0.001576,2.0,142.0,0.987128,0.323248,-0.0,3452.439697,10632.866211,2098.0,1.0,1530.0,7.0,0.0,0.324824,64128.0,1721542144.0,64.0,0.0,0.0,0.0,0.0,0.0,62.0,0.0,3.039119,1.0,4.0,2.0,0.0,10.130399,31872.0,11.0,1.0,0.0,15.384615,0.0,0.987128,0.0,0.0,14085.305664,0.987128,568.0,0.0,218.571426,0.0,0.0,0.987128,0.987128,1.0,0.0,0.0,6.078239,0.0,14.0
0.0,0.001576,0.0,90.0,0.466088,0.323248,-0.0,4634.317871,7517.893555,944.0,1.0,584.0,4.0,0.0,0.324824,64128.0,1721542144.0,64.0,0.0,0.0,0.0,0.0,0.0,62.0,0.0,6.436553,1.0,4.0,0.0,0.0,15.018623,31872.0,8.0,1.0,0.0,0.0,0.0,0.466088,0.0,0.0,12152.211914,0.466088,360.0,0.0,146.0,0.0,0.0,0.466088,0.466088,0.0,0.0,0.0,6.436553,0.0,14.0
0.0,0.001576,1.0,110.0,0.944406,0.323248,-0.0,2795.407959,5387.513672,1234.0,1.0,794.0,5.0,0.0,0.324824,64128.0,1721542144.0,64.0,0.0,0.0,0.0,0.0,0.0,62.0,0.0,3.1766,1.0,4.0,1.0,0.0,8.470933,31872.0,9.0,1.0,0.0,10.0,0.0,0.944406,0.0,0.0,8182.921387,0.944406,440.0,0.0,158.800003,0.0,0.0,0.944406,0.944406,1.0,0.0,0.0,4.235466,0.0,14.0
0.0,0.001576,0.0,103.333336,0.881509,0.323248,-0.0,7505.312012,16154.117188,2888.0,1.0,1958.0,11.0,0.0,0.324824,64128.0,1721542144.0,64.0,0.0,0.0,0.0,0.0,0.0,62.0,0.0,9.075347,1.0,9.0,0.0,0.0,21.553949,31872.0,20.0,1.0,0.0,0.0,0.0,0.881509,0.0,0.0,23659.429688,0.881509,930.0,0.0,178.0,0.0,0.0,0.881509,0.881509,0.0,0.0,0.0,11.344184,0.0,14.0
0.0,0.001576,0.0,114.0,0.202256,0.323248,-0.0,18036.548828,42797.25,1832.0,1.0,1262.0,7.0,0.0,0.324824,64128.0,1721542144.0,64.0,0.0,0.0,0.0,0.0,0.0,62.0,0.0,19.776917,1.0,5.0,0.0,0.0,54.38652,31872.0,12.0,1.0,0.0,0.0,0.0,0.202256,0.0,0.0,60833.796875,0.202256,570.0,0.0,180.285721,0.0,0.0,0.202256,0.202256,0.0,0.0,0.0,29.665375,0.0,14.0
0.0,0.001576,0.0,106.0,0.309431,0.323248,-0.0,13702.570312,16132.837891,1384.0,1.0,748.0,6.0,0.0,0.324824,64128.0,1721542144.0,64.0,0.0,0.0,0.0,0.0,0.0,62.0,0.0,16.158691,1.0,6.0,0.0,0.0,35.549122,31872.0,12.0,1.0,0.0,0.0,0.0,0.309431,0.0,0.0,29835.408203,0.309431,636.0,0.0,124.666664,0.0,0.0,0.309431,0.309431,0.0,0.0,0.0,16.158691,0.0,14.0
0.0,0.001576,2.0,146.0,0.830844,0.323248,-0.0,4217.398438,10312.405273,1808.0,1.0,1224.0,8.0,0.0,0.324824,64128.0,1721542144.0,64.0,0.0,0.0,0.0,0.0,0.0,62.0,0.0,3.610786,1.0,4.0,2.0,0.0,13.23955,31872.0,12.0,1.0,0.0,14.285714,0.0,0.830844,0.0,0.0,14529.803711,0.830844,584.0,0.0,153.0,0.0,0.0,0.830844,0.830844,1.0,0.0,0.0,8.425168,0.0,14.0
0.0,0.001576,0.0,146.0,0.001024,0.323248,-0.0,0.0,1500000.0,530.0,1.0,384.0,2.0,0.0,0.324824,64128.0,1721542144.0,64.0,0.0,0.0,0.0,0.0,0.0,62.0,0.0,0.0,1.0,1.0,0.0,0.0,1953.125,31872.0,3.0,1.0,0.0,0.0,0.0,0.001024,0.0,0.0,1500000.0,0.001024,146.0,0.0,192.0,0.0,0.0,0.001024,0.001024,0.0,0.0,0.0,976.5625,0.0,14.0
0.0,0.001576,2.0,92.666664,0.873339,0.323248,-0.0,1703.805786,9077.803711,1516.0,1.0,1238.0,5.0,0.0,0.324824,64128.0,1721542144.0,64.0,0.0,0.0,0.0,0.0,0.0,62.0,0.0,2.290061,1.0,3.0,2.0,0.0,8.015215,31872.0,8.0,1.0,0.0,20.0,0.0,0.873339,0.0,0.0,10781.609375,0.873339,278.0,0.0,247.600006,0.0,0.0,0.873339,0.873339,1.0,0.0,0.0,4.580123,0.0,14.0
0.0,0.001576,0.0,66.0,0.695019,0.323248,-0.0,759.691467,0.0,342.0,1.0,210.0,1.0,0.0,0.324824,64128.0,1721542144.0,64.0,0.0,0.0,0.0,0.0,0.0,62.0,0.0,1.43881,1.0,2.0,0.0,1.0,2.877619,31872.0,3.0,0.0,0.0,0.0,0.0,0.695019,0.0,0.0,759.691467,0.695019,132.0,0.0,210.0,0.0,0.0,0.695019,0.695019,0.0,0.0,0.0,0.0,0.0,14.0
0.0,0.001576,0.0,66.0,0.820509,0.323248,-0.0,0.0,2047.509521,486.0,1.0,420.0,2.0,0.0,0.324824,64128.0,1721542144.0,64.0,0.0,0.0,0.0,0.0,0.0,62.0,0.0,0.0,1.0,1.0,0.0,1.0,2.437511,31872.0,3.0,0.0,0.0,0.0,0.0,0.820509,0.0,0.0,2047.509521,0.820509,66.0,0.0,210.0,0.0,0.0,0.820509,0.820509,0.0,0.0,0.0,1.218756,0.0,14.0
0.0,0.001576,0.0,66.0,0.616604,0.323248,-0.0,856.303284,2724.601318,552.0,1.0,420.0,2.0,0.0,0.324824,64128.0,1721542144.0,64.0,0.0,0.0,0.0,0.0,0.0,62.0,0.0,1.621786,1.0,2.0,0.0,1.0,4.865359,31872.0,4.0,0.0,0.0,0.0,0.0,0.616604,0.0,0.0,3580.904541,0.616604,132.0,0.0,210.0,0.0,0.0,0.616604,0.616604,0.0,0.0,0.0,1.621786,0.0,14.0
0.0,0.001576,0.0,66.0,0.0,0.323248,-0.0,0.0,0.0,276.0,1.0,210.0,1.0,0.0,0.324824,64128.0,1721542144.0,64.0,0.0,0.0,0.0,0.0,0.0,62.0,0.0,0.0,1.0,1.0,0.0,1.0,0.0,31872.0,2.0,0.0,0.0,0.0,0.0,0.0,0.0,0.0,0.0,0.0,66.0,0.0,210.0,0.0,0.0,0.0,0.0,0.0,0.0,0.0,0.0,0.0,14.0
0.0,0.001576,0.0,66.0,0.0,0.323248,-0.0,0.0,0.0,276.0,1.0,210.0,1.0,0.0,0.324824,64128.0,1721542144.0,64.0,0.0,0.0,0.0,0.0,0.0,62.0,0.0,0.0,1.0,1.0,0.0,1.0,0.0,31872.0,2.0,0.0,0.0,0.0,0.0,0.0,0.0,0.0,0.0,0.0,66.0,0.0,210.0,0.0,0.0,0.0,0.0,0.0,0.0,0.0,0.0,0.0,14.0
0.0,0.001576,0.0,90.0,0.062432,0.323248,-0.0,34597.644531,63813.429688,1024.0,1.0,664.0,4.0,0.0,0.324824,64128.0,1721542144.0,64.0,0.0,0.0,0.0,0.0,0.0,62.0,0.0,48.05228,1.0,4.0,0.0,0.0,112.121994,31872.0,8.0,1.0,0.0,0.0,0.0,0.062432,0.0,0.0,98411.070312,0.062432,360.0,0.0,166.0,0.0,0.0,0.062432,0.062432,0.0,0.0,0.0,48.05228,0.0,14.0
0.0,0.001576,0.0,106.0,0.183351,0.323248,-0.0,13875.027344,112745.5,3524.0,1.0,3100.0,6.0,0.0,0.324824,63488.0,1721542144.0,64.0,0.0,0.0,0.0,0.0,0.0,62.0,0.0,16.362061,1.0,4.0,0.0,0.0,49.086182,31872.0,10.0,1.0,0.0,0.0,0.0,0.183351,0.0,0.0,126620.53125,0.183351,424.0,0.0,516.666687,0.0,0.0,0.183351,0.183351,0.0,0.0,0.0,27.2701,0.0,14.0
0.0,0.001576,1.0,66.0,0.733999,0.323248,-0.0,719.347046,7258.865234,1130.0,1.0,998.0,3.0,0.0,0.324824,64128.0,1721542144.0,64.0,0.0,0.0,0.0,0.0,0.0,62.0,0.0,1.3624,1.0,2.0,1.0,1.0,5.449599,31872.0,5.0,0.0,0.0,16.666667,0.0,0.733999,0.0,0.0,7978.212402,0.733999,132.0,0.0,332.666656,0.0,0.0,0.733999,0.733999,1.0,0.0,0.0,2.724799,0.0,14.0
0.0,0.001576,0.0,66.0,0.183246,0.323248,-0.0,2881.372559,12311.319336,696.0,1.0,564.0,2.0,0.0,0.324824,64128.0,1721542144.0,64.0,0.0,0.0,0.0,0.0,0.0,62.0,0.0,5.457145,1.0,2.0,0.0,1.0,16.371435,31872.0,4.0,0.0,0.0,0.0,0.0,0.183246,0.0,0.0,15192.691406,0.183246,132.0,0.0,282.0,0.0,0.0,0.183246,0.183246,0.0,0.0,0.0,5.457145,0.0,14.0
0.0,0.001576,0.0,66.0,0.0,0.323248,-0.0,0.0,0.0,900.0,1.0,834.0,1.0,0.0,0.324824,64128.0,1721542144.0,64.0,0.0,0.0,0.0,0.0,0.0,62.0,0.0,0.0,1.0,1.0,0.0,1.0,0.0,31872.0,2.0,0.0,0.0,0.0,0.0,0.0,0.0,0.0,0.0,0.0,66.0,0.0,834.0,0.0,0.0,0.0,0.0,0.0,0.0,0.0,0.0,0.0,14.0
0.0,0.001576,0.0,66.0,0.0,0.323248,-0.0,0.0,0.0,500.0,1.0,434.0,1.0,0.0,0.324824,64128.0,1721542144.0,64.0,0.0,0.0,0.0,0.0,0.0,62.0,0.0,0.0,1.0,1.0,0.0,1.0,0.0,31872.0,2.0,0.0,0.0,0.0,0.0,0.0,0.0,0.0,0.0,0.0,66.0,0.0,434.0,0.0,0.0,0.0,0.0,0.0,0.0,0.0,0.0,0.0,14.0
0.0,0.001576,0.0,66.0,0.803378,0.323248,-0.0,657.224854,8424.427734,1260.0,1.0,1128.0,4.0,0.0,0.324824,64128.0,1721542144.0,64.0,0.0,0.0,0.0,0.0,0.0,62.0,0.0,1.244744,1.0,2.0,0.0,1.0,6.223721,31872.0,6.0,0.0,0.0,0.0,0.0,0.803378,0.0,0.0,9081.65332,0.803378,132.0,0.0,282.0,0.0,0.0,0.803378,0.803378,0.0,0.0,0.0,3.734232,0.0,14.0
0.0,0.001576,0.0,66.0,0.726099,0.323248,-0.0,727.173523,3107.01416,696.0,1.0,564.0,2.0,0.0,0.324824,64128.0,1721542144.0,64.0,0.0,0.0,0.0,0.0,0.0,62.0,0.0,1.377223,1.0,2.0,0.0,1.0,4.131668,31872.0,4.0,0.0,0.0,0.0,0.0,0.726099,0.0,0.0,3834.187744,0.726099,132.0,0.0,282.0,0.0,0.0,0.726099,0.726099,0.0,0.0,0.0,1.377223,0.0,14.0
0.0,0.001576,0.0,0.0,0.504868,0.323248,-0.0,0.0,7384.108887,932.0,1.0,932.0,2.0,0.0,0.324824,103135.70040124832,1721542144.0,64.0,0.0,0.0,0.0,0.0,0.0,62.0,0.0,0.0,1.0,0.0,1.0,0.0,1.980716,37317.08209959624,2.0,0.0,0.0,0.0,0.0,0.504868,0.0,1.0,7384.108887,0.504868,0.0,0.0,466.0,0.0,0.0,0.504868,0.504868,1.0,0.0,0.0,1.980716,0.0,14.0
0.0,0.001576,0.0,0.0,0.0,0.323248,-0.0,0.0,0.0,498.0,1.0,498.0,1.0,0.0,0.324824,103135.70040124832,1721542144.0,64.0,0.0,0.0,0.0,0.0,0.0,62.0,0.0,0.0,1.0,0.0,0.0,0.0,0.0,37317.08209959624,1.0,0.0,0.0,0.0,0.0,0.0,0.0,1.0,0.0,0.0,0.0,0.0,498.0,0.0,0.0,0.0,0.0,0.0,0.0,0.0,0.0,0.0,14.0
0.0,0.001576,0.0,0.0,0.0,0.323248,-0.0,0.0,0.0,498.0,1.0,498.0,1.0,0.0,0.324824,103135.70040124832,1721542144.0,64.0,0.0,0.0,0.0,0.0,0.0,62.0,0.0,0.0,1.0,0.0,0.0,0.0,0.0,37317.08209959624,1.0,0.0,0.0,0.0,0.0,0.0,0.0,1.0,0.0,0.0,0.0,0.0,498.0,0.0,0.0,0.0,0.0,0.0,0.0,0.0,0.0,0.0,14.0
0.0,0.001576,0.0,82.0,0.680073,0.323248,-0.0,1929.20459,12092.819336,1788.0,1.0,1542.0,3.0,0.0,0.324824,64128.0,1721542144.0,64.0,0.0,0.0,0.0,0.0,0.0,62.0,0.0,2.940861,1.0,3.0,0.0,0.0,7.352152,31872.0,6.0,1.0,0.0,0.0,0.0,0.680073,0.0,0.0,14022.023438,0.680073,246.0,0.0,514.0,0.0,0.0,0.680073,0.680073,0.0,0.0,0.0,2.940861,0.0,14.0
0.0,0.001576,0.0,162.0,0.000584,0.323248,-0.0,0.0,0.0,240.0,1.0,78.0,1.0,0.0,0.324824,64128.0,1721542144.0,64.0,0.0,0.0,0.0,0.0,0.0,62.0,0.0,0.0,1.0,1.0,0.0,0.0,1712.328735,31872.0,2.0,0.0,0.0,0.0,0.0,0.000584,0.0,0.0,0.0,0.000584,162.0,0.0,78.0,0.0,0.0,0.000584,0.000584,0.0,0.0,0.0,0.0,0.0,14.0
1.0,0.001576,1.0,130.0,0.185934,0.323248,-0.0,16780.146484,22244.451172,1166.0,1.0,646.0,5.0,0.0,0.324824,64128.0,1721542144.0,64.0,0.0,0.0,0.0,0.0,0.0,62.0,1.0,16.134756,1.0,4.0,0.0,0.0,43.02602,31872.0,9.0,1.0,0.0,10.0,0.0,0.185934,0.0,0.0,39024.597656,0.185934,520.0,0.0,129.199997,0.0,0.0,0.185934,0.185934,0.0,0.0,0.0,21.51301,0.0,14.0
0.0,0.001576,0.0,66.0,0.999614,0.323248,-0.0,0.0,4113.587891,1094.0,1.0,1028.0,2.0,0.0,0.324824,64128.0,1721542144.0,64.0,0.0,0.0,0.0,0.0,0.0,62.0,0.0,0.0,1.0,1.0,0.0,1.0,2.000772,31872.0,3.0,0.0,0.0,0.0,0.0,0.999614,0.0,0.0,4113.587891,0.999614,66.0,0.0,514.0,0.0,0.0,0.999614,0.999614,0.0,0.0,0.0,1.000386,0.0,14.0
0.0,0.001576,0.0,66.0,0.999311,0.323248,-0.0,528.364075,0.0,646.0,1.0,514.0,1.0,0.0,0.324824,64128.0,1721542144.0,64.0,0.0,0.0,0.0,0.0,0.0,62.0,0.0,1.00069,1.0,2.0,0.0,1.0,2.001379,31872.0,3.0,0.0,0.0,0.0,0.0,0.999311,0.0,0.0,528.364075,0.999311,132.0,0.0,514.0,0.0,0.0,0.999311,0.999311,0.0,0.0,0.0,0.0,0.0,14.0
0.0,0.001576,0.0,0.0,0.598914,0.323248,-0.0,0.0,6865.760254,1028.0,1.0,1028.0,2.0,0.0,0.324824,103135.70040124832,1721542144.0,64.0,0.0,0.0,0.0,0.0,0.0,62.0,0.0,0.0,1.0,0.0,1.0,0.0,1.669689,37317.08209959624,2.0,0.0,0.0,0.0,0.0,0.598914,0.0,1.0,6865.760254,0.598914,0.0,0.0,514.0,0.0,0.0,0.598914,0.598914,1.0,0.0,0.0,1.669689,0.0,14.0
0.0,0.001576,1.0,87.599998,0.217843,0.323248,-0.0,12890.017578,52478.160156,2224.0,1.0,1786.0,5.0,0.0,0.324824,64128.0,1721542144.0,64.0,0.0,0.0,0.0,0.0,0.0,62.0,0.0,18.361849,1.0,5.0,1.0,0.0,41.314159,31872.0,10.0,1.0,0.0,9.090909,0.0,0.217843,0.0,0.0,65368.179688,0.217843,438.0,0.0,357.200012,0.0,0.0,0.217843,0.217843,1.0,0.0,0.0,18.361849,0.0,14.0
0.0,0.001576,0.0,108.666664,0.708481,0.323248,-0.0,6142.719238,28139.074219,3500.0,1.0,2848.0,8.0,0.0,0.324824,64128.0,1721542144.0,64.0,0.0,0.0,0.0,0.0,0.0,62.0,0.0,7.057352,1.0,6.0,0.0,0.0,18.349115,31872.0,14.0,1.0,0.0,0.0,0.0,0.708481,0.0,0.0,34281.792969,0.708481,652.0,0.0,356.0,0.0,0.0,0.708481,0.708481,0.0,0.0,0.0,9.880293,0.0,14.0
0.0,0.001576,0.0,106.0,0.631343,0.323248,-0.0,6715.842285,7906.953613,1384.0,1.0,748.0,6.0,0.0,0.324824,64128.0,1721542144.0,64.0,0.0,0.0,0.0,0.0,0.0,62.0,0.0,7.919625,1.0,6.0,0.0,0.0,17.423176,31872.0,12.0,1.0,0.0,0.0,0.0,0.631343,0.0,0.0,14622.795898,0.631343,636.0,0.0,124.666664,0.0,0.0,0.631343,0.631343,0.0,0.0,0.0,7.919625,0.0,14.0
0.0,0.001576,0.0,117.199997,0.616699,0.323248,-0.0,6084.005371,20794.585938,2456.0,1.0,1870.0,7.0,0.0,0.324824,64128.0,1721542144.0,64.0,0.0,0.0,0.0,0.0,0.0,62.0,0.0,6.486146,1.0,5.0,0.0,0.0,17.836903,31872.0,12.0,1.0,0.0,0.0,0.0,0.616699,0.0,0.0,26878.591797,0.616699,586.0,0.0,267.142853,0.0,0.0,0.616699,0.616699,0.0,0.0,0.0,9.729219,0.0,14.0
0.0,0.001576,2.0,146.0,0.758438,0.323248,-0.0,0.0,3607.414307,602.0,1.0,456.0,4.0,0.0,0.324824,64128.0,1721542144.0,64.0,0.0,0.0,0.0,0.0,0.0,62.0,0.0,0.0,1.0,1.0,2.0,0.0,5.273997,31872.0,5.0,1.0,0.0,28.571429,0.0,0.758438,0.0,0.0,3607.414307,0.758438,146.0,0.0,114.0,0.0,0.0,0.758438,0.758438,1.0,0.0,0.0,3.955498,0.0,14.0
0.0,0.001576,0.0,0.0,0.0,0.323248,-0.0,0.0,0.0,130.0,1.0,130.0,1.0,0.0,0.324824,103135.70040124832,1721542144.0,64.0,0.0,0.0,0.0,0.0,0.0,62.0,0.0,0.0,1.0,0.0,0.0,0.0,0.0,37317.08209959624,1.0,0.0,0.0,0.0,0.0,0.0,0.0,1.0,0.0,0.0,0.0,0.0,130.0,0.0,0.0,0.0,0.0,0.0,0.0,0.0,0.0,0.0,14.0
0.0,0.001576,1.0,112.0,0.675182,0.323248,-0.0,1327.049683,3838.965088,710.0,1.0,486.0,3.0,0.0,0.324824,64128.0,1721542144.0,64.0,0.0,0.0,0.0,0.0,0.0,62.0,0.0,1.481082,1.0,2.0,1.0,0.0,5.924329,31872.0,5.0,1.0,0.0,16.666667,0.0,0.675182,0.0,0.0,5166.014648,0.675182,224.0,0.0,162.0,0.0,0.0,0.675182,0.675182,1.0,0.0,0.0,2.962164,0.0,14.0
0.0,0.001576,2.0,78.0,0.956804,0.323248,-0.0,652.171204,42240.628906,6470.0,1.0,6314.0,5.0,0.0,0.324824,63360.0,1721542144.0,64.0,0.0,0.0,0.0,0.0,0.0,62.0,0.0,1.045146,1.0,2.0,2.0,1.0,6.270877,31872.0,7.0,0.0,0.0,22.222222,0.0,0.956804,0.0,0.0,42892.796875,0.956804,156.0,0.0,1262.800049,0.0,0.0,0.956804,0.956804,1.0,0.0,0.0,4.180584,0.0,14.0
0.0,0.001576,0.0,90.0,0.041629,0.323248,-0.0,17295.634766,0.0,246.0,1.0,66.0,1.0,0.0,0.324824,64128.0,1721542144.0,64.0,0.0,0.0,0.0,0.0,0.0,62.0,0.0,24.021715,1.0,2.0,0.0,0.0,48.04343,31872.0,3.0,0.0,0.0,0.0,0.0,0.041629,0.0,0.0,17295.634766,0.041629,180.0,0.0,66.0,0.0,0.0,0.041629,0.041629,0.0,0.0,0.0,0.0,0.0,14.0
0.0,0.001576,0.0,134.0,0.201412,0.323248,-0.0,15967.270508,13464.9375,988.0,1.0,452.0,4.0,0.0,0.324824,64128.0,1721542144.0,64.0,0.0,0.0,0.0,0.0,0.0,62.0,0.0,14.894842,1.0,4.0,0.0,0.0,34.754631,31872.0,8.0,1.0,0.0,0.0,0.0,0.201412,0.0,0.0,29432.207031,0.201412,536.0,0.0,113.0,0.0,0.0,0.201412,0.201412,0.0,0.0,0.0,14.894842,0.0,14.0
0.0,0.001576,0.0,90.0,0.076367,0.323248,-0.0,28284.46875,120051.859375,1888.0,1.0,1528.0,4.0,0.0,0.324824,64128.0,1721542144.0,64.0,0.0,0.0,0.0,0.0,0.0,62.0,0.0,39.283985,1.0,4.0,0.0,0.0,91.662628,31872.0,8.0,1.0,0.0,0.0,0.0,0.076367,0.0,0.0,148336.328125,0.076367,360.0,0.0,382.0,0.0,0.0,0.076367,0.076367,0.0,0.0,0.0,39.283985,0.0,14.0
0.0,0.001576,0.0,114.0,0.573322,0.323248,-0.0,6362.916504,15097.972656,1832.0,1.0,1262.0,7.0,0.0,0.324824,64128.0,1721542144.0,64.0,0.0,0.0,0.0,0.0,0.0,62.0,0.0,6.976882,1.0,5.0,0.0,0.0,19.186426,31872.0,12.0,1.0,0.0,0.0,0.0,0.573322,0.0,0.0,21460.888672,0.573322,570.0,0.0,180.285721,0.0,0.0,0.573322,0.573322,0.0,0.0,0.0,10.465323,0.0,14.0
0.0,0.001576,0.0,114.0,0.540912,0.323248,-0.0,6744.165527,17215.371094,1928.0,1.0,1358.0,7.0,0.0,0.324824,64128.0,1721542144.0,64.0,0.0,0.0,0.0,0.0,0.0,62.0,0.0,7.394918,1.0,5.0,0.0,0.0,20.336025,31872.0,12.0,1.0,0.0,0.0,0.0,0.540912,0.0,0.0,23959.537109,0.540912,570.0,0.0,194.0,0.0,0.0,0.540912,0.540912,0.0,0.0,0.0,11.092378,0.0,14.0
0.0,0.001576,0.0,117.199997,0.555587,0.323248,-0.0,6753.217773,12498.493164,1578.0,1.0,992.0,8.0,0.0,0.324824,64128.0,1721542144.0,64.0,0.0,0.0,0.0,0.0,0.0,62.0,0.0,7.199593,1.0,5.0,0.0,0.0,21.598778,31872.0,13.0,1.0,0.0,0.0,0.0,0.555587,0.0,0.0,19251.710938,0.555587,586.0,0.0,124.0,0.0,0.0,0.555587,0.555587,0.0,0.0,0.0,12.599287,0.0,14.0
0.0,0.001576,0.0,89.111115,0.975344,0.323248,-0.0,12426.384766,273741.375,36090.0,1.0,34486.0,31.0,0.0,0.324824,75776.0,1721542144.0,64.0,0.0,0.0,0.0,0.0,0.0,62.0,0.0,17.429749,1.0,18.0,0.0,0.0,49.213406,31872.0,49.0,1.0,0.0,0.0,0.0,0.975344,0.0,0.0,286167.75,0.975344,1604.0,0.0,1112.45166,0.0,0.0,0.975344,0.975344,0.0,0.0,0.0,30.758379,0.0,14.0
0.0,0.001576,0.0,78.0,0.185691,0.323248,-0.0,23522.949219,321178.71875,9144.0,1.0,8520.0,8.0,0.0,0.324824,92032.0,1721542144.0,64.0,0.0,0.0,0.0,0.0,0.0,62.0,0.0,37.697033,1.0,8.0,0.0,0.0,80.779358,31872.0,16.0,1.0,0.0,0.0,0.0,0.185691,0.0,0.0,344701.65625,0.185691,624.0,0.0,1065.0,0.0,0.0,0.185691,0.185691,0.0,0.0,0.0,37.697033,0.0,14.0
0.0,0.001576,0.0,114.0,0.215394,0.323248,-0.0,16936.404297,28970.166016,1480.0,1.0,910.0,7.0,0.0,0.324824,93440.0,1721542144.0,64.0,0.0,0.0,0.0,0.0,0.0,62.0,0.0,18.57062,1.0,5.0,0.0,0.0,51.069202,31872.0,12.0,1.0,0.0,0.0,0.0,0.215394,0.0,0.0,45906.570312,0.215394,570.0,0.0,130.0,0.0,0.0,0.215394,0.215394,0.0,0.0,0.0,27.855928,0.0,14.0
0.0,0.001576,0.0,117.199997,0.541119,0.323248,-0.0,6933.780273,17267.921875,1900.0,1.0,1314.0,9.0,0.0,0.324824,93440.0,1721542144.0,64.0,0.0,0.0,0.0,0.0,0.0,62.0,0.0,7.39209,1.0,5.0,0.0,0.0,24.024292,31872.0,14.0,1.0,0.0,0.0,0.0,0.541119,0.0,0.0,24201.701172,0.541119,586.0,0.0,146.0,0.0,0.0,0.541119,0.541119,0.0,0.0,0.0,14.78418,0.0,14.0
0.0,0.001576,0.0,117.199997,0.542756,0.323248,-0.0,6912.866699,21416.621094,2220.0,1.0,1634.0,9.0,0.0,0.324824,93440.0,1721542144.0,64.0,0.0,0.0,0.0,0.0,0.0,62.0,0.0,7.369794,1.0,5.0,0.0,0.0,23.95183,31872.0,14.0,1.0,0.0,0.0,0.0,0.542756,0.0,0.0,28329.488281,0.542756,586.0,0.0,181.555557,0.0,0.0,0.542756,0.542756,0.0,0.0,0.0,14.739588,0.0,14.0
0.0,0.001576,2.0,109.0,0.831368,0.323248,-0.0,3146.62085,24268.433594,3378.0,1.0,2942.0,7.0,0.0,0.324824,93440.0,1721542144.0,64.0,0.0,0.0,0.0,0.0,0.0,62.0,0.0,3.60851,1.0,4.0,2.0,0.0,12.028367,31872.0,11.0,1.0,0.0,15.384615,0.0,0.831368,0.0,0.0,27415.054688,0.831368,436.0,0.0,420.285706,0.0,0.0,0.831368,0.831368,1.0,0.0,0.0,7.217021,0.0,14.0
0.0,0.001576,0.0,0.0,0.0,0.323248,-0.0,0.0,0.0,1042.0,1.0,1042.0,1.0,0.0,0.324824,103135.70040124832,1721542144.0,64.0,0.0,0.0,0.0,0.0,0.0,62.0,0.0,0.0,1.0,0.0,1.0,0.0,0.0,37317.08209959624,1.0,0.0,0.0,0.0,0.0,0.0,0.0,1.0,0.0,0.0,0.0,0.0,1042.0,0.0,0.0,0.0,0.0,1.0,0.0,0.0,0.0,0.0,14.0
0.0,0.001576,0.0,0.0,0.0,0.323248,-0.0,0.0,0.0,1042.0,1.0,1042.0,1.0,0.0,0.324824,103135.70040124832,1721542144.0,64.0,0.0,0.0,0.0,0.0,0.0,62.0,0.0,0.0,1.0,0.0,1.0,0.0,0.0,37317.08209959624,1.0,0.0,0.0,0.0,0.0,0.0,0.0,1.0,0.0,0.0,0.0,0.0,1042.0,0.0,0.0,0.0,0.0,1.0,0.0,0.0,0.0,0.0,14.0
0.0,0.001576,0.0,0.0,0.0,0.323248,-0.0,0.0,0.0,1042.0,1.0,1042.0,1.0,0.0,0.324824,103135.70040124832,1721542144.0,64.0,0.0,0.0,0.0,0.0,0.0,62.0,0.0,0.0,1.0,0.0,1.0,0.0,0.0,37317.08209959624,1.0,0.0,0.0,0.0,0.0,0.0,0.0,1.0,0.0,0.0,0.0,0.0,1042.0,0.0,0.0,0.0,0.0,1.0,0.0,0.0,0.0,0.0,14.0
0.0,0.001576,0.0,0.0,0.0,0.323248,-0.0,0.0,0.0,1042.0,1.0,1042.0,1.0,0.0,0.324824,103135.70040124832,1721542144.0,64.0,0.0,0.0,0.0,0.0,0.0,62.0,0.0,0.0,1.0,0.0,1.0,0.0,0.0,37317.08209959624,1.0,0.0,0.0,0.0,0.0,0.0,0.0,1.0,0.0,0.0,0.0,0.0,1042.0,0.0,0.0,0.0,0.0,1.0,0.0,0.0,0.0,0.0,14.0
0.0,0.001576,0.0,0.0,0.0,0.323248,-0.0,0.0,0.0,1042.0,1.0,1042.0,1.0,0.0,0.324824,103135.70040124832,1721542144.0,64.0,0.0,0.0,0.0,0.0,0.0,62.0,0.0,0.0,1.0,0.0,1.0,0.0,0.0,37317.08209959624,1.0,0.0,0.0,0.0,0.0,0.0,0.0,1.0,0.0,0.0,0.0,0.0,1042.0,0.0,0.0,0.0,0.0,1.0,0.0,0.0,0.0,0.0,14.0
0.0,0.001576,0.0,0.0,0.0,0.323248,-0.0,0.0,0.0,1042.0,1.0,1042.0,1.0,0.0,0.324824,103135.70040124832,1721542144.0,64.0,0.0,0.0,0.0,0.0,0.0,62.0,0.0,0.0,1.0,0.0,1.0,0.0,0.0,37317.08209959624,1.0,0.0,0.0,0.0,0.0,0.0,0.0,1.0,0.0,0.0,0.0,0.0,1042.0,0.0,0.0,0.0,0.0,1.0,0.0,0.0,0.0,0.0,14.0
0.0,0.001576,1.0,98.0,0.124525,0.323248,-0.0,12591.848633,50303.152344,1468.0,1.0,1174.0,3.0,0.0,0.324824,94080.0,1721542144.0,64.0,0.0,0.0,0.0,0.0,0.0,61.0,0.0,16.061031,1.0,3.0,1.0,0.0,40.15258,31872.0,6.0,1.0,0.0,14.285714,0.0,0.124525,0.0,0.0,62895.0,0.124525,294.0,0.0,391.333344,0.0,0.0,0.124525,0.124525,1.0,0.0,0.0,16.061031,0.0,14.0
0.0,0.001576,1.0,119.333336,0.923145,0.323248,-0.0,2071.180664,9220.65332,1634.0,1.0,1276.0,6.0,0.0,0.324824,94080.0,1721542144.0,64.0,0.0,0.0,0.0,0.0,0.0,61.0,0.0,2.166507,1.0,3.0,1.0,0.0,8.666028,31872.0,9.0,1.0,0.0,10.0,0.0,0.923145,0.0,0.0,11291.833984,0.923145,358.0,0.0,212.666672,0.0,0.0,0.923145,0.923145,1.0,0.0,0.0,5.416267,0.0,14.0
0.0,0.001576,0.0,138.0,0.87214,0.323248,-0.0,3797.55542,14649.024414,2468.0,1.0,1916.0,6.0,0.0,0.324824,94080.0,1721542144.0,64.0,0.0,0.0,0.0,0.0,0.0,62.0,0.0,3.439815,1.0,4.0,0.0,0.0,10.319445,31872.0,10.0,1.0,0.0,0.0,0.0,0.87214,0.0,0.0,18446.580078,0.87214,552.0,0.0,319.333344,0.0,0.0,0.87214,0.87214,0.0,0.0,0.0,5.733025,0.0,14.0
0.0,0.001576,0.0,98.0,0.914152,0.323248,-0.0,1715.250854,2187.819824,668.0,1.0,374.0,3.0,0.0,0.324824,94080.0,1721542144.0,64.0,0.0,0.0,0.0,0.0,0.0,62.0,0.0,2.18782,1.0,3.0,0.0,0.0,5.46955,31872.0,6.0,1.0,0.0,0.0,0.0,0.914152,0.0,0.0,3903.070801,0.914152,294.0,0.0,124.666664,0.0,0.0,0.914152,0.914152,0.0,0.0,0.0,2.18782,0.0,14.0
0.0,0.001576,0.0,130.0,0.681156,0.323248,-0.0,3053.632324,7610.591797,1200.0,1.0,810.0,5.0,0.0,0.324824,94080.0,1721542144.0,64.0,0.0,0.0,0.0,0.0,0.0,62.0,0.0,2.936185,1.0,3.0,0.0,0.0,10.276648,31872.0,8.0,1.0,0.0,0.0,0.0,0.681156,0.0,0.0,10664.223633,0.681156,390.0,0.0,162.0,0.0,0.0,0.681156,0.681156,0.0,0.0,0.0,5.87237,0.0,14.0
0.0,0.001576,0.0,114.0,0.388827,0.323248,-0.0,0.0,3168.504395,422.0,1.0,308.0,2.0,0.0,0.324824,94080.0,1721542144.0,64.0,0.0,0.0,0.0,0.0,0.0,62.0,0.0,0.0,1.0,1.0,0.0,0.0,5.143676,31872.0,3.0,1.0,0.0,0.0,0.0,0.388827,0.0,0.0,3168.504395,0.388827,114.0,0.0,154.0,0.0,0.0,0.388827,0.388827,0.0,0.0,0.0,2.571838,0.0,14.0
0.0,0.001576,1.0,124.0,0.935524,0.323248,-0.0,5301.841797,8636.871094,1922.0,1.0,1178.0,7.0,0.0,0.324824,94080.0,1721542144.0,64.0,0.0,0.0,0.0,0.0,0.0,62.0,0.0,5.344598,1.0,6.0,1.0,0.0,12.827036,31872.0,13.0,1.0,0.0,7.142857,0.0,0.935524,0.0,0.0,13938.712891,0.935524,744.0,0.0,168.285721,0.0,0.0,0.935524,0.935524,1.0,0.0,0.0,6.413518,0.0,14.0
0.0,0.001576,0.0,114.0,0.903533,0.323248,-0.0,4037.484131,6906.222656,1480.0,1.0,910.0,7.0,0.0,0.324824,94080.0,1721542144.0,64.0,0.0,0.0,0.0,0.0,0.0,62.0,0.0,4.427066,1.0,5.0,0.0,0.0,12.174431,31872.0,12.0,1.0,0.0,0.0,0.0,0.903533,0.0,0.0,10943.707031,0.903533,570.0,0.0,130.0,0.0,0.0,0.903533,0.903533,0.0,0.0,0.0,6.640599,0.0,14.0
0.0,0.001576,0.0,114.0,0.000998,0.323248,-0.0,0.0,0.0,180.0,1.0,66.0,1.0,0.0,0.324824,94080.0,1721542144.0,64.0,0.0,0.0,0.0,0.0,0.0,62.0,0.0,0.0,1.0,1.0,0.0,0.0,1002.003967,31872.0,2.0,0.0,0.0,0.0,0.0,0.000998,0.0,0.0,0.0,0.000998,114.0,0.0,66.0,0.0,0.0,0.000998,0.000998,0.0,0.0,0.0,0.0,0.0,14.0
0.0,0.001576,0.0,162.0,0.000497,0.323248,-0.0,0.0,0.0,240.0,1.0,78.0,1.0,0.0,0.324824,94080.0,1721542144.0,64.0,0.0,0.0,0.0,0.0,0.0,62.0,0.0,0.0,1.0,1.0,0.0,0.0,2012.072388,31872.0,2.0,0.0,0.0,0.0,0.0,0.000497,0.0,0.0,0.0,0.000497,162.0,0.0,78.0,0.0,0.0,0.000497,0.000497,0.0,0.0,0.0,0.0,0.0,14.0
0.0,0.001576,0.0,114.0,0.291205,0.323248,-0.0,12527.257812,21428.205078,1480.0,1.0,910.0,7.0,0.0,0.324824,94080.0,1721542144.0,64.0,0.0,0.0,0.0,0.0,0.0,62.0,0.0,13.736029,1.0,5.0,0.0,0.0,37.774078,31872.0,12.0,1.0,0.0,0.0,0.0,0.291205,0.0,0.0,33955.460938,0.291205,570.0,0.0,130.0,0.0,0.0,0.291205,0.291205,0.0,0.0,0.0,20.604042,0.0,14.0
0.0,0.001576,0.0,99.14286,0.937336,0.323248,-0.0,11001.390625,127339.609375,16986.0,1.0,15598.0,23.0,0.0,0.324824,94080.0,1721542144.0,64.0,0.0,0.0,0.0,0.0,0.0,62.0,0.0,13.869092,1.0,14.0,0.0,0.0,38.406719,31872.0,37.0,1.0,0.0,0.0,0.0,0.937336,0.0,0.0,138341.0,0.937336,1388.0,0.0,678.173889,0.0,0.0,0.937336,0.937336,0.0,0.0,0.0,23.470772,0.0,14.0
0.0,0.001576,0.0,114.0,0.000496,0.323248,-0.0,0.0,0.0,180.0,1.0,66.0,1.0,0.0,0.324824,94080.0,1721542144.0,64.0,0.0,0.0,0.0,0.0,0.0,62.0,0.0,0.0,1.0,1.0,0.0,0.0,2016.129028,31872.0,2.0,0.0,0.0,0.0,0.0,0.000496,0.0,0.0,0.0,0.000496,114.0,0.0,66.0,0.0,0.0,0.000496,0.000496,0.0,0.0,0.0,0.0,0.0,14.0
0.0,0.001576,2.0,99.0,0.919048,0.323248,-0.0,6032.329102,15738.024414,2826.0,1.0,2034.0,9.0,0.0,0.324824,94080.0,1721542144.0,64.0,0.0,0.0,0.0,0.0,0.0,62.0,0.0,7.616577,1.0,8.0,2.0,0.0,17.409319,31872.0,17.0,1.0,0.0,10.526316,0.0,0.919048,0.0,0.0,21770.353516,0.919048,792.0,0.0,226.0,0.0,0.0,0.919048,0.919048,1.0,0.0,0.0,8.704659,0.0,14.0
0.0,0.001576,0.0,154.0,0.768235,0.323248,-0.0,1603.675903,1905.66687,582.0,1.0,274.0,3.0,0.0,0.324824,94080.0,1721542144.0,64.0,0.0,0.0,0.0,0.0,0.0,62.0,0.0,1.301685,1.0,2.0,0.0,0.0,5.20674,31872.0,5.0,1.0,0.0,0.0,0.0,0.768235,0.0,0.0,3509.342773,0.768235,308.0,0.0,91.333336,0.0,0.0,0.768235,0.768235,0.0,0.0,0.0,2.60337,0.0,14.0
0.0,0.001576,0.0,106.0,0.998604,0.323248,-0.0,2547.556396,5503.683105,1282.0,1.0,858.0,5.0,0.0,0.324824,94080.0,1721542144.0,64.0,0.0,0.0,0.0,0.0,0.0,62.0,0.0,3.004194,1.0,4.0,0.0,0.0,8.011184,31872.0,9.0,1.0,0.0,0.0,0.0,0.998604,0.0,0.0,8051.239746,0.998604,424.0,0.0,171.600006,0.0,0.0,0.998604,0.998604,0.0,0.0,0.0,4.005592,0.0,14.0
0.0,0.001576,0.0,118.0,0.706793,0.323248,-0.0,4006.830811,6180.027344,1154.0,1.0,682.0,5.0,0.0,0.324824,94080.0,1721542144.0,64.0,0.0,0.0,0.0,0.0,0.0,62.0,0.0,4.244524,1.0,4.0,0.0,0.0,11.318731,31872.0,9.0,1.0,0.0,0.0,0.0,0.706793,0.0,0.0,10186.858398,0.706793,472.0,0.0,136.399994,0.0,0.0,0.706793,0.706793,0.0,0.0,0.0,5.659366,0.0,14.0
0.0,0.001576,1.0,194.0,0.684573,0.323248,-0.0,0.0,2547.573486,520.0,1.0,326.0,3.0,0.0,0.324824,94080.0,1721542144.0,64.0,0.0,0.0,0.0,0.0,0.0,62.0,0.0,0.0,1.0,1.0,1.0,0.0,4.382294,31872.0,4.0,1.0,0.0,20.0,0.0,0.684573,0.0,0.0,2547.573486,0.684573,194.0,0.0,108.666664,0.0,0.0,0.684573,0.684573,1.0,0.0,0.0,2.921529,0.0,14.0
0.0,0.001576,1.0,242.0,0.284588,0.323248,-0.0,0.0,2923.524414,450.0,1.0,208.0,2.0,0.0,0.324824,94080.0,1721542144.0,64.0,0.0,0.0,0.0,0.0,0.0,62.0,0.0,0.0,1.0,1.0,1.0,0.0,7.027703,31872.0,3.0,1.0,0.0,25.0,0.0,0.284588,0.0,0.0,2923.524414,0.284588,242.0,0.0,104.0,0.0,0.0,0.284588,0.284588,1.0,0.0,0.0,3.513851,0.0,14.0
0.0,0.001576,0.0,108.666664,0.210127,0.323248,-0.0,8299.743164,20787.429688,1008.0,1.0,682.0,5.0,0.0,0.324824,94080.0,1721542144.0,64.0,0.0,0.0,0.0,0.0,0.0,62.0,0.0,9.518054,1.0,3.0,0.0,0.0,33.313187,31872.0,8.0,1.0,0.0,0.0,0.0,0.210127,0.0,0.0,29087.171875,0.210127,326.0,0.0,136.399994,0.0,0.0,0.210127,0.210127,0.0,0.0,0.0,19.036108,0.0,14.0
0.0,0.001576,1.0,121.0,0.541096,0.323248,-0.0,5366.885254,10792.910156,1360.0,1.0,876.0,6.0,0.0,0.324824,94080.0,1721542144.0,64.0,0.0,0.0,0.0,0.0,0.0,62.0,0.0,5.544303,1.0,4.0,1.0,0.0,16.63291,31872.0,10.0,1.0,0.0,9.090909,0.0,0.541096,0.0,0.0,16159.794922,0.541096,484.0,0.0,146.0,0.0,0.0,0.541096,0.541096,1.0,0.0,0.0,9.240505,0.0,14.0
0.0,0.001576,1.0,90.0,0.041871,0.323248,-0.0,17195.671875,18724.175781,376.0,1.0,196.0,2.0,0.0,0.324824,94080.0,1721542144.0,64.0,0.0,0.0,0.0,0.0,0.0,62.0,0.0,23.882879,1.0,2.0,1.0,0.0,71.648636,31872.0,4.0,1.0,0.0,20.0,0.0,0.041871,0.0,0.0,35919.847656,0.041871,180.0,0.0,98.0,0.0,0.0,0.041871,0.041871,1.0,0.0,0.0,23.882879,0.0,14.0
0.0,0.001576,0.0,135.333328,0.994588,0.323248,-0.0,2179.797119,2654.365479,846.0,1.0,440.0,4.0,0.0,0.324824,94080.0,1721542144.0,64.0,0.0,0.0,0.0,0.0,0.0,62.0,0.0,2.010883,1.0,3.0,0.0,0.0,6.032649,31872.0,7.0,1.0,0.0,0.0,0.0,0.994588,0.0,0.0,4834.162598,0.994588,406.0,0.0,110.0,0.0,0.0,0.994588,0.994588,0.0,0.0,0.0,3.016324,0.0,14.0
0.0,0.001576,1.0,78.0,0.722386,0.323248,-0.0,0.0,4540.508789,692.0,1.0,614.0,3.0,0.0,0.324824,94080.0,1721542144.0,64.0,0.0,0.0,0.0,0.0,0.0,62.0,0.0,0.0,1.0,1.0,1.0,1.0,4.152905,31872.0,4.0,0.0,0.0,20.0,0.0,0.722386,0.0,0.0,4540.508789,0.722386,78.0,0.0,204.666672,0.0,0.0,0.722386,0.722386,1.0,0.0,0.0,2.768603,0.0,14.0
0.0,0.001576,0.0,0.0,0.0,0.323248,-0.0,0.0,0.0,242.0,1.0,242.0,1.0,0.0,0.324824,103135.70040124832,1721542144.0,64.0,0.0,0.0,0.0,0.0,0.0,62.0,0.0,0.0,1.0,0.0,1.0,0.0,0.0,37317.08209959624,1.0,0.0,0.0,0.0,0.0,0.0,0.0,1.0,0.0,0.0,0.0,0.0,242.0,0.0,0.0,0.0,0.0,1.0,0.0,0.0,0.0,0.0,14.0
0.0,0.001576,0.0,0.0,0.0,0.323248,-0.0,0.0,0.0,242.0,1.0,242.0,1.0,0.0,0.324824,103135.70040124832,1721542144.0,64.0,0.0,0.0,0.0,0.0,0.0,62.0,0.0,0.0,1.0,0.0,1.0,0.0,0.0,37317.08209959624,1.0,0.0,0.0,0.0,0.0,0.0,0.0,1.0,0.0,0.0,0.0,0.0,242.0,0.0,0.0,0.0,0.0,1.0,0.0,0.0,0.0,0.0,14.0
0.0,0.001576,0.0,0.0,0.0,0.323248,-0.0,0.0,0.0,242.0,1.0,242.0,1.0,0.0,0.324824,103135.70040124832,1721542144.0,64.0,0.0,0.0,0.0,0.0,0.0,62.0,0.0,0.0,1.0,0.0,1.0,0.0,0.0,37317.08209959624,1.0,0.0,0.0,0.0,0.0,0.0,0.0,1.0,0.0,0.0,0.0,0.0,242.0,0.0,0.0,0.0,0.0,1.0,0.0,0.0,0.0,0.0,14.0
1.0,0.001576,1.0,124.181816,0.602129,0.323248,-0.0,16501.447266,25921.357422,3456.0,1.0,2090.0,15.0,0.0,0.324824,94080.0,1721542144.0,64.0,0.0,0.0,0.0,0.0,0.0,62.0,1.0,16.607737,1.0,11.0,0.0,0.0,41.519344,31872.0,26.0,1.0,0.0,3.703704,0.0,0.602129,0.0,0.0,42422.804688,0.602129,1366.0,0.0,139.333328,0.0,0.0,0.602129,0.602129,0.0,0.0,0.0,23.250832,0.0,14.0
0.0,0.001576,0.0,126.307693,0.847943,0.323248,-0.0,14302.847656,20057.951172,3900.0,1.0,2258.0,17.0,0.0,0.324824,94080.0,1721542144.0,64.0,0.0,0.0,0.0,0.0,0.0,62.0,0.0,14.151895,1.0,13.0,0.0,0.0,34.200413,31872.0,30.0,1.0,0.0,0.0,0.0,0.847943,0.0,0.0,34360.800781,0.847943,1642.0,0.0,132.823532,0.0,0.0,0.847943,0.847943,0.0,0.0,0.0,18.869192,0.0,14.0
0.0,0.001576,1.0,98.0,0.355975,0.323248,-0.0,4404.803711,14854.975586,1120.0,1.0,826.0,5.0,0.0,0.324824,94080.0,1721542144.0,64.0,0.0,0.0,0.0,0.0,0.0,62.0,0.0,5.618372,1.0,3.0,1.0,0.0,19.664303,31872.0,8.0,1.0,0.0,11.111111,0.0,0.355975,0.0,0.0,19259.779297,0.355975,294.0,0.0,165.199997,0.0,0.0,0.355975,0.355975,1.0,0.0,0.0,11.236744,0.0,14.0
0.0,0.001576,1.0,146.0,0.824402,0.323248,-0.0,0.0,2115.4729,472.0,1.0,326.0,3.0,0.0,0.324824,94080.0,1721542144.0,64.0,0.0,0.0,0.0,0.0,0.0,62.0,0.0,0.0,1.0,1.0,1.0,0.0,3.639001,31872.0,4.0,1.0,0.0,20.0,0.0,0.824402,0.0,0.0,2115.4729,0.824402,146.0,0.0,108.666664,0.0,0.0,0.824402,0.824402,1.0,0.0,0.0,2.426001,0.0,14.0
0.0,0.001576,0.0,0.0,0.0,0.323248,-0.0,0.0,0.0,130.0,1.0,130.0,1.0,0.0,0.324824,103135.70040124832,1721542144.0,64.0,0.0,0.0,0.0,0.0,0.0,62.0,0.0,0.0,1.0,0.0,0.0,0.0,0.0,37317.08209959624,1.0,0.0,0.0,0.0,0.0,0.0,0.0,1.0,0.0,0.0,0.0,0.0,130.0,0.0,0.0,0.0,0.0,0.0,0.0,0.0,0.0,0.0,14.0
0.0,0.001576,0.0,114.0,0.168708,0.323248,-0.0,5405.790039,16407.046875,746.0,1.0,518.0,3.0,0.0,0.324824,94080.0,1721542144.0,64.0,0.0,0.0,0.0,0.0,0.0,62.0,0.0,5.927402,1.0,2.0,0.0,0.0,23.709606,31872.0,5.0,1.0,0.0,0.0,0.0,0.168708,0.0,0.0,21812.835938,0.168708,228.0,0.0,172.666672,0.0,0.0,0.168708,0.168708,0.0,0.0,0.0,11.854803,0.0,14.0
0.0,0.001576,0.0,90.0,0.211151,0.323248,-0.0,3409.88208,18413.363281,828.0,1.0,648.0,4.0,0.0,0.324824,94080.0,1721542144.0,64.0,0.0,0.0,0.0,0.0,0.0,62.0,0.0,4.735947,1.0,2.0,0.0,0.0,23.679735,31872.0,6.0,1.0,0.0,0.0,0.0,0.211151,0.0,0.0,21823.244141,0.211151,180.0,0.0,162.0,0.0,0.0,0.211151,0.211151,0.0,0.0,0.0,14.207842,0.0,14.0
0.0,0.001576,1.0,135.333328,0.673567,0.323248,-0.0,3218.685059,10736.868164,1460.0,1.0,1054.0,7.0,0.0,0.324824,94080.0,1721542144.0,64.0,0.0,0.0,0.0,0.0,0.0,62.0,0.0,2.969267,1.0,3.0,1.0,0.0,13.3617,31872.0,10.0,1.0,0.0,9.090909,0.0,0.673567,0.0,0.0,13955.552734,0.673567,406.0,0.0,150.571426,0.0,0.0,0.673567,0.673567,1.0,0.0,0.0,8.9078,0.0,14.0
0.0,0.001576,0.0,0.0,0.985753,0.323248,-0.0,0.0,2872.930664,708.0,1.0,708.0,2.0,0.0,0.324824,103135.70040124832,1721542144.0,64.0,0.0,0.0,0.0,0.0,0.0,62.0,0.0,0.0,1.0,0.0,1.0,0.0,1.014453,37317.08209959624,2.0,0.0,0.0,0.0,0.0,0.985753,0.0,1.0,2872.930664,0.985753,0.0,0.0,354.0,0.0,0.0,0.985753,0.985753,1.0,0.0,0.0,1.014453,0.0,14.0
0.0,0.001576,0.0,0.0,0.0,0.323248,-0.0,0.0,0.0,354.0,1.0,354.0,1.0,0.0,0.324824,103135.70040124832,1721542144.0,64.0,0.0,0.0,0.0,0.0,0.0,62.0,0.0,0.0,1.0,0.0,0.0,0.0,0.0,37317.08209959624,1.0,0.0,0.0,0.0,0.0,0.0,0.0,1.0,0.0,0.0,0.0,0.0,354.0,0.0,0.0,0.0,0.0,0.0,0.0,0.0,0.0,0.0,14.0
0.0,0.001576,0.0,117.199997,0.712679,0.323248,-0.0,5264.64209,8048.503906,1446.0,1.0,860.0,6.0,0.0,0.324824,94080.0,1721542144.0,64.0,0.0,0.0,0.0,0.0,0.0,62.0,0.0,5.612625,1.0,5.0,0.0,0.0,14.031562,31872.0,11.0,1.0,0.0,0.0,0.0,0.712679,0.0,0.0,13313.146484,0.712679,586.0,0.0,143.333328,0.0,0.0,0.712679,0.712679,0.0,0.0,0.0,7.015781,0.0,14.0
0.0,0.001576,0.0,66.0,0.882798,0.323248,-0.0,1794.294922,150920.140625,18432.0,1.0,18168.0,12.0,0.0,0.324824,90112.0,1721542144.0,64.0,0.0,0.0,0.0,0.0,0.0,62.0,0.0,3.398286,1.0,4.0,0.0,1.0,16.991428,31872.0,16.0,0.0,0.0,0.0,0.0,0.882798,0.0,0.0,152714.4375,0.882798,264.0,0.0,1514.0,0.0,0.0,0.882798,0.882798,0.0,0.0,0.0,12.460382,0.0,14.0
0.0,0.001576,0.0,98.0,0.912781,0.323248,-0.0,6012.39502,131203.4375,16752.0,1.0,15968.0,16.0,0.0,0.324824,91008.0,1721542144.0,64.0,0.0,0.0,0.0,0.0,0.0,62.0,0.0,7.668871,1.0,8.0,0.0,0.0,25.19772,31872.0,24.0,1.0,0.0,0.0,0.0,0.912781,0.0,0.0,137215.828125,0.912781,784.0,0.0,998.0,0.0,0.0,0.912781,0.912781,0.0,0.0,0.0,16.433296,0.0,14.0
0.0,0.001576,0.0,74.0,0.36554,0.323248,-0.0,8097.608887,161142.421875,9034.0,1.0,8590.0,7.0,0.0,0.324824,94080.0,1721542144.0,64.0,0.0,0.0,0.0,0.0,0.0,62.0,0.0,13.678393,1.0,6.0,0.0,0.0,32.828144,31872.0,13.0,1.0,0.0,0.0,0.0,0.36554,0.0,0.0,169240.03125,0.36554,444.0,0.0,1227.142822,0.0,0.0,0.36554,0.36554,0.0,0.0,0.0,16.414072,0.0,14.0
0.0,0.001576,0.0,114.0,0.001006,0.323248,-0.0,0.0,0.0,180.0,1.0,66.0,1.0,0.0,0.324824,94080.0,1721542144.0,64.0,0.0,0.0,0.0,0.0,0.0,62.0,0.0,0.0,1.0,1.0,0.0,0.0,994.035828,31872.0,2.0,0.0,0.0,0.0,0.0,0.001006,0.0,0.0,0.0,0.001006,114.0,0.0,66.0,0.0,0.0,0.001006,0.001006,0.0,0.0,0.0,0.0,0.0,14.0
0.0,0.001576,0.0,130.0,0.58508,0.323248,-0.0,5332.604004,15081.697266,1780.0,1.0,1260.0,8.0,0.0,0.324824,94080.0,1721542144.0,64.0,0.0,0.0,0.0,0.0,0.0,62.0,0.0,5.127504,1.0,4.0,0.0,0.0,18.800846,31872.0,12.0,1.0,0.0,0.0,0.0,0.58508,0.0,0.0,20414.300781,0.58508,520.0,0.0,157.5,0.0,0.0,0.58508,0.58508,0.0,0.0,0.0,11.964175,0.0,14.0
0.0,0.001576,2.0,86.0,0.718707,0.323248,-0.0,1914.549316,10218.350586,1482.0,1.0,1224.0,4.0,0.0,0.324824,94080.0,1721542144.0,64.0,0.0,0.0,0.0,0.0,0.0,62.0,0.0,2.782775,1.0,3.0,2.0,0.0,8.348325,31872.0,7.0,1.0,0.0,22.222222,0.0,0.718707,0.0,0.0,12132.899414,0.718707,258.0,0.0,306.0,0.0,0.0,0.718707,0.718707,1.0,0.0,0.0,4.174162,0.0,14.0
0.0,0.001576,1.0,110.0,0.952535,0.323248,-0.0,3695.402344,11741.300781,2180.0,1.0,1630.0,7.0,0.0,0.324824,94080.0,1721542144.0,64.0,0.0,0.0,0.0,0.0,0.0,62.0,0.0,4.199321,1.0,5.0,1.0,0.0,11.548132,31872.0,12.0,1.0,0.0,7.692308,0.0,0.952535,0.0,0.0,15436.703125,0.952535,550.0,0.0,232.857147,0.0,0.0,0.952535,0.952535,1.0,0.0,0.0,6.298981,0.0,14.0
0.0,0.001576,0.0,98.0,0.956224,0.323248,-0.0,1639.783081,552.171875,426.0,1.0,132.0,2.0,0.0,0.324824,94080.0,1721542144.0,64.0,0.0,0.0,0.0,0.0,0.0,62.0,0.0,2.09156,1.0,3.0,0.0,0.0,4.18312,31872.0,5.0,0.0,0.0,0.0,0.0,0.956224,0.0,0.0,2191.955078,0.956224,294.0,0.0,66.0,0.0,0.0,0.956224,0.956224,0.0,0.0,0.0,1.04578,0.0,14.0
0.0,0.001576,0.0,151.333328,0.994401,0.323248,-0.0,2437.648438,11641.179688,2190.0,1.0,1736.0,6.0,0.0,0.324824,94080.0,1721542144.0,64.0,0.0,0.0,0.0,0.0,0.0,62.0,0.0,2.011261,1.0,3.0,0.0,0.0,8.045044,31872.0,9.0,1.0,0.0,0.0,0.0,0.994401,0.0,0.0,14078.828125,0.994401,454.0,0.0,289.333344,0.0,0.0,0.994401,0.994401,0.0,0.0,0.0,5.028153,0.0,14.0
0.0,0.001576,0.0,0.0,0.935673,0.323248,-0.0,0.0,11371.494141,2660.0,1.0,2660.0,2.0,0.0,0.324824,103135.70040124832,1721542144.0,64.0,0.0,0.0,0.0,0.0,0.0,62.0,0.0,0.0,1.0,0.0,1.0,0.0,1.068749,37317.08209959624,2.0,0.0,0.0,0.0,0.0,0.935673,0.0,1.0,11371.494141,0.935673,0.0,0.0,1330.0,0.0,0.0,0.935673,0.935673,1.0,0.0,0.0,1.068749,0.0,14.0
0.0,0.001576,0.0,0.0,0.0,0.323248,-0.0,0.0,0.0,1330.0,1.0,1330.0,1.0,0.0,0.324824,103135.70040124832,1721542144.0,64.0,0.0,0.0,0.0,0.0,0.0,62.0,0.0,0.0,1.0,0.0,0.0,0.0,0.0,37317.08209959624,1.0,0.0,0.0,0.0,0.0,0.0,0.0,1.0,0.0,0.0,0.0,0.0,1330.0,0.0,0.0,0.0,0.0,0.0,0.0,0.0,0.0,0.0,14.0
0.0,0.001576,0.0,96.0,0.041149,0.323248,-0.0,18663.878906,135701.953125,1588.0,1.0,1396.0,2.0,0.0,0.324824,94080.0,1721542144.0,64.0,0.0,0.0,0.0,0.0,0.0,62.0,0.0,24.301926,1.0,2.0,0.0,0.0,72.905777,31872.0,4.0,1.0,0.0,0.0,0.0,0.041149,0.0,0.0,154365.828125,0.041149,192.0,0.0,698.0,0.0,0.0,0.041149,0.041149,0.0,0.0,0.0,24.301926,0.0,14.0
0.0,0.001576,0.0,133.199997,0.741303,0.323248,-0.0,5752.033691,10198.258789,1768.0,1.0,1102.0,7.0,0.0,0.324824,94080.0,1721542144.0,64.0,0.0,0.0,0.0,0.0,0.0,62.0,0.0,5.395904,1.0,5.0,0.0,0.0,14.838737,31872.0,12.0,1.0,0.0,0.0,0.0,0.741303,0.0,0.0,15950.291992,0.741303,666.0,0.0,157.428574,0.0,0.0,0.741303,0.741303,0.0,0.0,0.0,8.093856,0.0,14.0
0.0,0.001576,1.0,130.0,0.770214,0.323248,-0.0,2700.548096,11321.52832,1698.0,1.0,1308.0,6.0,0.0,0.324824,94080.0,1721542144.0,64.0,0.0,0.0,0.0,0.0,0.0,62.0,0.0,2.596681,1.0,3.0,1.0,0.0,10.386724,31872.0,9.0,1.0,0.0,10.0,0.0,0.770214,0.0,0.0,14022.076172,0.770214,390.0,0.0,218.0,0.0,0.0,0.770214,0.770214,1.0,0.0,0.0,6.491702,0.0,14.0
0.0,0.001576,0.0,114.0,0.042012,0.323248,-0.0,0.0,0.0,180.0,1.0,66.0,1.0,0.0,0.324824,94080.0,1721542144.0,64.0,0.0,0.0,0.0,0.0,0.0,62.0,0.0,0.0,1.0,1.0,0.0,0.0,23.802723,31872.0,2.0,0.0,0.0,0.0,0.0,0.042012,0.0,0.0,0.0,0.042012,114.0,0.0,66.0,0.0,0.0,0.042012,0.042012,0.0,0.0,0.0,0.0,0.0,14.0
0.0,0.001576,0.0,170.0,0.815223,0.323248,-0.0,1668.255249,6241.237305,1134.0,1.0,794.0,5.0,0.0,0.324824,94080.0,1721542144.0,64.0,0.0,0.0,0.0,0.0,0.0,62.0,0.0,1.226658,1.0,2.0,0.0,0.0,7.35995,31872.0,7.0,1.0,0.0,0.0,0.0,0.815223,0.0,0.0,7909.492676,0.815223,340.0,0.0,158.800003,0.0,0.0,0.815223,0.815223,0.0,0.0,0.0,4.906633,0.0,14.0
0.0,0.001576,0.0,0.0,0.0,0.323248,-0.0,0.0,0.0,466.0,1.0,466.0,1.0,0.0,0.324824,103135.70040124832,1721542144.0,64.0,0.0,0.0,0.0,0.0,0.0,62.0,0.0,0.0,1.0,0.0,0.0,0.0,0.0,37317.08209959624,1.0,0.0,0.0,0.0,0.0,0.0,0.0,1.0,0.0,0.0,0.0,0.0,466.0,0.0,0.0,0.0,0.0,0.0,0.0,0.0,0.0,0.0,14.0
0.0,0.001576,0.0,0.0,0.0,0.323248,-0.0,0.0,0.0,466.0,1.0,466.0,1.0,0.0,0.324824,103135.70040124832,1721542144.0,64.0,0.0,0.0,0.0,0.0,0.0,62.0,0.0,0.0,1.0,0.0,0.0,0.0,0.0,37317.08209959624,1.0,0.0,0.0,0.0,0.0,0.0,0.0,1.0,0.0,0.0,0.0,0.0,466.0,0.0,0.0,0.0,0.0,0.0,0.0,0.0,0.0,0.0,14.0
0.0,0.001576,0.0,0.0,0.0,0.323248,-0.0,0.0,0.0,466.0,1.0,466.0,1.0,0.0,0.324824,103135.70040124832,1721542144.0,64.0,0.0,0.0,0.0,0.0,0.0,62.0,0.0,0.0,1.0,0.0,0.0,0.0,0.0,37317.08209959624,1.0,0.0,0.0,0.0,0.0,0.0,0.0,1.0,0.0,0.0,0.0,0.0,466.0,0.0,0.0,0.0,0.0,0.0,0.0,0.0,0.0,0.0,14.0
0.0,0.001576,0.0,0.0,0.0,0.323248,-0.0,0.0,0.0,466.0,1.0,466.0,1.0,0.0,0.324824,103135.70040124832,1721542144.0,64.0,0.0,0.0,0.0,0.0,0.0,62.0,0.0,0.0,1.0,0.0,0.0,0.0,0.0,37317.08209959624,1.0,0.0,0.0,0.0,0.0,0.0,0.0,1.0,0.0,0.0,0.0,0.0,466.0,0.0,0.0,0.0,0.0,0.0,0.0,0.0,0.0,0.0,14.0
0.0,0.001576,0.0,0.0,0.0,0.323248,-0.0,0.0,0.0,466.0,1.0,466.0,1.0,0.0,0.324824,103135.70040124832,1721542144.0,64.0,0.0,0.0,0.0,0.0,0.0,62.0,0.0,0.0,1.0,0.0,0.0,0.0,0.0,37317.08209959624,1.0,0.0,0.0,0.0,0.0,0.0,0.0,1.0,0.0,0.0,0.0,0.0,466.0,0.0,0.0,0.0,0.0,0.0,0.0,0.0,0.0,0.0,14.0
0.0,0.001576,0.0,78.0,0.0,0.323248,-0.0,0.0,0.0,544.0,1.0,466.0,1.0,0.0,0.324824,94080.0,1721542144.0,64.0,0.0,0.0,0.0,0.0,0.0,62.0,0.0,0.0,1.0,1.0,0.0,1.0,0.0,31872.0,2.0,0.0,0.0,0.0,0.0,0.0,0.0,0.0,0.0,0.0,78.0,0.0,466.0,0.0,0.0,0.0,0.0,0.0,0.0,0.0,0.0,0.0,14.0
0.0,0.001576,0.0,114.0,0.04149,0.323248,-0.0,0.0,0.0,180.0,1.0,66.0,1.0,0.0,0.324824,94080.0,1721542144.0,64.0,0.0,0.0,0.0,0.0,0.0,62.0,0.0,0.0,1.0,1.0,0.0,0.0,24.102194,31872.0,2.0,0.0,0.0,0.0,0.0,0.04149,0.0,0.0,0.0,0.04149,114.0,0.0,66.0,0.0,0.0,0.04149,0.04149,0.0,0.0,0.0,0.0,0.0,14.0
0.0,0.001576,0.0,130.0,0.827364,0.323248,-0.0,3771.012451,28040.861328,4000.0,1.0,3480.0,6.0,0.0,0.324824,94080.0,1721542144.0,64.0,0.0,0.0,0.0,0.0,0.0,62.0,0.0,3.625973,1.0,4.0,0.0,0.0,10.87792,31872.0,10.0,1.0,0.0,0.0,0.0,0.827364,0.0,0.0,31811.873047,0.827364,520.0,0.0,580.0,0.0,0.0,0.827364,0.827364,0.0,0.0,0.0,6.043289,0.0,14.0
0.0,0.001576,0.0,0.0,0.0,0.323248,-0.0,0.0,0.0,178.0,1.0,178.0,1.0,0.0,0.324824,103135.70040124832,1721542144.0,64.0,0.0,0.0,0.0,0.0,0.0,62.0,0.0,0.0,1.0,0.0,1.0,0.0,0.0,37317.08209959624,1.0,0.0,0.0,0.0,0.0,0.0,0.0,1.0,0.0,0.0,0.0,0.0,178.0,0.0,0.0,0.0,0.0,1.0,0.0,0.0,0.0,0.0,14.0
0.0,0.001576,0.0,0.0,0.0,0.323248,-0.0,0.0,0.0,178.0,1.0,178.0,1.0,0.0,0.324824,103135.70040124832,1721542144.0,64.0,0.0,0.0,0.0,0.0,0.0,62.0,0.0,0.0,1.0,0.0,1.0,0.0,0.0,37317.08209959624,1.0,0.0,0.0,0.0,0.0,0.0,0.0,1.0,0.0,0.0,0.0,0.0,178.0,0.0,0.0,0.0,0.0,1.0,0.0,0.0,0.0,0.0,14.0
0.0,0.001576,4.0,78.0,0.541097,0.323248,-0.0,2306.425781,95465.328125,7982.0,1.0,7748.0,6.0,0.0,0.324824,92672.0,1721542144.0,64.0,0.0,0.0,0.0,0.0,0.0,62.0,0.0,3.696195,1.0,3.0,4.0,1.0,14.784781,31872.0,9.0,0.0,0.0,30.769231,0.0,0.541097,0.0,0.0,97771.75,0.541097,234.0,0.0,1291.333374,0.0,0.0,0.541097,0.541097,1.0,0.0,0.0,9.240488,0.0,14.0
0.0,0.001576,0.0,0.0,0.0,0.323248,-0.0,0.0,0.0,1514.0,1.0,1514.0,1.0,0.0,0.324824,103135.70040124832,1721542144.0,64.0,0.0,0.0,0.0,0.0,0.0,62.0,0.0,0.0,1.0,0.0,1.0,0.0,0.0,37317.08209959624,1.0,0.0,0.0,0.0,0.0,0.0,0.0,0.0,0.0,0.0,0.0,0.0,1514.0,1.0,0.0,0.0,0.0,1.0,0.0,0.0,0.0,0.0,14.0
0.0,0.001576,0.0,0.0,0.0,0.323248,-0.0,0.0,0.0,1514.0,1.0,1514.0,1.0,0.0,0.324824,103135.70040124832,1721542144.0,64.0,0.0,0.0,0.0,0.0,0.0,62.0,0.0,0.0,1.0,0.0,1.0,0.0,0.0,37317.08209959624,1.0,0.0,0.0,0.0,0.0,0.0,0.0,0.0,0.0,0.0,0.0,0.0,1514.0,1.0,0.0,0.0,0.0,1.0,0.0,0.0,0.0,0.0,14.0
0.0,0.001576,0.0,0.0,0.0,0.323248,-0.0,0.0,0.0,1514.0,1.0,1514.0,1.0,0.0,0.324824,103135.70040124832,1721542144.0,64.0,0.0,0.0,0.0,0.0,0.0,62.0,0.0,0.0,1.0,0.0,1.0,0.0,0.0,37317.08209959624,1.0,0.0,0.0,0.0,0.0,0.0,0.0,0.0,0.0,0.0,0.0,0.0,1514.0,1.0,0.0,0.0,0.0,1.0,0.0,0.0,0.0,0.0,14.0
0.0,0.001576,2.0,74.0,0.813294,0.323248,-0.0,2183.712158,89355.140625,10894.0,1.0,10598.0,7.0,0.0,0.324824,89088.0,1721542144.0,64.0,0.0,0.0,0.0,0.0,0.0,62.0,0.0,3.688703,1.0,4.0,2.0,0.0,12.295676,31872.0,11.0,0.0,0.0,15.384615,0.0,0.813294,0.0,0.0,91538.851562,0.813294,296.0,1.0,1514.0,0.0,0.0,0.813294,0.813294,1.0,0.0,0.0,7.377406,0.0,14.0
0.0,0.001576,2.0,78.0,0.833543,0.323248,-0.0,2245.834961,72653.71875,9396.0,1.0,9084.0,6.0,0.0,0.324824,92928.0,1721542144.0,64.0,0.0,0.0,0.0,0.0,0.0,62.0,0.0,3.599094,1.0,4.0,2.0,0.0,10.797283,31872.0,10.0,0.0,0.0,16.666667,0.0,0.833543,0.0,0.0,74899.554688,0.833543,312.0,1.0,1514.0,0.0,0.0,0.833543,0.833543,1.0,0.0,0.0,5.998491,0.0,14.0
0.0,0.001576,0.0,78.0,0.319503,0.323248,-0.0,5859.099609,6159.566406,804.0,1.0,492.0,2.0,0.0,0.324824,94080.0,1721542144.0,64.0,0.0,0.0,0.0,0.0,0.0,62.0,0.0,9.389583,1.0,4.0,0.0,0.0,15.649305,31872.0,6.0,1.0,0.0,0.0,0.0,0.319503,0.0,0.0,12018.666016,0.319503,312.0,0.0,246.0,0.0,0.0,0.319503,0.319503,0.0,0.0,0.0,3.129861,0.0,14.0
0.0,0.001576,0.0,117.199997,0.851032,0.323248,-0.0,4408.764648,176858.203125,20654.0,1.0,20068.0,16.0,0.0,0.324824,94080.0,1721542144.0,64.0,0.0,0.0,0.0,0.0,0.0,62.0,0.0,4.700176,1.0,5.0,0.0,0.0,23.500879,31872.0,21.0,1.0,0.0,0.0,0.0,0.851032,0.0,0.0,181266.96875,0.851032,586.0,0.0,1254.25,0.0,0.0,0.851032,0.851032,0.0,0.0,0.0,17.625658,0.0,14.0
0.0,0.001576,1.0,86.571426,0.278081,0.323248,-0.0,14959.669922,84924.898438,4296.0,1.0,3690.0,5.0,0.0,0.324824,94080.0,1721542144.0,64.0,0.0,0.0,0.0,0.0,0.0,62.0,0.0,21.576447,1.0,7.0,1.0,0.0,39.55682,31872.0,12.0,1.0,0.0,7.692308,0.0,0.278081,0.0,0.0,99884.5625,0.278081,606.0,0.0,738.0,0.0,0.0,0.278081,0.278081,1.0,0.0,0.0,14.384298,0.0,14.0
0.0,0.001576,0.0,125.428574,0.997606,0.323248,-0.0,6038.456055,17818.658203,3302.0,1.0,2424.0,12.0,0.0,0.324824,94080.0,1721542144.0,64.0,0.0,0.0,0.0,0.0,0.0,62.0,0.0,6.014399,1.0,7.0,0.0,0.0,18.043196,31872.0,19.0,1.0,0.0,0.0,0.0,0.997606,0.0,0.0,23857.115234,0.997606,878.0,0.0,202.0,0.0,0.0,0.997606,0.997606,0.0,0.0,0.0,11.026398,0.0,14.0
0.0,0.001576,0.0,98.0,0.092913,0.323248,-0.0,16876.001953,5682.735352,426.0,1.0,132.0,2.0,0.0,0.324824,94080.0,1721542144.0,64.0,0.0,0.0,0.0,0.0,0.0,62.0,0.0,21.525513,1.0,3.0,0.0,0.0,43.051025,31872.0,5.0,0.0,0.0,0.0,0.0,0.092913,0.0,0.0,22558.738281,0.092913,294.0,0.0,66.0,0.0,0.0,0.092913,0.092913,0.0,0.0,0.0,10.762756,0.0,14.0
0.0,0.001576,1.0,93.5,0.922159,0.323248,-0.0,5682.317383,14574.493164,2668.0,1.0,1920.0,8.0,0.0,0.324824,94080.0,1721542144.0,64.0,0.0,0.0,0.0,0.0,0.0,62.0,0.0,7.590882,1.0,8.0,1.0,0.0,16.266174,31872.0,16.0,1.0,0.0,5.882353,0.0,0.922159,0.0,0.0,20256.810547,0.922159,748.0,0.0,240.0,0.0,0.0,0.922159,0.922159,1.0,0.0,0.0,7.590882,0.0,14.0
0.0,0.001576,0.0,114.0,0.002471,0.323248,-0.0,0.0,0.0,180.0,1.0,66.0,1.0,0.0,0.324824,94080.0,1721542144.0,64.0,0.0,0.0,0.0,0.0,0.0,62.0,0.0,0.0,1.0,1.0,0.0,0.0,404.694458,31872.0,2.0,0.0,0.0,0.0,0.0,0.002471,0.0,0.0,0.0,0.002471,114.0,0.0,66.0,0.0,0.0,0.002471,0.002471,0.0,0.0,0.0,0.0,0.0,14.0
0.0,0.001576,0.0,139.600006,0.865347,0.323248,-0.0,5167.869141,8412.80957,1738.0,1.0,1040.0,8.0,0.0,0.324824,94080.0,1721542144.0,64.0,0.0,0.0,0.0,0.0,0.0,62.0,0.0,4.622423,1.0,5.0,0.0,0.0,13.867269,31872.0,13.0,1.0,0.0,0.0,0.0,0.865347,0.0,0.0,13580.678711,0.865347,698.0,0.0,130.0,0.0,0.0,0.865347,0.865347,0.0,0.0,0.0,8.08924,0.0,14.0
0.0,0.001576,0.0,118.0,0.881367,0.323248,-0.0,3213.19043,5073.936035,1170.0,1.0,698.0,5.0,0.0,0.324824,94080.0,1721542144.0,64.0,0.0,0.0,0.0,0.0,0.0,62.0,0.0,3.403803,1.0,4.0,0.0,0.0,9.076809,31872.0,9.0,1.0,0.0,0.0,0.0,0.881367,0.0,0.0,8287.125977,0.881367,472.0,0.0,139.600006,0.0,0.0,0.881367,0.881367,0.0,0.0,0.0,4.538404,0.0,14.0
0.0,0.001576,0.0,162.0,0.001076,0.323248,-0.0,0.0,0.0,240.0,1.0,78.0,1.0,0.0,0.324824,94080.0,1721542144.0,64.0,0.0,0.0,0.0,0.0,0.0,62.0,0.0,0.0,1.0,1.0,0.0,0.0,929.367981,31872.0,2.0,0.0,0.0,0.0,0.0,0.001076,0.0,0.0,0.0,0.001076,162.0,0.0,78.0,0.0,0.0,0.001076,0.001076,0.0,0.0,0.0,0.0,0.0,14.0
0.0,0.001576,0.0,162.0,0.000502,0.323248,-0.0,0.0,0.0,240.0,1.0,78.0,1.0,0.0,0.324824,94080.0,1721542144.0,64.0,0.0,0.0,0.0,0.0,0.0,62.0,0.0,0.0,1.0,1.0,0.0,0.0,1992.031982,31872.0,2.0,0.0,0.0,0.0,0.0,0.000502,0.0,0.0,0.0,0.000502,162.0,0.0,78.0,0.0,0.0,0.000502,0.000502,0.0,0.0,0.0,0.0,0.0,14.0
0.0,0.001576,0.0,162.0,0.0,0.323248,-0.0,0.0,0.0,240.0,1.0,78.0,1.0,0.0,0.324824,94080.0,1721542144.0,64.0,0.0,0.0,0.0,0.0,0.0,62.0,0.0,0.0,1.0,1.0,0.0,0.0,0.0,31872.0,2.0,0.0,0.0,0.0,0.0,0.0,0.0,0.0,0.0,0.0,162.0,0.0,78.0,0.0,0.0,0.0,0.0,0.0,0.0,0.0,0.0,0.0,14.0
0.0,0.001576,1.0,156.666672,0.876357,0.323248,-0.0,2866.411621,4600.864746,1100.0,1.0,630.0,5.0,0.0,0.324824,94080.0,1721542144.0,64.0,0.0,0.0,0.0,0.0,0.0,62.0,0.0,2.282175,1.0,3.0,1.0,0.0,7.987612,31872.0,8.0,1.0,0.0,11.111111,0.0,0.876357,0.0,0.0,7467.276367,0.876357,470.0,0.0,126.0,0.0,0.0,0.876357,0.876357,1.0,0.0,0.0,4.56435,0.0,14.0
0.0,0.001576,0.0,78.0,0.0,0.323248,-0.0,0.0,0.0,78.0,1.0,0.0,0.0,0.0,0.324824,94080.0,1721542144.0,64.0,0.0,0.0,0.0,0.0,0.0,62.0,0.0,0.0,1.0,1.0,0.0,0.0,0.0,37317.08209959624,1.0,0.0,0.0,0.0,0.0,0.0,0.0,0.0,0.0,0.0,78.0,0.0,0.0,0.0,0.0,0.0,0.0,0.0,0.0,0.0,0.0,0.0,14.0
0.0,0.001576,0.0,90.0,0.357716,0.323248,-0.0,6038.310059,11137.327148,1024.0,1.0,664.0,4.0,0.0,0.324824,94080.0,1721542144.0,64.0,0.0,0.0,0.0,0.0,0.0,62.0,0.0,8.386541,1.0,4.0,0.0,0.0,19.568596,31872.0,8.0,1.0,0.0,0.0,0.0,0.357716,0.0,0.0,17175.636719,0.357716,360.0,0.0,166.0,0.0,0.0,0.357716,0.357716,0.0,0.0,0.0,8.386541,0.0,14.0
0.0,0.001576,0.0,102.571426,0.999776,0.323248,-0.0,4929.104004,8081.810059,1930.0,1.0,1212.0,6.0,0.0,0.324824,94080.0,1721542144.0,64.0,0.0,0.0,0.0,0.0,0.0,62.0,0.0,6.001344,1.0,7.0,0.0,0.0,12.002688,31872.0,13.0,1.0,0.0,0.0,0.0,0.999776,0.0,0.0,13010.914062,0.999776,718.0,0.0,202.0,0.0,0.0,0.999776,0.999776,0.0,0.0,0.0,5.00112,0.0,14.0
0.0,0.001576,0.0,154.0,0.979317,0.323248,-0.0,1258.019653,5293.484863,1118.0,1.0,810.0,5.0,0.0,0.324824,94080.0,1721542144.0,64.0,0.0,0.0,0.0,0.0,0.0,62.0,0.0,1.02112,1.0,2.0,0.0,0.0,6.126719,31872.0,7.0,1.0,0.0,0.0,0.0,0.979317,0.0,0.0,6551.504883,0.979317,308.0,0.0,162.0,0.0,0.0,0.979317,0.979317,0.0,0.0,0.0,4.084479,0.0,14.0
0.0,0.001576,0.0,66.0,0.583574,0.323248,-0.0,904.769592,2330.467041,472.0,1.0,340.0,2.0,0.0,0.324824,94080.0,1721542144.0,64.0,0.0,0.0,0.0,0.0,0.0,62.0,0.0,1.713579,1.0,2.0,0.0,1.0,5.140736,31872.0,4.0,0.0,0.0,0.0,0.0,0.583574,0.0,0.0,3235.236572,0.583574,132.0,0.0,170.0,0.0,0.0,0.583574,0.583574,0.0,0.0,0.0,1.713579,0.0,14.0
0.0,0.001576,0.0,0.0,0.671846,0.323248,-0.0,0.0,28065.957031,2828.0,1.0,2828.0,6.0,0.0,0.324824,103135.70040124832,1721542144.0,64.0,0.0,0.0,0.0,0.0,0.0,62.0,0.0,0.0,1.0,0.0,2.0,0.0,7.442182,37317.08209959624,6.0,0.0,0.0,0.0,0.0,0.671846,0.0,1.0,28065.957031,0.671846,0.0,0.0,471.333344,0.0,0.0,0.671846,0.671846,1.0,0.0,0.0,7.442182,0.0,14.0
0.0,0.001576,0.0,0.0,0.0,0.323248,-0.0,0.0,0.0,210.0,1.0,210.0,1.0,0.0,0.324824,103135.70040124832,1721542144.0,64.0,0.0,0.0,0.0,0.0,0.0,62.0,0.0,0.0,1.0,0.0,1.0,0.0,0.0,37317.08209959624,1.0,0.0,0.0,0.0,0.0,0.0,0.0,1.0,0.0,0.0,0.0,0.0,210.0,0.0,0.0,0.0,0.0,1.0,0.0,0.0,0.0,0.0,14.0
0.0,0.001576,1.0,120.400002,0.843063,0.323248,-0.0,4573.79834,8065.82666,1622.0,1.0,1020.0,6.0,0.0,0.324824,94080.0,1721542144.0,64.0,0.0,0.0,0.0,0.0,0.0,62.0,0.0,4.744604,1.0,5.0,1.0,0.0,11.86151,31872.0,11.0,1.0,0.0,8.333333,0.0,0.843063,0.0,0.0,12639.625,0.843063,602.0,0.0,170.0,0.0,0.0,0.843063,0.843063,1.0,0.0,0.0,5.930755,0.0,14.0
0.0,0.001576,0.0,82.0,0.949163,0.323248,-0.0,1382.270508,8445.334961,1582.0,1.0,1336.0,4.0,0.0,0.324824,94080.0,1721542144.0,64.0,0.0,0.0,0.0,0.0,0.0,62.0,0.0,2.10712,1.0,3.0,0.0,0.0,6.321359,31872.0,7.0,1.0,0.0,0.0,0.0,0.949163,0.0,0.0,9827.605469,0.949163,246.0,0.0,334.0,0.0,0.0,0.949163,0.949163,0.0,0.0,0.0,3.160679,0.0,14.0
0.0,0.001576,0.0,114.0,0.0,0.323248,-0.0,0.0,0.0,180.0,1.0,66.0,1.0,0.0,0.324824,94080.0,1721542144.0,64.0,0.0,0.0,0.0,0.0,0.0,62.0,0.0,0.0,1.0,1.0,0.0,0.0,0.0,31872.0,2.0,0.0,0.0,0.0,0.0,0.0,0.0,0.0,0.0,0.0,114.0,0.0,66.0,0.0,0.0,0.0,0.0,0.0,0.0,0.0,0.0,0.0,14.0
0.0,0.001576,0.0,117.199997,0.588262,0.323248,-0.0,6378.110352,10797.90918,1512.0,1.0,926.0,7.0,0.0,0.324824,94080.0,1721542144.0,64.0,0.0,0.0,0.0,0.0,0.0,62.0,0.0,6.799691,1.0,5.0,0.0,0.0,18.69915,31872.0,12.0,1.0,0.0,0.0,0.0,0.588262,0.0,0.0,17176.019531,0.588262,586.0,0.0,132.285721,0.0,0.0,0.588262,0.588262,0.0,0.0,0.0,10.199536,0.0,14.0
0.0,0.001576,0.0,119.333336,0.37169,0.323248,-0.0,5144.071777,436966.28125,21928.0,1.0,21570.0,17.0,0.0,0.324824,89088.0,1721542144.0,64.0,0.0,0.0,0.0,0.0,0.0,62.0,0.0,5.380828,1.0,3.0,0.0,0.0,51.117867,31872.0,20.0,1.0,0.0,0.0,0.0,0.37169,0.0,0.0,442110.34375,0.37169,358.0,0.0,1268.823486,0.0,0.0,0.37169,0.37169,0.0,0.0,0.0,43.046623,0.0,14.0
0.0,0.001576,0.0,0.0,0.0,0.323248,-0.0,0.0,0.0,754.0,1.0,754.0,1.0,0.0,0.324824,103135.70040124832,1721542144.0,64.0,0.0,0.0,0.0,0.0,0.0,62.0,0.0,0.0,1.0,0.0,0.0,0.0,0.0,37317.08209959624,1.0,0.0,0.0,0.0,0.0,0.0,0.0,1.0,0.0,0.0,0.0,0.0,754.0,0.0,0.0,0.0,0.0,0.0,0.0,0.0,0.0,0.0,14.0
0.0,0.001576,0.0,0.0,0.0,0.323248,-0.0,0.0,0.0,1514.0,1.0,1514.0,1.0,0.0,0.324824,103135.70040124832,1721542144.0,64.0,0.0,0.0,0.0,0.0,0.0,62.0,0.0,0.0,1.0,0.0,1.0,0.0,0.0,37317.08209959624,1.0,0.0,0.0,0.0,0.0,0.0,0.0,0.0,0.0,0.0,0.0,0.0,1514.0,1.0,0.0,0.0,0.0,1.0,0.0,0.0,0.0,0.0,14.0
0.0,0.001576,1.0,111.14286,0.832194,0.323248,-0.0,6411.966797,19562.746094,3152.0,1.0,2374.0,7.0,0.0,0.324824,94080.0,1721542144.0,64.0,0.0,0.0,0.0,0.0,0.0,62.0,0.0,7.209857,1.0,7.0,1.0,0.0,15.621358,31872.0,14.0,1.0,0.0,6.666667,0.0,0.832194,0.0,0.0,25974.712891,0.832194,778.0,0.0,339.142853,0.0,0.0,0.832194,0.832194,1.0,0.0,0.0,7.209857,0.0,14.0
0.0,0.001576,0.0,114.0,0.000984,0.323248,-0.0,0.0,536585.3125,246.0,1.0,132.0,2.0,0.0,0.324824,94080.0,1721542144.0,64.0,0.0,0.0,0.0,0.0,0.0,62.0,0.0,0.0,1.0,1.0,0.0,0.0,2032.520264,31872.0,3.0,0.0,0.0,0.0,0.0,0.000984,0.0,0.0,536585.3125,0.000984,114.0,0.0,66.0,0.0,0.0,0.000984,0.000984,0.0,0.0,0.0,1016.260132,0.0,14.0
0.0,0.001576,0.0,66.0,0.278692,0.323248,-0.0,1894.564575,0.0,198.0,1.0,66.0,1.0,1.0,0.324824,94080.0,1721542144.0,64.0,0.0,0.0,0.0,0.0,0.0,62.0,0.0,3.588191,1.0,2.0,0.0,0.0,7.176381,31872.0,3.0,0.0,0.0,0.0,0.0,0.278692,0.0,0.0,1894.564575,0.278692,132.0,0.0,66.0,0.0,0.0,0.278692,0.278692,0.0,0.0,0.0,0.0,0.0,14.0
0.0,0.000497,0.0,74.0,0.000497,0.0,-0.0,0.0,0.0,148.0,0.0,74.0,1.0,0.0,0.000497,8222720.0,1721542144.0,64.0,0.0,0.0,0.0,0.0,1.0,62.0,0.0,0.0,0.0,1.0,0.0,0.0,2012.072388,4077568.0,2.0,0.0,0.0,0.0,0.0,0.000497,0.0,0.0,0.0,0.000497,74.0,0.0,74.0,0.0,0.0,0.000497,0.000497,0.0,0.0,0.0,0.0,0.0,2.0
1.0,0.000497,2.0,74.0,0.000415,0.0,-0.0,0.0,0.0,148.0,0.0,74.0,1.0,0.0,0.000497,8222720.0,1721542144.0,64.0,0.0,0.0,0.0,0.0,1.0,62.0,0.0,0.0,1.0,1.0,1.0,0.0,2409.638672,4077568.0,2.0,0.0,0.0,50.0,0.0,0.000415,0.0,0.0,0.0,0.000415,74.0,0.0,74.0,0.0,1.0,0.000415,0.000415,0.0,0.0,0.0,0.0,0.0,2.0
0.0,0.000497,2.0,372.0,0.832088,0.163373,-0.0,10729.634766,21507.339844,4172.0,0.0,2684.0,6.0,0.0,0.16387,64256.0,1721542144.0,64.0,0.0,0.0,0.0,0.0,0.0,62.0,0.0,3.605388,1.0,4.0,2.0,0.0,10.816164,31872.0,10.0,0.0,0.0,16.666667,0.0,0.832088,0.0,0.0,32236.974609,0.832088,1488.0,0.0,447.333344,0.0,0.0,0.832088,0.832088,1.0,0.0,0.0,6.00898,0.0,2.0
0.0,0.000497,0.0,0.0,0.0,0.163373,-0.0,0.0,0.0,1186.0,0.0,1186.0,1.0,0.0,0.16387,103135.70040124832,1721542144.0,64.0,0.0,0.0,0.0,0.0,0.0,62.0,0.0,0.0,1.0,0.0,0.0,0.0,0.0,37317.08209959624,1.0,0.0,0.0,0.0,0.0,0.0,0.0,1.0,0.0,0.0,0.0,0.0,1186.0,0.0,0.0,0.0,0.0,0.0,0.0,0.0,0.0,0.0,2.0
0.0,0.000497,0.0,0.0,0.0,0.163373,-0.0,0.0,0.0,1186.0,0.0,1186.0,1.0,0.0,0.16387,103135.70040124832,1721542144.0,64.0,0.0,0.0,0.0,0.0,0.0,62.0,0.0,0.0,1.0,0.0,0.0,0.0,0.0,37317.08209959624,1.0,0.0,0.0,0.0,0.0,0.0,0.0,1.0,0.0,0.0,0.0,0.0,1186.0,0.0,0.0,0.0,0.0,0.0,0.0,0.0,0.0,0.0,2.0
0.0,0.000497,0.0,126.800003,0.78763,0.163373,-0.0,5159.783203,21116.513672,2972.0,0.0,2338.0,9.0,0.0,0.16387,64128.0,1721542144.0,64.0,0.0,0.0,0.0,0.0,0.0,62.0,0.0,5.078526,1.0,5.0,0.0,0.0,16.505211,31872.0,14.0,1.0,0.0,0.0,0.0,0.78763,0.0,0.0,26276.296875,0.78763,634.0,0.0,259.777771,0.0,0.0,0.78763,0.78763,0.0,0.0,0.0,10.157053,0.0,2.0
0.0,0.000497,1.0,89.0,0.890682,0.163373,-0.0,2398.162354,17730.234375,2658.0,1.0,2302.0,7.0,0.0,0.16387,64128.0,1721542144.0,64.0,0.0,0.0,0.0,0.0,0.0,62.0,0.0,3.368206,1.0,4.0,1.0,0.0,11.227352,31872.0,11.0,1.0,0.0,8.333333,0.0,0.890682,0.0,0.0,20128.396484,0.890682,356.0,0.0,328.857147,0.0,0.0,0.890682,0.890682,1.0,0.0,0.0,6.736411,0.0,2.0
0.0,0.000497,0.0,114.0,0.743273,0.163373,-0.0,7362.032227,15692.75293,2418.0,1.0,1620.0,10.0,0.0,0.16387,64128.0,1721542144.0,64.0,0.0,0.0,0.0,0.0,0.0,62.0,0.0,8.072404,1.0,7.0,0.0,0.0,21.526411,31872.0,17.0,1.0,0.0,0.0,0.0,0.743273,0.0,0.0,23054.785156,0.743273,798.0,0.0,162.0,0.0,0.0,0.743273,0.743273,0.0,0.0,0.0,12.108605,0.0,2.0
0.0,0.000497,0.0,117.199997,0.278004,0.163373,-0.0,13496.208984,26790.982422,1672.0,1.0,1086.0,7.0,0.0,0.16387,64128.0,1721542144.0,64.0,0.0,0.0,0.0,0.0,0.0,62.0,0.0,14.388283,1.0,5.0,0.0,0.0,39.567776,31872.0,12.0,1.0,0.0,0.0,0.0,0.278004,0.0,0.0,40287.191406,0.278004,586.0,0.0,155.142853,0.0,0.0,0.278004,0.278004,0.0,0.0,0.0,21.582424,0.0,2.0
0.0,0.000497,0.0,117.199997,0.215723,0.163373,-0.0,17392.675781,29445.169922,1512.0,1.0,926.0,7.0,0.0,0.16387,64128.0,1721542144.0,64.0,0.0,0.0,0.0,0.0,0.0,62.0,0.0,18.542297,1.0,5.0,0.0,0.0,50.991318,31872.0,12.0,1.0,0.0,0.0,0.0,0.215723,0.0,0.0,46837.84375,0.215723,586.0,0.0,132.285721,0.0,0.0,0.215723,0.215723,0.0,0.0,0.0,27.813446,0.0,2.0
0.0,0.000497,0.0,91.599998,0.648828,0.163373,-0.0,10172.186523,238929.265625,21370.0,1.0,20454.0,19.0,0.0,0.16387,64128.0,1721542144.0,64.0,0.0,0.0,0.0,0.0,0.0,62.0,0.0,13.871164,1.0,10.0,0.0,0.0,43.154732,31872.0,29.0,1.0,0.0,0.0,0.0,0.648828,0.0,0.0,249101.453125,0.648828,916.0,0.0,1076.526367,0.0,0.0,0.648828,0.648828,0.0,0.0,0.0,27.742329,0.0,2.0
0.0,0.000497,0.0,87.333336,0.958993,0.163373,-0.0,8016.742188,179104.53125,23648.0,1.0,22600.0,20.0,0.0,0.16387,86400.0,1721542144.0,64.0,0.0,0.0,0.0,0.0,0.0,62.0,0.0,11.470366,1.0,12.0,0.0,0.0,32.325573,31872.0,32.0,1.0,0.0,0.0,0.0,0.958993,0.0,0.0,187121.28125,0.958993,1048.0,0.0,1130.0,0.0,0.0,0.958993,0.958993,0.0,0.0,0.0,19.812449,0.0,2.0
0.0,0.000497,0.0,114.0,0.556924,0.163373,-0.0,6550.265625,11204.401367,1480.0,1.0,910.0,7.0,0.0,0.16387,89344.0,1721542144.0,64.0,0.0,0.0,0.0,0.0,0.0,62.0,0.0,7.182309,1.0,5.0,0.0,0.0,19.751348,31872.0,12.0,1.0,0.0,0.0,0.0,0.556924,0.0,0.0,17754.667969,0.556924,570.0,0.0,130.0,0.0,0.0,0.556924,0.556924,0.0,0.0,0.0,10.773463,0.0,2.0
0.0,0.000497,0.0,117.199997,0.540371,0.163373,-0.0,6943.37793,16166.670898,1834.0,1.0,1248.0,8.0,0.0,0.16387,95104.0,1721542144.0,64.0,0.0,0.0,0.0,0.0,0.0,62.0,0.0,7.402322,1.0,5.0,0.0,0.0,22.206964,31872.0,13.0,1.0,0.0,0.0,0.0,0.540371,0.0,0.0,23110.048828,0.540371,586.0,0.0,156.0,0.0,0.0,0.540371,0.540371,0.0,0.0,0.0,12.954063,0.0,2.0
0.0,0.000497,0.0,117.199997,0.958773,0.163373,-0.0,3913.334961,10288.149414,2024.0,1.0,1438.0,7.0,0.0,0.16387,98048.0,1721542144.0,64.0,0.0,0.0,0.0,0.0,0.0,62.0,0.0,4.171999,1.0,5.0,0.0,0.0,11.472997,31872.0,12.0,1.0,0.0,0.0,0.0,0.958773,0.0,0.0,14201.484375,0.958773,586.0,0.0,205.428574,0.0,0.0,0.958773,0.958773,0.0,0.0,0.0,6.257998,0.0,2.0
0.0,0.000497,0.0,133.199997,0.849342,0.163373,-0.0,5020.356934,15824.014648,2586.0,1.0,1920.0,8.0,0.0,0.16387,100992.0,1721542144.0,64.0,0.0,0.0,0.0,0.0,0.0,62.0,0.0,4.709528,1.0,5.0,0.0,0.0,14.128585,31872.0,13.0,1.0,0.0,0.0,0.0,0.849342,0.0,0.0,20844.371094,0.849342,666.0,0.0,240.0,0.0,0.0,0.849342,0.849342,0.0,0.0,0.0,8.241674,0.0,2.0
0.0,0.000497,0.0,110.0,0.586306,0.163373,-0.0,4502.768555,10588.328125,1410.0,1.0,970.0,5.0,0.0,0.16387,106752.0,1721542144.0,64.0,0.0,0.0,0.0,0.0,0.0,62.0,0.0,5.116782,1.0,4.0,0.0,0.0,13.644753,31872.0,9.0,1.0,0.0,0.0,0.0,0.586306,0.0,0.0,15091.09668,0.586306,440.0,0.0,194.0,0.0,0.0,0.586306,0.586306,0.0,0.0,0.0,6.822376,0.0,2.0
0.0,0.000497,0.0,123.599998,0.860862,0.163373,-0.0,4600.040527,17285.0,2788.0,1.0,2170.0,7.0,0.0,0.16387,112512.0,1721542144.0,64.0,0.0,0.0,0.0,0.0,0.0,62.0,0.0,4.646505,1.0,5.0,0.0,0.0,12.77789,31872.0,12.0,1.0,0.0,0.0,0.0,0.860862,0.0,0.0,21885.041016,0.860862,618.0,0.0,310.0,0.0,0.0,0.860862,0.860862,0.0,0.0,0.0,6.969758,0.0,2.0
0.0,0.000497,0.0,114.0,0.000496,0.163373,-0.0,0.0,0.0,180.0,1.0,66.0,1.0,0.0,0.16387,112512.0,1721542144.0,64.0,0.0,0.0,0.0,0.0,0.0,62.0,0.0,0.0,1.0,1.0,0.0,0.0,2016.129028,31872.0,2.0,0.0,0.0,0.0,0.0,0.000496,0.0,0.0,0.0,0.000496,114.0,0.0,66.0,0.0,0.0,0.000496,0.000496,0.0,0.0,0.0,0.0,0.0,2.0
0.0,0.000497,0.0,134.571426,0.884087,0.163373,-0.0,7311.497559,18387.330078,3158.0,1.0,2216.0,12.0,0.0,0.16387,118272.0,1721542144.0,64.0,0.0,0.0,0.0,0.0,0.0,62.0,0.0,6.786662,1.0,7.0,0.0,0.0,20.359987,31872.0,19.0,1.0,0.0,0.0,0.0,0.884087,0.0,0.0,25698.828125,0.884087,942.0,0.0,184.666672,0.0,0.0,0.884087,0.884087,0.0,0.0,0.0,12.442214,0.0,2.0
0.0,0.000497,0.0,126.800003,0.900074,0.163373,-0.0,4515.184082,5546.210449,1382.0,1.0,748.0,6.0,0.0,0.16387,121216.0,1721542144.0,64.0,0.0,0.0,0.0,0.0,0.0,62.0,0.0,4.444079,1.0,5.0,0.0,0.0,11.110197,31872.0,11.0,1.0,0.0,0.0,0.0,0.900074,0.0,0.0,10061.394531,0.900074,634.0,0.0,124.666664,0.0,0.0,0.900074,0.900074,0.0,0.0,0.0,5.555099,0.0,2.0
0.0,0.000497,0.0,98.0,0.202564,0.163373,-0.0,7740.763184,2606.583496,426.0,1.0,132.0,2.0,0.0,0.16387,124160.0,1721542144.0,64.0,0.0,0.0,0.0,0.0,0.0,62.0,0.0,9.873423,1.0,3.0,0.0,0.0,19.746845,31872.0,5.0,0.0,0.0,0.0,0.0,0.202564,0.0,0.0,10347.34668,0.202564,294.0,0.0,66.0,0.0,0.0,0.202564,0.202564,0.0,0.0,0.0,4.936711,0.0,2.0
0.0,0.000497,0.0,123.599998,0.528282,0.163373,-0.0,7495.996582,9449.499023,1366.0,1.0,748.0,6.0,0.0,0.16387,126976.0,1721542144.0,64.0,0.0,0.0,0.0,0.0,0.0,62.0,0.0,7.571714,1.0,5.0,0.0,0.0,18.929285,31872.0,11.0,1.0,0.0,0.0,0.0,0.528282,0.0,0.0,16945.496094,0.528282,618.0,0.0,124.666664,0.0,0.0,0.528282,0.528282,0.0,0.0,0.0,9.464643,0.0,2.0
0.0,0.000497,0.0,114.0,0.541304,0.163373,-0.0,1684.820435,1152.771851,384.0,1.0,156.0,2.0,0.0,0.16387,126976.0,1721542144.0,64.0,0.0,0.0,0.0,0.0,0.0,62.0,0.0,1.847391,1.0,2.0,0.0,0.0,5.542172,31872.0,4.0,0.0,0.0,0.0,0.0,0.541304,0.0,0.0,2837.592285,0.541304,228.0,0.0,78.0,0.0,0.0,0.541304,0.541304,0.0,0.0,0.0,1.847391,0.0,2.0
0.0,0.000497,0.0,114.0,0.000499,0.163373,-0.0,0.0,0.0,192.0,1.0,78.0,1.0,0.0,0.16387,126976.0,1721542144.0,64.0,0.0,0.0,0.0,0.0,0.0,62.0,0.0,0.0,1.0,1.0,0.0,0.0,2004.007935,31872.0,2.0,0.0,0.0,0.0,0.0,0.000499,0.0,0.0,0.0,0.000499,114.0,0.0,78.0,0.0,0.0,0.000499,0.000499,0.0,0.0,0.0,0.0,0.0,2.0
0.0,0.000497,0.0,123.14286,0.863,0.163373,-0.0,6850.521484,9084.588867,1950.0,1.0,1088.0,10.0,0.0,0.16387,129920.0,1721542144.0,64.0,0.0,0.0,0.0,0.0,0.0,62.0,0.0,6.952491,1.0,7.0,0.0,0.0,18.539978,31872.0,17.0,1.0,0.0,0.0,0.0,0.863,0.0,0.0,15935.110352,0.863,862.0,0.0,108.800003,0.0,0.0,0.863,0.863,0.0,0.0,0.0,10.428738,0.0,2.0
0.0,0.000497,0.0,110.800003,0.786125,0.163373,-0.0,4518.365234,5128.955078,1184.0,1.0,630.0,5.0,0.0,0.16387,132736.0,1721542144.0,64.0,0.0,0.0,0.0,0.0,0.0,62.0,0.0,5.088249,1.0,5.0,0.0,0.0,11.448561,31872.0,10.0,1.0,0.0,0.0,0.0,0.786125,0.0,0.0,9647.320312,0.786125,554.0,0.0,126.0,0.0,0.0,0.786125,0.786125,0.0,0.0,0.0,5.088249,0.0,2.0
0.0,0.000497,0.0,114.0,0.804555,0.163373,-0.0,1133.545898,775.584045,384.0,1.0,156.0,2.0,0.0,0.16387,132736.0,1721542144.0,64.0,0.0,0.0,0.0,0.0,0.0,62.0,0.0,1.242923,1.0,2.0,0.0,0.0,3.728769,31872.0,4.0,0.0,0.0,0.0,0.0,0.804555,0.0,0.0,1909.129883,0.804555,228.0,0.0,78.0,0.0,0.0,0.804555,0.804555,0.0,0.0,0.0,1.242923,0.0,2.0
0.0,0.000497,0.0,114.0,0.001481,0.163373,-0.0,0.0,0.0,192.0,1.0,78.0,1.0,0.0,0.16387,132736.0,1721542144.0,64.0,0.0,0.0,0.0,0.0,0.0,62.0,0.0,0.0,1.0,1.0,0.0,0.0,675.219482,31872.0,2.0,0.0,0.0,0.0,0.0,0.001481,0.0,0.0,0.0,0.001481,114.0,0.0,78.0,0.0,0.0,0.001481,0.001481,0.0,0.0,0.0,0.0,0.0,2.0
0.0,0.000497,0.0,116.666664,0.697389,0.163373,-0.0,6699.273926,8959.131836,1592.0,1.0,892.0,8.0,0.0,0.16387,135680.0,1721542144.0,64.0,0.0,0.0,0.0,0.0,0.0,62.0,0.0,7.1696,1.0,6.0,0.0,0.0,18.640959,31872.0,14.0,1.0,0.0,0.0,0.0,0.697389,0.0,0.0,15658.405273,0.697389,700.0,0.0,111.5,0.0,0.0,0.697389,0.697389,0.0,0.0,0.0,10.037439,0.0,2.0
0.0,0.000497,0.0,114.0,0.415599,0.163373,-0.0,2194.423096,1501.447388,384.0,1.0,156.0,2.0,0.0,0.16387,135680.0,1721542144.0,64.0,0.0,0.0,0.0,0.0,0.0,62.0,0.0,2.406166,1.0,2.0,0.0,0.0,7.218497,31872.0,4.0,0.0,0.0,0.0,0.0,0.415599,0.0,0.0,3695.870361,0.415599,228.0,0.0,78.0,0.0,0.0,0.415599,0.415599,0.0,0.0,0.0,2.406166,0.0,2.0
0.0,0.000497,0.0,119.333336,0.494063,0.163373,-0.0,9666.783203,14006.311523,1704.0,1.0,988.0,8.0,0.0,0.16387,138624.0,1721542144.0,64.0,0.0,0.0,0.0,0.0,0.0,62.0,0.0,10.120167,1.0,6.0,0.0,0.0,26.312435,31872.0,14.0,1.0,0.0,0.0,0.0,0.494063,0.0,0.0,23673.095703,0.494063,716.0,0.0,123.5,0.0,0.0,0.494063,0.494063,0.0,0.0,0.0,14.168234,0.0,2.0
0.0,0.000497,0.0,106.0,0.632987,0.163373,-0.0,4019.039795,5990.644043,1056.0,1.0,632.0,4.0,0.0,0.16387,141440.0,1721542144.0,64.0,0.0,0.0,0.0,0.0,0.0,62.0,0.0,4.739434,1.0,4.0,0.0,0.0,11.058679,31872.0,8.0,1.0,0.0,0.0,0.0,0.632987,0.0,0.0,10009.683594,0.632987,424.0,0.0,158.0,0.0,0.0,0.632987,0.632987,0.0,0.0,0.0,4.739434,0.0,2.0
0.0,0.000497,0.0,66.0,0.0,0.163373,-0.0,0.0,0.0,276.0,1.0,210.0,1.0,0.0,0.16387,144384.0,1721542144.0,64.0,0.0,0.0,0.0,0.0,0.0,62.0,0.0,0.0,1.0,1.0,0.0,1.0,0.0,31872.0,2.0,0.0,0.0,0.0,0.0,0.0,0.0,0.0,0.0,0.0,66.0,0.0,210.0,0.0,0.0,0.0,0.0,0.0,0.0,0.0,0.0,0.0,2.0
0.0,0.000497,0.0,66.0,0.925952,0.163373,-0.0,0.0,4734.586426,888.0,1.0,822.0,3.0,0.0,0.16387,147328.0,1721542144.0,64.0,0.0,0.0,0.0,0.0,0.0,62.0,0.0,0.0,1.0,1.0,0.0,1.0,3.239909,31872.0,4.0,0.0,0.0,0.0,0.0,0.925952,0.0,0.0,4734.586426,0.925952,66.0,0.0,274.0,0.0,0.0,0.925952,0.925952,0.0,0.0,0.0,2.159939,0.0,2.0
0.0,0.000497,0.0,104.0,0.988307,0.163373,-0.0,5892.905762,6427.152832,1758.0,1.0,926.0,7.0,0.0,0.16387,153088.0,1721542144.0,64.0,0.0,0.0,0.0,0.0,0.0,62.0,0.0,7.082819,1.0,8.0,0.0,0.0,14.165639,31872.0,15.0,1.0,0.0,0.0,0.0,0.988307,0.0,0.0,12320.058594,0.988307,832.0,0.0,132.285721,0.0,0.0,0.988307,0.988307,0.0,0.0,0.0,6.070988,0.0,2.0
0.0,0.000497,0.0,117.199997,0.925199,0.163373,-0.0,4055.343994,15875.503906,2728.0,1.0,2142.0,7.0,0.0,0.16387,157440.0,1721542144.0,64.0,0.0,0.0,0.0,0.0,0.0,62.0,0.0,4.323394,1.0,5.0,0.0,0.0,11.889335,31872.0,12.0,1.0,0.0,0.0,0.0,0.925199,0.0,0.0,19930.847656,0.925199,586.0,0.0,306.0,0.0,0.0,0.925199,0.925199,0.0,0.0,0.0,6.485092,0.0,2.0
0.0,0.000497,0.0,116.666664,0.586394,0.163373,-0.0,7967.339355,23902.017578,2670.0,1.0,1970.0,9.0,0.0,0.16387,158080.0,1721542144.0,64.0,0.0,0.0,0.0,0.0,0.0,62.0,0.0,8.52669,1.0,6.0,0.0,0.0,23.874733,31872.0,15.0,1.0,0.0,0.0,0.0,0.586394,0.0,0.0,31869.357422,0.586394,700.0,0.0,218.888885,0.0,0.0,0.586394,0.586394,0.0,0.0,0.0,13.642704,0.0,2.0
0.0,0.000497,0.0,117.199997,0.216023,0.163373,-0.0,17368.521484,33996.378906,1656.0,1.0,1070.0,7.0,0.0,0.16387,159104.0,1721542144.0,64.0,0.0,0.0,0.0,0.0,0.0,62.0,0.0,18.516546,1.0,5.0,0.0,0.0,50.920506,31872.0,12.0,1.0,0.0,0.0,0.0,0.216023,0.0,0.0,51364.902344,0.216023,586.0,0.0,152.857147,0.0,0.0,0.216023,0.216023,0.0,0.0,0.0,27.77482,0.0,2.0
0.0,0.000497,0.0,114.0,0.970508,0.163373,-0.0,7517.712402,15051.911133,3018.0,1.0,1992.0,12.0,0.0,0.16387,159104.0,1721542144.0,64.0,0.0,0.0,0.0,0.0,0.0,62.0,0.0,8.243106,1.0,9.0,0.0,0.0,20.607765,31872.0,21.0,1.0,0.0,0.0,0.0,0.970508,0.0,0.0,22569.623047,0.970508,1026.0,0.0,166.0,0.0,0.0,0.970508,0.970508,0.0,0.0,0.0,11.33427,0.0,2.0
0.0,0.000497,0.0,66.0,0.046121,0.163373,-0.0,11448.146484,0.0,132.0,1.0,0.0,0.0,0.0,0.16387,159104.0,1721542144.0,64.0,0.0,0.0,0.0,0.0,0.0,62.0,0.0,21.682096,1.0,2.0,0.0,0.0,21.682096,37317.08209959624,2.0,0.0,0.0,0.0,0.0,0.046121,0.0,0.0,11448.146484,0.046121,132.0,0.0,0.0,0.0,0.0,0.046121,0.046121,0.0,0.0,0.0,0.0,0.0,2.0
0.0,0.000497,0.0,99.599998,0.847261,0.163373,-0.0,8469.644531,24861.287109,3868.0,1.0,2872.0,12.0,0.0,0.16387,159104.0,1721542144.0,64.0,0.0,0.0,0.0,0.0,0.0,62.0,0.0,10.622464,1.0,10.0,0.0,0.0,24.785751,31872.0,22.0,1.0,0.0,0.0,0.0,0.847261,0.0,0.0,33330.933594,0.847261,996.0,0.0,239.333328,0.0,0.0,0.847261,0.847261,0.0,0.0,0.0,12.983012,0.0,2.0
0.0,0.000497,0.0,121.111115,0.400025,0.163373,-0.0,19378.789062,32677.957031,2860.0,1.0,1770.0,13.0,0.0,0.16387,159104.0,1721542144.0,64.0,0.0,0.0,0.0,0.0,0.0,62.0,0.0,19.998749,1.0,9.0,0.0,0.0,52.496719,31872.0,22.0,1.0,0.0,0.0,0.0,0.400025,0.0,0.0,52056.746094,0.400025,1090.0,0.0,136.153839,0.0,0.0,0.400025,0.400025,0.0,0.0,0.0,29.998125,0.0,2.0
0.0,0.000497,0.0,117.199997,0.219489,0.163373,-0.0,17094.251953,36448.296875,1752.0,1.0,1166.0,7.0,0.0,0.16387,159104.0,1721542144.0,64.0,0.0,0.0,0.0,0.0,0.0,62.0,0.0,18.224148,1.0,5.0,0.0,0.0,50.116409,31872.0,12.0,1.0,0.0,0.0,0.0,0.219489,0.0,0.0,53542.546875,0.219489,586.0,0.0,166.571426,0.0,0.0,0.219489,0.219489,0.0,0.0,0.0,27.336224,0.0,2.0
0.0,0.000497,0.0,108.666664,0.98604,0.163373,-0.0,9703.459961,115841.140625,16230.0,1.0,14926.0,23.0,0.0,0.16387,159104.0,1721542144.0,64.0,0.0,0.0,0.0,0.0,0.0,62.0,0.0,11.155734,1.0,12.0,0.0,0.0,34.481361,31872.0,35.0,1.0,0.0,0.0,0.0,0.98604,0.0,0.0,125544.601562,0.98604,1304.0,0.0,648.956543,0.0,0.0,0.98604,0.98604,0.0,0.0,0.0,22.311468,0.0,2.0
0.0,0.000497,0.0,115.777779,0.983796,0.163373,-0.0,7538.147949,18906.359375,3578.0,1.0,2536.0,12.0,0.0,0.16387,159104.0,1721542144.0,64.0,0.0,0.0,0.0,0.0,0.0,62.0,0.0,8.131767,1.0,9.0,0.0,0.0,20.329418,31872.0,21.0,1.0,0.0,0.0,0.0,0.983796,0.0,0.0,26444.505859,0.983796,1042.0,0.0,211.333328,0.0,0.0,0.983796,0.983796,0.0,0.0,0.0,11.18118,0.0,2.0
0.0,0.000497,0.0,114.0,0.052088,0.163373,-0.0,0.0,10136.691406,246.0,1.0,132.0,2.0,0.0,0.16387,159104.0,1721542144.0,64.0,0.0,0.0,0.0,0.0,0.0,62.0,0.0,0.0,1.0,1.0,0.0,0.0,38.396561,31872.0,3.0,0.0,0.0,0.0,0.0,0.052088,0.0,0.0,10136.691406,0.052088,114.0,0.0,66.0,0.0,0.0,0.052088,0.052088,0.0,0.0,0.0,19.19828,0.0,2.0
0.0,0.000497,1.0,115.714287,0.970104,0.163373,-0.0,5731.344238,9491.765625,2104.0,1.0,1294.0,9.0,0.0,0.16387,159104.0,1721542144.0,64.0,0.0,0.0,0.0,0.0,0.0,62.0,0.0,6.184904,1.0,7.0,1.0,0.0,15.46226,31872.0,16.0,1.0,0.0,5.882353,0.0,0.970104,0.0,0.0,15223.110352,0.970104,810.0,0.0,143.777771,0.0,0.0,0.970104,0.970104,1.0,0.0,0.0,8.246539,0.0,2.0
0.0,0.000497,0.0,162.0,0.0,0.163373,-0.0,0.0,0.0,240.0,1.0,78.0,1.0,0.0,0.16387,159104.0,1721542144.0,64.0,0.0,0.0,0.0,0.0,0.0,62.0,0.0,0.0,1.0,1.0,0.0,0.0,0.0,31872.0,2.0,0.0,0.0,0.0,0.0,0.0,0.0,0.0,0.0,0.0,162.0,0.0,78.0,0.0,0.0,0.0,0.0,0.0,0.0,0.0,0.0,0.0,2.0
0.0,0.000497,0.0,162.0,0.000996,0.163373,-0.0,0.0,0.0,240.0,1.0,78.0,1.0,0.0,0.16387,159104.0,1721542144.0,64.0,0.0,0.0,0.0,0.0,0.0,62.0,0.0,0.0,1.0,1.0,0.0,0.0,1004.016052,31872.0,2.0,0.0,0.0,0.0,0.0,0.000996,0.0,0.0,0.0,0.000996,162.0,0.0,78.0,0.0,0.0,0.000996,0.000996,0.0,0.0,0.0,0.0,0.0,2.0
0.0,0.000497,0.0,116.285713,0.541748,0.163373,-0.0,10307.375977,10455.045898,1640.0,1.0,826.0,7.0,0.0,0.16387,159104.0,1721542144.0,64.0,0.0,0.0,0.0,0.0,0.0,62.0,0.0,11.07526,1.0,7.0,0.0,0.0,23.996397,31872.0,14.0,1.0,0.0,0.0,0.0,0.541748,0.0,0.0,20762.421875,0.541748,814.0,0.0,118.0,0.0,0.0,0.541748,0.541748,0.0,0.0,0.0,11.07526,0.0,2.0
0.0,0.000497,0.0,117.199997,0.954712,0.163373,-0.0,8840.362305,12577.615234,2798.0,1.0,1626.0,13.0,0.0,0.16387,159104.0,1721542144.0,64.0,0.0,0.0,0.0,0.0,0.0,62.0,0.0,9.426927,1.0,10.0,0.0,0.0,23.043598,31872.0,23.0,1.0,0.0,0.0,0.0,0.954712,0.0,0.0,21417.978516,0.954712,1172.0,0.0,125.07692,0.0,0.0,0.954712,0.954712,0.0,0.0,0.0,12.569236,0.0,2.0
0.0,0.000497,0.0,117.199997,0.218105,0.163373,-0.0,17202.722656,27619.724609,1464.0,1.0,878.0,7.0,0.0,0.16387,159104.0,1721542144.0,64.0,0.0,0.0,0.0,0.0,0.0,62.0,0.0,18.33979,1.0,5.0,0.0,0.0,50.434422,31872.0,12.0,1.0,0.0,0.0,0.0,0.218105,0.0,0.0,44822.445312,0.218105,586.0,0.0,125.428574,0.0,0.0,0.218105,0.218105,0.0,0.0,0.0,27.509686,0.0,2.0
0.0,0.000497,2.0,109.0,0.888455,0.163373,-0.0,2944.437256,104135.835938,13052.0,1.0,12616.0,12.0,0.0,0.16387,159104.0,1721542144.0,64.0,0.0,0.0,0.0,0.0,0.0,62.0,0.0,3.376648,1.0,4.0,2.0,0.0,16.883242,31872.0,16.0,1.0,0.0,11.111111,0.0,0.888455,0.0,0.0,107080.273438,0.888455,436.0,0.0,1051.333374,0.0,0.0,0.888455,0.888455,1.0,0.0,0.0,12.381043,0.0,2.0
0.0,0.000497,4.0,82.0,0.519275,0.163373,-0.0,1263.299805,67848.4375,6036.0,1.0,5872.0,4.0,0.0,0.16387,157696.0,1721542144.0,64.0,0.0,0.0,0.0,0.0,0.0,62.0,0.0,1.925762,1.0,2.0,4.0,1.0,9.628809,31872.0,6.0,0.0,0.0,40.0,0.0,0.519275,0.0,0.0,69111.734375,0.519275,164.0,0.0,1468.0,0.0,0.0,0.519275,0.519275,1.0,0.0,0.0,5.777286,0.0,2.0
0.0,0.000497,0.0,0.0,0.0,0.163373,-0.0,0.0,0.0,1514.0,1.0,1514.0,1.0,0.0,0.16387,103135.70040124832,1721542144.0,64.0,0.0,0.0,0.0,0.0,0.0,62.0,0.0,0.0,1.0,0.0,1.0,0.0,0.0,37317.08209959624,1.0,0.0,0.0,0.0,0.0,0.0,0.0,0.0,0.0,0.0,0.0,0.0,1514.0,1.0,0.0,0.0,0.0,1.0,0.0,0.0,0.0,0.0,2.0
0.0,0.000497,4.0,90.0,0.216854,0.163373,-0.0,13280.824219,184603.453125,6454.0,1.0,6004.0,6.0,0.0,0.16387,159744.0,1721542144.0,64.0,0.0,0.0,0.0,0.0,0.0,62.0,0.0,18.445589,1.0,5.0,4.0,0.0,46.113976,31872.0,11.0,1.0,0.0,26.666667,0.0,0.216854,0.0,0.0,197884.28125,0.216854,450.0,0.0,1000.666687,0.0,0.0,0.216854,0.216854,1.0,0.0,0.0,23.056988,0.0,2.0
0.0,0.000497,0.0,123.599998,0.263716,0.163373,-0.0,15016.15332,26179.677734,1624.0,1.0,1006.0,7.0,0.0,0.16387,159744.0,1721542144.0,64.0,0.0,0.0,0.0,0.0,0.0,62.0,0.0,15.167831,1.0,5.0,0.0,0.0,41.711536,31872.0,12.0,1.0,0.0,0.0,0.0,0.263716,0.0,0.0,41195.828125,0.263716,618.0,0.0,143.714279,0.0,0.0,0.263716,0.263716,0.0,0.0,0.0,22.751747,0.0,2.0
0.0,0.000497,0.0,117.199997,0.21683,0.163373,-0.0,17303.878906,31840.613281,1592.0,1.0,1006.0,7.0,0.0,0.16387,159744.0,1721542144.0,64.0,0.0,0.0,0.0,0.0,0.0,62.0,0.0,18.447632,1.0,5.0,0.0,0.0,50.730988,31872.0,12.0,1.0,0.0,0.0,0.0,0.21683,0.0,0.0,49144.492188,0.21683,586.0,0.0,143.714279,0.0,0.0,0.21683,0.21683,0.0,0.0,0.0,27.671448,0.0,2.0
0.0,0.000497,0.0,123.599998,0.217081,0.163373,-0.0,18242.039062,22996.025391,1366.0,1.0,748.0,6.0,0.0,0.16387,159744.0,1721542144.0,64.0,0.0,0.0,0.0,0.0,0.0,62.0,0.0,18.426302,1.0,5.0,0.0,0.0,46.065754,31872.0,11.0,1.0,0.0,0.0,0.0,0.217081,0.0,0.0,41238.0625,0.217081,618.0,0.0,124.666664,0.0,0.0,0.217081,0.217081,0.0,0.0,0.0,23.032877,0.0,2.0
0.0,0.000497,0.0,128.0,0.541687,0.163373,-0.0,13232.733398,19199.279297,2468.0,1.0,1444.0,10.0,0.0,0.16387,159744.0,1721542144.0,64.0,0.0,0.0,0.0,0.0,0.0,62.0,0.0,12.922591,1.0,8.0,0.0,0.0,31.383436,31872.0,18.0,1.0,0.0,0.0,0.0,0.541687,0.0,0.0,32432.011719,0.541687,1024.0,0.0,144.399994,0.0,0.0,0.541687,0.541687,0.0,0.0,0.0,16.614761,0.0,2.0
0.0,0.000497,0.0,85.199997,0.123408,0.163373,-0.0,22105.537109,33709.324219,1076.0,1.0,650.0,5.0,0.0,0.16387,159744.0,1721542144.0,64.0,0.0,0.0,0.0,0.0,0.0,62.0,0.0,32.412811,1.0,5.0,0.0,0.0,72.928825,31872.0,10.0,1.0,0.0,0.0,0.0,0.123408,0.0,0.0,55814.859375,0.123408,426.0,0.0,130.0,0.0,0.0,0.123408,0.123408,0.0,0.0,0.0,32.412811,0.0,2.0
0.0,0.000497,0.0,124.666664,0.918579,0.163373,-0.0,2177.276123,9388.414062,1606.0,1.0,1232.0,8.0,0.0,0.16387,159744.0,1721542144.0,64.0,0.0,0.0,0.0,0.0,0.0,62.0,0.0,2.177276,1.0,3.0,0.0,0.0,10.88638,31872.0,11.0,1.0,0.0,0.0,0.0,0.918579,0.0,0.0,11565.69043,0.918579,374.0,0.0,154.0,0.0,0.0,0.918579,0.918579,0.0,0.0,0.0,7.620466,0.0,2.0
0.0,0.000497,0.0,114.0,0.556637,0.163373,-0.0,4915.231934,2012.083374,666.0,1.0,210.0,3.0,0.0,0.16387,159744.0,1721542144.0,64.0,0.0,0.0,0.0,0.0,0.0,62.0,0.0,5.389509,1.0,4.0,0.0,0.0,10.779017,31872.0,7.0,0.0,0.0,0.0,0.0,0.556637,0.0,0.0,6927.31543,0.556637,456.0,0.0,70.0,0.0,0.0,0.556637,0.556637,0.0,0.0,0.0,3.593006,0.0,2.0
0.0,0.000497,0.0,123.599998,0.998251,0.163373,-0.0,3966.937988,9520.651367,2004.0,1.0,1386.0,7.0,0.0,0.16387,159744.0,1721542144.0,64.0,0.0,0.0,0.0,0.0,0.0,62.0,0.0,4.007008,1.0,5.0,0.0,0.0,11.019273,31872.0,12.0,1.0,0.0,0.0,0.0,0.998251,0.0,0.0,13487.589844,0.998251,618.0,0.0,198.0,0.0,0.0,0.998251,0.998251,0.0,0.0,0.0,6.010512,0.0,2.0
0.0,0.000497,1.0,130.0,0.688899,0.163373,-0.0,3019.310547,13284.966797,1762.0,1.0,1372.0,6.0,0.0,0.16387,159744.0,1721542144.0,64.0,0.0,0.0,0.0,0.0,0.0,62.0,0.0,2.903183,1.0,3.0,1.0,0.0,11.612733,31872.0,9.0,1.0,0.0,10.0,0.0,0.688899,0.0,0.0,16304.277344,0.688899,390.0,0.0,228.666672,0.0,0.0,0.688899,0.688899,1.0,0.0,0.0,7.257958,0.0,2.0
0.0,0.000497,0.0,114.0,0.524053,0.163373,-0.0,1740.282104,3816.407959,602.0,1.0,374.0,3.0,0.0,0.16387,159744.0,1721542144.0,64.0,0.0,0.0,0.0,0.0,0.0,62.0,0.0,1.908204,1.0,2.0,0.0,0.0,7.632816,31872.0,5.0,1.0,0.0,0.0,0.0,0.524053,0.0,0.0,5556.689941,0.524053,228.0,0.0,124.666664,0.0,0.0,0.524053,0.524053,0.0,0.0,0.0,3.816408,0.0,2.0
0.0,0.000497,0.0,162.0,0.0,0.163373,-0.0,0.0,0.0,240.0,1.0,78.0,1.0,0.0,0.16387,159744.0,1721542144.0,64.0,0.0,0.0,0.0,0.0,0.0,62.0,0.0,0.0,1.0,1.0,0.0,0.0,0.0,31872.0,2.0,0.0,0.0,0.0,0.0,0.0,0.0,0.0,0.0,0.0,162.0,0.0,78.0,0.0,0.0,0.0,0.0,0.0,0.0,0.0,0.0,0.0,2.0
0.0,0.000497,0.0,114.0,0.627068,0.163373,-0.0,7271.938965,8088.437012,1444.0,1.0,760.0,6.0,0.0,0.16387,159744.0,1721542144.0,64.0,0.0,0.0,0.0,0.0,0.0,62.0,0.0,7.973617,1.0,6.0,0.0,0.0,17.541958,31872.0,12.0,1.0,0.0,0.0,0.0,0.627068,0.0,0.0,15360.375977,0.627068,684.0,0.0,126.666664,0.0,0.0,0.627068,0.627068,0.0,0.0,0.0,7.973617,0.0,2.0
0.0,0.000497,0.0,130.0,0.834022,0.163373,-0.0,1246.969482,1678.612793,522.0,1.0,262.0,3.0,0.0,0.16387,159744.0,1721542144.0,64.0,0.0,0.0,0.0,0.0,0.0,62.0,0.0,1.199009,1.0,2.0,0.0,0.0,4.796037,31872.0,5.0,1.0,0.0,0.0,0.0,0.834022,0.0,0.0,2925.582275,0.834022,260.0,0.0,87.333336,0.0,0.0,0.834022,0.834022,0.0,0.0,0.0,2.398018,0.0,2.0
0.0,0.000497,0.0,106.0,0.168872,0.163373,-0.0,5021.554688,8811.407227,584.0,1.0,372.0,2.0,0.0,0.16387,159744.0,1721542144.0,64.0,0.0,0.0,0.0,0.0,0.0,62.0,0.0,5.921645,1.0,2.0,0.0,0.0,17.764935,31872.0,4.0,1.0,0.0,0.0,0.0,0.168872,0.0,0.0,13832.961914,0.168872,212.0,0.0,186.0,0.0,0.0,0.168872,0.168872,0.0,0.0,0.0,5.921645,0.0,2.0
0.0,0.000497,0.0,0.0,0.741101,0.163373,-0.0,0.0,6260.95459,870.0,1.0,870.0,3.0,0.0,0.16387,103135.70040124832,1721542144.0,64.0,0.0,0.0,0.0,0.0,0.0,62.0,0.0,0.0,1.0,0.0,2.0,0.0,2.698687,37317.08209959624,3.0,0.0,0.0,0.0,0.0,0.741101,0.0,1.0,6260.95459,0.741101,0.0,0.0,290.0,0.0,0.0,0.741101,0.741101,1.0,0.0,0.0,2.698687,0.0,2.0
0.0,0.000497,0.0,0.0,0.0,0.163373,-0.0,0.0,0.0,290.0,1.0,290.0,1.0,0.0,0.16387,103135.70040124832,1721542144.0,64.0,0.0,0.0,0.0,0.0,0.0,62.0,0.0,0.0,1.0,0.0,0.0,0.0,0.0,37317.08209959624,1.0,0.0,0.0,0.0,0.0,0.0,0.0,1.0,0.0,0.0,0.0,0.0,290.0,0.0,0.0,0.0,0.0,0.0,0.0,0.0,0.0,0.0,2.0
0.0,0.000497,0.0,66.0,0.061426,0.163373,-0.0,8595.708984,51313.777344,920.0,1.0,788.0,2.0,0.0,0.16387,159360.0,1721542144.0,64.0,0.0,0.0,0.0,0.0,0.0,62.0,0.0,16.279751,1.0,2.0,0.0,1.0,48.839256,31872.0,4.0,0.0,0.0,0.0,0.0,0.061426,0.0,0.0,59909.484375,0.061426,132.0,0.0,394.0,0.0,0.0,0.061426,0.061426,0.0,0.0,0.0,16.279751,0.0,2.0
0.0,0.000497,0.0,66.0,0.94717,0.163373,-0.0,0.0,1773.704834,486.0,1.0,420.0,2.0,0.0,0.16387,159232.0,1721542144.0,64.0,0.0,0.0,0.0,0.0,0.0,62.0,0.0,0.0,1.0,1.0,0.0,1.0,2.111553,31872.0,3.0,0.0,0.0,0.0,0.0,0.94717,0.0,0.0,1773.704834,0.94717,66.0,0.0,210.0,0.0,0.0,0.94717,0.94717,0.0,0.0,0.0,1.055777,0.0,2.0
0.0,0.000497,0.0,66.0,0.944762,0.163373,-0.0,0.0,0.0,276.0,1.0,210.0,1.0,0.0,0.16387,159104.0,1721542144.0,64.0,0.0,0.0,0.0,0.0,0.0,62.0,0.0,0.0,1.0,1.0,0.0,1.0,1.058468,31872.0,2.0,0.0,0.0,0.0,0.0,0.944762,0.0,0.0,0.0,0.944762,66.0,0.0,210.0,0.0,0.0,0.944762,0.944762,0.0,0.0,0.0,0.0,0.0,2.0
0.0,0.000497,0.0,66.0,0.972995,0.163373,-0.0,542.654419,0.0,342.0,1.0,210.0,1.0,0.0,0.16387,159104.0,1721542144.0,64.0,0.0,0.0,0.0,0.0,0.0,62.0,0.0,1.027755,1.0,2.0,0.0,1.0,2.055509,31872.0,3.0,0.0,0.0,0.0,0.0,0.972995,0.0,0.0,542.654419,0.972995,132.0,0.0,210.0,0.0,0.0,0.972995,0.972995,0.0,0.0,0.0,0.0,0.0,2.0
0.0,0.000497,0.0,66.0,0.0,0.163373,-0.0,0.0,0.0,276.0,1.0,210.0,1.0,0.0,0.16387,159104.0,1721542144.0,64.0,0.0,0.0,0.0,0.0,0.0,62.0,0.0,0.0,1.0,1.0,0.0,1.0,0.0,31872.0,2.0,0.0,0.0,0.0,0.0,0.0,0.0,0.0,0.0,0.0,66.0,0.0,210.0,0.0,0.0,0.0,0.0,0.0,0.0,0.0,0.0,0.0,2.0
0.0,0.000497,0.0,85.199997,0.154385,0.163373,-0.0,17670.111328,32956.570312,1220.0,1.0,794.0,5.0,0.0,0.16387,159744.0,1721542144.0,64.0,0.0,0.0,0.0,0.0,0.0,62.0,0.0,25.909252,1.0,5.0,0.0,0.0,58.295818,31872.0,10.0,1.0,0.0,0.0,0.0,0.154385,0.0,0.0,50626.679688,0.154385,426.0,0.0,158.800003,0.0,0.0,0.154385,0.154385,0.0,0.0,0.0,25.909252,0.0,2.0
0.0,0.000497,0.0,106.0,0.215906,0.163373,-0.0,11782.90625,49169.546875,2082.0,1.0,1658.0,5.0,0.0,0.16387,159744.0,1721542144.0,64.0,0.0,0.0,0.0,0.0,0.0,62.0,0.0,13.894937,1.0,4.0,0.0,0.0,37.053162,31872.0,9.0,1.0,0.0,0.0,0.0,0.215906,0.0,0.0,60952.453125,0.215906,424.0,0.0,331.600006,0.0,0.0,0.215906,0.215906,0.0,0.0,0.0,18.526581,0.0,2.0
0.0,0.000497,0.0,66.0,0.944101,0.163373,-0.0,0.0,2389.574951,630.0,1.0,564.0,2.0,0.0,0.16387,159488.0,1721542144.0,64.0,0.0,0.0,0.0,0.0,0.0,62.0,0.0,0.0,1.0,1.0,0.0,1.0,2.118418,31872.0,3.0,0.0,0.0,0.0,0.0,0.944101,0.0,0.0,2389.574951,0.944101,66.0,0.0,282.0,0.0,0.0,0.944101,0.944101,0.0,0.0,0.0,1.059209,0.0,2.0
0.0,0.000497,0.0,66.0,0.940413,0.163373,-0.0,561.455444,2398.946045,696.0,1.0,564.0,2.0,0.0,0.16387,159232.0,1721542144.0,64.0,0.0,0.0,0.0,0.0,0.0,62.0,0.0,1.063363,1.0,2.0,0.0,1.0,3.190088,31872.0,4.0,0.0,0.0,0.0,0.0,0.940413,0.0,0.0,2960.401367,0.940413,132.0,0.0,282.0,0.0,0.0,0.940413,0.940413,0.0,0.0,0.0,1.063363,0.0,2.0
0.0,0.000497,0.0,66.0,0.954563,0.163373,-0.0,553.13269,3637.266357,1000.0,1.0,868.0,2.0,0.0,0.16387,158976.0,1721542144.0,64.0,0.0,0.0,0.0,0.0,0.0,62.0,0.0,1.0476,1.0,2.0,0.0,1.0,3.142799,31872.0,4.0,0.0,0.0,0.0,0.0,0.954563,0.0,0.0,4190.398926,0.954563,132.0,0.0,434.0,0.0,0.0,0.954563,0.954563,0.0,0.0,0.0,1.0476,0.0,2.0
0.0,0.000497,0.0,66.0,0.951688,0.163373,-0.0,0.0,2370.524902,630.0,1.0,564.0,2.0,0.0,0.16387,158720.0,1721542144.0,64.0,0.0,0.0,0.0,0.0,0.0,62.0,0.0,0.0,1.0,1.0,0.0,1.0,2.101529,31872.0,3.0,0.0,0.0,0.0,0.0,0.951688,0.0,0.0,2370.524902,0.951688,66.0,0.0,282.0,0.0,0.0,0.951688,0.951688,0.0,0.0,0.0,1.050765,0.0,2.0
0.0,0.000497,0.0,66.0,0.950115,0.163373,-0.0,555.722168,0.0,566.0,1.0,434.0,1.0,0.0,0.16387,159104.0,1721542144.0,64.0,0.0,0.0,0.0,0.0,0.0,62.0,0.0,1.052504,1.0,2.0,0.0,1.0,2.105008,31872.0,3.0,0.0,0.0,0.0,0.0,0.950115,0.0,0.0,555.722168,0.950115,132.0,0.0,434.0,0.0,0.0,0.950115,0.950115,0.0,0.0,0.0,0.0,0.0,2.0
0.0,0.000497,0.0,66.0,0.947007,0.163373,-0.0,0.0,0.0,500.0,1.0,434.0,1.0,0.0,0.16387,158848.0,1721542144.0,64.0,0.0,0.0,0.0,0.0,0.0,62.0,0.0,0.0,1.0,1.0,0.0,1.0,1.055958,31872.0,2.0,0.0,0.0,0.0,0.0,0.947007,0.0,0.0,0.0,0.947007,66.0,0.0,434.0,0.0,0.0,0.947007,0.947007,0.0,0.0,0.0,0.0,0.0,2.0
0.0,0.000497,0.0,66.0,0.943123,0.163373,-0.0,0.0,2392.052734,630.0,1.0,564.0,2.0,0.0,0.16387,158592.0,1721542144.0,64.0,0.0,0.0,0.0,0.0,0.0,62.0,0.0,0.0,1.0,1.0,0.0,1.0,2.120614,31872.0,3.0,0.0,0.0,0.0,0.0,0.943123,0.0,0.0,2392.052734,0.943123,66.0,0.0,282.0,0.0,0.0,0.943123,0.943123,0.0,0.0,0.0,1.060307,0.0,2.0
0.0,0.000497,0.0,66.0,0.987476,0.163373,-0.0,1604.0896,2738.294434,940.0,1.0,676.0,2.0,0.0,0.16387,158720.0,1721542144.0,64.0,0.0,0.0,0.0,0.0,0.0,62.0,0.0,3.038049,1.0,4.0,0.0,1.0,5.063414,31872.0,6.0,0.0,0.0,0.0,0.0,0.987476,0.0,0.0,4342.384277,0.987476,264.0,0.0,338.0,0.0,0.0,0.987476,0.987476,0.0,0.0,0.0,1.012683,0.0,2.0
0.0,0.000497,0.0,117.199997,0.277547,0.163373,-0.0,13518.430664,16833.185547,1286.0,1.0,700.0,6.0,0.0,0.16387,159744.0,1721542144.0,64.0,0.0,0.0,0.0,0.0,0.0,62.0,0.0,14.411973,1.0,5.0,0.0,0.0,36.029934,31872.0,11.0,1.0,0.0,0.0,0.0,0.277547,0.0,0.0,30351.615234,0.277547,586.0,0.0,116.666664,0.0,0.0,0.277547,0.277547,0.0,0.0,0.0,18.014967,0.0,2.0
0.0,0.000497,0.0,66.0,0.0,0.163373,-0.0,0.0,0.0,580.0,1.0,514.0,1.0,0.0,0.16387,159744.0,1721542144.0,64.0,0.0,0.0,0.0,0.0,0.0,62.0,0.0,0.0,1.0,1.0,0.0,1.0,0.0,31872.0,2.0,0.0,0.0,0.0,0.0,0.0,0.0,0.0,0.0,0.0,66.0,0.0,514.0,0.0,0.0,0.0,0.0,0.0,0.0,0.0,0.0,0.0,2.0
0.0,0.000497,0.0,66.0,0.0,0.163373,-0.0,0.0,0.0,956.0,1.0,758.0,3.0,0.0,0.16387,159488.0,1721542144.0,64.0,0.0,0.0,0.0,0.0,0.0,62.0,0.0,0.0,1.0,3.0,0.0,1.0,0.0,31872.0,6.0,0.0,0.0,0.0,0.0,0.0,0.0,0.0,0.0,0.0,198.0,0.0,252.666672,0.0,0.0,0.0,0.0,0.0,0.0,0.0,0.0,0.0,2.0
0.0,0.000497,0.0,66.0,0.0,0.163373,-0.0,0.0,0.0,580.0,1.0,514.0,1.0,0.0,0.16387,159104.0,1721542144.0,64.0,0.0,0.0,0.0,0.0,0.0,62.0,0.0,0.0,1.0,1.0,0.0,1.0,0.0,31872.0,2.0,0.0,0.0,0.0,0.0,0.0,0.0,0.0,0.0,0.0,66.0,0.0,514.0,0.0,0.0,0.0,0.0,0.0,0.0,0.0,0.0,0.0,2.0
0.0,0.000497,0.0,66.0,0.0,0.163373,-0.0,0.0,0.0,580.0,1.0,514.0,1.0,0.0,0.16387,158720.0,1721542144.0,64.0,0.0,0.0,0.0,0.0,0.0,62.0,0.0,0.0,1.0,1.0,0.0,1.0,0.0,31872.0,2.0,0.0,0.0,0.0,0.0,0.0,0.0,0.0,0.0,0.0,66.0,0.0,514.0,0.0,0.0,0.0,0.0,0.0,0.0,0.0,0.0,0.0,2.0
0.0,0.000497,0.0,108.285713,0.926036,0.163373,-0.0,12163.673828,38158.34375,6192.0,1.0,4676.0,18.0,0.0,0.16387,159744.0,1721542144.0,64.0,0.0,0.0,0.0,0.0,0.0,62.0,0.0,14.038331,1.0,14.0,0.0,0.0,33.476021,31872.0,32.0,1.0,0.0,0.0,0.0,0.926036,0.0,0.0,50322.019531,0.926036,1516.0,0.0,259.777771,0.0,0.0,0.926036,0.926036,0.0,0.0,0.0,18.357817,0.0,2.0
0.0,0.000497,0.0,122.0,0.881996,0.163373,-0.0,5532.905273,16662.207031,2798.0,1.0,2066.0,9.0,0.0,0.16387,159744.0,1721542144.0,64.0,0.0,0.0,0.0,0.0,0.0,62.0,0.0,5.66896,1.0,6.0,0.0,0.0,15.873088,31872.0,15.0,1.0,0.0,0.0,0.0,0.881996,0.0,0.0,22195.113281,0.881996,732.0,0.0,229.555557,0.0,0.0,0.881996,0.881996,0.0,0.0,0.0,9.070336,0.0,2.0
0.0,0.000497,2.0,146.0,0.563834,0.163373,-0.0,0.0,5051.131836,680.0,1.0,534.0,3.0,0.0,0.16387,159744.0,1721542144.0,64.0,0.0,0.0,0.0,0.0,0.0,62.0,0.0,0.0,1.0,1.0,2.0,0.0,5.320715,31872.0,4.0,1.0,0.0,33.333333,0.0,0.563834,0.0,0.0,5051.131836,0.563834,146.0,0.0,178.0,0.0,0.0,0.563834,0.563834,1.0,0.0,0.0,3.547143,0.0,2.0
0.0,0.000497,0.0,0.0,0.0,0.163373,-0.0,0.0,0.0,178.0,1.0,178.0,1.0,0.0,0.16387,103135.70040124832,1721542144.0,64.0,0.0,0.0,0.0,0.0,0.0,62.0,0.0,0.0,1.0,0.0,0.0,0.0,0.0,37317.08209959624,1.0,0.0,0.0,0.0,0.0,0.0,0.0,1.0,0.0,0.0,0.0,0.0,178.0,0.0,0.0,0.0,0.0,0.0,0.0,0.0,0.0,0.0,2.0
0.0,0.000497,0.0,0.0,0.0,0.163373,-0.0,0.0,0.0,178.0,1.0,178.0,1.0,0.0,0.16387,103135.70040124832,1721542144.0,64.0,0.0,0.0,0.0,0.0,0.0,62.0,0.0,0.0,1.0,0.0,0.0,0.0,0.0,37317.08209959624,1.0,0.0,0.0,0.0,0.0,0.0,0.0,1.0,0.0,0.0,0.0,0.0,178.0,0.0,0.0,0.0,0.0,0.0,0.0,0.0,0.0,0.0,2.0
0.0,0.000497,0.0,87.599998,0.525523,0.163373,-0.0,5343.248535,45623.121094,4034.0,1.0,3596.0,6.0,0.0,0.16387,159744.0,1721542144.0,64.0,0.0,0.0,0.0,0.0,0.0,62.0,0.0,7.611465,1.0,5.0,0.0,0.0,19.028662,31872.0,11.0,1.0,0.0,0.0,0.0,0.525523,0.0,0.0,50966.371094,0.525523,438.0,0.0,599.333313,0.0,0.0,0.525523,0.525523,0.0,0.0,0.0,9.514331,0.0,2.0
0.0,0.000497,1.0,103.599998,0.955184,0.163373,-0.0,3475.770264,14464.229492,2532.0,1.0,2014.0,7.0,0.0,0.16387,158720.0,1721542144.0,64.0,0.0,0.0,0.0,0.0,0.0,62.0,0.0,4.187675,1.0,5.0,1.0,0.0,11.516106,31872.0,12.0,1.0,0.0,7.692308,0.0,0.955184,0.0,0.0,17940.0,0.955184,518.0,0.0,287.714294,0.0,0.0,0.955184,0.955184,1.0,0.0,0.0,6.281512,0.0,2.0
0.0,0.000497,0.0,115.0,0.989039,0.163373,-0.0,13952.938477,27323.492188,5386.0,1.0,3546.0,21.0,0.0,0.16387,159744.0,1721542144.0,64.0,0.0,0.0,0.0,0.0,0.0,62.0,0.0,15.166237,1.0,16.0,0.0,0.0,36.398968,31872.0,37.0,1.0,0.0,0.0,0.0,0.989039,0.0,0.0,41276.429688,0.989039,1840.0,0.0,168.857147,0.0,0.0,0.989039,0.989039,0.0,0.0,0.0,20.221649,0.0,2.0
0.0,0.000497,0.0,135.333328,0.865865,0.163373,-0.0,2503.854492,3741.922852,912.0,1.0,506.0,5.0,0.0,0.16387,159744.0,1721542144.0,64.0,0.0,0.0,0.0,0.0,0.0,62.0,0.0,2.309829,1.0,3.0,0.0,0.0,8.084401,31872.0,8.0,1.0,0.0,0.0,0.0,0.865865,0.0,0.0,6245.777344,0.865865,406.0,0.0,101.199997,0.0,0.0,0.865865,0.865865,0.0,0.0,0.0,4.619658,0.0,2.0
0.0,0.000497,0.0,82.761902,0.819233,0.163373,-0.0,16171.223633,408089.03125,44722.0,1.0,42984.0,36.0,0.0,0.16387,159744.0,1721542144.0,64.0,0.0,0.0,0.0,0.0,0.0,62.0,0.0,24.413078,1.0,21.0,0.0,0.0,68.356621,31872.0,57.0,1.0,0.0,0.0,0.0,0.819233,0.0,0.0,424260.25,0.819233,1738.0,0.0,1194.0,0.0,0.0,0.819233,0.819233,0.0,0.0,0.0,42.722889,0.0,2.0
0.0,0.000497,2.0,114.0,0.998904,0.163373,-0.0,3652.002686,8785.628906,1804.0,1.0,1234.0,9.0,0.0,0.16387,159744.0,1721542144.0,64.0,0.0,0.0,0.0,0.0,0.0,62.0,0.0,4.004389,1.0,5.0,2.0,0.0,13.014264,31872.0,14.0,1.0,0.0,12.5,0.0,0.998904,0.0,0.0,12437.631836,0.998904,570.0,0.0,137.111115,0.0,0.0,0.998904,0.998904,1.0,0.0,0.0,8.008778,0.0,2.0
0.0,0.000497,0.0,130.0,0.895559,0.163373,-0.0,1161.285889,1634.733154,534.0,1.0,274.0,3.0,0.0,0.16387,159744.0,1721542144.0,64.0,0.0,0.0,0.0,0.0,0.0,62.0,0.0,1.116621,1.0,2.0,0.0,0.0,4.466484,31872.0,5.0,1.0,0.0,0.0,0.0,0.895559,0.0,0.0,2796.019043,0.895559,260.0,0.0,91.333336,0.0,0.0,0.895559,0.895559,0.0,0.0,0.0,2.233242,0.0,2.0
0.0,0.000497,0.0,110.0,0.693582,0.163373,-0.0,3806.327148,8512.332031,1362.0,1.0,922.0,5.0,0.0,0.16387,159744.0,1721542144.0,64.0,0.0,0.0,0.0,0.0,0.0,62.0,0.0,4.325372,1.0,4.0,0.0,0.0,11.534325,31872.0,9.0,1.0,0.0,0.0,0.0,0.693582,0.0,0.0,12318.65918,0.693582,440.0,0.0,184.399994,0.0,0.0,0.693582,0.693582,0.0,0.0,0.0,5.767162,0.0,2.0
0.0,0.000497,0.0,126.800003,0.891344,0.163373,-0.0,4559.406738,11156.186523,2084.0,1.0,1450.0,7.0,0.0,0.16387,159744.0,1721542144.0,64.0,0.0,0.0,0.0,0.0,0.0,62.0,0.0,4.487605,1.0,5.0,0.0,0.0,12.340914,31872.0,12.0,1.0,0.0,0.0,0.0,0.891344,0.0,0.0,15715.59375,0.891344,634.0,0.0,207.142853,0.0,0.0,0.891344,0.891344,0.0,0.0,0.0,6.731408,0.0,2.0
0.0,0.000497,0.0,114.0,0.0,0.163373,-0.0,0.0,0.0,180.0,1.0,66.0,1.0,0.0,0.16387,159744.0,1721542144.0,64.0,0.0,0.0,0.0,0.0,0.0,62.0,0.0,0.0,1.0,1.0,0.0,0.0,0.0,31872.0,2.0,0.0,0.0,0.0,0.0,0.0,0.0,0.0,0.0,0.0,114.0,0.0,66.0,0.0,0.0,0.0,0.0,0.0,0.0,0.0,0.0,0.0,2.0
0.0,0.000497,0.0,117.199997,0.897145,0.163373,-0.0,4182.155762,13687.866211,2376.0,1.0,1790.0,7.0,0.0,0.16387,159744.0,1721542144.0,64.0,0.0,0.0,0.0,0.0,0.0,62.0,0.0,4.458588,1.0,5.0,0.0,0.0,12.261118,31872.0,12.0,1.0,0.0,0.0,0.0,0.897145,0.0,0.0,17870.021484,0.897145,586.0,0.0,255.714279,0.0,0.0,0.897145,0.897145,0.0,0.0,0.0,6.687882,0.0,2.0
0.0,0.000497,1.0,119.333336,0.692684,0.163373,-0.0,2760.277344,12819.698242,1652.0,1.0,1294.0,7.0,0.0,0.16387,159744.0,1721542144.0,64.0,0.0,0.0,0.0,0.0,0.0,62.0,0.0,2.88732,1.0,3.0,1.0,0.0,12.992938,31872.0,10.0,1.0,0.0,9.090909,0.0,0.692684,0.0,0.0,15579.975586,0.692684,358.0,0.0,184.857147,0.0,0.0,0.692684,0.692684,1.0,0.0,0.0,8.661959,0.0,2.0
0.0,0.000497,0.0,98.0,0.648415,0.163373,-0.0,2418.204346,5971.483887,1020.0,1.0,726.0,3.0,0.0,0.16387,159744.0,1721542144.0,64.0,0.0,0.0,0.0,0.0,0.0,62.0,0.0,3.084444,1.0,3.0,0.0,0.0,7.711111,31872.0,6.0,1.0,0.0,0.0,0.0,0.648415,0.0,0.0,8389.688477,0.648415,294.0,0.0,242.0,0.0,0.0,0.648415,0.648415,0.0,0.0,0.0,3.084444,0.0,2.0
0.0,0.000497,0.0,130.0,0.556653,0.163373,-0.0,14946.474609,40254.878906,4204.0,1.0,3034.0,13.0,0.0,0.16387,159744.0,1721542144.0,64.0,0.0,0.0,0.0,0.0,0.0,62.0,0.0,14.37161,1.0,9.0,0.0,0.0,37.725475,31872.0,22.0,1.0,0.0,0.0,0.0,0.556653,0.0,0.0,55201.351562,0.556653,1170.0,0.0,233.384613,0.0,0.0,0.556653,0.556653,0.0,0.0,0.0,21.557415,0.0,2.0
0.0,0.000497,0.0,119.333336,0.971445,0.163373,-0.0,7864.572754,13349.185547,2842.0,1.0,1768.0,12.0,0.0,0.16387,159744.0,1721542144.0,64.0,0.0,0.0,0.0,0.0,0.0,62.0,0.0,8.235155,1.0,9.0,0.0,0.0,20.587887,31872.0,21.0,1.0,0.0,0.0,0.0,0.971445,0.0,0.0,21213.757812,0.971445,1074.0,0.0,147.333328,0.0,0.0,0.971445,0.971445,0.0,0.0,0.0,11.323338,0.0,2.0
0.0,0.000497,0.0,130.0,0.933043,0.163373,-0.0,2229.264893,6687.794434,1300.0,1.0,910.0,7.0,0.0,0.16387,159744.0,1721542144.0,64.0,0.0,0.0,0.0,0.0,0.0,62.0,0.0,2.143524,1.0,3.0,0.0,0.0,9.645858,31872.0,10.0,1.0,0.0,0.0,0.0,0.933043,0.0,0.0,8917.05957,0.933043,390.0,0.0,130.0,0.0,0.0,0.933043,0.933043,0.0,0.0,0.0,6.430572,0.0,2.0
0.0,0.000497,0.0,108.666664,0.958697,0.163373,-0.0,4539.494629,75702.75,10548.0,1.0,9896.0,12.0,0.0,0.16387,156672.0,1721542144.0,64.0,0.0,0.0,0.0,0.0,0.0,62.0,0.0,5.215412,1.0,6.0,0.0,0.0,17.732401,31872.0,18.0,1.0,0.0,0.0,0.0,0.958697,0.0,0.0,80242.242188,0.958697,652.0,0.0,824.666687,0.0,0.0,0.958697,0.958697,0.0,0.0,0.0,11.473907,0.0,2.0
0.0,0.000497,0.0,85.199997,0.234168,0.163373,-0.0,11649.755859,100850.671875,4116.0,1.0,3690.0,5.0,0.0,0.16387,159744.0,1721542144.0,64.0,0.0,0.0,0.0,0.0,0.0,62.0,0.0,17.081755,1.0,5.0,0.0,0.0,38.433945,31872.0,10.0,1.0,0.0,0.0,0.0,0.234168,0.0,0.0,112500.429688,0.234168,426.0,0.0,738.0,0.0,0.0,0.234168,0.234168,0.0,0.0,0.0,17.081755,0.0,2.0
0.0,0.000497,0.0,117.199997,0.341644,0.163373,-0.0,10982.192383,18592.453125,1512.0,1.0,926.0,7.0,0.0,0.16387,159744.0,1721542144.0,64.0,0.0,0.0,0.0,0.0,0.0,62.0,0.0,11.708095,1.0,5.0,0.0,0.0,32.197258,31872.0,12.0,1.0,0.0,0.0,0.0,0.341644,0.0,0.0,29574.646484,0.341644,586.0,0.0,132.285721,0.0,0.0,0.341644,0.341644,0.0,0.0,0.0,17.562141,0.0,2.0
0.0,0.000497,0.0,117.199997,0.371445,0.163373,-0.0,10101.091797,32564.712891,2314.0,1.0,1728.0,8.0,0.0,0.16387,159744.0,1721542144.0,64.0,0.0,0.0,0.0,0.0,0.0,62.0,0.0,10.768754,1.0,5.0,0.0,0.0,32.306263,31872.0,13.0,1.0,0.0,0.0,0.0,0.371445,0.0,0.0,42665.804688,0.371445,586.0,0.0,216.0,0.0,0.0,0.371445,0.371445,0.0,0.0,0.0,18.84532,0.0,2.0
0.0,0.000497,0.0,114.0,0.386877,0.163373,-0.0,9429.353516,18693.279297,1624.0,1.0,1054.0,7.0,0.0,0.16387,159744.0,1721542144.0,64.0,0.0,0.0,0.0,0.0,0.0,62.0,0.0,10.339204,1.0,5.0,0.0,0.0,28.43281,31872.0,12.0,1.0,0.0,0.0,0.0,0.386877,0.0,0.0,28122.632812,0.386877,570.0,0.0,150.571426,0.0,0.0,0.386877,0.386877,0.0,0.0,0.0,15.508805,0.0,2.0
0.0,0.000497,0.0,117.199997,0.942185,0.163373,-0.0,8957.901367,11649.516602,2668.0,1.0,1496.0,12.0,0.0,0.16387,159744.0,1721542144.0,64.0,0.0,0.0,0.0,0.0,0.0,62.0,0.0,9.552264,1.0,10.0,0.0,0.0,22.288616,31872.0,22.0,1.0,0.0,0.0,0.0,0.942185,0.0,0.0,20607.417969,0.942185,1172.0,0.0,124.666664,0.0,0.0,0.942185,0.942185,0.0,0.0,0.0,11.67499,0.0,2.0
0.0,0.000497,0.0,117.199997,0.434936,0.163373,-0.0,8626.556641,13850.314453,1464.0,1.0,878.0,7.0,0.0,0.16387,159744.0,1721542144.0,64.0,0.0,0.0,0.0,0.0,0.0,62.0,0.0,9.196755,1.0,5.0,0.0,0.0,25.291079,31872.0,12.0,1.0,0.0,0.0,0.0,0.434936,0.0,0.0,22476.871094,0.434936,586.0,0.0,125.428574,0.0,0.0,0.434936,0.434936,0.0,0.0,0.0,13.795134,0.0,2.0
0.0,0.000497,0.0,117.199997,0.478715,0.163373,-0.0,7837.648438,12583.6875,1464.0,1.0,878.0,7.0,0.0,0.16387,159744.0,1721542144.0,64.0,0.0,0.0,0.0,0.0,0.0,62.0,0.0,8.355702,1.0,5.0,0.0,0.0,22.978182,31872.0,12.0,1.0,0.0,0.0,0.0,0.478715,0.0,0.0,20421.335938,0.478715,586.0,0.0,125.428574,0.0,0.0,0.478715,0.478715,0.0,0.0,0.0,12.533553,0.0,2.0
0.0,0.000497,0.0,123.599998,0.216127,0.163373,-0.0,18322.560547,31944.181641,1624.0,1.0,1006.0,7.0,0.0,0.16387,159744.0,1721542144.0,64.0,0.0,0.0,0.0,0.0,0.0,62.0,0.0,18.507637,1.0,5.0,0.0,0.0,50.896004,31872.0,12.0,1.0,0.0,0.0,0.0,0.216127,0.0,0.0,50266.742188,0.216127,618.0,0.0,143.714279,0.0,0.0,0.216127,0.216127,0.0,0.0,0.0,27.761456,0.0,2.0
0.0,0.000497,0.0,117.199997,0.216286,0.163373,-0.0,17347.400391,31920.697266,1592.0,1.0,1006.0,7.0,0.0,0.16387,159744.0,1721542144.0,64.0,0.0,0.0,0.0,0.0,0.0,62.0,0.0,18.49403,1.0,5.0,0.0,0.0,50.858585,31872.0,12.0,1.0,0.0,0.0,0.0,0.216286,0.0,0.0,49268.097656,0.216286,586.0,0.0,143.714279,0.0,0.0,0.216286,0.216286,0.0,0.0,0.0,27.741047,0.0,2.0
0.0,0.000497,0.0,125.199997,0.754497,0.163373,-0.0,11949.683594,14547.44043,2748.0,1.0,1496.0,12.0,0.0,0.16387,159744.0,1721542144.0,64.0,0.0,0.0,0.0,0.0,0.0,62.0,0.0,11.928477,1.0,10.0,0.0,0.0,27.833113,31872.0,22.0,1.0,0.0,0.0,0.0,0.754497,0.0,0.0,26497.123047,0.754497,1252.0,0.0,124.666664,0.0,0.0,0.754497,0.754497,0.0,0.0,0.0,14.579249,0.0,2.0
0.0,0.000497,0.0,130.0,0.339662,0.163373,-0.0,6123.734863,12294.576172,1086.0,1.0,696.0,4.0,0.0,0.16387,159744.0,1721542144.0,64.0,0.0,0.0,0.0,0.0,0.0,62.0,0.0,5.888207,1.0,3.0,0.0,0.0,17.664619,31872.0,7.0,1.0,0.0,0.0,0.0,0.339662,0.0,0.0,18418.310547,0.339662,390.0,0.0,174.0,0.0,0.0,0.339662,0.339662,0.0,0.0,0.0,8.83231,0.0,2.0
0.0,0.000497,2.0,66.0,0.682793,0.163373,-0.0,0.0,8951.467773,1020.0,1.0,954.0,5.0,0.0,0.16387,159744.0,1721542144.0,64.0,0.0,0.0,0.0,0.0,0.0,62.0,0.0,0.0,1.0,1.0,2.0,1.0,7.322864,31872.0,6.0,0.0,0.0,25.0,0.0,0.682793,0.0,0.0,8951.467773,0.682793,66.0,0.0,190.800003,0.0,0.0,0.682793,0.682793,1.0,0.0,0.0,5.858291,0.0,2.0
0.0,0.000497,0.0,120.0,0.675886,0.163373,-0.0,1420.35791,1822.792725,548.0,1.0,308.0,2.0,0.0,0.16387,159744.0,1721542144.0,64.0,0.0,0.0,0.0,0.0,0.0,62.0,0.0,1.47954,1.0,2.0,0.0,0.0,4.438619,31872.0,4.0,1.0,0.0,0.0,0.0,0.675886,0.0,0.0,3243.150635,0.675886,240.0,0.0,154.0,0.0,0.0,0.675886,0.675886,0.0,0.0,0.0,1.47954,0.0,2.0
0.0,0.000497,0.0,162.0,0.000498,0.163373,-0.0,0.0,0.0,240.0,1.0,78.0,1.0,0.0,0.16387,159744.0,1721542144.0,64.0,0.0,0.0,0.0,0.0,0.0,62.0,0.0,0.0,1.0,1.0,0.0,0.0,2008.032104,31872.0,2.0,0.0,0.0,0.0,0.0,0.000498,0.0,0.0,0.0,0.000498,162.0,0.0,78.0,0.0,0.0,0.000498,0.000498,0.0,0.0,0.0,0.0,0.0,2.0
0.0,0.000497,0.0,120.400002,0.49292,0.163373,-0.0,7822.77002,8601.801758,1264.0,1.0,662.0,5.0,0.0,0.16387,159744.0,1721542144.0,64.0,0.0,0.0,0.0,0.0,0.0,62.0,0.0,8.114907,1.0,5.0,0.0,0.0,18.258541,31872.0,10.0,1.0,0.0,0.0,0.0,0.49292,0.0,0.0,16424.572266,0.49292,602.0,0.0,132.399994,0.0,0.0,0.49292,0.49292,0.0,0.0,0.0,8.114907,0.0,2.0
0.0,0.000497,0.0,98.0,0.199911,0.163373,-0.0,7843.490234,26011.576172,1074.0,1.0,780.0,6.0,0.0,0.16387,159744.0,1721542144.0,64.0,0.0,0.0,0.0,0.0,0.0,62.0,0.0,10.004452,1.0,3.0,0.0,0.0,40.017807,31872.0,9.0,1.0,0.0,0.0,0.0,0.199911,0.0,0.0,33855.066406,0.199911,294.0,0.0,130.0,0.0,0.0,0.199911,0.199911,0.0,0.0,0.0,25.011129,0.0,2.0
0.0,0.000497,0.0,117.199997,0.711593,0.163373,-0.0,5272.677246,8926.451172,1512.0,1.0,926.0,7.0,0.0,0.16387,159744.0,1721542144.0,64.0,0.0,0.0,0.0,0.0,0.0,62.0,0.0,5.621191,1.0,5.0,0.0,0.0,15.458275,31872.0,12.0,1.0,0.0,0.0,0.0,0.711593,0.0,0.0,14199.128906,0.711593,586.0,0.0,132.285721,0.0,0.0,0.711593,0.711593,0.0,0.0,0.0,8.431787,0.0,2.0
0.0,0.000497,1.0,104.285713,0.894457,0.163373,-0.0,5598.927734,101505.164062,13110.0,1.0,12380.0,12.0,0.0,0.16387,157696.0,1721542144.0,64.0,0.0,0.0,0.0,0.0,0.0,62.0,0.0,6.707981,1.0,7.0,1.0,0.0,20.123941,31872.0,19.0,1.0,0.0,5.0,0.0,0.894457,0.0,0.0,107104.085938,0.894457,730.0,0.0,1031.666626,0.0,0.0,0.894457,0.894457,1.0,0.0,0.0,12.297964,0.0,2.0
0.0,0.000497,3.0,70.800003,0.881866,0.163373,-0.0,2576.355225,118194.828125,14830.0,1.0,14476.0,10.0,0.0,0.16387,154752.0,1721542144.0,64.0,0.0,0.0,0.0,0.0,0.0,62.0,0.0,4.535837,1.0,5.0,3.0,1.0,15.875428,31872.0,15.0,0.0,0.0,16.666667,0.0,0.881866,0.0,0.0,120771.1875,0.881866,354.0,0.0,1447.599976,0.0,0.0,0.881866,0.881866,1.0,0.0,0.0,10.205632,0.0,2.0
0.0,0.000497,0.0,102.571426,0.928061,0.163373,-0.0,5309.995605,26118.972656,4252.0,1.0,3534.0,7.0,0.0,0.16387,159744.0,1721542144.0,64.0,0.0,0.0,0.0,0.0,0.0,62.0,0.0,6.465092,1.0,7.0,0.0,0.0,14.0077,31872.0,14.0,1.0,0.0,0.0,0.0,0.928061,0.0,0.0,31428.96875,0.928061,718.0,0.0,504.857147,0.0,0.0,0.928061,0.928061,0.0,0.0,0.0,6.465092,0.0,2.0
0.0,0.000497,4.0,74.0,0.814644,0.163373,-0.0,3633.489014,148678.4375,17098.0,1.0,16654.0,11.0,0.0,0.16387,158592.0,1721542144.0,64.0,0.0,0.0,0.0,0.0,0.0,62.0,0.0,6.13765,1.0,6.0,4.0,0.0,19.640482,31872.0,17.0,0.0,0.0,19.047619,0.0,0.814644,0.0,0.0,152311.921875,0.814644,444.0,1.0,1514.0,0.0,0.0,0.814644,0.814644,1.0,0.0,0.0,12.275301,0.0,2.0
0.0,0.000497,1.0,70.800003,0.663659,0.163373,-0.0,3423.445068,102811.835938,10304.0,1.0,9950.0,7.0,0.0,0.16387,157696.0,1721542144.0,64.0,0.0,0.0,0.0,0.0,0.0,62.0,0.0,6.027192,1.0,5.0,1.0,1.0,16.574778,31872.0,12.0,0.0,0.0,7.692308,0.0,0.663659,0.0,0.0,106235.28125,0.663659,354.0,0.0,1421.428589,0.0,0.0,0.663659,0.663659,1.0,0.0,0.0,9.040788,0.0,2.0
0.0,0.000497,1.0,90.0,0.571355,0.163373,-0.0,1260.162231,16788.162109,1978.0,1.0,1798.0,3.0,0.0,0.16387,159744.0,1721542144.0,64.0,0.0,0.0,0.0,0.0,0.0,62.0,0.0,1.750225,1.0,2.0,1.0,0.0,7.000902,31872.0,5.0,1.0,0.0,16.666667,0.0,0.571355,0.0,0.0,18048.324219,0.571355,180.0,0.0,599.333313,0.0,0.0,0.571355,0.571355,1.0,0.0,0.0,3.500451,0.0,2.0
0.0,0.000497,0.0,130.0,0.534004,0.163373,-0.0,5842.65332,13932.480469,1636.0,1.0,1116.0,6.0,0.0,0.16387,159744.0,1721542144.0,64.0,0.0,0.0,0.0,0.0,0.0,62.0,0.0,5.617936,1.0,4.0,0.0,0.0,16.853807,31872.0,10.0,1.0,0.0,0.0,0.0,0.534004,0.0,0.0,19775.132812,0.534004,520.0,0.0,186.0,0.0,0.0,0.534004,0.534004,0.0,0.0,0.0,9.363226,0.0,2.0
0.0,0.000497,0.0,114.0,0.00149,0.163373,-0.0,0.0,0.0,180.0,1.0,66.0,1.0,0.0,0.16387,159744.0,1721542144.0,64.0,0.0,0.0,0.0,0.0,0.0,62.0,0.0,0.0,1.0,1.0,0.0,0.0,671.14093,31872.0,2.0,0.0,0.0,0.0,0.0,0.00149,0.0,0.0,0.0,0.00149,114.0,0.0,66.0,0.0,0.0,0.00149,0.00149,0.0,0.0,0.0,0.0,0.0,2.0
0.0,0.000497,1.0,119.333336,0.705409,0.163373,-0.0,2710.484375,20527.099609,2530.0,1.0,2172.0,6.0,0.0,0.16387,159744.0,1721542144.0,64.0,0.0,0.0,0.0,0.0,0.0,62.0,0.0,2.835235,1.0,3.0,1.0,0.0,11.340939,31872.0,9.0,1.0,0.0,10.0,0.0,0.705409,0.0,0.0,23237.583984,0.705409,358.0,0.0,362.0,0.0,0.0,0.705409,0.705409,1.0,0.0,0.0,7.088087,0.0,2.0
0.0,0.000497,0.0,0.0,0.776215,0.163373,-0.0,0.0,8265.750977,1604.0,1.0,1604.0,2.0,0.0,0.16387,103135.70040124832,1721542144.0,64.0,0.0,0.0,0.0,0.0,0.0,62.0,0.0,0.0,1.0,0.0,1.0,0.0,1.288303,37317.08209959624,2.0,0.0,0.0,0.0,0.0,0.776215,0.0,1.0,8265.750977,0.776215,0.0,0.0,802.0,0.0,0.0,0.776215,0.776215,1.0,0.0,0.0,1.288303,0.0,2.0
0.0,0.000497,0.0,154.0,0.806208,0.163373,-0.0,1528.141602,7918.551758,1372.0,1.0,1064.0,4.0,0.0,0.16387,159744.0,1721542144.0,64.0,0.0,0.0,0.0,0.0,0.0,62.0,0.0,1.240375,1.0,2.0,0.0,0.0,6.201873,31872.0,6.0,1.0,0.0,0.0,0.0,0.806208,0.0,0.0,9446.693359,0.806208,308.0,0.0,266.0,0.0,0.0,0.806208,0.806208,0.0,0.0,0.0,3.721124,0.0,2.0
0.0,0.000497,0.0,108.666664,0.396933,0.163373,-0.0,4393.688965,23097.097656,1854.0,1.0,1528.0,4.0,0.0,0.16387,159744.0,1721542144.0,64.0,0.0,0.0,0.0,0.0,0.0,62.0,0.0,5.038634,1.0,3.0,0.0,0.0,15.115902,31872.0,7.0,1.0,0.0,0.0,0.0,0.396933,0.0,0.0,27490.787109,0.396933,326.0,0.0,382.0,0.0,0.0,0.396933,0.396933,0.0,0.0,0.0,7.557951,0.0,2.0
0.0,0.000497,0.0,138.0,0.56825,0.163373,-0.0,5828.42041,12163.660156,1588.0,1.0,1036.0,6.0,0.0,0.16387,159744.0,1721542144.0,64.0,0.0,0.0,0.0,0.0,0.0,62.0,0.0,5.279366,1.0,4.0,0.0,0.0,15.838099,31872.0,10.0,1.0,0.0,0.0,0.0,0.56825,0.0,0.0,17992.080078,0.56825,552.0,0.0,172.666672,0.0,0.0,0.56825,0.56825,0.0,0.0,0.0,8.798944,0.0,2.0
0.0,0.000497,0.0,138.0,0.399735,0.163373,-0.0,8285.489258,18892.515625,1684.0,1.0,1132.0,6.0,0.0,0.16387,159744.0,1721542144.0,64.0,0.0,0.0,0.0,0.0,0.0,62.0,0.0,7.504972,1.0,4.0,0.0,0.0,22.514915,31872.0,10.0,1.0,0.0,0.0,0.0,0.399735,0.0,0.0,27178.005859,0.399735,552.0,0.0,188.666672,0.0,0.0,0.399735,0.399735,0.0,0.0,0.0,12.508286,0.0,2.0
0.0,0.000497,0.0,114.0,0.000827,0.163373,-0.0,0.0,0.0,180.0,1.0,66.0,1.0,0.0,0.16387,159744.0,1721542144.0,64.0,0.0,0.0,0.0,0.0,0.0,62.0,0.0,0.0,1.0,1.0,0.0,0.0,1209.189819,31872.0,2.0,0.0,0.0,0.0,0.0,0.000827,0.0,0.0,0.0,0.000827,114.0,0.0,66.0,0.0,0.0,0.000827,0.000827,0.0,0.0,0.0,0.0,0.0,2.0
0.0,0.0,0.0,78.0,0.0,0.0,-0.0,0.0,0.0,78.0,0.0,0.0,0.0,0.0,0.0,0.0,1721542144.0,64.0,0.0,0.0,0.0,0.0,0.0,64.0,0.0,0.0,0.0,1.0,0.0,0.0,0.0,37317.08209959624,1.0,0.0,0.0,0.0,0.0,0.0,0.0,0.0,0.0,0.0,78.0,0.0,0.0,0.0,0.0,0.0,0.0,0.0,0.0,0.0,0.0,0.0,2.0
0.0,0.000497,0.0,126.800003,0.534237,0.163373,-0.0,7607.110352,12039.599609,1572.0,1.0,938.0,7.0,0.0,0.16387,159744.0,1721542144.0,64.0,0.0,0.0,0.0,0.0,0.0,62.0,0.0,7.487313,1.0,5.0,0.0,0.0,20.590111,31872.0,12.0,1.0,0.0,0.0,0.0,0.534237,0.0,0.0,19646.710938,0.534237,634.0,0.0,134.0,0.0,0.0,0.534237,0.534237,0.0,0.0,0.0,11.23097,0.0,2.0
0.0,0.000497,3.0,104.666664,0.877001,0.163373,-0.0,4779.92627,103543.78125,13114.0,1.0,12486.0,11.0,0.0,0.16387,157568.0,1721542144.0,64.0,0.0,0.0,0.0,0.0,0.0,62.0,0.0,5.701248,1.0,6.0,3.0,0.0,18.243994,31872.0,17.0,1.0,0.0,15.0,0.0,0.877001,0.0,0.0,108323.710938,0.877001,628.0,0.0,1135.090942,0.0,0.0,0.877001,0.877001,1.0,0.0,0.0,11.402495,0.0,2.0
0.0,0.000497,0.0,78.0,0.26087,0.163373,-0.0,16743.970703,356346.0625,13406.0,1.0,12782.0,11.0,0.0,0.16387,159744.0,1721542144.0,64.0,0.0,0.0,0.0,0.0,0.0,62.0,0.0,26.833288,1.0,8.0,0.0,0.0,68.999886,31872.0,19.0,1.0,0.0,0.0,0.0,0.26087,0.0,0.0,373090.03125,0.26087,624.0,0.0,1162.0,0.0,0.0,0.26087,0.26087,0.0,0.0,0.0,38.333267,0.0,2.0
0.0,0.000497,0.0,102.571426,0.634097,0.163373,-0.0,16830.232422,288094.71875,25184.0,1.0,23748.0,26.0,0.0,0.16387,159744.0,1721542144.0,64.0,0.0,0.0,0.0,0.0,0.0,62.0,0.0,20.501596,1.0,14.0,0.0,0.0,61.504787,31872.0,40.0,1.0,0.0,0.0,0.0,0.634097,0.0,0.0,304924.9375,0.634097,1436.0,0.0,913.384644,0.0,0.0,0.634097,0.634097,0.0,0.0,0.0,39.426147,0.0,2.0
0.0,0.000497,0.0,117.199997,0.278098,0.163373,-0.0,13491.647461,48587.191406,2462.0,1.0,1876.0,10.0,0.0,0.16387,159744.0,1721542144.0,64.0,0.0,0.0,0.0,0.0,0.0,62.0,0.0,14.383419,1.0,5.0,0.0,0.0,50.341969,31872.0,15.0,1.0,0.0,0.0,0.0,0.278098,0.0,0.0,62078.839844,0.278098,586.0,0.0,187.600006,0.0,0.0,0.278098,0.278098,0.0,0.0,0.0,32.362694,0.0,2.0
0.0,0.000497,0.0,120.400002,0.648834,0.163373,-0.0,13365.514648,30923.164062,3904.0,1.0,2700.0,14.0,0.0,0.16387,159744.0,1721542144.0,64.0,0.0,0.0,0.0,0.0,0.0,62.0,0.0,13.871037,1.0,10.0,0.0,0.0,35.448204,31872.0,24.0,1.0,0.0,0.0,0.0,0.648834,0.0,0.0,44288.679688,0.648834,1204.0,0.0,192.857147,0.0,0.0,0.648834,0.648834,0.0,0.0,0.0,20.035942,0.0,2.0
0.0,0.000497,0.0,124.0,0.632979,0.163373,-0.0,10970.348633,14433.338867,2260.0,1.0,1268.0,10.0,0.0,0.16387,159744.0,1721542144.0,64.0,0.0,0.0,0.0,0.0,0.0,62.0,0.0,11.058819,1.0,8.0,0.0,0.0,26.857132,31872.0,18.0,1.0,0.0,0.0,0.0,0.632979,0.0,0.0,25403.6875,0.632979,992.0,0.0,126.800003,0.0,0.0,0.632979,0.632979,0.0,0.0,0.0,14.218482,0.0,2.0
0.0,0.000497,0.0,102.571426,0.819978,0.163373,-0.0,6009.91748,8683.160156,1756.0,1.0,1038.0,7.0,0.0,0.16387,159744.0,1721542144.0,64.0,0.0,0.0,0.0,0.0,0.0,62.0,0.0,7.317269,1.0,7.0,0.0,0.0,15.854084,31872.0,14.0,1.0,0.0,0.0,0.0,0.819978,0.0,0.0,14693.077148,0.819978,718.0,0.0,148.285721,0.0,0.0,0.819978,0.819978,0.0,0.0,0.0,7.317269,0.0,2.0
0.0,0.000497,0.0,90.0,0.093833,0.163373,-0.0,23019.619141,57804.824219,1264.0,1.0,904.0,4.0,0.0,0.16387,159744.0,1721542144.0,64.0,0.0,0.0,0.0,0.0,0.0,62.0,0.0,31.971695,1.0,4.0,0.0,0.0,74.600624,31872.0,8.0,1.0,0.0,0.0,0.0,0.093833,0.0,0.0,80824.445312,0.093833,360.0,0.0,226.0,0.0,0.0,0.093833,0.093833,0.0,0.0,0.0,31.971695,0.0,2.0
0.0,0.000497,0.0,110.0,0.634497,0.163373,-0.0,4160.776367,9632.827148,1394.0,1.0,954.0,5.0,0.0,0.16387,159744.0,1721542144.0,64.0,0.0,0.0,0.0,0.0,0.0,62.0,0.0,4.728155,1.0,4.0,0.0,0.0,12.608413,31872.0,9.0,1.0,0.0,0.0,0.0,0.634497,0.0,0.0,13793.603516,0.634497,440.0,0.0,190.800003,0.0,0.0,0.634497,0.634497,0.0,0.0,0.0,6.304206,0.0,2.0
0.0,0.000497,0.0,93.199997,0.925586,0.163373,-0.0,7251.622559,27321.070312,4380.0,1.0,3448.0,12.0,0.0,0.16387,159744.0,1721542144.0,64.0,0.0,0.0,0.0,0.0,0.0,62.0,0.0,9.72357,1.0,10.0,0.0,0.0,22.68833,31872.0,22.0,1.0,0.0,0.0,0.0,0.925586,0.0,0.0,34572.691406,0.925586,932.0,0.0,287.333344,0.0,0.0,0.925586,0.925586,0.0,0.0,0.0,11.884363,0.0,2.0
0.0,0.000497,0.0,90.0,0.093541,0.163373,-0.0,23091.480469,76458.453125,1552.0,1.0,1192.0,4.0,0.0,0.16387,159744.0,1721542144.0,64.0,0.0,0.0,0.0,0.0,0.0,62.0,0.0,32.071499,1.0,4.0,0.0,0.0,74.833496,31872.0,8.0,1.0,0.0,0.0,0.0,0.093541,0.0,0.0,99549.9375,0.093541,360.0,0.0,298.0,0.0,0.0,0.093541,0.093541,0.0,0.0,0.0,32.071499,0.0,2.0
0.0,0.000497,0.0,117.199997,0.216703,0.163373,-0.0,17314.019531,29312.007812,1512.0,1.0,926.0,7.0,0.0,0.16387,159744.0,1721542144.0,64.0,0.0,0.0,0.0,0.0,0.0,62.0,0.0,18.458443,1.0,5.0,0.0,0.0,50.760719,31872.0,12.0,1.0,0.0,0.0,0.0,0.216703,0.0,0.0,46626.027344,0.216703,586.0,0.0,132.285721,0.0,0.0,0.216703,0.216703,0.0,0.0,0.0,27.687664,0.0,2.0
0.0,0.000497,0.0,102.571426,0.942309,0.163373,-0.0,11325.37207,195366.90625,25300.0,1.0,23864.0,28.0,0.0,0.16387,159744.0,1721542144.0,64.0,0.0,0.0,0.0,1.0,0.0,62.0,0.0,13.795898,1.0,14.0,0.0,0.0,43.510143,31872.0,42.0,0.0,0.0,0.0,0.0,0.942309,0.0,0.0,206692.28125,0.942309,1436.0,0.0,852.285706,0.0,0.0,0.942309,0.942309,0.0,0.0,0.0,28.653021,0.0,2.0
0.0,0.000509,0.0,227.777771,0.988572,0.153185,-0.0,14752.592773,17512.128906,4454.0,0.0,2404.0,10.0,0.0,0.153694,64128.0,1721542144.0,64.0,0.0,0.0,0.0,0.0,0.0,62.0,0.0,8.092481,0.0,9.0,0.0,0.0,18.208082,31872.0,19.0,0.0,0.0,0.0,0.0,0.988572,0.0,0.0,32264.720703,0.988572,2050.0,0.0,240.399994,0.0,0.0,0.988572,0.988572,0.0,0.0,1.0,9.104041,0.0,3.0
0.0,0.000509,0.0,146.0,0.745236,0.153185,-0.0,0.0,7793.504395,1114.0,0.0,968.0,4.0,0.0,0.153694,64128.0,1721542144.0,64.0,0.0,0.0,0.0,0.0,0.0,62.0,0.0,0.0,1.0,1.0,0.0,0.0,5.367427,31872.0,5.0,1.0,0.0,0.0,0.0,0.745236,0.0,0.0,7793.504395,0.745236,146.0,0.0,242.0,0.0,0.0,0.745236,0.745236,0.0,0.0,0.0,4.02557,0.0,3.0
0.0,0.000509,0.0,101.199997,0.355585,0.153185,-0.0,9111.745117,19100.917969,1496.0,0.0,990.0,7.0,0.0,0.153694,64128.0,1721542144.0,64.0,0.0,0.0,0.0,0.0,0.0,62.0,0.0,11.249068,1.0,5.0,0.0,0.0,30.934937,31872.0,12.0,1.0,0.0,0.0,0.0,0.355585,0.0,0.0,28212.662109,0.355585,506.0,0.0,141.428574,0.0,0.0,0.355585,0.355585,0.0,0.0,0.0,16.873602,0.0,3.0
0.0,0.000509,0.0,119.333336,0.832941,0.153185,-0.0,5733.899414,12994.917969,2238.0,0.0,1522.0,9.0,0.0,0.153694,64128.0,1721542144.0,64.0,0.0,0.0,0.0,0.0,0.0,62.0,0.0,6.002826,1.0,6.0,0.0,0.0,16.807913,31872.0,15.0,1.0,0.0,0.0,0.0,0.832941,0.0,0.0,18728.818359,0.832941,716.0,0.0,169.111115,0.0,0.0,0.832941,0.832941,0.0,0.0,0.0,9.604522,0.0,3.0
0.0,0.000509,0.0,110.0,0.355801,0.153185,-0.0,7419.878418,16008.949219,1330.0,0.0,890.0,5.0,0.0,0.153694,64128.0,1721542144.0,64.0,0.0,0.0,0.0,0.0,0.0,62.0,0.0,8.43168,1.0,4.0,0.0,0.0,22.48448,31872.0,9.0,1.0,0.0,0.0,0.0,0.355801,0.0,0.0,23428.828125,0.355801,440.0,0.0,178.0,0.0,0.0,0.355801,0.355801,0.0,0.0,0.0,11.24224,0.0,3.0
0.0,0.000509,0.0,117.199997,0.513134,0.153185,-0.0,7311.930176,13532.527344,1578.0,0.0,992.0,8.0,0.0,0.153694,64128.0,1721542144.0,64.0,0.0,0.0,0.0,0.0,0.0,62.0,0.0,7.795235,1.0,5.0,0.0,0.0,23.385704,31872.0,13.0,1.0,0.0,0.0,0.0,0.513134,0.0,0.0,20844.457031,0.513134,586.0,0.0,124.0,0.0,0.0,0.513134,0.513134,0.0,0.0,0.0,13.641661,0.0,3.0
0.0,0.000509,0.0,85.692307,0.897114,0.153185,-0.0,9176.091797,174292.234375,21744.0,0.0,20630.0,19.0,0.0,0.153694,64128.0,1721542144.0,64.0,0.0,0.0,0.0,0.0,0.0,62.0,0.0,13.376226,1.0,13.0,0.0,0.0,34.555252,31872.0,32.0,1.0,0.0,0.0,0.0,0.897114,0.0,0.0,183468.328125,0.897114,1114.0,0.0,1085.789429,0.0,0.0,0.897114,0.897114,0.0,0.0,0.0,20.064341,0.0,3.0
0.0,0.000509,0.0,98.0,0.416877,0.153185,-0.0,13164.554688,412898.78125,23432.0,0.0,22648.0,20.0,0.0,0.153694,64128.0,1721542144.0,64.0,0.0,0.0,0.0,0.0,0.0,61.0,0.0,16.791523,1.0,8.0,0.0,0.0,64.767303,31872.0,28.0,1.0,0.0,0.0,0.0,0.416877,0.0,0.0,426063.3125,0.416877,784.0,0.0,1132.400024,0.0,0.0,0.416877,0.416877,0.0,0.0,0.0,45.576992,0.0,3.0
0.0,0.000509,0.0,114.0,0.30941,0.153185,-0.0,11790.180664,20167.414062,1480.0,0.0,910.0,7.0,0.0,0.153694,64128.0,1721542144.0,64.0,0.0,0.0,0.0,0.0,0.0,61.0,0.0,12.92783,1.0,5.0,0.0,0.0,35.551533,31872.0,12.0,1.0,0.0,0.0,0.0,0.30941,0.0,0.0,31957.59375,0.30941,570.0,0.0,130.0,0.0,0.0,0.30941,0.30941,0.0,0.0,0.0,19.391745,0.0,3.0
0.0,0.000509,0.0,117.199997,0.27832,0.153185,-0.0,13480.884766,27565.390625,1704.0,0.0,1118.0,7.0,0.0,0.153694,64128.0,1721542144.0,64.0,0.0,0.0,0.0,0.0,0.0,61.0,0.0,14.371945,1.0,5.0,0.0,0.0,39.52285,31872.0,12.0,1.0,0.0,0.0,0.0,0.27832,0.0,0.0,41046.277344,0.27832,586.0,0.0,159.714279,0.0,0.0,0.27832,0.27832,0.0,0.0,0.0,21.557919,0.0,3.0
0.0,0.000509,0.0,117.199997,0.276931,0.153185,-0.0,13548.501953,39634.421875,2154.0,0.0,1568.0,8.0,0.0,0.153694,64128.0,1721542144.0,64.0,0.0,0.0,0.0,0.0,0.0,61.0,0.0,14.444032,1.0,5.0,0.0,0.0,43.332096,31872.0,13.0,1.0,0.0,0.0,0.0,0.276931,0.0,0.0,53182.925781,0.276931,586.0,0.0,196.0,0.0,0.0,0.276931,0.276931,0.0,0.0,0.0,25.277056,0.0,3.0
0.0,0.000509,0.0,117.199997,0.294209,0.153185,-0.0,12752.838867,41739.035156,2376.0,0.0,1790.0,7.0,0.0,0.153694,64128.0,1721542144.0,64.0,0.0,0.0,0.0,0.0,0.0,61.0,0.0,13.595777,1.0,5.0,0.0,0.0,37.388386,31872.0,12.0,1.0,0.0,0.0,0.0,0.294209,0.0,0.0,54491.875,0.294209,586.0,0.0,255.714279,0.0,0.0,0.294209,0.294209,0.0,0.0,0.0,20.393665,0.0,3.0
0.0,0.000509,0.0,117.199997,0.280404,0.153185,-0.0,13380.693359,28530.263672,1752.0,0.0,1166.0,7.0,0.0,0.153694,64128.0,1721542144.0,64.0,0.0,0.0,0.0,0.0,0.0,61.0,0.0,14.265132,1.0,5.0,0.0,0.0,39.229111,31872.0,12.0,1.0,0.0,0.0,0.0,0.280404,0.0,0.0,41910.957031,0.280404,586.0,0.0,166.571426,0.0,0.0,0.280404,0.280404,0.0,0.0,0.0,21.397697,0.0,3.0
0.0,0.000509,0.0,123.599998,0.291199,0.153185,-0.0,13598.948242,50824.351562,2776.0,0.0,2158.0,7.0,0.0,0.153694,64128.0,1721542144.0,64.0,0.0,0.0,0.0,0.0,0.0,61.0,0.0,13.736311,1.0,5.0,0.0,0.0,37.774857,31872.0,12.0,1.0,0.0,0.0,0.0,0.291199,0.0,0.0,64423.296875,0.291199,618.0,0.0,308.285706,0.0,0.0,0.291199,0.291199,0.0,0.0,0.0,20.604467,0.0,3.0
0.0,0.000509,0.0,124.666664,0.972565,0.153185,-0.0,8209.219727,16714.564453,3338.0,0.0,2216.0,12.0,0.0,0.153694,64128.0,1721542144.0,64.0,0.0,0.0,0.0,0.0,0.0,62.0,0.0,8.225672,1.0,9.0,0.0,0.0,20.564178,31872.0,21.0,1.0,0.0,0.0,0.0,0.972565,0.0,0.0,24923.783203,0.972565,1122.0,0.0,184.666672,0.0,0.0,0.972565,0.972565,0.0,0.0,0.0,11.310298,0.0,3.0
0.0,0.000509,0.0,124.666664,0.449035,0.153185,-0.0,11117.173828,13718.307617,1628.0,0.0,880.0,8.0,0.0,0.153694,64128.0,1721542144.0,64.0,0.0,0.0,0.0,0.0,0.0,62.0,0.0,11.13499,1.0,6.0,0.0,0.0,28.950974,31872.0,14.0,1.0,0.0,0.0,0.0,0.449035,0.0,0.0,24835.480469,0.449035,748.0,0.0,110.0,0.0,0.0,0.449035,0.449035,0.0,0.0,0.0,15.588985,0.0,3.0
0.0,0.000509,0.0,122.0,0.956649,0.153185,-0.0,9182.050781,12058.758789,2782.0,0.0,1562.0,13.0,0.0,0.153694,64128.0,1721542144.0,64.0,0.0,0.0,0.0,0.0,0.0,62.0,0.0,9.407839,1.0,10.0,0.0,0.0,22.996941,31872.0,23.0,1.0,0.0,0.0,0.0,0.956649,0.0,0.0,21240.810547,0.956649,1220.0,0.0,120.153847,0.0,0.0,0.956649,0.956649,0.0,0.0,0.0,12.543786,0.0,3.0
0.0,0.000509,0.0,117.199997,0.893084,0.153185,-0.0,9450.399414,13544.079102,2800.0,0.0,1628.0,14.0,0.0,0.153694,64128.0,1721542144.0,64.0,0.0,0.0,0.0,0.0,0.0,62.0,0.0,10.077439,1.0,10.0,0.0,0.0,25.753456,31872.0,24.0,1.0,0.0,0.0,0.0,0.893084,0.0,0.0,22994.478516,0.893084,1172.0,0.0,116.285713,0.0,0.0,0.893084,0.893084,0.0,0.0,0.0,14.556302,0.0,3.0
0.0,0.000509,0.0,120.400002,0.200684,0.153185,-0.0,19214.287109,31093.660156,1512.0,0.0,910.0,7.0,0.0,0.153694,64128.0,1721542144.0,64.0,0.0,0.0,0.0,0.0,0.0,62.0,0.0,19.931833,1.0,5.0,0.0,0.0,54.812542,31872.0,12.0,1.0,0.0,0.0,0.0,0.200684,0.0,0.0,50307.949219,0.200684,602.0,0.0,130.0,0.0,0.0,0.200684,0.200684,0.0,0.0,0.0,29.897751,0.0,3.0
0.0,0.000509,0.0,106.0,0.492911,0.153185,-0.0,5161.174805,7693.072266,1056.0,0.0,632.0,4.0,0.0,0.153694,64128.0,1721542144.0,64.0,0.0,0.0,0.0,0.0,0.0,62.0,0.0,6.086291,1.0,4.0,0.0,0.0,14.201346,31872.0,8.0,1.0,0.0,0.0,0.0,0.492911,0.0,0.0,12854.24707,0.492911,424.0,0.0,158.0,0.0,0.0,0.492911,0.492911,0.0,0.0,0.0,6.086291,0.0,3.0
0.0,0.000509,0.0,66.0,0.060453,0.153185,-0.0,0.0,0.0,276.0,0.0,210.0,1.0,0.0,0.153694,64128.0,1721542144.0,64.0,0.0,0.0,0.0,0.0,0.0,62.0,0.0,0.0,1.0,1.0,0.0,1.0,16.541777,31872.0,2.0,0.0,0.0,0.0,0.0,0.060453,0.0,0.0,0.0,0.060453,66.0,0.0,210.0,0.0,0.0,0.060453,0.060453,0.0,0.0,0.0,0.0,0.0,3.0
0.0,0.000509,0.0,66.0,0.059509,0.153185,-0.0,0.0,0.0,276.0,0.0,210.0,1.0,0.0,0.153694,64128.0,1721542144.0,64.0,0.0,0.0,0.0,0.0,0.0,62.0,0.0,0.0,1.0,1.0,0.0,1.0,16.80418,31872.0,2.0,0.0,0.0,0.0,0.0,0.059509,0.0,0.0,0.0,0.059509,66.0,0.0,210.0,0.0,0.0,0.059509,0.059509,0.0,0.0,0.0,0.0,0.0,3.0
0.0,0.000509,0.0,90.0,0.153419,0.153185,-0.0,14079.089844,29096.787109,1104.0,0.0,744.0,4.0,0.0,0.153694,64128.0,1721542144.0,64.0,0.0,0.0,0.0,0.0,0.0,62.0,0.0,19.554293,1.0,4.0,0.0,0.0,45.626682,31872.0,8.0,1.0,0.0,0.0,0.0,0.153419,0.0,0.0,43175.878906,0.153419,360.0,0.0,186.0,0.0,0.0,0.153419,0.153419,0.0,0.0,0.0,19.554293,0.0,3.0
0.0,0.000509,0.0,122.888885,0.415153,0.153185,-0.0,18961.683594,53416.453125,4108.0,0.0,3002.0,13.0,0.0,0.153694,64128.0,1721542144.0,64.0,0.0,0.0,0.0,0.0,0.0,62.0,0.0,19.270004,1.0,9.0,0.0,0.0,50.583759,31872.0,22.0,1.0,0.0,0.0,0.0,0.415153,0.0,0.0,72378.132812,0.415153,1106.0,0.0,230.92308,0.0,0.0,0.415153,0.415153,0.0,0.0,0.0,28.905006,0.0,3.0
0.0,0.000509,0.0,117.199997,0.21657,0.153185,-0.0,17324.652344,63609.917969,2554.0,0.0,1968.0,8.0,0.0,0.153694,64128.0,1721542144.0,64.0,0.0,0.0,0.0,0.0,0.0,62.0,0.0,18.469778,1.0,5.0,0.0,0.0,55.409336,31872.0,13.0,1.0,0.0,0.0,0.0,0.21657,0.0,0.0,80934.570312,0.21657,586.0,0.0,246.0,0.0,0.0,0.21657,0.21657,0.0,0.0,0.0,32.322113,0.0,3.0
0.0,0.000509,0.0,117.199997,0.215891,0.153185,-0.0,17379.140625,34017.164062,1656.0,0.0,1070.0,7.0,0.0,0.153694,64128.0,1721542144.0,64.0,0.0,0.0,0.0,0.0,0.0,62.0,0.0,18.527868,1.0,5.0,0.0,0.0,50.951637,31872.0,12.0,1.0,0.0,0.0,0.0,0.215891,0.0,0.0,51396.304688,0.215891,586.0,0.0,152.857147,0.0,0.0,0.215891,0.215891,0.0,0.0,0.0,27.791801,0.0,3.0
0.0,0.000509,0.0,102.571426,0.56626,0.153185,-0.0,8702.716797,12573.729492,1756.0,0.0,1038.0,7.0,0.0,0.153694,64128.0,1721542144.0,64.0,0.0,0.0,0.0,0.0,0.0,62.0,0.0,10.59584,1.0,7.0,0.0,0.0,22.957653,31872.0,14.0,1.0,0.0,0.0,0.0,0.56626,0.0,0.0,21276.445312,0.56626,718.0,0.0,148.285721,0.0,0.0,0.56626,0.56626,0.0,0.0,0.0,10.59584,0.0,3.0
0.0,0.000509,0.0,110.0,0.586758,0.153185,-0.0,4499.299316,12325.353516,1524.0,0.0,1084.0,6.0,0.0,0.153694,64128.0,1721542144.0,64.0,0.0,0.0,0.0,0.0,0.0,62.0,0.0,5.11284,1.0,4.0,0.0,0.0,15.338521,31872.0,10.0,1.0,0.0,0.0,0.0,0.586758,0.0,0.0,16824.652344,0.586758,440.0,0.0,180.666672,0.0,0.0,0.586758,0.586758,0.0,0.0,0.0,8.5214,0.0,3.0
0.0,0.000509,0.0,98.0,0.093804,0.153185,-0.0,16715.705078,112063.453125,2046.0,0.0,1752.0,4.0,0.0,0.153694,64128.0,1721542144.0,64.0,0.0,0.0,0.0,0.0,0.0,62.0,0.0,21.321053,1.0,3.0,0.0,0.0,63.963158,31872.0,7.0,1.0,0.0,0.0,0.0,0.093804,0.0,0.0,128779.15625,0.093804,294.0,0.0,438.0,0.0,0.0,0.093804,0.093804,0.0,0.0,0.0,31.981579,0.0,3.0
0.0,0.000509,0.0,114.0,0.21491,0.153185,-0.0,16974.546875,29035.410156,1480.0,0.0,910.0,7.0,0.0,0.153694,64128.0,1721542144.0,64.0,0.0,0.0,0.0,0.0,0.0,62.0,0.0,18.612442,1.0,5.0,0.0,0.0,51.184216,31872.0,12.0,1.0,0.0,0.0,0.0,0.21491,0.0,0.0,46009.957031,0.21491,570.0,0.0,130.0,0.0,0.0,0.21491,0.21491,0.0,0.0,0.0,27.918663,0.0,3.0
0.0,0.000509,0.0,115.599998,0.620521,0.153185,-0.0,13420.979492,21981.527344,2992.0,0.0,1836.0,14.0,0.0,0.153694,64128.0,1721542144.0,64.0,0.0,0.0,0.0,0.0,0.0,62.0,0.0,14.503941,1.0,10.0,0.0,0.0,37.065628,31872.0,24.0,1.0,0.0,0.0,0.0,0.620521,0.0,0.0,35402.507812,0.620521,1156.0,0.0,131.142853,0.0,0.0,0.620521,0.620521,0.0,0.0,0.0,20.950136,0.0,3.0
0.0,0.000509,0.0,117.199997,0.21885,0.153185,-0.0,17144.162109,36554.71875,1752.0,0.0,1166.0,7.0,0.0,0.153694,64128.0,1721542144.0,64.0,0.0,0.0,0.0,0.0,0.0,62.0,0.0,18.277359,1.0,5.0,0.0,0.0,50.262737,31872.0,12.0,1.0,0.0,0.0,0.0,0.21885,0.0,0.0,53698.878906,0.21885,586.0,0.0,166.571426,0.0,0.0,0.21885,0.21885,0.0,0.0,0.0,27.416039,0.0,3.0
0.0,0.000509,0.0,117.199997,0.184503,0.153185,-0.0,20335.712891,51684.796875,1976.0,0.0,1390.0,7.0,0.0,0.153694,64128.0,1721542144.0,64.0,0.0,0.0,0.0,0.0,0.0,62.0,0.0,21.679863,1.0,5.0,0.0,0.0,59.619625,31872.0,12.0,1.0,0.0,0.0,0.0,0.184503,0.0,0.0,72020.507812,0.184503,586.0,0.0,198.571426,0.0,0.0,0.184503,0.184503,0.0,0.0,0.0,32.519794,0.0,3.0
0.0,0.000509,0.0,102.571426,0.217266,0.153185,-0.0,22681.875,462400.9375,14172.0,0.0,13454.0,15.0,0.0,0.153694,64128.0,1721542144.0,64.0,0.0,0.0,0.0,0.0,0.0,62.0,0.0,27.615919,1.0,7.0,0.0,0.0,96.655716,31872.0,22.0,1.0,0.0,0.0,0.0,0.217266,0.0,0.0,485082.8125,0.217266,718.0,0.0,896.93335,0.0,0.0,0.217266,0.217266,0.0,0.0,0.0,64.437141,0.0,3.0
0.0,0.000509,1.0,110.666664,0.492676,0.153185,-0.0,8995.770508,27279.591797,2584.0,1.0,1920.0,8.0,0.0,0.153694,64128.0,1721542144.0,64.0,0.0,0.0,0.0,0.0,0.0,62.0,0.0,10.148658,1.0,6.0,1.0,0.0,26.386511,31872.0,14.0,1.0,0.0,6.666667,0.0,0.492676,0.0,0.0,36275.363281,0.492676,664.0,0.0,240.0,0.0,0.0,0.492676,0.492676,1.0,0.0,0.0,14.208121,0.0,3.0
0.0,0.000509,0.0,106.0,0.542608,0.153185,-0.0,7814.112305,11500.014648,1546.0,1.0,910.0,7.0,0.0,0.153694,64128.0,1721542144.0,64.0,0.0,0.0,0.0,0.0,0.0,62.0,0.0,9.214755,1.0,6.0,0.0,0.0,22.115412,31872.0,13.0,1.0,0.0,0.0,0.0,0.542608,0.0,0.0,19314.126953,0.542608,636.0,0.0,130.0,0.0,0.0,0.542608,0.542608,0.0,0.0,0.0,11.057706,0.0,3.0
0.0,0.000509,0.0,120.400002,0.893631,0.153185,-0.0,4314.97998,8182.348145,1668.0,1.0,1066.0,7.0,0.0,0.153694,64128.0,1721542144.0,64.0,0.0,0.0,0.0,0.0,0.0,62.0,0.0,4.47612,1.0,5.0,0.0,0.0,12.309332,31872.0,12.0,1.0,0.0,0.0,47.0,0.893631,0.0,0.0,12497.328125,0.893631,602.0,0.0,152.285721,0.0,0.0,0.893631,0.893631,0.0,1.0,0.0,6.714181,0.0,3.0
1.0,0.000509,1.0,110.800003,0.507927,0.153185,-0.0,6993.130859,10993.706055,1368.0,1.0,814.0,7.0,0.0,0.153694,64128.0,1721542144.0,64.0,0.0,0.0,0.0,0.0,0.0,62.0,1.0,7.875147,1.0,5.0,0.0,0.0,21.656656,31872.0,12.0,1.0,0.0,7.692308,0.0,0.507927,0.0,0.0,17986.835938,0.507927,554.0,0.0,116.285713,0.0,0.0,0.507927,0.507927,0.0,0.0,0.0,11.812721,0.0,3.0
0.0,0.000509,0.0,117.199997,0.540094,0.153185,-0.0,6946.938477,9242.834961,1334.0,1.0,748.0,6.0,0.0,0.153694,64128.0,1721542144.0,64.0,0.0,0.0,0.0,0.0,0.0,62.0,0.0,7.406118,1.0,5.0,0.0,0.0,18.515295,31872.0,11.0,1.0,0.0,0.0,0.0,0.540094,0.0,0.0,16189.773438,0.540094,586.0,0.0,124.666664,0.0,0.0,0.540094,0.540094,0.0,0.0,0.0,9.257648,0.0,3.0
0.0,0.000509,0.0,117.199997,0.540441,0.153185,-0.0,6942.478516,11146.453125,1464.0,1.0,878.0,7.0,0.0,0.153694,64128.0,1721542144.0,64.0,0.0,0.0,0.0,0.0,0.0,62.0,0.0,7.401363,1.0,5.0,0.0,0.0,20.353748,31872.0,12.0,1.0,0.0,0.0,0.0,0.540441,0.0,0.0,18088.931641,0.540441,586.0,0.0,125.428574,0.0,0.0,0.540441,0.540441,0.0,0.0,0.0,11.102045,0.0,3.0
0.0,0.000509,0.0,117.199997,0.5388,0.153185,-0.0,6963.623047,11180.400391,1464.0,1.0,878.0,7.0,0.0,0.153694,64128.0,1721542144.0,64.0,0.0,0.0,0.0,0.0,0.0,62.0,0.0,7.423905,1.0,5.0,0.0,0.0,20.415739,31872.0,12.0,1.0,0.0,0.0,0.0,0.5388,0.0,0.0,18144.023438,0.5388,586.0,0.0,125.428574,0.0,0.0,0.5388,0.5388,0.0,0.0,0.0,11.135858,0.0,3.0
1.0,0.000509,2.0,116.545456,0.957086,0.153185,-0.0,9746.25,87189.65625,12262.0,1.0,10980.0,20.0,0.0,0.153694,64128.0,1721542144.0,64.0,0.0,0.0,0.0,0.0,0.0,62.0,0.0,10.448381,1.0,11.0,1.0,0.0,31.345144,31872.0,31.0,1.0,0.0,6.060606,0.0,0.957086,0.0,0.0,96935.90625,0.957086,1282.0,0.0,549.0,0.0,1.0,0.957086,0.957086,0.0,0.0,0.0,19.851925,0.0,3.0
0.0,0.000509,0.0,117.199997,0.201534,0.153185,-0.0,18617.205078,34257.246094,1592.0,1.0,1006.0,7.0,0.0,0.153694,64128.0,1721542144.0,64.0,0.0,0.0,0.0,0.0,0.0,62.0,0.0,19.847767,1.0,5.0,0.0,0.0,54.58136,31872.0,12.0,1.0,0.0,0.0,0.0,0.201534,0.0,0.0,52874.453125,0.201534,586.0,0.0,143.714279,0.0,0.0,0.201534,0.201534,0.0,0.0,0.0,29.77165,0.0,3.0
0.0,0.000509,0.0,127.333336,0.959196,0.153185,-0.0,5312.782715,6889.103027,1708.0,1.0,944.0,8.0,0.0,0.153694,64128.0,1721542144.0,64.0,0.0,0.0,0.0,0.0,0.0,62.0,0.0,5.212699,1.0,6.0,0.0,0.0,13.553018,31872.0,14.0,1.0,0.0,0.0,0.0,0.959196,0.0,0.0,12201.885742,0.959196,764.0,0.0,118.0,0.0,0.0,0.959196,0.959196,0.0,0.0,0.0,7.297779,0.0,3.0
0.0,0.000509,0.0,122.0,0.154747,0.153185,-0.0,18921.207031,25590.158203,1106.0,1.0,618.0,5.0,0.0,0.153694,64128.0,1721542144.0,64.0,0.0,0.0,0.0,0.0,0.0,62.0,0.0,19.386482,1.0,4.0,0.0,0.0,51.697289,31872.0,9.0,1.0,0.0,0.0,0.0,0.154747,0.0,0.0,44511.367188,0.154747,488.0,0.0,123.599998,0.0,0.0,0.154747,0.154747,0.0,0.0,0.0,25.848644,0.0,3.0
0.0,0.000509,0.0,130.0,0.123385,0.153185,-0.0,16857.802734,33845.28125,1086.0,1.0,696.0,4.0,0.0,0.153694,64128.0,1721542144.0,64.0,0.0,0.0,0.0,0.0,0.0,62.0,0.0,16.209427,1.0,3.0,0.0,0.0,48.628277,31872.0,7.0,1.0,0.0,0.0,0.0,0.123385,0.0,0.0,50703.085938,0.123385,390.0,0.0,174.0,0.0,0.0,0.123385,0.123385,0.0,0.0,0.0,24.314138,0.0,3.0
0.0,0.000509,0.0,104.85714,0.814456,0.153185,-0.0,6188.179688,10038.602539,1902.0,1.0,1168.0,8.0,0.0,0.153694,64128.0,1721542144.0,64.0,0.0,0.0,0.0,0.0,0.0,62.0,0.0,7.36688,1.0,7.0,0.0,0.0,17.189388,31872.0,15.0,1.0,0.0,0.0,0.0,0.814456,0.0,0.0,16226.782227,0.814456,734.0,0.0,146.0,0.0,0.0,0.814456,0.814456,0.0,0.0,0.0,8.594694,0.0,3.0
0.0,0.000509,0.0,98.0,0.09341,0.153185,-0.0,16786.210938,55668.558594,1074.0,1.0,780.0,6.0,0.0,0.153694,64128.0,1721542144.0,64.0,0.0,0.0,0.0,0.0,0.0,62.0,0.0,21.410984,1.0,3.0,0.0,0.0,85.643936,31872.0,9.0,1.0,0.0,0.0,0.0,0.09341,0.0,0.0,72454.765625,0.09341,294.0,0.0,130.0,0.0,0.0,0.09341,0.09341,0.0,0.0,0.0,53.527458,0.0,3.0
0.0,0.000509,0.0,114.0,0.216309,0.153185,-0.0,16864.763672,43567.304688,1944.0,1.0,1374.0,7.0,0.0,0.153694,64128.0,1721542144.0,64.0,0.0,0.0,0.0,0.0,0.0,62.0,0.0,18.492065,1.0,5.0,0.0,0.0,50.85318,31872.0,12.0,1.0,0.0,0.0,0.0,0.216309,0.0,0.0,60432.066406,0.216309,570.0,0.0,196.285721,0.0,0.0,0.216309,0.216309,0.0,0.0,0.0,27.738098,0.0,3.0
0.0,0.000509,0.0,119.333336,0.942127,0.153185,-0.0,5069.380371,11004.885742,2174.0,1.0,1458.0,9.0,0.0,0.153694,64128.0,1721542144.0,64.0,0.0,0.0,0.0,0.0,0.0,62.0,0.0,5.30714,1.0,6.0,0.0,0.0,14.859993,31872.0,15.0,1.0,0.0,0.0,0.0,0.942127,0.0,0.0,16074.266602,0.942127,716.0,0.0,162.0,0.0,0.0,0.942127,0.942127,0.0,0.0,0.0,8.491425,0.0,3.0
0.0,0.000509,0.0,92.666664,0.262432,0.153185,-0.0,14144.616211,15089.623047,1174.0,1.0,618.0,5.0,0.0,0.153694,64128.0,1721542144.0,64.0,0.0,0.0,0.0,0.0,0.0,62.0,0.0,19.052553,1.0,6.0,0.0,0.0,38.105106,31872.0,11.0,1.0,0.0,0.0,0.0,0.262432,0.0,0.0,29234.238281,0.262432,556.0,0.0,123.599998,0.0,0.0,0.262432,0.262432,0.0,0.0,0.0,15.242043,0.0,3.0
0.0,0.000509,0.0,119.333336,0.122508,0.153185,-0.0,15607.144531,27818.591797,926.0,1.0,568.0,4.0,0.0,0.153694,64128.0,1721542144.0,64.0,0.0,0.0,0.0,0.0,0.0,62.0,0.0,16.325464,1.0,3.0,0.0,0.0,48.976395,31872.0,7.0,1.0,0.0,0.0,0.0,0.122508,0.0,0.0,43425.738281,0.122508,358.0,0.0,142.0,0.0,0.0,0.122508,0.122508,0.0,0.0,0.0,24.488197,0.0,3.0
0.0,0.000509,0.0,66.0,0.0,0.153185,-0.0,0.0,0.0,356.0,1.0,290.0,1.0,0.0,0.153694,64128.0,1721542144.0,64.0,0.0,0.0,0.0,0.0,0.0,62.0,0.0,0.0,1.0,1.0,0.0,1.0,0.0,31872.0,2.0,0.0,0.0,0.0,0.0,0.0,0.0,0.0,0.0,0.0,66.0,0.0,290.0,0.0,0.0,0.0,0.0,0.0,0.0,0.0,0.0,0.0,3.0
0.0,0.000509,0.0,66.0,0.0,0.153185,-0.0,0.0,0.0,276.0,1.0,210.0,1.0,0.0,0.153694,64128.0,1721542144.0,64.0,0.0,0.0,0.0,0.0,0.0,62.0,0.0,0.0,1.0,1.0,0.0,1.0,0.0,31872.0,2.0,0.0,0.0,0.0,0.0,0.0,0.0,0.0,0.0,0.0,66.0,0.0,210.0,0.0,0.0,0.0,0.0,0.0,0.0,0.0,0.0,0.0,3.0
0.0,0.000509,0.0,66.0,0.0,0.153185,-0.0,0.0,0.0,276.0,1.0,210.0,1.0,0.0,0.153694,64128.0,1721542144.0,64.0,0.0,0.0,0.0,0.0,0.0,62.0,0.0,0.0,1.0,1.0,0.0,1.0,0.0,31872.0,2.0,0.0,0.0,0.0,0.0,0.0,0.0,0.0,0.0,0.0,66.0,0.0,210.0,0.0,0.0,0.0,0.0,0.0,0.0,0.0,0.0,0.0,3.0
0.0,0.000509,0.0,66.0,0.0,0.153185,-0.0,0.0,0.0,276.0,1.0,210.0,1.0,0.0,0.153694,64128.0,1721542144.0,64.0,0.0,0.0,0.0,0.0,0.0,62.0,0.0,0.0,1.0,1.0,0.0,1.0,0.0,31872.0,2.0,0.0,0.0,0.0,0.0,0.0,0.0,0.0,0.0,0.0,66.0,0.0,210.0,0.0,0.0,0.0,0.0,0.0,0.0,0.0,0.0,0.0,3.0
0.0,0.000509,0.0,66.0,0.938646,0.153185,-0.0,0.0,1789.812134,486.0,1.0,420.0,2.0,0.0,0.153694,64128.0,1721542144.0,64.0,0.0,0.0,0.0,0.0,0.0,62.0,0.0,0.0,1.0,1.0,0.0,1.0,2.130729,31872.0,3.0,0.0,0.0,0.0,0.0,0.938646,0.0,0.0,1789.812134,0.938646,66.0,0.0,210.0,0.0,0.0,0.938646,0.938646,0.0,0.0,0.0,1.065364,0.0,3.0
0.0,0.000509,0.0,66.0,0.951108,0.153185,-0.0,0.0,0.0,276.0,1.0,210.0,1.0,0.0,0.153694,64128.0,1721542144.0,64.0,0.0,0.0,0.0,0.0,0.0,62.0,0.0,0.0,1.0,1.0,0.0,1.0,1.051405,31872.0,2.0,0.0,0.0,0.0,0.0,0.951108,0.0,0.0,0.0,0.951108,66.0,0.0,210.0,0.0,0.0,0.951108,0.951108,0.0,0.0,0.0,0.0,0.0,3.0
0.0,0.000509,0.0,66.0,0.987555,0.153185,-0.0,534.653748,0.0,342.0,1.0,210.0,1.0,0.0,0.153694,64128.0,1721542144.0,64.0,0.0,0.0,0.0,0.0,0.0,62.0,0.0,1.012602,1.0,2.0,0.0,1.0,2.025204,31872.0,3.0,0.0,0.0,0.0,0.0,0.987555,0.0,0.0,534.653748,0.987555,132.0,0.0,210.0,0.0,0.0,0.987555,0.987555,0.0,0.0,0.0,0.0,0.0,3.0
0.0,0.000509,0.0,66.0,0.0,0.153185,-0.0,0.0,0.0,276.0,1.0,210.0,1.0,0.0,0.153694,64128.0,1721542144.0,64.0,0.0,0.0,0.0,0.0,0.0,62.0,0.0,0.0,1.0,1.0,0.0,1.0,0.0,31872.0,2.0,0.0,0.0,0.0,0.0,0.0,0.0,0.0,0.0,0.0,66.0,0.0,210.0,0.0,0.0,0.0,0.0,0.0,0.0,0.0,0.0,0.0,3.0
0.0,0.000509,0.0,102.571426,0.754296,0.153185,-0.0,6533.244141,19748.214844,2846.0,1.0,2128.0,8.0,0.0,0.153694,64128.0,1721542144.0,64.0,0.0,0.0,0.0,0.0,0.0,62.0,0.0,7.954437,1.0,7.0,0.0,0.0,18.560352,31872.0,15.0,1.0,0.0,0.0,0.0,0.754296,0.0,0.0,26281.458984,0.754296,718.0,0.0,266.0,0.0,0.0,0.754296,0.754296,0.0,0.0,0.0,9.280176,0.0,3.0
0.0,0.000509,0.0,66.0,0.0,0.153185,-0.0,0.0,0.0,500.0,1.0,434.0,1.0,0.0,0.153694,64128.0,1721542144.0,64.0,0.0,0.0,0.0,0.0,0.0,62.0,0.0,0.0,1.0,1.0,0.0,1.0,0.0,31872.0,2.0,0.0,0.0,0.0,0.0,0.0,0.0,0.0,0.0,0.0,66.0,0.0,434.0,0.0,0.0,0.0,0.0,0.0,0.0,0.0,0.0,0.0,3.0
0.0,0.000509,0.0,66.0,0.0,0.153185,-0.0,0.0,0.0,500.0,1.0,434.0,1.0,0.0,0.153694,64128.0,1721542144.0,64.0,0.0,0.0,0.0,0.0,0.0,62.0,0.0,0.0,1.0,1.0,0.0,1.0,0.0,31872.0,2.0,0.0,0.0,0.0,0.0,0.0,0.0,0.0,0.0,0.0,66.0,0.0,434.0,0.0,0.0,0.0,0.0,0.0,0.0,0.0,0.0,0.0,3.0
0.0,0.000509,0.0,66.0,0.0,0.153185,-0.0,0.0,0.0,500.0,1.0,434.0,1.0,0.0,0.153694,64128.0,1721542144.0,64.0,0.0,0.0,0.0,0.0,0.0,62.0,0.0,0.0,1.0,1.0,0.0,1.0,0.0,31872.0,2.0,0.0,0.0,0.0,0.0,0.0,0.0,0.0,0.0,0.0,66.0,0.0,434.0,0.0,0.0,0.0,0.0,0.0,0.0,0.0,0.0,0.0,3.0
0.0,0.000509,0.0,66.0,0.0,0.153185,-0.0,0.0,0.0,900.0,1.0,834.0,1.0,0.0,0.153694,64128.0,1721542144.0,64.0,0.0,0.0,0.0,0.0,0.0,62.0,0.0,0.0,1.0,1.0,0.0,1.0,0.0,31872.0,2.0,0.0,0.0,0.0,0.0,0.0,0.0,0.0,0.0,0.0,66.0,0.0,834.0,0.0,0.0,0.0,0.0,0.0,0.0,0.0,0.0,0.0,3.0
0.0,0.000509,0.0,66.0,0.939079,0.153185,-0.0,562.253052,5673.644043,1130.0,1.0,998.0,3.0,0.0,0.153694,64128.0,1721542144.0,64.0,0.0,0.0,0.0,0.0,0.0,62.0,0.0,1.064873,1.0,2.0,0.0,1.0,4.259492,31872.0,5.0,0.0,0.0,0.0,0.0,0.939079,0.0,0.0,6235.896973,0.939079,132.0,0.0,332.666656,0.0,0.0,0.939079,0.939079,0.0,0.0,0.0,2.129746,0.0,3.0
0.0,0.000509,0.0,66.0,0.951011,0.153185,-0.0,0.0,0.0,500.0,1.0,434.0,1.0,0.0,0.153694,64128.0,1721542144.0,64.0,0.0,0.0,0.0,0.0,0.0,62.0,0.0,0.0,1.0,1.0,0.0,1.0,1.051513,31872.0,2.0,0.0,0.0,0.0,0.0,0.951011,0.0,0.0,0.0,0.951011,66.0,0.0,434.0,0.0,0.0,0.951011,0.951011,0.0,0.0,0.0,0.0,0.0,3.0
0.0,0.000509,0.0,66.0,0.999068,0.153185,-0.0,528.492554,0.0,566.0,1.0,434.0,1.0,0.0,0.153694,64128.0,1721542144.0,64.0,0.0,0.0,0.0,0.0,0.0,62.0,0.0,1.000933,1.0,2.0,0.0,1.0,2.001866,31872.0,3.0,0.0,0.0,0.0,0.0,0.999068,0.0,0.0,528.492554,0.999068,132.0,0.0,434.0,0.0,0.0,0.999068,0.999068,0.0,0.0,0.0,0.0,0.0,3.0
0.0,0.000509,0.0,90.0,0.093489,0.153185,-0.0,23104.322266,51856.367188,1168.0,1.0,808.0,4.0,0.0,0.153694,64128.0,1721542144.0,64.0,0.0,0.0,0.0,0.0,0.0,62.0,0.0,32.089336,1.0,4.0,0.0,0.0,74.875122,31872.0,8.0,1.0,0.0,0.0,0.0,0.093489,0.0,0.0,74960.695312,0.093489,360.0,0.0,202.0,0.0,0.0,0.093489,0.093489,0.0,0.0,0.0,32.089336,0.0,3.0
0.0,0.000509,0.0,119.333336,0.092262,0.153185,-0.0,20723.591797,36938.285156,926.0,1.0,568.0,4.0,0.0,0.153694,64128.0,1721542144.0,64.0,0.0,0.0,0.0,0.0,0.0,62.0,0.0,21.677397,1.0,3.0,0.0,0.0,65.032188,31872.0,7.0,1.0,0.0,0.0,0.0,0.092262,0.0,0.0,57661.875,0.092262,358.0,0.0,142.0,0.0,0.0,0.092262,0.092262,0.0,0.0,0.0,32.516094,0.0,3.0
0.0,0.000509,0.0,66.0,0.0,0.153185,-0.0,0.0,0.0,580.0,1.0,514.0,1.0,0.0,0.153694,64128.0,1721542144.0,64.0,0.0,0.0,0.0,0.0,0.0,62.0,0.0,0.0,1.0,1.0,0.0,1.0,0.0,31872.0,2.0,0.0,0.0,0.0,0.0,0.0,0.0,0.0,0.0,0.0,66.0,0.0,514.0,0.0,0.0,0.0,0.0,0.0,0.0,0.0,0.0,0.0,3.0
0.0,0.000509,0.0,66.0,0.939625,0.153185,-0.0,561.92627,6487.694336,1274.0,1.0,1142.0,3.0,0.0,0.153694,64128.0,1721542144.0,64.0,0.0,0.0,0.0,0.0,0.0,62.0,0.0,1.064254,1.0,2.0,0.0,1.0,4.257017,31872.0,5.0,0.0,0.0,0.0,0.0,0.939625,0.0,0.0,7049.620605,0.939625,132.0,0.0,380.666656,0.0,0.0,0.939625,0.939625,0.0,0.0,0.0,2.128509,0.0,3.0
0.0,0.000509,0.0,66.0,0.951978,0.153185,-0.0,0.0,0.0,580.0,1.0,514.0,1.0,0.0,0.153694,64128.0,1721542144.0,64.0,0.0,0.0,0.0,0.0,0.0,62.0,0.0,0.0,1.0,1.0,0.0,1.0,1.050444,31872.0,2.0,0.0,0.0,0.0,0.0,0.951978,0.0,0.0,0.0,0.951978,66.0,0.0,514.0,0.0,0.0,0.951978,0.951978,0.0,0.0,0.0,0.0,0.0,3.0
0.0,0.000509,0.0,66.0,0.948186,0.153185,-0.0,0.0,4809.183105,1206.0,1.0,1140.0,2.0,0.0,0.153694,64128.0,1721542144.0,64.0,0.0,0.0,0.0,0.0,0.0,62.0,0.0,0.0,1.0,1.0,0.0,1.0,2.109291,31872.0,3.0,0.0,0.0,0.0,0.0,0.948186,0.0,0.0,4809.183105,0.948186,66.0,0.0,570.0,0.0,0.0,0.948186,0.948186,0.0,0.0,0.0,1.054645,0.0,3.0
0.0,0.000509,0.0,108.666664,0.949754,0.153185,-0.0,4582.239258,21984.640625,3522.0,1.0,2870.0,11.0,0.0,0.153694,64128.0,1721542144.0,64.0,0.0,0.0,0.0,0.0,0.0,62.0,0.0,5.264521,1.0,6.0,0.0,0.0,16.846468,31872.0,17.0,1.0,0.0,0.0,0.0,0.949754,0.0,0.0,26566.878906,0.949754,652.0,0.0,260.909088,0.0,0.0,0.949754,0.949754,0.0,0.0,0.0,10.529042,0.0,3.0
0.0,0.000509,0.0,98.0,0.093614,0.153185,-0.0,16749.632812,5640.182129,426.0,1.0,132.0,2.0,0.0,0.153694,64128.0,1721542144.0,64.0,0.0,0.0,0.0,0.0,0.0,62.0,0.0,21.364326,1.0,3.0,0.0,0.0,42.728653,31872.0,5.0,0.0,0.0,0.0,0.0,0.093614,0.0,0.0,22389.814453,0.093614,294.0,0.0,66.0,0.0,0.0,0.093614,0.093614,0.0,0.0,0.0,10.682163,0.0,3.0
0.0,0.000509,0.0,106.0,0.324119,0.153185,-0.0,13081.615234,15401.750977,1384.0,1.0,748.0,6.0,0.0,0.153694,64128.0,1721542144.0,64.0,0.0,0.0,0.0,0.0,0.0,62.0,0.0,15.426433,1.0,6.0,0.0,0.0,33.938152,31872.0,12.0,1.0,0.0,0.0,0.0,0.324119,0.0,0.0,28483.365234,0.324119,636.0,0.0,124.666664,0.0,0.0,0.324119,0.324119,0.0,0.0,0.0,15.426433,0.0,3.0
0.0,0.000509,0.0,117.199997,0.217493,0.153185,-0.0,17251.130859,58962.816406,2456.0,1.0,1870.0,7.0,0.0,0.153694,64128.0,1721542144.0,64.0,0.0,0.0,0.0,0.0,0.0,62.0,0.0,18.391397,1.0,5.0,0.0,0.0,50.57634,31872.0,12.0,1.0,0.0,0.0,0.0,0.217493,0.0,0.0,76213.945312,0.217493,586.0,0.0,267.142853,0.0,0.0,0.217493,0.217493,0.0,0.0,0.0,27.587095,0.0,3.0
0.0,0.000509,0.0,98.0,0.85002,0.153185,-0.0,6456.318848,32281.59375,4642.0,1.0,3858.0,9.0,0.0,0.153694,64128.0,1721542144.0,64.0,0.0,0.0,0.0,0.0,0.0,62.0,0.0,8.235101,1.0,8.0,0.0,0.0,18.823086,31872.0,17.0,1.0,0.0,0.0,0.0,0.85002,0.0,0.0,38737.914062,0.85002,784.0,0.0,428.666656,0.0,0.0,0.85002,0.85002,0.0,0.0,0.0,9.411543,0.0,3.0
0.0,0.000509,0.0,104.85714,0.881103,0.153185,-0.0,5720.103027,14808.711914,2636.0,1.0,1902.0,7.0,0.0,0.153694,64128.0,1721542144.0,64.0,0.0,0.0,0.0,0.0,0.0,62.0,0.0,6.809647,1.0,7.0,0.0,0.0,14.754234,31872.0,14.0,1.0,0.0,0.0,0.0,0.881103,0.0,0.0,20528.814453,0.881103,734.0,0.0,271.714294,0.0,0.0,0.881103,0.881103,0.0,0.0,0.0,6.809647,0.0,3.0
0.0,0.000509,0.0,119.333336,0.98685,0.153185,-0.0,4839.641113,10506.155273,2174.0,1.0,1458.0,9.0,0.0,0.153694,64128.0,1721542144.0,64.0,0.0,0.0,0.0,0.0,0.0,62.0,0.0,5.066626,1.0,6.0,0.0,0.0,14.186553,31872.0,15.0,1.0,0.0,0.0,0.0,0.98685,0.0,0.0,15345.796875,0.98685,716.0,0.0,162.0,0.0,0.0,0.98685,0.98685,0.0,0.0,0.0,8.106602,0.0,3.0
0.0,0.000509,0.0,112.222221,0.449655,0.153185,-0.0,15976.693359,35387.128906,3164.0,1.0,2154.0,13.0,0.0,0.153694,64128.0,1721542144.0,64.0,0.0,0.0,0.0,0.0,0.0,62.0,0.0,17.791418,1.0,9.0,0.0,0.0,46.702473,31872.0,22.0,1.0,0.0,0.0,0.0,0.449655,0.0,0.0,51363.824219,0.449655,1010.0,0.0,165.692307,0.0,0.0,0.449655,0.449655,0.0,0.0,0.0,26.687126,0.0,3.0
0.0,0.000509,0.0,85.692307,0.990463,0.153185,-0.0,17309.076172,338839.5,45282.0,1.0,43054.0,39.0,0.0,0.153694,99072.0,1721542144.0,64.0,0.0,0.0,0.0,0.0,0.0,62.0,0.0,25.240721,1.0,26.0,0.0,0.0,64.616241,31872.0,65.0,1.0,0.0,0.0,0.0,0.990463,0.0,0.0,356148.59375,0.990463,2228.0,0.0,1103.94873,0.0,0.0,0.990463,0.990463,0.0,0.0,0.0,38.365894,0.0,3.0
0.0,0.000509,0.0,114.0,0.186609,0.153185,-0.0,19548.896484,33438.902344,1480.0,1.0,910.0,7.0,0.0,0.153694,101888.0,1721542144.0,64.0,0.0,0.0,0.0,0.0,0.0,62.0,0.0,21.435194,1.0,5.0,0.0,0.0,58.946781,31872.0,12.0,1.0,0.0,0.0,0.0,0.186609,0.0,0.0,52987.796875,0.186609,570.0,0.0,130.0,0.0,0.0,0.186609,0.186609,0.0,0.0,0.0,32.15279,0.0,3.0
0.0,0.000509,0.0,117.199997,0.217311,0.153185,-0.0,17265.578125,35304.242188,1704.0,1.0,1118.0,7.0,0.0,0.153694,102400.0,1721542144.0,64.0,0.0,0.0,0.0,0.0,0.0,62.0,0.0,18.406799,1.0,5.0,0.0,0.0,50.618698,31872.0,12.0,1.0,0.0,0.0,0.0,0.217311,0.0,0.0,52569.820312,0.217311,586.0,0.0,159.714279,0.0,0.0,0.217311,0.217311,0.0,0.0,0.0,27.610199,0.0,3.0
0.0,0.000509,0.0,117.199997,0.943854,0.153185,-0.0,13908.931641,35471.589844,6152.0,1.0,4394.0,21.0,0.0,0.153694,102400.0,1721542144.0,64.0,0.0,0.0,0.0,0.0,0.0,62.0,0.0,14.832803,1.0,15.0,0.0,0.0,37.082008,31872.0,36.0,1.0,0.0,0.0,0.0,0.943854,0.0,0.0,49380.519531,0.943854,1758.0,0.0,209.238098,0.0,0.0,0.943854,0.943854,0.0,0.0,0.0,21.189718,0.0,3.0
0.0,0.000509,0.0,123.599998,0.21509,0.153185,-0.0,18410.896484,68808.40625,2776.0,1.0,2158.0,7.0,0.0,0.153694,102400.0,1721542144.0,64.0,0.0,0.0,0.0,0.0,0.0,62.0,0.0,18.596867,1.0,5.0,0.0,0.0,51.14138,31872.0,12.0,1.0,0.0,0.0,0.0,0.21509,0.0,0.0,87219.304688,0.21509,618.0,0.0,308.285706,0.0,0.0,0.21509,0.21509,0.0,0.0,0.0,27.895298,0.0,3.0
0.0,0.000509,0.0,123.599998,0.216114,0.153185,-0.0,18323.662109,29910.140625,1560.0,1.0,942.0,7.0,0.0,0.153694,102400.0,1721542144.0,64.0,0.0,0.0,0.0,0.0,0.0,62.0,0.0,18.508751,1.0,5.0,0.0,0.0,50.899063,31872.0,12.0,1.0,0.0,0.0,0.0,0.216114,0.0,0.0,48233.800781,0.216114,618.0,0.0,134.571426,0.0,0.0,0.216114,0.216114,0.0,0.0,0.0,27.763124,0.0,3.0
0.0,0.000509,0.0,123.599998,0.216937,0.153185,-0.0,18254.146484,31308.628906,1608.0,1.0,990.0,7.0,0.0,0.153694,102400.0,1721542144.0,64.0,0.0,0.0,0.0,0.0,0.0,62.0,0.0,18.438532,1.0,5.0,0.0,0.0,50.705963,31872.0,12.0,1.0,0.0,0.0,0.0,0.216937,0.0,0.0,49562.773438,0.216937,618.0,0.0,141.428574,0.0,0.0,0.216937,0.216937,0.0,0.0,0.0,27.657799,0.0,3.0
0.0,0.000509,0.0,116.909088,0.957582,0.153185,-0.0,9774.620117,15789.770508,3302.0,1.0,2016.0,16.0,0.0,0.153694,102400.0,1721542144.0,64.0,0.0,0.0,0.0,0.0,0.0,62.0,0.0,10.44297,1.0,11.0,0.0,0.0,27.151722,31872.0,27.0,1.0,0.0,0.0,0.0,0.957582,0.0,0.0,25564.390625,0.957582,1286.0,0.0,126.0,0.0,0.0,0.957582,0.957582,0.0,0.0,0.0,15.664454,0.0,3.0
0.0,0.000509,0.0,101.199997,0.218573,0.153185,-0.0,14823.422852,452279.09375,13892.0,1.0,13386.0,13.0,0.0,0.153694,102400.0,1721542144.0,64.0,0.0,0.0,0.0,0.0,0.0,62.0,0.0,18.300522,1.0,5.0,0.0,0.0,77.777214,31872.0,18.0,1.0,0.0,0.0,0.0,0.218573,0.0,0.0,467102.5,0.218573,506.0,0.0,1029.692261,0.0,0.0,0.218573,0.218573,0.0,0.0,0.0,54.901566,0.0,3.0
0.0,0.000509,0.0,122.0,0.97287,0.153185,-0.0,5016.086426,8798.708984,1920.0,1.0,1188.0,10.0,0.0,0.153694,102400.0,1721542144.0,64.0,0.0,0.0,0.0,0.0,0.0,62.0,0.0,5.139433,1.0,6.0,0.0,0.0,15.418299,31872.0,16.0,1.0,0.0,0.0,0.0,0.97287,0.0,0.0,13814.795898,0.97287,732.0,0.0,118.800003,0.0,0.0,0.97287,0.97287,0.0,0.0,0.0,9.250979,0.0,3.0
0.0,0.000509,0.0,110.0,0.154041,0.153185,-0.0,17138.292969,66320.0,1972.0,1.0,1532.0,6.0,0.0,0.153694,102400.0,1721542144.0,64.0,0.0,0.0,0.0,0.0,0.0,62.0,0.0,19.475334,1.0,4.0,0.0,0.0,58.426003,31872.0,10.0,1.0,0.0,0.0,0.0,0.154041,0.0,0.0,83458.296875,0.154041,440.0,0.0,255.333328,0.0,0.0,0.154041,0.154041,0.0,0.0,0.0,32.458889,0.0,3.0
0.0,0.000509,0.0,114.0,0.201468,0.153185,-0.0,18107.09375,38914.367188,1690.0,1.0,1120.0,8.0,0.0,0.153694,102400.0,1721542144.0,64.0,0.0,0.0,0.0,0.0,0.0,62.0,0.0,19.854269,1.0,5.0,0.0,0.0,59.562809,31872.0,13.0,1.0,0.0,0.0,0.0,0.201468,0.0,0.0,57021.460938,0.201468,570.0,0.0,140.0,0.0,0.0,0.201468,0.201468,0.0,0.0,0.0,34.744972,0.0,3.0
0.0,0.000509,0.0,125.428574,0.965334,0.153185,-0.0,6240.327148,10176.788086,2242.0,1.0,1364.0,10.0,0.0,0.153694,102400.0,1721542144.0,64.0,0.0,0.0,0.0,0.0,0.0,62.0,0.0,6.215466,1.0,7.0,0.0,0.0,16.574574,31872.0,17.0,1.0,0.0,0.0,0.0,0.965334,0.0,0.0,16417.115234,0.965334,878.0,0.0,136.399994,0.0,0.0,0.965334,0.965334,0.0,0.0,0.0,9.323198,0.0,3.0
0.0,0.000509,0.0,110.0,0.386251,0.153185,-0.0,15948.178711,18599.304688,1890.0,1.0,1010.0,9.0,0.0,0.153694,102400.0,1721542144.0,64.0,0.0,0.0,0.0,0.0,0.0,62.0,0.0,18.122931,1.0,8.0,0.0,0.0,41.42384,31872.0,17.0,1.0,0.0,0.0,0.0,0.386251,0.0,0.0,34547.484375,0.386251,880.0,0.0,112.222221,0.0,0.0,0.386251,0.386251,0.0,0.0,0.0,20.71192,0.0,3.0
0.0,0.000509,0.0,117.199997,0.215005,0.153185,-0.0,17450.757812,28017.953125,1464.0,1.0,878.0,7.0,0.0,0.153694,102400.0,1721542144.0,64.0,0.0,0.0,0.0,0.0,0.0,62.0,0.0,18.604219,1.0,5.0,0.0,0.0,51.161602,31872.0,12.0,1.0,0.0,0.0,0.0,0.215005,0.0,0.0,45468.710938,0.215005,586.0,0.0,125.428574,0.0,0.0,0.215005,0.215005,0.0,0.0,0.0,27.906328,0.0,3.0
0.0,0.000509,0.0,123.599998,0.215787,0.153185,-0.0,18351.429688,31994.513672,1624.0,1.0,1006.0,7.0,0.0,0.153694,102400.0,1721542144.0,64.0,0.0,0.0,0.0,0.0,0.0,62.0,0.0,18.536798,1.0,5.0,0.0,0.0,50.976196,31872.0,12.0,1.0,0.0,0.0,0.0,0.215787,0.0,0.0,50345.945312,0.215787,618.0,0.0,143.714279,0.0,0.0,0.215787,0.215787,0.0,0.0,0.0,27.805197,0.0,3.0
0.0,0.000509,0.0,117.199997,0.242988,0.153185,-0.0,15441.091797,28412.925781,1592.0,1.0,1006.0,7.0,0.0,0.153694,102400.0,1721542144.0,64.0,0.0,0.0,0.0,0.0,0.0,62.0,0.0,16.461718,1.0,5.0,0.0,0.0,45.269726,31872.0,12.0,1.0,0.0,0.0,0.0,0.242988,0.0,0.0,43854.015625,0.242988,586.0,0.0,143.714279,0.0,0.0,0.242988,0.242988,0.0,0.0,0.0,24.692577,0.0,3.0
0.0,0.000509,0.0,123.599998,0.232701,0.153185,-0.0,17017.544922,23996.458984,1432.0,1.0,814.0,7.0,0.0,0.153694,102400.0,1721542144.0,64.0,0.0,0.0,0.0,0.0,0.0,62.0,0.0,17.18944,1.0,5.0,0.0,0.0,47.270962,31872.0,12.0,1.0,0.0,0.0,0.0,0.232701,0.0,0.0,41014.003906,0.232701,618.0,0.0,116.285713,0.0,0.0,0.232701,0.232701,0.0,0.0,0.0,25.784161,0.0,3.0
0.0,0.000509,0.0,126.800003,0.218036,0.153185,-0.0,18639.125,25610.449219,1448.0,1.0,814.0,7.0,0.0,0.153694,102400.0,1721542144.0,64.0,0.0,0.0,0.0,0.0,0.0,62.0,0.0,18.345594,1.0,5.0,0.0,0.0,50.450386,31872.0,12.0,1.0,0.0,0.0,0.0,0.218036,0.0,0.0,44249.574219,0.218036,634.0,0.0,116.285713,0.0,0.0,0.218036,0.218036,0.0,0.0,0.0,27.518393,0.0,3.0
0.0,0.000509,0.0,130.0,0.123041,0.153185,-0.0,16904.935547,33939.90625,1086.0,1.0,696.0,4.0,0.0,0.153694,102400.0,1721542144.0,64.0,0.0,0.0,0.0,0.0,0.0,62.0,0.0,16.254745,1.0,3.0,0.0,0.0,48.764233,31872.0,7.0,1.0,0.0,0.0,0.0,0.123041,0.0,0.0,50844.839844,0.123041,390.0,0.0,174.0,0.0,0.0,0.123041,0.123041,0.0,0.0,0.0,24.382116,0.0,3.0
0.0,0.000509,0.0,90.0,0.138703,0.153185,-0.0,15572.842773,25262.611328,944.0,1.0,584.0,4.0,0.0,0.153694,102400.0,1721542144.0,64.0,0.0,0.0,0.0,0.0,0.0,62.0,0.0,21.628948,1.0,4.0,0.0,0.0,50.467545,31872.0,8.0,1.0,0.0,0.0,0.0,0.138703,0.0,0.0,40835.453125,0.138703,360.0,0.0,146.0,0.0,0.0,0.138703,0.138703,0.0,0.0,0.0,21.628948,0.0,3.0
0.0,0.000509,0.0,111.333336,0.926116,0.153185,-0.0,4811.492188,8828.267578,1836.0,1.0,1168.0,8.0,0.0,0.153694,102400.0,1721542144.0,64.0,0.0,0.0,0.0,0.0,0.0,62.0,0.0,5.398892,1.0,6.0,0.0,0.0,14.037119,31872.0,14.0,1.0,0.0,0.0,0.0,0.926116,0.0,0.0,13639.759766,0.926116,668.0,0.0,146.0,0.0,0.0,0.926116,0.926116,0.0,0.0,0.0,7.558448,0.0,3.0
0.0,0.000509,0.0,122.0,0.941735,0.153185,-0.0,5181.924805,8477.96875,1854.0,1.0,1122.0,9.0,0.0,0.153694,102400.0,1721542144.0,64.0,0.0,0.0,0.0,0.0,0.0,62.0,0.0,5.309349,1.0,6.0,0.0,0.0,14.866178,31872.0,15.0,1.0,0.0,0.0,0.0,0.941735,0.0,0.0,13659.893555,0.941735,732.0,0.0,124.666664,0.0,0.0,0.941735,0.941735,0.0,0.0,0.0,8.494959,0.0,3.0
0.0,0.000509,0.0,82.0,0.434064,0.153185,-0.0,15112.978516,356131.8125,21432.0,1.0,20530.0,17.0,0.0,0.153694,102400.0,1721542144.0,64.0,0.0,0.0,0.0,0.0,0.0,62.0,0.0,23.038076,1.0,11.0,0.0,0.0,62.202808,31872.0,28.0,1.0,0.0,0.0,0.0,0.434064,0.0,0.0,371244.78125,0.434064,902.0,0.0,1207.647095,0.0,0.0,0.434064,0.434064,0.0,0.0,0.0,36.860924,0.0,3.0
0.0,0.000509,0.0,117.692307,0.976355,0.153185,-0.0,11577.755859,200697.484375,26766.0,1.0,25236.0,34.0,0.0,0.153694,102400.0,1721542144.0,64.0,0.0,0.0,0.0,0.0,0.0,62.0,0.0,12.290611,1.0,13.0,0.0,0.0,47.11401,31872.0,47.0,1.0,0.0,0.0,0.0,0.976355,0.0,0.0,212275.25,0.976355,1530.0,0.0,742.235291,0.0,0.0,0.976355,0.976355,0.0,0.0,0.0,33.799183,0.0,3.0
0.0,0.000509,0.0,98.0,0.092737,0.153185,-0.0,16908.03125,5693.520508,426.0,1.0,132.0,2.0,0.0,0.153694,102400.0,1721542144.0,64.0,0.0,0.0,0.0,0.0,0.0,62.0,0.0,21.566366,1.0,3.0,0.0,0.0,43.132732,31872.0,5.0,0.0,0.0,0.0,0.0,0.092737,0.0,0.0,22601.550781,0.092737,294.0,0.0,66.0,0.0,0.0,0.092737,0.092737,0.0,0.0,0.0,10.783183,0.0,3.0
0.0,0.000509,0.0,120.400002,0.494634,0.153185,-0.0,17532.154297,44655.238281,4162.0,1.0,2958.0,15.0,0.0,0.153694,102400.0,1721542144.0,64.0,0.0,0.0,0.0,0.0,0.0,62.0,0.0,18.195272,1.0,10.0,0.0,0.0,48.520725,31872.0,25.0,1.0,0.0,0.0,0.0,0.494634,0.0,0.0,62187.394531,0.494634,1204.0,0.0,197.199997,0.0,0.0,0.494634,0.494634,0.0,0.0,0.0,28.303757,0.0,3.0
0.0,0.000509,0.0,123.599998,0.233665,0.153185,-0.0,16947.337891,35161.449219,1816.0,1.0,1198.0,7.0,0.0,0.153694,102400.0,1721542144.0,64.0,0.0,0.0,0.0,0.0,0.0,62.0,0.0,17.118525,1.0,5.0,0.0,0.0,47.075943,31872.0,12.0,1.0,0.0,0.0,0.0,0.233665,0.0,0.0,52108.789062,0.233665,618.0,0.0,171.142853,0.0,0.0,0.233665,0.233665,0.0,0.0,0.0,25.677786,0.0,3.0
0.0,0.000509,0.0,117.199997,0.214716,0.153185,-0.0,17474.244141,29583.263672,1512.0,1.0,926.0,7.0,0.0,0.153694,102400.0,1721542144.0,64.0,0.0,0.0,0.0,0.0,0.0,62.0,0.0,18.629259,1.0,5.0,0.0,0.0,51.230461,31872.0,12.0,1.0,0.0,0.0,0.0,0.214716,0.0,0.0,47057.507812,0.214716,586.0,0.0,132.285721,0.0,0.0,0.214716,0.214716,0.0,0.0,0.0,27.943888,0.0,3.0
0.0,0.000509,0.0,87.333336,0.524929,0.153185,-0.0,14645.791016,296482.0,21582.0,1.0,20534.0,19.0,0.0,0.153694,102400.0,1721542144.0,64.0,0.0,0.0,0.0,0.0,0.0,62.0,0.0,20.955215,1.0,12.0,0.0,0.0,57.150589,31872.0,31.0,1.0,0.0,0.0,0.0,0.524929,0.0,0.0,311127.8125,0.524929,1048.0,0.0,1080.736816,0.0,0.0,0.524929,0.524929,0.0,0.0,0.0,34.290352,0.0,3.0
0.0,0.000509,0.0,105.384613,0.570008,0.153185,-0.0,17754.136719,319686.75,25024.0,1.0,23654.0,27.0,0.0,0.153694,102400.0,1721542144.0,64.0,0.0,0.0,0.0,0.0,0.0,62.0,0.0,21.052338,1.0,13.0,0.0,0.0,68.420097,31872.0,40.0,1.0,0.0,0.0,0.0,0.570008,0.0,0.0,337440.875,0.570008,1370.0,0.0,876.074097,0.0,0.0,0.570008,0.570008,0.0,0.0,0.0,45.613396,0.0,3.0
0.0,0.000509,0.0,117.199997,0.569317,0.153185,-0.0,14824.78125,45739.019531,4644.0,1.0,3472.0,16.0,0.0,0.153694,102400.0,1721542144.0,64.0,0.0,0.0,0.0,0.0,0.0,62.0,0.0,15.808416,1.0,10.0,0.0,0.0,43.91227,31872.0,26.0,1.0,0.0,0.0,0.0,0.569317,0.0,0.0,60563.800781,0.569317,1172.0,0.0,217.0,0.0,0.0,0.569317,0.569317,0.0,0.0,0.0,26.347361,0.0,3.0
0.0,0.000509,0.0,123.599998,0.261529,0.153185,-0.0,15141.724609,23859.6875,1528.0,1.0,910.0,7.0,0.0,0.153694,102400.0,1721542144.0,64.0,0.0,0.0,0.0,0.0,0.0,62.0,0.0,15.294671,1.0,5.0,0.0,0.0,42.060345,31872.0,12.0,1.0,0.0,0.0,0.0,0.261529,0.0,0.0,39001.410156,0.261529,618.0,0.0,130.0,0.0,0.0,0.261529,0.261529,0.0,0.0,0.0,22.942007,0.0,3.0
0.0,0.000509,0.0,124.0,0.895381,0.153185,-0.0,7755.35791,10203.477539,2260.0,1.0,1268.0,10.0,0.0,0.153694,102400.0,1721542144.0,64.0,0.0,0.0,0.0,0.0,0.0,62.0,0.0,7.817901,1.0,8.0,0.0,0.0,18.986332,31872.0,18.0,1.0,0.0,0.0,0.0,0.895381,0.0,0.0,17958.835938,0.895381,992.0,0.0,126.800003,0.0,0.0,0.895381,0.895381,0.0,0.0,0.0,10.051587,0.0,3.0
0.0,0.000509,0.0,102.571426,0.849745,0.153185,-0.0,5799.387207,8378.984375,1756.0,1.0,1038.0,7.0,0.0,0.153694,102400.0,1721542144.0,64.0,0.0,0.0,0.0,0.0,0.0,62.0,0.0,7.060942,1.0,7.0,0.0,0.0,15.298708,31872.0,14.0,1.0,0.0,0.0,0.0,0.849745,0.0,0.0,14178.371094,0.849745,718.0,0.0,148.285721,0.0,0.0,0.849745,0.849745,0.0,0.0,0.0,7.060942,0.0,3.0
0.0,0.000509,0.0,111.333336,0.309291,0.153185,-0.0,14407.143555,35073.765625,2250.0,1.0,1582.0,7.0,0.0,0.153694,102400.0,1721542144.0,64.0,0.0,0.0,0.0,0.0,0.0,62.0,0.0,16.166006,1.0,6.0,0.0,0.0,38.798412,31872.0,13.0,1.0,0.0,0.0,0.0,0.309291,0.0,0.0,49480.910156,0.309291,668.0,0.0,226.0,0.0,0.0,0.309291,0.309291,0.0,0.0,0.0,19.399206,0.0,3.0
0.0,0.000509,0.0,66.0,0.150761,0.153185,-0.0,0.0,0.0,276.0,1.0,210.0,1.0,0.0,0.153694,102400.0,1721542144.0,64.0,0.0,0.0,0.0,0.0,0.0,62.0,0.0,0.0,1.0,1.0,0.0,1.0,6.633016,31872.0,2.0,0.0,0.0,0.0,0.0,0.150761,0.0,0.0,0.0,0.150761,66.0,0.0,210.0,0.0,0.0,0.150761,0.150761,0.0,0.0,0.0,0.0,0.0,3.0
0.0,0.000509,0.0,90.0,0.245498,0.153185,-0.0,8798.442383,59927.167969,2658.0,1.0,2298.0,5.0,0.0,0.153694,102400.0,1721542144.0,64.0,0.0,0.0,0.0,0.0,0.0,62.0,0.0,12.220058,1.0,4.0,0.0,0.0,32.586823,31872.0,9.0,1.0,0.0,0.0,0.0,0.245498,0.0,0.0,68725.609375,0.245498,360.0,0.0,459.600006,0.0,0.0,0.245498,0.245498,0.0,0.0,0.0,16.293411,0.0,3.0
0.0,0.000509,0.0,110.0,0.663822,0.153185,-0.0,3976.969727,9207.287109,1394.0,1.0,954.0,5.0,0.0,0.153694,102400.0,1721542144.0,64.0,0.0,0.0,0.0,0.0,0.0,62.0,0.0,4.519284,1.0,4.0,0.0,0.0,12.051423,31872.0,9.0,1.0,0.0,0.0,0.0,0.663822,0.0,0.0,13184.256836,0.663822,440.0,0.0,190.800003,0.0,0.0,0.663822,0.663822,0.0,0.0,0.0,6.025712,0.0,3.0
0.0,0.000509,0.0,105.111115,0.725987,0.153185,-0.0,9267.383789,21223.519531,3064.0,1.0,2118.0,11.0,0.0,0.153694,102400.0,1721542144.0,64.0,0.0,0.0,0.0,0.0,0.0,62.0,0.0,11.019481,1.0,9.0,0.0,0.0,26.171267,31872.0,20.0,1.0,0.0,0.0,0.0,0.725987,0.0,0.0,30490.904297,0.725987,946.0,0.0,192.545456,0.0,0.0,0.725987,0.725987,0.0,0.0,0.0,13.774351,0.0,3.0
0.0,0.000509,0.0,112.222221,0.886421,0.153185,-0.0,8104.500977,201998.8125,24324.0,1.0,23314.0,25.0,0.0,0.153694,102400.0,1721542144.0,64.0,0.0,0.0,0.0,0.0,0.0,62.0,0.0,9.025057,1.0,9.0,0.0,0.0,37.228359,31872.0,34.0,1.0,0.0,0.0,0.0,0.886421,0.0,0.0,210103.3125,0.886421,1010.0,0.0,932.559998,0.0,0.0,0.886421,0.886421,0.0,0.0,0.0,27.075171,0.0,3.0
0.0,0.000509,0.0,85.199997,0.66207,0.153185,-0.0,4120.410156,1594.997559,624.0,1.0,198.0,3.0,0.0,0.153694,102400.0,1721542144.0,64.0,0.0,0.0,0.0,0.0,0.0,62.0,0.0,6.041657,1.0,5.0,0.0,0.0,10.572901,31872.0,8.0,0.0,0.0,0.0,0.0,0.66207,0.0,0.0,5715.407715,0.66207,426.0,0.0,66.0,0.0,0.0,0.66207,0.66207,0.0,0.0,0.0,3.020829,0.0,3.0
0.0,0.000771,0.0,248.857147,0.708388,0.137236,-0.0,16872.109375,20734.400391,3884.0,0.0,2142.0,7.0,0.0,0.138007,64128.0,1721542144.0,64.0,0.0,0.0,0.0,0.0,0.0,62.0,0.0,8.469934,0.0,7.0,0.0,0.0,18.351526,31872.0,14.0,0.0,0.0,0.0,0.0,0.708388,0.0,0.0,37606.511719,0.708388,1742.0,0.0,306.0,0.0,0.0,0.708388,0.708388,0.0,0.0,1.0,8.469934,0.0,4.0
0.0,0.000771,0.0,0.0,0.416285,0.137236,-0.0,0.0,11107.774414,1156.0,0.0,1156.0,2.0,0.0,0.138007,103135.70040124832,1721542144.0,64.0,0.0,0.0,0.0,0.0,0.0,62.0,0.0,0.0,1.0,0.0,1.0,0.0,2.4022,37317.08209959624,2.0,0.0,0.0,0.0,0.0,0.416285,0.0,1.0,11107.774414,0.416285,0.0,0.0,578.0,0.0,0.0,0.416285,0.416285,1.0,0.0,0.0,2.4022,0.0,4.0
0.0,0.000771,0.0,0.0,0.0,0.137236,-0.0,0.0,0.0,578.0,0.0,578.0,1.0,0.0,0.138007,103135.70040124832,1721542144.0,64.0,0.0,0.0,0.0,0.0,0.0,62.0,0.0,0.0,1.0,0.0,0.0,0.0,0.0,37317.08209959624,1.0,0.0,0.0,0.0,0.0,0.0,0.0,1.0,0.0,0.0,0.0,0.0,578.0,0.0,0.0,0.0,0.0,0.0,0.0,0.0,0.0,0.0,4.0
0.0,0.000771,0.0,110.0,0.795955,0.137236,-0.0,3316.770508,7286.844238,1346.0,0.0,906.0,5.0,0.0,0.138007,64128.0,1721542144.0,64.0,0.0,0.0,0.0,0.0,0.0,62.0,0.0,3.769057,1.0,4.0,0.0,0.0,10.050819,31872.0,9.0,1.0,0.0,0.0,0.0,0.795955,0.0,0.0,10603.614258,0.795955,440.0,0.0,181.199997,0.0,0.0,0.795955,0.795955,0.0,0.0,0.0,5.02541,0.0,4.0
0.0,0.000771,0.0,106.0,0.832919,0.137236,-0.0,3054.318604,10219.481445,1700.0,0.0,1276.0,6.0,0.0,0.138007,64128.0,1721542144.0,64.0,0.0,0.0,0.0,0.0,0.0,62.0,0.0,3.601791,1.0,4.0,0.0,0.0,10.805372,31872.0,10.0,1.0,0.0,0.0,0.0,0.832919,0.0,0.0,13273.799805,0.832919,424.0,0.0,212.666672,0.0,0.0,0.832919,0.832919,0.0,0.0,0.0,6.002985,0.0,4.0
0.0,0.000771,0.0,98.0,0.141351,0.137236,-0.0,11092.953125,26147.675781,910.0,0.0,616.0,4.0,0.0,0.138007,64128.0,1721542144.0,64.0,0.0,0.0,0.0,0.0,0.0,62.0,0.0,14.149175,1.0,3.0,0.0,0.0,42.447525,31872.0,7.0,1.0,0.0,0.0,0.0,0.141351,0.0,0.0,37240.628906,0.141351,294.0,0.0,154.0,0.0,0.0,0.141351,0.141351,0.0,0.0,0.0,21.223763,0.0,4.0
0.0,0.000771,0.0,114.0,0.218814,0.137236,-0.0,16671.693359,41569.550781,1896.0,0.0,1326.0,7.0,0.0,0.138007,64128.0,1721542144.0,64.0,0.0,0.0,0.0,0.0,0.0,62.0,0.0,18.280365,1.0,5.0,0.0,0.0,50.271008,31872.0,12.0,1.0,0.0,0.0,0.0,0.218814,0.0,0.0,58241.246094,0.218814,570.0,0.0,189.428574,0.0,0.0,0.218814,0.218814,0.0,0.0,0.0,27.420549,0.0,4.0
0.0,0.000771,0.0,117.199997,0.893281,0.137236,-0.0,9448.314453,16738.294922,3184.0,0.0,2012.0,14.0,0.0,0.138007,64128.0,1721542144.0,64.0,0.0,0.0,0.0,0.0,0.0,62.0,0.0,10.075217,1.0,10.0,0.0,0.0,25.747778,31872.0,24.0,1.0,0.0,0.0,0.0,0.893281,0.0,0.0,26186.609375,0.893281,1172.0,0.0,143.714279,0.0,0.0,0.893281,0.893281,0.0,0.0,0.0,14.553092,0.0,4.0
0.0,0.000771,0.0,84.962959,0.849067,0.137236,-0.0,20822.857422,395116.0625,45332.0,0.0,43038.0,39.0,0.0,0.138007,100992.0,1721542144.0,64.0,0.0,0.0,0.0,0.0,0.0,62.0,0.0,30.621849,1.0,27.0,0.0,0.0,76.554619,31872.0,66.0,1.0,0.0,0.0,0.0,0.849067,0.0,0.0,415938.90625,0.849067,2294.0,0.0,1103.538452,0.0,0.0,0.849067,0.849067,0.0,0.0,0.0,44.755009,0.0,4.0
0.0,0.000771,0.0,114.0,0.215199,0.137236,-0.0,16951.751953,28996.417969,1480.0,0.0,910.0,7.0,0.0,0.138007,102400.0,1721542144.0,64.0,0.0,0.0,0.0,0.0,0.0,62.0,0.0,18.587448,1.0,5.0,0.0,0.0,51.115482,31872.0,12.0,1.0,0.0,0.0,0.0,0.215199,0.0,0.0,45948.171875,0.215199,570.0,0.0,130.0,0.0,0.0,0.215199,0.215199,0.0,0.0,0.0,27.881172,0.0,4.0
0.0,0.000771,1.0,97.428574,0.59856,0.137236,-0.0,7818.765137,13552.526367,1864.0,1.0,1182.0,7.0,0.0,0.138007,102400.0,1721542144.0,64.0,0.0,0.0,0.0,0.0,0.0,62.0,0.0,10.024058,1.0,7.0,1.0,0.0,21.718792,31872.0,14.0,1.0,0.0,6.666667,0.0,0.59856,0.0,0.0,21371.291016,0.59856,682.0,0.0,168.857147,0.0,0.0,0.59856,0.59856,1.0,0.0,0.0,10.024058,0.0,4.0
0.0,0.000771,0.0,114.0,0.001065,0.137236,-0.0,0.0,0.0,180.0,1.0,66.0,1.0,0.0,0.138007,102400.0,1721542144.0,64.0,0.0,0.0,0.0,0.0,0.0,62.0,0.0,0.0,1.0,1.0,0.0,0.0,938.967163,31872.0,2.0,0.0,0.0,0.0,0.0,0.001065,0.0,0.0,0.0,0.001065,114.0,0.0,66.0,0.0,0.0,0.001065,0.001065,0.0,0.0,0.0,0.0,0.0,4.0
0.0,0.000771,1.0,112.0,0.84493,0.137236,-0.0,1060.442871,2064.076416,550.0,1.0,326.0,3.0,0.0,0.138007,102400.0,1721542144.0,64.0,0.0,0.0,0.0,0.0,0.0,62.0,0.0,1.18353,1.0,2.0,1.0,0.0,4.73412,31872.0,5.0,1.0,0.0,16.666667,0.0,0.84493,0.0,0.0,3124.519287,0.84493,224.0,0.0,108.666664,0.0,0.0,0.84493,0.84493,1.0,0.0,0.0,2.36706,0.0,4.0
0.0,0.000771,1.0,146.0,0.368141,0.137236,-0.0,0.0,20731.1875,1418.0,1.0,1272.0,4.0,0.0,0.138007,102400.0,1721542144.0,64.0,0.0,0.0,0.0,0.0,0.0,62.0,0.0,0.0,1.0,1.0,1.0,0.0,10.865402,31872.0,5.0,1.0,0.0,16.666667,0.0,0.368141,0.0,0.0,20731.1875,0.368141,146.0,0.0,318.0,0.0,0.0,0.368141,0.368141,1.0,0.0,0.0,8.149052,0.0,4.0
0.0,0.000771,0.0,110.0,0.61389,0.137236,-0.0,4300.444824,13618.075195,1746.0,1.0,1306.0,5.0,0.0,0.138007,102400.0,1721542144.0,64.0,0.0,0.0,0.0,0.0,0.0,62.0,0.0,4.886869,1.0,4.0,0.0,0.0,13.031651,31872.0,9.0,1.0,0.0,0.0,0.0,0.61389,0.0,0.0,17918.519531,0.61389,440.0,0.0,261.200012,0.0,0.0,0.61389,0.61389,0.0,0.0,0.0,6.515825,0.0,4.0
0.0,0.000771,0.0,146.0,0.475543,0.137236,-0.0,0.0,16402.302734,1608.0,1.0,1462.0,3.0,0.0,0.138007,102400.0,1721542144.0,64.0,0.0,0.0,0.0,0.0,0.0,62.0,0.0,0.0,1.0,1.0,0.0,0.0,6.308578,31872.0,4.0,1.0,0.0,0.0,0.0,0.475543,0.0,0.0,16402.302734,0.475543,146.0,0.0,487.333344,0.0,0.0,0.475543,0.475543,0.0,0.0,0.0,4.205719,0.0,4.0
0.0,0.000771,0.0,0.0,0.0,0.137236,-0.0,0.0,0.0,1330.0,1.0,1330.0,1.0,0.0,0.138007,103135.70040124832,1721542144.0,64.0,0.0,0.0,0.0,0.0,0.0,62.0,0.0,0.0,1.0,0.0,0.0,0.0,0.0,37317.08209959624,1.0,0.0,0.0,0.0,0.0,0.0,0.0,1.0,0.0,0.0,0.0,0.0,1330.0,0.0,0.0,0.0,0.0,0.0,0.0,0.0,0.0,0.0,4.0
0.0,0.000771,0.0,0.0,0.0,0.137236,-0.0,0.0,0.0,1330.0,1.0,1330.0,1.0,0.0,0.138007,103135.70040124832,1721542144.0,64.0,0.0,0.0,0.0,0.0,0.0,62.0,0.0,0.0,1.0,0.0,0.0,0.0,0.0,37317.08209959624,1.0,0.0,0.0,0.0,0.0,0.0,0.0,1.0,0.0,0.0,0.0,0.0,1330.0,0.0,0.0,0.0,0.0,0.0,0.0,0.0,0.0,0.0,4.0
0.0,0.000771,0.0,151.333328,0.506181,0.137236,-0.0,4788.800781,8502.887695,1260.0,1.0,806.0,3.0,0.0,0.138007,102400.0,1721542144.0,64.0,0.0,0.0,0.0,0.0,0.0,62.0,0.0,3.951156,1.0,3.0,0.0,0.0,9.87789,31872.0,6.0,1.0,0.0,0.0,0.0,0.506181,0.0,0.0,13291.688477,0.506181,454.0,0.0,268.666656,0.0,0.0,0.506181,0.506181,0.0,0.0,0.0,3.951156,0.0,4.0
0.0,0.000771,0.0,0.0,0.0,0.137236,-0.0,0.0,0.0,162.0,1.0,162.0,1.0,0.0,0.138007,103135.70040124832,1721542144.0,64.0,0.0,0.0,0.0,0.0,0.0,62.0,0.0,0.0,1.0,0.0,0.0,0.0,0.0,37317.08209959624,1.0,0.0,0.0,0.0,0.0,0.0,0.0,1.0,0.0,0.0,0.0,0.0,162.0,0.0,0.0,0.0,0.0,0.0,0.0,0.0,0.0,0.0,4.0
0.0,0.000771,0.0,0.0,0.0,0.137236,-0.0,0.0,0.0,706.0,1.0,706.0,1.0,0.0,0.138007,103135.70040124832,1721542144.0,64.0,0.0,0.0,0.0,0.0,0.0,62.0,0.0,0.0,1.0,0.0,0.0,0.0,0.0,37317.08209959624,1.0,0.0,0.0,0.0,0.0,0.0,0.0,1.0,0.0,0.0,0.0,0.0,706.0,0.0,0.0,0.0,0.0,0.0,0.0,0.0,0.0,0.0,4.0
0.0,0.000771,0.0,96.0,0.089671,0.137236,-0.0,8564.641602,34436.996094,964.0,1.0,772.0,2.0,0.0,0.138007,102400.0,1721542144.0,64.0,0.0,0.0,0.0,0.0,0.0,62.0,0.0,11.151877,1.0,2.0,0.0,0.0,33.455631,31872.0,4.0,1.0,0.0,0.0,0.0,0.089671,0.0,0.0,43001.640625,0.089671,192.0,0.0,386.0,0.0,0.0,0.089671,0.089671,0.0,0.0,0.0,11.151877,0.0,4.0
0.0,0.000771,0.0,126.0,0.731744,0.137236,-0.0,4132.592773,19066.777344,2596.0,1.0,2092.0,6.0,0.0,0.138007,102400.0,1721542144.0,64.0,0.0,0.0,0.0,0.0,0.0,62.0,0.0,4.099794,1.0,4.0,0.0,0.0,12.299383,31872.0,10.0,1.0,0.0,0.0,0.0,0.731744,0.0,0.0,23199.371094,0.731744,504.0,0.0,348.666656,0.0,0.0,0.731744,0.731744,0.0,0.0,0.0,6.832991,0.0,4.0
0.0,0.000771,1.0,78.0,0.009033,0.137236,-0.0,0.0,0.0,1568.0,1.0,1490.0,1.0,0.0,0.138007,102400.0,1721542144.0,64.0,0.0,0.0,0.0,0.0,0.0,62.0,0.0,0.0,1.0,1.0,1.0,1.0,110.705193,31872.0,2.0,0.0,0.0,33.333333,0.0,0.009033,0.0,0.0,0.0,0.009033,78.0,0.0,1490.0,0.0,0.0,0.009033,0.009033,1.0,0.0,0.0,0.0,0.0,4.0
0.0,0.000771,0.0,0.0,0.0,0.137236,-0.0,0.0,0.0,1490.0,1.0,1490.0,1.0,0.0,0.138007,103135.70040124832,1721542144.0,64.0,0.0,0.0,0.0,0.0,0.0,62.0,0.0,0.0,1.0,0.0,1.0,0.0,0.0,37317.08209959624,1.0,0.0,0.0,0.0,0.0,0.0,0.0,1.0,0.0,0.0,0.0,0.0,1490.0,0.0,0.0,0.0,0.0,1.0,0.0,0.0,0.0,0.0,4.0
0.0,0.000771,0.0,0.0,0.0,0.137236,-0.0,0.0,0.0,1490.0,1.0,1490.0,1.0,0.0,0.138007,103135.70040124832,1721542144.0,64.0,0.0,0.0,0.0,0.0,0.0,62.0,0.0,0.0,1.0,0.0,1.0,0.0,0.0,37317.08209959624,1.0,0.0,0.0,0.0,0.0,0.0,0.0,1.0,0.0,0.0,0.0,0.0,1490.0,0.0,0.0,0.0,0.0,1.0,0.0,0.0,0.0,0.0,4.0
0.0,0.000771,1.0,123.599998,0.863966,0.137236,-0.0,4583.513672,19287.796875,3048.0,1.0,2430.0,7.0,0.0,0.138007,103040.0,1721542144.0,64.0,0.0,0.0,0.0,0.0,0.0,62.0,0.0,4.629812,1.0,5.0,1.0,0.0,12.731982,31872.0,12.0,1.0,0.0,7.692308,0.0,0.863966,0.0,0.0,23871.310547,0.863966,618.0,0.0,347.142853,0.0,0.0,0.863966,0.863966,1.0,0.0,0.0,6.944718,0.0,4.0
0.0,0.000771,1.0,66.0,0.892649,0.137236,-0.0,591.497864,1451.858521,456.0,1.0,324.0,2.0,0.0,0.138007,102784.0,1721542144.0,64.0,0.0,0.0,0.0,0.0,0.0,62.0,0.0,1.120261,1.0,2.0,1.0,1.0,3.360784,31872.0,4.0,0.0,0.0,20.0,0.0,0.892649,0.0,0.0,2043.356323,0.892649,132.0,0.0,162.0,0.0,0.0,0.892649,0.892649,1.0,0.0,0.0,1.120261,0.0,4.0
0.0,0.000771,0.0,0.0,0.0,0.137236,-0.0,0.0,0.0,162.0,1.0,162.0,1.0,0.0,0.138007,103135.70040124832,1721542144.0,64.0,0.0,0.0,0.0,0.0,0.0,62.0,0.0,0.0,1.0,0.0,0.0,0.0,0.0,37317.08209959624,1.0,0.0,0.0,0.0,0.0,0.0,0.0,1.0,0.0,0.0,0.0,0.0,162.0,0.0,0.0,0.0,0.0,0.0,0.0,0.0,0.0,0.0,4.0
0.0,0.000771,0.0,110.0,0.673801,0.137236,-0.0,3918.070801,4654.193359,930.0,1.0,490.0,5.0,0.0,0.138007,103040.0,1721542144.0,64.0,0.0,0.0,0.0,0.0,0.0,62.0,0.0,4.452353,1.0,4.0,0.0,0.0,11.872942,31872.0,9.0,1.0,0.0,0.0,0.0,0.673801,0.0,0.0,8572.263672,0.673801,440.0,0.0,98.0,0.0,0.0,0.673801,0.673801,0.0,0.0,0.0,5.936471,0.0,4.0
0.0,0.000771,0.0,119.333336,0.636028,0.137236,-0.0,3006.156982,9282.610352,1342.0,1.0,984.0,4.0,0.0,0.138007,103040.0,1721542144.0,64.0,0.0,0.0,0.0,0.0,0.0,62.0,0.0,3.144516,1.0,3.0,0.0,0.0,9.433547,31872.0,7.0,1.0,0.0,0.0,0.0,0.636028,0.0,0.0,12288.767578,0.636028,358.0,0.0,246.0,0.0,0.0,0.636028,0.636028,0.0,0.0,0.0,4.716774,0.0,4.0
0.0,0.000771,0.0,151.333328,0.844997,0.137236,-0.0,2868.64917,5169.249023,1136.0,1.0,682.0,5.0,0.0,0.138007,103040.0,1721542144.0,64.0,0.0,0.0,0.0,0.0,0.0,62.0,0.0,2.366872,1.0,3.0,0.0,0.0,8.284053,31872.0,8.0,1.0,0.0,0.0,0.0,0.844997,0.0,0.0,8037.898438,0.844997,454.0,0.0,136.399994,0.0,0.0,0.844997,0.844997,0.0,0.0,0.0,4.733745,0.0,4.0
0.0,0.000771,1.0,91.599998,0.638252,0.137236,-0.0,4600.063965,5189.172852,1010.0,1.0,552.0,4.0,0.0,0.138007,103040.0,1721542144.0,64.0,0.0,0.0,0.0,0.0,0.0,62.0,0.0,6.267117,1.0,5.0,1.0,0.0,12.534234,31872.0,9.0,1.0,0.0,10.0,0.0,0.638252,0.0,0.0,9789.236328,0.638252,458.0,0.0,138.0,0.0,0.0,0.638252,0.638252,1.0,0.0,0.0,4.700338,0.0,4.0
0.0,0.000771,0.0,122.0,0.914719,0.137236,-0.0,5334.97168,6830.513184,1624.0,1.0,892.0,8.0,0.0,0.138007,103040.0,1721542144.0,64.0,0.0,0.0,0.0,0.0,0.0,62.0,0.0,5.46616,1.0,6.0,0.0,0.0,14.212015,31872.0,14.0,1.0,0.0,0.0,0.0,0.914719,0.0,0.0,12165.485352,0.914719,732.0,0.0,111.5,0.0,0.0,0.914719,0.914719,0.0,0.0,0.0,7.652624,0.0,4.0
0.0,0.000771,0.0,120.400002,0.48605,0.137236,-0.0,7933.339844,10270.547852,1350.0,1.0,748.0,6.0,0.0,0.138007,103040.0,1721542144.0,64.0,0.0,0.0,0.0,0.0,0.0,62.0,0.0,8.229606,1.0,5.0,0.0,0.0,20.574015,31872.0,11.0,1.0,0.0,0.0,0.0,0.48605,0.0,0.0,18203.888672,0.48605,602.0,0.0,124.666664,0.0,0.0,0.48605,0.48605,0.0,0.0,0.0,10.287007,0.0,4.0
0.0,0.000771,0.0,118.0,0.71468,0.137236,-0.0,3962.612549,6111.826172,1154.0,1.0,682.0,5.0,0.0,0.138007,103040.0,1721542144.0,64.0,0.0,0.0,0.0,0.0,0.0,62.0,0.0,4.197683,1.0,4.0,0.0,0.0,11.193821,31872.0,9.0,1.0,0.0,0.0,0.0,0.71468,0.0,0.0,10074.438477,0.71468,472.0,0.0,136.399994,0.0,0.0,0.71468,0.71468,0.0,0.0,0.0,5.59691,0.0,4.0
0.0,0.000771,0.0,130.0,0.933952,0.137236,-0.0,1113.547607,1499.00647,522.0,1.0,262.0,3.0,0.0,0.138007,103040.0,1721542144.0,64.0,0.0,0.0,0.0,0.0,0.0,62.0,0.0,1.070719,1.0,2.0,0.0,0.0,4.282876,31872.0,5.0,1.0,0.0,0.0,0.0,0.933952,0.0,0.0,2612.553955,0.933952,260.0,0.0,87.333336,0.0,0.0,0.933952,0.933952,0.0,0.0,0.0,2.141438,0.0,4.0
0.0,0.000771,2.0,112.0,0.922649,0.137236,-0.0,971.116821,5462.532227,1064.0,1.0,840.0,4.0,0.0,0.138007,103040.0,1721542144.0,64.0,0.0,0.0,0.0,0.0,0.0,62.0,0.0,1.083836,1.0,2.0,2.0,0.0,5.419179,31872.0,6.0,1.0,0.0,25.0,0.0,0.922649,0.0,0.0,6433.648926,0.922649,224.0,0.0,210.0,0.0,0.0,0.922649,0.922649,1.0,0.0,0.0,3.251507,0.0,4.0
0.0,0.000771,1.0,98.0,0.281119,0.137236,-0.0,5577.709473,5890.744141,604.0,1.0,310.0,3.0,0.0,0.138007,103040.0,1721542144.0,64.0,0.0,0.0,0.0,0.0,0.0,62.0,0.0,7.114425,1.0,3.0,1.0,0.0,17.786062,31872.0,6.0,1.0,0.0,14.285714,0.0,0.281119,0.0,0.0,11468.453125,0.281119,294.0,0.0,103.333336,0.0,0.0,0.281119,0.281119,1.0,0.0,0.0,7.114425,0.0,4.0
0.0,0.000771,1.0,146.0,0.804895,0.137236,-0.0,0.0,2166.742188,472.0,1.0,326.0,3.0,0.0,0.138007,103040.0,1721542144.0,64.0,0.0,0.0,0.0,0.0,0.0,62.0,0.0,0.0,1.0,1.0,1.0,0.0,3.727194,31872.0,4.0,1.0,0.0,20.0,0.0,0.804895,0.0,0.0,2166.742188,0.804895,146.0,0.0,108.666664,0.0,0.0,0.804895,0.804895,1.0,0.0,0.0,2.484796,0.0,4.0
0.0,0.000771,1.0,146.0,0.460922,0.137236,-0.0,0.0,1805.077637,354.0,1.0,208.0,2.0,0.0,0.138007,103040.0,1721542144.0,64.0,0.0,0.0,0.0,0.0,0.0,62.0,0.0,0.0,1.0,1.0,1.0,0.0,4.339129,31872.0,3.0,1.0,0.0,25.0,0.0,0.460922,0.0,0.0,1805.077637,0.460922,146.0,0.0,104.0,0.0,0.0,0.460922,0.460922,1.0,0.0,0.0,2.169564,0.0,4.0
0.0,0.000771,1.0,154.0,0.999242,0.137236,-0.0,1232.93457,832.631104,516.0,1.0,208.0,2.0,0.0,0.138007,103040.0,1721542144.0,64.0,0.0,0.0,0.0,0.0,0.0,62.0,0.0,1.000759,1.0,2.0,1.0,0.0,3.002276,31872.0,4.0,1.0,0.0,20.0,0.0,0.999242,0.0,0.0,2065.565674,0.999242,308.0,0.0,104.0,0.0,0.0,0.999242,0.999242,1.0,0.0,0.0,1.000759,0.0,4.0
0.0,0.000771,0.0,90.0,0.476402,0.137236,-0.0,1511.328613,9605.333008,894.0,1.0,714.0,5.0,0.0,0.138007,103040.0,1721542144.0,64.0,0.0,0.0,0.0,0.0,0.0,62.0,0.0,2.099067,1.0,2.0,0.0,0.0,12.594405,31872.0,7.0,1.0,0.0,0.0,0.0,0.476402,0.0,0.0,11116.662109,0.476402,180.0,0.0,142.800003,0.0,0.0,0.476402,0.476402,0.0,0.0,0.0,8.39627,0.0,4.0
0.0,0.000771,0.0,135.333328,0.603781,0.137236,-0.0,3590.706055,3312.459473,780.0,1.0,374.0,3.0,0.0,0.138007,103040.0,1721542144.0,64.0,0.0,0.0,0.0,0.0,0.0,62.0,0.0,3.312459,1.0,3.0,0.0,0.0,8.281149,31872.0,6.0,1.0,0.0,0.0,0.0,0.603781,0.0,0.0,6903.165527,0.603781,406.0,0.0,124.666664,0.0,0.0,0.603781,0.603781,0.0,0.0,0.0,3.312459,0.0,4.0
0.0,0.000771,0.0,66.0,0.671604,0.137236,-0.0,0.0,2787.356934,534.0,1.0,468.0,2.0,0.0,0.138007,102912.0,1721542144.0,64.0,0.0,0.0,0.0,0.0,0.0,62.0,0.0,0.0,1.0,1.0,0.0,1.0,2.977945,31872.0,3.0,0.0,0.0,0.0,0.0,0.671604,0.0,0.0,2787.356934,0.671604,66.0,0.0,234.0,0.0,0.0,0.671604,0.671604,0.0,0.0,0.0,1.488973,0.0,4.0
0.0,0.000771,0.0,0.0,0.708264,0.137236,-0.0,0.0,5828.335449,774.0,1.0,774.0,3.0,0.0,0.138007,103135.70040124832,1721542144.0,64.0,0.0,0.0,0.0,0.0,0.0,62.0,0.0,0.0,1.0,0.0,1.0,0.0,2.823806,37317.08209959624,3.0,0.0,0.0,0.0,0.0,0.708264,0.0,1.0,5828.335449,0.708264,0.0,0.0,258.0,0.0,0.0,0.708264,0.708264,1.0,0.0,0.0,2.823806,0.0,4.0
0.0,0.000771,0.0,0.0,0.0,0.137236,-0.0,0.0,0.0,354.0,1.0,354.0,1.0,0.0,0.138007,103135.70040124832,1721542144.0,64.0,0.0,0.0,0.0,0.0,0.0,62.0,0.0,0.0,1.0,0.0,0.0,0.0,0.0,37317.08209959624,1.0,0.0,0.0,0.0,0.0,0.0,0.0,1.0,0.0,0.0,0.0,0.0,354.0,0.0,0.0,0.0,0.0,0.0,0.0,0.0,0.0,0.0,4.0
0.0,0.000771,0.0,0.0,0.0,0.137236,-0.0,0.0,0.0,354.0,1.0,354.0,1.0,0.0,0.138007,103135.70040124832,1721542144.0,64.0,0.0,0.0,0.0,0.0,0.0,62.0,0.0,0.0,1.0,0.0,0.0,0.0,0.0,37317.08209959624,1.0,0.0,0.0,0.0,0.0,0.0,0.0,1.0,0.0,0.0,0.0,0.0,354.0,0.0,0.0,0.0,0.0,0.0,0.0,0.0,0.0,0.0,4.0
0.0,0.000771,0.0,0.0,0.0,0.137236,-0.0,0.0,0.0,354.0,1.0,354.0,1.0,0.0,0.138007,103135.70040124832,1721542144.0,64.0,0.0,0.0,0.0,0.0,0.0,62.0,0.0,0.0,1.0,0.0,0.0,0.0,0.0,37317.08209959624,1.0,0.0,0.0,0.0,0.0,0.0,0.0,1.0,0.0,0.0,0.0,0.0,354.0,0.0,0.0,0.0,0.0,0.0,0.0,0.0,0.0,0.0,4.0
0.0,0.000771,0.0,93.0,0.540619,0.137236,-0.0,4128.600586,11453.537109,1404.0,1.0,1032.0,4.0,0.0,0.138007,103040.0,1721542144.0,64.0,0.0,0.0,0.0,0.0,0.0,62.0,0.0,5.549194,1.0,4.0,0.0,0.0,12.94812,31872.0,8.0,1.0,0.0,0.0,0.0,0.540619,0.0,0.0,15582.137695,0.540619,372.0,0.0,258.0,0.0,0.0,0.540619,0.540619,0.0,0.0,0.0,5.549194,0.0,4.0
0.0,0.000771,1.0,119.333336,0.961758,0.137236,-0.0,1988.026001,7186.838867,1394.0,1.0,1036.0,6.0,0.0,0.138007,103040.0,1721542144.0,64.0,0.0,0.0,0.0,0.0,0.0,62.0,0.0,2.079525,1.0,3.0,1.0,0.0,8.318101,31872.0,9.0,1.0,0.0,10.0,0.0,0.961758,0.0,0.0,9174.865234,0.961758,358.0,0.0,172.666672,0.0,0.0,0.961758,0.961758,1.0,0.0,0.0,5.198813,0.0,4.0
1.0,0.000771,1.0,116.285713,0.521397,0.137236,-0.0,10709.689453,29812.216797,3034.0,1.0,2220.0,8.0,0.0,0.138007,103040.0,1721542144.0,64.0,0.0,0.0,0.0,0.0,0.0,62.0,1.0,11.507546,1.0,7.0,0.0,0.0,26.850941,31872.0,15.0,1.0,0.0,6.25,0.0,0.521397,0.0,0.0,40521.90625,0.521397,814.0,0.0,277.5,0.0,0.0,0.521397,0.521397,0.0,0.0,0.0,13.42547,0.0,4.0
0.0,0.000771,0.0,117.199997,0.333213,0.137236,-0.0,11260.064453,37837.660156,2424.0,1.0,1838.0,7.0,0.0,0.138007,103040.0,1721542144.0,64.0,0.0,0.0,0.0,0.0,0.0,62.0,0.0,12.004333,1.0,5.0,0.0,0.0,33.011917,31872.0,12.0,1.0,0.0,0.0,0.0,0.333213,0.0,0.0,49097.722656,0.333213,586.0,0.0,262.571442,0.0,0.0,0.333213,0.333213,0.0,0.0,0.0,18.0065,0.0,4.0
0.0,0.000771,0.0,125.428574,0.948297,0.137236,-0.0,6352.439941,10967.02832,2322.0,1.0,1444.0,10.0,0.0,0.138007,103040.0,1721542144.0,64.0,0.0,0.0,0.0,0.0,0.0,62.0,0.0,6.327132,1.0,7.0,0.0,0.0,16.872351,31872.0,17.0,1.0,0.0,0.0,0.0,0.948297,0.0,0.0,17319.46875,0.948297,878.0,0.0,144.399994,0.0,0.0,0.948297,0.948297,0.0,0.0,0.0,9.490697,0.0,4.0
0.0,0.000771,0.0,104.85714,0.667882,0.137236,-0.0,7546.242676,13786.866211,2076.0,1.0,1342.0,7.0,0.0,0.138007,103040.0,1721542144.0,64.0,0.0,0.0,0.0,0.0,0.0,62.0,0.0,8.983623,1.0,7.0,0.0,0.0,19.464516,31872.0,14.0,1.0,0.0,0.0,0.0,0.667882,0.0,0.0,21333.109375,0.667882,734.0,0.0,191.714279,0.0,0.0,0.667882,0.667882,0.0,0.0,0.0,8.983623,0.0,4.0
0.0,0.000771,0.0,85.199997,0.635526,0.137236,-0.0,4292.507324,19763.15625,2388.0,1.0,1962.0,5.0,0.0,0.138007,103040.0,1721542144.0,64.0,0.0,0.0,0.0,0.0,0.0,62.0,0.0,6.293999,1.0,5.0,0.0,0.0,14.161498,31872.0,10.0,1.0,0.0,0.0,0.0,0.635526,0.0,0.0,24055.664062,0.635526,426.0,0.0,392.399994,0.0,0.0,0.635526,0.635526,0.0,0.0,0.0,6.293999,0.0,4.0
0.0,0.000771,0.0,114.0,0.35692,0.137236,-0.0,10220.777344,17482.908203,1480.0,1.0,910.0,7.0,0.0,0.138007,103040.0,1721542144.0,64.0,0.0,0.0,0.0,0.0,0.0,62.0,0.0,11.206993,1.0,5.0,0.0,0.0,30.819231,31872.0,12.0,1.0,0.0,0.0,0.0,0.35692,0.0,0.0,27703.6875,0.35692,570.0,0.0,130.0,0.0,0.0,0.35692,0.35692,0.0,0.0,0.0,16.81049,0.0,4.0
0.0,0.000771,0.0,117.199997,0.857302,0.137236,-0.0,4376.520508,7707.902344,1530.0,1.0,944.0,8.0,0.0,0.138007,103040.0,1721542144.0,64.0,0.0,0.0,0.0,0.0,0.0,62.0,0.0,4.6658,1.0,5.0,0.0,0.0,13.997401,31872.0,13.0,1.0,0.0,0.0,0.0,0.857302,0.0,0.0,12084.422852,0.857302,586.0,0.0,118.0,0.0,0.0,0.857302,0.857302,0.0,0.0,0.0,8.165151,0.0,4.0
0.0,0.000771,0.0,121.111115,0.90451,0.137236,-0.0,8570.385742,16804.677734,3148.0,1.0,2058.0,13.0,0.0,0.138007,103040.0,1721542144.0,64.0,0.0,0.0,0.0,0.0,0.0,62.0,0.0,8.844567,1.0,9.0,0.0,0.0,23.21699,31872.0,22.0,1.0,0.0,0.0,0.0,0.90451,0.0,0.0,25375.064453,0.90451,1090.0,0.0,158.307693,0.0,0.0,0.90451,0.90451,0.0,0.0,0.0,13.266851,0.0,4.0
0.0,0.000771,0.0,102.571426,0.405273,0.137236,-0.0,12159.705078,23529.818359,2108.0,1.0,1390.0,7.0,0.0,0.138007,103040.0,1721542144.0,64.0,0.0,0.0,0.0,0.0,0.0,62.0,0.0,14.804835,1.0,7.0,0.0,0.0,32.077145,31872.0,14.0,1.0,0.0,0.0,0.0,0.405273,0.0,0.0,35689.523438,0.405273,718.0,0.0,198.571426,0.0,0.0,0.405273,0.405273,0.0,0.0,0.0,14.804835,0.0,4.0
0.0,0.000771,1.0,92.285713,0.945096,0.137236,-0.0,4689.470703,115907.796875,15480.0,1.0,14834.0,13.0,0.0,0.138007,100992.0,1721542144.0,64.0,0.0,0.0,0.0,0.0,0.0,62.0,0.0,6.348561,1.0,7.0,1.0,0.0,20.103777,31872.0,20.0,1.0,0.0,4.761905,0.0,0.945096,0.0,0.0,120597.273438,0.945096,646.0,0.0,1141.076904,0.0,0.0,0.945096,0.945096,1.0,0.0,0.0,12.697123,0.0,4.0
0.0,0.000771,0.0,0.0,0.0,0.137236,-0.0,0.0,0.0,1514.0,1.0,1514.0,1.0,0.0,0.138007,103135.70040124832,1721542144.0,64.0,0.0,0.0,0.0,0.0,0.0,62.0,0.0,0.0,1.0,0.0,1.0,0.0,0.0,37317.08209959624,1.0,0.0,0.0,0.0,0.0,0.0,0.0,0.0,0.0,0.0,0.0,0.0,1514.0,1.0,0.0,0.0,0.0,1.0,0.0,0.0,0.0,0.0,4.0
0.0,0.000771,3.0,82.0,0.410433,0.137236,-0.0,3196.624023,57422.285156,4174.0,1.0,3928.0,4.0,0.0,0.138007,103040.0,1721542144.0,64.0,0.0,0.0,0.0,0.0,0.0,62.0,0.0,4.872902,1.0,3.0,3.0,0.0,14.618708,31872.0,7.0,1.0,0.0,30.0,0.0,0.410433,0.0,0.0,60618.90625,0.410433,246.0,0.0,982.0,0.0,0.0,0.410433,0.410433,1.0,0.0,0.0,7.309354,0.0,4.0
0.0,0.000771,0.0,114.0,0.004525,0.137236,-0.0,0.0,0.0,180.0,1.0,66.0,1.0,0.0,0.138007,103040.0,1721542144.0,64.0,0.0,0.0,0.0,0.0,0.0,62.0,0.0,0.0,1.0,1.0,0.0,0.0,220.994461,31872.0,2.0,0.0,0.0,0.0,0.0,0.004525,0.0,0.0,0.0,0.004525,114.0,0.0,66.0,0.0,0.0,0.004525,0.004525,0.0,0.0,0.0,0.0,0.0,4.0
0.0,0.000771,0.0,119.333336,0.933126,0.137236,-0.0,2049.026611,11153.90625,1984.0,1.0,1626.0,5.0,0.0,0.138007,103040.0,1721542144.0,64.0,0.0,0.0,0.0,0.0,0.0,62.0,0.0,2.143333,1.0,3.0,0.0,0.0,7.501667,31872.0,8.0,1.0,0.0,0.0,0.0,0.933126,0.0,0.0,13202.933594,0.933126,358.0,0.0,325.200012,0.0,0.0,0.933126,0.933126,0.0,0.0,0.0,4.286667,0.0,4.0
0.0,0.000771,0.0,98.0,0.420892,0.137236,-0.0,3725.421143,1254.478638,426.0,1.0,132.0,2.0,0.0,0.138007,103040.0,1721542144.0,64.0,0.0,0.0,0.0,0.0,0.0,62.0,0.0,4.751813,1.0,3.0,0.0,0.0,9.503626,31872.0,5.0,0.0,0.0,0.0,0.0,0.420892,0.0,0.0,4979.899902,0.420892,294.0,0.0,66.0,0.0,0.0,0.420892,0.420892,0.0,0.0,0.0,2.375906,0.0,4.0
0.0,0.000771,0.0,170.0,0.970049,0.137236,-0.0,1401.990967,808.206604,536.0,1.0,196.0,2.0,0.0,0.138007,103040.0,1721542144.0,64.0,0.0,0.0,0.0,0.0,0.0,62.0,0.0,1.030876,1.0,2.0,0.0,0.0,3.092627,31872.0,4.0,1.0,0.0,0.0,0.0,0.970049,0.0,0.0,2210.19751,0.970049,340.0,0.0,98.0,0.0,0.0,0.970049,0.970049,0.0,0.0,0.0,1.030876,0.0,4.0
0.0,0.000771,0.0,0.0,0.0,0.137236,-0.0,0.0,0.0,208.0,1.0,208.0,2.0,0.0,0.138007,103135.70040124832,1721542144.0,64.0,0.0,0.0,0.0,0.0,0.0,62.0,0.0,0.0,1.0,0.0,0.0,0.0,0.0,37317.08209959624,2.0,0.0,0.0,0.0,0.0,0.0,0.0,1.0,0.0,0.0,0.0,0.0,104.0,0.0,0.0,0.0,0.0,0.0,0.0,0.0,0.0,0.0,4.0
0.0,0.000771,0.0,100.285713,0.76553,0.137236,-0.0,6291.066406,9509.751953,1742.0,1.0,1040.0,8.0,0.0,0.138007,103040.0,1721542144.0,64.0,0.0,0.0,0.0,0.0,0.0,62.0,0.0,7.837708,1.0,7.0,0.0,0.0,18.287983,31872.0,15.0,1.0,0.0,0.0,0.0,0.76553,0.0,0.0,15800.818359,0.76553,702.0,0.0,130.0,0.0,0.0,0.76553,0.76553,0.0,0.0,0.0,9.143991,0.0,4.0
0.0,0.000771,1.0,194.0,0.693861,0.137236,-0.0,0.0,2605.709229,532.0,1.0,338.0,3.0,0.0,0.138007,103040.0,1721542144.0,64.0,0.0,0.0,0.0,0.0,0.0,62.0,0.0,0.0,1.0,1.0,1.0,0.0,4.323633,31872.0,4.0,1.0,0.0,20.0,0.0,0.693861,0.0,0.0,2605.709229,0.693861,194.0,0.0,112.666664,0.0,0.0,0.693861,0.693861,1.0,0.0,0.0,2.882422,0.0,4.0
0.0,0.000771,0.0,87.333336,0.49467,0.137236,-0.0,2830.169678,9606.404297,1054.0,1.0,792.0,4.0,0.0,0.138007,102784.0,1721542144.0,64.0,0.0,0.0,0.0,0.0,0.0,62.0,0.0,4.043099,1.0,3.0,0.0,0.0,12.129298,31872.0,7.0,1.0,0.0,0.0,0.0,0.49467,0.0,0.0,12436.574219,0.49467,262.0,0.0,198.0,0.0,0.0,0.49467,0.49467,0.0,0.0,0.0,6.064649,0.0,4.0
0.0,0.000771,0.0,0.0,0.951949,0.137236,-0.0,0.0,1361.41748,324.0,1.0,324.0,2.0,0.0,0.138007,103135.70040124832,1721542144.0,64.0,0.0,0.0,0.0,0.0,0.0,62.0,0.0,0.0,1.0,0.0,1.0,0.0,1.050476,37317.08209959624,2.0,0.0,0.0,0.0,0.0,0.951949,0.0,1.0,1361.41748,0.951949,0.0,0.0,162.0,0.0,0.0,0.951949,0.951949,1.0,0.0,0.0,1.050476,0.0,4.0
0.0,0.000771,0.0,98.0,0.365399,0.137236,-0.0,4291.199219,1444.995728,426.0,1.0,132.0,2.0,0.0,0.138007,103040.0,1721542144.0,64.0,0.0,0.0,0.0,0.0,0.0,62.0,0.0,5.473469,1.0,3.0,0.0,0.0,10.946938,31872.0,5.0,0.0,0.0,0.0,0.0,0.365399,0.0,0.0,5736.195312,0.365399,294.0,0.0,66.0,0.0,0.0,0.365399,0.365399,0.0,0.0,0.0,2.736734,0.0,4.0
0.0,0.000771,0.0,135.333328,0.728186,0.137236,-0.0,2977.26123,6108.32959,1100.0,1.0,694.0,5.0,0.0,0.138007,103040.0,1721542144.0,64.0,0.0,0.0,0.0,0.0,0.0,62.0,0.0,2.746551,1.0,3.0,0.0,0.0,9.612928,31872.0,8.0,1.0,0.0,0.0,0.0,0.728186,0.0,0.0,9085.59082,0.728186,406.0,0.0,138.800003,0.0,0.0,0.728186,0.728186,0.0,0.0,0.0,5.493102,0.0,4.0
0.0,0.000771,1.0,146.0,0.662726,0.137236,-0.0,0.0,5432.109375,820.0,1.0,674.0,3.0,0.0,0.138007,103040.0,1721542144.0,64.0,0.0,0.0,0.0,0.0,0.0,62.0,0.0,0.0,1.0,1.0,1.0,0.0,4.526758,31872.0,4.0,1.0,0.0,20.0,0.0,0.662726,0.0,0.0,5432.109375,0.662726,146.0,0.0,224.666672,0.0,0.0,0.662726,0.662726,1.0,0.0,0.0,3.017838,0.0,4.0
0.0,0.000771,0.0,146.0,0.042199,0.137236,-0.0,0.0,0.0,224.0,1.0,78.0,1.0,0.0,0.138007,103040.0,1721542144.0,64.0,0.0,0.0,0.0,0.0,0.0,62.0,0.0,0.0,1.0,1.0,0.0,0.0,23.697243,31872.0,2.0,0.0,0.0,0.0,0.0,0.042199,0.0,0.0,0.0,0.042199,146.0,0.0,78.0,0.0,0.0,0.042199,0.042199,0.0,0.0,0.0,0.0,0.0,4.0
0.0,0.000771,0.0,0.0,0.0,0.137236,-0.0,0.0,0.0,354.0,1.0,354.0,1.0,0.0,0.138007,103135.70040124832,1721542144.0,64.0,0.0,0.0,0.0,0.0,0.0,62.0,0.0,0.0,1.0,0.0,0.0,0.0,0.0,37317.08209959624,1.0,0.0,0.0,0.0,0.0,0.0,0.0,1.0,0.0,0.0,0.0,0.0,354.0,0.0,0.0,0.0,0.0,0.0,0.0,0.0,0.0,0.0,4.0
0.0,0.000771,0.0,146.0,0.01747,0.137236,-0.0,0.0,0.0,224.0,1.0,78.0,1.0,0.0,0.138007,103040.0,1721542144.0,64.0,0.0,0.0,0.0,0.0,0.0,62.0,0.0,0.0,1.0,1.0,0.0,0.0,57.240982,31872.0,2.0,0.0,0.0,0.0,0.0,0.01747,0.0,0.0,0.0,0.01747,146.0,0.0,78.0,0.0,0.0,0.01747,0.01747,0.0,0.0,0.0,0.0,0.0,4.0
0.0,0.000771,0.0,151.333328,0.552171,0.137236,-0.0,4389.944336,11358.799805,1394.0,1.0,940.0,6.0,0.0,0.138007,103040.0,1721542144.0,64.0,0.0,0.0,0.0,0.0,0.0,62.0,0.0,3.622066,1.0,3.0,0.0,0.0,14.488266,31872.0,9.0,1.0,0.0,0.0,0.0,0.552171,0.0,0.0,15748.745117,0.552171,454.0,0.0,156.666672,0.0,0.0,0.552171,0.552171,0.0,0.0,0.0,9.055166,0.0,4.0
0.0,0.000771,0.0,98.0,0.450319,0.137236,-0.0,3481.976074,3481.976074,588.0,1.0,294.0,3.0,0.0,0.138007,103040.0,1721542144.0,64.0,0.0,0.0,0.0,0.0,0.0,62.0,0.0,4.441296,1.0,3.0,0.0,0.0,11.10324,31872.0,6.0,1.0,0.0,0.0,0.0,0.450319,0.0,0.0,6963.952148,0.450319,294.0,0.0,98.0,0.0,0.0,0.450319,0.450319,0.0,0.0,0.0,4.441296,0.0,4.0
0.0,0.000771,1.0,123.333336,0.969925,0.137236,-0.0,2037.270996,4190.014648,1004.0,1.0,634.0,5.0,0.0,0.138007,103040.0,1721542144.0,64.0,0.0,0.0,0.0,0.0,0.0,62.0,0.0,2.062015,1.0,3.0,1.0,0.0,7.217053,31872.0,8.0,1.0,0.0,11.111111,0.0,0.969925,0.0,0.0,6227.285645,0.969925,370.0,0.0,126.800003,0.0,0.0,0.969925,0.969925,1.0,0.0,0.0,4.12403,0.0,4.0
0.0,0.000771,0.0,95.333336,0.671484,0.137236,-0.0,5682.935059,5432.743164,1142.0,1.0,570.0,5.0,0.0,0.138007,103040.0,1721542144.0,64.0,0.0,0.0,0.0,0.0,0.0,62.0,0.0,7.446194,1.0,6.0,0.0,0.0,14.892387,31872.0,11.0,1.0,0.0,0.0,0.0,0.671484,0.0,0.0,11115.677734,0.671484,572.0,0.0,114.0,0.0,0.0,0.671484,0.671484,0.0,0.0,0.0,5.956955,0.0,4.0
1.0,0.000771,1.0,117.199997,0.666364,0.137236,-0.0,5630.556152,7611.455566,1346.0,1.0,760.0,6.0,0.0,0.138007,103040.0,1721542144.0,64.0,0.0,0.0,0.0,0.0,0.0,62.0,1.0,6.002725,1.0,5.0,0.0,0.0,15.006813,31872.0,11.0,1.0,0.0,8.333333,0.0,0.666364,0.0,0.0,13242.011719,0.666364,586.0,0.0,126.666664,0.0,0.0,0.666364,0.666364,0.0,0.0,0.0,7.503407,0.0,4.0
0.0,0.000771,1.0,146.0,0.814109,0.137236,-0.0,0.0,2142.219238,472.0,1.0,326.0,3.0,0.0,0.138007,103040.0,1721542144.0,64.0,0.0,0.0,0.0,0.0,0.0,62.0,0.0,0.0,1.0,1.0,1.0,0.0,3.68501,31872.0,4.0,1.0,0.0,20.0,0.0,0.814109,0.0,0.0,2142.219238,0.814109,146.0,0.0,108.666664,0.0,0.0,0.814109,0.814109,1.0,0.0,0.0,2.456673,0.0,4.0
0.0,0.000771,0.0,0.0,0.0,0.137236,-0.0,0.0,0.0,130.0,1.0,130.0,1.0,0.0,0.138007,103135.70040124832,1721542144.0,64.0,0.0,0.0,0.0,0.0,0.0,62.0,0.0,0.0,1.0,0.0,0.0,0.0,0.0,37317.08209959624,1.0,0.0,0.0,0.0,0.0,0.0,0.0,1.0,0.0,0.0,0.0,0.0,130.0,0.0,0.0,0.0,0.0,0.0,0.0,0.0,0.0,0.0,4.0
0.0,0.000771,0.0,0.0,0.0,0.137236,-0.0,0.0,0.0,130.0,1.0,130.0,1.0,0.0,0.138007,103135.70040124832,1721542144.0,64.0,0.0,0.0,0.0,0.0,0.0,62.0,0.0,0.0,1.0,0.0,0.0,0.0,0.0,37317.08209959624,1.0,0.0,0.0,0.0,0.0,0.0,0.0,1.0,0.0,0.0,0.0,0.0,130.0,0.0,0.0,0.0,0.0,0.0,0.0,0.0,0.0,0.0,4.0
0.0,0.000771,0.0,106.0,0.369108,0.137236,-0.0,2297.430664,46338.742188,3418.0,1.0,3206.0,3.0,0.0,0.138007,103040.0,1721542144.0,64.0,0.0,0.0,0.0,0.0,0.0,62.0,0.0,2.709234,1.0,2.0,0.0,0.0,10.836937,31872.0,5.0,1.0,0.0,0.0,0.0,0.369108,0.0,0.0,48636.171875,0.369108,212.0,0.0,1068.666626,0.0,0.0,0.369108,0.369108,0.0,0.0,0.0,5.418468,0.0,4.0
0.0,0.000771,2.0,72.0,0.613428,0.137236,-0.0,2816.956543,98032.695312,9308.0,1.0,9020.0,6.0,0.0,0.138007,99968.0,1721542144.0,64.0,0.0,0.0,0.0,0.0,0.0,62.0,0.0,4.89055,1.0,4.0,2.0,1.0,14.671649,31872.0,10.0,0.0,0.0,16.666667,0.0,0.613428,0.0,0.0,100849.648438,0.613428,288.0,0.0,1503.333374,0.0,0.0,0.613428,0.613428,1.0,0.0,0.0,8.150916,0.0,4.0
0.0,0.000771,1.0,93.0,0.468343,0.137236,-0.0,4765.737793,39663.238281,3468.0,1.0,3096.0,4.0,0.0,0.138007,103040.0,1721542144.0,64.0,0.0,0.0,0.0,0.0,0.0,62.0,0.0,6.405562,1.0,4.0,1.0,0.0,14.946311,31872.0,8.0,1.0,0.0,11.111111,0.0,0.468343,0.0,0.0,44428.976562,0.468343,372.0,0.0,774.0,0.0,0.0,0.468343,0.468343,1.0,0.0,0.0,6.405562,0.0,4.0
0.0,0.000771,0.0,146.0,0.725279,0.137236,-0.0,1610.414795,2018.533691,566.0,1.0,274.0,3.0,0.0,0.138007,103040.0,1721542144.0,64.0,0.0,0.0,0.0,0.0,0.0,62.0,0.0,1.37878,1.0,2.0,0.0,0.0,5.515119,31872.0,5.0,1.0,0.0,0.0,0.0,0.725279,0.0,0.0,3628.948486,0.725279,292.0,0.0,91.333336,0.0,0.0,0.725279,0.725279,0.0,0.0,0.0,2.75756,0.0,4.0
0.0,0.000771,0.0,106.0,0.634278,0.137236,-0.0,4010.859619,9888.408203,1364.0,1.0,940.0,6.0,0.0,0.138007,103040.0,1721542144.0,64.0,0.0,0.0,0.0,0.0,0.0,62.0,0.0,4.729787,1.0,4.0,0.0,0.0,14.189362,31872.0,10.0,1.0,0.0,0.0,0.0,0.634278,0.0,0.0,13899.268555,0.634278,424.0,0.0,156.666672,0.0,0.0,0.634278,0.634278,0.0,0.0,0.0,7.882979,0.0,4.0
0.0,0.000771,0.0,114.0,0.006024,0.137236,-0.0,0.0,0.0,180.0,1.0,66.0,1.0,0.0,0.138007,103040.0,1721542144.0,64.0,0.0,0.0,0.0,0.0,0.0,62.0,0.0,0.0,1.0,1.0,0.0,0.0,166.002655,31872.0,2.0,0.0,0.0,0.0,0.0,0.006024,0.0,0.0,0.0,0.006024,114.0,0.0,66.0,0.0,0.0,0.006024,0.006024,0.0,0.0,0.0,0.0,0.0,4.0
0.0,0.000771,0.0,118.0,0.745618,0.137236,-0.0,3798.19165,8411.814453,1412.0,1.0,940.0,6.0,0.0,0.138007,103040.0,1721542144.0,64.0,0.0,0.0,0.0,0.0,0.0,62.0,0.0,4.023508,1.0,4.0,0.0,0.0,12.070524,31872.0,10.0,1.0,0.0,0.0,0.0,0.745618,0.0,0.0,12210.005859,0.745618,472.0,0.0,156.666672,0.0,0.0,0.745618,0.745618,0.0,0.0,0.0,6.705847,0.0,4.0
0.0,0.000771,1.0,194.0,0.882546,0.137236,-0.0,1758.548584,2746.599121,792.0,1.0,404.0,4.0,0.0,0.138007,103040.0,1721542144.0,64.0,0.0,0.0,0.0,0.0,0.0,62.0,0.0,1.133085,1.0,2.0,1.0,0.0,5.665427,31872.0,6.0,1.0,0.0,14.285714,0.0,0.882546,0.0,0.0,4505.147461,0.882546,388.0,0.0,101.0,0.0,0.0,0.882546,0.882546,1.0,0.0,0.0,3.399256,0.0,4.0
0.0,0.000771,0.0,107.599998,0.625708,0.137236,-0.0,5510.557617,6328.831055,1156.0,1.0,618.0,5.0,0.0,0.138007,103040.0,1721542144.0,64.0,0.0,0.0,0.0,0.0,0.0,62.0,0.0,6.392758,1.0,5.0,0.0,0.0,14.383706,31872.0,10.0,1.0,0.0,0.0,0.0,0.625708,0.0,0.0,11839.388672,0.625708,538.0,0.0,123.599998,0.0,0.0,0.625708,0.625708,0.0,0.0,0.0,6.392758,0.0,4.0
0.0,0.000771,0.0,126.800003,0.712225,0.137236,-0.0,5706.062012,7840.21875,1448.0,1.0,814.0,7.0,0.0,0.138007,103040.0,1721542144.0,64.0,0.0,0.0,0.0,0.0,0.0,62.0,0.0,5.616202,1.0,5.0,0.0,0.0,15.444557,31872.0,12.0,1.0,0.0,0.0,0.0,0.712225,0.0,0.0,13546.280273,0.712225,634.0,0.0,116.285713,0.0,0.0,0.712225,0.712225,0.0,0.0,0.0,8.424304,0.0,4.0
0.0,0.000771,1.0,167.333328,0.994792,0.137236,-0.0,2694.030518,7350.280273,1598.0,1.0,1096.0,6.0,0.0,0.138007,103040.0,1721542144.0,64.0,0.0,0.0,0.0,0.0,0.0,62.0,0.0,2.010471,1.0,3.0,1.0,0.0,8.041883,31872.0,9.0,1.0,0.0,10.0,0.0,0.994792,0.0,0.0,10044.310547,0.994792,502.0,0.0,182.666672,0.0,0.0,0.994792,0.994792,1.0,0.0,0.0,5.026176,0.0,4.0
0.0,0.000771,1.0,72.0,0.321608,0.137236,-0.0,1791.000244,0.0,322.0,1.0,178.0,1.0,0.0,0.138007,102784.0,1721542144.0,64.0,0.0,0.0,0.0,0.0,0.0,62.0,0.0,3.109375,1.0,2.0,1.0,1.0,6.21875,31872.0,3.0,0.0,0.0,25.0,0.0,0.321608,0.0,0.0,1791.000244,0.321608,144.0,0.0,178.0,0.0,0.0,0.321608,0.321608,1.0,0.0,0.0,0.0,0.0,4.0
0.0,0.000771,0.0,90.0,0.161407,0.137236,-0.0,13382.319336,21709.095703,944.0,1.0,584.0,4.0,0.0,0.138007,103040.0,1721542144.0,64.0,0.0,0.0,0.0,0.0,0.0,62.0,0.0,18.586555,1.0,4.0,0.0,0.0,43.368629,31872.0,8.0,1.0,0.0,0.0,0.0,0.161407,0.0,0.0,35091.417969,0.161407,360.0,0.0,146.0,0.0,0.0,0.161407,0.161407,0.0,0.0,0.0,18.586555,0.0,4.0
0.0,0.000771,1.0,146.0,0.634889,0.137236,-0.0,0.0,2746.936768,472.0,1.0,326.0,3.0,0.0,0.138007,103040.0,1721542144.0,64.0,0.0,0.0,0.0,0.0,0.0,62.0,0.0,0.0,1.0,1.0,1.0,0.0,4.725235,31872.0,4.0,1.0,0.0,20.0,0.0,0.634889,0.0,0.0,2746.936768,0.634889,146.0,0.0,108.666664,0.0,0.0,0.634889,0.634889,1.0,0.0,0.0,3.150157,0.0,4.0
0.0,0.000771,0.0,0.0,0.0,0.137236,-0.0,0.0,0.0,130.0,1.0,130.0,1.0,0.0,0.138007,103135.70040124832,1721542144.0,64.0,0.0,0.0,0.0,0.0,0.0,62.0,0.0,0.0,1.0,0.0,0.0,0.0,0.0,37317.08209959624,1.0,0.0,0.0,0.0,0.0,0.0,0.0,1.0,0.0,0.0,0.0,0.0,130.0,0.0,0.0,0.0,0.0,0.0,0.0,0.0,0.0,0.0,4.0
0.0,0.000771,0.0,78.0,0.0,0.137236,-0.0,0.0,0.0,208.0,1.0,130.0,1.0,0.0,0.138007,103040.0,1721542144.0,64.0,0.0,0.0,0.0,0.0,0.0,62.0,0.0,0.0,1.0,1.0,0.0,1.0,0.0,31872.0,2.0,0.0,0.0,0.0,0.0,0.0,0.0,0.0,0.0,0.0,78.0,0.0,130.0,0.0,0.0,0.0,0.0,0.0,0.0,0.0,0.0,0.0,4.0
0.0,0.000771,1.0,98.0,0.571851,0.137236,-0.0,2741.9729,5581.873535,892.0,1.0,598.0,3.0,0.0,0.138007,102912.0,1721542144.0,64.0,0.0,0.0,0.0,0.0,0.0,62.0,0.0,3.497414,1.0,3.0,1.0,0.0,8.743536,31872.0,6.0,1.0,0.0,14.285714,0.0,0.571851,0.0,0.0,8323.84668,0.571851,294.0,0.0,199.333328,0.0,0.0,0.571851,0.571851,1.0,0.0,0.0,3.497414,0.0,4.0
0.0,0.000771,1.0,66.0,0.971847,0.137236,-0.0,0.0,5087.220703,890.0,1.0,824.0,4.0,0.0,0.138007,103040.0,1721542144.0,64.0,0.0,0.0,0.0,0.0,0.0,62.0,0.0,0.0,1.0,1.0,1.0,1.0,4.115874,31872.0,5.0,0.0,0.0,16.666667,0.0,0.971847,0.0,0.0,5087.220703,0.971847,66.0,0.0,206.0,0.0,0.0,0.971847,0.971847,1.0,0.0,0.0,3.086906,0.0,4.0
0.0,0.000771,0.0,78.0,0.0,0.137236,-0.0,0.0,0.0,78.0,1.0,0.0,0.0,0.0,0.138007,103040.0,1721542144.0,64.0,0.0,0.0,0.0,0.0,0.0,62.0,0.0,0.0,1.0,1.0,0.0,0.0,0.0,37317.08209959624,1.0,0.0,0.0,0.0,0.0,0.0,0.0,0.0,0.0,0.0,78.0,0.0,0.0,0.0,0.0,0.0,0.0,0.0,0.0,0.0,0.0,0.0,4.0
0.0,0.000771,0.0,114.0,0.913801,0.137236,-0.0,5988.174805,11030.847656,2238.0,1.0,1440.0,8.0,0.0,0.138007,103040.0,1721542144.0,64.0,0.0,0.0,0.0,0.0,0.0,62.0,0.0,6.565981,1.0,7.0,0.0,0.0,15.320622,31872.0,15.0,1.0,0.0,0.0,0.0,0.913801,0.0,0.0,17019.023438,0.913801,798.0,0.0,180.0,0.0,0.0,0.913801,0.913801,0.0,0.0,0.0,7.660311,0.0,4.0
0.0,0.000771,0.0,114.0,0.622103,0.137236,-0.0,2931.990479,11625.084961,1472.0,1.0,1130.0,5.0,0.0,0.138007,102400.0,1721542144.0,64.0,0.0,0.0,0.0,0.0,0.0,62.0,0.0,3.214902,1.0,3.0,0.0,0.0,11.252156,31872.0,8.0,1.0,0.0,0.0,0.0,0.622103,0.0,0.0,14557.075195,0.622103,342.0,0.0,226.0,0.0,0.0,0.622103,0.622103,0.0,0.0,0.0,6.429804,0.0,4.0
0.0,0.000771,0.0,78.0,0.15912,0.137236,-0.0,0.0,0.0,240.0,1.0,162.0,1.0,0.0,0.138007,103040.0,1721542144.0,64.0,0.0,0.0,0.0,0.0,0.0,62.0,0.0,0.0,1.0,1.0,0.0,1.0,6.284565,31872.0,2.0,0.0,0.0,0.0,0.0,0.15912,0.0,0.0,0.0,0.15912,78.0,0.0,162.0,0.0,0.0,0.15912,0.15912,0.0,0.0,0.0,0.0,0.0,4.0
0.0,0.000771,1.0,242.0,0.825555,0.137236,-0.0,0.0,1259.758545,502.0,1.0,260.0,2.0,0.0,0.138007,103040.0,1721542144.0,64.0,0.0,0.0,0.0,0.0,0.0,62.0,0.0,0.0,1.0,1.0,1.0,0.0,2.422613,31872.0,3.0,1.0,0.0,25.0,0.0,0.825555,0.0,0.0,1259.758545,0.825555,242.0,0.0,130.0,0.0,0.0,0.825555,0.825555,1.0,0.0,0.0,1.211306,0.0,4.0
0.0,0.000771,0.0,92.666664,0.459701,0.137236,-0.0,8074.813965,9501.828125,1238.0,1.0,682.0,5.0,0.0,0.138007,103040.0,1721542144.0,64.0,0.0,0.0,0.0,0.0,0.0,62.0,0.0,10.876635,1.0,6.0,0.0,0.0,21.753269,31872.0,11.0,1.0,0.0,0.0,0.0,0.459701,0.0,0.0,17576.642578,0.459701,556.0,0.0,136.399994,0.0,0.0,0.459701,0.459701,0.0,0.0,0.0,8.701308,0.0,4.0
0.0,0.000771,0.0,119.333336,0.20766,0.137236,-0.0,9207.358398,16411.441406,926.0,1.0,568.0,4.0,0.0,0.138007,103040.0,1721542144.0,64.0,0.0,0.0,0.0,0.0,0.0,62.0,0.0,9.631127,1.0,3.0,0.0,0.0,28.893383,31872.0,7.0,1.0,0.0,0.0,0.0,0.20766,0.0,0.0,25618.798828,0.20766,358.0,0.0,142.0,0.0,0.0,0.20766,0.20766,0.0,0.0,0.0,14.446692,0.0,4.0
0.0,0.000771,0.0,66.0,0.923031,0.137236,-0.0,0.0,4836.240723,810.0,1.0,744.0,4.0,0.0,0.138007,103040.0,1721542144.0,64.0,0.0,0.0,0.0,0.0,0.0,62.0,0.0,0.0,1.0,1.0,0.0,1.0,4.333549,31872.0,5.0,0.0,0.0,0.0,0.0,0.923031,0.0,0.0,4836.240723,0.923031,66.0,0.0,186.0,0.0,0.0,0.923031,0.923031,0.0,0.0,0.0,3.250162,0.0,4.0
0.0,0.000771,0.0,66.0,0.99108,0.137236,-0.0,532.752136,0.0,342.0,1.0,210.0,1.0,0.0,0.138007,102912.0,1721542144.0,64.0,0.0,0.0,0.0,0.0,0.0,62.0,0.0,1.009,1.0,2.0,0.0,1.0,2.018001,31872.0,3.0,0.0,0.0,0.0,0.0,0.99108,0.0,0.0,532.752136,0.99108,132.0,0.0,210.0,0.0,0.0,0.99108,0.99108,0.0,0.0,0.0,0.0,0.0,4.0
0.0,0.000771,0.0,66.0,0.0,0.137236,-0.0,0.0,0.0,276.0,1.0,210.0,1.0,0.0,0.138007,102784.0,1721542144.0,64.0,0.0,0.0,0.0,0.0,0.0,62.0,0.0,0.0,1.0,1.0,0.0,1.0,0.0,31872.0,2.0,0.0,0.0,0.0,0.0,0.0,0.0,0.0,0.0,0.0,66.0,0.0,210.0,0.0,0.0,0.0,0.0,0.0,0.0,0.0,0.0,0.0,4.0
0.0,0.000771,0.0,66.0,0.0,0.137236,-0.0,0.0,0.0,276.0,1.0,210.0,1.0,0.0,0.138007,102656.0,1721542144.0,64.0,0.0,0.0,0.0,0.0,0.0,62.0,0.0,0.0,1.0,1.0,0.0,1.0,0.0,31872.0,2.0,0.0,0.0,0.0,0.0,0.0,0.0,0.0,0.0,0.0,66.0,0.0,210.0,0.0,0.0,0.0,0.0,0.0,0.0,0.0,0.0,0.0,4.0
0.0,0.000771,0.0,66.0,0.0,0.137236,-0.0,0.0,0.0,276.0,1.0,210.0,1.0,0.0,0.138007,102528.0,1721542144.0,64.0,0.0,0.0,0.0,0.0,0.0,62.0,0.0,0.0,1.0,1.0,0.0,1.0,0.0,31872.0,2.0,0.0,0.0,0.0,0.0,0.0,0.0,0.0,0.0,0.0,66.0,0.0,210.0,0.0,0.0,0.0,0.0,0.0,0.0,0.0,0.0,0.0,4.0
0.0,0.000771,0.0,66.0,0.0,0.137236,-0.0,0.0,0.0,276.0,1.0,210.0,1.0,0.0,0.138007,102400.0,1721542144.0,64.0,0.0,0.0,0.0,0.0,0.0,62.0,0.0,0.0,1.0,1.0,0.0,1.0,0.0,31872.0,2.0,0.0,0.0,0.0,0.0,0.0,0.0,0.0,0.0,0.0,66.0,0.0,210.0,0.0,0.0,0.0,0.0,0.0,0.0,0.0,0.0,0.0,4.0
0.0,0.000771,0.0,66.0,0.0,0.137236,-0.0,0.0,0.0,276.0,1.0,210.0,1.0,0.0,0.138007,102400.0,1721542144.0,64.0,0.0,0.0,0.0,0.0,0.0,62.0,0.0,0.0,1.0,1.0,0.0,1.0,0.0,31872.0,2.0,0.0,0.0,0.0,0.0,0.0,0.0,0.0,0.0,0.0,66.0,0.0,210.0,0.0,0.0,0.0,0.0,0.0,0.0,0.0,0.0,0.0,4.0
0.0,0.000771,0.0,0.0,0.661514,0.137236,-0.0,0.0,2539.628906,420.0,1.0,420.0,2.0,0.0,0.138007,103135.70040124832,1721542144.0,64.0,0.0,0.0,0.0,0.0,0.0,62.0,0.0,0.0,1.0,0.0,1.0,0.0,1.511684,37317.08209959624,2.0,0.0,0.0,0.0,0.0,0.661514,0.0,1.0,2539.628906,0.661514,0.0,0.0,210.0,0.0,0.0,0.661514,0.661514,1.0,0.0,0.0,1.511684,0.0,4.0
0.0,0.000771,1.0,72.0,0.186453,0.137236,-0.0,3089.250488,25829.566406,1046.0,1.0,902.0,3.0,0.0,0.138007,102400.0,1721542144.0,64.0,0.0,0.0,0.0,0.0,0.0,62.0,0.0,5.363282,1.0,2.0,1.0,1.0,21.453127,31872.0,5.0,0.0,0.0,16.666667,0.0,0.186453,0.0,0.0,28918.816406,0.186453,144.0,0.0,300.666656,0.0,0.0,0.186453,0.186453,1.0,0.0,0.0,10.726563,0.0,4.0
0.0,0.000771,1.0,98.0,0.29887,0.137236,-0.0,5246.428223,8967.109375,796.0,1.0,502.0,3.0,0.0,0.138007,103040.0,1721542144.0,64.0,0.0,0.0,0.0,0.0,0.0,62.0,0.0,6.691873,1.0,3.0,1.0,0.0,16.729681,31872.0,6.0,1.0,0.0,14.285714,0.0,0.29887,0.0,0.0,14213.538086,0.29887,294.0,0.0,167.333328,0.0,0.0,0.29887,0.29887,1.0,0.0,0.0,6.691873,0.0,4.0
0.0,0.000771,0.0,119.333336,0.401845,0.137236,-0.0,4758.053223,21859.173828,1822.0,1.0,1464.0,4.0,0.0,0.138007,103040.0,1721542144.0,64.0,0.0,0.0,0.0,0.0,0.0,62.0,0.0,4.977043,1.0,3.0,0.0,0.0,14.931129,31872.0,7.0,1.0,0.0,0.0,0.0,0.401845,0.0,0.0,26617.226562,0.401845,358.0,0.0,366.0,0.0,0.0,0.401845,0.401845,0.0,0.0,0.0,7.465565,0.0,4.0
0.0,0.000771,0.0,0.0,0.757327,0.137236,-0.0,0.0,4584.54541,868.0,1.0,868.0,2.0,0.0,0.138007,103135.70040124832,1721542144.0,64.0,0.0,0.0,0.0,0.0,0.0,62.0,0.0,0.0,1.0,0.0,1.0,0.0,1.320433,37317.08209959624,2.0,0.0,0.0,0.0,0.0,0.757327,0.0,1.0,4584.54541,0.757327,0.0,0.0,434.0,0.0,0.0,0.757327,0.757327,1.0,0.0,0.0,1.320433,0.0,4.0
0.0,0.000771,0.0,0.0,0.498386,0.137236,-0.0,0.0,9920.021484,1236.0,1.0,1236.0,2.0,0.0,0.138007,103135.70040124832,1721542144.0,64.0,0.0,0.0,0.0,0.0,0.0,62.0,0.0,0.0,1.0,0.0,1.0,0.0,2.006477,37317.08209959624,2.0,0.0,0.0,0.0,0.0,0.498386,0.0,1.0,9920.021484,0.498386,0.0,0.0,618.0,0.0,0.0,0.498386,0.498386,1.0,0.0,0.0,2.006477,0.0,4.0
0.0,0.000771,0.0,66.0,0.298538,0.137236,-0.0,1768.619019,65867.664062,3818.0,1.0,3686.0,3.0,0.0,0.138007,100992.0,1721542144.0,64.0,0.0,0.0,0.0,0.0,0.0,62.0,0.0,3.349657,1.0,2.0,0.0,1.0,13.398629,31872.0,5.0,0.0,0.0,0.0,0.0,0.298538,0.0,0.0,67636.28125,0.298538,132.0,0.0,1228.666626,0.0,0.0,0.298538,0.298538,0.0,0.0,0.0,6.699315,0.0,4.0
0.0,0.000771,0.0,66.0,0.881012,0.137236,-0.0,1198.621582,13212.078125,2016.0,1.0,1818.0,5.0,0.0,0.138007,101888.0,1721542144.0,64.0,0.0,0.0,0.0,0.0,0.0,62.0,0.0,2.270117,1.0,3.0,0.0,1.0,7.945408,31872.0,8.0,0.0,0.0,0.0,0.0,0.881012,0.0,0.0,14410.700195,0.881012,198.0,0.0,363.600006,0.0,0.0,0.881012,0.881012,0.0,0.0,0.0,4.540233,0.0,4.0
0.0,0.000771,2.0,78.0,0.568491,0.137236,-0.0,0.0,6515.494629,772.0,1.0,694.0,3.0,0.0,0.138007,101888.0,1721542144.0,64.0,0.0,0.0,0.0,0.0,0.0,62.0,0.0,0.0,1.0,1.0,2.0,1.0,5.277129,31872.0,4.0,0.0,0.0,33.333333,0.0,0.568491,0.0,0.0,6515.494629,0.568491,78.0,0.0,231.333328,0.0,0.0,0.568491,0.568491,1.0,0.0,0.0,3.518086,0.0,4.0
0.0,0.000771,0.0,66.0,0.402031,0.137236,-0.0,2626.663086,8636.149414,1066.0,1.0,868.0,2.0,0.0,0.138007,101888.0,1721542144.0,64.0,0.0,0.0,0.0,0.0,0.0,62.0,0.0,4.974741,1.0,3.0,0.0,1.0,9.949481,31872.0,5.0,0.0,0.0,0.0,0.0,0.402031,0.0,0.0,11262.8125,0.402031,198.0,0.0,434.0,0.0,0.0,0.402031,0.402031,0.0,0.0,0.0,2.48737,0.0,4.0
0.0,0.000771,0.0,90.0,0.058608,0.137236,-0.0,12285.012695,89271.09375,1052.0,1.0,872.0,4.0,0.0,0.138007,103040.0,1721542144.0,64.0,0.0,0.0,0.0,0.0,0.0,62.0,0.0,17.062517,1.0,2.0,0.0,0.0,85.312584,31872.0,6.0,1.0,0.0,0.0,0.0,0.058608,0.0,0.0,101556.101562,0.058608,180.0,0.0,218.0,0.0,0.0,0.058608,0.058608,0.0,0.0,0.0,51.187553,0.0,4.0
0.0,0.000771,0.0,114.0,0.037581,0.137236,-0.0,0.0,0.0,180.0,1.0,66.0,1.0,0.0,0.138007,103040.0,1721542144.0,64.0,0.0,0.0,0.0,0.0,0.0,62.0,0.0,0.0,1.0,1.0,0.0,0.0,26.60919,31872.0,2.0,0.0,0.0,0.0,0.0,0.037581,0.0,0.0,0.0,0.037581,114.0,0.0,66.0,0.0,0.0,0.037581,0.037581,0.0,0.0,0.0,0.0,0.0,4.0
0.0,0.000771,0.0,114.0,0.001986,0.137236,-0.0,0.0,0.0,192.0,1.0,78.0,1.0,0.0,0.138007,103040.0,1721542144.0,64.0,0.0,0.0,0.0,0.0,0.0,62.0,0.0,0.0,1.0,1.0,0.0,0.0,503.524689,31872.0,2.0,0.0,0.0,0.0,0.0,0.001986,0.0,0.0,0.0,0.001986,114.0,0.0,78.0,0.0,0.0,0.001986,0.001986,0.0,0.0,0.0,0.0,0.0,4.0
0.0,0.000771,0.0,118.0,0.729013,0.137236,-0.0,3884.704346,5673.423828,1118.0,1.0,646.0,5.0,0.0,0.138007,103040.0,1721542144.0,64.0,0.0,0.0,0.0,0.0,0.0,62.0,0.0,4.115153,1.0,4.0,0.0,0.0,10.973741,31872.0,9.0,1.0,0.0,0.0,0.0,0.729013,0.0,0.0,9558.12793,0.729013,472.0,0.0,129.199997,0.0,0.0,0.729013,0.729013,0.0,0.0,0.0,5.48687,0.0,4.0
0.0,0.000771,1.0,78.0,0.038516,0.137236,-0.0,0.0,38633.296875,450.0,1.0,372.0,2.0,0.0,0.138007,103040.0,1721542144.0,64.0,0.0,0.0,0.0,0.0,0.0,62.0,0.0,0.0,1.0,1.0,1.0,1.0,51.926472,31872.0,3.0,0.0,0.0,25.0,0.0,0.038516,0.0,0.0,38633.296875,0.038516,78.0,0.0,186.0,0.0,0.0,0.038516,0.038516,1.0,0.0,0.0,25.963236,0.0,4.0
0.0,0.000771,0.0,0.0,0.0,0.137236,-0.0,0.0,0.0,178.0,1.0,178.0,1.0,0.0,0.138007,103135.70040124832,1721542144.0,64.0,0.0,0.0,0.0,0.0,0.0,62.0,0.0,0.0,1.0,0.0,1.0,0.0,0.0,37317.08209959624,1.0,0.0,0.0,0.0,0.0,0.0,0.0,1.0,0.0,0.0,0.0,0.0,178.0,0.0,0.0,0.0,0.0,1.0,0.0,0.0,0.0,0.0,4.0
0.0,0.000771,1.0,72.0,0.867362,0.137236,-0.0,664.082581,23925.419922,3386.0,1.0,3242.0,5.0,0.0,0.138007,101248.0,1721542144.0,64.0,0.0,0.0,0.0,0.0,0.0,62.0,0.0,1.152921,1.0,2.0,1.0,1.0,6.917527,31872.0,7.0,0.0,0.0,12.5,0.0,0.867362,0.0,0.0,24589.501953,0.867362,144.0,0.0,648.400024,0.0,0.0,0.867362,0.867362,1.0,0.0,0.0,4.611684,0.0,4.0
0.0,0.000771,0.0,108.666664,0.925336,0.137236,-0.0,4703.15625,18363.058594,3130.0,1.0,2478.0,7.0,0.0,0.138007,101248.0,1721542144.0,64.0,0.0,0.0,0.0,0.0,0.0,62.0,0.0,5.403443,1.0,6.0,0.0,0.0,12.968263,31872.0,13.0,1.0,0.0,0.0,0.0,0.925336,0.0,0.0,23066.216797,0.925336,652.0,0.0,354.0,0.0,0.0,0.925336,0.925336,0.0,0.0,0.0,6.484131,0.0,4.0
0.0,0.000771,0.0,114.0,0.999662,0.137236,-0.0,3649.233398,3241.095459,1076.0,1.0,506.0,5.0,0.0,0.138007,103040.0,1721542144.0,64.0,0.0,0.0,0.0,0.0,0.0,62.0,0.0,4.001352,1.0,5.0,0.0,0.0,9.003043,31872.0,10.0,1.0,0.0,0.0,0.0,0.999662,0.0,0.0,6890.329102,0.999662,570.0,0.0,101.199997,0.0,0.0,0.999662,0.999662,0.0,0.0,0.0,4.001352,0.0,4.0
0.0,0.000771,0.0,110.0,0.745319,0.137236,-0.0,3542.107422,4894.54834,1010.0,1.0,570.0,5.0,0.0,0.138007,103040.0,1721542144.0,64.0,0.0,0.0,0.0,0.0,0.0,62.0,0.0,4.025122,1.0,4.0,0.0,0.0,10.733659,31872.0,9.0,1.0,0.0,0.0,0.0,0.745319,0.0,0.0,8436.65625,0.745319,440.0,0.0,114.0,0.0,0.0,0.745319,0.745319,0.0,0.0,0.0,5.366829,0.0,4.0
0.0,0.000771,1.0,100.666664,0.408163,0.137236,-0.0,3959.202393,25284.015625,2022.0,1.0,1720.0,4.0,0.0,0.138007,103040.0,1721542144.0,64.0,0.0,0.0,0.0,0.0,0.0,62.0,0.0,4.900003,1.0,3.0,1.0,0.0,14.700009,31872.0,7.0,1.0,0.0,12.5,0.0,0.408163,0.0,0.0,29243.21875,0.408163,302.0,0.0,430.0,0.0,0.0,0.408163,0.408163,1.0,0.0,0.0,7.350005,0.0,4.0
0.0,0.000771,0.0,0.0,0.0,0.137236,-0.0,0.0,0.0,178.0,1.0,178.0,1.0,0.0,0.138007,103135.70040124832,1721542144.0,64.0,0.0,0.0,0.0,0.0,0.0,62.0,0.0,0.0,1.0,0.0,1.0,0.0,0.0,37317.08209959624,1.0,0.0,0.0,0.0,0.0,0.0,0.0,1.0,0.0,0.0,0.0,0.0,178.0,0.0,0.0,0.0,0.0,1.0,0.0,0.0,0.0,0.0,4.0
0.0,0.000771,1.0,98.0,0.496054,0.137236,-0.0,3160.946289,3338.346191,604.0,1.0,310.0,3.0,0.0,0.138007,103040.0,1721542144.0,64.0,0.0,0.0,0.0,0.0,0.0,62.0,0.0,4.031819,1.0,3.0,1.0,0.0,10.079548,31872.0,6.0,1.0,0.0,14.285714,0.0,0.496054,0.0,0.0,6499.29248,0.496054,294.0,0.0,103.333336,0.0,0.0,0.496054,0.496054,1.0,0.0,0.0,4.031819,0.0,4.0
0.0,0.000771,0.0,106.0,0.665351,0.137236,-0.0,3823.545898,3967.830566,864.0,1.0,440.0,4.0,0.0,0.138007,103040.0,1721542144.0,64.0,0.0,0.0,0.0,0.0,0.0,62.0,0.0,4.508898,1.0,4.0,0.0,0.0,10.520763,31872.0,8.0,1.0,0.0,0.0,0.0,0.665351,0.0,0.0,7791.376465,0.665351,424.0,0.0,110.0,0.0,0.0,0.665351,0.665351,0.0,0.0,0.0,4.508898,0.0,4.0
0.0,0.000771,0.0,78.0,0.93551,0.137236,-0.0,0.0,18736.304688,3364.0,1.0,3286.0,3.0,0.0,0.138007,103040.0,1721542144.0,64.0,0.0,0.0,0.0,0.0,0.0,62.0,0.0,0.0,1.0,1.0,0.0,1.0,3.206807,31872.0,4.0,0.0,0.0,0.0,0.0,0.93551,0.0,0.0,18736.304688,0.93551,78.0,0.0,1095.333374,0.0,0.0,0.93551,0.93551,0.0,0.0,0.0,2.137871,0.0,4.0
0.0,0.000771,2.0,93.0,0.92809,0.137236,-0.0,2404.939209,20429.054688,3532.0,1.0,3160.0,4.0,0.0,0.138007,103040.0,1721542144.0,64.0,0.0,0.0,0.0,0.0,0.0,62.0,0.0,3.232445,1.0,4.0,2.0,0.0,7.542372,31872.0,8.0,0.0,0.0,20.0,0.0,0.92809,0.0,0.0,22833.992188,0.92809,372.0,0.0,790.0,0.0,0.0,0.92809,0.92809,1.0,0.0,0.0,3.232445,0.0,4.0
0.0,0.000771,0.0,154.0,0.257042,0.137236,-0.0,4792.991211,7780.830078,682.0,1.0,374.0,3.0,0.0,0.138007,103040.0,1721542144.0,64.0,0.0,0.0,0.0,0.0,0.0,62.0,0.0,3.890415,1.0,2.0,0.0,0.0,15.56166,31872.0,5.0,1.0,0.0,0.0,0.0,0.257042,0.0,0.0,12573.821289,0.257042,308.0,0.0,124.666664,0.0,0.0,0.257042,0.257042,0.0,0.0,0.0,7.78083,0.0,4.0
0.0,0.000771,0.0,114.0,0.225543,0.137236,-0.0,4043.574707,4540.154297,484.0,1.0,256.0,2.0,0.0,0.138007,103040.0,1721542144.0,64.0,0.0,0.0,0.0,0.0,0.0,62.0,0.0,4.433744,1.0,2.0,0.0,0.0,13.301232,31872.0,4.0,1.0,0.0,0.0,0.0,0.225543,0.0,0.0,8583.728516,0.225543,228.0,0.0,128.0,0.0,0.0,0.225543,0.225543,0.0,0.0,0.0,4.433744,0.0,4.0
0.0,0.000771,0.0,90.0,0.095075,0.137236,-0.0,22718.90625,96429.140625,1888.0,1.0,1528.0,4.0,0.0,0.138007,103040.0,1721542144.0,64.0,0.0,0.0,0.0,0.0,0.0,62.0,0.0,31.554037,1.0,4.0,0.0,0.0,73.626091,31872.0,8.0,1.0,0.0,0.0,0.0,0.095075,0.0,0.0,119148.046875,0.095075,360.0,0.0,382.0,0.0,0.0,0.095075,0.095075,0.0,0.0,0.0,31.554037,0.0,4.0
0.0,0.000771,0.0,114.0,0.701413,0.137236,-0.0,5200.930176,12340.803711,1832.0,1.0,1262.0,7.0,0.0,0.138007,103040.0,1721542144.0,64.0,0.0,0.0,0.0,0.0,0.0,62.0,0.0,5.702775,1.0,5.0,0.0,0.0,15.68263,31872.0,12.0,1.0,0.0,0.0,0.0,0.701413,0.0,0.0,17541.734375,0.701413,570.0,0.0,180.285721,0.0,0.0,0.701413,0.701413,0.0,0.0,0.0,8.554162,0.0,4.0
0.0,0.000771,0.0,114.0,0.994406,0.137236,-0.0,1834.260864,2011.250977,716.0,1.0,374.0,3.0,0.0,0.138007,103040.0,1721542144.0,64.0,0.0,0.0,0.0,0.0,0.0,62.0,0.0,2.011251,1.0,3.0,0.0,0.0,5.028127,31872.0,6.0,1.0,0.0,0.0,0.0,0.994406,0.0,0.0,3845.511963,0.994406,342.0,0.0,124.666664,0.0,0.0,0.994406,0.994406,0.0,0.0,0.0,2.011251,0.0,4.0
0.0,0.000771,0.0,0.0,0.557037,0.137236,-0.0,0.0,9708.511719,1014.0,1.0,1014.0,3.0,0.0,0.138007,103135.70040124832,1721542144.0,64.0,0.0,0.0,0.0,0.0,0.0,62.0,0.0,0.0,1.0,0.0,1.0,0.0,3.590426,37317.08209959624,3.0,0.0,0.0,0.0,0.0,0.557037,0.0,1.0,9708.511719,0.557037,0.0,0.0,338.0,0.0,0.0,0.557037,0.557037,1.0,0.0,0.0,3.590426,0.0,4.0
0.0,0.000771,0.0,0.0,0.0,0.137236,-0.0,0.0,0.0,786.0,1.0,786.0,1.0,0.0,0.138007,103135.70040124832,1721542144.0,64.0,0.0,0.0,0.0,0.0,0.0,62.0,0.0,0.0,1.0,0.0,0.0,0.0,0.0,37317.08209959624,1.0,0.0,0.0,0.0,0.0,0.0,0.0,1.0,0.0,0.0,0.0,0.0,786.0,0.0,0.0,0.0,0.0,0.0,0.0,0.0,0.0,0.0,4.0
0.0,0.000771,0.0,130.0,0.731915,0.137236,-0.0,4262.790039,13520.695312,2004.0,1.0,1484.0,6.0,0.0,0.138007,103040.0,1721542144.0,64.0,0.0,0.0,0.0,0.0,0.0,62.0,0.0,4.098836,1.0,4.0,0.0,0.0,12.29651,31872.0,10.0,1.0,0.0,0.0,0.0,0.731915,0.0,0.0,17783.486328,0.731915,520.0,0.0,247.333328,0.0,0.0,0.731915,0.731915,0.0,0.0,0.0,6.831394,0.0,4.0
0.0,0.000771,0.0,110.0,0.911655,0.137236,-0.0,2895.832275,3439.897705,930.0,1.0,490.0,5.0,0.0,0.138007,103040.0,1721542144.0,64.0,0.0,0.0,0.0,0.0,0.0,62.0,0.0,3.290719,1.0,4.0,0.0,0.0,8.775249,31872.0,9.0,1.0,0.0,0.0,0.0,0.911655,0.0,0.0,6335.72998,0.911655,440.0,0.0,98.0,0.0,0.0,0.911655,0.911655,0.0,0.0,0.0,4.387625,0.0,4.0
0.0,0.000771,0.0,82.0,0.603796,0.137236,-0.0,10864.59668,252628.375,21160.0,1.0,20258.0,17.0,0.0,0.138007,103040.0,1721542144.0,64.0,0.0,0.0,0.0,0.0,0.0,62.0,0.0,16.561886,1.0,11.0,0.0,0.0,44.717091,31872.0,28.0,1.0,0.0,0.0,0.0,0.603796,0.0,0.0,263492.96875,0.603796,902.0,0.0,1191.647095,0.0,0.0,0.603796,0.603796,0.0,0.0,0.0,26.499016,0.0,4.0
0.0,0.000771,1.0,146.0,0.510456,0.137236,-0.0,2288.150146,67798.203125,5338.0,1.0,5046.0,7.0,0.0,0.138007,103040.0,1721542144.0,64.0,0.0,0.0,0.0,0.0,0.0,62.0,0.0,1.959033,1.0,2.0,1.0,0.0,15.672261,31872.0,9.0,1.0,0.0,10.0,0.0,0.510456,0.0,0.0,70086.351562,0.510456,292.0,0.0,720.857117,0.0,0.0,0.510456,0.510456,1.0,0.0,0.0,11.754195,0.0,4.0
0.0,0.000771,3.0,96.666664,0.837873,0.137236,-0.0,1852.309448,50222.410156,6602.0,1.0,6312.0,6.0,0.0,0.138007,103040.0,1721542144.0,64.0,0.0,0.0,0.0,0.0,0.0,62.0,0.0,2.386997,1.0,3.0,3.0,0.0,9.547987,31872.0,9.0,1.0,0.0,25.0,0.0,0.837873,0.0,0.0,52074.71875,0.837873,290.0,0.0,1052.0,0.0,0.0,0.837873,0.837873,1.0,0.0,0.0,5.967492,0.0,4.0
0.0,0.000771,0.0,0.0,0.0,0.137236,-0.0,0.0,0.0,1514.0,1.0,1514.0,1.0,0.0,0.138007,103135.70040124832,1721542144.0,64.0,0.0,0.0,0.0,0.0,0.0,62.0,0.0,0.0,1.0,0.0,1.0,0.0,0.0,37317.08209959624,1.0,0.0,0.0,0.0,0.0,0.0,0.0,0.0,0.0,0.0,0.0,0.0,1514.0,1.0,0.0,0.0,0.0,1.0,0.0,0.0,0.0,0.0,4.0
0.0,0.000771,1.0,78.0,0.027482,0.137236,-0.0,0.0,881449.6875,4620.0,1.0,4542.0,3.0,0.0,0.138007,101632.0,1721542144.0,64.0,0.0,0.0,0.0,0.0,0.0,62.0,0.0,0.0,1.0,1.0,1.0,0.0,109.162361,31872.0,4.0,0.0,0.0,20.0,0.0,0.027482,0.0,0.0,881449.6875,0.027482,78.0,1.0,1514.0,0.0,0.0,0.027482,0.027482,1.0,0.0,0.0,72.77491,0.0,4.0
0.0,0.000771,0.0,0.0,0.0,0.137236,-0.0,0.0,0.0,1514.0,1.0,1514.0,1.0,0.0,0.138007,103135.70040124832,1721542144.0,64.0,0.0,0.0,0.0,0.0,0.0,62.0,0.0,0.0,1.0,0.0,1.0,0.0,0.0,37317.08209959624,1.0,0.0,0.0,0.0,0.0,0.0,0.0,0.0,0.0,0.0,0.0,0.0,1514.0,1.0,0.0,0.0,0.0,1.0,0.0,0.0,0.0,0.0,4.0
0.0,0.000771,0.0,0.0,0.0,0.137236,-0.0,0.0,0.0,1514.0,1.0,1514.0,1.0,0.0,0.138007,103135.70040124832,1721542144.0,64.0,0.0,0.0,0.0,0.0,0.0,62.0,0.0,0.0,1.0,0.0,1.0,0.0,0.0,37317.08209959624,1.0,0.0,0.0,0.0,0.0,0.0,0.0,0.0,0.0,0.0,0.0,0.0,1514.0,1.0,0.0,0.0,0.0,1.0,0.0,0.0,0.0,0.0,4.0
0.0,0.000771,0.0,0.0,0.0,0.137236,-0.0,0.0,0.0,1514.0,1.0,1514.0,1.0,0.0,0.138007,103135.70040124832,1721542144.0,64.0,0.0,0.0,0.0,0.0,0.0,62.0,0.0,0.0,1.0,0.0,1.0,0.0,0.0,37317.08209959624,1.0,0.0,0.0,0.0,0.0,0.0,0.0,0.0,0.0,0.0,0.0,0.0,1514.0,1.0,0.0,0.0,0.0,1.0,0.0,0.0,0.0,0.0,4.0
0.0,0.000771,5.0,74.0,0.984268,0.137236,-0.0,5413.159668,141725.625,19630.0,1.0,18890.0,13.0,0.0,0.138007,101888.0,1721542144.0,64.0,0.0,0.0,0.0,0.0,0.0,62.0,0.0,9.143851,1.0,10.0,5.0,1.0,22.351635,31872.0,23.0,0.0,0.0,17.857143,0.0,0.984268,0.0,0.0,147138.78125,0.984268,740.0,0.0,1453.076904,0.0,0.0,0.984268,0.984268,1.0,0.0,0.0,12.191801,0.0,4.0
0.0,0.000771,0.0,110.0,0.806795,0.137236,-0.0,3272.206787,2439.28125,768.0,1.0,328.0,4.0,0.0,0.138007,103040.0,1721542144.0,64.0,0.0,0.0,0.0,0.0,0.0,62.0,0.0,3.718417,1.0,4.0,0.0,0.0,8.676306,31872.0,8.0,1.0,0.0,0.0,0.0,0.806795,0.0,0.0,5711.488281,0.806795,440.0,0.0,82.0,0.0,0.0,0.806795,0.806795,0.0,0.0,0.0,3.718417,0.0,4.0
0.0,0.000771,1.0,126.0,0.665531,0.137236,-0.0,4543.740234,10169.324219,1490.0,1.0,986.0,7.0,0.0,0.138007,103040.0,1721542144.0,64.0,0.0,0.0,0.0,0.0,0.0,62.0,0.0,4.507679,1.0,4.0,1.0,0.0,15.025597,31872.0,11.0,1.0,0.0,8.333333,0.0,0.665531,0.0,0.0,14713.064453,0.665531,504.0,0.0,140.857147,0.0,0.0,0.665531,0.665531,1.0,0.0,0.0,9.015358,0.0,4.0
0.0,0.000771,0.0,114.0,0.636295,0.137236,-0.0,1433.297363,1760.189819,438.0,1.0,210.0,3.0,0.0,0.138007,103040.0,1721542144.0,64.0,0.0,0.0,0.0,0.0,0.0,62.0,0.0,1.571598,1.0,2.0,0.0,0.0,6.286392,31872.0,5.0,0.0,0.0,0.0,0.0,0.636295,0.0,0.0,3193.487305,0.636295,228.0,0.0,70.0,0.0,0.0,0.636295,0.636295,0.0,0.0,0.0,3.143196,0.0,4.0
0.0,0.000771,2.0,146.0,0.913055,0.137236,-0.0,1279.221924,3750.047852,826.0,1.0,534.0,5.0,0.0,0.138007,103040.0,1721542144.0,64.0,0.0,0.0,0.0,0.0,0.0,62.0,0.0,1.095224,1.0,2.0,2.0,0.0,6.571346,31872.0,7.0,1.0,0.0,22.222222,0.0,0.913055,0.0,0.0,5029.27002,0.913055,292.0,0.0,106.800003,0.0,0.0,0.913055,0.913055,1.0,0.0,0.0,4.380897,0.0,4.0
0.0,0.000771,1.0,117.199997,0.747641,0.137236,-0.0,5018.451172,11203.237305,1782.0,1.0,1196.0,8.0,0.0,0.138007,103040.0,1721542144.0,64.0,0.0,0.0,0.0,0.0,0.0,62.0,0.0,5.350161,1.0,5.0,1.0,0.0,16.050484,31872.0,13.0,1.0,0.0,7.142857,0.0,0.747641,0.0,0.0,16221.688477,0.747641,586.0,0.0,149.5,0.0,0.0,0.747641,0.747641,1.0,0.0,0.0,9.362782,0.0,4.0
0.0,0.000771,0.0,117.199997,0.309412,0.137236,-0.0,12126.226562,34361.949219,2136.0,1.0,1550.0,7.0,0.0,0.138007,103040.0,1721542144.0,64.0,0.0,0.0,0.0,0.0,0.0,61.0,0.0,12.927747,1.0,5.0,0.0,0.0,35.551304,31872.0,12.0,1.0,0.0,0.0,0.0,0.309412,0.0,0.0,46488.175781,0.309412,586.0,0.0,221.428574,0.0,0.0,0.309412,0.309412,0.0,0.0,0.0,19.391621,0.0,4.0
0.0,0.000771,0.0,117.199997,0.232322,0.137236,-0.0,16149.998047,55922.382812,2442.0,1.0,1856.0,8.0,0.0,0.138007,103040.0,1721542144.0,64.0,0.0,0.0,0.0,0.0,0.0,61.0,0.0,17.217482,1.0,5.0,0.0,0.0,51.652447,31872.0,13.0,1.0,0.0,0.0,0.0,0.232322,0.0,0.0,72072.382812,0.232322,586.0,0.0,232.0,0.0,0.0,0.232322,0.232322,0.0,0.0,0.0,30.130594,0.0,4.0
0.0,0.000771,0.0,122.0,0.961562,0.137236,-0.0,5075.075684,10075.273438,2094.0,1.0,1362.0,9.0,0.0,0.138007,103040.0,1721542144.0,64.0,0.0,0.0,0.0,0.0,0.0,61.0,0.0,5.199873,1.0,6.0,0.0,0.0,14.559644,31872.0,15.0,1.0,0.0,0.0,0.0,0.961562,0.0,0.0,15150.349609,0.961562,732.0,0.0,151.333328,0.0,0.0,0.961562,0.961562,0.0,0.0,0.0,8.319797,0.0,4.0
0.0,0.000771,0.0,121.111115,0.963681,0.137236,-0.0,8044.155762,22098.599609,3994.0,1.0,2904.0,12.0,0.0,0.138007,103040.0,1721542144.0,64.0,0.0,0.0,0.0,0.0,0.0,61.0,0.0,8.301502,1.0,9.0,0.0,0.0,20.753756,31872.0,21.0,1.0,0.0,0.0,0.0,0.963681,0.0,0.0,30142.755859,0.963681,1090.0,0.0,242.0,0.0,0.0,0.963681,0.963681,0.0,0.0,0.0,11.414566,0.0,4.0
0.0,0.000771,0.0,119.333336,0.984094,0.137236,-0.0,7763.48584,13762.912109,2908.0,1.0,1834.0,13.0,0.0,0.138007,103040.0,1721542144.0,64.0,0.0,0.0,0.0,0.0,0.0,61.0,0.0,8.129305,1.0,9.0,0.0,0.0,21.339424,31872.0,22.0,1.0,0.0,0.0,0.0,0.984094,0.0,0.0,21526.398438,0.984094,1074.0,0.0,141.07692,0.0,0.0,0.984094,0.984094,0.0,0.0,0.0,12.193956,0.0,4.0
0.0,0.000771,0.0,114.0,0.665382,0.137236,-0.0,6853.206055,10267.785156,1660.0,1.0,976.0,8.0,0.0,0.138007,103040.0,1721542144.0,64.0,0.0,0.0,0.0,0.0,0.0,61.0,0.0,7.51448,1.0,6.0,0.0,0.0,19.537649,31872.0,14.0,1.0,0.0,0.0,0.0,0.665382,0.0,0.0,17120.992188,0.665382,684.0,0.0,122.0,0.0,0.0,0.665382,0.665382,0.0,0.0,0.0,10.520272,0.0,4.0
0.0,0.000771,0.0,108.0,0.959898,0.137236,-0.0,6300.669434,108136.492188,14704.0,1.0,13840.0,16.0,0.0,0.138007,103040.0,1721542144.0,64.0,0.0,0.0,0.0,0.0,0.0,62.0,0.0,7.292441,1.0,8.0,0.0,0.0,23.960878,31872.0,24.0,1.0,0.0,0.0,0.0,0.959898,0.0,0.0,114437.15625,0.959898,864.0,0.0,865.0,0.0,0.0,0.959898,0.959898,0.0,0.0,0.0,15.62666,0.0,4.0
0.0,0.000771,0.0,110.0,0.497062,0.137236,-0.0,5311.208496,9399.229492,1170.0,1.0,730.0,5.0,0.0,0.138007,103040.0,1721542144.0,64.0,0.0,0.0,0.0,0.0,0.0,62.0,0.0,6.035464,1.0,4.0,0.0,0.0,16.094572,31872.0,9.0,1.0,0.0,0.0,0.0,0.497062,0.0,0.0,14710.438477,0.497062,440.0,0.0,146.0,0.0,0.0,0.497062,0.497062,0.0,0.0,0.0,8.047286,0.0,4.0
0.0,0.000771,0.0,117.199997,0.699074,0.137236,-0.0,5367.100098,16307.287109,2248.0,1.0,1662.0,7.0,0.0,0.138007,103040.0,1721542144.0,64.0,0.0,0.0,0.0,0.0,0.0,62.0,0.0,5.721855,1.0,5.0,0.0,0.0,15.735102,31872.0,12.0,1.0,0.0,0.0,0.0,0.699074,0.0,0.0,21674.386719,0.699074,586.0,0.0,237.428574,0.0,0.0,0.699074,0.699074,0.0,0.0,0.0,8.582783,0.0,4.0
0.0,0.000771,2.0,146.0,0.894286,0.137236,-0.0,0.0,3059.424072,602.0,1.0,456.0,4.0,0.0,0.138007,103040.0,1721542144.0,64.0,0.0,0.0,0.0,0.0,0.0,62.0,0.0,0.0,1.0,1.0,2.0,0.0,4.472842,31872.0,5.0,1.0,0.0,28.571429,0.0,0.894286,0.0,0.0,3059.424072,0.894286,146.0,0.0,114.0,0.0,0.0,0.894286,0.894286,1.0,0.0,0.0,3.354632,0.0,4.0
0.0,0.000771,0.0,0.0,0.0,0.137236,-0.0,0.0,0.0,130.0,1.0,130.0,1.0,0.0,0.138007,103135.70040124832,1721542144.0,64.0,0.0,0.0,0.0,0.0,0.0,62.0,0.0,0.0,1.0,0.0,0.0,0.0,0.0,37317.08209959624,1.0,0.0,0.0,0.0,0.0,0.0,0.0,1.0,0.0,0.0,0.0,0.0,130.0,0.0,0.0,0.0,0.0,0.0,0.0,0.0,0.0,0.0,4.0
0.0,0.000771,0.0,78.0,0.151971,0.137236,-0.0,0.0,0.0,208.0,1.0,130.0,1.0,0.0,0.138007,103040.0,1721542144.0,64.0,0.0,0.0,0.0,0.0,0.0,62.0,0.0,0.0,1.0,1.0,0.0,1.0,6.580203,31872.0,2.0,0.0,0.0,0.0,0.0,0.151971,0.0,0.0,0.0,0.151971,78.0,0.0,130.0,0.0,0.0,0.151971,0.151971,0.0,0.0,0.0,0.0,0.0,4.0
0.0,0.000771,0.0,92.666664,0.357298,0.137236,-0.0,10389.086914,15382.118164,1414.0,1.0,858.0,5.0,0.0,0.138007,103040.0,1721542144.0,64.0,0.0,0.0,0.0,0.0,0.0,62.0,0.0,13.993921,1.0,6.0,0.0,0.0,27.987843,31872.0,11.0,1.0,0.0,0.0,0.0,0.357298,0.0,0.0,25771.205078,0.357298,556.0,0.0,171.600006,0.0,0.0,0.357298,0.357298,0.0,0.0,0.0,11.195137,0.0,4.0
0.0,0.000771,0.0,122.0,0.98363,0.137236,-0.0,10914.672852,17169.056641,3706.0,1.0,2242.0,17.0,0.0,0.138007,103040.0,1721542144.0,64.0,0.0,0.0,0.0,0.0,0.0,62.0,0.0,11.183066,1.0,12.0,0.0,0.0,28.465988,31872.0,29.0,1.0,0.0,0.0,0.0,0.98363,0.0,0.0,28083.730469,0.98363,1464.0,0.0,131.882355,0.0,0.0,0.98363,0.98363,0.0,0.0,0.0,16.266279,0.0,4.0
0.0,0.000771,0.0,110.0,0.789114,0.137236,-0.0,7806.223145,9103.880859,1890.0,1.0,1010.0,9.0,0.0,0.138007,103040.0,1721542144.0,64.0,0.0,0.0,0.0,0.0,0.0,62.0,0.0,8.870708,1.0,8.0,0.0,0.0,20.275904,31872.0,17.0,1.0,0.0,0.0,0.0,0.789114,0.0,0.0,16910.103516,0.789114,880.0,0.0,112.222221,0.0,0.0,0.789114,0.789114,0.0,0.0,0.0,10.137952,0.0,4.0
0.0,0.000771,0.0,123.599998,0.51298,0.137236,-0.0,7719.599609,13458.615234,1624.0,1.0,1006.0,7.0,0.0,0.138007,103040.0,1721542144.0,64.0,0.0,0.0,0.0,0.0,0.0,62.0,0.0,7.797575,1.0,5.0,0.0,0.0,21.443333,31872.0,12.0,1.0,0.0,0.0,0.0,0.51298,0.0,0.0,21178.214844,0.51298,618.0,0.0,143.714279,0.0,0.0,0.51298,0.51298,0.0,0.0,0.0,11.696362,0.0,4.0
0.0,0.000771,0.0,117.199997,0.541747,0.137236,-0.0,6925.742188,12743.957031,1592.0,1.0,1006.0,7.0,0.0,0.138007,103040.0,1721542144.0,64.0,0.0,0.0,0.0,0.0,0.0,62.0,0.0,7.383521,1.0,5.0,0.0,0.0,20.304682,31872.0,12.0,1.0,0.0,0.0,0.0,0.541747,0.0,0.0,19669.699219,0.541747,586.0,0.0,143.714279,0.0,0.0,0.541747,0.541747,0.0,0.0,0.0,11.075281,0.0,4.0
0.0,0.000771,0.0,136.857147,0.904437,0.137236,-0.0,7270.821289,11498.866211,2388.0,1.0,1430.0,11.0,0.0,0.138007,103040.0,1721542144.0,64.0,0.0,0.0,0.0,0.0,0.0,62.0,0.0,6.633961,1.0,7.0,0.0,0.0,18.796223,31872.0,18.0,1.0,0.0,0.0,0.0,0.904437,0.0,0.0,18769.6875,0.904437,958.0,0.0,130.0,0.0,0.0,0.904437,0.904437,0.0,0.0,0.0,11.056602,0.0,4.0
0.0,0.000771,0.0,114.0,0.928392,0.137236,-0.0,4911.718262,5945.76416,1512.0,1.0,828.0,6.0,0.0,0.138007,103040.0,1721542144.0,64.0,0.0,0.0,0.0,0.0,0.0,62.0,0.0,5.385656,1.0,6.0,0.0,0.0,11.848443,31872.0,12.0,1.0,0.0,0.0,0.0,0.928392,0.0,0.0,10857.482422,0.928392,684.0,0.0,138.0,0.0,0.0,0.928392,0.928392,0.0,0.0,0.0,5.385656,0.0,4.0
0.0,0.000771,0.0,90.0,0.055809,0.137236,-0.0,12901.145508,49597.738281,698.0,1.0,518.0,3.0,0.0,0.138007,103040.0,1721542144.0,64.0,0.0,0.0,0.0,0.0,0.0,62.0,0.0,17.918257,1.0,2.0,0.0,0.0,71.673027,31872.0,5.0,1.0,0.0,0.0,0.0,0.055809,0.0,0.0,62498.882812,0.055809,180.0,0.0,172.666672,0.0,0.0,0.055809,0.055809,0.0,0.0,0.0,35.836514,0.0,4.0
1.0,0.000771,1.0,156.666672,0.974972,0.137236,-0.0,2576.484131,2166.216064,822.0,1.0,352.0,4.0,0.0,0.138007,103040.0,1721542144.0,64.0,0.0,0.0,0.0,0.0,0.0,62.0,1.0,2.051341,1.0,3.0,0.0,0.0,6.154023,31872.0,7.0,1.0,0.0,12.5,0.0,0.974972,0.0,0.0,4742.700195,0.974972,470.0,0.0,88.0,0.0,0.0,0.974972,0.974972,0.0,0.0,0.0,3.077011,0.0,4.0
0.0,0.000771,0.0,114.0,0.908537,0.137236,-0.0,1003.811646,6383.890137,1134.0,1.0,906.0,5.0,0.0,0.138007,103040.0,1721542144.0,64.0,0.0,0.0,0.0,0.0,0.0,62.0,0.0,1.100671,1.0,2.0,0.0,0.0,6.604024,31872.0,7.0,1.0,0.0,0.0,0.0,0.908537,0.0,0.0,7387.70166,0.908537,228.0,0.0,181.199997,0.0,0.0,0.908537,0.908537,0.0,0.0,0.0,4.402683,0.0,4.0
0.0,0.000771,0.0,126.800003,0.893169,0.137236,-0.0,4550.09082,7111.756348,1560.0,1.0,926.0,7.0,0.0,0.138007,103040.0,1721542144.0,64.0,0.0,0.0,0.0,0.0,0.0,62.0,0.0,4.478436,1.0,5.0,0.0,0.0,12.315699,31872.0,12.0,1.0,0.0,0.0,0.0,0.893169,0.0,0.0,11661.84668,0.893169,634.0,0.0,132.285721,0.0,0.0,0.893169,0.893169,0.0,0.0,0.0,6.717654,0.0,4.0
0.0,0.000771,0.0,114.0,0.00049,0.137236,-0.0,0.0,0.0,180.0,1.0,66.0,1.0,0.0,0.138007,103040.0,1721542144.0,64.0,0.0,0.0,0.0,0.0,0.0,62.0,0.0,0.0,1.0,1.0,0.0,0.0,2040.816284,31872.0,2.0,0.0,0.0,0.0,0.0,0.00049,0.0,0.0,0.0,0.00049,114.0,0.0,66.0,0.0,0.0,0.00049,0.00049,0.0,0.0,0.0,0.0,0.0,4.0
0.0,0.000771,0.0,98.0,0.7602,0.137236,-0.0,4125.22998,133280.71875,14306.0,1.0,13816.0,12.0,0.0,0.138007,98560.0,1721542144.0,64.0,0.0,0.0,0.0,0.0,0.0,62.0,0.0,5.261773,1.0,5.0,0.0,0.0,21.047092,31872.0,17.0,1.0,0.0,0.0,0.0,0.7602,0.0,0.0,137405.953125,0.7602,490.0,0.0,1151.333374,0.0,0.0,0.7602,0.7602,0.0,0.0,0.0,14.469876,0.0,4.0
0.0,0.000771,0.0,72.0,0.324884,0.137236,-0.0,12410.583984,143066.453125,7548.0,1.0,6972.0,6.0,0.0,0.138007,103040.0,1721542144.0,64.0,0.0,0.0,0.0,0.0,0.0,62.0,0.0,21.546152,1.0,8.0,0.0,0.0,40.014282,31872.0,14.0,1.0,0.0,0.0,0.0,0.324884,0.0,0.0,155477.03125,0.324884,576.0,0.0,1162.0,0.0,0.0,0.324884,0.324884,0.0,0.0,0.0,15.390109,0.0,4.0
0.0,0.000771,0.0,118.0,0.823057,0.137236,-0.0,3440.831055,153408.578125,17382.0,1.0,16910.0,15.0,0.0,0.138007,99072.0,1721542144.0,64.0,0.0,0.0,0.0,0.0,0.0,62.0,0.0,3.644948,1.0,4.0,0.0,0.0,21.869688,31872.0,19.0,1.0,0.0,0.0,0.0,0.823057,0.0,0.0,156849.40625,0.823057,472.0,0.0,1127.333374,0.0,0.0,0.823057,0.823057,0.0,0.0,0.0,17.009758,0.0,4.0
0.0,0.000771,1.0,79.5,0.899367,0.137236,-0.0,4954.596191,57017.882812,8114.0,1.0,7478.0,7.0,0.0,0.138007,103040.0,1721542144.0,64.0,0.0,0.0,0.0,0.0,0.0,62.0,0.0,7.783252,1.0,8.0,1.0,0.0,15.566504,31872.0,15.0,1.0,0.0,6.25,0.0,0.899367,0.0,0.0,61972.476562,0.899367,636.0,0.0,1068.285767,0.0,0.0,0.899367,0.899367,1.0,0.0,0.0,6.671359,0.0,4.0
0.0,0.000771,1.0,109.0,0.836829,0.137236,-0.0,3126.08667,12045.47168,1876.0,1.0,1440.0,8.0,0.0,0.138007,103040.0,1721542144.0,64.0,0.0,0.0,0.0,0.0,0.0,62.0,0.0,3.584962,1.0,4.0,1.0,0.0,13.14486,31872.0,12.0,1.0,0.0,7.692308,0.0,0.836829,0.0,0.0,15171.558594,0.836829,436.0,0.0,180.0,0.0,0.0,0.836829,0.836829,1.0,0.0,0.0,8.364911,0.0,4.0
0.0,0.000771,0.0,98.0,0.309857,0.137236,-0.0,5060.398438,1704.011841,426.0,1.0,132.0,2.0,0.0,0.138007,103040.0,1721542144.0,64.0,0.0,0.0,0.0,0.0,0.0,62.0,0.0,6.45459,1.0,3.0,0.0,0.0,12.909181,31872.0,5.0,0.0,0.0,0.0,0.0,0.309857,0.0,0.0,6764.410645,0.309857,294.0,0.0,66.0,0.0,0.0,0.309857,0.309857,0.0,0.0,0.0,3.227295,0.0,4.0
0.0,0.000771,1.0,118.0,0.959565,0.137236,-0.0,2951.337402,14331.494141,2436.0,1.0,1964.0,8.0,0.0,0.138007,103040.0,1721542144.0,64.0,0.0,0.0,0.0,0.0,0.0,62.0,0.0,3.126417,1.0,4.0,1.0,0.0,11.463528,31872.0,12.0,1.0,0.0,7.692308,0.0,0.959565,0.0,0.0,17282.832031,0.959565,472.0,0.0,245.5,0.0,0.0,0.959565,0.959565,1.0,0.0,0.0,7.294972,0.0,4.0
0.0,0.000771,0.0,130.0,0.626208,0.137236,-0.0,4982.370117,17336.091797,2148.0,1.0,1628.0,6.0,0.0,0.138007,103040.0,1721542144.0,64.0,0.0,0.0,0.0,0.0,0.0,62.0,0.0,4.79074,1.0,4.0,0.0,0.0,14.372221,31872.0,10.0,1.0,0.0,0.0,0.0,0.626208,0.0,0.0,22318.460938,0.626208,520.0,0.0,271.333344,0.0,0.0,0.626208,0.626208,0.0,0.0,0.0,7.984567,0.0,4.0
0.0,0.000771,1.0,146.0,0.480818,0.137236,-0.0,2429.193604,20564.953125,1940.0,1.0,1648.0,4.0,0.0,0.138007,103040.0,1721542144.0,64.0,0.0,0.0,0.0,0.0,0.0,62.0,0.0,2.079789,1.0,2.0,1.0,0.0,10.398945,31872.0,6.0,1.0,0.0,14.285714,0.0,0.480818,0.0,0.0,22994.146484,0.480818,292.0,0.0,412.0,0.0,0.0,0.480818,0.480818,1.0,0.0,0.0,6.239367,0.0,4.0
0.0,0.000771,1.0,146.0,0.089087,0.137236,-0.0,0.0,63219.097656,1554.0,1.0,1408.0,2.0,0.0,0.138007,103040.0,1721542144.0,64.0,0.0,0.0,0.0,0.0,0.0,62.0,0.0,0.0,1.0,1.0,1.0,0.0,22.449965,31872.0,3.0,1.0,0.0,25.0,0.0,0.089087,0.0,0.0,63219.097656,0.089087,146.0,0.0,704.0,0.0,0.0,0.089087,0.089087,1.0,0.0,0.0,11.224982,0.0,4.0
0.0,0.000771,1.0,124.666664,0.606676,0.137236,-0.0,3296.652588,15230.535156,1914.0,1.0,1540.0,4.0,0.0,0.138007,103040.0,1721542144.0,64.0,0.0,0.0,0.0,0.0,0.0,62.0,0.0,3.296653,1.0,3.0,1.0,0.0,9.889958,31872.0,7.0,1.0,0.0,12.5,0.0,0.606676,0.0,0.0,18527.1875,0.606676,374.0,0.0,385.0,0.0,0.0,0.606676,0.606676,1.0,0.0,0.0,4.944979,0.0,4.0
0.0,0.000771,1.0,130.0,0.985414,0.137236,-0.0,2110.787842,7663.783691,1522.0,1.0,1132.0,6.0,0.0,0.138007,103040.0,1721542144.0,64.0,0.0,0.0,0.0,0.0,0.0,62.0,0.0,2.029604,1.0,3.0,1.0,0.0,8.118415,31872.0,9.0,1.0,0.0,10.0,0.0,0.985414,0.0,0.0,9774.571289,0.985414,390.0,0.0,188.666672,0.0,0.0,0.985414,0.985414,1.0,0.0,0.0,5.074009,0.0,4.0
0.0,0.000771,0.0,0.0,0.927669,0.137236,-0.0,0.0,1397.050049,324.0,1.0,324.0,2.0,0.0,0.138007,103135.70040124832,1721542144.0,64.0,0.0,0.0,0.0,0.0,0.0,62.0,0.0,0.0,1.0,0.0,1.0,0.0,1.077971,37317.08209959624,2.0,0.0,0.0,0.0,0.0,0.927669,0.0,1.0,1397.050049,0.927669,0.0,0.0,162.0,0.0,0.0,0.927669,0.927669,1.0,0.0,0.0,1.077971,0.0,4.0
0.0,0.000771,0.0,123.599998,0.760532,0.137236,-0.0,5206.881348,12517.552734,1978.0,1.0,1360.0,8.0,0.0,0.138007,103040.0,1721542144.0,64.0,0.0,0.0,0.0,0.0,0.0,62.0,0.0,5.259476,1.0,5.0,0.0,0.0,15.778428,31872.0,13.0,1.0,0.0,0.0,0.0,0.760532,0.0,0.0,17724.433594,0.760532,618.0,0.0,170.0,0.0,0.0,0.760532,0.760532,0.0,0.0,0.0,9.204083,0.0,4.0
0.0,0.000771,0.0,117.199997,0.853291,0.137236,-0.0,4397.093262,7444.119629,1512.0,1.0,926.0,7.0,0.0,0.138007,103040.0,1721542144.0,64.0,0.0,0.0,0.0,0.0,0.0,62.0,0.0,4.687733,1.0,5.0,0.0,0.0,12.891265,31872.0,12.0,1.0,0.0,0.0,0.0,0.853291,0.0,0.0,11841.212891,0.853291,586.0,0.0,132.285721,0.0,0.0,0.853291,0.853291,0.0,0.0,0.0,7.031599,0.0,4.0
0.0,0.000771,0.0,114.0,0.18684,0.137236,-0.0,4881.181641,2825.947266,360.0,1.0,132.0,2.0,0.0,0.138007,103040.0,1721542144.0,64.0,0.0,0.0,0.0,0.0,0.0,62.0,0.0,5.352173,1.0,2.0,0.0,0.0,16.056519,31872.0,4.0,0.0,0.0,0.0,0.0,0.18684,0.0,0.0,7707.129395,0.18684,228.0,0.0,66.0,0.0,0.0,0.18684,0.18684,0.0,0.0,0.0,5.352173,0.0,4.0
0.0,0.000771,0.0,95.714287,0.971783,0.137236,-0.0,10249.202148,213191.625,28272.0,1.0,26932.0,26.0,0.0,0.138007,103040.0,1721542144.0,64.0,0.0,0.0,0.0,0.0,0.0,62.0,0.0,13.377472,1.0,14.0,0.0,0.0,40.132416,31872.0,40.0,1.0,0.0,0.0,0.0,0.971783,0.0,0.0,223440.828125,0.971783,1340.0,0.0,1035.846191,0.0,0.0,0.971783,0.971783,0.0,0.0,0.0,25.725908,0.0,4.0
0.0,0.000771,0.0,82.0,0.263979,0.137236,-0.0,12425.231445,446096.125,16438.0,1.0,15946.0,13.0,0.0,0.138007,103040.0,1721542144.0,64.0,0.0,0.0,0.0,0.0,0.0,62.0,0.0,18.940901,1.0,6.0,0.0,0.0,68.187248,31872.0,19.0,1.0,0.0,0.0,0.0,0.263979,0.0,0.0,458521.34375,0.263979,492.0,0.0,1226.615356,0.0,0.0,0.263979,0.263979,0.0,0.0,0.0,45.458164,0.0,4.0
0.0,0.000771,0.0,117.199997,0.216202,0.137236,-0.0,17354.140625,40406.65625,1834.0,1.0,1248.0,8.0,0.0,0.138007,103040.0,1721542144.0,64.0,0.0,0.0,0.0,0.0,0.0,62.0,0.0,18.501217,1.0,5.0,0.0,0.0,55.503647,31872.0,13.0,1.0,0.0,0.0,0.0,0.216202,0.0,0.0,57760.796875,0.216202,586.0,0.0,156.0,0.0,0.0,0.216202,0.216202,0.0,0.0,0.0,32.377129,0.0,4.0
0.0,0.000771,0.0,117.199997,0.696099,0.137236,-0.0,12124.712891,41361.933594,4970.0,1.0,3798.0,19.0,0.0,0.138007,103040.0,1721542144.0,64.0,0.0,0.0,0.0,0.0,0.0,62.0,0.0,12.929195,1.0,10.0,0.0,0.0,40.224163,31872.0,29.0,1.0,0.0,0.0,0.0,0.696099,0.0,0.0,53486.644531,0.696099,1172.0,0.0,199.89473,0.0,0.0,0.696099,0.696099,0.0,0.0,0.0,25.858391,0.0,4.0
0.0,0.000771,0.0,123.599998,0.557363,0.137236,-0.0,15975.226562,24056.136719,3040.0,1.0,1804.0,14.0,0.0,0.138007,103040.0,1721542144.0,64.0,0.0,0.0,0.0,0.0,0.0,62.0,0.0,16.147467,1.0,10.0,0.0,0.0,41.265747,31872.0,24.0,1.0,0.0,0.0,0.0,0.557363,0.0,0.0,40031.363281,0.557363,1236.0,0.0,128.857147,0.0,0.0,0.557363,0.557363,0.0,0.0,0.0,23.324118,0.0,4.0
0.0,0.000771,0.0,104.85714,0.465215,0.137236,-0.0,10833.700195,15304.751953,1772.0,1.0,1038.0,7.0,0.0,0.138007,103040.0,1721542144.0,64.0,0.0,0.0,0.0,0.0,0.0,62.0,0.0,12.897263,1.0,7.0,0.0,0.0,27.944069,31872.0,14.0,1.0,0.0,0.0,0.0,0.465215,0.0,0.0,26138.453125,0.465215,734.0,0.0,148.285721,0.0,0.0,0.465215,0.465215,0.0,0.0,0.0,12.897263,0.0,4.0
0.0,0.000771,0.0,98.0,0.604206,0.137236,-0.0,9082.994141,15570.847656,2128.0,1.0,1344.0,8.0,0.0,0.138007,103040.0,1721542144.0,64.0,0.0,0.0,0.0,0.0,0.0,62.0,0.0,11.585452,1.0,8.0,0.0,0.0,24.82597,31872.0,16.0,1.0,0.0,0.0,0.0,0.604206,0.0,0.0,24653.841797,0.604206,784.0,0.0,168.0,0.0,0.0,0.604206,0.604206,0.0,0.0,0.0,11.585452,0.0,4.0
0.0,0.000771,0.0,110.0,0.956649,0.137236,-0.0,2759.632812,6388.968262,1394.0,1.0,954.0,5.0,0.0,0.138007,103040.0,1721542144.0,64.0,0.0,0.0,0.0,0.0,0.0,62.0,0.0,3.135947,1.0,4.0,0.0,0.0,8.362524,31872.0,9.0,1.0,0.0,0.0,0.0,0.956649,0.0,0.0,9148.600586,0.956649,440.0,0.0,190.800003,0.0,0.0,0.956649,0.956649,0.0,0.0,0.0,4.181262,0.0,4.0
0.0,0.000771,0.0,104.85714,0.307757,0.137236,-0.0,16376.557617,69197.453125,3728.0,1.0,2994.0,9.0,0.0,0.138007,103040.0,1721542144.0,64.0,0.0,0.0,0.0,0.0,0.0,62.0,0.0,19.495901,1.0,7.0,0.0,0.0,48.739754,31872.0,16.0,1.0,0.0,0.0,0.0,0.307757,0.0,0.0,85574.007812,0.307757,734.0,0.0,332.666656,0.0,0.0,0.307757,0.307757,0.0,0.0,0.0,25.994535,0.0,4.0
0.0,0.000771,0.0,98.0,0.093273,0.137236,-0.0,16810.867188,86370.117188,1552.0,1.0,1258.0,5.0,0.0,0.138007,103040.0,1721542144.0,64.0,0.0,0.0,0.0,0.0,0.0,62.0,0.0,21.442432,1.0,3.0,0.0,0.0,75.048515,31872.0,8.0,1.0,0.0,0.0,0.0,0.093273,0.0,0.0,103180.984375,0.093273,294.0,0.0,251.600006,0.0,0.0,0.093273,0.093273,0.0,0.0,0.0,42.884865,0.0,4.0
0.0,0.000771,0.0,117.199997,0.249505,0.137236,-0.0,15037.774414,25458.408203,1512.0,1.0,926.0,7.0,0.0,0.138007,103040.0,1721542144.0,64.0,0.0,0.0,0.0,0.0,0.0,62.0,0.0,16.031742,1.0,5.0,0.0,0.0,44.087292,31872.0,12.0,1.0,0.0,0.0,0.0,0.249505,0.0,0.0,40496.183594,0.249505,586.0,0.0,132.285721,0.0,0.0,0.249505,0.249505,0.0,0.0,0.0,24.047615,0.0,4.0
0.0,0.000771,0.0,94.444443,0.51104,0.137236,-0.0,11834.69043,333015.03125,23242.0,1.0,22392.0,20.0,0.0,0.138007,103040.0,1721542144.0,64.0,0.0,0.0,0.0,0.0,0.0,62.0,0.0,15.654353,1.0,9.0,0.0,0.0,54.790234,31872.0,29.0,1.0,0.0,0.0,0.0,0.51104,0.0,0.0,344849.75,0.51104,850.0,0.0,1119.599976,0.0,0.0,0.51104,0.51104,0.0,0.0,0.0,37.179089,0.0,4.0
0.0,0.000771,0.0,102.571426,0.988099,0.137236,-0.0,4987.354492,7027.63623,1710.0,1.0,992.0,8.0,0.0,0.138007,103040.0,1721542144.0,64.0,0.0,0.0,0.0,1.0,0.0,62.0,0.0,6.072266,1.0,7.0,0.0,0.0,14.168621,31872.0,15.0,0.0,0.0,0.0,0.0,0.988099,0.0,0.0,12014.990234,0.988099,718.0,0.0,124.0,0.0,0.0,0.988099,0.988099,0.0,0.0,0.0,7.084311,0.0,4.0
0.0,0.000496,0.0,219.600006,0.665593,0.061205,-0.0,23762.267578,29411.365234,4846.0,0.0,2650.0,13.0,0.0,0.061701,64128.0,1721542144.0,64.0,0.0,0.0,0.0,0.0,0.0,62.0,0.0,13.521776,0.0,10.0,0.0,0.0,33.05323,31872.0,23.0,0.0,0.0,0.0,0.0,0.665593,0.0,0.0,53173.632812,0.665593,2196.0,0.0,203.846161,0.0,0.0,0.665593,0.665593,0.0,0.0,1.0,18.029036,0.0,5.0
0.0,0.000496,0.0,106.0,0.90328,0.061205,-0.0,6571.605469,23762.287109,3754.0,0.0,2906.0,13.0,0.0,0.061701,64128.0,1721542144.0,64.0,0.0,0.0,0.0,0.0,0.0,62.0,0.0,7.749535,1.0,8.0,0.0,0.0,22.141529,31872.0,21.0,1.0,0.0,0.0,0.0,0.90328,0.0,0.0,30333.894531,0.90328,848.0,0.0,223.538467,0.0,0.0,0.90328,0.90328,0.0,0.0,0.0,13.284917,0.0,5.0
0.0,0.000496,0.0,117.199997,0.951442,0.061205,-0.0,3943.487793,7828.117676,1672.0,0.0,1086.0,7.0,0.0,0.061701,64128.0,1721542144.0,64.0,0.0,0.0,0.0,0.0,0.0,62.0,0.0,4.204145,1.0,5.0,0.0,0.0,11.561399,31872.0,12.0,1.0,0.0,0.0,0.0,0.951442,0.0,0.0,11771.605469,0.951442,586.0,0.0,155.142853,0.0,0.0,0.951442,0.951442,0.0,0.0,0.0,6.306217,0.0,5.0
0.0,0.000496,0.0,98.0,0.093929,0.061205,-0.0,16693.458984,5621.26709,426.0,0.0,132.0,2.0,0.0,0.061701,64128.0,1721542144.0,64.0,0.0,0.0,0.0,0.0,0.0,62.0,0.0,21.292679,1.0,3.0,0.0,0.0,42.585358,31872.0,5.0,0.0,0.0,0.0,0.0,0.093929,0.0,0.0,22314.726562,0.093929,294.0,0.0,66.0,0.0,0.0,0.093929,0.093929,0.0,0.0,0.0,10.646339,0.0,5.0
0.0,0.000496,0.0,117.199997,0.216941,0.061205,-0.0,17295.025391,29279.849609,1512.0,0.0,926.0,7.0,0.0,0.061701,64128.0,1721542144.0,64.0,0.0,0.0,0.0,0.0,0.0,62.0,0.0,18.438192,1.0,5.0,0.0,0.0,50.705032,31872.0,12.0,1.0,0.0,0.0,0.0,0.216941,0.0,0.0,46574.875,0.216941,586.0,0.0,132.285721,0.0,0.0,0.216941,0.216941,0.0,0.0,0.0,27.65729,0.0,5.0
0.0,0.000496,0.0,84.285713,0.494547,0.061205,-0.0,17729.355469,314696.0625,21714.0,0.0,20534.0,19.0,0.0,0.061701,64128.0,1721542144.0,64.0,0.0,0.0,0.0,0.0,0.0,62.0,0.0,26.286682,1.0,14.0,0.0,0.0,64.705681,31872.0,33.0,1.0,0.0,0.0,0.0,0.494547,0.0,0.0,332425.4375,0.494547,1180.0,0.0,1080.736816,0.0,0.0,0.494547,0.494547,0.0,0.0,0.0,36.396946,0.0,5.0
0.0,0.000496,0.0,94.0,0.98778,0.061205,-0.0,8374.334961,174500.40625,23700.0,0.0,22572.0,22.0,0.0,0.061701,99072.0,1721542144.0,64.0,0.0,0.0,0.0,0.0,0.0,62.0,0.0,11.136084,1.0,12.0,0.0,0.0,33.408249,31872.0,34.0,1.0,0.0,0.0,0.0,0.98778,0.0,0.0,182874.734375,0.98778,1128.0,0.0,1026.0,0.0,0.0,0.98778,0.98778,0.0,0.0,0.0,21.259796,0.0,5.0
0.0,0.000496,0.0,106.0,0.155412,0.061205,-0.0,16369.391602,29444.314453,1138.0,0.0,714.0,5.0,0.0,0.061701,101888.0,1721542144.0,64.0,0.0,0.0,0.0,0.0,0.0,62.0,0.0,19.303528,1.0,4.0,0.0,0.0,51.476074,31872.0,9.0,1.0,0.0,0.0,0.0,0.155412,0.0,0.0,45813.707031,0.155412,424.0,0.0,142.800003,0.0,0.0,0.155412,0.155412,0.0,0.0,0.0,25.738037,0.0,5.0
0.0,0.000496,0.0,117.199997,0.215229,0.061205,-0.0,17432.59375,35645.753906,1704.0,0.0,1118.0,7.0,0.0,0.061701,102400.0,1721542144.0,64.0,0.0,0.0,0.0,0.0,0.0,62.0,0.0,18.584856,1.0,5.0,0.0,0.0,51.108353,31872.0,12.0,1.0,0.0,0.0,0.0,0.215229,0.0,0.0,53078.347656,0.215229,586.0,0.0,159.714279,0.0,0.0,0.215229,0.215229,0.0,0.0,0.0,27.877283,0.0,5.0
0.0,0.000496,0.0,117.199997,0.663476,0.061205,-0.0,12720.882812,37800.914062,4530.0,0.0,3358.0,15.0,0.0,0.061701,102400.0,1721542144.0,64.0,0.0,0.0,0.0,0.0,0.0,62.0,0.0,13.564922,1.0,10.0,0.0,0.0,36.173126,31872.0,25.0,1.0,0.0,0.0,0.0,0.663476,0.0,0.0,50521.796875,0.663476,1172.0,0.0,223.866669,0.0,0.0,0.663476,0.663476,0.0,0.0,0.0,21.10099,0.0,5.0
0.0,0.000496,0.0,121.111115,0.995173,0.061205,-0.0,7789.600586,24180.720703,4348.0,0.0,3258.0,13.0,0.0,0.061701,102400.0,1721542144.0,64.0,0.0,0.0,0.0,0.0,0.0,62.0,0.0,8.038803,1.0,9.0,0.0,0.0,21.10186,31872.0,22.0,1.0,0.0,0.0,0.0,0.995173,0.0,0.0,31970.322266,0.995173,1090.0,0.0,250.615387,0.0,0.0,0.995173,0.995173,0.0,0.0,0.0,12.058206,0.0,5.0
0.0,0.000496,0.0,146.0,0.94831,0.061205,-0.0,2463.329346,7288.755859,1474.0,0.0,1036.0,6.0,0.0,0.061701,102400.0,1721542144.0,64.0,0.0,0.0,0.0,0.0,0.0,62.0,0.0,2.109015,1.0,3.0,0.0,0.0,8.43606,31872.0,9.0,1.0,0.0,0.0,0.0,0.94831,0.0,0.0,9752.084961,0.94831,438.0,0.0,172.666672,0.0,0.0,0.94831,0.94831,0.0,0.0,0.0,5.272537,0.0,5.0
0.0,0.000496,0.0,98.0,0.079389,0.061205,-0.0,19750.847656,6650.79541,426.0,0.0,132.0,2.0,0.0,0.061701,102400.0,1721542144.0,64.0,0.0,0.0,0.0,0.0,0.0,62.0,0.0,25.192408,1.0,3.0,0.0,0.0,50.384815,31872.0,5.0,0.0,0.0,0.0,0.0,0.079389,0.0,0.0,26401.642578,0.079389,294.0,0.0,66.0,0.0,0.0,0.079389,0.079389,0.0,0.0,0.0,12.596204,0.0,5.0
0.0,0.000496,0.0,136.857147,0.984295,0.061205,-0.0,6680.923828,14369.675781,2886.0,0.0,1928.0,12.0,0.0,0.061701,102400.0,1721542144.0,64.0,0.0,0.0,0.0,0.0,0.0,62.0,0.0,6.095734,1.0,7.0,0.0,0.0,18.287201,31872.0,19.0,1.0,0.0,0.0,0.0,0.984295,0.0,0.0,21050.599609,0.984295,958.0,0.0,160.666672,0.0,0.0,0.984295,0.984295,0.0,0.0,0.0,11.175511,0.0,5.0
0.0,0.000496,0.0,114.0,0.463585,0.061205,-0.0,13770.9375,14512.980469,1858.0,0.0,946.0,9.0,0.0,0.061701,102400.0,1721542144.0,64.0,0.0,0.0,0.0,0.0,0.0,62.0,0.0,15.099712,1.0,8.0,0.0,0.0,34.51363,31872.0,17.0,1.0,0.0,0.0,0.0,0.463585,0.0,0.0,28283.917969,0.463585,912.0,0.0,105.111115,0.0,0.0,0.463585,0.463585,0.0,0.0,0.0,17.256815,0.0,5.0
0.0,0.000496,0.0,120.400002,0.232688,0.061205,-0.0,16571.546875,23997.800781,1416.0,0.0,814.0,7.0,0.0,0.061701,102400.0,1721542144.0,64.0,0.0,0.0,0.0,0.0,0.0,62.0,0.0,17.190401,1.0,5.0,0.0,0.0,47.273605,31872.0,12.0,1.0,0.0,0.0,0.0,0.232688,0.0,0.0,40569.347656,0.232688,602.0,0.0,116.285713,0.0,0.0,0.232688,0.232688,0.0,0.0,0.0,25.785603,0.0,5.0
0.0,0.000496,0.0,117.199997,0.216334,0.061205,-0.0,17343.552734,25811.939453,1400.0,0.0,814.0,7.0,0.0,0.061701,102400.0,1721542144.0,64.0,0.0,0.0,0.0,0.0,0.0,62.0,0.0,18.489927,1.0,5.0,0.0,0.0,50.847301,31872.0,12.0,1.0,0.0,0.0,0.0,0.216334,0.0,0.0,43155.492188,0.216334,586.0,0.0,116.285713,0.0,0.0,0.216334,0.216334,0.0,0.0,0.0,27.734892,0.0,5.0
0.0,0.000496,0.0,118.800003,0.665584,0.061205,-0.0,12860.885742,19243.25,2912.0,0.0,1724.0,14.0,0.0,0.061701,102400.0,1721542144.0,64.0,0.0,0.0,0.0,0.0,0.0,62.0,0.0,13.521959,1.0,10.0,0.0,0.0,34.556118,31872.0,24.0,1.0,0.0,0.0,0.0,0.665584,0.0,0.0,32104.136719,0.665584,1188.0,0.0,123.14286,0.0,0.0,0.665584,0.665584,0.0,0.0,0.0,19.531719,0.0,5.0
0.0,0.000496,0.0,106.0,0.740124,0.061205,-0.0,3437.261963,5123.46582,1056.0,0.0,632.0,4.0,0.0,0.061701,102272.0,1721542144.0,64.0,0.0,0.0,0.0,0.0,0.0,62.0,0.0,4.053375,1.0,4.0,0.0,0.0,9.457875,31872.0,8.0,1.0,0.0,0.0,0.0,0.740124,0.0,0.0,8560.727539,0.740124,424.0,0.0,158.0,0.0,0.0,0.740124,0.740124,0.0,0.0,0.0,4.053375,0.0,5.0
0.0,0.000496,0.0,66.0,0.924318,0.061205,-0.0,571.231995,1817.556274,552.0,0.0,420.0,2.0,0.0,0.061701,102400.0,1721542144.0,64.0,0.0,0.0,0.0,0.0,0.0,62.0,0.0,1.081879,1.0,2.0,0.0,1.0,3.245636,31872.0,4.0,0.0,0.0,0.0,0.0,0.924318,0.0,0.0,2388.78833,0.924318,132.0,0.0,210.0,0.0,0.0,0.924318,0.924318,0.0,0.0,0.0,1.081879,0.0,5.0
0.0,0.000496,0.0,90.0,0.093126,0.061205,-0.0,23194.382812,47935.054688,1104.0,0.0,744.0,4.0,0.0,0.061701,102400.0,1721542144.0,64.0,0.0,0.0,0.0,0.0,0.0,62.0,0.0,32.21442,1.0,4.0,0.0,0.0,75.166977,31872.0,8.0,1.0,0.0,0.0,0.0,0.093126,0.0,0.0,71129.4375,0.093126,360.0,0.0,186.0,0.0,0.0,0.093126,0.093126,0.0,0.0,0.0,32.21442,0.0,5.0
0.0,0.000496,0.0,117.199997,0.218319,0.061205,-0.0,17185.861328,31806.667969,1578.0,0.0,992.0,8.0,0.0,0.061701,102400.0,1721542144.0,64.0,0.0,0.0,0.0,0.0,0.0,62.0,0.0,18.321814,1.0,5.0,0.0,0.0,54.965443,31872.0,13.0,1.0,0.0,0.0,0.0,0.218319,0.0,0.0,48992.53125,0.218319,586.0,0.0,124.0,0.0,0.0,0.218319,0.218319,0.0,0.0,0.0,32.063175,0.0,5.0
0.0,0.000496,0.0,117.199997,0.94068,0.061205,-0.0,8972.232422,32784.792969,5284.0,0.0,4112.0,16.0,0.0,0.061701,102400.0,1721542144.0,64.0,0.0,0.0,0.0,0.0,0.0,62.0,0.0,9.567547,1.0,10.0,0.0,0.0,26.576519,31872.0,26.0,1.0,0.0,0.0,0.0,0.94068,0.0,0.0,41757.027344,0.94068,1172.0,0.0,257.0,0.0,0.0,0.94068,0.94068,0.0,0.0,0.0,15.945911,0.0,5.0
0.0,0.000496,0.0,117.199997,0.216402,0.061205,-0.0,17338.103516,33936.839844,1656.0,0.0,1070.0,7.0,0.0,0.061701,102400.0,1721542144.0,64.0,0.0,0.0,0.0,0.0,0.0,62.0,0.0,18.484118,1.0,5.0,0.0,0.0,50.831326,31872.0,12.0,1.0,0.0,0.0,0.0,0.216402,0.0,0.0,51274.945312,0.216402,586.0,0.0,152.857147,0.0,0.0,0.216402,0.216402,0.0,0.0,0.0,27.726177,0.0,5.0
0.0,0.000496,0.0,102.571426,0.708742,0.061205,-0.0,6953.164551,10045.96875,1756.0,0.0,1038.0,7.0,0.0,0.061701,102400.0,1721542144.0,64.0,0.0,0.0,0.0,0.0,0.0,62.0,0.0,8.465704,1.0,7.0,0.0,0.0,18.342358,31872.0,14.0,1.0,0.0,0.0,0.0,0.708742,0.0,0.0,16999.132812,0.708742,718.0,0.0,148.285721,0.0,0.0,0.708742,0.708742,0.0,0.0,0.0,8.465704,0.0,5.0
0.0,0.000496,0.0,110.0,0.95931,0.061205,-0.0,2751.978027,8564.489258,1638.0,0.0,1198.0,7.0,0.0,0.061701,102400.0,1721542144.0,64.0,0.0,0.0,0.0,0.0,0.0,62.0,0.0,3.127248,1.0,4.0,0.0,0.0,10.424159,31872.0,11.0,1.0,0.0,0.0,0.0,0.95931,0.0,0.0,11316.466797,0.95931,440.0,0.0,171.142853,0.0,0.0,0.95931,0.95931,0.0,0.0,0.0,6.254496,0.0,5.0
0.0,0.000496,0.0,98.0,0.092647,0.061205,-0.0,16924.455078,113462.929688,2046.0,0.0,1752.0,4.0,0.0,0.061701,102400.0,1721542144.0,64.0,0.0,0.0,0.0,0.0,0.0,62.0,0.0,21.587315,1.0,3.0,0.0,0.0,64.761948,31872.0,7.0,1.0,0.0,0.0,0.0,0.092647,0.0,0.0,130387.382812,0.092647,294.0,0.0,438.0,0.0,0.0,0.092647,0.092647,0.0,0.0,0.0,32.380974,0.0,5.0
0.0,0.000496,0.0,114.0,0.200135,0.061205,-0.0,18227.697266,34136.957031,1546.0,0.0,976.0,8.0,0.0,0.061701,102400.0,1721542144.0,64.0,0.0,0.0,0.0,0.0,0.0,62.0,0.0,19.986509,1.0,5.0,0.0,0.0,59.95953,31872.0,13.0,1.0,0.0,0.0,0.0,0.200135,0.0,0.0,52364.65625,0.200135,570.0,0.0,122.0,0.0,0.0,0.200135,0.200135,0.0,0.0,0.0,34.976391,0.0,5.0
0.0,0.000496,0.0,117.199997,0.202301,0.061205,-0.0,18546.621094,32664.199219,1530.0,0.0,944.0,8.0,0.0,0.061701,102400.0,1721542144.0,64.0,0.0,0.0,0.0,0.0,0.0,62.0,0.0,19.772518,1.0,5.0,0.0,0.0,59.317554,31872.0,13.0,1.0,0.0,0.0,0.0,0.202301,0.0,0.0,51210.820312,0.202301,586.0,0.0,118.0,0.0,0.0,0.202301,0.202301,0.0,0.0,0.0,34.601906,0.0,5.0
0.0,0.000496,0.0,115.599998,0.722896,0.061205,-0.0,11520.330078,21834.400391,3280.0,0.0,2124.0,14.0,0.0,0.061701,102400.0,1721542144.0,64.0,0.0,0.0,0.0,0.0,0.0,62.0,0.0,12.449924,1.0,10.0,0.0,0.0,31.816473,31872.0,24.0,1.0,0.0,0.0,0.0,0.722896,0.0,0.0,33354.730469,0.722896,1156.0,0.0,151.714279,0.0,0.0,0.722896,0.722896,0.0,0.0,0.0,17.983223,0.0,5.0
0.0,0.000496,0.0,125.428574,0.986865,0.061205,-0.0,6104.178711,106089.484375,14692.0,0.0,13814.0,19.0,0.0,0.061701,102400.0,1721542144.0,64.0,0.0,0.0,0.0,0.0,0.0,62.0,0.0,6.079859,1.0,7.0,0.0,0.0,25.332747,31872.0,26.0,1.0,0.0,0.0,0.0,0.986865,0.0,0.0,112193.664062,0.986865,878.0,0.0,727.052612,0.0,0.0,0.986865,0.986865,0.0,0.0,0.0,18.239576,0.0,5.0
0.0,0.000496,0.0,98.0,0.527208,0.061205,-0.0,14870.791992,42457.628906,4186.0,0.0,3108.0,10.0,0.0,0.061701,102400.0,1721542144.0,64.0,0.0,0.0,0.0,0.0,0.0,62.0,0.0,18.967846,1.0,11.0,0.0,0.0,37.935692,31872.0,21.0,1.0,0.0,0.0,0.0,0.527208,0.0,0.0,57328.421875,0.527208,1078.0,0.0,310.799988,0.0,0.0,0.527208,0.527208,0.0,0.0,0.0,17.071062,0.0,5.0
0.0,0.000496,0.0,114.0,0.216818,0.061205,-0.0,16825.171875,28779.898438,1480.0,0.0,910.0,7.0,0.0,0.061701,102400.0,1721542144.0,64.0,0.0,0.0,0.0,0.0,0.0,62.0,0.0,18.448652,1.0,5.0,0.0,0.0,50.733795,31872.0,12.0,1.0,0.0,0.0,0.0,0.216818,0.0,0.0,45605.070312,0.216818,570.0,0.0,130.0,0.0,0.0,0.216818,0.216818,0.0,0.0,0.0,27.672979,0.0,5.0
0.0,0.000496,0.0,114.0,0.215639,0.061205,-0.0,16917.162109,33537.535156,1624.0,0.0,1054.0,7.0,0.0,0.061701,102400.0,1721542144.0,64.0,0.0,0.0,0.0,0.0,0.0,62.0,0.0,18.54952,1.0,5.0,0.0,0.0,51.011181,31872.0,12.0,1.0,0.0,0.0,0.0,0.215639,0.0,0.0,50454.695312,0.215639,570.0,0.0,150.571426,0.0,0.0,0.215639,0.215639,0.0,0.0,0.0,27.824282,0.0,5.0
0.0,0.000496,0.0,117.199997,0.248753,0.061205,-0.0,15083.235352,20068.099609,1334.0,0.0,748.0,6.0,0.0,0.061701,102400.0,1721542144.0,64.0,0.0,0.0,0.0,0.0,0.0,62.0,0.0,16.080208,1.0,5.0,0.0,0.0,40.20052,31872.0,11.0,1.0,0.0,0.0,0.0,0.248753,0.0,0.0,35151.335938,0.248753,586.0,0.0,124.666664,0.0,0.0,0.248753,0.248753,0.0,0.0,0.0,20.10026,0.0,5.0
0.0,0.000496,0.0,122.888885,0.433045,0.061205,-0.0,18178.25,26417.578125,2666.0,0.0,1560.0,12.0,0.0,0.061701,102400.0,1721542144.0,64.0,0.0,0.0,0.0,0.0,0.0,62.0,0.0,18.473831,1.0,9.0,0.0,0.0,46.184578,31872.0,21.0,1.0,0.0,0.0,0.0,0.433045,0.0,0.0,44595.828125,0.433045,1106.0,0.0,130.0,0.0,0.0,0.433045,0.433045,0.0,0.0,0.0,25.401518,0.0,5.0
0.0,0.000496,0.0,117.199997,0.224907,0.061205,-0.0,16682.451172,26784.404297,1464.0,0.0,878.0,7.0,0.0,0.061701,102400.0,1721542144.0,64.0,0.0,0.0,0.0,0.0,0.0,62.0,0.0,17.78513,1.0,5.0,0.0,0.0,48.909107,31872.0,12.0,1.0,0.0,0.0,0.0,0.224907,0.0,0.0,43466.855469,0.224907,586.0,0.0,125.428574,0.0,0.0,0.224907,0.224907,0.0,0.0,0.0,26.677694,0.0,5.0
0.0,0.000496,0.0,91.599998,0.646896,0.061205,-0.0,10202.567383,110991.5625,10638.0,0.0,9722.0,13.0,0.0,0.061701,102400.0,1721542144.0,64.0,0.0,0.0,0.0,0.0,0.0,62.0,0.0,13.912592,1.0,10.0,0.0,0.0,34.008556,31872.0,23.0,1.0,0.0,0.0,0.0,0.646896,0.0,0.0,121194.132812,0.646896,916.0,0.0,747.84613,0.0,0.0,0.646896,0.646896,0.0,0.0,0.0,18.550123,0.0,5.0
0.0,0.000496,0.0,128.0,0.906965,0.061205,-0.0,7903.281738,15206.760742,2904.0,0.0,1880.0,12.0,0.0,0.061701,102400.0,1721542144.0,64.0,0.0,0.0,0.0,0.0,0.0,62.0,0.0,7.718049,1.0,8.0,0.0,0.0,20.948988,31872.0,20.0,1.0,0.0,0.0,0.0,0.906965,0.0,0.0,23110.042969,0.906965,1024.0,0.0,156.666672,0.0,0.0,0.906965,0.906965,0.0,0.0,0.0,12.128362,0.0,5.0
0.0,0.000496,0.0,133.199997,0.216394,0.061205,-0.0,19704.796875,23069.03125,1414.0,0.0,748.0,6.0,0.0,0.061701,102400.0,1721542144.0,64.0,0.0,0.0,0.0,0.0,0.0,62.0,0.0,18.4848,1.0,5.0,0.0,0.0,46.212002,31872.0,11.0,1.0,0.0,0.0,0.0,0.216394,0.0,0.0,42773.828125,0.216394,666.0,0.0,124.666664,0.0,0.0,0.216394,0.216394,0.0,0.0,0.0,23.106001,0.0,5.0
0.0,0.000496,0.0,128.0,0.587184,0.061205,-0.0,12207.416992,18706.230469,2534.0,0.0,1510.0,11.0,0.0,0.061701,102400.0,1721542144.0,64.0,0.0,0.0,0.0,0.0,0.0,62.0,0.0,11.921306,1.0,8.0,0.0,0.0,30.654785,31872.0,19.0,1.0,0.0,0.0,0.0,0.587184,0.0,0.0,30913.648438,0.587184,1024.0,0.0,137.27272,0.0,0.0,0.587184,0.587184,0.0,0.0,0.0,17.030436,0.0,5.0
0.0,0.000496,0.0,98.0,0.466215,0.061205,-0.0,3363.255127,7515.845703,878.0,0.0,584.0,4.0,0.0,0.061701,102400.0,1721542144.0,64.0,0.0,0.0,0.0,0.0,0.0,62.0,0.0,4.289866,1.0,3.0,0.0,0.0,12.869598,31872.0,7.0,1.0,0.0,0.0,0.0,0.466215,0.0,0.0,10879.100586,0.466215,294.0,0.0,146.0,0.0,0.0,0.466215,0.466215,0.0,0.0,0.0,6.434799,0.0,5.0
0.0,0.000496,0.0,124.666664,0.123053,0.061205,-0.0,16253.15918,28475.535156,958.0,0.0,584.0,4.0,0.0,0.061701,102400.0,1721542144.0,64.0,0.0,0.0,0.0,0.0,0.0,62.0,0.0,16.253159,1.0,3.0,0.0,0.0,48.75948,31872.0,7.0,1.0,0.0,0.0,0.0,0.123053,0.0,0.0,44728.695312,0.123053,374.0,0.0,146.0,0.0,0.0,0.123053,0.123053,0.0,0.0,0.0,24.37974,0.0,5.0
0.0,0.000496,0.0,108.0,0.94241,0.061205,-0.0,6417.588867,16884.371094,3018.0,0.0,2154.0,13.0,0.0,0.061701,102400.0,1721542144.0,64.0,0.0,0.0,0.0,0.0,0.0,62.0,0.0,7.427765,1.0,8.0,0.0,0.0,21.222185,31872.0,21.0,1.0,0.0,0.0,0.0,0.94241,0.0,0.0,23301.960938,0.94241,864.0,0.0,165.692307,0.0,0.0,0.94241,0.94241,0.0,0.0,0.0,12.733312,0.0,5.0
0.0,0.000496,0.0,114.0,0.27003,0.061205,-0.0,13509.610352,32055.699219,1832.0,0.0,1262.0,7.0,0.0,0.061701,102400.0,1721542144.0,64.0,0.0,0.0,0.0,0.0,0.0,62.0,0.0,14.813169,1.0,5.0,0.0,0.0,40.736217,31872.0,12.0,1.0,0.0,0.0,0.0,0.27003,0.0,0.0,45565.308594,0.27003,570.0,0.0,180.285721,0.0,0.0,0.27003,0.27003,0.0,0.0,0.0,22.219753,0.0,5.0
0.0,0.000496,0.0,114.0,0.489808,0.061205,-0.0,5585.862305,8917.780273,1138.0,0.0,682.0,5.0,0.0,0.061701,102400.0,1721542144.0,64.0,0.0,0.0,0.0,0.0,0.0,62.0,0.0,6.124849,1.0,4.0,0.0,0.0,16.332932,31872.0,9.0,1.0,0.0,0.0,0.0,0.489808,0.0,0.0,14503.642578,0.489808,456.0,0.0,136.399994,0.0,0.0,0.489808,0.489808,0.0,0.0,0.0,8.166466,0.0,5.0
0.0,0.000496,0.0,114.0,0.000994,0.061205,-0.0,0.0,0.0,180.0,0.0,66.0,1.0,0.0,0.061701,102400.0,1721542144.0,64.0,0.0,0.0,0.0,0.0,0.0,62.0,0.0,0.0,1.0,1.0,0.0,0.0,1006.036194,31872.0,2.0,0.0,0.0,0.0,0.0,0.000994,0.0,0.0,0.0,0.000994,114.0,0.0,66.0,0.0,0.0,0.000994,0.000994,0.0,0.0,0.0,0.0,0.0,5.0
0.0,0.000496,0.0,119.333336,0.33909,0.061205,-0.0,5638.621094,10050.429688,926.0,0.0,568.0,4.0,0.0,0.061701,102400.0,1721542144.0,64.0,0.0,0.0,0.0,0.0,0.0,62.0,0.0,5.898139,1.0,3.0,0.0,0.0,17.694418,31872.0,7.0,1.0,0.0,0.0,0.0,0.33909,0.0,0.0,15689.050781,0.33909,358.0,0.0,142.0,0.0,0.0,0.33909,0.33909,0.0,0.0,0.0,8.847209,0.0,5.0
0.0,0.000496,1.0,78.0,0.408473,0.061205,-0.0,0.0,10321.367188,868.0,1.0,790.0,3.0,0.0,0.061701,102400.0,1721542144.0,64.0,0.0,0.0,0.0,0.0,0.0,62.0,0.0,0.0,1.0,1.0,1.0,1.0,7.344427,31872.0,4.0,0.0,0.0,20.0,0.0,0.408473,0.0,0.0,10321.367188,0.408473,78.0,0.0,263.333344,0.0,0.0,0.408473,0.408473,1.0,0.0,0.0,4.896284,0.0,5.0
0.0,0.000496,0.0,66.0,0.864453,0.061205,-0.0,0.0,0.0,276.0,1.0,210.0,1.0,0.0,0.061701,102400.0,1721542144.0,64.0,0.0,0.0,0.0,0.0,0.0,62.0,0.0,0.0,1.0,1.0,0.0,1.0,1.156801,31872.0,2.0,0.0,0.0,0.0,0.0,0.864453,0.0,0.0,0.0,0.864453,66.0,0.0,210.0,0.0,0.0,0.864453,0.864453,0.0,0.0,0.0,0.0,0.0,5.0
0.0,0.000496,0.0,66.0,0.974268,0.061205,-0.0,541.945312,0.0,342.0,1.0,210.0,1.0,0.0,0.061701,102400.0,1721542144.0,64.0,0.0,0.0,0.0,0.0,0.0,62.0,0.0,1.026412,1.0,2.0,0.0,1.0,2.052823,31872.0,3.0,0.0,0.0,0.0,0.0,0.974268,0.0,0.0,541.945312,0.974268,132.0,0.0,210.0,0.0,0.0,0.974268,0.974268,0.0,0.0,0.0,0.0,0.0,5.0
0.0,0.000496,0.0,66.0,0.0,0.061205,-0.0,0.0,0.0,276.0,1.0,210.0,1.0,0.0,0.061701,102400.0,1721542144.0,64.0,0.0,0.0,0.0,0.0,0.0,62.0,0.0,0.0,1.0,1.0,0.0,1.0,0.0,31872.0,2.0,0.0,0.0,0.0,0.0,0.0,0.0,0.0,0.0,0.0,66.0,0.0,210.0,0.0,0.0,0.0,0.0,0.0,0.0,0.0,0.0,0.0,5.0
0.0,0.000496,0.0,66.0,0.0,0.061205,-0.0,0.0,0.0,276.0,1.0,210.0,1.0,0.0,0.061701,102400.0,1721542144.0,64.0,0.0,0.0,0.0,0.0,0.0,62.0,0.0,0.0,1.0,1.0,0.0,1.0,0.0,31872.0,2.0,0.0,0.0,0.0,0.0,0.0,0.0,0.0,0.0,0.0,66.0,0.0,210.0,0.0,0.0,0.0,0.0,0.0,0.0,0.0,0.0,0.0,5.0
0.0,0.000496,0.0,66.0,0.834619,0.061205,-0.0,0.0,2012.894531,486.0,1.0,420.0,2.0,0.0,0.061701,102400.0,1721542144.0,64.0,0.0,0.0,0.0,0.0,0.0,62.0,0.0,0.0,1.0,1.0,0.0,1.0,2.396303,31872.0,3.0,0.0,0.0,0.0,0.0,0.834619,0.0,0.0,2012.894531,0.834619,66.0,0.0,210.0,0.0,0.0,0.834619,0.834619,0.0,0.0,0.0,1.198151,0.0,5.0
0.0,0.000496,0.0,66.0,0.986261,0.061205,-0.0,535.355225,0.0,342.0,1.0,210.0,1.0,0.0,0.061701,102400.0,1721542144.0,64.0,0.0,0.0,0.0,0.0,0.0,62.0,0.0,1.01393,1.0,2.0,0.0,1.0,2.027861,31872.0,3.0,0.0,0.0,0.0,0.0,0.986261,0.0,0.0,535.355225,0.986261,132.0,0.0,210.0,0.0,0.0,0.986261,0.986261,0.0,0.0,0.0,0.0,0.0,5.0
0.0,0.000496,0.0,102.571426,0.554977,0.061205,-0.0,8879.647461,29550.773438,3024.0,1.0,2306.0,9.0,0.0,0.061701,102400.0,1721542144.0,64.0,0.0,0.0,0.0,0.0,0.0,62.0,0.0,10.811259,1.0,7.0,0.0,0.0,27.028147,31872.0,16.0,1.0,0.0,0.0,0.0,0.554977,0.0,0.0,38430.421875,0.554977,718.0,0.0,256.222229,0.0,0.0,0.554977,0.554977,0.0,0.0,0.0,14.415011,0.0,5.0
0.0,0.000496,1.0,78.0,0.999696,0.061205,-0.0,0.0,5329.620117,1076.0,1.0,998.0,3.0,0.0,0.061701,102400.0,1721542144.0,64.0,0.0,0.0,0.0,0.0,0.0,62.0,0.0,0.0,1.0,1.0,1.0,1.0,3.000912,31872.0,4.0,0.0,0.0,20.0,0.0,0.999696,0.0,0.0,5329.620117,0.999696,78.0,0.0,332.666656,0.0,0.0,0.999696,0.999696,1.0,0.0,0.0,2.000608,0.0,5.0
0.0,0.000496,0.0,66.0,0.0,0.061205,-0.0,0.0,0.0,966.0,1.0,834.0,1.0,0.0,0.061701,101632.0,1721542144.0,64.0,0.0,0.0,0.0,0.0,0.0,62.0,0.0,0.0,1.0,2.0,0.0,1.0,0.0,31872.0,3.0,0.0,0.0,0.0,0.0,0.0,0.0,0.0,0.0,0.0,132.0,0.0,834.0,0.0,0.0,0.0,0.0,0.0,0.0,0.0,0.0,0.0,5.0
0.0,0.000496,0.0,66.0,0.0,0.061205,-0.0,0.0,0.0,696.0,1.0,564.0,2.0,0.0,0.061701,102400.0,1721542144.0,64.0,0.0,0.0,0.0,0.0,0.0,62.0,0.0,0.0,1.0,2.0,0.0,1.0,0.0,31872.0,4.0,0.0,0.0,0.0,0.0,0.0,0.0,0.0,0.0,0.0,132.0,0.0,282.0,0.0,0.0,0.0,0.0,0.0,0.0,0.0,0.0,0.0,5.0
0.0,0.000496,0.0,66.0,0.830061,0.061205,-0.0,636.097839,6418.805176,1130.0,1.0,998.0,3.0,0.0,0.061701,102400.0,1721542144.0,64.0,0.0,0.0,0.0,0.0,0.0,62.0,0.0,1.204731,1.0,2.0,0.0,1.0,4.818923,31872.0,5.0,0.0,0.0,0.0,0.0,0.830061,0.0,0.0,7054.902832,0.830061,132.0,0.0,332.666656,0.0,0.0,0.830061,0.830061,0.0,0.0,0.0,2.409461,0.0,5.0
0.0,0.000496,0.0,66.0,0.89511,0.061205,-0.0,1179.743286,2520.360596,762.0,1.0,564.0,2.0,0.0,0.061701,102144.0,1721542144.0,64.0,0.0,0.0,0.0,0.0,0.0,62.0,0.0,2.234362,1.0,3.0,0.0,1.0,4.468724,31872.0,5.0,0.0,0.0,0.0,0.0,0.89511,0.0,0.0,3700.10376,0.89511,198.0,0.0,282.0,0.0,0.0,0.89511,0.89511,0.0,0.0,0.0,1.117181,0.0,5.0
0.0,0.000496,0.0,66.0,0.000488,0.061205,-0.0,1081967.25,4622951.0,696.0,1.0,564.0,2.0,0.0,0.061701,102400.0,1721542144.0,64.0,0.0,0.0,0.0,0.0,0.0,62.0,0.0,2049.18042,1.0,2.0,0.0,1.0,6147.541016,31872.0,4.0,0.0,0.0,0.0,0.0,0.000488,0.0,0.0,5704918.0,0.000488,132.0,0.0,282.0,0.0,0.0,0.000488,0.000488,0.0,0.0,0.0,2049.18042,0.0,5.0
0.0,0.000496,0.0,66.0,0.840268,0.061205,-0.0,0.0,7045.371094,1176.0,1.0,1110.0,3.0,0.0,0.061701,102144.0,1721542144.0,64.0,0.0,0.0,0.0,0.0,0.0,62.0,0.0,0.0,1.0,1.0,0.0,1.0,3.570289,31872.0,4.0,0.0,0.0,0.0,0.0,0.840268,0.0,0.0,7045.371094,0.840268,66.0,0.0,370.0,0.0,0.0,0.840268,0.840268,0.0,0.0,0.0,2.380193,0.0,5.0
0.0,0.000496,0.0,102.571426,0.848625,0.061205,-0.0,5807.041016,5505.376465,1418.0,1.0,700.0,6.0,0.0,0.061701,102400.0,1721542144.0,64.0,0.0,0.0,0.0,0.0,0.0,62.0,0.0,7.070261,1.0,7.0,0.0,0.0,14.140521,31872.0,13.0,1.0,0.0,0.0,0.0,0.848625,0.0,0.0,11312.416992,0.848625,718.0,0.0,116.666664,0.0,0.0,0.848625,0.848625,0.0,0.0,0.0,5.891884,0.0,5.0
0.0,0.000496,1.0,78.0,0.453718,0.061205,-0.0,0.0,11954.561523,982.0,1.0,904.0,4.0,0.0,0.061701,102400.0,1721542144.0,64.0,0.0,0.0,0.0,0.0,0.0,62.0,0.0,0.0,1.0,1.0,1.0,1.0,8.816049,31872.0,5.0,0.0,0.0,16.666667,0.0,0.453718,0.0,0.0,11954.561523,0.453718,78.0,0.0,226.0,0.0,0.0,0.453718,0.453718,1.0,0.0,0.0,6.612036,0.0,5.0
0.0,0.000496,0.0,66.0,0.0,0.061205,-0.0,0.0,0.0,760.0,1.0,628.0,2.0,0.0,0.061701,102016.0,1721542144.0,64.0,0.0,0.0,0.0,0.0,0.0,62.0,0.0,0.0,1.0,2.0,0.0,1.0,0.0,31872.0,4.0,0.0,0.0,0.0,0.0,0.0,0.0,0.0,0.0,0.0,132.0,0.0,314.0,0.0,0.0,0.0,0.0,0.0,0.0,0.0,0.0,0.0,5.0
0.0,0.000496,0.0,66.0,0.0,0.061205,-0.0,0.0,0.0,580.0,1.0,514.0,1.0,0.0,0.061701,101888.0,1721542144.0,64.0,0.0,0.0,0.0,0.0,0.0,62.0,0.0,0.0,1.0,1.0,0.0,1.0,0.0,31872.0,2.0,0.0,0.0,0.0,0.0,0.0,0.0,0.0,0.0,0.0,66.0,0.0,514.0,0.0,0.0,0.0,0.0,0.0,0.0,0.0,0.0,0.0,5.0
0.0,0.000496,0.0,66.0,0.0,0.061205,-0.0,0.0,0.0,580.0,1.0,514.0,1.0,0.0,0.061701,101888.0,1721542144.0,64.0,0.0,0.0,0.0,0.0,0.0,62.0,0.0,0.0,1.0,1.0,0.0,1.0,0.0,31872.0,2.0,0.0,0.0,0.0,0.0,0.0,0.0,0.0,0.0,0.0,66.0,0.0,514.0,0.0,0.0,0.0,0.0,0.0,0.0,0.0,0.0,0.0,5.0
0.0,0.000496,0.0,105.111115,0.789071,0.061205,-0.0,8526.482422,35464.488281,4762.0,1.0,3816.0,12.0,0.0,0.061701,102400.0,1721542144.0,64.0,0.0,0.0,0.0,0.0,0.0,62.0,0.0,10.138504,1.0,9.0,0.0,0.0,25.34626,31872.0,21.0,1.0,0.0,0.0,0.0,0.789071,0.0,0.0,43990.96875,0.789071,946.0,0.0,318.0,0.0,0.0,0.789071,0.789071,0.0,0.0,0.0,13.940443,0.0,5.0
0.0,0.000496,0.0,130.0,0.988579,0.061205,-0.0,6312.090332,17625.298828,3330.0,1.0,2420.0,10.0,0.0,0.061701,102400.0,1721542144.0,64.0,0.0,0.0,0.0,0.0,0.0,62.0,0.0,6.069318,1.0,7.0,0.0,0.0,16.184847,31872.0,17.0,1.0,0.0,0.0,0.0,0.988579,0.0,0.0,23937.388672,0.988579,910.0,0.0,242.0,0.0,0.0,0.988579,0.988579,0.0,0.0,0.0,9.103977,0.0,5.0
0.0,0.000496,0.0,130.0,0.759893,0.061205,-0.0,1368.61377,2589.838379,588.0,1.0,328.0,4.0,0.0,0.061701,102400.0,1721542144.0,64.0,0.0,0.0,0.0,0.0,0.0,62.0,0.0,1.315975,1.0,2.0,0.0,0.0,6.579874,31872.0,6.0,1.0,0.0,0.0,0.0,0.759893,0.0,0.0,3958.452148,0.759893,260.0,0.0,82.0,0.0,0.0,0.759893,0.759893,0.0,0.0,0.0,3.947924,0.0,5.0
0.0,0.000496,1.0,112.0,0.538297,0.061205,-0.0,1664.508667,2645.379883,580.0,1.0,356.0,2.0,0.0,0.061701,102400.0,1721542144.0,64.0,0.0,0.0,0.0,0.0,0.0,62.0,0.0,1.85771,1.0,2.0,1.0,0.0,5.573132,31872.0,4.0,1.0,0.0,20.0,0.0,0.538297,0.0,0.0,4309.888184,0.538297,224.0,0.0,178.0,0.0,0.0,0.538297,0.538297,1.0,0.0,0.0,1.85771,0.0,5.0
0.0,0.000496,1.0,111.333336,0.746491,0.061205,-0.0,5969.26123,37819.609375,4638.0,1.0,3970.0,9.0,0.0,0.061701,102400.0,1721542144.0,64.0,0.0,0.0,0.0,0.0,0.0,62.0,0.0,6.698004,1.0,6.0,1.0,0.0,18.754412,31872.0,15.0,1.0,0.0,6.25,0.0,0.746491,0.0,0.0,43788.871094,0.746491,668.0,0.0,441.111115,0.0,0.0,0.746491,0.746491,1.0,0.0,0.0,10.716806,0.0,5.0
0.0,0.000496,0.0,87.599998,0.814916,0.061205,-0.0,3445.753906,11250.239258,1966.0,1.0,1528.0,4.0,0.0,0.061701,102400.0,1721542144.0,64.0,0.0,0.0,0.0,0.0,0.0,62.0,0.0,4.908481,1.0,5.0,0.0,0.0,9.816962,31872.0,9.0,1.0,0.0,0.0,0.0,0.814916,0.0,0.0,14695.993164,0.814916,438.0,0.0,382.0,0.0,0.0,0.814916,0.814916,0.0,0.0,0.0,3.681361,0.0,5.0
0.0,0.000496,0.0,114.0,0.539838,0.061205,-0.0,6757.58252,16034.439453,1832.0,1.0,1262.0,7.0,0.0,0.061701,102400.0,1721542144.0,64.0,0.0,0.0,0.0,0.0,0.0,62.0,0.0,7.40963,1.0,5.0,0.0,0.0,20.376482,31872.0,12.0,1.0,0.0,0.0,0.0,0.539838,0.0,0.0,22792.021484,0.539838,570.0,0.0,180.285721,0.0,0.0,0.539838,0.539838,0.0,0.0,0.0,11.114445,0.0,5.0
0.0,0.000496,0.0,114.0,0.571617,0.061205,-0.0,6381.895508,16290.62793,1928.0,1.0,1358.0,7.0,0.0,0.061701,102400.0,1721542144.0,64.0,0.0,0.0,0.0,0.0,0.0,62.0,0.0,6.997693,1.0,5.0,0.0,0.0,19.243654,31872.0,12.0,1.0,0.0,0.0,0.0,0.571617,0.0,0.0,22672.523438,0.571617,570.0,0.0,194.0,0.0,0.0,0.571617,0.571617,0.0,0.0,0.0,10.496538,0.0,5.0
0.0,0.000496,1.0,99.5,0.924919,0.061205,-0.0,6028.635742,7992.05127,1852.0,1.0,1056.0,8.0,0.0,0.061701,102400.0,1721542144.0,64.0,0.0,0.0,0.0,0.0,0.0,62.0,0.0,7.56823,1.0,8.0,1.0,0.0,16.217636,31872.0,16.0,1.0,0.0,5.882353,0.0,0.924919,0.0,0.0,14020.6875,0.924919,796.0,0.0,132.0,0.0,0.0,0.924919,0.924919,1.0,0.0,0.0,7.56823,0.0,5.0
0.0,0.000496,0.0,83.333336,0.798423,0.061205,-0.0,9188.112305,194453.3125,21548.0,1.0,20548.0,18.0,0.0,0.061701,102400.0,1721542144.0,64.0,0.0,0.0,0.0,0.0,0.0,62.0,0.0,13.777159,1.0,12.0,0.0,0.0,36.321598,31872.0,30.0,1.0,0.0,0.0,0.0,0.798423,0.0,0.0,203641.4375,0.798423,1000.0,0.0,1141.555542,0.0,0.0,0.798423,0.798423,0.0,0.0,0.0,21.291971,0.0,5.0
0.0,0.000496,0.0,104.0,0.897654,0.061205,-0.0,6488.023438,190755.015625,23306.0,1.0,22474.0,21.0,0.0,0.061701,102400.0,1721542144.0,64.0,0.0,0.0,0.0,0.0,0.0,62.0,0.0,7.798105,1.0,8.0,0.0,0.0,31.192419,31872.0,29.0,1.0,0.0,0.0,0.0,0.897654,0.0,0.0,197243.03125,0.897654,832.0,0.0,1070.19043,0.0,0.0,0.897654,0.897654,0.0,0.0,0.0,22.2803,0.0,5.0
0.0,0.000496,0.0,111.090912,0.909089,0.061205,-0.0,9776.820312,18348.037109,3446.0,1.0,2224.0,16.0,0.0,0.061701,102400.0,1721542144.0,64.0,0.0,0.0,0.0,0.0,0.0,62.0,0.0,11.000023,1.0,11.0,0.0,0.0,28.60006,31872.0,27.0,1.0,0.0,0.0,0.0,0.909089,0.0,0.0,28124.857422,0.909089,1222.0,0.0,139.0,0.0,0.0,0.909089,0.909089,0.0,0.0,0.0,16.500034,0.0,5.0
0.0,0.000496,0.0,117.199997,0.262094,0.061205,-0.0,14315.474609,41878.105469,2154.0,1.0,1568.0,8.0,0.0,0.061701,102400.0,1721542144.0,64.0,0.0,0.0,0.0,0.0,0.0,62.0,0.0,15.261701,1.0,5.0,0.0,0.0,45.785103,31872.0,13.0,1.0,0.0,0.0,0.0,0.262094,0.0,0.0,56193.582031,0.262094,586.0,0.0,196.0,0.0,0.0,0.262094,0.262094,0.0,0.0,0.0,26.707975,0.0,5.0
0.0,0.000496,0.0,117.199997,0.232569,0.061205,-0.0,16132.84668,52801.535156,2376.0,1.0,1790.0,7.0,0.0,0.061701,102400.0,1721542144.0,64.0,0.0,0.0,0.0,0.0,0.0,62.0,0.0,17.199198,1.0,5.0,0.0,0.0,47.297791,31872.0,12.0,1.0,0.0,0.0,0.0,0.232569,0.0,0.0,68934.382812,0.232569,586.0,0.0,255.714279,0.0,0.0,0.232569,0.232569,0.0,0.0,0.0,25.798796,0.0,5.0
0.0,0.000496,0.0,120.400002,0.851498,0.061205,-0.0,10184.404297,29003.003906,4528.0,1.0,3324.0,14.0,0.0,0.061701,102400.0,1721542144.0,64.0,0.0,0.0,0.0,0.0,0.0,62.0,0.0,10.569608,1.0,10.0,0.0,0.0,27.011221,31872.0,24.0,1.0,0.0,0.0,0.0,0.851498,0.0,0.0,39187.40625,0.851498,1204.0,0.0,237.428574,0.0,0.0,0.851498,0.851498,0.0,0.0,0.0,15.267211,0.0,5.0
0.0,0.000496,0.0,123.599998,0.531362,0.061205,-0.0,7452.546387,12164.964844,1560.0,1.0,942.0,7.0,0.0,0.061701,102400.0,1721542144.0,64.0,0.0,0.0,0.0,0.0,0.0,62.0,0.0,7.527825,1.0,5.0,0.0,0.0,20.701519,31872.0,12.0,1.0,0.0,0.0,0.0,0.531362,0.0,0.0,19617.511719,0.531362,618.0,0.0,134.571426,0.0,0.0,0.531362,0.531362,0.0,0.0,0.0,11.291738,0.0,5.0
0.0,0.000496,0.0,127.714287,0.888756,0.061205,-0.0,6904.032227,15239.27832,2728.0,1.0,1834.0,13.0,0.0,0.061701,102400.0,1721542144.0,64.0,0.0,0.0,0.0,0.0,0.0,62.0,0.0,6.751009,1.0,7.0,0.0,0.0,21.378197,31872.0,20.0,1.0,0.0,0.0,0.0,0.888756,0.0,0.0,22143.310547,0.888756,894.0,0.0,141.07692,0.0,0.0,0.888756,0.888756,0.0,0.0,0.0,13.502019,0.0,5.0
0.0,0.000496,0.0,108.0,0.89616,0.061205,-0.0,6748.794922,8275.307617,1906.0,1.0,1042.0,9.0,0.0,0.061701,102400.0,1721542144.0,64.0,0.0,0.0,0.0,0.0,0.0,62.0,0.0,7.811105,1.0,8.0,0.0,0.0,17.853954,31872.0,17.0,1.0,0.0,0.0,0.0,0.89616,0.0,0.0,15024.102539,0.89616,864.0,0.0,115.777779,0.0,0.0,0.89616,0.89616,0.0,0.0,0.0,8.926977,0.0,5.0
0.0,0.000496,0.0,117.199997,0.737133,0.061205,-0.0,5089.990234,140175.515625,14424.0,1.0,13838.0,15.0,0.0,0.061701,102400.0,1721542144.0,64.0,0.0,0.0,0.0,0.0,0.0,62.0,0.0,5.426429,1.0,5.0,0.0,0.0,25.775537,31872.0,20.0,1.0,0.0,0.0,0.0,0.737133,0.0,0.0,145265.5,0.737133,586.0,0.0,922.533325,0.0,0.0,0.737133,0.737133,0.0,0.0,0.0,18.992502,0.0,5.0
0.0,0.000496,0.0,124.0,0.932153,0.061205,-0.0,7449.420898,19327.298828,3448.0,1.0,2456.0,12.0,0.0,0.061701,102400.0,1721542144.0,64.0,0.0,0.0,0.0,0.0,0.0,62.0,0.0,7.509497,1.0,8.0,0.0,0.0,20.382921,31872.0,20.0,1.0,0.0,0.0,0.0,0.932153,0.0,0.0,26776.720703,0.932153,992.0,0.0,204.666672,0.0,0.0,0.932153,0.932153,0.0,0.0,0.0,11.800638,0.0,5.0
0.0,0.000496,0.0,114.0,0.712654,0.061205,-0.0,6398.617188,11001.130859,1804.0,1.0,1120.0,8.0,0.0,0.061701,102400.0,1721542144.0,64.0,0.0,0.0,0.0,0.0,0.0,62.0,0.0,7.016027,1.0,6.0,0.0,0.0,18.241671,31872.0,14.0,1.0,0.0,0.0,0.0,0.712654,0.0,0.0,17399.748047,0.712654,684.0,0.0,140.0,0.0,0.0,0.712654,0.712654,0.0,0.0,0.0,9.822438,0.0,5.0
0.0,0.000496,0.0,117.199997,0.541743,0.061205,-0.0,6925.793457,9214.702148,1334.0,1.0,748.0,6.0,0.0,0.061701,102400.0,1721542144.0,64.0,0.0,0.0,0.0,0.0,0.0,62.0,0.0,7.383575,1.0,5.0,0.0,0.0,18.458939,31872.0,11.0,1.0,0.0,0.0,0.0,0.541743,0.0,0.0,16140.495117,0.541743,586.0,0.0,124.666664,0.0,0.0,0.541743,0.541743,0.0,0.0,0.0,9.229469,0.0,5.0
0.0,0.000496,0.0,117.199997,0.555451,0.061205,-0.0,6754.871582,8987.291992,1334.0,1.0,748.0,6.0,0.0,0.061701,102400.0,1721542144.0,64.0,0.0,0.0,0.0,0.0,0.0,62.0,0.0,7.201355,1.0,5.0,0.0,0.0,18.003389,31872.0,11.0,1.0,0.0,0.0,0.0,0.555451,0.0,0.0,15742.163086,0.555451,586.0,0.0,124.666664,0.0,0.0,0.555451,0.555451,0.0,0.0,0.0,9.001695,0.0,5.0
0.0,0.000496,0.0,117.199997,0.542472,0.061205,-0.0,6916.48584,12181.273438,1530.0,1.0,944.0,8.0,0.0,0.061701,102400.0,1721542144.0,64.0,0.0,0.0,0.0,0.0,0.0,62.0,0.0,7.373652,1.0,5.0,0.0,0.0,22.120956,31872.0,13.0,1.0,0.0,0.0,0.0,0.542472,0.0,0.0,19097.759766,0.542472,586.0,0.0,118.0,0.0,0.0,0.542472,0.542472,0.0,0.0,0.0,12.903892,0.0,5.0
0.0,0.000496,0.0,117.199997,0.540022,0.061205,-0.0,6947.864746,11155.100586,1464.0,1.0,878.0,7.0,0.0,0.061701,102400.0,1721542144.0,64.0,0.0,0.0,0.0,0.0,0.0,62.0,0.0,7.407105,1.0,5.0,0.0,0.0,20.369539,31872.0,12.0,1.0,0.0,0.0,0.0,0.540022,0.0,0.0,18102.964844,0.540022,586.0,0.0,125.428574,0.0,0.0,0.540022,0.540022,0.0,0.0,0.0,11.110658,0.0,5.0
0.0,0.000496,0.0,123.599998,0.539231,0.061205,-0.0,7343.791504,12803.417969,1624.0,1.0,1006.0,7.0,0.0,0.061701,102400.0,1721542144.0,64.0,0.0,0.0,0.0,0.0,0.0,62.0,0.0,7.417971,1.0,5.0,0.0,0.0,20.39942,31872.0,12.0,1.0,0.0,0.0,0.0,0.539231,0.0,0.0,20147.208984,0.539231,618.0,0.0,143.714279,0.0,0.0,0.539231,0.539231,0.0,0.0,0.0,11.126957,0.0,5.0
0.0,0.000496,0.0,117.199997,0.540342,0.061205,-0.0,6943.750977,12777.09375,1592.0,1.0,1006.0,7.0,0.0,0.061701,102400.0,1721542144.0,64.0,0.0,0.0,0.0,0.0,0.0,62.0,0.0,7.402719,1.0,5.0,0.0,0.0,20.357479,31872.0,12.0,1.0,0.0,0.0,0.0,0.540342,0.0,0.0,19720.84375,0.540342,586.0,0.0,143.714279,0.0,0.0,0.540342,0.540342,0.0,0.0,0.0,11.104079,0.0,5.0
0.0,0.000496,0.0,123.599998,0.541309,0.061205,-0.0,7315.599609,9222.089844,1366.0,1.0,748.0,6.0,0.0,0.061701,102400.0,1721542144.0,64.0,0.0,0.0,0.0,0.0,0.0,62.0,0.0,7.389495,1.0,5.0,0.0,0.0,18.473738,31872.0,11.0,1.0,0.0,0.0,0.0,0.541309,0.0,0.0,16537.689453,0.541309,618.0,0.0,124.666664,0.0,0.0,0.541309,0.541309,0.0,0.0,0.0,9.236869,0.0,5.0
0.0,0.000496,0.0,130.0,0.911859,0.061205,-0.0,5702.63623,7246.734375,1724.0,1.0,944.0,8.0,0.0,0.061701,102400.0,1721542144.0,64.0,0.0,0.0,0.0,0.0,0.0,62.0,0.0,5.483304,1.0,6.0,0.0,0.0,14.256591,31872.0,14.0,1.0,0.0,0.0,0.0,0.911859,0.0,0.0,12949.371094,0.911859,780.0,0.0,118.0,0.0,0.0,0.911859,0.911859,0.0,0.0,0.0,7.676626,0.0,5.0
0.0,0.000496,0.0,97.0,0.20359,0.061205,-0.0,11434.746094,16503.757812,1018.0,1.0,630.0,3.0,0.0,0.061701,102400.0,1721542144.0,64.0,0.0,0.0,0.0,0.0,0.0,62.0,0.0,14.735497,1.0,4.0,0.0,0.0,29.470995,31872.0,7.0,1.0,0.0,0.0,0.0,0.20359,0.0,0.0,27938.503906,0.20359,388.0,0.0,210.0,0.0,0.0,0.20359,0.20359,0.0,0.0,0.0,9.823665,0.0,5.0
0.0,0.000496,0.0,90.0,0.202434,0.061205,-0.0,10670.144531,17309.345703,944.0,1.0,584.0,4.0,0.0,0.061701,102400.0,1721542144.0,64.0,0.0,0.0,0.0,0.0,0.0,62.0,0.0,14.819645,1.0,4.0,0.0,0.0,34.57917,31872.0,8.0,1.0,0.0,0.0,0.0,0.202434,0.0,0.0,27979.488281,0.202434,360.0,0.0,146.0,0.0,0.0,0.202434,0.202434,0.0,0.0,0.0,14.819645,0.0,5.0
0.0,0.000496,0.0,124.666664,0.13881,0.061205,-0.0,14408.18457,25243.138672,958.0,1.0,584.0,4.0,0.0,0.061701,102400.0,1721542144.0,64.0,0.0,0.0,0.0,0.0,0.0,62.0,0.0,14.408184,1.0,3.0,0.0,0.0,43.224552,31872.0,7.0,1.0,0.0,0.0,0.0,0.13881,0.0,0.0,39651.324219,0.13881,374.0,0.0,146.0,0.0,0.0,0.13881,0.13881,0.0,0.0,0.0,21.612276,0.0,5.0
0.0,0.000496,0.0,109.428574,0.936235,0.061205,-0.0,5613.975098,12227.699219,2340.0,1.0,1574.0,11.0,0.0,0.061701,102400.0,1721542144.0,64.0,0.0,0.0,0.0,0.0,0.0,62.0,0.0,6.408648,1.0,7.0,0.0,0.0,18.157835,31872.0,18.0,1.0,0.0,0.0,0.0,0.936235,0.0,0.0,17841.673828,0.936235,766.0,0.0,143.090912,0.0,0.0,0.936235,0.936235,0.0,0.0,0.0,10.681079,0.0,5.0
0.0,0.000496,0.0,135.333328,0.873873,0.061205,-0.0,2480.909668,3021.033936,846.0,1.0,440.0,4.0,0.0,0.061701,102400.0,1721542144.0,64.0,0.0,0.0,0.0,0.0,0.0,62.0,0.0,2.288662,1.0,3.0,0.0,0.0,6.865986,31872.0,7.0,1.0,0.0,0.0,0.0,0.873873,0.0,0.0,5501.943848,0.873873,406.0,0.0,110.0,0.0,0.0,0.873873,0.873873,0.0,0.0,0.0,3.432993,0.0,5.0
0.0,0.000496,0.0,73.384613,0.539309,0.061205,-0.0,13068.574219,278801.1875,21002.0,1.0,20048.0,16.0,0.0,0.061701,102400.0,1721542144.0,64.0,0.0,0.0,0.0,0.0,0.0,62.0,0.0,22.250694,1.0,13.0,0.0,0.0,51.918285,31872.0,29.0,1.0,0.0,0.0,0.0,0.539309,0.0,0.0,291869.78125,0.539309,954.0,0.0,1253.0,0.0,0.0,0.539309,0.539309,0.0,0.0,0.0,27.813368,0.0,5.0
0.0,0.000496,2.0,146.0,0.715503,0.061205,-0.0,0.0,3823.883545,602.0,1.0,456.0,4.0,0.0,0.061701,102400.0,1721542144.0,64.0,0.0,0.0,0.0,0.0,0.0,62.0,0.0,0.0,1.0,1.0,2.0,0.0,5.590473,31872.0,5.0,1.0,0.0,28.571429,0.0,0.715503,0.0,0.0,3823.883545,0.715503,146.0,0.0,114.0,0.0,0.0,0.715503,0.715503,1.0,0.0,0.0,4.192855,0.0,5.0
0.0,0.000496,0.0,0.0,0.0,0.061205,-0.0,0.0,0.0,130.0,1.0,130.0,1.0,0.0,0.061701,103135.70040124832,1721542144.0,64.0,0.0,0.0,0.0,0.0,0.0,62.0,0.0,0.0,1.0,0.0,0.0,0.0,0.0,37317.08209959624,1.0,0.0,0.0,0.0,0.0,0.0,0.0,1.0,0.0,0.0,0.0,0.0,130.0,0.0,0.0,0.0,0.0,0.0,0.0,0.0,0.0,0.0,5.0
0.0,0.000496,0.0,78.533333,0.94707,0.061205,-0.0,9291.81543,179821.984375,23648.0,1.0,22470.0,19.0,0.0,0.061701,102400.0,1721542144.0,64.0,0.0,0.0,0.0,0.0,0.0,62.0,0.0,14.782434,1.0,15.0,0.0,0.0,34.844311,31872.0,34.0,1.0,0.0,0.0,0.0,0.94707,0.0,0.0,189113.796875,0.94707,1178.0,0.0,1182.631592,0.0,0.0,0.94707,0.94707,0.0,0.0,0.0,19.005987,0.0,5.0
0.0,0.000496,0.0,117.199997,0.771345,0.061205,-0.0,4864.230469,12113.904297,1900.0,1.0,1314.0,9.0,0.0,0.061701,102400.0,1721542144.0,64.0,0.0,0.0,0.0,0.0,0.0,62.0,0.0,5.185747,1.0,5.0,0.0,0.0,16.853678,31872.0,14.0,1.0,0.0,0.0,0.0,0.771345,0.0,0.0,16978.134766,0.771345,586.0,0.0,146.0,0.0,0.0,0.771345,0.771345,0.0,0.0,0.0,10.371493,0.0,5.0
0.0,0.000496,0.0,117.199997,0.726266,0.061205,-0.0,11621.085938,36680.773438,4710.0,1.0,3538.0,17.0,0.0,0.061701,102400.0,1721542144.0,64.0,0.0,0.0,0.0,0.0,0.0,62.0,0.0,12.392154,1.0,10.0,0.0,0.0,35.799553,31872.0,27.0,1.0,0.0,0.0,0.0,0.726266,0.0,0.0,48301.859375,0.726266,1172.0,0.0,208.117645,0.0,0.0,0.726266,0.726266,0.0,0.0,0.0,22.030495,0.0,5.0
0.0,0.000496,0.0,123.599998,0.248834,0.061205,-0.0,15914.223633,30381.701172,1720.0,1.0,1102.0,7.0,0.0,0.061701,102400.0,1721542144.0,64.0,0.0,0.0,0.0,0.0,0.0,62.0,0.0,16.074974,1.0,5.0,0.0,0.0,44.206177,31872.0,12.0,1.0,0.0,0.0,0.0,0.248834,0.0,0.0,46295.925781,0.248834,618.0,0.0,157.428574,0.0,0.0,0.248834,0.248834,0.0,0.0,0.0,24.112461,0.0,5.0
0.0,0.000496,0.0,120.400002,0.585977,0.061205,-0.0,14799.214844,26936.210938,3328.0,1.0,2124.0,14.0,0.0,0.061701,102400.0,1721542144.0,64.0,0.0,0.0,0.0,0.0,0.0,62.0,0.0,15.358964,1.0,10.0,0.0,0.0,39.250687,31872.0,24.0,1.0,0.0,0.0,0.0,0.585977,0.0,0.0,41735.425781,0.585977,1204.0,0.0,151.714279,0.0,0.0,0.585977,0.585977,0.0,0.0,0.0,22.185171,0.0,5.0
0.0,0.000496,0.0,87.333336,0.49566,0.061205,-0.0,15510.631836,313246.96875,21534.0,1.0,20486.0,19.0,0.0,0.061701,102400.0,1721542144.0,64.0,0.0,0.0,0.0,0.0,0.0,62.0,0.0,22.192633,1.0,12.0,0.0,0.0,60.52536,31872.0,31.0,1.0,0.0,0.0,0.0,0.49566,0.0,0.0,328757.625,0.49566,1048.0,0.0,1078.210571,0.0,0.0,0.49566,0.49566,0.0,0.0,0.0,36.315216,0.0,5.0
0.0,0.000496,0.0,85.692307,0.293088,0.061205,-0.0,28087.128906,584397.875,23650.0,1.0,22536.0,20.0,0.0,0.061701,102400.0,1721542144.0,64.0,0.0,0.0,0.0,0.0,0.0,62.0,0.0,40.943336,1.0,13.0,0.0,0.0,109.182228,31872.0,33.0,1.0,0.0,0.0,0.0,0.293088,0.0,0.0,612485.0,0.293088,1114.0,0.0,1126.800049,0.0,0.0,0.293088,0.293088,0.0,0.0,0.0,64.82695,0.0,5.0
0.0,0.000496,0.0,117.199997,0.216886,0.061205,-0.0,17299.410156,35373.421875,1704.0,1.0,1118.0,7.0,0.0,0.061701,102400.0,1721542144.0,64.0,0.0,0.0,0.0,0.0,0.0,62.0,0.0,18.442869,1.0,5.0,0.0,0.0,50.717888,31872.0,12.0,1.0,0.0,0.0,0.0,0.216886,0.0,0.0,52672.832031,0.216886,586.0,0.0,159.714279,0.0,0.0,0.216886,0.216886,0.0,0.0,0.0,27.664303,0.0,5.0
0.0,0.000496,0.0,117.199997,0.21667,0.061205,-0.0,17316.65625,50657.679688,2154.0,1.0,1568.0,8.0,0.0,0.061701,102400.0,1721542144.0,64.0,0.0,0.0,0.0,0.0,0.0,62.0,0.0,18.461254,1.0,5.0,0.0,0.0,55.383762,31872.0,13.0,1.0,0.0,0.0,0.0,0.21667,0.0,0.0,67974.335938,0.21667,586.0,0.0,196.0,0.0,0.0,0.21667,0.21667,0.0,0.0,0.0,32.307194,0.0,5.0
0.0,0.000496,0.0,117.199997,0.215752,0.061205,-0.0,17390.335938,56917.199219,2376.0,1.0,1790.0,7.0,0.0,0.061701,102400.0,1721542144.0,64.0,0.0,0.0,0.0,0.0,0.0,62.0,0.0,18.539804,1.0,5.0,0.0,0.0,50.984463,31872.0,12.0,1.0,0.0,0.0,0.0,0.215752,0.0,0.0,74307.539062,0.215752,586.0,0.0,255.714279,0.0,0.0,0.215752,0.215752,0.0,0.0,0.0,27.809708,0.0,5.0
0.0,0.000496,0.0,123.599998,0.541907,0.061205,-0.0,16430.863281,24742.251953,3040.0,1.0,1804.0,14.0,0.0,0.061701,102400.0,1721542144.0,64.0,0.0,0.0,0.0,0.0,0.0,62.0,0.0,16.608015,1.0,10.0,0.0,0.0,42.442707,31872.0,24.0,1.0,0.0,0.0,0.0,0.541907,0.0,0.0,41173.117188,0.541907,1236.0,0.0,128.857147,0.0,0.0,0.541907,0.541907,0.0,0.0,0.0,23.989355,0.0,5.0
0.0,0.000496,0.0,104.85714,0.680802,0.061205,-0.0,7403.033691,10458.253906,1772.0,1.0,1038.0,7.0,0.0,0.061701,102400.0,1721542144.0,64.0,0.0,0.0,0.0,0.0,0.0,62.0,0.0,8.813135,1.0,7.0,0.0,0.0,19.095127,31872.0,14.0,1.0,0.0,0.0,0.0,0.680802,0.0,0.0,17861.287109,0.680802,734.0,0.0,148.285721,0.0,0.0,0.680802,0.680802,0.0,0.0,0.0,8.813135,0.0,5.0
0.0,0.000496,0.0,102.571426,0.86521,0.061205,-0.0,5695.727051,10133.956055,1996.0,1.0,1278.0,7.0,0.0,0.061701,102400.0,1721542144.0,64.0,0.0,0.0,0.0,0.0,0.0,62.0,0.0,6.934732,1.0,7.0,0.0,0.0,15.025254,31872.0,14.0,1.0,0.0,0.0,0.0,0.86521,0.0,0.0,15829.682617,0.86521,718.0,0.0,182.571426,0.0,0.0,0.86521,0.86521,0.0,0.0,0.0,6.934732,0.0,5.0
0.0,0.000496,0.0,110.0,0.848743,0.061205,-0.0,3110.482178,7201.237305,1394.0,1.0,954.0,5.0,0.0,0.061701,102400.0,1721542144.0,64.0,0.0,0.0,0.0,0.0,0.0,62.0,0.0,3.534639,1.0,4.0,0.0,0.0,9.425703,31872.0,9.0,1.0,0.0,0.0,0.0,0.848743,0.0,0.0,10311.719727,0.848743,440.0,0.0,190.800003,0.0,0.0,0.848743,0.848743,0.0,0.0,0.0,4.712852,0.0,5.0
0.0,0.000496,0.0,85.199997,0.589313,0.061205,-0.0,4629.119141,27829.015625,2886.0,1.0,2460.0,6.0,0.0,0.061701,102400.0,1721542144.0,64.0,0.0,0.0,0.0,0.0,0.0,62.0,0.0,6.787565,1.0,5.0,0.0,0.0,16.968912,31872.0,11.0,1.0,0.0,0.0,0.0,0.589313,0.0,0.0,32458.134766,0.589313,426.0,0.0,410.0,0.0,0.0,0.589313,0.589313,0.0,0.0,0.0,8.484456,0.0,5.0
0.0,0.000496,0.0,110.0,0.555438,0.061205,-0.0,4753.005859,11003.928711,1394.0,1.0,954.0,5.0,0.0,0.061701,102400.0,1721542144.0,64.0,0.0,0.0,0.0,0.0,0.0,62.0,0.0,5.401143,1.0,4.0,0.0,0.0,14.403049,31872.0,9.0,1.0,0.0,0.0,0.0,0.555438,0.0,0.0,15756.93457,0.555438,440.0,0.0,190.800003,0.0,0.0,0.555438,0.555438,0.0,0.0,0.0,7.201524,0.0,5.0
0.0,0.000496,0.0,85.199997,0.294451,0.061205,-0.0,9264.699219,30483.849609,1828.0,1.0,1402.0,5.0,0.0,0.061701,102400.0,1721542144.0,64.0,0.0,0.0,0.0,0.0,0.0,62.0,0.0,13.584603,1.0,5.0,0.0,0.0,30.565357,31872.0,10.0,1.0,0.0,0.0,0.0,0.294451,0.0,0.0,39748.550781,0.294451,426.0,0.0,280.399994,0.0,0.0,0.294451,0.294451,0.0,0.0,0.0,13.584603,0.0,5.0
0.0,0.000496,0.0,96.933334,0.971333,0.061205,-0.0,11184.629883,184142.8125,24706.0,1.0,23252.0,26.0,0.0,0.061701,102400.0,1721542144.0,64.0,0.0,0.0,0.0,0.0,0.0,62.0,0.0,14.413182,1.0,15.0,0.0,0.0,41.180519,31872.0,41.0,1.0,0.0,0.0,0.0,0.971333,0.0,0.0,195327.453125,0.971333,1454.0,0.0,894.307678,0.0,0.0,0.971333,0.971333,0.0,0.0,0.0,25.737825,0.0,5.0
0.0,0.000496,0.0,116.666664,0.913318,0.061205,-0.0,5115.414551,7603.047363,1692.0,1.0,992.0,8.0,0.0,0.061701,102400.0,1721542144.0,64.0,0.0,0.0,0.0,0.0,0.0,62.0,0.0,5.474545,1.0,6.0,0.0,0.0,14.233816,31872.0,14.0,1.0,0.0,0.0,0.0,0.913318,0.0,0.0,12718.461914,0.913318,700.0,0.0,124.0,0.0,0.0,0.913318,0.913318,0.0,0.0,0.0,7.664362,0.0,5.0
0.0,0.000496,0.0,66.0,0.061605,0.061205,-0.0,8570.733398,0.0,198.0,1.0,66.0,1.0,1.0,0.061701,102400.0,1721542144.0,64.0,0.0,0.0,0.0,0.0,0.0,62.0,0.0,16.232449,1.0,2.0,0.0,0.0,32.464897,31872.0,3.0,0.0,0.0,0.0,0.0,0.061605,0.0,0.0,8570.733398,0.061605,132.0,0.0,66.0,0.0,0.0,0.061605,0.061605,0.0,0.0,0.0,0.0,0.0,5.0
0.0,0.000511,0.0,194.0,0.758477,0.061322,-0.0,22508.263672,25809.617188,4978.0,0.0,2650.0,13.0,0.0,0.061833,64128.0,1721542144.0,64.0,0.0,0.0,0.0,0.0,0.0,62.0,0.0,14.502748,0.0,12.0,0.0,0.0,31.642359,31872.0,25.0,0.0,0.0,0.0,0.0,0.758477,0.0,0.0,48317.882812,0.758477,2328.0,0.0,203.846161,0.0,0.0,0.758477,0.758477,0.0,0.0,1.0,15.821179,0.0,6.0
0.0,0.000511,0.0,95.333336,0.697405,0.061322,-0.0,5471.713379,17183.703125,2284.0,0.0,1712.0,8.0,0.0,0.061833,64128.0,1721542144.0,64.0,0.0,0.0,0.0,0.0,0.0,62.0,0.0,7.169436,1.0,6.0,0.0,0.0,18.640532,31872.0,14.0,1.0,0.0,0.0,0.0,0.697405,0.0,0.0,22655.416016,0.697405,572.0,0.0,214.0,0.0,0.0,0.697405,0.697405,0.0,0.0,0.0,10.03721,0.0,6.0
0.0,0.000511,0.0,114.0,0.648889,0.061322,-0.0,5621.916992,14017.805664,1896.0,0.0,1326.0,7.0,0.0,0.061833,64128.0,1721542144.0,64.0,0.0,0.0,0.0,0.0,0.0,62.0,0.0,6.164382,1.0,5.0,0.0,0.0,16.952051,31872.0,12.0,1.0,0.0,0.0,0.0,0.648889,0.0,0.0,19639.722656,0.648889,570.0,0.0,189.428574,0.0,0.0,0.648889,0.648889,0.0,0.0,0.0,9.246573,0.0,6.0
0.0,0.000511,0.0,117.199997,0.387636,0.061322,-0.0,9679.183594,19213.902344,1672.0,0.0,1086.0,7.0,0.0,0.061833,64128.0,1721542144.0,64.0,0.0,0.0,0.0,0.0,0.0,62.0,0.0,10.318959,1.0,5.0,0.0,0.0,28.377136,31872.0,12.0,1.0,0.0,0.0,0.0,0.387636,0.0,0.0,28893.083984,0.387636,586.0,0.0,155.142853,0.0,0.0,0.387636,0.387636,0.0,0.0,0.0,15.478438,0.0,6.0
0.0,0.000511,0.0,117.199997,0.433231,0.061322,-0.0,8660.506836,14661.923828,1512.0,0.0,926.0,7.0,0.0,0.061833,64128.0,1721542144.0,64.0,0.0,0.0,0.0,0.0,0.0,62.0,0.0,9.232949,1.0,5.0,0.0,0.0,25.390612,31872.0,12.0,1.0,0.0,0.0,0.0,0.433231,0.0,0.0,23322.431641,0.433231,586.0,0.0,132.285721,0.0,0.0,0.433231,0.433231,0.0,0.0,0.0,13.849424,0.0,6.0
0.0,0.000511,0.0,82.0,0.804434,0.061322,-0.0,12232.203125,193467.703125,21846.0,0.0,20534.0,19.0,0.0,0.061833,64128.0,1721542144.0,64.0,0.0,0.0,0.0,0.0,0.0,62.0,0.0,18.64665,1.0,16.0,0.0,0.0,42.265743,31872.0,35.0,1.0,0.0,0.0,0.0,0.804434,0.0,0.0,205699.90625,0.804434,1312.0,0.0,1080.736816,0.0,0.0,0.804434,0.804434,0.0,0.0,0.0,22.37598,0.0,6.0
0.0,0.000511,0.0,84.909088,0.904391,0.061322,-0.0,7518.87207,185627.671875,23084.0,0.0,22150.0,19.0,0.0,0.061833,72576.0,1721542144.0,64.0,0.0,0.0,0.0,0.0,0.0,62.0,0.0,11.057164,1.0,11.0,0.0,0.0,32.065777,31872.0,30.0,1.0,0.0,0.0,0.0,0.904391,0.0,0.0,193146.546875,0.904391,934.0,0.0,1165.789429,0.0,0.0,0.904391,0.904391,0.0,0.0,0.0,19.902897,0.0,6.0
0.0,0.000511,0.0,123.599998,0.928973,0.061322,-0.0,4262.771973,6717.095215,1528.0,0.0,910.0,7.0,0.0,0.061833,73984.0,1721542144.0,64.0,0.0,0.0,0.0,0.0,0.0,62.0,0.0,4.30583,1.0,5.0,0.0,0.0,11.841033,31872.0,12.0,1.0,0.0,0.0,0.0,0.928973,0.0,0.0,10979.867188,0.928973,618.0,0.0,130.0,0.0,0.0,0.928973,0.928973,0.0,0.0,0.0,6.458745,0.0,6.0
0.0,0.000511,0.0,117.199997,0.801739,0.061322,-0.0,4679.827148,11654.666016,1900.0,0.0,1314.0,9.0,0.0,0.061833,73984.0,1721542144.0,64.0,0.0,0.0,0.0,0.0,0.0,62.0,0.0,4.989155,1.0,5.0,0.0,0.0,16.214754,31872.0,14.0,1.0,0.0,0.0,0.0,0.801739,0.0,0.0,16334.493164,0.801739,586.0,0.0,146.0,0.0,0.0,0.801739,0.801739,0.0,0.0,0.0,9.97831,0.0,6.0
0.0,0.000511,0.0,117.199997,0.617244,0.061322,-0.0,6078.633301,17782.271484,2154.0,0.0,1568.0,8.0,0.0,0.061833,73984.0,1721542144.0,64.0,0.0,0.0,0.0,0.0,0.0,62.0,0.0,6.480419,1.0,5.0,0.0,0.0,19.441257,31872.0,13.0,1.0,0.0,0.0,0.0,0.617244,0.0,0.0,23860.904297,0.617244,586.0,0.0,196.0,0.0,0.0,0.617244,0.617244,0.0,0.0,0.0,11.340734,0.0,6.0
0.0,0.000511,0.0,117.199997,0.618201,0.061322,-0.0,6069.223145,21015.818359,2442.0,0.0,1856.0,8.0,0.0,0.061833,73984.0,1721542144.0,64.0,0.0,0.0,0.0,0.0,0.0,62.0,0.0,6.470387,1.0,5.0,0.0,0.0,19.411161,31872.0,13.0,1.0,0.0,0.0,0.0,0.618201,0.0,0.0,27085.041016,0.618201,586.0,0.0,232.0,0.0,0.0,0.618201,0.618201,0.0,0.0,0.0,11.323177,0.0,6.0
0.0,0.000511,0.0,120.400002,0.925458,0.061322,-0.0,9370.495117,26685.166016,4528.0,0.0,3324.0,14.0,0.0,0.061833,73984.0,1721542144.0,64.0,0.0,0.0,0.0,0.0,0.0,62.0,0.0,9.724915,1.0,10.0,0.0,0.0,24.85256,31872.0,24.0,1.0,0.0,0.0,0.0,0.925458,0.0,0.0,36055.660156,0.925458,1204.0,0.0,237.428574,0.0,0.0,0.925458,0.925458,0.0,0.0,0.0,14.047098,0.0,6.0
0.0,0.000511,0.0,123.599998,0.69806,0.061322,-0.0,5672.865234,10830.014648,1720.0,0.0,1102.0,7.0,0.0,0.061833,73984.0,1721542144.0,64.0,0.0,0.0,0.0,0.0,0.0,62.0,0.0,5.730166,1.0,5.0,0.0,0.0,15.757958,31872.0,12.0,1.0,0.0,0.0,0.0,0.69806,0.0,0.0,16502.880859,0.69806,618.0,0.0,157.428574,0.0,0.0,0.69806,0.69806,0.0,0.0,0.0,8.59525,0.0,6.0
0.0,0.000511,0.0,154.0,0.863774,0.061322,-0.0,1426.29895,1694.887817,582.0,1.0,274.0,3.0,0.0,0.061833,73984.0,1721542144.0,64.0,0.0,0.0,0.0,0.0,0.0,62.0,0.0,1.15771,1.0,2.0,0.0,0.0,4.630841,31872.0,5.0,1.0,0.0,0.0,0.0,0.863774,0.0,0.0,3121.186768,0.863774,308.0,0.0,91.333336,0.0,0.0,0.863774,0.863774,0.0,0.0,0.0,2.31542,0.0,6.0
0.0,0.000511,0.0,135.333328,0.741107,0.061322,-0.0,7307.986816,15986.895508,2478.0,1.0,1666.0,9.0,0.0,0.061833,73984.0,1721542144.0,64.0,0.0,0.0,0.0,0.0,0.0,62.0,0.0,6.746664,1.0,6.0,0.0,0.0,18.890659,31872.0,15.0,1.0,0.0,0.0,0.0,0.741107,0.0,0.0,23294.882812,0.741107,812.0,0.0,185.111115,0.0,0.0,0.741107,0.741107,0.0,0.0,0.0,10.794662,0.0,6.0
0.0,0.000511,1.0,93.0,0.694365,0.061322,-0.0,3214.44751,3802.034912,812.0,1.0,440.0,4.0,0.0,0.061833,74624.0,1721542144.0,64.0,0.0,0.0,0.0,0.0,0.0,62.0,0.0,4.320494,1.0,4.0,1.0,0.0,10.081153,31872.0,8.0,1.0,0.0,11.111111,0.0,0.694365,0.0,0.0,7016.482422,0.694365,372.0,0.0,110.0,0.0,0.0,0.694365,0.694365,1.0,0.0,0.0,4.320494,0.0,6.0
0.0,0.000511,1.0,113.428574,0.985438,0.061322,-0.0,5528.506348,7006.021973,1800.0,1.0,1006.0,7.0,0.0,0.061833,74496.0,1721542144.0,64.0,0.0,0.0,0.0,0.0,0.0,62.0,0.0,6.088663,1.0,7.0,1.0,0.0,13.192103,31872.0,14.0,1.0,0.0,6.666667,0.0,0.985438,0.0,0.0,12534.52832,0.985438,794.0,0.0,143.714279,0.0,0.0,0.985438,0.985438,1.0,0.0,0.0,6.088663,0.0,6.0
0.0,0.000511,0.0,130.0,0.210372,0.061322,-0.0,9887.24707,21675.888672,1074.0,1.0,684.0,6.0,0.0,0.061833,74624.0,1721542144.0,64.0,0.0,0.0,0.0,0.0,0.0,62.0,0.0,9.506968,1.0,3.0,0.0,0.0,38.027874,31872.0,9.0,1.0,0.0,0.0,0.0,0.210372,0.0,0.0,31563.134766,0.210372,390.0,0.0,114.0,0.0,0.0,0.210372,0.210372,0.0,0.0,0.0,23.767422,0.0,6.0
0.0,0.000511,0.0,117.199997,0.890836,0.061322,-0.0,4211.773926,5603.725098,1334.0,1.0,748.0,6.0,0.0,0.061833,74624.0,1721542144.0,64.0,0.0,0.0,0.0,0.0,0.0,62.0,0.0,4.490164,1.0,5.0,0.0,0.0,11.22541,31872.0,11.0,1.0,0.0,0.0,0.0,0.890836,0.0,0.0,9815.499023,0.890836,586.0,0.0,124.666664,0.0,0.0,0.890836,0.890836,0.0,0.0,0.0,5.612705,0.0,6.0
0.0,0.000511,0.0,114.0,0.000994,0.061322,-0.0,0.0,0.0,180.0,1.0,66.0,1.0,0.0,0.061833,74624.0,1721542144.0,64.0,0.0,0.0,0.0,0.0,0.0,62.0,0.0,0.0,1.0,1.0,0.0,0.0,1006.036194,31872.0,2.0,0.0,0.0,0.0,0.0,0.000994,0.0,0.0,0.0,0.000994,114.0,0.0,66.0,0.0,0.0,0.000994,0.000994,0.0,0.0,0.0,0.0,0.0,6.0
0.0,0.000511,0.0,162.0,0.000908,0.061322,-0.0,0.0,0.0,240.0,1.0,78.0,1.0,0.0,0.061833,74624.0,1721542144.0,64.0,0.0,0.0,0.0,0.0,0.0,62.0,0.0,0.0,1.0,1.0,0.0,0.0,1101.321655,31872.0,2.0,0.0,0.0,0.0,0.0,0.000908,0.0,0.0,0.0,0.000908,162.0,0.0,78.0,0.0,0.0,0.000908,0.000908,0.0,0.0,0.0,0.0,0.0,6.0
0.0,0.000511,0.0,124.666664,0.710994,0.061322,-0.0,7021.15625,7966.312012,1574.0,1.0,826.0,7.0,0.0,0.061833,74624.0,1721542144.0,64.0,0.0,0.0,0.0,0.0,0.0,62.0,0.0,7.032408,1.0,6.0,0.0,0.0,16.877779,31872.0,13.0,1.0,0.0,0.0,0.0,0.710994,0.0,0.0,14987.467773,0.710994,748.0,0.0,118.0,0.0,0.0,0.710994,0.710994,0.0,0.0,0.0,8.43889,0.0,6.0
0.0,0.000511,0.0,122.0,0.414063,0.061322,-0.0,7071.387695,13601.794922,1332.0,1.0,844.0,6.0,0.0,0.061833,74624.0,1721542144.0,64.0,0.0,0.0,0.0,0.0,0.0,62.0,0.0,7.245274,1.0,4.0,0.0,0.0,21.735823,31872.0,10.0,1.0,0.0,0.0,0.0,0.414063,0.0,0.0,20673.181641,0.414063,488.0,0.0,140.666672,0.0,0.0,0.414063,0.414063,0.0,0.0,0.0,12.075457,0.0,6.0
0.0,0.000511,0.0,118.0,0.803494,0.061322,-0.0,3524.606445,3285.649902,912.0,1.0,440.0,4.0,0.0,0.061833,74624.0,1721542144.0,64.0,0.0,0.0,0.0,0.0,0.0,62.0,0.0,3.733693,1.0,4.0,0.0,0.0,8.711951,31872.0,8.0,1.0,0.0,0.0,0.0,0.803494,0.0,0.0,6810.256348,0.803494,472.0,0.0,110.0,0.0,0.0,0.803494,0.803494,0.0,0.0,0.0,3.733693,0.0,6.0
0.0,0.000511,0.0,66.0,0.723165,0.061322,-0.0,730.12384,2588.62085,600.0,1.0,468.0,2.0,0.0,0.061833,74368.0,1721542144.0,64.0,0.0,0.0,0.0,0.0,0.0,62.0,0.0,1.38281,1.0,2.0,0.0,1.0,4.148431,31872.0,4.0,0.0,0.0,0.0,0.0,0.723165,0.0,0.0,3318.744873,0.723165,132.0,0.0,234.0,0.0,0.0,0.723165,0.723165,0.0,0.0,0.0,1.38281,0.0,6.0
0.0,0.000511,0.0,66.0,0.0,0.061322,-0.0,0.0,0.0,276.0,1.0,210.0,1.0,0.0,0.061833,74240.0,1721542144.0,64.0,0.0,0.0,0.0,0.0,0.0,62.0,0.0,0.0,1.0,1.0,0.0,1.0,0.0,31872.0,2.0,0.0,0.0,0.0,0.0,0.0,0.0,0.0,0.0,0.0,66.0,0.0,210.0,0.0,0.0,0.0,0.0,0.0,0.0,0.0,0.0,0.0,6.0
0.0,0.000511,0.0,90.0,0.140902,0.061322,-0.0,15329.803711,31681.595703,1104.0,1.0,744.0,4.0,0.0,0.061833,74624.0,1721542144.0,64.0,0.0,0.0,0.0,0.0,0.0,62.0,0.0,21.291395,1.0,4.0,0.0,0.0,49.67992,31872.0,8.0,1.0,0.0,0.0,0.0,0.140902,0.0,0.0,47011.398438,0.140902,360.0,0.0,186.0,0.0,0.0,0.140902,0.140902,0.0,0.0,0.0,21.291395,0.0,6.0
0.0,0.000511,0.0,117.199997,0.215546,0.061322,-0.0,17406.957031,32215.861328,1578.0,1.0,992.0,8.0,0.0,0.061833,74624.0,1721542144.0,64.0,0.0,0.0,0.0,0.0,0.0,62.0,0.0,18.557524,1.0,5.0,0.0,0.0,55.672573,31872.0,13.0,1.0,0.0,0.0,0.0,0.215546,0.0,0.0,49622.820312,0.215546,586.0,0.0,124.0,0.0,0.0,0.215546,0.215546,0.0,0.0,0.0,32.475666,0.0,6.0
0.0,0.000511,0.0,117.199997,0.262258,0.061322,-0.0,14306.523438,56005.917969,2728.0,1.0,2142.0,7.0,0.0,0.061833,74624.0,1721542144.0,64.0,0.0,0.0,0.0,0.0,0.0,62.0,0.0,15.252156,1.0,5.0,0.0,0.0,41.943432,31872.0,12.0,1.0,0.0,0.0,0.0,0.262258,0.0,0.0,70312.445312,0.262258,586.0,0.0,306.0,0.0,0.0,0.262258,0.262258,0.0,0.0,0.0,22.878235,0.0,6.0
0.0,0.000511,0.0,117.199997,0.295434,0.061322,-0.0,12699.959961,46629.703125,2554.0,1.0,1968.0,8.0,0.0,0.061833,74624.0,1721542144.0,64.0,0.0,0.0,0.0,0.0,0.0,62.0,0.0,13.539403,1.0,5.0,0.0,0.0,40.61821,31872.0,13.0,1.0,0.0,0.0,0.0,0.295434,0.0,0.0,59329.664062,0.295434,586.0,0.0,246.0,0.0,0.0,0.295434,0.295434,0.0,0.0,0.0,23.693956,0.0,6.0
0.0,0.000511,0.0,117.199997,0.466014,0.061322,-0.0,8051.260254,15759.183594,1656.0,1.0,1070.0,7.0,0.0,0.061833,74624.0,1721542144.0,64.0,0.0,0.0,0.0,0.0,0.0,62.0,0.0,8.583433,1.0,5.0,0.0,0.0,23.604441,31872.0,12.0,1.0,0.0,0.0,0.0,0.466014,0.0,0.0,23810.443359,0.466014,586.0,0.0,152.857147,0.0,0.0,0.466014,0.466014,0.0,0.0,0.0,12.87515,0.0,6.0
0.0,0.000511,0.0,102.571426,0.863788,0.061322,-0.0,5705.103516,8242.763672,1756.0,1.0,1038.0,7.0,0.0,0.061833,74624.0,1721542144.0,64.0,0.0,0.0,0.0,0.0,0.0,62.0,0.0,6.946149,1.0,7.0,0.0,0.0,15.049989,31872.0,14.0,1.0,0.0,0.0,0.0,0.863788,0.0,0.0,13947.866211,0.863788,718.0,0.0,148.285721,0.0,0.0,0.863788,0.863788,0.0,0.0,0.0,6.946149,0.0,6.0
0.0,0.000511,0.0,110.0,0.818171,0.061322,-0.0,3226.709229,8839.227539,1524.0,1.0,1084.0,6.0,0.0,0.061833,74624.0,1721542144.0,64.0,0.0,0.0,0.0,0.0,0.0,62.0,0.0,3.666715,1.0,4.0,0.0,0.0,11.000145,31872.0,10.0,1.0,0.0,0.0,0.0,0.818171,0.0,0.0,12065.936523,0.818171,440.0,0.0,180.666672,0.0,0.0,0.818171,0.818171,0.0,0.0,0.0,6.111192,0.0,6.0
0.0,0.000511,0.0,110.0,0.788138,0.061322,-0.0,3349.667236,16484.423828,2388.0,1.0,1948.0,6.0,0.0,0.061833,74624.0,1721542144.0,64.0,0.0,0.0,0.0,0.0,0.0,62.0,0.0,3.80644,1.0,4.0,0.0,0.0,11.41932,31872.0,10.0,1.0,0.0,0.0,0.0,0.788138,0.0,0.0,19834.089844,0.788138,440.0,0.0,324.666656,0.0,0.0,0.788138,0.788138,0.0,0.0,0.0,6.344067,0.0,6.0
0.0,0.000511,0.0,119.333336,0.841658,0.061322,-0.0,5674.513672,12489.633789,2176.0,1.0,1460.0,10.0,0.0,0.061833,74624.0,1721542144.0,64.0,0.0,0.0,0.0,0.0,0.0,62.0,0.0,5.940655,1.0,6.0,0.0,0.0,17.821966,31872.0,16.0,1.0,0.0,0.0,0.0,0.841658,0.0,0.0,18164.148438,0.841658,716.0,0.0,146.0,0.0,0.0,0.841658,0.841658,0.0,0.0,0.0,10.693179,0.0,6.0
0.0,0.000511,0.0,98.0,0.216014,0.061322,-0.0,7258.789062,2444.286133,426.0,1.0,132.0,2.0,0.0,0.061833,74624.0,1721542144.0,64.0,0.0,0.0,0.0,0.0,0.0,62.0,0.0,9.258659,1.0,3.0,0.0,0.0,18.517319,31872.0,5.0,0.0,0.0,0.0,0.0,0.216014,0.0,0.0,9703.075195,0.216014,294.0,0.0,66.0,0.0,0.0,0.216014,0.216014,0.0,0.0,0.0,4.62933,0.0,6.0
0.0,0.000511,0.0,114.0,0.570807,0.061322,-0.0,6390.952148,11520.532227,1528.0,1.0,958.0,7.0,0.0,0.061833,74624.0,1721542144.0,64.0,0.0,0.0,0.0,0.0,0.0,62.0,0.0,7.007623,1.0,5.0,0.0,0.0,19.270962,31872.0,12.0,1.0,0.0,0.0,0.0,0.570807,0.0,0.0,17911.484375,0.570807,570.0,0.0,136.857147,0.0,0.0,0.570807,0.570807,0.0,0.0,0.0,10.511435,0.0,6.0
0.0,0.000511,0.0,117.199997,0.570128,0.061322,-0.0,6580.978027,15126.426758,1818.0,1.0,1232.0,8.0,0.0,0.061833,74624.0,1721542144.0,64.0,0.0,0.0,0.0,0.0,0.0,62.0,0.0,7.015968,1.0,5.0,0.0,0.0,21.047905,31872.0,13.0,1.0,0.0,0.0,0.0,0.570128,0.0,0.0,21707.404297,0.570128,586.0,0.0,154.0,0.0,0.0,0.570128,0.570128,0.0,0.0,0.0,12.277945,0.0,6.0
0.0,0.000511,0.0,117.199997,0.339707,0.061322,-0.0,11044.8125,28071.25,1976.0,1.0,1390.0,7.0,0.0,0.061833,74624.0,1721542144.0,64.0,0.0,0.0,0.0,0.0,0.0,62.0,0.0,11.774854,1.0,5.0,0.0,0.0,32.380848,31872.0,12.0,1.0,0.0,0.0,0.0,0.339707,0.0,0.0,39116.0625,0.339707,586.0,0.0,198.571426,0.0,0.0,0.339707,0.339707,0.0,0.0,0.0,17.662281,0.0,6.0
0.0,0.000511,0.0,94.444443,0.310965,0.061322,-0.0,19449.134766,335343.21875,14816.0,1.0,13966.0,15.0,0.0,0.061833,74624.0,1721542144.0,64.0,0.0,0.0,0.0,0.0,0.0,62.0,0.0,25.726368,1.0,9.0,0.0,0.0,73.96331,31872.0,24.0,1.0,0.0,0.0,0.0,0.310965,0.0,0.0,354792.375,0.310965,850.0,0.0,931.06665,0.0,0.0,0.310965,0.310965,0.0,0.0,0.0,45.021145,0.0,6.0
0.0,0.000511,1.0,110.666664,0.89566,0.061322,-0.0,4948.306152,15005.694336,2584.0,1.0,1920.0,8.0,0.0,0.061833,74624.0,1721542144.0,64.0,0.0,0.0,0.0,0.0,0.0,62.0,0.0,5.582476,1.0,6.0,1.0,0.0,14.514437,31872.0,14.0,1.0,0.0,6.666667,0.0,0.89566,0.0,0.0,19954.0,0.89566,664.0,0.0,240.0,0.0,0.0,0.89566,0.89566,1.0,0.0,0.0,7.815466,0.0,6.0
0.0,0.000511,2.0,105.0,0.952355,0.061322,-0.0,2646.072021,9173.049805,1668.0,1.0,1248.0,8.0,0.0,0.061833,74624.0,1721542144.0,64.0,0.0,0.0,0.0,0.0,0.0,62.0,0.0,3.150086,1.0,4.0,2.0,0.0,11.550314,31872.0,12.0,1.0,0.0,14.285714,0.0,0.952355,0.0,0.0,11819.12207,0.952355,420.0,0.0,156.0,0.0,0.0,0.952355,0.952355,1.0,0.0,0.0,7.3502,0.0,6.0
0.0,0.000511,0.0,114.0,0.964212,0.061322,-0.0,3783.400391,8130.991699,1690.0,1.0,1120.0,8.0,0.0,0.061833,74624.0,1721542144.0,64.0,0.0,0.0,0.0,0.0,0.0,62.0,0.0,4.148465,1.0,5.0,0.0,0.0,12.445395,31872.0,13.0,1.0,0.0,0.0,0.0,0.964212,0.0,0.0,11914.392578,0.964212,570.0,0.0,140.0,0.0,0.0,0.964212,0.964212,0.0,0.0,0.0,7.259814,0.0,6.0
0.0,0.000511,0.0,0.0,0.0,0.061322,-0.0,0.0,0.0,162.0,1.0,162.0,1.0,0.0,0.061833,103135.70040124832,1721542144.0,64.0,0.0,0.0,0.0,0.0,0.0,62.0,0.0,0.0,1.0,0.0,0.0,0.0,0.0,37317.08209959624,1.0,0.0,0.0,0.0,0.0,0.0,0.0,1.0,0.0,0.0,0.0,0.0,162.0,0.0,0.0,0.0,0.0,0.0,0.0,0.0,0.0,0.0,6.0
0.0,0.000511,0.0,0.0,0.0,0.061322,-0.0,0.0,0.0,594.0,1.0,594.0,1.0,0.0,0.061833,103135.70040124832,1721542144.0,64.0,0.0,0.0,0.0,0.0,0.0,62.0,0.0,0.0,1.0,0.0,0.0,0.0,0.0,37317.08209959624,1.0,0.0,0.0,0.0,0.0,0.0,0.0,1.0,0.0,0.0,0.0,0.0,594.0,0.0,0.0,0.0,0.0,0.0,0.0,0.0,0.0,0.0,6.0
0.0,0.000511,0.0,78.0,0.301133,0.061322,-0.0,0.0,0.0,672.0,1.0,594.0,1.0,0.0,0.061833,74624.0,1721542144.0,64.0,0.0,0.0,0.0,0.0,0.0,62.0,0.0,0.0,1.0,1.0,0.0,1.0,3.320792,31872.0,2.0,0.0,0.0,0.0,0.0,0.301133,0.0,0.0,0.0,0.301133,78.0,0.0,594.0,0.0,0.0,0.301133,0.301133,0.0,0.0,0.0,0.0,0.0,6.0
0.0,0.000511,0.0,162.0,0.041033,0.061322,-0.0,0.0,0.0,228.0,1.0,66.0,1.0,0.0,0.061833,74624.0,1721542144.0,64.0,0.0,0.0,0.0,0.0,0.0,62.0,0.0,0.0,1.0,1.0,0.0,0.0,24.370628,31872.0,2.0,0.0,0.0,0.0,0.0,0.041033,0.0,0.0,0.0,0.041033,162.0,0.0,66.0,0.0,0.0,0.041033,0.041033,0.0,0.0,0.0,0.0,0.0,6.0
0.0,0.000511,0.0,116.666664,0.863926,0.061322,-0.0,5407.870605,5870.873047,1460.0,1.0,760.0,6.0,0.0,0.061833,74624.0,1721542144.0,64.0,0.0,0.0,0.0,0.0,0.0,62.0,0.0,5.787533,1.0,6.0,0.0,0.0,12.732573,31872.0,12.0,1.0,0.0,0.0,0.0,0.863926,0.0,0.0,11278.744141,0.863926,700.0,0.0,126.666664,0.0,0.0,0.863926,0.863926,0.0,0.0,0.0,5.787533,0.0,6.0
0.0,0.000511,0.0,114.0,0.000994,0.061322,-0.0,0.0,0.0,180.0,1.0,66.0,1.0,0.0,0.061833,74624.0,1721542144.0,64.0,0.0,0.0,0.0,0.0,0.0,62.0,0.0,0.0,1.0,1.0,0.0,0.0,1006.036194,31872.0,2.0,0.0,0.0,0.0,0.0,0.000994,0.0,0.0,0.0,0.000994,114.0,0.0,66.0,0.0,0.0,0.000994,0.000994,0.0,0.0,0.0,0.0,0.0,6.0
0.0,0.000511,0.0,118.0,0.68837,0.061322,-0.0,4114.066406,6345.424805,1154.0,1.0,682.0,5.0,0.0,0.061833,74624.0,1721542144.0,64.0,0.0,0.0,0.0,0.0,0.0,62.0,0.0,4.358121,1.0,4.0,0.0,0.0,11.621657,31872.0,9.0,1.0,0.0,0.0,0.0,0.68837,0.0,0.0,10459.491211,0.68837,472.0,0.0,136.399994,0.0,0.0,0.68837,0.68837,0.0,0.0,0.0,5.810829,0.0,6.0
0.0,0.000511,0.0,138.0,0.542095,0.061322,-0.0,2036.543335,1062.544434,420.0,1.0,144.0,2.0,0.0,0.061833,74624.0,1721542144.0,64.0,0.0,0.0,0.0,0.0,0.0,62.0,0.0,1.844695,1.0,2.0,0.0,0.0,5.534085,31872.0,4.0,0.0,0.0,0.0,0.0,0.542095,0.0,0.0,3099.087646,0.542095,276.0,0.0,72.0,0.0,0.0,0.542095,0.542095,0.0,0.0,0.0,1.844695,0.0,6.0
0.0,0.000511,0.0,124.666664,0.57267,0.061322,-0.0,8717.0625,12698.413086,1770.0,1.0,1022.0,9.0,0.0,0.061833,74624.0,1721542144.0,64.0,0.0,0.0,0.0,0.0,0.0,62.0,0.0,8.731032,1.0,6.0,0.0,0.0,24.44689,31872.0,15.0,1.0,0.0,0.0,0.0,0.57267,0.0,0.0,21415.474609,0.57267,748.0,0.0,113.555557,0.0,0.0,0.57267,0.57267,0.0,0.0,0.0,13.969651,0.0,6.0
0.0,0.000511,0.0,103.818184,0.943146,0.061322,-0.0,8813.057617,83558.640625,11608.0,1.0,10466.0,17.0,0.0,0.061833,70656.0,1721542144.0,64.0,0.0,0.0,0.0,0.0,0.0,62.0,0.0,10.602813,1.0,11.0,0.0,0.0,28.627594,31872.0,28.0,1.0,0.0,0.0,0.0,0.943146,0.0,0.0,92371.703125,0.943146,1142.0,0.0,615.647034,0.0,0.0,0.943146,0.943146,0.0,0.0,0.0,16.9645,0.0,6.0
0.0,0.000511,0.0,108.666664,0.820571,0.061322,-0.0,8481.898438,9866.300781,2116.0,1.0,1138.0,9.0,0.0,0.061833,74624.0,1721542144.0,64.0,0.0,0.0,0.0,0.0,0.0,62.0,0.0,9.749309,1.0,9.0,0.0,0.0,20.717281,31872.0,18.0,1.0,0.0,0.0,0.0,0.820571,0.0,0.0,18348.199219,0.820571,978.0,0.0,126.444443,0.0,0.0,0.820571,0.820571,0.0,0.0,0.0,9.749309,0.0,6.0
0.0,0.000511,0.0,117.199997,0.216316,0.061322,-0.0,17344.996094,31916.271484,1592.0,1.0,1006.0,7.0,0.0,0.061833,74624.0,1721542144.0,64.0,0.0,0.0,0.0,0.0,0.0,62.0,0.0,18.491467,1.0,5.0,0.0,0.0,50.851532,31872.0,12.0,1.0,0.0,0.0,0.0,0.216316,0.0,0.0,49261.265625,0.216316,586.0,0.0,143.714279,0.0,0.0,0.216316,0.216316,0.0,0.0,0.0,27.7372,0.0,6.0
0.0,0.000511,0.0,123.599998,0.540324,0.061322,-0.0,7328.936523,9238.901367,1366.0,1.0,748.0,6.0,0.0,0.061833,74624.0,1721542144.0,64.0,0.0,0.0,0.0,0.0,0.0,62.0,0.0,7.402966,1.0,5.0,0.0,0.0,18.507416,31872.0,11.0,1.0,0.0,0.0,0.0,0.540324,0.0,0.0,16567.837891,0.540324,618.0,0.0,124.666664,0.0,0.0,0.540324,0.540324,0.0,0.0,0.0,9.253708,0.0,6.0
0.0,0.000511,0.0,136.857147,0.906028,0.061322,-0.0,7258.054199,12123.246094,2468.0,1.0,1510.0,11.0,0.0,0.061833,74624.0,1721542144.0,64.0,0.0,0.0,0.0,0.0,0.0,62.0,0.0,6.622312,1.0,7.0,0.0,0.0,18.763218,31872.0,18.0,1.0,0.0,0.0,0.0,0.906028,0.0,0.0,19381.300781,0.906028,958.0,0.0,137.27272,0.0,0.0,0.906028,0.906028,0.0,0.0,0.0,11.037187,0.0,6.0
0.0,0.000511,0.0,66.0,0.0,0.061322,-0.0,0.0,0.0,66.0,1.0,0.0,0.0,0.0,0.061833,74624.0,1721542144.0,64.0,0.0,0.0,0.0,0.0,0.0,62.0,0.0,0.0,1.0,1.0,0.0,0.0,0.0,37317.08209959624,1.0,0.0,0.0,0.0,0.0,0.0,0.0,0.0,0.0,0.0,66.0,0.0,0.0,0.0,0.0,0.0,0.0,0.0,0.0,0.0,0.0,0.0,6.0
0.0,0.000511,0.0,85.199997,0.416686,0.061322,-0.0,6546.896484,9983.537109,1076.0,1.0,650.0,5.0,0.0,0.061833,74624.0,1721542144.0,64.0,0.0,0.0,0.0,0.0,0.0,62.0,0.0,9.599555,1.0,5.0,0.0,0.0,21.598997,31872.0,10.0,1.0,0.0,0.0,0.0,0.416686,0.0,0.0,16530.433594,0.416686,426.0,0.0,130.0,0.0,0.0,0.416686,0.416686,0.0,0.0,0.0,9.599555,0.0,6.0
0.0,0.000511,2.0,146.0,0.834641,0.061322,-0.0,2798.808105,4888.32959,1050.0,1.0,612.0,6.0,0.0,0.061833,74624.0,1721542144.0,64.0,0.0,0.0,0.0,0.0,0.0,62.0,0.0,2.39624,1.0,3.0,2.0,0.0,9.58496,31872.0,9.0,1.0,0.0,18.181818,0.0,0.834641,0.0,0.0,7687.137695,0.834641,438.0,0.0,102.0,0.0,0.0,0.834641,0.834641,1.0,0.0,0.0,5.9906,0.0,6.0
0.0,0.000511,1.0,124.666664,0.860488,0.061322,-0.0,2324.262451,6758.955566,1246.0,1.0,872.0,6.0,0.0,0.061833,74624.0,1721542144.0,64.0,0.0,0.0,0.0,0.0,0.0,62.0,0.0,2.324263,1.0,3.0,1.0,0.0,9.29705,31872.0,9.0,1.0,0.0,10.0,0.0,0.860488,0.0,0.0,9083.217773,0.860488,374.0,0.0,145.333328,0.0,0.0,0.860488,0.860488,1.0,0.0,0.0,5.810656,0.0,6.0
0.0,0.000511,0.0,0.0,0.833481,0.061322,-0.0,0.0,2015.642822,420.0,1.0,420.0,2.0,0.0,0.061833,103135.70040124832,1721542144.0,64.0,0.0,0.0,0.0,0.0,0.0,62.0,0.0,0.0,1.0,0.0,1.0,0.0,1.199787,37317.08209959624,2.0,0.0,0.0,0.0,0.0,0.833481,0.0,1.0,2015.642822,0.833481,0.0,0.0,210.0,0.0,0.0,0.833481,0.833481,1.0,0.0,0.0,1.199787,0.0,6.0
0.0,0.000511,1.0,82.0,0.986066,0.061322,-0.0,1330.539795,3131.63623,1018.0,1.0,772.0,2.0,0.0,0.061833,74624.0,1721542144.0,64.0,0.0,0.0,0.0,0.0,0.0,62.0,0.0,2.028262,1.0,3.0,1.0,0.0,4.056524,31872.0,5.0,1.0,0.0,16.666667,0.0,0.986066,0.0,0.0,4462.17627,0.986066,246.0,0.0,386.0,0.0,0.0,0.986066,0.986066,1.0,0.0,0.0,1.014131,0.0,6.0
0.0,0.000511,0.0,114.0,0.743076,0.061322,-0.0,0.0,710.559875,246.0,1.0,132.0,2.0,0.0,0.061833,74624.0,1721542144.0,64.0,0.0,0.0,0.0,0.0,0.0,62.0,0.0,0.0,1.0,1.0,0.0,0.0,2.691515,31872.0,3.0,0.0,0.0,0.0,0.0,0.743076,0.0,0.0,710.559875,0.743076,114.0,0.0,66.0,0.0,0.0,0.743076,0.743076,0.0,0.0,0.0,1.345757,0.0,6.0
0.0,0.000511,1.0,106.800003,0.750971,0.061322,-0.0,4559.430176,13571.761719,2020.0,1.0,1486.0,7.0,0.0,0.061833,74624.0,1721542144.0,64.0,0.0,0.0,0.0,0.0,0.0,62.0,0.0,5.326437,1.0,5.0,1.0,0.0,14.647702,31872.0,12.0,1.0,0.0,7.692308,0.0,0.750971,0.0,0.0,18131.191406,0.750971,534.0,0.0,212.285721,0.0,0.0,0.750971,0.750971,1.0,0.0,0.0,7.989656,0.0,6.0
0.0,0.000511,1.0,108.0,0.857484,0.061322,-0.0,5037.995117,14320.966797,2438.0,1.0,1790.0,7.0,0.0,0.061833,74624.0,1721542144.0,64.0,0.0,0.0,0.0,0.0,0.0,62.0,0.0,5.831013,1.0,6.0,1.0,0.0,13.994431,31872.0,13.0,1.0,0.0,7.142857,0.0,0.857484,0.0,0.0,19358.962891,0.857484,648.0,0.0,255.714279,0.0,0.0,0.857484,0.857484,1.0,0.0,0.0,6.997215,0.0,6.0
0.0,0.000511,2.0,194.0,0.948376,0.061322,-0.0,0.0,2884.931641,650.0,1.0,456.0,4.0,0.0,0.061833,74624.0,1721542144.0,64.0,0.0,0.0,0.0,0.0,0.0,62.0,0.0,0.0,1.0,1.0,2.0,0.0,4.217736,31872.0,5.0,1.0,0.0,28.571429,0.0,0.948376,0.0,0.0,2884.931641,0.948376,194.0,0.0,114.0,0.0,0.0,0.948376,0.948376,1.0,0.0,0.0,3.163302,0.0,6.0
0.0,0.000511,1.0,123.599998,0.672031,0.061322,-0.0,5892.585449,7547.270996,1378.0,1.0,760.0,6.0,0.0,0.061833,74624.0,1721542144.0,64.0,0.0,0.0,0.0,0.0,0.0,62.0,0.0,5.952106,1.0,5.0,1.0,0.0,14.880266,31872.0,11.0,1.0,0.0,8.333333,0.0,0.672031,0.0,0.0,13439.856445,0.672031,618.0,0.0,126.666664,0.0,0.0,0.672031,0.672031,1.0,0.0,0.0,7.440133,0.0,6.0
0.0,0.000511,0.0,135.333328,0.751244,0.061322,-0.0,2885.879883,5409.693848,1040.0,1.0,634.0,5.0,0.0,0.061833,74624.0,1721542144.0,64.0,0.0,0.0,0.0,0.0,0.0,62.0,0.0,2.662251,1.0,3.0,0.0,0.0,9.317878,31872.0,8.0,1.0,0.0,0.0,0.0,0.751244,0.0,0.0,8295.573242,0.751244,406.0,0.0,126.800003,0.0,0.0,0.751244,0.751244,0.0,0.0,0.0,5.324502,0.0,6.0
0.0,0.000511,2.0,66.0,0.914422,0.061322,-0.0,0.0,5266.714844,968.0,1.0,902.0,3.0,0.0,0.061833,74624.0,1721542144.0,64.0,0.0,0.0,0.0,0.0,0.0,62.0,0.0,0.0,1.0,1.0,2.0,1.0,3.280761,31872.0,4.0,0.0,0.0,33.333333,0.0,0.914422,0.0,0.0,5266.714844,0.914422,66.0,0.0,300.666656,0.0,0.0,0.914422,0.914422,1.0,0.0,0.0,2.187174,0.0,6.0
0.0,0.000511,0.0,66.0,0.786359,0.061322,-0.0,671.449036,0.0,342.0,1.0,210.0,1.0,0.0,0.061833,74240.0,1721542144.0,64.0,0.0,0.0,0.0,0.0,0.0,62.0,0.0,1.271684,1.0,2.0,0.0,1.0,2.543368,31872.0,3.0,0.0,0.0,0.0,0.0,0.786359,0.0,0.0,671.449036,0.786359,132.0,0.0,210.0,0.0,0.0,0.786359,0.786359,0.0,0.0,0.0,0.0,0.0,6.0
0.0,0.000511,0.0,66.0,0.269911,0.061322,-0.0,0.0,0.0,276.0,1.0,210.0,1.0,0.0,0.061833,74112.0,1721542144.0,64.0,0.0,0.0,0.0,0.0,0.0,62.0,0.0,0.0,1.0,1.0,0.0,1.0,3.704925,31872.0,2.0,0.0,0.0,0.0,0.0,0.269911,0.0,0.0,0.0,0.269911,66.0,0.0,210.0,0.0,0.0,0.269911,0.269911,0.0,0.0,0.0,0.0,0.0,6.0
0.0,0.000511,0.0,66.0,0.270582,0.061322,-0.0,0.0,0.0,276.0,1.0,210.0,1.0,0.0,0.061833,73984.0,1721542144.0,64.0,0.0,0.0,0.0,0.0,0.0,62.0,0.0,0.0,1.0,1.0,0.0,1.0,3.695737,31872.0,2.0,0.0,0.0,0.0,0.0,0.270582,0.0,0.0,0.0,0.270582,66.0,0.0,210.0,0.0,0.0,0.270582,0.270582,0.0,0.0,0.0,0.0,0.0,6.0
0.0,0.000511,0.0,66.0,0.27288,0.061322,-0.0,0.0,0.0,276.0,1.0,210.0,1.0,0.0,0.061833,73984.0,1721542144.0,64.0,0.0,0.0,0.0,0.0,0.0,62.0,0.0,0.0,1.0,1.0,0.0,1.0,3.664615,31872.0,2.0,0.0,0.0,0.0,0.0,0.27288,0.0,0.0,0.0,0.27288,66.0,0.0,210.0,0.0,0.0,0.27288,0.27288,0.0,0.0,0.0,0.0,0.0,6.0
0.0,0.000511,0.0,0.0,0.926439,0.061322,-0.0,0.0,3626.790283,630.0,1.0,630.0,3.0,0.0,0.061833,103135.70040124832,1721542144.0,64.0,0.0,0.0,0.0,0.0,0.0,62.0,0.0,0.0,1.0,0.0,2.0,0.0,2.158804,37317.08209959624,3.0,0.0,0.0,0.0,0.0,0.926439,0.0,1.0,3626.790283,0.926439,0.0,0.0,210.0,0.0,0.0,0.926439,0.926439,1.0,0.0,0.0,2.158804,0.0,6.0
0.0,0.000511,0.0,66.0,0.941184,0.061322,-0.0,560.995544,1784.985718,552.0,1.0,420.0,2.0,0.0,0.061833,73984.0,1721542144.0,64.0,0.0,0.0,0.0,0.0,0.0,62.0,0.0,1.062492,1.0,2.0,0.0,1.0,3.187474,31872.0,4.0,0.0,0.0,0.0,0.0,0.941184,0.0,0.0,2345.981201,0.941184,132.0,0.0,210.0,0.0,0.0,0.941184,0.941184,0.0,0.0,0.0,1.062492,0.0,6.0
0.0,0.000511,0.0,66.0,0.875761,0.061322,-0.0,0.0,0.0,276.0,1.0,210.0,1.0,0.0,0.061833,73984.0,1721542144.0,64.0,0.0,0.0,0.0,0.0,0.0,62.0,0.0,0.0,1.0,1.0,0.0,1.0,1.141864,31872.0,2.0,0.0,0.0,0.0,0.0,0.875761,0.0,0.0,0.0,0.875761,66.0,0.0,210.0,0.0,0.0,0.875761,0.875761,0.0,0.0,0.0,0.0,0.0,6.0
0.0,0.000511,0.0,66.0,0.872136,0.061322,-0.0,0.0,1926.305054,486.0,1.0,420.0,2.0,0.0,0.061833,73984.0,1721542144.0,64.0,0.0,0.0,0.0,0.0,0.0,62.0,0.0,0.0,1.0,1.0,0.0,1.0,2.29322,31872.0,3.0,0.0,0.0,0.0,0.0,0.872136,0.0,0.0,1926.305054,0.872136,66.0,0.0,210.0,0.0,0.0,0.872136,0.872136,0.0,0.0,0.0,1.14661,0.0,6.0
0.0,0.000511,1.0,85.199997,0.818907,0.061322,-0.0,3331.269531,4513.333008,1042.0,1.0,616.0,4.0,0.0,0.061833,74624.0,1721542144.0,64.0,0.0,0.0,0.0,0.0,0.0,62.0,0.0,4.88456,1.0,5.0,1.0,0.0,9.769119,31872.0,9.0,1.0,0.0,10.0,0.0,0.818907,0.0,0.0,7844.602539,0.818907,426.0,0.0,154.0,0.0,0.0,0.818907,0.818907,1.0,0.0,0.0,3.663419,0.0,6.0
0.0,0.000511,0.0,106.0,0.59992,0.061322,-0.0,4240.56543,19402.587891,2242.0,1.0,1818.0,5.0,0.0,0.061833,74624.0,1721542144.0,64.0,0.0,0.0,0.0,0.0,0.0,62.0,0.0,5.000667,1.0,4.0,0.0,0.0,13.335112,31872.0,9.0,1.0,0.0,0.0,0.0,0.59992,0.0,0.0,23643.154297,0.59992,424.0,0.0,363.600006,0.0,0.0,0.59992,0.59992,0.0,0.0,0.0,6.667556,0.0,6.0
0.0,0.000511,0.0,66.0,0.154247,0.061322,-0.0,3423.081055,23442.919922,810.0,1.0,678.0,3.0,0.0,0.061833,74624.0,1721542144.0,64.0,0.0,0.0,0.0,0.0,0.0,62.0,0.0,6.483108,1.0,2.0,0.0,1.0,25.932432,31872.0,5.0,0.0,0.0,0.0,0.0,0.154247,0.0,0.0,26866.0,0.154247,132.0,0.0,226.0,0.0,0.0,0.154247,0.154247,0.0,0.0,0.0,12.966216,0.0,6.0
0.0,0.000511,0.0,66.0,0.0,0.061322,-0.0,0.0,0.0,630.0,1.0,564.0,2.0,0.0,0.061833,74624.0,1721542144.0,64.0,0.0,0.0,0.0,0.0,0.0,62.0,0.0,0.0,1.0,1.0,0.0,1.0,0.0,31872.0,3.0,0.0,0.0,0.0,0.0,0.0,0.0,0.0,0.0,0.0,66.0,0.0,282.0,0.0,0.0,0.0,0.0,0.0,0.0,0.0,0.0,0.0,6.0
0.0,0.000511,0.0,0.0,0.801435,0.061322,-0.0,0.0,11199.910156,1496.0,1.0,1496.0,4.0,0.0,0.061833,103135.70040124832,1721542144.0,64.0,0.0,0.0,0.0,0.0,0.0,62.0,0.0,0.0,1.0,0.0,2.0,0.0,3.743285,37317.08209959624,4.0,0.0,0.0,0.0,0.0,0.801435,0.0,1.0,11199.910156,0.801435,0.0,0.0,374.0,0.0,0.0,0.801435,0.801435,1.0,0.0,0.0,3.743285,0.0,6.0
0.0,0.000511,0.0,0.0,0.0,0.061322,-0.0,0.0,0.0,498.0,1.0,498.0,1.0,0.0,0.061833,103135.70040124832,1721542144.0,64.0,0.0,0.0,0.0,0.0,0.0,62.0,0.0,0.0,1.0,0.0,0.0,0.0,0.0,37317.08209959624,1.0,0.0,0.0,0.0,0.0,0.0,0.0,1.0,0.0,0.0,0.0,0.0,498.0,0.0,0.0,0.0,0.0,0.0,0.0,0.0,0.0,0.0,6.0
0.0,0.000511,0.0,0.0,0.0,0.061322,-0.0,0.0,0.0,498.0,1.0,498.0,1.0,0.0,0.061833,103135.70040124832,1721542144.0,64.0,0.0,0.0,0.0,0.0,0.0,62.0,0.0,0.0,1.0,0.0,0.0,0.0,0.0,37317.08209959624,1.0,0.0,0.0,0.0,0.0,0.0,0.0,1.0,0.0,0.0,0.0,0.0,498.0,0.0,0.0,0.0,0.0,0.0,0.0,0.0,0.0,0.0,6.0
0.0,0.000511,0.0,0.0,0.0,0.061322,-0.0,0.0,0.0,498.0,1.0,498.0,1.0,0.0,0.061833,103135.70040124832,1721542144.0,64.0,0.0,0.0,0.0,0.0,0.0,62.0,0.0,0.0,1.0,0.0,0.0,0.0,0.0,37317.08209959624,1.0,0.0,0.0,0.0,0.0,0.0,0.0,1.0,0.0,0.0,0.0,0.0,498.0,0.0,0.0,0.0,0.0,0.0,0.0,0.0,0.0,0.0,6.0
0.0,0.000511,0.0,113.0,0.586498,0.061322,-0.0,4624.056641,37237.976562,3728.0,1.0,3276.0,6.0,0.0,0.061833,74624.0,1721542144.0,64.0,0.0,0.0,0.0,0.0,0.0,62.0,0.0,5.115107,1.0,4.0,0.0,0.0,15.345321,31872.0,10.0,1.0,0.0,0.0,0.0,0.586498,0.0,0.0,41862.035156,0.586498,452.0,0.0,546.0,0.0,0.0,0.586498,0.586498,0.0,0.0,0.0,8.525178,0.0,6.0
0.0,0.000511,0.0,106.0,0.277008,0.061322,-0.0,3061.283447,5371.686035,584.0,1.0,372.0,2.0,0.0,0.061833,74624.0,1721542144.0,64.0,0.0,0.0,0.0,0.0,0.0,62.0,0.0,3.610004,1.0,2.0,0.0,0.0,10.830012,31872.0,4.0,1.0,0.0,0.0,0.0,0.277008,0.0,0.0,8432.969727,0.277008,212.0,0.0,186.0,0.0,0.0,0.277008,0.277008,0.0,0.0,0.0,3.610004,0.0,6.0
0.0,0.000511,0.0,0.0,0.881144,0.061322,-0.0,0.0,9333.321289,1542.0,1.0,1542.0,3.0,0.0,0.061833,103135.70040124832,1721542144.0,64.0,0.0,0.0,0.0,0.0,0.0,62.0,0.0,0.0,1.0,0.0,2.0,0.0,2.269777,37317.08209959624,3.0,0.0,0.0,0.0,0.0,0.881144,0.0,1.0,9333.321289,0.881144,0.0,0.0,514.0,0.0,0.0,0.881144,0.881144,1.0,0.0,0.0,2.269777,0.0,6.0
0.0,0.000511,0.0,0.0,0.0,0.061322,-0.0,0.0,0.0,514.0,1.0,514.0,1.0,0.0,0.061833,103135.70040124832,1721542144.0,64.0,0.0,0.0,0.0,0.0,0.0,62.0,0.0,0.0,1.0,0.0,0.0,0.0,0.0,37317.08209959624,1.0,0.0,0.0,0.0,0.0,0.0,0.0,1.0,0.0,0.0,0.0,0.0,514.0,0.0,0.0,0.0,0.0,0.0,0.0,0.0,0.0,0.0,6.0
0.0,0.000511,0.0,81.428574,0.808049,0.061322,-0.0,4841.290527,27681.488281,3832.0,1.0,3262.0,7.0,0.0,0.061833,74624.0,1721542144.0,64.0,0.0,0.0,0.0,0.0,0.0,62.0,0.0,7.425292,1.0,7.0,0.0,0.0,16.088133,31872.0,14.0,1.0,0.0,0.0,0.0,0.808049,0.0,0.0,32522.779297,0.808049,570.0,0.0,466.0,0.0,0.0,0.808049,0.808049,0.0,0.0,0.0,7.425292,0.0,6.0
0.0,0.000511,0.0,100.666664,0.582934,0.061322,-0.0,6916.734863,29903.898438,3146.0,1.0,2542.0,7.0,0.0,0.061833,74624.0,1721542144.0,64.0,0.0,0.0,0.0,0.0,0.0,62.0,0.0,8.5773,1.0,6.0,0.0,0.0,20.58552,31872.0,13.0,1.0,0.0,0.0,0.0,0.582934,0.0,0.0,36820.632812,0.582934,604.0,0.0,363.142853,0.0,0.0,0.582934,0.582934,0.0,0.0,0.0,10.29276,0.0,6.0
0.0,0.000511,0.0,138.0,0.835953,0.061322,-0.0,1320.648438,689.033936,420.0,1.0,144.0,2.0,0.0,0.061833,74624.0,1721542144.0,64.0,0.0,0.0,0.0,0.0,0.0,62.0,0.0,1.196239,1.0,2.0,0.0,0.0,3.588718,31872.0,4.0,0.0,0.0,0.0,0.0,0.835953,0.0,0.0,2009.682373,0.835953,276.0,0.0,72.0,0.0,0.0,0.835953,0.835953,0.0,0.0,0.0,1.196239,0.0,6.0
0.0,0.000511,0.0,106.0,0.648765,0.061322,-0.0,6535.494141,7694.619629,1384.0,1.0,748.0,6.0,0.0,0.061833,74624.0,1721542144.0,64.0,0.0,0.0,0.0,0.0,0.0,62.0,0.0,7.706951,1.0,6.0,0.0,0.0,16.955292,31872.0,12.0,1.0,0.0,0.0,0.0,0.648765,0.0,0.0,14230.113281,0.648765,636.0,0.0,124.666664,0.0,0.0,0.648765,0.648765,0.0,0.0,0.0,7.706951,0.0,6.0
0.0,0.000511,0.0,117.199997,0.570826,0.061322,-0.0,6572.931152,22465.689453,2456.0,1.0,1870.0,7.0,0.0,0.061833,74624.0,1721542144.0,64.0,0.0,0.0,0.0,0.0,0.0,62.0,0.0,7.00739,1.0,5.0,0.0,0.0,19.270321,31872.0,12.0,1.0,0.0,0.0,0.0,0.570826,0.0,0.0,29038.621094,0.570826,586.0,0.0,267.142853,0.0,0.0,0.570826,0.570826,0.0,0.0,0.0,10.511084,0.0,6.0
0.0,0.000511,0.0,119.333336,0.386322,0.061322,-0.0,4949.239258,5177.028809,732.0,1.0,374.0,3.0,0.0,0.061833,74624.0,1721542144.0,64.0,0.0,0.0,0.0,0.0,0.0,62.0,0.0,5.177029,1.0,3.0,0.0,0.0,12.942572,31872.0,6.0,1.0,0.0,0.0,0.0,0.386322,0.0,0.0,10126.267578,0.386322,358.0,0.0,124.666664,0.0,0.0,0.386322,0.386322,0.0,0.0,0.0,5.177029,0.0,6.0
0.0,0.000511,0.0,82.0,0.155839,0.061322,-0.0,21047.363281,156212.5,4042.0,1.0,3550.0,7.0,0.0,0.061833,74624.0,1721542144.0,64.0,0.0,0.0,0.0,0.0,0.0,62.0,0.0,32.084396,1.0,6.0,0.0,0.0,77.002548,31872.0,13.0,1.0,0.0,0.0,0.0,0.155839,0.0,0.0,177259.875,0.155839,492.0,0.0,507.142853,0.0,0.0,0.155839,0.155839,0.0,0.0,0.0,38.501274,0.0,6.0
0.0,0.000511,0.0,124.666664,0.323975,0.061322,-0.0,6173.315918,6173.315918,748.0,1.0,374.0,3.0,0.0,0.061833,74624.0,1721542144.0,64.0,0.0,0.0,0.0,0.0,0.0,62.0,0.0,6.173316,1.0,3.0,0.0,0.0,15.43329,31872.0,6.0,1.0,0.0,0.0,0.0,0.323975,0.0,0.0,12346.631836,0.323975,374.0,0.0,124.666664,0.0,0.0,0.323975,0.323975,0.0,0.0,0.0,6.173316,0.0,6.0
0.0,0.000511,0.0,85.199997,0.170277,0.061322,-0.0,16020.954102,59949.375,2020.0,1.0,1594.0,5.0,0.0,0.061833,74624.0,1721542144.0,64.0,0.0,0.0,0.0,0.0,0.0,62.0,0.0,23.491135,1.0,5.0,0.0,0.0,52.855053,31872.0,10.0,1.0,0.0,0.0,0.0,0.170277,0.0,0.0,75970.328125,0.170277,426.0,0.0,318.799988,0.0,0.0,0.170277,0.170277,0.0,0.0,0.0,23.491135,0.0,6.0
0.0,0.000511,0.0,114.0,0.449723,0.061322,-0.0,8111.659668,19247.402344,1832.0,1.0,1262.0,7.0,0.0,0.061833,74624.0,1721542144.0,64.0,0.0,0.0,0.0,0.0,0.0,62.0,0.0,8.894363,1.0,5.0,0.0,0.0,24.459501,31872.0,12.0,1.0,0.0,0.0,0.0,0.449723,0.0,0.0,27359.0625,0.449723,570.0,0.0,180.285721,0.0,0.0,0.449723,0.449723,0.0,0.0,0.0,13.341546,0.0,6.0
0.0,0.000511,0.0,119.333336,0.98825,0.061322,-0.0,4832.785156,11187.452148,2270.0,1.0,1554.0,9.0,0.0,0.061833,74624.0,1721542144.0,64.0,0.0,0.0,0.0,0.0,0.0,62.0,0.0,5.059448,1.0,6.0,0.0,0.0,14.166455,31872.0,15.0,1.0,0.0,0.0,0.0,0.98825,0.0,0.0,16020.237305,0.98825,716.0,0.0,172.666672,0.0,0.0,0.98825,0.98825,0.0,0.0,0.0,8.095118,0.0,6.0
0.0,0.000511,0.0,110.0,0.786336,0.061322,-0.0,3357.343506,5941.480469,1170.0,1.0,730.0,5.0,0.0,0.061833,74624.0,1721542144.0,64.0,0.0,0.0,0.0,0.0,0.0,62.0,0.0,3.815163,1.0,4.0,0.0,0.0,10.173768,31872.0,9.0,1.0,0.0,0.0,0.0,0.786336,0.0,0.0,9298.824219,0.786336,440.0,0.0,146.0,0.0,0.0,0.786336,0.786336,0.0,0.0,0.0,5.086884,0.0,6.0
0.0,0.000511,0.0,162.0,0.990969,0.061322,-0.0,1307.810791,629.686707,480.0,1.0,156.0,2.0,0.0,0.061833,74624.0,1721542144.0,64.0,0.0,0.0,0.0,0.0,0.0,62.0,0.0,1.009113,1.0,2.0,0.0,0.0,3.02734,31872.0,4.0,0.0,0.0,0.0,0.0,0.990969,0.0,0.0,1937.497559,0.990969,324.0,0.0,78.0,0.0,0.0,0.990969,0.990969,0.0,0.0,0.0,1.009113,0.0,6.0
0.0,0.000511,0.0,83.777779,0.909814,0.061322,-0.0,5900.106934,168051.9375,21060.0,1.0,20306.0,17.0,0.0,0.061833,73600.0,1721542144.0,64.0,0.0,0.0,0.0,0.0,0.0,62.0,0.0,8.793006,1.0,9.0,0.0,0.0,27.478144,31872.0,26.0,1.0,0.0,0.0,0.0,0.909814,0.0,0.0,173952.03125,0.909814,754.0,0.0,1194.470581,0.0,0.0,0.909814,0.909814,0.0,0.0,0.0,17.586012,0.0,6.0
0.0,0.000511,2.0,72.0,0.501111,0.061322,-0.0,1149.446045,24170.294922,3172.0,1.0,3028.0,2.0,0.0,0.061833,73984.0,1721542144.0,64.0,0.0,0.0,0.0,0.0,0.0,62.0,0.0,1.995566,1.0,2.0,2.0,0.0,5.986698,31872.0,4.0,0.0,0.0,33.333333,0.0,0.501111,0.0,0.0,25319.740234,0.501111,144.0,1.0,1514.0,0.0,0.0,0.501111,0.501111,1.0,0.0,0.0,1.995566,0.0,6.0
0.0,0.000511,0.0,0.0,0.0,0.061322,-0.0,0.0,0.0,1514.0,1.0,1514.0,1.0,0.0,0.061833,103135.70040124832,1721542144.0,64.0,0.0,0.0,0.0,0.0,0.0,62.0,0.0,0.0,1.0,0.0,1.0,0.0,0.0,37317.08209959624,1.0,0.0,0.0,0.0,0.0,0.0,0.0,0.0,0.0,0.0,0.0,0.0,1514.0,1.0,0.0,0.0,0.0,1.0,0.0,0.0,0.0,0.0,6.0
0.0,0.000511,1.0,98.0,0.26281,0.061322,-0.0,5966.287598,33423.386719,1940.0,1.0,1646.0,3.0,0.0,0.061833,74624.0,1721542144.0,64.0,0.0,0.0,0.0,0.0,0.0,62.0,0.0,7.610061,1.0,3.0,1.0,0.0,19.025152,31872.0,6.0,0.0,0.0,14.285714,0.0,0.26281,0.0,0.0,39389.675781,0.26281,294.0,0.0,548.666687,0.0,0.0,0.26281,0.26281,1.0,0.0,0.0,7.610061,0.0,6.0
0.0,0.000511,0.0,88.85714,0.972507,0.061322,-0.0,4392.770508,172445.03125,22818.0,1.0,22196.0,18.0,0.0,0.061833,74624.0,1721542144.0,64.0,0.0,0.0,0.0,0.0,0.0,62.0,0.0,6.169621,1.0,7.0,0.0,0.0,24.678486,31872.0,25.0,1.0,0.0,0.0,0.0,0.972507,0.0,0.0,176837.796875,0.972507,622.0,0.0,1233.111084,0.0,0.0,0.972507,0.972507,0.0,0.0,0.0,17.480595,0.0,6.0
0.0,0.000511,0.0,110.0,0.928038,0.061322,-0.0,2844.711182,2120.602783,768.0,1.0,328.0,4.0,0.0,0.061833,78592.0,1721542144.0,64.0,0.0,0.0,0.0,0.0,0.0,62.0,0.0,3.232626,1.0,4.0,0.0,0.0,7.542795,31872.0,8.0,1.0,0.0,0.0,0.0,0.928038,0.0,0.0,4965.313965,0.928038,440.0,0.0,82.0,0.0,0.0,0.928038,0.928038,0.0,0.0,0.0,3.232626,0.0,6.0
0.0,0.000511,0.0,106.0,0.154645,0.061322,-0.0,16450.580078,33625.402344,1204.0,1.0,780.0,6.0,0.0,0.061833,78592.0,1721542144.0,64.0,0.0,0.0,0.0,0.0,0.0,62.0,0.0,19.399269,1.0,4.0,0.0,0.0,58.197811,31872.0,10.0,1.0,0.0,0.0,0.0,0.154645,0.0,0.0,50075.980469,0.154645,424.0,0.0,130.0,0.0,0.0,0.154645,0.154645,0.0,0.0,0.0,32.332115,0.0,6.0
0.0,0.000511,0.0,120.85714,0.942212,0.061322,-0.0,13347.314453,39014.574219,6478.0,1.0,4786.0,25.0,0.0,0.061833,80000.0,1721542144.0,64.0,0.0,0.0,0.0,0.0,0.0,62.0,0.0,13.797319,1.0,14.0,0.0,0.0,40.330627,31872.0,39.0,1.0,0.0,0.0,0.0,0.942212,0.0,0.0,52361.890625,0.942212,1692.0,0.0,191.440002,0.0,0.0,0.942212,0.942212,0.0,0.0,0.0,25.471975,0.0,6.0
0.0,0.000511,0.0,121.111115,0.986392,0.061322,-0.0,7858.944336,23730.929688,4282.0,1.0,3192.0,12.0,0.0,0.061833,80000.0,1721542144.0,64.0,0.0,0.0,0.0,0.0,0.0,62.0,0.0,8.110366,1.0,9.0,0.0,0.0,20.275915,31872.0,21.0,1.0,0.0,0.0,0.0,0.986392,0.0,0.0,31589.875,0.986392,1090.0,0.0,266.0,0.0,0.0,0.986392,0.986392,0.0,0.0,0.0,11.151752,0.0,6.0
0.0,0.000511,0.0,122.0,0.878166,0.061322,-0.0,5557.035645,8699.949219,1806.0,1.0,1074.0,9.0,0.0,0.061833,80000.0,1721542144.0,64.0,0.0,0.0,0.0,0.0,0.0,62.0,0.0,5.693684,1.0,6.0,0.0,0.0,15.942316,31872.0,15.0,1.0,0.0,0.0,0.0,0.878166,0.0,0.0,14256.985352,0.878166,732.0,0.0,119.333336,0.0,0.0,0.878166,0.878166,0.0,0.0,0.0,9.109895,0.0,6.0
0.0,0.000511,0.0,123.599998,0.21701,0.061322,-0.0,18248.005859,31298.095703,1608.0,1.0,990.0,7.0,0.0,0.061833,80000.0,1721542144.0,64.0,0.0,0.0,0.0,0.0,0.0,62.0,0.0,18.432329,1.0,5.0,0.0,0.0,50.688908,31872.0,12.0,1.0,0.0,0.0,0.0,0.21701,0.0,0.0,49546.101562,0.21701,618.0,0.0,141.428574,0.0,0.0,0.21701,0.21701,0.0,0.0,0.0,27.648495,0.0,6.0
0.0,0.000511,0.0,114.0,0.294003,0.061322,-0.0,12408.036133,21224.273438,1480.0,1.0,910.0,7.0,0.0,0.061833,80000.0,1721542144.0,64.0,0.0,0.0,0.0,0.0,0.0,62.0,0.0,13.605303,1.0,5.0,0.0,0.0,37.414581,31872.0,12.0,1.0,0.0,0.0,0.0,0.294003,0.0,0.0,33632.308594,0.294003,570.0,0.0,130.0,0.0,0.0,0.294003,0.294003,0.0,0.0,0.0,20.407955,0.0,6.0
0.0,0.000511,0.0,114.0,0.217259,0.061322,-0.0,16791.019531,28721.478516,1480.0,1.0,910.0,7.0,0.0,0.061833,80000.0,1721542144.0,64.0,0.0,0.0,0.0,0.0,0.0,62.0,0.0,18.411205,1.0,5.0,0.0,0.0,50.630814,31872.0,12.0,1.0,0.0,0.0,0.0,0.217259,0.0,0.0,45512.496094,0.217259,570.0,0.0,130.0,0.0,0.0,0.217259,0.217259,0.0,0.0,0.0,27.616808,0.0,6.0
0.0,0.000511,0.0,94.444443,0.293357,0.061322,-0.0,20616.517578,357107.53125,14880.0,1.0,14030.0,15.0,0.0,0.061833,80000.0,1721542144.0,64.0,0.0,0.0,0.0,0.0,0.0,62.0,0.0,27.270525,1.0,9.0,0.0,0.0,78.402763,31872.0,24.0,1.0,0.0,0.0,0.0,0.293357,0.0,0.0,377724.0625,0.293357,850.0,0.0,935.333313,0.0,0.0,0.293357,0.293357,0.0,0.0,0.0,47.723419,0.0,6.0
0.0,0.000511,0.0,117.199997,0.233719,0.061322,-0.0,16053.46582,27177.935547,1512.0,1.0,926.0,7.0,0.0,0.061833,80000.0,1721542144.0,64.0,0.0,0.0,0.0,0.0,0.0,62.0,0.0,17.114569,1.0,5.0,0.0,0.0,47.065063,31872.0,12.0,1.0,0.0,0.0,0.0,0.233719,0.0,0.0,43231.402344,0.233719,586.0,0.0,132.285721,0.0,0.0,0.233719,0.233719,0.0,0.0,0.0,25.671854,0.0,6.0
0.0,0.000511,0.0,117.199997,0.218921,0.061322,-0.0,17138.601562,52073.578125,2248.0,1.0,1662.0,7.0,0.0,0.061833,80000.0,1721542144.0,64.0,0.0,0.0,0.0,0.0,0.0,62.0,0.0,18.271431,1.0,5.0,0.0,0.0,50.246433,31872.0,12.0,1.0,0.0,0.0,0.0,0.218921,0.0,0.0,69212.179688,0.218921,586.0,0.0,237.428574,0.0,0.0,0.218921,0.218921,0.0,0.0,0.0,27.407146,0.0,6.0
0.0,0.000511,1.0,105.0,0.525436,0.061322,-0.0,4796.01709,13763.807617,1504.0,1.0,1084.0,6.0,0.0,0.061833,80000.0,1721542144.0,64.0,0.0,0.0,0.0,0.0,0.0,62.0,0.0,5.709544,1.0,4.0,1.0,0.0,17.128633,31872.0,10.0,1.0,0.0,9.090909,0.0,0.525436,0.0,0.0,18559.824219,0.525436,420.0,0.0,180.666672,0.0,0.0,0.525436,0.525436,1.0,0.0,0.0,9.515907,0.0,6.0
0.0,0.000511,0.0,116.285713,0.756057,0.061322,-0.0,7385.686523,7385.686523,1628.0,1.0,814.0,7.0,0.0,0.061833,80000.0,1721542144.0,64.0,0.0,0.0,0.0,0.0,0.0,62.0,0.0,7.935909,1.0,7.0,0.0,0.0,17.194469,31872.0,14.0,1.0,0.0,0.0,0.0,0.756057,0.0,0.0,14771.373047,0.756057,814.0,0.0,116.285713,0.0,0.0,0.756057,0.756057,0.0,0.0,0.0,7.935909,0.0,6.0
0.0,0.000511,0.0,122.888885,0.833474,0.061322,-0.0,9444.805664,13725.683594,2666.0,1.0,1560.0,12.0,0.0,0.061833,80000.0,1721542144.0,64.0,0.0,0.0,0.0,0.0,0.0,62.0,0.0,9.59838,1.0,9.0,0.0,0.0,23.995951,31872.0,21.0,1.0,0.0,0.0,0.0,0.833474,0.0,0.0,23170.490234,0.833474,1106.0,0.0,130.0,0.0,0.0,0.833474,0.833474,0.0,0.0,0.0,13.197773,0.0,6.0
0.0,0.000511,0.0,120.400002,0.725348,0.061322,-0.0,11955.640625,19301.080078,3088.0,1.0,1884.0,14.0,0.0,0.061833,80000.0,1721542144.0,64.0,0.0,0.0,0.0,0.0,0.0,62.0,0.0,12.407838,1.0,10.0,0.0,0.0,31.708918,31872.0,24.0,1.0,0.0,0.0,0.0,0.725348,0.0,0.0,31256.720703,0.725348,1204.0,0.0,134.571426,0.0,0.0,0.725348,0.725348,0.0,0.0,0.0,17.922432,0.0,6.0
0.0,0.000511,0.0,121.111115,0.982953,0.061322,-0.0,7886.439941,12598.771484,2778.0,1.0,1688.0,12.0,0.0,0.061833,80000.0,1721542144.0,64.0,0.0,0.0,0.0,0.0,0.0,62.0,0.0,8.138741,1.0,9.0,0.0,0.0,20.346853,31872.0,21.0,1.0,0.0,0.0,0.0,0.982953,0.0,0.0,20485.210938,0.982953,1090.0,0.0,140.666672,0.0,0.0,0.982953,0.982953,0.0,0.0,0.0,11.190769,0.0,6.0
0.0,0.000511,0.0,124.666664,0.386342,0.061322,-0.0,12921.194336,15944.422852,1628.0,1.0,880.0,8.0,0.0,0.061833,80000.0,1721542144.0,64.0,0.0,0.0,0.0,0.0,0.0,62.0,0.0,12.941901,1.0,6.0,0.0,0.0,33.648945,31872.0,14.0,1.0,0.0,0.0,0.0,0.386342,0.0,0.0,28865.617188,0.386342,748.0,0.0,110.0,0.0,0.0,0.386342,0.386342,0.0,0.0,0.0,18.118662,0.0,6.0
0.0,0.000511,0.0,130.0,0.123142,0.061322,-0.0,16891.068359,42097.742188,1200.0,1.0,810.0,5.0,0.0,0.061833,80000.0,1721542144.0,64.0,0.0,0.0,0.0,0.0,0.0,62.0,0.0,16.241413,1.0,3.0,0.0,0.0,56.844944,31872.0,8.0,1.0,0.0,0.0,0.0,0.123142,0.0,0.0,58988.8125,0.123142,390.0,0.0,162.0,0.0,0.0,0.123142,0.123142,0.0,0.0,0.0,32.482826,0.0,6.0
0.0,0.000511,0.0,98.0,0.663239,0.061322,-0.0,5910.388184,7321.644043,1316.0,1.0,728.0,6.0,0.0,0.061833,80000.0,1721542144.0,64.0,0.0,0.0,0.0,0.0,0.0,62.0,0.0,7.538761,1.0,6.0,0.0,0.0,16.585274,31872.0,12.0,1.0,0.0,0.0,0.0,0.663239,0.0,0.0,13232.032227,0.663239,588.0,0.0,121.333336,0.0,0.0,0.663239,0.663239,0.0,0.0,0.0,7.538761,0.0,6.0
0.0,0.000511,0.0,162.0,0.000502,0.061322,-0.0,0.0,0.0,240.0,1.0,78.0,1.0,0.0,0.061833,80000.0,1721542144.0,64.0,0.0,0.0,0.0,0.0,0.0,62.0,0.0,0.0,1.0,1.0,0.0,0.0,1992.031982,31872.0,2.0,0.0,0.0,0.0,0.0,0.000502,0.0,0.0,0.0,0.000502,162.0,0.0,78.0,0.0,0.0,0.000502,0.000502,0.0,0.0,0.0,0.0,0.0,6.0
0.0,0.000511,1.0,134.0,0.926526,0.061322,-0.0,3471.030518,6277.211914,1408.0,1.0,872.0,6.0,0.0,0.061833,80000.0,1721542144.0,64.0,0.0,0.0,0.0,0.0,0.0,62.0,0.0,3.237901,1.0,4.0,1.0,0.0,9.713705,31872.0,10.0,1.0,0.0,9.090909,0.0,0.926526,0.0,0.0,9748.242188,0.926526,536.0,0.0,145.333328,0.0,0.0,0.926526,0.926526,1.0,0.0,0.0,5.396502,0.0,6.0
0.0,0.000511,0.0,82.0,0.942456,0.061322,-0.0,3480.268555,4855.398926,1206.0,1.0,714.0,5.0,0.0,0.061833,80000.0,1721542144.0,64.0,0.0,0.0,0.0,0.0,0.0,62.0,0.0,5.305287,1.0,6.0,0.0,0.0,10.610575,31872.0,11.0,1.0,0.0,0.0,0.0,0.942456,0.0,0.0,8335.667969,0.942456,492.0,0.0,142.800003,0.0,0.0,0.942456,0.942456,0.0,0.0,0.0,4.24423,0.0,6.0
0.0,0.000511,2.0,109.0,0.896549,0.061322,-0.0,2917.85498,9993.876953,1716.0,1.0,1280.0,8.0,0.0,0.061833,80000.0,1721542144.0,64.0,0.0,0.0,0.0,0.0,0.0,62.0,0.0,3.346164,1.0,4.0,2.0,0.0,12.269268,31872.0,12.0,1.0,0.0,14.285714,0.0,0.896549,0.0,0.0,12911.731445,0.896549,436.0,0.0,160.0,0.0,0.0,0.896549,0.896549,1.0,0.0,0.0,7.807716,0.0,6.0
0.0,0.000511,0.0,98.0,0.23348,0.061322,-0.0,6715.77832,2261.435547,426.0,1.0,132.0,2.0,0.0,0.061833,80640.0,1721542144.0,64.0,0.0,0.0,0.0,0.0,0.0,62.0,0.0,8.566044,1.0,3.0,0.0,0.0,17.132088,31872.0,5.0,0.0,0.0,0.0,0.0,0.23348,0.0,0.0,8977.213867,0.23348,294.0,0.0,66.0,0.0,0.0,0.23348,0.23348,0.0,0.0,0.0,4.283022,0.0,6.0
0.0,0.000511,1.0,102.800003,0.818814,0.061322,-0.0,4025.334229,96481.007812,11486.0,1.0,10972.0,10.0,0.0,0.061833,80640.0,1721542144.0,64.0,0.0,0.0,0.0,0.0,0.0,62.0,0.0,4.885115,1.0,5.0,1.0,0.0,17.0979,31872.0,15.0,1.0,0.0,6.25,0.0,0.818814,0.0,0.0,100506.34375,0.818814,514.0,0.0,1097.199951,0.0,0.0,0.818814,0.818814,1.0,0.0,0.0,10.991508,0.0,6.0
0.0,0.000511,1.0,73.5,0.82918,0.061322,-0.0,4968.76416,110142.546875,13272.0,1.0,12684.0,10.0,0.0,0.061833,80640.0,1721542144.0,64.0,0.0,0.0,0.0,0.0,0.0,62.0,0.0,8.442076,1.0,8.0,1.0,0.0,20.502182,31872.0,18.0,1.0,0.0,5.263158,0.0,0.82918,0.0,0.0,115111.3125,0.82918,588.0,0.0,1268.400024,0.0,0.0,0.82918,0.82918,1.0,0.0,0.0,10.854096,0.0,6.0
0.0,0.000511,0.0,130.0,0.647417,0.061322,-0.0,1606.383545,2162.439209,522.0,1.0,262.0,3.0,0.0,0.061833,80640.0,1721542144.0,64.0,0.0,0.0,0.0,0.0,0.0,62.0,0.0,1.5446,1.0,2.0,0.0,0.0,6.178398,31872.0,5.0,1.0,0.0,0.0,0.0,0.647417,0.0,0.0,3768.822754,0.647417,260.0,0.0,87.333336,0.0,0.0,0.647417,0.647417,0.0,0.0,0.0,3.089199,0.0,6.0
0.0,0.000511,1.0,146.0,0.095051,0.061322,-0.0,0.0,19021.367188,484.0,1.0,338.0,3.0,0.0,0.061833,80640.0,1721542144.0,64.0,0.0,0.0,0.0,0.0,0.0,62.0,0.0,0.0,1.0,1.0,1.0,0.0,31.562004,31872.0,4.0,1.0,0.0,20.0,0.0,0.095051,0.0,0.0,19021.367188,0.095051,146.0,0.0,112.666664,0.0,0.0,0.095051,0.095051,1.0,0.0,0.0,21.041336,0.0,6.0
0.0,0.000511,0.0,146.0,0.000497,0.061322,-0.0,0.0,1674044.25,354.0,1.0,208.0,2.0,0.0,0.061833,80640.0,1721542144.0,64.0,0.0,0.0,0.0,0.0,0.0,62.0,0.0,0.0,1.0,1.0,0.0,0.0,4024.144775,31872.0,3.0,1.0,0.0,0.0,0.0,0.000497,0.0,0.0,1674044.25,0.000497,146.0,0.0,104.0,0.0,0.0,0.000497,0.000497,0.0,0.0,0.0,2012.072388,0.0,6.0
0.0,0.000511,0.0,85.555557,0.419257,0.061322,-0.0,13070.742188,406490.53125,23194.0,1.0,22424.0,20.0,0.0,0.061833,80640.0,1721542144.0,64.0,0.0,0.0,0.0,0.0,0.0,62.0,0.0,19.081375,1.0,9.0,0.0,0.0,66.784813,31872.0,29.0,1.0,0.0,0.0,0.0,0.419257,0.0,0.0,419561.28125,0.419257,770.0,0.0,1121.199951,0.0,0.0,0.419257,0.419257,0.0,0.0,0.0,45.318268,0.0,6.0
0.0,0.000511,0.0,117.199997,0.247638,0.061322,-0.0,15151.147461,30980.705078,1704.0,1.0,1118.0,7.0,0.0,0.061833,80640.0,1721542144.0,64.0,0.0,0.0,0.0,0.0,0.0,62.0,0.0,16.152609,1.0,5.0,0.0,0.0,44.419678,31872.0,12.0,1.0,0.0,0.0,0.0,0.247638,0.0,0.0,46131.851562,0.247638,586.0,0.0,159.714279,0.0,0.0,0.247638,0.247638,0.0,0.0,0.0,24.228914,0.0,6.0
0.0,0.000511,0.0,117.199997,0.617654,0.061322,-0.0,13664.607422,38830.800781,4400.0,1.0,3228.0,14.0,0.0,0.061833,80640.0,1721542144.0,64.0,0.0,0.0,0.0,0.0,0.0,62.0,0.0,14.571264,1.0,10.0,0.0,0.0,37.237675,31872.0,24.0,1.0,0.0,0.0,0.0,0.617654,0.0,0.0,52495.40625,0.617654,1172.0,0.0,230.571426,0.0,0.0,0.617654,0.617654,0.0,0.0,0.0,21.047382,0.0,6.0
0.0,0.000511,0.0,123.599998,0.215983,0.061322,-0.0,18334.775391,35002.753906,1720.0,1.0,1102.0,7.0,0.0,0.061833,80640.0,1721542144.0,64.0,0.0,0.0,0.0,0.0,0.0,62.0,0.0,18.519976,1.0,5.0,0.0,0.0,50.929932,31872.0,12.0,1.0,0.0,0.0,0.0,0.215983,0.0,0.0,53337.53125,0.215983,618.0,0.0,157.428574,0.0,0.0,0.215983,0.215983,0.0,0.0,0.0,27.779964,0.0,6.0
0.0,0.000511,0.0,123.599998,0.215392,0.061322,-0.0,18385.083984,38144.40625,1816.0,1.0,1198.0,7.0,0.0,0.061833,80640.0,1721542144.0,64.0,0.0,0.0,0.0,0.0,0.0,62.0,0.0,18.570793,1.0,5.0,0.0,0.0,51.069679,31872.0,12.0,1.0,0.0,0.0,0.0,0.215392,0.0,0.0,56529.492188,0.215392,618.0,0.0,171.142853,0.0,0.0,0.215392,0.215392,0.0,0.0,0.0,27.856188,0.0,6.0
0.0,0.000511,0.0,117.199997,0.247488,0.061322,-0.0,15160.331055,25665.890625,1512.0,1.0,926.0,7.0,0.0,0.061833,80640.0,1721542144.0,64.0,0.0,0.0,0.0,0.0,0.0,62.0,0.0,16.162399,1.0,5.0,0.0,0.0,44.446598,31872.0,12.0,1.0,0.0,0.0,0.0,0.247488,0.0,0.0,40826.222656,0.247488,586.0,0.0,132.285721,0.0,0.0,0.247488,0.247488,0.0,0.0,0.0,24.243599,0.0,6.0
0.0,0.000511,3.0,102.800003,0.987363,0.061322,-0.0,3338.184814,91970.226562,13000.0,1.0,12486.0,11.0,0.0,0.061833,79232.0,1721542144.0,64.0,0.0,0.0,0.0,0.0,0.0,62.0,0.0,4.051195,1.0,5.0,3.0,0.0,15.191981,31872.0,16.0,1.0,0.0,15.789474,0.0,0.987363,0.0,0.0,95308.414062,0.987363,514.0,0.0,1135.090942,0.0,0.0,0.987363,0.987363,1.0,0.0,0.0,10.127988,0.0,6.0
0.0,0.000511,1.0,73.5,0.780063,0.061322,-0.0,5281.625,131035.578125,14642.0,1.0,14054.0,11.0,0.0,0.061833,80640.0,1721542144.0,64.0,0.0,0.0,0.0,0.0,0.0,62.0,0.0,8.973635,1.0,8.0,1.0,0.0,23.07506,31872.0,19.0,1.0,0.0,5.0,0.0,0.780063,0.0,0.0,136317.203125,0.780063,588.0,0.0,1277.636353,0.0,0.0,0.780063,0.780063,1.0,0.0,0.0,12.819478,0.0,6.0
0.0,0.000511,1.0,102.666664,0.972108,0.061322,-0.0,4229.982422,82583.414062,11654.0,1.0,11038.0,11.0,0.0,0.061833,77568.0,1721542144.0,64.0,0.0,0.0,0.0,0.0,0.0,62.0,0.0,5.143461,1.0,6.0,1.0,0.0,16.459076,31872.0,17.0,1.0,0.0,5.555556,0.0,0.972108,0.0,0.0,86813.398438,0.972108,616.0,0.0,1003.454529,0.0,0.0,0.972108,0.972108,1.0,0.0,0.0,10.286922,0.0,6.0
0.0,0.000511,1.0,72.0,0.902195,0.061322,-0.0,5745.986328,116586.773438,15182.0,1.0,14462.0,11.0,0.0,0.061833,80640.0,1721542144.0,64.0,0.0,0.0,0.0,0.0,0.0,62.0,0.0,9.975671,1.0,10.0,1.0,0.0,22.168158,31872.0,21.0,1.0,0.0,4.545455,0.0,0.902195,0.0,0.0,122332.757812,0.902195,720.0,0.0,1314.727295,0.0,0.0,0.902195,0.902195,1.0,0.0,0.0,11.084079,0.0,6.0
0.0,0.000511,0.0,138.0,0.711362,0.061322,-0.0,1551.952393,809.714294,420.0,1.0,144.0,2.0,0.0,0.061833,80640.0,1721542144.0,64.0,0.0,0.0,0.0,0.0,0.0,62.0,0.0,1.405754,1.0,2.0,0.0,0.0,4.217262,31872.0,4.0,0.0,0.0,0.0,0.0,0.711362,0.0,0.0,2361.666748,0.711362,276.0,0.0,72.0,0.0,0.0,0.711362,0.711362,0.0,0.0,0.0,1.405754,0.0,6.0
0.0,0.000511,0.0,162.0,0.001048,0.061322,-0.0,0.0,0.0,240.0,1.0,78.0,1.0,0.0,0.061833,80640.0,1721542144.0,64.0,0.0,0.0,0.0,0.0,0.0,62.0,0.0,0.0,1.0,1.0,0.0,0.0,954.198547,31872.0,2.0,0.0,0.0,0.0,0.0,0.001048,0.0,0.0,0.0,0.001048,162.0,0.0,78.0,0.0,0.0,0.001048,0.001048,0.0,0.0,0.0,0.0,0.0,6.0
0.0,0.000511,0.0,124.666664,0.324918,0.061322,-0.0,15363.875977,29028.863281,2074.0,1.0,1326.0,9.0,0.0,0.061833,80640.0,1721542144.0,64.0,0.0,0.0,0.0,0.0,0.0,62.0,0.0,15.388498,1.0,6.0,0.0,0.0,43.087795,31872.0,15.0,1.0,0.0,0.0,0.0,0.324918,0.0,0.0,44392.738281,0.324918,748.0,0.0,147.333328,0.0,0.0,0.324918,0.324918,0.0,0.0,0.0,24.621597,0.0,6.0
0.0,0.000511,0.0,108.666664,0.926906,0.061322,-0.0,10322.513672,27705.074219,4728.0,1.0,3424.0,16.0,0.0,0.061833,80640.0,1721542144.0,64.0,0.0,0.0,0.0,0.0,0.0,62.0,0.0,11.867438,1.0,12.0,0.0,0.0,29.129168,31872.0,28.0,1.0,0.0,0.0,0.0,0.926906,0.0,0.0,38027.589844,0.926906,1304.0,0.0,214.0,0.0,0.0,0.926906,0.926906,0.0,0.0,0.0,16.182871,0.0,6.0
0.0,0.000511,2.0,130.0,0.905073,0.061322,-0.0,2298.157227,10288.672852,1748.0,1.0,1358.0,7.0,0.0,0.061833,80640.0,1721542144.0,64.0,0.0,0.0,0.0,0.0,0.0,62.0,0.0,2.209767,1.0,3.0,2.0,0.0,9.94395,31872.0,10.0,1.0,0.0,16.666667,0.0,0.905073,0.0,0.0,12586.830078,0.905073,390.0,0.0,194.0,0.0,0.0,0.905073,0.905073,1.0,0.0,0.0,6.6293,0.0,6.0
0.0,0.000511,0.0,0.0,0.0,0.061322,-0.0,0.0,0.0,338.0,1.0,338.0,1.0,0.0,0.061833,103135.70040124832,1721542144.0,64.0,0.0,0.0,0.0,0.0,0.0,62.0,0.0,0.0,1.0,0.0,0.0,0.0,0.0,37317.08209959624,1.0,0.0,0.0,0.0,0.0,0.0,0.0,1.0,0.0,0.0,0.0,0.0,338.0,0.0,0.0,0.0,0.0,0.0,0.0,0.0,0.0,0.0,6.0
0.0,0.000511,0.0,123.599998,0.657342,0.061322,-0.0,6024.26123,11172.266602,1688.0,1.0,1070.0,7.0,0.0,0.061833,80640.0,1721542144.0,64.0,0.0,0.0,0.0,0.0,0.0,62.0,0.0,6.085112,1.0,5.0,0.0,0.0,16.734058,31872.0,12.0,1.0,0.0,0.0,0.0,0.657342,0.0,0.0,17196.527344,0.657342,618.0,0.0,152.857147,0.0,0.0,0.657342,0.657342,0.0,0.0,0.0,9.127668,0.0,6.0
0.0,0.000511,2.0,82.0,0.704945,0.061322,-0.0,3722.276123,5242.961914,1026.0,1.0,616.0,4.0,0.0,0.061833,80640.0,1721542144.0,64.0,0.0,0.0,0.0,0.0,0.0,62.0,0.0,5.674201,1.0,5.0,2.0,0.0,11.348403,31872.0,9.0,1.0,0.0,18.181818,0.0,0.704945,0.0,0.0,8965.238281,0.704945,410.0,0.0,154.0,0.0,0.0,0.704945,0.704945,1.0,0.0,0.0,4.255651,0.0,6.0
0.0,0.000511,0.0,122.0,0.985152,0.061322,-0.0,2972.130127,5887.416504,1394.0,1.0,906.0,5.0,0.0,0.061833,80512.0,1721542144.0,64.0,0.0,0.0,0.0,0.0,0.0,62.0,0.0,3.045215,1.0,4.0,0.0,0.0,8.120574,31872.0,9.0,1.0,0.0,0.0,0.0,0.985152,0.0,0.0,8859.546875,0.985152,488.0,0.0,181.199997,0.0,0.0,0.985152,0.985152,0.0,0.0,0.0,4.060287,0.0,6.0
0.0,0.000511,0.0,98.0,0.632616,0.061322,-0.0,2478.596924,834.629578,426.0,1.0,132.0,2.0,0.0,0.061833,80640.0,1721542144.0,64.0,0.0,0.0,0.0,0.0,0.0,62.0,0.0,3.161476,1.0,3.0,0.0,0.0,6.322951,31872.0,5.0,0.0,0.0,0.0,0.0,0.632616,0.0,0.0,3313.226318,0.632616,294.0,0.0,66.0,0.0,0.0,0.632616,0.632616,0.0,0.0,0.0,1.580738,0.0,6.0
0.0,0.000511,0.0,119.333336,0.816327,0.061322,-0.0,2342.19873,8986.594727,1504.0,1.0,1146.0,5.0,0.0,0.061833,80640.0,1721542144.0,64.0,0.0,0.0,0.0,0.0,0.0,62.0,0.0,2.449999,1.0,3.0,0.0,0.0,8.574995,31872.0,8.0,1.0,0.0,0.0,0.0,0.816327,0.0,0.0,11328.793945,0.816327,358.0,0.0,229.199997,0.0,0.0,0.816327,0.816327,0.0,0.0,0.0,4.899997,0.0,6.0
0.0,0.000511,1.0,86.0,0.334669,0.061322,-0.0,4111.525391,13362.457031,1096.0,1.0,838.0,3.0,0.0,0.061833,80640.0,1721542144.0,64.0,0.0,0.0,0.0,0.0,0.0,62.0,0.0,5.976054,1.0,3.0,1.0,0.0,14.940135,31872.0,6.0,1.0,0.0,14.285714,0.0,0.334669,0.0,0.0,17473.982422,0.334669,258.0,0.0,279.333344,0.0,0.0,0.334669,0.334669,1.0,0.0,0.0,5.976054,0.0,6.0
0.0,0.000511,0.0,114.0,0.000528,0.061322,-0.0,0.0,0.0,180.0,1.0,66.0,1.0,0.0,0.061833,80640.0,1721542144.0,64.0,0.0,0.0,0.0,0.0,0.0,62.0,0.0,0.0,1.0,1.0,0.0,0.0,1893.939331,31872.0,2.0,0.0,0.0,0.0,0.0,0.000528,0.0,0.0,0.0,0.000528,114.0,0.0,66.0,0.0,0.0,0.000528,0.000528,0.0,0.0,0.0,0.0,0.0,6.0
0.0,0.000511,0.0,162.0,0.0,0.061322,-0.0,0.0,0.0,240.0,1.0,78.0,1.0,0.0,0.061833,80640.0,1721542144.0,64.0,0.0,0.0,0.0,0.0,0.0,62.0,0.0,0.0,1.0,1.0,0.0,0.0,0.0,31872.0,2.0,0.0,0.0,0.0,0.0,0.0,0.0,0.0,0.0,0.0,162.0,0.0,78.0,0.0,0.0,0.0,0.0,0.0,0.0,0.0,0.0,0.0,6.0
0.0,0.000511,0.0,120.400002,0.963026,0.061322,-0.0,4004.045654,8622.820312,1812.0,1.0,1210.0,7.0,0.0,0.061833,80640.0,1721542144.0,64.0,0.0,0.0,0.0,0.0,0.0,62.0,0.0,4.153574,1.0,5.0,0.0,0.0,11.422329,31872.0,12.0,1.0,0.0,0.0,0.0,0.963026,0.0,0.0,12626.866211,0.963026,602.0,0.0,172.857147,0.0,0.0,0.963026,0.963026,0.0,0.0,0.0,6.230361,0.0,6.0
0.0,0.000511,0.0,66.0,0.0,0.061322,-0.0,0.0,0.0,66.0,1.0,0.0,0.0,0.0,0.061833,80512.0,1721542144.0,64.0,0.0,0.0,0.0,0.0,0.0,62.0,0.0,0.0,1.0,1.0,0.0,0.0,0.0,37317.08209959624,1.0,0.0,0.0,0.0,0.0,0.0,0.0,0.0,0.0,0.0,66.0,0.0,0.0,0.0,0.0,0.0,0.0,0.0,0.0,0.0,0.0,0.0,6.0
0.0,0.000511,0.0,104.85714,0.863798,0.061322,-0.0,5834.697266,25839.373047,3872.0,1.0,3138.0,9.0,0.0,0.061833,80640.0,1721542144.0,64.0,0.0,0.0,0.0,0.0,0.0,62.0,0.0,6.946068,1.0,7.0,0.0,0.0,17.365171,31872.0,16.0,1.0,0.0,0.0,0.0,0.863798,0.0,0.0,31674.070312,0.863798,734.0,0.0,348.666656,0.0,0.0,0.863798,0.863798,0.0,0.0,0.0,9.261424,0.0,6.0
0.0,0.000511,0.0,99.777779,0.843635,0.061322,-0.0,7576.736328,19506.066406,3160.0,1.0,2262.0,11.0,0.0,0.061833,80640.0,1721542144.0,64.0,0.0,0.0,0.0,0.0,0.0,62.0,0.0,9.482774,1.0,9.0,0.0,0.0,22.521587,31872.0,20.0,1.0,0.0,0.0,0.0,0.843635,0.0,0.0,27082.800781,0.843635,898.0,0.0,205.636368,0.0,0.0,0.843635,0.843635,0.0,0.0,0.0,11.853467,0.0,6.0
0.0,0.000511,2.0,194.0,0.894383,0.061322,-0.0,3470.548828,17943.095703,2874.0,1.0,2292.0,8.0,0.0,0.061833,80640.0,1721542144.0,64.0,0.0,0.0,0.0,0.0,0.0,62.0,0.0,2.236178,1.0,3.0,2.0,0.0,11.180892,31872.0,11.0,1.0,0.0,15.384615,0.0,0.894383,0.0,0.0,21413.644531,0.894383,582.0,0.0,286.5,0.0,0.0,0.894383,0.894383,1.0,0.0,0.0,7.826624,0.0,6.0
0.0,0.000511,1.0,67.5,0.721033,0.061322,-0.0,5248.026367,227140.796875,22474.0,1.0,21934.0,15.0,0.0,0.061833,79488.0,1721542144.0,64.0,0.0,0.0,0.0,0.0,0.0,62.0,0.0,9.708294,1.0,8.0,1.0,1.0,30.51178,31872.0,23.0,0.0,0.0,4.166667,0.0,0.721033,0.0,0.0,232388.8125,0.721033,540.0,0.0,1462.266724,0.0,0.0,0.721033,0.721033,1.0,0.0,0.0,19.416588,0.0,6.0
0.0,0.000511,2.0,90.0,0.985772,0.061322,-0.0,730.392029,16742.207031,3274.0,1.0,3094.0,3.0,0.0,0.061833,80640.0,1721542144.0,64.0,0.0,0.0,0.0,0.0,0.0,62.0,0.0,1.014433,1.0,2.0,2.0,0.0,4.057734,31872.0,5.0,0.0,0.0,28.571429,0.0,0.985772,0.0,0.0,17472.599609,0.985772,180.0,0.0,1031.333374,0.0,0.0,0.985772,0.985772,1.0,0.0,0.0,2.028867,0.0,6.0
0.0,0.000511,0.0,117.199997,0.859908,0.061322,-0.0,4363.257324,7386.836914,1512.0,1.0,926.0,7.0,0.0,0.061833,80640.0,1721542144.0,64.0,0.0,0.0,0.0,0.0,0.0,62.0,0.0,4.65166,1.0,5.0,0.0,0.0,12.792067,31872.0,12.0,1.0,0.0,0.0,0.0,0.859908,0.0,0.0,11750.094727,0.859908,586.0,0.0,132.285721,0.0,0.0,0.859908,0.859908,0.0,0.0,0.0,6.977491,0.0,6.0
0.0,0.000511,0.0,82.0,0.958824,0.061322,-0.0,1368.342896,2286.133789,588.0,1.0,342.0,5.0,0.0,0.061833,80640.0,1721542144.0,64.0,0.0,0.0,0.0,0.0,0.0,62.0,0.0,2.085889,1.0,3.0,0.0,0.0,7.30061,31872.0,8.0,0.0,0.0,0.0,0.0,0.958824,0.0,0.0,3654.476807,0.958824,246.0,0.0,68.400002,0.0,0.0,0.958824,0.958824,0.0,0.0,0.0,4.171777,0.0,6.0
0.0,0.000511,0.0,66.0,0.0,0.061322,-0.0,0.0,0.0,66.0,1.0,0.0,0.0,0.0,0.061833,80640.0,1721542144.0,64.0,0.0,0.0,0.0,0.0,0.0,62.0,0.0,0.0,1.0,1.0,0.0,0.0,0.0,37317.08209959624,1.0,0.0,0.0,0.0,0.0,0.0,0.0,0.0,0.0,0.0,66.0,0.0,0.0,0.0,0.0,0.0,0.0,0.0,0.0,0.0,0.0,0.0,6.0
0.0,0.001008,0.0,236.0,0.865545,0.152742,-0.0,15268.993164,20001.271484,4292.0,0.0,2404.0,10.0,0.0,0.15375,64128.0,1721542144.0,64.0,0.0,0.0,0.0,0.0,0.0,62.0,0.0,8.08739,0.0,8.0,0.0,0.0,19.640804,31872.0,18.0,0.0,0.0,0.0,0.0,0.865545,0.0,0.0,35270.265625,0.865545,1888.0,0.0,240.399994,0.0,0.0,0.865545,0.865545,0.0,0.0,1.0,10.398073,0.0,7.0
0.0,0.001008,0.0,154.0,0.341536,0.152742,-0.0,3607.233398,3841.469238,554.0,0.0,246.0,3.0,0.0,0.15375,64128.0,1721542144.0,64.0,0.0,0.0,0.0,0.0,0.0,62.0,0.0,2.927949,1.0,2.0,0.0,0.0,11.711797,31872.0,5.0,1.0,0.0,0.0,0.0,0.341536,0.0,0.0,7448.702637,0.341536,308.0,0.0,82.0,0.0,0.0,0.341536,0.341536,0.0,0.0,0.0,5.855898,0.0,7.0
0.0,0.001008,0.0,101.199997,0.934229,0.152742,-0.0,3468.100342,12827.689453,2218.0,0.0,1712.0,8.0,0.0,0.15375,64128.0,1721542144.0,64.0,0.0,0.0,0.0,0.0,0.0,62.0,0.0,4.281605,1.0,5.0,0.0,0.0,12.844816,31872.0,13.0,1.0,0.0,0.0,0.0,0.934229,0.0,0.0,16295.790039,0.934229,506.0,0.0,214.0,0.0,0.0,0.934229,0.934229,0.0,0.0,0.0,7.492809,0.0,7.0
0.0,0.001008,0.0,114.0,0.527755,0.152742,-0.0,6912.297852,17235.269531,1896.0,0.0,1326.0,7.0,0.0,0.15375,64128.0,1721542144.0,64.0,0.0,0.0,0.0,0.0,0.0,62.0,0.0,7.579274,1.0,5.0,0.0,0.0,20.843004,31872.0,12.0,1.0,0.0,0.0,0.0,0.527755,0.0,0.0,24147.568359,0.527755,570.0,0.0,189.428574,0.0,0.0,0.527755,0.527755,0.0,0.0,0.0,11.368911,0.0,7.0
0.0,0.001008,0.0,117.199997,0.539751,0.152742,-0.0,6951.353516,13798.956055,1672.0,0.0,1086.0,7.0,0.0,0.15375,64128.0,1721542144.0,64.0,0.0,0.0,0.0,0.0,0.0,62.0,0.0,7.410825,1.0,5.0,0.0,0.0,20.379768,31872.0,12.0,1.0,0.0,0.0,0.0,0.539751,0.0,0.0,20750.308594,0.539751,586.0,0.0,155.142853,0.0,0.0,0.539751,0.539751,0.0,0.0,0.0,11.116237,0.0,7.0
0.0,0.001008,0.0,117.199997,0.542132,0.152742,-0.0,6920.823242,12808.688477,1578.0,0.0,992.0,8.0,0.0,0.15375,64128.0,1721542144.0,64.0,0.0,0.0,0.0,0.0,0.0,62.0,0.0,7.378277,1.0,5.0,0.0,0.0,22.13483,31872.0,13.0,1.0,0.0,0.0,0.0,0.542132,0.0,0.0,19729.511719,0.542132,586.0,0.0,124.0,0.0,0.0,0.542132,0.542132,0.0,0.0,0.0,12.911984,0.0,7.0
0.0,0.001008,0.0,85.692307,0.92815,0.152742,-0.0,8869.255859,168981.3125,21808.0,0.0,20694.0,19.0,0.0,0.15375,64128.0,1721542144.0,64.0,0.0,0.0,0.0,0.0,0.0,62.0,0.0,12.928945,1.0,13.0,0.0,0.0,33.399773,31872.0,32.0,1.0,0.0,0.0,0.0,0.92815,0.0,0.0,177850.5625,0.92815,1114.0,0.0,1089.157837,0.0,0.0,0.92815,0.92815,0.0,0.0,0.0,19.393417,0.0,7.0
0.0,0.001008,0.0,98.0,0.23143,0.152742,-0.0,23713.433594,744276.875,23448.0,0.0,22664.0,20.0,0.0,0.15375,64128.0,1721542144.0,64.0,0.0,0.0,0.0,0.0,0.0,62.0,0.0,30.246727,1.0,8.0,0.0,0.0,116.665947,31872.0,28.0,1.0,0.0,0.0,0.0,0.23143,0.0,0.0,767990.3125,0.23143,784.0,0.0,1133.199951,0.0,0.0,0.23143,0.23143,0.0,0.0,0.0,82.098259,0.0,7.0
0.0,0.001008,0.0,114.0,0.542018,0.152742,-0.0,6730.403809,11512.533203,1480.0,0.0,910.0,7.0,0.0,0.15375,67072.0,1721542144.0,64.0,0.0,0.0,0.0,0.0,0.0,62.0,0.0,7.379829,1.0,5.0,0.0,0.0,20.294529,31872.0,12.0,1.0,0.0,0.0,0.0,0.542018,0.0,0.0,18242.9375,0.542018,570.0,0.0,130.0,0.0,0.0,0.542018,0.542018,0.0,0.0,0.0,11.069743,0.0,7.0
0.0,0.001008,0.0,125.428574,0.894084,0.152742,-0.0,6737.62207,22172.414062,3546.0,0.0,2668.0,14.0,0.0,0.15375,69888.0,1721542144.0,64.0,0.0,0.0,0.0,0.0,0.0,62.0,0.0,6.710779,1.0,7.0,0.0,0.0,22.369263,31872.0,21.0,1.0,0.0,0.0,0.0,0.894084,0.0,0.0,28910.035156,0.894084,878.0,0.0,190.571426,0.0,0.0,0.894084,0.894084,0.0,0.0,0.0,14.540021,0.0,7.0
0.0,0.001008,0.0,98.0,0.202701,0.152742,-0.0,7735.531738,2604.821777,426.0,0.0,132.0,2.0,0.0,0.15375,78592.0,1721542144.0,64.0,0.0,0.0,0.0,0.0,0.0,62.0,0.0,9.86675,1.0,3.0,0.0,0.0,19.7335,31872.0,5.0,0.0,0.0,0.0,0.0,0.202701,0.0,0.0,10340.353516,0.202701,294.0,0.0,66.0,0.0,0.0,0.202701,0.202701,0.0,0.0,0.0,4.933375,0.0,7.0
0.0,0.001008,0.0,117.199997,0.539754,0.152742,-0.0,6951.31543,22751.105469,2376.0,0.0,1790.0,7.0,0.0,0.15375,84480.0,1721542144.0,64.0,0.0,0.0,0.0,0.0,0.0,62.0,0.0,7.410784,1.0,5.0,0.0,0.0,20.379656,31872.0,12.0,1.0,0.0,0.0,0.0,0.539754,0.0,0.0,29702.421875,0.539754,586.0,0.0,255.714279,0.0,0.0,0.539754,0.539754,0.0,0.0,0.0,11.116176,0.0,7.0
0.0,0.001008,0.0,130.0,0.867914,0.152742,-0.0,7189.652344,26970.414062,4102.0,0.0,3192.0,12.0,0.0,0.15375,87296.0,1721542144.0,64.0,0.0,0.0,0.0,0.0,0.0,62.0,0.0,6.913127,1.0,7.0,0.0,0.0,20.739382,31872.0,19.0,1.0,0.0,0.0,0.0,0.867914,0.0,0.0,34160.066406,0.867914,910.0,0.0,266.0,0.0,0.0,0.867914,0.867914,0.0,0.0,0.0,12.674067,0.0,7.0
0.0,0.001008,0.0,0.0,0.359961,0.152742,-0.0,0.0,3778.187012,340.0,0.0,340.0,2.0,0.0,0.15375,103135.70040124832,1721542144.0,64.0,0.0,0.0,0.0,0.0,0.0,62.0,0.0,0.0,1.0,0.0,1.0,0.0,2.778079,37317.08209959624,2.0,0.0,0.0,0.0,0.0,0.359961,0.0,1.0,3778.187012,0.359961,0.0,0.0,170.0,0.0,0.0,0.359961,0.359961,1.0,0.0,0.0,2.778079,0.0,7.0
0.0,0.001008,0.0,0.0,0.0,0.152742,-0.0,0.0,0.0,178.0,0.0,178.0,1.0,0.0,0.15375,103135.70040124832,1721542144.0,64.0,0.0,0.0,0.0,0.0,0.0,62.0,0.0,0.0,1.0,0.0,1.0,0.0,0.0,37317.08209959624,1.0,0.0,0.0,0.0,0.0,0.0,0.0,1.0,0.0,0.0,0.0,0.0,178.0,0.0,0.0,0.0,0.0,1.0,0.0,0.0,0.0,0.0,7.0
0.0,0.001008,1.0,115.714287,0.780346,0.152742,-0.0,7125.044922,11482.086914,2090.0,1.0,1280.0,8.0,0.0,0.15375,96000.0,1721542144.0,64.0,0.0,0.0,0.0,0.0,0.0,62.0,0.0,7.688897,1.0,7.0,1.0,0.0,17.94076,31872.0,15.0,1.0,0.0,6.25,0.0,0.780346,0.0,0.0,18607.130859,0.780346,810.0,0.0,160.0,0.0,0.0,0.780346,0.780346,1.0,0.0,0.0,8.97038,0.0,7.0
1.0,0.001008,1.0,123.599998,0.893254,0.152742,-0.0,4433.229492,9753.105469,1888.0,1.0,1270.0,7.0,0.0,0.15375,98944.0,1721542144.0,64.0,0.0,0.0,0.0,0.0,0.0,62.0,1.0,4.47801,1.0,5.0,0.0,0.0,12.314527,31872.0,12.0,1.0,0.0,7.692308,0.0,0.893254,0.0,0.0,14186.334961,0.893254,618.0,0.0,181.428574,0.0,0.0,0.893254,0.893254,0.0,0.0,0.0,6.717015,0.0,7.0
1.0,0.001008,1.0,126.800003,0.551414,0.152742,-0.0,7370.142578,9053.088867,1382.0,1.0,748.0,6.0,0.0,0.15375,101760.0,1721542144.0,64.0,0.0,0.0,0.0,0.0,0.0,62.0,1.0,7.254077,1.0,5.0,0.0,0.0,18.135193,31872.0,11.0,1.0,0.0,8.333333,0.0,0.551414,0.0,0.0,16423.232422,0.551414,634.0,0.0,124.666664,0.0,0.0,0.551414,0.551414,0.0,0.0,0.0,9.067596,0.0,7.0
1.0,0.001008,1.0,122.0,0.710172,0.152742,-0.0,6871.574707,7975.532715,1558.0,1.0,826.0,7.0,0.0,0.15375,104704.0,1721542144.0,64.0,0.0,0.0,0.0,0.0,0.0,62.0,1.0,7.040548,1.0,6.0,0.0,0.0,16.897316,31872.0,13.0,1.0,0.0,7.142857,0.0,0.710172,0.0,0.0,14847.107422,0.710172,732.0,0.0,118.0,0.0,0.0,0.710172,0.710172,0.0,0.0,0.0,8.448658,0.0,7.0
0.0,0.001008,0.0,136.399994,0.927367,0.152742,-0.0,4710.109375,6495.810547,1560.0,1.0,878.0,7.0,0.0,0.15375,107648.0,1721542144.0,64.0,0.0,0.0,0.0,0.0,0.0,62.0,0.0,4.313287,1.0,5.0,0.0,0.0,11.86154,31872.0,12.0,1.0,0.0,0.0,0.0,0.927367,0.0,0.0,11205.919922,0.927367,682.0,0.0,125.428574,0.0,0.0,0.927367,0.927367,0.0,0.0,0.0,6.469931,0.0,7.0
0.0,0.001008,0.0,110.0,0.371952,0.152742,-0.0,7097.689941,10646.535156,1058.0,1.0,618.0,5.0,0.0,0.15375,110464.0,1721542144.0,64.0,0.0,0.0,0.0,0.0,0.0,62.0,0.0,8.065557,1.0,4.0,0.0,0.0,21.508152,31872.0,9.0,1.0,0.0,0.0,0.0,0.371952,0.0,0.0,17744.224609,0.371952,440.0,0.0,123.599998,0.0,0.0,0.371952,0.371952,0.0,0.0,0.0,10.754076,0.0,7.0
0.0,0.001008,0.0,117.199997,0.572193,0.152742,-0.0,6557.227539,9758.944336,1400.0,1.0,814.0,7.0,0.0,0.15375,113408.0,1721542144.0,64.0,0.0,0.0,0.0,0.0,0.0,62.0,0.0,6.990648,1.0,5.0,0.0,0.0,19.224281,31872.0,12.0,1.0,0.0,0.0,0.0,0.572193,0.0,0.0,16316.171875,0.572193,586.0,0.0,116.285713,0.0,0.0,0.572193,0.572193,0.0,0.0,0.0,10.485971,0.0,7.0
0.0,0.001008,0.0,136.399994,0.990385,0.152742,-0.0,4410.40625,7350.676758,1722.0,1.0,1040.0,8.0,0.0,0.15375,116224.0,1721542144.0,64.0,0.0,0.0,0.0,0.0,0.0,62.0,0.0,4.038834,1.0,5.0,0.0,0.0,12.1165,31872.0,13.0,1.0,0.0,0.0,0.0,0.990385,0.0,0.0,11761.083008,0.990385,682.0,0.0,130.0,0.0,0.0,0.990385,0.990385,0.0,0.0,0.0,7.067958,0.0,7.0
0.0,0.001008,1.0,106.0,0.987586,0.152742,-0.0,858.659363,3321.229736,826.0,1.0,614.0,3.0,0.0,0.15375,119168.0,1721542144.0,64.0,0.0,0.0,0.0,0.0,0.0,62.0,0.0,1.01257,1.0,2.0,1.0,0.0,4.05028,31872.0,5.0,1.0,0.0,16.666667,0.0,0.987586,0.0,0.0,4179.88916,0.987586,212.0,0.0,204.666672,0.0,0.0,0.987586,0.987586,1.0,0.0,0.0,2.02514,0.0,7.0
0.0,0.001008,0.0,66.0,0.0,0.152742,-0.0,0.0,0.0,276.0,1.0,210.0,1.0,0.0,0.15375,122112.0,1721542144.0,64.0,0.0,0.0,0.0,0.0,0.0,62.0,0.0,0.0,1.0,1.0,0.0,1.0,0.0,31872.0,2.0,0.0,0.0,0.0,0.0,0.0,0.0,0.0,0.0,0.0,66.0,0.0,210.0,0.0,0.0,0.0,0.0,0.0,0.0,0.0,0.0,0.0,7.0
0.0,0.001008,0.0,66.0,0.0,0.152742,-0.0,0.0,0.0,276.0,1.0,210.0,1.0,0.0,0.15375,124928.0,1721542144.0,64.0,0.0,0.0,0.0,0.0,0.0,62.0,0.0,0.0,1.0,1.0,0.0,1.0,0.0,31872.0,2.0,0.0,0.0,0.0,0.0,0.0,0.0,0.0,0.0,0.0,66.0,0.0,210.0,0.0,0.0,0.0,0.0,0.0,0.0,0.0,0.0,0.0,7.0
0.0,0.001008,0.0,108.666664,0.949989,0.152742,-0.0,4581.105469,12160.140625,2256.0,1.0,1604.0,10.0,0.0,0.15375,127872.0,1721542144.0,64.0,0.0,0.0,0.0,0.0,0.0,62.0,0.0,5.263219,1.0,6.0,0.0,0.0,15.789657,31872.0,16.0,1.0,0.0,0.0,0.0,0.949989,0.0,0.0,16741.246094,0.949989,652.0,0.0,160.399994,0.0,0.0,0.949989,0.949989,0.0,0.0,0.0,9.473794,0.0,7.0
0.0,0.001008,0.0,98.0,0.078577,0.152742,-0.0,19954.949219,6719.523926,426.0,1.0,132.0,2.0,0.0,0.15375,127872.0,1721542144.0,64.0,0.0,0.0,0.0,0.0,0.0,62.0,0.0,25.452742,1.0,3.0,0.0,0.0,50.905483,31872.0,5.0,0.0,0.0,0.0,0.0,0.078577,0.0,0.0,26674.472656,0.078577,294.0,0.0,66.0,0.0,0.0,0.078577,0.078577,0.0,0.0,0.0,12.726371,0.0,7.0
0.0,0.001008,0.0,117.199997,0.216117,0.152742,-0.0,17360.966797,67963.1875,2728.0,1.0,2142.0,7.0,0.0,0.15375,129792.0,1721542144.0,64.0,0.0,0.0,0.0,0.0,0.0,62.0,0.0,18.508493,1.0,5.0,0.0,0.0,50.898357,31872.0,12.0,1.0,0.0,0.0,0.0,0.216117,0.0,0.0,85324.15625,0.216117,586.0,0.0,306.0,0.0,0.0,0.216117,0.216117,0.0,0.0,0.0,27.762741,0.0,7.0
0.0,0.001008,0.0,127.090912,0.943649,0.152742,-0.0,10775.193359,25560.351562,4614.0,1.0,3216.0,16.0,0.0,0.15375,130688.0,1721542144.0,64.0,0.0,0.0,0.0,0.0,0.0,62.0,0.0,10.59716,1.0,11.0,0.0,0.0,27.552618,31872.0,27.0,1.0,0.0,0.0,0.0,0.943649,0.0,0.0,36335.542969,0.943649,1398.0,0.0,201.0,0.0,0.0,0.943649,0.943649,0.0,0.0,0.0,15.895741,0.0,7.0
0.0,0.001008,0.0,95.333336,0.979718,0.152742,-0.0,3894.998291,5854.745605,1432.0,1.0,860.0,6.0,0.0,0.15375,130688.0,1721542144.0,64.0,0.0,0.0,0.0,0.0,0.0,62.0,0.0,5.103509,1.0,6.0,0.0,0.0,11.22772,31872.0,12.0,1.0,0.0,0.0,0.0,0.979718,0.0,0.0,9749.744141,0.979718,572.0,0.0,143.333328,0.0,0.0,0.979718,0.979718,0.0,0.0,0.0,5.103509,0.0,7.0
0.0,0.001008,0.0,98.0,0.894356,0.152742,-0.0,1753.216797,4526.161621,1052.0,1.0,758.0,3.0,0.0,0.15375,130688.0,1721542144.0,64.0,0.0,0.0,0.0,0.0,0.0,62.0,0.0,2.236246,1.0,3.0,0.0,0.0,5.590615,31872.0,6.0,1.0,0.0,0.0,0.0,0.894356,0.0,0.0,6279.378418,0.894356,294.0,0.0,252.666672,0.0,0.0,0.894356,0.894356,0.0,0.0,0.0,2.236246,0.0,7.0
0.0,0.001008,0.0,66.0,0.0,0.152742,-0.0,0.0,0.0,276.0,1.0,210.0,1.0,0.0,0.15375,130688.0,1721542144.0,64.0,0.0,0.0,0.0,0.0,0.0,62.0,0.0,0.0,1.0,1.0,0.0,1.0,0.0,31872.0,2.0,0.0,0.0,0.0,0.0,0.0,0.0,0.0,0.0,0.0,66.0,0.0,210.0,0.0,0.0,0.0,0.0,0.0,0.0,0.0,0.0,0.0,7.0
0.0,0.001008,0.0,66.0,0.0,0.152742,-0.0,0.0,0.0,276.0,1.0,210.0,1.0,0.0,0.15375,130688.0,1721542144.0,64.0,0.0,0.0,0.0,0.0,0.0,62.0,0.0,0.0,1.0,1.0,0.0,1.0,0.0,31872.0,2.0,0.0,0.0,0.0,0.0,0.0,0.0,0.0,0.0,0.0,66.0,0.0,210.0,0.0,0.0,0.0,0.0,0.0,0.0,0.0,0.0,0.0,7.0
0.0,0.001008,0.0,66.0,0.0,0.152742,-0.0,0.0,0.0,276.0,1.0,210.0,1.0,0.0,0.15375,130688.0,1721542144.0,64.0,0.0,0.0,0.0,0.0,0.0,62.0,0.0,0.0,1.0,1.0,0.0,1.0,0.0,31872.0,2.0,0.0,0.0,0.0,0.0,0.0,0.0,0.0,0.0,0.0,66.0,0.0,210.0,0.0,0.0,0.0,0.0,0.0,0.0,0.0,0.0,0.0,7.0
0.0,0.001008,0.0,66.0,0.0,0.152742,-0.0,0.0,0.0,276.0,1.0,210.0,1.0,0.0,0.15375,130688.0,1721542144.0,64.0,0.0,0.0,0.0,0.0,0.0,62.0,0.0,0.0,1.0,1.0,0.0,1.0,0.0,31872.0,2.0,0.0,0.0,0.0,0.0,0.0,0.0,0.0,0.0,0.0,66.0,0.0,210.0,0.0,0.0,0.0,0.0,0.0,0.0,0.0,0.0,0.0,7.0
0.0,0.001008,0.0,70.0,0.814524,0.152742,-0.0,7562.699219,25713.177734,3696.0,1.0,2856.0,12.0,0.0,0.15375,130688.0,1721542144.0,64.0,0.0,0.0,0.0,0.0,0.0,62.0,0.0,13.50482,1.0,12.0,0.0,0.0,28.23735,31872.0,24.0,1.0,0.0,0.0,0.0,0.814524,0.0,0.0,33275.875,0.814524,840.0,0.0,238.0,0.0,0.0,0.814524,0.814524,0.0,0.0,0.0,13.50482,0.0,7.0
0.0,0.001008,0.0,114.0,0.000996,0.152742,-0.0,0.0,0.0,180.0,1.0,66.0,1.0,0.0,0.15375,130688.0,1721542144.0,64.0,0.0,0.0,0.0,0.0,0.0,62.0,0.0,0.0,1.0,1.0,0.0,0.0,1004.016052,31872.0,2.0,0.0,0.0,0.0,0.0,0.000996,0.0,0.0,0.0,0.000996,114.0,0.0,66.0,0.0,0.0,0.000996,0.000996,0.0,0.0,0.0,0.0,0.0,7.0
0.0,0.001008,0.0,114.0,0.601583,0.152742,-0.0,6064.000977,10372.633789,1480.0,1.0,910.0,7.0,0.0,0.15375,130688.0,1721542144.0,64.0,0.0,0.0,0.0,0.0,0.0,62.0,0.0,6.649124,1.0,5.0,0.0,0.0,18.285091,31872.0,12.0,1.0,0.0,0.0,0.0,0.601583,0.0,0.0,16436.634766,0.601583,570.0,0.0,130.0,0.0,0.0,0.601583,0.601583,0.0,0.0,0.0,9.973686,0.0,7.0
0.0,0.001008,0.0,117.199997,0.586584,0.152742,-0.0,6396.355957,10269.628906,1464.0,1.0,878.0,7.0,0.0,0.15375,130688.0,1721542144.0,64.0,0.0,0.0,0.0,0.0,0.0,62.0,0.0,6.819143,1.0,5.0,0.0,0.0,18.752644,31872.0,12.0,1.0,0.0,0.0,0.0,0.586584,0.0,0.0,16665.986328,0.586584,586.0,0.0,125.428574,0.0,0.0,0.586584,0.586584,0.0,0.0,0.0,10.228715,0.0,7.0
0.0,0.001008,0.0,114.0,0.629972,0.152742,-0.0,5790.733887,9448.039062,1462.0,1.0,892.0,6.0,0.0,0.15375,130688.0,1721542144.0,64.0,0.0,0.0,0.0,0.0,0.0,62.0,0.0,6.349489,1.0,5.0,0.0,0.0,15.873722,31872.0,11.0,1.0,0.0,0.0,0.0,0.629972,0.0,0.0,15238.773438,0.629972,570.0,0.0,148.666672,0.0,0.0,0.629972,0.629972,0.0,0.0,0.0,7.936861,0.0,7.0
0.0,0.001008,0.0,114.0,0.001997,0.152742,-0.0,0.0,288432.625,258.0,1.0,144.0,2.0,0.0,0.15375,130688.0,1721542144.0,64.0,0.0,0.0,0.0,0.0,0.0,62.0,0.0,0.0,1.0,1.0,0.0,0.0,1001.502197,31872.0,3.0,0.0,0.0,0.0,0.0,0.001997,0.0,0.0,288432.625,0.001997,114.0,0.0,72.0,0.0,0.0,0.001997,0.001997,0.0,0.0,0.0,500.751099,0.0,7.0
0.0,0.001008,0.0,117.199997,0.509895,0.152742,-0.0,7358.377441,16913.285156,1818.0,1.0,1232.0,8.0,0.0,0.15375,130688.0,1721542144.0,64.0,0.0,0.0,0.0,0.0,0.0,62.0,0.0,7.844752,1.0,5.0,0.0,0.0,23.534256,31872.0,13.0,1.0,0.0,0.0,0.0,0.509895,0.0,0.0,24271.662109,0.509895,586.0,0.0,154.0,0.0,0.0,0.509895,0.509895,0.0,0.0,0.0,13.728316,0.0,7.0
0.0,0.001008,0.0,125.428574,0.853696,0.152742,-0.0,7056.375977,96052.929688,11730.0,1.0,10852.0,18.0,0.0,0.15375,130688.0,1721542144.0,64.0,0.0,0.0,0.0,0.0,0.0,62.0,0.0,7.028263,1.0,7.0,0.0,0.0,28.113052,31872.0,25.0,1.0,0.0,0.0,0.0,0.853696,0.0,0.0,103109.304688,0.853696,878.0,0.0,602.888916,0.0,0.0,0.853696,0.853696,0.0,0.0,0.0,19.913412,0.0,7.0
0.0,0.001008,0.0,85.199997,0.355615,0.152742,-0.0,7671.217773,81098.945312,4932.0,1.0,4506.0,5.0,0.0,0.15375,130688.0,1721542144.0,64.0,0.0,0.0,0.0,0.0,0.0,62.0,0.0,11.248119,1.0,5.0,0.0,0.0,25.30827,31872.0,10.0,1.0,0.0,0.0,0.0,0.355615,0.0,0.0,88770.164062,0.355615,426.0,0.0,901.200012,0.0,0.0,0.355615,0.355615,0.0,0.0,0.0,11.248119,0.0,7.0
0.0,0.001008,0.0,115.599998,0.663688,0.152742,-0.0,12548.064453,29869.457031,3824.0,1.0,2668.0,14.0,0.0,0.15375,130688.0,1721542144.0,64.0,0.0,0.0,0.0,0.0,0.0,62.0,0.0,13.560589,1.0,10.0,0.0,0.0,34.654839,31872.0,24.0,1.0,0.0,0.0,0.0,0.663688,0.0,0.0,42417.519531,0.663688,1156.0,0.0,190.571426,0.0,0.0,0.663688,0.663688,0.0,0.0,0.0,19.587517,0.0,7.0
0.0,0.001008,0.0,114.0,0.217035,0.152742,-0.0,16808.349609,33321.816406,1624.0,1.0,1054.0,7.0,0.0,0.15375,130688.0,1721542144.0,64.0,0.0,0.0,0.0,0.0,0.0,62.0,0.0,18.430208,1.0,5.0,0.0,0.0,50.683071,31872.0,12.0,1.0,0.0,0.0,0.0,0.217035,0.0,0.0,50130.164062,0.217035,570.0,0.0,150.571426,0.0,0.0,0.217035,0.217035,0.0,0.0,0.0,27.645311,0.0,7.0
0.0,0.001008,0.0,117.199997,0.21706,0.152742,-0.0,17285.542969,22998.25,1334.0,1.0,748.0,6.0,0.0,0.15375,130688.0,1721542144.0,64.0,0.0,0.0,0.0,0.0,0.0,62.0,0.0,18.428085,1.0,5.0,0.0,0.0,46.07021,31872.0,11.0,1.0,0.0,0.0,0.0,0.21706,0.0,0.0,40283.792969,0.21706,586.0,0.0,124.666664,0.0,0.0,0.21706,0.21706,0.0,0.0,0.0,23.035105,0.0,7.0
0.0,0.001008,0.0,117.199997,0.543116,0.152742,-0.0,6908.285156,9191.407227,1334.0,1.0,748.0,6.0,0.0,0.15375,130688.0,1721542144.0,64.0,0.0,0.0,0.0,0.0,0.0,62.0,0.0,7.36491,1.0,5.0,0.0,0.0,18.412273,31872.0,11.0,1.0,0.0,0.0,0.0,0.543116,0.0,0.0,16099.692383,0.543116,586.0,0.0,124.666664,0.0,0.0,0.543116,0.543116,0.0,0.0,0.0,9.206137,0.0,7.0
0.0,0.001008,0.0,122.0,0.895168,0.152742,-0.0,5451.490723,8534.710938,1806.0,1.0,1074.0,9.0,0.0,0.15375,130688.0,1721542144.0,64.0,0.0,0.0,0.0,0.0,0.0,62.0,0.0,5.585544,1.0,6.0,0.0,0.0,15.639523,31872.0,15.0,1.0,0.0,0.0,0.0,0.895168,0.0,0.0,13986.201172,0.895168,732.0,0.0,119.333336,0.0,0.0,0.895168,0.895168,0.0,0.0,0.0,8.93687,0.0,7.0
0.0,0.001008,2.0,146.0,0.61825,0.152742,-0.0,0.0,12525.676758,1356.0,1.0,1210.0,5.0,0.0,0.15375,130688.0,1721542144.0,64.0,0.0,0.0,0.0,0.0,0.0,62.0,0.0,0.0,1.0,1.0,2.0,0.0,8.087343,31872.0,6.0,1.0,0.0,25.0,0.0,0.61825,0.0,0.0,12525.676758,0.61825,146.0,0.0,242.0,0.0,0.0,0.61825,0.61825,1.0,0.0,0.0,6.469874,0.0,7.0
0.0,0.001008,0.0,120.0,0.242596,0.152742,-0.0,3957.196289,7980.345703,724.0,1.0,484.0,2.0,0.0,0.15375,130688.0,1721542144.0,64.0,0.0,0.0,0.0,0.0,0.0,62.0,0.0,4.122079,1.0,2.0,0.0,0.0,12.366239,31872.0,4.0,1.0,0.0,0.0,0.0,0.242596,0.0,0.0,11937.541992,0.242596,240.0,0.0,242.0,0.0,0.0,0.242596,0.242596,0.0,0.0,0.0,4.122079,0.0,7.0
0.0,0.001008,0.0,91.599998,0.38759,0.152742,-0.0,17028.302734,183905.671875,10636.0,1.0,9720.0,12.0,0.0,0.15375,130688.0,1721542144.0,64.0,0.0,0.0,0.0,0.0,0.0,62.0,0.0,23.220413,1.0,10.0,0.0,0.0,54.180965,31872.0,22.0,1.0,0.0,0.0,0.0,0.38759,0.0,0.0,200933.984375,0.38759,916.0,0.0,810.0,0.0,0.0,0.38759,0.38759,0.0,0.0,0.0,28.380507,0.0,7.0
0.0,0.001008,0.0,121.111115,0.997711,0.152742,-0.0,7769.785156,13823.642578,2970.0,1.0,1880.0,12.0,0.0,0.15375,130688.0,1721542144.0,64.0,0.0,0.0,0.0,0.0,0.0,62.0,0.0,8.018354,1.0,9.0,0.0,0.0,20.045885,31872.0,21.0,1.0,0.0,0.0,0.0,0.997711,0.0,0.0,21593.427734,0.997711,1090.0,0.0,156.666672,0.0,0.0,0.997711,0.997711,0.0,0.0,0.0,11.025237,0.0,7.0
0.0,0.001008,0.0,146.0,0.971894,0.152742,-0.0,2403.554199,5745.482422,1252.0,1.0,814.0,7.0,0.0,0.15375,130688.0,1721542144.0,64.0,0.0,0.0,0.0,0.0,0.0,62.0,0.0,2.057837,1.0,3.0,0.0,0.0,9.260269,31872.0,10.0,1.0,0.0,0.0,0.0,0.971894,0.0,0.0,8149.036621,0.971894,438.0,0.0,116.285713,0.0,0.0,0.971894,0.971894,0.0,0.0,0.0,6.173512,0.0,7.0
0.0,0.001008,0.0,98.0,0.200559,0.152742,-0.0,7818.147949,2632.641602,426.0,1.0,132.0,2.0,0.0,0.15375,130688.0,1721542144.0,64.0,0.0,0.0,0.0,0.0,0.0,62.0,0.0,9.972128,1.0,3.0,0.0,0.0,19.944256,31872.0,5.0,0.0,0.0,0.0,0.0,0.200559,0.0,0.0,10450.790039,0.200559,294.0,0.0,66.0,0.0,0.0,0.200559,0.200559,0.0,0.0,0.0,4.986064,0.0,7.0
0.0,0.001008,0.0,126.800003,0.511633,0.152742,-0.0,7943.193848,10914.073242,1448.0,1.0,814.0,7.0,0.0,0.15375,130688.0,1721542144.0,64.0,0.0,0.0,0.0,0.0,0.0,62.0,0.0,7.818104,1.0,5.0,0.0,0.0,21.499786,31872.0,12.0,1.0,0.0,0.0,0.0,0.511633,0.0,0.0,18857.267578,0.511633,634.0,0.0,116.285713,0.0,0.0,0.511633,0.511633,0.0,0.0,0.0,11.727157,0.0,7.0
0.0,0.001008,0.0,130.0,0.322704,0.152742,-0.0,6445.535645,12940.652344,1086.0,1.0,696.0,4.0,0.0,0.15375,130688.0,1721542144.0,64.0,0.0,0.0,0.0,0.0,0.0,62.0,0.0,6.19763,1.0,3.0,0.0,0.0,18.592892,31872.0,7.0,1.0,0.0,0.0,0.0,0.322704,0.0,0.0,19386.1875,0.322704,390.0,0.0,174.0,0.0,0.0,0.322704,0.322704,0.0,0.0,0.0,9.296446,0.0,7.0
0.0,0.001008,0.0,90.0,0.277535,0.152742,-0.0,7782.802246,12625.43457,944.0,1.0,584.0,4.0,0.0,0.15375,130688.0,1721542144.0,64.0,0.0,0.0,0.0,0.0,0.0,62.0,0.0,10.809448,1.0,4.0,0.0,0.0,25.222044,31872.0,8.0,1.0,0.0,0.0,0.0,0.277535,0.0,0.0,20408.238281,0.277535,360.0,0.0,146.0,0.0,0.0,0.277535,0.277535,0.0,0.0,0.0,10.809448,0.0,7.0
0.0,0.001008,0.0,124.666664,0.336783,0.152742,-0.0,5938.541992,10404.326172,958.0,1.0,584.0,4.0,0.0,0.15375,130688.0,1721542144.0,64.0,0.0,0.0,0.0,0.0,0.0,62.0,0.0,5.938542,1.0,3.0,0.0,0.0,17.815626,31872.0,7.0,1.0,0.0,0.0,0.0,0.336783,0.0,0.0,16342.868164,0.336783,374.0,0.0,146.0,0.0,0.0,0.336783,0.336783,0.0,0.0,0.0,8.907813,0.0,7.0
0.0,0.001008,0.0,98.0,0.370685,0.152742,-0.0,4230.006348,11222.46582,944.0,1.0,650.0,5.0,0.0,0.15375,130688.0,1721542144.0,64.0,0.0,0.0,0.0,0.0,0.0,62.0,0.0,5.395416,1.0,3.0,0.0,0.0,18.883957,31872.0,8.0,1.0,0.0,0.0,0.0,0.370685,0.0,0.0,15452.472656,0.370685,294.0,0.0,130.0,0.0,0.0,0.370685,0.370685,0.0,0.0,0.0,10.790833,0.0,7.0
0.0,0.001008,0.0,119.333336,0.972851,0.152742,-0.0,7853.207031,19513.779297,3644.0,1.0,2570.0,13.0,0.0,0.15375,130688.0,1721542144.0,64.0,0.0,0.0,0.0,0.0,0.0,62.0,0.0,8.223253,1.0,9.0,0.0,0.0,21.58604,31872.0,22.0,1.0,0.0,0.0,0.0,0.972851,0.0,0.0,27366.986328,0.972851,1074.0,0.0,197.692307,0.0,0.0,0.972851,0.972851,0.0,0.0,0.0,12.33488,0.0,7.0
0.0,0.001008,0.0,106.0,0.648835,0.152742,-0.0,6534.789062,7693.789551,1384.0,1.0,748.0,6.0,0.0,0.15375,130688.0,1721542144.0,64.0,0.0,0.0,0.0,0.0,0.0,62.0,0.0,7.70612,1.0,6.0,0.0,0.0,16.953463,31872.0,12.0,1.0,0.0,0.0,0.0,0.648835,0.0,0.0,14228.579102,0.648835,636.0,0.0,124.666664,0.0,0.0,0.648835,0.648835,0.0,0.0,0.0,7.70612,0.0,7.0
0.0,0.001008,0.0,119.333336,0.338072,0.152742,-0.0,5655.600098,10080.692383,926.0,1.0,568.0,4.0,0.0,0.15375,130688.0,1721542144.0,64.0,0.0,0.0,0.0,0.0,0.0,62.0,0.0,5.9159,1.0,3.0,0.0,0.0,17.747698,31872.0,7.0,1.0,0.0,0.0,0.0,0.338072,0.0,0.0,15736.292969,0.338072,358.0,0.0,142.0,0.0,0.0,0.338072,0.338072,0.0,0.0,0.0,8.873849,0.0,7.0
0.0,0.001008,0.0,0.0,0.734876,0.152742,-0.0,0.0,6313.990723,870.0,1.0,870.0,3.0,0.0,0.15375,103135.70040124832,1721542144.0,64.0,0.0,0.0,0.0,0.0,0.0,62.0,0.0,0.0,1.0,0.0,2.0,0.0,2.721548,37317.08209959624,3.0,0.0,0.0,0.0,0.0,0.734876,0.0,1.0,6313.990723,0.734876,0.0,0.0,290.0,0.0,0.0,0.734876,0.734876,1.0,0.0,0.0,2.721548,0.0,7.0
0.0,0.001008,0.0,70.0,0.587818,0.152742,-0.0,1905.351562,6450.976074,920.0,1.0,710.0,3.0,0.0,0.15375,130688.0,1721542144.0,64.0,0.0,0.0,0.0,0.0,0.0,62.0,0.0,3.402414,1.0,3.0,0.0,1.0,8.506034,31872.0,6.0,0.0,0.0,0.0,0.0,0.587818,0.0,0.0,8356.327148,0.587818,210.0,0.0,236.666672,0.0,0.0,0.587818,0.587818,0.0,0.0,0.0,3.402414,0.0,7.0
0.0,0.001008,0.0,66.0,0.94201,0.152742,-0.0,0.0,1783.420532,486.0,1.0,420.0,2.0,0.0,0.15375,130688.0,1721542144.0,64.0,0.0,0.0,0.0,0.0,0.0,62.0,0.0,0.0,1.0,1.0,0.0,1.0,2.12312,31872.0,3.0,0.0,0.0,0.0,0.0,0.94201,0.0,0.0,1783.420532,0.94201,66.0,0.0,210.0,0.0,0.0,0.94201,0.94201,0.0,0.0,0.0,1.06156,0.0,7.0
0.0,0.001008,0.0,66.0,0.952269,0.152742,-0.0,0.0,0.0,276.0,1.0,210.0,1.0,0.0,0.15375,130688.0,1721542144.0,64.0,0.0,0.0,0.0,0.0,0.0,62.0,0.0,0.0,1.0,1.0,0.0,1.0,1.050123,31872.0,2.0,0.0,0.0,0.0,0.0,0.952269,0.0,0.0,0.0,0.952269,66.0,0.0,210.0,0.0,0.0,0.952269,0.952269,0.0,0.0,0.0,0.0,0.0,7.0
0.0,0.001008,0.0,66.0,0.854523,0.152742,-0.0,0.0,0.0,276.0,1.0,210.0,1.0,0.0,0.15375,130688.0,1721542144.0,64.0,0.0,0.0,0.0,0.0,0.0,62.0,0.0,0.0,1.0,1.0,0.0,1.0,1.170244,31872.0,2.0,0.0,0.0,0.0,0.0,0.854523,0.0,0.0,0.0,0.854523,66.0,0.0,210.0,0.0,0.0,0.854523,0.854523,0.0,0.0,0.0,0.0,0.0,7.0
0.0,0.001008,0.0,66.0,0.85367,0.152742,-0.0,0.0,0.0,276.0,1.0,210.0,1.0,0.0,0.15375,130688.0,1721542144.0,64.0,0.0,0.0,0.0,0.0,0.0,62.0,0.0,0.0,1.0,1.0,0.0,1.0,1.171413,31872.0,2.0,0.0,0.0,0.0,0.0,0.85367,0.0,0.0,0.0,0.85367,66.0,0.0,210.0,0.0,0.0,0.85367,0.85367,0.0,0.0,0.0,0.0,0.0,7.0
0.0,0.001008,0.0,66.0,0.837371,0.152742,-0.0,0.0,0.0,276.0,1.0,210.0,1.0,0.0,0.15375,130688.0,1721542144.0,64.0,0.0,0.0,0.0,0.0,0.0,62.0,0.0,0.0,1.0,1.0,0.0,1.0,1.194214,31872.0,2.0,0.0,0.0,0.0,0.0,0.837371,0.0,0.0,0.0,0.837371,66.0,0.0,210.0,0.0,0.0,0.837371,0.837371,0.0,0.0,0.0,0.0,0.0,7.0
0.0,0.001008,0.0,66.0,0.838173,0.152742,-0.0,0.0,2538.855469,598.0,1.0,532.0,2.0,0.0,0.15375,130688.0,1721542144.0,64.0,0.0,0.0,0.0,0.0,0.0,62.0,0.0,0.0,1.0,1.0,0.0,1.0,2.386142,31872.0,3.0,0.0,0.0,0.0,0.0,0.838173,0.0,0.0,2538.855469,0.838173,66.0,0.0,266.0,0.0,0.0,0.838173,0.838173,0.0,0.0,0.0,1.193071,0.0,7.0
0.0,0.001008,0.0,101.199997,0.971266,0.152742,-0.0,3335.852539,2026.221558,834.0,1.0,328.0,4.0,0.0,0.15375,130688.0,1721542144.0,64.0,0.0,0.0,0.0,0.0,0.0,62.0,0.0,4.118336,1.0,5.0,0.0,0.0,8.236672,31872.0,9.0,1.0,0.0,0.0,0.0,0.971266,0.0,0.0,5362.074219,0.971266,506.0,0.0,82.0,0.0,0.0,0.971266,0.971266,0.0,0.0,0.0,3.088752,0.0,7.0
0.0,0.001008,1.0,96.666664,0.695032,0.152742,-0.0,2232.990723,17921.476562,2158.0,1.0,1868.0,6.0,0.0,0.15375,130688.0,1721542144.0,64.0,0.0,0.0,0.0,0.0,0.0,62.0,0.0,2.877565,1.0,3.0,1.0,0.0,11.510262,31872.0,9.0,1.0,0.0,10.0,0.0,0.695032,0.0,0.0,20154.466797,0.695032,290.0,0.0,311.333344,0.0,0.0,0.695032,0.695032,1.0,0.0,0.0,7.193913,0.0,7.0
0.0,0.001008,0.0,66.0,0.166084,0.152742,-0.0,3179.114014,13583.487305,696.0,1.0,564.0,2.0,0.0,0.15375,130688.0,1721542144.0,64.0,0.0,0.0,0.0,0.0,0.0,62.0,0.0,6.021049,1.0,2.0,0.0,1.0,18.063148,31872.0,4.0,0.0,0.0,0.0,0.0,0.166084,0.0,0.0,16762.601562,0.166084,132.0,0.0,282.0,0.0,0.0,0.166084,0.166084,0.0,0.0,0.0,6.021049,0.0,7.0
0.0,0.001008,0.0,66.0,0.16955,0.152742,-0.0,9342.376953,42748.453125,1472.0,1.0,1208.0,4.0,0.0,0.15375,130304.0,1721542144.0,64.0,0.0,0.0,0.0,0.0,0.0,62.0,0.0,17.693895,1.0,4.0,0.0,1.0,41.285755,31872.0,8.0,0.0,0.0,0.0,0.0,0.16955,0.0,0.0,52090.828125,0.16955,264.0,0.0,302.0,0.0,0.0,0.16955,0.16955,0.0,0.0,0.0,17.693895,0.0,7.0
0.0,0.001008,1.0,72.0,0.667807,0.152742,-0.0,862.524658,7978.353027,1142.0,1.0,998.0,3.0,0.0,0.15375,130688.0,1721542144.0,64.0,0.0,0.0,0.0,0.0,0.0,62.0,0.0,1.497439,1.0,2.0,1.0,1.0,5.989755,31872.0,5.0,0.0,0.0,16.666667,0.0,0.667807,0.0,0.0,8840.87793,0.667807,144.0,0.0,332.666656,0.0,0.0,0.667807,0.667807,1.0,0.0,0.0,2.994877,0.0,7.0
0.0,0.001008,0.0,66.0,0.157691,0.152742,-0.0,0.0,0.0,500.0,1.0,434.0,1.0,0.0,0.15375,130432.0,1721542144.0,64.0,0.0,0.0,0.0,0.0,0.0,62.0,0.0,0.0,1.0,1.0,0.0,1.0,6.341516,31872.0,2.0,0.0,0.0,0.0,0.0,0.157691,0.0,0.0,0.0,0.157691,66.0,0.0,434.0,0.0,0.0,0.157691,0.157691,0.0,0.0,0.0,0.0,0.0,7.0
0.0,0.001008,0.0,66.0,0.159,0.152742,-0.0,0.0,0.0,900.0,1.0,834.0,1.0,0.0,0.15375,130304.0,1721542144.0,64.0,0.0,0.0,0.0,0.0,0.0,62.0,0.0,0.0,1.0,1.0,0.0,1.0,6.289309,31872.0,2.0,0.0,0.0,0.0,0.0,0.159,0.0,0.0,0.0,0.159,66.0,0.0,834.0,0.0,0.0,0.159,0.159,0.0,0.0,0.0,0.0,0.0,7.0
0.0,0.001008,0.0,66.0,0.162326,0.152742,-0.0,0.0,0.0,500.0,1.0,434.0,1.0,0.0,0.15375,130304.0,1721542144.0,64.0,0.0,0.0,0.0,0.0,0.0,62.0,0.0,0.0,1.0,1.0,0.0,1.0,6.160443,31872.0,2.0,0.0,0.0,0.0,0.0,0.162326,0.0,0.0,0.0,0.162326,66.0,0.0,434.0,0.0,0.0,0.162326,0.162326,0.0,0.0,0.0,0.0,0.0,7.0
0.0,0.001008,0.0,66.0,0.916091,0.152742,-0.0,0.0,3790.016357,934.0,1.0,868.0,2.0,0.0,0.15375,130304.0,1721542144.0,64.0,0.0,0.0,0.0,0.0,0.0,62.0,0.0,0.0,1.0,1.0,0.0,1.0,2.183189,31872.0,3.0,0.0,0.0,0.0,0.0,0.916091,0.0,0.0,3790.016357,0.916091,66.0,0.0,434.0,0.0,0.0,0.916091,0.916091,0.0,0.0,0.0,1.091595,0.0,7.0
0.0,0.001008,0.0,66.0,0.963287,0.152742,-0.0,0.0,4468.035156,872.0,1.0,806.0,3.0,0.0,0.15375,130304.0,1721542144.0,64.0,0.0,0.0,0.0,0.0,0.0,62.0,0.0,0.0,1.0,1.0,0.0,1.0,3.114337,31872.0,4.0,0.0,0.0,0.0,0.0,0.963287,0.0,0.0,4468.035156,0.963287,66.0,0.0,268.666656,0.0,0.0,0.963287,0.963287,0.0,0.0,0.0,2.076224,0.0,7.0
0.0,0.001008,0.0,85.199997,0.093706,0.152742,-0.0,29112.330078,5634.644531,558.0,1.0,132.0,2.0,0.0,0.15375,130688.0,1721542144.0,64.0,0.0,0.0,0.0,0.0,0.0,62.0,0.0,42.686703,1.0,5.0,0.0,0.0,64.030052,31872.0,7.0,0.0,0.0,0.0,0.0,0.093706,0.0,0.0,34746.976562,0.093706,426.0,0.0,66.0,0.0,0.0,0.093706,0.093706,0.0,0.0,0.0,10.671676,0.0,7.0
0.0,0.001008,0.0,119.333336,0.123647,0.152742,-0.0,15463.375977,27562.335938,926.0,1.0,568.0,4.0,0.0,0.15375,130688.0,1721542144.0,64.0,0.0,0.0,0.0,0.0,0.0,62.0,0.0,16.175079,1.0,3.0,0.0,0.0,48.525238,31872.0,7.0,1.0,0.0,0.0,0.0,0.123647,0.0,0.0,43025.710938,0.123647,358.0,0.0,142.0,0.0,0.0,0.123647,0.123647,0.0,0.0,0.0,24.262619,0.0,7.0
0.0,0.001008,1.0,78.0,0.0,0.152742,-0.0,0.0,0.0,1106.0,1.0,1028.0,2.0,0.0,0.15375,130688.0,1721542144.0,64.0,0.0,0.0,0.0,0.0,0.0,62.0,0.0,0.0,1.0,1.0,1.0,1.0,0.0,31872.0,3.0,0.0,0.0,25.0,0.0,0.0,0.0,0.0,0.0,0.0,78.0,0.0,514.0,0.0,0.0,0.0,0.0,1.0,0.0,0.0,0.0,0.0,7.0
0.0,0.001008,0.0,66.0,0.0,0.152742,-0.0,0.0,0.0,580.0,1.0,514.0,1.0,0.0,0.15375,130304.0,1721542144.0,64.0,0.0,0.0,0.0,0.0,0.0,62.0,0.0,0.0,1.0,1.0,0.0,1.0,0.0,31872.0,2.0,0.0,0.0,0.0,0.0,0.0,0.0,0.0,0.0,0.0,66.0,0.0,514.0,0.0,0.0,0.0,0.0,0.0,0.0,0.0,0.0,0.0,7.0
0.0,0.001008,0.0,66.0,0.0,0.152742,-0.0,0.0,0.0,580.0,1.0,514.0,1.0,0.0,0.15375,130304.0,1721542144.0,64.0,0.0,0.0,0.0,0.0,0.0,62.0,0.0,0.0,1.0,1.0,0.0,1.0,0.0,31872.0,2.0,0.0,0.0,0.0,0.0,0.0,0.0,0.0,0.0,0.0,66.0,0.0,514.0,0.0,0.0,0.0,0.0,0.0,0.0,0.0,0.0,0.0,7.0
0.0,0.001008,0.0,66.0,0.0,0.152742,-0.0,0.0,0.0,580.0,1.0,514.0,1.0,0.0,0.15375,130304.0,1721542144.0,64.0,0.0,0.0,0.0,0.0,0.0,62.0,0.0,0.0,1.0,1.0,0.0,1.0,0.0,31872.0,2.0,0.0,0.0,0.0,0.0,0.0,0.0,0.0,0.0,0.0,66.0,0.0,514.0,0.0,0.0,0.0,0.0,0.0,0.0,0.0,0.0,0.0,7.0
0.0,0.001008,0.0,90.0,0.187374,0.152742,-0.0,11527.74707,40731.371094,1632.0,1.0,1272.0,4.0,0.0,0.15375,130688.0,1721542144.0,64.0,0.0,0.0,0.0,0.0,0.0,62.0,0.0,16.010759,1.0,4.0,0.0,0.0,37.35844,31872.0,8.0,1.0,0.0,0.0,0.0,0.187374,0.0,0.0,52259.121094,0.187374,360.0,0.0,318.0,0.0,0.0,0.187374,0.187374,0.0,0.0,0.0,16.010759,0.0,7.0
0.0,0.001008,2.0,146.0,0.816211,0.152742,-0.0,1431.002563,25532.613281,3222.0,1.0,2930.0,9.0,0.0,0.15375,130688.0,1721542144.0,64.0,0.0,0.0,0.0,0.0,0.0,62.0,0.0,1.225173,1.0,2.0,2.0,0.0,12.251734,31872.0,11.0,1.0,0.0,15.384615,0.0,0.816211,0.0,0.0,26963.617188,0.816211,292.0,0.0,325.555542,0.0,0.0,0.816211,0.816211,1.0,0.0,0.0,9.801388,0.0,7.0
0.0,0.001008,1.0,108.85714,0.841024,0.152742,-0.0,6220.987793,8465.870117,1800.0,1.0,1038.0,7.0,0.0,0.15375,130688.0,1721542144.0,64.0,0.0,0.0,0.0,0.0,0.0,62.0,0.0,7.134161,1.0,7.0,1.0,0.0,15.457348,31872.0,14.0,1.0,0.0,6.666667,0.0,0.841024,0.0,0.0,14686.858398,0.841024,762.0,0.0,148.285721,0.0,0.0,0.841024,0.841024,1.0,0.0,0.0,7.134161,0.0,7.0
0.0,0.001008,0.0,114.0,0.000496,0.152742,-0.0,0.0,0.0,180.0,1.0,66.0,1.0,0.0,0.15375,130688.0,1721542144.0,64.0,0.0,0.0,0.0,0.0,0.0,62.0,0.0,0.0,1.0,1.0,0.0,0.0,2016.129028,31872.0,2.0,0.0,0.0,0.0,0.0,0.000496,0.0,0.0,0.0,0.000496,114.0,0.0,66.0,0.0,0.0,0.000496,0.000496,0.0,0.0,0.0,0.0,0.0,7.0
0.0,0.001008,0.0,117.199997,0.522546,0.152742,-0.0,7180.229004,24541.380859,2456.0,1.0,1870.0,7.0,0.0,0.15375,130688.0,1721542144.0,64.0,0.0,0.0,0.0,0.0,0.0,62.0,0.0,7.654829,1.0,5.0,0.0,0.0,21.050779,31872.0,12.0,1.0,0.0,0.0,0.0,0.522546,0.0,0.0,31721.609375,0.522546,586.0,0.0,267.142853,0.0,0.0,0.522546,0.522546,0.0,0.0,0.0,11.482243,0.0,7.0
0.0,0.001008,0.0,119.333336,0.386342,0.152742,-0.0,4948.983398,5176.760742,732.0,1.0,374.0,3.0,0.0,0.15375,130688.0,1721542144.0,64.0,0.0,0.0,0.0,0.0,0.0,62.0,0.0,5.176761,1.0,3.0,0.0,0.0,12.941901,31872.0,6.0,1.0,0.0,0.0,0.0,0.386342,0.0,0.0,10125.744141,0.386342,358.0,0.0,124.666664,0.0,0.0,0.386342,0.386342,0.0,0.0,0.0,5.176761,0.0,7.0
0.0,0.001008,0.0,85.199997,0.347434,0.152742,-0.0,7851.850586,66867.375,3910.0,1.0,3484.0,6.0,0.0,0.15375,130688.0,1721542144.0,64.0,0.0,0.0,0.0,0.0,0.0,62.0,0.0,11.512978,1.0,5.0,0.0,0.0,28.782444,31872.0,11.0,1.0,0.0,0.0,0.0,0.347434,0.0,0.0,74719.226562,0.347434,426.0,0.0,580.666687,0.0,0.0,0.347434,0.347434,0.0,0.0,0.0,14.391222,0.0,7.0
0.0,0.001008,1.0,154.0,0.802582,0.152742,-0.0,1535.045532,4126.681152,860.0,1.0,552.0,4.0,0.0,0.15375,130688.0,1721542144.0,64.0,0.0,0.0,0.0,0.0,0.0,62.0,0.0,1.245979,1.0,2.0,1.0,0.0,6.229893,31872.0,6.0,1.0,0.0,14.285714,0.0,0.802582,0.0,0.0,5661.726562,0.802582,308.0,0.0,138.0,0.0,0.0,0.802582,0.802582,1.0,0.0,0.0,3.737936,0.0,7.0
0.0,0.001008,0.0,0.0,0.276828,0.152742,-0.0,0.0,54676.550781,2838.0,1.0,2838.0,3.0,0.0,0.15375,103135.70040124832,1721542144.0,64.0,0.0,0.0,0.0,0.0,0.0,62.0,0.0,0.0,1.0,0.0,1.0,0.0,7.224703,37317.08209959624,3.0,0.0,0.0,0.0,0.0,0.276828,0.0,1.0,54676.550781,0.276828,0.0,0.0,946.0,0.0,0.0,0.276828,0.276828,1.0,0.0,0.0,7.224703,0.0,7.0
0.0,0.001008,0.0,122.0,0.696346,0.152742,-0.0,7008.010742,11454.076172,1928.0,1.0,1196.0,6.0,0.0,0.15375,130688.0,1721542144.0,64.0,0.0,0.0,0.0,0.0,0.0,62.0,0.0,7.180339,1.0,6.0,0.0,0.0,15.796745,31872.0,12.0,1.0,0.0,0.0,0.0,0.696346,0.0,0.0,18462.085938,0.696346,732.0,0.0,199.333328,0.0,0.0,0.696346,0.696346,0.0,0.0,0.0,7.180339,0.0,7.0
0.0,0.001008,0.0,114.0,0.247311,0.152742,-0.0,14750.658203,37652.996094,1928.0,1.0,1358.0,7.0,0.0,0.15375,130688.0,1721542144.0,64.0,0.0,0.0,0.0,0.0,0.0,62.0,0.0,16.173967,1.0,5.0,0.0,0.0,44.478409,31872.0,12.0,1.0,0.0,0.0,0.0,0.247311,0.0,0.0,52403.65625,0.247311,570.0,0.0,194.0,0.0,0.0,0.247311,0.247311,0.0,0.0,0.0,24.260952,0.0,7.0
0.0,0.001008,0.0,94.0,0.956875,0.152742,-0.0,18075.505859,359620.625,46294.0,1.0,44038.0,43.0,0.0,0.15375,130688.0,1721542144.0,64.0,0.0,0.0,0.0,0.0,0.0,62.0,0.0,24.036577,1.0,24.0,0.0,0.0,68.974525,31872.0,67.0,1.0,0.0,0.0,0.0,0.956875,0.0,0.0,377696.125,0.956875,2256.0,0.0,1024.139526,0.0,0.0,0.956875,0.956875,0.0,0.0,0.0,43.892879,0.0,7.0
0.0,0.001008,0.0,103.333336,0.417516,0.152742,-0.0,15846.099609,17762.193359,1972.0,1.0,1042.0,9.0,0.0,0.15375,130688.0,1721542144.0,64.0,0.0,0.0,0.0,0.0,0.0,62.0,0.0,19.160942,1.0,9.0,0.0,0.0,40.717003,31872.0,18.0,1.0,0.0,0.0,0.0,0.417516,0.0,0.0,33608.292969,0.417516,930.0,0.0,115.777779,0.0,0.0,0.417516,0.417516,0.0,0.0,0.0,19.160942,0.0,7.0
0.0,0.001008,0.0,112.545456,0.527779,0.152742,-0.0,17067.75,39107.277344,3990.0,1.0,2752.0,16.0,0.0,0.15375,130688.0,1721542144.0,64.0,0.0,0.0,0.0,0.0,0.0,62.0,0.0,18.947325,1.0,11.0,0.0,0.0,49.263046,31872.0,27.0,1.0,0.0,0.0,0.0,0.527779,0.0,0.0,56175.03125,0.527779,1238.0,0.0,172.0,0.0,0.0,0.527779,0.527779,0.0,0.0,0.0,28.420988,0.0,7.0
0.0,0.001008,0.0,117.199997,0.538273,0.152742,-0.0,6970.440918,24136.453125,2442.0,1.0,1856.0,8.0,0.0,0.15375,130688.0,1721542144.0,64.0,0.0,0.0,0.0,0.0,0.0,62.0,0.0,7.431174,1.0,5.0,0.0,0.0,22.293522,31872.0,13.0,1.0,0.0,0.0,0.0,0.538273,0.0,0.0,31106.892578,0.538273,586.0,0.0,232.0,0.0,0.0,0.538273,0.538273,0.0,0.0,0.0,13.004554,0.0,7.0
0.0,0.001008,0.0,117.199997,0.526452,0.152742,-0.0,7126.955566,16381.360352,1818.0,1.0,1232.0,8.0,0.0,0.15375,130688.0,1721542144.0,64.0,0.0,0.0,0.0,0.0,0.0,62.0,0.0,7.598033,1.0,5.0,0.0,0.0,22.7941,31872.0,13.0,1.0,0.0,0.0,0.0,0.526452,0.0,0.0,23508.316406,0.526452,586.0,0.0,154.0,0.0,0.0,0.526452,0.526452,0.0,0.0,0.0,13.296558,0.0,7.0
0.0,0.001008,0.0,132.0,0.888843,0.152742,-0.0,8316.429688,24490.263672,4024.0,1.0,2968.0,12.0,0.0,0.15375,130688.0,1721542144.0,64.0,0.0,0.0,0.0,0.0,0.0,62.0,0.0,7.875407,1.0,8.0,0.0,0.0,21.376104,31872.0,20.0,1.0,0.0,0.0,0.0,0.888843,0.0,0.0,32806.695312,0.888843,1056.0,0.0,247.333328,0.0,0.0,0.888843,0.888843,0.0,0.0,0.0,12.375639,0.0,7.0
0.0,0.001008,0.0,133.199997,0.529537,0.152742,-0.0,8052.316895,12826.298828,1656.0,1.0,990.0,7.0,0.0,0.15375,130688.0,1721542144.0,64.0,0.0,0.0,0.0,0.0,0.0,62.0,0.0,7.553768,1.0,5.0,0.0,0.0,20.772863,31872.0,12.0,1.0,0.0,0.0,0.0,0.529537,0.0,0.0,20878.615234,0.529537,666.0,0.0,141.428574,0.0,0.0,0.529537,0.529537,0.0,0.0,0.0,11.330652,0.0,7.0
0.0,0.001008,0.0,114.0,0.539932,0.152742,-0.0,6756.40625,11557.010742,1480.0,1.0,910.0,7.0,0.0,0.15375,130688.0,1721542144.0,64.0,0.0,0.0,0.0,0.0,0.0,62.0,0.0,7.40834,1.0,5.0,0.0,0.0,20.372936,31872.0,12.0,1.0,0.0,0.0,0.0,0.539932,0.0,0.0,18313.416016,0.539932,570.0,0.0,130.0,0.0,0.0,0.539932,0.539932,0.0,0.0,0.0,11.112511,0.0,7.0
0.0,0.001008,0.0,114.0,0.555734,0.152742,-0.0,6564.291992,11228.393555,1480.0,1.0,910.0,7.0,0.0,0.15375,130688.0,1721542144.0,64.0,0.0,0.0,0.0,0.0,0.0,62.0,0.0,7.197689,1.0,5.0,0.0,0.0,19.793644,31872.0,12.0,1.0,0.0,0.0,0.0,0.555734,0.0,0.0,17792.685547,0.555734,570.0,0.0,130.0,0.0,0.0,0.555734,0.555734,0.0,0.0,0.0,10.796533,0.0,7.0
0.0,0.001008,0.0,94.444443,0.573006,0.152742,-0.0,10554.864258,181987.625,14816.0,1.0,13966.0,15.0,0.0,0.15375,130688.0,1721542144.0,64.0,0.0,0.0,0.0,0.0,0.0,62.0,0.0,13.96146,1.0,9.0,0.0,0.0,40.139198,31872.0,24.0,1.0,0.0,0.0,0.0,0.573006,0.0,0.0,192542.5,0.573006,850.0,0.0,931.06665,0.0,0.0,0.573006,0.573006,0.0,0.0,0.0,24.432554,0.0,7.0
0.0,0.001008,0.0,125.428574,0.971872,0.152742,-0.0,6198.347168,18537.421875,3334.0,1.0,2456.0,12.0,0.0,0.15375,130688.0,1721542144.0,64.0,0.0,0.0,0.0,0.0,0.0,62.0,0.0,6.173653,1.0,7.0,0.0,0.0,18.520958,31872.0,19.0,1.0,0.0,0.0,0.0,0.971872,0.0,0.0,24735.767578,0.971872,878.0,0.0,204.666672,0.0,0.0,0.971872,0.971872,0.0,0.0,0.0,11.318363,0.0,7.0
0.0,0.001008,0.0,114.0,0.202215,0.152742,-0.0,4510.05127,2611.082275,360.0,1.0,132.0,2.0,0.0,0.15375,130688.0,1721542144.0,64.0,0.0,0.0,0.0,0.0,0.0,62.0,0.0,4.945231,1.0,2.0,0.0,0.0,14.835694,31872.0,4.0,0.0,0.0,0.0,0.0,0.202215,0.0,0.0,7121.133301,0.202215,228.0,0.0,66.0,0.0,0.0,0.202215,0.202215,0.0,0.0,0.0,4.945231,0.0,7.0
0.0,0.001008,0.0,114.0,0.539323,0.152742,-0.0,6764.036133,14536.744141,1690.0,1.0,1120.0,8.0,0.0,0.15375,130688.0,1721542144.0,64.0,0.0,0.0,0.0,0.0,0.0,62.0,0.0,7.416706,1.0,5.0,0.0,0.0,22.250118,31872.0,13.0,1.0,0.0,0.0,0.0,0.539323,0.0,0.0,21300.779297,0.539323,570.0,0.0,140.0,0.0,0.0,0.539323,0.539323,0.0,0.0,0.0,12.979236,0.0,7.0
0.0,0.001008,0.0,117.199997,0.526699,0.152742,-0.0,7123.613281,9477.899414,1334.0,1.0,748.0,6.0,0.0,0.15375,130688.0,1721542144.0,64.0,0.0,0.0,0.0,0.0,0.0,62.0,0.0,7.594471,1.0,5.0,0.0,0.0,18.986176,31872.0,11.0,1.0,0.0,0.0,0.0,0.526699,0.0,0.0,16601.511719,0.526699,586.0,0.0,124.666664,0.0,0.0,0.526699,0.526699,0.0,0.0,0.0,9.493088,0.0,7.0
0.0,0.001008,0.0,117.199997,0.911889,0.152742,-0.0,9255.512695,13168.269531,2798.0,1.0,1626.0,13.0,0.0,0.15375,130688.0,1721542144.0,64.0,0.0,0.0,0.0,0.0,0.0,62.0,0.0,9.869622,1.0,10.0,0.0,0.0,24.125744,31872.0,23.0,1.0,0.0,0.0,0.0,0.911889,0.0,0.0,22423.78125,0.911889,1172.0,0.0,125.07692,0.0,0.0,0.911889,0.911889,0.0,0.0,0.0,13.159496,0.0,7.0
0.0,0.001008,0.0,117.199997,0.200858,0.152742,-0.0,18679.863281,29991.337891,1464.0,1.0,878.0,7.0,0.0,0.15375,130688.0,1721542144.0,64.0,0.0,0.0,0.0,0.0,0.0,62.0,0.0,19.914566,1.0,5.0,0.0,0.0,54.76506,31872.0,12.0,1.0,0.0,0.0,0.0,0.200858,0.0,0.0,48671.203125,0.200858,586.0,0.0,125.428574,0.0,0.0,0.200858,0.200858,0.0,0.0,0.0,29.871851,0.0,7.0
0.0,0.001008,0.0,123.599998,0.186272,0.152742,-0.0,21259.234375,37064.078125,1624.0,1.0,1006.0,7.0,0.0,0.15375,130688.0,1721542144.0,64.0,0.0,0.0,0.0,0.0,0.0,62.0,0.0,21.473974,1.0,5.0,0.0,0.0,59.053429,31872.0,12.0,1.0,0.0,0.0,0.0,0.186272,0.0,0.0,58323.3125,0.186272,618.0,0.0,143.714279,0.0,0.0,0.186272,0.186272,0.0,0.0,0.0,32.21096,0.0,7.0
0.0,0.001008,0.0,117.199997,0.53835,0.152742,-0.0,6969.443848,13938.887695,1658.0,1.0,1072.0,8.0,0.0,0.15375,130688.0,1721542144.0,64.0,0.0,0.0,0.0,0.0,0.0,62.0,0.0,7.430111,1.0,5.0,0.0,0.0,22.290333,31872.0,13.0,1.0,0.0,0.0,0.0,0.53835,0.0,0.0,20908.332031,0.53835,586.0,0.0,134.0,0.0,0.0,0.53835,0.53835,0.0,0.0,0.0,13.002694,0.0,7.0
0.0,0.001008,0.0,123.599998,0.556678,0.152742,-0.0,7113.627441,8967.482422,1366.0,1.0,748.0,6.0,0.0,0.15375,130688.0,1721542144.0,64.0,0.0,0.0,0.0,0.0,0.0,62.0,0.0,7.185483,1.0,5.0,0.0,0.0,17.963707,31872.0,11.0,1.0,0.0,0.0,0.0,0.556678,0.0,0.0,16081.109375,0.556678,618.0,0.0,124.666664,0.0,0.0,0.556678,0.556678,0.0,0.0,0.0,8.981853,0.0,7.0
0.0,0.001008,0.0,126.800003,0.526933,0.152742,-0.0,7712.555176,10597.172852,1448.0,1.0,814.0,7.0,0.0,0.15375,130688.0,1721542144.0,64.0,0.0,0.0,0.0,0.0,0.0,62.0,0.0,7.591098,1.0,5.0,0.0,0.0,20.875519,31872.0,12.0,1.0,0.0,0.0,0.0,0.526933,0.0,0.0,18309.728516,0.526933,634.0,0.0,116.285713,0.0,0.0,0.526933,0.526933,0.0,0.0,0.0,11.386646,0.0,7.0
0.0,0.001008,0.0,130.0,0.336327,0.152742,-0.0,6184.45752,12416.488281,1086.0,1.0,696.0,4.0,0.0,0.15375,130688.0,1721542144.0,64.0,0.0,0.0,0.0,0.0,0.0,62.0,0.0,5.946594,1.0,3.0,0.0,0.0,17.839781,31872.0,7.0,1.0,0.0,0.0,0.0,0.336327,0.0,0.0,18600.945312,0.336327,390.0,0.0,174.0,0.0,0.0,0.336327,0.336327,0.0,0.0,0.0,8.91989,0.0,7.0
0.0,0.001008,0.0,90.0,0.20116,0.152742,-0.0,10737.72168,20680.056641,1010.0,1.0,650.0,5.0,0.0,0.15375,130688.0,1721542144.0,64.0,0.0,0.0,0.0,0.0,0.0,62.0,0.0,14.913502,1.0,4.0,0.0,0.0,39.769337,31872.0,9.0,1.0,0.0,0.0,0.0,0.20116,0.0,0.0,31417.777344,0.20116,360.0,0.0,130.0,0.0,0.0,0.20116,0.20116,0.0,0.0,0.0,19.884668,0.0,7.0
0.0,0.001008,0.0,124.666664,0.339159,0.152742,-0.0,5896.938965,10331.4375,958.0,1.0,584.0,4.0,0.0,0.15375,130688.0,1721542144.0,64.0,0.0,0.0,0.0,0.0,0.0,62.0,0.0,5.896939,1.0,3.0,0.0,0.0,17.690817,31872.0,7.0,1.0,0.0,0.0,0.0,0.339159,0.0,0.0,16228.375977,0.339159,374.0,0.0,146.0,0.0,0.0,0.339159,0.339159,0.0,0.0,0.0,8.845408,0.0,7.0
0.0,0.001008,0.0,110.0,0.693861,0.152742,-0.0,8877.858398,15830.259766,2390.0,1.0,1510.0,11.0,0.0,0.15375,130688.0,1721542144.0,64.0,0.0,0.0,0.0,0.0,0.0,62.0,0.0,10.088476,1.0,8.0,0.0,0.0,25.941795,31872.0,19.0,1.0,0.0,0.0,0.0,0.693861,0.0,0.0,24708.119141,0.693861,880.0,0.0,137.27272,0.0,0.0,0.693861,0.693861,0.0,0.0,0.0,14.412108,0.0,7.0
0.0,0.001008,0.0,89.272728,0.866799,0.152742,-0.0,17305.050781,389765.09375,45336.0,1.0,43372.0,38.0,0.0,0.15375,130688.0,1721542144.0,64.0,0.0,0.0,0.0,0.0,0.0,62.0,0.0,24.22707,1.0,22.0,0.0,0.0,68.066528,31872.0,60.0,1.0,0.0,0.0,0.0,0.866799,0.0,0.0,407070.15625,0.866799,1964.0,0.0,1141.368408,0.0,0.0,0.866799,0.866799,0.0,0.0,0.0,42.685791,0.0,7.0
0.0,0.001008,0.0,117.199997,0.543128,0.152742,-0.0,6908.131836,14125.583008,1704.0,1.0,1118.0,7.0,0.0,0.15375,130688.0,1721542144.0,64.0,0.0,0.0,0.0,0.0,0.0,62.0,0.0,7.364746,1.0,5.0,0.0,0.0,20.253052,31872.0,12.0,1.0,0.0,0.0,0.0,0.543128,0.0,0.0,21033.714844,0.543128,586.0,0.0,159.714279,0.0,0.0,0.543128,0.543128,0.0,0.0,0.0,11.047119,0.0,7.0
0.0,0.001008,0.0,117.199997,0.508876,0.152742,-0.0,7373.112305,26615.519531,2448.0,1.0,1862.0,11.0,0.0,0.15375,130688.0,1721542144.0,64.0,0.0,0.0,0.0,0.0,0.0,62.0,0.0,7.860461,1.0,5.0,0.0,0.0,29.476728,31872.0,16.0,1.0,0.0,0.0,0.0,0.508876,0.0,0.0,33988.632812,0.508876,586.0,0.0,169.27272,0.0,0.0,0.508876,0.508876,0.0,0.0,0.0,19.651152,0.0,7.0
0.0,0.001008,0.0,128.0,0.906093,0.152742,-0.0,7910.887695,22337.662109,3784.0,1.0,2760.0,12.0,0.0,0.15375,130688.0,1721542144.0,64.0,0.0,0.0,0.0,0.0,0.0,62.0,0.0,7.725476,1.0,8.0,0.0,0.0,20.969151,31872.0,20.0,1.0,0.0,0.0,0.0,0.906093,0.0,0.0,30248.550781,0.906093,1024.0,0.0,230.0,0.0,0.0,0.906093,0.906093,0.0,0.0,0.0,12.140034,0.0,7.0
0.0,0.001008,0.0,123.599998,0.550454,0.152742,-0.0,7194.061523,14925.860352,1816.0,1.0,1198.0,7.0,0.0,0.15375,130688.0,1721542144.0,64.0,0.0,0.0,0.0,0.0,0.0,62.0,0.0,7.266729,1.0,5.0,0.0,0.0,19.983503,31872.0,12.0,1.0,0.0,0.0,0.0,0.550454,0.0,0.0,22119.921875,0.550454,618.0,0.0,171.142853,0.0,0.0,0.550454,0.550454,0.0,0.0,0.0,10.900093,0.0,7.0
0.0,0.001008,0.0,114.0,0.000992,0.152742,-0.0,0.0,0.0,180.0,1.0,66.0,1.0,0.0,0.15375,130688.0,1721542144.0,64.0,0.0,0.0,0.0,0.0,0.0,62.0,0.0,0.0,1.0,1.0,0.0,0.0,1008.064514,31872.0,2.0,0.0,0.0,0.0,0.0,0.000992,0.0,0.0,0.0,0.000992,114.0,0.0,66.0,0.0,0.0,0.000992,0.000992,0.0,0.0,0.0,0.0,0.0,7.0
0.0,0.001008,0.0,117.199997,0.528928,0.152742,-0.0,7093.593262,13128.441406,1578.0,1.0,992.0,8.0,0.0,0.15375,130688.0,1721542144.0,64.0,0.0,0.0,0.0,0.0,0.0,62.0,0.0,7.562466,1.0,5.0,0.0,0.0,22.687399,31872.0,13.0,1.0,0.0,0.0,0.0,0.528928,0.0,0.0,20222.035156,0.528928,586.0,0.0,124.0,0.0,0.0,0.528928,0.528928,0.0,0.0,0.0,13.234316,0.0,7.0
0.0,0.001008,1.0,146.0,0.868865,0.152742,-0.0,1344.282471,120506.632812,14470.0,1.0,14178.0,13.0,0.0,0.15375,130688.0,1721542144.0,64.0,0.0,0.0,0.0,0.0,0.0,62.0,0.0,1.150927,1.0,2.0,1.0,0.0,16.112974,31872.0,15.0,1.0,0.0,6.25,0.0,0.868865,0.0,0.0,121850.921875,0.868865,292.0,0.0,1090.615356,0.0,0.0,0.868865,0.868865,1.0,0.0,0.0,13.811121,0.0,7.0
0.0,0.001008,0.0,0.0,0.0,0.152742,-0.0,0.0,0.0,178.0,1.0,178.0,1.0,0.0,0.15375,103135.70040124832,1721542144.0,64.0,0.0,0.0,0.0,0.0,0.0,62.0,0.0,0.0,1.0,0.0,1.0,0.0,0.0,37317.08209959624,1.0,0.0,0.0,0.0,0.0,0.0,0.0,1.0,0.0,0.0,0.0,0.0,178.0,0.0,0.0,0.0,0.0,1.0,0.0,0.0,0.0,0.0,7.0
0.0,0.001008,1.0,84.0,0.355918,0.152742,-0.0,9440.376953,130434.539062,7136.0,1.0,6632.0,8.0,0.0,0.15375,130688.0,1721542144.0,64.0,0.0,0.0,0.0,0.0,0.0,62.0,0.0,14.04818,1.0,6.0,1.0,0.0,36.525269,31872.0,14.0,1.0,0.0,6.666667,0.0,0.355918,0.0,0.0,139874.921875,0.355918,504.0,0.0,829.0,0.0,0.0,0.355918,0.355918,1.0,0.0,0.0,19.667452,0.0,7.0
0.0,0.001008,0.0,108.666664,0.744278,0.152742,-0.0,5847.277344,232687.25,23382.0,1.0,22730.0,21.0,0.0,0.15375,130688.0,1721542144.0,64.0,0.0,0.0,0.0,0.0,0.0,62.0,0.0,6.71792,1.0,6.0,0.0,0.0,34.933182,31872.0,27.0,1.0,0.0,0.0,0.0,0.744278,0.0,0.0,238534.515625,0.744278,652.0,0.0,1082.380981,0.0,0.0,0.744278,0.744278,0.0,0.0,0.0,26.871679,0.0,7.0
0.0,0.001008,0.0,125.428574,0.997675,0.152742,-0.0,6038.038574,18907.960938,3432.0,1.0,2554.0,13.0,0.0,0.15375,130688.0,1721542144.0,64.0,0.0,0.0,0.0,0.0,0.0,62.0,0.0,6.013982,1.0,7.0,0.0,0.0,19.044277,31872.0,20.0,1.0,0.0,0.0,0.0,0.997675,0.0,0.0,24946.0,0.997675,878.0,0.0,196.461533,0.0,0.0,0.997675,0.997675,0.0,0.0,0.0,12.027965,0.0,7.0
0.0,0.001008,0.0,117.199997,0.951496,0.152742,-0.0,3943.26416,13654.287109,2442.0,1.0,1856.0,8.0,0.0,0.15375,130688.0,1721542144.0,64.0,0.0,0.0,0.0,0.0,0.0,62.0,0.0,4.203906,1.0,5.0,0.0,0.0,12.611719,31872.0,13.0,1.0,0.0,0.0,0.0,0.951496,0.0,0.0,17597.550781,0.951496,586.0,0.0,232.0,0.0,0.0,0.951496,0.951496,0.0,0.0,0.0,7.356836,0.0,7.0
0.0,0.001008,0.0,98.0,0.203237,0.152742,-0.0,7715.130859,2597.952148,426.0,1.0,132.0,2.0,0.0,0.15375,130688.0,1721542144.0,64.0,0.0,0.0,0.0,0.0,0.0,62.0,0.0,9.840728,1.0,3.0,0.0,0.0,19.681456,31872.0,5.0,0.0,0.0,0.0,0.0,0.203237,0.0,0.0,10313.083008,0.203237,294.0,0.0,66.0,0.0,0.0,0.203237,0.203237,0.0,0.0,0.0,4.920364,0.0,7.0
0.0,0.001008,0.0,139.600006,0.913387,0.152742,-0.0,4896.0625,7970.334473,1738.0,1.0,1040.0,8.0,0.0,0.15375,130688.0,1721542144.0,64.0,0.0,0.0,0.0,0.0,0.0,62.0,0.0,4.379305,1.0,5.0,0.0,0.0,13.137914,31872.0,13.0,1.0,0.0,0.0,0.0,0.913387,0.0,0.0,12866.397461,0.913387,698.0,0.0,130.0,0.0,0.0,0.913387,0.913387,0.0,0.0,0.0,7.663783,0.0,7.0
0.0,0.001008,0.0,118.0,0.358358,0.152742,-0.0,7902.711914,12479.141602,1170.0,1.0,698.0,5.0,0.0,0.15375,130688.0,1721542144.0,64.0,0.0,0.0,0.0,0.0,0.0,62.0,0.0,8.371517,1.0,4.0,0.0,0.0,22.324045,31872.0,9.0,1.0,0.0,0.0,0.0,0.358358,0.0,0.0,20381.853516,0.358358,472.0,0.0,139.600006,0.0,0.0,0.358358,0.358358,0.0,0.0,0.0,11.162023,0.0,7.0
0.0,0.001008,0.0,116.285713,0.987096,0.152742,-0.0,5656.998047,8282.881836,1982.0,1.0,1168.0,8.0,0.0,0.15375,130688.0,1721542144.0,64.0,0.0,0.0,0.0,0.0,0.0,62.0,0.0,6.078436,1.0,7.0,0.0,0.0,14.183018,31872.0,15.0,1.0,0.0,0.0,0.0,0.987096,0.0,0.0,13939.879883,0.987096,814.0,0.0,146.0,0.0,0.0,0.987096,0.987096,0.0,0.0,0.0,7.091509,0.0,7.0
0.0,0.001008,1.0,97.333336,0.863177,0.152742,-0.0,4513.558594,9731.492188,1844.0,1.0,1260.0,6.0,0.0,0.15375,130688.0,1721542144.0,64.0,0.0,0.0,0.0,0.0,0.0,62.0,0.0,5.792555,1.0,6.0,1.0,0.0,12.74362,31872.0,12.0,1.0,0.0,7.692308,0.0,0.863177,0.0,0.0,14245.050781,0.863177,584.0,0.0,210.0,0.0,0.0,0.863177,0.863177,1.0,0.0,0.0,5.792555,0.0,7.0
0.0,0.001008,0.0,110.0,0.923307,0.152742,-0.0,2859.287354,6619.683594,1394.0,1.0,954.0,5.0,0.0,0.15375,130688.0,1721542144.0,64.0,0.0,0.0,0.0,0.0,0.0,62.0,0.0,3.24919,1.0,4.0,0.0,0.0,8.664507,31872.0,9.0,1.0,0.0,0.0,0.0,0.923307,0.0,0.0,9478.970703,0.923307,440.0,0.0,190.800003,0.0,0.0,0.923307,0.923307,0.0,0.0,0.0,4.332253,0.0,7.0
0.0,0.001008,0.0,82.0,0.307788,0.152742,-0.0,10656.685547,56298.488281,3018.0,1.0,2526.0,7.0,0.0,0.15375,130688.0,1721542144.0,64.0,0.0,0.0,0.0,0.0,0.0,62.0,0.0,16.244947,1.0,6.0,0.0,0.0,38.987873,31872.0,13.0,1.0,0.0,0.0,0.0,0.307788,0.0,0.0,66955.171875,0.307788,492.0,0.0,360.857147,0.0,0.0,0.307788,0.307788,0.0,0.0,0.0,19.493937,0.0,7.0
0.0,0.001008,0.0,124.666664,0.155066,0.152742,-0.0,12897.734375,28787.742188,1118.0,1.0,744.0,4.0,0.0,0.15375,130688.0,1721542144.0,64.0,0.0,0.0,0.0,0.0,0.0,62.0,0.0,12.897734,1.0,3.0,0.0,0.0,38.693203,31872.0,7.0,1.0,0.0,0.0,0.0,0.155066,0.0,0.0,41685.476562,0.155066,374.0,0.0,186.0,0.0,0.0,0.155066,0.155066,0.0,0.0,0.0,19.346601,0.0,7.0
0.0,0.001008,0.0,66.0,0.224647,0.152742,-0.0,0.0,0.0,276.0,1.0,210.0,1.0,0.0,0.15375,130688.0,1721542144.0,64.0,0.0,0.0,0.0,0.0,0.0,62.0,0.0,0.0,1.0,1.0,0.0,1.0,4.451428,31872.0,2.0,0.0,0.0,0.0,0.0,0.224647,0.0,0.0,0.0,0.224647,66.0,0.0,210.0,0.0,0.0,0.224647,0.224647,0.0,0.0,0.0,0.0,0.0,7.0
0.0,0.001008,0.0,66.0,0.0,0.152742,-0.0,0.0,0.0,276.0,1.0,210.0,1.0,0.0,0.15375,130688.0,1721542144.0,64.0,0.0,0.0,0.0,0.0,0.0,62.0,0.0,0.0,1.0,1.0,0.0,1.0,0.0,31872.0,2.0,0.0,0.0,0.0,0.0,0.0,0.0,0.0,0.0,0.0,66.0,0.0,210.0,0.0,0.0,0.0,0.0,0.0,0.0,0.0,0.0,0.0,7.0
0.0,0.001008,0.0,85.199997,0.680879,0.152742,-0.0,4006.585693,13182.958984,1828.0,1.0,1402.0,5.0,0.0,0.15375,130688.0,1721542144.0,64.0,0.0,0.0,0.0,0.0,0.0,62.0,0.0,5.874759,1.0,5.0,0.0,0.0,13.218207,31872.0,10.0,1.0,0.0,0.0,0.0,0.680879,0.0,0.0,17189.544922,0.680879,426.0,0.0,280.399994,0.0,0.0,0.680879,0.680879,0.0,0.0,0.0,5.874759,0.0,7.0
0.0,0.001008,0.0,94.444443,0.555142,0.152742,-0.0,23143.628906,328031.40625,25338.0,1.0,23638.0,27.0,0.0,0.15375,130688.0,1721542144.0,64.0,0.0,0.0,0.0,0.0,0.0,62.0,0.0,30.622797,1.0,18.0,0.0,0.0,79.259003,31872.0,45.0,1.0,0.0,0.0,0.0,0.555142,0.0,0.0,351175.03125,0.555142,1700.0,0.0,875.481506,0.0,0.0,0.555142,0.555142,0.0,0.0,0.0,46.834866,0.0,7.0
0.0,0.001008,0.0,117.199997,0.495766,0.152742,-0.0,7568.086426,12812.496094,1512.0,1.0,926.0,7.0,0.0,0.15375,130688.0,1721542144.0,64.0,0.0,0.0,0.0,0.0,0.0,62.0,0.0,8.068322,1.0,5.0,0.0,0.0,22.187887,31872.0,12.0,1.0,0.0,0.0,0.0,0.495766,0.0,0.0,20380.582031,0.495766,586.0,0.0,132.285721,0.0,0.0,0.495766,0.495766,0.0,0.0,0.0,12.102484,0.0,7.0
0.0,0.001008,0.0,66.0,0.168551,0.152742,-0.0,3132.583008,0.0,198.0,1.0,66.0,1.0,1.0,0.15375,130688.0,1721542144.0,64.0,0.0,0.0,0.0,0.0,0.0,62.0,0.0,5.932922,1.0,2.0,0.0,0.0,11.865845,31872.0,3.0,0.0,0.0,0.0,0.0,0.168551,0.0,0.0,3132.583008,0.168551,132.0,0.0,66.0,0.0,0.0,0.168551,0.168551,0.0,0.0,0.0,0.0,0.0,7.0
0.0,0.001985,0.0,312.399994,0.464172,0.199594,-0.0,21543.738281,20664.753906,3060.0,0.0,1498.0,5.0,0.0,0.201579,64256.0,1721542144.0,64.0,0.0,0.0,0.0,0.0,0.0,62.0,0.0,8.617496,0.0,5.0,0.0,0.0,19.389364,31872.0,10.0,0.0,0.0,0.0,0.0,0.464172,0.0,0.0,42208.492188,0.464172,1562.0,0.0,299.600006,0.0,0.0,0.464172,0.464172,0.0,0.0,1.0,8.617496,0.0,8.0
0.0,0.001985,0.0,98.0,0.32026,0.199594,-0.0,2448.010986,35521.140625,2092.0,0.0,1896.0,4.0,0.0,0.201579,64128.0,1721542144.0,64.0,0.0,0.0,0.0,0.0,0.0,62.0,0.0,3.122463,1.0,2.0,0.0,0.0,15.612315,31872.0,6.0,1.0,0.0,0.0,0.0,0.32026,0.0,0.0,37969.152344,0.32026,196.0,0.0,474.0,0.0,0.0,0.32026,0.32026,0.0,0.0,0.0,9.36739,0.0,8.0
0.0,0.001985,1.0,146.0,0.590864,0.199594,-0.0,0.0,3059.925781,484.0,1.0,338.0,3.0,0.0,0.201579,64128.0,1721542144.0,64.0,0.0,0.0,0.0,0.0,0.0,62.0,0.0,0.0,1.0,1.0,1.0,0.0,5.077311,31872.0,4.0,1.0,0.0,20.0,0.0,0.590864,0.0,0.0,3059.925781,0.590864,146.0,0.0,112.666664,0.0,0.0,0.590864,0.590864,1.0,0.0,0.0,3.384874,0.0,8.0
0.0,0.001985,0.0,154.0,0.329999,0.199594,-0.0,3733.344727,6836.384277,684.0,1.0,376.0,4.0,0.0,0.201579,64128.0,1721542144.0,64.0,0.0,0.0,0.0,0.0,0.0,62.0,0.0,3.030312,1.0,2.0,0.0,0.0,15.151561,31872.0,6.0,1.0,0.0,0.0,63.0,0.329999,0.0,0.0,10569.729492,0.329999,308.0,0.0,94.0,0.0,0.0,0.329999,0.329999,0.0,1.0,0.0,9.090937,0.0,8.0
0.0,0.001985,1.0,92.666664,0.734236,0.199594,-0.0,2026.596313,13336.311523,1746.0,1.0,1468.0,6.0,0.0,0.201579,64128.0,1721542144.0,64.0,0.0,0.0,0.0,0.0,0.0,62.0,0.0,2.72392,1.0,3.0,1.0,0.0,10.895679,31872.0,9.0,1.0,0.0,10.0,0.0,0.734236,0.0,0.0,15362.908203,0.734236,278.0,0.0,244.666672,0.0,0.0,0.734236,0.734236,1.0,0.0,0.0,6.8098,0.0,8.0
0.0,0.001985,0.0,98.0,0.356838,0.199594,-0.0,4394.150879,5604.784668,668.0,1.0,374.0,3.0,0.0,0.201579,64128.0,1721542144.0,64.0,0.0,0.0,0.0,0.0,0.0,62.0,0.0,5.604784,1.0,3.0,0.0,0.0,14.011961,31872.0,6.0,1.0,0.0,0.0,0.0,0.356838,0.0,0.0,9998.935547,0.356838,294.0,0.0,124.666664,0.0,0.0,0.356838,0.356838,0.0,0.0,0.0,5.604784,0.0,8.0
0.0,0.001985,0.0,114.0,0.265408,0.199594,-0.0,13744.875,34271.761719,1896.0,1.0,1326.0,7.0,0.0,0.201579,64128.0,1721542144.0,64.0,0.0,0.0,0.0,0.0,0.0,62.0,0.0,15.071136,1.0,5.0,0.0,0.0,41.445621,31872.0,12.0,1.0,0.0,0.0,0.0,0.265408,0.0,0.0,48016.636719,0.265408,570.0,0.0,189.428574,0.0,0.0,0.265408,0.265408,0.0,0.0,0.0,22.606703,0.0,8.0
0.0,0.001985,2.0,146.0,0.971781,0.199594,-0.0,1201.91687,12299.067383,2034.0,1.0,1742.0,7.0,0.0,0.201579,64128.0,1721542144.0,64.0,0.0,0.0,0.0,0.0,0.0,62.0,0.0,1.029038,1.0,2.0,2.0,0.0,8.232307,31872.0,9.0,1.0,0.0,18.181818,0.0,0.971781,0.0,0.0,13500.984375,0.971781,292.0,0.0,248.857147,0.0,0.0,0.971781,0.971781,1.0,0.0,0.0,6.174231,0.0,8.0
0.0,0.001985,0.0,96.0,0.041316,0.199594,-0.0,18588.441406,0.0,258.0,1.0,66.0,1.0,0.0,0.201579,64128.0,1721542144.0,64.0,0.0,0.0,0.0,0.0,0.0,62.0,0.0,24.203699,1.0,2.0,0.0,0.0,48.407398,31872.0,3.0,0.0,0.0,0.0,0.0,0.041316,0.0,0.0,18588.441406,0.041316,192.0,0.0,66.0,0.0,0.0,0.041316,0.041316,0.0,0.0,0.0,0.0,0.0,8.0
0.0,0.001985,0.0,162.0,0.000992,0.199594,-0.0,0.0,0.0,240.0,1.0,78.0,1.0,0.0,0.201579,64128.0,1721542144.0,64.0,0.0,0.0,0.0,0.0,0.0,62.0,0.0,0.0,1.0,1.0,0.0,0.0,1008.064514,31872.0,2.0,0.0,0.0,0.0,0.0,0.000992,0.0,0.0,0.0,0.000992,162.0,0.0,78.0,0.0,0.0,0.000992,0.000992,0.0,0.0,0.0,0.0,0.0,8.0
1.0,0.001985,1.0,124.666664,0.354096,0.199594,-0.0,14097.87207,19859.021484,1752.0,1.0,1004.0,8.0,0.0,0.201579,64128.0,1721542144.0,64.0,0.0,0.0,0.0,0.0,0.0,62.0,1.0,14.120464,1.0,6.0,0.0,0.0,36.713207,31872.0,14.0,1.0,0.0,6.666667,0.0,0.354096,0.0,0.0,33956.894531,0.354096,748.0,0.0,125.5,0.0,0.0,0.354096,0.354096,0.0,0.0,0.0,19.76865,0.0,8.0
0.0,0.001985,1.0,87.777779,0.878332,0.199594,-0.0,6403.04541,157626.046875,19332.0,1.0,18542.0,15.0,0.0,0.201579,64128.0,1721542144.0,64.0,0.0,0.0,0.0,0.0,0.0,62.0,0.0,9.108173,1.0,9.0,1.0,0.0,26.185997,31872.0,24.0,1.0,0.0,4.0,0.0,0.878332,0.0,0.0,164029.09375,0.878332,790.0,0.0,1236.133301,0.0,0.0,0.878332,0.878332,1.0,0.0,0.0,15.939302,0.0,8.0
0.0,0.001985,2.0,74.0,0.578124,0.199594,-0.0,2048.003662,71763.15625,6704.0,1.0,6482.0,5.0,0.0,0.201579,64128.0,1721542144.0,64.0,0.0,0.0,0.0,0.0,0.0,62.0,0.0,3.459466,1.0,3.0,2.0,1.0,12.10813,31872.0,8.0,0.0,0.0,20.0,0.0,0.578124,0.0,0.0,73811.164062,0.578124,222.0,0.0,1296.400024,0.0,0.0,0.578124,0.578124,1.0,0.0,0.0,6.918931,0.0,8.0
0.0,0.001985,0.0,0.0,0.0,0.199594,-0.0,0.0,0.0,1514.0,1.0,1514.0,1.0,0.0,0.201579,103135.70040124832,1721542144.0,64.0,0.0,0.0,0.0,0.0,0.0,62.0,0.0,0.0,1.0,0.0,1.0,0.0,0.0,37317.08209959624,1.0,0.0,0.0,0.0,0.0,0.0,0.0,0.0,0.0,0.0,0.0,0.0,1514.0,1.0,0.0,0.0,0.0,1.0,0.0,0.0,0.0,0.0,8.0
0.0,0.001985,2.0,90.0,0.389526,0.199594,-0.0,5545.201172,31915.712891,2432.0,1.0,2072.0,4.0,0.0,0.201579,64128.0,1721542144.0,64.0,0.0,0.0,0.0,0.0,0.0,62.0,0.0,7.701668,1.0,4.0,2.0,0.0,17.970558,31872.0,8.0,1.0,0.0,20.0,0.0,0.389526,0.0,0.0,37460.914062,0.389526,360.0,0.0,518.0,0.0,0.0,0.389526,0.389526,1.0,0.0,0.0,7.701668,0.0,8.0
0.0,0.001985,2.0,102.800003,0.926944,0.199594,-0.0,3555.770264,72565.328125,9972.0,1.0,9458.0,9.0,0.0,0.201579,63360.0,1721542144.0,64.0,0.0,0.0,0.0,0.0,0.0,62.0,0.0,4.315255,1.0,5.0,2.0,0.0,14.024579,31872.0,14.0,1.0,0.0,12.5,0.0,0.926944,0.0,0.0,76121.101562,0.926944,514.0,0.0,1050.888916,0.0,0.0,0.926944,0.926944,1.0,0.0,0.0,8.63051,0.0,8.0
0.0,0.001985,2.0,70.5,0.71407,0.199594,-0.0,5534.471191,135695.375,14190.0,1.0,13626.0,9.0,0.0,0.201579,64128.0,1721542144.0,64.0,0.0,0.0,0.0,0.0,0.0,62.0,0.0,9.80296,1.0,8.0,2.0,0.0,22.406767,31872.0,17.0,0.0,0.0,10.526316,0.0,0.71407,0.0,0.0,141229.84375,0.71407,564.0,1.0,1514.0,0.0,0.0,0.71407,0.71407,1.0,0.0,0.0,11.203383,0.0,8.0
0.0,0.001985,1.0,85.199997,0.559394,0.199594,-0.0,4876.706055,85692.734375,7416.0,1.0,6990.0,7.0,0.0,0.201579,64128.0,1721542144.0,64.0,0.0,0.0,0.0,0.0,0.0,62.0,0.0,7.150595,1.0,5.0,1.0,0.0,19.664137,31872.0,12.0,1.0,0.0,7.692308,0.0,0.559394,0.0,0.0,90569.4375,0.559394,426.0,0.0,998.571411,0.0,0.0,0.559394,0.559394,1.0,0.0,0.0,10.725893,0.0,8.0
0.0,0.001985,0.0,114.0,0.586163,0.199594,-0.0,6223.524902,10645.50293,1480.0,1.0,910.0,7.0,0.0,0.201579,64128.0,1721542144.0,64.0,0.0,0.0,0.0,0.0,0.0,62.0,0.0,6.82404,1.0,5.0,0.0,0.0,18.766111,31872.0,12.0,1.0,0.0,0.0,0.0,0.586163,0.0,0.0,16869.029297,0.586163,570.0,0.0,130.0,0.0,0.0,0.586163,0.586163,0.0,0.0,0.0,10.236061,0.0,8.0
0.0,0.001985,2.0,146.0,0.82164,0.199594,-0.0,2843.094238,4965.678223,1050.0,1.0,612.0,6.0,0.0,0.201579,64128.0,1721542144.0,64.0,0.0,0.0,0.0,0.0,0.0,62.0,0.0,2.434156,1.0,3.0,2.0,0.0,9.736624,31872.0,9.0,1.0,0.0,18.181818,0.0,0.82164,0.0,0.0,7808.772461,0.82164,438.0,0.0,102.0,0.0,0.0,0.82164,0.82164,1.0,0.0,0.0,6.08539,0.0,8.0
0.0,0.001985,0.0,110.0,0.217333,0.199594,-0.0,12147.257812,37325.210938,1622.0,1.0,1182.0,7.0,0.0,0.201579,64128.0,1721542144.0,64.0,0.0,0.0,0.0,0.0,0.0,62.0,0.0,13.803702,1.0,4.0,0.0,0.0,46.012341,31872.0,11.0,1.0,0.0,0.0,0.0,0.217333,0.0,0.0,49472.46875,0.217333,440.0,0.0,168.857147,0.0,0.0,0.217333,0.217333,0.0,0.0,0.0,27.607405,0.0,8.0
0.0,0.001985,0.0,117.199997,0.604653,0.199594,-0.0,13958.418945,39665.726562,4400.0,1.0,3228.0,14.0,0.0,0.201579,64128.0,1721542144.0,64.0,0.0,0.0,0.0,0.0,0.0,62.0,0.0,14.88457,1.0,10.0,0.0,0.0,38.038345,31872.0,24.0,1.0,0.0,0.0,0.0,0.604653,0.0,0.0,53624.144531,0.604653,1172.0,0.0,230.571426,0.0,0.0,0.604653,0.604653,0.0,0.0,0.0,21.499935,0.0,8.0
0.0,0.001985,0.0,120.400002,0.599923,0.199594,-0.0,14455.188477,42192.082031,4594.0,1.0,3390.0,15.0,0.0,0.201579,64128.0,1721542144.0,64.0,0.0,0.0,0.0,0.0,0.0,62.0,0.0,15.001925,1.0,10.0,0.0,0.0,40.005135,31872.0,25.0,1.0,0.0,0.0,0.0,0.599923,0.0,0.0,56647.269531,0.599923,1204.0,0.0,226.0,0.0,0.0,0.599923,0.599923,0.0,0.0,0.0,23.336329,0.0,8.0
0.0,0.001985,0.0,146.0,0.90392,0.199594,-0.0,6460.748535,17302.416016,3026.0,1.0,2150.0,11.0,0.0,0.201579,64128.0,1721542144.0,64.0,0.0,0.0,0.0,0.0,0.0,62.0,0.0,5.531463,1.0,6.0,0.0,0.0,17.700682,31872.0,17.0,1.0,0.0,0.0,0.0,0.90392,0.0,0.0,23763.164062,0.90392,876.0,0.0,195.454544,0.0,0.0,0.90392,0.90392,0.0,0.0,0.0,11.062926,0.0,8.0
0.0,0.001985,1.0,98.0,0.776142,0.199594,-0.0,2020.248901,2576.848145,668.0,1.0,374.0,3.0,0.0,0.201579,64128.0,1721542144.0,64.0,0.0,0.0,0.0,0.0,0.0,62.0,0.0,2.576848,1.0,3.0,1.0,0.0,6.44212,31872.0,6.0,1.0,0.0,14.285714,0.0,0.776142,0.0,0.0,4597.09668,0.776142,294.0,0.0,124.666664,0.0,0.0,0.776142,0.776142,1.0,0.0,0.0,2.576848,0.0,8.0
0.0,0.001985,1.0,146.0,0.561743,0.199594,-0.0,2079.242676,4315.140625,696.0,1.0,404.0,4.0,0.0,0.201579,64128.0,1721542144.0,64.0,0.0,0.0,0.0,0.0,0.0,62.0,0.0,1.780173,1.0,2.0,1.0,0.0,8.900867,31872.0,6.0,1.0,0.0,14.285714,0.0,0.561743,0.0,0.0,6394.383789,0.561743,292.0,0.0,101.0,0.0,0.0,0.561743,0.561743,1.0,0.0,0.0,5.34052,0.0,8.0
0.0,0.001985,0.0,146.0,0.000627,0.199594,-0.0,0.0,1326953.75,354.0,1.0,208.0,2.0,0.0,0.201579,64128.0,1721542144.0,64.0,0.0,0.0,0.0,0.0,0.0,62.0,0.0,0.0,1.0,1.0,0.0,0.0,3189.792725,31872.0,3.0,1.0,0.0,0.0,0.0,0.000627,0.0,0.0,1326953.75,0.000627,146.0,0.0,104.0,0.0,0.0,0.000627,0.000627,0.0,0.0,0.0,1594.896362,0.0,8.0
0.0,0.001985,0.0,126.800003,0.215933,0.199594,-0.0,18820.652344,26230.359375,1460.0,1.0,826.0,7.0,0.0,0.201579,64128.0,1721542144.0,64.0,0.0,0.0,0.0,0.0,0.0,62.0,0.0,18.524265,1.0,5.0,0.0,0.0,50.941727,31872.0,12.0,1.0,0.0,0.0,0.0,0.215933,0.0,0.0,45051.011719,0.215933,634.0,0.0,118.0,0.0,0.0,0.215933,0.215933,0.0,0.0,0.0,27.786398,0.0,8.0
0.0,0.001985,0.0,132.285721,0.962569,0.199594,-0.0,6599.007324,10804.419922,2356.0,1.0,1430.0,11.0,0.0,0.201579,64128.0,1721542144.0,64.0,0.0,0.0,0.0,0.0,0.0,62.0,0.0,6.233319,1.0,7.0,0.0,0.0,17.661072,31872.0,18.0,1.0,0.0,0.0,0.0,0.962569,0.0,0.0,17403.427734,0.962569,926.0,0.0,130.0,0.0,0.0,0.962569,0.962569,0.0,0.0,0.0,10.388865,0.0,8.0
0.0,0.001985,0.0,98.0,0.139752,0.199594,-0.0,11219.875,3778.121338,426.0,1.0,132.0,2.0,0.0,0.201579,64128.0,1721542144.0,64.0,0.0,0.0,0.0,0.0,0.0,62.0,0.0,14.311066,1.0,3.0,0.0,0.0,28.622131,31872.0,5.0,0.0,0.0,0.0,0.0,0.139752,0.0,0.0,14997.996094,0.139752,294.0,0.0,66.0,0.0,0.0,0.139752,0.139752,0.0,0.0,0.0,7.155533,0.0,8.0
0.0,0.001985,0.0,117.555557,0.908117,0.199594,-0.0,8289.680664,12086.548828,2554.0,1.0,1496.0,12.0,0.0,0.201579,64128.0,1721542144.0,64.0,0.0,0.0,0.0,0.0,0.0,62.0,0.0,8.809438,1.0,9.0,0.0,0.0,22.023594,31872.0,21.0,1.0,0.0,0.0,0.0,0.908117,0.0,0.0,20376.228516,0.908117,1058.0,0.0,124.666664,0.0,0.0,0.908117,0.908117,0.0,0.0,0.0,12.112977,0.0,8.0
0.0,0.001985,0.0,114.0,0.001499,0.199594,-0.0,0.0,0.0,180.0,1.0,66.0,1.0,0.0,0.201579,64128.0,1721542144.0,64.0,0.0,0.0,0.0,0.0,0.0,62.0,0.0,0.0,1.0,1.0,0.0,0.0,667.111389,31872.0,2.0,0.0,0.0,0.0,0.0,0.001499,0.0,0.0,0.0,0.001499,114.0,0.0,66.0,0.0,0.0,0.001499,0.001499,0.0,0.0,0.0,0.0,0.0,8.0
0.0,0.001985,0.0,120.400002,0.383624,0.199594,-0.0,10051.508789,16265.927734,1512.0,1.0,910.0,7.0,0.0,0.201579,64128.0,1721542144.0,64.0,0.0,0.0,0.0,0.0,0.0,62.0,0.0,10.426877,1.0,5.0,0.0,0.0,28.67391,31872.0,12.0,1.0,0.0,0.0,0.0,0.383624,0.0,0.0,26317.4375,0.383624,602.0,0.0,130.0,0.0,0.0,0.383624,0.383624,0.0,0.0,0.0,15.640315,0.0,8.0
0.0,0.001985,0.0,106.0,0.989308,0.199594,-0.0,2571.494385,3832.982178,1056.0,1.0,632.0,4.0,0.0,0.201579,64128.0,1721542144.0,64.0,0.0,0.0,0.0,0.0,0.0,62.0,0.0,3.032423,1.0,4.0,0.0,0.0,7.075653,31872.0,8.0,1.0,0.0,0.0,0.0,0.989308,0.0,0.0,6404.476562,0.989308,424.0,0.0,158.0,0.0,0.0,0.989308,0.989308,0.0,0.0,0.0,3.032423,0.0,8.0
0.0,0.001985,0.0,66.0,0.0,0.199594,-0.0,0.0,0.0,276.0,1.0,210.0,1.0,0.0,0.201579,64128.0,1721542144.0,64.0,0.0,0.0,0.0,0.0,0.0,62.0,0.0,0.0,1.0,1.0,0.0,1.0,0.0,31872.0,2.0,0.0,0.0,0.0,0.0,0.0,0.0,0.0,0.0,0.0,66.0,0.0,210.0,0.0,0.0,0.0,0.0,0.0,0.0,0.0,0.0,0.0,8.0
0.0,0.001985,0.0,66.0,0.0,0.199594,-0.0,0.0,0.0,276.0,1.0,210.0,1.0,0.0,0.201579,64128.0,1721542144.0,64.0,0.0,0.0,0.0,0.0,0.0,62.0,0.0,0.0,1.0,1.0,0.0,1.0,0.0,31872.0,2.0,0.0,0.0,0.0,0.0,0.0,0.0,0.0,0.0,0.0,66.0,0.0,210.0,0.0,0.0,0.0,0.0,0.0,0.0,0.0,0.0,0.0,8.0
0.0,0.001985,0.0,90.0,0.175216,0.199594,-0.0,12327.640625,25477.125,1104.0,1.0,744.0,4.0,0.0,0.201579,64128.0,1721542144.0,64.0,0.0,0.0,0.0,0.0,0.0,62.0,0.0,17.121723,1.0,4.0,0.0,0.0,39.950687,31872.0,8.0,1.0,0.0,0.0,0.0,0.175216,0.0,0.0,37804.765625,0.175216,360.0,0.0,186.0,0.0,0.0,0.175216,0.175216,0.0,0.0,0.0,17.121723,0.0,8.0
0.0,0.001985,0.0,125.428574,0.876134,0.199594,-0.0,6875.660645,25311.197266,3880.0,1.0,3002.0,13.0,0.0,0.201579,64128.0,1721542144.0,64.0,0.0,0.0,0.0,0.0,0.0,62.0,0.0,6.848268,1.0,7.0,0.0,0.0,21.68618,31872.0,20.0,1.0,0.0,0.0,0.0,0.876134,0.0,0.0,32186.857422,0.876134,878.0,0.0,230.92308,0.0,0.0,0.876134,0.876134,0.0,0.0,0.0,13.696535,0.0,8.0
0.0,0.001985,0.0,109.428574,0.83,0.199594,-0.0,6332.530273,16886.748047,2736.0,1.0,1970.0,9.0,0.0,0.201579,64128.0,1721542144.0,64.0,0.0,0.0,0.0,0.0,0.0,62.0,0.0,7.228916,1.0,7.0,0.0,0.0,18.07229,31872.0,16.0,1.0,0.0,0.0,0.0,0.83,0.0,0.0,23219.277344,0.83,766.0,0.0,218.888885,0.0,0.0,0.83,0.83,0.0,0.0,0.0,9.638555,0.0,8.0
0.0,0.001985,0.0,114.0,0.001216,0.199594,-0.0,0.0,0.0,180.0,1.0,66.0,1.0,0.0,0.201579,64128.0,1721542144.0,64.0,0.0,0.0,0.0,0.0,0.0,62.0,0.0,0.0,1.0,1.0,0.0,0.0,822.368469,31872.0,2.0,0.0,0.0,0.0,0.0,0.001216,0.0,0.0,0.0,0.001216,114.0,0.0,66.0,0.0,0.0,0.001216,0.001216,0.0,0.0,0.0,0.0,0.0,8.0
0.0,0.001985,2.0,146.0,0.718012,0.199594,-0.0,1626.713867,4768.722656,826.0,1.0,534.0,5.0,0.0,0.201579,64128.0,1721542144.0,64.0,0.0,0.0,0.0,0.0,0.0,62.0,0.0,1.392734,1.0,2.0,2.0,0.0,8.356406,31872.0,7.0,1.0,0.0,22.222222,0.0,0.718012,0.0,0.0,6395.436523,0.718012,292.0,0.0,106.800003,0.0,0.0,0.718012,0.718012,1.0,0.0,0.0,5.570938,0.0,8.0
0.0,0.001985,1.0,146.0,0.116403,0.199594,-0.0,0.0,7147.582031,354.0,1.0,208.0,2.0,0.0,0.201579,64128.0,1721542144.0,64.0,0.0,0.0,0.0,0.0,0.0,62.0,0.0,0.0,1.0,1.0,1.0,0.0,17.181688,31872.0,3.0,1.0,0.0,25.0,0.0,0.116403,0.0,0.0,7147.582031,0.116403,146.0,0.0,104.0,0.0,0.0,0.116403,0.116403,1.0,0.0,0.0,8.590844,0.0,8.0
0.0,0.001985,0.0,0.0,0.0,0.199594,-0.0,0.0,0.0,130.0,1.0,130.0,1.0,0.0,0.201579,103135.70040124832,1721542144.0,64.0,0.0,0.0,0.0,0.0,0.0,62.0,0.0,0.0,1.0,0.0,0.0,0.0,0.0,37317.08209959624,1.0,0.0,0.0,0.0,0.0,0.0,0.0,1.0,0.0,0.0,0.0,0.0,130.0,0.0,0.0,0.0,0.0,0.0,0.0,0.0,0.0,0.0,8.0
0.0,0.001985,0.0,89.333336,0.688459,0.199594,-0.0,5194.209473,9726.069336,1540.0,1.0,1004.0,6.0,0.0,0.201579,64128.0,1721542144.0,64.0,0.0,0.0,0.0,0.0,0.0,62.0,0.0,7.262597,1.0,6.0,0.0,0.0,15.977713,31872.0,12.0,1.0,0.0,0.0,0.0,0.688459,0.0,0.0,14920.279297,0.688459,536.0,0.0,167.333328,0.0,0.0,0.688459,0.688459,0.0,0.0,0.0,7.262597,0.0,8.0
0.0,0.001985,0.0,114.0,0.000998,0.199594,-0.0,0.0,0.0,180.0,1.0,66.0,1.0,0.0,0.201579,64128.0,1721542144.0,64.0,0.0,0.0,0.0,0.0,0.0,62.0,0.0,0.0,1.0,1.0,0.0,0.0,1002.003967,31872.0,2.0,0.0,0.0,0.0,0.0,0.000998,0.0,0.0,0.0,0.000998,114.0,0.0,66.0,0.0,0.0,0.000998,0.000998,0.0,0.0,0.0,0.0,0.0,8.0
0.0,0.001985,1.0,123.333336,0.880716,0.199594,-0.0,2243.628906,3760.576416,922.0,1.0,552.0,4.0,0.0,0.201579,64128.0,1721542144.0,64.0,0.0,0.0,0.0,0.0,0.0,62.0,0.0,2.27088,1.0,3.0,1.0,0.0,6.812639,31872.0,7.0,1.0,0.0,12.5,0.0,0.880716,0.0,0.0,6004.205566,0.880716,370.0,0.0,138.0,0.0,0.0,0.880716,0.880716,1.0,0.0,0.0,3.406319,0.0,8.0
0.0,0.001985,0.0,101.199997,0.540386,0.199594,-0.0,5995.713867,10614.634766,1366.0,1.0,860.0,6.0,0.0,0.201579,64128.0,1721542144.0,64.0,0.0,0.0,0.0,0.0,0.0,62.0,0.0,7.402116,1.0,5.0,0.0,0.0,18.505289,31872.0,11.0,1.0,0.0,0.0,0.0,0.540386,0.0,0.0,16610.347656,0.540386,506.0,0.0,143.333328,0.0,0.0,0.540386,0.540386,0.0,0.0,0.0,9.252645,0.0,8.0
0.0,0.001985,0.0,114.0,0.292075,0.199594,-0.0,3122.485596,7504.921387,776.0,1.0,548.0,2.0,0.0,0.201579,64128.0,1721542144.0,64.0,0.0,0.0,0.0,0.0,0.0,62.0,0.0,3.423778,1.0,2.0,0.0,0.0,10.271334,31872.0,4.0,1.0,0.0,0.0,0.0,0.292075,0.0,0.0,10627.407227,0.292075,228.0,0.0,274.0,0.0,0.0,0.292075,0.292075,0.0,0.0,0.0,3.423778,0.0,8.0
0.0,0.001985,0.0,0.0,0.924306,0.199594,-0.0,0.0,15804.290039,2282.0,1.0,2282.0,5.0,0.0,0.201579,103135.70040124832,1721542144.0,64.0,0.0,0.0,0.0,0.0,0.0,62.0,0.0,0.0,1.0,0.0,2.0,0.0,4.327571,37317.08209959624,5.0,0.0,0.0,0.0,0.0,0.924306,0.0,1.0,15804.290039,0.924306,0.0,0.0,456.399994,0.0,0.0,0.924306,0.924306,1.0,0.0,0.0,4.327571,0.0,8.0
0.0,0.001985,0.0,0.0,0.0,0.199594,-0.0,0.0,0.0,210.0,1.0,210.0,1.0,0.0,0.201579,103135.70040124832,1721542144.0,64.0,0.0,0.0,0.0,0.0,0.0,62.0,0.0,0.0,1.0,0.0,1.0,0.0,0.0,37317.08209959624,1.0,0.0,0.0,0.0,0.0,0.0,0.0,1.0,0.0,0.0,0.0,0.0,210.0,0.0,0.0,0.0,0.0,1.0,0.0,0.0,0.0,0.0,8.0
0.0,0.001985,1.0,116.0,0.656767,0.199594,-0.0,7064.910156,10037.044922,1684.0,1.0,988.0,6.0,0.0,0.201579,64128.0,1721542144.0,64.0,0.0,0.0,0.0,0.0,0.0,62.0,0.0,7.61305,1.0,6.0,1.0,0.0,16.748711,31872.0,12.0,1.0,0.0,7.692308,0.0,0.656767,0.0,0.0,17101.955078,0.656767,696.0,0.0,164.666672,0.0,0.0,0.656767,0.656767,1.0,0.0,0.0,7.61305,0.0,8.0
0.0,0.001985,0.0,114.0,0.000993,0.199594,-0.0,0.0,0.0,180.0,1.0,66.0,1.0,0.0,0.201579,64128.0,1721542144.0,64.0,0.0,0.0,0.0,0.0,0.0,62.0,0.0,0.0,1.0,1.0,0.0,0.0,1007.049377,31872.0,2.0,0.0,0.0,0.0,0.0,0.000993,0.0,0.0,0.0,0.000993,114.0,0.0,66.0,0.0,0.0,0.000993,0.000993,0.0,0.0,0.0,0.0,0.0,8.0
0.0,0.001985,0.0,119.333336,0.402237,0.199594,-0.0,4753.416504,11873.59668,1104.0,1.0,746.0,5.0,0.0,0.201579,64128.0,1721542144.0,64.0,0.0,0.0,0.0,0.0,0.0,62.0,0.0,4.972193,1.0,3.0,0.0,0.0,17.402676,31872.0,8.0,1.0,0.0,0.0,0.0,0.402237,0.0,0.0,16627.013672,0.402237,358.0,0.0,149.199997,0.0,0.0,0.402237,0.402237,0.0,0.0,0.0,9.944386,0.0,8.0
0.0,0.001985,1.0,93.0,0.769699,0.199594,-0.0,2899.834961,3928.808594,876.0,1.0,504.0,4.0,0.0,0.201579,64128.0,1721542144.0,64.0,0.0,0.0,0.0,0.0,0.0,62.0,0.0,3.897628,1.0,4.0,1.0,0.0,9.094464,31872.0,8.0,1.0,0.0,11.111111,0.0,0.769699,0.0,0.0,6828.643555,0.769699,372.0,0.0,126.0,0.0,0.0,0.769699,0.769699,1.0,0.0,0.0,3.897628,0.0,8.0
0.0,0.001985,0.0,162.0,0.000486,0.199594,-0.0,0.0,0.0,240.0,1.0,78.0,1.0,0.0,0.201579,64128.0,1721542144.0,64.0,0.0,0.0,0.0,0.0,0.0,62.0,0.0,0.0,1.0,1.0,0.0,0.0,2057.613037,31872.0,2.0,0.0,0.0,0.0,0.0,0.000486,0.0,0.0,0.0,0.000486,162.0,0.0,78.0,0.0,0.0,0.000486,0.000486,0.0,0.0,0.0,0.0,0.0,8.0
0.0,0.001985,0.0,123.599998,0.58217,0.199594,-0.0,6802.136719,11433.085938,1588.0,1.0,970.0,7.0,0.0,0.201579,64128.0,1721542144.0,64.0,0.0,0.0,0.0,0.0,0.0,62.0,0.0,6.870845,1.0,5.0,0.0,0.0,18.894825,31872.0,12.0,1.0,0.0,0.0,0.0,0.58217,0.0,0.0,18235.222656,0.58217,618.0,0.0,138.571426,0.0,0.0,0.58217,0.58217,0.0,0.0,0.0,10.306268,0.0,8.0
0.0,0.001985,1.0,135.333328,0.963282,0.199594,-0.0,2250.638916,8985.946289,1668.0,1.0,1262.0,7.0,0.0,0.201579,64128.0,1721542144.0,64.0,0.0,0.0,0.0,0.0,0.0,62.0,0.0,2.076235,1.0,3.0,1.0,0.0,9.343059,31872.0,10.0,1.0,0.0,9.090909,0.0,0.963282,0.0,0.0,11236.584961,0.963282,406.0,0.0,180.285721,0.0,0.0,0.963282,0.963282,1.0,0.0,0.0,6.228706,0.0,8.0
0.0,0.001985,1.0,93.0,0.882024,0.199594,-0.0,2530.543457,1687.028931,650.0,1.0,278.0,3.0,0.0,0.201579,64128.0,1721542144.0,64.0,0.0,0.0,0.0,0.0,0.0,62.0,0.0,3.401268,1.0,4.0,1.0,0.0,6.802536,31872.0,7.0,1.0,0.0,12.5,0.0,0.882024,0.0,0.0,4217.572266,0.882024,372.0,0.0,92.666664,0.0,0.0,0.882024,0.882024,1.0,0.0,0.0,2.267512,0.0,8.0
0.0,0.001985,0.0,119.333336,0.357912,0.199594,-0.0,5342.095215,22508.326172,1616.0,1.0,1258.0,5.0,0.0,0.201579,64128.0,1721542144.0,64.0,0.0,0.0,0.0,0.0,0.0,62.0,0.0,5.587965,1.0,3.0,0.0,0.0,19.55788,31872.0,8.0,1.0,0.0,0.0,0.0,0.357912,0.0,0.0,27850.421875,0.357912,358.0,0.0,251.600006,0.0,0.0,0.357912,0.357912,0.0,0.0,0.0,11.175931,0.0,8.0
0.0,0.001985,0.0,0.0,0.0,0.199594,-0.0,0.0,0.0,162.0,1.0,162.0,1.0,0.0,0.201579,103135.70040124832,1721542144.0,64.0,0.0,0.0,0.0,0.0,0.0,62.0,0.0,0.0,1.0,0.0,0.0,0.0,0.0,37317.08209959624,1.0,0.0,0.0,0.0,0.0,0.0,0.0,1.0,0.0,0.0,0.0,0.0,162.0,0.0,0.0,0.0,0.0,0.0,0.0,0.0,0.0,0.0,8.0
0.0,0.001985,0.0,0.0,0.0,0.199594,-0.0,0.0,0.0,162.0,1.0,162.0,1.0,0.0,0.201579,103135.70040124832,1721542144.0,64.0,0.0,0.0,0.0,0.0,0.0,62.0,0.0,0.0,1.0,0.0,0.0,0.0,0.0,37317.08209959624,1.0,0.0,0.0,0.0,0.0,0.0,0.0,1.0,0.0,0.0,0.0,0.0,162.0,0.0,0.0,0.0,0.0,0.0,0.0,0.0,0.0,0.0,8.0
0.0,0.001985,0.0,114.0,0.093152,0.199594,-0.0,9790.450195,16832.703125,522.0,1.0,294.0,3.0,0.0,0.201579,64128.0,1721542144.0,64.0,0.0,0.0,0.0,0.0,0.0,62.0,0.0,10.735143,1.0,2.0,0.0,0.0,42.940571,31872.0,5.0,1.0,0.0,0.0,0.0,0.093152,0.0,0.0,26623.152344,0.093152,228.0,0.0,98.0,0.0,0.0,0.093152,0.093152,0.0,0.0,0.0,21.470285,0.0,8.0
0.0,0.001985,0.0,102.571426,0.619295,0.199594,-0.0,17232.498047,194685.890625,17224.0,1.0,15788.0,22.0,0.0,0.201579,64128.0,1721542144.0,64.0,0.0,0.0,0.0,0.0,0.0,62.0,0.0,20.991611,1.0,14.0,0.0,0.0,56.515877,31872.0,36.0,1.0,0.0,0.0,0.0,0.619295,0.0,0.0,211918.390625,0.619295,1436.0,0.0,717.636353,0.0,0.0,0.619295,0.619295,0.0,0.0,0.0,33.909527,0.0,8.0
0.0,0.001985,0.0,114.0,0.231295,0.199594,-0.0,15772.06543,26978.533203,1480.0,1.0,910.0,7.0,0.0,0.201579,64128.0,1721542144.0,64.0,0.0,0.0,0.0,0.0,0.0,62.0,0.0,17.293932,1.0,5.0,0.0,0.0,47.558311,31872.0,12.0,1.0,0.0,0.0,0.0,0.231295,0.0,0.0,42750.597656,0.231295,570.0,0.0,130.0,0.0,0.0,0.231295,0.231295,0.0,0.0,0.0,25.940897,0.0,8.0
0.0,0.001985,1.0,114.0,0.617703,0.199594,-0.0,2952.875244,12562.670898,1506.0,1.0,1164.0,6.0,0.0,0.201579,64128.0,1721542144.0,64.0,0.0,0.0,0.0,0.0,0.0,62.0,0.0,3.237802,1.0,3.0,1.0,0.0,12.951207,31872.0,9.0,1.0,0.0,10.0,0.0,0.617703,0.0,0.0,15515.546875,0.617703,342.0,0.0,194.0,0.0,0.0,0.617703,0.617703,1.0,0.0,0.0,8.094504,0.0,8.0
0.0,0.001985,0.0,110.0,0.727958,0.199594,-0.0,3626.582764,7121.289551,1250.0,1.0,810.0,5.0,0.0,0.201579,64128.0,1721542144.0,64.0,0.0,0.0,0.0,0.0,0.0,62.0,0.0,4.121117,1.0,4.0,0.0,0.0,10.989645,31872.0,9.0,1.0,0.0,0.0,0.0,0.727958,0.0,0.0,10747.87207,0.727958,440.0,0.0,162.0,0.0,0.0,0.727958,0.727958,0.0,0.0,0.0,5.494823,0.0,8.0
0.0,0.001985,0.0,133.199997,0.920171,0.199594,-0.0,4633.921387,8215.864258,1768.0,1.0,1102.0,7.0,0.0,0.201579,64128.0,1721542144.0,64.0,0.0,0.0,0.0,0.0,0.0,62.0,0.0,4.347018,1.0,5.0,0.0,0.0,11.9543,31872.0,12.0,1.0,0.0,0.0,0.0,0.920171,0.0,0.0,12849.785156,0.920171,666.0,0.0,157.428574,0.0,0.0,0.920171,0.920171,0.0,0.0,0.0,6.520527,0.0,8.0
0.0,0.001985,0.0,98.0,0.680935,0.199594,-0.0,2302.716064,775.404358,426.0,1.0,132.0,2.0,0.0,0.201579,64128.0,1721542144.0,64.0,0.0,0.0,0.0,0.0,0.0,62.0,0.0,2.937138,1.0,3.0,0.0,0.0,5.874276,31872.0,5.0,0.0,0.0,0.0,0.0,0.680935,0.0,0.0,3078.120361,0.680935,294.0,0.0,66.0,0.0,0.0,0.680935,0.680935,0.0,0.0,0.0,1.468569,0.0,8.0
0.0,0.001985,0.0,118.0,0.379941,0.199594,-0.0,7453.789062,15855.09375,1350.0,1.0,878.0,7.0,0.0,0.201579,64128.0,1721542144.0,64.0,0.0,0.0,0.0,0.0,0.0,62.0,0.0,7.895963,1.0,4.0,0.0,0.0,26.319878,31872.0,11.0,1.0,0.0,0.0,0.0,0.379941,0.0,0.0,23308.882812,0.379941,472.0,0.0,125.428574,0.0,0.0,0.379941,0.379941,0.0,0.0,0.0,15.791926,0.0,8.0
0.0,0.001985,0.0,130.0,0.850355,0.199594,-0.0,1223.018555,1646.371216,522.0,1.0,262.0,3.0,0.0,0.201579,64128.0,1721542144.0,64.0,0.0,0.0,0.0,0.0,0.0,62.0,0.0,1.175979,1.0,2.0,0.0,0.0,4.703918,31872.0,5.0,1.0,0.0,0.0,0.0,0.850355,0.0,0.0,2869.389648,0.850355,260.0,0.0,87.333336,0.0,0.0,0.850355,0.850355,0.0,0.0,0.0,2.351959,0.0,8.0
0.0,0.001985,1.0,96.400002,0.428426,0.199594,-0.0,7207.779297,11876.030273,1276.0,1.0,794.0,5.0,0.0,0.201579,64128.0,1721542144.0,64.0,0.0,0.0,0.0,0.0,0.0,62.0,0.0,9.336501,1.0,5.0,1.0,0.0,21.007128,31872.0,10.0,1.0,0.0,9.090909,0.0,0.428426,0.0,0.0,19083.808594,0.428426,482.0,0.0,158.800003,0.0,0.0,0.428426,0.428426,1.0,0.0,0.0,9.336501,0.0,8.0
0.0,0.001985,0.0,94.444443,0.846915,0.199594,-0.0,7141.212402,82907.96875,10504.0,1.0,9654.0,11.0,0.0,0.201579,64128.0,1721542144.0,64.0,0.0,0.0,0.0,0.0,0.0,62.0,0.0,9.446048,1.0,9.0,0.0,0.0,22.434364,31872.0,20.0,1.0,0.0,0.0,0.0,0.846915,0.0,0.0,90049.179688,0.846915,850.0,0.0,877.636353,0.0,0.0,0.846915,0.846915,0.0,0.0,0.0,11.80756,0.0,8.0
0.0,0.001985,0.0,130.0,0.897353,0.199594,-0.0,1158.964233,1560.144165,522.0,1.0,262.0,3.0,0.0,0.201579,64128.0,1721542144.0,64.0,0.0,0.0,0.0,0.0,0.0,62.0,0.0,1.114389,1.0,2.0,0.0,0.0,4.457555,31872.0,5.0,1.0,0.0,0.0,0.0,0.897353,0.0,0.0,2719.108398,0.897353,260.0,0.0,87.333336,0.0,0.0,0.897353,0.897353,0.0,0.0,0.0,2.228777,0.0,8.0
0.0,0.001985,1.0,146.0,0.767387,0.199594,-0.0,0.0,2356.047363,484.0,1.0,338.0,3.0,0.0,0.201579,64128.0,1721542144.0,64.0,0.0,0.0,0.0,0.0,0.0,62.0,0.0,0.0,1.0,1.0,1.0,0.0,3.90937,31872.0,4.0,1.0,0.0,20.0,0.0,0.767387,0.0,0.0,2356.047363,0.767387,146.0,0.0,112.666664,0.0,0.0,0.767387,0.767387,1.0,0.0,0.0,2.606247,0.0,8.0
0.0,0.001985,0.0,0.0,0.0,0.199594,-0.0,0.0,0.0,130.0,1.0,130.0,1.0,0.0,0.201579,103135.70040124832,1721542144.0,64.0,0.0,0.0,0.0,0.0,0.0,62.0,0.0,0.0,1.0,0.0,0.0,0.0,0.0,37317.08209959624,1.0,0.0,0.0,0.0,0.0,0.0,0.0,1.0,0.0,0.0,0.0,0.0,130.0,0.0,0.0,0.0,0.0,0.0,0.0,0.0,0.0,0.0,8.0
0.0,0.001985,0.0,146.0,0.000991,0.199594,-0.0,0.0,839556.0,354.0,1.0,208.0,2.0,0.0,0.201579,64128.0,1721542144.0,64.0,0.0,0.0,0.0,0.0,0.0,62.0,0.0,0.0,1.0,1.0,0.0,0.0,2018.163574,31872.0,3.0,1.0,0.0,0.0,0.0,0.000991,0.0,0.0,839556.0,0.000991,146.0,0.0,104.0,0.0,0.0,0.000991,0.000991,0.0,0.0,0.0,1009.081787,0.0,8.0
0.0,0.001985,0.0,0.0,0.0,0.199594,-0.0,0.0,0.0,130.0,1.0,130.0,1.0,0.0,0.201579,103135.70040124832,1721542144.0,64.0,0.0,0.0,0.0,0.0,0.0,62.0,0.0,0.0,1.0,0.0,0.0,0.0,0.0,37317.08209959624,1.0,0.0,0.0,0.0,0.0,0.0,0.0,1.0,0.0,0.0,0.0,0.0,130.0,0.0,0.0,0.0,0.0,0.0,0.0,0.0,0.0,0.0,8.0
0.0,0.001985,0.0,146.0,0.001006,0.199594,-0.0,0.0,0.0,224.0,1.0,78.0,1.0,0.0,0.201579,64128.0,1721542144.0,64.0,0.0,0.0,0.0,0.0,0.0,62.0,0.0,0.0,1.0,1.0,0.0,0.0,994.035828,31872.0,2.0,0.0,0.0,0.0,0.0,0.001006,0.0,0.0,0.0,0.001006,146.0,0.0,78.0,0.0,0.0,0.001006,0.001006,0.0,0.0,0.0,0.0,0.0,8.0
0.0,0.001985,0.0,118.0,0.278926,0.199594,-0.0,10153.230469,24752.083984,1478.0,1.0,1006.0,7.0,0.0,0.201579,64128.0,1721542144.0,64.0,0.0,0.0,0.0,0.0,0.0,62.0,0.0,10.75554,1.0,4.0,0.0,0.0,35.851803,31872.0,11.0,1.0,0.0,0.0,0.0,0.278926,0.0,0.0,34905.3125,0.278926,472.0,0.0,143.714279,0.0,0.0,0.278926,0.278926,0.0,0.0,0.0,21.51108,0.0,8.0
0.0,0.001985,0.0,117.199997,0.679271,0.199594,-0.0,5523.568848,10163.837891,1592.0,1.0,1006.0,7.0,0.0,0.201579,64128.0,1721542144.0,64.0,0.0,0.0,0.0,0.0,0.0,62.0,0.0,5.888666,1.0,5.0,0.0,0.0,16.193832,31872.0,12.0,1.0,0.0,0.0,0.0,0.679271,0.0,0.0,15687.40625,0.679271,586.0,0.0,143.714279,0.0,0.0,0.679271,0.679271,0.0,0.0,0.0,8.832999,0.0,8.0
0.0,0.001985,0.0,126.0,0.367019,0.199594,-0.0,8239.355469,13601.475586,1252.0,1.0,748.0,6.0,0.0,0.201579,64128.0,1721542144.0,64.0,0.0,0.0,0.0,0.0,0.0,62.0,0.0,8.173964,1.0,4.0,0.0,0.0,24.521891,31872.0,10.0,1.0,0.0,0.0,0.0,0.367019,0.0,0.0,21840.832031,0.367019,504.0,0.0,124.666664,0.0,0.0,0.367019,0.367019,0.0,0.0,0.0,13.623273,0.0,8.0
0.0,0.001985,0.0,114.0,0.001997,0.199594,-0.0,0.0,0.0,180.0,1.0,66.0,1.0,0.0,0.201579,64128.0,1721542144.0,64.0,0.0,0.0,0.0,0.0,0.0,62.0,0.0,0.0,1.0,1.0,0.0,0.0,500.751099,31872.0,2.0,0.0,0.0,0.0,0.0,0.001997,0.0,0.0,0.0,0.001997,114.0,0.0,66.0,0.0,0.0,0.001997,0.001997,0.0,0.0,0.0,0.0,0.0,8.0
0.0,0.001985,0.0,162.0,0.000495,0.199594,-0.0,0.0,0.0,240.0,1.0,78.0,1.0,0.0,0.201579,64128.0,1721542144.0,64.0,0.0,0.0,0.0,0.0,0.0,62.0,0.0,0.0,1.0,1.0,0.0,0.0,2020.202026,31872.0,2.0,0.0,0.0,0.0,0.0,0.000495,0.0,0.0,0.0,0.000495,162.0,0.0,78.0,0.0,0.0,0.000495,0.000495,0.0,0.0,0.0,0.0,0.0,8.0
0.0,0.001985,0.0,142.0,0.94154,0.199594,-0.0,3619.601807,5386.919434,1328.0,1.0,760.0,6.0,0.0,0.201579,64128.0,1721542144.0,64.0,0.0,0.0,0.0,0.0,0.0,62.0,0.0,3.186269,1.0,4.0,0.0,0.0,9.558808,31872.0,10.0,1.0,0.0,0.0,0.0,0.94154,0.0,0.0,9006.521484,0.94154,568.0,0.0,126.666664,0.0,0.0,0.94154,0.94154,0.0,0.0,0.0,5.310449,0.0,8.0
0.0,0.001985,1.0,93.0,0.648758,0.199594,-0.0,3440.419922,4069.313965,812.0,1.0,440.0,4.0,0.0,0.201579,64128.0,1721542144.0,64.0,0.0,0.0,0.0,0.0,0.0,62.0,0.0,4.62422,1.0,4.0,1.0,0.0,10.789847,31872.0,8.0,1.0,0.0,11.111111,0.0,0.648758,0.0,0.0,7509.733887,0.648758,372.0,0.0,110.0,0.0,0.0,0.648758,0.648758,1.0,0.0,0.0,4.62422,0.0,8.0
0.0,0.001985,1.0,108.0,0.988656,0.199594,-0.0,4369.568359,7064.135742,1666.0,1.0,1018.0,7.0,0.0,0.201579,64128.0,1721542144.0,64.0,0.0,0.0,0.0,0.0,0.0,62.0,0.0,5.057371,1.0,6.0,1.0,0.0,12.137691,31872.0,13.0,1.0,0.0,7.142857,0.0,0.988656,0.0,0.0,11433.704102,0.988656,648.0,0.0,145.428574,0.0,0.0,0.988656,0.988656,1.0,0.0,0.0,6.068845,0.0,8.0
0.0,0.001985,0.0,110.0,0.971474,0.199594,-0.0,2717.52002,4710.368164,1154.0,1.0,714.0,5.0,0.0,0.201579,64128.0,1721542144.0,64.0,0.0,0.0,0.0,0.0,0.0,62.0,0.0,3.088091,1.0,4.0,0.0,0.0,8.234909,31872.0,9.0,1.0,0.0,0.0,0.0,0.971474,0.0,0.0,7427.888184,0.971474,440.0,0.0,142.800003,0.0,0.0,0.971474,0.971474,0.0,0.0,0.0,4.117455,0.0,8.0
0.0,0.001985,0.0,114.0,0.170524,0.199594,-0.0,5348.220703,9101.358398,616.0,1.0,388.0,2.0,0.0,0.201579,64128.0,1721542144.0,64.0,0.0,0.0,0.0,0.0,0.0,62.0,0.0,5.864277,1.0,2.0,0.0,0.0,17.592831,31872.0,4.0,1.0,0.0,0.0,0.0,0.170524,0.0,0.0,14449.579102,0.170524,228.0,0.0,194.0,0.0,0.0,0.170524,0.170524,0.0,0.0,0.0,5.864277,0.0,8.0
0.0,0.001985,0.0,110.0,0.772408,0.199594,-0.0,3417.882812,7519.341797,1286.0,1.0,846.0,7.0,0.0,0.201579,64128.0,1721542144.0,64.0,0.0,0.0,0.0,0.0,0.0,62.0,0.0,3.883958,1.0,4.0,0.0,0.0,12.946526,31872.0,11.0,1.0,0.0,0.0,0.0,0.772408,0.0,0.0,10937.224609,0.772408,440.0,0.0,120.85714,0.0,0.0,0.772408,0.772408,0.0,0.0,0.0,7.767915,0.0,8.0
0.0,0.001985,0.0,106.0,0.154385,0.199594,-0.0,16478.285156,48864.851562,1602.0,1.0,1178.0,5.0,0.0,0.201579,64128.0,1721542144.0,64.0,0.0,0.0,0.0,0.0,0.0,62.0,0.0,19.43194,1.0,4.0,0.0,0.0,51.818504,31872.0,9.0,1.0,0.0,0.0,0.0,0.154385,0.0,0.0,65343.136719,0.154385,424.0,0.0,235.600006,0.0,0.0,0.154385,0.154385,0.0,0.0,0.0,25.909252,0.0,8.0
0.0,0.001985,0.0,114.0,0.541709,0.199594,-0.0,6734.242676,15979.058594,1832.0,1.0,1262.0,7.0,0.0,0.201579,64128.0,1721542144.0,64.0,0.0,0.0,0.0,0.0,0.0,62.0,0.0,7.384038,1.0,5.0,0.0,0.0,20.306105,31872.0,12.0,1.0,0.0,0.0,0.0,0.541709,0.0,0.0,22713.300781,0.541709,570.0,0.0,180.285721,0.0,0.0,0.541709,0.541709,0.0,0.0,0.0,11.076057,0.0,8.0
0.0,0.001985,2.0,146.0,0.727029,0.199594,-0.0,0.0,3763.260986,602.0,1.0,456.0,4.0,0.0,0.201579,64128.0,1721542144.0,64.0,0.0,0.0,0.0,0.0,0.0,62.0,0.0,0.0,1.0,1.0,2.0,0.0,5.501843,31872.0,5.0,1.0,0.0,28.571429,0.0,0.727029,0.0,0.0,3763.260986,0.727029,146.0,0.0,114.0,0.0,0.0,0.727029,0.727029,1.0,0.0,0.0,4.126383,0.0,8.0
0.0,0.001985,0.0,107.333336,0.737907,0.199594,-0.0,2330.916992,5919.445312,1050.0,1.0,728.0,4.0,0.0,0.201579,64128.0,1721542144.0,64.0,0.0,0.0,0.0,0.0,0.0,62.0,0.0,2.710369,1.0,3.0,0.0,0.0,8.131106,31872.0,7.0,1.0,0.0,0.0,0.0,0.737907,0.0,0.0,8250.362305,0.737907,322.0,0.0,182.0,0.0,0.0,0.737907,0.737907,0.0,0.0,0.0,4.065553,0.0,8.0
0.0,0.001985,1.0,135.333328,0.741809,0.199594,-0.0,2922.585205,6578.512695,1168.0,1.0,762.0,5.0,0.0,0.201579,64128.0,1721542144.0,64.0,0.0,0.0,0.0,0.0,0.0,62.0,0.0,2.696112,1.0,3.0,1.0,0.0,9.436391,31872.0,8.0,1.0,0.0,11.111111,0.0,0.741809,0.0,0.0,9501.097656,0.741809,406.0,0.0,152.399994,0.0,0.0,0.741809,0.741809,1.0,0.0,0.0,5.392223,0.0,8.0
0.0,0.001985,1.0,78.0,0.0,0.199594,-0.0,0.0,0.0,898.0,1.0,820.0,2.0,0.0,0.201579,64128.0,1721542144.0,64.0,0.0,0.0,0.0,0.0,0.0,62.0,0.0,0.0,1.0,1.0,1.0,1.0,0.0,31872.0,3.0,0.0,0.0,25.0,0.0,0.0,0.0,0.0,0.0,0.0,78.0,0.0,410.0,0.0,0.0,0.0,0.0,1.0,0.0,0.0,0.0,0.0,8.0
0.0,0.001985,0.0,66.0,0.0,0.199594,-0.0,0.0,0.0,276.0,1.0,210.0,1.0,0.0,0.201579,64128.0,1721542144.0,64.0,0.0,0.0,0.0,0.0,0.0,62.0,0.0,0.0,1.0,1.0,0.0,1.0,0.0,31872.0,2.0,0.0,0.0,0.0,0.0,0.0,0.0,0.0,0.0,0.0,66.0,0.0,210.0,0.0,0.0,0.0,0.0,0.0,0.0,0.0,0.0,0.0,8.0
0.0,0.001985,0.0,0.0,0.542592,0.199594,-0.0,0.0,3096.249268,420.0,1.0,420.0,2.0,0.0,0.201579,103135.70040124832,1721542144.0,64.0,0.0,0.0,0.0,0.0,0.0,62.0,0.0,0.0,1.0,0.0,1.0,0.0,1.843005,37317.08209959624,2.0,0.0,0.0,0.0,0.0,0.542592,0.0,1.0,3096.249268,0.542592,0.0,0.0,210.0,0.0,0.0,0.542592,0.542592,1.0,0.0,0.0,1.843005,0.0,8.0
0.0,0.001985,1.0,78.0,0.794625,0.199594,-0.0,0.0,5194.90332,852.0,1.0,774.0,3.0,0.0,0.201579,64128.0,1721542144.0,64.0,0.0,0.0,0.0,0.0,0.0,62.0,0.0,0.0,1.0,1.0,1.0,1.0,3.775366,31872.0,4.0,0.0,0.0,20.0,0.0,0.794625,0.0,0.0,5194.90332,0.794625,78.0,0.0,258.0,0.0,0.0,0.794625,0.794625,1.0,0.0,0.0,2.516911,0.0,8.0
0.0,0.001985,0.0,78.0,0.791634,0.199594,-0.0,788.243042,3577.410645,864.0,1.0,708.0,2.0,0.0,0.201579,64128.0,1721542144.0,64.0,0.0,0.0,0.0,0.0,0.0,62.0,0.0,1.26321,1.0,2.0,0.0,1.0,3.78963,31872.0,4.0,0.0,0.0,0.0,0.0,0.791634,0.0,0.0,4365.653809,0.791634,156.0,0.0,354.0,0.0,0.0,0.791634,0.791634,0.0,0.0,0.0,1.26321,0.0,8.0
0.0,0.001985,0.0,66.0,0.803458,0.199594,-0.0,0.0,0.0,276.0,1.0,210.0,1.0,0.0,0.201579,64128.0,1721542144.0,64.0,0.0,0.0,0.0,0.0,0.0,62.0,0.0,0.0,1.0,1.0,0.0,1.0,1.24462,31872.0,2.0,0.0,0.0,0.0,0.0,0.803458,0.0,0.0,0.0,0.803458,66.0,0.0,210.0,0.0,0.0,0.803458,0.803458,0.0,0.0,0.0,0.0,0.0,8.0
0.0,0.001985,1.0,66.0,0.700622,0.199594,-0.0,753.616028,4795.738281,762.0,1.0,630.0,3.0,0.0,0.201579,64128.0,1721542144.0,64.0,0.0,0.0,0.0,0.0,0.0,62.0,0.0,1.427303,1.0,2.0,1.0,1.0,5.709212,31872.0,5.0,0.0,0.0,16.666667,0.0,0.700622,0.0,0.0,5549.354004,0.700622,132.0,0.0,210.0,0.0,0.0,0.700622,0.700622,1.0,0.0,0.0,2.854606,0.0,8.0
0.0,0.001985,0.0,0.0,0.850437,0.199594,-0.0,0.0,3950.909912,630.0,1.0,630.0,3.0,0.0,0.201579,103135.70040124832,1721542144.0,64.0,0.0,0.0,0.0,0.0,0.0,62.0,0.0,0.0,1.0,0.0,2.0,0.0,2.351732,37317.08209959624,3.0,0.0,0.0,0.0,0.0,0.850437,0.0,1.0,3950.909912,0.850437,0.0,0.0,210.0,0.0,0.0,0.850437,0.850437,1.0,0.0,0.0,2.351732,0.0,8.0
0.0,0.001985,0.0,90.0,0.370772,0.199594,-0.0,5825.682617,9536.858398,1022.0,1.0,662.0,3.0,0.0,0.201579,64128.0,1721542144.0,64.0,0.0,0.0,0.0,0.0,0.0,62.0,0.0,8.091226,1.0,4.0,0.0,0.0,16.182451,31872.0,7.0,1.0,0.0,0.0,0.0,0.370772,0.0,0.0,15362.541016,0.370772,360.0,0.0,220.666672,0.0,0.0,0.370772,0.370772,0.0,0.0,0.0,5.394151,0.0,8.0
0.0,0.001985,1.0,119.333336,0.712024,0.199594,-0.0,2685.302734,31122.546875,3682.0,1.0,3324.0,6.0,0.0,0.201579,64128.0,1721542144.0,64.0,0.0,0.0,0.0,0.0,0.0,62.0,0.0,2.808894,1.0,3.0,1.0,0.0,11.235577,31872.0,9.0,1.0,0.0,10.0,0.0,0.712024,0.0,0.0,33807.851562,0.712024,358.0,0.0,554.0,0.0,0.0,0.712024,0.712024,1.0,0.0,0.0,7.022235,0.0,8.0
0.0,0.001985,0.0,66.0,0.169606,0.199594,-0.0,3113.097412,45753.097656,2072.0,1.0,1940.0,2.0,0.0,0.201579,64128.0,1721542144.0,64.0,0.0,0.0,0.0,0.0,0.0,62.0,0.0,5.896018,1.0,2.0,0.0,1.0,17.688053,31872.0,4.0,0.0,0.0,0.0,0.0,0.169606,0.0,0.0,48866.195312,0.169606,132.0,0.0,970.0,0.0,0.0,0.169606,0.169606,0.0,0.0,0.0,5.896018,0.0,8.0
0.0,0.001985,0.0,66.0,0.830906,0.199594,-0.0,1270.901978,5834.595215,1006.0,1.0,808.0,4.0,0.0,0.201579,64128.0,1721542144.0,64.0,0.0,0.0,0.0,0.0,0.0,62.0,0.0,2.407011,1.0,3.0,0.0,1.0,7.221034,31872.0,7.0,0.0,0.0,0.0,0.0,0.830906,0.0,0.0,7105.49707,0.830906,198.0,0.0,202.0,0.0,0.0,0.830906,0.830906,0.0,0.0,0.0,3.610517,0.0,8.0
0.0,0.001985,1.0,72.0,0.831728,0.199594,-0.0,692.534119,8137.275879,1272.0,1.0,1128.0,4.0,0.0,0.201579,64128.0,1721542144.0,64.0,0.0,0.0,0.0,0.0,0.0,62.0,0.0,1.202316,1.0,2.0,1.0,1.0,6.011581,31872.0,6.0,0.0,0.0,14.285714,0.0,0.831728,0.0,0.0,8829.80957,0.831728,144.0,0.0,282.0,0.0,0.0,0.831728,0.831728,1.0,0.0,0.0,3.606949,0.0,8.0
0.0,0.001985,0.0,66.0,0.842773,0.199594,-0.0,626.503235,0.0,566.0,1.0,434.0,1.0,0.0,0.201579,64128.0,1721542144.0,64.0,0.0,0.0,0.0,0.0,0.0,62.0,0.0,1.186559,1.0,2.0,0.0,1.0,2.373118,31872.0,3.0,0.0,0.0,0.0,0.0,0.842773,0.0,0.0,626.503235,0.842773,132.0,0.0,434.0,0.0,0.0,0.842773,0.842773,0.0,0.0,0.0,0.0,0.0,8.0
0.0,0.001985,0.0,66.0,0.83902,0.199594,-0.0,0.0,0.0,500.0,1.0,434.0,1.0,0.0,0.201579,64128.0,1721542144.0,64.0,0.0,0.0,0.0,0.0,0.0,62.0,0.0,0.0,1.0,1.0,0.0,1.0,1.191867,31872.0,2.0,0.0,0.0,0.0,0.0,0.83902,0.0,0.0,0.0,0.83902,66.0,0.0,434.0,0.0,0.0,0.83902,0.83902,0.0,0.0,0.0,0.0,0.0,8.0
0.0,0.001985,1.0,66.0,0.789241,0.199594,-0.0,668.997192,8798.326172,1434.0,1.0,1302.0,3.0,0.0,0.201579,64128.0,1721542144.0,64.0,0.0,0.0,0.0,0.0,0.0,62.0,0.0,1.26704,1.0,2.0,1.0,1.0,5.068161,31872.0,5.0,0.0,0.0,16.666667,0.0,0.789241,0.0,0.0,9467.323242,0.789241,132.0,0.0,434.0,0.0,0.0,0.789241,0.789241,1.0,0.0,0.0,2.53408,0.0,8.0
0.0,0.001985,0.0,66.0,0.0,0.199594,-0.0,0.0,0.0,500.0,1.0,434.0,1.0,0.0,0.201579,64128.0,1721542144.0,64.0,0.0,0.0,0.0,0.0,0.0,62.0,0.0,0.0,1.0,1.0,0.0,1.0,0.0,31872.0,2.0,0.0,0.0,0.0,0.0,0.0,0.0,0.0,0.0,0.0,66.0,0.0,434.0,0.0,0.0,0.0,0.0,0.0,0.0,0.0,0.0,0.0,8.0
0.0,0.001985,0.0,90.0,0.585804,0.199594,-0.0,3687.240234,10255.990234,1298.0,1.0,938.0,5.0,0.0,0.201579,64128.0,1721542144.0,64.0,0.0,0.0,0.0,0.0,0.0,62.0,0.0,5.121167,1.0,4.0,0.0,0.0,13.656446,31872.0,9.0,1.0,0.0,0.0,0.0,0.585804,0.0,0.0,13943.230469,0.585804,360.0,0.0,187.600006,0.0,0.0,0.585804,0.585804,0.0,0.0,0.0,6.828223,0.0,8.0
0.0,0.001985,0.0,119.333336,0.340795,0.199594,-0.0,5610.410645,10000.146484,926.0,1.0,568.0,4.0,0.0,0.201579,64128.0,1721542144.0,64.0,0.0,0.0,0.0,0.0,0.0,62.0,0.0,5.86863,1.0,3.0,0.0,0.0,17.605892,31872.0,7.0,1.0,0.0,0.0,0.0,0.340795,0.0,0.0,15610.557617,0.340795,358.0,0.0,142.0,0.0,0.0,0.340795,0.340795,0.0,0.0,0.0,8.802946,0.0,8.0
0.0,0.001985,0.0,0.0,0.804496,0.199594,-0.0,0.0,11753.943359,1576.0,1.0,1576.0,4.0,0.0,0.201579,103135.70040124832,1721542144.0,64.0,0.0,0.0,0.0,0.0,0.0,62.0,0.0,0.0,1.0,0.0,2.0,0.0,3.729043,37317.08209959624,4.0,0.0,0.0,0.0,0.0,0.804496,0.0,1.0,11753.943359,0.804496,0.0,0.0,394.0,0.0,0.0,0.804496,0.804496,1.0,0.0,0.0,3.729043,0.0,8.0
0.0,0.001985,0.0,70.0,0.49381,0.199594,-0.0,2268.078857,17350.802734,1816.0,1.0,1606.0,3.0,0.0,0.201579,64128.0,1721542144.0,64.0,0.0,0.0,0.0,0.0,0.0,62.0,0.0,4.050141,1.0,3.0,0.0,1.0,10.125352,31872.0,6.0,0.0,0.0,0.0,0.0,0.49381,0.0,0.0,19618.880859,0.49381,210.0,0.0,535.333313,0.0,0.0,0.49381,0.49381,0.0,0.0,0.0,4.050141,0.0,8.0
0.0,0.001985,0.0,66.0,0.0,0.199594,-0.0,0.0,0.0,580.0,1.0,514.0,1.0,0.0,0.201579,64128.0,1721542144.0,64.0,0.0,0.0,0.0,0.0,0.0,62.0,0.0,0.0,1.0,1.0,0.0,1.0,0.0,31872.0,2.0,0.0,0.0,0.0,0.0,0.0,0.0,0.0,0.0,0.0,66.0,0.0,514.0,0.0,0.0,0.0,0.0,0.0,0.0,0.0,0.0,0.0,8.0
0.0,0.001985,2.0,86.0,0.954929,0.199594,-0.0,1440.944824,15724.729492,2604.0,1.0,2346.0,5.0,0.0,0.201579,64128.0,1721542144.0,64.0,0.0,0.0,0.0,0.0,0.0,62.0,0.0,2.094397,1.0,3.0,2.0,0.0,7.330388,31872.0,8.0,1.0,0.0,20.0,0.0,0.954929,0.0,0.0,17165.673828,0.954929,258.0,0.0,469.200012,0.0,0.0,0.954929,0.954929,1.0,0.0,0.0,4.188793,0.0,8.0
0.0,0.001985,0.0,114.0,0.000817,0.199594,-0.0,0.0,0.0,180.0,1.0,66.0,1.0,0.0,0.201579,64128.0,1721542144.0,64.0,0.0,0.0,0.0,0.0,0.0,62.0,0.0,0.0,1.0,1.0,0.0,0.0,1223.990234,31872.0,2.0,0.0,0.0,0.0,0.0,0.000817,0.0,0.0,0.0,0.000817,114.0,0.0,66.0,0.0,0.0,0.000817,0.000817,0.0,0.0,0.0,0.0,0.0,8.0
0.0,0.001985,2.0,194.0,0.802323,0.199594,-0.0,0.0,3499.837402,662.0,1.0,468.0,4.0,0.0,0.201579,64128.0,1721542144.0,64.0,0.0,0.0,0.0,0.0,0.0,62.0,0.0,0.0,1.0,1.0,2.0,0.0,4.985523,31872.0,5.0,1.0,0.0,28.571429,0.0,0.802323,0.0,0.0,3499.837402,0.802323,194.0,0.0,117.0,0.0,0.0,0.802323,0.802323,1.0,0.0,0.0,3.739143,0.0,8.0
0.0,0.001985,0.0,146.0,0.407156,0.199594,-0.0,0.0,29472.734375,2146.0,1.0,2000.0,4.0,0.0,0.201579,64128.0,1721542144.0,64.0,0.0,0.0,0.0,0.0,0.0,62.0,0.0,0.0,1.0,1.0,0.0,0.0,9.824244,31872.0,5.0,1.0,0.0,0.0,79.0,0.407156,0.0,0.0,29472.734375,0.407156,146.0,0.0,500.0,0.0,0.0,0.407156,0.407156,0.0,1.0,0.0,7.368183,0.0,8.0
0.0,0.001985,2.0,146.0,0.473952,0.199594,-0.0,0.0,7410.033203,804.0,1.0,658.0,3.0,0.0,0.201579,64128.0,1721542144.0,64.0,0.0,0.0,0.0,0.0,0.0,62.0,0.0,0.0,1.0,1.0,2.0,0.0,6.329755,31872.0,4.0,1.0,0.0,33.333333,0.0,0.473952,0.0,0.0,7410.033203,0.473952,146.0,0.0,219.333328,0.0,0.0,0.473952,0.473952,1.0,0.0,0.0,4.219837,0.0,8.0
0.0,0.001985,2.0,103.714287,0.818954,0.199594,-0.0,6085.812012,24753.527344,3622.0,1.0,2896.0,8.0,0.0,0.201579,64128.0,1721542144.0,64.0,0.0,0.0,0.0,0.0,0.0,62.0,0.0,7.326419,1.0,7.0,2.0,0.0,17.094978,31872.0,15.0,1.0,0.0,11.764706,0.0,0.818954,0.0,0.0,30839.339844,0.818954,726.0,0.0,362.0,0.0,0.0,0.818954,0.818954,1.0,0.0,0.0,8.547489,0.0,8.0
0.0,0.001985,0.0,98.0,0.201115,0.199594,-0.0,7796.534668,2625.363525,426.0,1.0,132.0,2.0,0.0,0.201579,64128.0,1721542144.0,64.0,0.0,0.0,0.0,0.0,0.0,62.0,0.0,9.944559,1.0,3.0,0.0,0.0,19.889118,31872.0,5.0,0.0,0.0,0.0,0.0,0.201115,0.0,0.0,10421.898438,0.201115,294.0,0.0,66.0,0.0,0.0,0.201115,0.201115,0.0,0.0,0.0,4.97228,0.0,8.0
0.0,0.001985,0.0,117.199997,0.54155,0.199594,-0.0,6928.261719,23680.177734,2456.0,1.0,1870.0,7.0,0.0,0.201579,64128.0,1721542144.0,64.0,0.0,0.0,0.0,0.0,0.0,62.0,0.0,7.386207,1.0,5.0,0.0,0.0,20.312067,31872.0,12.0,1.0,0.0,0.0,0.0,0.54155,0.0,0.0,30608.439453,0.54155,586.0,0.0,267.142853,0.0,0.0,0.54155,0.54155,0.0,0.0,0.0,11.079309,0.0,8.0
0.0,0.001985,2.0,146.0,0.765624,0.199594,-0.0,1525.552979,4472.168945,826.0,1.0,534.0,5.0,0.0,0.201579,64128.0,1721542144.0,64.0,0.0,0.0,0.0,0.0,0.0,62.0,0.0,1.306124,1.0,2.0,2.0,0.0,7.836745,31872.0,7.0,1.0,0.0,22.222222,0.0,0.765624,0.0,0.0,5997.722168,0.765624,292.0,0.0,106.800003,0.0,0.0,0.765624,0.765624,1.0,0.0,0.0,5.224497,0.0,8.0
0.0,0.001985,0.0,146.0,0.001285,0.199594,-0.0,0.0,647470.8125,354.0,1.0,208.0,2.0,0.0,0.201579,64128.0,1721542144.0,64.0,0.0,0.0,0.0,0.0,0.0,62.0,0.0,0.0,1.0,1.0,0.0,0.0,1556.420166,31872.0,3.0,1.0,0.0,0.0,0.0,0.001285,0.0,0.0,647470.8125,0.001285,146.0,0.0,104.0,0.0,0.0,0.001285,0.001285,0.0,0.0,0.0,778.210083,0.0,8.0
0.0,0.001985,0.0,0.0,0.0,0.199594,-0.0,0.0,0.0,130.0,1.0,130.0,1.0,0.0,0.201579,103135.70040124832,1721542144.0,64.0,0.0,0.0,0.0,0.0,0.0,62.0,0.0,0.0,1.0,0.0,0.0,0.0,0.0,37317.08209959624,1.0,0.0,0.0,0.0,0.0,0.0,0.0,1.0,0.0,0.0,0.0,0.0,130.0,0.0,0.0,0.0,0.0,0.0,0.0,0.0,0.0,0.0,8.0
0.0,0.001985,1.0,112.0,0.651012,0.199594,-0.0,1376.318726,5087.463867,776.0,1.0,552.0,4.0,0.0,0.201579,64128.0,1721542144.0,64.0,0.0,0.0,0.0,0.0,0.0,62.0,0.0,1.53607,1.0,2.0,1.0,0.0,7.68035,31872.0,6.0,1.0,0.0,14.285714,0.0,0.651012,0.0,0.0,6463.782715,0.651012,224.0,0.0,138.0,0.0,0.0,0.651012,0.651012,1.0,0.0,0.0,4.60821,0.0,8.0
0.0,0.001985,0.0,90.0,0.367687,0.199594,-0.0,5874.562012,59507.136719,3778.0,1.0,3418.0,5.0,0.0,0.201579,64128.0,1721542144.0,64.0,0.0,0.0,0.0,0.0,0.0,62.0,0.0,8.159114,1.0,4.0,0.0,0.0,21.757637,31872.0,9.0,1.0,0.0,0.0,0.0,0.367687,0.0,0.0,65381.699219,0.367687,360.0,0.0,683.599976,0.0,0.0,0.367687,0.367687,0.0,0.0,0.0,10.878819,0.0,8.0
0.0,0.001985,1.0,154.0,0.775925,0.199594,-0.0,1587.782349,4268.454102,860.0,1.0,552.0,4.0,0.0,0.201579,64128.0,1721542144.0,64.0,0.0,0.0,0.0,0.0,0.0,62.0,0.0,1.288784,1.0,2.0,1.0,0.0,6.443922,31872.0,6.0,1.0,0.0,14.285714,0.0,0.775925,0.0,0.0,5856.236328,0.775925,308.0,0.0,138.0,0.0,0.0,0.775925,0.775925,1.0,0.0,0.0,3.866353,0.0,8.0
0.0,0.001985,1.0,78.0,0.671523,0.199594,-0.0,0.0,13009.234375,1716.0,1.0,1638.0,3.0,0.0,0.201579,64128.0,1721542144.0,64.0,0.0,0.0,0.0,0.0,0.0,62.0,0.0,0.0,1.0,1.0,1.0,1.0,4.467457,31872.0,4.0,0.0,0.0,20.0,0.0,0.671523,0.0,0.0,13009.234375,0.671523,78.0,0.0,546.0,0.0,0.0,0.671523,0.671523,1.0,0.0,0.0,2.978305,0.0,8.0
0.0,0.001985,0.0,0.0,0.0,0.199594,-0.0,0.0,0.0,1330.0,1.0,1330.0,1.0,0.0,0.201579,103135.70040124832,1721542144.0,64.0,0.0,0.0,0.0,0.0,0.0,62.0,0.0,0.0,1.0,0.0,0.0,0.0,0.0,37317.08209959624,1.0,0.0,0.0,0.0,0.0,0.0,0.0,1.0,0.0,0.0,0.0,0.0,1330.0,0.0,0.0,0.0,0.0,0.0,0.0,0.0,0.0,0.0,8.0
0.0,0.001985,0.0,78.0,0.0,0.199594,-0.0,0.0,0.0,1408.0,1.0,1330.0,1.0,0.0,0.201579,64128.0,1721542144.0,64.0,0.0,0.0,0.0,0.0,0.0,62.0,0.0,0.0,1.0,1.0,0.0,1.0,0.0,31872.0,2.0,0.0,0.0,0.0,0.0,0.0,0.0,0.0,0.0,0.0,78.0,0.0,1330.0,0.0,0.0,0.0,0.0,0.0,0.0,0.0,0.0,0.0,8.0
0.0,0.001985,1.0,154.0,0.881895,0.199594,-0.0,1396.991699,2666.984131,700.0,1.0,392.0,4.0,0.0,0.201579,64128.0,1721542144.0,64.0,0.0,0.0,0.0,0.0,0.0,62.0,0.0,1.133922,1.0,2.0,1.0,0.0,5.669609,31872.0,6.0,1.0,0.0,14.285714,0.0,0.881895,0.0,0.0,4063.97583,0.881895,308.0,0.0,98.0,0.0,0.0,0.881895,0.881895,1.0,0.0,0.0,3.401766,0.0,8.0
0.0,0.001985,0.0,130.0,0.012639,0.199594,-0.0,0.0,346862.875,952.0,1.0,822.0,3.0,0.0,0.201579,64128.0,1721542144.0,64.0,0.0,0.0,0.0,0.0,0.0,62.0,0.0,0.0,1.0,1.0,0.0,0.0,237.36055,31872.0,4.0,1.0,0.0,0.0,0.0,0.012639,0.0,0.0,346862.875,0.012639,130.0,0.0,274.0,0.0,0.0,0.012639,0.012639,0.0,0.0,0.0,158.240372,0.0,8.0
0.0,0.001985,0.0,130.0,0.612208,0.199594,-0.0,0.0,2090.792725,450.0,1.0,320.0,2.0,0.0,0.201579,64128.0,1721542144.0,64.0,0.0,0.0,0.0,0.0,0.0,62.0,0.0,0.0,1.0,1.0,0.0,0.0,3.266864,31872.0,3.0,1.0,0.0,0.0,0.0,0.612208,0.0,0.0,2090.792725,0.612208,130.0,0.0,160.0,0.0,0.0,0.612208,0.612208,0.0,0.0,0.0,1.633432,0.0,8.0
0.0,0.001985,0.0,0.0,0.0,0.199594,-0.0,0.0,0.0,802.0,1.0,802.0,1.0,0.0,0.201579,103135.70040124832,1721542144.0,64.0,0.0,0.0,0.0,0.0,0.0,62.0,0.0,0.0,1.0,0.0,0.0,0.0,0.0,37317.08209959624,1.0,0.0,0.0,0.0,0.0,0.0,0.0,1.0,0.0,0.0,0.0,0.0,802.0,0.0,0.0,0.0,0.0,0.0,0.0,0.0,0.0,0.0,8.0
0.0,0.001985,0.0,124.666664,0.665927,0.199594,-0.0,3003.332275,10860.049805,1504.0,1.0,1130.0,5.0,0.0,0.201579,64128.0,1721542144.0,64.0,0.0,0.0,0.0,0.0,0.0,62.0,0.0,3.003332,1.0,3.0,0.0,0.0,10.511662,31872.0,8.0,1.0,0.0,0.0,0.0,0.665927,0.0,0.0,13863.381836,0.665927,374.0,0.0,226.0,0.0,0.0,0.665927,0.665927,0.0,0.0,0.0,6.006664,0.0,8.0
0.0,0.001985,0.0,106.0,0.942465,0.199594,-0.0,2699.304443,7894.192383,1586.0,1.0,1162.0,5.0,0.0,0.201579,64128.0,1721542144.0,64.0,0.0,0.0,0.0,0.0,0.0,62.0,0.0,3.183142,1.0,4.0,0.0,0.0,8.488379,31872.0,9.0,1.0,0.0,0.0,0.0,0.942465,0.0,0.0,10593.49707,0.942465,424.0,0.0,232.399994,0.0,0.0,0.942465,0.942465,0.0,0.0,0.0,4.244189,0.0,8.0
0.0,0.001985,0.0,117.199997,0.857777,0.199594,-0.0,4374.097168,7498.452637,1524.0,1.0,938.0,7.0,0.0,0.201579,64128.0,1721542144.0,64.0,0.0,0.0,0.0,0.0,0.0,62.0,0.0,4.663217,1.0,5.0,0.0,0.0,12.823846,31872.0,12.0,1.0,0.0,0.0,0.0,0.857777,0.0,0.0,11872.549805,0.857777,586.0,0.0,134.0,0.0,0.0,0.857777,0.857777,0.0,0.0,0.0,6.994825,0.0,8.0
0.0,0.001985,0.0,118.0,0.984163,0.199594,-0.0,2877.572266,46203.730469,6968.0,1.0,6496.0,8.0,0.0,0.201579,64128.0,1721542144.0,64.0,0.0,0.0,0.0,0.0,0.0,62.0,0.0,3.048275,1.0,4.0,0.0,0.0,11.177011,31872.0,12.0,1.0,0.0,0.0,0.0,0.984163,0.0,0.0,49081.300781,0.984163,472.0,0.0,812.0,0.0,0.0,0.984163,0.984163,0.0,0.0,0.0,7.112643,0.0,8.0
0.0,0.001985,3.0,69.0,0.805953,0.199594,-0.0,4794.324219,168615.28125,18954.0,1.0,18402.0,13.0,0.0,0.201579,62592.0,1721542144.0,64.0,0.0,0.0,0.0,0.0,0.0,62.0,0.0,8.685369,1.0,8.0,3.0,1.0,24.815342,31872.0,21.0,0.0,0.0,12.5,0.0,0.805953,0.0,0.0,173409.609375,0.805953,552.0,0.0,1415.538452,0.0,0.0,0.805953,0.805953,1.0,0.0,0.0,14.889205,0.0,8.0
0.0,0.001985,2.0,78.0,0.854459,0.199594,-0.0,0.0,14175.051758,3106.0,1.0,3028.0,2.0,0.0,0.201579,63872.0,1721542144.0,64.0,0.0,0.0,0.0,0.0,0.0,62.0,0.0,0.0,1.0,1.0,2.0,0.0,2.340662,31872.0,3.0,0.0,0.0,40.0,0.0,0.854459,0.0,0.0,14175.051758,0.854459,78.0,1.0,1514.0,0.0,0.0,0.854459,0.854459,1.0,0.0,0.0,1.170331,0.0,8.0
0.0,0.001985,0.0,89.384613,0.968374,0.199594,-0.0,8864.34375,176997.734375,23714.0,1.0,22552.0,20.0,0.0,0.201579,64128.0,1721542144.0,64.0,0.0,0.0,0.0,0.0,0.0,62.0,0.0,12.391906,1.0,13.0,0.0,0.0,33.045082,31872.0,33.0,1.0,0.0,0.0,0.0,0.968374,0.0,0.0,185862.078125,0.968374,1162.0,0.0,1127.599976,0.0,0.0,0.968374,0.968374,0.0,0.0,0.0,19.620518,0.0,8.0
0.0,0.001985,0.0,114.0,0.419377,0.199594,-0.0,10873.271484,16290.831055,1660.0,1.0,976.0,8.0,0.0,0.201579,64128.0,1721542144.0,64.0,0.0,0.0,0.0,0.0,0.0,62.0,0.0,11.922447,1.0,6.0,0.0,0.0,30.998362,31872.0,14.0,1.0,0.0,0.0,0.0,0.419377,0.0,0.0,27164.103516,0.419377,684.0,0.0,122.0,0.0,0.0,0.419377,0.419377,0.0,0.0,0.0,16.691425,0.0,8.0
0.0,0.001985,0.0,117.199997,0.356874,0.199594,-0.0,10513.514648,26182.912109,1900.0,1.0,1314.0,9.0,0.0,0.201579,64128.0,1721542144.0,64.0,0.0,0.0,0.0,0.0,0.0,62.0,0.0,11.208438,1.0,5.0,0.0,0.0,36.427425,31872.0,14.0,1.0,0.0,0.0,0.0,0.356874,0.0,0.0,36696.425781,0.356874,586.0,0.0,146.0,0.0,0.0,0.356874,0.356874,0.0,0.0,0.0,22.416876,0.0,8.0
0.0,0.001985,2.0,102.666664,0.967954,0.199594,-0.0,4248.135742,18356.244141,3114.0,1.0,2498.0,9.0,0.0,0.201579,64128.0,1721542144.0,64.0,0.0,0.0,0.0,0.0,0.0,62.0,0.0,5.165535,1.0,6.0,2.0,0.0,14.463497,31872.0,15.0,1.0,0.0,11.764706,0.0,0.967954,0.0,0.0,22604.380859,0.967954,616.0,0.0,277.555542,0.0,0.0,0.967954,0.967954,1.0,0.0,0.0,8.264855,0.0,8.0
0.0,0.001985,0.0,114.0,0.001,0.199594,-0.0,0.0,0.0,180.0,1.0,66.0,1.0,0.0,0.201579,64128.0,1721542144.0,64.0,0.0,0.0,0.0,0.0,0.0,62.0,0.0,0.0,1.0,1.0,0.0,0.0,999.999939,31872.0,2.0,0.0,0.0,0.0,0.0,0.001,0.0,0.0,0.0,0.001,114.0,0.0,66.0,0.0,0.0,0.001,0.001,0.0,0.0,0.0,0.0,0.0,8.0
0.0,0.001985,1.0,119.333336,0.973572,0.199594,-0.0,1963.901978,12465.436523,2178.0,1.0,1820.0,6.0,0.0,0.201579,64128.0,1721542144.0,64.0,0.0,0.0,0.0,0.0,0.0,62.0,0.0,2.054291,1.0,3.0,1.0,0.0,8.217163,31872.0,9.0,1.0,0.0,10.0,0.0,0.973572,0.0,0.0,14429.337891,0.973572,358.0,0.0,303.333344,0.0,0.0,0.973572,0.973572,1.0,0.0,0.0,5.135727,0.0,8.0
0.0,0.001985,2.0,78.0,0.662449,0.199594,-0.0,0.0,13549.722656,2322.0,1.0,2244.0,2.0,0.0,0.201579,64128.0,1721542144.0,64.0,0.0,0.0,0.0,0.0,0.0,62.0,0.0,0.0,1.0,1.0,2.0,1.0,3.0191,31872.0,3.0,0.0,0.0,40.0,0.0,0.662449,0.0,0.0,13549.722656,0.662449,78.0,0.0,1122.0,0.0,0.0,0.662449,0.662449,1.0,0.0,0.0,1.50955,0.0,8.0
0.0,0.001985,0.0,0.0,0.0,0.199594,-0.0,0.0,0.0,1122.0,1.0,1122.0,1.0,0.0,0.201579,103135.70040124832,1721542144.0,64.0,0.0,0.0,0.0,0.0,0.0,62.0,0.0,0.0,1.0,0.0,1.0,0.0,0.0,37317.08209959624,1.0,0.0,0.0,0.0,0.0,0.0,0.0,1.0,0.0,0.0,0.0,0.0,1122.0,0.0,0.0,0.0,0.0,1.0,0.0,0.0,0.0,0.0,8.0
0.0,0.001985,0.0,0.0,0.0,0.199594,-0.0,0.0,0.0,1122.0,1.0,1122.0,1.0,0.0,0.201579,103135.70040124832,1721542144.0,64.0,0.0,0.0,0.0,0.0,0.0,62.0,0.0,0.0,1.0,0.0,1.0,0.0,0.0,37317.08209959624,1.0,0.0,0.0,0.0,0.0,0.0,0.0,1.0,0.0,0.0,0.0,0.0,1122.0,0.0,0.0,0.0,0.0,1.0,0.0,0.0,0.0,0.0,8.0
0.0,0.001985,0.0,162.0,0.040641,0.199594,-0.0,0.0,0.0,228.0,1.0,66.0,1.0,0.0,0.201579,64128.0,1721542144.0,64.0,0.0,0.0,0.0,0.0,0.0,62.0,0.0,0.0,1.0,1.0,0.0,0.0,24.605694,31872.0,2.0,0.0,0.0,0.0,0.0,0.040641,0.0,0.0,0.0,0.040641,162.0,0.0,66.0,0.0,0.0,0.040641,0.040641,0.0,0.0,0.0,0.0,0.0,8.0
0.0,0.001985,0.0,126.800003,0.949028,0.199594,-0.0,4282.275879,8513.974609,1812.0,1.0,1178.0,7.0,0.0,0.201579,64128.0,1721542144.0,64.0,0.0,0.0,0.0,0.0,0.0,62.0,0.0,4.214839,1.0,5.0,0.0,0.0,11.590806,31872.0,12.0,1.0,0.0,0.0,0.0,0.949028,0.0,0.0,12796.25,0.949028,634.0,0.0,168.285721,0.0,0.0,0.949028,0.949028,0.0,0.0,0.0,6.322258,0.0,8.0
0.0,0.001985,0.0,138.0,0.738875,0.199594,-0.0,1494.163452,779.563538,420.0,1.0,144.0,2.0,0.0,0.201579,64128.0,1721542144.0,64.0,0.0,0.0,0.0,0.0,0.0,62.0,0.0,1.353409,1.0,2.0,0.0,0.0,4.060227,31872.0,4.0,0.0,0.0,0.0,0.0,0.738875,0.0,0.0,2273.727051,0.738875,276.0,0.0,72.0,0.0,0.0,0.738875,0.738875,0.0,0.0,0.0,1.353409,0.0,8.0
0.0,0.001985,0.0,138.0,0.523791,0.199594,-0.0,6323.132324,26789.310547,2656.0,1.0,2104.0,6.0,0.0,0.201579,64000.0,1721542144.0,64.0,0.0,0.0,0.0,0.0,0.0,62.0,0.0,5.727475,1.0,4.0,0.0,0.0,17.182425,31872.0,10.0,1.0,0.0,0.0,0.0,0.523791,0.0,0.0,33112.441406,0.523791,552.0,0.0,350.666656,0.0,0.0,0.523791,0.523791,0.0,0.0,0.0,9.545792,0.0,8.0
0.0,0.001985,0.0,0.0,0.0,0.199594,-0.0,0.0,0.0,242.0,1.0,242.0,1.0,0.0,0.201579,103135.70040124832,1721542144.0,64.0,0.0,0.0,0.0,0.0,0.0,62.0,0.0,0.0,1.0,0.0,0.0,0.0,0.0,37317.08209959624,1.0,0.0,0.0,0.0,0.0,0.0,0.0,1.0,0.0,0.0,0.0,0.0,242.0,0.0,0.0,0.0,0.0,0.0,0.0,0.0,0.0,0.0,8.0
0.0,0.001985,0.0,0.0,0.0,0.199594,-0.0,0.0,0.0,242.0,1.0,242.0,1.0,0.0,0.201579,103135.70040124832,1721542144.0,64.0,0.0,0.0,0.0,0.0,0.0,62.0,0.0,0.0,1.0,0.0,0.0,0.0,0.0,37317.08209959624,1.0,0.0,0.0,0.0,0.0,0.0,0.0,1.0,0.0,0.0,0.0,0.0,242.0,0.0,0.0,0.0,0.0,0.0,0.0,0.0,0.0,0.0,8.0
0.0,0.001985,0.0,114.0,0.169706,0.199594,-0.0,5373.999512,11785.086914,602.0,1.0,374.0,3.0,0.0,0.201579,64128.0,1721542144.0,64.0,0.0,0.0,0.0,0.0,0.0,62.0,0.0,5.892543,1.0,2.0,0.0,0.0,23.570173,31872.0,5.0,1.0,0.0,0.0,0.0,0.169706,0.0,0.0,17159.085938,0.169706,228.0,0.0,124.666664,0.0,0.0,0.169706,0.169706,0.0,0.0,0.0,11.785087,0.0,8.0
0.0,0.001985,0.0,123.599998,0.709316,0.199594,-0.0,5582.843262,9113.004883,1560.0,1.0,942.0,7.0,0.0,0.201579,64128.0,1721542144.0,64.0,0.0,0.0,0.0,0.0,0.0,62.0,0.0,5.639235,1.0,5.0,0.0,0.0,15.507897,31872.0,12.0,1.0,0.0,0.0,0.0,0.709316,0.0,0.0,14695.848633,0.709316,618.0,0.0,134.571426,0.0,0.0,0.709316,0.709316,0.0,0.0,0.0,8.458853,0.0,8.0
0.0,0.001985,0.0,127.333336,0.926993,0.199594,-0.0,5497.344727,9104.707031,1950.0,1.0,1186.0,9.0,0.0,0.201579,64128.0,1721542144.0,64.0,0.0,0.0,0.0,0.0,0.0,62.0,0.0,5.393784,1.0,6.0,0.0,0.0,15.102595,31872.0,15.0,1.0,0.0,0.0,0.0,0.926993,0.0,0.0,14602.051758,0.926993,764.0,0.0,131.777771,0.0,0.0,0.926993,0.926993,0.0,0.0,0.0,8.630054,0.0,8.0
0.0,0.001985,0.0,116.285713,0.858032,0.199594,-0.0,6507.916016,12521.677734,2306.0,1.0,1492.0,10.0,0.0,0.201579,64128.0,1721542144.0,64.0,0.0,0.0,0.0,0.0,0.0,62.0,0.0,6.992746,1.0,7.0,0.0,0.0,18.647324,31872.0,17.0,1.0,0.0,0.0,0.0,0.858032,0.0,0.0,19029.59375,0.858032,814.0,0.0,149.199997,0.0,0.0,0.858032,0.858032,0.0,0.0,0.0,10.48912,0.0,8.0
0.0,0.001985,0.0,95.714287,0.913696,0.199594,-0.0,5034.49707,107204.148438,13788.0,1.0,13118.0,15.0,0.0,0.201579,63488.0,1721542144.0,64.0,0.0,0.0,0.0,0.0,0.0,62.0,0.0,6.566736,1.0,7.0,0.0,0.0,22.983574,31872.0,22.0,1.0,0.0,0.0,0.0,0.913696,0.0,0.0,112238.648438,0.913696,670.0,0.0,874.533325,0.0,0.0,0.913696,0.913696,0.0,0.0,0.0,15.322383,0.0,8.0
0.0,0.001985,0.0,90.0,0.262047,0.199594,-0.0,8242.795898,27811.804688,1726.0,1.0,1366.0,3.0,0.0,0.201579,64128.0,1721542144.0,64.0,0.0,0.0,0.0,0.0,0.0,62.0,0.0,11.448328,1.0,4.0,0.0,0.0,22.896656,31872.0,7.0,1.0,0.0,0.0,0.0,0.262047,0.0,0.0,36054.601562,0.262047,360.0,0.0,455.333344,0.0,0.0,0.262047,0.262047,0.0,0.0,0.0,7.632219,0.0,8.0
0.0,0.001985,0.0,122.0,0.956421,0.199594,-0.0,5102.355469,8950.033203,1920.0,1.0,1188.0,10.0,0.0,0.201579,64128.0,1721542144.0,64.0,0.0,0.0,0.0,0.0,0.0,62.0,0.0,5.227823,1.0,6.0,0.0,0.0,15.68347,31872.0,16.0,1.0,0.0,0.0,0.0,0.956421,0.0,0.0,14052.388672,0.956421,732.0,0.0,118.800003,0.0,0.0,0.956421,0.956421,0.0,0.0,0.0,9.410082,0.0,8.0
0.0,0.001985,0.0,112.222221,0.95594,0.199594,-0.0,7515.115723,19984.517578,3596.0,1.0,2586.0,13.0,0.0,0.201579,64128.0,1721542144.0,64.0,0.0,0.0,0.0,0.0,0.0,62.0,0.0,8.368726,1.0,9.0,0.0,0.0,21.967905,31872.0,22.0,1.0,0.0,0.0,0.0,0.95594,0.0,0.0,27499.632812,0.95594,1010.0,0.0,198.92308,0.0,0.0,0.95594,0.95594,0.0,0.0,0.0,12.553089,0.0,8.0
0.0,0.001985,0.0,117.199997,0.803365,0.199594,-0.0,4670.355469,6213.862793,1334.0,1.0,748.0,6.0,0.0,0.201579,64128.0,1721542144.0,64.0,0.0,0.0,0.0,0.0,0.0,62.0,0.0,4.979057,1.0,5.0,0.0,0.0,12.447642,31872.0,11.0,1.0,0.0,0.0,0.0,0.803365,0.0,0.0,10884.21875,0.803365,586.0,0.0,124.666664,0.0,0.0,0.803365,0.803365,0.0,0.0,0.0,6.223821,0.0,8.0
0.0,0.001985,1.0,146.0,0.652251,0.199594,-0.0,1790.72168,8426.204102,1150.0,1.0,858.0,5.0,0.0,0.201579,64128.0,1721542144.0,64.0,0.0,0.0,0.0,0.0,0.0,62.0,0.0,1.533152,1.0,2.0,1.0,0.0,9.198913,31872.0,7.0,1.0,0.0,12.5,0.0,0.652251,0.0,0.0,10216.925781,0.652251,292.0,0.0,171.600006,0.0,0.0,0.652251,0.652251,1.0,0.0,0.0,6.132608,0.0,8.0
0.0,0.001985,0.0,0.0,0.928144,0.199594,-0.0,0.0,3051.250732,708.0,1.0,708.0,2.0,0.0,0.201579,103135.70040124832,1721542144.0,64.0,0.0,0.0,0.0,0.0,0.0,62.0,0.0,0.0,1.0,0.0,1.0,0.0,1.077419,37317.08209959624,2.0,0.0,0.0,0.0,0.0,0.928144,0.0,1.0,3051.250732,0.928144,0.0,0.0,354.0,0.0,0.0,0.928144,0.928144,1.0,0.0,0.0,1.077419,0.0,8.0
0.0,0.001985,0.0,119.599998,0.754907,0.199594,-0.0,5076.12207,5404.63916,1278.0,1.0,680.0,4.0,0.0,0.201579,64128.0,1721542144.0,64.0,0.0,0.0,0.0,0.0,0.0,62.0,0.0,5.298666,1.0,5.0,0.0,0.0,10.597332,31872.0,9.0,1.0,0.0,0.0,0.0,0.754907,0.0,0.0,10480.760742,0.754907,598.0,0.0,170.0,0.0,0.0,0.754907,0.754907,0.0,0.0,0.0,3.974,0.0,8.0
1.0,0.001985,1.0,111.14286,0.948916,0.199594,-0.0,5623.258301,7764.649414,1830.0,1.0,1052.0,8.0,0.0,0.201579,64128.0,1721542144.0,64.0,0.0,0.0,0.0,0.0,0.0,62.0,1.0,6.323004,1.0,7.0,0.0,0.0,14.753676,31872.0,15.0,1.0,0.0,6.25,0.0,0.948916,0.0,0.0,13387.907227,0.948916,778.0,0.0,131.5,0.0,0.0,0.948916,0.948916,0.0,0.0,0.0,7.376838,0.0,8.0
0.0,0.001985,0.0,138.0,0.510239,0.199594,-0.0,2163.691895,1128.88269,420.0,1.0,144.0,2.0,0.0,0.201579,64128.0,1721542144.0,64.0,0.0,0.0,0.0,0.0,0.0,62.0,0.0,1.959866,1.0,2.0,0.0,0.0,5.879598,31872.0,4.0,0.0,0.0,0.0,0.0,0.510239,0.0,0.0,3292.574707,0.510239,276.0,0.0,72.0,0.0,0.0,0.510239,0.510239,0.0,0.0,0.0,1.959866,0.0,8.0
0.0,0.001985,0.0,162.0,0.000497,0.199594,-0.0,0.0,0.0,240.0,1.0,78.0,1.0,0.0,0.201579,64128.0,1721542144.0,64.0,0.0,0.0,0.0,0.0,0.0,62.0,0.0,0.0,1.0,1.0,0.0,0.0,2012.072388,31872.0,2.0,0.0,0.0,0.0,0.0,0.000497,0.0,0.0,0.0,0.000497,162.0,0.0,78.0,0.0,0.0,0.000497,0.000497,0.0,0.0,0.0,0.0,0.0,8.0
0.0,0.001985,0.0,130.0,0.849966,0.199594,-0.0,6117.89209,8932.12207,1864.0,1.0,1084.0,8.0,0.0,0.201579,64128.0,1721542144.0,64.0,0.0,0.0,0.0,0.0,0.0,62.0,0.0,5.882588,1.0,6.0,0.0,0.0,15.294729,31872.0,14.0,1.0,0.0,0.0,0.0,0.849966,0.0,0.0,15050.013672,0.849966,780.0,0.0,135.5,0.0,0.0,0.849966,0.849966,0.0,0.0,0.0,8.235623,0.0,8.0
0.0,0.001985,0.0,117.199997,0.632645,0.199594,-0.0,5930.65625,10912.913086,1592.0,1.0,1006.0,7.0,0.0,0.201579,64128.0,1721542144.0,64.0,0.0,0.0,0.0,0.0,0.0,62.0,0.0,6.322661,1.0,5.0,0.0,0.0,17.387318,31872.0,12.0,1.0,0.0,0.0,0.0,0.632645,0.0,0.0,16843.568359,0.632645,586.0,0.0,143.714279,0.0,0.0,0.632645,0.632645,0.0,0.0,0.0,9.483992,0.0,8.0
0.0,0.001985,0.0,123.599998,0.341347,0.199594,-0.0,11601.097656,16358.719727,1432.0,1.0,814.0,7.0,0.0,0.201579,64128.0,1721542144.0,64.0,0.0,0.0,0.0,0.0,0.0,62.0,0.0,11.718281,1.0,5.0,0.0,0.0,32.225273,31872.0,12.0,1.0,0.0,0.0,0.0,0.341347,0.0,0.0,27959.816406,0.341347,618.0,0.0,116.285713,0.0,0.0,0.341347,0.341347,0.0,0.0,0.0,17.577421,0.0,8.0
0.0,0.001985,0.0,126.800003,0.588495,0.199594,-0.0,6905.750977,8482.654297,1382.0,1.0,748.0,6.0,0.0,0.201579,64128.0,1721542144.0,64.0,0.0,0.0,0.0,0.0,0.0,62.0,0.0,6.796999,1.0,5.0,0.0,0.0,16.992496,31872.0,11.0,1.0,0.0,0.0,0.0,0.588495,0.0,0.0,15388.405273,0.588495,634.0,0.0,124.666664,0.0,0.0,0.588495,0.588495,0.0,0.0,0.0,8.496248,0.0,8.0
0.0,0.001985,1.0,162.0,0.801952,0.199594,-0.0,1616.056763,8130.162598,1342.0,1.0,1018.0,5.0,0.0,0.201579,64128.0,1721542144.0,64.0,0.0,0.0,0.0,0.0,0.0,62.0,0.0,1.246957,1.0,2.0,1.0,0.0,7.481744,31872.0,7.0,1.0,0.0,12.5,0.0,0.801952,0.0,0.0,9746.21875,0.801952,324.0,0.0,203.600006,0.0,0.0,0.801952,0.801952,1.0,0.0,0.0,4.98783,0.0,8.0
0.0,0.001985,0.0,66.0,0.0,0.199594,-0.0,0.0,0.0,66.0,1.0,0.0,0.0,0.0,0.201579,64128.0,1721542144.0,64.0,0.0,0.0,0.0,0.0,0.0,62.0,0.0,0.0,1.0,1.0,0.0,0.0,0.0,37317.08209959624,1.0,0.0,0.0,0.0,0.0,0.0,0.0,0.0,0.0,0.0,66.0,0.0,0.0,0.0,0.0,0.0,0.0,0.0,0.0,0.0,0.0,0.0,8.0
0.0,0.001985,0.0,90.0,0.309961,0.199594,-0.0,6968.618652,11304.648438,944.0,1.0,584.0,4.0,0.0,0.201579,64128.0,1721542144.0,64.0,0.0,0.0,0.0,0.0,0.0,62.0,0.0,9.678638,1.0,4.0,0.0,0.0,22.583487,31872.0,8.0,1.0,0.0,0.0,0.0,0.309961,0.0,0.0,18273.267578,0.309961,360.0,0.0,146.0,0.0,0.0,0.309961,0.309961,0.0,0.0,0.0,9.678638,0.0,8.0
0.0,0.001985,0.0,124.666664,0.37149,0.199594,-0.0,5383.725098,9432.286133,958.0,1.0,584.0,4.0,0.0,0.201579,64128.0,1721542144.0,64.0,0.0,0.0,0.0,0.0,0.0,62.0,0.0,5.383725,1.0,3.0,0.0,0.0,16.151175,31872.0,7.0,1.0,0.0,0.0,0.0,0.37149,0.0,0.0,14816.010742,0.37149,374.0,0.0,146.0,0.0,0.0,0.37149,0.37149,0.0,0.0,0.0,8.075587,0.0,8.0
0.0,0.001985,2.0,93.0,0.981449,0.199594,-0.0,2274.188477,7702.896484,1474.0,1.0,1102.0,7.0,0.0,0.201579,64128.0,1721542144.0,64.0,0.0,0.0,0.0,0.0,0.0,62.0,0.0,3.056705,1.0,4.0,2.0,0.0,10.189016,31872.0,11.0,1.0,0.0,15.384615,0.0,0.981449,0.0,0.0,9977.084961,0.981449,372.0,0.0,157.428574,0.0,0.0,0.981449,0.981449,1.0,0.0,0.0,6.11341,0.0,8.0
0.0,0.001985,1.0,104.285713,0.957546,0.199594,-0.0,5230.036133,8070.630371,1834.0,1.0,1104.0,8.0,0.0,0.201579,64128.0,1721542144.0,64.0,0.0,0.0,0.0,0.0,0.0,62.0,0.0,6.266017,1.0,7.0,1.0,0.0,14.620708,31872.0,15.0,1.0,0.0,6.25,0.0,0.957546,0.0,0.0,13300.666992,0.957546,730.0,0.0,138.0,0.0,0.0,0.957546,0.957546,1.0,0.0,0.0,7.310354,0.0,8.0
0.0,0.001985,1.0,114.0,0.95952,0.199594,-0.0,3801.901123,50308.488281,7274.0,1.0,6704.0,10.0,0.0,0.201579,63488.0,1721542144.0,64.0,0.0,0.0,0.0,0.0,0.0,62.0,0.0,4.168751,1.0,5.0,1.0,0.0,14.590629,31872.0,15.0,1.0,0.0,6.25,0.0,0.95952,0.0,0.0,54110.390625,0.95952,570.0,0.0,670.400024,0.0,0.0,0.95952,0.95952,1.0,0.0,0.0,9.37969,0.0,8.0
0.0,0.001985,2.0,71.14286,0.851168,0.199594,-0.0,4013.308838,147157.796875,17578.0,1.0,17080.0,12.0,0.0,0.201579,63488.0,1721542144.0,64.0,0.0,0.0,0.0,0.0,0.0,62.0,0.0,7.049138,1.0,7.0,2.0,1.0,21.147411,31872.0,19.0,0.0,0.0,9.52381,0.0,0.851168,0.0,0.0,151171.109375,0.851168,498.0,0.0,1423.333374,0.0,0.0,0.851168,0.851168,1.0,0.0,0.0,12.923419,0.0,8.0
0.0,0.001985,0.0,90.0,0.215082,0.199594,-0.0,10042.681641,2454.877686,492.0,1.0,132.0,2.0,0.0,0.201579,64128.0,1721542144.0,64.0,0.0,0.0,0.0,0.0,0.0,62.0,0.0,13.948169,1.0,4.0,0.0,0.0,23.246946,31872.0,6.0,0.0,0.0,0.0,0.0,0.215082,0.0,0.0,12497.558594,0.215082,360.0,0.0,66.0,0.0,0.0,0.215082,0.215082,0.0,0.0,0.0,4.649389,0.0,8.0
0.0,0.001985,0.0,80.222221,0.491859,0.199594,-0.0,22185.220703,343285.375,23660.0,1.0,22216.0,20.0,0.0,0.201579,64128.0,1721542144.0,64.0,0.0,0.0,0.0,0.0,0.0,62.0,0.0,34.562752,1.0,18.0,0.0,0.0,75.224815,31872.0,38.0,1.0,0.0,0.0,0.0,0.491859,0.0,0.0,365470.59375,0.491859,1444.0,0.0,1110.800049,0.0,0.0,0.491859,0.491859,0.0,0.0,0.0,38.628956,0.0,8.0
0.0,0.001985,0.0,125.428574,0.966059,0.199594,-0.0,6235.644043,18400.53125,3302.0,1.0,2424.0,12.0,0.0,0.201579,64128.0,1721542144.0,64.0,0.0,0.0,0.0,0.0,0.0,62.0,0.0,6.210801,1.0,7.0,0.0,0.0,18.632402,31872.0,19.0,1.0,0.0,0.0,0.0,0.966059,0.0,0.0,24636.175781,0.966059,878.0,0.0,202.0,0.0,0.0,0.966059,0.966059,0.0,0.0,0.0,11.386468,0.0,8.0
0.0,0.001985,0.0,93.0,0.341964,0.199594,-0.0,6527.00293,4585.277832,666.0,1.0,294.0,3.0,0.0,0.201579,64128.0,1721542144.0,64.0,0.0,0.0,0.0,0.0,0.0,62.0,0.0,8.772853,1.0,4.0,0.0,0.0,17.545706,31872.0,7.0,1.0,0.0,0.0,0.0,0.341964,0.0,0.0,11112.280273,0.341964,372.0,0.0,98.0,0.0,0.0,0.341964,0.341964,0.0,0.0,0.0,5.848569,0.0,8.0
0.0,0.001985,1.0,108.666664,0.989656,0.199594,-0.0,4397.487793,14372.670898,2684.0,1.0,2032.0,8.0,0.0,0.201579,64128.0,1721542144.0,64.0,0.0,0.0,0.0,0.0,0.0,62.0,0.0,5.052261,1.0,6.0,1.0,0.0,13.135878,31872.0,14.0,1.0,0.0,6.666667,0.0,0.989656,0.0,0.0,18770.158203,0.989656,652.0,0.0,254.0,0.0,0.0,0.989656,0.989656,1.0,0.0,0.0,7.073165,0.0,8.0
0.0,0.001985,0.0,114.0,0.000994,0.199594,-0.0,0.0,0.0,192.0,1.0,78.0,1.0,0.0,0.201579,64128.0,1721542144.0,64.0,0.0,0.0,0.0,0.0,0.0,62.0,0.0,0.0,1.0,1.0,0.0,0.0,1006.036194,31872.0,2.0,0.0,0.0,0.0,0.0,0.000994,0.0,0.0,0.0,0.000994,114.0,0.0,78.0,0.0,0.0,0.000994,0.000994,0.0,0.0,0.0,0.0,0.0,8.0
0.0,0.001985,1.0,130.0,0.889169,0.199594,-0.0,1169.63147,2726.141113,664.0,1.0,404.0,4.0,0.0,0.201579,64128.0,1721542144.0,64.0,0.0,0.0,0.0,0.0,0.0,62.0,0.0,1.124646,1.0,2.0,1.0,0.0,5.623228,31872.0,6.0,1.0,0.0,14.285714,0.0,0.889169,0.0,0.0,3895.772461,0.889169,260.0,0.0,101.0,0.0,0.0,0.889169,0.889169,1.0,0.0,0.0,3.373937,0.0,8.0
0.0,0.001985,0.0,128.0,0.690305,0.199594,-0.0,1483.402222,7857.396484,1160.0,1.0,904.0,4.0,0.0,0.201579,64128.0,1721542144.0,64.0,0.0,0.0,0.0,0.0,0.0,62.0,0.0,1.448635,1.0,2.0,0.0,0.0,7.243175,31872.0,6.0,1.0,0.0,0.0,0.0,0.690305,0.0,0.0,9340.798828,0.690305,256.0,0.0,226.0,0.0,0.0,0.690305,0.690305,0.0,0.0,0.0,4.345905,0.0,8.0
0.0,0.001985,0.0,107.14286,0.919476,0.199594,-0.0,5594.490723,8935.524414,1948.0,1.0,1198.0,7.0,0.0,0.201579,64128.0,1721542144.0,64.0,0.0,0.0,0.0,0.0,0.0,62.0,0.0,6.525456,1.0,7.0,0.0,0.0,14.138488,31872.0,14.0,1.0,0.0,0.0,0.0,0.919476,0.0,0.0,14530.015625,0.919476,750.0,0.0,171.142853,0.0,0.0,0.919476,0.919476,0.0,0.0,0.0,6.525456,0.0,8.0
0.0,0.001985,0.0,98.0,0.340529,0.199594,-0.0,4604.600586,1550.528809,426.0,1.0,132.0,2.0,0.0,0.201579,64128.0,1721542144.0,64.0,0.0,0.0,0.0,0.0,0.0,62.0,0.0,5.873215,1.0,3.0,0.0,0.0,11.74643,31872.0,5.0,0.0,0.0,0.0,0.0,0.340529,0.0,0.0,6155.129395,0.340529,294.0,0.0,66.0,0.0,0.0,0.340529,0.340529,0.0,0.0,0.0,2.936608,0.0,8.0
0.0,0.001985,0.0,135.333328,0.947372,0.199594,-0.0,5716.867188,56239.785156,7984.0,1.0,7172.0,14.0,0.0,0.201579,64128.0,1721542144.0,64.0,0.0,0.0,0.0,0.0,0.0,62.0,0.0,5.277758,1.0,6.0,0.0,0.0,20.055479,31872.0,20.0,1.0,0.0,0.0,0.0,0.947372,0.0,0.0,61956.652344,0.947372,812.0,0.0,512.285706,0.0,0.0,0.947372,0.947372,0.0,0.0,0.0,13.72217,0.0,8.0
0.0,0.001985,0.0,74.0,0.539833,0.199594,-0.0,12062.989258,195186.28125,15256.0,1.0,14368.0,12.0,0.0,0.201579,64128.0,1721542144.0,64.0,0.0,0.0,0.0,0.0,0.0,62.0,0.0,20.376671,1.0,12.0,0.0,0.0,42.605766,31872.0,24.0,1.0,0.0,0.0,0.0,0.539833,0.0,0.0,207249.28125,0.539833,888.0,0.0,1197.333374,0.0,0.0,0.539833,0.539833,0.0,0.0,0.0,20.376671,0.0,8.0
0.0,0.001985,3.0,89.111115,0.866341,0.199594,-0.0,6584.012695,201324.890625,23886.0,1.0,23084.0,18.0,0.0,0.201579,64128.0,1721542144.0,64.0,0.0,0.0,0.0,0.0,0.0,62.0,0.0,9.23424,1.0,9.0,3.0,0.0,30.011278,31872.0,27.0,1.0,0.0,10.0,0.0,0.866341,0.0,0.0,207908.890625,0.866341,802.0,0.0,1282.444458,0.0,0.0,0.866341,0.866341,1.0,0.0,0.0,19.622759,0.0,8.0
0.0,0.001985,0.0,82.0,0.40419,0.199594,-0.0,8114.995117,61218.734375,4358.0,1.0,3866.0,5.0,0.0,0.201579,64128.0,1721542144.0,64.0,0.0,0.0,0.0,0.0,0.0,62.0,0.0,12.37042,1.0,6.0,0.0,0.0,24.740839,31872.0,11.0,1.0,0.0,0.0,0.0,0.40419,0.0,0.0,69333.726562,0.40419,492.0,0.0,773.200012,0.0,0.0,0.40419,0.40419,0.0,0.0,0.0,9.896336,0.0,8.0
0.0,0.001985,2.0,109.0,0.896996,0.199594,-0.0,2916.400879,12860.704102,2084.0,1.0,1648.0,8.0,0.0,0.201579,64128.0,1721542144.0,64.0,0.0,0.0,0.0,0.0,0.0,62.0,0.0,3.344496,1.0,4.0,2.0,0.0,12.263154,31872.0,12.0,1.0,0.0,14.285714,0.0,0.896996,0.0,0.0,15777.104492,0.896996,436.0,0.0,206.0,0.0,0.0,0.896996,0.896996,1.0,0.0,0.0,7.803825,0.0,8.0
0.0,0.001985,0.0,98.0,0.249155,0.199594,-0.0,6293.271484,2119.162842,426.0,1.0,132.0,2.0,0.0,0.201579,64128.0,1721542144.0,64.0,0.0,0.0,0.0,0.0,0.0,62.0,0.0,8.027132,1.0,3.0,0.0,0.0,16.054264,31872.0,5.0,0.0,0.0,0.0,0.0,0.249155,0.0,0.0,8412.433594,0.249155,294.0,0.0,66.0,0.0,0.0,0.249155,0.249155,0.0,0.0,0.0,4.013566,0.0,8.0
0.0,0.001985,2.0,109.0,0.989588,0.199594,-0.0,2643.524414,17203.119141,2868.0,1.0,2432.0,8.0,0.0,0.201579,64128.0,1721542144.0,64.0,0.0,0.0,0.0,0.0,0.0,62.0,0.0,3.031564,1.0,4.0,2.0,0.0,11.115737,31872.0,12.0,1.0,0.0,14.285714,0.0,0.989588,0.0,0.0,19846.642578,0.989588,436.0,0.0,304.0,0.0,0.0,0.989588,0.989588,1.0,0.0,0.0,7.073651,0.0,8.0
0.0,0.001985,0.0,115.0,0.513191,0.199594,-0.0,5378.114746,2728.029297,722.0,1.0,262.0,3.0,0.0,0.201579,64128.0,1721542144.0,64.0,0.0,0.0,0.0,0.0,0.0,62.0,0.0,5.845777,1.0,4.0,0.0,0.0,11.691554,31872.0,7.0,1.0,0.0,0.0,0.0,0.513191,0.0,0.0,8106.144043,0.513191,460.0,0.0,87.333336,0.0,0.0,0.513191,0.513191,0.0,0.0,0.0,3.897185,0.0,8.0
0.0,0.001985,1.0,194.0,0.576231,0.199594,-0.0,0.0,3137.630615,532.0,1.0,338.0,3.0,0.0,0.201579,64128.0,1721542144.0,64.0,0.0,0.0,0.0,0.0,0.0,62.0,0.0,0.0,1.0,1.0,1.0,0.0,5.206245,31872.0,4.0,1.0,0.0,20.0,0.0,0.576231,0.0,0.0,3137.630615,0.576231,194.0,0.0,112.666664,0.0,0.0,0.576231,0.576231,1.0,0.0,0.0,3.47083,0.0,8.0
0.0,0.001985,0.0,0.0,0.0,0.199594,-0.0,0.0,0.0,130.0,1.0,130.0,1.0,0.0,0.201579,103135.70040124832,1721542144.0,64.0,0.0,0.0,0.0,0.0,0.0,62.0,0.0,0.0,1.0,0.0,0.0,0.0,0.0,37317.08209959624,1.0,0.0,0.0,0.0,0.0,0.0,0.0,1.0,0.0,0.0,0.0,0.0,130.0,0.0,0.0,0.0,0.0,0.0,0.0,0.0,0.0,0.0,8.0
0.0,0.001985,0.0,194.0,0.000493,0.199594,-0.0,0.0,1687626.625,402.0,1.0,208.0,2.0,0.0,0.201579,64128.0,1721542144.0,64.0,0.0,0.0,0.0,0.0,0.0,62.0,0.0,0.0,1.0,1.0,0.0,0.0,4056.794922,31872.0,3.0,1.0,0.0,0.0,0.0,0.000493,0.0,0.0,1687626.625,0.000493,194.0,0.0,104.0,0.0,0.0,0.000493,0.000493,0.0,0.0,0.0,2028.397461,0.0,8.0
0.0,0.001985,0.0,110.0,0.5415,0.199594,-0.0,4875.34668,22677.748047,2230.0,1.0,1790.0,7.0,0.0,0.201579,64128.0,1721542144.0,64.0,0.0,0.0,0.0,0.0,0.0,62.0,0.0,5.540166,1.0,4.0,0.0,0.0,18.467222,31872.0,11.0,1.0,0.0,0.0,0.0,0.5415,0.0,0.0,27553.09375,0.5415,440.0,0.0,255.714279,0.0,0.0,0.5415,0.5415,0.0,0.0,0.0,11.080333,0.0,8.0
0.0,0.001985,0.0,130.0,0.572055,0.199594,-0.0,3636.01416,8712.449219,1168.0,1.0,778.0,5.0,0.0,0.201579,64128.0,1721542144.0,64.0,0.0,0.0,0.0,0.0,0.0,62.0,0.0,3.496167,1.0,3.0,0.0,0.0,12.236586,31872.0,8.0,1.0,0.0,0.0,0.0,0.572055,0.0,0.0,12348.463867,0.572055,390.0,0.0,155.600006,0.0,0.0,0.572055,0.572055,0.0,0.0,0.0,6.992335,0.0,8.0
0.0,0.001985,0.0,0.0,0.511719,0.199594,-0.0,0.0,3783.326416,484.0,1.0,484.0,2.0,0.0,0.201579,103135.70040124832,1721542144.0,64.0,0.0,0.0,0.0,0.0,0.0,62.0,0.0,0.0,1.0,0.0,1.0,0.0,1.954198,37317.08209959624,2.0,0.0,0.0,0.0,0.0,0.511719,0.0,1.0,3783.326416,0.511719,0.0,0.0,242.0,0.0,0.0,0.511719,0.511719,1.0,0.0,0.0,1.954198,0.0,8.0
0.0,0.001985,0.0,0.0,0.0,0.199594,-0.0,0.0,0.0,242.0,1.0,242.0,1.0,0.0,0.201579,103135.70040124832,1721542144.0,64.0,0.0,0.0,0.0,0.0,0.0,62.0,0.0,0.0,1.0,0.0,0.0,0.0,0.0,37317.08209959624,1.0,0.0,0.0,0.0,0.0,0.0,0.0,1.0,0.0,0.0,0.0,0.0,242.0,0.0,0.0,0.0,0.0,0.0,0.0,0.0,0.0,0.0,8.0
0.0,0.001985,0.0,0.0,0.0,0.199594,-0.0,0.0,0.0,242.0,1.0,242.0,1.0,0.0,0.201579,103135.70040124832,1721542144.0,64.0,0.0,0.0,0.0,0.0,0.0,62.0,0.0,0.0,1.0,0.0,0.0,0.0,0.0,37317.08209959624,1.0,0.0,0.0,0.0,0.0,0.0,0.0,1.0,0.0,0.0,0.0,0.0,242.0,0.0,0.0,0.0,0.0,0.0,0.0,0.0,0.0,0.0,8.0
0.0,0.001985,0.0,162.0,0.702857,0.199594,-0.0,0.0,1752.845825,470.0,1.0,308.0,2.0,0.0,0.201579,64128.0,1721542144.0,64.0,0.0,0.0,0.0,0.0,0.0,62.0,0.0,0.0,1.0,1.0,0.0,0.0,2.845529,31872.0,3.0,1.0,0.0,0.0,0.0,0.702857,0.0,0.0,1752.845825,0.702857,162.0,0.0,154.0,0.0,0.0,0.702857,0.702857,0.0,0.0,0.0,1.422765,0.0,8.0
0.0,0.001985,0.0,162.0,0.000533,0.199594,-0.0,0.0,0.0,240.0,1.0,78.0,1.0,0.0,0.201579,64128.0,1721542144.0,64.0,0.0,0.0,0.0,0.0,0.0,62.0,0.0,0.0,1.0,1.0,0.0,0.0,1876.172607,31872.0,2.0,0.0,0.0,0.0,0.0,0.000533,0.0,0.0,0.0,0.000533,162.0,0.0,78.0,0.0,0.0,0.000533,0.000533,0.0,0.0,0.0,0.0,0.0,8.0
0.0,0.001985,0.0,120.85714,0.852323,0.199594,-0.0,6814.317871,7987.582031,1818.0,1.0,972.0,8.0,0.0,0.201579,64128.0,1721542144.0,64.0,0.0,0.0,0.0,0.0,0.0,62.0,0.0,7.039585,1.0,7.0,0.0,0.0,16.425697,31872.0,15.0,1.0,0.0,0.0,0.0,0.852323,0.0,0.0,14801.900391,0.852323,846.0,0.0,121.5,0.0,0.0,0.852323,0.852323,0.0,0.0,0.0,8.212849,0.0,8.0
0.0,0.001985,0.0,114.0,0.000686,0.199594,-0.0,0.0,0.0,192.0,1.0,78.0,1.0,0.0,0.201579,64128.0,1721542144.0,64.0,0.0,0.0,0.0,0.0,0.0,62.0,0.0,0.0,1.0,1.0,0.0,0.0,1457.725952,31872.0,2.0,0.0,0.0,0.0,0.0,0.000686,0.0,0.0,0.0,0.000686,114.0,0.0,78.0,0.0,0.0,0.000686,0.000686,0.0,0.0,0.0,0.0,0.0,8.0
0.0,0.001985,0.0,154.0,0.998106,0.199594,-0.0,1234.337891,3991.560059,972.0,1.0,664.0,4.0,0.0,0.201579,64128.0,1721542144.0,64.0,0.0,0.0,0.0,0.0,0.0,62.0,0.0,1.001898,1.0,2.0,0.0,0.0,5.009488,31872.0,6.0,1.0,0.0,0.0,0.0,0.998106,0.0,0.0,5225.897949,0.998106,308.0,0.0,166.0,0.0,0.0,0.998106,0.998106,0.0,0.0,0.0,3.005693,0.0,8.0
0.0,0.001985,0.0,78.0,0.0,0.199594,-0.0,0.0,0.0,320.0,1.0,242.0,1.0,0.0,0.201579,64128.0,1721542144.0,64.0,0.0,0.0,0.0,0.0,0.0,62.0,0.0,0.0,1.0,1.0,0.0,1.0,0.0,31872.0,2.0,0.0,0.0,0.0,0.0,0.0,0.0,0.0,0.0,0.0,78.0,0.0,242.0,0.0,0.0,0.0,0.0,0.0,0.0,0.0,0.0,0.0,8.0
0.0,0.001985,0.0,0.0,0.0,0.199594,-0.0,0.0,0.0,290.0,1.0,290.0,1.0,0.0,0.201579,103135.70040124832,1721542144.0,64.0,0.0,0.0,0.0,0.0,0.0,62.0,0.0,0.0,1.0,0.0,1.0,0.0,0.0,37317.08209959624,1.0,0.0,0.0,0.0,0.0,0.0,0.0,1.0,0.0,0.0,0.0,0.0,290.0,0.0,0.0,0.0,0.0,1.0,0.0,0.0,0.0,0.0,8.0
0.0,0.001985,1.0,117.199997,0.589812,0.199594,-0.0,6361.349121,9006.259766,1382.0,1.0,796.0,6.0,0.0,0.201579,64128.0,1721542144.0,64.0,0.0,0.0,0.0,0.0,0.0,62.0,0.0,6.781822,1.0,5.0,1.0,0.0,16.954556,31872.0,11.0,1.0,0.0,8.333333,0.0,0.589812,0.0,0.0,15367.609375,0.589812,586.0,0.0,132.666672,0.0,0.0,0.589812,0.589812,1.0,0.0,0.0,8.477278,0.0,8.0
0.0,0.001985,0.0,90.0,0.434156,0.199594,-0.0,4975.17041,12493.205078,1264.0,1.0,904.0,4.0,0.0,0.201579,64128.0,1721542144.0,64.0,0.0,0.0,0.0,0.0,0.0,62.0,0.0,6.909959,1.0,4.0,0.0,0.0,16.123238,31872.0,8.0,1.0,0.0,0.0,0.0,0.434156,0.0,0.0,17468.375,0.434156,360.0,0.0,226.0,0.0,0.0,0.434156,0.434156,0.0,0.0,0.0,6.909959,0.0,8.0
0.0,0.001985,0.0,135.333328,0.94496,0.199594,-0.0,2294.2771,2235.015137,758.0,1.0,352.0,4.0,0.0,0.201579,64128.0,1721542144.0,64.0,0.0,0.0,0.0,0.0,0.0,62.0,0.0,2.116492,1.0,3.0,0.0,0.0,6.349475,31872.0,7.0,1.0,0.0,0.0,0.0,0.94496,0.0,0.0,4529.29248,0.94496,406.0,0.0,88.0,0.0,0.0,0.94496,0.94496,0.0,0.0,0.0,3.174737,0.0,8.0
0.0,0.001985,1.0,146.0,0.897766,0.199594,-0.0,1301.007202,1702.002563,578.0,1.0,286.0,3.0,0.0,0.201579,64128.0,1721542144.0,64.0,0.0,0.0,0.0,0.0,0.0,62.0,0.0,1.113876,1.0,2.0,1.0,0.0,4.455504,31872.0,5.0,1.0,0.0,16.666667,0.0,0.897766,0.0,0.0,3003.009766,0.897766,292.0,0.0,95.333336,0.0,0.0,0.897766,0.897766,1.0,0.0,0.0,2.227752,0.0,8.0
0.0,0.001985,0.0,0.0,0.0,0.199594,-0.0,0.0,0.0,130.0,1.0,130.0,1.0,0.0,0.201579,103135.70040124832,1721542144.0,64.0,0.0,0.0,0.0,0.0,0.0,62.0,0.0,0.0,1.0,0.0,0.0,0.0,0.0,37317.08209959624,1.0,0.0,0.0,0.0,0.0,0.0,0.0,1.0,0.0,0.0,0.0,0.0,130.0,0.0,0.0,0.0,0.0,0.0,0.0,0.0,0.0,0.0,8.0
0.0,0.001985,0.0,0.0,0.0,0.199594,-0.0,0.0,0.0,130.0,1.0,130.0,1.0,0.0,0.201579,103135.70040124832,1721542144.0,64.0,0.0,0.0,0.0,0.0,0.0,62.0,0.0,0.0,1.0,0.0,0.0,0.0,0.0,37317.08209959624,1.0,0.0,0.0,0.0,0.0,0.0,0.0,1.0,0.0,0.0,0.0,0.0,130.0,0.0,0.0,0.0,0.0,0.0,0.0,0.0,0.0,0.0,8.0
0.0,0.001985,0.0,114.0,0.30784,0.199594,-0.0,2962.578125,10654.885742,842.0,1.0,614.0,3.0,0.0,0.201579,64128.0,1721542144.0,64.0,0.0,0.0,0.0,0.0,0.0,61.0,0.0,3.248441,1.0,2.0,0.0,0.0,12.993763,31872.0,5.0,1.0,0.0,0.0,0.0,0.30784,0.0,0.0,13617.463867,0.30784,228.0,0.0,204.666672,0.0,0.0,0.30784,0.30784,0.0,0.0,0.0,6.496881,0.0,8.0
0.0,0.001985,0.0,66.0,0.309493,0.199594,-0.0,0.0,0.0,276.0,1.0,210.0,1.0,0.0,0.201579,64128.0,1721542144.0,64.0,0.0,0.0,0.0,0.0,0.0,61.0,0.0,0.0,1.0,1.0,0.0,1.0,3.231091,31872.0,2.0,0.0,0.0,0.0,0.0,0.309493,0.0,0.0,0.0,0.309493,66.0,0.0,210.0,0.0,0.0,0.309493,0.309493,0.0,0.0,0.0,0.0,0.0,8.0
0.0,0.001985,0.0,66.0,0.292795,0.199594,-0.0,0.0,0.0,276.0,1.0,210.0,1.0,0.0,0.201579,64128.0,1721542144.0,64.0,0.0,0.0,0.0,0.0,0.0,61.0,0.0,0.0,1.0,1.0,0.0,1.0,3.415359,31872.0,2.0,0.0,0.0,0.0,0.0,0.292795,0.0,0.0,0.0,0.292795,66.0,0.0,210.0,0.0,0.0,0.292795,0.292795,0.0,0.0,0.0,0.0,0.0,8.0
0.0,0.001985,0.0,0.0,0.0,0.199594,-0.0,0.0,0.0,210.0,1.0,210.0,1.0,0.0,0.201579,103135.70040124832,1721542144.0,64.0,0.0,0.0,0.0,0.0,0.0,61.0,0.0,0.0,1.0,0.0,0.0,0.0,0.0,37317.08209959624,1.0,0.0,0.0,0.0,0.0,0.0,0.0,1.0,0.0,0.0,0.0,0.0,210.0,0.0,0.0,0.0,0.0,0.0,0.0,0.0,0.0,0.0,8.0
0.0,0.001985,0.0,0.0,0.0,0.199594,-0.0,0.0,0.0,210.0,1.0,210.0,1.0,0.0,0.201579,103135.70040124832,1721542144.0,64.0,0.0,0.0,0.0,0.0,0.0,61.0,0.0,0.0,1.0,0.0,0.0,0.0,0.0,37317.08209959624,1.0,0.0,0.0,0.0,0.0,0.0,0.0,1.0,0.0,0.0,0.0,0.0,210.0,0.0,0.0,0.0,0.0,0.0,0.0,0.0,0.0,0.0,8.0
0.0,0.001985,0.0,0.0,0.0,0.199594,-0.0,0.0,0.0,210.0,1.0,210.0,1.0,0.0,0.201579,103135.70040124832,1721542144.0,64.0,0.0,0.0,0.0,0.0,0.0,61.0,0.0,0.0,1.0,0.0,0.0,0.0,0.0,37317.08209959624,1.0,0.0,0.0,0.0,0.0,0.0,0.0,1.0,0.0,0.0,0.0,0.0,210.0,0.0,0.0,0.0,0.0,0.0,0.0,0.0,0.0,0.0,8.0
0.0,0.001985,0.0,0.0,0.0,0.199594,-0.0,0.0,0.0,498.0,1.0,498.0,1.0,0.0,0.201579,103135.70040124832,1721542144.0,64.0,0.0,0.0,0.0,0.0,0.0,61.0,0.0,0.0,1.0,0.0,0.0,0.0,0.0,37317.08209959624,1.0,0.0,0.0,0.0,0.0,0.0,0.0,1.0,0.0,0.0,0.0,0.0,498.0,0.0,0.0,0.0,0.0,0.0,0.0,0.0,0.0,0.0,8.0
0.0,0.001985,0.0,78.0,0.002509,0.199594,-0.0,0.0,7496213.5,3604.0,1.0,3526.0,3.0,0.0,0.201579,64128.0,1721542144.0,64.0,0.0,0.0,0.0,0.0,0.0,62.0,0.0,0.0,1.0,1.0,0.0,1.0,1195.695435,31872.0,4.0,0.0,0.0,0.0,0.0,0.002509,0.0,0.0,7496213.5,0.002509,78.0,0.0,1175.333374,0.0,0.0,0.002509,0.002509,0.0,0.0,0.0,797.13031,0.0,8.0
0.0,0.001985,1.0,112.0,0.216622,0.199594,-0.0,4136.237305,7238.415527,518.0,1.0,294.0,3.0,0.0,0.201579,64128.0,1721542144.0,64.0,0.0,0.0,0.0,0.0,0.0,62.0,0.0,4.616336,1.0,2.0,1.0,0.0,18.465345,31872.0,5.0,1.0,0.0,16.666667,0.0,0.216622,0.0,0.0,11374.65332,0.216622,224.0,0.0,98.0,0.0,0.0,0.216622,0.216622,1.0,0.0,0.0,9.232673,0.0,8.0
0.0,0.001985,0.0,90.0,0.040726,0.199594,-0.0,17679.125,0.0,246.0,1.0,66.0,1.0,0.0,0.201579,64128.0,1721542144.0,64.0,0.0,0.0,0.0,0.0,0.0,62.0,0.0,24.55434,1.0,2.0,0.0,0.0,49.108681,31872.0,3.0,0.0,0.0,0.0,0.0,0.040726,0.0,0.0,17679.125,0.040726,180.0,0.0,66.0,0.0,0.0,0.040726,0.040726,0.0,0.0,0.0,0.0,0.0,8.0
0.0,0.001985,0.0,258.0,0.015011,0.199594,-0.0,0.0,222769.96875,884.0,1.0,626.0,3.0,0.0,0.201579,64128.0,1721542144.0,64.0,0.0,0.0,0.0,0.0,0.0,62.0,0.0,0.0,1.0,1.0,0.0,0.0,199.853439,31872.0,4.0,1.0,0.0,0.0,0.0,0.015011,0.0,0.0,222769.96875,0.015011,258.0,0.0,208.666672,0.0,0.0,0.015011,0.015011,0.0,0.0,0.0,133.235626,0.0,8.0
0.0,0.001985,0.0,258.0,0.002102,0.199594,-0.0,0.0,2313986.75,1474.0,1.0,1216.0,2.0,0.0,0.201579,64128.0,1721542144.0,64.0,0.0,0.0,0.0,0.0,0.0,62.0,0.0,0.0,1.0,1.0,0.0,0.0,951.474792,31872.0,3.0,1.0,0.0,0.0,0.0,0.002102,0.0,0.0,2313986.75,0.002102,258.0,0.0,608.0,0.0,0.0,0.002102,0.002102,0.0,0.0,0.0,475.737396,0.0,8.0
0.0,0.001985,0.0,0.0,0.0,0.199594,-0.0,0.0,0.0,482.0,1.0,482.0,1.0,0.0,0.201579,103135.70040124832,1721542144.0,64.0,0.0,0.0,0.0,0.0,0.0,62.0,0.0,0.0,1.0,0.0,1.0,0.0,0.0,37317.08209959624,1.0,0.0,0.0,0.0,0.0,0.0,0.0,1.0,0.0,0.0,0.0,0.0,482.0,0.0,0.0,0.0,0.0,1.0,0.0,0.0,0.0,0.0,8.0
0.0,0.001985,0.0,0.0,0.0,0.199594,-0.0,0.0,0.0,482.0,1.0,482.0,1.0,0.0,0.201579,103135.70040124832,1721542144.0,64.0,0.0,0.0,0.0,0.0,0.0,62.0,0.0,0.0,1.0,0.0,1.0,0.0,0.0,37317.08209959624,1.0,0.0,0.0,0.0,0.0,0.0,0.0,1.0,0.0,0.0,0.0,0.0,482.0,0.0,0.0,0.0,0.0,1.0,0.0,0.0,0.0,0.0,8.0
0.0,0.001985,0.0,0.0,0.0,0.199594,-0.0,0.0,0.0,482.0,1.0,482.0,1.0,0.0,0.201579,103135.70040124832,1721542144.0,64.0,0.0,0.0,0.0,0.0,0.0,62.0,0.0,0.0,1.0,0.0,1.0,0.0,0.0,37317.08209959624,1.0,0.0,0.0,0.0,0.0,0.0,0.0,1.0,0.0,0.0,0.0,0.0,482.0,0.0,0.0,0.0,0.0,1.0,0.0,0.0,0.0,0.0,8.0
0.0,0.001985,2.0,93.0,0.585308,0.199594,-0.0,3813.376709,17959.775391,2124.0,1.0,1752.0,4.0,0.0,0.201579,64128.0,1721542144.0,64.0,0.0,0.0,0.0,0.0,0.0,62.0,0.0,5.125506,1.0,4.0,2.0,0.0,11.959515,31872.0,8.0,1.0,0.0,20.0,143.0,0.585308,0.0,0.0,21773.152344,0.585308,372.0,0.0,438.0,0.0,0.0,0.585308,0.585308,1.0,0.0,0.0,5.125506,0.0,8.0
0.0,0.001985,0.0,146.0,0.480223,0.199594,-0.0,2432.203369,3048.58374,566.0,1.0,274.0,3.0,0.0,0.201579,64128.0,1721542144.0,64.0,0.0,0.0,0.0,0.0,0.0,62.0,0.0,2.082366,1.0,2.0,0.0,0.0,8.329464,31872.0,5.0,1.0,0.0,0.0,0.0,0.480223,0.0,0.0,5480.787109,0.480223,292.0,0.0,91.333336,0.0,0.0,0.480223,0.480223,0.0,0.0,0.0,4.164732,0.0,8.0
0.0,0.001985,1.0,122.0,0.993047,0.199594,-0.0,4914.168457,8700.494141,1932.0,1.0,1200.0,10.0,0.0,0.201579,64128.0,1721542144.0,64.0,0.0,0.0,0.0,0.0,0.0,62.0,0.0,5.035008,1.0,6.0,1.0,0.0,15.105025,31872.0,16.0,1.0,0.0,5.882353,0.0,0.993047,0.0,0.0,13614.663086,0.993047,732.0,0.0,120.0,0.0,0.0,0.993047,0.993047,1.0,0.0,0.0,9.063015,0.0,8.0
0.0,0.001985,1.0,84.400002,0.832607,0.199594,-0.0,3247.630859,90597.367188,11198.0,1.0,10776.0,8.0,0.0,0.201579,63488.0,1721542144.0,64.0,0.0,0.0,0.0,0.0,0.0,62.0,0.0,4.804187,1.0,5.0,1.0,0.0,14.412562,31872.0,13.0,1.0,0.0,7.142857,0.0,0.832607,0.0,0.0,93845.0,0.832607,422.0,0.0,1347.0,0.0,0.0,0.832607,0.832607,1.0,0.0,0.0,8.407328,0.0,8.0
0.0,0.001985,0.0,74.727272,0.834397,0.199594,-0.0,7171.645996,112742.492188,13756.0,1.0,12934.0,11.0,0.0,0.201579,64128.0,1721542144.0,64.0,0.0,0.0,0.0,0.0,0.0,62.0,0.0,11.984702,1.0,11.0,0.0,0.0,25.167875,31872.0,22.0,1.0,0.0,0.0,0.0,0.834397,0.0,0.0,119914.140625,0.834397,822.0,0.0,1175.818237,0.0,0.0,0.834397,0.834397,0.0,0.0,0.0,11.984702,0.0,8.0
0.0,0.001985,1.0,146.0,0.882244,0.199594,-0.0,2647.793701,3500.165527,920.0,1.0,482.0,5.0,0.0,0.201579,64128.0,1721542144.0,64.0,0.0,0.0,0.0,0.0,0.0,62.0,0.0,2.266947,1.0,3.0,1.0,0.0,7.934313,31872.0,8.0,1.0,0.0,11.111111,0.0,0.882244,0.0,0.0,6147.958984,0.882244,438.0,0.0,96.400002,0.0,0.0,0.882244,0.882244,1.0,0.0,0.0,4.533893,0.0,8.0
0.0,0.001985,1.0,117.199997,0.511017,0.199594,-0.0,7342.221191,13760.793945,1590.0,1.0,1004.0,8.0,0.0,0.201579,64128.0,1721542144.0,64.0,0.0,0.0,0.0,0.0,0.0,62.0,0.0,7.827528,1.0,5.0,1.0,0.0,23.482584,31872.0,13.0,1.0,0.0,7.142857,0.0,0.511017,0.0,0.0,21103.015625,0.511017,586.0,0.0,125.5,0.0,0.0,0.511017,0.511017,1.0,0.0,0.0,13.698174,0.0,8.0
0.0,0.001985,0.0,66.0,0.185128,0.199594,-0.0,2852.080566,0.0,198.0,1.0,66.0,1.0,1.0,0.201579,64128.0,1721542144.0,64.0,0.0,0.0,0.0,0.0,0.0,62.0,0.0,5.401668,1.0,2.0,0.0,0.0,10.803336,31872.0,3.0,0.0,0.0,0.0,0.0,0.185128,0.0,0.0,2852.080566,0.185128,132.0,0.0,66.0,0.0,0.0,0.185128,0.185128,0.0,0.0,0.0,0.0,0.0,8.0
0.0,0.001004,0.0,227.777771,0.983499,0.108354,-0.0,14828.688477,18269.464844,4520.0,0.0,2470.0,11.0,0.0,0.109358,64128.0,1721542144.0,64.0,0.0,0.0,0.0,0.0,0.0,62.0,0.0,8.134223,0.0,9.0,0.0,0.0,19.318779,31872.0,20.0,0.0,0.0,0.0,0.0,0.983499,0.0,0.0,33098.152344,0.983499,2050.0,0.0,224.545456,0.0,0.0,0.983499,0.983499,0.0,0.0,1.0,10.167779,0.0,9.0
0.0,0.001004,0.0,146.0,0.815449,0.108354,-0.0,0.0,5905.94873,1048.0,0.0,902.0,3.0,0.0,0.109358,64128.0,1721542144.0,64.0,0.0,0.0,0.0,0.0,0.0,62.0,0.0,0.0,1.0,1.0,0.0,0.0,3.678955,31872.0,4.0,1.0,0.0,0.0,0.0,0.815449,0.0,0.0,5905.94873,0.815449,146.0,0.0,300.666656,0.0,0.0,0.815449,0.815449,0.0,0.0,0.0,2.452636,0.0,9.0
0.0,0.001004,0.0,101.199997,0.533962,0.108354,-0.0,6067.847168,12720.005859,1496.0,0.0,990.0,7.0,0.0,0.109358,64128.0,1721542144.0,64.0,0.0,0.0,0.0,0.0,0.0,62.0,0.0,7.491169,1.0,5.0,0.0,0.0,20.600716,31872.0,12.0,1.0,0.0,0.0,0.0,0.533962,0.0,0.0,18787.853516,0.533962,506.0,0.0,141.428574,0.0,0.0,0.533962,0.533962,0.0,0.0,0.0,11.236754,0.0,9.0
0.0,0.001004,0.0,114.0,0.462826,0.108354,-0.0,7882.011719,19653.173828,1896.0,0.0,1326.0,7.0,0.0,0.109358,64128.0,1721542144.0,64.0,0.0,0.0,0.0,0.0,0.0,62.0,0.0,8.642556,1.0,5.0,0.0,0.0,23.767031,31872.0,12.0,1.0,0.0,0.0,0.0,0.462826,0.0,0.0,27535.185547,0.462826,570.0,0.0,189.428574,0.0,0.0,0.462826,0.462826,0.0,0.0,0.0,12.963835,0.0,9.0
0.0,0.001004,0.0,125.428574,0.969423,0.108354,-0.0,6214.005859,14829.439453,2824.0,0.0,1946.0,13.0,0.0,0.109358,64128.0,1721542144.0,64.0,0.0,0.0,0.0,0.0,0.0,62.0,0.0,6.189249,1.0,7.0,0.0,0.0,19.599287,31872.0,20.0,1.0,0.0,0.0,0.0,0.969423,0.0,0.0,21043.445312,0.969423,878.0,0.0,149.692307,0.0,0.0,0.969423,0.969423,0.0,0.0,0.0,12.378497,0.0,9.0
0.0,0.001004,0.0,117.199997,0.9305,0.108354,-0.0,4032.240967,108414.835938,14166.0,0.0,13580.0,14.0,0.0,0.109358,64128.0,1721542144.0,64.0,0.0,0.0,0.0,0.0,0.0,62.0,0.0,4.298764,1.0,5.0,0.0,0.0,19.344439,31872.0,19.0,1.0,0.0,0.0,0.0,0.9305,0.0,0.0,112447.078125,0.9305,586.0,0.0,970.0,0.0,0.0,0.9305,0.9305,0.0,0.0,0.0,13.970984,0.0,9.0
0.0,0.001004,0.0,0.0,0.423995,0.108354,-0.0,0.0,15962.453125,1692.0,0.0,1692.0,2.0,0.0,0.109358,103135.70040124832,1721542144.0,64.0,0.0,0.0,0.0,0.0,0.0,62.0,0.0,0.0,1.0,0.0,1.0,0.0,2.358518,37317.08209959624,2.0,0.0,0.0,0.0,0.0,0.423995,0.0,1.0,15962.453125,0.423995,0.0,0.0,846.0,0.0,0.0,0.423995,0.423995,1.0,0.0,0.0,2.358518,0.0,9.0
0.0,0.001004,1.0,87.599998,0.389235,0.108354,-0.0,7214.150879,101594.15625,6204.0,1.0,5766.0,7.0,0.0,0.109358,64128.0,1721542144.0,64.0,0.0,0.0,0.0,0.0,0.0,62.0,0.0,10.276568,1.0,5.0,1.0,0.0,28.260563,31872.0,12.0,1.0,0.0,7.692308,0.0,0.389235,0.0,0.0,108808.304688,0.389235,438.0,0.0,823.714294,0.0,0.0,0.389235,0.389235,1.0,0.0,0.0,15.414852,0.0,9.0
0.0,0.001004,0.0,89.272728,0.573913,0.108354,-0.0,12447.879883,303558.21875,23748.0,1.0,22766.0,23.0,0.0,0.109358,64128.0,1721542144.0,64.0,0.0,0.0,0.0,0.0,0.0,62.0,0.0,17.424244,1.0,11.0,0.0,0.0,57.500008,31872.0,34.0,1.0,0.0,0.0,0.0,0.573913,0.0,0.0,316006.09375,0.573913,982.0,0.0,989.826111,0.0,0.0,0.573913,0.573913,0.0,0.0,0.0,38.333336,0.0,9.0
0.0,0.001004,1.0,118.0,0.744279,0.108354,-0.0,2536.683105,9136.358398,1374.0,1.0,1020.0,6.0,0.0,0.109358,67072.0,1721542144.0,64.0,0.0,0.0,0.0,0.0,0.0,62.0,0.0,2.687164,1.0,3.0,1.0,0.0,10.748657,31872.0,9.0,1.0,0.0,10.0,0.0,0.744279,0.0,0.0,11673.041992,0.744279,354.0,0.0,170.0,0.0,0.0,0.744279,0.744279,1.0,0.0,0.0,6.717911,0.0,9.0
0.0,0.001004,0.0,124.666664,0.540344,0.108354,-0.0,9238.55957,15012.658203,1930.0,1.0,1182.0,7.0,0.0,0.109358,72832.0,1721542144.0,64.0,0.0,0.0,0.0,0.0,0.0,62.0,0.0,9.253365,1.0,6.0,0.0,0.0,22.208075,31872.0,13.0,1.0,0.0,0.0,0.0,0.540344,0.0,0.0,24251.216797,0.540344,748.0,0.0,168.857147,0.0,0.0,0.540344,0.540344,0.0,0.0,0.0,11.104037,0.0,9.0
0.0,0.001004,0.0,122.888885,0.866534,0.108354,-0.0,9084.467773,29487.591797,4528.0,1.0,3422.0,15.0,0.0,0.109358,87296.0,1721542144.0,64.0,0.0,0.0,0.0,0.0,0.0,62.0,0.0,9.232183,1.0,9.0,0.0,0.0,26.542524,31872.0,24.0,1.0,0.0,0.0,0.0,0.866534,0.0,0.0,38572.058594,0.866534,1106.0,0.0,228.133331,0.0,0.0,0.866534,0.866534,0.0,0.0,0.0,16.156319,0.0,9.0
0.0,0.001004,0.0,121.111115,0.999767,0.108354,-0.0,7753.806641,24069.607422,4348.0,1.0,3258.0,13.0,0.0,0.109358,98944.0,1721542144.0,64.0,0.0,0.0,0.0,0.0,0.0,62.0,0.0,8.001864,1.0,9.0,0.0,0.0,21.004894,31872.0,22.0,1.0,0.0,0.0,0.0,0.999767,0.0,0.0,31823.414062,0.999767,1090.0,0.0,250.615387,0.0,0.0,0.999767,0.999767,0.0,0.0,0.0,12.002796,0.0,9.0
0.0,0.001004,0.0,122.0,0.743746,0.108354,-0.0,6561.379883,10993.000977,1900.0,1.0,1168.0,8.0,0.0,0.109358,104704.0,1721542144.0,64.0,0.0,0.0,0.0,0.0,0.0,62.0,0.0,6.722725,1.0,6.0,0.0,0.0,17.479086,31872.0,14.0,1.0,0.0,0.0,0.0,0.743746,0.0,0.0,17554.380859,0.743746,732.0,0.0,146.0,0.0,0.0,0.743746,0.743746,0.0,0.0,0.0,9.411816,0.0,9.0
0.0,0.001004,0.0,123.599998,0.216676,0.108354,-0.0,18276.136719,39432.148438,1864.0,1.0,1246.0,7.0,0.0,0.109358,107648.0,1721542144.0,64.0,0.0,0.0,0.0,0.0,0.0,62.0,0.0,18.460743,1.0,5.0,0.0,0.0,50.767044,31872.0,12.0,1.0,0.0,0.0,0.0,0.216676,0.0,0.0,57708.285156,0.216676,618.0,0.0,178.0,0.0,0.0,0.216676,0.216676,0.0,0.0,0.0,27.691114,0.0,9.0
0.0,0.001004,0.0,126.800003,0.217671,0.108354,-0.0,18670.378906,25653.392578,1448.0,1.0,814.0,7.0,0.0,0.109358,110464.0,1721542144.0,64.0,0.0,0.0,0.0,0.0,0.0,62.0,0.0,18.376356,1.0,5.0,0.0,0.0,50.534981,31872.0,12.0,1.0,0.0,0.0,0.0,0.217671,0.0,0.0,44323.773438,0.217671,634.0,0.0,116.285713,0.0,0.0,0.217671,0.217671,0.0,0.0,0.0,27.564535,0.0,9.0
0.0,0.001004,0.0,123.599998,0.541068,0.108354,-0.0,7318.85791,10320.329102,1432.0,1.0,814.0,7.0,0.0,0.109358,113408.0,1721542144.0,64.0,0.0,0.0,0.0,0.0,0.0,62.0,0.0,7.392786,1.0,5.0,0.0,0.0,20.330162,31872.0,12.0,1.0,0.0,0.0,0.0,0.541068,0.0,0.0,17639.1875,0.541068,618.0,0.0,116.285713,0.0,0.0,0.541068,0.541068,0.0,0.0,0.0,11.089179,0.0,9.0
0.0,0.001004,0.0,120.400002,0.525071,0.108354,-0.0,7343.768555,9507.285156,1350.0,1.0,748.0,6.0,0.0,0.109358,116224.0,1721542144.0,64.0,0.0,0.0,0.0,0.0,0.0,62.0,0.0,7.618017,1.0,5.0,0.0,0.0,19.045042,31872.0,11.0,1.0,0.0,0.0,0.0,0.525071,0.0,0.0,16851.052734,0.525071,602.0,0.0,124.666664,0.0,0.0,0.525071,0.525071,0.0,0.0,0.0,9.522521,0.0,9.0
0.0,0.001004,0.0,117.199997,0.541162,0.108354,-0.0,6933.228516,9224.594727,1334.0,1.0,748.0,6.0,0.0,0.109358,119168.0,1721542144.0,64.0,0.0,0.0,0.0,0.0,0.0,62.0,0.0,7.391502,1.0,5.0,0.0,0.0,18.478754,31872.0,11.0,1.0,0.0,0.0,0.0,0.541162,0.0,0.0,16157.823242,0.541162,586.0,0.0,124.666664,0.0,0.0,0.541162,0.541162,0.0,0.0,0.0,9.239377,0.0,9.0
0.0,0.001004,0.0,117.199997,0.52417,0.108354,-0.0,7157.983398,9523.62793,1334.0,1.0,748.0,6.0,0.0,0.109358,122112.0,1721542144.0,64.0,0.0,0.0,0.0,0.0,0.0,62.0,0.0,7.631112,1.0,5.0,0.0,0.0,19.077782,31872.0,11.0,1.0,0.0,0.0,0.0,0.52417,0.0,0.0,16681.611328,0.52417,586.0,0.0,124.666664,0.0,0.0,0.52417,0.52417,0.0,0.0,0.0,9.538891,0.0,9.0
0.0,0.001004,0.0,120.400002,0.218333,0.108354,-0.0,17661.095703,28580.195312,1512.0,1.0,910.0,7.0,0.0,0.109358,124928.0,1721542144.0,64.0,0.0,0.0,0.0,0.0,0.0,62.0,0.0,18.320639,1.0,5.0,0.0,0.0,50.381756,31872.0,12.0,1.0,0.0,0.0,0.0,0.218333,0.0,0.0,46241.289062,0.218333,602.0,0.0,130.0,0.0,0.0,0.218333,0.218333,0.0,0.0,0.0,27.480957,0.0,9.0
0.0,0.001004,0.0,106.0,0.664686,0.108354,-0.0,3827.371094,5704.949219,1056.0,1.0,632.0,4.0,0.0,0.109358,127872.0,1721542144.0,64.0,0.0,0.0,0.0,0.0,0.0,62.0,0.0,4.513409,1.0,4.0,0.0,0.0,10.531288,31872.0,8.0,1.0,0.0,0.0,0.0,0.664686,0.0,0.0,9532.320312,0.664686,424.0,0.0,158.0,0.0,0.0,0.664686,0.664686,0.0,0.0,0.0,4.513409,0.0,9.0
0.0,0.001004,0.0,66.0,0.0,0.108354,-0.0,0.0,0.0,276.0,1.0,210.0,1.0,0.0,0.109358,129280.0,1721542144.0,64.0,0.0,0.0,0.0,0.0,0.0,62.0,0.0,0.0,1.0,1.0,0.0,1.0,0.0,31872.0,2.0,0.0,0.0,0.0,0.0,0.0,0.0,0.0,0.0,0.0,66.0,0.0,210.0,0.0,0.0,0.0,0.0,0.0,0.0,0.0,0.0,0.0,9.0
0.0,0.001004,0.0,66.0,0.756331,0.108354,-0.0,0.0,5796.403809,888.0,1.0,822.0,3.0,0.0,0.109358,129280.0,1721542144.0,64.0,0.0,0.0,0.0,0.0,0.0,62.0,0.0,0.0,1.0,1.0,0.0,1.0,3.966517,31872.0,4.0,0.0,0.0,0.0,0.0,0.756331,0.0,0.0,5796.403809,0.756331,66.0,0.0,274.0,0.0,0.0,0.756331,0.756331,0.0,0.0,0.0,2.644345,0.0,9.0
0.0,0.001004,0.0,108.666664,0.959622,0.108354,-0.0,4535.119141,6619.272949,1578.0,1.0,926.0,7.0,0.0,0.109358,129280.0,1721542144.0,64.0,0.0,0.0,0.0,0.0,0.0,62.0,0.0,5.210385,1.0,6.0,0.0,0.0,12.504924,31872.0,13.0,1.0,0.0,0.0,0.0,0.959622,0.0,0.0,11154.391602,0.959622,652.0,0.0,132.285721,0.0,0.0,0.959622,0.959622,0.0,0.0,0.0,6.252462,0.0,9.0
0.0,0.001004,0.0,98.0,0.199555,0.108354,-0.0,7857.48291,2645.887207,426.0,1.0,132.0,2.0,0.0,0.109358,129280.0,1721542144.0,64.0,0.0,0.0,0.0,0.0,0.0,62.0,0.0,10.0223,1.0,3.0,0.0,0.0,20.0446,31872.0,5.0,0.0,0.0,0.0,0.0,0.199555,0.0,0.0,10503.370117,0.199555,294.0,0.0,66.0,0.0,0.0,0.199555,0.199555,0.0,0.0,0.0,5.01115,0.0,9.0
0.0,0.001004,0.0,117.199997,0.538742,0.108354,-0.0,6964.372559,27263.513672,2728.0,1.0,2142.0,7.0,0.0,0.109358,129280.0,1721542144.0,64.0,0.0,0.0,0.0,0.0,0.0,62.0,0.0,7.424704,1.0,5.0,0.0,0.0,20.417936,31872.0,12.0,1.0,0.0,0.0,0.0,0.538742,0.0,0.0,34227.886719,0.538742,586.0,0.0,306.0,0.0,0.0,0.538742,0.538742,0.0,0.0,0.0,11.137056,0.0,9.0
0.0,0.001004,0.0,125.428574,0.935266,0.108354,-0.0,6440.948242,22949.621094,3784.0,1.0,2906.0,13.0,0.0,0.109358,129280.0,1721542144.0,64.0,0.0,0.0,0.0,0.0,0.0,62.0,0.0,6.415287,1.0,7.0,0.0,0.0,20.315075,31872.0,20.0,1.0,0.0,0.0,0.0,0.935266,0.0,0.0,29390.568359,0.935266,878.0,0.0,223.538467,0.0,0.0,0.935266,0.935266,0.0,0.0,0.0,12.830574,0.0,9.0
0.0,0.001004,1.0,117.199997,0.93878,0.108354,-0.0,3996.676514,9067.086914,1802.0,1.0,1216.0,8.0,0.0,0.109358,129280.0,1721542144.0,64.0,0.0,0.0,0.0,0.0,0.0,62.0,0.0,4.260849,1.0,5.0,1.0,0.0,12.782547,31872.0,13.0,1.0,0.0,7.142857,0.0,0.93878,0.0,0.0,13063.763672,0.93878,586.0,0.0,152.0,0.0,0.0,0.93878,0.93878,1.0,0.0,0.0,7.456486,0.0,9.0
0.0,0.001004,0.0,106.571426,0.571043,0.108354,-0.0,8966.049805,9078.125,1556.0,1.0,810.0,5.0,0.0,0.109358,129280.0,1721542144.0,64.0,0.0,0.0,0.0,0.0,0.0,62.0,0.0,10.50709,1.0,7.0,0.0,0.0,19.262997,31872.0,12.0,1.0,0.0,0.0,0.0,0.571043,0.0,0.0,18044.175781,0.571043,746.0,0.0,162.0,0.0,0.0,0.571043,0.571043,0.0,0.0,0.0,7.004726,0.0,9.0
0.0,0.001004,1.0,87.599998,0.708955,0.108354,-0.0,3960.759277,20729.101562,2642.0,1.0,2204.0,6.0,0.0,0.109358,129280.0,1721542144.0,64.0,0.0,0.0,0.0,0.0,0.0,62.0,0.0,5.642107,1.0,5.0,1.0,0.0,14.105268,31872.0,11.0,1.0,0.0,8.333333,0.0,0.708955,0.0,0.0,24689.861328,0.708955,438.0,0.0,367.333344,0.0,0.0,0.708955,0.708955,1.0,0.0,0.0,7.052634,0.0,9.0
0.0,0.001004,0.0,115.777779,0.995332,0.108354,-0.0,7450.780273,13350.319336,2830.0,1.0,1788.0,14.0,0.0,0.109358,129280.0,1721542144.0,64.0,0.0,0.0,0.0,0.0,0.0,62.0,0.0,8.037519,1.0,9.0,0.0,0.0,22.103178,31872.0,23.0,1.0,0.0,0.0,0.0,0.995332,0.0,0.0,20801.099609,0.995332,1042.0,0.0,127.714287,0.0,0.0,0.995332,0.995332,0.0,0.0,0.0,13.060968,0.0,9.0
0.0,0.001004,0.0,114.0,0.000499,0.108354,-0.0,0.0,0.0,180.0,1.0,66.0,1.0,0.0,0.109358,129280.0,1721542144.0,64.0,0.0,0.0,0.0,0.0,0.0,62.0,0.0,0.0,1.0,1.0,0.0,0.0,2004.007935,31872.0,2.0,0.0,0.0,0.0,0.0,0.000499,0.0,0.0,0.0,0.000499,114.0,0.0,66.0,0.0,0.0,0.000499,0.000499,0.0,0.0,0.0,0.0,0.0,9.0
0.0,0.001004,0.0,114.0,0.58732,0.108354,-0.0,6211.264648,11196.621094,1528.0,1.0,958.0,7.0,0.0,0.109358,129280.0,1721542144.0,64.0,0.0,0.0,0.0,0.0,0.0,62.0,0.0,6.810597,1.0,5.0,0.0,0.0,18.729141,31872.0,12.0,1.0,0.0,0.0,0.0,0.58732,0.0,0.0,17407.886719,0.58732,570.0,0.0,136.857147,0.0,0.0,0.58732,0.58732,0.0,0.0,0.0,10.215896,0.0,9.0
0.0,0.001004,0.0,117.199997,0.585907,0.108354,-0.0,6403.74707,13654.044922,1752.0,1.0,1166.0,7.0,0.0,0.109358,129280.0,1721542144.0,64.0,0.0,0.0,0.0,0.0,0.0,62.0,0.0,6.827022,1.0,5.0,0.0,0.0,18.774311,31872.0,12.0,1.0,0.0,0.0,0.0,0.585907,0.0,0.0,20057.792969,0.585907,586.0,0.0,166.571426,0.0,0.0,0.585907,0.585907,0.0,0.0,0.0,10.240534,0.0,9.0
0.0,0.001004,0.0,117.199997,0.602514,0.108354,-0.0,6227.240723,15827.017578,1976.0,1.0,1390.0,7.0,0.0,0.109358,129280.0,1721542144.0,64.0,0.0,0.0,0.0,0.0,0.0,62.0,0.0,6.63885,1.0,5.0,0.0,0.0,18.256836,31872.0,12.0,1.0,0.0,0.0,0.0,0.602514,0.0,0.0,22054.257812,0.602514,586.0,0.0,198.571426,0.0,0.0,0.602514,0.602514,0.0,0.0,0.0,9.958274,0.0,9.0
0.0,0.001004,0.0,102.571426,0.277649,0.108354,-0.0,17749.029297,384226.15625,14942.0,1.0,14224.0,16.0,0.0,0.109358,129280.0,1721542144.0,64.0,0.0,0.0,0.0,0.0,0.0,62.0,0.0,21.61002,1.0,7.0,0.0,0.0,79.23674,31872.0,23.0,1.0,0.0,0.0,0.0,0.277649,0.0,0.0,401975.1875,0.277649,718.0,0.0,889.0,0.0,0.0,0.277649,0.277649,0.0,0.0,0.0,54.025047,0.0,9.0
0.0,0.001004,0.0,117.199997,0.20274,0.108354,-0.0,18506.460938,59465.324219,2344.0,1.0,1758.0,7.0,0.0,0.109358,129280.0,1721542144.0,64.0,0.0,0.0,0.0,0.0,0.0,62.0,0.0,19.729704,1.0,5.0,0.0,0.0,54.256683,31872.0,12.0,1.0,0.0,0.0,0.0,0.20274,0.0,0.0,77971.789062,0.20274,586.0,0.0,251.142853,0.0,0.0,0.20274,0.20274,0.0,0.0,0.0,29.594555,0.0,9.0
0.0,0.001004,0.0,116.909088,0.992085,0.108354,-0.0,9434.675781,16329.246094,3446.0,1.0,2160.0,16.0,0.0,0.109358,129280.0,1721542144.0,64.0,0.0,0.0,0.0,0.0,0.0,62.0,0.0,10.079782,1.0,11.0,0.0,0.0,26.207432,31872.0,27.0,1.0,0.0,0.0,0.0,0.992085,0.0,0.0,25763.921875,0.992085,1286.0,0.0,135.0,0.0,0.0,0.992085,0.992085,0.0,0.0,0.0,15.119673,0.0,9.0
0.0,0.001004,0.0,110.0,0.155088,0.108354,-0.0,17022.59375,21355.617188,992.0,1.0,552.0,4.0,0.0,0.109358,129280.0,1721542144.0,64.0,0.0,0.0,0.0,0.0,0.0,62.0,0.0,19.343855,1.0,4.0,0.0,0.0,45.135662,31872.0,8.0,1.0,0.0,0.0,0.0,0.155088,0.0,0.0,38378.210938,0.155088,440.0,0.0,138.0,0.0,0.0,0.155088,0.155088,0.0,0.0,0.0,19.343855,0.0,9.0
0.0,0.001004,0.0,118.0,0.378504,0.108354,-0.0,7482.087402,13188.763672,1220.0,1.0,748.0,6.0,0.0,0.109358,129280.0,1721542144.0,64.0,0.0,0.0,0.0,0.0,0.0,62.0,0.0,7.92594,1.0,4.0,0.0,0.0,23.777819,31872.0,10.0,1.0,0.0,0.0,0.0,0.378504,0.0,0.0,20670.851562,0.378504,472.0,0.0,124.666664,0.0,0.0,0.378504,0.378504,0.0,0.0,0.0,13.2099,0.0,9.0
0.0,0.001004,0.0,126.800003,0.540905,0.108354,-0.0,7513.333984,11136.890625,1512.0,1.0,878.0,7.0,0.0,0.109358,129280.0,1721542144.0,64.0,0.0,0.0,0.0,0.0,0.0,62.0,0.0,7.395014,1.0,5.0,0.0,0.0,20.336288,31872.0,12.0,1.0,0.0,0.0,0.0,0.540905,0.0,0.0,18650.224609,0.540905,634.0,0.0,125.428574,0.0,0.0,0.540905,0.540905,0.0,0.0,0.0,11.092521,0.0,9.0
0.0,0.001004,0.0,125.428574,0.956307,0.108354,-0.0,6299.232422,82709.84375,11346.0,1.0,10468.0,18.0,0.0,0.109358,129280.0,1721542144.0,64.0,0.0,0.0,0.0,0.0,0.0,62.0,0.0,6.274136,1.0,7.0,0.0,0.0,25.096544,31872.0,25.0,1.0,0.0,0.0,0.0,0.956307,0.0,0.0,89009.070312,0.956307,878.0,0.0,581.555542,0.0,0.0,0.956307,0.956307,0.0,0.0,0.0,17.776718,0.0,9.0
0.0,0.001004,0.0,82.0,0.231072,0.108354,-0.0,14194.709961,2285.002197,624.0,1.0,132.0,2.0,0.0,0.109358,129280.0,1721542144.0,64.0,0.0,0.0,0.0,0.0,0.0,62.0,0.0,21.638277,1.0,6.0,0.0,0.0,30.293589,31872.0,8.0,0.0,0.0,0.0,0.0,0.231072,0.0,0.0,16479.712891,0.231072,492.0,0.0,66.0,0.0,0.0,0.231072,0.231072,0.0,0.0,0.0,4.327656,0.0,9.0
0.0,0.001004,0.0,123.599998,0.538421,0.108354,-0.0,7354.839844,12822.680664,1624.0,1.0,1006.0,7.0,0.0,0.109358,129280.0,1721542144.0,64.0,0.0,0.0,0.0,0.0,0.0,62.0,0.0,7.429131,1.0,5.0,0.0,0.0,20.430111,31872.0,12.0,1.0,0.0,0.0,0.0,0.538421,0.0,0.0,20177.519531,0.538421,618.0,0.0,143.714279,0.0,0.0,0.538421,0.538421,0.0,0.0,0.0,11.143697,0.0,9.0
0.0,0.001004,0.0,117.199997,0.52542,0.108354,-0.0,7140.953613,13139.963867,1592.0,1.0,1006.0,7.0,0.0,0.109358,129280.0,1721542144.0,64.0,0.0,0.0,0.0,0.0,0.0,62.0,0.0,7.612957,1.0,5.0,0.0,0.0,20.935633,31872.0,12.0,1.0,0.0,0.0,0.0,0.52542,0.0,0.0,20280.917969,0.52542,586.0,0.0,143.714279,0.0,0.0,0.52542,0.52542,0.0,0.0,0.0,11.419436,0.0,9.0
0.0,0.001004,0.0,125.199997,0.663848,0.108354,-0.0,13581.422852,17377.472656,2814.0,1.0,1562.0,13.0,0.0,0.109358,129280.0,1721542144.0,64.0,0.0,0.0,0.0,0.0,0.0,62.0,0.0,13.557321,1.0,10.0,0.0,0.0,33.140118,31872.0,23.0,1.0,0.0,0.0,0.0,0.663848,0.0,0.0,30958.894531,0.663848,1252.0,0.0,120.153847,0.0,0.0,0.663848,0.663848,0.0,0.0,0.0,18.076427,0.0,9.0
0.0,0.001004,0.0,130.0,0.122317,0.108354,-0.0,17004.994141,34140.796875,1086.0,1.0,696.0,4.0,0.0,0.109358,129280.0,1721542144.0,64.0,0.0,0.0,0.0,0.0,0.0,62.0,0.0,16.350956,1.0,3.0,0.0,0.0,49.052872,31872.0,7.0,1.0,0.0,0.0,0.0,0.122317,0.0,0.0,51145.792969,0.122317,390.0,0.0,174.0,0.0,0.0,0.122317,0.122317,0.0,0.0,0.0,24.526436,0.0,9.0
0.0,0.001004,0.0,90.0,0.231338,0.108354,-0.0,9336.987305,15146.668945,944.0,1.0,584.0,4.0,0.0,0.109358,129280.0,1721542144.0,64.0,0.0,0.0,0.0,0.0,0.0,62.0,0.0,12.968039,1.0,4.0,0.0,0.0,30.258757,31872.0,8.0,1.0,0.0,0.0,0.0,0.231338,0.0,0.0,24483.65625,0.231338,360.0,0.0,146.0,0.0,0.0,0.231338,0.231338,0.0,0.0,0.0,12.968039,0.0,9.0
0.0,0.001004,0.0,124.666664,0.947068,0.108354,-0.0,2111.780762,7982.531738,1476.0,1.0,1102.0,7.0,0.0,0.109358,129280.0,1721542144.0,64.0,0.0,0.0,0.0,0.0,0.0,62.0,0.0,2.111781,1.0,3.0,0.0,0.0,9.503014,31872.0,10.0,1.0,0.0,0.0,0.0,0.947068,0.0,0.0,10094.3125,0.947068,374.0,0.0,157.428574,0.0,0.0,0.947068,0.947068,0.0,0.0,0.0,6.335342,0.0,9.0
0.0,0.001004,0.0,98.0,0.214904,0.108354,-0.0,7296.28125,2456.911133,426.0,1.0,132.0,2.0,0.0,0.109358,129280.0,1721542144.0,64.0,0.0,0.0,0.0,0.0,0.0,62.0,0.0,9.306481,1.0,3.0,0.0,0.0,18.612963,31872.0,5.0,0.0,0.0,0.0,0.0,0.214904,0.0,0.0,9753.192383,0.214904,294.0,0.0,66.0,0.0,0.0,0.214904,0.214904,0.0,0.0,0.0,4.653241,0.0,9.0
0.0,0.001004,0.0,114.0,0.540201,0.108354,-0.0,6753.041992,17445.357422,1944.0,1.0,1374.0,7.0,0.0,0.109358,129280.0,1721542144.0,64.0,0.0,0.0,0.0,0.0,0.0,62.0,0.0,7.404651,1.0,5.0,0.0,0.0,20.362791,31872.0,12.0,1.0,0.0,0.0,0.0,0.540201,0.0,0.0,24198.400391,0.540201,570.0,0.0,196.285721,0.0,0.0,0.540201,0.540201,0.0,0.0,0.0,11.106977,0.0,9.0
0.0,0.001004,0.0,114.0,0.540638,0.108354,-0.0,6747.583008,16010.711914,1832.0,1.0,1262.0,7.0,0.0,0.109358,129280.0,1721542144.0,64.0,0.0,0.0,0.0,0.0,0.0,62.0,0.0,7.398665,1.0,5.0,0.0,0.0,20.346331,31872.0,12.0,1.0,0.0,0.0,0.0,0.540638,0.0,0.0,22758.294922,0.540638,570.0,0.0,180.285721,0.0,0.0,0.540638,0.540638,0.0,0.0,0.0,11.097999,0.0,9.0
0.0,0.001004,0.0,114.0,0.649038,0.108354,-0.0,5620.625977,7691.382812,1318.0,1.0,748.0,6.0,0.0,0.109358,129280.0,1721542144.0,64.0,0.0,0.0,0.0,0.0,0.0,62.0,0.0,6.162967,1.0,5.0,0.0,0.0,15.407418,31872.0,11.0,1.0,0.0,0.0,0.0,0.649038,0.0,0.0,13312.008789,0.649038,570.0,0.0,124.666664,0.0,0.0,0.649038,0.649038,0.0,0.0,0.0,7.703709,0.0,9.0
0.0,0.001004,0.0,119.333336,0.323259,0.108354,-0.0,5914.761719,10542.629883,926.0,1.0,568.0,4.0,0.0,0.109358,129280.0,1721542144.0,64.0,0.0,0.0,0.0,0.0,0.0,62.0,0.0,6.186989,1.0,3.0,0.0,0.0,18.560968,31872.0,7.0,1.0,0.0,0.0,0.0,0.323259,0.0,0.0,16457.392578,0.323259,358.0,0.0,142.0,0.0,0.0,0.323259,0.323259,0.0,0.0,0.0,9.280484,0.0,9.0
0.0,0.001004,2.0,78.0,0.905171,0.108354,-0.0,0.0,5126.103516,948.0,1.0,870.0,3.0,0.0,0.109358,129280.0,1721542144.0,64.0,0.0,0.0,0.0,0.0,0.0,62.0,0.0,0.0,1.0,1.0,2.0,1.0,3.314291,31872.0,4.0,0.0,0.0,33.333333,0.0,0.905171,0.0,0.0,5126.103516,0.905171,78.0,0.0,290.0,0.0,0.0,0.905171,0.905171,1.0,0.0,0.0,2.209527,0.0,9.0
0.0,0.001004,0.0,66.0,0.836209,0.108354,-0.0,0.0,2009.067139,486.0,1.0,420.0,2.0,0.0,0.109358,129280.0,1721542144.0,64.0,0.0,0.0,0.0,0.0,0.0,62.0,0.0,0.0,1.0,1.0,0.0,1.0,2.391747,31872.0,3.0,0.0,0.0,0.0,0.0,0.836209,0.0,0.0,2009.067139,0.836209,66.0,0.0,210.0,0.0,0.0,0.836209,0.836209,0.0,0.0,0.0,1.195873,0.0,9.0
0.0,0.001004,0.0,66.0,0.848611,0.108354,-0.0,0.0,0.0,276.0,1.0,210.0,1.0,0.0,0.109358,129280.0,1721542144.0,64.0,0.0,0.0,0.0,0.0,0.0,62.0,0.0,0.0,1.0,1.0,0.0,1.0,1.178396,31872.0,2.0,0.0,0.0,0.0,0.0,0.848611,0.0,0.0,0.0,0.848611,66.0,0.0,210.0,0.0,0.0,0.848611,0.848611,0.0,0.0,0.0,0.0,0.0,9.0
0.0,0.001004,0.0,66.0,0.99835,0.108354,-0.0,528.87262,0.0,342.0,1.0,210.0,1.0,0.0,0.109358,129280.0,1721542144.0,64.0,0.0,0.0,0.0,0.0,0.0,62.0,0.0,1.001653,1.0,2.0,0.0,1.0,2.003305,31872.0,3.0,0.0,0.0,0.0,0.0,0.99835,0.0,0.0,528.87262,0.99835,132.0,0.0,210.0,0.0,0.0,0.99835,0.99835,0.0,0.0,0.0,0.0,0.0,9.0
0.0,0.001004,0.0,66.0,0.0,0.108354,-0.0,0.0,0.0,276.0,1.0,210.0,1.0,0.0,0.109358,129280.0,1721542144.0,64.0,0.0,0.0,0.0,0.0,0.0,62.0,0.0,0.0,1.0,1.0,0.0,1.0,0.0,31872.0,2.0,0.0,0.0,0.0,0.0,0.0,0.0,0.0,0.0,0.0,66.0,0.0,210.0,0.0,0.0,0.0,0.0,0.0,0.0,0.0,0.0,0.0,9.0
0.0,0.001004,0.0,66.0,0.0,0.108354,-0.0,0.0,0.0,276.0,1.0,210.0,1.0,0.0,0.109358,129280.0,1721542144.0,64.0,0.0,0.0,0.0,0.0,0.0,62.0,0.0,0.0,1.0,1.0,0.0,1.0,0.0,31872.0,2.0,0.0,0.0,0.0,0.0,0.0,0.0,0.0,0.0,0.0,66.0,0.0,210.0,0.0,0.0,0.0,0.0,0.0,0.0,0.0,0.0,0.0,9.0
0.0,0.001004,0.0,66.0,0.84055,0.108354,-0.0,0.0,1998.691284,486.0,1.0,420.0,2.0,0.0,0.109358,129280.0,1721542144.0,64.0,0.0,0.0,0.0,0.0,0.0,62.0,0.0,0.0,1.0,1.0,0.0,1.0,2.379395,31872.0,3.0,0.0,0.0,0.0,0.0,0.84055,0.0,0.0,1998.691284,0.84055,66.0,0.0,210.0,0.0,0.0,0.84055,0.84055,0.0,0.0,0.0,1.189697,0.0,9.0
0.0,0.001004,0.0,66.0,0.851871,0.108354,-0.0,0.0,2498.030762,598.0,1.0,532.0,2.0,0.0,0.109358,129280.0,1721542144.0,64.0,0.0,0.0,0.0,0.0,0.0,62.0,0.0,0.0,1.0,1.0,0.0,1.0,2.347773,31872.0,3.0,0.0,0.0,0.0,0.0,0.851871,0.0,0.0,2498.030762,0.851871,66.0,0.0,266.0,0.0,0.0,0.851871,0.851871,0.0,0.0,0.0,1.173887,0.0,9.0
0.0,0.001004,0.0,102.571426,0.692863,0.108354,-0.0,7112.51709,17088.515625,2444.0,1.0,1726.0,7.0,0.0,0.109358,129280.0,1721542144.0,64.0,0.0,0.0,0.0,0.0,0.0,62.0,0.0,8.65972,1.0,7.0,0.0,0.0,18.762728,31872.0,14.0,1.0,0.0,0.0,0.0,0.692863,0.0,0.0,24201.033203,0.692863,718.0,0.0,246.571426,0.0,0.0,0.692863,0.692863,0.0,0.0,0.0,8.65972,0.0,9.0
0.0,0.001004,1.0,78.0,0.468707,0.108354,-0.0,0.0,19372.443359,1780.0,1.0,1702.0,3.0,0.0,0.109358,129280.0,1721542144.0,64.0,0.0,0.0,0.0,0.0,0.0,62.0,0.0,0.0,1.0,1.0,1.0,1.0,6.400587,31872.0,4.0,0.0,0.0,20.0,0.0,0.468707,0.0,0.0,19372.443359,0.468707,78.0,0.0,567.333313,0.0,0.0,0.468707,0.468707,1.0,0.0,0.0,4.267058,0.0,9.0
0.0,0.001004,0.0,66.0,0.851024,0.108354,-0.0,0.0,4352.403809,760.0,1.0,694.0,3.0,0.0,0.109358,128768.0,1721542144.0,64.0,0.0,0.0,0.0,0.0,0.0,62.0,0.0,0.0,1.0,1.0,0.0,1.0,3.525165,31872.0,4.0,0.0,0.0,0.0,0.0,0.851024,0.0,0.0,4352.403809,0.851024,66.0,0.0,231.333328,0.0,0.0,0.851024,0.851024,0.0,0.0,0.0,2.35011,0.0,9.0
0.0,0.001004,0.0,66.0,0.850789,0.108354,-0.0,1241.200806,0.0,632.0,1.0,434.0,1.0,0.0,0.109358,129024.0,1721542144.0,64.0,0.0,0.0,0.0,0.0,0.0,62.0,0.0,2.350759,1.0,3.0,0.0,1.0,3.526139,31872.0,4.0,0.0,0.0,0.0,0.0,0.850789,0.0,0.0,1241.200806,0.850789,198.0,0.0,434.0,0.0,0.0,0.850789,0.850789,0.0,0.0,0.0,0.0,0.0,9.0
0.0,0.001004,0.0,66.0,0.834868,0.108354,-0.0,0.0,2702.223633,630.0,1.0,564.0,2.0,0.0,0.109358,128768.0,1721542144.0,64.0,0.0,0.0,0.0,0.0,0.0,62.0,0.0,0.0,1.0,1.0,0.0,1.0,2.395588,31872.0,3.0,0.0,0.0,0.0,0.0,0.834868,0.0,0.0,2702.223633,0.834868,66.0,0.0,282.0,0.0,0.0,0.834868,0.834868,0.0,0.0,0.0,1.197794,0.0,9.0
0.0,0.001004,0.0,66.0,0.967029,0.108354,-0.0,1092.004517,0.0,632.0,1.0,434.0,1.0,0.0,0.109358,129024.0,1721542144.0,64.0,0.0,0.0,0.0,0.0,0.0,62.0,0.0,2.06819,1.0,3.0,0.0,1.0,3.102286,31872.0,4.0,0.0,0.0,0.0,0.0,0.967029,0.0,0.0,1092.004517,0.967029,198.0,0.0,434.0,0.0,0.0,0.967029,0.967029,0.0,0.0,0.0,0.0,0.0,9.0
0.0,0.001004,0.0,0.0,0.76783,0.108354,-0.0,0.0,9043.667969,1302.0,1.0,1302.0,3.0,0.0,0.109358,103135.70040124832,1721542144.0,64.0,0.0,0.0,0.0,0.0,0.0,62.0,0.0,0.0,1.0,0.0,2.0,0.0,2.604743,37317.08209959624,3.0,0.0,0.0,0.0,0.0,0.76783,0.0,1.0,9043.667969,0.76783,0.0,0.0,434.0,0.0,0.0,0.76783,0.76783,1.0,0.0,0.0,2.604743,0.0,9.0
0.0,0.001004,0.0,84.0,0.526271,0.108354,-0.0,6384.543457,21236.207031,2180.0,1.0,1676.0,6.0,0.0,0.109358,129280.0,1721542144.0,64.0,0.0,0.0,0.0,0.0,0.0,62.0,0.0,9.500809,1.0,6.0,0.0,0.0,20.901779,31872.0,12.0,1.0,0.0,0.0,0.0,0.526271,0.0,0.0,27620.751953,0.526271,504.0,0.0,279.333344,0.0,0.0,0.526271,0.526271,0.0,0.0,0.0,9.500809,0.0,9.0
0.0,0.001004,0.0,119.333336,0.155992,0.108354,-0.0,12257.039062,21847.273438,926.0,1.0,568.0,4.0,0.0,0.109358,129280.0,1721542144.0,64.0,0.0,0.0,0.0,0.0,0.0,62.0,0.0,12.82117,1.0,3.0,0.0,0.0,38.463512,31872.0,7.0,1.0,0.0,0.0,0.0,0.155992,0.0,0.0,34104.3125,0.155992,358.0,0.0,142.0,0.0,0.0,0.155992,0.155992,0.0,0.0,0.0,19.231756,0.0,9.0
0.0,0.001004,0.0,0.0,0.646143,0.108354,-0.0,0.0,12727.832031,1542.0,1.0,1542.0,3.0,0.0,0.109358,103135.70040124832,1721542144.0,64.0,0.0,0.0,0.0,0.0,0.0,62.0,0.0,0.0,1.0,0.0,2.0,0.0,3.09529,37317.08209959624,3.0,0.0,0.0,0.0,0.0,0.646143,0.0,1.0,12727.832031,0.646143,0.0,0.0,514.0,0.0,0.0,0.646143,0.646143,1.0,0.0,0.0,3.09529,0.0,9.0
0.0,0.001004,0.0,0.0,0.0,0.108354,-0.0,0.0,0.0,514.0,1.0,514.0,1.0,0.0,0.109358,103135.70040124832,1721542144.0,64.0,0.0,0.0,0.0,0.0,0.0,62.0,0.0,0.0,1.0,0.0,0.0,0.0,0.0,37317.08209959624,1.0,0.0,0.0,0.0,0.0,0.0,0.0,1.0,0.0,0.0,0.0,0.0,514.0,0.0,0.0,0.0,0.0,0.0,0.0,0.0,0.0,0.0,9.0
0.0,0.001004,0.0,70.0,0.444717,0.108354,-0.0,2518.455566,23871.361328,2200.0,1.0,1990.0,3.0,0.0,0.109358,128768.0,1721542144.0,64.0,0.0,0.0,0.0,0.0,0.0,62.0,0.0,4.497242,1.0,3.0,0.0,1.0,11.243106,31872.0,6.0,0.0,0.0,0.0,0.0,0.444717,0.0,0.0,26389.816406,0.444717,210.0,0.0,663.333313,0.0,0.0,0.444717,0.444717,0.0,0.0,0.0,4.497242,0.0,9.0
0.0,0.001004,0.0,102.571426,0.756102,0.108354,-0.0,6517.63916,35698.886719,4466.0,1.0,3748.0,10.0,0.0,0.109358,129280.0,1721542144.0,64.0,0.0,0.0,0.0,0.0,0.0,62.0,0.0,7.935437,1.0,7.0,0.0,0.0,21.161165,31872.0,17.0,1.0,0.0,0.0,0.0,0.756102,0.0,0.0,42216.523438,0.756102,718.0,0.0,374.799988,0.0,0.0,0.756102,0.756102,0.0,0.0,0.0,11.903155,0.0,9.0
0.0,0.001004,0.0,102.0,0.972657,0.108354,-0.0,5872.57373,5132.333496,1564.0,1.0,748.0,6.0,0.0,0.109358,129280.0,1721542144.0,64.0,0.0,0.0,0.0,0.0,0.0,62.0,0.0,7.196782,1.0,8.0,0.0,0.0,13.365451,31872.0,14.0,1.0,0.0,0.0,0.0,0.972657,0.0,0.0,11004.907227,0.972657,816.0,0.0,124.666664,0.0,0.0,0.972657,0.972657,0.0,0.0,0.0,5.140558,0.0,9.0
0.0,0.001004,0.0,114.0,0.001866,0.108354,-0.0,0.0,282958.1875,246.0,1.0,132.0,2.0,0.0,0.109358,129280.0,1721542144.0,64.0,0.0,0.0,0.0,0.0,0.0,62.0,0.0,0.0,1.0,1.0,0.0,0.0,1071.811401,31872.0,3.0,0.0,0.0,0.0,0.0,0.001866,0.0,0.0,282958.1875,0.001866,114.0,0.0,66.0,0.0,0.0,0.001866,0.001866,0.0,0.0,0.0,535.905701,0.0,9.0
0.0,0.001004,0.0,117.199997,0.524551,0.108354,-0.0,7152.78418,24447.576172,2456.0,1.0,1870.0,7.0,0.0,0.109358,129280.0,1721542144.0,64.0,0.0,0.0,0.0,0.0,0.0,62.0,0.0,7.62557,1.0,5.0,0.0,0.0,20.970316,31872.0,12.0,1.0,0.0,0.0,0.0,0.524551,0.0,0.0,31600.361328,0.524551,586.0,0.0,267.142853,0.0,0.0,0.524551,0.524551,0.0,0.0,0.0,11.438354,0.0,9.0
0.0,0.001004,2.0,146.0,0.904489,0.108354,-0.0,1291.336914,5165.347656,1022.0,1.0,730.0,5.0,0.0,0.109358,129280.0,1721542144.0,64.0,0.0,0.0,0.0,0.0,0.0,62.0,0.0,1.105597,1.0,2.0,2.0,0.0,6.63358,31872.0,7.0,1.0,0.0,22.222222,0.0,0.904489,0.0,0.0,6456.68457,0.904489,292.0,0.0,146.0,0.0,0.0,0.904489,0.904489,1.0,0.0,0.0,4.422387,0.0,9.0
0.0,0.001004,0.0,0.0,0.0,0.108354,-0.0,0.0,0.0,178.0,1.0,178.0,1.0,0.0,0.109358,103135.70040124832,1721542144.0,64.0,0.0,0.0,0.0,0.0,0.0,62.0,0.0,0.0,1.0,0.0,0.0,0.0,0.0,37317.08209959624,1.0,0.0,0.0,0.0,0.0,0.0,0.0,1.0,0.0,0.0,0.0,0.0,178.0,0.0,0.0,0.0,0.0,0.0,0.0,0.0,0.0,0.0,9.0
0.0,0.001004,0.0,97.333336,0.837218,0.108354,-0.0,4653.507324,31705.003906,4376.0,1.0,3792.0,8.0,0.0,0.109358,129280.0,1721542144.0,64.0,0.0,0.0,0.0,0.0,0.0,62.0,0.0,5.97216,1.0,6.0,0.0,0.0,15.527617,31872.0,14.0,1.0,0.0,0.0,0.0,0.837218,0.0,0.0,36358.511719,0.837218,584.0,0.0,474.0,0.0,0.0,0.837218,0.837218,0.0,0.0,0.0,8.361025,0.0,9.0
0.0,0.001004,0.0,114.0,0.20265,0.108354,-0.0,4500.370117,0.0,406.0,1.0,178.0,1.0,0.0,0.109358,129280.0,1721542144.0,64.0,0.0,0.0,0.0,0.0,0.0,62.0,0.0,4.934617,1.0,2.0,0.0,0.0,9.869233,31872.0,3.0,1.0,0.0,0.0,0.0,0.20265,0.0,0.0,4500.370117,0.20265,228.0,0.0,178.0,0.0,0.0,0.20265,0.20265,0.0,0.0,0.0,0.0,0.0,9.0
0.0,0.001004,0.0,0.0,0.705861,0.108354,-0.0,0.0,25228.763672,2968.0,1.0,2968.0,4.0,0.0,0.109358,103135.70040124832,1721542144.0,64.0,0.0,0.0,0.0,0.0,0.0,62.0,0.0,0.0,1.0,0.0,2.0,0.0,4.250129,37317.08209959624,4.0,0.0,0.0,0.0,0.0,0.705861,0.0,1.0,25228.763672,0.705861,0.0,0.0,742.0,0.0,0.0,0.705861,0.705861,1.0,0.0,0.0,4.250129,0.0,9.0
0.0,0.001004,0.0,115.714287,0.697036,0.108354,-0.0,7976.632324,24859.546875,3336.0,1.0,2526.0,7.0,0.0,0.109358,129280.0,1721542144.0,64.0,0.0,0.0,0.0,0.0,0.0,62.0,0.0,8.607877,1.0,7.0,0.0,0.0,18.650398,31872.0,14.0,1.0,0.0,0.0,0.0,0.697036,0.0,0.0,32836.179688,0.697036,810.0,0.0,360.857147,0.0,0.0,0.697036,0.697036,0.0,0.0,0.0,8.607877,0.0,9.0
0.0,0.001004,0.0,114.0,0.753743,0.108354,-0.0,4839.846191,12354.34375,1928.0,1.0,1358.0,7.0,0.0,0.109358,129280.0,1721542144.0,64.0,0.0,0.0,0.0,0.0,0.0,62.0,0.0,5.306849,1.0,5.0,0.0,0.0,14.593834,31872.0,12.0,1.0,0.0,0.0,0.0,0.753743,0.0,0.0,17194.189453,0.753743,570.0,0.0,194.0,0.0,0.0,0.753743,0.753743,0.0,0.0,0.0,7.960273,0.0,9.0
0.0,0.001004,0.0,117.199997,0.537184,0.108354,-0.0,6984.571289,11824.625977,1512.0,1.0,926.0,7.0,0.0,0.109358,129280.0,1721542144.0,64.0,0.0,0.0,0.0,0.0,0.0,62.0,0.0,7.446238,1.0,5.0,0.0,0.0,20.477156,31872.0,12.0,1.0,0.0,0.0,0.0,0.537184,0.0,0.0,18809.197266,0.537184,586.0,0.0,132.285721,0.0,0.0,0.537184,0.537184,0.0,0.0,0.0,11.169357,0.0,9.0
0.0,0.001004,0.0,82.0,0.911374,0.108354,-0.0,6478.130859,169879.765625,21382.0,1.0,20562.0,17.0,0.0,0.109358,126848.0,1721542144.0,64.0,0.0,0.0,0.0,0.0,0.0,62.0,0.0,9.875199,1.0,10.0,0.0,0.0,28.528355,31872.0,27.0,1.0,0.0,0.0,0.0,0.911374,0.0,0.0,176357.90625,0.911374,820.0,0.0,1209.529419,0.0,0.0,0.911374,0.911374,0.0,0.0,0.0,17.55591,0.0,9.0
0.0,0.001004,0.0,90.0,0.248035,0.108354,-0.0,8708.448242,2128.731934,492.0,1.0,132.0,2.0,0.0,0.109358,129280.0,1721542144.0,64.0,0.0,0.0,0.0,0.0,0.0,62.0,0.0,12.095067,1.0,4.0,0.0,0.0,20.158445,31872.0,6.0,0.0,0.0,0.0,0.0,0.248035,0.0,0.0,10837.180664,0.248035,360.0,0.0,66.0,0.0,0.0,0.248035,0.248035,0.0,0.0,0.0,4.031689,0.0,9.0
0.0,0.001004,1.0,98.0,0.944981,0.108354,-0.0,3318.585205,188626.015625,24008.0,1.0,23518.0,19.0,0.0,0.109358,124928.0,1721542144.0,64.0,0.0,0.0,0.0,0.0,0.0,62.0,0.0,4.23289,1.0,5.0,1.0,0.0,24.339115,31872.0,24.0,1.0,0.0,4.0,0.0,0.944981,0.0,0.0,191944.609375,0.944981,490.0,0.0,1237.789429,0.0,0.0,0.944981,0.944981,1.0,0.0,0.0,19.048002,0.0,9.0
0.0,0.001004,2.0,120.0,0.914963,0.108354,-0.0,1049.222778,18037.888672,3334.0,1.0,3094.0,3.0,0.0,0.109358,129280.0,1721542144.0,64.0,0.0,0.0,0.0,0.0,0.0,62.0,0.0,1.09294,1.0,2.0,2.0,0.0,4.371761,31872.0,5.0,0.0,0.0,28.571429,0.0,0.914963,0.0,0.0,19087.111328,0.914963,240.0,0.0,1031.333374,0.0,0.0,0.914963,0.914963,1.0,0.0,0.0,2.185881,0.0,9.0
0.0,0.001004,0.0,106.0,0.465341,0.108354,-0.0,9111.597656,13409.521484,1546.0,1.0,910.0,7.0,0.0,0.109358,129280.0,1721542144.0,64.0,0.0,0.0,0.0,0.0,0.0,62.0,0.0,10.744808,1.0,6.0,0.0,0.0,25.78754,31872.0,13.0,1.0,0.0,0.0,0.0,0.465341,0.0,0.0,22521.119141,0.465341,636.0,0.0,130.0,0.0,0.0,0.465341,0.465341,0.0,0.0,0.0,12.89377,0.0,9.0
0.0,0.001004,0.0,117.199997,0.571067,0.108354,-0.0,6570.157715,14513.183594,1770.0,1.0,1184.0,8.0,0.0,0.109358,129280.0,1721542144.0,64.0,0.0,0.0,0.0,0.0,0.0,62.0,0.0,7.004432,1.0,5.0,0.0,0.0,21.013296,31872.0,13.0,1.0,0.0,0.0,0.0,0.571067,0.0,0.0,21083.341797,0.571067,586.0,0.0,148.0,0.0,0.0,0.571067,0.571067,0.0,0.0,0.0,12.257756,0.0,9.0
0.0,0.001004,0.0,117.199997,0.217064,0.108354,-0.0,17285.224609,50565.734375,2154.0,1.0,1568.0,8.0,0.0,0.109358,129280.0,1721542144.0,64.0,0.0,0.0,0.0,0.0,0.0,62.0,0.0,18.427746,1.0,5.0,0.0,0.0,55.283237,31872.0,13.0,1.0,0.0,0.0,0.0,0.217064,0.0,0.0,67850.960938,0.217064,586.0,0.0,196.0,0.0,0.0,0.217064,0.217064,0.0,0.0,0.0,32.248554,0.0,9.0
0.0,0.001004,0.0,130.888885,0.989945,0.108354,-0.0,17988.878906,47113.730469,8410.0,1.0,6054.0,27.0,0.0,0.109358,129280.0,1721542144.0,64.0,0.0,0.0,0.0,0.0,0.0,62.0,0.0,17.17267,1.0,18.0,0.0,0.0,44.446915,31872.0,45.0,1.0,0.0,0.0,0.0,0.989945,0.0,0.0,65102.605469,0.989945,2356.0,0.0,224.222229,0.0,0.0,0.989945,0.989945,0.0,0.0,0.0,26.264086,0.0,9.0
0.0,0.001004,0.0,118.0,0.171165,0.108354,-0.0,16545.4375,29725.703125,1266.0,1.0,794.0,5.0,0.0,0.109358,129280.0,1721542144.0,64.0,0.0,0.0,0.0,0.0,0.0,62.0,0.0,17.526947,1.0,4.0,0.0,0.0,46.738525,31872.0,9.0,1.0,0.0,0.0,0.0,0.171165,0.0,0.0,46271.140625,0.171165,472.0,0.0,158.800003,0.0,0.0,0.171165,0.171165,0.0,0.0,0.0,23.369263,0.0,9.0
0.0,0.001004,0.0,114.0,0.54142,0.108354,-0.0,6737.837891,11525.249023,1480.0,1.0,910.0,7.0,0.0,0.109358,129280.0,1721542144.0,64.0,0.0,0.0,0.0,0.0,0.0,62.0,0.0,7.38798,1.0,5.0,0.0,0.0,20.316944,31872.0,12.0,1.0,0.0,0.0,0.0,0.54142,0.0,0.0,18263.085938,0.54142,570.0,0.0,130.0,0.0,0.0,0.54142,0.54142,0.0,0.0,0.0,11.08197,0.0,9.0
0.0,0.001004,0.0,114.0,0.584789,0.108354,-0.0,6238.147461,10670.515625,1480.0,1.0,910.0,7.0,0.0,0.109358,129280.0,1721542144.0,64.0,0.0,0.0,0.0,0.0,0.0,62.0,0.0,6.840074,1.0,5.0,0.0,0.0,18.810204,31872.0,12.0,1.0,0.0,0.0,0.0,0.584789,0.0,0.0,16908.664062,0.584789,570.0,0.0,130.0,0.0,0.0,0.584789,0.584789,0.0,0.0,0.0,10.260111,0.0,9.0
0.0,0.001004,0.0,98.0,0.741748,0.108354,-0.0,7398.739258,145278.453125,15152.0,1.0,14368.0,16.0,0.0,0.109358,129280.0,1721542144.0,64.0,0.0,0.0,0.0,0.0,0.0,62.0,0.0,9.437168,1.0,8.0,0.0,0.0,31.007837,31872.0,24.0,1.0,0.0,0.0,0.0,0.741748,0.0,0.0,152677.1875,0.741748,784.0,0.0,898.0,0.0,0.0,0.741748,0.741748,0.0,0.0,0.0,20.222502,0.0,9.0
0.0,0.001004,0.0,117.199997,0.215888,0.108354,-0.0,17379.382812,29422.664062,1512.0,1.0,926.0,7.0,0.0,0.109358,129280.0,1721542144.0,64.0,0.0,0.0,0.0,0.0,0.0,62.0,0.0,18.528126,1.0,5.0,0.0,0.0,50.952347,31872.0,12.0,1.0,0.0,0.0,0.0,0.215888,0.0,0.0,46802.046875,0.215888,586.0,0.0,132.285721,0.0,0.0,0.215888,0.215888,0.0,0.0,0.0,27.792189,0.0,9.0
0.0,0.001004,0.0,117.199997,0.233474,0.108354,-0.0,16070.311523,48827.707031,2248.0,1.0,1662.0,7.0,0.0,0.109358,129280.0,1721542144.0,64.0,0.0,0.0,0.0,0.0,0.0,62.0,0.0,17.132528,1.0,5.0,0.0,0.0,47.114452,31872.0,12.0,1.0,0.0,0.0,0.0,0.233474,0.0,0.0,64898.019531,0.233474,586.0,0.0,237.428574,0.0,0.0,0.233474,0.233474,0.0,0.0,0.0,25.698793,0.0,9.0
0.0,0.001004,0.0,114.0,0.216986,0.108354,-0.0,16812.144531,33329.339844,1624.0,1.0,1054.0,7.0,0.0,0.109358,129280.0,1721542144.0,64.0,0.0,0.0,0.0,0.0,0.0,62.0,0.0,18.434368,1.0,5.0,0.0,0.0,50.694515,31872.0,12.0,1.0,0.0,0.0,0.0,0.216986,0.0,0.0,50141.484375,0.216986,570.0,0.0,150.571426,0.0,0.0,0.216986,0.216986,0.0,0.0,0.0,27.651554,0.0,9.0
0.0,0.001004,0.0,117.199997,0.525991,0.108354,-0.0,7133.20166,9490.65625,1334.0,1.0,748.0,6.0,0.0,0.109358,129280.0,1721542144.0,64.0,0.0,0.0,0.0,0.0,0.0,62.0,0.0,7.604692,1.0,5.0,0.0,0.0,19.011732,31872.0,11.0,1.0,0.0,0.0,0.0,0.525991,0.0,0.0,16623.857422,0.525991,586.0,0.0,124.666664,0.0,0.0,0.525991,0.525991,0.0,0.0,0.0,9.505866,0.0,9.0
0.0,0.001004,0.0,117.199997,0.52462,0.108354,-0.0,7151.843262,9515.458984,1334.0,1.0,748.0,6.0,0.0,0.109358,129280.0,1721542144.0,64.0,0.0,0.0,0.0,0.0,0.0,62.0,0.0,7.624567,1.0,5.0,0.0,0.0,19.061417,31872.0,11.0,1.0,0.0,0.0,0.0,0.52462,0.0,0.0,16667.302734,0.52462,586.0,0.0,124.666664,0.0,0.0,0.52462,0.52462,0.0,0.0,0.0,9.530708,0.0,9.0
0.0,0.001004,0.0,117.199997,0.528073,0.108354,-0.0,7105.078125,11407.513672,1464.0,1.0,878.0,7.0,0.0,0.109358,129280.0,1721542144.0,64.0,0.0,0.0,0.0,0.0,0.0,62.0,0.0,7.57471,1.0,5.0,0.0,0.0,20.830452,31872.0,12.0,1.0,0.0,0.0,0.0,0.528073,0.0,0.0,18512.591797,0.528073,586.0,0.0,125.428574,0.0,0.0,0.528073,0.528073,0.0,0.0,0.0,11.362065,0.0,9.0
0.0,0.001004,0.0,118.0,0.379442,0.108354,-0.0,7463.591309,14273.59082,1284.0,1.0,812.0,6.0,0.0,0.109358,129280.0,1721542144.0,64.0,0.0,0.0,0.0,0.0,0.0,62.0,0.0,7.906346,1.0,4.0,0.0,0.0,23.71904,31872.0,10.0,1.0,0.0,0.0,0.0,0.379442,0.0,0.0,21737.181641,0.379442,472.0,0.0,135.333328,0.0,0.0,0.379442,0.379442,0.0,0.0,0.0,13.177244,0.0,9.0
0.0,0.001004,0.0,123.599998,0.552475,0.108354,-0.0,7167.745605,12496.493164,1624.0,1.0,1006.0,7.0,0.0,0.109358,129280.0,1721542144.0,64.0,0.0,0.0,0.0,0.0,0.0,62.0,0.0,7.240147,1.0,5.0,0.0,0.0,19.910404,31872.0,12.0,1.0,0.0,0.0,0.0,0.552475,0.0,0.0,19664.238281,0.552475,618.0,0.0,143.714279,0.0,0.0,0.552475,0.552475,0.0,0.0,0.0,10.86022,0.0,9.0
1.0,0.001004,1.0,120.85714,0.850436,0.108354,-0.0,6829.438477,10836.794922,2126.0,1.0,1280.0,10.0,0.0,0.109358,129280.0,1721542144.0,64.0,0.0,0.0,0.0,0.0,0.0,62.0,1.0,7.055205,1.0,7.0,0.0,0.0,18.813879,31872.0,17.0,1.0,0.0,5.555556,0.0,0.850436,0.0,0.0,17666.232422,0.850436,846.0,0.0,128.0,0.0,0.0,0.850436,0.850436,0.0,0.0,0.0,10.582808,0.0,9.0
0.0,0.001004,0.0,118.0,0.356494,0.108354,-0.0,7944.032715,9290.478516,1024.0,1.0,552.0,4.0,0.0,0.109358,129280.0,1721542144.0,64.0,0.0,0.0,0.0,0.0,0.0,62.0,0.0,8.415289,1.0,4.0,0.0,0.0,19.635674,31872.0,8.0,1.0,0.0,0.0,0.0,0.356494,0.0,0.0,17234.511719,0.356494,472.0,0.0,138.0,0.0,0.0,0.356494,0.356494,0.0,0.0,0.0,8.415289,0.0,9.0
0.0,0.001004,0.0,126.800003,0.511592,0.108354,-0.0,7943.830566,9757.776367,1382.0,1.0,748.0,6.0,0.0,0.109358,129280.0,1721542144.0,64.0,0.0,0.0,0.0,0.0,0.0,62.0,0.0,7.818731,1.0,5.0,0.0,0.0,19.546827,31872.0,11.0,1.0,0.0,0.0,0.0,0.511592,0.0,0.0,17701.607422,0.511592,634.0,0.0,124.666664,0.0,0.0,0.511592,0.511592,0.0,0.0,0.0,9.773414,0.0,9.0
0.0,0.001004,0.0,130.0,0.338108,0.108354,-0.0,6151.880371,12351.083008,1086.0,1.0,696.0,4.0,0.0,0.109358,129280.0,1721542144.0,64.0,0.0,0.0,0.0,0.0,0.0,62.0,0.0,5.91527,1.0,3.0,0.0,0.0,17.74581,31872.0,7.0,1.0,0.0,0.0,0.0,0.338108,0.0,0.0,18502.962891,0.338108,390.0,0.0,174.0,0.0,0.0,0.338108,0.338108,0.0,0.0,0.0,8.872905,0.0,9.0
0.0,0.001004,0.0,90.0,0.155505,0.108354,-0.0,13890.228516,22533.037109,944.0,1.0,584.0,4.0,0.0,0.109358,129280.0,1721542144.0,64.0,0.0,0.0,0.0,0.0,0.0,62.0,0.0,19.291985,1.0,4.0,0.0,0.0,45.014629,31872.0,8.0,1.0,0.0,0.0,0.0,0.155505,0.0,0.0,36423.265625,0.155505,360.0,0.0,146.0,0.0,0.0,0.155505,0.155505,0.0,0.0,0.0,19.291985,0.0,9.0
0.0,0.001004,0.0,124.666664,0.124177,0.108354,-0.0,16106.041992,28217.785156,958.0,1.0,584.0,4.0,0.0,0.109358,129280.0,1721542144.0,64.0,0.0,0.0,0.0,0.0,0.0,62.0,0.0,16.106043,1.0,3.0,0.0,0.0,48.318127,31872.0,7.0,1.0,0.0,0.0,0.0,0.124177,0.0,0.0,44323.828125,0.124177,374.0,0.0,146.0,0.0,0.0,0.124177,0.124177,0.0,0.0,0.0,24.159063,0.0,9.0
0.0,0.001004,0.0,116.285713,0.927363,0.108354,-0.0,6021.374512,12974.423828,2454.0,1.0,1640.0,12.0,0.0,0.109358,129280.0,1721542144.0,64.0,0.0,0.0,0.0,0.0,0.0,62.0,0.0,6.469958,1.0,7.0,0.0,0.0,19.409876,31872.0,19.0,1.0,0.0,0.0,0.0,0.927363,0.0,0.0,18995.798828,0.927363,814.0,0.0,136.666672,0.0,0.0,0.927363,0.927363,0.0,0.0,0.0,11.86159,0.0,9.0
0.0,0.001004,0.0,85.692307,0.92807,0.108354,-0.0,8870.020508,168995.875,21808.0,1.0,20694.0,19.0,0.0,0.109358,129280.0,1721542144.0,64.0,0.0,0.0,0.0,0.0,0.0,62.0,0.0,12.930059,1.0,13.0,0.0,0.0,33.402653,31872.0,32.0,1.0,0.0,0.0,0.0,0.92807,0.0,0.0,177865.890625,0.92807,1114.0,0.0,1089.157837,0.0,0.0,0.92807,0.92807,0.0,0.0,0.0,19.395088,0.0,9.0
0.0,0.001004,0.0,91.599998,0.740728,0.108354,-0.0,8910.15332,230411.15625,23372.0,1.0,22456.0,20.0,0.0,0.109358,129280.0,1721542144.0,64.0,0.0,0.0,0.0,0.0,0.0,62.0,0.0,12.150208,1.0,10.0,0.0,0.0,39.150673,31872.0,30.0,1.0,0.0,0.0,0.0,0.740728,0.0,0.0,239321.3125,0.740728,916.0,0.0,1122.800049,0.0,0.0,0.740728,0.740728,0.0,0.0,0.0,25.65044,0.0,9.0
0.0,0.001004,0.0,117.199997,0.543057,0.108354,-0.0,6909.035156,16086.708008,1834.0,1.0,1248.0,8.0,0.0,0.109358,129280.0,1721542144.0,64.0,0.0,0.0,0.0,0.0,0.0,62.0,0.0,7.365709,1.0,5.0,0.0,0.0,22.097126,31872.0,13.0,1.0,0.0,0.0,0.0,0.543057,0.0,0.0,22995.744141,0.543057,586.0,0.0,156.0,0.0,0.0,0.543057,0.543057,0.0,0.0,0.0,12.889991,0.0,9.0
0.0,0.001004,0.0,117.199997,0.741656,0.108354,-0.0,11379.938477,32338.443359,4400.0,1.0,3228.0,14.0,0.0,0.109358,129280.0,1721542144.0,64.0,0.0,0.0,0.0,0.0,0.0,62.0,0.0,12.135006,1.0,10.0,0.0,0.0,31.011683,31872.0,24.0,1.0,0.0,0.0,0.0,0.741656,0.0,0.0,43718.382812,0.741656,1172.0,0.0,230.571426,0.0,0.0,0.741656,0.741656,0.0,0.0,0.0,17.528341,0.0,9.0
0.0,0.001004,0.0,125.428574,0.868136,0.108354,-0.0,15029.90332,28318.144531,4982.0,1.0,3226.0,21.0,0.0,0.109358,129280.0,1721542144.0,64.0,0.0,0.0,0.0,0.0,0.0,62.0,0.0,14.974612,1.0,14.0,0.0,0.0,39.164371,31872.0,35.0,1.0,0.0,0.0,0.0,0.868136,0.0,0.0,43348.046875,0.868136,1756.0,0.0,153.619049,0.0,0.0,0.868136,0.868136,0.0,0.0,0.0,23.037865,0.0,9.0
0.0,0.001004,0.0,84.285713,0.929311,0.108354,-0.0,9434.947266,170207.828125,22050.0,1.0,20870.0,19.0,0.0,0.109358,129280.0,1721542144.0,64.0,0.0,0.0,0.0,0.0,0.0,62.0,0.0,13.988859,1.0,14.0,0.0,0.0,34.434113,31872.0,33.0,1.0,0.0,0.0,0.0,0.929311,0.0,0.0,179642.765625,0.929311,1180.0,0.0,1098.421021,0.0,0.0,0.929311,0.929311,0.0,0.0,0.0,19.369188,0.0,9.0
0.0,0.001004,0.0,91.599998,0.712623,0.108354,-0.0,9261.558594,244909.296875,23822.0,1.0,22906.0,21.0,0.0,0.109358,129280.0,1721542144.0,64.0,0.0,0.0,0.0,0.0,0.0,62.0,0.0,12.629398,1.0,10.0,0.0,0.0,42.097996,31872.0,31.0,1.0,0.0,0.0,0.0,0.712623,0.0,0.0,254170.859375,0.712623,916.0,0.0,1090.761963,0.0,0.0,0.712623,0.712623,0.0,0.0,0.0,28.065331,0.0,9.0
0.0,0.001004,0.0,122.0,0.927811,0.108354,-0.0,5259.691895,10071.016602,2046.0,1.0,1314.0,9.0,0.0,0.109358,129280.0,1721542144.0,64.0,0.0,0.0,0.0,0.0,0.0,62.0,0.0,5.389029,1.0,6.0,0.0,0.0,15.089279,31872.0,15.0,1.0,0.0,0.0,0.0,0.927811,0.0,0.0,15330.708008,0.927811,732.0,0.0,146.0,0.0,0.0,0.927811,0.927811,0.0,0.0,0.0,8.622445,0.0,9.0
0.0,0.001004,0.0,117.199997,0.912745,0.108354,-0.0,4110.677246,13112.095703,2268.0,1.0,1682.0,9.0,0.0,0.109358,129280.0,1721542144.0,64.0,0.0,0.0,0.0,0.0,0.0,62.0,0.0,4.382385,1.0,5.0,0.0,0.0,14.242751,31872.0,14.0,1.0,0.0,0.0,0.0,0.912745,0.0,0.0,17222.773438,0.912745,586.0,0.0,186.888885,0.0,0.0,0.912745,0.912745,0.0,0.0,0.0,8.76477,0.0,9.0
1.0,0.001004,1.0,139.600006,0.891017,0.108354,-0.0,5018.983887,18504.697266,3016.0,1.0,2318.0,9.0,0.0,0.109358,129280.0,1721542144.0,64.0,0.0,0.0,0.0,0.0,0.0,62.0,1.0,4.489252,1.0,5.0,0.0,0.0,14.590069,31872.0,14.0,1.0,0.0,6.666667,0.0,0.891017,0.0,0.0,23523.681641,0.891017,698.0,0.0,257.555542,0.0,0.0,0.891017,0.891017,0.0,0.0,0.0,8.978504,0.0,9.0
0.0,0.001004,0.0,114.0,0.880051,0.108354,-0.0,7254.125,8290.428711,1938.0,1.0,1026.0,9.0,0.0,0.109358,129280.0,1721542144.0,64.0,0.0,0.0,0.0,0.0,0.0,62.0,0.0,7.954084,1.0,8.0,0.0,0.0,18.180763,31872.0,17.0,1.0,0.0,0.0,0.0,0.880051,0.0,0.0,15544.553711,0.880051,912.0,0.0,114.0,0.0,0.0,0.880051,0.880051,0.0,0.0,0.0,9.090382,0.0,9.0
0.0,0.001004,1.0,113.0,0.987938,0.108354,-0.0,2745.111572,6996.390625,1488.0,1.0,1036.0,6.0,0.0,0.109358,129280.0,1721542144.0,64.0,0.0,0.0,0.0,0.0,0.0,62.0,0.0,3.036628,1.0,4.0,1.0,0.0,9.109883,31872.0,10.0,1.0,0.0,9.090909,0.0,0.987938,0.0,0.0,9741.501953,0.987938,452.0,0.0,172.666672,0.0,0.0,0.987938,0.987938,1.0,0.0,0.0,5.061047,0.0,9.0
0.0,0.001004,0.0,90.0,0.215598,0.108354,-0.0,10018.645508,2449.002197,492.0,1.0,132.0,2.0,0.0,0.109358,129280.0,1721542144.0,64.0,0.0,0.0,0.0,0.0,0.0,62.0,0.0,13.914785,1.0,4.0,0.0,0.0,23.191309,31872.0,6.0,0.0,0.0,0.0,0.0,0.215598,0.0,0.0,12467.648438,0.215598,360.0,0.0,66.0,0.0,0.0,0.215598,0.215598,0.0,0.0,0.0,4.638262,0.0,9.0
0.0,0.001004,0.0,119.333336,0.370644,0.108354,-0.0,5158.588867,5396.013184,732.0,1.0,374.0,3.0,0.0,0.109358,129280.0,1721542144.0,64.0,0.0,0.0,0.0,0.0,0.0,62.0,0.0,5.396013,1.0,3.0,0.0,0.0,13.490033,31872.0,6.0,1.0,0.0,0.0,0.0,0.370644,0.0,0.0,10554.602539,0.370644,358.0,0.0,124.666664,0.0,0.0,0.370644,0.370644,0.0,0.0,0.0,5.396013,0.0,9.0
0.0,0.001004,0.0,85.199997,0.203326,0.108354,-0.0,13416.876953,30532.248047,1396.0,1.0,970.0,5.0,0.0,0.109358,129280.0,1721542144.0,64.0,0.0,0.0,0.0,0.0,0.0,62.0,0.0,19.67284,1.0,5.0,0.0,0.0,44.263889,31872.0,10.0,1.0,0.0,0.0,0.0,0.203326,0.0,0.0,43949.125,0.203326,426.0,0.0,194.0,0.0,0.0,0.203326,0.203326,0.0,0.0,0.0,19.67284,0.0,9.0
0.0,0.001004,0.0,110.0,0.893217,0.108354,-0.0,2955.608643,6842.682129,1394.0,1.0,954.0,5.0,0.0,0.109358,129280.0,1721542144.0,64.0,0.0,0.0,0.0,0.0,0.0,62.0,0.0,3.358646,1.0,4.0,0.0,0.0,8.95639,31872.0,9.0,1.0,0.0,0.0,0.0,0.893217,0.0,0.0,9798.291016,0.893217,440.0,0.0,190.800003,0.0,0.0,0.893217,0.893217,0.0,0.0,0.0,4.478195,0.0,9.0
0.0,0.001004,0.0,66.0,0.946247,0.108354,-0.0,557.993835,1775.434937,552.0,1.0,420.0,2.0,0.0,0.109358,129280.0,1721542144.0,64.0,0.0,0.0,0.0,0.0,0.0,62.0,0.0,1.056807,1.0,2.0,0.0,1.0,3.17042,31872.0,4.0,0.0,0.0,0.0,0.0,0.946247,0.0,0.0,2333.428955,0.946247,132.0,0.0,210.0,0.0,0.0,0.946247,0.946247,0.0,0.0,0.0,1.056807,0.0,9.0
0.0,0.001004,0.0,111.333336,0.71085,0.108354,-0.0,6268.551758,30431.173828,3710.0,1.0,3042.0,9.0,0.0,0.109358,129280.0,1721542144.0,64.0,0.0,0.0,0.0,0.0,0.0,62.0,0.0,7.033833,1.0,6.0,0.0,0.0,19.694731,31872.0,15.0,1.0,0.0,0.0,0.0,0.71085,0.0,0.0,36699.726562,0.71085,668.0,0.0,338.0,0.0,0.0,0.71085,0.71085,0.0,0.0,0.0,11.254132,0.0,9.0
0.0,0.001004,1.0,72.0,0.881203,0.108354,-0.0,653.651855,1906.484619,564.0,1.0,420.0,2.0,0.0,0.109358,129280.0,1721542144.0,64.0,0.0,0.0,0.0,0.0,0.0,62.0,0.0,1.134812,1.0,2.0,1.0,1.0,3.404437,31872.0,4.0,0.0,0.0,20.0,0.0,0.881203,0.0,0.0,2560.136475,0.881203,144.0,0.0,210.0,0.0,0.0,0.881203,0.881203,1.0,0.0,0.0,1.134812,0.0,9.0
0.0,0.001004,0.0,66.0,0.0,0.108354,-0.0,0.0,0.0,276.0,1.0,210.0,1.0,0.0,0.109358,129280.0,1721542144.0,64.0,0.0,0.0,0.0,0.0,0.0,62.0,0.0,0.0,1.0,1.0,0.0,1.0,0.0,31872.0,2.0,0.0,0.0,0.0,0.0,0.0,0.0,0.0,0.0,0.0,66.0,0.0,210.0,0.0,0.0,0.0,0.0,0.0,0.0,0.0,0.0,0.0,9.0
0.0,0.001004,0.0,0.0,0.753108,0.108354,-0.0,0.0,4461.51123,630.0,1.0,630.0,3.0,0.0,0.109358,103135.70040124832,1721542144.0,64.0,0.0,0.0,0.0,0.0,0.0,62.0,0.0,0.0,1.0,0.0,2.0,0.0,2.655662,37317.08209959624,3.0,0.0,0.0,0.0,0.0,0.753108,0.0,1.0,4461.51123,0.753108,0.0,0.0,210.0,0.0,0.0,0.753108,0.753108,1.0,0.0,0.0,2.655662,0.0,9.0
0.0,0.001004,0.0,0.0,0.0,0.108354,-0.0,0.0,0.0,210.0,1.0,210.0,1.0,0.0,0.109358,103135.70040124832,1721542144.0,64.0,0.0,0.0,0.0,0.0,0.0,62.0,0.0,0.0,1.0,0.0,0.0,0.0,0.0,37317.08209959624,1.0,0.0,0.0,0.0,0.0,0.0,0.0,1.0,0.0,0.0,0.0,0.0,210.0,0.0,0.0,0.0,0.0,0.0,0.0,0.0,0.0,0.0,9.0
0.0,0.001004,0.0,84.0,0.723649,0.108354,-0.0,4643.134766,17511.251953,2404.0,1.0,1900.0,6.0,0.0,0.109358,129280.0,1721542144.0,64.0,0.0,0.0,0.0,0.0,0.0,62.0,0.0,6.909427,1.0,6.0,0.0,0.0,15.200739,31872.0,12.0,1.0,0.0,0.0,0.0,0.723649,0.0,0.0,22154.386719,0.723649,504.0,0.0,316.666656,0.0,0.0,0.723649,0.723649,0.0,0.0,0.0,6.909427,0.0,9.0
0.0,0.001004,0.0,117.199997,0.570626,0.108354,-0.0,6575.234863,11131.633789,1512.0,1.0,926.0,7.0,0.0,0.109358,129280.0,1721542144.0,64.0,0.0,0.0,0.0,0.0,0.0,62.0,0.0,7.009845,1.0,5.0,0.0,0.0,19.277075,31872.0,12.0,1.0,0.0,0.0,0.0,0.570626,0.0,0.0,17706.869141,0.570626,586.0,0.0,132.285721,0.0,0.0,0.570626,0.570626,0.0,0.0,0.0,10.514768,0.0,9.0
0.0,0.001004,0.0,98.0,0.974819,0.108354,-0.0,12063.77832,185421.09375,25030.0,1.0,23462.0,27.0,0.0,0.109358,129280.0,1721542144.0,64.0,0.0,0.0,0.0,0.0,0.0,62.0,0.0,15.387472,1.0,16.0,0.0,0.0,43.084923,31872.0,43.0,1.0,0.0,0.0,0.0,0.974819,0.0,0.0,197484.859375,0.974819,1568.0,0.0,868.962952,0.0,0.0,0.974819,0.974819,0.0,0.0,0.0,26.671618,0.0,9.0
0.0,0.001004,0.0,66.0,0.169404,0.108354,-0.0,3116.80957,0.0,198.0,1.0,66.0,1.0,1.0,0.109358,129280.0,1721542144.0,64.0,0.0,0.0,0.0,0.0,0.0,62.0,0.0,5.903049,1.0,2.0,0.0,0.0,11.806097,31872.0,3.0,0.0,0.0,0.0,0.0,0.169404,0.0,0.0,3116.80957,0.169404,132.0,0.0,66.0,0.0,0.0,0.169404,0.169404,0.0,0.0,0.0,0.0,0.0,9.0
